# https://github.com/mikedh/trimesh
v -1.86767343 95.68280818 11.67024259
v -2.48249180 94.21139600 12.10639510
v -1.30180379 93.98614408 11.32588271
v -0.64229124 95.09017708 10.62479351
v -1.69080177 93.06277873 11.74562384
v -2.76895731 93.09620502 12.29801510
v -0.45615362 93.50078346 10.32683510
v 0.19046657 94.19304373 9.49152667
v 0.34073594 90.06985666 8.94433443
v 0.89343612 89.70340135 8.06135420
v 0.82885271 90.92971327 8.30506567
v 0.20129334 90.97916128 9.11274362
v 0.36087495 87.47421147 8.40201113
v -0.33052563 86.45400645 8.99913196
v 0.05930352 85.63129546 8.04260928
v 0.67793627 86.62198426 7.34248567
v -3.82270559 87.54900338 10.95369194
v -3.25137309 86.91303374 10.85638736
v -2.90186133 87.61813285 10.86557243
v -3.53101965 88.16814663 10.91625799
v -4.80951413 88.45674040 11.62868995
v -4.68622788 89.04488923 11.32926900
v -5.20740754 89.36695697 11.86631207
v -5.26716046 88.69065883 12.26907257
v -4.31746587 86.98139431 10.91780249
v -3.69788192 86.31137254 10.77677269
v -4.31497030 88.09777739 11.13870327
v -4.51818525 87.62089254 11.33669425
v -4.86932069 86.87815907 12.36486767
v -4.73676443 87.37401011 12.26655129
v -5.13826280 87.40599396 12.95211200
v -5.23021973 86.85946109 12.82530312
v -4.48730632 86.90715672 11.41537536
v -4.49297249 87.18922379 11.73815835
v -4.72244665 86.76991703 11.92790676
v -4.80268269 86.56499030 11.56140301
v -4.89188365 87.98077943 11.89658824
v -5.24871952 88.09380176 12.62057010
v -5.71260012 88.14680221 13.31492547
v -5.64348407 87.27684857 13.59610591
v -2.05887302 85.62276604 10.24588008
v -2.62585960 86.27960326 10.65856475
v -3.08938294 85.73448898 10.62632609
v -2.56542626 85.20548584 10.35535146
v -4.64862927 86.28562333 11.18991409
v -4.22820456 84.66464521 11.06746454
v -4.21682342 85.06308438 11.14444766
v -4.83787514 85.08848788 11.46407832
v -4.78980287 84.71988084 11.37264256
v -1.41219187 84.22648551 9.32310704
v -1.97984071 84.04113891 9.71171964
v -1.88098771 83.35611465 9.37124077
v -1.35105706 83.41654183 8.84804759
v -2.06772338 82.74376037 9.16996334
v -1.40957318 82.62050988 8.44614986
v -2.22629111 81.10144379 8.24603994
v -1.80492529 81.79289939 8.29443816
v -2.42601286 82.13707449 9.12624780
v -2.93407280 81.53558018 9.32583470
v -4.20486785 81.94028975 10.02214063
v -4.79032181 81.77951219 10.20123992
v -4.26394946 80.56357743 9.93581522
v -3.60552378 80.94468357 9.68355347
v -4.19152349 84.09654738 10.53637374
v -3.78646560 84.14001705 10.31308953
v -3.78952704 84.27842500 10.56220640
v -4.21979434 84.33989527 10.84671278
v -3.41423012 84.15032269 10.15117053
v -3.24401602 84.14519073 10.09151150
v -3.28690901 84.26805379 10.23449410
v -3.43140184 84.23229100 10.22362966
v -3.61984789 84.17356255 10.25483269
v -3.71168561 83.95887258 10.25932688
v -3.49852524 84.05221941 10.17542590
v -4.06682349 83.81842019 10.48945446
v -5.36041267 83.51409080 11.05106432
v -4.97021310 83.56372358 10.97848523
v -5.12965142 84.03885605 10.91042493
v -5.45593731 84.01512148 10.98238859
v -3.47755912 84.44592001 10.43353710
v -3.23204144 84.61081030 10.43720502
v -3.62925388 84.83690264 10.78313474
v -3.73596221 84.54925062 10.66585664
v -2.96424578 84.83110907 10.45379598
v -3.06046854 84.40997841 10.21033634
v -2.75408577 84.51009037 10.19287068
v -3.29049926 83.95416381 10.05596627
v -2.99990687 83.81897451 9.91134677
v -2.96585828 84.08758881 10.05645428
v -3.18381216 83.46243145 9.89803333
v -3.52519385 83.72985365 10.11622582
v -3.87235887 83.48280432 10.33185829
v -4.33993645 83.26525928 10.59455160
v -4.05788242 82.81840326 10.24135906
v -3.55376031 83.11413767 10.04005779
v -3.45140051 85.27252318 10.76085899
v -2.53530282 84.05438902 9.91801728
v -2.23401028 84.71054079 10.03191356
v -2.51084964 83.57435705 9.73553691
v -2.68672041 83.10540559 9.61958278
v -3.08953754 82.63274672 9.65442915
v -3.62338803 82.24602582 9.84086800
v -3.89571383 79.81665375 8.72987617
v -3.08750931 80.34551384 8.56289823
v -2.92836118 92.40859987 11.89504150
v -2.03865466 92.38565208 11.67678792
v -1.93821003 91.64755585 11.10515852
v -1.76039457 91.89596416 11.13345210
v -2.31762610 92.00362803 11.41379807
v -2.34858643 91.68845059 11.32151518
v -0.42624322 91.10790731 9.66866721
v -0.94320963 91.22391583 10.09225432
v -0.90146961 90.85771682 9.89702750
v -0.26780353 90.44836404 9.52264551
v -1.70274002 89.97040035 10.38610745
v -1.25054449 90.15707018 10.11975292
v -1.63464088 90.78043344 10.45101468
v -1.96610631 90.65298678 10.64232621
v -2.36217238 90.57820680 10.78205515
v -2.79942087 90.55514576 10.86118180
v -2.76089504 90.02967121 10.73225696
v -2.23388120 89.96057751 10.59501205
v -2.96349961 92.08476784 11.49994169
v -3.67858007 91.97108986 11.39419112
v -3.51656664 91.68475511 11.28577549
v -2.92270768 91.75125601 11.41262982
v -4.47917103 91.05073454 10.57437468
v -4.37083214 91.29221680 10.72884683
v -4.74418446 91.40886309 10.84853370
v -4.80796627 90.95425846 10.69543246
v -4.57425385 90.65479280 10.67678664
v -4.35303121 90.87772014 10.60599942
v -2.80410431 97.72877337 11.66822497
v -3.33946149 96.05532529 12.21785132
v -1.16522268 97.21325280 10.52705679
v -0.08856317 96.30227925 9.41119898
v 0.81632009 95.05986812 8.42087228
v -0.69797966 84.78685858 8.74477659
v -0.48550803 83.93471481 8.04719810
v 0.37757505 84.84793546 7.09023137
v 0.28499241 83.79663469 6.47033040
v -0.60769643 82.90256502 7.53431503
v -1.84232628 81.02477433 6.94434453
v -1.04431917 81.88476803 7.16630552
v -0.10218665 82.77487399 5.78343269
v 0.79172843 84.24065949 4.54554293
v 0.97639051 84.97646691 5.47623370
v 1.21359613 85.92125418 3.44894674
v 0.37823415 83.56555345 3.31023853
v 1.00878526 85.87359430 2.56389469
v -1.23351922 79.89232780 3.06159292
v -0.92772676 78.74686362 2.66250704
v 0.46168438 79.51464893 1.67615634
v 0.19867110 80.66012504 2.09802181
v 0.95720983 85.78011634 6.34325478
v 1.09671236 91.96921231 7.73442347
v 0.54753881 91.91432836 8.74024216
v 1.27650436 90.77849628 7.23213587
v 1.28977515 97.88987877 6.60310719
v 0.63878179 97.30074050 8.19666270
v 1.44171689 95.89802863 7.44436193
v 2.00709582 96.65596725 6.05636794
v -1.67024087 101.11782791 7.56189559
v -2.06651099 99.66203811 9.83951498
v -0.74255061 98.69062545 9.10240073
v -0.24453281 99.78372099 7.28252415
v 2.27138617 96.91170694 4.78686724
v 2.53647391 97.23035337 3.00916951
v 2.16465418 98.87745025 2.52921689
v 1.71710190 98.63470437 4.69810065
v 0.98727860 100.95148327 1.93171572
v 0.47247403 100.72546246 4.60783538
v 1.01179269 84.66214182 1.50224395
v 1.06611720 86.41841056 1.39004491
v -0.06409108 81.98052289 2.73309160
v 0.94290397 82.90438296 1.39174495
v -0.72785243 102.60432603 1.37551740
v -1.30917819 102.34428885 4.59073555
v 2.19967992 95.48524858 -2.20694788
v 2.26485666 97.20858576 -1.14166880
v 2.69793861 95.75069787 0.29369533
v 2.60585279 94.35054900 -0.88427494
v 1.30253818 96.54164555 -3.65225825
v 1.41018957 98.57413413 -2.44846478
v 1.15889490 89.73136189 -3.31220370
v 0.45355784 87.89694550 -2.94725880
v -0.04585662 88.15879466 -4.29249670
v 0.52831911 90.05077126 -4.78812348
v -0.89220193 92.80907156 11.01959530
v -1.36533955 92.20326783 11.26438115
v -0.90049820 91.95122363 10.71749438
v -0.39645757 92.39494445 10.25253866
v 0.12024760 92.78774502 9.49199382
v 0.71961342 93.23122742 8.47433616
v 1.74648960 94.60813643 6.61009658
v 2.25511000 95.49514892 5.39974641
v 2.69201875 95.84740641 3.04288264
v 2.50184212 95.68751695 4.43657708
v 2.81601169 94.40480115 0.88181986
v 2.73275778 93.49923970 0.13663574
v 1.33270819 87.50570061 -0.01148892
v 1.01875972 85.35915257 -0.07502608
v 0.56935039 85.76734902 -1.45945767
v 0.84209668 87.80764582 -1.62622364
v -0.55756167 86.16083505 -3.87636240
v 0.00888768 86.00452187 -2.71392003
v 0.98185346 81.83630945 -0.45632503
v 1.23947815 80.37306311 -0.97426729
v 1.07965509 80.81957342 -2.36042574
v 0.65607720 82.16230514 -1.79866798
v 0.68124069 80.92088940 -3.58129427
v -0.03335059 81.00271465 -4.56625450
v -0.46273402 82.69076588 -4.10449322
v 0.11354845 82.55695941 -3.08563787
v -3.36894475 77.66343596 3.70832343
v -3.24164766 76.71836855 3.17454930
v -1.98766345 77.15422751 2.86285501
v -2.28994421 78.14883830 3.24819494
v 1.68690134 79.26706316 -1.47965237
v 1.62292544 79.86375334 -2.84342788
v 1.53310422 89.45908787 -1.72555692
v 1.74885944 89.44549205 -0.55409065
v 1.31103240 79.87032773 -4.06631160
v -0.04885930 84.12778022 -2.71083288
v 0.49669428 83.83513333 -1.43292727
v -1.31729755 86.40521409 -4.80010066
v -0.91719048 88.38840367 -5.37118543
v -4.12171043 88.65195753 11.00606803
v -3.78091678 90.27959945 10.74771244
v -3.71077664 90.68165662 10.81112135
v -4.09371338 90.78275802 10.71001027
v -4.21810418 90.44967534 10.71064506
v -5.14290601 94.05826571 12.70856146
v -5.25565378 92.42367985 12.40279857
v -3.95543918 92.89348366 12.54116777
v -3.79859961 94.21933534 12.60716204
v -0.92262940 87.53777983 10.00785116
v -1.93744607 87.99219372 10.61787266
v -2.21290614 87.02261092 10.64766903
v -1.54049217 86.37663962 10.15692089
v -1.27679592 91.28899219 10.34211103
v -1.10862919 91.49769785 10.41316722
v -1.40684608 91.43057706 10.59640233
v -1.72205016 84.97084023 9.83465720
v -1.05697347 85.56770327 9.47854776
v 1.30888068 89.34672715 6.94212277
v -0.05715734 91.78523066 9.59038545
v -3.89061018 102.17790844 7.83965919
v -4.21654068 100.33174994 10.40452529
v -2.74739552 103.81359698 0.99807927
v -3.37264489 103.36165072 4.53762334
v -0.08703030 99.69293715 -3.70772373
v -0.27131257 97.51593711 -5.04057858
v -1.78092287 97.94910790 -6.22050431
v -2.11967647 100.75603964 -4.57447175
v -0.47231431 90.32086374 -5.99799830
v -0.90689233 81.09449389 -5.25221605
v -1.24679592 82.85503628 -4.98367291
v -4.45516489 98.00086262 11.94988821
v -4.87055748 95.95652463 12.50979636
v 1.27381191 93.87284758 7.45509226
v 0.26009397 89.09107091 9.10718624
v -0.27444414 89.74408152 9.64493636
v -0.53376298 89.24002888 9.93807051
v -0.03544001 88.32425715 9.37261764
v 0.68362842 88.40947392 8.15914381
v 1.06144131 87.85407784 6.91424493
v 1.48112934 87.33372333 5.40268753
v 1.40573785 86.35750057 4.35994711
v 2.63733503 96.92064168 1.36408299
v 2.23314569 98.49145653 0.39014990
v 1.33263629 100.24106147 -0.61768952
v -0.21045317 101.74493434 -1.52835794
v 2.77197875 95.77595832 1.70880925
v -2.27723166 102.74965407 -2.21288655
v -4.91769097 85.56394221 11.46176715
v -4.19763296 85.68066599 11.06663976
v -5.10591723 85.98767759 11.52795438
v -4.82321687 83.11226012 10.76785062
v -5.25258116 83.03635957 10.83357517
v -5.10222993 82.54839422 10.40502671
v -4.60506983 82.64667632 10.35916690
v -3.72974991 79.81001975 7.18512569
v -2.80629366 80.33030869 7.01113451
v -3.45480300 78.55573537 4.33655489
v -2.48231373 79.11266329 3.79759815
v -5.22762321 86.75555231 12.17129562
v -5.39551384 86.76728251 12.19898198
v -5.38111597 86.71530725 11.94792796
v -5.17267257 86.72551753 11.93713207
v -3.60287807 84.25854089 10.37751172
v -5.28498411 84.66521146 11.51469905
v -5.59219986 84.61877944 11.52918894
v -5.53160093 84.31210162 11.28291223
v -5.22108383 84.35037376 11.26982156
v -1.10595508 81.60714747 5.03155511
v -1.34032152 80.90688827 3.77157327
v 1.10549268 79.78201153 0.55715969
v 0.96502353 81.26490952 0.97312216
v 0.91902476 83.54106190 -0.11593014
v -0.68057380 84.51192023 -3.92691869
v -1.29221787 84.48326232 -4.87232063
v -3.47586877 85.03213765 -5.81893589
v -3.71571116 86.83297874 -5.95145564
v -2.40917939 86.57220842 -5.62873412
v -2.41784609 84.85267999 -5.47553603
v -2.57621321 80.35874607 5.58443736
v -3.55702478 79.86377718 5.86155985
v -3.46983864 79.45946099 4.99032658
v -2.54762664 79.98656275 4.54703491
v -5.73824316 86.41626479 12.15821538
v -5.88677235 86.27235534 12.27160428
v -5.78339032 86.11991050 11.94383312
v -5.61104387 86.35828735 11.94742058
v -5.05532853 86.58821823 11.70740608
v -5.27616635 86.47889735 11.67003471
v -5.21971553 86.29122617 11.61254082
v -5.09709052 86.73934581 12.23936711
v -5.00389866 86.67758348 11.93378676
v -5.62728613 86.68446781 12.68704567
v -5.32205522 86.71830537 12.54902963
v -5.68357192 86.58225777 13.18312321
v -5.57114191 86.55166270 12.06543926
v -5.48400439 86.47277596 11.87799681
v -5.17595976 86.66245582 11.77207936
v -5.34178882 86.61565425 11.76674325
v -5.56386903 86.73438074 12.48253618
v -5.36454290 86.74665334 12.37249110
v -5.73821224 88.89898302 12.89764378
v -6.37251928 88.92475011 13.11279718
v -6.40249408 88.11623694 13.50798193
v -6.41443029 87.19859960 13.79937712
v -6.33729368 86.46833541 13.40164725
v -4.33901481 79.12989499 5.13549779
v -4.33605507 78.22303416 4.54984751
v -6.47779971 95.84110620 12.33302090
v -6.44522801 93.85947825 12.51165453
v -3.49887300 84.17108299 10.19156534
v -3.81373137 92.25872995 11.80200834
v -1.19381791 88.93030526 10.33266369
v -3.38370211 88.84756209 10.81887294
v -2.71520547 88.43696954 10.77252138
v -2.71467946 89.26178457 10.71758751
v -3.32635294 89.52089788 10.76068018
v -4.69963111 91.94522740 11.64629046
v -5.64381375 91.41299369 11.97009642
v -5.20318865 91.42461659 11.29741702
v -5.25182716 90.76127650 11.10502366
v -5.60681715 90.49150588 11.92213331
v -5.11205762 89.91021754 11.38757724
v -4.91200618 90.30207636 10.87730337
v -1.63583856 91.58088209 10.85933704
v -1.38784105 91.74876453 10.81319634
v -4.57410186 89.54612853 11.01537753
v -3.99819135 89.20809271 10.84422130
v -3.89744684 89.76879956 10.73271889
v -4.42754224 90.00191333 10.75346354
v -2.01190140 89.02727606 10.58256287
v -0.61858324 91.61874296 10.14283482
v -0.99419637 90.47533514 9.92932800
v 1.85795028 89.90045430 0.48272410
v 1.47748042 88.62648251 0.80797054
v 2.02813980 87.32548596 2.67140266
v 1.78140097 86.91302182 2.83525173
v 1.24259212 87.20282557 2.37049550
v 1.79501299 87.60757091 2.18693443
v 2.86179178 92.97468307 2.33867016
v 2.84099237 93.77925636 2.16718089
v 2.79255875 93.71794106 2.90069129
v 2.78279849 93.02006604 2.61605173
v 2.65184373 93.21019294 3.27486541
v 2.59318345 93.42206361 3.61426544
v 2.54658081 92.63791086 3.51844985
v 2.61726391 92.74077060 3.19562513
v 2.59395570 94.48882582 4.00722358
v 2.31444698 94.04856803 4.88520112
v 2.31716309 93.02813651 4.23113179
v 1.59722578 92.21346619 6.38425533
v 1.81549408 91.42060520 4.93832450
v 2.00912871 92.33840944 4.67599068
v 1.85815163 93.33516004 5.66684600
v 1.73461337 87.35055568 3.36111408
v 1.66220639 88.05265667 3.92639522
v 1.21715919 87.69577982 1.56734657
v -3.94638709 98.52773787 -6.59288768
v -4.33014266 101.23711469 -4.96619794
v 2.02210892 93.59965565 -2.96333603
v 1.09269407 94.37653663 -4.31470502
v 2.39660286 92.83921363 -1.52578851
v 2.47953117 92.30484011 -0.31570760
v -0.17597936 95.09796741 -5.70995886
v -1.63272654 95.48284056 -6.85043301
v 1.67234589 90.53712132 6.00887049
v 1.71769347 90.27205946 4.77150824
v 1.62161172 91.65194871 -3.33131015
v 0.82512444 92.20524075 -4.75463722
v 2.05376868 91.16885306 -1.81107012
v 2.18590007 90.96560122 -0.56936703
v -0.34808201 92.74186732 -5.99676970
v -2.11055211 90.50976278 -6.77107688
v -2.02358791 92.81862022 -6.88077103
v 2.08218929 88.48826530 2.86068056
v 1.84846718 88.27815296 3.27230353
v 1.84229847 87.69102337 2.94639539
v 2.22095188 87.91187646 2.89748009
v 1.62726559 89.09012320 5.65064248
v 1.73717786 89.12076594 4.35176302
v -5.66672988 89.65292217 12.50263635
v -6.35330684 90.54275395 12.37169836
v -6.34974919 89.73894956 12.75394891
v -6.37398481 91.39983298 12.19068203
v -5.68166606 103.59695794 4.45956994
v -6.13646812 102.41547467 7.72072930
v -4.81847308 103.23917510 -2.40932409
v -5.22796556 104.02508618 0.86968184
v -5.32038852 81.71220662 10.26893962
v -4.98084955 80.40889146 9.98268310
v -5.41619889 85.48543097 11.65774647
v -5.71085967 85.38993241 11.64444123
v -5.64502969 84.98268964 11.60473038
v -5.33947542 85.05607488 11.61092702
v -4.32318493 91.75087454 11.13737930
v -2.26487953 88.57704641 -6.11845259
v -2.26601220 83.02701356 -5.52720021
v -1.91359378 81.26298429 -5.76058034
v 0.57819879 79.77710011 -5.09364013
v -0.37554739 79.65218069 -5.81726696
v -5.76655984 85.77003719 11.75193448
v -5.49637682 85.86561324 11.71673495
v -5.61556972 86.69799211 12.30666075
v -4.74968448 84.37681438 11.12455610
v -5.52296049 86.16058471 11.77680824
v -5.46450622 86.37596013 11.81138862
v -5.99229008 86.03663089 11.94682751
v -5.92142388 85.72844507 11.71171699
v -3.28757006 90.14032127 10.78319881
v -3.25176183 90.59973599 10.85470874
v -5.87076291 86.35516407 12.70041499
v -5.76679341 86.52333858 12.47909997
v -6.21443547 86.23549582 12.68620674
v -0.53266023 77.63095738 2.28038762
v 0.74485729 78.23699357 1.27617732
v -5.79783029 84.59610583 11.50044087
v -5.74606254 84.27050950 11.26690168
v -6.45703233 100.46254637 10.36260758
v -4.04565863 90.21616222 -7.00771030
v -3.92832167 92.54759790 -7.45578002
v 2.00588677 90.85954668 4.05046377
v 2.26160653 90.54500701 3.47327475
v 2.35479076 91.31075980 3.44276946
v 2.12990895 91.62967445 4.02075756
v -4.26291011 77.32821943 3.90748788
v 1.42093536 78.68252041 -0.06515718
v -1.48866407 79.71407415 -6.42195087
v -1.28560008 91.11699702 10.25598604
v -1.41328850 90.93380811 10.29731441
v -4.02597196 91.53405072 10.99742759
v -3.94724577 95.31815888 -7.33678382
v -4.52007509 83.65069272 10.78161705
v -4.70550775 84.06285288 10.78184206
v -3.31357967 83.25851800 -5.81710342
v -4.39271226 79.53170182 5.95822964
v -6.04594841 86.18523719 12.30768446
v -3.86924006 88.47563507 -6.37400489
v 2.68797718 92.09050776 2.83587087
v 2.80460075 91.86265709 3.12808860
v 2.75352292 91.53422954 3.03400789
v 2.64538929 91.62482264 2.90315706
v 2.84111195 92.08370687 3.62541746
v 2.96595127 91.78556444 3.37801609
v 3.15370553 92.10751297 3.33042327
v 3.01651165 92.44874956 3.50501422
v 2.38303889 92.22318174 3.86152301
v 2.63545581 91.68858172 3.62448353
v 3.27785306 92.35442521 3.20876200
v 3.26036394 92.59032251 3.38071022
v 3.02726768 92.78860332 3.28491476
v 2.71928564 92.90882589 2.90056128
v 3.53074104 92.76987555 3.09506651
v 3.21647406 93.01970245 2.92541307
v 3.85096997 92.82303097 2.64632065
v 3.42897207 93.09063198 2.42608372
v 4.04215113 92.67265441 2.03619670
v 3.52209688 92.87478568 1.80258077
v 1.98221367 88.98830654 3.54511585
v 2.17647117 89.13084509 2.90772613
v 4.16973561 92.21495034 1.59293354
v 3.51041995 92.30585935 1.33112423
v 4.14067015 91.57181623 1.25151217
v 3.51688929 91.64537432 1.00561060
v 3.97332751 90.86684825 1.12406310
v 3.50897789 90.83171727 0.88785129
v 3.84145856 90.11947753 1.13121063
v 3.35034162 89.99611380 0.89210119
v 3.61953259 89.36373236 1.32953689
v 3.09606113 89.02713301 1.02567352
v 3.52623046 92.65019538 2.45877985
v 3.70101996 92.43894460 2.02652510
v 2.65770883 92.63106229 2.02170234
v 3.35874290 92.62767674 2.90717591
v 2.73485773 91.19287374 2.24263106
v 2.52393254 91.54086949 2.17911951
v 2.55239431 91.38736965 2.18711585
v 2.53702600 91.27837064 1.92122214
v 2.25465216 89.82467296 3.24825939
v 2.41135389 89.90010263 2.87653726
v 2.37614096 90.41247608 3.06607332
v 2.28933406 89.50476291 2.71963436
v 2.18805831 89.66996314 2.63148319
v 2.12563418 90.01415016 2.74551991
v 2.06338887 90.44553282 2.84320522
v 2.25805950 89.57749249 2.38081530
v 2.36934267 89.38279392 2.43811790
v 2.12372963 89.69592692 2.39595395
v 2.06866388 89.74800350 2.52082829
v 1.97374534 90.00268819 2.48677820
v 2.06226942 90.40352942 2.34129984
v 2.00851236 89.92805125 3.86980843
v 2.18421046 90.13503434 1.28378157
v 1.93808128 89.14688470 1.39342785
v 3.25574384 88.75107409 1.69406865
v 2.91711532 88.13663365 1.46969833
v 2.63301965 87.59169223 2.62340993
v 2.87317627 87.53844144 2.04482615
v 2.54133802 92.15564372 1.66818049
v 2.55338729 91.56597497 1.33336928
v 1.79820929 88.34942224 1.80808749
v 2.48504628 90.90913774 1.15570553
v 3.39492441 89.72212913 1.48756817
v 3.06373902 89.32879807 1.73932348
v 3.61363285 90.27639272 1.33135222
v 2.46671953 89.02753832 2.51597852
v 2.55700361 88.38995935 2.55713850
v 2.97249474 88.45322372 2.13330384
v 2.74154760 89.08958079 2.07384206
v 3.24513942 89.95760324 1.75679676
v 2.89619893 89.68268873 1.85209230
v 2.94207924 90.21815898 1.76416241
v 2.59927430 90.00141265 1.86528243
v 2.36274537 89.72125890 2.12901399
v 2.56655191 89.48054554 2.09661439
v 2.19236605 90.26611092 1.84868682
v 2.55602181 90.58050754 1.83022242
v 2.10427560 89.89315273 2.17044871
v 3.19363170 90.52925946 1.82380710
v 3.39444943 90.93654396 1.86144874
v 3.13820720 91.11349823 2.17062399
v 2.86022418 90.82657935 1.97358165
v 3.71217721 90.89888575 1.29893679
v 3.65445570 90.86319448 1.61714569
v 3.47533256 90.38746597 1.64463386
v 3.71093035 91.41635539 1.67622283
v 3.76387082 91.55056121 1.39360163
v 3.50008302 91.37444140 1.87557727
v 3.32610228 91.42067673 2.08832972
v 3.61460850 92.21236946 2.15839423
v 3.70195166 91.87906625 1.87757030
v 3.81051146 92.08493473 1.67448517
v 3.55242521 91.70203449 2.07117327
v 3.45534228 91.96813943 2.25665361
v 3.31364640 91.77983644 2.25636900
v 3.40484523 91.65650250 2.12211717
v 3.10898751 92.35659482 3.04479335
v 2.95672484 92.16331484 3.15124948
v 3.24368693 92.43326427 2.79937197
v 3.02718386 92.52637865 2.84267996
v 3.10585417 92.23907830 2.71338295
v 2.86623456 92.42019894 2.83491682
v 2.99394682 92.02875735 2.70857994
v 2.80366384 91.70333387 2.67172042
v -2.75684677 74.50011017 2.44779453
v -3.02583787 75.66338422 2.75179368
v -4.22199226 75.33442022 2.77460475
v -4.08078290 74.29647686 2.21972667
v 3.16461690 91.87555553 2.49706484
v 3.27842713 92.12360026 2.47478929
v 3.42141383 92.41038205 2.44929247
v 2.93905430 91.40908362 2.38516308
v 3.09726999 91.35466458 2.29460668
v 3.18534442 91.53991582 2.28437573
v 3.00465927 91.62025692 2.46521305
v 2.37094120 90.83937647 3.09995186
v 2.28358631 90.77717306 2.69370485
v 2.36329746 90.66866281 2.26268411
v 1.44302167 73.31972363 1.79945711
v 3.28221128 73.98119809 1.13986559
v 2.52439540 74.89531877 0.71207179
v 0.96908465 74.28805472 1.46229617
v 1.93746232 70.92409374 3.45296521
v 1.63893786 69.07891275 4.20128737
v 3.90144021 69.30650117 4.37273864
v 4.88527112 71.38185741 2.89138217
v 3.13377113 67.50462892 5.35878275
v 1.21241074 67.32781174 4.92805835
v 1.63358983 62.44248988 7.36559514
v 2.07576801 64.05965330 6.76226053
v 0.37693533 64.02431967 6.33832101
v 0.00903227 62.38369586 6.96036924
v 2.82623500 54.49398102 9.13584713
v 1.67909872 54.60188629 9.17924229
v 1.10862695 53.04565074 8.72652117
v 2.42848836 52.77199091 8.53437889
v 9.02383320 63.21838142 6.61120225
v 9.71679010 62.05737235 6.31887127
v 10.22454046 63.31553699 5.73282685
v 9.61596437 64.64987638 5.94182719
v 8.24781798 74.86420514 -0.04967683
v 6.96157061 75.48693659 -0.71821947
v 5.70612021 74.12126901 0.65885993
v 6.91444047 73.30948951 1.53427325
v 7.71251537 56.18497672 6.67657066
v 7.05472820 57.03772547 7.49298293
v 6.49982162 55.81318380 7.74419639
v 7.05742382 54.92775383 7.05204267
v 5.64438656 46.56735005 6.74833316
v 3.93255122 46.35617079 7.42614526
v 3.91317375 44.03961243 7.32913945
v 5.67235642 44.26374378 6.58141706
v 10.57451062 49.47666766 2.43236791
v 10.65839298 47.48001935 2.64629737
v 11.51867800 47.69149067 0.42581098
v 11.55615889 49.44845380 0.31606654
v 4.60091785 62.25016357 7.84548629
v 5.18909276 63.74206187 7.29512457
v 3.69957678 63.96119835 7.11087022
v 3.18799720 62.40364553 7.66091008
v 15.70265510 48.41496887 2.56982517
v 15.08201875 50.75676383 2.79261094
v 13.80210139 50.35171749 2.17913367
v 14.42012109 48.07766320 1.91458944
v 10.54206409 37.51454296 2.97787782
v 10.73084392 35.69366576 3.27432897
v 11.68326058 36.16719337 1.22021210
v 11.33889102 37.99809458 1.05614798
v 15.28686949 62.95363547 4.37173653
v 16.96788438 63.78137114 3.50770313
v 16.77644618 65.75227620 3.68630584
v 15.16807743 64.71179368 4.77888022
v 8.69736068 60.28172316 6.89545382
v 9.19152566 61.16534116 6.69720728
v 8.48381363 62.06923666 7.04615671
v 7.94642412 61.00018265 7.35762078
v 11.88350164 52.64345946 0.08291519
v 12.17725493 54.14281728 -0.09107274
v 11.48236014 54.24625518 1.40254457
v 11.08148016 52.74233164 1.76825296
v 10.75818383 51.16481425 2.07776200
v 11.62182607 51.09367015 0.18767781
v 6.99276694 61.53107824 7.66769681
v 7.59819441 62.83777000 7.19244514
v 6.50312223 63.35175874 7.30938498
v 5.88229143 61.95557656 7.84833092
v 0.52318789 51.64982619 8.17162205
v 2.10120019 51.39330270 7.97494907
v 9.24229913 35.07748785 5.10656979
v 9.17890735 36.96446957 4.77398332
v 7.38887631 36.31021770 6.12623278
v 7.36625113 34.38362123 6.46598298
v 2.16445767 48.32466783 7.64489729
v 3.82801995 48.41123166 7.32877810
v 3.53700549 50.17054321 7.31966529
v 2.05473278 50.08900406 7.61620361
v 5.21064580 33.73723121 7.31800381
v 5.39518699 35.69632711 6.97944049
v 3.41620624 35.26784869 7.44104568
v 3.38529639 33.19483193 7.77232532
v 2.57929463 65.75076224 6.11209978
v 0.79226906 65.67077877 5.66146482
v 4.78651964 54.60903289 8.54809392
v 3.88039530 54.50197699 8.89771093
v 3.61388393 52.81239690 8.27727575
v 4.61251617 53.00400497 7.98158307
v 10.50142192 59.63354947 4.53958061
v 10.74929156 60.18180789 3.91687859
v 10.70612513 61.72686162 5.03672730
v 10.20460047 60.82218530 5.64243417
v 11.98554852 34.34291573 1.57282740
v 10.91978692 33.90243592 3.68882377
v 5.33414178 31.85522201 7.51602907
v 3.49056937 31.20838793 7.97599886
v 12.47158416 59.53531506 -1.38548979
v 12.05110170 59.67461707 -0.41749664
v 12.08696135 59.31748094 -0.07784233
v 12.63688125 59.28459408 -1.09673793
v -1.93328613 54.75358905 8.35404281
v -0.97538212 52.72607150 8.28437839
v -0.03866132 54.02728261 8.86411999
v -0.64645436 55.69667460 8.86089165
v 4.58317578 51.67525353 7.31388886
v 3.45249542 51.46012845 7.67403875
v 4.84027557 50.45495572 6.93931837
v -3.11473596 53.68494334 7.50970278
v -2.00348466 51.07333900 7.48831961
v -0.98506168 65.37785174 5.15001375
v -1.33262423 63.81576898 5.82846884
v -0.78856454 67.02289226 4.56255149
v -0.58070483 68.72791888 3.98822796
v -2.65009094 68.40375902 3.63683101
v -2.69911259 66.70267822 4.13211059
v -0.48417263 70.45838477 3.47676609
v -2.57025349 70.06854655 3.24602868
v -0.57842312 72.77479412 2.07055766
v -0.86547742 73.79877808 1.85667161
v 9.74922099 60.13054492 5.93772639
v 9.31088545 59.36460437 6.08217675
v 7.37780549 32.57733377 6.73579905
v 10.73878475 68.45112087 -8.81792124
v 12.06140139 68.29470040 -7.61040937
v 11.66019358 66.78477766 -8.34169950
v 10.47807850 66.78884866 -9.46275856
v 8.59143056 72.96763899 2.40882687
v 9.58815434 74.53675510 0.55689817
v 13.51880052 60.71349027 -5.21409105
v 13.29722770 60.14526131 -4.76873744
v 13.19117465 59.83652415 -5.02338711
v 13.34034421 60.61262133 -5.64914200
v 13.08671751 59.49735882 -3.10535286
v 13.25349875 59.53479053 -3.78530215
v 13.08341392 58.40729715 -4.38104723
v 12.82569535 58.22606923 -3.78082659
v 12.09817894 36.60508188 -0.85948113
v 11.55783974 38.42622282 -1.04513484
v 11.65814244 51.10555532 -5.65232601
v 12.13727661 52.80406417 -5.31028997
v 12.33054020 51.97213532 -3.51376723
v 12.04149940 50.30227842 -3.75391956
v 2.38234431 66.30637886 -12.02698093
v 4.12855216 66.79604890 -11.76422950
v 4.25308116 65.14899971 -12.02715527
v 2.48537858 64.69236853 -12.34020259
v 7.72981637 69.55819370 -10.27639400
v 5.95524081 69.00545599 -10.99348854
v 5.88335686 70.50465586 -10.55229645
v 7.75369995 71.14532234 -9.64928832
v 9.24062722 68.30367090 -9.88644328
v 9.15971168 66.56661870 -10.49293246
v 12.39093610 52.96807231 -1.60536630
v 12.64878281 54.37054278 -1.59216452
v 12.86462166 56.32710399 -1.60883166
v 12.96775259 57.06357898 -1.60127668
v 12.59936311 56.94856288 -0.39102527
v 12.54316785 56.18785860 -0.30004814
v 5.82856156 76.19942071 -1.26286190
v 7.68180781 76.35199072 -2.52861589
v 6.33542307 77.02996971 -3.10669061
v 4.32270945 75.36120059 -8.29190504
v 5.16433746 75.76658370 -7.50358593
v 5.82371347 75.18140318 -7.84187805
v 4.57963266 74.74686744 -8.74964859
v 4.98911694 57.75662007 -12.29986589
v 5.27024523 55.44839146 -11.93637218
v 3.19844999 55.43451550 -12.57429164
v 3.09425958 57.66386332 -12.82426756
v 13.16990771 58.12632980 -2.71594211
v 13.14280548 58.56721045 -3.61055214
v 13.06878247 59.19933261 -3.59973986
v 13.02916773 58.72611942 -2.82317068
v 13.21042248 57.90950002 -3.78110785
v 13.16453584 57.37551393 -2.71213021
v 13.06036033 56.63986148 -2.80526433
v 13.11904855 57.18304457 -3.89967155
v 12.45095499 54.34679629 -4.86242663
v 12.66344406 55.67856969 -4.35469527
v 12.75297024 54.99806942 -2.95345489
v 12.59323426 53.56681587 -3.22989788
v 3.26067873 47.97161760 -11.36337262
v 3.27411361 50.48775019 -11.80375632
v 5.19438342 50.36037507 -11.28793847
v 5.10641851 47.77502062 -10.94968136
v 11.31461032 58.91424658 1.02614245
v 11.22698181 57.47336986 0.29263870
v 10.89248054 57.70897808 1.47956681
v 10.94908260 58.88175907 2.05812842
v 14.56653692 58.60336663 -5.26228364
v 15.07018872 58.92793777 -5.27057018
v 15.45901515 58.01800730 -5.24338264
v 14.95650925 57.77442398 -5.33320200
v 11.47862442 55.27708771 -1.36299072
v 11.58595451 53.36312296 -1.82111369
v 11.44605942 53.70037498 -0.63197472
v 11.20554947 55.71683290 -0.23624719
v 11.64523803 74.47926642 -1.39966927
v 10.37414663 75.12295486 -1.72180705
v 11.03150316 74.18141605 1.20260339
v 12.00480156 56.74234869 -2.76654757
v 12.25344159 56.82533326 -3.70282907
v 12.27059730 55.27508201 -4.35006250
v 11.83423989 55.06606342 -3.46184898
v 17.21494414 48.78209474 2.47727070
v 16.61531993 51.12988593 2.62828335
v 12.08115586 51.15683021 -3.26369073
v 11.64803870 53.11745049 -2.94527005
v 11.99312278 53.18455638 -3.95887982
v 12.59081878 51.19957270 -4.31974050
v 11.82217218 48.55312945 -3.85362770
v 11.28742613 49.30379035 -5.84269989
v 11.23898097 37.07849773 -4.96998582
v 10.55552505 39.14864602 -5.05060706
v 11.26210981 38.85290565 -3.13995466
v 11.94347956 36.92421110 -2.99971126
v 12.43908175 34.71609594 -0.62569573
v 11.65117018 34.90880819 -4.75244414
v 12.32263662 34.88981815 -2.76856370
v 3.77128788 78.12062146 -3.34215168
v 5.04905872 77.57120969 -3.32204293
v 4.45063480 77.57311108 -5.09968143
v 3.26067686 78.28619720 -4.84284390
v 14.39659365 23.45242219 0.42580232
v 13.83452632 23.43945148 3.08279578
v 14.27948989 20.64520659 3.17824293
v 14.64077153 20.49977275 0.37211297
v 1.92655411 76.67701485 -7.69918974
v 1.01119059 77.58953812 -7.04708662
v 2.23110460 77.98657658 -6.09320182
v 3.29614237 77.14938762 -6.55372146
v 13.97167363 25.98665895 0.37097583
v 13.28727223 25.80879124 2.86899168
v 3.43412862 77.48432996 -1.80226186
v 4.69467149 76.79095509 -1.58175858
v 2.76767046 76.52780654 -0.54291109
v 3.79470431 75.69982054 -0.38533897
v 1.75183986 75.89432241 0.62874142
v 12.86186494 22.95277955 5.48178028
v 13.43820759 20.18593343 5.84526617
v 2.08544389 79.05799391 -4.51599102
v 1.26783245 78.83391025 -5.66644113
v 0.29321273 78.56738212 -6.48458417
v -0.97527492 78.56990935 -7.10338395
v -2.29773249 78.53455188 -7.64867853
v -2.66407847 79.77442386 -6.96832877
v 11.96793311 32.60351958 1.97331213
v 12.58946874 32.85271468 -0.29021611
v 13.32005777 9.39359849 -5.84947694
v 13.06852468 7.66216794 -4.42440700
v 10.85506298 7.46662000 -6.54876683
v 11.33427464 9.00699439 -7.62058686
v 5.82306900 10.08121146 -10.35254490
v 8.79199498 9.24317686 -9.17516764
v 8.15152221 8.06705112 -8.06370269
v 5.08944013 9.08034647 -9.11783319
v 6.80560835 21.78452628 -12.39551570
v 6.45887845 23.95391928 -11.96096655
v 8.76261436 24.09884946 -10.92560258
v 9.17989679 21.88300656 -11.43878963
v 12.48014935 32.96569081 -2.47752018
v 11.84721284 32.86028298 -4.46607251
v 10.80598377 32.19606521 3.95744216
v 13.21213015 6.55549558 9.06488407
v 13.27862211 3.20346894 9.26668976
v 14.76583995 3.34540399 6.05549697
v 15.01104452 6.90141710 5.84868897
v 14.09272917 3.24251445 -0.22228902
v 12.19941296 3.13894393 -2.70510301
v 12.58483895 5.54780604 -3.48357152
v 14.49557610 6.13839904 -0.86206672
v 1.64238971 30.65132590 8.41164697
v 1.65837456 28.67377790 8.17478258
v 3.50263410 29.36972024 7.90258903
v -3.60551670 29.28218337 8.18415690
v -3.46963767 27.32466402 7.78573934
v -1.87830727 27.66712697 8.16668008
v -1.88864216 29.67717441 8.62826739
v -2.49525483 16.95264706 7.40909461
v -2.11544808 19.39135434 7.14112554
v -3.31609163 19.11350207 6.86167065
v -3.49087350 16.85224639 7.08859298
v 11.34142422 22.24868925 7.42557380
v 10.61248325 24.56395345 6.83172006
v 8.45647149 23.69526641 7.88862664
v 8.98481302 21.44407647 8.63909159
v 7.26262398 6.79801496 -7.00112846
v 4.32876416 8.32676904 -7.57636171
v 10.56134768 6.64085614 11.34146784
v 10.66863753 3.21708189 11.65980432
v 7.38920786 3.32554149 12.72087131
v 7.36802437 6.72035234 12.34861050
v 4.42243621 6.60777444 11.75411005
v 4.36674163 3.44811695 12.02137057
v -1.61376845 8.71762687 4.57551401
v -1.25052466 8.22764503 4.15180955
v -0.97384194 9.90841331 6.45463277
v -1.93450206 10.93698636 6.83517564
v 6.60374307 13.23873185 -12.12761592
v 9.37039696 12.80097173 -11.14744436
v 9.18053903 10.88015566 -10.31998884
v 6.29755624 11.52393080 -11.35029536
v 10.79866060 32.68239142 -6.19395863
v 10.51164039 34.82475670 -6.43950481
v 9.11163159 34.75310298 -7.81797957
v 8.67320516 37.24424036 -7.89692294
v 10.09206467 37.13131042 -6.57895025
v 8.81879248 51.34539546 -9.12552889
v 9.48647924 53.30478193 -9.10689648
v 10.81180118 52.01047601 -7.44563457
v 10.24633192 50.26585998 -7.55902868
v 5.98651015 67.36721041 -11.44735183
v 6.01339780 65.65624716 -11.82491224
v 9.57013362 3.69276719 -4.63170562
v 9.73620110 0.68716498 -3.61316096
v 6.75944604 1.27619894 -4.36621759
v 5.87080263 4.97650372 -5.58969047
v 13.83403607 0.21462234 0.38117437
v 15.06390639 3.49247845 2.77571675
v 14.62665119 0.21948086 3.04493267
v 13.01677444 -0.07546453 9.53173000
v 14.38901194 0.08311512 6.30611736
v 7.26778128 -0.01500605 13.02137259
v 4.28728864 0.19898059 12.20696602
v -0.18498031 3.23565023 4.63890355
v 0.11946585 0.68681555 4.42858670
v 0.90772605 0.55976080 7.19014440
v 0.74810891 3.26844620 7.27462430
v 0.70621252 16.77048335 8.32423154
v 1.71928026 14.55583552 8.96995101
v 4.12454486 16.61709080 9.38660760
v 3.76047858 18.88348179 8.71218328
v -1.91609773 31.90456571 8.64449997
v -3.35420806 31.45853670 8.32706351
v 1.54302057 32.76055994 8.22469402
v -0.27453813 32.34786185 8.62100232
v -0.18975828 30.11992367 8.67903862
v -2.19180051 41.24459567 8.20351500
v -2.26013574 38.92411830 8.18792168
v -0.29283800 39.11538066 8.18995271
v -0.13320036 41.40122475 8.25606395
v 0.00719011 43.78383996 8.22767276
v -2.07148183 43.61817779 8.11997015
v -1.91927233 48.52443578 7.35038627
v 0.23346271 48.39447977 7.63703991
v 0.16893747 50.25173964 7.68965814
v -2.84060414 65.00749828 4.61500842
v -3.06126408 63.39270117 5.15163202
v 11.81329854 19.46771385 8.07802562
v 2.54269123 4.48710563 -4.10000574
v 3.62377085 1.41294690 -3.71878710
v 1.39109038 1.25344859 -2.10895412
v 0.54769407 3.92084586 -2.12340489
v 12.16089048 25.24363341 5.03080260
v 9.33228128 33.29392912 5.44792745
v 9.23661359 31.59951957 5.59723299
v 8.73457857 49.88373460 4.49584048
v 9.13657539 47.37595560 4.54854217
v 0.74529259 54.98516800 9.15417109
v 0.65684665 56.25103654 9.15731672
v 15.46166011 6.75035397 2.30434906
v 7.06556060 -3.19135992 13.12143687
v 4.19790365 -3.00289599 12.22086433
v 4.06490148 -6.11850528 12.13378493
v 6.80208721 -6.23991845 13.08687214
v 0.54633936 -2.04381255 2.03394123
v 1.32239193 -5.12970297 2.23992091
v 1.09913417 -5.10345457 4.48163483
v 0.56762707 -2.15324370 4.36424051
v 1.97105326 -8.20581226 2.65135184
v 2.41419144 -11.21719537 2.95400914
v 1.79496140 -11.39702855 4.95831180
v 1.54437900 -8.29950033 4.78733029
v 10.43516316 -0.11355860 12.01281134
v 12.03068413 -6.23994825 10.32567579
v 12.47603812 -3.21849344 10.00121567
v 10.09192013 -3.31995843 12.22953234
v 9.75375914 -6.38203679 12.39481602
v 12.08030351 0.30330362 -1.92106863
v -0.56631940 3.25588079 2.25737613
v -0.08446963 0.79318004 2.06165962
v 3.39094915 -5.21727560 -1.16596966
v 2.41361160 -1.94239078 -1.75174422
v 4.58974384 -2.03558711 -3.15924458
v 5.47694631 -5.33337204 -2.39100758
v 13.42176415 -5.54553477 1.73077915
v 13.58142563 -2.72295086 1.02256449
v 14.19790306 -2.73349939 3.75920344
v 13.88303407 -5.61581014 4.38391302
v 13.80073496 -2.94969587 6.88389722
v 13.29891302 -5.91823665 7.39468072
v 11.03506379 -12.12019382 10.81619222
v 11.56999685 -9.22876505 10.58580238
v 9.29450833 -9.40910933 12.46359680
v 8.73342373 -12.31092868 12.53195588
v 12.46871271 -11.71996800 8.18795074
v 12.86387958 -8.79462568 7.81045292
v 13.17221143 -11.22923402 5.59479479
v 13.50881376 -8.40891061 5.02133142
v 12.83394464 -10.95153449 3.25548682
v 13.15615990 -8.24133513 2.50898093
v 11.92025237 -10.82145182 1.36265192
v 12.03077652 -8.21623115 0.45893803
v 10.32771089 -8.22064487 -0.96704568
v 10.40988259 -10.84097980 0.02671858
v 8.59284766 -10.85110364 -0.57281997
v 8.27001773 -8.17630349 -1.64001252
v 4.83726778 -11.02524755 0.13128585
v 4.20555056 -8.23085366 -0.45667349
v 6.11431219 -8.22317062 -1.50790516
v 6.62335821 -10.92311649 -0.59802585
v 7.11911686 -21.47849260 1.29762624
v 6.43409111 -18.90409050 0.97180154
v 8.07113342 -18.58262477 1.17176842
v 8.61562558 -21.13308964 1.45582404
v 10.07318713 -20.80043314 1.74771432
v 9.54096906 -18.36437045 1.51243560
v 10.90681620 -18.26307235 2.14063913
v 11.37325384 -20.63742040 2.42963895
v 12.55254217 -18.62362681 5.02374318
v 13.05165656 -21.11228762 5.22376034
v 12.40142800 -20.73343156 3.57094999
v 11.93867915 -18.31960140 3.34122028
v 12.96468296 -19.06833110 7.07489733
v 13.28138479 -21.64824961 7.26686377
v 12.09897317 -19.76067183 9.28979848
v 12.06030317 -22.48706577 9.25506462
v 10.05950340 -20.59378086 11.15876619
v 10.16568907 -23.34246991 11.14124093
v 3.07190411 -20.06802915 4.26839586
v 3.63096998 -19.68868731 2.60255911
v 4.42434468 -22.27033136 2.41173688
v 3.69112149 -22.73711620 3.93456552
v 3.11285846 -20.90878544 8.81618295
v 3.90031778 -23.64142595 8.08681134
v 3.96332846 -23.88828156 10.72775681
v 3.39393013 -21.17967365 11.58081476
v 10.59923239 -14.98321054 10.95643301
v 12.11907186 -14.44066523 8.54188684
v 12.85040446 -13.89447508 6.13587681
v 12.46960827 -13.53463290 3.99117205
v 5.37348308 -13.69697807 0.48869146
v 7.16146522 -13.52656541 0.07724395
v 2.14079239 -14.42596374 4.91815802
v 2.75445275 -14.14771436 3.00639566
v 5.41841865 -18.39732883 13.21370337
v 7.97403224 -18.21577011 12.89005164
v 8.24848779 -15.24505971 12.60553036
v 5.66008792 -15.36995230 12.98293803
v 12.04615303 -17.09573923 8.97500400
v 12.77055361 -16.48020504 6.64313395
v 12.32650944 -16.06780646 4.62472398
v 10.63331657 -15.82264362 1.62112504
v 11.71926476 -15.80993591 2.89609764
v 9.23406549 -15.92562852 0.97669797
v 5.90255924 -16.29766582 0.73996555
v 7.64531710 -16.07099233 0.61009606
v 2.61698004 -17.33574925 4.66388684
v 3.12376611 -16.96558354 2.85156664
v 5.79761558 -24.00955317 12.78040443
v 8.26368846 -23.92005978 12.88830523
v 8.05120014 -21.17478309 13.17406032
v 5.41787550 -21.35316191 13.37529305
v 6.50247403 -26.29906593 11.38984967
v 5.13924092 -26.15582405 9.69190184
v 12.12183007 -22.95406816 2.30924483
v 10.83681949 -23.09143899 1.44057699
v 13.13181289 -23.21624814 3.46717868
v 12.24348315 -25.31682013 9.22603492
v 13.67220946 -24.30663465 7.24222396
v 10.27606123 -26.14645718 10.85039187
v 8.36063542 -26.27261041 11.91475201
v 6.45797320 -27.31863914 1.88755650
v 5.69544316 -27.82965658 3.25589065
v 4.64301996 -25.08941350 3.75750583
v 5.48443526 -24.70410226 2.37939280
v 8.84256058 -26.40356777 0.39743060
v 7.92093940 -23.90262542 1.32228486
v 9.37673517 -23.47704230 1.15523372
v 10.34255393 -25.86291788 0.04653992
v 13.27588775 -25.54173825 1.43514998
v 11.91227355 -25.55369196 0.45810487
v 14.36526843 -25.73741136 2.86243554
v 14.19549354 -27.22294388 6.96113218
v 14.90762897 -26.28014741 4.81695119
v 13.84584077 -23.57334552 5.17793667
v 12.61786588 -28.29769609 9.14260481
v 10.72205298 -32.23560212 9.18934453
v 13.22254308 -31.36813698 8.65654308
v 10.06129228 -29.25889550 10.12804467
v 10.25502675 -41.67608974 4.92444109
v 10.85269295 -44.93067620 3.61759920
v 12.57608898 -44.75170134 4.56583720
v 12.21687265 -41.54036401 6.00066070
v 6.95291304 -30.08424399 0.79915902
v 6.32663809 -30.58742640 2.41491959
v 11.22306206 -28.48245857 -1.25516014
v 9.49368321 -29.00901793 -1.03607833
v 15.96271165 -33.20190368 5.76628406
v 16.83483638 -32.20502196 3.47195823
v 15.94508805 -29.18523012 4.30010442
v 15.10726728 -30.18012403 6.55206774
v 7.39262321 -39.86356614 -0.95075703
v 6.71546303 -36.68563126 0.03716174
v 7.55855285 -36.08287035 -1.74838569
v 8.15083899 -39.30521367 -2.63816178
v 11.84299507 -31.41031323 -2.52396300
v 12.37987496 -34.55544768 -3.55970230
v 10.46104797 -35.00205932 -3.52882150
v 9.95322682 -31.87597452 -2.37346761
v 16.56592705 -39.84199522 3.62531427
v 17.47936972 -39.01881335 1.51045635
v 17.38175370 -35.46271084 2.50037253
v 16.45177521 -36.42762063 4.75745719
v 11.32779338 -35.22119282 8.32209770
v 11.87901937 -38.33708523 7.24689100
v 14.38372054 -37.47403977 6.66916330
v 13.90290626 -34.37139450 7.75617842
v 9.23049741 -35.34293828 7.17059035
v 9.73618024 -38.45225332 6.15811829
v 10.14820032 -46.33652924 -3.48578751
v 9.49106135 -47.03812359 -2.28577111
v 8.44803371 -43.38060973 -1.59852099
v 9.17497792 -42.71520732 -3.03350206
v 12.91095384 -37.98938749 -4.15483680
v 13.32890310 -41.65699242 -4.42034196
v 11.68630414 -41.91752432 -4.45792865
v 11.03877344 -38.33560703 -4.25804894
v 16.55014672 -47.09568379 1.22148931
v 17.14284786 -46.47788761 -0.56106580
v 17.33950742 -42.72882698 0.48727958
v 16.58309468 -43.39622019 2.38889229
v 12.98022338 -48.21476100 3.05633690
v 15.04836150 -47.75895236 2.73190249
v 14.88488980 -44.16208027 4.18700051
v 11.42902442 -48.37194441 2.27231529
v 11.90727868 -51.81626437 1.15157828
v 13.21933635 -51.68218968 1.80906594
v 10.91113903 -49.86557720 -4.06179655
v 10.43486365 -50.45246242 -2.82745998
v 12.61393793 -49.14883135 -5.29448952
v 12.25108721 -45.59681175 -4.74173579
v 13.64989646 -45.33115981 -4.78207696
v 13.88506510 -48.85104654 -5.39759774
v 16.36063226 -45.70852874 -3.36465727
v 16.33463569 -49.23673032 -4.01657265
v 15.22945233 -48.88388870 -4.92546935
v 15.13149657 -45.35961507 -4.30426191
v 16.90455147 -49.90546463 -1.51168400
v 16.82202734 -49.52816127 -2.89656114
v 17.08234020 -46.01174949 -2.13197790
v 16.43035330 -50.46203492 0.17347500
v 15.02669372 -51.19753836 1.51609346
v 0.56490248 7.17861036 -3.11947860
v 1.55530639 6.60582388 -3.73905901
v 0.00920526 5.71504103 -1.62871102
v -0.61267191 6.58481399 -0.95478649
v 1.38940748 -5.46461550 7.32399780
v 1.12553046 -2.35807357 7.24149305
v 1.63328529 -11.77791862 7.35141818
v 1.50447332 -8.69332312 7.42668320
v 2.00710383 -14.78459893 7.25430507
v 3.06181416 -20.54804323 6.40465874
v 2.50002344 -17.72135852 6.93759952
v 3.70618172 -23.20092080 5.95040355
v 4.62217175 -25.77935217 5.53473566
v 5.62479452 -28.48457454 5.06005172
v 6.79299750 -34.06298218 3.36013470
v 6.51341148 -31.15097044 4.30838239
v 6.50191896 -33.59566687 1.26993448
v 7.60379874 -40.56703804 1.24494951
v 7.05033161 -37.23487614 2.30223589
v 9.58664485 -47.71371243 -0.66210750
v 8.50952335 -44.13453100 0.28198255
v 10.58232628 -51.07371567 -1.35965323
v 2.31561616 8.71392729 9.67272405
v 2.29976543 10.83389454 9.55821980
v 0.54878101 9.48228555 7.90623907
v 0.62967522 7.82155151 7.64826346
v -1.23804866 7.83589015 1.68686394
v -1.20883735 7.69801008 1.22490391
v -1.30342261 7.71541910 2.58469522
v -1.40486758 7.90455470 2.93452848
v 10.22791110 -17.76968894 11.07679863
v 11.78562336 -13.34439574 2.21443098
v 8.92131769 -13.40576766 0.31130594
v 10.49750217 -13.35256157 0.94966987
v 2.30642494 -18.17833541 9.52157933
v 3.35978449 -18.32474230 11.87757213
v 3.39811214 -15.36020992 11.92611192
v 2.27747329 -15.17784355 9.76958830
v 8.68673169 -32.64336346 8.13539881
v 7.32898854 -31.93544207 6.29386190
v 7.97541134 -34.72212909 5.23487698
v 8.04626115 -30.24125455 9.21601314
v 15.64562686 -28.46632956 2.13672217
v 14.52815898 -28.16318927 0.43934925
v 13.81410279 -31.07985316 -1.89896090
v 12.98848458 -28.19159983 -0.69418504
v 15.53612717 -31.07371388 -0.66305279
v 2.13348393 -9.14703814 10.00765298
v 2.17509002 -12.20486520 9.85578854
v 3.67818729 -12.32487915 11.92539144
v 3.84980768 -9.24012570 12.02861924
v 10.04880064 41.18753018 -5.14864739
v 10.66543900 40.76920392 -3.30243710
v 6.68349483 52.80297341 6.49674568
v 5.65453239 52.11908462 6.92316327
v 6.15176551 50.87702217 6.37925226
v 7.41977387 51.61243321 5.63294362
v 8.38785462 52.71027925 5.05970489
v 7.61750557 53.79016938 6.10145364
v 9.12147530 54.04169502 4.59960546
v 8.33308839 55.07846119 5.67878742
v 10.74077554 58.87326838 3.13645635
v 10.90300672 59.28943398 2.73845788
v -3.92999619 48.17019941 6.78863932
v -4.02036465 45.73840739 7.24069733
v -1.99038831 45.99852206 7.81627257
v -0.17501658 28.09110524 8.29631794
v 1.17077951 20.25680186 7.66610164
v -0.67491642 19.70027776 7.36455653
v -1.21917918 16.92831980 7.74859298
v -2.91591052 10.45869699 6.06414635
v -2.81600251 9.24376397 4.73045070
v -1.99718706 8.10693333 3.03465050
v -1.57190987 7.81124996 1.91807464
v 6.79645904 47.37837555 -10.02984460
v 6.94571577 49.92822947 -10.31104889
v 2.24449646 67.85258891 -11.69224497
v 4.10642058 68.34263446 -11.30139869
v 3.81405607 71.15268352 -10.53091552
v 1.90434505 70.61259987 -10.85658114
v 1.61428128 71.86336758 -10.48171859
v 3.52898606 72.36759307 -10.15467536
v -0.50964595 77.52630355 -7.81975802
v 0.13697029 76.29266026 -8.47459849
v -0.81244421 7.96646418 -0.35400540
v -0.57301720 7.81304704 -1.15129011
v -1.18986189 7.50651712 0.67660712
v -0.40762275 5.45489805 4.93577454
v -0.54738047 7.06522593 5.39274659
v -1.12806249 6.56338314 3.14587202
v -0.91338728 5.21989035 2.69931253
v 14.90407803 10.35694180 5.73864315
v 12.98048564 10.04411409 8.94742642
v 10.14422395 5.71954118 -5.57329398
v 14.26934518 46.96456732 -4.62993797
v 13.40822943 49.13225414 -4.51763462
v 14.39711221 49.24112203 -5.31495366
v 15.24632641 47.05545845 -5.28277423
v 6.96017586 57.96199085 -11.60633158
v 7.64351480 55.21433892 -10.76519977
v 4.71196689 74.95175840 0.02317267
v 13.87438693 72.58866074 2.68219445
v 12.47448095 73.57794883 1.94850281
v 11.61734231 72.02044370 3.96762747
v 12.70894476 71.24811055 4.62086979
v 13.59600641 69.31837441 -5.44871133
v 12.54383840 69.83338239 -6.58165853
v 12.94645586 71.36569860 -5.14119010
v 13.92391988 70.62447311 -3.99537165
v 9.40517925 19.54159232 -11.89907979
v 6.95732303 19.51383667 -12.81461012
v 5.15706942 40.05361440 -10.13132300
v 5.04515276 42.63341965 -10.39919894
v 6.64975711 42.28141548 -9.48409330
v 6.82052590 39.80832638 -9.17836841
v 9.39623632 56.64865317 -9.94523507
v 10.47950752 54.95079400 -8.57403543
v -3.62909481 56.23954179 7.34095905
v -2.23530594 56.95423426 8.09125338
v -2.15329982 58.87247266 7.58977790
v -3.71861726 58.38544311 6.87539984
v 15.84999182 52.87690403 -5.49247641
v 14.70024206 51.83048191 -5.63211221
v 13.69140961 53.80305888 -5.39597686
v 14.55363699 54.57459929 -5.51685657
v 14.87785794 8.75026302 -1.93778057
v 15.77207812 10.53976154 1.51137110
v 11.19306527 44.26672401 -1.58798307
v 11.02418669 42.24488976 -1.46139072
v 10.71406968 42.79652776 -3.55061054
v 10.93030937 44.82031407 -3.70729420
v 12.04111793 49.75962879 -1.76371852
v 11.88102879 48.03967716 -1.75373223
v 12.12211617 51.41996982 -1.69444051
v 12.82469847 59.52130200 -2.36347414
v 12.93559589 59.51119902 -2.03415122
v 13.08956363 59.77722647 -2.81663690
v 0.64097627 5.82158284 7.45874528
v -0.02748251 12.19139494 8.18921212
v -1.00484232 13.41493771 8.10605172
v -0.91651396 8.08021592 0.29261011
v -1.02975622 7.98654052 0.51890180
v 1.13033981 77.09874155 0.87442823
v 1.92300708 77.57776024 -0.43008734
v 11.63539507 55.08892478 -2.40230024
v 11.81570955 56.88020827 -1.75626887
v 12.66931512 57.62888731 -0.49377277
v 12.66362884 58.31662955 -0.83518027
v 12.07896837 58.38299634 0.33359654
v 12.02829250 57.78698267 0.68560788
v 13.02669414 57.75811913 -1.63222825
v 12.95487203 58.43617858 -1.89875536
v 8.13362144 64.15001394 6.64256845
v 8.75793241 65.63692929 5.99355955
v 7.74506845 66.35208370 5.86015541
v 7.08365433 64.80298283 6.60476271
v 5.80612861 65.29238464 6.59087557
v 6.47523769 66.90739038 5.75133782
v 4.98263158 67.32869985 5.60298968
v 4.30135198 65.60658457 6.41806904
v 3.99081178 73.14458134 1.97661795
v 1.82499860 72.44712355 2.73899470
v -0.47115868 71.83277251 2.83009816
v -2.56239499 71.33405449 2.70708125
v 0.91273275 75.12586953 -9.02343806
v 3.01035785 75.64492466 -8.37723877
v 2.99409174 74.46261289 -9.20805748
v 1.24004551 74.02556183 -9.57347419
v -0.70060438 73.70196225 -9.98004492
v -1.05234196 74.91144182 -9.49805867
v 0.42986146 75.42869093 1.51065920
v -1.19787331 74.92701056 2.10394055
v -2.57649932 73.38247540 2.15684377
v 18.57792803 49.02545156 1.62871402
v 18.00512739 51.31601336 1.69978399
v 2.45795057 78.95151021 -3.18667687
v 2.38162216 78.31614258 -1.78082086
v 19.54524585 49.16081073 0.29144130
v 18.99869807 51.51308121 0.38018921
v 8.83477845 70.57186605 4.25266024
v 10.28543406 70.12628557 4.93619215
v 10.22980653 72.58033993 3.20010740
v -0.08418423 76.58306601 1.85399387
v -1.58545820 76.06129291 2.52284609
v 14.51671340 13.74632770 5.92268068
v 12.61679449 13.35954301 8.76833532
v 10.33604287 39.36946632 2.79572938
v 9.12427523 38.85203840 4.54648022
v -5.87017655 40.89330675 6.99938644
v -5.75401231 38.71608617 7.04065818
v -4.06518437 38.73592259 7.78841782
v -4.09554958 41.08592810 7.75498111
v -5.89827269 47.73637893 5.84035922
v -5.92553101 45.48263790 6.30292554
v -4.23653878 76.34411098 3.34464718
v -2.08071626 34.30443646 8.35680027
v -2.20302853 36.67072447 8.16713009
v -3.94835442 36.33242639 7.69476254
v -3.87166448 33.78483148 7.86664892
v -4.36392434 31.16465898 7.78355185
v -4.44911763 30.04457744 7.86256824
v -2.93164670 15.00529105 7.59226862
v -3.61920900 14.94611519 7.30484609
v 13.86698105 57.05836954 3.43694832
v 15.51661559 57.57978203 3.29008546
v 15.38780697 59.51470377 3.64650186
v 13.76531639 58.78267231 3.77208959
v 1.51996829 34.98740437 7.93656070
v -0.33902470 34.70447304 8.34391076
v 10.08541726 59.05285122 4.72870167
v 10.51421978 58.26908292 3.34940810
v -4.04859788 50.52111389 6.58245567
v -0.74104352 57.47734847 8.59286372
v -0.60600285 59.17491855 8.12238041
v 0.71126644 57.77261199 8.87448374
v 0.91969643 59.32952704 8.45551748
v -0.48831384 8.49370601 -0.97786136
v -0.64640424 8.24754702 -0.53191666
v 17.31038459 59.65488793 -3.85050889
v 16.87925823 59.17239429 -4.32874862
v 16.58045866 60.35157682 -4.59751006
v 17.07228639 60.86726727 -4.07816138
v -0.44472856 3.51994576 0.14408879
v -0.84684249 5.24682121 0.56284718
v 3.17112871 7.77546817 -5.72744202
v 1.44806590 7.95522014 -4.88921780
v 1.41882200 8.74943825 -5.53877618
v 1.78898585 9.24489589 -6.77152391
v 2.20816222 0.27931945 9.99500636
v 2.21666202 3.37593870 9.94379554
v 2.23536205 -2.85917578 10.02098207
v 2.22329285 -6.02527467 10.02502177
v 4.96206016 -26.16872249 7.53244791
v 6.31258630 -29.04228030 7.42056999
v 8.41827237 -37.86313293 4.19520695
v 8.91335749 -41.17840288 3.15236781
v 9.65111845 -44.64133738 1.97787374
v 11.05000221 -51.53918622 0.09372901
v 10.43360226 -48.20610641 0.85848389
v 19.88762983 48.99740459 -1.21491681
v 19.70662840 48.63187017 -2.63743963
v 19.19513561 51.11328008 -2.65929274
v 19.38847520 51.53275373 -1.15418987
v 11.97503798 51.36655213 -2.09840950
v 12.62256720 49.37383177 -2.31248591
v 12.57270493 49.56046881 -1.14296478
v 11.97218664 51.64537968 -0.90975588
v 13.28750022 47.27441313 -2.55358558
v 12.83162304 49.22859015 -3.45383681
v 13.61417540 47.09226133 -3.64495743
v 16.42124422 47.38440158 -5.48407961
v 15.60271897 49.55944659 -5.59514131
v 16.78923287 50.10587515 -5.40101718
v 17.57066913 47.68689217 -5.34622896
v 19.23545070 48.29186739 -3.85505300
v 18.53276261 47.96712937 -4.79782376
v 17.89330908 50.38130226 -4.79145240
v 18.65382113 50.64887645 -3.85175984
v 13.54669996 47.81267585 0.91553280
v 12.97135719 50.01291277 1.17487326
v 12.60830082 49.75535216 0.01773700
v 13.19439628 47.63537886 -0.21875854
v 17.04616763 58.05440487 2.48205528
v 17.04085984 60.04529240 2.93744724
v 10.87135591 60.46024205 3.28804251
v 10.94319739 60.19516828 2.61544842
v 11.16577156 60.30145826 3.71573899
v 11.08537533 61.18525805 4.27882221
v 16.00515016 53.51605954 2.75929455
v 17.45225110 53.68346812 1.81525458
v 17.10671999 55.93340637 2.12124638
v 15.62896438 55.64788224 2.97437567
v 12.37218447 52.24823894 1.41883805
v 11.72052242 54.37854471 1.73611749
v 11.38411828 54.03494777 0.61122306
v 12.00389706 51.90431716 0.25228025
v 12.71552064 53.47907187 -4.79118120
v 13.46166797 51.42654421 -5.17131988
v 12.22462573 58.22422149 3.36205285
v 12.38130697 56.59618022 3.02373391
v 9.72353809 58.35100355 4.82954677
v 11.95835092 57.14596750 0.86198278
v 11.93324097 56.36092367 1.01937238
v 5.46361722 53.36744728 7.65917931
v 5.53130091 54.73632159 8.18278674
v 10.59704341 54.68312146 2.85749469
v 10.10136970 53.23406102 3.33608199
v 6.08712279 54.87316789 7.84357075
v 6.29013248 53.94949259 7.35106576
v 2.14865033 46.23235108 7.85936747
v -2.49691501 72.33361842 2.18736507
v 12.67446943 54.83033599 2.68652473
v 14.06643309 55.22631349 3.18191718
v 13.75483044 56.02147521 -5.26859242
v 12.99681284 55.57219924 -4.95455827
v 12.70044662 57.10178854 -4.40896120
v 13.23811628 57.29693415 -4.89385914
v 11.61646910 58.75250937 -8.10765069
v 12.00837858 57.57586302 -6.93811890
v 11.25701510 56.26933517 -7.85242733
v 10.61440997 57.65580179 -9.09367766
v 18.08249869 59.77648439 -2.60937571
v 17.90694215 61.28333153 -2.62726623
v 18.26172390 61.24775948 -1.46367982
v 18.34760823 59.46509780 -1.60307506
v 18.39618601 61.01274433 -0.06836438
v 18.15711178 60.59754135 1.52155735
v 18.11084070 58.48067345 1.10396665
v 18.39931526 59.00334360 -0.39135341
v 14.72385444 17.45515222 3.13014906
v 14.93434526 17.71812754 0.18515281
v 5.36626012 30.07623943 7.46020187
v 7.34862604 30.81525805 6.77250359
v 3.53195474 21.40010985 8.05607844
v -1.26983363 7.79934989 3.90660796
v -0.82646410 9.01213044 6.25262592
v 0.19409608 0.95282512 -0.10498952
v 13.90217461 17.06124486 5.85714389
v 2.05775828 -5.14026342 0.44279840
v 1.13068086 -1.97953640 0.05972554
v 7.91610770 -5.38238196 -2.64573119
v 7.37363838 -2.26417838 -3.52109097
v 9.94587608 -2.48296021 -2.76244100
v 10.18519991 -5.45735417 -1.95147427
v 12.12435134 -2.67738758 -1.21573944
v 12.12197461 -5.52935360 -0.43297471
v 5.99678673 -12.18976138 12.92734627
v 14.39064958 -34.33064876 -2.90017672
v 16.29123159 -38.01276443 -2.31526721
v 14.74985399 -37.88622377 -3.51255465
v 16.10571959 -34.36344026 -1.62480347
v 16.62339934 -31.44901155 1.20982394
v 17.15811558 -34.74282382 0.28110501
v 14.60902013 -40.75622318 5.52487519
v 14.97935571 -41.61017297 -3.85981988
v 16.33754142 -41.88064692 -2.78230071
v 17.27567234 -38.38333843 -0.49323653
v 17.21714057 -42.20097421 -1.26687366
v -1.16982332 6.37943426 1.10969428
v 2.27560953 9.50443612 -8.05275258
v 9.98272516 12.87187313 10.65552417
v 10.33056148 9.84556487 11.00667898
v 2.17198778 12.67462445 9.28337757
v 4.41257090 14.22141397 10.05312909
v 5.55472590 37.64806034 6.78992231
v 3.58278260 37.29723932 7.32043419
v 5.72743036 41.97576286 6.62228499
v 5.69273152 39.75401463 6.69491995
v 7.48860531 40.29908719 5.75758178
v 7.48964020 42.39380898 5.62984940
v 10.31212204 43.28455867 2.66512405
v 10.21668457 41.30333604 2.67766859
v 10.85572012 41.73827412 0.68773363
v 11.00340479 43.73170974 0.57444597
v 11.07724898 40.27573111 -1.25732276
v 10.99996336 39.82044997 0.82793716
v 8.06589641 44.36027052 -8.53566643
v 8.21842842 46.81970717 -8.76713063
v 9.36793454 46.18493559 -7.27817234
v 9.19307091 43.85462048 -7.06232008
v -2.02774105 14.46477620 7.84269456
v -1.37937747 7.47576894 2.17507720
v 2.23755029 6.24145174 9.90196202
v 4.53138344 9.40922255 11.18558232
v 7.37145313 9.64517331 11.80366907
v 11.58351891 57.15526285 -0.73450132
v 13.10540803 59.38231887 -5.40409613
v 13.06164779 60.34718694 -6.07096035
v 18.19627352 56.34572746 0.77393172
v 18.55297901 56.93865361 -0.73193758
v 11.25921674 56.25650825 2.24419121
v 15.30853577 61.24242486 4.01021313
v 13.50997009 62.02620806 4.53125607
v 13.65374990 60.44664027 4.10489027
v 6.40797906 20.38774582 8.85510851
v 6.72779374 17.84246991 9.66837067
v 9.37393226 18.71743294 9.38580293
v 0.66684990 8.03114304 -3.71224884
v 1.01248829 8.60102752 -4.29755006
v 0.36435176 10.84731201 8.19906700
v 3.38145078 -11.14428250 1.30807195
v 2.74285667 -8.20860324 0.91878554
v 3.82684313 -13.90498040 1.45046707
v 4.29509275 -16.59852026 1.46044470
v 4.83701595 -19.27690266 1.43262182
v 5.63226968 -21.79980336 1.47892568
v 6.62241124 -24.21709953 1.60995159
v 7.57894956 -26.84891878 0.99001812
v 7.19868236 -33.01596699 -0.53166303
v 8.05056312 -29.52047346 -0.26327210
v 8.43264752 -32.42284415 -1.66975506
v 8.85826193 -35.52494405 -2.90027004
v 10.31796329 -42.26532338 -3.99677161
v 9.45113518 -38.74431012 -3.74671262
v 11.10089787 -45.84436176 -4.28648371
v 11.67019524 -49.41640256 -4.77998633
v -0.30461337 8.26809907 -1.54344918
v 0.14911571 8.17219632 -2.60169398
v 7.14828514 70.88622095 3.48246653
v 11.30547964 58.29806866 1.84780207
v 11.36562445 58.76552703 1.51669808
v 11.13799207 57.79824199 2.75269296
v 2.71981687 10.23492048 -9.28482901
v 3.21782336 11.15156904 -10.52722376
v 17.97910996 52.87939848 -3.91613472
v 18.64472844 53.48216834 -2.85865799
v 10.98243066 56.08351769 1.02924654
v 11.07666858 59.97042300 2.04624735
v 11.15138300 60.18228175 1.49862725
v 24.32956912 33.91413184 5.70636835
v 24.52315607 32.33653100 6.82151202
v 25.24493851 31.98811950 6.03958849
v 25.04537322 33.54528340 4.82069399
v 23.27153750 33.99374874 6.23013038
v 23.49494912 32.38526972 7.22645257
v 18.93267699 31.27275648 3.95860296
v 19.72500749 29.57016619 4.86818623
v 20.00380226 30.42999895 5.74489568
v 19.28713836 32.16110112 4.84974455
v 22.73832478 30.61246069 8.21822915
v 22.40066447 32.21511485 7.26745758
v 21.42270871 31.80170896 6.93748850
v 21.88439288 30.14406653 7.84894411
v 19.82460536 29.85594513 1.75506953
v 18.91012259 31.45573380 0.77918494
v 19.98825588 31.30401464 -0.06354585
v 20.88823982 29.79153188 1.02416981
v 16.47485562 38.46629800 0.66450598
v 16.07291915 39.85654058 0.32216409
v 15.60733088 39.09245970 -0.55780250
v 16.04334630 37.62324693 -0.21579779
v 23.85356643 37.20861765 3.52426875
v 24.11616959 35.54253371 4.59926237
v 24.77533438 35.16532274 3.58124111
v 24.40189489 36.80493774 2.33274490
v 20.07075616 37.00713607 4.25600555
v 19.60872479 38.74601664 3.22856750
v 18.46115359 38.18222525 2.62210030
v 18.90499063 36.43565269 3.63943536
v 23.88714917 38.37960007 1.08471239
v 23.56332757 38.93124701 2.36762367
v 20.94481208 33.53648724 6.06654693
v 20.50907977 35.26638540 5.20936024
v 19.42121603 34.70456542 4.61579558
v 20.01408406 32.93237032 5.49375448
v 21.55468233 26.94508078 3.99872918
v 20.71776756 28.37193551 2.84118984
v 21.76013209 28.36126925 2.21218966
v 22.53453799 26.98931338 3.47981412
v 21.20177068 29.54163345 7.32045878
v 20.63725509 31.20272251 6.38456155
v 20.67472257 28.78398689 6.66101161
v 25.68597116 29.18837907 5.33658039
v 25.37048378 30.64288141 3.90462015
v 25.49211301 31.38891401 4.99329340
v 25.73474564 29.90100475 6.33610595
v 17.42167838 34.89592316 2.19179109
v 18.09868582 33.06987526 3.09177708
v 18.59662302 33.95398947 3.92490734
v 18.00008782 35.73440852 2.97595408
v 22.73490794 37.39717843 4.21141494
v 23.01026501 35.68688722 5.20696078
v 24.98624243 32.13927837 2.45767437
v 24.48987283 33.67648663 1.01765530
v 24.81430985 34.51905193 2.32873798
v 25.18415370 32.94684531 3.66976556
v 22.90280529 34.29167511 -1.38823273
v 23.68671216 32.79740753 -0.02828780
v 22.49959626 32.09907206 -0.50496061
v 21.62870832 33.57283415 -1.78583380
v 16.66161336 35.85534932 0.36207322
v 16.92462482 36.73966916 1.32898983
v 17.97037490 33.17594769 -0.11346463
v 17.04422899 34.96199342 -0.91957663
v 18.05623092 34.57451256 -2.06507131
v 19.04725649 32.90331753 -1.10564464
v 20.51951655 42.03244390 2.17413042
v 20.70808925 40.76484682 2.72974406
v 22.19423719 40.79702141 2.35389318
v 22.01025851 42.09721329 1.65043786
v 23.23422648 40.45514705 1.28570605
v 22.88841822 41.78516807 0.41574599
v 21.84391089 43.16677393 -2.13691484
v 22.24396386 42.29046943 -1.68587886
v 21.33528956 41.86845960 -2.96739623
v 21.01848044 42.75279285 -3.40354726
v 21.08412154 37.12040873 -4.19455919
v 22.03174450 35.73486598 -2.80159753
v 20.63334950 35.06936522 -3.06465685
v 19.55029734 36.59452142 -4.33743525
v 17.18631901 37.73472251 -4.67909504
v 18.21008839 36.32269295 -3.86845101
v 17.04244383 36.27055826 -2.86994301
v 16.15460135 37.74170222 -3.41211356
v 14.93342735 43.26997640 -4.21795364
v 15.34984477 41.74650552 -4.42730974
v 14.71014537 41.92027392 -3.29040218
v 14.41053071 43.38289740 -3.13986841
v 14.67182555 42.74447801 -0.73904932
v 15.14862843 43.10959818 0.29760814
v 14.69713666 44.25659420 0.42217631
v 14.29011591 44.00708618 -0.66614448
v 19.80465718 45.25495114 1.35652922
v 20.09408094 44.48396208 1.40621305
v 21.35354795 44.57747581 0.41322928
v 20.88552334 45.40770890 0.12432915
v 20.21538087 38.36109581 -5.28565239
v 18.43665608 38.08366003 -5.56162972
v 14.99100097 41.60901846 -0.73406556
v 15.22021510 40.41179659 -0.76239811
v 15.69336422 41.12525823 0.19697734
v 15.48018076 42.14528145 0.24435684
v 17.47465797 43.07995977 1.26244143
v 17.69220896 42.13368835 1.25086192
v 18.94040026 42.59972813 1.64464429
v 18.76083978 43.42086854 1.55957449
v 20.31385072 43.80856993 1.56143025
v 20.44996836 42.97060313 1.80859935
v 21.88645818 43.06226911 1.18216273
v 21.66436829 43.89828386 0.78464585
v 19.69519474 39.22479095 -5.77255007
v 19.12410923 40.10750296 -5.98011691
v 20.04018344 40.83006920 -5.28676774
v 20.66965320 40.07664861 -5.04249189
v 15.47601141 39.11065998 -3.58277563
v 16.39166393 39.03674724 -4.84134633
v 17.84514107 41.07574763 1.31423581
v 16.54446193 41.69779660 0.88987198
v 16.81660183 40.52910747 0.91904445
v 22.57915952 42.77358891 -0.14995089
v 15.69292017 43.26539876 -4.98561714
v 15.07923223 44.84319629 -4.78286896
v 15.97890772 44.98008730 -5.34408320
v 16.55362912 43.36871149 -5.51837537
v 14.36185159 44.83803751 -3.95088907
v 13.95936378 44.98596730 -2.87083745
v 14.18405541 45.76462748 0.65243194
v 13.84220638 45.54140510 -0.43987836
v 15.04215368 45.99756541 1.56389061
v 15.57263352 44.47098019 1.27295848
v 16.73452624 44.72472908 1.72133479
v 16.21484675 46.27271237 2.15738729
v 19.18594309 46.92450108 1.44651659
v 20.16333558 47.04758765 0.16591131
v 21.04850032 45.22619488 -1.31965535
v 20.36563524 46.78200426 -1.31848728
v 14.55346860 42.29722263 -1.92952942
v 14.83072110 41.01182463 -2.01638829
v 24.34349873 31.29896315 1.40440982
v 24.87375357 29.86009659 2.88968455
v 23.93142499 29.21230884 2.25406453
v 23.26707907 30.63592108 0.84147049
v 22.85751619 28.69392278 2.01720182
v 23.55542846 27.33520063 3.38895653
v 21.77390822 35.58149131 5.44846576
v 22.08918252 33.88210179 6.37150515
v 23.71845760 30.87740781 8.28729380
v 19.02197518 41.61196293 1.85285542
v 19.24236186 40.34187140 2.32807580
v 20.32724686 42.26275327 -4.49404236
v 20.00569322 43.15605404 -4.67052836
v 20.66775330 43.59980168 -3.64389758
v 21.42419883 39.29272236 -4.30911448
v 21.85459204 40.67963006 -2.72030853
v 22.75557734 39.17911591 -1.50373191
v 22.28549190 38.15327527 -3.12104508
v 18.53652366 41.13721492 -5.92641797
v 18.07509877 42.28199663 -5.81622910
v 19.13576939 42.71180572 -5.45920473
v 19.53547962 41.68269577 -5.39603833
v 18.21350225 45.00749948 1.77852675
v 18.51962574 44.14904656 1.57239657
v 19.80319687 46.12732174 -3.88086367
v 20.19417502 46.36751356 -2.70789884
v 20.74985274 44.91048994 -2.62762088
v 20.27732946 44.62256374 -3.76126025
v 21.32480063 43.97764148 -2.44598411
v 19.13634159 45.87038102 -4.81241200
v 19.63936754 44.31016089 -4.76924743
v 17.71452792 46.61303999 2.24508155
v 17.62311824 43.63823475 -5.70646416
v 17.06537076 45.27125599 -5.59161048
v 18.22231479 45.55901529 -5.40538583
v 18.71029355 43.96660270 -5.44131663
v 22.08229967 30.12450131 0.72339881
v 21.22183957 31.60240741 -0.48250589
v 15.54227092 38.23448064 -1.89635077
v 16.12647392 36.70199456 -1.54164819
v 15.10183730 39.63978829 -2.05816388
v 19.07581605 30.40731939 2.83661071
v 19.96300288 28.80457135 3.80133275
v 17.34121211 33.94907357 1.13198493
v 18.20255734 32.13341774 1.95912473
v 23.86260994 35.20613404 -0.39183507
v 16.66030951 40.41991176 -5.44478077
v 17.25316413 39.21740891 -5.74923906
v 15.80648639 40.32413306 -4.68486141
v 13.78318884 45.31989934 -1.61116024
v 14.20282640 43.66584363 -1.87926594
v 18.69944998 38.99787011 -6.10919785
v 13.18622299 47.41411449 -1.39659936
v 22.67616310 41.21242406 -1.09873422
v 21.67597183 44.32629289 -1.03560196
v 22.17842110 43.60306503 -0.61649965
v 25.47103979 30.52200021 7.29504187
v 21.40515663 37.32193949 4.48339429
v 18.10569831 39.80117681 1.72912866
v 17.17185893 39.18070735 1.26553025
v 16.19645723 41.76383557 -5.16594317
v 17.03604527 41.90937819 -5.69084588
v 17.48485484 40.68198146 -5.90518083
v 16.01515480 43.44317557 1.08895028
v 17.13651039 43.79506053 1.40742488
v 20.80969282 27.31513621 4.84490056
v 16.36324741 42.60367395 0.97606178
v 23.26051660 39.85649290 -0.08047643
v 2.11956960 69.26614882 -11.25958901
v 0.63769373 67.53897311 -12.17034425
v 0.44344340 68.96941902 -11.79699045
v 9.49703001 51.66211667 3.79306596
v 5.33838079 48.72976782 6.75720308
v 6.90962516 49.15388467 5.91809858
v 11.20355122 57.66451301 2.08104864
v 11.11820110 56.86091127 2.30395176
v 11.54571243 59.89738347 0.50506784
v 11.48003854 59.56749560 0.99959202
v 9.67328839 55.36622049 4.10279591
v 2.75722810 93.46752407 1.49314866
v 2.63192460 92.87109615 0.93398817
v 2.84934745 94.77539303 1.91322859
v -4.51699651 32.42379071 7.51399655
v -5.30907742 29.79497852 7.30722953
v -5.22023707 28.60772254 7.36457963
v 2.71537185 91.42825248 2.52683792
v 2.58004044 91.02847816 1.83755342
v 2.92647139 91.21504070 2.26428952
v 2.68763557 91.55071618 2.78415788
v 2.65897692 91.46460535 2.72211317
v 2.80599103 94.74102499 2.99188677
v 2.37037104 92.02190878 0.65484108
v 2.17697241 91.04410054 0.49402822
v 2.71433697 93.29782965 3.07796147
v 6.23464056 32.01208951 -9.50273763
v 6.75925903 30.13320508 -9.59459659
v 4.80256372 29.91144599 -10.50355028
v 4.32264984 31.78331198 -10.23820605
v 2.96990231 28.26669605 -11.83637123
v 2.58847263 29.90611138 -11.36590358
v 5.35477318 28.05513086 -10.94488840
v 13.77761282 25.26197674 -4.57564820
v 13.18798878 27.45227905 -4.48228236
v 13.56032558 27.81169655 -2.13941544
v 14.16743763 25.66391470 -2.12992061
v 12.93312826 29.64078428 0.19954635
v 13.42505433 27.90228518 0.32893565
v 13.02269914 29.63796647 -2.16701016
v 12.17430897 29.40360548 2.47068942
v 12.68785812 27.71255614 2.64562681
v 10.98058813 28.89775278 4.33991175
v 11.50033392 27.11864354 4.63380586
v 9.98437621 26.43553706 6.26375038
v 7.97654681 25.65979155 7.34135319
v 6.02444403 22.67959954 8.12208686
v 5.65313243 24.69884994 7.73673836
v 3.41714912 23.77535271 7.75274519
v 1.32140864 22.89876433 7.55809654
v -0.46820626 22.30983989 7.37058777
v -1.97470996 21.84400650 7.11433474
v -3.27425923 21.51200192 6.85659979
v -4.36296023 21.25300558 6.40448887
v -4.29480567 18.87177097 6.47140626
v 5.86082332 69.06982305 4.59436696
v 7.45322399 76.18993165 -4.65855788
v 9.03554403 75.75171234 -2.00743716
v 8.79623361 75.54931285 -4.34244763
v 11.15444147 70.12835385 -7.93687966
v 9.53414508 70.03119232 -9.28094279
v 9.73649763 71.66106941 -8.38287290
v 11.49873354 71.77062275 -6.57200780
v 6.84605830 75.63484551 -6.43564727
v 5.99360831 76.04707124 -6.46240268
v 7.88297795 75.03075244 -6.49666939
v 6.64420419 74.46766140 -8.17629438
v 4.99067896 73.96109941 -9.17773735
v 14.34633948 72.81662466 0.13951935
v 15.60488113 71.65705802 0.90263995
v 15.25513299 71.02442624 -1.44075625
v 14.32659395 71.96922543 -2.23610703
v 13.21075775 67.96603443 -6.55192364
v 14.06052925 67.50321033 -5.71130406
v 13.72218945 66.26769545 -6.55358698
v 12.83539452 66.61075594 -7.33562227
v 17.63382174 66.51303412 1.92067750
v 17.98519113 64.42349197 1.94928642
v 18.09731789 64.82127549 0.07556827
v 17.67623641 66.72666909 -0.02649397
v 14.34518315 68.68930103 -4.54801734
v 8.71650197 58.54250135 -10.93253385
v 10.09082638 59.24113633 -10.09755921
v 11.15412705 60.02311053 -9.08116143
v 13.09244551 61.37817146 -6.64368872
v 12.77019151 59.88109650 -6.62268925
v 12.66780116 61.15926148 -7.21672591
v 13.49642493 61.52034344 -6.17328551
v 13.79320689 61.53209450 -5.62340360
v 13.33757706 63.60162141 5.02508726
v 11.81185015 62.30113747 4.96361140
v 12.04057105 61.11176254 4.29891121
v 13.95885565 60.49911620 -4.83796190
v 13.67793002 60.12858393 -4.61852703
v 13.52181204 60.61520519 -4.59658284
v 13.73719044 60.98926904 -4.87965051
v 12.93336668 73.78053905 -0.70376381
v 17.84370460 64.74623324 -1.46370618
v 17.33633943 64.26145675 -2.76431370
v 16.72112711 65.71957113 -2.90572107
v 17.25914546 66.39209034 -1.63161795
v 16.87503227 63.91887309 -3.77918411
v 16.37988009 63.45346214 -4.51993424
v 15.85023173 64.43709971 -4.78846956
v 16.32245101 65.14302732 -4.00840904
v 14.39535387 60.79628708 -5.06647456
v 13.99596997 61.48814799 -5.15578542
v 17.01180704 61.94810512 3.22622951
v 15.90077796 69.66654303 3.77797518
v 15.06134637 71.31224515 3.37201204
v 13.63888897 70.01716139 5.09161685
v 14.29628648 68.51104142 5.14354665
v 11.67961799 58.75758471 -0.01051993
v 12.02770539 58.48462226 -1.04125551
v 12.32437559 58.26105120 -2.10072849
v 13.22130181 60.05650105 -3.55514068
v 12.53778406 58.13062729 -3.01647711
v 11.09997400 59.08542516 3.17648422
v 12.19125160 59.66261866 3.86567559
v 11.98291772 68.17560436 5.57965409
v 12.56890066 66.74785854 5.54707307
v 18.13519963 62.49106171 1.82454359
v 18.33574839 62.89529445 0.06675451
v 14.11140927 58.21855607 -5.17754074
v 13.77994039 59.06045081 -4.90002859
v 14.18385722 59.47414281 -5.05231921
v 13.14229288 59.65164246 -4.24891937
v 13.29758682 60.27147712 -4.15607471
v 16.57317646 70.18475773 1.49833109
v 17.71791496 62.79479506 -2.68102422
v 18.10826429 62.98447492 -1.42039297
v 15.62414237 66.11980440 -4.33299843
v 14.84789171 66.90034511 -4.94488779
v 15.18883922 67.92302968 -3.78256071
v 15.96663662 66.95835831 -3.28220934
v 16.31066718 61.52051033 -4.79535911
v 16.84026339 62.18592765 -4.37170792
v 14.41706337 65.84276201 -5.79081293
v 15.17121263 65.23891928 -5.21063808
v 14.63595994 59.91618576 -5.14819477
v 11.31675609 69.32690980 5.36792796
v 8.87530290 68.08256151 5.19825254
v 9.90452461 67.37947108 5.46370406
v 10.60983979 66.28661396 5.58813285
v 11.17252849 64.98994472 5.48034791
v 11.55706041 63.52991702 5.26465099
v 7.48440914 68.61130836 4.91070334
v 18.07086833 39.66489675 -6.18834760
v 13.69263299 57.69199671 -5.14054153
v 14.57589932 57.24567415 -5.39206382
v 14.21961256 56.62413480 -5.35993021
v 17.17599102 52.71327736 -4.79619246
v -5.56607179 83.00264122 10.82963456
v -5.47540456 82.50825049 10.42329703
v -5.86681634 85.32773497 11.59192283
v -5.83239205 84.95125415 11.55232448
v 20.72932788 41.48119928 -4.25562713
v 21.13564380 40.76710286 -4.08528525
v 23.09552201 36.71415838 -1.74285410
v 23.60964634 37.65974285 -0.26195656
v 24.28949990 36.08703407 1.00905147
v 22.45332517 39.12312331 3.27562612
v 21.02454223 39.07403292 3.55022471
v 17.55472340 37.48813512 2.05045488
v 19.31291439 34.68515517 -2.75908135
v 25.14588453 28.02828046 10.45048792
v 25.34195997 26.57220753 11.66548390
v 26.20306530 26.33690925 11.17012311
v 25.92249431 27.71557661 9.86075882
v 25.53401210 25.23906024 12.97622655
v 24.42570992 26.42095180 11.68877591
v 24.59427037 25.02869608 12.87024800
v 23.66705455 26.03159936 11.29849885
v 23.87929179 24.63320511 12.43886683
v 23.38727780 24.10915138 11.82664666
v 23.09969880 25.49643608 10.76498959
v 22.70384647 24.87983348 10.23231406
v 23.08538177 23.50825312 11.25610653
v 21.92988016 25.68972649 8.57664976
v 21.92992486 25.03241690 7.81413425
v 22.64614024 23.67310988 8.91543586
v 22.55325981 24.24314486 9.62573547
v 24.19393726 21.82918580 8.78421772
v 23.67108532 23.00340327 7.60028023
v 24.52256598 23.14861359 7.38109458
v 24.97433640 21.95278199 8.60452313
v 25.63938715 25.21570863 6.51760731
v 26.22926750 23.87755977 7.80812238
v 25.42627670 23.45013412 7.49859098
v 24.82534565 24.75094514 6.13276694
v 26.80530169 22.57654386 8.89664773
v 26.59402706 24.39044209 8.52292586
v 27.10060396 23.17902165 9.67335139
v 23.95343848 29.41884192 9.43054590
v 24.93972995 29.44445105 9.19296030
v 24.70576086 30.85927906 7.95778591
v 22.68108644 27.03047039 9.78395749
v 23.33194532 27.56387534 10.27166579
v 23.02857407 29.08192964 9.22608111
v 22.26962217 28.59323414 8.79594643
v 20.49037733 27.97646465 5.77132698
v 21.24245383 26.47138776 6.78207237
v 21.30683430 27.21588256 7.57733468
v 22.22916402 26.39263811 9.20850370
v 21.70465954 27.94704678 8.23664699
v 22.30447300 24.50540977 7.01024417
v 23.00947227 23.19280969 8.15802697
v 26.22485079 27.08006742 8.98932699
v 26.54632844 25.71290674 10.30669544
v 26.64343335 25.01985671 9.40923799
v 26.27963342 26.39699223 8.10859833
v 21.59206935 25.87534579 5.91416840
v 25.95484175 28.47294899 7.67535377
v 25.97819485 27.76955904 6.74769018
v 26.14076354 25.74375810 7.22882781
v 25.73795237 27.08608301 5.84460083
v 26.96423151 24.48647412 11.56084795
v 26.47730627 25.03287735 12.45599870
v 25.69378533 29.11300750 8.55908651
v 23.01154502 24.26072003 6.34900887
v 22.30511077 25.58142634 5.16524237
v 23.23042371 25.66815110 4.75484688
v 23.90120544 24.39041751 6.03150833
v 24.53300871 27.82827111 3.67892604
v 25.07345893 26.50343122 5.13738390
v 24.17891689 26.02742108 4.76685237
v 25.92449107 22.14322703 8.61700136
v 25.30781545 28.44802680 4.38929793
v 25.26502528 17.80079061 16.97917167
v 25.07847466 17.92409735 17.98567955
v 24.38471236 18.48723831 17.54471246
v 24.62628104 18.37274598 16.46799181
v 22.83032008 20.05655484 16.75566916
v 22.99769588 20.04117759 17.99313609
v 22.98924394 21.07998597 18.03987507
v 22.78476127 21.24972584 16.77822951
v 25.11863329 18.22629811 18.86084709
v 24.34926995 18.70492788 18.43604628
v 25.44895031 18.82461624 19.25459836
v 25.81722953 17.85197051 19.28586397
v 26.40095272 18.35842857 19.60703913
v 26.94028236 17.86487641 20.02655897
v 27.82911279 18.05558035 19.71042041
v 27.35623636 19.04677616 19.21964321
v 28.77923169 18.43024509 16.99252311
v 28.90419878 17.31315682 17.94288341
v 29.15742018 16.87088402 16.93316136
v 28.91187288 17.98746342 16.00341085
v 28.78887572 16.21818895 14.94986001
v 28.53700139 17.37976538 14.21241049
v 28.74698855 17.65672395 15.11436734
v 28.98515083 16.46078059 16.00959484
v 25.66547014 17.53288114 15.48536901
v 25.50804832 17.70621518 16.05985943
v 24.97683384 18.24884618 15.46523009
v 25.16968467 18.10376512 14.82490782
v 25.46100237 19.66179552 19.91016451
v 25.20119764 19.34764030 19.85933367
v 26.08432390 19.26331239 19.40647695
v 26.21668198 19.86383664 19.15096972
v 23.84553172 18.92264130 12.27100525
v 23.74815859 19.42283453 12.83759657
v 23.55675318 20.40209042 12.37790916
v 23.64465066 19.92568316 11.65868972
v 22.88031348 21.52270095 14.69173167
v 23.69023480 22.68638479 15.06283913
v 23.70865860 22.87681790 14.27341584
v 23.21680703 21.55997025 13.81338570
v 22.76715704 21.39992433 15.65032486
v 23.59879084 22.13135378 16.96021292
v 23.61485281 22.44527729 15.92437510
v 23.70514192 21.76080735 18.19711510
v 24.05015596 19.60976662 10.79144511
v 24.20893230 18.69096847 11.04418818
v 26.59090080 13.92859945 22.57778380
v 26.61046602 14.36412891 22.26707969
v 26.57053389 13.94303141 21.90235142
v 26.58917226 13.51075934 22.23541919
v 26.07018568 19.04729100 10.42668481
v 25.70615925 19.59722506 10.14937718
v 26.54992558 19.88664957 10.37779559
v 26.87070884 19.41957416 10.83627898
v 26.54356279 18.24224757 10.77996675
v 27.26806023 18.73828339 11.38705347
v 27.84880914 14.04885983 23.03569350
v 27.96603658 14.48072249 22.65234027
v 27.46388533 14.64625334 22.68542234
v 27.34111466 14.20654560 23.03493802
v 25.70522942 17.30395982 17.58094315
v 25.54201700 17.46436114 18.52412257
v 26.14741840 16.18327403 19.44709305
v 26.15686275 16.69081876 19.85253576
v 25.88071146 17.06632653 19.19168566
v 26.02279105 16.66045578 18.33931241
v 26.38390877 16.09059850 16.40155945
v 26.30372264 16.18653143 17.20621768
v 26.06535174 16.93155596 16.54276434
v 26.12861909 16.78474674 15.73128138
v 25.98211386 16.25184843 14.66562931
v 25.88586428 15.84751288 14.22386203
v 26.18581571 15.21549353 14.71776996
v 26.30541541 15.56928696 15.26843492
v 26.75007202 14.46424348 16.97794084
v 26.79838755 14.23244717 16.50165651
v 27.18231894 13.65512701 17.11004112
v 27.12397494 13.82269904 17.53484193
v 25.48423030 20.10290341 9.81184278
v 26.36230208 20.40456848 9.93152220
v 28.11586775 15.68107287 13.09768889
v 28.28677215 14.74994419 13.53579495
v 27.63145186 14.45724124 12.77134601
v 27.39522376 15.40810036 12.33489249
v 27.46264853 19.81675716 11.59463707
v 27.22146132 20.31506540 11.06998134
v 28.20482769 13.66432689 22.80623648
v 28.34655561 14.10537137 22.41676632
v 24.74363067 21.89124616 18.29918061
v 24.79969778 22.29746895 16.98105071
v 24.82770600 22.66110646 15.89699868
v 24.85287108 22.97581228 15.12967680
v 24.83796396 23.38640409 14.59461633
v 26.23350539 16.03576670 18.29653118
v 25.77997961 17.31223555 16.67691950
v 25.69983520 17.40101295 15.03725682
v 25.33213415 15.84367173 12.60670755
v 25.36769726 16.11248719 13.32352344
v 24.96721067 16.70359502 13.03833757
v 25.04240789 16.37057046 12.06367795
v 26.54445984 15.13059082 12.15566728
v 26.81310393 14.29606339 12.64918033
v 26.23758533 14.33184518 13.05595521
v 25.94634213 15.03078023 12.57746402
v 25.55256702 20.10512220 20.04124407
v 25.99069991 20.50844895 19.04371414
v 25.17445304 18.72268336 10.44303734
v 24.89687123 19.41849979 10.25483195
v 24.64714863 20.15189173 10.05022857
v 24.42174025 18.72079240 13.77895806
v 24.35895421 18.82451044 14.21065513
v 23.44936349 19.91054954 13.75397179
v 23.66528131 19.71860545 13.21815286
v 23.71794649 18.97865029 15.92398468
v 23.54038574 19.08253076 17.09310148
v 22.92632528 20.01970427 15.50413553
v 23.41254123 20.87833600 12.97106031
v 23.42741557 21.71436267 12.62799982
v 23.55691262 21.18815946 11.95948158
v 23.68021824 20.66029476 11.21257279
v 24.04019751 20.28635832 10.48698906
v 23.34342964 22.44461792 12.08206896
v 23.40372123 21.89943435 11.42478321
v 23.58726480 21.36488946 10.68371717
v 23.95088293 20.97575905 10.01608778
v 26.98065259 21.64022492 9.81036160
v 27.05606141 20.89804502 10.49492467
v 26.19933702 21.13082277 9.36098430
v 23.88182797 23.58692752 13.51583783
v 23.52061339 23.01732020 12.77104501
v 23.45807769 22.30675312 13.37618563
v 24.72050108 23.96903725 13.93527720
v 23.17893424 20.06067576 18.93579397
v 23.73042174 19.39707415 18.94692365
v 23.75226386 19.35988681 19.68070451
v 23.29313673 19.91154866 19.76340745
v 26.28384449 17.50232557 19.74784914
v 26.56714537 17.08413603 20.25525455
v 27.24438824 17.29969734 20.44526074
v 24.49751862 17.80654656 11.28170971
v 24.20998283 18.02454310 12.37074468
v 26.30973377 15.69488475 19.17831931
v 28.03751149 14.99635315 22.18203131
v 28.06865193 15.90441594 21.39112536
v 27.42910900 16.06761681 21.43774811
v 27.48670198 15.15797654 22.24811051
v 26.88637592 14.98173455 19.55357079
v 27.08326199 14.56085386 20.17150257
v 26.61094584 14.93075004 20.29211108
v 26.50615491 15.41262770 19.73960582
v 26.75684013 13.95433264 15.90431664
v 27.09041156 13.49322664 16.39413718
v 28.61283638 16.04618857 18.81866489
v 28.64892103 17.87369082 18.90160773
v 28.61689546 16.87353903 19.60259263
v 26.37829103 15.85138457 15.77921990
v 26.54307105 14.87358825 15.88707898
v 26.54738345 15.13522973 16.37833748
v 26.35454752 15.65759162 18.33923493
v 26.42519989 15.63193107 17.72692684
v 26.59903385 15.17610529 18.31724379
v 26.48882486 15.35141392 18.90988086
v 26.03773393 16.05209502 11.54182214
v 27.15688564 16.43401811 11.78434450
v 26.96181752 14.60227722 22.54352007
v 26.89572193 14.16295467 22.86116365
v 25.27924695 20.87040039 9.37007848
v 24.51868125 20.81344070 9.58960760
v 26.08588256 16.57109426 15.16286317
v 28.37837853 18.85198372 18.06080077
v 25.62050738 17.22044179 14.56975374
v 28.47161510 14.06078095 15.45805220
v 28.62935283 13.44789581 15.92882756
v 28.03259112 13.24971391 15.72934572
v 27.90775814 13.68310589 15.17774645
v 27.29669430 13.79054774 21.02425132
v 27.41185047 13.29865724 21.52518515
v 26.89465799 13.53987016 21.63561020
v 26.76686265 14.07697702 21.15431909
v 26.33371272 15.85923562 19.98367343
v 26.37661018 15.34924040 20.56845907
v 26.43984475 15.75951258 20.93635980
v 26.36838772 16.32418873 20.33779506
v 26.76758983 16.62620025 20.67384455
v 26.86464407 16.00221859 21.24994878
v 27.96819129 13.75134604 21.14068303
v 27.81335034 14.50974902 20.33707533
v 28.41231145 14.93202055 20.61152939
v 28.43810536 14.11897836 21.49531875
v 28.24519791 18.50762198 13.52167312
v 28.25052955 17.03558395 13.32628165
v 27.97974267 18.15090532 12.70425353
v 28.85476865 15.10642616 15.69631580
v 28.34968485 14.78765270 14.68622867
v 28.47873487 15.91344418 13.98086730
v 27.87225463 16.75855311 12.55795244
v 27.86500968 14.96307587 19.15605698
v 28.46481421 15.09039251 19.04105727
v 28.28626551 15.47131294 19.70285509
v 25.44796683 16.84900129 13.97474740
v 26.95852735 15.12631903 22.09029529
v 26.91977241 22.57209735 14.71462581
v 27.03924992 21.97163941 15.30787233
v 27.90339210 21.28411027 14.43021778
v 27.62890079 22.05256539 13.90524540
v 26.49799504 14.48922994 21.45959172
v 26.53551914 14.88521451 21.82467166
v 26.87950351 13.60000622 15.42481516
v 27.22993412 13.25223053 15.22157524
v 27.48862721 13.05067095 15.67670290
v 27.20622637 13.26834232 15.92365537
v 27.61988856 17.82026494 11.96373586
v 28.40315320 14.00205975 13.80965892
v 27.79473581 13.66792729 13.15337453
v 27.72970416 19.11016645 12.10651729
v 27.82120027 20.27956339 12.46029172
v 28.01012613 19.51549815 12.91946802
v 28.83775153 15.11726359 17.01532785
v 28.45823683 18.78594996 14.31561295
v 28.18603732 19.85313164 13.69818930
v 27.97726907 20.77780606 13.29650465
v 27.79724516 21.45838978 12.87856583
v 27.61876800 20.89261131 11.99994195
v 28.44519534 14.62237479 21.91387896
v 28.38208594 13.62136815 22.00985734
v 27.27121033 22.27781953 10.65944392
v 27.42730298 21.52924927 11.41586337
v 27.35179879 22.87807630 11.57287765
v 27.60726728 22.11443501 12.32378814
v 28.10899534 20.52434998 15.35323594
v 28.26243855 20.15941458 14.52531401
v 28.46275188 19.46670206 16.10980813
v 28.59271385 19.09356060 15.15425626
v 29.14976098 15.76540673 17.82504056
v 27.88934328 12.34287924 22.71366004
v 27.47503736 12.24594374 22.51399938
v 27.45405354 12.83131976 21.94360677
v 27.95000889 12.89155225 22.14980159
v 27.98605778 13.31113240 21.67291228
v 28.27936031 13.20158931 22.44653288
v 27.92814292 19.84976323 17.19591651
v 26.91808559 14.76523725 18.88964806
v 27.19578065 21.06759789 16.43920574
v 26.66304924 20.85461112 17.97650937
v 27.24215307 20.01069428 18.41675226
v 25.99732496 22.01976644 16.86891500
v 26.00504376 22.52042012 15.79911444
v 25.85340061 23.40839820 14.59947560
v 25.93741335 22.95374962 15.07041339
v 25.70982792 24.08390584 13.97624645
v 25.78563013 21.59138413 18.13482974
v 26.59538307 12.89036612 22.62796197
v 26.52472772 13.30885056 22.98964892
v 26.79545500 23.13131856 14.21350870
v 26.65195086 23.90621247 13.49407617
v 23.58341434 19.20749040 18.15996651
v 25.08401491 17.86150167 14.03125558
v 24.85614933 17.61476154 13.53685144
v 24.59053912 17.30962561 12.72105757
v 24.76218261 17.03255268 11.64106984
v 27.28854336 23.49252718 12.59683255
v 23.05708595 22.90868627 10.65759320
v 23.27693768 22.37964140 9.94407866
v 27.05277421 23.80412983 10.59436832
v 26.77957334 13.54805248 23.28615073
v 27.83497192 13.60991055 17.47607175
v 27.77313210 13.61386625 17.68766526
v 23.14554371 20.87486180 18.97949014
v 23.31868776 20.55420147 19.87978403
v 24.59609725 20.93456777 20.32637630
v 24.64347400 21.49915414 19.38420568
v 23.72452833 21.43385800 19.19909749
v 23.82427969 20.91552408 20.11457566
v 24.39664074 18.54487898 13.45865313
v 24.32954677 18.28761453 13.04182444
v 26.87119760 17.39985066 11.25541661
v 25.78935542 17.00845415 11.01123873
v 27.39300646 16.73484610 20.84609155
v 28.04525711 16.58213975 20.70701901
v 28.01837542 17.22983437 20.21510188
v 28.49576392 15.48895406 21.02325890
v 27.61261680 14.94400797 19.69985399
v 27.41564133 14.80219306 19.25554905
v 24.09944304 18.90777590 14.92226455
v 23.17614474 19.97268738 14.51296989
v 24.59338226 19.14383190 19.65017054
v 24.45684590 19.02492659 19.04135231
v 26.50040307 15.44078717 16.99551229
v 28.93794395 14.33518080 17.97818277
v 29.11142923 14.91071263 18.52798794
v 26.68156840 14.87459371 17.56145988
v 27.18650915 13.57440565 23.49414710
v 27.68417515 13.42693724 23.51615016
v 28.53612222 16.16861651 20.25704268
v 26.45748772 14.53868503 15.30117128
v 28.41497876 13.86715693 17.81317625
v 28.60261418 14.20276443 17.18518470
v 27.02092149 13.71962827 13.04534260
v 27.46976532 22.67453613 13.36356584
v 26.91881575 13.08317751 21.96235839
v 26.92941346 12.47005743 22.40992073
v 28.11261930 12.64373453 22.94949625
v 28.05968143 13.08099188 23.25850908
v 25.46415545 17.93315576 10.68526168
v 25.20070889 17.98093410 14.42295346
v 23.63954403 21.98549302 9.26980484
v 25.51920630 21.17344158 19.23608665
v 25.28581538 20.60637789 20.24751488
v 26.93071582 14.36180489 18.06505505
v 28.26247730 13.98398520 14.62111358
v 28.78213145 13.76214137 17.27040295
v 29.03812744 13.70053615 16.58182178
v 28.94633927 14.31132628 16.19434688
v 28.31031301 13.54929877 17.51754318
v 27.97058739 12.56046633 23.68473742
v 28.02436568 12.14914672 23.37397967
v 27.59489336 12.89464694 23.95586703
v 27.11084105 13.06362178 23.85701720
v 26.74788751 13.07698803 23.61568991
v 27.82066383 11.87462055 23.13206229
v 27.44840898 11.81320197 22.92361889
v 26.94868364 12.05037486 22.79078994
v 27.74121680 11.45275243 23.46276973
v 27.92827703 11.64295676 23.78309850
v 27.30636217 11.92032474 24.73523799
v 27.55297937 11.71833163 24.72176734
v 27.63523080 11.97115267 24.49235652
v 27.53854014 12.31258238 24.40535907
v 27.20651247 11.49477789 24.95818619
v 27.48769440 11.34109002 24.95877329
v 27.78967835 11.47174219 24.52050779
v 27.82181122 11.82580360 24.28064678
v 27.74989821 11.07445115 24.78111569
v 27.78323509 10.83251571 24.48980395
v 27.80456163 11.22123318 24.23904870
v 27.84923830 11.56800332 24.08683185
v 27.88645544 12.10488151 24.06091277
v 27.20841982 11.05992280 25.06790344
v 27.38692083 10.61720455 24.94023029
v 27.65918889 10.74776042 24.97852925
v 27.45836296 11.05414283 25.08842532
v 27.06324973 12.57167713 24.22023896
v 26.96621038 12.02258268 24.55688004
v 26.89177610 11.51803036 24.79523603
v 26.93321921 11.03637533 24.89573840
v 26.66227438 11.93458811 24.36065409
v 26.67530396 11.40511556 24.59297363
v 26.74940743 11.00047909 24.67004541
v 26.49898149 11.70671143 24.09969602
v 26.59183957 11.20938415 24.38262437
v 26.70855143 12.60097453 23.94739870
v 26.51078619 12.42503961 23.63480363
v 26.69274129 10.96895997 24.49163381
v 27.13780918 10.60412133 24.76268891
v 27.78256454 11.08335590 23.98162667
v 27.68201746 10.67943590 24.25909225
v 27.61341550 10.98631209 23.78093783
v 27.50212469 10.60947383 24.10232458
v 27.75184431 10.58030890 24.69111566
v 27.58876302 10.44375615 24.57467798
v 26.52569332 12.88738584 23.29381291
v 26.62615098 12.46348868 22.94115756
v 26.59925141 12.04063315 23.28972403
v 26.56930007 11.35296308 23.75538532
v 26.93178274 11.65185555 23.13648496
v 27.39424922 11.39578929 23.26857034
v 27.34003582 10.95228231 23.65431968
v 26.93192877 11.06720807 23.57966784
v 27.23178484 10.62117832 23.99300072
v 26.93779387 10.72700655 23.97526983
v 26.68363668 10.93758538 24.13807843
v 27.11669423 10.50944364 24.28860549
v 27.35477306 10.43645905 24.41496883
v 26.93794586 10.67210862 24.54571609
v 26.79915049 10.76330625 24.35891364
v 26.94212117 10.62361671 24.21537075
v 27.40766623 11.50125030 20.77426348
v 27.42835202 12.13904375 20.41047547
v 27.45369591 11.81583910 20.00476752
v 27.45649733 11.15618998 20.36777023
v 28.58416655 11.90813254 21.27051536
v 28.70365896 12.47555444 20.89639638
v 28.11494090 12.49678995 20.90334777
v 27.99555280 11.89787905 21.25528935
v 28.99834730 11.59424817 20.86443488
v 29.13733937 12.16133892 20.48419748
v 28.75399806 13.15615008 20.44449035
v 28.61544408 14.24227318 19.63039074
v 27.98544981 14.18172771 19.60617785
v 28.14547040 13.15183908 20.45014087
v 27.88041451 13.03117548 18.20133362
v 27.42409625 13.27680161 18.28739528
v 27.67878689 12.35186233 20.69750611
v 27.58747258 11.73819437 21.06832150
v 28.05560150 11.97827531 19.01465837
v 28.13266732 11.27129642 19.50392608
v 27.69655206 11.48439793 19.66733817
v 27.60231115 12.18374848 19.17178366
v 27.19647207 13.66033506 18.67400590
v 27.15610780 13.99963943 19.19439767
v 27.49202170 14.13201967 19.50088028
v 28.63572754 11.98801704 19.10204176
v 28.54039587 13.06333279 18.34748272
v 29.05886688 13.43556510 18.68850920
v 29.09024276 12.30954186 19.47721873
v 27.64720537 13.04663097 20.26763741
v 27.36340680 12.54048918 19.52965144
v 27.33675160 12.86118913 19.97109536
v 29.20344986 12.83192786 20.00791017
v 29.03719463 11.65034434 19.94993869
v 28.59410264 10.04002893 20.63602541
v 28.17915895 9.87953747 20.47846798
v 28.15095105 10.64364201 19.90204487
v 28.61568548 10.74509321 20.05196098
v 28.62059690 11.32148614 19.62131742
v 28.95639755 11.11171411 20.37676755
v 27.44987227 10.23621799 20.88555280
v 27.36347534 10.62190084 21.27995376
v 27.51066007 10.86676231 21.57882486
v 29.19934906 13.96468243 19.22845278
v 27.87832834 11.03221493 21.73508439
v 28.44445624 11.09300133 21.75947461
v 27.70083167 10.81904115 20.03003690
v 27.71034457 9.96767653 20.55429254
v 28.86496105 10.38028447 20.91728781
v 28.88072350 10.83558638 21.35741148
v 28.77597131 10.13936678 21.76880125
v 28.77404310 9.74532085 21.34132121
v 28.38454463 10.39592063 22.16899131
v 27.85181322 10.41420603 22.10640345
v 27.51561024 10.31216474 21.90772478
v 28.56496193 9.46424415 21.08876143
v 28.20404090 9.34754217 20.92105780
v 27.75150456 9.46865732 20.92812542
v 28.52662124 8.89494361 21.48427103
v 28.72678258 9.04942023 21.78797755
v 28.13364782 8.65832472 23.09840653
v 28.44468572 8.56120864 23.07831232
v 28.45786132 8.98592452 22.81872366
v 28.21110405 9.17636378 22.89001379
v 28.53420593 9.26892811 22.60943983
v 28.38922956 9.66075825 22.57463519
v 28.75339009 8.73811299 22.58480821
v 28.68620970 9.12926884 22.35057984
v 28.74647893 8.29959715 22.86255840
v 28.74699451 8.09497291 22.52855484
v 28.69056680 8.59782117 22.26219956
v 28.69346358 8.91988816 22.10255299
v 28.20044376 8.15040672 23.22773967
v 28.45353105 8.20935087 23.24239794
v 28.73594679 9.50295812 22.13399146
v 27.88444080 9.85763965 22.41960500
v 27.84266688 9.23418177 22.76753072
v 27.83843197 8.61547457 23.00548438
v 27.92644717 8.10239667 23.09098873
v 27.50681259 9.15514620 22.54630212
v 27.58845307 8.54029225 22.81558696
v 27.74068632 8.09771249 22.85604064
v 27.34718539 8.93247144 22.21707586
v 27.49966301 8.35687945 22.53224287
v 27.52440788 9.81826929 22.17765484
v 27.36557641 9.64110026 21.82959948
v 27.66159095 8.08744671 22.65178595
v 28.16278257 7.73657652 22.92232100
v 28.44058194 7.74544532 23.08519069
v 28.74547460 7.89177546 23.13649092
v 28.59901704 8.48601440 22.04911891
v 28.57526459 7.98405686 22.36914072
v 28.48905839 8.33183283 21.85255323
v 28.43875505 7.87588077 22.22358171
v 28.77318778 7.75905827 22.76462052
v 28.58136215 7.66371841 22.69522134
v 27.38203325 10.08459514 21.58621881
v 27.46740200 9.76102332 21.21268544
v 27.44713940 9.32744460 21.45850990
v 27.47371115 8.62445140 21.84140865
v 27.77017571 9.02505385 21.20437358
v 28.22609760 8.84680690 21.27332125
v 28.23287763 8.30231847 21.68280218
v 27.84086384 8.39259492 21.62338827
v 28.21308889 7.88952986 22.09713493
v 27.91862406 7.96420032 22.04440121
v 27.61225917 8.12424624 22.21013341
v 28.13976624 7.70291405 22.42344651
v 28.35575559 7.63369257 22.56841544
v 27.94324078 7.79501477 22.69919101
v 27.77548351 7.90392550 22.48293791
v 27.95113840 7.81090984 22.30688218
v 27.68576362 10.88019477 18.54919080
v 27.70839252 11.40930604 18.25415675
v 27.56908752 11.21949915 17.80682985
v 27.53996768 10.67206038 18.09424643
v 28.85531404 10.98395789 18.74630634
v 28.93872478 11.62561074 18.45188174
v 28.50313701 11.60011848 18.60284541
v 28.47418704 11.01605499 18.87704317
v 29.07994904 10.78237424 18.34656183
v 29.16681983 11.43017428 17.97569577
v 28.93945493 12.25622131 18.12227402
v 28.86558988 13.10329305 17.61432324
v 28.32874872 13.00947636 17.77136061
v 28.45012464 12.19068448 18.30237839
v 28.06859233 11.51750053 18.52755729
v 28.05753269 10.97182592 18.81635521
v 27.88060524 11.48966619 16.76456217
v 27.99928107 10.87106716 17.17212234
v 27.69492485 11.00849889 17.40386073
v 27.59178795 11.63726708 17.01901887
v 27.31409885 12.84480647 16.83512066
v 27.44334855 12.97172572 17.34426055
v 27.82412388 12.97755994 17.63662133
v 28.41873385 11.48057476 16.73722450
v 28.23455848 12.48264097 16.16842184
v 28.83007147 12.65201318 16.42433737
v 28.97132256 11.73172801 17.02046279
v 27.98018672 12.08386276 18.20808832
v 27.44160213 11.82599625 17.44732890
v 27.59248533 11.99208713 17.92568449
v 29.16754701 12.08159291 17.58320663
v 28.97403457 11.11175621 17.44255457
v 28.58360924 9.46136618 18.11793927
v 28.15608301 9.40463783 18.02023534
v 28.03831317 10.27148793 17.47226451
v 28.53312709 10.29230801 17.53207181
v 28.48397412 10.87142842 17.13892553
v 28.94589521 10.49215177 17.86274795
v 27.58045711 9.83588638 18.52766607
v 27.64574804 10.07081939 18.94797418
v 27.99502530 10.17316764 19.20417581
v 29.12385084 12.95009887 17.04973910
v 27.67649509 12.49529678 16.17393676
v 28.35144915 10.19260900 19.28715889
v 28.72584679 10.14045643 19.20899335
v 27.69860842 10.43990290 17.68558208
v 27.76094594 9.57915185 18.14147715
v 28.92265238 9.67435928 18.41308955
v 29.00327661 9.96422058 18.83849684
v 28.95264544 9.36058329 19.19805888
v 28.91499021 9.08451581 18.76316551
v 28.67465832 9.52681860 19.58075497
v 28.28327336 9.58883928 19.60099522
v 27.95024731 9.61094180 19.47528903
v 28.58517386 8.89886336 18.49532161
v 28.21491577 8.86176879 18.41346208
v 27.82433547 9.08113809 18.46762333
v 28.56410064 8.44724009 18.74482814
v 28.83641042 8.54502449 19.09262870
v 28.42174985 8.02350545 20.42402510
v 28.62937071 7.93253684 20.34218643
v 28.60482254 8.33434330 20.10346983
v 28.45306315 8.46430937 20.22268508
v 28.68152775 8.62571577 19.92250417
v 28.62825908 8.94695761 19.89405338
v 28.84920158 8.18460526 19.85079978
v 28.84886779 8.55687352 19.65747360
v 28.86131026 7.75842013 20.06190453
v 28.80358316 7.62494410 19.68299482
v 28.78207781 8.05907080 19.48272768
v 28.84060957 8.39566568 19.38184831
v 28.47734608 7.59183558 20.49963806
v 28.66456725 7.62101242 20.44525776
v 28.87250103 8.87795890 19.47044764
v 28.25407602 9.11789516 19.85604648
v 28.16977121 8.55689177 20.16851340
v 28.14903774 8.05568712 20.37608657
v 28.18624594 7.61511827 20.39780799
v 27.88567760 8.56789181 19.98636458
v 27.90913500 8.04854611 20.19290362
v 27.95775451 7.67185854 20.20647410
v 27.66316452 8.51337293 19.72813342
v 27.75088467 7.98892172 19.95769326
v 27.92455472 9.14690977 19.68566213
v 27.67926373 9.12173668 19.40053139
v 27.85780050 7.72065723 20.02631310
v 28.30898978 7.26915466 20.11157606
v 28.62351753 7.25471059 20.23761157
v 28.86692204 7.39179308 20.24143670
v 28.69763293 8.00101178 19.21469752
v 28.66094031 7.55401867 19.46525756
v 28.48666825 7.97099190 19.02304176
v 28.46011140 7.52625035 19.34286390
v 28.83603193 7.35128501 19.88876049
v 28.68375697 7.26297738 19.79675029
v 27.69433476 9.56245603 19.20441721
v 27.63913788 9.36785040 18.80745474
v 27.64152803 8.95526649 19.04305253
v 27.65436687 8.31400508 19.37589083
v 27.84970321 8.69809853 18.70664690
v 28.21414985 8.49494318 18.65670715
v 28.19184877 8.00180638 18.96276806
v 27.88283147 8.14410912 19.04894147
v 28.19583632 7.57075043 19.29755095
v 27.94078209 7.68137740 19.37334720
v 27.75427916 7.83284361 19.64259926
v 28.17659893 7.36133957 19.61045895
v 28.44076373 7.27354379 19.67944983
v 28.06394615 7.40693564 19.97560892
v 27.90293612 7.56885985 19.83414028
v 27.99014070 7.48729574 19.59364299
v 27.43150808 12.67945616 16.41977910
v 27.55371847 10.93096247 15.36528949
v 27.53809609 11.41813265 15.23248140
v 27.39604034 11.33984968 14.87917934
v 27.40941562 10.86018754 15.00277851
v 28.63847830 10.89794420 15.36680047
v 28.66575636 11.46531187 15.21379385
v 28.29497971 11.49444676 15.47244225
v 28.28965106 10.93764564 15.61824266
v 28.72708060 10.79770930 14.88136832
v 28.76549580 11.36522748 14.68634341
v 28.59006741 12.12828451 15.03007297
v 28.44086506 13.18854818 14.76691101
v 28.02276530 13.03523954 15.05901847
v 28.20190408 12.13058447 15.29934291
v 27.18586244 13.27771077 13.35425411
v 27.31754996 12.64560097 13.63370005
v 27.09147551 12.65940075 14.00389109
v 26.83693685 13.33981574 13.70675597
v 27.87193574 11.47314504 15.45762751
v 27.88772501 10.94316671 15.58431272
v 27.51831927 11.74488355 13.98067061
v 27.64131345 11.17382504 14.17950574
v 27.43326940 11.24174016 14.50863514
v 27.29495682 11.77505397 14.33311883
v 26.75919153 13.36282732 14.20529071
v 27.06000425 12.71198073 14.42583684
v 27.21486308 12.82189114 14.78883062
v 26.85082771 13.37146729 14.73353539
v 27.52973058 12.88469451 15.01558755
v 27.92457261 11.78792653 13.81355111
v 27.71047570 12.72354678 13.46548382
v 28.20404984 12.91614136 13.53241388
v 28.40638377 11.87839562 13.96573965
v 27.77110853 12.04965236 15.28571878
v 27.27551379 11.86159750 14.70847610
v 27.42786624 11.96253084 15.06853435
v 28.70068171 12.06349426 14.48445950
v 28.48320820 11.23473186 14.22075812
v 28.06827046 9.97116247 14.43492804
v 27.73936607 10.01010535 14.50796459
v 27.67923691 10.65734549 14.31789581
v 28.06938805 10.63060088 14.20112435
v 28.04092385 11.16596188 14.03189335
v 28.47881534 10.67574525 14.41183273
v 27.43643441 10.24121529 15.16141776
v 27.56583609 10.27667185 15.54322872
v 27.87380733 10.29524019 15.75594578
v 28.58716168 13.18096796 14.12583027
v 28.23334553 10.25570741 15.80332998
v 28.55624773 10.20367535 15.59274230
v 27.45560326 10.75308284 14.62955806
v 27.51350321 10.12373658 14.79589824
v 28.43797423 10.00495141 14.64476023
v 28.65955152 10.12699397 15.11035446
v 28.65430631 9.58437191 15.31199548
v 28.44999351 9.45993921 14.85183571
v 28.52025547 9.68068725 15.77256058
v 28.22196700 9.75763349 15.95199887
v 27.86171057 9.83433908 15.85186008
v 28.05852212 9.47512368 14.62655995
v 27.78212347 9.55298523 14.69532732
v 27.59000577 9.69218088 14.94393084
v 28.09315242 8.99907405 14.82525352
v 28.44714143 8.93123725 15.08601640
v 28.26656320 8.38480422 16.30606685
v 28.43626656 8.35578347 16.17765758
v 28.42953124 8.65512768 16.06142853
v 28.31173160 8.78046954 16.19554494
v 28.50624241 8.93667394 15.89870039
v 28.45808186 9.19255370 15.94558988
v 28.57972600 8.58927162 15.74785296
v 28.57469537 8.90723223 15.60825739
v 28.59360494 8.20979642 15.87701026
v 28.42045941 8.10833925 15.50020460
v 28.45523276 8.46159363 15.36502127
v 28.51689674 8.76219625 15.32640044
v 28.27446677 8.00548511 16.30000953
v 28.45057168 8.06347186 16.23530720
v 28.61060121 9.17708015 15.48915390
v 28.18582572 9.33973918 16.07095931
v 28.11167159 8.86287669 16.25161950
v 28.04706313 8.35300813 16.37097482
v 28.02773335 7.96320083 16.26129929
v 27.86207416 8.93057490 16.14079211
v 27.82580175 8.42402967 16.22279916
v 27.82927074 8.07733776 16.14289317
v 27.65740671 9.00933350 15.92195813
v 27.67362811 8.50407088 16.03320573
v 27.90414311 9.44848748 15.98546837
v 27.66658582 9.53123195 15.75161401
v 27.72220888 8.21752118 16.03741381
v 28.05378057 7.80261288 15.97059701
v 28.30453135 7.76786076 15.99629108
v 28.56216945 7.87834914 15.97368602
v 28.30518105 8.44958218 15.15557204
v 28.23934474 8.05298368 15.35022292
v 28.05646576 8.53783580 15.03403518
v 28.01208415 8.07748826 15.32799635
v 28.44650962 7.86393525 15.65878723
v 28.26251306 7.80634599 15.63037817
v 27.60955610 9.85003540 15.63686017
v 27.50559666 9.81188135 15.31622294
v 27.53606059 9.48181281 15.41763131
v 27.54904248 8.98211354 15.61438624
v 27.60990777 9.33291147 15.07175300
v 27.80727961 9.16111281 14.85494558
v 27.81012275 8.66125094 15.08450840
v 27.60693647 8.82982219 15.27997438
v 27.80395367 8.20325779 15.38334373
v 27.65687325 8.34621059 15.54223929
v 27.60206975 8.47061293 15.79489742
v 27.84233608 7.96692165 15.68042968
v 28.02566804 7.84049014 15.63955430
v 27.85290696 7.94316361 15.93186889
v 27.71792032 8.13971365 15.88853929
v 27.73103632 8.11006704 15.71533863
v 27.54711427 13.27217760 13.24076686
v 25.47491707 19.60143091 21.06954936
v 25.35044171 19.19958161 20.86173479
v 24.37007048 18.84586977 20.58390562
v 23.71441342 19.07982396 20.60927782
v 23.34019907 19.59295364 20.77157233
v 23.50230582 20.05523311 21.00264613
v 23.94989200 20.32856735 21.22768644
v 24.98615601 18.90674921 20.70847634
v 25.26537396 20.09019645 21.27083276
v 24.62020137 20.37712501 21.34316597
v 24.64853742 19.88552081 22.31504355
v 25.30685284 19.64359449 22.18144719
v 23.95311512 19.86746432 22.20713530
v 23.47472378 19.63369640 21.88372050
v 23.32147874 19.25553324 21.50372747
v 25.52953281 19.19808852 21.86714146
v 25.38210072 18.81438958 21.55832384
v 24.90835108 18.58038994 21.31428156
v 25.55944242 18.80393716 22.65691642
v 25.36398985 19.05758323 23.24577902
v 23.87795516 18.72343587 24.15388707
v 24.23609414 18.89706196 24.30816773
v 24.19167974 19.09270601 23.89440272
v 23.82253327 18.99816336 23.69636331
v 24.27730181 19.21426969 23.61086939
v 24.00285222 19.33384927 23.21051989
v 24.78704967 19.10752000 24.03358702
v 24.75922920 19.18765174 23.70467518
v 25.32847144 18.88944225 24.00702868
v 25.20064928 19.07706948 23.73087440
v 24.82467808 18.95976307 24.48033277
v 24.33932938 18.71439533 24.64860860
v 24.78653707 18.68995668 24.79195479
v 24.13681217 18.48304773 24.60740987
v 24.71120872 19.37310563 23.25260971
v 23.50613393 19.21097057 22.68828485
v 23.53724011 18.80773993 23.38267449
v 23.68009456 18.45529171 23.96347109
v 24.05274131 18.16263402 24.40967295
v 23.47135015 18.44430657 23.05607978
v 23.74476709 18.12683696 23.71059690
v 24.11629029 17.94840338 24.11101196
v 23.75804253 18.13498305 22.76111875
v 24.01916005 17.92462112 23.49899743
v 23.31713953 18.89106797 22.17227552
v 23.62901040 18.55245324 21.80635814
v 24.22690012 17.84060614 23.89850650
v 24.62692477 18.00253371 24.60915927
v 24.69358661 18.30579432 24.87434331
v 25.53380646 18.64084171 23.77297763
v 25.32209672 18.74998154 24.41849295
v 25.48607208 18.41529215 24.25665591
v 25.56505420 18.38842126 23.39757267
v 25.44160702 18.11043004 24.00928173
v 25.20579018 18.60637235 24.72799305
v 25.24533488 18.29273196 24.66957752
v 23.65191646 18.84330155 21.21410403
v 24.25848462 18.57649999 21.17359523
v 24.25448366 18.32330579 21.74432013
v 24.35929247 17.95001680 22.65881036
v 24.92661693 18.28659380 21.92430083
v 25.43968179 18.48834919 22.24721048
v 25.39205768 18.13368553 23.09038375
v 24.97011044 17.94755736 22.79372845
v 25.23182549 17.90317500 23.74657426
v 24.90945675 17.80672388 23.53173230
v 24.45630648 17.80048328 23.46379045
v 24.97152009 17.83691252 24.13054440
v 25.13827898 17.98974553 24.44089685
v 24.56465878 17.85621213 24.25889853
v 24.52993907 17.79571192 23.92191026
v 24.82305982 17.78877581 23.89430437
v 26.49702646 13.79070429 13.42222873
v 26.37527802 13.90257755 14.00779519
v 26.10128142 14.52058049 13.60373680
v 25.71856298 15.18948952 13.11000917
v 25.64416744 15.61918797 12.16105107
v 25.77181675 15.48144015 13.71609155
v 26.13202550 14.78778532 14.17664919
v 26.48553469 14.01823776 14.72498808
v 25.56838610 16.28481874 13.85461573
v -2.35852010 91.53890254 11.13599349
v -2.00656576 91.52417423 10.97523306
v -1.80319257 91.01335647 10.58550883
v -2.08121191 90.92918279 10.71557958
v -2.41652604 90.86454751 10.81755493
v -2.81520437 90.84517004 10.86008061
v -3.39799419 91.52217748 11.13826517
v -2.85025823 91.57291891 11.24422658
v -4.31072272 91.04824306 10.55469174
v -4.12449099 91.18521454 10.62611375
v -4.23497453 90.94867947 10.57248820
v -3.64732936 90.88884832 10.77164594
v -4.00452360 90.94510319 10.63212488
v -1.57212967 91.40690209 10.60216833
v -1.46596681 91.32454040 10.46944592
v -1.75584981 91.46065952 10.78115139
v -3.23890846 90.85759761 10.84811051
v -1.47430885 91.21911170 10.41365225
v -1.59398892 91.11305120 10.45647968
v -3.83937776 91.39789583 10.89234088
v -2.38463439 91.08987095 10.89845110
v -2.79713522 91.06571319 10.96680570
v -3.29912480 91.30717160 11.06419746
v -2.79942013 91.32308008 11.11846004
v -3.61949585 91.07628705 10.85423041
v -3.85562449 91.06894376 10.73951159
v -2.07472264 91.11981632 10.79438586
v -3.23638513 91.07521417 10.94755862
v -2.35622793 91.34435894 11.03048880
v -3.91015194 91.15270020 10.75681184
v -3.70640724 91.25386717 10.91771830
v -1.54449323 91.27571823 10.47764901
v -1.55913706 91.23901965 10.47051136
v -4.33154113 67.99608709 3.06144949
v -4.40725617 66.28030779 3.59261852
v -2.04072136 91.32823588 10.86108718
v -1.66777016 91.19044187 10.53072099
v -1.84476941 91.15554335 10.64468730
v -1.82055102 91.31118299 10.70427183
v -1.65036849 91.29710438 10.57496924
v 14.46263262 53.09752764 2.94679325
v 13.22200366 52.66228559 2.38642223
v 18.52681555 54.01301922 0.49402291
v 18.92974295 54.52285649 -1.33673152
v -0.37058574 36.94923313 8.15111358
v 10.06743901 43.32553985 -5.41064445
v 10.26932292 45.48224451 -5.60996909
v 5.05109609 45.15614154 -10.63961577
v 6.69086643 44.82533278 -9.76010453
v 9.07519602 42.86848249 4.35311232
v 9.06054371 40.83929600 4.38283678
v 3.88851494 41.73433723 7.36637596
v 3.75765443 39.41095712 7.32469890
v 7.45958381 38.25239481 5.89149777
v 8.29851769 39.62266685 -8.02544694
v 8.02243121 41.95945503 -8.25658854
v 9.15792130 41.61383750 -6.79571073
v 9.55070772 39.40038921 -6.70804609
v 3.19990769 42.86184849 -10.79007726
v 3.21139463 45.34917118 -11.05539989
v 10.44562005 45.38268091 2.64372952
v 11.18854352 45.77987136 0.47915677
v 11.30925857 46.78222181 -3.80264860
v 10.74499108 47.49160947 -5.75907607
v 8.50758918 49.18398799 -8.98535442
v 9.79031839 48.35268499 -7.46226203
v 2.05792647 43.90259923 7.92394240
v 0.15760839 46.11955525 7.99364183
v 9.09603380 45.04691007 4.41318188
v -4.06914211 43.44895722 7.58166123
v 5.25972128 52.92161645 -11.64911579
v 7.14759000 52.46590318 -10.62362458
v 11.43195846 46.23393359 -1.69347379
v -3.33600126 61.84119226 5.77638816
v -3.53779092 60.18051149 6.30712468
v -1.92498590 60.59986295 7.00880248
v -1.65551256 62.22897710 6.43569116
v -0.31839882 60.78640165 7.55371261
v 1.23175376 60.88221015 7.94372816
v 2.71548436 60.88085117 8.17736793
v 6.37801879 60.25190892 8.00026242
v 5.29671453 60.56740524 8.21645219
v 8.18731629 59.28395631 7.06945319
v 7.33190768 59.84324457 7.63740201
v 8.82817649 58.42426362 6.16375912
v 9.34241333 57.46420564 4.95103855
v 10.02031930 56.51233437 3.77620641
v 10.31807431 57.50819387 3.53808213
v 8.89211886 56.35405423 5.22765104
v 8.30045559 57.40468444 6.34040643
v 7.63414048 58.17742290 7.27178339
v -4.86793451 55.58163466 6.38282035
v -4.44454073 53.02509012 6.47163946
v -4.27125103 69.65151670 2.58075386
v 20.30086138 33.12554600 -1.65333025
v 24.19540801 27.92062851 10.56856249
v 3.29288871 73.41436388 -9.70433917
v 1.28188368 73.00824167 -10.11906158
v 0.05703357 71.49785401 -10.83930325
v -0.17785269 72.60885479 -10.40224921
v 10.07008098 74.80046393 -4.32083052
v 8.85046788 74.23755171 -6.72871511
v 7.17644461 73.64103438 -8.58155381
v 5.34520403 73.00077917 -9.65311494
v 7.38989853 46.93919959 5.86101372
v 4.00028743 69.81556060 -10.93675088
v 5.66622422 71.86839225 -10.13095345
v 7.63250210 72.54848125 -9.07312449
v 9.61969637 73.15689566 -7.31020387
v 11.57415428 73.62723591 -4.57286205
v 13.21493008 72.92440774 -3.22599694
v 14.78782960 69.91611959 -3.18484142
v 15.62733271 68.96177175 -2.45665949
v 16.27660014 69.83773949 -0.76798095
v 17.05053814 68.40550544 -0.29615605
v 16.51162573 67.79832484 -1.96741404
v 18.45356591 57.77198615 -1.95887046
v 18.49301972 56.29497113 -2.46805273
v 18.20359298 55.32947423 -3.32183860
v 17.57588007 54.71097173 -4.09408625
v 16.77642234 54.51844873 -4.77366675
v 15.83316096 54.83806076 -5.22301946
v 14.94158276 55.64703884 -5.39915305
v 13.37235488 58.64647569 -4.75353453
v 13.36424418 59.73925235 -4.34085283
v 13.17661919 59.15347280 -4.38565057
v 13.18775334 58.56675448 -4.60478220
v 11.96345084 55.25062623 -6.38440031
v 12.36522414 56.51014986 -5.68854142
v 11.41678162 53.70667817 -7.02649247
v 10.56348525 28.73733731 -7.75893893
v 9.88671549 30.59945794 -7.53512349
v 11.11298941 30.88356050 -6.05488833
v 11.74411841 29.02859243 -6.28145452
v 3.98161516 34.35695561 -10.33397656
v 5.87145232 34.50389745 -9.73868262
v 11.85040690 30.98984452 2.34284118
v 12.59517439 31.19059296 0.00096896
v 12.62484260 31.19049760 -2.25409217
v 12.08112456 31.09494986 -4.29931287
v 10.65088205 30.60470315 4.10590280
v 1.54263407 26.89508887 7.95566920
v 3.38324860 27.58411111 7.75978599
v -3.40467847 25.58173927 7.46559087
v -1.91339550 25.90463998 7.77384151
v 9.11244221 29.94704040 5.56470823
v -0.25620975 26.33358033 7.94814710
v 5.32068529 28.34175320 7.38183890
v 7.30636858 29.15697040 6.67430867
v 9.45437469 32.49746205 -7.60957714
v 7.88730748 32.30252506 -8.66332915
v 7.54559033 34.64277031 -8.88930526
v 4.70162064 59.82509794 -12.65169647
v 6.52620264 60.06495001 -12.15915795
v 8.20334323 60.42361500 -11.61001217
v 9.36088928 62.86348941 -10.91586765
v 10.55459075 63.35734369 -9.94577300
v 10.79308533 61.61625328 -9.70283415
v 9.70267050 61.04618849 -10.66986736
v 12.41306879 63.77235891 -7.87875544
v 13.22989084 63.74172809 -7.20381331
v 13.06994029 62.52346279 -7.03478869
v 12.47263022 62.43928911 -7.67997097
v 13.71848651 62.51521351 -6.48315515
v 14.10052099 62.38373758 -5.83344255
v 14.38058831 62.00953068 -5.33236455
v 14.84333791 61.25532331 -5.22470180
v 15.91461517 62.68413903 -5.00777554
v 15.35940834 63.62787129 -5.29671948
v 12.56849088 65.17580988 -7.80060705
v 11.49461560 65.19940736 -8.76176845
v 4.34553393 63.37203624 -12.35130247
v 2.63113633 62.98048737 -12.56510954
v 10.90011143 55.83665313 2.54759673
v 11.77454658 55.36776127 1.20587569
v 12.39817657 55.24282994 -0.17813783
v 12.71469959 55.43850603 -1.55096011
v 12.88015761 55.87623360 -2.84595419
v 12.88109042 56.47185685 -4.09106541
v 12.78715350 57.27963688 -5.25733124
v 13.05560686 57.95911791 -4.92865112
v 12.59436824 58.19187107 -6.35554571
v 12.92157539 58.78803076 -5.86768355
v 12.32342191 59.35093107 -7.30724823
v 12.00482019 60.65187099 -8.09658956
v 11.63482584 62.12714555 -8.64215683
v 11.46248572 63.64428641 -8.82982802
v 9.19452452 64.71309306 -10.85568856
v 10.43835424 65.06716849 -9.84299820
v 7.68059783 66.18643047 -11.38891768
v 7.70712637 67.92252304 -10.84085595
v 7.88825296 62.28152754 -11.87123697
v 7.75174044 64.25642612 -11.71917137
v 5.85274242 76.73164846 -5.32661829
v 4.38664325 76.38077976 -7.03729059
v 15.78942456 57.07022490 -5.15567850
v 15.88288613 56.07761981 -5.15615087
v 15.18065252 56.51492419 -5.34573126
v 15.29903777 57.14219453 -5.31789217
v 16.56285890 55.97598793 -4.81239002
v 16.81877442 57.45610835 -4.54052281
v 17.20496037 56.19269552 -4.33414843
v 16.32508107 57.14224817 -4.90554724
v 17.73485013 56.72416033 -3.74721069
v 17.30858602 57.92594494 -4.06282920
v 18.02043088 57.51547160 -3.18731800
v 17.65667119 58.50478651 -3.59248411
v 17.87067570 58.95858945 -3.21294147
v 18.14434447 58.48903598 -2.73079764
v 17.28625812 62.59948852 -3.63581929
v 17.55996712 61.24293746 -3.43803506
v 17.75106557 59.91808118 -3.31631139
v 15.21043249 60.32264771 -5.21746021
v 15.66772975 59.29122808 -5.15790772
v 16.04623564 58.22068693 -5.03997285
v 16.53290011 58.63015892 -4.72956415
v 16.15412750 59.76712944 -4.92121804
v 15.77575870 60.87662520 -5.10929193
v 4.49380048 61.60739603 -12.61695217
v 6.19862669 61.90679016 -12.34978776
v 13.90982785 63.59122040 -6.53695803
v 14.42510702 63.32015039 -5.92768084
v 14.88061764 62.85503747 -5.44976931
v 15.35787799 61.95375266 -5.22376489
v 14.82882716 64.26568272 -5.75871546
v 14.19480063 64.72785713 -6.32995855
v 13.44444223 65.00780227 -7.03236502
v 6.05958097 63.80111815 -12.17828955
v 2.79974409 61.30980494 -12.85840165
v 13.02585222 65.20962955 5.22702407
v 14.78805907 66.67759659 4.93474972
v 16.42136939 67.77405383 3.74494601
v 17.19431796 68.36510541 1.83892693
v -1.49643624 76.15134956 -9.00276940
v 15.03307589 40.51594080 -3.47977713
v 1.51603513 55.41636886 -13.14363297
v 1.48923073 57.55880417 -13.42728104
v 1.40216157 48.08140339 -11.61226448
v 1.48321514 50.54777207 -12.20138784
v 5.46395883 37.34651746 -9.89573490
v 3.61582555 37.46029379 -10.46568420
v 3.36579487 40.21354558 -10.64776894
v 2.25285266 31.68679269 -10.94439294
v 1.86793145 34.36604681 -10.67190062
v 1.47962600 40.30224027 -10.85442420
v 1.41945195 42.99241843 -11.05860513
v 3.28524553 53.04972770 -12.20572259
v 3.02198671 59.62705853 -13.08319386
v 1.31918166 61.14205958 -13.35616376
v 1.17056884 62.81909587 -13.08471080
v 1.05563796 64.47724344 -12.79934164
v 3.28753844 57.79696049 9.03066579
v 3.62793088 59.28817036 8.66608132
v 2.34651987 59.35769917 8.63591243
v 2.07020000 57.84796717 9.05547027
v 5.38447902 57.67262818 8.51350907
v 5.83497726 59.01032629 8.26936845
v 4.80692678 59.18878557 8.54029168
v 4.40411561 57.74773898 8.82305835
v 6.76540725 58.66911950 7.86843408
v 6.27528720 57.46031048 8.08123682
v 3.02721329 56.20099844 9.27280892
v 4.09769558 56.20382072 9.03185416
v 1.86201737 56.24340119 9.29338742
v 5.84803217 56.10119643 8.25682391
v 5.03143400 56.17965402 8.68094746
v -4.50040668 79.54513075 7.21332390
v -4.69509705 79.63115217 8.70029736
v -5.64579114 83.47931149 11.06086854
v -5.68886220 83.97539498 10.98340411
v -5.09843833 78.97541167 5.05913492
v -5.09991206 78.09573056 4.52669073
v -5.75563505 81.68287518 10.22325862
v -5.63787899 80.33478500 9.86696739
v -6.09549105 86.01799848 11.91757355
v -6.04787476 85.70723774 11.66788075
v -5.96158363 84.58813669 11.46480475
v -5.91053746 84.24415233 11.23041172
v -5.11197976 77.14611532 3.86368480
v -5.12111455 79.43966629 5.83417747
v -5.25256775 75.15275719 2.54155357
v -5.21376401 74.11259653 1.83743235
v -3.97854529 73.21196439 1.81468405
v -3.97527709 72.09301831 1.76426075
v -5.04385836 57.78640451 6.01503287
v -4.59371551 62.66241314 4.33284897
v -4.88494083 61.22512760 4.99464233
v -4.52315256 64.47430493 3.96315377
v -4.08427052 70.96867206 2.15022802
v -5.18896177 76.16089823 3.19184508
v -5.82503870 83.01516416 10.80685515
v -5.78142598 82.51073005 10.38754914
v -6.01360283 85.32119634 11.55145947
v -5.99099107 84.95652320 11.50837500
v -5.80404222 67.71860959 2.42147964
v -5.95935218 65.98502042 2.96040956
v -5.02660207 59.63438096 5.52642901
v -6.07618026 55.14439585 5.48273619
v -5.93828380 52.52311470 5.51261041
v -5.68455390 69.33603527 1.96786631
v -5.94666868 50.07211508 5.57526756
v 15.41525938 12.33671089 -1.64731279
v 14.76195224 10.54800412 -3.74972898
v 14.44102742 12.04530532 -5.37869599
v 15.00979580 13.41723463 -3.89857631
v 14.77930464 17.76783260 -2.52643790
v 14.61163976 20.40440606 -2.27660410
v 14.42191966 23.09443818 -2.17372853
v 13.25485774 11.17329521 -7.08882254
v 11.62029572 12.73488401 -9.71381333
v 11.58262335 10.75051798 -8.78064077
v 14.09741112 22.74102064 -4.64047011
v 14.29169693 20.12211548 -4.77559421
v 14.66863074 14.03321156 -5.16189005
v 14.73161050 15.41261578 -5.07319052
v 15.15907266 15.34397526 -3.01965143
v 13.23245384 12.96166492 -8.03883415
v 14.19415094 13.44448494 -6.37829084
v 7.52157040 28.18740251 -9.92407914
v 8.21153887 26.19505318 -10.34020673
v 5.98258444 26.04333999 -11.37675088
v 12.58575537 29.40245213 -4.33632661
v 12.37934597 27.13843377 -6.44559044
v 3.65255505 12.35879533 -11.59831848
v 14.15602036 15.18156005 -6.87411617
v 11.56771325 14.91777821 -10.31433385
v 13.14216920 15.00997523 -8.64205401
v 11.07934855 22.02609645 -10.14986526
v 12.45780655 22.14500176 -8.60408958
v 12.75285848 19.70947476 -8.86152651
v 11.33865185 19.66844590 -10.51232856
v 13.44620504 22.33384492 -6.79167103
v 13.01761337 24.90035536 -6.65641580
v 10.58047109 24.30280836 -9.74042904
v 11.96039536 24.55985637 -8.30979239
v 11.25988208 26.80410238 -7.99570199
v 13.70626606 19.76175623 -6.98780980
v 11.49378635 17.23185124 -10.63490700
v 9.39110585 17.12911779 -12.06905883
v 6.87132322 17.23095717 -12.88469847
v 4.32516627 17.12237762 -13.52925565
v 4.31815267 19.39739676 -13.69213279
v 9.91196849 26.46307292 -9.26753249
v 8.36751827 30.40091487 -8.62382095
v 9.12864648 28.48260941 -8.86094313
v 7.13561990 37.31945993 -8.96973129
v 6.46624856 -9.35659019 12.86843006
v -0.16627479 7.48654323 -2.07123481
v -1.03133887 7.15005638 -0.05238772
v 12.20384606 16.49930494 8.47155858
v 15.31863429 14.25714156 2.65604440
v 15.26178338 14.97178504 -0.36232318
v -1.26629218 7.33217800 3.61701842
v -0.71021228 8.19783600 5.85684512
v 9.64236699 15.90171548 10.13043556
v 4.54098836 11.92863652 10.70930395
v -1.36693006 7.05515908 1.68799736
v 14.54239108 17.65728982 -4.88844070
v 13.97666552 17.32093560 -7.00974133
v 12.98910596 17.25722307 -8.88587277
v 9.44051214 14.89749698 -11.79155525
v 6.78639181 15.06561691 -12.69124936
v 4.17713404 15.15624857 -13.13804056
v -2.73232467 12.73417355 7.44709481
v -3.62295962 13.48066719 7.31892917
v -3.19890387 13.76273146 7.52754692
v -4.20987017 14.76320511 6.89943392
v -4.03516635 13.21465455 6.85194168
v -3.31654202 12.01100159 6.93487633
v -3.69718305 11.77451208 6.42000321
v -3.33360087 10.41443476 5.79283420
v 1.42267675 25.07540228 7.72830207
v 3.34145047 25.74587109 7.66306255
v -3.35585761 23.72782620 7.15659592
v -1.95987809 24.07690378 7.43565891
v 9.42223736 28.19269540 5.81525225
v -0.37020112 24.51651784 7.63887350
v 5.37279837 26.51813718 7.41910298
v 7.53676363 27.38236131 6.87202100
v 3.78266864 23.91206490 -13.02548762
v 3.33282195 26.17534043 -12.38811131
v -4.57951955 23.45960977 6.65569861
v -5.43202094 79.57867624 8.60234607
v -5.23280769 79.49888947 7.07462687
v -6.51653416 98.05766584 11.79106940
v -3.05066712 81.42909648 -6.14813272
v -6.41760870 92.42186191 12.38891367
v -5.86575351 83.95161273 10.93254272
v -6.15093827 86.16349937 12.27191869
v -5.09100154 73.03233983 1.22278180
v -5.08454375 71.79021480 1.00918204
v -0.03960708 8.58324783 -1.99741101
v -5.35981848 70.66108229 1.47164311
v 0.45825562 8.55922455 -2.98933651
v 1.39590327 45.41370811 -11.33594777
v 11.08726182 -53.58169435 -3.12793594
v 11.48857691 -53.06511877 -4.39893197
v 11.80932738 -56.01826666 -4.51544117
v 11.12890833 -56.40190003 -3.33375227
v 13.99792798 -52.05960033 -5.96518073
v 12.80581721 -52.37692354 -5.79598475
v 15.26981362 -52.04317925 -5.56066785
v 16.17015966 -52.30546949 -4.62753851
v 15.84358134 -55.23662923 -5.17618772
v 15.23348459 -54.98102067 -6.20835204
v 16.57654263 -52.63958929 -3.50735415
v 16.59697660 -55.85379956 -2.97858756
v 16.67963781 -52.99696086 -2.34695043
v 16.12307944 -53.48331092 -0.72118699
v 15.90140231 -56.21232150 -1.48405278
v 14.85650309 -54.25789116 0.58813920
v 14.69985910 -56.87609075 -0.09308407
v 13.23434182 -54.73171232 0.99519152
v 11.03740626 -54.14823053 -1.66329168
v 10.82941808 -56.89797161 -1.84508035
v 14.10412111 -54.99838350 -6.58503663
v 13.08910467 -55.36479114 -6.19242381
v 12.39687719 -55.71085570 -5.32545786
v 12.08403923 -52.70310996 -5.24654392
v 11.62646555 -58.82188437 -4.73254513
v 10.52105271 -59.10592435 -3.54026262
v 14.13045444 -57.83665536 -7.31535818
v 13.23702850 -58.26094506 -6.25412989
v 15.54393836 -58.03857205 -5.78462783
v 15.29584594 -57.72135613 -7.01820593
v 16.90073975 -58.50894211 -3.47515777
v 16.34640910 -58.26197026 -4.66781374
v 16.32150181 -55.51470874 -4.12497636
v 16.14682444 -58.87908099 -1.99576536
v 14.73796584 -59.37789438 -0.25355750
v 10.36601209 -59.49154256 -1.76256331
v 12.46313073 -58.59380124 -5.49014885
v 11.25027828 -71.37892006 12.59390596
v 11.14414700 -70.91477273 12.58354519
v 10.69028445 -70.90163587 12.51219247
v 10.55302464 -71.43811343 12.44611476
v 7.02245750 -71.65180800 12.38504533
v 6.76025220 -70.61488984 12.75882308
v 6.00494735 -70.71836350 12.23522607
v 6.01202764 -71.88672779 11.73391450
v 8.75196226 -71.66839002 12.76946399
v 8.99667062 -71.94762586 12.44453374
v 9.48649265 -71.95001004 12.56224249
v 9.54613306 -71.65952681 13.02717362
v 14.20346417 -70.54201124 10.50101776
v 14.29577984 -70.94963549 10.19825820
v 14.75887515 -70.89401243 10.19813303
v 14.81791802 -70.54465769 10.41546498
v 12.35938736 -71.16037367 11.71474416
v 12.46797063 -71.53928040 11.36935089
v 12.90597983 -71.45644186 11.38651926
v 13.02357085 -71.17241381 11.64665405
v 7.72060223 -69.82651709 10.66772152
v 6.48217939 -69.58303807 10.04664112
v 6.12373345 -70.34013031 11.28777076
v 7.24688761 -70.21327374 11.92382831
v 5.65007769 -71.15221975 10.56620363
v 6.07093044 -70.53820847 9.20645926
v 6.79803558 -71.29419206 9.14349888
v 6.42082163 -71.59600614 10.44728566
v 7.87134089 -71.41076682 9.81542800
v 7.45068483 -71.68044208 10.95373515
v 8.35561894 -70.87059377 10.55272181
v 8.06819790 -71.10885141 11.90035973
v 10.23713269 -70.79381702 11.27339114
v 9.77471240 -70.06437538 11.33942116
v 9.57105004 -70.65114735 12.47101162
v 10.18697836 -71.28867863 12.45370392
v 8.69149484 -70.13461946 11.14608381
v 8.77437286 -70.69555281 12.29966167
v 8.37730088 -71.10583542 10.75624410
v 9.00239788 -71.52034996 10.47707681
v 8.90689485 -71.79881094 11.71500269
v 8.26331295 -71.38260363 11.99960146
v 9.89250236 -71.45995853 10.72044704
v 9.80353497 -71.80633901 11.92498762
v 11.66603037 -69.96057985 11.19047288
v 10.61208614 -70.07692216 11.07021082
v 10.64033352 -70.63533423 11.94998134
v 11.37212582 -70.58521865 12.11348359
v 10.22631742 -71.39351128 11.67368252
v 10.32991179 -71.03330849 10.76080758
v 10.91467880 -71.41098736 10.58199514
v 10.79151027 -71.66742442 11.59520183
v 11.81462698 -71.30817531 10.76850105
v 11.52430170 -71.67910693 11.76363934
v 12.14738705 -70.59234736 11.20782752
v 11.83146529 -71.14324925 12.14383129
v 13.95896443 -70.31285522 10.41659150
v 13.57656040 -69.64626668 10.49609218
v 13.22885819 -70.28957961 11.29452992
v 13.57128986 -70.88682411 11.15004752
v 12.74429627 -69.77323649 10.57405356
v 12.59354271 -70.28655766 11.30939085
v 12.15034046 -70.74224113 11.14245612
v 12.39824214 -70.35789249 10.54631654
v 12.73436167 -71.10415457 10.11161987
v 12.43081160 -71.42804025 10.82240600
v 13.58344473 -71.03683708 10.07297371
v 13.21506121 -71.41834257 10.87299321
v 15.40102430 -69.32677386 9.41977758
v 15.06089189 -69.77478621 10.13561819
v 15.28145887 -70.32111643 9.93301753
v 15.57558693 -69.90957020 9.08220891
v 14.64403637 -69.36957000 9.65674926
v 14.47184302 -69.78434680 10.15905324
v 14.10561271 -70.26808618 9.95786894
v 14.32858624 -69.93637441 9.60918401
v 14.45847370 -70.69867013 9.13873497
v 14.24876370 -70.93646286 9.66709588
v 15.17326452 -70.54323910 8.97300501
v 15.00625082 -70.88977454 9.67964415
v 8.57383080 -69.48703883 9.50214598
v 6.98896788 -68.86685846 8.82121433
v 6.36810281 -71.79770229 11.36667017
v 6.64589994 -69.97163055 7.96792615
v 6.95665919 -71.84138058 11.65437359
v 8.73898559 -71.12988589 8.88585035
v 7.44409629 -70.87001560 7.92173404
v 8.49324085 -70.68733929 9.99108438
v 9.37021144 -71.06426118 13.03997520
v 10.66503816 -71.12705467 9.33310647
v 10.39242365 -70.73818205 10.28708998
v 8.86932157 -71.07019184 12.92347346
v 10.41461222 -69.52392219 9.91477627
v 12.34744408 -69.47345493 9.63017974
v 10.79979457 -71.78004144 12.19616417
v 11.21503406 -71.78752778 12.27316890
v 12.59780594 -70.97270248 9.28068046
v 12.46269115 -70.24183629 10.39591763
v 12.94028975 -70.69093941 11.72791977
v 14.31730010 -70.68382261 8.74404568
v 14.34800394 -69.92233155 9.63184867
v 12.58876242 -70.68964003 11.69574965
v 14.24136825 -69.07957552 9.14748047
v 14.75575932 -70.20549534 10.36533523
v 15.57949998 -70.34615038 8.03004462
v 16.10961773 -69.49350594 8.05121247
v 14.42639597 -70.17170547 10.44868413
v 15.67869403 -68.79313944 8.49921811
v 11.18752130 -57.30893968 -0.46929166
v 11.30559512 -54.63134406 -0.37528831
v 12.03085252 -54.87811325 0.52589426
v 11.99531772 -57.50719665 0.38203985
v 13.19218643 -57.35587833 0.55067154
v 10.95226698 -59.73734019 -0.19826662
v 11.91321977 -59.82094167 0.65494036
v 13.17958899 -59.74927304 0.55994965
v 16.55269035 -60.97179411 -2.48662926
v 17.31356301 -60.51614640 -4.06793024
v 16.28493287 -60.34674404 -5.27146872
v 15.79054363 -60.13220904 -6.57850396
v 15.55077352 -59.82333777 -7.93776255
v 10.48226051 -61.84913872 -1.68311376
v 10.71374186 -61.83861254 0.34685411
v 11.73598685 -61.77132485 1.46206539
v 13.35680105 -61.72379611 1.25220154
v 7.18537637 -67.94094799 7.31806416
v 8.86404731 -67.85799025 8.00608952
v 9.12011706 -66.52561782 6.35892633
v 7.99095028 -67.46467708 5.44980314
v 10.65652959 -68.20934771 8.16229541
v 10.95471673 -66.57745598 6.58178661
v 12.50585236 -68.27437041 7.93342549
v 12.75856860 -66.82111977 6.30651001
v 14.32872482 -68.18516610 7.52736066
v 14.46684070 -67.08489416 5.84298927
v 15.94985940 -68.15861223 7.16317330
v 16.09040715 -67.43676422 5.39298501
v 16.80383899 -68.95093081 6.84074570
v 17.18118854 -68.30448864 5.07463474
v 6.93979405 -69.48118566 6.37917627
v 7.88088732 -68.89123080 4.58889637
v 7.98721232 -70.58071254 6.21204559
v 8.87586244 -70.15326975 4.42924533
v 9.55922150 -70.64254640 6.62666816
v 10.36432974 -70.16505955 4.73728549
v 16.72291823 -69.54838989 4.88851775
v 16.16135158 -70.08726953 6.65696520
v 11.40444644 -70.56674717 6.83246065
v 12.13020452 -69.99170540 4.92011529
v 13.20484497 -70.53535340 6.82380457
v 13.85637738 -69.99752281 4.90378063
v 14.80214365 -70.40785311 6.70635138
v 15.41442790 -69.90758536 4.85948134
v 9.53083255 -65.35309313 4.20054454
v 11.20683320 -64.81377242 4.81828336
v 12.98532404 -65.14099596 4.45711497
v 14.72505399 -65.63272832 3.86524011
v 16.29052528 -66.49127362 3.20311446
v 17.49156185 -67.50543473 2.89666575
v 15.51490494 -63.81733773 1.52351406
v 16.65194102 -65.72229622 0.71935436
v 17.51593866 -66.99141620 0.50332366
v 17.66196110 -66.46530388 -1.85551293
v 17.14641519 -65.06686566 -1.69049086
v 17.69437112 -64.30875419 -5.72057370
v 17.48014458 -64.56720589 -3.91534571
v 18.09059151 -65.96324800 -4.08481587
v 18.39830347 -65.84857462 -6.03251349
v 16.47785671 -63.32769750 -1.08215882
v 16.87720336 -62.78018711 -3.26967709
v 16.86538972 -62.40718124 -4.91495099
v 17.63255068 -65.51359652 -8.77113532
v 17.37654873 -63.78354786 -8.45198151
v 17.68649586 -64.08660172 -7.11332749
v 18.28676083 -65.70181010 -7.50302490
v 16.23818197 -65.60250280 -9.81125798
v 16.14505567 -63.80080340 -9.67135172
v 14.28195157 -64.20295594 -9.30346217
v 14.35799815 -65.87604044 -9.59729519
v 16.59197428 -61.85434816 -7.50986304
v 16.64931097 -62.18018291 -6.22017387
v 15.83503254 -61.70826314 -8.73052370
v 14.15097185 -62.03341244 -8.46633654
v 13.07843842 -64.61276172 -7.82467615
v 13.21018555 -62.53649948 -7.17492368
v 13.01243373 -66.24399779 -8.22663795
v 8.86031755 -66.86159132 3.22910171
v 9.08292525 -68.05235503 2.61269506
v 13.30919780 -63.28266023 2.79698629
v 11.43238835 -63.16985248 3.02444432
v 10.03989943 -63.83626817 1.54414006
v 9.53994461 -66.06124399 0.71644323
v 10.17717191 -67.42595194 0.28034189
v 10.28077595 -65.69518803 -1.71561273
v 11.00932427 -66.96721075 -1.93518972
v 10.00859879 -69.01386140 2.48254795
v 11.15749099 -68.08684228 0.25727154
v 11.88158237 -67.60717986 -1.97545713
v 10.98856919 -65.36847113 -3.75409279
v 11.53628968 -66.68366549 -3.96762308
v 11.78071194 -65.02194760 -5.25612909
v 12.00862222 -66.50312303 -5.56755554
v 12.39663281 -66.39508365 -6.88786697
v 12.42943176 -64.82096074 -6.46194819
v 11.76088520 -63.07802556 -4.99791358
v 12.44683780 -62.78704761 -6.03861850
v 10.91278486 -63.45307587 -3.50161031
v 10.23288362 -63.79486678 -1.44907026
v 17.18398996 -68.82549284 2.72874009
v 17.41603382 -68.13722609 0.39379705
v 17.52680757 -67.51981733 -1.94438960
v 17.89291420 -67.24309681 -4.22929194
v 17.97407486 -67.13666080 -6.13070879
v 17.78070547 -66.99472425 -7.42383268
v 17.22328581 -66.79093001 -8.52072131
v 16.00580879 -66.70148728 -9.20795914
v 14.65028890 -66.88757895 -9.10981338
v 13.63277652 -67.26947783 -8.05777129
v 13.04925599 -67.53758548 -6.91270571
v 12.32558258 -67.54203198 -4.03836485
v 12.64126815 -67.61740206 -5.65476160
v 10.59647568 -61.49778126 -3.55259612
v 11.48727455 -61.10209582 -4.96671948
v 12.31158592 -60.79360006 -5.79183478
v 14.12381150 -60.03821252 -7.72238936
v 13.22901912 -60.49093364 -6.52578849
v 11.36477359 -69.34290288 2.59131134
v 13.01710673 -69.27582977 2.73588371
v 14.64440890 -69.31587813 2.72795517
v 16.06919237 -69.25377009 2.69688811
v 16.53346487 -68.60427616 0.35928559
v 15.28629430 -68.68681071 0.32835208
v 13.78231116 -68.68805049 0.27475004
v 12.30709173 -68.47114323 0.28300761
v 16.72918566 -68.11547039 -1.97528399
v 15.61929800 -68.26475022 -1.98017446
v 14.25329812 -68.28204153 -2.11058430
v 12.93904849 -68.08750985 -2.02594180
v 13.28832426 -68.06244610 -4.13826745
v 14.49283280 -68.11926125 -4.28229462
v 15.74584760 -68.03102253 -4.14678980
v 16.84905656 -67.81837700 -4.21317559
v 16.89721115 -67.60005115 -5.97176630
v 15.81997790 -67.78327582 -5.82726005
v 14.66488757 -67.91180728 -5.88267747
v 13.63045790 -67.93899892 -5.74411083
v 16.81108244 -67.42471216 -7.05896880
v 15.82644351 -67.19048975 -8.50579854
v 16.50223352 -67.27535484 -7.90466633
v 14.95438882 -67.33894704 -8.52306452
v 14.34302099 -67.57981537 -7.73718323
v 13.94124248 -67.78909324 -6.81083020
v 15.01035013 -67.55943058 -7.52555769
v 14.83666964 -67.72634147 -6.80949058
v 15.86098738 -67.59446023 -6.81512173
v 15.80829390 -67.44108556 -7.53127601
v 15.21392681 -67.40463732 -8.04135691
v 15.62133946 -67.34724401 -8.03196024
v 14.96304192 -61.66870354 -0.33523467
v -2.04060858 77.49351503 -8.35966956
v 0.23434644 70.28528096 -11.34132337
v 6.37580298 -27.75235532 9.10473723
v 7.34892555 -28.19397507 10.19338701
v 8.56068127 -28.07223855 10.97789068
v 6.89086833 15.27435629 10.61918620
v 1.58852313 37.14691045 7.79199112
v 1.94329240 41.56417193 7.92236362
v 1.75885514 39.25714137 7.82053281
v 7.16385164 12.50844026 11.33185212
v 7.42322497 44.61232962 5.67155104
v 3.96321372 13.63770569 -12.40431782
v 0.82340979 66.08900072 -12.52725761
v 4.08557423 60.78300716 8.26725472
v 4.11671393 21.69127258 -13.48219778
v 2.74838426 91.52707698 3.29786722
v 2.53812906 91.43558385 3.06170803
v 2.51235899 91.11058356 2.88193408
v 2.45598138 91.09498503 2.41038442
v 2.45198805 91.02171304 2.02905905
v 2.52059244 90.97337963 1.76641509
v 2.66170532 91.22600200 2.68951353
v 2.52239958 91.57517197 2.44647410
v 2.62552288 91.42796638 2.80067768
v 2.69033790 91.34460928 2.90203389
v -6.02771610 64.11082985 3.28127030
v -6.04859784 62.28035929 3.62642925
v -6.21334917 60.85031273 4.32621535
v -6.24018319 59.22453048 4.80992641
v -5.86315177 83.46247913 11.02642004
v -5.36107912 31.09000715 7.05856118
v -5.30993834 32.49984624 6.68925826
v 1.60949298 37.55696358 -10.63857045
v -4.98887382 27.01164128 7.17124526
v -5.50820872 34.18179395 6.81559775
v 1.51722350 53.07649018 -12.71600094
v -6.18521280 57.34023692 5.20613935
v -4.74679254 25.31771453 6.92255382
v 1.45870068 59.47647931 -13.57161518
v -5.63449643 36.41440215 6.85356815
v -4.25812572 16.66613052 6.74928311
v -5.95538735 43.21654381 6.72943402
v -10.44410772 95.32647969 10.03348563
v -11.41159989 94.60385682 8.79738662
v -10.94567336 93.55959537 9.66548059
v -10.00823460 93.94183399 10.77630628
v -10.70170112 92.63438227 10.31353507
v -9.85465057 92.77276637 11.17614392
v -11.83206223 93.79328730 7.54454915
v -11.47148616 93.00331714 8.57733075
v -11.78388975 89.59596993 7.19213519
v -11.65858812 90.50758125 7.36435760
v -12.05604381 90.38847925 6.43703226
v -12.06163249 89.18960931 6.15450252
v -11.48146919 86.98689582 6.66898374
v -11.45658351 86.27348783 5.46281930
v -10.99324606 85.32229306 6.43203888
v -10.91205038 86.13686206 7.46117789
v -8.22926916 87.41270544 10.29148657
v -8.56812976 88.02864792 10.14975641
v -9.07528631 87.45825531 9.91907824
v -8.66905160 86.76801564 10.03822122
v -7.52950169 88.41130974 11.16638739
v -7.22606040 88.67900612 11.92457337
v -7.26801388 89.31095244 11.49985898
v -7.64485456 88.95678164 10.83348502
v -7.71332092 86.85937764 10.38740534
v -8.14456127 86.19660379 10.08076031
v -7.68371976 87.50533702 10.84911484
v -7.86344043 87.98837902 10.58770601
v -7.50438876 86.79645898 11.96263392
v -7.28120364 86.79537417 12.49453608
v -7.39746473 87.35207560 12.58721385
v -7.60591335 87.30107786 11.85275350
v -7.68073655 86.78559901 10.91302071
v -7.35122047 86.45570518 11.15248535
v -7.53449209 86.67628409 11.47565354
v -7.71818094 87.08541038 11.25990633
v -7.48062886 87.85007836 11.51084039
v -7.27488033 88.03576471 12.30424229
v -6.98507510 88.09771778 13.07120506
v -7.04882301 87.24861981 13.31761662
v -9.50920961 85.45702340 9.19765342
v -9.02395777 85.06677987 9.45116986
v -8.62501643 85.60789468 9.80631072
v -9.12767805 86.10438349 9.68727205
v -7.35008202 86.19485738 10.72341088
v -7.56114579 84.54728963 10.60645241
v -7.07900084 84.63611843 11.03341911
v -7.10101284 85.04669311 11.08405177
v -7.64289356 84.97232439 10.63172851
v -9.83796797 84.07687189 8.06027461
v -9.73935879 83.29034092 7.56214965
v -9.22479264 83.24393274 8.27941556
v -9.33311291 83.88977887 8.61070637
v -8.92211206 82.61378052 8.11878104
v -9.38276730 82.46535303 7.24381913
v -8.40879388 80.87586405 7.39728246
v -8.04788254 81.44146444 8.50044895
v -8.50270919 82.03584196 8.19026489
v -8.94443996 81.66715147 7.19598714
v -7.08349354 81.91808702 9.53588966
v -7.51351125 80.91490509 8.96908823
v -6.92471049 80.53488376 9.45009697
v -6.58927083 81.74929859 9.85743139
v -7.36813701 83.99130346 10.12776826
v -7.45057694 84.22550203 10.41080538
v -7.79471553 84.16136744 10.03827114
v -7.70932518 83.98571255 9.83614583
v -8.08773867 83.97259953 9.51479558
v -8.10014613 84.03492810 9.60268859
v -8.27035613 84.10437347 9.58378870
v -8.25866021 83.96345021 9.41136960
v -7.91707940 83.97881629 9.64528728
v -7.98040039 83.87188556 9.53764949
v -7.77783177 83.76987817 9.68874652
v -7.49466575 83.66334679 9.99856923
v -6.33728884 83.46117975 10.84904853
v -6.26380115 83.95463469 10.82275841
v -6.54616586 83.96046402 10.66547666
v -6.68904230 83.48588588 10.68269942
v -8.14699910 84.24380066 9.82725877
v -7.92684711 84.39929726 10.15297506
v -8.08554001 84.73158719 10.18708903
v -8.37422691 84.45734026 9.81493030
v -8.66021595 84.72966196 9.69585735
v -8.83469216 84.32362916 9.32665873
v -8.51350732 84.19072272 9.51356474
v -8.13282437 83.77897980 9.36397795
v -8.51410336 83.92987492 9.25752778
v -8.38042356 83.63986256 9.10075937
v -8.15854452 83.32528712 9.17615254
v -7.92656697 83.57753398 9.50125787
v -7.63373531 83.37352516 9.79163084
v -7.83755712 83.02053453 9.41511054
v -7.38912530 82.75900127 9.73631401
v -7.23087869 83.16786530 10.16238812
v -8.29705305 85.14272811 10.07543314
v -8.86930830 83.89860632 8.99425108
v -9.23204876 84.51531770 9.02689654
v -8.75579498 83.42931511 8.74370445
v -8.50196339 82.98603537 8.72924138
v -7.65541128 82.19526054 9.19959057
v -8.14220689 82.55779984 8.90300009
v -7.75231801 80.18341901 7.80373249
v -6.95964031 79.72944023 8.19878835
v -10.35789109 91.96310880 10.39045859
v -9.58201147 92.12798120 10.82992066
v -10.29258824 91.28208997 9.85180024
v -9.96585793 91.36186482 10.13881300
v -10.05843959 91.62837507 10.21706794
v -10.46411626 91.50758626 9.82343514
v -11.21230878 90.67577960 8.04365534
v -11.33928530 90.00885131 7.88736228
v -10.87742529 90.42023065 8.42819471
v -10.85605330 90.80807211 8.60159505
v -10.22741057 89.59094526 9.08823270
v -10.07964395 90.27033689 9.41163484
v -10.34949727 90.36181809 9.15550474
v -10.59590138 89.72844722 8.76392979
v -9.75227065 90.22285583 9.63847671
v -9.82527740 89.59455730 9.40953601
v -9.39273618 89.70269205 9.67991162
v -9.37632553 90.25509002 9.82530151
v -9.43169228 91.75277593 10.50388474
v -9.45587687 91.42599942 10.37075702
v -8.82446624 91.44709947 10.37166674
v -8.68674747 91.77873971 10.55611257
v -7.73660548 90.86814763 9.99043617
v -7.46026642 90.82362892 10.20583395
v -7.54151575 91.23280289 10.32642458
v -7.84927316 91.09869840 10.07476855
v -7.87584491 90.65076949 9.98298112
v -7.69051544 90.47585370 10.10825519
v -9.79301191 97.58176448 10.20226363
v -10.98442830 96.78057076 8.98571421
v -9.27874974 95.73671462 11.11292947
v -11.96498133 95.68168761 7.70595480
v -12.21952222 94.54806091 6.43377561
v -10.96078462 84.47705152 5.52774888
v -10.33550657 83.70768072 6.62282143
v -10.39784111 84.57374217 7.31008608
v -10.65627791 83.50015523 4.84953072
v -9.98571969 82.73692967 6.14789460
v -8.59371207 80.84982278 5.77786263
v -9.41336236 81.73408749 5.80490116
v -11.13782085 84.68156697 3.40268944
v -10.61912186 83.92297866 2.59536706
v -9.98914919 82.52204897 4.15836942
v -10.94220958 85.49370410 1.41970288
v -10.55763371 85.27405502 0.58634268
v -9.82622586 83.19980146 1.44681536
v -8.41944970 79.39316275 1.53759081
v -9.36966098 80.01259806 0.20465694
v -9.37788568 78.73347046 -0.52250044
v -8.60688321 78.16830518 0.91894666
v -11.40041433 85.52506210 4.24513180
v -12.15267263 91.60869958 5.76434132
v -12.30702258 90.24389627 5.20732958
v -11.85432009 91.48753526 6.90537948
v -12.54482649 97.91584851 4.41636216
v -12.89321266 96.17473127 3.71345576
v -12.57050715 95.38783075 5.11632893
v -12.23393909 96.88861014 6.19419400
v -10.09067155 101.15199329 6.28134344
v -11.62775240 99.71315505 5.35634827
v -11.38500951 98.31983687 7.41902549
v -10.08821658 99.54040291 8.63771025
v -13.08951161 96.66468741 2.13698033
v -12.63270683 98.51570966 2.42574658
v -12.55833216 98.44590070 0.21265937
v -13.01181398 96.70393111 0.50901860
v -11.58711321 100.46548488 2.72821557
v -11.44518561 100.48643591 -0.03394516
v -10.46527035 85.79420688 -0.49381152
v -10.16178064 83.94785168 -0.47535916
v -9.91234563 82.23926069 -0.73527877
v -9.35892172 81.52474405 0.87728692
v -9.69242684 102.14335563 -0.11758512
v -9.92753364 102.06194760 3.19214124
v -11.09048061 94.85757591 -4.12874523
v -11.72823466 93.74421479 -2.92996991
v -12.35032163 95.04686238 -1.92151036
v -11.69676862 96.52081968 -3.11805498
v -9.99126143 95.96137645 -5.30450683
v -10.48479460 98.00412895 -4.21264362
v -9.38654549 89.31638243 -4.61978692
v -8.26075829 89.79274275 -5.64710949
v -7.65374906 87.93911578 -5.15589308
v -8.70521970 87.48100044 -4.19316146
v -11.24356545 92.32560040 9.41070501
v -11.47619642 91.88386442 8.54181830
v -11.04665853 91.54272320 9.11443118
v -10.83184562 91.79576280 9.76336781
v -12.00483299 92.76728870 6.56811405
v -11.68603606 92.31629016 7.62069780
v -12.69291721 94.00336387 4.21634313
v -12.94054024 94.67608573 3.12683765
v -13.09741817 95.26638033 0.57239017
v -13.11221204 95.13530972 1.86426878
v -12.11401008 92.87289025 -2.04011038
v -12.49327220 93.73684766 -1.41125036
v -10.34983404 86.86833622 -1.80600885
v -9.54280726 87.16063144 -3.16536374
v -9.06464390 85.20463349 -3.03715415
v -9.92348872 84.69025733 -1.93376731
v -7.25654445 85.97303869 -4.88789085
v -8.08983080 85.62942388 -4.03562043
v -9.43794407 81.24326708 -2.78886523
v -8.58299069 81.79227354 -3.88045166
v -8.63147087 80.23584129 -4.73269451
v -9.27502222 79.79724648 -3.48732941
v -7.59358041 80.56718947 -5.63920479
v -7.60596625 82.20113756 -4.73646451
v -6.62409782 82.48870613 -5.46571765
v -6.52423992 80.74836971 -6.25409376
v -6.69867664 77.38588693 2.92794515
v -7.55694814 77.75557878 2.03181595
v -7.76727505 76.66281106 1.41231228
v -6.78447343 76.41011121 2.27003299
v -9.21737931 78.46299054 -4.43196300
v -8.73364590 79.11580445 -5.73653061
v -10.07597602 88.95067813 -3.43385920
v -10.88466204 88.82767202 -2.35770442
v -7.74944879 79.34899570 -6.72919642
v -8.71069140 83.43756439 -3.27649344
v -7.76970692 83.83893611 -4.19321809
v -6.26994453 86.24237420 -5.55682968
v -6.56426295 88.30136897 -5.88408228
v -8.08535970 88.52727057 10.38170938
v -8.46979625 90.04941823 9.98496968
v -8.04502897 90.23865702 10.05283553
v -8.15368078 90.53992869 10.01380045
v -8.53340111 90.41930677 10.00404690
v -7.69862540 93.87518408 12.25767914
v -8.92276473 94.04843690 11.75605465
v -8.77697698 92.66056063 11.76660244
v -7.47836537 92.31404902 11.99483831
v -10.67219458 87.22015860 8.58924199
v -10.07962532 86.13035919 8.90994329
v -9.60050679 86.82332279 9.54467241
v -9.91492725 87.75042536 9.39461399
v -10.63779823 90.88482501 8.95672176
v -10.59555046 91.04364159 9.23636962
v -10.78903608 91.11584069 8.96610130
v -9.74545709 84.80385186 8.63463391
v -10.31310938 85.35725119 8.11428461
v -12.13741235 88.83418681 4.80342466
v -11.54792390 91.31007435 7.83720870
v -8.20970915 102.02018263 7.09608901
v -8.40378262 100.16681196 9.61084548
v -7.84102015 103.07511928 3.75025716
v -7.51306943 103.27472331 0.19971608
v -9.00074623 99.38299896 -4.98377722
v -6.99490390 100.28770210 -5.46897430
v -6.36547438 97.96151163 -6.64521161
v -8.46752606 97.01172354 -6.17878627
v -7.03168965 90.24356844 -6.57350462
v -5.57103723 82.72240998 -5.93125600
v -5.41701994 80.95713498 -6.42065074
v -8.24343718 97.93651344 11.07720096
v -7.99112849 95.82971575 11.87382598
v -12.27546565 93.26430799 5.32449294
v -11.72125272 88.70086314 7.30729360
v -11.37062095 87.87669184 7.76302476
v -11.09847955 88.84445669 8.41213275
v -11.32839255 89.37341215 8.01209096
v -11.84873737 88.03454878 6.17311705
v -11.79356061 87.46921660 4.76887930
v -11.72651581 86.94474937 3.15161195
v -11.39683507 85.99341156 2.21865304
v -12.11168401 97.90496470 -1.75881827
v -12.70240031 96.29543664 -0.95055009
v -9.46174495 101.20469572 -2.96879545
v -11.19347445 99.66275932 -2.51115210
v -12.82327331 95.13840320 -0.65490508
v -7.25514598 102.51356604 -3.05652734
v -7.08806373 85.50781848 11.09161411
v -6.97191514 85.94358208 11.18677143
v -7.70153336 85.59009673 10.51239777
v -6.79828383 83.03986432 10.44499163
v -6.90540604 82.57910254 10.00329662
v -6.42691411 82.50907900 10.17526422
v -6.37630455 83.00112726 10.62245701
v -6.73649691 79.64837195 6.65167678
v -7.63426877 80.13316037 6.20467100
v -6.66186966 78.33649160 3.66712097
v -7.50218935 78.78259065 2.72304673
v -7.08077184 86.67820932 11.84682954
v -7.07437180 86.65189983 11.60749752
v -6.90201155 86.68645861 11.70297895
v -6.93796731 86.70205118 11.91851977
v -8.00592310 84.11776068 9.78011672
v -6.63734085 84.62361934 11.28177155
v -6.60385757 84.29411294 11.03802729
v -6.30741387 84.26581265 11.14136685
v -6.33902482 84.58753469 11.38210703
v -8.87349180 81.32614138 3.59387580
v -8.44956345 80.53823950 2.31266540
v -9.53490965 79.20820357 -2.05994531
v -9.74619247 80.65774085 -1.33012630
v -9.66474495 82.90220143 -2.21805967
v -6.94870211 84.14355757 -5.05406152
v -5.90243309 84.44649817 -5.63851934
v -4.77699570 84.73505618 -5.87655272
v -5.09732000 86.56590821 -5.93118969
v -7.58397065 80.15856983 4.64962233
v -7.50547804 79.65685369 3.51951603
v -6.61296106 79.17720916 4.32808098
v -6.58852875 79.65397479 5.28071072
v -6.54518574 86.39223220 12.02398274
v -6.60513870 86.32456901 11.76234815
v -6.40819452 86.08780744 11.80814538
v -6.41639165 86.24565842 12.16542903
v -7.13278509 86.50868775 11.38811741
v -6.92262731 86.23352291 11.31832708
v -6.90414168 86.43839600 11.38496880
v -7.24364005 86.59186007 11.57024462
v -7.23438792 86.66314723 11.88556735
v -6.84123568 86.64453866 12.44325075
v -6.86653785 86.59513237 12.96030466
v -7.10533045 86.66746857 12.23365549
v -6.71248219 86.56479957 11.88304011
v -6.71001307 86.47971394 11.65784184
v -6.87607683 86.59967424 11.48528416
v -7.04490028 86.61040308 11.46439497
v -6.84133924 86.68018224 12.22072277
v -6.99725456 86.68819310 12.06344549
v -6.89785711 88.84712102 12.66352568
v -5.83532758 78.14966681 4.20229580
v -5.81306375 79.00592329 4.76135459
v -8.02662305 83.99749043 9.57488302
v -8.65566514 92.13861467 11.04074676
v -10.57749249 88.60226514 8.93257070
v -8.76920975 88.66489174 9.97696776
v -8.87265585 89.27399756 9.87492386
v -9.39316384 88.99362924 9.64024995
v -9.29380811 88.22248222 9.73541547
v -7.77489326 91.82504060 11.08697239
v -7.21276857 91.30394699 10.88890243
v -6.94923780 91.32199528 11.66085932
v -7.16570921 90.67963602 10.73627878
v -7.41953931 90.19098522 10.41432131
v -7.31372244 89.82531073 10.97732816
v -6.95455901 90.41364433 11.63661737
v -10.65936990 91.33866074 9.39094681
v -10.47821499 91.17751958 9.54053287
v -7.73572184 89.42393901 10.48037518
v -7.85983510 89.85075595 10.18855233
v -8.36161606 89.57112672 10.04367355
v -8.23883645 89.04425146 10.17161865
v -9.94184769 88.73656632 9.33390517
v -11.13982282 91.18212106 8.49266309
v -10.79917855 90.02446773 8.49897672
v -11.01368449 88.05110695 -1.00397974
v -11.40186123 89.25295712 -1.46691523
v -11.36384539 87.02630641 0.68746271
v -11.29418917 87.29953410 0.38221447
v -10.73974154 86.68232800 0.40187553
v -11.04830138 86.60528304 0.85496992
v -12.64098219 92.51908304 -0.16155456
v -12.61034466 92.46278646 0.26249160
v -12.72616170 93.06141974 0.48124367
v -12.60470606 93.14736964 -0.25486174
v -12.73954965 92.57527234 0.96307561
v -12.66638346 92.25104692 0.89432892
v -12.67996363 92.15108993 1.19882837
v -12.74358116 92.82865169 1.23940945
v -12.66344197 92.45569946 1.93788853
v -12.80994422 93.41664555 2.51775771
v -12.95481704 93.83673312 1.56868246
v -12.32966266 91.73683168 4.17240445
v -12.54074283 92.75051596 3.33449129
v -12.39527843 91.81687476 2.38394231
v -12.12344251 90.97953083 2.64424436
v -11.65482260 87.48909475 1.84833981
v -11.50110445 86.76374199 1.34898272
v -10.71791358 87.19042780 -0.28705292
v -9.50456641 93.93244030 -5.81282716
v -10.51981456 93.04870011 -4.62762903
v -11.28076024 92.27704646 -3.47473998
v -11.70694463 91.69808270 -2.40573030
v -8.09910006 94.76501586 -6.79440092
v -6.09753809 95.15086653 -7.21799027
v -12.29499958 90.03700258 3.82960286
v -12.10222922 89.70095756 2.48883512
v -10.02924747 91.18870737 -4.81710251
v -9.00219686 91.85481908 -6.02489229
v -10.77077768 90.62507393 -3.61120593
v -11.30420796 90.35361650 -2.51625556
v -7.51610778 92.57996919 -6.85709160
v -5.76981760 92.70540716 -7.47657236
v -5.56500524 90.41436555 -6.91686910
v -12.06900559 87.76915910 0.82075732
v -12.05754213 87.18843700 0.78400463
v -11.74767471 87.07564117 0.92571858
v -11.84285067 87.58213164 1.19453255
v -11.91222451 88.53173496 2.18522154
v -12.04641170 88.54977133 3.38766646
v -6.94061078 89.60763456 12.24038337
v -6.28253564 80.38154485 9.73176915
v -6.16888560 81.68145658 10.09471599
v -6.63646541 85.42848470 11.41456176
v -6.65811345 85.01903655 11.37063686
v -6.34484708 84.95291116 11.46094609
v -6.33893989 85.35315635 11.51620556
v -8.00957612 91.61721112 10.46576385
v -5.34047342 88.48694207 -6.24528605
v -4.44792963 82.99997093 -5.98015454
v -4.26369726 81.21706488 -6.38811592
v -6.50707453 79.31872251 -7.23031279
v -5.28847843 79.36939241 -7.29615804
v -6.34165823 85.74899079 11.62112687
v -6.60910315 85.81592681 11.48565594
v -6.76159121 86.64904477 12.09384237
v -7.01634593 84.27803757 10.80230881
v -6.70396842 86.34950759 11.56986613
v -6.62672154 86.12048866 11.55639175
v -6.20167560 86.02230789 11.89515252
v -6.17544695 85.71269753 11.66218702
v -8.94365541 89.88117220 9.89104096
v -8.96716721 90.32933952 9.94694490
v -6.63714453 86.51145341 12.30343167
v -6.55611500 86.35845425 12.55754713
v -8.75793702 76.97192075 0.20198441
v -9.37468640 77.42452862 -1.37392417
v -6.09475568 84.25807001 11.19774465
v -6.13485619 84.57186462 11.43043969
v -12.10235290 90.38819911 1.68319509
v -12.28801317 91.15867855 1.64109130
v -12.37443767 90.74065926 0.99910885
v -12.17990599 90.09633305 1.02842651
v -5.87664663 77.20333578 3.52207270
v -9.42181356 77.88871171 -2.98073444
v -4.03533808 79.66556789 -7.19290044
v -10.52177034 90.50101878 8.93969271
v -10.62209986 90.69162848 8.86721272
v -8.24778311 91.36032702 10.22024039
v -7.10991554 83.55772736 10.40507291
v -6.94881014 83.97930505 10.45966256
v -5.82864962 79.46018817 5.63722212
v -6.25759668 86.17140891 12.26064745
v -12.40844510 91.68054702 0.34363294
v -12.35205538 91.33903625 0.32133699
v -12.64600314 91.18062498 0.46763966
v -12.69971214 91.47615673 0.60409891
v -12.92697496 91.72458889 1.16346791
v -13.07300858 92.06449630 1.09408829
v -13.14242564 91.75774695 0.81311312
v -12.97120682 91.48116352 0.81744209
v -12.61894486 91.76672937 1.48640458
v -12.66507886 91.33104326 1.12890449
v -13.29608939 92.23023893 0.92101475
v -13.23151521 91.99352505 0.72084224
v -12.65691153 92.35123636 0.67141341
v -12.99390874 92.39797832 0.88087764
v -13.07899884 92.65144708 0.46514846
v -13.53212080 92.39933135 0.55428851
v -13.24225746 92.74563434 -0.17013577
v -13.74007247 92.42556931 -0.01744580
v -13.23376081 92.41003634 -0.78358996
v -13.78649853 92.18476059 -0.65991742
v -11.90714918 88.44632151 1.39172856
v -11.83937795 88.62320425 0.74233214
v -13.17047409 91.84959175 -1.16024082
v -13.74288134 91.72027351 -1.13248926
v -13.03676150 91.11862423 -1.43172651
v -13.62625442 91.05877521 -1.40827004
v -12.89325438 90.35669806 -1.52751956
v -13.44002567 90.31105282 -1.49627210
v -12.70841367 89.45303204 -1.48556106
v -13.24623160 89.53436257 -1.37665536
v -12.49386973 88.43914511 -1.17203718
v -13.03694777 88.74677660 -1.03922951
v -13.39160733 91.97501781 -0.57651526
v -13.31732355 92.21621396 -0.11071459
v -12.50813536 92.15706231 -0.40916531
v -13.26158128 92.20626595 0.38885694
v -12.12490506 90.91297628 -0.51689241
v -12.08153225 90.58055522 -0.40628659
v -12.41844378 90.59587361 -0.12623632
v -12.16398783 90.86526873 -0.21588736
v -12.23879613 89.98184444 0.60911575
v -12.24280901 89.41568973 0.49462278
v -12.12142489 89.35005309 0.93243184
v -12.03192405 89.02015926 0.40067356
v -11.94839857 89.50843455 0.36580764
v -11.96189381 89.19680955 0.28058273
v -11.86110682 89.88610150 0.42883536
v -11.97973720 89.04245736 0.13177093
v -12.06162579 88.84118440 0.21986557
v -11.87679626 89.16639330 0.09530271
v -11.84351973 89.25610425 0.19003154
v -11.75401516 89.44172503 0.15793900
v -11.70482866 89.74600675 0.00634180
v -12.07152463 89.42421915 1.56185102
v -11.53781421 88.65800740 -0.59739102
v -11.91892035 89.49964287 -0.85537717
v -12.75294430 88.10153248 -0.54847547
v -12.32346303 87.57728579 -0.61022594
v -12.15727336 86.95396425 0.56248890
v -12.31514670 87.04259040 0.03562566
v -12.37099252 91.66196825 -0.61614368
v -12.30878539 91.05816128 -0.93425092
v -11.32742844 87.92684319 0.01224672
v -12.13006980 90.33555629 -0.99025526
v -12.86747761 89.11620023 -0.83188311
v -12.61523671 88.64836933 -0.47237884
v -13.13755296 89.68418481 -1.08674521
v -12.12319217 88.43860271 0.38954789
v -12.38551296 88.41679933 -0.03335661
v -12.54314415 87.82570602 0.04695310
v -12.31850393 87.73257973 0.50961688
v -12.40225516 89.04134871 -0.37534776
v -12.72152222 89.38940408 -0.59617255
v -12.06784777 89.30139186 -0.41048011
v -12.36848317 89.64024426 -0.59697031
v -12.00603477 89.09314515 -0.10497674
v -12.16915406 88.84192945 -0.07025757
v -11.71309210 89.49369432 -0.37487588
v -11.94836057 89.97872116 -0.60901200
v -11.80986397 89.25717713 -0.06735026
v -12.68025942 89.96876719 -0.58467426
v -12.34628714 90.30258300 -0.58658662
v -12.74053908 90.58234932 -0.34848052
v -12.97288321 90.34370424 -0.51277416
v -13.00679825 89.80414512 -0.75069060
v -13.22206042 90.27930738 -0.83339209
v -13.21808181 90.32859447 -1.17641956
v -13.29781346 90.82848074 -0.81991746
v -13.31310652 90.99245312 -1.11579349
v -13.11173223 90.74920060 -0.54880662
v -12.98097305 90.80482962 -0.29743811
v -13.38836483 91.58029201 -0.91418045
v -13.30296479 91.32716300 -0.67136906
v -13.27844046 91.70446636 -0.42211387
v -13.18194501 91.13413336 -0.44502091
v -13.13971214 91.43349173 -0.24861890
v -13.06446276 91.03162529 -0.28947329
v -13.01394634 91.18241908 -0.13272077
v -12.92000494 91.94982888 0.56846539
v -12.80726872 91.73254611 0.66464670
v -13.04586015 92.00112464 0.27917457
v -12.89301894 91.74651148 0.24156469
v -12.79891811 91.82113649 0.41352432
v -12.66179092 91.70793535 0.42057695
v -12.78562329 91.50506498 0.24599676
v -12.53653846 91.38863327 0.06760080
v -7.13318593 74.15037395 1.06802449
v -6.11981868 74.12944676 1.55607142
v -6.04679778 75.19805672 2.22519204
v -6.94929368 75.31605603 1.66219357
v -13.00900362 91.62412526 -0.00866441
v -12.91490651 91.32488610 0.09035809
v -13.15207563 91.93549397 -0.08484005
v -12.63671450 91.03583934 -0.25617579
v -12.74648539 91.14804508 -0.05271359
v -12.88616515 90.96597077 -0.14034765
v -12.76720695 90.86228253 -0.24717840
v -12.21490956 90.38490297 0.58289725
v -11.95979721 90.29898288 0.24074885
v -11.89197905 90.08738639 -0.18396186
v -10.02829752 72.34787585 -2.63355285
v -9.44433592 73.40498211 -2.26045068
v -10.44331945 73.84380342 -4.03442051
v -11.17497988 72.91599156 -4.49498150
v -11.68789871 69.84670403 -2.25400612
v -13.43784563 70.12065889 -4.81775369
v -13.65930818 67.91194322 -3.15618947
v -11.91734157 67.97230484 -1.60137754
v -13.63235347 66.07502939 -1.89257026
v -11.98913760 66.23381021 -0.77475702
v -13.43235753 61.31126227 0.62479401
v -12.06620715 61.51546480 1.51973717
v -12.04358719 63.05014731 0.80286680
v -13.49677078 62.83982040 -0.11544622
v -14.68540661 53.56494727 1.24855559
v -13.92607770 51.94997730 1.27222013
v -13.17084364 52.33372988 2.23507300
v -13.94696168 53.82869782 2.03843393
v -18.13860617 61.20899262 -5.57619300
v -18.20989184 62.67935278 -6.55610304
v -18.37949536 61.41612770 -7.26990964
v -18.24121408 60.12541594 -6.33423816
v -14.18278746 73.63355400 -9.35867321
v -14.13605146 72.04175236 -7.26764765
v -12.67029203 72.87712337 -6.92245629
v -12.95831956 74.24296381 -8.85331001
v -16.54636941 54.84506132 -3.84765122
v -16.22146450 53.65412178 -3.14541295
v -16.34698890 54.49849607 -2.32264068
v -16.63884751 55.65409603 -2.87768733
v -13.87241117 45.64292969 -1.89780857
v -13.60667429 43.50176098 -1.99617403
v -12.89556033 43.31287088 -0.25840238
v -13.15645210 45.45904638 -0.24692855
v -14.92630921 48.42836203 -8.46236315
v -14.44950930 48.38561656 -10.76503884
v -14.22962032 46.68789746 -10.46828966
v -14.84293721 46.47772851 -8.21573924
v -15.67859135 60.66090407 -1.26344668
v -14.65741179 61.02854254 -0.31040211
v -14.80546973 62.48030307 -1.08656198
v -15.88324539 62.01595308 -2.09248070
v -17.73700349 47.65424373 -14.48842253
v -16.40701375 47.47454764 -13.91979571
v -16.51485197 49.63815155 -13.21506020
v -17.75170199 49.87439754 -13.80630549
v -14.07743178 36.53765859 -7.82849904
v -13.32292191 37.14539202 -9.63732343
v -13.71835552 35.35042943 -9.76623189
v -14.44178752 34.69540568 -7.72841241
v -20.65914504 61.94412949 -12.36241650
v -21.01829134 63.60708715 -11.83160584
v -21.45683400 64.80279209 -13.67726590
v -21.24533139 62.96242716 -14.17482611
v -17.71618358 58.39149894 -4.80423909
v -17.55671136 59.12882330 -3.95873789
v -17.89244495 60.09246947 -4.74767763
v -18.02288822 59.19861140 -5.50287705
v -14.86404322 51.40322687 -11.42443906
v -15.22644542 51.60848739 -9.65581205
v -15.33264152 52.89049389 -10.29819589
v -15.00942044 52.75991501 -11.92632880
v -15.08167617 50.03627183 -9.06970244
v -14.66807954 49.91528930 -11.08396243
v -17.14610390 59.76166071 -3.09673626
v -16.51064984 60.23743393 -2.18645636
v -16.79790400 61.47832813 -3.07007529
v -17.47279547 60.87599935 -3.96260697
v -13.17213110 50.52016916 1.17121410
v -12.25080423 51.00988390 2.35069633
v -14.61886547 34.03947147 -5.58392633
v -14.28773783 33.38281157 -3.44809223
v -14.15983818 35.40781828 -3.64698399
v -14.40070353 35.98495068 -5.77352796
v -12.37721748 47.46700468 1.11021545
v -12.60637126 49.22941865 1.08840127
v -13.38656775 49.09190180 -0.20623220
v -13.21284853 47.41151573 -0.31849524
v -13.50737594 32.76885392 -1.34846693
v -12.53758527 32.32952597 0.67624027
v -12.43262671 34.51797457 0.41199239
v -13.44309382 34.87513902 -1.55211393
v -13.56579147 64.40293433 -0.94664254
v -12.02015362 64.61827995 0.05280498
v -15.62202505 53.43203189 -0.53922558
v -15.05699388 51.89219059 -0.69609966
v -14.55520324 51.83527412 0.27035406
v -15.23723684 53.45919075 0.35922272
v -17.22618870 57.82154145 -8.04993402
v -17.93251119 58.93194022 -7.15833794
v -18.10427092 59.93326845 -8.18209242
v -17.01214395 58.39159431 -8.82263895
v -14.04723607 33.46349092 -9.66457244
v -14.74282972 32.85425695 -7.55321201
v -13.52879189 30.75177612 -1.13389854
v -12.49914996 30.23834022 0.87268218
v -14.02786605 58.35883560 -14.36662789
v -14.34611164 57.92120637 -13.90020814
v -14.91302482 57.75381865 -12.64997911
v -14.55031715 58.47561600 -13.13654598
v -10.98200015 54.21753468 3.96713015
v -12.31497906 55.05293252 3.33324406
v -12.56591685 53.35818769 3.01012356
v -11.39913134 52.17914822 3.38566970
v -14.47898380 50.50089600 -1.05965258
v -14.04227398 49.25199391 -1.46879259
v -13.91579590 50.41171553 0.02835659
v -9.42592330 53.29123976 4.40742593
v -9.96307738 50.63249709 3.73575274
v -10.49037285 64.62669613 0.93627270
v -10.56745804 63.09967877 1.67683806
v -10.42245484 66.24079587 0.35239436
v -8.89457471 66.15588905 1.41121984
v -8.65571729 67.86228063 0.99232407
v -10.21412097 67.92841198 -0.19017573
v -8.35153244 69.53765394 0.75829370
v -9.92540799 69.65726258 -0.47192728
v -8.62686194 72.05419185 -1.00221228
v -8.23053725 73.18395617 -0.70626246
v -17.77625016 58.19580497 -6.37289178
v -17.53407053 57.51615407 -5.76889817
v -14.41513083 31.41838254 -3.20783783
v -8.38980533 68.01330688 -17.15367105
v -7.56137453 66.39367582 -17.48890098
v -9.20156247 66.28932597 -17.74746444
v -10.09415172 67.79805066 -17.48918261
v -15.55871002 73.27395322 -9.89946019
v -15.93085013 71.58282043 -7.90414628
v -12.25816018 60.07131876 -17.90785458
v -11.77045561 59.81630029 -17.84956571
v -12.15910993 58.81528797 -17.27573838
v -12.40733869 59.35657861 -17.37429317
v -13.14075969 58.52788927 -15.96097913
v -12.36107431 57.55962374 -16.18977304
v -12.23424084 57.81167986 -16.86921235
v -12.89702363 58.83193554 -16.56155106
v -12.55122430 35.82155498 -11.41121428
v -12.07228906 37.64761033 -11.20066609
v -10.62114618 50.19683184 -15.51620629
v -12.24972464 49.29282310 -14.28981539
v -12.73685254 50.86508932 -14.39910199
v -11.28614179 51.78106966 -15.59768882
v -0.56258217 66.17007496 -13.24706491
v -0.33229470 64.56312778 -13.54209002
v -1.74645425 64.85921981 -14.53604665
v -2.01697794 66.52929427 -14.26092800
v -5.45991368 69.33481934 -15.76592591
v -6.09430678 70.84903957 -15.32506909
v -4.26104076 70.18770816 -14.57660016
v -3.82278792 68.70844008 -14.98430636
v -6.60302758 67.95850636 -16.67216089
v -5.93794182 66.25901701 -17.05174412
v -14.39333491 53.01574411 -13.42897680
v -14.18204985 51.71072723 -13.07202544
v -14.47227977 54.69849648 -14.02235296
v -15.08628062 54.56346216 -12.74006780
v -15.05607597 55.17929139 -13.00339516
v -14.34588365 55.41034581 -14.26414516
v -11.97312928 74.95432140 -8.33776634
v -11.20147191 75.77228786 -10.04318636
v -12.29736961 75.04638078 -10.69852900
v -5.74551194 74.90397932 -11.95691194
v -5.45709587 74.31100847 -12.43278351
v -6.97873018 74.52737333 -12.69857850
v -6.93779967 75.08845570 -12.04804372
v -1.66983081 57.46265890 -15.24563249
v 0.03851096 57.49175193 -14.30631097
v 0.03939841 55.29627146 -14.19623312
v -1.84481058 55.10370674 -15.18695172
v -13.63080225 56.53952600 -15.32305296
v -13.51143948 57.31740536 -15.46268430
v -13.02026741 57.97906460 -16.16954472
v -13.06681715 57.16335120 -16.03699591
v -13.07287298 56.42025115 -15.96666690
v -12.94094406 55.74054064 -15.86855616
v -13.73774193 55.11847379 -15.02602812
v -13.76863055 55.80171885 -15.19965943
v -11.97916574 53.16161158 -15.63176926
v -13.23980920 52.37630250 -14.47776820
v -13.49951408 53.55869772 -14.66427859
v -12.39649511 54.28658666 -15.66614028
v 0.03522125 47.81734588 -12.95266118
v -1.59024538 47.48316946 -14.03321888
v -1.69175889 50.06260218 -14.45381012
v 0.03858719 50.35647990 -13.38283982
v -15.19282840 57.80051889 -11.35945883
v -15.64184211 57.82109143 -10.44137072
v -15.07400207 56.72804954 -10.92702042
v -14.40990500 56.57459738 -12.03139093
v -12.63244830 57.99093785 -18.67109802
v -12.75730960 57.16237964 -18.97805896
v -13.12382303 57.37698915 -19.27597787
v -12.97588355 58.29419138 -19.00587048
v -12.99653582 54.83442487 -13.66789158
v -13.82081739 55.12205007 -12.67189797
v -13.40337030 53.35517468 -13.31739094
v -12.48763732 53.12599780 -14.28146329
v -15.27922682 73.26851131 -12.75142770
v -16.93694971 72.82517197 -10.52363332
v -14.34453956 73.87959005 -12.00450104
v -12.33922176 56.15306439 -14.94390186
v -11.59569181 54.85176386 -15.44534381
v -11.28187634 55.05191924 -16.36628922
v -11.83618836 56.32768812 -15.80621418
v -18.69931601 47.96470346 -15.74005004
v -18.62217865 50.19742789 -15.05099948
v -11.51105098 51.18982436 -15.83224948
v -11.13803915 51.23130025 -16.86153080
v -11.08640290 53.04427685 -16.08203467
v -11.62556119 52.97881307 -15.19590434
v -10.07620327 48.45697524 -15.29498961
v -11.77526496 47.67930748 -14.02728822
v -9.05862458 36.51583584 -13.67460456
v -10.96141643 36.24083938 -12.79098283
v -10.48490934 38.17234280 -12.40273084
v -8.71779181 38.58779909 -13.28309145
v -12.89341904 33.91139003 -11.50798764
v -9.32944201 34.33341475 -13.76459118
v -11.29298441 34.17701663 -12.90943962
v -9.56696875 77.22006084 -8.17908686
v -8.24647851 77.52356174 -9.06470608
v -8.62627483 76.77225711 -10.05047154
v -10.29786773 76.52589323 -9.18778222
v -14.11827735 21.72058838 -11.10966917
v -13.91559623 18.63858121 -11.12761315
v -15.55103741 18.31790226 -8.87761827
v -15.55581174 21.46573829 -8.85145333
v -4.92712900 76.36097314 -10.16414057
v -6.77561543 76.61770226 -10.29532742
v -6.64659597 77.39405276 -9.32705443
v -5.02149991 77.26815583 -9.14286341
v -15.30626945 24.20906739 -8.88165500
v -14.01687197 24.72649457 -11.19195487
v -10.20749293 76.33139731 -6.66336048
v -11.09644182 75.59379580 -7.62892183
v -10.92320613 74.62216856 -5.83776947
v -10.10586105 75.47918202 -4.97760069
v -9.79097418 74.91169812 -3.24467219
v -16.68298475 17.61731448 -6.54006045
v -16.43065594 20.56142332 -6.55624870
v -7.87395320 78.35992815 -7.89366256
v -6.47952787 78.26996090 -8.23915195
v -5.10934561 78.22663428 -8.21700733
v -3.79099816 78.38241102 -8.02680444
v -12.92652197 32.06471445 -11.19238254
v -14.09601502 31.64823147 -9.30415284
v -6.82452030 7.94774534 -14.51106038
v -4.20976400 7.89560506 -14.46323063
v -4.37731787 6.28382357 -13.18257417
v -7.25037388 6.04392307 -13.29960342
v 1.40250169 9.93843319 -12.31224354
v 1.06229207 8.82770585 -10.85860770
v -1.42917258 7.29165765 -12.31900941
v -1.39554364 8.49422382 -13.76944151
v 1.34599090 21.63112776 -14.58554830
v -1.22675907 21.54664340 -15.61763253
v -1.52028350 23.77057986 -14.93495073
v 0.98064917 23.83483293 -14.07467093
v -9.44364599 32.33420940 -13.56687810
v -11.35467372 32.25264790 -12.66660955
v -14.68125812 31.05007948 -7.17893582
v -16.11369334 3.89048250 -3.73466354
v -15.35226784 4.26730307 -7.20110427
v -14.64308433 0.83947422 -6.73206042
v -15.53011171 0.44026541 -3.44765376
v -10.02683572 1.34896057 -10.82912128
v -10.33590741 4.11205309 -11.70866754
v -7.17873729 3.90806364 -12.31654104
v -7.03353665 1.63926723 -11.36491042
v -11.42482914 29.79139628 2.77608033
v -12.25369133 28.27953937 0.95757894
v -11.03852771 27.76098790 2.74794247
v -7.12277300 29.02374508 6.65916611
v -8.84863145 29.19762077 5.64312819
v -8.20788525 27.20673176 5.54544326
v -6.62739209 27.05709280 6.46526847
v -6.08736768 16.51766243 5.55085834
v -5.13612821 16.58283824 6.17483143
v -5.24507358 18.81983819 5.83940704
v -6.30736693 18.76678856 5.01543354
v -16.50980494 19.64098157 -4.15247049
v -15.51666490 18.97432448 -1.82690531
v -15.16579918 21.43571692 -2.16251671
v -16.08258418 22.27905558 -4.35087275
v 0.62674724 8.06371586 -9.38229155
v -1.35823812 6.13925101 -10.91583338
v -15.29046081 0.20634102 -0.02303840
v -15.71689628 3.79106047 -0.31837858
v -13.72996352 0.44284852 3.01217768
v -11.07897915 1.22703256 4.52992726
v -11.61462225 4.37503697 4.26136773
v -14.16358582 3.79106047 2.59457991
v -3.23126584 8.65999254 3.39302678
v -4.87941809 10.56837251 4.80240468
v -5.12261919 9.56346447 3.93685732
v -3.16485714 8.34425667 2.64401693
v 1.85777873 13.14692915 -14.18884661
v 1.69389744 11.41573031 -13.43342628
v -0.97812910 10.30086072 -14.83835842
v -0.73146860 12.29188876 -15.58718648
v -7.25065253 34.38507261 -14.05197050
v -7.35044710 32.26039054 -13.88481673
v -5.26186570 34.40005871 -13.90140917
v -7.09229119 36.68451550 -14.03731223
v -5.20151935 36.83979305 -13.88505664
v -6.07476204 50.76405348 -16.00592252
v -8.15335221 49.52844026 -15.93862887
v -8.74090425 51.30428018 -16.28679302
v -6.71219684 52.74973156 -16.48452993
v -3.10419749 65.38170816 -15.65096643
v -3.43912661 67.07753779 -15.33159431
v -3.83585773 2.63076665 -11.03569683
v -0.84841144 4.51762842 -9.18557387
v -1.62400908 0.63716786 -8.83357938
v -4.23283323 -0.35296140 -10.24963003
v -9.61397074 -1.62351487 -10.16401317
v -11.99348650 -1.93615315 -8.74445852
v -12.71313063 1.20902749 -9.36659094
v -13.82538460 -2.43739692 -6.22422997
v -14.86962668 -2.93674527 -2.97525342
v -13.09003017 -2.74210034 3.42600193
v -10.42395092 -1.93635581 4.78952784
v -2.99276568 2.94904651 2.32963521
v -5.33022403 2.40689086 3.54562845
v -4.79493036 -0.17093403 3.40997610
v -2.49716423 0.42766945 1.94686927
v -8.84774409 15.69218131 3.71764187
v -11.53630696 17.17904264 1.86398957
v -11.79745204 14.73491022 2.08216362
v -9.39534686 13.34583655 3.38368449
v -7.76704408 31.16913827 6.39072020
v -9.20146264 31.46143200 5.53114336
v -10.16897566 29.46672233 4.41931184
v -10.42654149 31.74600693 4.30535037
v -11.53092466 32.01985898 2.60772795
v -9.38233740 40.93848111 4.92104735
v -10.80040417 40.90449752 3.42803966
v -10.49362577 38.68150057 3.60577475
v -9.10526521 38.65803422 5.07265065
v -9.60300721 43.28666272 4.64454439
v -11.04261286 43.25644018 3.17452658
v -9.72669728 48.09652211 3.76893465
v -11.48691408 49.61419942 2.40278352
v -11.22879467 47.70827236 2.49187607
v -8.97039406 64.52698948 1.88214310
v -9.05232362 62.94710876 2.45538294
v -16.81605659 16.75719263 -3.88745073
v 0.38434903 4.49656488 -5.92605736
v 0.61834094 4.05240448 -3.21410172
v 0.56367109 1.28799321 -3.77672281
v 0.03890747 1.24969797 -6.41794171
v -15.97992263 23.28480797 -6.62221428
v -14.85456012 32.15816112 -5.35034504
v -14.70197521 30.34374209 -5.06302196
v -15.04736028 48.81795289 -5.79469170
v -14.88983564 46.37296142 -5.84272820
v -13.41758601 55.52507283 2.60406617
v -13.38403754 54.27551510 2.59358749
v -13.31073723 4.37000932 -10.10717343
v -12.29787699 -5.82985638 3.63607217
v -11.33278839 -8.80536793 3.83399721
v -8.74383382 -8.03452788 5.05575571
v -9.60311226 -4.96653227 4.99308031
v -0.78362816 -2.15458034 -0.13124038
v -2.17284754 -2.41585730 1.57152504
v -2.00071100 -5.47524152 1.21220514
v -0.79560699 -5.29698638 -0.54788166
v -0.85416755 -8.39288292 -0.66322099
v -1.78644040 -8.67478458 1.19888146
v -1.30070269 -11.75911186 1.18227709
v -0.61869369 -11.42012982 -0.77691324
v -14.69519220 -3.17925570 0.52702395
v -13.35903488 -9.13372545 -1.77513476
v -13.08820627 -9.26982371 1.33659650
v -13.93913261 -6.31191192 0.89643473
v -14.10641603 -6.09868376 -2.32665710
v -7.02291734 -1.26222877 -10.66419821
v -0.83991210 0.76190176 0.38615741
v -1.13658260 3.22629975 0.92535434
v -0.16743767 -5.35902439 -4.43682302
v -0.86840382 -5.62989322 -6.59788813
v -0.40844111 -2.27556584 -6.63947392
v 0.26900296 -2.03577487 -4.20472588
v -9.10902999 -7.52379952 -8.92085846
v -10.99016524 -7.93442635 -7.23762851
v -11.50348268 -5.00194637 -7.95984011
v -9.38793577 -4.63078229 -9.54948183
v -13.07513497 -5.49754260 -5.41760962
v -12.37601794 -8.51038603 -4.69966534
v -11.80624373 -14.87894116 -0.63442295
v -11.16177149 -14.97623382 2.15856467
v -12.17056147 -12.13110743 1.75514404
v -12.60435067 -12.03873811 -1.20245180
v -11.18362851 -14.23984824 -3.40910949
v -11.75105355 -11.37371866 -4.01777740
v -10.51960520 -10.75960753 -6.48508076
v -10.12104161 -13.56355606 -5.74241210
v -8.47414590 -12.90885566 -7.22598623
v -8.83424885 -10.18995253 -8.10256567
v -6.72151602 -9.76394771 -8.87452703
v -6.62425689 -12.40350513 -8.06285780
v -4.58091840 -9.32469426 -8.77805170
v -2.71221313 -8.88618885 -7.80280646
v -3.06576889 -11.62141619 -7.23933544
v -4.72873009 -12.02057956 -8.04989975
v -0.78806325 -11.27723811 -4.36140340
v -1.63585001 -11.39055250 -5.99294010
v -1.28689574 -8.59795270 -6.28260899
v -0.59676053 -8.44493268 -4.42591723
v -1.00130441 -21.97437046 -4.62583754
v -2.26316776 -21.96514068 -5.48296463
v -2.16788452 -19.34830008 -5.41981462
v -0.81148206 -19.32148097 -4.53878757
v -3.53703785 -22.00902758 -6.31698150
v -5.04441939 -22.14560268 -6.68823387
v -4.97036695 -19.67123805 -6.56077791
v -3.47256910 -19.47539506 -6.19371947
v -8.00541423 -20.60849128 -5.47682684
v -6.51609607 -20.04734037 -6.38773855
v -6.58383116 -22.52138315 -6.50825988
v -8.04509453 -23.13920615 -5.61387356
v -9.44370485 -23.92444072 -4.32438780
v -9.62795622 -21.38653753 -4.31919884
v -9.74339626 -24.73111508 -2.17067938
v -10.23644365 -22.19867764 -2.25851614
v -9.67918641 -22.83090411 0.51151026
v -9.30200226 -25.45063553 0.54090988
v -0.03333085 -20.27117966 -0.09426271
v 0.23039884 -22.94493375 -0.55800495
v 0.54133378 -22.38522230 -2.13740975
v 0.48729714 -19.73426102 -1.56910041
v -2.79604688 -21.49919031 3.29516452
v -4.57998596 -22.15358077 5.39459583
v -3.97093229 -24.82413409 4.45319001
v -2.38523900 -24.16557727 2.50908878
v -10.72172604 -16.92077575 -2.89534800
v -10.94712026 -17.55613742 -0.14353682
v -8.18456865 -15.51797150 -6.41182329
v -9.80264999 -16.21823965 -5.06661761
v -0.81854921 -13.98921667 -4.36760116
v -1.87237149 -14.07095252 -5.74397672
v -0.88200679 -14.70889507 0.98774374
v -0.24058728 -14.29084001 -0.87107917
v -7.84886486 -20.17810700 5.24859909
v -8.48580382 -17.37069545 4.76980019
v -10.18667079 -17.66278205 2.66567726
v -9.64581452 -20.44602988 3.19009271
v -10.53470678 -19.60096417 -2.51904543
v -9.65532444 -18.80202649 -4.61775627
v -8.03901635 -18.08732508 -5.80077510
v -6.48593574 -17.52007661 -6.68732975
v -4.90541204 -17.16293452 -6.80402633
v -3.44700150 -16.88928960 -6.31617051
v -2.07175694 -16.69581590 -5.53924408
v -0.82000457 -16.66268466 -4.41110399
v 0.14570106 -17.04447029 -1.17747079
v -0.48526551 -17.59284494 0.49689595
v -6.56393475 -25.52039681 4.77848683
v -7.24659122 -23.01321087 5.44514503
v -9.26838748 -23.29774259 3.47146873
v -8.63113112 -25.90183077 3.17892801
v -5.83634905 -27.68178044 3.43987379
v -3.75415280 -27.09628103 3.00103907
v -3.44438057 -24.33462201 -6.83596920
v -5.02833731 -24.48580919 -7.11926486
v -6.57736815 -24.94557856 -6.95483278
v -9.26116488 -26.45494996 -4.62948274
v -9.28987644 -27.39124654 -2.21574124
v -8.68968598 -28.06067524 0.42229515
v -7.76269368 -28.00426541 2.54511159
v 0.40759139 -27.55257843 -3.40754449
v 0.33845485 -24.91024790 -2.65772868
v 0.07352063 -25.45912323 -1.21323475
v 0.07145398 -28.09279619 -2.03554280
v -0.69939173 -26.97220800 -6.07411902
v -1.71666888 -26.74555836 -7.27151077
v -2.15776085 -24.37132059 -6.04978580
v -1.08606883 -24.44367764 -5.01364361
v -3.20641480 -26.74343942 -8.03064372
v -4.88853611 -27.00828372 -8.19274750
v -6.57564446 -27.43649540 -7.91109841
v -9.05117400 -29.22684012 -5.10864299
v -8.14036212 -25.54695664 -6.07381094
v -8.17113973 -28.21556089 -6.95707690
v -8.99626694 -30.31574843 -2.29821097
v -6.94739677 -33.89910219 -0.49358499
v -7.59229891 -30.96656261 0.38739011
v -8.68447206 -33.33903013 -2.86403432
v -2.15490244 -42.70703552 -2.71433894
v -4.53126065 -43.03059338 -3.31581611
v -3.26088842 -46.13541124 -4.48171090
v -1.19222675 -45.88789104 -3.97949930
v 0.58977439 -30.78438101 -2.94168129
v 1.12953570 -30.21116314 -4.47754528
v 0.19749494 -29.52440141 -7.42032122
v -1.08073282 -29.30287478 -8.66985436
v -8.46458904 -35.21776853 -6.73752468
v -8.88378031 -32.20904825 -5.74308786
v -8.07479031 -31.14486692 -7.87490573
v -7.62811236 -34.13682340 -8.92704692
v 3.48326892 -39.77719901 -5.62956113
v 3.94503095 -39.24932240 -7.28540014
v 3.27448950 -36.00442765 -6.40540648
v 2.76826129 -36.59451364 -4.63840928
v -0.16117017 -32.12661801 -9.89946615
v 1.20873016 -32.31841980 -8.54847398
v 2.10284938 -35.34191607 -9.56984948
v 0.66273494 -35.22870002 -10.86728465
v -6.39791570 -41.69830440 -8.32054358
v -7.64005191 -38.39223741 -7.60659542
v -6.88842393 -37.37058101 -9.81768336
v -5.76454334 -40.82193730 -10.42357426
v -6.38175129 -36.83925031 -1.31602924
v -8.18883933 -36.30599437 -3.81079394
v -7.30796240 -39.33847902 -4.73770950
v -5.65530143 -39.91949914 -2.32549667
v -3.85356776 -36.42035780 -0.77458731
v -3.11575371 -39.48651908 -1.67399974
v 4.33918156 -46.52169703 -8.86594396
v 4.12253917 -42.80348776 -8.09595551
v 3.76264334 -43.38646291 -6.62816543
v 4.06794802 -47.16708420 -7.64515143
v 1.24586143 -38.67790459 -11.48688909
v 2.72318304 -38.67557405 -10.23753326
v 3.04575928 -42.37084148 -10.73484387
v 1.78811469 -42.37584231 -11.79446172
v -3.51180236 -48.76667021 -9.59132429
v -5.00058502 -45.16691921 -8.98365270
v -4.38357673 -44.43128465 -10.95006507
v -2.84024316 -48.02115915 -11.42231863
v -1.93242335 -49.51056002 -5.73856089
v -4.78543013 -45.86465118 -6.47092987
v -3.33375100 -49.36473725 -7.44782280
v -0.60391479 -52.91666744 -6.62089068
v 0.92477838 -52.74402855 -6.22322936
v -0.11705321 -49.26878570 -5.26422713
v 4.34084341 -50.73512552 -8.60093575
v 4.73284491 -50.17637966 -9.65897407
v 4.24763851 -49.66553805 -11.55989583
v 3.29037413 -49.53348992 -12.46225726
v 2.46113606 -46.02196572 -12.10661050
v 3.54300321 -46.07481120 -11.14525463
v -0.45502246 -46.87468765 -12.93392967
v 1.04421603 -46.30809782 -12.74768080
v 2.00894691 -49.78520630 -13.03858276
v 0.66840129 -50.31735061 -13.13420202
v -1.33693905 -51.31579993 -11.72889661
v -1.80238306 -47.40900753 -12.52039563
v -0.46132402 -50.76871274 -12.72088405
v -2.04290792 -51.99061392 -10.11073258
v -1.90176151 -52.71577595 -8.08737021
v 0.50253246 7.43263567 -3.76805629
v -0.02645671 6.89245181 -1.49538968
v 0.27578401 5.90680780 -2.46688746
v 0.43296053 6.74092228 -5.00128757
v -3.83178077 -6.19173406 3.22966758
v -4.33657437 -3.03901492 3.29296846
v -2.69681930 -12.38537339 3.21096625
v -3.33941400 -9.39008651 3.27259895
v -2.18829929 -15.36597369 2.88365033
v -1.77201319 -18.19382964 2.28392944
v -1.22706892 -20.93533931 1.56857815
v -0.87020367 -23.61840663 0.92050793
v -0.87299433 -26.19240044 0.20140946
v -0.86906122 -28.88993977 -0.58600637
v 0.24014881 -34.37172828 -2.33543705
v 1.65367604 -33.60540627 -3.83065049
v -0.60458611 -31.60820661 -1.57303627
v 2.06007671 -40.71095942 -3.99416614
v 1.24706936 -37.39559112 -3.05956475
v 2.67408409 -44.29470656 -5.23212705
v 3.09753858 -47.99086211 -6.44058775
v 3.43479284 -51.48358105 -7.46510293
v -9.20437358 7.29689280 4.16909155
v -6.47168539 7.01208578 3.76559232
v -6.93927563 8.64063853 3.91198244
v -9.51253779 9.44426989 3.95748835
v -1.55625397 7.99759196 1.19443607
v -2.21709821 8.04114955 2.18805518
v -2.04576224 7.98964145 1.64942179
v -1.27230545 8.01380293 0.65842649
v -10.30197896 -20.13939379 0.28441801
v -6.56576201 -14.99880610 -7.27419000
v -4.86673384 -14.61305676 -7.27227967
v -3.32403823 -14.28658126 -6.67022247
v -3.18535499 -18.87460707 4.26472459
v -3.89335088 -16.10226987 4.59847037
v -6.06159053 -16.74545465 5.47282208
v -5.32345146 -19.50827299 5.52990060
v -4.39694233 -33.79161118 0.10543653
v -1.71416493 -35.41357575 -1.47532107
v -2.31482952 -32.71665035 -0.49339458
v -4.98941250 -31.45927845 1.13014333
v -4.68031846 -29.69330011 -9.59312510
v -6.55290119 -30.23815511 -9.18000158
v -2.11535383 -32.20999895 -10.71732756
v -4.21304412 -32.55178092 -11.01345386
v -2.81150125 -29.35221551 -9.29332267
v -5.39779000 -10.30458568 4.80783168
v -7.84741573 -11.02861373 5.12202974
v -6.92233823 -13.91730366 5.20792563
v -4.61592272 -13.18894384 4.76914454
v -10.21243415 40.03513696 -12.39267554
v -8.51122073 40.62229337 -13.17010488
v -15.50619386 51.57009305 -3.18450317
v -15.20769380 50.39988400 -4.24526747
v -14.68944780 49.64728000 -2.80187264
v -15.00074349 50.87578239 -2.12978221
v -15.64132951 51.49878206 -5.34644242
v -15.92307619 52.56935896 -4.10488848
v -16.22061364 53.82791402 -4.93926521
v -15.89767269 52.84357311 -6.19578551
v -16.44266627 57.05071928 -9.25584104
v -16.13532535 57.57091286 -9.82051533
v -9.71341364 45.67000212 4.27371074
v -7.90893815 45.60038688 5.44382703
v -7.92564012 47.92724194 4.92215451
v -9.69441466 27.38348188 4.31825552
v -9.20302130 18.87168082 2.89385017
v -7.10422702 16.10185744 4.74018227
v -7.54434995 18.73843985 4.03129604
v -3.71231705 10.35484055 5.37573468
v -3.49423352 46.91275599 -14.67131641
v -3.68943445 49.46914854 -15.12613561
v -2.35675748 68.07062866 -13.93911209
v -0.86547830 67.68643500 -12.93384548
v -2.93968159 70.86695673 -13.20073124
v -3.18237699 72.11282494 -12.73167472
v -1.61887871 71.68061378 -11.73618775
v -1.33871136 70.45291306 -12.18845811
v -3.46633222 77.26868631 -8.79982676
v -3.13071522 76.27191188 -9.59686678
v -0.58382569 8.15437155 -0.58884745
v -0.90346343 7.80805590 0.14178358
v -0.19928687 8.05668028 -1.39526840
v -3.53411071 5.11751490 2.65381072
v -1.67986702 5.17595576 1.34133022
v -2.21371509 6.59020262 1.72061078
v -4.08279083 6.73197860 2.93313857
v -16.46374695 7.29761513 -3.77892818
v -15.95558308 7.83279853 -7.37026077
v -4.09241139 4.65218218 -12.06425097
v -11.56848006 47.01680185 -18.56021549
v -11.75221063 47.06433656 -19.69367679
v -11.41557552 49.22579767 -18.92782118
v -11.29462428 49.18762984 -17.72415008
v -3.48865564 57.52314867 -16.20748605
v -4.38545949 54.73573150 -16.15607556
v -11.72308556 73.83557798 -6.44152168
v -19.42629300 71.12514021 -11.70589443
v -20.01542084 69.61771490 -9.57374018
v -18.88698570 70.42924406 -9.09692239
v -18.23178313 72.10685255 -11.12302955
v -12.78466217 68.67002489 -17.18256589
v -14.20030377 69.85168697 -16.38892408
v -12.76068322 70.66788318 -16.28138389
v -11.30226709 69.26256063 -17.02383574
v 1.70043160 19.41623854 -14.86532207
v -0.83639582 19.29559948 -16.06259014
v -1.46806573 39.71374573 -12.93437075
v -3.24021585 39.41065015 -13.52876242
v -3.15305449 41.85952785 -13.88610270
v -1.40728138 42.26895215 -13.23080029
v -6.27855181 56.08839633 -17.04250540
v -7.90754117 54.30758836 -16.85783531
v -9.33246918 55.88410141 4.54131808
v -9.25392367 57.98331143 4.17405438
v -10.78779332 58.26924088 3.48888856
v -10.84539152 56.39778318 3.88804261
v -12.59988479 52.60803940 -20.01504715
v -11.86486564 54.26758470 -18.90399720
v -11.37373529 53.61047627 -18.23631491
v -11.68152920 51.72305943 -19.25879832
v -13.61230693 8.29246843 -10.91173630
v -10.39657153 6.75659159 -12.70845871
v -12.37969704 43.46060397 -11.74512025
v -10.76834507 44.11834719 -13.10929771
v -10.40880240 42.06286015 -12.77499314
v -12.06223003 41.43504443 -11.51396822
v -13.55239532 48.67350699 -12.67947223
v -13.16361062 47.06934335 -12.36033183
v -13.89335475 50.20380260 -12.88033094
v -13.52606348 58.68756117 -15.58209475
v -13.89492683 58.21517350 -14.82531395
v -13.49995218 58.41994228 -15.17530944
v -5.91248467 4.96200265 3.67989387
v -7.30712868 11.46634452 4.17356301
v -6.86565794 12.81736347 4.79024012
v -0.94716118 8.20901969 0.05982789
v -9.54848162 76.62518861 -3.96763015
v -9.46194686 76.17602589 -2.31061004
v -13.03911738 56.14683272 -14.06051483
v -12.23270006 54.75836935 -14.58406415
v -14.93282847 55.83862605 -13.25349625
v -15.39842568 56.00122752 -11.91486981
v -15.07505409 56.59960749 -12.28665005
v -14.55113671 56.59339966 -13.65418550
v -14.00759451 56.89840259 -14.67977878
v -14.30917911 56.01921620 -14.41599693
v -17.70815037 62.11514713 -4.85456627
v -16.98457531 62.85553219 -4.02383286
v -17.07799218 64.45100548 -5.02218868
v -17.78311066 63.68223073 -5.79281863
v -16.05556838 63.47849609 -3.04433204
v -14.96006481 64.00492432 -1.99417215
v -15.04067711 65.65902473 -3.06272250
v -16.15310840 65.09338262 -4.11402289
v -12.21394173 71.96367623 -4.66141183
v -11.00624062 71.40544893 -2.48913173
v -9.36738856 71.04152681 -0.74902509
v -7.97284849 70.81409337 0.51624175
v -2.72929489 75.12721660 -10.25564264
v -2.37425554 73.81559255 -10.74649211
v -4.08356830 74.07167794 -11.75122749
v -4.82060954 75.30037405 -11.20254513
v -9.07186426 74.58802702 -1.53374033
v -8.10908906 74.34259297 -0.05718408
v -7.27180399 72.99331071 0.57897285
v -19.00727532 48.20021631 -17.33653810
v -18.92564080 50.42945685 -16.72390368
v -8.95427696 78.12517526 -6.88530993
v -9.47675936 77.40216496 -5.46807054
v -18.74113164 50.64249875 -18.45200624
v -18.74092899 48.40111377 -19.00422092
v -17.09399156 69.00295259 -6.83530684
v -17.54661135 71.08770253 -8.53671696
v -18.48669730 68.47028973 -7.46549558
v -8.89319859 75.79401376 -0.67823358
v -8.01578693 75.47849657 0.73642569
v -16.21650241 11.18864834 -7.12101351
v -16.56438045 10.50482856 -3.86488367
v -14.26040165 37.91834654 -5.88160720
v -13.90611760 38.39302899 -7.81864863
v -7.69982494 40.90621414 6.10653047
v -7.47569434 38.60777261 6.23161826
v -5.94898432 76.21824386 2.86456343
v -9.06424827 33.91492905 5.39143231
v -7.33100481 33.56818350 6.32996816
v -7.33643330 36.18635478 6.25215802
v -8.97604234 36.35073246 5.19542504
v -6.54886595 31.00127967 6.78088326
v -6.33421622 29.86043336 6.97361041
v -5.52919514 14.56751281 5.78361001
v -4.90200936 14.74629564 6.39831755
v -18.26161526 55.99165203 -12.31050458
v -18.65197502 57.80946555 -11.90232824
v -19.68125484 58.61160995 -13.12679168
v -19.19720552 56.63814189 -13.60224303
v -10.33948592 34.16961374 4.01256453
v -11.42372794 34.33183076 2.28546295
v -17.14259915 57.25604238 -7.45239597
v -16.42967246 56.53191449 -8.74149170
v -7.90788315 50.33908429 4.75571226
v -12.20098294 56.80348517 3.16726115
v -12.15332977 58.39495005 2.73004767
v -13.37844364 58.38817002 1.86810099
v -13.39531920 56.94779696 2.34144159
v -0.57770711 8.35471803 -0.61745321
v -15.63732110 59.06514766 -19.90259703
v -15.46446912 60.31052114 -19.82939508
v -14.69395689 59.80418565 -19.78116747
v -14.91612874 58.58009698 -19.89353713
v -0.35139837 5.34511151 -0.27216941
v -0.02599310 3.59160544 -0.93232728
v 0.48817249 7.69008638 -7.51565587
v 0.95314013 8.01881829 -5.55815030
v -7.46391795 -1.03757588 4.62043990
v -8.10882158 1.91361548 4.55709916
v -6.82646639 -4.05488966 4.76126891
v -6.13288626 -7.23917244 4.77131564
v -2.33182262 -26.78600309 1.48083080
v -2.71900694 -29.82179580 0.79356494
v -0.92687483 -38.47586272 -2.38000475
v -0.06980093 -41.69620631 -3.46074834
v 0.74695221 -45.19150017 -4.58119180
v 1.56232261 -48.74673245 -5.82670610
v 2.30272480 -52.24321244 -6.63365055
v -17.93095849 48.37593379 -20.38137283
v -17.99752496 50.77711882 -19.96855404
v -16.77631817 50.51109435 -20.87212767
v -16.82575129 48.12308790 -21.33367177
v -12.25102551 51.22458281 -15.01477178
v -13.20006035 51.34892406 -14.14512958
v -13.12127195 49.34278669 -14.91981860
v -12.28642992 49.28044321 -15.79336043
v -12.26162172 47.18321206 -16.53433558
v -11.75122045 47.06822576 -17.50571843
v -11.64874740 49.22756197 -16.65726568
v -12.35300757 47.29917886 -20.73049512
v -13.26228313 47.55587222 -21.53894272
v -12.98549853 49.92778244 -20.89009549
v -12.03100092 49.45090057 -20.06031837
v -15.61060182 47.89459052 -21.90282460
v -15.50568275 50.21837892 -21.34790238
v -14.23992745 50.05126538 -21.40938755
v -14.37393359 47.71138074 -21.97904702
v -15.05932144 47.35279622 -14.04801723
v -13.92061047 47.30811955 -14.74594142
v -14.06959675 49.45979657 -14.00971677
v -15.21781168 49.48705973 -13.36153563
v -20.37258677 59.23096182 -14.82110735
v -19.69969354 57.17233958 -15.23053761
v -16.55484967 59.16352214 -9.52334147
v -17.51891009 59.79153754 -9.16711207
v -17.09126465 59.12803354 -9.69775658
v -16.18657939 58.99799110 -10.01137759
v -18.55938069 52.48073878 -14.46786042
v -18.79576079 54.61597683 -14.00036033
v -19.17895011 54.96669056 -15.66299762
v -18.89663867 52.70668211 -16.17010649
v -15.28724514 51.52928473 -12.65365075
v -14.16861645 51.43292191 -13.27183809
v -14.32808868 53.48055901 -12.39868443
v -15.42739354 53.58639302 -11.83014702
v -11.15146286 51.34935619 -18.06116369
v -11.03258960 53.26270105 -17.14979079
v -17.36838601 57.11181702 -11.02045517
v -17.00412266 55.46807589 -11.54293161
v -16.91216759 56.62820580 -6.94743883
v -15.52535675 54.74597754 -11.22095924
v -15.50586603 55.41222038 -11.59433093
v -15.48754207 52.16613950 -1.58773245
v -15.91514878 53.51389589 -1.34376198
v -15.55973224 52.07748057 -7.78603297
v -15.66408507 53.33202722 -8.57296850
v -15.87213359 52.73535492 -2.41114724
v -16.07775770 53.61575725 -1.97975164
v -12.28132031 45.44987323 1.32269763
v -7.45143972 71.88889625 0.31952514
v -17.93529026 54.12636640 -12.75473576
v -16.71001546 53.81542089 -11.95502546
v -11.69967286 55.71811440 -18.05133637
v -11.76596738 56.86928572 -17.39981886
v -11.71331338 56.60245361 -16.66078385
v -11.40144027 55.31990172 -17.31746610
v -9.12964873 57.95576515 -17.66592827
v -7.78466992 57.07229616 -17.47288670
v -9.08534236 55.55967631 -17.01633003
v -10.20085074 56.55885877 -17.11343046
v -17.10524045 59.17952301 -19.61586591
v -17.95735590 58.77256932 -19.20066293
v -18.22047315 60.61000468 -18.97432621
v -17.16504328 60.68618538 -19.47302040
v -19.33521561 60.35633327 -18.11835881
v -18.90064112 58.26309862 -18.41497984
v -19.56577234 57.65133442 -17.04671945
v -20.18601380 59.83161869 -16.70776572
v -13.45572851 15.67190940 -11.29436161
v -15.27194760 15.19286724 -9.13586434
v -14.21510361 29.55202552 -3.01663488
v -13.34692023 28.85587158 -1.02910808
v -11.40814505 19.63524090 1.46527268
v -4.86198373 8.77471956 3.53846509
v -2.87250921 7.93194676 2.28791308
v 0.13597913 1.04954111 -1.52434878
v -16.52021937 14.49805645 -6.77029457
v -0.01300054 -2.02174244 -2.01678866
v -0.24716242 -5.22203205 -2.36119836
v -2.41220526 -6.05929254 -8.31543248
v -4.47791524 -6.56052737 -9.36850797
v -4.38465893 -3.52971313 -9.85336717
v -2.06965047 -2.85027681 -8.67093842
v -6.81725002 -7.07645921 -9.57983922
v -6.93097271 -4.17811183 -10.14433097
v -9.34486769 -14.54098878 4.31660485
v -1.29186714 -35.40684340 -11.73878577
v -2.49973170 -39.38458322 -12.43752208
v -3.42283535 -35.76755581 -11.98738333
v -0.55119105 -38.93958090 -12.25170236
v -5.40473431 -36.44916473 -11.33348983
v -6.15692444 -33.18869827 -10.37898701
v -6.15829683 -42.53114818 -5.55540103
v 0.17656654 -42.62246845 -12.49119606
v -1.53718011 -43.11549423 -12.62641217
v -4.36818681 -39.97888325 -11.79943051
v -3.15764982 -43.71039627 -12.14308780
v -0.86778454 6.56666437 0.36291169
v -15.98544500 7.14762414 -0.44753348
v -16.06879912 10.21977810 -0.59499623
v -12.05266796 12.38699693 2.75111716
v -9.60160948 11.40989911 3.66142873
v -12.42384173 36.63555773 0.10709186
v -13.43067370 36.91567721 -1.77554082
v -13.47648732 41.27847495 -1.98209448
v -14.10959296 41.59371199 -3.88500135
v -14.06902156 39.46343603 -3.87758505
v -13.44356916 39.06653764 -1.90057572
v -14.31667141 42.39814820 -7.93012347
v -13.63009147 42.89239289 -10.02367627
v -13.33644472 40.83469154 -9.82446786
v -14.05460767 40.34540894 -7.86612820
v -13.15138720 38.92358186 -9.60823338
v -11.85088686 39.46577253 -11.18927192
v -5.16955114 43.81756427 -14.49367519
v -6.99348457 43.28464212 -14.25500329
v -7.26795502 45.56317272 -14.67943456
v -5.42826324 46.26253786 -14.86880895
v -6.16509735 14.03888332 5.28662052
v -1.67100073 7.71176161 1.24448665
v -8.71823735 4.78724184 4.39959128
v -11.91080145 7.27605762 3.82472683
v -14.39976923 7.02932345 2.21166663
v -13.74296479 56.29341247 -13.08483299
v -11.32474102 59.38191356 -17.73820039
v -11.86299927 58.21452381 -17.22547676
v -18.40338938 56.11753704 -18.81550815
v -19.07508902 55.45651557 -17.42215719
v -15.70160918 55.30573370 -11.07013564
v -20.16520582 60.31165959 -12.71410104
v -18.98653142 59.48354544 -11.48951020
v -19.43771623 60.92472615 -10.98175909
v -13.73177103 17.98291782 0.04201640
v -15.88104002 16.04290137 -1.36811560
v -14.08955685 15.49495364 0.58885381
v 0.67688127 8.17993002 -3.90284251
v -7.24416382 10.02356483 4.05504178
v -0.44745539 -8.34096877 -2.49248151
v -0.41447644 -11.28850339 -2.56159253
v -0.25605443 -14.07027898 -2.69664045
v -0.05807912 -16.76619111 -2.89625268
v 0.14728077 -19.43632720 -3.18438359
v 0.03058526 -22.06432877 -3.54192205
v -0.13899317 -24.58349524 -3.97879410
v 0.03663094 -27.19922421 -4.79424823
v 2.20223695 -33.00237117 -5.44620868
v 1.99469936 -32.59042261 -7.07569834
v 0.91854755 -29.78780327 -5.99136095
v 2.97101692 -35.61760841 -8.07790499
v 3.68068994 -38.92194984 -8.91089704
v 3.81084711 -42.50929711 -9.49853253
v 4.10059013 -46.19613646 -10.04206803
v 4.66063425 -49.81976507 -10.61563011
v -0.19962094 8.42107663 -1.59950763
v 0.21661392 8.36964341 -2.65346900
v -15.42498998 69.38362958 -6.12168427
v -15.80344371 56.49963262 -10.57262909
v -15.57777308 57.04121234 -10.95477458
v -16.06811367 56.77448155 -10.52487235
v -15.30643783 52.36048641 -20.84490772
v -16.52357809 52.79714109 -20.56442019
v -14.61612664 55.27865233 -11.57745462
v -15.82539163 58.67094340 -10.32811295
v -15.68723850 59.08056738 -10.82747321
v -24.23669330 33.41690095 -17.07092639
v -24.03080843 32.95346143 -18.33955612
v -24.83269356 31.37744756 -17.32710566
v -24.93450276 31.83156343 -16.12320807
v -23.81133370 33.63429846 -15.78477140
v -24.42953817 32.01067092 -14.97513767
v -18.58168773 30.99848719 -14.72892430
v -19.50498007 31.94948973 -14.23651244
v -20.47293864 30.21334501 -13.81868835
v -19.66123215 29.28912880 -14.38380893
v -24.22368906 30.30079545 -13.42672523
v -23.27048711 29.93504049 -13.12349703
v -22.50856839 31.59793707 -13.67497262
v -23.56060825 31.91568943 -14.13600709
v -18.05496297 29.53597100 -17.13198837
v -18.46511744 29.41589149 -18.37188270
v -17.17199169 30.92882576 -18.82137474
v -16.83752320 31.11074211 -17.47215655
v -15.18880508 38.25408759 -16.31985273
v -14.23828087 37.38318326 -16.84779938
v -13.77369247 38.81816508 -16.95804562
v -14.78104375 39.63052573 -16.39431532
v -22.65561454 36.70425208 -18.72265454
v -22.18954347 36.26838865 -20.05871799
v -23.16476039 34.60548611 -19.22592338
v -23.49722616 35.06372066 -17.91395511
v -20.32295994 36.90212609 -15.40014561
v -18.96547161 36.30598875 -15.19303735
v -18.18160943 38.10338022 -15.81086781
v -19.54370968 38.66226317 -16.02796730
v -21.74338482 38.43191506 -19.56248548
v -21.05430148 37.92991580 -20.77663358
v -21.79797075 33.31576528 -14.21633478
v -20.57987384 32.73884894 -14.09233179
v -19.77900646 34.51252820 -14.60018273
v -21.08844004 35.06544920 -14.79235854
v -20.56563131 26.65424438 -16.11898061
v -21.01885013 26.59204545 -17.17793014
v -19.76194910 27.98250707 -17.81557020
v -19.30973313 28.04757448 -16.67895880
v -22.33835689 29.34042605 -13.13598122
v -21.47805623 28.56447192 -13.39142736
v -21.45183615 31.01396950 -13.64603605
v -24.61971573 28.61540260 -18.02408662
v -25.25458268 29.26233949 -17.28980061
v -24.37984280 30.83440753 -18.35770722
v -23.59799973 30.13249727 -19.07481369
v -16.62487320 34.66765823 -15.50898816
v -17.67357818 35.54682674 -15.19726034
v -18.56241755 33.75213834 -14.66863271
v -17.57398925 32.80823620 -15.09464350
v -22.40545086 37.11031469 -17.24670049
v -23.13555561 35.35578640 -16.53736945
v -22.52804569 31.59828873 -20.07109638
v -23.44163291 32.41400959 -19.35452487
v -22.38880179 34.00974365 -20.23729499
v -21.37011520 33.21608247 -20.94457265
v -18.78357313 33.81991776 -21.84368785
v -17.55771420 33.13248845 -21.33922692
v -18.93643520 31.68051483 -20.75274106
v -20.13942532 32.35018643 -21.14459988
v -15.79857848 36.53683307 -15.99230286
v -14.94126997 35.59064062 -16.63176235
v -15.72107456 32.85382630 -17.73277786
v -15.90233974 32.54081847 -19.16778054
v -14.69138346 34.27117707 -19.41565093
v -14.55810450 34.68083533 -17.87313040
v -19.86167214 41.75436439 -17.92255010
v -20.41910372 41.50537493 -19.48529001
v -20.98081044 40.27882161 -18.85744747
v -20.25855563 40.42183103 -17.44844880
v -20.79257898 39.97794630 -20.32969709
v -19.97378550 41.26953425 -20.95673498
v -17.69750051 42.56847443 -22.46154960
v -16.42367027 42.16675701 -22.79899087
v -16.89828716 41.23907032 -22.68182155
v -18.22771512 41.66209342 -22.25637253
v -15.93347273 36.62036600 -23.15348651
v -14.61431615 36.23786511 -22.35888209
v -16.11085169 34.65142043 -21.87019702
v -17.38214723 35.19040884 -22.55715843
v -12.64771603 37.51102032 -21.10684629
v -12.61364825 37.47625591 -19.50877424
v -13.52048598 35.95993163 -19.53863319
v -13.84983591 35.99229397 -21.04991492
v -11.83080233 43.28783395 -19.04115494
v -12.11423508 43.32860353 -17.98343476
v -12.04985685 41.77419784 -18.46207496
v -11.81713946 41.65054204 -19.64492466
v -13.58454160 42.40445139 -16.47737887
v -13.65887455 43.70873513 -16.04804512
v -14.79356221 43.82539036 -15.48977014
v -14.74430643 42.67313721 -15.98498043
v -19.17051158 44.56077756 -18.65801331
v -18.96971695 44.72641589 -20.36041435
v -19.32013563 43.93567087 -20.48694011
v -19.35220740 43.86402311 -18.83978959
v -14.66167055 37.99920918 -23.53914495
v -13.11234764 37.83862235 -22.72738781
v -13.53772811 41.27376916 -16.71880450
v -14.66658197 41.73757674 -16.21453281
v -14.59929876 40.75801613 -16.38419744
v -13.50979141 40.14351608 -16.89633693
v -17.11658470 42.64978709 -16.85082432
v -18.38327430 43.01314892 -17.48175289
v -18.43307100 42.34338345 -17.24368896
v -17.05618284 41.82152988 -16.76819589
v -19.48663674 43.32594218 -18.66514947
v -19.67763535 43.26928200 -20.33259984
v -19.98201392 42.61442067 -19.87626966
v -19.61355887 42.65600981 -18.25626608
v -13.90453212 39.04483261 -23.67273386
v -15.19319497 39.57777562 -23.74035533
v -14.49657015 40.44004323 -23.57437130
v -13.32674257 39.99669792 -23.40602692
v -11.97724126 38.90779855 -20.76606717
v -12.11586378 38.93200101 -19.31972023
v -17.15007804 40.79205336 -16.65981974
v -15.92597447 40.24933817 -16.31395932
v -15.82542590 41.29706265 -16.29286226
v -19.39395301 42.26992371 -21.35974135
v -11.83704592 43.25954260 -20.07499751
v -12.02339463 43.35247817 -21.03995200
v -11.94903038 44.96971013 -20.42862590
v -11.74706228 44.87570765 -19.42930635
v -11.80450551 44.87217011 -18.41264781
v -12.19855107 44.96305527 -17.39662256
v -13.78266595 45.26563229 -15.47806229
v -14.91350613 45.35429718 -14.84284218
v -16.22156135 45.46834173 -14.73438259
v -17.52324037 45.61911168 -15.23964967
v -17.32284806 44.19228973 -16.02075811
v -16.08024917 44.00821270 -15.47071155
v -19.01853017 46.15028145 -17.99586531
v -18.75857345 46.32969143 -19.67269745
v -18.04695211 44.63052692 -21.49831321
v -17.90422879 46.18245306 -20.94659921
v -12.57487766 40.75912179 -17.63398912
v -12.62924827 42.05495657 -17.35284891
v -21.41416005 30.85407408 -20.38297322
v -20.24745129 30.17932417 -20.07878687
v -21.51983015 28.74738516 -19.28008463
v -22.59540639 29.43700047 -19.43532642
v -21.77461318 26.86350437 -17.94441607
v -20.53348355 28.24819179 -18.71617552
v -22.94006131 33.62462314 -14.78788670
v -22.25314609 35.33282818 -15.47192302
v -25.08175157 30.44516834 -14.12429627
v -18.55073504 41.35592224 -17.02669378
v -18.91563616 40.22896530 -16.65031429
v -15.20804546 41.74186530 -23.24943956
v -16.04917280 43.07889881 -22.83160504
v -14.88051347 42.72159876 -23.11047729
v -16.19557373 38.70098831 -23.60877659
v -17.46530465 37.55612912 -23.11199870
v -18.66864495 38.65800144 -22.21740898
v -17.36417047 39.92572965 -22.83514853
v -13.00638400 40.94132425 -22.88407352
v -14.05440799 41.31861867 -23.25709280
v -13.79236362 42.40029099 -22.91036215
v -12.82353185 42.11029651 -22.38461342
v -18.45339767 44.29223778 -17.08988961
v -18.39687608 43.55124177 -17.46399518
v -15.65243981 45.71772458 -22.37666812
v -15.80157063 44.22688426 -22.64230516
v -16.91417627 44.41584887 -22.17816677
v -16.77508436 45.87653520 -21.81940641
v -17.23301045 43.40678694 -22.41457816
v -14.49348561 45.61583342 -22.46953811
v -14.67699341 44.01975812 -22.84463908
v -18.57420586 45.87120058 -16.37818482
v -12.65404008 43.58233156 -21.91633847
v -13.60003434 43.79612746 -22.54504379
v -13.43506954 45.43200078 -22.09875699
v -12.52379648 45.21773698 -21.32711079
v -19.24682788 29.70058413 -19.36334338
v -17.93236665 31.18906112 -19.92053505
v -12.96074397 37.94051351 -18.01430251
v -13.55333708 36.42385544 -17.96345975
v -12.62448437 39.39776661 -17.90501740
v -18.05899672 30.07217141 -15.77083882
v -19.25087057 28.49150242 -15.43644484
v -15.88831178 33.64836665 -16.32415768
v -16.93385027 31.80884661 -16.05997499
v -20.13354532 34.68776735 -21.69200595
v -11.85361377 40.32964053 -21.34213414
v -11.82648249 40.21350982 -20.20513680
v -12.08980836 39.08367695 -22.07060721
v -12.88700781 45.15424909 -16.34682383
v -12.73102991 43.51943376 -16.94372263
v -12.96162463 38.78366591 -23.29159643
v -12.93727763 47.27848711 -15.59026357
v -18.82378242 40.73935391 -21.91349532
v -18.91233854 42.99249889 -21.69844475
v -18.43533746 43.72918548 -21.73449214
v -25.65142594 29.85662313 -16.26246389
v -21.52834467 37.10899295 -16.09389450
v -17.49837778 39.65498151 -16.38575014
v -16.26702033 39.01421072 -16.21048417
v -12.21133031 40.56324007 -22.26703133
v -12.08668060 41.84337201 -21.64464857
v -11.85138009 41.69638397 -20.69308575
v -17.20977656 43.24102046 -16.58873971
v -16.01147584 42.93615462 -15.98892923
v -20.49009732 27.04578282 -14.99638822
v -15.94273679 42.12919118 -16.25198241
v -19.89674650 39.29141106 -21.43314000
v -1.07387358 69.13170459 -12.59772893
v -15.35814933 50.55509450 -6.97372224
v -13.94049160 47.65081646 -1.81033075
v -14.59233991 48.07346406 -3.50798447
v -15.90977989 55.21567406 -9.69292711
v -15.92434875 55.92150928 -10.15681665
v -15.38993500 57.97542872 -11.30446684
v -15.17872147 58.81076099 -11.84589457
v -15.99944166 53.98526134 -7.02476691
v -12.43973381 92.81925799 -0.83425985
v -12.19111688 92.21539142 -1.23138459
v -12.77329556 94.11220791 -0.47798876
v -6.39761209 32.34420063 6.58881027
v -12.27221347 91.31140949 -0.22765132
v -11.97914116 90.48393013 -0.60452271
v -12.53706522 90.81672670 -0.40688943
v -12.23499782 91.39978530 -0.01972168
v -12.25989915 91.50305631 0.06588186
v -12.96457283 94.05817630 0.56722207
v -11.94513075 91.36678221 -1.49701875
v -11.72053672 90.37912132 -1.56958861
v -12.72001125 92.66379120 0.74994169
v -1.74819471 31.77040907 -12.62841936
v 0.19514540 31.62143620 -11.87883954
v 0.34141804 29.72306551 -12.32143458
v -1.78995577 29.81260063 -12.93160658
v 0.55347832 27.95010300 -12.79268157
v -10.04926718 24.22925325 -14.34882846
v -12.20852814 24.55182167 -12.96382811
v -11.95569939 26.83070840 -12.72839051
v -9.95772339 26.55375691 -14.02561780
v -13.22679303 28.62267884 -10.83407517
v -11.55370257 28.73946520 -12.40542646
v -13.69171075 26.88360157 -10.95562395
v -14.87612657 26.46213712 -8.83785304
v -14.37481127 28.29674723 -8.83637261
v -15.47982029 25.63317062 -6.64761145
v -14.93079595 27.59618254 -6.71518933
v -15.48600576 24.66950135 -4.52074375
v -14.79369334 23.74598773 -2.43551586
v -13.48418079 20.64532654 -0.16874044
v -11.43088571 22.18522521 1.26734093
v -13.30075346 22.92182239 -0.45273097
v -7.95772828 21.33992704 3.88345305
v -9.57914076 21.62727134 2.74354849
v -5.44444553 21.20652290 5.76010492
v -6.61185465 21.21758031 4.91016056
v -15.10211907 67.52329709 -4.49896868
v -10.45149497 75.11474134 -11.86103340
v -11.33583270 74.47707297 -12.58511286
v -13.38142834 74.44574477 -11.31746214
v -9.55146186 69.62441446 -16.80503007
v -10.92192240 71.17711546 -16.06072601
v -8.53308968 71.16192820 -15.85684981
v -7.51258514 69.58357932 -16.29479047
v -8.64701427 74.77535846 -12.51445975
v -8.23186718 75.20646097 -12.01410483
v -9.09375332 74.26162602 -13.23149171
v -5.22248566 73.48519208 -13.01016327
v -6.97398640 73.97279384 -13.37070133
v -17.75366447 71.54475691 -13.71778663
v -15.86346857 70.98696472 -15.31556066
v -16.94263152 69.99345066 -15.54691609
v -18.93133454 70.47479393 -14.18819543
v -11.58336557 67.44120957 -17.74462130
v -10.65063409 66.11063721 -18.07098355
v -11.75262488 65.73437097 -18.34676828
v -12.70277731 66.91394093 -17.96907898
v -20.79886429 65.76844098 -15.56855108
v -19.34819154 66.07866528 -16.95635583
v -19.61796663 64.25354721 -17.45501574
v -20.81419013 63.80033733 -16.03453573
v -13.88803206 67.99533011 -17.34101590
v -5.07145606 58.06195380 -17.18496498
v -6.63635403 58.74669792 -17.82899912
v -8.11556585 59.41345932 -17.96608087
v -10.89263863 60.64112427 -18.12404063
v -10.26396833 60.31619849 -18.04502573
v -10.80297313 58.85781290 -17.69861545
v -11.47686772 60.89171710 -18.29773303
v -12.16653965 60.87747457 -18.29674657
v -18.20383004 59.98426916 -10.09124186
v -18.55241291 60.92346551 -9.39672928
v -19.82587359 62.27382066 -10.39321538
v -12.85733886 59.79972424 -17.94491973
v -12.72919409 60.41345241 -17.89131280
v -12.76835359 59.95347442 -17.46954288
v -12.80964471 59.47202982 -17.52994623
v -16.47638760 72.47625234 -13.23660877
v -18.24441038 64.14088251 -18.33559241
v -17.83342890 65.74100496 -17.78764691
v -16.48775123 65.01994969 -18.43562540
v -16.93619273 63.62878921 -18.91334172
v -15.84636055 63.26124312 -19.29753985
v -15.30543945 64.46002366 -18.94429441
v -14.33784596 63.82867934 -19.17431470
v -14.90454755 62.80094625 -19.44877174
v -12.95617453 60.20644547 -18.37074723
v -12.72551275 60.92149260 -18.28323122
v -20.91019235 61.04932072 -14.46455534
v -21.15764997 68.53838803 -12.59617399
v -21.22759901 67.02501418 -10.49616229
v -20.81882588 68.48365309 -9.95214697
v -20.45265369 69.98697760 -12.12100726
v -13.93337629 57.44006874 -13.58762350
v -14.65483985 57.63732137 -12.40411963
v -13.21644865 57.30839314 -14.54662498
v -13.23469512 59.10022499 -16.34269621
v -12.66013987 57.35208632 -15.43313082
v -16.51469998 58.06326808 -10.12910720
v -17.82637767 58.67848339 -10.58632027
v -20.15769265 65.10021927 -9.10203349
v -19.93876330 66.46321656 -8.49119093
v -20.62972121 61.78526523 -16.36713561
v -19.59916733 62.26614358 -17.83204790
v -12.66660921 58.80302431 -18.24230071
v -12.43984408 58.45696272 -17.82827046
v -12.28626675 57.60302784 -18.29235371
v -12.69179441 58.65677835 -16.75787087
v -12.84330718 59.51885225 -16.96002152
v -19.83188770 69.20789124 -14.63918950
v -18.28868024 62.37740757 -18.72600432
v -17.05394171 62.15813698 -19.25627556
v -14.60286460 65.45887234 -18.59308448
v -15.77892683 66.22403504 -18.01053252
v -14.90574412 67.20408442 -17.66461845
v -13.70912872 66.26342179 -18.27231761
v -15.15342973 61.62176969 -19.77820661
v -14.44865249 61.01559641 -19.64337047
v -12.75530837 65.23549797 -18.58423319
v -13.62763576 64.62375762 -18.85337796
v -12.92801879 59.26042737 -18.67346730
v -19.41532276 67.62085797 -7.99786415
v -18.33374582 65.53201320 -6.96759488
v -17.49991707 66.35841968 -6.29248511
v -18.89717064 63.21693899 -8.20890706
v -18.69673065 64.49199559 -7.59863373
v -18.82051609 61.90396490 -8.77488371
v -16.39766477 66.89046862 -5.44526432
v -12.45287738 39.50993063 -22.89109494
v -11.99438430 57.19936134 -17.91620966
v -12.09540598 56.22921230 -18.49125590
v -12.42110364 56.74641373 -18.77295043
v -14.00818608 52.35502960 -20.67842301
v -6.07380017 82.48762133 10.32369766
v -6.07776388 82.99166204 10.74178252
v -6.14854142 84.93321182 11.48567084
v -6.15787886 85.31366827 11.53535280
v -15.67811749 40.86749794 -23.34990021
v -16.08366005 40.13335349 -23.42387255
v -18.78825955 36.19559946 -22.39807960
v -21.21857784 35.63787134 -20.97641792
v -19.95982013 37.18832972 -21.62794884
v -21.67345814 38.85236325 -18.01060852
v -20.81802122 38.94770386 -16.76130857
v -16.88517265 37.33924868 -15.77868428
v -15.20905278 34.35039016 -20.75247135
v -27.21377097 27.46465148 -13.03576793
v -27.35180340 26.97626891 -14.09964677
v -28.30243788 25.57902427 -13.03976890
v -27.98457227 26.00564899 -12.02166866
v -28.85358415 24.66967942 -10.97316559
v -28.05040560 24.60646944 -10.32445025
v -27.29212425 25.99932196 -11.27779152
v -27.17244707 24.18601306 -10.24131294
v -26.43827878 25.64143630 -11.06450599
v -26.36294744 23.66321774 -10.46247002
v -25.77836297 23.08416085 -10.74486565
v -24.97922562 24.56728907 -11.40016805
v -25.63484691 25.16084405 -11.15268882
v -23.49439643 25.44613572 -12.37443726
v -24.46592532 23.90266674 -11.81532409
v -24.13187109 23.28508513 -12.49374788
v -23.02301310 24.75455793 -13.01677789
v -25.27380667 21.14679607 -13.41454800
v -25.76038025 21.16604762 -14.03696801
v -24.68874983 22.48627337 -14.88247629
v -24.14498113 22.45738225 -14.19801976
v -25.11177741 24.46953150 -16.54646810
v -24.23806421 24.08929782 -16.25864472
v -25.43954037 22.72170277 -15.37700411
v -26.28879033 23.07960557 -15.71443941
v -27.37200044 21.70963006 -15.07664140
v -28.16668234 22.28397893 -14.73070647
v -27.04070590 23.58077111 -15.55075612
v -25.62654696 30.28488250 -15.16112652
v -26.39100633 28.83816751 -14.10262402
v -25.78389130 28.94262912 -13.18020787
v -24.86272834 26.73492374 -11.81398448
v -24.06631939 28.33509984 -12.48180982
v -24.95896004 28.77106311 -12.65112426
v -25.68632148 27.20100524 -11.86634343
v -20.78693442 27.70477476 -13.98515221
v -22.51082889 27.00700553 -12.91509982
v -21.92986093 26.22979524 -13.54541596
v -24.13195751 26.13408806 -12.00142246
v -23.25800590 27.73709538 -12.59275343
v -22.82209776 24.18074476 -13.96438297
v -24.01697866 22.78618308 -13.35451569
v -27.07161091 26.33133175 -15.07551934
v -26.59957192 25.67971738 -15.88417556
v -27.62007795 24.18708520 -14.87248208
v -28.07538889 24.88693835 -14.04350217
v -21.69688724 25.62989535 -14.48413845
v -25.62545619 27.13159116 -16.95927050
v -26.15967772 27.79037299 -16.17369618
v -25.94172142 25.05642714 -16.43478688
v -24.85363416 26.47186609 -17.39779975
v -29.08260308 23.58898090 -13.08359917
v -29.23946462 24.26254990 -12.02511307
v -26.48439787 28.42554392 -15.17029669
v -22.95066945 23.85090830 -14.90055587
v -23.46360020 23.83921312 -15.71308043
v -22.24381350 25.20566674 -16.47133645
v -21.77008919 25.24385097 -15.54276612
v -22.71408073 27.32343914 -18.37321635
v -23.01682911 25.49831810 -17.09921326
v -23.91211025 25.90794059 -17.44327810
v -26.54642246 21.37231546 -14.63214721
v -23.74154262 27.89443972 -18.40896573
v -30.63597165 17.41555313 -6.86761256
v -29.88306962 18.02298369 -6.93612959
v -30.28154753 18.22827289 -5.90905476
v -31.05491779 17.65329817 -5.94535883
v -28.64671729 19.80679574 -5.67843843
v -28.71344767 21.00856694 -5.70913855
v -29.52088497 20.88871913 -4.72087528
v -29.45174656 19.84672563 -4.68674753
v -31.58146224 17.99342724 -5.26829589
v -30.76425276 18.47980859 -5.15614267
v -31.97499893 18.53988783 -5.07300388
v -32.95566521 18.03164760 -5.33024412
v -32.35443018 17.58007275 -5.26446368
v -33.61964903 17.49411317 -5.31181920
v -33.46006654 18.57640388 -6.26743887
v -34.13453482 17.56056787 -6.09593544
v -33.48428092 17.63324270 -8.88391923
v -33.10378871 17.10890884 -9.79989212
v -33.80606852 16.04344303 -9.12975188
v -34.09647725 16.59590321 -8.13519921
v -32.42741607 15.21595119 -10.60756039
v -33.18565569 15.54527896 -9.83647298
v -32.55889199 16.71785245 -10.47434326
v -31.88673339 16.38660373 -11.11617800
v -30.11348031 16.99590663 -8.32335543
v -29.36455689 17.57668572 -8.62127062
v -29.59466956 17.80650111 -7.97798451
v -30.32636724 17.22601706 -7.77697455
v -32.21864484 19.46652772 -4.56362743
v -32.48778067 19.54571994 -5.65808792
v -32.51906417 18.93758791 -5.37335951
v -32.02518604 19.13384365 -4.43717021
v -26.97574876 18.26056892 -10.07509869
v -26.56214319 19.26476972 -10.57894494
v -26.88264928 19.79355531 -9.95076563
v -27.23368786 18.81046088 -9.60259106
v -27.59654305 21.12864049 -7.60250281
v -27.37171135 21.08774053 -8.54092281
v -28.05479548 22.39192369 -8.54824971
v -28.51583741 22.19975682 -7.79794048
v -28.02744887 21.10144736 -6.67330217
v -28.92306827 22.07973095 -7.01729696
v -29.48518775 21.82828279 -6.08333092
v -30.17396412 21.54065834 -5.01422401
v -26.43227361 18.76693906 -11.47474017
v -26.65621720 17.90330427 -11.26546826
v -34.75556455 13.58266620 -2.85782296
v -34.46901522 13.14925615 -3.10216065
v -34.33104835 13.59547859 -3.37744843
v -34.61637877 14.04254993 -3.13581418
v -27.86213837 17.98171679 -12.88498606
v -28.77289138 18.29094084 -13.11551597
v -28.26306305 18.81905587 -13.34968474
v -27.39940665 18.58204844 -12.93698590
v -28.40052031 17.19234565 -12.77894121
v -29.40301977 17.63458232 -12.82922294
v -35.95999859 13.58664602 -3.23259015
v -35.62710069 13.83489126 -2.92684290
v -35.53773246 14.26578460 -3.30303706
v -35.85953496 14.00293278 -3.64855494
v -31.74147389 17.15614216 -5.77092770
v -31.32010482 16.88650826 -6.60480451
v -32.67806254 15.82408601 -5.28904054
v -31.97701655 16.24282317 -6.13891374
v -32.36989162 16.74004512 -5.39751653
v -32.95221708 16.35773087 -4.98266447
v -31.13672219 15.47817679 -7.89964463
v -30.57472191 16.17896313 -8.33215754
v -31.00564263 16.40349234 -7.64934461
v -31.54253445 15.66793563 -7.20392208
v -29.79694686 15.49805755 -9.13231935
v -30.38344167 14.81280176 -8.78588822
v -29.95353721 14.42778127 -9.18721896
v -29.45100151 15.07470233 -9.45147391
v -31.75439320 13.79405184 -7.62476515
v -32.37088106 13.16452500 -7.35161122
v -32.18120418 12.90110129 -7.81054687
v -31.50000058 13.49833839 -8.05274140
v -27.79444240 19.36246993 -13.66368499
v -26.97481595 19.21676861 -13.14120110
v -30.82459949 14.56755510 -11.75566208
v -29.81101058 14.38350396 -11.87702905
v -30.08263491 13.38627253 -11.61788296
v -31.11307703 13.62803325 -11.43777858
v -29.69904325 18.74060126 -12.89393645
v -29.20772515 19.27483620 -13.26330569
v -36.03096686 13.14693818 -3.61727666
v -35.94214700 13.56858349 -4.04649008
v -30.40047369 21.88773545 -6.77212369
v -30.98892949 21.58361094 -5.56674566
v -29.89391468 22.17824997 -7.73101490
v -29.51961241 22.43736627 -8.39738589
v -29.15857814 22.88872095 -8.94404169
v -32.10561953 15.59119986 -6.26812842
v -30.88135503 16.82884971 -7.40481283
v -29.85617302 16.80513339 -8.69345482
v -28.23192261 15.02442824 -10.46573039
v -27.80132673 15.57522060 -10.74442755
v -28.20048116 15.93646796 -9.91599973
v -28.59692655 15.34293069 -9.90075137
v -28.95488523 14.17786831 -11.49892624
v -28.69381986 14.17765746 -10.81246626
v -29.09204743 13.45562654 -10.56655686
v -29.29346643 13.31685221 -11.23554747
v -32.39853464 19.94154172 -4.50902585
v -32.27452717 20.23014741 -5.65651063
v -27.06719122 17.79809015 -12.26272028
v -26.73166476 18.55034249 -12.31657382
v -26.45088516 19.28606795 -12.48001870
v -28.21417532 18.12653298 -9.12021439
v -27.39098750 19.14160119 -9.25089385
v -27.50701688 19.42225041 -8.64666369
v -28.40860270 18.31760125 -8.70917480
v -28.86494480 18.67713573 -6.85922097
v -28.02233778 19.71481832 -6.77634444
v -29.36621986 18.82954108 -5.76708320
v -27.07185231 20.32314854 -9.37637579
v -26.61468170 20.59197294 -10.35894941
v -26.86029754 21.16811292 -9.73256867
v -26.37064240 20.01011314 -11.04088616
v -26.28413222 19.54006346 -11.77250858
v -26.15303181 21.35319056 -10.75978842
v -26.43005929 21.95138203 -10.17882418
v -25.99876605 20.80612497 -11.50638278
v -25.91564141 20.32546045 -12.18354221
v -28.23850296 20.70718499 -14.42465003
v -27.25537501 20.27070986 -14.11935355
v -28.75623188 19.88289597 -13.76948025
v -27.73465596 23.14737009 -9.32520445
v -27.30444453 21.81343230 -9.11171328
v -26.97549246 22.51444774 -9.71922915
v -28.70161317 23.57645126 -9.50525965
v -30.04784368 19.90324052 -4.03640386
v -30.53392551 19.85580491 -3.40823460
v -30.85668765 19.22558861 -3.69650464
v -30.49958132 19.21861338 -4.31804959
v -34.12033699 16.87764840 -5.17126400
v -33.50757740 16.75187925 -4.86172665
v -32.97828517 17.20130162 -5.10376584
v -27.29542635 17.29564497 -10.09635668
v -26.98960088 16.98791103 -11.14872884
v -32.66427598 15.30897317 -5.57802286
v -35.67635201 14.52572828 -4.09934115
v -35.32646976 14.77667073 -3.71230062
v -34.86294530 15.66818224 -4.38872058
v -35.29818140 15.40085727 -4.80659086
v -33.29936049 14.51722680 -5.55448759
v -33.10844086 15.00410194 -5.19191850
v -33.44677172 14.48243836 -4.73720957
v -33.74560557 14.05386308 -5.10890338
v -31.65127717 12.70862714 -8.32625594
v -31.09526418 13.18008889 -8.53123482
v -34.24306295 15.40819647 -7.17085343
v -34.72339890 16.31748768 -6.57532070
v -34.38223682 17.28851030 -7.19079193
v -30.75962744 15.15294908 -8.40465616
v -31.24289892 14.45566377 -7.99718540
v -30.93318723 14.12701624 -8.39407261
v -32.23537586 15.21310339 -6.32135574
v -32.66098879 14.93786069 -5.91297116
v -32.40048371 14.69893565 -6.44945506
v -31.92218326 15.12590943 -6.84142526
v -29.42505560 15.39656425 -12.25919392
v -28.32379125 15.09729845 -11.73181947
v -35.18805585 13.82545659 -2.81204659
v -35.07945619 14.27435817 -3.11966337
v -26.55311010 20.06900029 -13.47108599
v -26.05699680 20.07707672 -12.80804243
v -30.19446216 15.89286195 -8.76995366
v -33.67242001 18.22162921 -7.77663108
v -29.51519869 16.56433286 -9.02379718
v -32.27562390 13.08046810 -9.92422219
v -31.58767603 12.69214207 -9.86045267
v -31.99219189 12.33666573 -9.39352479
v -32.61880658 12.48613908 -9.59313925
v -34.31404016 13.29662221 -4.52605005
v -34.02933262 13.66791528 -4.10723131
v -34.34012316 13.13422814 -3.76597609
v -34.62328396 12.80499667 -4.15960964
v -33.12386952 15.50420465 -4.91672423
v -33.39041851 15.97622650 -4.67075784
v -33.78019712 15.40347615 -4.19667702
v -33.46535347 14.95571246 -4.40955575
v -33.92096839 16.26461277 -4.64168008
v -34.31784890 15.66024104 -4.18776911
v -34.88399468 13.18467071 -4.84799635
v -35.47686718 13.52479996 -4.86598950
v -35.03797136 14.32787141 -5.58642786
v -34.39818702 13.94668015 -5.44233736
v -31.32379435 17.48471165 -11.58805381
v -30.67815087 17.11192222 -12.10171770
v -31.16124652 15.98707007 -11.67191680
v -31.62191890 14.83306790 -11.24466773
v -31.81942187 13.74541557 -10.55237468
v -32.84316741 14.15005809 -10.00339057
v -30.45541726 15.69419855 -12.09470745
v -33.90854381 14.39637652 -6.40938025
v -34.48255740 14.88932071 -6.23235557
v -34.31533359 14.46166055 -6.85432296
v -29.01906155 16.13259966 -9.42908492
v -34.84466753 14.78414869 -3.49963237
v -30.84618233 21.76041620 -10.09377208
v -30.94649396 21.12935426 -11.14466157
v -31.48585639 20.32770010 -10.74836221
v -31.28452383 21.19358422 -9.55833461
v -34.03393112 14.11270479 -3.73455960
v -34.32344280 14.53480160 -3.48446596
v -30.87210141 12.79109454 -8.99699520
v -31.43463812 12.44687116 -8.76182731
v -31.50097809 12.19580219 -9.11016580
v -31.01599298 12.37707760 -9.37660601
v -29.99915264 16.76287631 -12.48789992
v -30.25897227 12.65664923 -11.33821200
v -31.25844083 12.89949373 -11.24552380
v -30.19040010 18.05691401 -12.54178774
v -30.85399352 18.48408336 -12.04031076
v -30.45494936 19.27145289 -12.39678379
v -33.53196166 14.27826582 -8.85058012
v -31.90977059 17.80789511 -11.02287512
v -31.38706766 18.82017272 -11.48625653
v -30.94476543 19.77016794 -11.76560562
v -30.55039428 20.47595771 -12.09732633
v -30.01869998 19.90653964 -12.76215952
v -35.77151678 14.06311708 -4.53595411
v -35.67642949 13.05537930 -4.37247645
v -29.53330658 20.61490955 -13.26769706
v -28.96995924 21.38297277 -13.97021975
v -29.47372280 21.95674645 -13.20077445
v -30.08467041 21.16985338 -12.53931638
v -31.79296337 19.21655478 -10.77107157
v -32.09611855 19.65680437 -10.00261646
v -32.38434873 18.17248108 -10.36024731
v -32.77248524 18.61793267 -9.49636366
v -34.21137414 14.99735860 -8.31075203
v -35.56435190 11.77591493 -3.44067331
v -35.31985662 12.35106758 -3.98159142
v -34.82949517 12.34221093 -3.82276479
v -35.13047181 11.72875974 -3.33945401
v -35.13487361 12.75506586 -4.40333936
v -35.80121778 12.65154356 -3.93445123
v -32.91549466 19.19017153 -8.32859617
v -32.99146078 14.27010762 -6.13672364
v -31.97215579 20.43583186 -8.63158148
v -32.98452876 19.55771016 -6.91831153
v -32.28971146 20.45115175 -7.00576123
v -30.75494252 21.91333937 -8.53055160
v -31.17772422 21.52942957 -7.62477856
v -29.97353456 22.79824929 -9.67793282
v -30.36287210 22.30998294 -9.15107321
v -29.51822064 23.56541248 -10.23806747
v -31.65698431 21.21202888 -6.35073263
v -34.88395296 12.94206104 -2.44884550
v -34.64474164 12.49570619 -2.72818230
v -30.43857894 22.36280086 -10.59354883
v -29.95280705 23.16145020 -11.19670387
v -29.98078249 19.00580095 -4.90810539
v -28.38884674 16.90103354 -9.50515535
v -28.81434641 17.20511297 -9.22052156
v -27.40577541 16.18617902 -10.96637364
v -27.77753852 16.52949059 -9.96836092
v -29.91843901 22.57890420 -12.28064489
v -25.41281662 22.44243266 -11.21283065
v -25.23627959 21.91835808 -11.95952635
v -28.65716300 22.89034965 -13.97196021
v -35.31429253 13.17357438 -2.33925417
v -32.97422908 12.88540497 -7.60633837
v -32.93720565 12.82036787 -7.86811825
v -30.12150906 20.76251002 -3.97893045
v -30.68379841 20.48888447 -3.33661515
v -31.78258322 20.86862119 -3.73064283
v -31.17570363 20.82223984 -3.44287701
v -30.70052646 21.27463387 -4.15074084
v -31.41907237 21.30191417 -4.58130170
v -27.99967311 17.91681515 -9.37209021
v -27.72383771 17.60246696 -9.65050574
v -28.93860422 16.34173373 -12.57692393
v -27.90817998 16.04415977 -12.07060184
v -34.50627409 16.31354408 -4.88979299
v -34.56134580 16.72519462 -5.78622337
v -34.90917764 16.06714705 -5.39074469
v -35.37582539 14.92838988 -5.30626926
v -33.60880695 14.26282225 -6.10626120
v -33.94942663 14.39908592 -5.83912548
v -27.67845474 19.57574876 -7.80080672
v -28.60808454 18.50364821 -7.93978538
v -31.13734208 18.81466376 -4.68409996
v -31.49481199 18.96972748 -4.21225730
v -31.56227551 14.85073919 -7.47256841
v -34.05622325 13.54133317 -8.02720379
v -34.51334916 14.16793389 -7.66015541
v -32.03262768 14.29887505 -7.09029477
v -36.07873402 12.93720224 -2.69271064
v -35.73765538 13.17276152 -2.40059145
v -34.99733291 15.59132019 -5.95660735
v -30.49856208 13.75449494 -8.83842003
v -33.40757273 13.33443912 -8.57142400
v -33.56804333 13.08173852 -7.90852126
v -29.55786667 12.77805341 -11.00692864
v -30.48336587 21.78015204 -11.63678955
v -34.47606645 12.65145324 -3.48716028
v -34.68743346 12.00312332 -3.09107941
v -35.93199335 12.06960541 -3.38194001
v -36.14889465 12.53549189 -3.09530593
v -27.47890733 16.93479808 -12.22231056
v -29.12755094 17.41051989 -8.96085691
v -25.18285892 21.43778073 -12.72306036
v -31.98797188 20.92679458 -5.19517589
v -32.27145157 20.51910849 -4.17038839
v -32.50997744 13.79489478 -6.76797520
v -31.58480309 12.91856173 -10.52292105
v -33.12401555 13.35707147 -9.60497972
v -33.35916183 12.72989873 -9.34403952
v -33.61036561 12.85557172 -8.62109329
v -33.38161490 12.71021062 -8.11529722
v -36.07012413 11.58610799 -2.98148807
v -36.28872416 12.02212510 -2.68163517
v -36.22965298 12.39405637 -2.26692282
v -35.86967967 12.64107330 -2.02263933
v -35.43686650 12.67738499 -2.02245278
v -35.72944186 11.32369580 -3.04470383
v -35.29713235 11.30479638 -2.96833258
v -34.87118564 11.58655955 -2.75581799
v -35.82134626 10.91446539 -2.71131493
v -36.19688235 11.09106865 -2.56650172
v -36.38220809 11.47356646 -1.39661072
v -36.38433598 11.83104173 -1.84399508
v -36.45790301 11.44652691 -1.82586940
v -36.51488207 11.21043775 -1.56847857
v -36.56046174 10.87373437 -1.32306911
v -36.37618802 11.06930327 -1.13656767
v -36.45105145 11.29401306 -2.11220536
v -36.52151905 10.95622590 -1.87999070
v -36.34904109 10.69284434 -2.11602565
v -36.42304025 10.35579776 -1.88041817
v -36.59285686 10.59767304 -1.63531288
v -36.33310280 11.02444202 -2.27934088
v -36.40801392 11.58731820 -2.33549125
v -36.39550887 10.63275633 -1.03901200
v -36.58822558 10.59934681 -1.18984304
v -36.63028560 10.30052042 -1.38072766
v -36.41488336 10.18315030 -1.21530214
v -35.99204503 12.17891374 -1.70277631
v -36.05905853 11.63551498 -1.33352432
v -36.08063839 11.11644644 -1.07908369
v -36.10953174 10.62809022 -0.99341319
v -35.69933854 11.57313909 -1.34403374
v -35.78635536 11.02199152 -1.14199844
v -35.83331488 10.60358545 -1.09338019
v -35.38430415 11.32698318 -1.45292360
v -35.55413566 10.83695309 -1.25649976
v -35.17713330 12.02022250 -1.85418235
v -35.55686257 12.22791133 -1.72228388
v -35.67196808 10.57816537 -1.20244766
v -36.10948406 10.19157337 -1.19584584
v -36.15082882 10.56907399 -2.30110012
v -36.21680222 10.19632386 -1.98136656
v -35.88273309 10.47151832 -2.34955292
v -35.95708988 10.11414545 -1.98754700
v -36.32032953 9.98271050 -1.62061904
v -36.51458107 10.12180986 -1.64450364
v -35.00957571 12.48100331 -2.16912649
v -34.81497250 12.03323955 -2.45910514
v -34.94974754 11.59276704 -2.13319998
v -35.14435373 10.96089806 -1.72175098
v -35.02376459 11.19588537 -2.45393909
v -35.41333161 10.91864387 -2.64566675
v -35.56474827 10.49056219 -2.28139389
v -35.25400243 10.64701377 -2.08115302
v -35.69179259 10.16792951 -1.90875823
v -35.49332402 10.30614989 -1.73655026
v -35.45669101 10.55095734 -1.46353528
v -35.79589210 10.05963272 -1.56031730
v -36.05835519 9.96679736 -1.58470472
v -35.86267016 10.25255246 -1.25272166
v -35.64827226 10.20260358 -1.53470760
v -35.66887162 10.37050074 -1.34220639
v -34.34249244 11.00904679 -4.64993458
v -34.06551562 10.65114996 -4.96836793
v -33.93377445 11.26785249 -5.32289300
v -34.19757269 11.61494179 -5.00469770
v -35.56641720 11.29394684 -4.97453924
v -35.13328813 11.38695672 -4.58240811
v -35.06226025 11.95806938 -4.96163037
v -35.49206338 11.84354702 -5.38085554
v -35.59905968 10.94772451 -5.53239699
v -35.50981961 11.46973724 -5.96600886
v -35.31477235 12.50726018 -5.79675104
v -34.85946439 12.60343104 -5.36934364
v -34.28916715 13.63561953 -6.04663085
v -34.77289460 13.62062160 -6.42445948
v -32.94490061 12.63313182 -6.79330196
v -33.28605972 12.37155649 -7.15689476
v -34.69691358 11.25274625 -4.49070152
v -34.57725130 11.84077140 -4.85902321
v -33.83075974 11.36985755 -6.48025762
v -33.58121298 11.58847421 -6.08688299
v -33.88527117 10.93609825 -5.70019487
v -34.09464143 10.70796268 -6.07392307
v -33.34696076 13.44138121 -5.97164709
v -33.00831697 13.06569900 -6.34804297
v -33.81854973 13.56462183 -5.91693003
v -34.31122981 11.31918615 -6.79774847
v -34.89790640 11.56896668 -6.81636523
v -34.50458727 12.70252199 -7.48895597
v -33.89602087 12.36250115 -7.46046793
v -34.34672437 12.49992680 -5.26126664
v -33.61836157 11.95256031 -5.68619933
v -33.90128098 12.29201520 -5.35743128
v -35.32883308 12.11017985 -6.41138520
v -35.04804454 10.94564728 -6.34265136
v -34.94452916 9.48046425 -5.36096249
v -34.69758413 10.17184312 -5.91627661
v -34.25596140 10.11763753 -5.72275486
v -34.52859602 9.36109515 -5.20362597
v -34.51916955 10.69216391 -6.31701466
v -35.19321464 10.45261899 -5.89896966
v -34.53697942 10.15155295 -4.11898721
v -34.28701244 9.78954395 -4.46260538
v -34.87686596 10.41468157 -3.96242108
v -34.94265757 13.25019550 -7.09838983
v -35.68357609 10.51051522 -4.41836420
v -35.26571773 10.54925339 -4.05743312
v -34.01159428 10.31351944 -5.35016734
v -34.23895321 9.49903240 -4.86984592
v -35.39393030 9.76595430 -5.32120693
v -35.73546193 10.22392938 -4.96887643
v -35.51425121 9.17213706 -4.85551920
v -35.82319997 9.57142094 -4.50872783
v -35.81287346 9.85437034 -3.99459939
v -35.39188884 9.94883737 -3.69187187
v -35.00723920 9.86034906 -3.66835747
v -35.11464677 8.93145407 -4.93178520
v -34.72804211 8.86934901 -4.83859483
v -34.42054770 9.02153196 -4.56772935
v -35.24997912 8.36597102 -4.55809873
v -35.66117070 8.51468572 -4.43417173
v -36.00876115 8.22930390 -2.92632509
v -35.97875319 8.73527693 -3.18670239
v -36.07820354 8.51073580 -3.41182150
v -36.19479619 8.10907388 -3.14648919
v -35.96358381 9.18172820 -3.61117463
v -36.03181026 8.77385864 -3.65606289
v -35.98771177 8.60565433 -3.93507745
v -36.09339080 8.25159902 -3.73924676
v -35.85674248 8.02174153 -3.97950526
v -35.98797701 7.61740597 -3.76958255
v -36.25524722 7.83133859 -3.49815734
v -35.82785211 8.37558599 -4.13903635
v -36.26334451 7.75637904 -3.01076438
v -36.04984067 7.71880278 -2.88767446
v -35.94420932 8.97926556 -4.16129831
v -35.54395221 9.42789631 -3.38955935
v -35.63880108 8.85037759 -3.05416867
v -35.68447016 8.23828073 -2.85834078
v -35.72003327 7.68151598 -2.86163114
v -35.25098048 8.74360370 -3.07129793
v -35.36462865 8.13364478 -2.89931860
v -35.45469723 7.66898038 -2.92929638
v -34.90405760 8.51291547 -3.22849288
v -35.12038670 7.94881115 -3.03581715
v -34.76013027 9.20952054 -3.60329304
v -35.12161456 9.40832848 -3.40902474
v -35.27983509 7.66997987 -3.02409459
v -36.09817110 7.29066709 -3.12340226
v -35.76888524 7.27949234 -3.08661185
v -36.36922918 7.43683519 -3.23968869
v -35.62226973 7.93589035 -4.10545211
v -35.73803387 7.50650222 -3.84556282
v -35.38205705 7.83112178 -4.21392660
v -35.52423201 7.39032419 -3.88969857
v -35.93936346 7.19834359 -3.54131464
v -36.13498590 7.32745433 -3.55801642
v -34.67321775 9.64687409 -3.84525251
v -34.44383524 9.32518670 -4.18595377
v -34.50588665 8.88413021 -3.93074866
v -34.67452608 8.18511078 -3.55306439
v -34.52627144 8.60606970 -4.31022983
v -34.86879848 8.38306414 -4.52078771
v -35.05113802 7.82611834 -4.16050967
v -34.74304758 7.94365125 -3.93273536
v -35.24219177 7.40615891 -3.81913710
v -34.98616300 7.51434134 -3.63114852
v -34.94017504 7.71599131 -3.31785422
v -35.39074443 7.21793527 -3.46940480
v -35.67575298 7.14070628 -3.51394698
v -35.45247696 7.36151429 -3.12286936
v -35.18184207 7.34601671 -3.41957625
v -35.21137319 7.48211162 -3.19760296
v -33.22607360 10.04397253 -6.83279600
v -32.78877519 9.83483268 -7.08589967
v -32.71787844 10.37447451 -7.37625178
v -33.13897632 10.56696063 -7.09239658
v -34.25269208 10.06925402 -7.33916949
v -34.06119428 10.13208756 -7.02274110
v -33.98760341 10.70596984 -7.27182295
v -34.22200165 10.70168892 -7.65235539
v -34.16977606 9.83963123 -7.80977350
v -34.09591101 10.47555225 -8.19527548
v -34.12737630 11.31342424 -7.94324618
v -33.84096406 11.29090626 -7.49956410
v -33.49646411 12.16186273 -7.90177476
v -33.84815834 12.20466487 -8.36622234
v -33.69380317 10.11194790 -6.83648627
v -33.59866224 10.65887472 -7.07967397
v -32.36026547 10.64001152 -8.33509754
v -32.28063069 10.77928551 -7.98876326
v -32.52388618 10.16357055 -7.73723986
v -32.60677538 10.03053410 -8.06342777
v -32.48564384 12.17552401 -7.77245279
v -32.05315254 12.03159586 -8.08277022
v -32.99626492 12.17247145 -7.72341307
v -32.76403926 10.57381237 -8.70395493
v -33.40493522 10.74231153 -8.88050686
v -32.99166940 11.70258716 -9.29028805
v -32.35589347 11.60379120 -9.08614587
v -33.40723000 11.22614013 -7.29195367
v -32.45997510 10.98118832 -7.59670179
v -32.91111074 11.15906199 -7.30754178
v -33.95640634 11.09882349 -8.55259415
v -33.56912814 10.15233563 -8.51929899
v -33.37898932 8.56081115 -7.58860078
v -33.11688087 9.41786559 -8.09209015
v -32.69322298 9.43607258 -7.81386759
v -32.97265552 8.55140070 -7.38539141
v -32.96472810 9.97569615 -8.40729590
v -33.70722316 9.55006516 -8.13295361
v -33.36120627 9.19460690 -6.42505851
v -32.94656358 8.98421461 -6.68147694
v -33.78498040 9.27544253 -6.42342981
v -33.65375183 11.99516377 -9.00475275
v -31.87518499 11.63867594 -8.76223337
v -34.34096954 9.19817722 -6.83850985
v -34.14874754 9.27402766 -6.56786378
v -32.56804727 9.60120017 -7.47178759
v -32.77707479 8.73145366 -7.06264716
v -33.89400921 8.71315057 -7.58904036
v -34.30809162 9.00448093 -7.28773367
v -34.00916241 8.12145861 -7.24646639
v -34.38924037 8.40369144 -6.92789223
v -34.45770226 8.58531611 -6.48590516
v -34.21399675 8.68252235 -6.23731356
v -33.84057365 8.70949568 -6.15116473
v -33.53255175 7.96513351 -7.23901581
v -33.18331919 8.00210739 -7.06884604
v -32.95179687 8.23280791 -6.79927807
v -33.62050436 7.52122307 -6.99889254
v -34.09715674 7.59883763 -6.92183491
v -34.63860832 7.11163150 -5.53803857
v -34.58171270 7.55126121 -5.75222973
v -34.58296738 7.41289014 -5.94466779
v -34.70334194 7.03221055 -5.74662130
v -34.55293260 8.00632218 -6.16353754
v -34.55939374 7.69467743 -6.17320094
v -34.49018381 7.60459954 -6.47709969
v -34.57457207 7.24232586 -6.28545325
v -34.24097083 7.12699050 -6.53983992
v -34.33584056 6.75293410 -6.34557124
v -34.65811096 6.86030963 -6.07606660
v -34.28441070 7.44102540 -6.68444525
v -34.74487744 6.74573908 -5.66176068
v -34.65426348 6.71404542 -5.49445379
v -34.45211730 7.92119334 -6.65529858
v -34.27543424 8.20995884 -5.93212660
v -34.33629952 7.69508684 -5.60330454
v -34.39515613 7.16636682 -5.38797829
v -34.37243484 6.75245838 -5.39429415
v -33.97089921 7.72517303 -5.58763225
v -34.04921375 7.20352138 -5.38494665
v -34.05532918 6.83414320 -5.39782200
v -33.60336206 7.67885463 -5.69746721
v -33.74892257 7.16669800 -5.50246727
v -33.50836120 8.23352428 -6.00000549
v -33.88685964 8.26904120 -5.89985181
v -33.85212801 6.89935477 -5.48064489
v -34.53202329 6.42987991 -5.75793166
v -34.21675942 6.43691810 -5.67073192
v -34.70760963 6.55026639 -5.90051118
v -34.00592885 7.09197352 -6.68033924
v -34.08930681 6.70039000 -6.42522726
v -33.69630955 7.07955862 -6.67824674
v -33.83452974 6.67192357 -6.38657924
v -34.26957808 6.43864626 -6.14686873
v -34.45003710 6.51827173 -6.16368171
v -33.44144009 8.66375545 -6.21520508
v -33.09158764 8.50380005 -6.46682497
v -33.18715475 8.08788629 -6.24424372
v -33.30268941 7.49573687 -5.93598563
v -33.05885575 7.84942487 -6.56898063
v -33.28787766 7.61252919 -6.81810792
v -33.41864727 7.14027265 -6.53478544
v -33.21702860 7.29351508 -6.28124181
v -33.59408460 6.73143359 -6.26022596
v -33.42358253 6.84042292 -6.03945706
v -33.50221596 7.00759122 -5.72667424
v -33.77483569 6.51664602 -5.97871285
v -34.01019655 6.42944032 -6.08123246
v -33.93521390 6.57007525 -5.63719872
v -33.61267827 6.65169971 -5.89171167
v -33.72292004 6.74419159 -5.64810861
v -31.84765957 11.83418462 -8.45437910
v -31.04181073 10.02025044 -9.37945958
v -30.67561470 9.99362635 -9.54227563
v -30.65759621 10.44421380 -9.66712352
v -31.00466214 10.48330719 -9.51909538
v -31.95793412 9.89716647 -9.94723704
v -31.82233356 9.96681543 -9.57112130
v -31.81264184 10.48873195 -9.70821869
v -31.98734603 10.43793408 -10.13086330
v -31.67735122 9.79197638 -10.39716493
v -31.68793700 10.32551898 -10.60898419
v -31.91365681 11.08237457 -10.24943184
v -31.73692606 11.09675828 -9.79846831
v -31.54957078 12.03305291 -9.96268060
v -31.74530647 12.12271523 -10.44341441
v -29.78552065 12.36369328 -10.79091471
v -29.74811278 12.47374819 -10.33149328
v -29.99331139 11.78319410 -10.20354148
v -29.93881188 11.73052385 -10.62537324
v -31.45936511 9.99491474 -9.38995447
v -31.42914258 10.49421689 -9.51431136
v -30.19715927 10.80129173 -10.39821621
v -30.25769077 10.85900141 -10.00945311
v -30.40894053 10.36736982 -9.93654396
v -30.34470461 10.28426418 -10.28529819
v -29.96448360 12.51436477 -9.90457054
v -30.38458012 12.51671892 -9.54799842
v -30.67903302 11.93655092 -9.69871771
v -30.25480590 11.83232416 -9.87129625
v -31.09069846 11.95191006 -9.71940275
v -30.43397747 10.78551102 -10.75930338
v -30.98462306 10.83005926 -10.92764925
v -30.69806180 11.87775743 -11.21220034
v -30.18988452 11.74726177 -10.98035242
v -31.32958494 11.04314875 -9.60356187
v -30.52499972 10.93951210 -9.72880985
v -30.92636548 11.01099148 -9.56910144
v -31.62076257 10.97345760 -10.76669138
v -31.10084913 10.22871601 -10.76240431
v -30.66717468 9.09494998 -10.24354961
v -30.61645411 9.75400897 -10.48145112
v -30.34236215 9.82153265 -10.19268524
v -30.40215455 9.17286554 -10.01266282
v -30.57690940 10.22756005 -10.61400887
v -31.12032495 9.73011831 -10.57518613
v -31.10677085 9.37811600 -9.16893821
v -30.70331297 9.37820019 -9.35074653
v -31.49733327 9.35432760 -9.19122141
v -31.47006712 12.05885823 -11.03353467
v -31.96032427 9.23259834 -9.68175720
v -31.82274185 9.29745471 -9.34259411
v -30.42060516 9.91702916 -9.83172696
v -30.44681333 9.28523241 -9.67307802
v -31.15475557 9.07564106 -10.30323099
v -31.69359050 9.14760212 -10.10777991
v -31.21081076 8.52665508 -10.10090079
v -31.75178252 8.60951969 -9.90978446
v -31.99166439 8.71802138 -9.47000127
v -31.85347400 8.83064101 -9.15532526
v -31.53230927 8.92404223 -9.05875977
v -30.73617898 8.55108740 -10.04161652
v -30.51984392 8.67302770 -9.82903283
v -30.56194268 8.83677619 -9.54478945
v -30.84146760 8.12964084 -9.83566757
v -31.31140552 8.03212727 -9.86147936
v -31.97091005 7.42757486 -8.75627588
v -31.99383102 7.80991631 -8.91078900
v -31.96730993 7.71077106 -9.10306465
v -32.00097762 7.39350895 -8.94922879
v -31.99672184 8.22219307 -9.25926607
v -31.95993386 7.98799450 -9.30118304
v -31.81263886 7.96933601 -9.56576582
v -31.84919737 7.64665509 -9.41302892
v -31.54205761 7.59676674 -9.60466605
v -31.52838431 7.21785108 -9.44330212
v -31.91124878 7.29259977 -9.27246999
v -31.54647730 7.84699263 -9.71293639
v -32.03907094 7.13257806 -8.89844041
v -31.94334887 7.08308050 -8.73848166
v -31.78414188 8.20895338 -9.70985036
v -31.86209581 8.39907358 -8.99568539
v -31.87259517 7.90785121 -8.75909667
v -31.82586215 7.43679905 -8.61016851
v -31.70879267 7.08597655 -8.62369429
v -31.60715781 8.02364403 -8.72642737
v -31.58929132 7.51317943 -8.57830908
v -31.49415932 7.18495937 -8.61124586
v -31.27753816 8.09867585 -8.77647292
v -31.32023595 7.58883113 -8.63755386
v -31.21413968 8.59498547 -8.97778537
v -31.59131787 8.51915309 -8.93460106
v -31.35471724 7.29718784 -8.63691609
v -31.72798536 6.87449480 -8.97001889
v -31.50162480 6.91504495 -8.82653337
v -31.91683076 6.98053965 -9.15346783
v -31.22347675 7.58863257 -9.66471549
v -31.26728318 7.17015395 -9.43942781
v -30.92876158 7.68441202 -9.61366486
v -31.04564629 7.21856149 -9.33691677
v -31.43793724 6.91452118 -9.21805914
v -31.61490045 6.98137673 -9.32015445
v -31.15581356 8.96978879 -9.07410722
v -30.79229973 8.94873383 -9.25933536
v -30.84739230 8.58134234 -9.14091434
v -30.92806123 8.09146294 -8.93662762
v -30.62302254 8.45332721 -9.39444866
v -30.59799455 8.28011388 -9.64736011
v -30.73702238 7.78265389 -9.42649510
v -30.71324013 7.94351267 -9.16988071
v -30.90351902 7.32724981 -9.15961828
v -30.90182624 7.45126696 -8.95713460
v -31.06898747 7.56716223 -8.76267891
v -31.13655231 7.08270723 -8.92952274
v -31.25211678 6.95561970 -9.06641822
v -31.33577190 7.05645660 -8.74415900
v -31.07682548 7.21561143 -8.84116109
v -31.20540760 7.23443868 -8.71238079
v -30.02546213 12.30323202 -11.07655506
v -32.82954178 19.57234683 -3.52112077
v -32.67776154 19.10116540 -3.61394849
v -31.23849116 19.06609701 -2.88546480
v -31.75472699 18.76391711 -3.23123395
v -31.04372404 19.62785291 -2.60716960
v -31.65755949 20.40785270 -2.57817920
v -31.26000844 20.09855302 -2.50166491
v -32.32656501 18.78102215 -3.51635985
v -32.72886060 20.12226598 -3.23895425
v -32.23494671 20.48826980 -2.84289740
v -33.20240460 19.79488598 -2.39330329
v -32.71424852 20.17637285 -1.95589693
v -32.06835769 20.11735307 -1.68006275
v -31.59501336 19.80145218 -1.73038490
v -31.35246120 19.37492060 -1.95539569
v -33.31839822 19.28223612 -2.78295692
v -33.08889351 18.83909347 -2.95221176
v -32.57888935 18.59089600 -2.86944475
v -33.75022195 19.00125833 -2.03219302
v -33.78074549 19.37561574 -1.41435409
v -33.05561028 19.25389858 0.14830489
v -32.77091465 19.44506334 -0.24175964
v -33.16531263 19.56671717 -0.24302252
v -33.36684189 19.46922185 0.09081942
v -32.61508427 19.71862631 -0.76436241
v -33.08615170 19.66435777 -0.53040618
v -33.48603628 19.61825581 -0.72192304
v -33.66730891 19.57309039 -0.44357214
v -33.82951103 19.44613846 -0.91797811
v -34.06689547 19.33163719 -0.71955234
v -33.87172602 19.50499805 -0.08711593
v -33.62560354 19.34036108 0.34062551
v -34.02645371 19.32139562 0.22748342
v -33.46716247 19.09537928 0.42293189
v -33.24132643 19.72178089 -1.12282959
v -31.99894510 19.49955838 -0.99969440
v -32.40547262 19.20443194 -0.36890923
v -32.84460984 18.92747598 0.10331870
v -33.33899758 18.71663200 0.32388760
v -32.21968792 18.78029646 -0.62265295
v -32.79351674 18.53821071 -0.15375907
v -33.26100789 18.43547428 0.02675169
v -32.37894557 18.39210892 -0.97663760
v -32.92822919 18.27272790 -0.45976970
v -31.79352663 18.69169118 -1.72723452
v -31.68528162 19.11124678 -1.30011322
v -33.24119828 18.27856207 -0.22969089
v -34.01204727 18.94575523 0.37654430
v -33.85278962 18.56941076 0.19447567
v -34.15462456 19.03375255 -1.01439281
v -34.24944065 19.24753206 -0.38431956
v -34.34911154 18.88191046 -0.57116876
v -34.07274864 18.69864183 -1.34475170
v -34.23675976 18.52655726 -0.74754922
v -34.36204277 18.85601746 -0.09712557
v -34.33841846 19.19972913 -0.04349494
v -31.45876310 18.91605126 -2.28084460
v -31.95725463 18.64762472 -2.60460455
v -32.34121285 18.43081096 -2.10183602
v -32.80320547 18.17551533 -1.34080801
v -32.94324956 18.38404106 -2.33023804
v -33.50437365 18.59680580 -2.33770389
v -33.84128592 18.33426671 -1.55161567
v -33.36607299 18.12779734 -1.55112645
v -33.99961672 18.23238822 -0.86507298
v -33.62707577 18.10354235 -0.87954559
v -33.24009262 18.13861968 -0.71050300
v -33.93190883 18.26951893 -0.38582929
v -34.19585608 18.50014085 -0.22178852
v -33.65913711 18.34212707 -0.07432163
v -33.70568238 18.17003356 -0.51242344
v -33.48016820 18.21286285 -0.34771889
v -29.40711461 12.91876643 -10.39622020
v -29.64412652 13.05673391 -9.85019471
v -29.26355384 13.66308656 -10.03388580
v -28.75662826 14.35192468 -10.25539678
v -28.28453563 14.74312263 -10.98894294
v -29.08025764 14.68335984 -9.79904499
v -29.59223769 13.97455668 -9.58729949
v -30.16395948 13.20582198 -9.33304842
v -29.00923572 15.52839072 -9.59418829
v -10.14764763 91.15854146 9.72943638
v -9.86242152 91.23787524 9.95940972
v -9.98712711 90.58667066 9.49035842
v -10.22607989 90.63683989 9.32385955
v -9.34327326 90.55410864 9.81647778
v -9.73566927 90.52494409 9.68021784
v -9.42996598 91.27918722 10.15305031
v -8.89718689 91.27670767 10.18228937
v -8.05807866 90.99068286 9.90064997
v -7.88593076 90.85894467 9.90746055
v -7.97069974 90.74987413 9.91427112
v -8.20110894 90.73215963 9.89760865
v -8.57955373 90.64863564 9.93264202
v -10.49824215 90.92038514 9.11983956
v -10.43392501 91.01870300 9.26290412
v -10.32526351 91.10431911 9.49686874
v -8.96298371 90.59083702 9.91076116
v -10.38755484 90.72225930 9.16211862
v -10.47320596 90.81403257 9.07776762
v -8.42521719 91.21555926 10.06049920
v -9.38453905 90.77303054 9.89973057
v -9.75387625 90.77248814 9.75692306
v -9.43028114 91.04106667 10.02360467
v -8.97580318 91.05046632 10.09200249
v -8.37003968 90.82574489 9.93950028
v -8.63374702 90.81545116 9.98270918
v -10.02539999 90.78095200 9.56226993
v -8.99964951 90.80063941 9.98661701
v -9.81490396 91.02014544 9.83384658
v -8.57402987 91.01689698 10.04672531
v -8.32655884 90.95267894 9.95330770
v -10.42917080 90.89799764 9.17799879
v -10.42050503 90.85488560 9.16236300
v -7.18804530 67.72403361 1.78661604
v -7.40313313 66.00833179 2.24393305
v -10.07371254 90.98138453 9.63084135
v -10.34890495 90.83243253 9.25292257
v -10.21853171 90.80761315 9.39013768
v -10.25327526 90.95888974 9.43656299
v -10.36785774 90.93033912 9.27998681
v -16.53524570 51.75762417 -12.55726334
v -17.75146059 52.07279267 -13.20033189
v -18.78232590 53.10120525 -17.95075502
v -17.87980876 53.71524038 -19.62335076
v -10.31013511 36.47964986 3.76135741
v -8.67807202 42.69154312 -13.67004182
v -9.02916945 44.80021538 -14.10742219
v -1.49111820 44.86060979 -13.64310201
v -3.29367525 44.35587170 -14.27967217
v -14.32666860 39.89447596 -5.89530583
v -14.43851970 41.95655527 -5.87383699
v -12.55160726 38.79533054 -0.05245017
v -12.69761629 41.02911593 -0.18439159
v -14.09671090 37.40978481 -3.81866474
v -5.09073220 39.20467736 -13.86997070
v -6.90584413 38.92887475 -13.79340555
v -6.80195994 41.07318761 -13.86856105
v -5.00871919 41.46927835 -14.12190016
v 0.04933749 45.20057084 -12.56759506
v 0.07086571 42.67805161 -12.22755428
v -14.60605345 44.49723901 -8.04333057
v -13.95152144 44.86567320 -10.20612981
v -11.23916663 46.01971747 -13.51544227
v -9.50641714 46.73568251 -14.63778134
v -7.66478560 47.66687991 -15.22899236
v -5.71763597 48.58172776 -15.36076333
v -12.10571833 43.24426295 1.48192510
v -11.16378314 45.56216242 2.85547223
v -14.62508969 44.15797235 -5.82911488
v -7.85984553 43.27790679 5.83607663
v -3.89219306 51.96817460 -15.64638134
v -1.70657288 52.59594264 -14.85763755
v -12.77046360 45.39916458 -12.03337874
v -9.04528059 61.46620156 3.10855020
v -10.57709165 61.59957590 2.34697178
v -10.65341688 59.95267274 2.93650400
v -9.06896524 59.78012623 3.64443619
v -12.08815507 59.96352674 2.16642372
v -13.39431338 59.82135179 1.28397957
v -14.52356658 59.61967649 0.38315827
v -16.75516001 58.68966224 -2.30716880
v -16.19471244 59.04238166 -1.42769705
v -17.37609140 57.58754255 -4.16256007
v -17.15827517 58.22482945 -3.20830163
v -17.18700312 56.75890090 -5.20202596
v -16.62495963 55.88144006 -6.39204722
v -16.25629298 55.85909130 -8.26039355
v -16.09556607 54.94164767 -7.64262121
v -16.41584716 54.95447459 -5.75662594
v -16.83323018 55.94893040 -4.54310294
v -16.95579372 56.73721375 -3.51709075
v -7.69930191 52.82934548 4.86763824
v -7.63082288 55.42800667 4.95750044
v -6.91388256 69.39011456 1.44138500
v -16.57567553 32.74561705 -20.36987659
v -26.53059743 27.51351090 -12.21883189
v -1.95112356 72.79965522 -11.23887565
v -3.54507312 73.13975336 -12.18644123
v -9.38714228 73.64528419 -14.07002177
v -12.02030114 73.83362891 -13.40906586
v -6.92432083 73.28269722 -14.06341311
v -4.90025736 72.69413712 -13.57740577
v -14.48447935 46.00813033 -3.74213125
v -2.65068922 69.54355480 -13.58594563
v -4.57068055 71.55228498 -14.14148476
v -6.62472963 72.23435881 -14.72155120
v -9.34560231 72.56307246 -14.99416049
v -12.61533133 72.76271226 -14.68273517
v -14.49064247 71.96844460 -15.04383054
v -15.28850130 69.05404570 -16.57472368
v -16.27445451 68.11192872 -16.88006338
v -17.13484756 67.01396944 -17.30628576
v -18.80046062 67.66007783 -16.48109969
v -17.96079807 68.92798187 -16.00108411
v -17.58380614 57.01392533 -19.52884462
v -16.97236083 55.53446056 -19.93521269
v -16.03242538 54.63934781 -20.31909194
v -14.98258940 54.13592102 -20.42846050
v -13.90085749 54.07008471 -20.25792416
v -12.90564321 54.29937484 -19.79968514
v -12.39848069 55.24116697 -19.09294393
v -12.20358394 58.06483867 -17.42817577
v -12.70258657 59.07247903 -17.13717099
v -12.60763637 57.96486380 -16.65852185
v -12.44940169 57.21933784 -16.61309715
v -11.28352738 55.32824637 -16.44009467
v -10.50987996 54.21826186 -16.39954414
v -9.64208923 52.93409767 -16.43201228
v -5.57417243 28.26690169 -14.13914379
v -7.55743913 28.43624594 -14.12086900
v -7.43857182 30.29764535 -13.84092536
v -5.43336093 30.16464504 -13.77435591
v -1.62158262 34.29890515 -12.68114339
v 0.17344488 34.19931771 -11.74878295
v -12.98993460 30.32262417 -10.83474498
v -14.07619498 29.89484014 -8.92446529
v -9.47658129 30.45345934 -13.36121824
v -11.36894829 30.44909181 -12.34852787
v -14.61471401 29.30008413 -6.87127676
v -11.94638915 26.33982094 1.05730776
v -10.56563638 25.84267350 2.75764015
v -7.58674375 25.35095455 5.37811440
v -6.11462563 25.27208867 6.26400445
v -14.60978023 28.52990123 -4.85430140
v -9.08538706 25.53427758 4.20855951
v -14.14515607 27.68814208 -2.86074992
v -13.20427887 26.92491056 -0.87339905
v -3.41644462 34.34740992 -13.38821318
v -3.51676836 31.99332448 -13.27906664
v -5.31514406 32.13133754 -13.75013705
v -1.41043577 59.51128544 -15.24506625
v -2.87300039 59.69099941 -16.25730660
v -4.30349864 60.04068496 -17.26190116
v -5.53112521 62.46292235 -17.74443354
v -5.89587174 60.53750755 -17.87750985
v -7.36260123 61.04951145 -18.10694899
v -6.98992990 62.87338974 -18.03761687
v -9.71751965 63.26418163 -18.26589074
v -9.80270214 61.83487119 -18.15265234
v -10.64832218 61.94435300 -18.37531146
v -10.70123694 63.21966292 -18.55570789
v -11.40753857 61.97867932 -18.62093624
v -12.17766933 61.85088696 -18.70299246
v -12.79273338 61.50574626 -18.56344309
v -13.10329817 60.74290218 -18.80183484
v -14.10822205 62.19469549 -19.42764636
v -13.55401359 63.08863403 -19.11500063
v -10.00688977 64.73533751 -18.24123975
v -8.58908973 64.72767832 -17.95887019
v -1.43880451 63.08713200 -14.77441754
v -0.13315210 62.84993531 -13.75601407
v -15.81203423 54.29869534 -9.12277963
v -15.46679221 53.85435166 -10.76637175
v -15.07459960 53.72598710 -12.32425686
v -14.41319517 53.96513583 -13.59496232
v -13.62901710 54.43242433 -14.78165653
v -12.71208010 55.07265570 -15.75629529
v -12.15927906 56.58039393 -16.59577306
v -11.78209044 55.98459782 -16.53588232
v -11.44512228 57.66022148 -17.19547029
v -10.91681279 57.07574727 -17.17788543
v -10.12708775 58.36684944 -17.68662449
v -9.34964053 59.78508832 -18.01319983
v -8.71904425 61.44245209 -18.10865816
v -8.43114487 63.10953738 -18.10105409
v -7.07224764 64.72625377 -17.79779758
v -5.59295721 64.41284658 -17.47858491
v -4.42988135 65.90767743 -16.57072570
v -4.88171622 67.64879467 -16.14811089
v -3.99425409 64.00446536 -16.90120067
v -3.89693461 61.98147180 -17.21795615
v -9.11924399 75.85918548 -11.18805077
v -6.88753359 75.77100040 -11.25063863
v -13.15077029 56.42598512 -19.50508919
v -12.81242825 56.45889284 -19.25871190
v -12.63157136 55.92399182 -19.22519918
v -13.13049875 55.52197935 -19.62842461
v -13.80479864 55.44372143 -20.00142898
v -14.39414702 56.88999834 -19.99580528
v -13.70650909 56.51135983 -19.77051016
v -14.67632882 55.64379336 -20.18451806
v -15.53353600 56.13656284 -20.19384321
v -15.15003971 57.38087239 -20.06144937
v -16.29881940 56.85364546 -20.03717687
v -15.84587179 57.92305412 -20.00336613
v -16.85322307 57.83251168 -19.81338676
v -16.36134766 58.38483514 -19.90409311
v -16.05284147 61.99948134 -19.60272755
v -16.23787067 60.68607809 -19.76290312
v -16.32466845 59.38868167 -19.85245164
v -13.22286658 59.71662046 -19.10339858
v -13.38051937 58.67671313 -19.37518682
v -13.54023151 57.58181157 -19.61549040
v -14.14262287 58.07900669 -19.85418316
v -13.96429173 59.20672657 -19.65048131
v -13.74913834 60.33561470 -19.47551336
v -1.36251643 61.34403290 -15.08666392
v -2.64284599 61.59356179 -16.12683799
v -11.60184599 63.07971122 -18.78992733
v -12.36778877 62.82588484 -18.89879372
v -13.07838492 62.33958842 -18.90060123
v -13.53249184 61.45568432 -19.19090416
v -12.89521761 63.73768093 -19.00304969
v -12.05006472 64.19527771 -18.81304797
v -11.08129702 64.51139690 -18.53559282
v -2.72571489 63.50608112 -15.92786875
v 0.04305683 61.13403978 -14.11036368
v -20.04445128 63.71515038 -9.81427025
v -21.24487541 65.29564502 -11.15758683
v -21.44916288 66.70329215 -13.10497489
v -20.50194971 67.59605052 -15.07862177
v -11.97769723 40.33181312 -18.90796389
v 0.09814606 39.99594094 -11.95537489
v 0.10305273 37.29967417 -11.78365316
v -1.55173696 37.11351546 -12.76102032
v 0.05161774 52.90148201 -13.80117204
v 0.08196279 59.46116092 -14.40231170
v -15.17338685 56.68601336 0.64254427
v -14.40256320 56.86745586 1.48295701
v -14.44456063 58.25134458 0.98288270
v -15.28752826 58.05780532 0.10800894
v -16.18970714 56.37534799 -1.10837621
v -15.75605802 56.52762892 -0.23323189
v -15.94150893 57.85367431 -0.78933422
v -16.44430838 57.60369541 -1.66952213
v -16.49265818 56.11658635 -1.97591906
v -16.80414609 57.26979317 -2.54088886
v -15.62404714 55.04651906 0.20863857
v -15.06686292 55.18123748 1.07568452
v -14.30751167 55.37231209 1.85424998
v -16.23593501 54.81448414 -1.51958143
v -15.95365189 54.97268083 -0.70414840
v -5.95767319 79.45120575 6.94795955
v -6.17104888 79.57976105 8.45896710
v -6.07801608 83.45608356 10.96071560
v -6.05681099 83.93810036 10.90598289
v -6.29626780 71.84573056 0.80242163
v -6.16920933 73.02702906 0.98671416
v -7.64181323 57.56165924 4.66891375
v -7.53644786 61.07490899 3.70599028
v -7.47770674 62.54083158 3.05878367
v -7.46495880 64.25869109 2.64841296
v -6.63621842 70.72729709 1.06828041
v -7.58529983 59.39172747 4.22131453
v -11.62861593 10.33419201 -12.95572337
v -9.37012888 8.72641744 -14.03454956
v -10.04356525 11.65018178 -14.22115680
v -8.41267339 10.43552866 -14.95594200
v -12.01707281 18.84938272 -12.95332428
v -11.51269309 16.07433016 -13.18018999
v -12.24943481 21.72960134 -12.97563281
v -6.28659248 9.82017795 -15.48804309
v -3.75786393 9.73579900 -15.50129916
v -3.38043205 11.84561516 -16.14551064
v -10.10744430 21.59304710 -14.42778524
v -9.92556817 18.84363907 -14.52829506
v -9.03232850 12.47783634 -14.92766406
v -10.95065109 13.61834275 -13.62455901
v -9.31587748 13.97742553 -14.87172063
v -5.78834086 11.79122592 -16.10839780
v -7.76440583 12.04093418 -15.56868669
v -1.76527144 27.87903341 -13.51788904
v 0.64345321 25.93306543 -13.40667572
v -1.75134444 25.87237151 -14.12171986
v -9.65080119 28.65568193 -13.51669695
v -7.81748972 26.42721029 -14.58895769
v -7.58003525 13.91656695 -15.79783823
v -5.51573753 13.93925937 -16.40093889
v -3.12892392 14.11986945 -16.57049771
v -3.63099396 21.50553258 -16.06710222
v -3.33150036 19.16629540 -16.55213352
v -5.62240079 18.93641071 -16.39399644
v -5.87928228 21.50443735 -15.95701691
v -7.96303160 24.09255745 -15.08575793
v -8.00449632 21.51309343 -15.39638456
v -3.78094099 23.83383306 -15.37719782
v -5.91110557 23.93916043 -15.43570723
v -5.75582504 26.17530765 -14.79471739
v -7.83949874 18.78141927 -15.67206200
v -0.53626499 16.92933718 -16.19048532
v -3.11674688 16.62018837 -16.74664732
v 1.94126826 17.19317937 -14.88759335
v -3.79962369 25.99147650 -14.60295584
v -3.70758779 28.08693590 -13.86055317
v -3.60558115 30.04437329 -13.36573329
v -3.34098700 36.92081811 -13.40262558
v -10.31442739 -11.71492545 4.00868800
v -0.45840457 7.49084482 -0.51620001
v 0.21134827 7.80455785 -2.41237026
v -16.80575840 13.85058461 -3.85109525
v -14.78962682 11.97307632 -9.84517824
v -12.82120727 12.91763753 -11.89466085
v -4.55953821 7.94459337 3.15220129
v -2.59561956 7.45476501 2.02925928
v -16.09955661 13.26884504 -0.92331971
v -12.08489395 9.99424344 3.37267403
v -1.29737051 7.34864788 0.90250369
v -9.60631080 16.27661528 -14.64472826
v -7.65467740 16.23531522 -15.74761238
v -5.47682613 16.37806648 -16.48846533
v -0.53944757 14.48877526 -16.07224759
v 1.94563561 15.04557354 -14.65614255
v -5.12292951 12.46924159 5.72015230
v -5.14945656 13.47583251 6.10604618
v -4.58888419 13.30620440 6.44996274
v -4.21337381 11.86828965 6.04689751
v -11.60550646 24.31693615 1.15151122
v -10.00461511 23.86522012 2.70783302
v -7.02097497 23.42799546 5.14666434
v -5.71126237 23.38304089 5.98624978
v -14.94066797 26.70012208 -4.68412679
v -8.45834396 23.61281009 4.05506190
v -14.38087306 25.80020072 -2.66250208
v -13.16942207 24.95195063 -0.70231656
v 4.55441617 -53.98299454 -9.03020766
v 5.12057350 -56.84243796 -9.03087225
v 5.28541498 -56.36635778 -10.29014330
v 5.00062697 -53.45371721 -10.22600051
v 4.20393713 -52.69309042 -12.81512719
v 5.02402179 -52.87659524 -11.98935326
v 2.99817205 -52.85050033 -13.35571226
v 3.94448109 -55.74429391 -13.77779361
v 2.78853879 -56.18012903 -13.49938329
v 1.74369898 -53.29921005 -13.36945858
v 0.71596291 -53.75293849 -12.83740517
v 0.91655769 -57.06584213 -12.21712422
v 0.44519531 -57.48728869 -10.54195505
v -0.64301186 -54.85114215 -10.32158401
v -0.06903929 -54.23491953 -11.93977933
v -0.56786727 -55.65282462 -8.40816166
v 0.38224591 -58.17218779 -8.64890780
v 0.53805469 -55.86868284 -7.05152195
v 3.80686254 -54.63118909 -7.72329610
v 4.52172302 -57.40490315 -7.54633810
v 5.08792691 -55.57897447 -13.30202486
v 5.60050376 -55.84699867 -12.22247671
v 5.27378276 -53.17261575 -11.04536991
v 5.41444898 -56.09751103 -11.23976450
v 6.16065406 -59.15522931 -10.13221484
v 6.16603934 -59.39622281 -8.55549242
v 5.96517392 -58.32974074 -13.69101223
v 5.95640459 -58.72232078 -12.37970408
v 3.82508927 -58.87322782 -13.54927238
v 4.88451004 -58.40412138 -14.30335756
v 1.46138326 -59.80075953 -12.61430573
v 1.78227734 -56.61258457 -12.98419502
v 2.60335721 -59.35128091 -13.17708310
v 0.88444103 -60.13023613 -10.92043485
v 0.87509372 -60.61216949 -8.57741948
v 5.32036752 -59.89684222 -7.00647946
v 5.97700768 -58.90515206 -11.21733230
v -3.39540362 -72.30152843 4.27469198
v -2.80886188 -72.33205197 4.71821088
v -2.96262733 -71.81086896 4.55036569
v -3.32531731 -71.86437009 4.25686348
v -0.38626975 -71.92181705 6.91976655
v 0.84346582 -72.13408707 7.23961700
v 0.42716891 -70.95513700 7.45426748
v -0.43142228 -70.90283988 7.21089352
v -1.87847742 -72.27061747 6.06633533
v -2.56570808 -72.35198377 5.67718517
v -2.17195272 -72.66121266 5.45661036
v -1.75213988 -72.58208750 5.71547110
v -4.00418274 -71.96986435 0.66062376
v -4.33947004 -72.07591293 0.10218309
v -4.16350483 -72.36917971 0.10076380
v -3.83426927 -72.41393683 0.37856257
v -3.64379406 -72.30044363 2.86952291
v -4.03587564 -72.37803100 2.37992421
v -3.78204777 -72.67551778 2.26093471
v -3.50838553 -72.70790098 2.57057302
v 0.23933600 -70.24691461 5.05231578
v -0.33633893 -70.53165195 6.33246038
v 0.97587195 -70.53011415 6.71769563
v 1.60903085 -69.89202259 5.55093061
v 1.83508277 -71.37396095 6.62261952
v 1.27917018 -71.98900936 5.99148158
v 2.00407051 -71.81782482 4.79684543
v 2.55914957 -70.94679235 5.31880144
v 0.09806456 -72.20072506 5.60937595
v 0.67673225 -72.04582451 4.44102991
v -0.23087417 -71.43383978 4.47065193
v -0.99495018 -71.54146789 5.78386519
v -1.94520901 -71.62961720 3.80136926
v -2.67139177 -72.07226513 4.73495122
v -2.31465406 -71.36754153 5.12912046
v -1.68384665 -70.79919932 4.17789888
v -1.62413761 -71.31362913 5.61078224
v -0.71957584 -70.73619721 4.75421991
v -0.24550180 -71.67080997 4.67621531
v -1.01551625 -71.92638276 5.84094558
v -1.19368413 -72.43212221 5.24675470
v -0.43914475 -72.20995186 4.16616533
v -1.24190880 -72.27420567 3.76294177
v -1.95276437 -72.58082388 4.77505844
v -2.88856875 -71.00720761 2.71986012
v -3.20808149 -71.60412429 3.70147597
v -2.56597034 -71.54851315 4.11101315
v -2.02586975 -70.98535059 3.36628217
v -2.09347855 -72.25668786 4.31010570
v -2.42901545 -72.62261866 3.90694697
v -1.85050645 -72.37208245 3.09133787
v -1.59055374 -71.93683146 3.51423431
v -2.63440057 -72.37522362 2.58632261
v -3.02586954 -72.72866128 3.50500640
v -3.25454723 -71.67204974 2.58837693
v -3.53684041 -72.19508050 3.42688222
v -3.99470895 -71.71013711 0.69988962
v -4.11000371 -72.23003862 1.54618263
v -4.00083109 -71.67253254 1.80686727
v -3.79246927 -71.06227038 0.87730350
v -3.53908881 -71.56055329 2.22940143
v -3.22417941 -71.08855603 1.57729663
v -3.13992153 -71.97043059 2.51720544
v -3.15451853 -72.63417004 2.19068989
v -2.87414498 -72.37798331 1.45671029
v -2.92948305 -71.65539620 1.91144753
v -3.67606178 -72.70011065 1.72109917
v -3.44744257 -72.38649486 0.80302484
v -4.21659581 -71.00597380 -1.22048253
v -4.12523754 -71.67791484 -1.55645752
v -4.44972075 -71.87614201 -0.58368044
v -4.39628742 -71.33664248 -0.37432949
v -3.99267941 -71.30607722 0.03646972
v -3.84545110 -70.94275711 -0.50691306
v -3.60667228 -71.70582769 0.28960887
v -3.50695259 -72.37683890 0.02485193
v -3.33711363 -72.23002670 -0.53409545
v -3.60224235 -71.49864791 -0.20738180
v -4.03501510 -72.38232849 -0.43109640
v -3.73288549 -72.16521857 -1.19486781
v 2.14506604 -69.39994452 4.29550219
v 0.48036224 -70.10322569 3.67784385
v 0.71103370 -72.11929915 6.69594515
v 3.10726196 -70.63381432 3.98261730
v 0.06613156 -72.23232744 6.47988651
v 0.80493849 -71.92625163 3.18994183
v 2.50294090 -71.60943506 3.43321707
v 0.17501616 -71.36901973 3.94907516
v -2.49685075 -71.77077888 5.70106205
v -1.32305992 -71.63580416 3.05821445
v -0.85240421 -72.14318274 2.24482171
v -2.08244461 -71.73191069 5.98010827
v -1.10237284 -70.40507553 2.66448218
v -2.32672102 -70.60262917 1.11749411
v -2.81614333 -72.70995734 4.40697890
v -3.13037008 -72.75408862 4.18258529
v -2.20601566 -72.26216553 0.91544777
v -2.90068265 -71.53323052 1.70798801
v -4.02317203 -71.96877954 2.34244965
v -3.67456607 -71.47738693 -0.25100728
v -3.01754556 -72.25742100 -0.71223626
v -3.78791809 -71.87607048 2.62333300
v -3.35330784 -70.52473186 -0.59417966
v -4.26724933 -71.70221565 0.06191038
v -3.82651656 -71.40471099 -2.67176073
v -3.38006176 -72.13336585 -2.22558718
v -4.09456238 -71.61707042 0.34790473
v -3.89969654 -70.58341263 -2.15128701
v 2.94866890 -55.33493517 -6.84015717
v 3.53885547 -57.94711469 -6.58917244
v 1.84234728 -55.80516813 -6.58898730
v 1.33830972 -58.42058418 -7.15587180
v 2.41730728 -58.40185640 -6.53044287
v 3.99271392 -60.39139388 -5.99965829
v 1.76971343 -60.81741808 -7.01666888
v 2.73181491 -60.70329903 -6.03705313
v 2.02730291 -61.76683066 -13.21950223
v 1.29531354 -62.21710799 -11.44479703
v 3.42363634 -61.29358171 -13.49111315
v 5.63217022 -60.41264890 -14.93529942
v 4.54591319 -60.83031652 -14.14758380
v 4.19115305 -62.46371625 -5.11424880
v 5.61954149 -62.22074388 -6.69726062
v 2.64971473 -62.69275306 -5.01847532
v 1.39462717 -62.81212328 -6.28541861
v 3.12345878 -68.60499738 3.02706506
v 3.91143926 -68.16314219 1.04516564
v 2.27085010 -67.36545322 0.87285634
v 1.38284445 -68.69245527 2.30669748
v 0.73765258 -67.72242544 -0.40946033
v -0.05100577 -69.21441315 1.06225727
v -0.52649583 -68.13950298 -1.88425718
v -1.33609918 -69.47556494 -0.42178687
v -1.53676316 -68.58945249 -3.38058568
v -2.40598607 -69.71519349 -1.98496137
v -2.27970693 -69.26920770 -4.80573740
v -3.28616228 -70.02516745 -3.35693624
v -2.67338406 -70.30613778 -5.71291674
v -3.53651855 -71.01915238 -4.12381817
v 4.08555821 -70.22289393 2.57709265
v 4.75516797 -69.68110559 0.61320696
v 3.38003330 -71.46208046 1.80051696
v 4.23111983 -71.17668150 -0.22196541
v 1.84239813 -71.71795128 0.98674582
v 2.77220339 -71.40596269 -1.07769551
v -2.01274732 -71.54769657 -5.47035787
v -2.81665425 -72.07231281 -3.71934514
v 0.35137751 -71.89777253 -0.17028119
v 1.28169015 -71.47133706 -2.18902159
v -0.89750311 -72.11588381 -1.44899910
v 0.03277010 -71.66926620 -3.41384824
v -1.90154265 -72.21632360 -2.67701115
v -1.02390589 -71.77694200 -4.55134254
v 3.29105288 -66.14840982 -1.04348887
v 1.47889492 -65.91865776 -1.87412076
v 0.26740364 -66.42373560 -3.44809558
v -0.55352789 -67.14375375 -5.08444946
v -1.05762261 -68.20785163 -6.56870607
v -1.58498480 -69.29668544 -7.50875663
v 0.16212857 -65.26851414 -7.37800192
v 0.19926059 -67.24226830 -8.66331201
v -0.15661465 -68.51079820 -9.36180543
v 1.34395577 -66.39708636 -10.91008078
v 1.21046633 -67.77541397 -11.30094271
v 3.38703275 -65.28163908 -14.50698342
v 3.23103100 -66.82978032 -15.13568278
v 2.30986394 -67.12186096 -13.36839165
v 2.44223953 -65.68893550 -12.93441545
v 1.25905157 -64.59033845 -10.01039039
v 2.25425542 -63.87533901 -12.19529848
v 3.12338166 -63.39055655 -13.59867718
v 5.50995909 -66.17005227 -16.72175493
v 4.25124422 -66.55146835 -16.18494656
v 4.21326638 -64.93545530 -15.56676891
v 5.25949851 -64.49013112 -16.37829062
v 6.93804317 -64.21016214 -16.50305655
v 7.17378773 -65.98646400 -16.52234461
v 8.08737047 -64.41503523 -14.98601105
v 8.42726745 -66.07141850 -15.19719329
v 4.88848977 -62.58306263 -15.27799930
v 4.06485565 -63.03316710 -14.41509690
v 6.22353696 -62.20017431 -15.73331173
v 7.30348595 -62.38607524 -14.40717842
v 6.98709555 -62.88828609 -12.79632565
v 7.84963735 -64.85377310 -13.12769618
v 8.51342448 -66.38205407 -13.32473721
v 4.65873771 -67.53143428 -1.32034508
v 5.09348803 -68.79626868 -1.85377518
v 0.75664122 -64.51905129 -4.97229028
v 2.19535504 -64.16280029 -3.42908319
v 4.39170592 -64.55166100 -3.61759405
v 5.59749783 -66.62322639 -3.83928161
v 5.54419227 -68.05859564 -4.56598330
v 6.11670010 -67.48335121 -6.98182251
v 6.43031367 -66.15680812 -6.36148829
v 4.69196953 -69.98255609 -2.63132140
v 4.94564876 -68.88215898 -5.23955826
v 5.58825873 -68.21317432 -7.56250959
v 6.92192980 -67.07322357 -8.95921182
v 7.07032152 -65.73899744 -8.47200792
v 7.49230676 -66.78156612 -10.54728296
v 7.30595582 -65.36273120 -10.22673812
v 7.53512226 -65.11132477 -11.60499047
v 8.06004771 -66.57354591 -11.82217788
v 6.88602172 -63.48736046 -10.10141861
v 6.93200298 -63.18527816 -11.38709228
v 6.76046901 -63.88250349 -8.29380717
v 6.07069351 -64.23249600 -6.12195808
v -1.02017147 -70.59855817 -7.41485324
v 0.22349295 -69.64473484 -9.33146965
v 1.52318266 -68.73386858 -11.24620106
v 2.67295197 -68.25194715 -13.29646226
v 3.83406498 -67.96293614 -14.81283571
v 4.77693111 -67.69420264 -15.67627605
v 7.14806833 -67.08211062 -15.92194702
v 5.85198619 -67.34882353 -16.18042108
v 8.04471888 -67.13615416 -14.99074515
v 8.10408436 -67.47285483 -13.50746121
v 7.78097727 -67.75158999 -12.25030538
v 6.51991286 -67.98060296 -9.49496593
v 7.25516670 -67.92161224 -10.97521897
v 6.65799447 -61.81392429 -8.38218894
v 6.79320462 -61.41291616 -10.10308828
v 6.60689913 -61.07241271 -11.26934033
v 6.59432702 -60.37088988 -13.91019937
v 6.46898516 -60.83376763 -12.46819239
v 3.56269509 -70.52692531 -3.48681513
v 2.16454428 -70.63860653 -4.52333022
v 0.94306145 -70.83579062 -5.64583134
v -0.07810292 -70.90043185 -6.63677085
v 0.97683531 -70.00875829 -8.75119161
v 1.91220709 -69.95525716 -7.95393478
v 3.05911817 -69.80083344 -6.98993619
v 4.15244058 -69.42742227 -5.99527996
v 2.23451920 -69.21889542 -10.70957672
v 3.06601033 -69.27037595 -9.99620747
v 4.09015522 -69.15624497 -9.21262618
v 4.95309636 -68.82083176 -8.28474577
v 5.98701604 -68.59435199 -10.20490196
v 5.22463762 -68.76440404 -11.09305363
v 4.30533693 -68.81298182 -11.79692786
v 3.49160091 -68.68325828 -12.55826618
v 4.55320880 -68.30234287 -13.96380182
v 5.26076138 -68.39591620 -13.14537045
v 6.06758811 -68.40481518 -12.41477098
v 6.68735348 -68.33092926 -11.68453585
v 5.31106696 -68.00797341 -14.75135203
v 6.88355036 -67.58559702 -15.25844898
v 6.03090741 -67.75527952 -15.17449882
v 7.48719491 -67.63476489 -14.70390972
v 7.43892484 -67.86153076 -13.70375272
v 7.13120096 -68.10568927 -12.71917116
v 6.52994059 -68.13670753 -13.27046867
v 6.84978359 -67.92024730 -13.95047869
v 5.81064143 -68.11448095 -13.91235556
v 6.29536130 -67.87421463 -14.45694383
v 7.01461055 -67.74967669 -14.48085572
v 6.72846727 -67.73343442 -14.72773071
v 1.22718171 -62.87438629 -8.56842812
v -5.40636487 -29.45695577 2.17744406
v -4.01029147 -28.73260735 1.95706632
v -6.94695122 -29.59450839 1.89193670
v -14.34195123 12.81745376 1.30308211
v -11.42674245 36.54780032 1.98788527
v -11.87985174 40.90733470 1.62886936
v -11.60425476 38.69008662 1.78474929
v -14.46740858 10.00735981 1.91011444
v -14.22237239 43.82053854 -3.82905532
v -15.45513503 59.35671868 -0.53447664
v -12.73088760 91.16652848 0.77798223
v -12.50082932 90.86236598 0.62990353
v -12.36160107 90.61025025 0.36753114
v -12.28116609 90.38019421 0.08385108
v -12.16832928 90.24039151 -0.24218337
v -11.91955737 90.31982662 -0.55093197
v -12.53564439 90.76822640 0.11878545
v -12.22662784 91.08224751 -0.06169969
v -12.28622354 91.25164988 0.12441120
v -12.59527362 90.96759798 0.32530395
f 2 3 1
f 1 3 4
f 3 2 5
f 5 2 6
f 3 7 4
f 4 7 8
f 10 11 9
f 9 11 12
f 14 15 13
f 13 15 16
f 18 19 17
f 17 19 20
f 22 23 21
f 21 23 24
f 26 18 25
f 25 18 17
f 27 28 17
f 17 28 25
f 30 31 29
f 29 31 32
f 34 35 33
f 33 35 36
f 21 24 37
f 37 24 38
f 40 31 39
f 39 31 38
f 34 33 28
f 28 33 25
f 41 42 44
f 44 42 43
f 36 45 33
f 33 45 25
f 46 47 49
f 49 47 48
f 51 52 50
f 50 52 53
f 55 53 54
f 54 53 52
f 57 58 56
f 56 58 59
f 61 62 60
f 60 62 63
f 65 66 64
f 64 66 67
f 69 70 68
f 68 70 71
f 65 73 72
f 72 73 74
f 64 75 65
f 65 75 73
f 77 78 76
f 76 78 79
f 80 81 83
f 83 81 82
f 81 85 84
f 84 85 86
f 88 89 87
f 87 89 69
f 88 87 90
f 90 87 91
f 93 94 92
f 92 94 95
f 96 84 43
f 43 84 44
f 51 98 97
f 97 98 86
f 97 99 51
f 51 99 52
f 54 52 100
f 100 52 99
f 58 101 59
f 59 101 102
f 62 103 63
f 63 103 104
f 105 106 6
f 6 106 5
f 108 109 107
f 107 109 110
f 112 113 111
f 111 113 114
f 116 117 115
f 115 117 118
f 120 121 119
f 119 121 122
f 124 125 123
f 123 125 126
f 128 129 127
f 127 129 130
f 130 131 127
f 127 131 132
f 134 1 133
f 133 1 135
f 1 4 135
f 135 4 136
f 4 8 136
f 136 8 137
f 138 139 15
f 15 139 140
f 140 139 141
f 141 139 142
f 144 57 143
f 143 57 56
f 145 146 141
f 141 146 147
f 146 149 148
f 148 149 150
f 152 153 151
f 151 153 154
f 141 147 140
f 140 147 155
f 157 11 156
f 156 11 158
f 160 161 159
f 159 161 162
f 164 165 163
f 163 165 166
f 165 160 166
f 166 160 159
f 168 169 167
f 167 169 170
f 169 171 170
f 170 171 172
f 149 173 150
f 150 173 174
f 175 176 149
f 149 176 173
f 178 172 177
f 177 172 171
f 180 181 179
f 179 181 182
f 184 180 183
f 183 180 179
f 186 187 185
f 185 187 188
f 190 191 189
f 189 191 192
f 7 193 8
f 8 193 194
f 196 162 195
f 195 162 161
f 197 168 198
f 198 168 167
f 181 199 182
f 182 199 200
f 202 203 201
f 201 203 204
f 187 186 205
f 205 186 206
f 208 209 207
f 207 209 210
f 212 213 211
f 211 213 214
f 215 216 218
f 218 216 217
f 220 209 219
f 219 209 208
f 204 186 221
f 221 186 185
f 201 204 222
f 222 204 221
f 223 211 220
f 220 211 209
f 224 225 214
f 214 225 210
f 203 206 204
f 204 206 186
f 227 187 226
f 226 187 205
f 27 228 21
f 21 228 22
f 230 231 229
f 229 231 232
f 234 235 233
f 233 235 236
f 238 239 237
f 237 239 240
f 119 122 118
f 118 122 115
f 112 242 241
f 241 242 243
f 98 51 244
f 244 51 50
f 245 138 14
f 14 138 15
f 11 10 158
f 158 10 246
f 89 85 69
f 69 85 70
f 11 157 12
f 12 157 247
f 249 164 248
f 248 164 163
f 177 250 178
f 178 250 251
f 253 254 252
f 252 254 255
f 187 227 188
f 188 227 256
f 212 257 213
f 213 257 258
f 260 134 259
f 259 134 133
f 165 164 135
f 135 164 133
f 160 165 136
f 136 165 135
f 136 137 160
f 160 137 161
f 137 261 161
f 161 261 195
f 263 264 262
f 262 264 265
f 13 16 266
f 266 16 267
f 268 267 155
f 155 267 16
f 147 269 155
f 155 269 268
f 162 196 167
f 167 196 198
f 167 170 162
f 162 170 159
f 170 172 159
f 159 172 166
f 172 178 166
f 166 178 163
f 178 251 163
f 163 251 248
f 168 270 169
f 169 270 271
f 272 273 171
f 171 273 177
f 271 272 169
f 169 272 171
f 168 197 270
f 270 197 274
f 250 177 275
f 275 177 273
f 277 45 276
f 276 45 278
f 280 281 279
f 279 281 282
f 284 104 283
f 283 104 103
f 285 215 286
f 286 215 218
f 288 289 287
f 287 289 290
f 291 80 66
f 66 80 83
f 293 294 292
f 292 294 295
f 73 91 74
f 74 91 87
f 91 73 92
f 92 73 75
f 279 77 280
f 280 77 76
f 80 291 70
f 70 291 71
f 277 47 96
f 96 47 82
f 297 175 296
f 296 175 149
f 299 154 298
f 298 154 153
f 225 300 210
f 210 300 207
f 224 301 206
f 206 301 205
f 210 209 214
f 214 209 211
f 226 205 302
f 302 205 301
f 304 305 303
f 303 305 306
f 308 309 307
f 307 309 310
f 72 291 65
f 65 291 66
f 66 83 67
f 67 83 46
f 312 313 311
f 311 313 314
f 316 317 315
f 315 317 36
f 29 318 35
f 35 318 319
f 321 32 320
f 320 32 322
f 311 314 323
f 323 314 324
f 315 325 316
f 316 325 326
f 318 287 319
f 319 287 290
f 328 321 327
f 327 321 320
f 329 330 39
f 39 330 331
f 332 333 40
f 40 333 322
f 309 334 285
f 285 334 335
f 236 2 134
f 134 2 1
f 260 336 233
f 233 336 337
f 237 14 265
f 265 14 13
f 84 86 44
f 44 86 98
f 189 192 7
f 7 192 193
f 44 98 41
f 41 98 244
f 237 240 14
f 14 240 245
f 7 3 189
f 189 3 5
f 338 71 72
f 72 71 291
f 262 265 266
f 266 265 13
f 124 123 339
f 339 123 105
f 123 109 105
f 105 109 106
f 189 5 190
f 190 5 106
f 111 114 12
f 12 114 9
f 264 340 265
f 265 340 237
f 342 343 341
f 341 343 344
f 6 235 105
f 105 235 339
f 234 346 345
f 345 346 347
f 349 350 348
f 348 350 351
f 107 352 108
f 108 352 353
f 355 356 354
f 354 356 357
f 237 340 238
f 238 340 358
f 12 247 111
f 111 247 359
f 264 263 116
f 116 263 360
f 361 362 222
f 222 362 201
f 364 365 363
f 363 365 366
f 368 369 367
f 367 369 370
f 372 373 371
f 371 373 374
f 375 376 372
f 372 376 377
f 378 379 381
f 381 379 380
f 382 383 269
f 269 383 268
f 150 174 365
f 365 174 384
f 380 377 381
f 381 377 376
f 271 270 180
f 180 270 181
f 273 272 252
f 252 272 184
f 272 271 184
f 184 271 180
f 181 270 274
f 252 255 273
f 273 255 275
f 254 385 255
f 255 385 386
f 387 388 179
f 179 388 183
f 389 387 182
f 182 387 179
f 182 200 389
f 389 200 390
f 388 391 183
f 183 391 253
f 391 392 253
f 253 392 254
f 394 379 393
f 393 379 378
f 185 188 395
f 395 188 396
f 221 185 397
f 397 185 395
f 222 221 398
f 398 221 397
f 188 256 396
f 396 256 399
f 400 401 256
f 256 401 399
f 402 403 405
f 405 403 404
f 148 150 364
f 364 150 365
f 393 406 394
f 394 406 407
f 158 246 393
f 393 246 406
f 342 19 238
f 238 19 239
f 23 22 350
f 350 22 354
f 244 50 245
f 245 50 138
f 55 142 53
f 53 142 139
f 145 144 296
f 296 144 143
f 355 228 341
f 341 228 20
f 41 240 42
f 42 240 239
f 283 308 284
f 284 308 307
f 349 409 408
f 408 409 410
f 244 245 41
f 41 245 240
f 268 383 406
f 406 383 407
f 346 411 349
f 349 411 409
f 251 412 248
f 248 412 413
f 275 414 250
f 250 414 415
f 25 45 26
f 26 45 277
f 43 26 96
f 96 26 277
f 416 417 61
f 61 417 62
f 329 24 408
f 408 24 23
f 31 40 32
f 32 40 322
f 39 38 329
f 329 38 24
f 37 38 30
f 30 38 31
f 418 419 421
f 421 419 420
f 78 295 79
f 79 295 294
f 124 339 422
f 422 339 345
f 232 131 357
f 357 131 351
f 2 236 6
f 6 236 235
f 252 184 253
f 253 184 183
f 227 423 256
f 256 423 400
f 423 227 305
f 305 227 226
f 424 258 425
f 425 258 257
f 426 427 212
f 212 427 257
f 259 133 249
f 249 133 164
f 419 418 428
f 428 418 429
f 327 430 328
f 328 430 288
f 49 431 46
f 46 431 67
f 306 302 424
f 424 302 258
f 313 432 314
f 314 432 433
f 32 321 29
f 29 321 318
f 324 314 433
f 287 318 328
f 328 318 321
f 134 260 236
f 236 260 233
f 345 339 234
f 234 339 235
f 357 351 354
f 354 351 350
f 408 23 349
f 349 23 350
f 317 278 36
f 36 278 45
f 432 313 429
f 429 313 428
f 435 428 434
f 434 428 313
f 42 239 18
f 18 239 19
f 43 42 26
f 26 42 18
f 121 120 436
f 436 120 437
f 302 301 258
f 258 301 213
f 110 109 126
f 126 109 123
f 238 358 342
f 342 358 343
f 341 20 342
f 342 20 19
f 322 438 320
f 320 438 439
f 320 439 327
f 327 439 430
f 333 440 322
f 322 440 438
f 289 288 323
f 323 288 430
f 115 340 116
f 116 340 264
f 146 145 149
f 149 145 296
f 15 140 16
f 16 140 155
f 441 442 152
f 152 442 153
f 225 224 203
f 203 224 206
f 175 297 154
f 154 297 151
f 293 443 294
f 294 443 444
f 248 413 249
f 249 413 445
f 446 447 400
f 400 447 401
f 388 387 396
f 396 387 395
f 387 389 395
f 395 389 397
f 391 388 399
f 399 388 396
f 401 392 399
f 399 392 391
f 255 386 275
f 275 386 414
f 449 450 448
f 448 450 451
f 335 452 285
f 285 452 215
f 453 298 442
f 442 298 153
f 211 223 212
f 212 223 426
f 425 257 454
f 454 257 427
f 266 10 262
f 262 10 9
f 360 113 456
f 456 113 455
f 8 194 137
f 137 194 261
f 10 266 246
f 246 266 267
f 203 202 225
f 225 202 300
f 262 9 263
f 263 9 114
f 108 353 190
f 190 353 191
f 389 390 397
f 397 390 398
f 457 422 128
f 128 422 129
f 156 158 378
f 378 158 393
f 347 346 348
f 348 346 349
f 447 458 401
f 401 458 392
f 364 382 148
f 148 382 269
f 55 54 57
f 57 54 58
f 75 64 459
f 459 64 460
f 100 90 101
f 101 90 95
f 101 58 100
f 100 58 54
f 142 55 144
f 144 55 57
f 147 146 269
f 269 146 148
f 459 93 75
f 75 93 92
f 144 145 142
f 142 145 141
f 228 27 20
f 20 27 17
f 154 299 175
f 175 299 176
f 214 213 224
f 224 213 301
f 424 461 306
f 306 461 303
f 285 286 309
f 309 286 310
f 462 334 308
f 308 334 309
f 302 306 226
f 226 306 305
f 37 28 21
f 21 28 27
f 29 35 30
f 30 35 34
f 30 34 37
f 37 34 28
f 344 436 356
f 356 436 229
f 325 290 326
f 326 290 289
f 311 439 312
f 312 439 438
f 35 319 36
f 36 319 315
f 439 311 430
f 430 311 323
f 315 319 325
f 325 319 290
f 440 463 438
f 438 463 312
f 341 344 355
f 355 344 356
f 360 456 116
f 116 456 117
f 354 22 355
f 355 22 228
f 326 289 324
f 324 289 323
f 74 87 68
f 68 87 69
f 50 53 138
f 138 53 139
f 268 406 267
f 267 406 246
f 190 106 108
f 108 106 109
f 241 455 112
f 112 455 113
f 358 122 343
f 343 122 121
f 129 347 130
f 130 347 348
f 348 351 130
f 130 351 131
f 229 232 356
f 356 232 357
f 340 115 358
f 358 115 122
f 111 359 112
f 112 359 242
f 125 124 457
f 457 124 422
f 231 132 232
f 232 132 131
f 343 121 344
f 344 121 436
f 263 114 360
f 360 114 113
f 347 129 345
f 345 129 422
f 230 229 437
f 437 229 436
f 464 446 423
f 423 446 400
f 465 466 468
f 468 466 467
f 470 471 469
f 469 471 472
f 469 472 373
f 373 472 374
f 474 469 473
f 473 469 373
f 471 475 472
f 472 475 476
f 472 477 374
f 374 477 478
f 477 472 476
f 479 480 476
f 476 480 477
f 473 373 377
f 377 373 372
f 481 482 479
f 479 482 480
f 483 484 481
f 481 484 482
f 403 402 485
f 485 402 486
f 487 488 483
f 483 488 484
f 487 489 488
f 488 489 490
f 489 491 490
f 490 491 492
f 491 493 492
f 492 493 494
f 493 495 494
f 494 495 496
f 497 498 481
f 481 498 483
f 484 499 482
f 482 499 367
f 370 480 367
f 367 480 482
f 480 370 477
f 477 370 478
f 500 497 479
f 479 497 481
f 451 473 380
f 380 473 377
f 448 451 379
f 379 451 380
f 501 502 504
f 504 502 503
f 449 505 507
f 507 505 506
f 486 508 505
f 505 508 506
f 508 509 506
f 506 509 510
f 511 507 510
f 510 507 506
f 509 508 512
f 512 508 513
f 515 509 514
f 514 509 512
f 509 515 510
f 510 515 516
f 510 516 511
f 511 516 517
f 486 505 485
f 485 505 518
f 505 449 518
f 518 449 448
f 383 382 403
f 403 382 404
f 363 404 364
f 364 404 382
f 403 485 383
f 383 485 407
f 519 520 361
f 361 520 362
f 522 496 521
f 521 496 495
f 450 474 451
f 451 474 473
f 363 366 523
f 523 366 524
f 525 499 488
f 488 499 484
f 488 490 525
f 525 490 526
f 496 522 520
f 520 522 527
f 494 496 519
f 519 496 520
f 492 494 528
f 528 494 519
f 529 530 495
f 495 530 521
f 490 492 526
f 526 492 528
f 529 495 531
f 531 495 493
f 533 534 532
f 532 534 535
f 523 524 533
f 533 524 534
f 486 402 532
f 532 402 533
f 529 536 530
f 530 536 537
f 536 538 537
f 537 538 539
f 540 541 539
f 539 541 537
f 530 537 535
f 535 537 541
f 542 539 543
f 543 539 538
f 539 542 540
f 540 542 544
f 541 540 513
f 513 540 512
f 540 544 512
f 512 544 514
f 546 547 545
f 545 547 548
f 549 550 531
f 531 550 551
f 550 549 552
f 552 549 553
f 546 550 554
f 554 550 552
f 547 546 555
f 555 546 554
f 498 556 558
f 558 556 557
f 559 557 560
f 560 557 556
f 561 562 560
f 560 562 559
f 557 559 552
f 552 559 554
f 559 562 554
f 554 562 555
f 558 557 553
f 553 557 552
f 475 471 563
f 563 471 564
f 565 563 567
f 567 563 566
f 471 470 564
f 564 470 466
f 564 466 568
f 568 466 465
f 568 465 569
f 569 465 570
f 572 573 571
f 571 573 574
f 569 575 567
f 567 575 576
f 577 565 576
f 576 565 567
f 578 579 581
f 581 579 580
f 575 561 576
f 576 561 560
f 556 577 560
f 560 577 576
f 577 556 497
f 497 556 498
f 565 577 500
f 500 577 497
f 563 565 475
f 475 565 500
f 553 489 558
f 558 489 487
f 531 493 549
f 549 493 491
f 489 553 491
f 491 553 549
f 394 407 518
f 518 407 485
f 518 448 394
f 394 448 379
f 545 548 538
f 538 548 543
f 551 545 536
f 536 545 538
f 536 529 551
f 551 529 531
f 507 582 449
f 449 582 450
f 511 583 507
f 507 583 582
f 511 517 583
f 583 517 584
f 585 586 588
f 588 586 587
f 590 591 589
f 589 591 592
f 591 590 593
f 593 590 594
f 596 597 595
f 595 597 598
f 599 600 602
f 602 600 601
f 604 605 603
f 603 605 606
f 608 609 607
f 607 609 610
f 612 613 611
f 611 613 614
f 615 616 618
f 618 616 617
f 620 621 619
f 619 621 622
f 624 625 623
f 623 625 626
f 628 629 627
f 627 629 630
f 632 633 631
f 631 633 634
f 635 636 638
f 638 636 637
f 639 640 642
f 642 640 641
f 644 645 643
f 643 645 646
f 619 622 647
f 647 622 648
f 650 651 649
f 649 651 652
f 601 653 602
f 602 653 654
f 656 657 655
f 655 657 658
f 660 661 659
f 659 661 662
f 664 665 663
f 663 665 666
f 593 594 667
f 667 594 668
f 669 670 672
f 672 670 671
f 673 674 676
f 676 674 675
f 633 632 677
f 677 632 678
f 663 666 679
f 679 666 680
f 681 682 684
f 684 682 683
f 686 687 685
f 685 687 688
f 690 661 689
f 689 661 691
f 693 686 692
f 692 686 685
f 695 597 694
f 694 597 668
f 594 696 668
f 668 696 694
f 697 698 696
f 696 698 699
f 700 701 697
f 697 701 698
f 702 585 703
f 703 585 588
f 671 690 672
f 672 690 689
f 640 639 704
f 704 639 705
f 679 706 663
f 663 706 658
f 708 709 707
f 707 709 710
f 711 712 610
f 610 712 607
f 713 714 716
f 716 714 715
f 717 718 720
f 720 718 719
f 722 634 721
f 721 634 633
f 724 725 723
f 723 725 726
f 728 729 727
f 727 729 730
f 732 733 731
f 731 733 734
f 707 710 735
f 735 710 736
f 643 737 644
f 644 737 738
f 740 741 739
f 739 741 742
f 608 744 743
f 743 744 745
f 747 748 746
f 746 748 749
f 751 752 750
f 750 752 753
f 754 755 757
f 757 755 756
f 758 759 761
f 761 759 760
f 763 764 762
f 762 764 765
f 767 768 766
f 766 768 769
f 771 772 770
f 770 772 773
f 775 776 774
f 774 776 777
f 779 780 778
f 778 780 781
f 783 712 782
f 782 712 784
f 785 786 788
f 788 786 787
f 790 628 789
f 789 628 627
f 792 793 791
f 791 793 794
f 795 796 726
f 726 796 723
f 798 799 797
f 797 799 800
f 721 633 801
f 801 633 677
f 797 800 802
f 802 800 803
f 805 806 804
f 804 806 807
f 809 810 808
f 808 810 811
f 813 814 812
f 812 814 815
f 809 808 817
f 817 808 816
f 818 819 804
f 804 819 805
f 820 821 818
f 818 821 819
f 821 820 587
f 587 820 822
f 809 823 810
f 810 823 824
f 814 807 815
f 815 807 806
f 826 426 825
f 825 426 223
f 426 826 427
f 427 826 827
f 828 829 454
f 454 829 830
f 831 832 677
f 677 832 801
f 834 835 833
f 833 835 836
f 838 839 837
f 837 839 840
f 841 842 844
f 844 842 843
f 845 846 803
f 803 846 802
f 847 831 678
f 678 831 677
f 848 849 851
f 851 849 850
f 853 854 852
f 852 854 855
f 857 858 856
f 856 858 680
f 860 861 859
f 859 861 862
f 864 865 863
f 863 865 866
f 868 869 867
f 867 869 870
f 839 871 840
f 840 871 872
f 849 848 874
f 874 848 873
f 876 877 875
f 875 877 878
f 880 881 879
f 879 881 882
f 883 884 886
f 886 884 885
f 846 887 802
f 802 887 888
f 890 891 889
f 889 891 888
f 893 894 892
f 892 894 895
f 896 897 728
f 728 897 729
f 899 900 898
f 898 900 901
f 902 852 904
f 904 852 903
f 849 905 850
f 850 905 906
f 875 878 907
f 907 878 908
f 910 911 909
f 909 911 912
f 914 915 913
f 913 915 916
f 917 918 862
f 862 918 859
f 919 920 856
f 856 920 921
f 923 924 922
f 922 924 925
f 926 927 925
f 925 927 922
f 929 930 928
f 928 930 693
f 932 695 931
f 931 695 694
f 823 867 824
f 824 867 933
f 935 936 934
f 934 936 937
f 938 868 823
f 823 868 867
f 940 847 939
f 939 847 678
f 632 655 678
f 678 655 939
f 941 942 619
f 619 942 620
f 687 943 688
f 688 943 944
f 851 850 945
f 945 850 903
f 850 906 903
f 903 906 904
f 946 947 949
f 949 947 948
f 951 952 950
f 950 952 953
f 955 956 954
f 954 956 957
f 907 958 875
f 875 958 874
f 960 961 959
f 959 961 962
f 963 853 902
f 902 853 852
f 909 964 910
f 910 964 965
f 967 968 966
f 966 968 969
f 971 972 970
f 970 972 973
f 974 960 975
f 975 960 959
f 977 978 976
f 976 978 979
f 981 977 980
f 980 977 976
f 980 982 981
f 981 982 983
f 985 983 984
f 984 983 982
f 984 986 985
f 985 986 987
f 989 990 988
f 988 990 991
f 993 994 992
f 992 994 995
f 997 998 996
f 996 998 999
f 1001 1002 1000
f 1000 1002 1003
f 1005 1006 1004
f 1004 1006 1007
f 1004 1008 1005
f 1005 1008 1009
f 1008 1010 1009
f 1009 1010 1011
f 1013 1011 1012
f 1012 1011 1010
f 1014 1015 1017
f 1017 1015 1016
f 1019 1020 1018
f 1018 1020 1021
f 1022 1023 976
f 976 1023 980
f 1024 1025 982
f 982 1025 984
f 992 995 1026
f 1026 995 1027
f 956 955 1028
f 1028 955 1029
f 1030 1031 1033
f 1033 1031 1032
f 1010 1008 1034
f 1034 1008 1035
f 1008 1004 1035
f 1035 1004 1036
f 1037 1038 1002
f 1002 1038 1007
f 1002 1001 1037
f 1037 1001 1039
f 1040 1041 997
f 997 1041 998
f 1015 1014 1043
f 1043 1014 1042
f 1044 1045 1047
f 1047 1045 1046
f 1044 1020 1048
f 1048 1020 1049
f 1050 1051 1003
f 1003 1051 1000
f 1052 1050 1006
f 1006 1050 1003
f 1053 1054 1011
f 1011 1054 1009
f 1013 1045 1055
f 1055 1045 1056
f 1058 1059 1057
f 1057 1059 1060
f 1062 1063 1061
f 1061 1063 1064
f 1065 1066 1050
f 1050 1066 1051
f 1067 1065 1052
f 1052 1065 1050
f 1068 1069 1054
f 1054 1069 1070
f 1071 1068 1053
f 1053 1068 1054
f 1073 1071 1072
f 1072 1071 1074
f 1074 1071 1055
f 1055 1071 1053
f 1076 1077 1075
f 1075 1077 1078
f 1079 1080 1057
f 1057 1080 1058
f 1081 1082 1064
f 1064 1082 1061
f 1084 1085 1083
f 1083 1085 1086
f 1088 1089 1087
f 1087 1089 1090
f 1092 1093 1091
f 1091 1093 1094
f 1096 1097 1095
f 1095 1097 1098
f 1099 1100 1102
f 1102 1100 1101
f 1103 1104 1099
f 1099 1104 1100
f 1106 1107 1105
f 1105 1107 1108
f 1110 1111 1109
f 1109 1111 1112
f 1114 1115 1113
f 1113 1115 1116
f 1118 1119 1117
f 1117 1119 1077
f 1117 1120 1122
f 1122 1120 1121
f 1105 1123 1106
f 1106 1123 1124
f 1125 1126 1128
f 1128 1126 1127
f 1130 1131 1129
f 1129 1131 1132
f 1134 1135 1133
f 1133 1135 1114
f 1113 1136 1114
f 1114 1136 1133
f 1118 1137 1113
f 1113 1137 1136
f 1118 1117 1137
f 1137 1117 1122
f 1139 1140 1138
f 1138 1140 1141
f 1143 953 1142
f 1142 953 952
f 1145 957 1144
f 1144 957 956
f 1028 1146 956
f 956 1146 1144
f 1014 1147 1042
f 1042 1147 1148
f 1014 1017 1147
f 1147 1017 1149
f 1059 1058 1150
f 1150 1058 1151
f 1153 1080 1152
f 1152 1080 1154
f 1156 1088 1155
f 1155 1088 1087
f 1157 1158 1106
f 1106 1158 1107
f 1106 1124 1157
f 1157 1124 1159
f 1161 1162 1160
f 1160 1162 1163
f 1165 1166 1164
f 1164 1166 1167
f 1168 1031 1012
f 1012 1031 1046
f 1024 1023 1035
f 1035 1023 1034
f 1036 1038 1025
f 1025 1038 1169
f 1170 1171 1039
f 1039 1171 1037
f 1028 1029 1042
f 1042 1029 1043
f 1172 1173 1175
f 1175 1173 1174
f 1055 1053 1013
f 1013 1053 1011
f 1005 1009 1070
f 1070 1009 1054
f 996 999 1062
f 1062 999 1063
f 1016 1060 1017
f 1017 1060 1059
f 1017 1059 1149
f 1149 1059 1150
f 1177 1178 1176
f 1176 1178 1103
f 1176 1072 1179
f 1179 1072 1074
f 1073 1102 1086
f 1086 1102 1083
f 1180 1181 1067
f 1067 1181 1065
f 1182 1183 1184
f 1184 1183 1181
f 1186 1187 1185
f 1185 1187 1188
f 1189 1190 798
f 798 1190 799
f 1192 1193 1191
f 1191 1193 1194
f 1195 1196 1194
f 1194 1196 1191
f 1196 1195 1198
f 1198 1195 1197
f 1200 674 1199
f 1199 674 673
f 928 1201 1203
f 1203 1201 1202
f 861 1204 862
f 862 1204 921
f 1205 1206 913
f 913 1206 1207
f 882 1208 879
f 879 1208 1209
f 1210 1211 1167
f 1167 1211 1164
f 1212 769 1213
f 1213 769 768
f 727 1214 728
f 728 1214 1215
f 1217 1218 1216
f 1216 1218 1219
f 1220 813 1221
f 1221 813 812
f 827 828 427
f 427 828 454
f 1223 1224 1222
f 1222 1224 1165
f 1226 1227 1225
f 1225 1227 1228
f 851 1229 848
f 848 1229 1230
f 834 854 835
f 835 854 1231
f 1233 1234 1232
f 1232 1234 1235
f 1237 751 1236
f 1236 751 750
f 743 819 1238
f 1238 819 821
f 1240 1241 1239
f 1239 1241 1242
f 1244 1245 1243
f 1243 1245 1246
f 844 1247 841
f 841 1247 1248
f 1250 1251 1249
f 1249 1251 1252
f 1254 893 1253
f 1253 893 1237
f 1255 1256 1258
f 1258 1256 1257
f 1260 1261 1259
f 1259 1261 1262
f 945 903 855
f 855 903 852
f 855 1263 945
f 945 1263 1264
f 832 845 801
f 801 845 803
f 800 721 803
f 803 721 801
f 721 800 722
f 722 800 799
f 1266 1267 1265
f 1265 1267 1268
f 1270 795 1269
f 1269 795 726
f 725 1271 726
f 726 1271 1269
f 737 765 738
f 738 765 764
f 759 740 760
f 760 740 739
f 717 1272 1274
f 1274 1272 1273
f 1163 1226 1275
f 1275 1226 1225
f 1277 882 1276
f 1276 882 881
f 1041 1040 1027
f 1027 1040 1026
f 900 935 901
f 901 935 934
f 1164 1278 1165
f 1165 1278 1222
f 1211 1279 1164
f 1164 1279 1278
f 442 1280 453
f 453 1280 1281
f 788 1282 785
f 785 1282 1283
f 1285 1286 1284
f 1284 1286 1287
f 1284 1288 1285
f 1285 1288 1289
f 757 1289 754
f 754 1289 1288
f 605 604 675
f 675 604 676
f 1290 1291 1293
f 1293 1291 1292
f 1295 1296 1294
f 1294 1296 1297
f 696 699 694
f 694 699 931
f 1298 1299 592
f 592 1299 589
f 1299 1300 589
f 589 1300 700
f 1300 1301 700
f 700 1301 701
f 743 745 819
f 819 745 805
f 1303 1304 1302
f 1302 1304 1305
f 1306 1307 1305
f 1305 1307 1302
f 609 1298 610
f 610 1298 592
f 587 822 588
f 588 822 1308
f 703 588 1309
f 1309 588 1308
f 1310 703 571
f 571 703 1309
f 1311 1312 789
f 789 1312 790
f 825 223 1313
f 1313 223 220
f 219 1314 220
f 220 1314 1313
f 1315 1316 1311
f 1311 1316 1312
f 1317 1318 1319
f 1319 1318 1241
f 441 1320 442
f 442 1320 1280
f 1321 217 572
f 572 217 216
f 1323 1230 1322
f 1322 1230 1229
f 1324 1325 631
f 631 1325 656
f 1034 1168 1010
f 1010 1168 1012
f 1327 1328 1326
f 1326 1328 1329
f 1331 1202 1330
f 1330 1202 1201
f 571 1309 572
f 572 1309 1321
f 573 572 1332
f 1332 572 216
f 1334 1335 1333
f 1333 1335 1336
f 1337 1338 918
f 918 1338 859
f 1339 863 1340
f 1340 863 866
f 1341 1342 1344
f 1344 1342 1343
f 1345 1346 919
f 919 1346 920
f 1347 1348 673
f 673 1348 1199
f 693 1349 928
f 928 1349 1201
f 1351 1257 1350
f 1350 1257 1256
f 1350 1352 1351
f 1351 1352 1353
f 653 930 654
f 654 930 662
f 1279 1354 1278
f 1278 1354 1355
f 1357 1358 1356
f 1356 1358 1359
f 937 1360 1140
f 1140 1360 1361
f 1225 1228 909
f 909 1228 964
f 901 934 1362
f 1362 934 1139
f 1364 1365 1363
f 1363 1365 1362
f 1367 912 1366
f 1366 912 911
f 1143 1142 1368
f 1368 1142 1369
f 1144 1186 1145
f 1145 1186 1185
f 1146 1175 1144
f 1144 1175 1186
f 1175 1146 1172
f 1172 1146 1148
f 1147 1018 1148
f 1148 1018 1172
f 1018 1147 1019
f 1019 1147 1149
f 1149 1150 1019
f 1019 1150 1370
f 1150 1151 1370
f 1370 1151 1371
f 1151 1153 1371
f 1371 1153 1177
f 1152 1156 1178
f 1178 1156 1372
f 1155 1158 1373
f 1373 1158 1374
f 1157 1159 1376
f 1376 1159 1375
f 1378 1379 1377
f 1377 1379 1380
f 1382 1383 1381
f 1381 1383 1384
f 1382 1386 1385
f 1385 1386 1387
f 1386 1233 1387
f 1387 1233 1232
f 1389 1390 1388
f 1388 1390 1391
f 1393 1394 1392
f 1392 1394 1395
f 1397 1398 1396
f 1396 1398 1399
f 629 1397 630
f 630 1397 1396
f 1342 1400 1343
f 1343 1400 1401
f 1403 1404 1402
f 1402 1404 1405
f 1407 1408 1406
f 1406 1408 1409
f 1411 1412 1410
f 1410 1412 1413
f 793 1414 794
f 794 1414 1415
f 1417 1341 1416
f 1416 1341 1344
f 704 705 1347
f 1347 705 1418
f 741 1419 742
f 742 1419 1420
f 1422 669 1421
f 1421 669 672
f 645 1423 646
f 646 1423 1424
f 1196 1198 614
f 614 1198 611
f 613 1425 614
f 614 1425 1426
f 1427 616 659
f 659 616 660
f 614 1426 1196
f 1196 1426 1191
f 696 594 697
f 697 594 590
f 697 590 700
f 700 590 589
f 703 1310 702
f 702 1310 1428
f 1421 672 1192
f 1192 672 689
f 1271 648 1269
f 1269 648 622
f 621 1270 622
f 622 1270 1269
f 1429 1430 1417
f 1417 1430 1341
f 1431 1432 1434
f 1434 1432 1433
f 1436 1437 1435
f 1435 1437 1438
f 1440 1441 1439
f 1439 1441 1442
f 1443 1444 1446
f 1446 1444 1445
f 823 809 938
f 938 809 817
f 810 1447 811
f 811 1447 1448
f 1449 1450 679
f 679 1450 706
f 913 916 1205
f 1205 916 1451
f 1275 1225 912
f 912 1225 909
f 1452 1453 880
f 880 1453 881
f 1444 1401 1445
f 1445 1401 1400
f 936 1454 937
f 937 1454 1360
f 824 1455 810
f 810 1455 1447
f 631 656 632
f 632 656 655
f 966 1456 967
f 967 1456 1457
f 1459 1460 1458
f 1458 1460 1461
f 1460 1462 1461
f 1461 1462 1463
f 972 974 973
f 973 974 975
f 990 995 991
f 991 995 994
f 1464 1187 1033
f 1033 1187 1174
f 1018 1021 1172
f 1172 1021 1173
f 1000 999 1001
f 1001 999 998
f 976 979 1022
f 1022 979 1032
f 1023 1024 980
f 980 1024 982
f 989 986 1171
f 1171 986 1169
f 1171 1170 989
f 989 1170 990
f 1170 1027 990
f 990 1027 995
f 1041 1039 998
f 998 1039 1001
f 1051 1063 1000
f 1000 1063 999
f 1066 1064 1051
f 1051 1064 1063
f 1183 1081 1066
f 1066 1081 1064
f 1178 1372 1103
f 1103 1372 1104
f 1092 1091 1465
f 1465 1091 1182
f 1467 1465 1466
f 1466 1465 1468
f 1469 1470 1184
f 1184 1470 1468
f 1095 1098 1471
f 1471 1098 1101
f 1076 1374 1120
f 1120 1374 1376
f 1110 1472 1127
f 1127 1472 1132
f 1472 1473 1132
f 1132 1473 1129
f 1474 1475 1466
f 1466 1475 1473
f 1119 1118 1116
f 1116 1118 1113
f 1375 1121 1376
f 1376 1121 1120
f 1127 1132 1128
f 1128 1132 1131
f 1227 1476 1228
f 1228 1476 1361
f 1365 1477 1362
f 1362 1477 872
f 1478 1479 1323
f 1323 1479 1230
f 1480 1481 914
f 914 1481 915
f 913 1277 914
f 914 1277 1276
f 1168 1034 1022
f 1022 1034 1023
f 1035 1036 1024
f 1024 1036 1025
f 1039 1041 1170
f 1170 1041 1027
f 1042 1148 1028
f 1028 1148 1146
f 968 1459 969
f 969 1459 1458
f 1482 1483 664
f 664 1483 665
f 1485 1486 1484
f 1484 1486 1487
f 1489 1490 1488
f 1488 1490 1491
f 1492 1493 722
f 722 1493 634
f 1495 1496 1494
f 1494 1496 1497
f 1498 1207 1339
f 1339 1207 863
f 1224 1499 1165
f 1165 1499 1166
f 1160 1163 1500
f 1500 1163 1275
f 1500 877 1160
f 1160 877 1501
f 876 873 1502
f 1502 873 1479
f 945 1264 851
f 851 1264 1229
f 835 1231 839
f 839 1231 871
f 1503 1283 778
f 778 1283 1282
f 716 715 1505
f 1505 715 1504
f 1446 1445 1507
f 1507 1445 1506
f 779 792 1381
f 1381 792 791
f 1430 1409 1341
f 1341 1409 1342
f 1411 1429 1508
f 1508 1429 1417
f 635 1510 1509
f 1509 1510 1511
f 1377 1380 1315
f 1315 1380 1316
f 1445 1400 1506
f 1506 1400 1408
f 918 917 1336
f 1336 917 1333
f 1513 1514 1512
f 1512 1514 870
f 1515 1516 1363
f 1363 1516 1364
f 1453 1517 881
f 881 1517 1276
f 992 1518 993
f 993 1518 1519
f 1520 1029 1518
f 1518 1029 955
f 1520 1026 1521
f 1521 1026 1040
f 1522 1015 1521
f 1521 1015 1043
f 996 1523 997
f 997 1523 1522
f 1060 1016 1524
f 1524 1016 1523
f 1061 1525 1062
f 1062 1525 1524
f 1079 1527 1526
f 1526 1527 1528
f 1093 1529 1094
f 1094 1529 1528
f 1111 1530 1112
f 1112 1530 1531
f 1532 1533 1105
f 1105 1533 1123
f 934 937 1139
f 1139 937 1140
f 1138 1363 1139
f 1139 1363 1362
f 1534 1222 1355
f 1355 1222 1278
f 1535 1223 1534
f 1534 1223 1222
f 821 587 1238
f 1238 587 586
f 1319 711 1317
f 1317 711 1536
f 1538 1200 1537
f 1537 1200 1199
f 1508 1417 1539
f 1539 1417 1416
f 1540 1541 840
f 840 1541 837
f 1231 898 871
f 871 898 901
f 1500 1275 1367
f 1367 1275 912
f 1543 1379 1542
f 1542 1379 1395
f 1539 772 1508
f 1508 772 1544
f 1546 1403 1545
f 1545 1403 1402
f 1548 1549 1547
f 1547 1549 1550
f 1552 1548 1551
f 1551 1548 1547
f 1554 1555 1553
f 1553 1555 1556
f 1558 1559 1557
f 1557 1559 1560
f 1562 1563 1561
f 1561 1563 1564
f 1566 1567 1565
f 1565 1567 1568
f 1570 1571 1569
f 1569 1571 1572
f 1574 1575 1573
f 1573 1575 1576
f 1577 1578 1572
f 1572 1578 1569
f 1580 1581 1579
f 1579 1581 1582
f 1584 1585 1583
f 1583 1585 1586
f 1588 1555 1587
f 1587 1555 1589
f 1591 1592 1590
f 1590 1592 1593
f 1595 1596 1594
f 1594 1596 1597
f 1596 1581 1597
f 1597 1581 1576
f 1599 1570 1598
f 1598 1570 1569
f 1601 1602 1600
f 1600 1602 1603
f 1605 1606 1604
f 1604 1606 1607
f 1608 1609 1568
f 1568 1609 1565
f 1611 1612 1610
f 1610 1612 1613
f 1615 1616 1614
f 1614 1616 1617
f 1619 1617 1618
f 1618 1617 1616
f 1621 1622 1620
f 1620 1622 1623
f 1625 1626 1624
f 1624 1626 1627
f 1629 1630 1628
f 1628 1630 1631
f 1633 1634 1632
f 1632 1634 1635
f 1636 1637 1639
f 1639 1637 1638
f 1641 1642 1640
f 1640 1642 1643
f 1624 1627 1644
f 1644 1627 1645
f 1647 1648 1646
f 1646 1648 1649
f 1651 1652 1650
f 1650 1652 1653
f 1655 1656 1654
f 1654 1656 1657
f 1659 1660 1658
f 1658 1660 1661
f 1662 1663 1631
f 1631 1663 1628
f 1651 1665 1664
f 1664 1665 1666
f 1667 1656 1619
f 1619 1656 1617
f 1669 1670 1668
f 1668 1670 1671
f 1632 1635 1672
f 1672 1635 1673
f 1674 1675 1638
f 1638 1675 1639
f 1677 1678 1676
f 1676 1678 1679
f 1680 1640 1681
f 1681 1640 1643
f 1682 1683 1643
f 1643 1683 1681
f 1670 1669 1235
f 1235 1669 1232
f 1396 1399 1674
f 1674 1399 1675
f 627 630 1679
f 1679 630 1676
f 1681 1315 1680
f 1680 1315 1311
f 1683 1377 1681
f 1681 1377 1315
f 1672 1673 1387
f 1387 1673 1385
f 1636 1684 1646
f 1646 1684 1685
f 1687 1688 1686
f 1686 1688 1689
f 1585 1690 1586
f 1586 1690 1691
f 1599 1692 1551
f 1551 1692 1693
f 1552 1558 1694
f 1694 1558 1557
f 1696 1615 1695
f 1695 1615 1614
f 1698 1699 1697
f 1697 1699 1623
f 1700 1701 1703
f 1703 1701 1702
f 1705 1706 1704
f 1704 1706 1707
f 1708 1709 1640
f 1640 1709 1641
f 1710 1711 1713
f 1713 1711 1712
f 1652 1655 1653
f 1653 1655 1654
f 1714 1699 1712
f 1712 1699 1713
f 1715 1710 1716
f 1716 1710 1713
f 1717 1708 1680
f 1680 1708 1640
f 1393 1392 1715
f 1715 1392 1710
f 1719 1720 1718
f 1718 1720 1721
f 1680 1311 1717
f 1717 1311 789
f 1378 1711 1392
f 1392 1711 1710
f 1388 1391 1719
f 1719 1391 1720
f 1723 1606 1722
f 1722 1606 1689
f 1725 1568 1724
f 1724 1568 1567
f 1726 1647 1685
f 1685 1647 1646
f 1728 1554 1727
f 1727 1554 1553
f 1591 1687 1600
f 1600 1687 1686
f 1730 1595 1729
f 1729 1595 1594
f 1601 1605 1731
f 1731 1605 1604
f 1733 1663 1732
f 1732 1663 1734
f 1736 1639 1735
f 1735 1639 1675
f 1658 1644 1737
f 1737 1644 1645
f 1726 1662 1724
f 1724 1662 1631
f 1399 1738 1675
f 1675 1738 1735
f 1621 1667 1739
f 1739 1667 1619
f 1714 1740 1620
f 1620 1740 1741
f 1592 1549 1593
f 1593 1549 1742
f 1602 1571 1603
f 1603 1571 1550
f 1688 1690 1689
f 1689 1690 1722
f 1588 1559 1582
f 1582 1559 1579
f 1673 1735 1385
f 1385 1735 1738
f 1387 1232 1672
f 1672 1232 1669
f 1580 1692 1573
f 1573 1692 1743
f 1377 1683 1378
f 1378 1683 1711
f 1664 1666 1744
f 1744 1666 1745
f 1744 1696 1664
f 1664 1696 1695
f 1746 1747 1732
f 1732 1747 1748
f 1749 1750 1677
f 1677 1750 1678
f 1709 1708 1750
f 1750 1708 1678
f 1668 1632 1669
f 1669 1632 1672
f 1633 1746 1734
f 1734 1746 1732
f 1679 1678 1717
f 1717 1678 1708
f 789 627 1717
f 1717 627 1679
f 1563 1723 1564
f 1564 1723 1722
f 1728 1584 1751
f 1751 1584 1583
f 1674 1676 1396
f 1396 1676 630
f 1666 1566 1745
f 1745 1566 1565
f 1627 1629 1645
f 1645 1629 1628
f 1637 1749 1638
f 1638 1749 1677
f 1648 1665 1649
f 1649 1665 1752
f 1740 1642 1741
f 1741 1642 1657
f 1676 1674 1677
f 1677 1674 1638
f 1683 1682 1711
f 1711 1682 1712
f 1618 1753 1619
f 1619 1753 1739
f 1701 1739 1702
f 1702 1739 1753
f 1754 1214 1756
f 1756 1214 1755
f 647 1757 619
f 619 1757 941
f 1759 1193 1758
f 1758 1193 691
f 1419 1760 1420
f 1420 1760 1761
f 682 1762 683
f 683 1762 1763
f 1412 780 1413
f 1413 780 1384
f 1383 1398 1384
f 1384 1398 1413
f 1197 1424 1764
f 1764 1424 1423
f 1537 1287 1538
f 1538 1287 1286
f 1634 1684 1635
f 1635 1684 1736
f 1724 1631 1725
f 1725 1631 1630
f 1562 1730 1610
f 1610 1730 1729
f 1735 1673 1736
f 1736 1673 1635
f 1757 1195 941
f 941 1195 1194
f 1766 200 1765
f 1765 200 199
f 475 500 476
f 476 500 479
f 498 558 483
f 483 558 487
f 545 551 546
f 546 551 550
f 453 1281 219
f 219 1281 1314
f 298 453 208
f 208 453 219
f 368 1765 1767
f 1767 1765 199
f 523 405 363
f 363 405 404
f 523 533 405
f 405 533 402
f 298 208 299
f 299 208 207
f 299 207 176
f 176 207 300
f 176 300 173
f 173 300 202
f 173 202 174
f 174 202 201
f 1337 918 1768
f 1768 918 1336
f 1769 1770 1338
f 1338 1770 859
f 581 570 578
f 578 570 1771
f 555 562 580
f 580 562 561
f 504 1772 501
f 501 1772 548
f 517 542 584
f 584 542 543
f 515 514 516
f 516 514 544
f 542 517 544
f 544 517 516
f 561 575 580
f 580 575 581
f 575 569 581
f 581 569 570
f 501 548 1773
f 1773 548 547
f 1774 1775 570
f 570 1775 1771
f 369 368 1776
f 1776 368 1767
f 372 369 375
f 375 369 1776
f 822 1280 1308
f 1308 1280 1320
f 820 1281 822
f 822 1281 1280
f 818 1314 820
f 820 1314 1281
f 1314 818 1313
f 1313 818 804
f 807 814 825
f 825 814 826
f 814 813 826
f 826 813 827
f 813 1220 827
f 827 1220 828
f 580 579 555
f 555 579 547
f 1477 1540 872
f 872 1540 840
f 367 499 368
f 368 499 1765
f 1766 1765 525
f 525 1765 499
f 1777 1766 526
f 526 1766 525
f 520 527 362
f 362 527 384
f 361 1778 519
f 519 1778 528
f 371 1779 372
f 372 1779 369
f 369 1779 370
f 370 1779 478
f 1779 371 478
f 478 371 374
f 1778 1777 528
f 528 1777 526
f 1781 1782 1780
f 1780 1782 1783
f 431 460 67
f 67 460 64
f 68 338 74
f 74 338 72
f 1785 1782 1784
f 1784 1782 1786
f 1787 1788 1790
f 1790 1788 1789
f 1792 1789 1791
f 1791 1789 1793
f 1791 1794 1792
f 1792 1794 1795
f 1794 1796 1795
f 1795 1796 1797
f 1797 1798 938
f 938 1798 868
f 1798 1799 868
f 868 1799 869
f 1801 1802 1800
f 1800 1802 1451
f 1803 1804 1205
f 1205 1804 1206
f 1805 1806 864
f 864 1806 865
f 1806 1807 865
f 865 1807 1808
f 68 71 338
f 287 328 288
f 1320 1321 1308
f 1308 1321 1309
f 1320 441 1321
f 1321 441 217
f 441 152 217
f 217 152 218
f 151 286 152
f 152 286 218
f 297 310 151
f 151 310 286
f 296 307 297
f 297 307 310
f 296 143 307
f 307 143 284
f 143 56 284
f 284 56 104
f 56 59 104
f 104 59 63
f 59 102 63
f 63 102 60
f 102 94 60
f 60 94 282
f 93 459 279
f 279 459 77
f 459 460 77
f 77 460 78
f 460 431 78
f 78 431 295
f 431 49 295
f 295 49 292
f 48 421 49
f 49 421 292
f 276 278 418
f 418 278 429
f 317 432 278
f 278 432 429
f 432 317 433
f 433 317 316
f 326 324 316
f 316 324 433
f 1536 592 1809
f 1809 592 591
f 1810 744 1812
f 1812 744 1811
f 1814 1815 1813
f 1813 1815 1816
f 1817 748 1818
f 1818 748 747
f 1812 1819 1810
f 1810 1819 1817
f 1820 1821 748
f 748 1821 749
f 1823 1824 1822
f 1822 1824 1825
f 1827 1828 1826
f 1826 1828 1829
f 1831 1832 1830
f 1830 1832 1833
f 1834 1827 1243
f 1243 1827 1826
f 1313 804 825
f 825 804 807
f 1835 1253 1236
f 1236 1253 1237
f 1836 1837 1438
f 1438 1837 1435
f 1838 1505 1840
f 1840 1505 1839
f 1841 1842 716
f 716 1842 713
f 1843 1844 1510
f 1510 1844 1845
f 1847 1848 1846
f 1846 1848 1849
f 1850 1240 1822
f 1822 1240 1239
f 636 1831 637
f 637 1831 1830
f 1852 1853 1851
f 1851 1853 1854
f 1855 1856 1858
f 1858 1856 1857
f 1846 1849 1859
f 1859 1849 1860
f 1343 1401 1509
f 1509 1401 1861
f 1509 1861 635
f 635 1861 636
f 1863 1864 1862
f 1862 1864 1865
f 1283 1503 1867
f 1867 1503 1866
f 1868 1867 681
f 681 1867 682
f 1286 1285 683
f 683 1285 684
f 757 756 1274
f 1274 756 1869
f 1274 1869 717
f 717 1869 718
f 1434 1433 719
f 719 1433 720
f 1200 1538 1545
f 1545 1538 1763
f 1285 1289 684
f 684 1289 1273
f 684 1273 681
f 681 1273 1272
f 785 1283 1868
f 1868 1283 1867
f 786 785 1870
f 1870 785 1868
f 1289 757 1273
f 1273 757 1274
f 1539 1416 1871
f 1871 1416 1872
f 773 1871 1403
f 1403 1871 1404
f 675 674 1405
f 1405 674 1402
f 1864 1873 1865
f 1865 1873 1874
f 638 1843 635
f 635 1843 1510
f 1344 1343 1511
f 1511 1343 1509
f 772 1539 773
f 773 1539 1871
f 674 1200 1402
f 1402 1200 1545
f 1538 1286 1763
f 1763 1286 683
f 1444 1443 1875
f 1875 1443 1876
f 1875 1876 1831
f 1831 1876 1832
f 1416 1344 1872
f 1872 1344 1511
f 1877 1878 774
f 774 1878 1879
f 1878 1847 1879
f 1879 1847 1846
f 1880 714 1881
f 1881 714 1848
f 1401 1444 1861
f 1861 1444 1875
f 1861 1875 636
f 636 1875 1831
f 1823 1863 1882
f 1882 1863 1862
f 1441 1440 1884
f 1884 1440 1883
f 1883 1852 1884
f 1884 1852 1851
f 1886 1887 1885
f 1885 1887 1888
f 1358 1889 1359
f 1359 1889 1890
f 1891 1886 1892
f 1892 1886 1885
f 774 1879 775
f 775 1879 1893
f 1859 1893 1846
f 1846 1893 1879
f 713 1842 1849
f 1849 1842 1860
f 1318 1895 1894
f 1894 1895 1896
f 1873 1897 1874
f 1874 1897 1898
f 1898 605 1899
f 1899 605 675
f 1405 1844 675
f 675 1844 1899
f 1404 1845 1405
f 1405 1845 1844
f 593 1296 591
f 591 1296 1809
f 1295 1292 1900
f 1900 1292 1895
f 606 1897 1291
f 1291 1897 1896
f 1510 1845 1511
f 1511 1845 1872
f 1871 1872 1404
f 1404 1872 1845
f 1866 770 1762
f 1762 770 1546
f 1762 682 1866
f 1866 682 1867
f 1870 1868 1272
f 1272 1868 681
f 1272 717 1870
f 1870 717 720
f 1870 720 786
f 786 720 1433
f 786 1433 787
f 787 1433 1432
f 1261 1414 1432
f 1432 1414 787
f 1389 1234 1260
f 1260 1234 1415
f 1719 1670 1388
f 1388 1670 1235
f 1718 1671 1719
f 1719 1671 1670
f 1705 1747 1718
f 1718 1747 1671
f 1659 1901 1704
f 1704 1901 1748
f 1877 1903 1902
f 1902 1903 1904
f 1259 1905 1390
f 1390 1905 1394
f 1715 1720 1393
f 1393 1720 1391
f 1716 1721 1715
f 1715 1721 1720
f 1698 1706 1716
f 1716 1706 1721
f 277 276 47
f 47 276 48
f 84 96 81
f 81 96 82
f 80 70 81
f 81 70 85
f 99 97 88
f 88 97 89
f 90 100 88
f 88 100 99
f 101 95 102
f 102 95 94
f 1906 1907 280
f 280 1907 281
f 97 86 89
f 89 86 85
f 60 282 61
f 61 282 281
f 83 82 46
f 46 82 47
f 293 292 420
f 420 292 421
f 419 1908 420
f 420 1908 1909
f 92 95 91
f 91 95 90
f 279 282 93
f 93 282 94
f 276 418 48
f 48 418 421
f 1910 1660 1697
f 1697 1660 1707
f 1703 1624 1700
f 1700 1624 1644
f 1622 1910 1623
f 1623 1910 1697
f 1701 1700 1911
f 1911 1700 1661
f 1700 1644 1661
f 1661 1644 1658
f 1901 1737 1733
f 1733 1737 1645
f 1625 1912 1604
f 1604 1912 1731
f 1912 1913 1731
f 1731 1913 1914
f 1913 1577 1914
f 1914 1577 1572
f 1915 1578 1616
f 1616 1578 1618
f 1915 1916 1598
f 1598 1916 1743
f 1916 1574 1743
f 1743 1574 1573
f 1575 1917 1576
f 1576 1917 1597
f 1917 1609 1597
f 1597 1609 1594
f 1608 1611 1729
f 1729 1611 1610
f 1918 1612 1629
f 1629 1612 1630
f 1626 1918 1627
f 1627 1918 1629
f 1920 1921 1919
f 1919 1921 1922
f 1920 1924 1923
f 1923 1924 1925
f 1926 1927 1924
f 1924 1927 1925
f 1929 1930 1928
f 1928 1930 1931
f 1932 1933 1935
f 1935 1933 1934
f 1937 1938 1936
f 1936 1938 1939
f 1941 1942 1940
f 1940 1942 1943
f 1941 1945 1944
f 1944 1945 1946
f 1947 1948 1694
f 1694 1948 1949
f 1950 1951 1953
f 1953 1951 1952
f 1955 1956 1954
f 1954 1956 1589
f 1958 1956 1957
f 1957 1956 1932
f 1960 1934 1959
f 1959 1934 1933
f 1962 1963 1961
f 1961 1963 1964
f 1965 1955 1751
f 1751 1955 1954
f 1935 1930 1932
f 1932 1930 1957
f 1951 1950 1926
f 1926 1950 1929
f 1966 1967 1593
f 1593 1967 1590
f 1969 1967 1968
f 1968 1967 1964
f 1962 1921 1970
f 1970 1921 1971
f 1963 1945 1964
f 1964 1945 1968
f 1972 1948 1922
f 1922 1948 1919
f 1966 1972 1961
f 1961 1972 1922
f 1958 1953 1587
f 1587 1953 1560
f 1974 1975 1973
f 1973 1975 1976
f 1978 1979 1977
f 1977 1979 1691
f 1979 1975 1691
f 1691 1975 1586
f 1938 1942 1939
f 1939 1942 1980
f 1952 1947 1557
f 1557 1947 1694
f 1969 1978 1981
f 1981 1978 1977
f 1983 1984 1982
f 1982 1984 1985
f 1986 1987 1989
f 1989 1987 1988
f 1990 1991 1983
f 1983 1991 1984
f 1990 1993 1992
f 1992 1993 1994
f 1995 1996 1994
f 1994 1996 1997
f 1999 2000 1998
f 1998 2000 2001
f 2003 2004 2002
f 2002 2004 2005
f 2007 2008 2006
f 2006 2008 2009
f 2011 2012 2010
f 2010 2012 2013
f 2014 2015 2017
f 2017 2015 2016
f 2018 2019 2021
f 2021 2019 2020
f 2022 1989 2024
f 2024 1989 2023
f 1989 1988 2023
f 2023 1988 2025
f 2026 2027 2017
f 2017 2027 2014
f 2029 2030 2028
f 2028 2030 2031
f 2033 2034 2032
f 2032 2034 2035
f 2032 2035 2036
f 2036 2035 2037
f 2039 2040 2038
f 2038 2040 2041
f 1982 2042 1983
f 1983 2042 2043
f 2045 2046 2044
f 2044 2046 2047
f 2049 2050 2048
f 2048 2050 2051
f 2053 2054 2052
f 2052 2054 2055
f 2057 2058 2056
f 2056 2058 2059
f 2060 2061 2033
f 2033 2061 2034
f 2063 2064 2062
f 2062 2064 2065
f 2066 2035 2067
f 2067 2035 2034
f 2069 2039 2068
f 2068 2039 2038
f 2025 2070 2023
f 2023 2070 2071
f 2072 2024 2071
f 2071 2024 2023
f 2074 2020 2073
f 2073 2020 2019
f 2050 2049 2047
f 2047 2049 2075
f 1983 2043 1990
f 1990 2043 1993
f 2006 2050 2007
f 2007 2050 2076
f 2050 2006 2051
f 2051 2006 2077
f 2079 2080 2078
f 2078 2080 2081
f 2082 2083 2085
f 2085 2083 2084
f 2010 2013 2086
f 2086 2013 2087
f 2089 2033 2088
f 2088 2033 2032
f 2090 2060 2089
f 2089 2060 2033
f 2092 2093 2091
f 2091 2093 2094
f 2096 1986 2095
f 2095 1986 2097
f 2097 1986 2022
f 2022 1986 1989
f 2015 2094 2016
f 2016 2094 2098
f 2016 2098 2100
f 2100 2098 2099
f 2017 2016 2101
f 2101 2016 2100
f 2017 2101 2026
f 2026 2101 2102
f 2100 2099 2104
f 2104 2099 2103
f 2104 2105 2100
f 2100 2105 2101
f 2105 2106 2101
f 2101 2106 2102
f 2108 2061 2107
f 2107 2061 2109
f 2111 2112 2110
f 2110 2112 2020
f 2020 2074 2110
f 2110 2074 2113
f 2115 2116 2114
f 2114 2116 2117
f 2118 2119 1995
f 1995 2119 2120
f 2121 2122 2027
f 2027 2122 2014
f 2047 2075 2044
f 2044 2075 2123
f 2124 2125 2127
f 2127 2125 2126
f 2129 2130 2128
f 2128 2130 2131
f 2132 2133 2057
f 2057 2133 2058
f 2134 1999 2136
f 2136 1999 2135
f 2055 2138 2137
f 2137 2138 2139
f 2141 2142 2140
f 2140 2142 2143
f 2083 2082 2064
f 2064 2082 2065
f 2082 2144 2065
f 2065 2144 2145
f 2040 2146 2041
f 2041 2146 2147
f 2060 2090 2148
f 2148 2090 2149
f 2048 2051 2137
f 2137 2051 2150
f 2151 1997 2135
f 2135 1997 1996
f 2152 2150 2077
f 2077 2150 2051
f 2046 2045 2118
f 2118 2045 2119
f 2154 2155 2153
f 2153 2155 2156
f 2158 2159 2157
f 2157 2159 2160
f 2162 2163 2161
f 2161 2163 2164
f 2164 2163 2165
f 2165 2163 2166
f 2168 2169 2167
f 2167 2169 2170
f 2003 2172 2171
f 2171 2172 2173
f 2174 2175 2002
f 2002 2175 2176
f 2145 2177 2065
f 2065 2177 2062
f 2178 2179 2180
f 2180 2179 2134
f 2181 2052 2152
f 2152 2052 2150
f 2040 2127 2146
f 2146 2127 2182
f 2130 2162 2131
f 2131 2162 2161
f 2052 2055 2150
f 2150 2055 2137
f 2184 2185 2183
f 2183 2185 2186
f 2159 2030 2160
f 2160 2030 2187
f 2146 2182 2029
f 2029 2182 2188
f 2189 2190 2192
f 2192 2190 2191
f 2172 2003 2176
f 2176 2003 2002
f 1998 2151 1999
f 1999 2151 2135
f 2177 2172 2062
f 2062 2172 2176
f 2172 2177 2173
f 2173 2177 2193
f 2063 2194 2064
f 2064 2194 2195
f 2066 2197 2196
f 2196 2197 2198
f 2002 2005 2174
f 2174 2005 2199
f 2004 2003 2200
f 2200 2003 2171
f 2198 2201 2171
f 2171 2201 2200
f 2197 2202 2198
f 2198 2202 2201
f 2202 2197 2203
f 2203 2197 2204
f 2196 2198 2173
f 2173 2198 2171
f 2205 2069 2170
f 2170 2069 2206
f 2197 2066 2204
f 2204 2066 2067
f 2107 2207 2108
f 2108 2207 2208
f 2210 2208 2209
f 2209 2208 2207
f 2185 2211 2212
f 2213 2214 2211
f 2211 2214 2212
f 1998 2001 2213
f 2213 2001 2214
f 2134 2215 1999
f 1999 2215 2000
f 2216 2217 2219
f 2219 2217 2218
f 2206 2220 2170
f 2170 2220 2167
f 2069 2068 2206
f 2206 2068 2221
f 2151 1998 2222
f 2222 1998 2213
f 2124 2039 2205
f 2205 2039 2069
f 2142 2223 2143
f 2143 2223 2128
f 2203 2186 2202
f 2202 2186 2185
f 2185 2184 2211
f 2211 2184 2224
f 2224 2225 2222
f 2222 2225 2226
f 2071 2227 2072
f 2072 2227 2228
f 2229 2074 2230
f 2230 2074 2073
f 2074 2229 2113
f 2113 2229 2231
f 2232 2225 2227
f 2227 2225 2224
f 2233 2234 2031
f 2031 2234 2028
f 2236 2231 2235
f 2235 2231 2229
f 2230 2183 2229
f 2229 2183 2235
f 2237 1987 2096
f 2096 1987 1986
f 2152 2238 2181
f 2181 2238 2239
f 2080 2240 2081
f 2081 2240 2241
f 2236 2242 1971
f 1971 2242 1970
f 1925 2113 1923
f 1923 2113 2231
f 2110 1927 2111
f 2111 1927 1928
f 2103 2111 1931
f 1931 2111 1928
f 1931 2243 2103
f 2103 2243 2104
f 2105 2104 2244
f 2244 2104 2243
f 1939 1980 2148
f 2148 1980 2109
f 1980 1944 2109
f 2109 1944 2107
f 1946 2245 2207
f 2207 2245 2209
f 2245 1970 2209
f 2209 1970 2242
f 2231 2236 1923
f 1923 2236 1971
f 2113 1925 2110
f 2110 1925 1927
f 2234 2246 2028
f 2028 2246 2147
f 2247 2248 2058
f 2058 2248 2059
f 2114 2117 2249
f 2249 2117 2250
f 2252 2253 2251
f 2251 2253 2254
f 2094 2015 2091
f 2091 2015 2255
f 2256 2255 2014
f 2014 2255 2015
f 2257 2145 2258
f 2258 2145 2144
f 2131 2161 2123
f 2123 2161 2044
f 2045 2044 2164
f 2164 2044 2161
f 2045 2164 2119
f 2119 2164 2165
f 2259 2120 2165
f 2165 2120 2119
f 2260 2261 2259
f 2259 2261 2120
f 2205 2262 2124
f 2124 2262 2125
f 2180 2263 2178
f 2178 2263 2264
f 2265 2266 2092
f 2092 2266 2093
f 1992 2267 2268
f 2184 2228 2224
f 2224 2228 2227
f 2048 2269 2049
f 2049 2269 2141
f 2129 2168 2157
f 2157 2168 2167
f 2049 2141 2075
f 2075 2141 2140
f 2199 2215 2270
f 2270 2215 2271
f 2142 2141 2272
f 2272 2141 2269
f 2089 2026 2090
f 2090 2026 2102
f 2146 2029 2147
f 2147 2029 2028
f 2111 2103 2112
f 2112 2103 2099
f 2061 2060 2109
f 2109 2060 2148
f 2273 2274 2041
f 2041 2274 2038
f 2260 2275 2261
f 2261 2275 2136
f 2057 2138 2132
f 2132 2138 2276
f 2272 2269 2056
f 2056 2269 2139
f 2277 2278 2270
f 2270 2278 2199
f 2029 2188 2030
f 2030 2188 2187
f 2040 2039 2127
f 2127 2039 2124
f 2064 2195 2083
f 2083 2195 2279
f 2056 2139 2057
f 2057 2139 2138
f 2278 2277 2247
f 2247 2277 2248
f 2062 2176 2063
f 2063 2176 2175
f 2280 2210 2242
f 2242 2210 2209
f 2282 2233 2281
f 2281 2233 2031
f 2216 2219 2283
f 2283 2219 2221
f 2158 2220 2218
f 2218 2220 2219
f 2217 2282 2218
f 2218 2282 2281
f 2220 2158 2167
f 2167 2158 2157
f 2223 2264 2128
f 2128 2264 2263
f 2261 1996 2120
f 2120 1996 1995
f 2213 2211 2222
f 2222 2211 2224
f 2283 2221 2284
f 2284 2221 2068
f 2135 1996 2136
f 2136 1996 2261
f 2144 2081 2258
f 2258 2081 2241
f 2235 2280 2236
f 2236 2280 2242
f 2246 2273 2147
f 2147 2273 2041
f 2036 2285 2032
f 2032 2285 2088
f 2077 2286 2152
f 2152 2286 2238
f 1937 1960 1973
f 1973 1960 1959
f 2070 2232 2071
f 2071 2232 2227
f 2244 2287 2105
f 2105 2287 2106
f 1936 1939 2149
f 2149 1939 2148
f 1944 1946 2107
f 2107 1946 2207
f 2285 2121 2088
f 2088 2121 2027
f 2253 2249 2254
f 2254 2249 2250
f 2006 2009 2077
f 2077 2009 2286
f 2289 2086 2288
f 2288 2086 2087
f 2223 2142 2290
f 2290 2142 2272
f 2128 2131 2143
f 2143 2131 2123
f 2156 2291 2153
f 2153 2291 2175
f 2292 2293 2278
f 2278 2293 2294
f 2075 2140 2123
f 2123 2140 2143
f 2262 2169 2275
f 2275 2169 2180
f 2275 2180 2136
f 2136 2180 2134
f 2274 2284 2038
f 2038 2284 2068
f 2127 2126 2182
f 2182 2126 2166
f 2094 2093 2098
f 2098 2093 2021
f 2098 2021 2099
f 2099 2021 2112
f 2018 2021 2266
f 2266 2021 2093
f 2251 2289 2252
f 2252 2289 2288
f 1997 2151 2226
f 2226 2151 2222
f 2206 2221 2220
f 2220 2221 2219
f 2269 2048 2139
f 2139 2048 2137
f 2159 2158 2281
f 2281 2158 2218
f 2156 2155 2190
f 2190 2155 2191
f 1974 1965 1583
f 1583 1965 1751
f 2088 2027 2089
f 2089 2027 2026
f 2030 2159 2031
f 2031 2159 2281
f 2106 2149 2102
f 2102 2149 2090
f 2287 1936 2106
f 2106 1936 2149
f 2293 2154 2294
f 2294 2154 2153
f 2021 2020 2112
f 2247 2295 2278
f 2278 2295 2292
f 2284 2296 2283
f 2283 2296 2297
f 2298 2296 2274
f 2274 2296 2284
f 2273 2299 2274
f 2274 2299 2298
f 2246 2300 2273
f 2273 2300 2299
f 2283 2297 2216
f 2216 2297 2301
f 2216 2301 2217
f 2217 2301 2302
f 2302 2303 2217
f 2217 2303 2282
f 2304 2301 2305
f 2305 2301 2297
f 2307 2308 2306
f 2306 2308 2309
f 2306 2310 2307
f 2307 2310 2311
f 2307 2312 2308
f 2308 2312 2313
f 2314 2315 2312
f 2312 2315 2316
f 2316 2317 2312
f 2312 2317 2313
f 2317 2305 2313
f 2313 2305 2318
f 2314 2312 2311
f 2311 2312 2307
f 2319 2320 2322
f 2322 2320 2321
f 2322 2311 2319
f 2319 2311 2310
f 2313 2318 2308
f 2308 2318 2309
f 2296 2298 2318
f 2318 2298 2309
f 2309 2298 2323
f 2323 2298 2299
f 2306 2309 2324
f 2324 2309 2323
f 2310 2306 2325
f 2325 2306 2324
f 2296 2318 2297
f 2297 2318 2305
f 2319 2310 2326
f 2326 2310 2325
f 2328 2325 2327
f 2327 2325 2324
f 2325 2328 2326
f 2326 2328 2329
f 2331 2328 2330
f 2330 2328 2327
f 2332 2333 2327
f 2327 2333 2330
f 2328 2331 2329
f 2329 2331 2334
f 2324 2323 2327
f 2327 2323 2332
f 2300 2332 2299
f 2299 2332 2323
f 2326 2335 2319
f 2319 2335 2320
f 2305 2317 2336
f 2336 2317 2316
f 2336 2316 2337
f 2337 2316 2315
f 2338 2304 2336
f 2336 2304 2305
f 2337 2339 2336
f 2336 2339 2338
f 2337 2315 2341
f 2341 2315 2340
f 2342 2300 2234
f 2234 2300 2246
f 2303 2343 2282
f 2282 2343 2233
f 2234 2233 2342
f 2342 2233 2343
f 2342 2343 2333
f 2333 2343 2344
f 2333 2344 2330
f 2330 2344 2345
f 2346 2344 2303
f 2303 2344 2343
f 2332 2300 2333
f 2333 2300 2342
f 2347 2346 2302
f 2302 2346 2303
f 2301 2304 2302
f 2302 2304 2347
f 2304 2338 2347
f 2347 2338 2348
f 2348 2349 2347
f 2347 2349 2346
f 2350 2351 2348
f 2348 2351 2349
f 2349 2345 2346
f 2346 2345 2344
f 2345 2349 2352
f 2352 2349 2351
f 2338 2339 2348
f 2348 2339 2350
f 2350 2339 2353
f 2353 2339 2354
f 2356 2357 2355
f 2355 2357 2353
f 2351 2350 2357
f 2357 2350 2353
f 2353 2354 2355
f 2355 2354 2335
f 2320 2335 2341
f 2341 2335 2354
f 2339 2337 2354
f 2354 2337 2341
f 2352 2331 2345
f 2345 2331 2330
f 2356 2334 2352
f 2352 2334 2331
f 2356 2352 2357
f 2357 2352 2351
f 2355 2329 2356
f 2356 2329 2334
f 2335 2326 2355
f 2355 2326 2329
f 2321 2314 2322
f 2322 2314 2311
f 2321 2320 2340
f 2340 2320 2341
f 2315 2314 2340
f 2340 2314 2321
f 2125 2260 2126
f 2126 2260 2259
f 2157 2160 2129
f 2129 2160 2130
f 2188 2163 2187
f 2187 2163 2162
f 2182 2166 2188
f 2188 2166 2163
f 2180 2169 2263
f 2263 2169 2168
f 2160 2187 2130
f 2130 2187 2162
f 2275 2260 2262
f 2262 2260 2125
f 2128 2263 2129
f 2129 2263 2168
f 2262 2205 2169
f 2169 2205 2170
f 2165 2166 2259
f 2259 2166 2126
f 2359 2360 2358
f 2358 2360 2361
f 2363 2364 2362
f 2362 2364 2365
f 2367 2363 2366
f 2366 2363 2362
f 2368 2369 2371
f 2371 2369 2370
f 2372 2373 2248
f 2248 2373 2059
f 2364 2374 2365
f 2365 2374 2375
f 2377 2378 2376
f 2376 2378 2379
f 2290 2380 2223
f 2223 2380 2381
f 2223 2381 2264
f 2264 2381 2382
f 2384 2385 2383
f 2383 2385 2386
f 2364 2371 2374
f 2374 2371 2387
f 2059 2373 2290
f 2290 2373 2380
f 2378 2360 2379
f 2379 2360 2388
f 2374 2387 2359
f 2359 2387 2389
f 2390 2367 2386
f 2386 2367 2391
f 2393 2394 2392
f 2392 2394 2395
f 2386 2391 2383
f 2383 2391 2396
f 2367 2366 2391
f 2391 2366 2397
f 2363 2367 2368
f 2368 2367 2390
f 2398 2399 2361
f 2361 2399 2358
f 2399 2400 2358
f 2358 2400 2375
f 2390 2401 2368
f 2368 2401 2369
f 2372 2384 2376
f 2376 2384 2383
f 2374 2359 2375
f 2375 2359 2358
f 2402 2403 2365
f 2365 2403 2362
f 2359 2389 2360
f 2360 2389 2388
f 2364 2363 2371
f 2371 2363 2368
f 2405 2398 2404
f 2404 2398 2361
f 2392 2395 2406
f 2406 2395 2397
f 2377 2396 2394
f 2394 2396 2395
f 2394 2393 2404
f 2404 2393 2405
f 2396 2377 2383
f 2383 2377 2376
f 2406 2397 2407
f 2407 2397 2366
f 2400 2402 2375
f 2375 2402 2365
f 2385 2270 2401
f 2401 2270 2271
f 2403 2407 2362
f 2362 2407 2366
f 2371 2370 2387
f 2387 2370 2382
f 2391 2397 2396
f 2396 2397 2395
f 2378 2377 2404
f 2404 2377 2394
f 2360 2378 2361
f 2361 2378 2404
f 2407 2408 2406
f 2406 2408 2409
f 2410 2408 2403
f 2403 2408 2407
f 2411 2410 2402
f 2402 2410 2403
f 2412 2411 2400
f 2400 2411 2402
f 2406 2409 2392
f 2392 2409 2413
f 2392 2413 2393
f 2393 2413 2414
f 2415 2405 2414
f 2414 2405 2393
f 2416 2413 2417
f 2417 2413 2409
f 2419 2420 2418
f 2418 2420 2421
f 2420 2422 2421
f 2421 2422 2423
f 2420 2424 2422
f 2422 2424 2425
f 2426 2427 2424
f 2424 2427 2428
f 2428 2429 2424
f 2424 2429 2425
f 2426 2424 2419
f 2419 2424 2420
f 2419 2418 2431
f 2431 2418 2430
f 2425 2432 2422
f 2422 2432 2423
f 2408 2410 2432
f 2432 2410 2423
f 2423 2410 2433
f 2433 2410 2411
f 2421 2423 2434
f 2434 2423 2433
f 2435 2418 2434
f 2434 2418 2421
f 2429 2417 2425
f 2425 2417 2432
f 2408 2432 2409
f 2409 2432 2417
f 2418 2435 2430
f 2430 2435 2436
f 2438 2435 2437
f 2437 2435 2434
f 2435 2438 2436
f 2436 2438 2439
f 2441 2438 2440
f 2440 2438 2437
f 2442 2443 2437
f 2437 2443 2440
f 2439 2438 2444
f 2444 2438 2441
f 2433 2442 2434
f 2434 2442 2437
f 2412 2442 2411
f 2411 2442 2433
f 2436 2445 2430
f 2430 2445 2446
f 2430 2446 2431
f 2431 2446 2447
f 2417 2429 2448
f 2448 2429 2428
f 2427 2449 2428
f 2428 2449 2448
f 2450 2416 2448
f 2448 2416 2417
f 2451 2450 2449
f 2449 2450 2448
f 2427 2452 2449
f 2449 2452 2453
f 2447 2446 2452
f 2452 2446 2453
f 2454 2412 2399
f 2399 2412 2400
f 2415 2455 2405
f 2405 2455 2398
f 2399 2398 2454
f 2454 2398 2455
f 2454 2455 2443
f 2443 2455 2456
f 2443 2456 2440
f 2440 2456 2457
f 2458 2456 2415
f 2415 2456 2455
f 2443 2442 2454
f 2454 2442 2412
f 2459 2458 2414
f 2414 2458 2415
f 2413 2416 2414
f 2414 2416 2459
f 2459 2416 2460
f 2460 2416 2450
f 2460 2461 2459
f 2459 2461 2458
f 2462 2463 2460
f 2460 2463 2461
f 2461 2457 2458
f 2458 2457 2456
f 2457 2461 2464
f 2464 2461 2463
f 2451 2462 2450
f 2450 2462 2460
f 2462 2451 2465
f 2465 2451 2466
f 2468 2469 2467
f 2467 2469 2465
f 2463 2462 2469
f 2469 2462 2465
f 2465 2466 2467
f 2467 2466 2445
f 2446 2445 2453
f 2453 2445 2466
f 2451 2449 2466
f 2466 2449 2453
f 2464 2441 2457
f 2457 2441 2440
f 2468 2444 2464
f 2464 2444 2441
f 2468 2464 2469
f 2469 2464 2463
f 2467 2439 2468
f 2468 2439 2444
f 2445 2436 2467
f 2467 2436 2439
f 2447 2426 2431
f 2431 2426 2419
f 2427 2426 2452
f 2452 2426 2447
f 2369 2179 2370
f 2370 2179 2178
f 2376 2379 2372
f 2372 2379 2373
f 2389 2381 2388
f 2388 2381 2380
f 2387 2382 2389
f 2389 2382 2381
f 2270 2385 2277
f 2277 2385 2384
f 2379 2388 2373
f 2373 2388 2380
f 2401 2271 2369
f 2369 2271 2179
f 2248 2277 2372
f 2372 2277 2384
f 2401 2390 2385
f 2385 2390 2386
f 2264 2382 2178
f 2178 2382 2370
f 2215 2134 2271
f 2271 2134 2179
f 2005 2000 2199
f 2199 2000 2215
f 2004 2001 2005
f 2005 2001 2000
f 2200 2214 2004
f 2004 2214 2001
f 2470 2471 2473
f 2473 2471 2472
f 2475 2476 2474
f 2474 2476 2477
f 2479 2475 2478
f 2478 2475 2474
f 2481 2482 2480
f 2480 2482 2483
f 2476 2484 2477
f 2477 2484 2485
f 2487 2488 2486
f 2486 2488 2489
f 2133 2490 2058
f 2058 2490 2491
f 2058 2491 2247
f 2247 2491 2492
f 2494 2495 2493
f 2493 2495 2496
f 2476 2483 2484
f 2484 2483 2497
f 2472 2498 2488
f 2488 2498 2489
f 2484 2497 2471
f 2471 2497 2499
f 2500 2479 2496
f 2496 2479 2501
f 2502 2503 2505
f 2505 2503 2504
f 2496 2501 2493
f 2493 2501 2506
f 2479 2478 2501
f 2501 2478 2507
f 2475 2479 2480
f 2480 2479 2500
f 2508 2509 2473
f 2473 2509 2470
f 2509 2510 2470
f 2470 2510 2485
f 2511 2481 2500
f 2500 2481 2480
f 2512 2494 2486
f 2486 2494 2493
f 2485 2484 2470
f 2470 2484 2471
f 2513 2514 2477
f 2477 2514 2474
f 2471 2499 2472
f 2472 2499 2498
f 2476 2475 2483
f 2483 2475 2480
f 2516 2508 2515
f 2515 2508 2473
f 2502 2505 2517
f 2517 2505 2507
f 2504 2487 2505
f 2505 2487 2506
f 2503 2516 2504
f 2504 2516 2515
f 2506 2487 2493
f 2493 2487 2486
f 2517 2507 2518
f 2518 2507 2478
f 2510 2513 2485
f 2485 2513 2477
f 2511 2495 2293
f 2293 2495 2154
f 2514 2518 2474
f 2474 2518 2478
f 2483 2482 2497
f 2497 2482 2492
f 2501 2507 2506
f 2506 2507 2505
f 2488 2487 2515
f 2515 2487 2504
f 2472 2488 2473
f 2473 2488 2515
f 2518 2519 2517
f 2517 2519 2520
f 2521 2519 2514
f 2514 2519 2518
f 2522 2521 2513
f 2513 2521 2514
f 2523 2522 2510
f 2510 2522 2513
f 2517 2520 2502
f 2502 2520 2524
f 2502 2524 2503
f 2503 2524 2525
f 2525 2526 2503
f 2503 2526 2516
f 2527 2524 2528
f 2528 2524 2520
f 2530 2531 2529
f 2529 2531 2532
f 2531 2533 2532
f 2532 2533 2534
f 2531 2535 2533
f 2533 2535 2536
f 2537 2538 2535
f 2535 2538 2539
f 2539 2540 2535
f 2535 2540 2536
f 2537 2535 2530
f 2530 2535 2531
f 2529 2541 2530
f 2530 2541 2542
f 2543 2534 2536
f 2536 2534 2533
f 2519 2521 2543
f 2543 2521 2534
f 2534 2521 2544
f 2544 2521 2522
f 2532 2534 2545
f 2545 2534 2544
f 2529 2532 2546
f 2546 2532 2545
f 2536 2540 2543
f 2543 2540 2528
f 2519 2543 2520
f 2520 2543 2528
f 2541 2529 2547
f 2547 2529 2546
f 2548 2549 2545
f 2545 2549 2546
f 2549 2550 2546
f 2546 2550 2547
f 2551 2552 2548
f 2548 2552 2549
f 2548 2553 2551
f 2551 2553 2554
f 2550 2549 2555
f 2555 2549 2552
f 2545 2544 2548
f 2548 2544 2553
f 2523 2553 2522
f 2522 2553 2544
f 2547 2556 2541
f 2541 2556 2557
f 2541 2557 2542
f 2542 2557 2558
f 2528 2540 2559
f 2559 2540 2539
f 2538 2560 2539
f 2539 2560 2559
f 2561 2527 2559
f 2559 2527 2528
f 2560 2562 2559
f 2559 2562 2561
f 2560 2538 2564
f 2564 2538 2563
f 2558 2557 2563
f 2563 2557 2564
f 2565 2523 2509
f 2509 2523 2510
f 2526 2566 2516
f 2516 2566 2508
f 2509 2508 2565
f 2565 2508 2566
f 2565 2566 2554
f 2554 2566 2567
f 2554 2567 2551
f 2551 2567 2568
f 2569 2567 2526
f 2526 2567 2566
f 2553 2523 2554
f 2554 2523 2565
f 2570 2569 2525
f 2525 2569 2526
f 2524 2527 2525
f 2525 2527 2570
f 2527 2561 2570
f 2570 2561 2571
f 2571 2572 2570
f 2570 2572 2569
f 2573 2574 2571
f 2571 2574 2572
f 2572 2568 2569
f 2569 2568 2567
f 2568 2572 2575
f 2575 2572 2574
f 2562 2573 2561
f 2561 2573 2571
f 2573 2562 2576
f 2576 2562 2577
f 2579 2580 2578
f 2578 2580 2576
f 2574 2573 2580
f 2580 2573 2576
f 2576 2577 2578
f 2578 2577 2556
f 2557 2556 2564
f 2564 2556 2577
f 2562 2560 2577
f 2577 2560 2564
f 2575 2552 2568
f 2568 2552 2551
f 2579 2555 2575
f 2575 2555 2552
f 2579 2575 2580
f 2580 2575 2574
f 2550 2555 2578
f 2578 2555 2579
f 2556 2547 2578
f 2578 2547 2550
f 2558 2537 2542
f 2542 2537 2530
f 2538 2537 2563
f 2563 2537 2558
f 2292 2295 2481
f 2481 2295 2482
f 2486 2489 2512
f 2512 2489 2581
f 2499 2491 2498
f 2498 2491 2490
f 2497 2492 2499
f 2499 2492 2491
f 2155 2154 2494
f 2494 2154 2495
f 2581 2489 2490
f 2490 2489 2498
f 2293 2292 2511
f 2511 2292 2481
f 2191 2155 2512
f 2512 2155 2494
f 2500 2496 2511
f 2511 2496 2495
f 2247 2492 2295
f 2295 2492 2482
f 2583 2584 2582
f 2582 2584 2585
f 2587 2588 2586
f 2586 2588 2589
f 2591 2587 2590
f 2590 2587 2586
f 2593 2594 2592
f 2592 2594 2595
f 2596 2597 2599
f 2599 2597 2598
f 2588 2600 2589
f 2589 2600 2601
f 2602 2603 2605
f 2605 2603 2604
f 2606 2607 2609
f 2609 2607 2608
f 2609 2608 2190
f 2190 2608 2610
f 2611 2612 2614
f 2614 2612 2613
f 2600 2588 2615
f 2615 2588 2595
f 2599 2598 2606
f 2606 2598 2607
f 2584 2616 2604
f 2604 2616 2605
f 2600 2615 2583
f 2583 2615 2617
f 2591 2619 2618
f 2618 2619 2614
f 2621 2622 2620
f 2620 2622 2623
f 2619 2624 2614
f 2614 2624 2611
f 2591 2590 2619
f 2619 2590 2625
f 2587 2591 2592
f 2592 2591 2618
f 2626 2627 2585
f 2585 2627 2582
f 2627 2628 2582
f 2582 2628 2601
f 2629 2593 2618
f 2618 2593 2592
f 2602 2597 2611
f 2611 2597 2612
f 2600 2583 2601
f 2601 2583 2582
f 2630 2631 2589
f 2589 2631 2586
f 2583 2617 2584
f 2584 2617 2616
f 2588 2587 2595
f 2595 2587 2592
f 2633 2626 2632
f 2632 2626 2585
f 2620 2623 2634
f 2634 2623 2625
f 2622 2603 2623
f 2623 2603 2624
f 2621 2633 2622
f 2622 2633 2632
f 2611 2624 2602
f 2602 2624 2603
f 2634 2625 2635
f 2635 2625 2590
f 2628 2630 2601
f 2601 2630 2589
f 2613 2195 2629
f 2629 2195 2194
f 2631 2635 2586
f 2586 2635 2590
f 2595 2594 2615
f 2615 2594 2610
f 2619 2625 2624
f 2624 2625 2623
f 2632 2604 2622
f 2622 2604 2603
f 2585 2584 2632
f 2632 2584 2604
f 2635 2636 2634
f 2634 2636 2637
f 2638 2636 2631
f 2631 2636 2635
f 2639 2638 2630
f 2630 2638 2631
f 2640 2639 2628
f 2628 2639 2630
f 2634 2637 2620
f 2620 2637 2641
f 2620 2641 2621
f 2621 2641 2642
f 2642 2643 2621
f 2621 2643 2633
f 2641 2637 2644
f 2644 2637 2645
f 2646 2647 2649
f 2649 2647 2648
f 2648 2650 2649
f 2649 2650 2651
f 2648 2652 2650
f 2650 2652 2653
f 2652 2654 2656
f 2656 2654 2655
f 2656 2657 2652
f 2652 2657 2653
f 2654 2652 2647
f 2647 2652 2648
f 2647 2646 2659
f 2659 2646 2658
f 2660 2651 2653
f 2653 2651 2650
f 2636 2638 2660
f 2660 2638 2651
f 2651 2638 2661
f 2661 2638 2639
f 2651 2661 2649
f 2649 2661 2662
f 2663 2646 2662
f 2662 2646 2649
f 2653 2657 2660
f 2660 2657 2645
f 2636 2660 2637
f 2637 2660 2645
f 2646 2663 2658
f 2658 2663 2664
f 2665 2666 2662
f 2662 2666 2663
f 2666 2667 2663
f 2663 2667 2664
f 2668 2669 2665
f 2665 2669 2666
f 2665 2670 2668
f 2668 2670 2671
f 2667 2666 2672
f 2672 2666 2669
f 2662 2661 2665
f 2665 2661 2670
f 2640 2670 2639
f 2639 2670 2661
f 2673 2674 2664
f 2664 2674 2658
f 2658 2674 2659
f 2659 2674 2675
f 2645 2657 2676
f 2676 2657 2656
f 2677 2676 2655
f 2655 2676 2656
f 2676 2678 2645
f 2645 2678 2644
f 2677 2679 2676
f 2676 2679 2678
f 2655 2680 2677
f 2677 2680 2681
f 2675 2674 2680
f 2680 2674 2681
f 2682 2640 2627
f 2627 2640 2628
f 2643 2683 2633
f 2633 2683 2626
f 2682 2627 2683
f 2683 2627 2626
f 2683 2684 2682
f 2682 2684 2671
f 2684 2685 2671
f 2671 2685 2668
f 2686 2684 2643
f 2643 2684 2683
f 2670 2640 2671
f 2671 2640 2682
f 2687 2686 2642
f 2642 2686 2643
f 2642 2641 2687
f 2687 2641 2644
f 2687 2644 2688
f 2688 2644 2678
f 2688 2689 2687
f 2687 2689 2686
f 2690 2691 2688
f 2688 2691 2689
f 2689 2685 2686
f 2686 2685 2684
f 2685 2689 2692
f 2692 2689 2691
f 2679 2690 2678
f 2678 2690 2688
f 2690 2679 2693
f 2693 2679 2694
f 2696 2697 2695
f 2695 2697 2693
f 2691 2690 2697
f 2697 2690 2693
f 2693 2694 2695
f 2695 2694 2673
f 2674 2673 2681
f 2681 2673 2694
f 2679 2677 2694
f 2694 2677 2681
f 2685 2692 2668
f 2668 2692 2669
f 2696 2672 2692
f 2692 2672 2669
f 2696 2692 2697
f 2697 2692 2691
f 2695 2667 2696
f 2696 2667 2672
f 2673 2664 2695
f 2695 2664 2667
f 2675 2654 2659
f 2659 2654 2647
f 2655 2654 2680
f 2680 2654 2675
f 2291 2156 2593
f 2593 2156 2594
f 2597 2602 2598
f 2598 2602 2605
f 2616 2617 2607
f 2607 2617 2608
f 2615 2610 2617
f 2617 2610 2608
f 2597 2596 2612
f 2612 2596 2698
f 2598 2605 2607
f 2607 2605 2616
f 2194 2291 2629
f 2629 2291 2593
f 2629 2618 2613
f 2613 2618 2614
f 2190 2610 2156
f 2156 2610 2594
f 2700 2010 2699
f 2699 2010 2086
f 2267 2701 2116
f 2116 2701 2702
f 2116 2702 2117
f 2117 2702 2703
f 2704 2705 2250
f 2250 2705 2254
f 2011 2706 2267
f 2267 2706 2701
f 2699 2086 2707
f 2707 2086 2289
f 2010 2700 2011
f 2011 2700 2706
f 2708 2707 2251
f 2251 2707 2289
f 2703 2704 2117
f 2117 2704 2250
f 2705 2708 2254
f 2254 2708 2251
f 2709 2710 2708
f 2708 2710 2707
f 2711 2709 2705
f 2705 2709 2708
f 2712 2711 2704
f 2704 2711 2705
f 2713 2712 2703
f 2703 2712 2704
f 2707 2710 2699
f 2699 2710 2714
f 2699 2714 2700
f 2700 2714 2715
f 2716 2706 2715
f 2715 2706 2700
f 2714 2710 2717
f 2717 2710 2718
f 2720 2721 2719
f 2719 2721 2722
f 2721 2723 2722
f 2722 2723 2724
f 2721 2725 2723
f 2723 2725 2726
f 2727 2728 2725
f 2725 2728 2726
f 2729 2725 2720
f 2720 2725 2721
f 2731 2729 2730
f 2730 2729 2720
f 2719 2732 2720
f 2720 2732 2730
f 2726 2733 2723
f 2723 2733 2724
f 2709 2711 2733
f 2733 2711 2724
f 2724 2711 2734
f 2734 2711 2712
f 2722 2724 2735
f 2735 2724 2734
f 2719 2722 2736
f 2736 2722 2735
f 2726 2728 2733
f 2733 2728 2718
f 2709 2733 2710
f 2710 2733 2718
f 2732 2719 2737
f 2737 2719 2736
f 2738 2739 2735
f 2735 2739 2736
f 2739 2740 2736
f 2736 2740 2737
f 2741 2742 2738
f 2738 2742 2739
f 2738 2743 2741
f 2741 2743 2744
f 2740 2739 2745
f 2745 2739 2742
f 2735 2734 2738
f 2738 2734 2743
f 2713 2743 2712
f 2712 2743 2734
f 2737 2746 2732
f 2732 2746 2747
f 2732 2747 2730
f 2730 2747 2731
f 2718 2728 2748
f 2748 2728 2727
f 2749 2750 2727
f 2727 2750 2748
f 2748 2751 2718
f 2718 2751 2717
f 2750 2752 2748
f 2748 2752 2751
f 2750 2749 2754
f 2754 2749 2753
f 2731 2747 2753
f 2753 2747 2754
f 2727 2725 2749
f 2749 2725 2729
f 2749 2729 2753
f 2753 2729 2731
f 2702 2755 2703
f 2703 2755 2713
f 2706 2716 2701
f 2701 2716 2756
f 2755 2702 2756
f 2756 2702 2701
f 2756 2757 2755
f 2755 2757 2744
f 2757 2758 2744
f 2744 2758 2741
f 2759 2757 2716
f 2716 2757 2756
f 2743 2713 2744
f 2744 2713 2755
f 2760 2759 2715
f 2715 2759 2716
f 2715 2714 2760
f 2760 2714 2717
f 2760 2717 2761
f 2761 2717 2751
f 2761 2762 2760
f 2760 2762 2759
f 2763 2764 2761
f 2761 2764 2762
f 2762 2758 2759
f 2759 2758 2757
f 2758 2762 2765
f 2765 2762 2764
f 2752 2763 2751
f 2751 2763 2761
f 2763 2752 2766
f 2766 2752 2767
f 2768 2769 2766
f 2766 2769 2770
f 2764 2763 2770
f 2770 2763 2766
f 2766 2767 2768
f 2768 2767 2746
f 2747 2746 2754
f 2754 2746 2767
f 2752 2750 2767
f 2767 2750 2754
f 2758 2765 2741
f 2741 2765 2742
f 2769 2745 2765
f 2765 2745 2742
f 2769 2765 2770
f 2770 2765 2764
f 2768 2740 2769
f 2769 2740 2745
f 2746 2737 2768
f 2768 2737 2740
f 2201 2212 2200
f 2200 2212 2214
f 2201 2202 2212
f 2212 2202 2185
f 2512 2581 2191
f 2191 2581 2192
f 2059 2290 2056
f 2056 2290 2272
f 2174 2199 2294
f 2294 2199 2278
f 2063 2175 2194
f 2194 2175 2291
f 2192 2581 2133
f 2133 2581 2490
f 2133 2132 2192
f 2192 2132 2189
f 2054 2276 2055
f 2055 2276 2138
f 2083 2279 2084
f 2084 2279 2771
f 2771 2279 2599
f 2599 2279 2596
f 2606 2772 2599
f 2599 2772 2771
f 2772 2773 2771
f 2771 2773 2084
f 2773 2774 2084
f 2084 2774 2085
f 2085 2775 2082
f 2082 2775 2144
f 2774 2078 2085
f 2085 2078 2775
f 2078 2774 2079
f 2079 2774 2776
f 2774 2773 2776
f 2776 2773 2777
f 2773 2772 2777
f 2777 2772 2778
f 2190 2189 2609
f 2609 2189 2778
f 2053 2052 2779
f 2779 2052 2181
f 2144 2775 2081
f 2081 2775 2078
f 2294 2153 2174
f 2174 2153 2175
f 2132 2276 2189
f 2189 2276 2778
f 2606 2609 2772
f 2772 2609 2778
f 2195 2613 2698
f 2698 2613 2612
f 2596 2279 2698
f 2698 2279 2195
f 2054 2777 2276
f 2276 2777 2778
f 2777 2054 2776
f 2776 2054 2053
f 2053 2779 2776
f 2776 2779 2079
f 2779 2181 2079
f 2079 2181 2080
f 2181 2239 2080
f 2080 2239 2240
f 2122 2256 2014
f 2042 1982 2076
f 2076 1982 2007
f 1982 1985 2007
f 2007 1985 2008
f 2095 2097 2265
f 2265 2097 2266
f 2076 2050 2042
f 2042 2050 2047
f 2046 2043 2047
f 2047 2043 2042
f 2118 1993 2046
f 2046 1993 2043
f 1995 1994 2118
f 2118 1994 1993
f 2267 1992 2011
f 2011 1992 2012
f 1997 2012 1994
f 1994 2012 1992
f 2226 2013 1997
f 1997 2013 2012
f 2225 2087 2226
f 2226 2087 2013
f 2225 2232 2087
f 2087 2232 2288
f 2232 2070 2288
f 2288 2070 2252
f 2070 2025 2252
f 2252 2025 2253
f 1988 2249 2025
f 2025 2249 2253
f 2116 2115 2267
f 2267 2115 2268
f 2096 1984 2237
f 2237 1984 1991
f 2095 1985 2096
f 2096 1985 1984
f 2265 2008 2095
f 2095 2008 1985
f 2092 2009 2265
f 2265 2009 2008
f 2091 2286 2092
f 2092 2286 2009
f 2255 2238 2091
f 2091 2238 2286
f 2256 2239 2255
f 2255 2239 2238
f 2122 2240 2256
f 2256 2240 2239
f 2121 2241 2122
f 2122 2241 2240
f 2022 2018 2097
f 2097 2018 2266
f 2022 2024 2018
f 2018 2024 2019
f 2024 2072 2019
f 2019 2072 2073
f 2072 2228 2073
f 2073 2228 2230
f 2228 2184 2230
f 2230 2184 2183
f 2121 2285 2241
f 2241 2285 2258
f 2285 2036 2258
f 2258 2036 2257
f 2177 2145 2193
f 2193 2145 2257
f 2173 2193 2196
f 2196 2193 2037
f 2036 2037 2257
f 2257 2037 2193
f 2196 2037 2066
f 2066 2037 2035
f 2061 2108 2034
f 2034 2108 2067
f 2108 2208 2067
f 2067 2208 2204
f 2208 2210 2204
f 2204 2210 2203
f 2210 2280 2203
f 2203 2280 2186
f 2183 2186 2235
f 2235 2186 2280
f 1987 2114 1988
f 1988 2114 2249
f 2237 2115 1987
f 1987 2115 2114
f 1991 2268 2237
f 2237 2268 2115
f 1991 1990 2268
f 2268 1990 1992
f 107 110 2781
f 2781 110 2780
f 117 2782 118
f 118 2782 2783
f 119 2784 120
f 120 2784 2785
f 125 2786 126
f 126 2786 2787
f 127 2788 128
f 128 2788 2789
f 127 132 2788
f 2788 132 2790
f 231 230 2792
f 2792 230 2791
f 118 2783 119
f 119 2783 2784
f 241 243 2794
f 2794 243 2793
f 2781 2795 107
f 107 2795 352
f 120 2785 437
f 437 2785 2796
f 126 2787 110
f 110 2787 2780
f 455 2797 456
f 456 2797 2798
f 128 2789 457
f 457 2789 2799
f 456 2798 117
f 117 2798 2782
f 2794 2797 241
f 241 2797 455
f 457 2799 125
f 125 2799 2786
f 132 231 2790
f 2790 231 2792
f 230 437 2791
f 2791 437 2796
f 2792 2789 2790
f 2790 2789 2788
f 2785 2784 2801
f 2801 2784 2800
f 2786 2802 2787
f 2787 2802 2803
f 2792 2791 2805
f 2805 2791 2804
f 2784 2783 2800
f 2800 2783 2806
f 2785 2801 2796
f 2796 2801 2807
f 2787 2803 2780
f 2780 2803 2808
f 2789 2809 2799
f 2799 2809 2810
f 2799 2810 2786
f 2786 2810 2802
f 2791 2796 2804
f 2804 2796 2807
f 2789 2792 2809
f 2809 2792 2805
f 2812 2797 2811
f 2811 2797 2794
f 2809 2805 2810
f 2810 2805 2804
f 2810 2804 2802
f 2802 2804 2807
f 2802 2807 2803
f 2803 2807 2801
f 2808 2803 2800
f 2800 2803 2801
f 2814 699 2813
f 2813 699 698
f 2808 2815 2780
f 2780 2815 2781
f 2817 2782 2816
f 2816 2782 2798
f 2815 2818 2781
f 2781 2818 2795
f 2797 2812 2798
f 2798 2812 2816
f 2783 2782 2806
f 2806 2782 2817
f 2800 2806 2808
f 2808 2806 2815
f 2794 2793 2811
f 2811 2793 2819
f 174 201 384
f 384 201 362
f 200 1766 390
f 390 1766 1777
f 1777 1778 390
f 390 1778 398
f 1778 361 398
f 398 361 222
f 2820 2821 628
f 628 2821 629
f 1406 2820 790
f 790 2820 628
f 794 1415 1233
f 1233 1415 1234
f 1406 790 1407
f 1407 790 1312
f 1407 1312 2822
f 2822 1312 1316
f 2823 1380 1543
f 1543 1380 1379
f 1385 1738 1382
f 1382 1738 1383
f 1381 791 1382
f 1382 791 1386
f 791 794 1386
f 1386 794 1233
f 1259 1390 1260
f 1260 1390 1389
f 1905 1542 1394
f 1394 1542 1395
f 1410 1413 1397
f 1397 1413 1398
f 2821 1410 629
f 629 1410 1397
f 2823 2822 1380
f 1380 2822 1316
f 1392 1395 1378
f 1378 1395 1379
f 1738 1399 1383
f 1383 1399 1398
f 1388 1235 1389
f 1389 1235 1234
f 1393 1391 1394
f 1394 1391 1390
f 1381 1384 779
f 779 1384 780
f 1282 788 792
f 792 788 793
f 1431 1262 1432
f 1432 1262 1261
f 1400 1342 1408
f 1408 1342 1409
f 1508 1544 1411
f 1411 1544 1412
f 788 787 793
f 793 787 1414
f 2821 2820 1429
f 1429 2820 1430
f 2822 2823 1506
f 1506 2823 1507
f 778 1282 779
f 779 1282 792
f 2820 1406 1430
f 1430 1406 1409
f 1410 2821 1411
f 1411 2821 1429
f 1407 2822 1408
f 1408 2822 1506
f 1544 781 1412
f 1412 781 780
f 1260 1415 1261
f 1261 1415 1414
f 1334 2824 923
f 923 2824 924
f 2826 1268 2825
f 2825 1268 1267
f 769 1212 2827
f 2827 1212 2828
f 1492 1190 1266
f 1266 1190 1267
f 1488 2829 1489
f 1489 2829 2830
f 922 1329 923
f 923 1329 1328
f 1484 2831 1485
f 1485 2831 2832
f 1482 2833 1485
f 1485 2833 1486
f 1324 1493 1489
f 1489 1493 1490
f 1265 1491 1266
f 1266 1491 1490
f 2835 2836 2834
f 2834 2836 2837
f 1250 2838 2827
f 2827 2838 2839
f 1488 1491 2840
f 2840 1491 2841
f 1268 2826 2842
f 2842 2826 2843
f 2844 2845 1495
f 1495 2845 1496
f 1427 2847 2846
f 2846 2847 926
f 2829 1488 2848
f 2848 1488 2840
f 1329 922 2849
f 2849 922 927
f 2850 2851 768
f 768 2851 1213
f 1265 1268 2852
f 2852 1268 2842
f 1491 1265 2841
f 2841 1265 2852
f 2854 2855 2853
f 2853 2855 2856
f 2855 2857 2856
f 2856 2857 598
f 2857 2858 598
f 598 2858 595
f 2858 2859 595
f 595 2859 626
f 649 652 2860
f 2860 652 2861
f 639 642 2862
f 2862 642 2863
f 2864 705 2862
f 2862 705 639
f 2865 1418 2864
f 2864 1418 705
f 2866 2867 2865
f 2865 2867 1418
f 1760 1348 1761
f 1761 1348 2867
f 1764 2868 1197
f 1197 2868 1198
f 2869 611 2868
f 2868 611 1198
f 2870 612 2869
f 2869 612 611
f 1352 1350 944
f 944 1350 688
f 1350 1256 688
f 688 1256 685
f 1256 1255 685
f 685 1255 692
f 1255 2871 692
f 692 2871 2872
f 701 2873 698
f 698 2873 2813
f 2872 1349 692
f 692 1349 693
f 1696 1744 1574
f 1574 1744 1575
f 1753 1618 1577
f 1577 1618 1578
f 1729 1594 1608
f 1608 1594 1609
f 1725 1630 1611
f 1611 1630 1612
f 1604 1607 1625
f 1625 1607 1626
f 1624 1703 1625
f 1625 1703 1912
f 1703 1702 1912
f 1912 1702 1913
f 1702 1753 1913
f 1913 1753 1577
f 1598 1569 1915
f 1915 1569 1578
f 1616 1615 1915
f 1915 1615 1916
f 1615 1696 1916
f 1916 1696 1574
f 1744 1745 1575
f 1575 1745 1917
f 1745 1565 1917
f 1917 1565 1609
f 1568 1725 1608
f 1608 1725 1611
f 2874 1613 1918
f 1918 1613 1612
f 1607 2874 1626
f 1626 2874 1918
f 1610 1613 1562
f 1562 1613 1563
f 1547 1550 1570
f 1570 1550 1571
f 1573 1576 1580
f 1580 1576 1581
f 1553 1556 1595
f 1595 1556 1596
f 1556 1582 1596
f 1596 1582 1581
f 1551 1547 1599
f 1599 1547 1570
f 1731 1914 1601
f 1601 1914 1602
f 1686 1689 1605
f 1605 1689 1606
f 1598 1743 1599
f 1599 1743 1692
f 2874 1607 1723
f 1723 1607 1606
f 1727 1553 1730
f 1730 1553 1595
f 1600 1686 1601
f 1601 1686 1605
f 1914 1572 1602
f 1602 1572 1571
f 1579 1693 1580
f 1580 1693 1692
f 1613 2874 1563
f 1563 2874 1723
f 1561 1727 1562
f 1562 1727 1730
f 1949 1742 1548
f 1548 1742 1549
f 1694 1949 1552
f 1552 1949 1548
f 1954 1589 1554
f 1554 1589 1555
f 1693 1579 1558
f 1558 1579 1559
f 1561 1564 1584
f 1584 1564 1585
f 1582 1556 1588
f 1588 1556 1555
f 1600 1603 1591
f 1591 1603 1592
f 1981 1977 1687
f 1687 1977 1688
f 1564 1722 1585
f 1585 1722 1690
f 1551 1693 1552
f 1552 1693 1558
f 1751 1954 1728
f 1728 1954 1554
f 1590 1981 1591
f 1591 1981 1687
f 1603 1550 1592
f 1592 1550 1549
f 1977 1691 1688
f 1688 1691 1690
f 1587 1560 1588
f 1588 1560 1559
f 1727 1561 1728
f 1728 1561 1584
f 2875 1919 1947
f 1947 1919 1948
f 1557 1560 1952
f 1952 1560 1953
f 1933 1932 1955
f 1955 1932 1956
f 1587 1589 1958
f 1958 1589 1956
f 1959 1933 1965
f 1965 1933 1955
f 1961 1964 1966
f 1966 1964 1967
f 1981 1590 1969
f 1969 1590 1967
f 1742 1949 1972
f 1972 1949 1948
f 1593 1742 1966
f 1966 1742 1972
f 1957 1950 1958
f 1958 1950 1953
f 1583 1586 1974
f 1974 1586 1975
f 1940 1943 1978
f 1978 1943 1979
f 1943 1976 1979
f 1979 1976 1975
f 1951 2875 1952
f 1952 2875 1947
f 1968 1940 1969
f 1969 1940 1978
f 1973 1959 1974
f 1974 1959 1965
f 1923 1971 1920
f 1920 1971 1921
f 1919 2875 1920
f 1920 2875 1924
f 2875 1951 1924
f 1924 1951 1926
f 1950 1957 1929
f 1929 1957 1930
f 2244 2243 1934
f 1934 2243 1935
f 1973 1976 1937
f 1937 1976 1938
f 1944 1980 1941
f 1941 1980 1942
f 1940 1968 1941
f 1941 1968 1945
f 2287 2244 1960
f 1960 2244 1934
f 1970 2245 1962
f 1962 2245 1963
f 2243 1931 1935
f 1935 1931 1930
f 1927 1926 1928
f 1928 1926 1929
f 1961 1922 1962
f 1962 1922 1921
f 2245 1946 1963
f 1963 1946 1945
f 1976 1943 1938
f 1938 1943 1942
f 1936 2287 1937
f 1937 2287 1960
f 743 1238 608
f 608 1238 609
f 607 1811 608
f 608 1811 744
f 1304 2876 1305
f 1305 2876 2877
f 586 585 1298
f 1298 585 1299
f 585 702 1299
f 1299 702 1300
f 702 1428 1300
f 1300 1428 1301
f 1238 586 609
f 609 586 1298
f 2878 2879 1218
f 1218 2879 2877
f 2880 2881 1812
f 1812 2881 1819
f 2883 1821 2882
f 2882 1821 1820
f 2840 2841 620
f 620 2841 621
f 2842 2843 795
f 795 2843 796
f 892 895 2844
f 2844 895 2845
f 2848 2840 942
f 942 2840 620
f 2849 927 1202
f 1202 927 1203
f 2852 2842 1270
f 1270 2842 795
f 2841 2852 621
f 621 2852 1270
f 941 1759 942
f 942 1759 2884
f 659 929 1427
f 1427 929 2847
f 1237 2851 751
f 751 2851 2850
f 1216 2885 1217
f 1217 2885 1754
f 2887 734 2886
f 2886 734 733
f 2889 1816 2888
f 2888 1816 1815
f 2890 1245 2889
f 2889 1245 1816
f 1824 2891 1825
f 1825 2891 1246
f 2892 2893 2895
f 2895 2893 2894
f 1854 1833 1851
f 1851 1833 1832
f 1851 1832 1884
f 1884 1832 1876
f 1884 1876 1441
f 1441 1876 1443
f 1441 1443 1442
f 1442 1443 1446
f 1442 1446 2896
f 2896 1446 1507
f 2897 2823 2898
f 2898 2823 1543
f 1542 2899 1543
f 1543 2899 2898
f 1542 1905 2899
f 2899 1905 2900
f 1905 1259 2900
f 2900 1259 2901
f 1262 1431 2902
f 2902 1431 1904
f 1431 1434 1904
f 1904 1434 1902
f 1902 1434 2903
f 2903 1434 719
f 2903 719 2904
f 2904 719 718
f 1869 1881 718
f 718 1881 2904
f 1881 1869 1880
f 1880 1869 756
f 1880 756 2905
f 2905 756 755
f 2905 755 2906
f 2906 755 758
f 762 2907 763
f 763 2907 2908
f 724 723 2909
f 2909 723 894
f 796 895 723
f 723 895 894
f 2843 2845 796
f 796 2845 895
f 2826 1496 2843
f 2843 1496 2845
f 2825 1497 2826
f 2826 1497 1496
f 1189 2836 2825
f 2825 2836 1497
f 797 891 798
f 798 891 2837
f 802 888 797
f 797 888 891
f 2910 2911 2913
f 2913 2911 2912
f 1780 1783 2915
f 2915 1783 2914
f 2916 2917 831
f 831 2917 832
f 2918 2919 845
f 845 2919 846
f 2920 2916 847
f 847 2916 831
f 2921 2922 857
f 857 2922 858
f 2923 2924 860
f 860 2924 861
f 2919 2912 846
f 846 2912 887
f 2925 2920 940
f 940 2920 847
f 2924 2926 861
f 861 2926 1204
f 2917 2918 832
f 832 2918 845
f 2927 2928 1449
f 1449 2928 1450
f 2929 2930 889
f 889 2930 2931
f 2896 1507 2897
f 2897 1507 2823
f 2902 2901 1262
f 1262 2901 1259
f 2932 2933 750
f 750 2933 1236
f 2933 2934 1236
f 1236 2934 1835
f 2936 2937 2935
f 2935 2937 2938
f 2940 2941 2939
f 2939 2941 2942
f 2943 2944 1841
f 1841 2944 1842
f 2945 1860 2944
f 2944 1860 1842
f 2945 2946 1860
f 1860 2946 1859
f 1889 2947 1890
f 1890 2947 1856
f 1856 2947 1857
f 1857 2947 2948
f 2950 709 2949
f 2949 709 1829
f 2952 730 2951
f 2951 730 729
f 2866 2953 2867
f 2867 2953 1761
f 2953 2954 1761
f 1761 2954 1420
f 2954 2955 1420
f 1420 2955 742
f 2955 2956 742
f 742 2956 739
f 2956 2957 739
f 739 2957 760
f 2957 2958 760
f 760 2958 761
f 2958 2959 761
f 761 2959 2960
f 2959 2961 2960
f 2960 2961 2962
f 2963 2964 1839
f 1839 2964 1840
f 2964 2965 1840
f 1840 2965 2942
f 2966 2950 2939
f 2939 2950 2949
f 2935 2967 2936
f 2936 2967 2968
f 2969 2970 736
f 736 2970 735
f 734 2887 1815
f 1815 2887 2888
f 2887 2882 2888
f 2888 2882 2881
f 1819 1820 1817
f 1817 1820 748
f 1195 1757 1197
f 1197 1757 1424
f 1757 647 1424
f 1424 647 646
f 647 648 646
f 646 648 643
f 648 1271 643
f 643 1271 737
f 1271 725 737
f 737 725 765
f 725 724 765
f 765 724 762
f 762 724 2907
f 2907 724 2909
f 1254 1437 2909
f 2909 1437 2907
f 1438 1253 1836
f 1836 1253 1835
f 1836 1835 2938
f 2938 1835 2934
f 2971 2972 2935
f 2935 2972 2967
f 897 896 2969
f 2969 896 2970
f 1815 1814 734
f 734 1814 731
f 728 1215 896
f 896 1215 732
f 2885 1216 733
f 733 1216 2886
f 1216 1219 2886
f 2886 1219 2883
f 2876 1304 1821
f 1821 1304 749
f 1304 1303 749
f 749 1303 746
f 1818 2973 1817
f 1817 2973 1810
f 747 2974 1818
f 1818 2974 2973
f 747 746 2974
f 2974 746 1303
f 2976 2977 2975
f 2975 2977 2978
f 2976 2979 2901
f 2901 2979 2900
f 2980 2981 2982
f 2982 2981 2979
f 2981 2980 2983
f 2983 2980 2984
f 2985 2897 2983
f 2983 2897 2898
f 2987 2988 2986
f 2986 2988 2985
f 2896 2988 1442
f 1442 2988 1439
f 1903 2977 1904
f 1904 2977 2902
f 1856 1855 1890
f 1890 1855 2989
f 2989 2990 1890
f 1890 2990 1359
f 2990 2991 1359
f 1359 2991 1356
f 2946 2992 1859
f 1859 2992 1893
f 2992 2993 1893
f 1893 2993 775
f 2993 2994 775
f 775 2994 776
f 2986 1356 2987
f 2987 1356 2991
f 2975 2978 776
f 776 2978 777
f 2982 2994 2980
f 2980 2994 2995
f 1357 2984 2995
f 2995 2984 2980
f 2995 2996 1357
f 1357 2996 1358
f 2996 2997 1358
f 1358 2997 1889
f 2998 2999 2932
f 2932 2999 2933
f 2999 2971 2933
f 2933 2971 2934
f 1837 1836 2937
f 2937 1836 2938
f 2943 1841 2941
f 2941 1841 1838
f 3001 2944 3000
f 3000 2944 2943
f 3001 3002 2944
f 2944 3002 2945
f 3002 3003 2945
f 2945 3003 2946
f 2997 3003 1889
f 1889 3003 2947
f 2947 3003 2948
f 2948 3003 3002
f 3001 3004 3002
f 3002 3004 2948
f 3000 3005 3001
f 3001 3005 3004
f 2940 3006 3000
f 3000 3006 3005
f 2999 3007 2971
f 2971 3007 2972
f 2998 2951 2999
f 2999 2951 3007
f 3008 2952 2998
f 2998 2952 2951
f 2966 2965 2936
f 2936 2965 2937
f 2935 2938 2971
f 2971 2938 2934
f 3003 2997 2946
f 2946 2997 2992
f 2997 2996 2992
f 2992 2996 2993
f 2996 2995 2993
f 2993 2995 2994
f 1356 2986 1357
f 1357 2986 2984
f 2982 2975 2994
f 2994 2975 776
f 1844 1843 1899
f 1899 1843 3009
f 1843 638 3009
f 3009 638 3010
f 638 637 3010
f 3010 637 3011
f 637 1830 3011
f 3011 1830 3012
f 1830 1833 3012
f 3012 1833 2894
f 1833 1854 2894
f 2894 1854 2895
f 1854 1853 2895
f 2895 1853 1888
f 1858 1857 1885
f 1885 1857 1892
f 1899 3009 1898
f 1898 3009 1874
f 3009 3010 1874
f 1874 3010 1865
f 3010 3011 1865
f 1865 3011 1862
f 3011 3012 1862
f 1862 3012 1882
f 3012 2894 1882
f 1882 2894 2893
f 1850 2890 782
f 782 2890 2889
f 783 2880 1811
f 1811 2880 1812
f 744 1810 745
f 745 1810 2973
f 745 2973 805
f 805 2973 806
f 2973 2974 806
f 806 2974 815
f 1303 812 2974
f 2974 812 815
f 1303 1302 812
f 812 1302 1221
f 1307 3013 1302
f 1302 3013 1221
f 1734 3014 1633
f 1633 3014 1634
f 1646 1649 1636
f 1636 1649 1637
f 1654 1657 1641
f 1641 1657 1642
f 1639 1736 1636
f 1636 1736 1684
f 1716 1713 1698
f 1698 1713 1699
f 1718 1721 1705
f 1705 1721 1706
f 1653 1654 1709
f 1709 1654 1641
f 1620 1623 1714
f 1714 1623 1699
f 1712 1682 1714
f 1714 1682 1740
f 1668 1671 1746
f 1746 1671 1747
f 1752 1650 1749
f 1749 1650 1750
f 1750 1650 1709
f 1709 1650 1653
f 1632 1668 1633
f 1633 1668 1746
f 1649 1752 1637
f 1637 1752 1749
f 1682 1643 1740
f 1740 1643 1642
f 3014 1685 1634
f 1634 1685 1684
f 1704 1748 1705
f 1705 1748 1747
f 1697 1707 1698
f 1698 1707 1706
f 1739 1701 1621
f 1621 1701 1622
f 1567 1566 1647
f 1647 1566 1648
f 1664 1695 1651
f 1651 1695 1652
f 1614 1617 1655
f 1655 1617 1656
f 1704 1707 1659
f 1659 1707 1660
f 3014 1734 1662
f 1662 1734 1663
f 1650 1752 1651
f 1651 1752 1665
f 1741 1657 1667
f 1667 1657 1656
f 1695 1614 1652
f 1652 1614 1655
f 1724 1567 1726
f 1726 1567 1647
f 1645 1628 1733
f 1733 1628 1663
f 1685 3014 1726
f 1726 3014 1662
f 1620 1741 1621
f 1621 1741 1667
f 1566 1666 1648
f 1648 1666 1665
f 1658 1737 1659
f 1659 1737 1901
f 1911 1661 1910
f 1910 1661 1660
f 1701 1911 1622
f 1622 1911 1910
f 1732 1748 1733
f 1733 1748 1901
f 1857 2948 1892
f 1892 2948 3004
f 1892 3004 1891
f 1891 3004 3005
f 1828 3006 1829
f 1829 3006 2949
f 2967 736 2968
f 2968 736 710
f 2972 2969 2967
f 2967 2969 736
f 2969 2972 897
f 897 2972 3007
f 897 3007 729
f 729 3007 2951
f 3016 753 3015
f 3015 753 752
f 3018 767 3017
f 3017 767 766
f 3019 3020 1249
f 1249 3020 3021
f 2915 2914 3019
f 3019 2914 3020
f 3023 2914 3022
f 3022 2914 1783
f 2827 2839 769
f 769 2839 766
f 3025 2838 3024
f 3024 2838 3021
f 768 767 2850
f 2850 767 3026
f 2850 3026 751
f 751 3026 752
f 750 753 2932
f 2932 753 3027
f 3008 2998 3027
f 3027 2998 2932
f 3028 3029 3008
f 3008 3029 2952
f 3029 3030 2952
f 2952 3030 730
f 3032 3033 3031
f 3031 3033 3034
f 3036 3037 3035
f 3035 3037 3038
f 2870 3039 612
f 612 3039 3040
f 3041 3042 3031
f 3031 3042 3038
f 3034 1352 3043
f 3043 1352 944
f 612 3040 613
f 613 3040 3044
f 613 3044 1425
f 1425 3044 1422
f 3045 3042 669
f 669 3042 670
f 3041 3043 599
f 599 3043 600
f 772 771 1544
f 1544 771 781
f 1503 771 1866
f 1866 771 770
f 771 1503 781
f 781 1503 778
f 61 281 416
f 416 281 1907
f 283 103 3046
f 3046 103 3047
f 76 79 3048
f 3048 79 3049
f 280 76 1906
f 1906 76 3048
f 3051 335 3050
f 3050 335 334
f 3053 417 3052
f 3052 417 416
f 3055 435 3054
f 3054 435 434
f 428 435 419
f 419 435 1908
f 420 1909 293
f 293 1909 443
f 79 294 3049
f 3049 294 444
f 3057 444 3056
f 3056 444 443
f 3051 3058 335
f 335 3058 452
f 216 215 1332
f 1332 215 452
f 308 283 462
f 462 283 3046
f 3050 334 3059
f 3059 334 462
f 103 62 3047
f 3047 62 417
f 313 312 434
f 434 312 463
f 3061 574 3060
f 3060 574 573
f 1310 3062 1428
f 1428 3062 3063
f 1258 3064 1255
f 1255 3064 2871
f 932 3065 2853
f 2853 3065 3066
f 699 2814 931
f 931 2814 3067
f 3068 1301 3063
f 3063 1301 1428
f 571 574 1310
f 1310 574 3062
f 3060 573 3069
f 3069 573 1332
f 3070 3071 1906
f 1906 3071 1907
f 3072 3073 1908
f 1908 3073 1909
f 3075 2814 3074
f 3074 2814 2813
f 2854 3076 1258
f 1258 3076 3064
f 2871 3077 2872
f 2872 3077 3078
f 3074 2813 3079
f 3079 2813 2873
f 2872 3078 1349
f 1349 3078 3080
f 2873 701 3068
f 3068 701 1301
f 1330 1201 3080
f 3080 1201 1349
f 1264 1263 3081
f 3081 1263 3082
f 3083 3084 3082
f 3082 3084 3081
f 811 1448 3086
f 3086 1448 3085
f 808 811 3087
f 3087 811 3086
f 3088 3083 833
f 833 3083 3082
f 884 3089 885
f 885 3089 3090
f 3087 1790 808
f 808 1790 816
f 1790 3087 1787
f 1787 3087 3091
f 3092 3091 3086
f 3086 3091 3087
f 3093 3094 3084
f 3084 3094 3095
f 3089 3096 3090
f 3090 3096 3088
f 3097 3093 3083
f 3083 3093 3084
f 3099 3100 3098
f 3098 3100 1786
f 3101 1788 2913
f 2913 1788 3102
f 838 837 885
f 885 837 886
f 886 837 3103
f 3103 837 1541
f 3094 3093 3104
f 3104 3093 3097
f 3105 3106 3089
f 3089 3106 3096
f 3108 3109 3107
f 3107 3109 3110
f 3111 3112 3091
f 3091 3112 1787
f 3114 3108 3113
f 3113 3108 3107
f 3114 3115 3112
f 3112 3115 3102
f 3091 3092 3111
f 3111 3092 3116
f 839 838 835
f 835 838 836
f 885 3090 838
f 838 3090 836
f 3110 3117 1247
f 1247 3117 3118
f 1247 3118 1248
f 1248 3118 3119
f 3120 3121 3119
f 3119 3121 1248
f 1247 844 3110
f 3110 844 3107
f 844 843 3107
f 3107 843 3113
f 843 3099 3113
f 3113 3099 3122
f 1781 3123 3098
f 3098 3123 3124
f 2915 2931 1780
f 1780 2931 2930
f 3019 3125 2915
f 2915 3125 2931
f 890 3125 2834
f 2834 3125 1252
f 3125 3019 1252
f 1252 3019 1249
f 907 908 946
f 946 908 947
f 1185 1188 1369
f 1369 1188 948
f 954 957 951
f 951 957 952
f 910 965 953
f 953 965 950
f 905 958 960
f 960 958 961
f 3126 978 949
f 949 978 962
f 936 935 967
f 967 935 968
f 994 993 969
f 969 993 966
f 902 904 971
f 971 904 972
f 983 985 973
f 973 985 970
f 906 905 974
f 974 905 960
f 977 981 959
f 959 981 975
f 911 910 1143
f 1143 910 953
f 952 957 1142
f 1142 957 1145
f 911 1143 1366
f 1366 1143 1368
f 1185 1369 1145
f 1145 1369 1142
f 993 1519 966
f 966 1519 1456
f 965 1454 950
f 950 1454 1457
f 900 899 1459
f 1459 899 1460
f 988 991 1461
f 1461 991 1458
f 899 963 1460
f 1460 963 1462
f 985 987 970
f 970 987 1463
f 904 906 972
f 972 906 974
f 981 983 975
f 975 983 973
f 935 900 968
f 968 900 1459
f 991 994 1458
f 1458 994 969
f 1154 1526 1088
f 1088 1526 1089
f 1109 1112 1092
f 1092 1112 1093
f 1083 1098 1084
f 1084 1098 1097
f 1078 1471 1100
f 1100 1471 1101
f 1075 1078 1104
f 1104 1078 1100
f 1152 1154 1156
f 1156 1154 1088
f 1156 1155 1372
f 1372 1155 1373
f 1372 1373 1104
f 1104 1373 1075
f 1467 1109 1465
f 1465 1109 1092
f 1465 1182 1468
f 1468 1182 1184
f 1474 1470 1096
f 1096 1470 1097
f 1102 1101 1083
f 1083 1101 1098
f 1112 1531 1093
f 1093 1531 1529
f 1102 1073 1099
f 1099 1073 1072
f 1526 1154 1079
f 1079 1154 1080
f 1081 1091 1082
f 1082 1091 1094
f 1069 1068 1085
f 1085 1068 1086
f 1153 1151 1080
f 1080 1151 1058
f 1371 1177 1179
f 1179 1177 1176
f 1099 1072 1103
f 1103 1072 1176
f 1068 1071 1086
f 1086 1071 1073
f 1085 1084 1180
f 1180 1084 1469
f 1066 1065 1183
f 1183 1065 1181
f 1153 1152 1177
f 1177 1152 1178
f 1091 1081 1182
f 1182 1081 1183
f 1057 1525 1079
f 1079 1525 1527
f 1120 1117 1076
f 1076 1117 1077
f 1087 1090 1107
f 1107 1090 1108
f 1127 1126 1110
f 1110 1126 1111
f 1095 1116 1096
f 1096 1116 1115
f 1471 1078 1119
f 1119 1078 1077
f 1087 1107 1155
f 1155 1107 1158
f 1376 1374 1157
f 1157 1374 1158
f 1076 1075 1374
f 1374 1075 1373
f 1109 1467 1110
f 1110 1467 1472
f 1467 1466 1472
f 1472 1466 1473
f 1135 1475 1114
f 1114 1475 1115
f 1471 1119 1095
f 1095 1119 1116
f 1126 1532 1111
f 1111 1532 1530
f 914 1276 1480
f 1480 1276 1517
f 3127 3128 1223
f 1223 3128 1224
f 824 933 1455
f 1455 933 3129
f 3131 1448 3130
f 3130 1448 1447
f 3132 3133 1452
f 1452 3133 1453
f 3130 1447 1322
f 1322 1447 1455
f 933 1514 3129
f 3129 1514 3134
f 1161 3135 1480
f 1480 3135 1481
f 3128 3136 1224
f 1224 3136 1499
f 3133 1162 1453
f 1453 1162 1517
f 1515 3127 1535
f 1535 3127 1223
f 3095 3085 3131
f 3131 3085 1448
f 3137 3092 3085
f 3085 3092 3086
f 3138 3116 3137
f 3137 3116 3092
f 3110 3109 3117
f 3117 3109 3139
f 3105 3140 3117
f 3117 3140 3118
f 3140 3141 3118
f 3118 3141 3119
f 3142 3120 3141
f 3141 3120 3119
f 1498 3143 1277
f 1277 3143 882
f 3144 3145 1340
f 1340 3145 1339
f 1340 3146 3144
f 3144 3146 3147
f 3145 3144 3143
f 3143 3144 3148
f 871 901 872
f 872 901 1362
f 3149 3148 3147
f 3147 3148 3144
f 1208 3150 1209
f 3098 1786 1781
f 1781 1786 1782
f 2930 2929 3123
f 3123 2929 2911
f 1794 1791 2916
f 2916 1791 2917
f 1793 3101 2918
f 2918 3101 2919
f 1796 1794 2920
f 2920 1794 2916
f 3151 3152 2921
f 2921 3152 2922
f 3153 3154 2923
f 2923 3154 2924
f 2919 3101 2912
f 2912 3101 2913
f 3155 1796 2925
f 2925 1796 2920
f 3154 3156 2924
f 2924 3156 2926
f 1791 1793 2917
f 2917 1793 2918
f 3157 3158 2927
f 2927 3158 2928
f 1780 2930 1781
f 1781 2930 3123
f 2825 1267 1189
f 1189 1267 1190
f 2827 2828 1250
f 1250 2828 1251
f 1489 2830 1324
f 1324 2830 1325
f 923 1328 1334
f 1334 1328 1335
f 1485 2832 1482
f 1482 2832 1483
f 1266 1490 1492
f 1492 1490 1493
f 1333 1346 1334
f 1334 1346 2824
f 722 799 1492
f 1492 799 1190
f 664 657 1482
f 1482 657 2833
f 631 634 1324
f 1324 634 1493
f 2828 1494 1251
f 1251 1494 2835
f 1249 3021 1250
f 1250 3021 2838
f 798 2837 1189
f 1189 2837 2836
f 3100 842 3160
f 3160 842 3159
f 1788 3101 1789
f 1789 3101 1793
f 1792 816 1789
f 1789 816 1790
f 817 816 1795
f 1795 816 1792
f 938 817 1797
f 1797 817 1795
f 1796 3155 1797
f 1797 3155 1798
f 3155 3158 1798
f 1798 3158 1799
f 3157 3152 1801
f 1801 3152 1802
f 3151 3156 1803
f 1803 3156 1804
f 3154 3153 1805
f 1805 3153 1806
f 3153 3161 1806
f 1806 3161 1807
f 3099 843 3100
f 3100 843 842
f 1788 1787 3102
f 3102 1787 3112
f 2910 3115 3124
f 3124 3115 3122
f 3099 3098 3122
f 3122 3098 3124
f 416 1907 3052
f 3052 1907 3071
f 3046 3047 3163
f 3163 3047 3162
f 249 445 259
f 259 445 3164
f 425 3165 424
f 424 3165 461
f 408 410 329
f 329 410 330
f 39 331 40
f 40 331 332
f 305 304 423
f 423 304 464
f 385 254 458
f 458 254 392
f 250 415 251
f 251 415 412
f 233 337 234
f 234 337 3166
f 435 3055 1908
f 1908 3055 3072
f 443 1909 3056
f 3056 1909 3073
f 3167 3049 3057
f 3057 3049 444
f 452 3058 1332
f 1332 3058 3069
f 234 3166 346
f 346 3166 411
f 3046 3163 462
f 462 3163 3059
f 259 3164 260
f 260 3164 336
f 3047 417 3162
f 3162 417 3053
f 463 3168 434
f 434 3168 3054
f 454 830 425
f 425 830 3165
f 3062 3169 3063
f 3063 3169 3170
f 1355 1354 1534
f 1534 1354 3171
f 3063 3170 3068
f 3068 3170 3172
f 574 3061 3062
f 3062 3061 3169
f 1534 3171 1535
f 1535 3171 3173
f 3079 2873 3172
f 3172 2873 3068
f 2838 3025 2839
f 2839 3025 3174
f 3176 3177 3175
f 3175 3177 3178
f 3180 1125 3179
f 3179 1125 1128
f 3182 3183 3181
f 3181 3183 3184
f 1134 3185 1130
f 1130 3185 3182
f 3186 3187 3189
f 3189 3187 3188
f 3191 3189 3190
f 3190 3189 3188
f 1137 1122 3190
f 3190 1122 3192
f 3175 3178 3193
f 3193 3178 3194
f 3181 3184 3179
f 3179 3184 3195
f 3197 3198 3196
f 3196 3198 3180
f 3200 3178 3199
f 3199 3178 3177
f 3202 3196 3201
f 3201 3196 3195
f 3204 3184 3203
f 3203 3184 3183
f 3206 3207 3205
f 3205 3207 3186
f 3205 3186 3208
f 3208 3186 3189
f 3209 3208 3191
f 3191 3208 3189
f 3210 3194 3200
f 3200 3194 3178
f 3201 3195 3204
f 3204 3195 3184
f 3197 3211 3177
f 3177 3211 3199
f 3213 3214 3212
f 3212 3214 3215
f 3217 3218 3216
f 3216 3218 3219
f 3221 3222 3220
f 3220 3222 3223
f 3225 3226 3224
f 3224 3226 3227
f 3229 3230 3228
f 3228 3230 3231
f 3233 3234 3232
f 3232 3234 3235
f 3237 3238 3236
f 3236 3238 3239
f 3238 3240 3239
f 3239 3240 3241
f 3232 3235 3242
f 3242 3235 3243
f 3245 3246 3244
f 3244 3246 3247
f 3248 3249 3245
f 3245 3249 3246
f 3251 3252 3250
f 3250 3252 3253
f 3255 3252 3254
f 3254 3252 3251
f 3256 3257 3259
f 3259 3257 3258
f 3261 3262 3260
f 3260 3262 3263
f 3265 3263 3264
f 3264 3263 3262
f 3256 3259 3266
f 3266 3259 3267
f 3269 3270 3268
f 3268 3270 3271
f 3269 3272 3270
f 3270 3272 3273
f 3274 3275 3277
f 3277 3275 3276
f 3278 3279 3276
f 3276 3279 3277
f 3281 3282 3280
f 3280 3282 3283
f 3280 3284 3281
f 3281 3284 3285
f 3287 3288 3286
f 3286 3288 3289
f 3290 3291 3288
f 3288 3291 3289
f 3234 3218 3235
f 3235 3218 3217
f 3232 3292 3233
f 3233 3292 3293
f 3239 3294 3236
f 3236 3294 3219
f 3233 3293 3237
f 3237 3293 3295
f 3296 3294 3241
f 3241 3294 3239
f 3240 3238 3297
f 3297 3238 3298
f 3217 3216 3235
f 3235 3216 3243
f 3297 3299 3240
f 3240 3299 3242
f 3246 3300 3247
f 3247 3300 3223
f 3301 3302 3254
f 3254 3302 3244
f 3249 3303 3246
f 3246 3303 3300
f 3245 3304 3248
f 3248 3304 3292
f 3252 3221 3253
f 3253 3221 3220
f 3250 3248 3299
f 3299 3248 3292
f 3222 3221 3255
f 3255 3221 3252
f 3297 3301 3251
f 3251 3301 3254
f 3258 3214 3259
f 3259 3214 3213
f 3257 3256 3304
f 3304 3256 3305
f 3263 3306 3260
f 3260 3306 3215
f 3261 3257 3302
f 3302 3257 3304
f 3307 3306 3265
f 3265 3306 3263
f 3262 3301 3264
f 3264 3301 3308
f 3259 3213 3267
f 3267 3213 3212
f 3308 3309 3264
f 3264 3309 3266
f 3270 3310 3271
f 3271 3310 3231
f 3311 3312 3278
f 3278 3312 3268
f 3270 3273 3310
f 3310 3273 3313
f 3272 3269 3305
f 3305 3269 3314
f 3277 3229 3274
f 3274 3229 3228
f 3275 3272 3309
f 3309 3272 3305
f 3279 3230 3277
f 3277 3230 3229
f 3276 3308 3278
f 3278 3308 3311
f 3281 3315 3282
f 3282 3315 3227
f 3290 3316 3283
f 3283 3316 3317
f 3281 3285 3315
f 3315 3285 3318
f 3284 3280 3314
f 3314 3280 3319
f 3289 3225 3286
f 3286 3225 3224
f 3287 3284 3312
f 3284 3314 3312
f 3291 3226 3289
f 3289 3226 3225
f 3288 3311 3290
f 3290 3311 3316
f 3212 3215 3307
f 3307 3215 3306
f 3294 3296 3219
f 3219 3296 3216
f 3303 3220 3300
f 3300 3220 3223
f 3224 3227 3318
f 3318 3227 3315
f 3228 3231 3313
f 3313 3231 3310
f 3234 3233 3236
f 3236 3233 3237
f 3243 3241 3242
f 3242 3241 3240
f 3247 3255 3244
f 3244 3255 3254
f 3253 3249 3250
f 3250 3249 3248
f 3260 3258 3261
f 3261 3258 3257
f 3266 3267 3264
f 3264 3267 3265
f 3268 3271 3278
f 3278 3271 3279
f 3274 3273 3275
f 3275 3273 3272
f 3283 3282 3290
f 3290 3282 3291
f 3286 3285 3287
f 3287 3285 3284
f 3218 3234 3219
f 3219 3234 3236
f 3295 3298 3237
f 3237 3298 3238
f 3216 3296 3243
f 3243 3296 3241
f 3242 3299 3232
f 3232 3299 3292
f 3223 3222 3247
f 3247 3222 3255
f 3244 3302 3245
f 3245 3302 3304
f 3303 3249 3220
f 3220 3249 3253
f 3297 3251 3299
f 3299 3251 3250
f 3215 3214 3260
f 3260 3214 3258
f 3301 3262 3302
f 3302 3262 3261
f 3212 3307 3267
f 3267 3307 3265
f 3266 3309 3256
f 3256 3309 3305
f 3271 3231 3279
f 3279 3231 3230
f 3268 3312 3269
f 3269 3312 3314
f 3228 3313 3274
f 3274 3313 3273
f 3308 3276 3309
f 3309 3276 3275
f 3282 3227 3291
f 3291 3227 3226
f 3317 3319 3283
f 3283 3319 3280
f 3224 3318 3286
f 3286 3318 3285
f 3312 3311 3287
f 3311 3288 3287
f 3320 3321 3194
f 3194 3321 3193
f 1375 3321 1121
f 1121 3321 3322
f 3323 3324 3322
f 3322 3324 3192
f 3175 1124 3176
f 3176 1124 1123
f 3179 3195 3180
f 3180 3195 3196
f 3181 1131 3182
f 3182 1131 1130
f 3207 3185 3186
f 3186 3185 3187
f 1136 3188 1133
f 1133 3188 3187
f 3190 3188 1137
f 1137 3188 1136
f 3193 1159 3175
f 3175 1159 1124
f 3179 1128 3181
f 3181 1128 1131
f 1533 3198 1123
f 1123 3198 3176
f 3321 1375 3193
f 3193 1375 1159
f 3321 3320 3322
f 3322 3320 3323
f 1122 1121 3192
f 3192 1121 3322
f 3194 3210 3320
f 3320 3210 3325
f 3324 3323 3327
f 3327 3323 3326
f 3320 3325 3323
f 3323 3325 3326
f 3208 3328 3205
f 3205 3328 3329
f 3330 3206 3329
f 3329 3206 3205
f 3203 3331 3204
f 3204 3331 3332
f 3210 3333 3325
f 3325 3333 3334
f 3325 3334 3326
f 3326 3334 3335
f 3327 3326 3336
f 3336 3326 3335
f 3327 3209 3324
f 3324 3209 3191
f 3190 3192 3191
f 3191 3192 3324
f 3338 3339 3337
f 3337 3339 3340
f 3338 3341 3339
f 3339 3341 3342
f 3341 3343 3342
f 3342 3343 3344
f 3343 3345 3344
f 3344 3345 3346
f 3345 3347 3346
f 3346 3347 3348
f 3347 3349 3348
f 3348 3349 3350
f 3337 3340 3351
f 3351 3340 3352
f 3351 3352 3353
f 3353 3352 3354
f 3353 3354 3355
f 3355 3354 3356
f 3350 3349 3357
f 3357 3349 3358
f 3355 3356 3359
f 3359 3356 3360
f 3359 3360 3361
f 3361 3360 3362
f 3361 3362 3363
f 3363 3362 3364
f 3363 3364 3358
f 3358 3364 3357
f 3339 3342 3365
f 3365 3342 3366
f 3342 3344 3366
f 3366 3344 3367
f 3344 3346 3367
f 3367 3346 3368
f 3346 3348 3368
f 3368 3348 3369
f 3348 3350 3369
f 3369 3350 3370
f 3368 3369 3371
f 3371 3369 3372
f 3369 3370 3372
f 3372 3370 3373
f 3373 3374 3372
f 3372 3374 3375
f 3377 3378 3376
f 3376 3378 3379
f 3377 3375 3378
f 3378 3375 3374
f 3375 3380 3372
f 3372 3380 3371
f 3377 3381 3375
f 3375 3381 3380
f 3376 3382 3377
f 3377 3382 3381
f 3384 3385 3383
f 3383 3385 3386
f 3384 3383 3388
f 3388 3383 3387
f 3388 3387 3389
f 3389 3387 3390
f 3392 3385 3391
f 3391 3385 3384
f 3388 3393 3384
f 3384 3393 3391
f 3389 3394 3388
f 3388 3394 3393
f 3389 3395 3394
f 3394 3395 3396
f 3395 3389 3397
f 3397 3389 3390
f 3339 3365 3340
f 3340 3365 3398
f 3340 3398 3352
f 3352 3398 3399
f 3371 3400 3368
f 3368 3400 3367
f 3400 3401 3367
f 3367 3401 3366
f 3366 3401 3365
f 3365 3401 3402
f 3398 3365 3403
f 3403 3365 3402
f 3398 3403 3399
f 3399 3403 3404
f 3403 3405 3404
f 3404 3405 3406
f 3352 3399 3354
f 3354 3399 3407
f 3399 3404 3407
f 3407 3404 3408
f 3404 3406 3408
f 3408 3406 3409
f 3405 3410 3406
f 3406 3410 3411
f 3410 3412 3411
f 3411 3412 3413
f 3397 3414 3395
f 3395 3414 3415
f 3417 3415 3416
f 3416 3415 3412
f 3410 3418 3412
f 3412 3418 3416
f 3410 3405 3418
f 3418 3405 3419
f 3405 3403 3419
f 3419 3403 3402
f 3370 3350 3420
f 3420 3350 3357
f 3373 3370 3421
f 3421 3370 3420
f 3374 3373 3422
f 3422 3373 3421
f 3378 3374 3423
f 3423 3374 3422
f 3378 3423 3379
f 3379 3423 3424
f 3424 3425 3379
f 3379 3425 3386
f 3383 3426 3387
f 3387 3426 3427
f 3387 3427 3390
f 3390 3427 3428
f 3390 3428 3397
f 3397 3428 3429
f 3429 3430 3397
f 3397 3430 3414
f 3411 3413 3431
f 3431 3413 3432
f 3406 3411 3409
f 3409 3411 3431
f 3401 3400 3335
f 3335 3400 3336
f 3401 3335 3402
f 3402 3335 3334
f 3402 3334 3419
f 3419 3334 3333
f 3419 3333 3418
f 3418 3333 3433
f 3418 3433 3416
f 3416 3433 3434
f 3435 3417 3434
f 3434 3417 3416
f 3394 3396 3436
f 3436 3396 3437
f 3393 3394 3332
f 3332 3394 3436
f 3393 3332 3391
f 3391 3332 3331
f 3330 3392 3331
f 3331 3392 3391
f 3382 3329 3381
f 3381 3329 3328
f 3354 3407 3356
f 3356 3407 3438
f 3356 3438 3360
f 3360 3438 3439
f 3360 3439 3362
f 3362 3439 3440
f 3362 3440 3364
f 3364 3440 3441
f 3364 3441 3357
f 3357 3441 3420
f 3421 3420 3442
f 3442 3420 3441
f 3442 3441 3443
f 3443 3441 3440
f 3443 3440 3444
f 3444 3440 3439
f 3444 3439 3445
f 3445 3439 3438
f 3445 3438 3408
f 3408 3438 3407
f 3422 3421 3446
f 3446 3421 3442
f 3446 3442 3447
f 3447 3442 3443
f 3447 3443 3448
f 3448 3443 3444
f 3448 3444 3449
f 3449 3444 3445
f 3449 3445 3409
f 3409 3445 3408
f 3409 3431 3449
f 3449 3431 3450
f 3449 3450 3448
f 3448 3450 3451
f 3451 3452 3448
f 3448 3452 3447
f 3447 3452 3446
f 3446 3452 3453
f 3446 3453 3422
f 3422 3453 3423
f 3424 3423 3454
f 3454 3423 3453
f 3452 3455 3453
f 3453 3455 3454
f 3452 3451 3455
f 3455 3451 3456
f 3450 3457 3451
f 3451 3457 3456
f 3431 3432 3450
f 3450 3432 3457
f 3454 3458 3424
f 3424 3458 3425
f 3427 3426 3459
f 3459 3426 3460
f 3428 3427 3461
f 3461 3427 3459
f 3428 3461 3429
f 3429 3461 3462
f 3462 3463 3429
f 3429 3463 3430
f 3464 3465 3462
f 3462 3465 3463
f 3455 3466 3454
f 3454 3466 3458
f 3465 3464 3466
f 3466 3464 3467
f 3461 3459 3468
f 3468 3459 3469
f 3468 3469 3464
f 3464 3469 3467
f 3464 3462 3468
f 3468 3462 3461
f 3459 3460 3469
f 3469 3460 3467
f 3295 3351 3298
f 3298 3351 3353
f 3353 3355 3298
f 3298 3355 3297
f 3297 3355 3301
f 3301 3355 3359
f 3301 3359 3308
f 3308 3359 3361
f 3308 3361 3311
f 3311 3361 3363
f 3311 3363 3316
f 3316 3363 3358
f 3316 3358 3317
f 3317 3358 3349
f 3349 3347 3317
f 3317 3347 3319
f 3347 3345 3319
f 3319 3345 3314
f 3345 3343 3314
f 3314 3343 3305
f 3343 3341 3305
f 3305 3341 3304
f 3304 3341 3292
f 3292 3341 3338
f 3292 3338 3293
f 3293 3338 3337
f 3293 3337 3295
f 3295 3337 3351
f 3437 3202 3436
f 3436 3202 3201
f 3436 3201 3332
f 3332 3201 3204
f 3433 3200 3434
f 3434 3200 3199
f 3211 3435 3199
f 3199 3435 3434
f 3333 3210 3433
f 3433 3210 3200
f 3380 3470 3371
f 3400 3371 3336
f 3336 3371 3470
f 3381 3328 3380
f 3380 3328 3470
f 3470 3328 3209
f 3209 3328 3208
f 3336 3470 3327
f 3327 3470 3209
f 1545 1763 1546
f 1546 1763 1762
f 1403 1546 773
f 773 1546 770
f 1221 3013 1220
f 1220 3013 3471
f 1305 2877 1306
f 1306 2877 2879
f 1220 3471 828
f 828 3471 829
f 1217 1754 3472
f 3472 1754 1756
f 1049 3473 1048
f 1048 3473 3474
f 1371 1179 3473
f 3473 1179 3474
f 1074 3475 1179
f 1179 3475 3474
f 3474 3475 1048
f 1048 3475 1056
f 919 666 1345
f 1345 666 665
f 856 680 919
f 919 680 666
f 679 680 1449
f 1449 680 858
f 1367 878 1500
f 1500 878 877
f 1366 908 1367
f 1367 908 878
f 1512 916 1513
f 1513 916 915
f 947 1368 948
f 948 1368 1369
f 1047 1021 1044
f 1044 1021 1020
f 1370 1049 1019
f 1019 1049 1020
f 1173 1030 1174
f 1174 1030 1033
f 3126 1188 1464
f 1464 1188 1187
f 1800 1451 1512
f 1512 1451 916
f 1175 1174 1186
f 1186 1174 1187
f 1030 1173 1047
f 1047 1173 1021
f 1513 915 3476
f 3476 915 1481
f 1345 665 3477
f 3477 665 1483
f 1502 1501 876
f 876 1501 877
f 1205 1451 1803
f 1803 1451 1802
f 3479 2832 3478
f 3478 2832 2831
f 1449 858 2927
f 2927 858 2922
f 908 1366 947
f 947 1366 1368
f 949 948 3126
f 3126 948 1188
f 3480 3135 1502
f 1502 3135 1501
f 2927 2922 3157
f 3157 2922 3152
f 3477 1483 3479
f 3479 1483 2832
f 1803 1802 3151
f 3151 1802 3152
f 663 658 664
f 664 658 657
f 655 658 939
f 939 658 706
f 1512 870 1800
f 1800 870 869
f 875 874 876
f 876 874 873
f 849 874 905
f 905 874 958
f 949 962 946
f 946 962 961
f 978 3126 979
f 979 3126 1464
f 1031 1168 1032
f 1032 1168 1022
f 1045 1013 1046
f 1046 1013 1012
f 1045 1044 1056
f 1056 1044 1048
f 1047 1046 1030
f 1030 1046 1031
f 939 706 940
f 940 706 1450
f 979 1464 1032
f 1032 1464 1033
f 3480 1478 3476
f 3476 1478 3134
f 2829 1487 2830
f 2830 1487 1486
f 848 1230 873
f 873 1230 1479
f 867 870 933
f 933 870 1514
f 1800 869 1801
f 1801 869 1799
f 2830 1486 1325
f 1325 1486 2833
f 940 1450 2925
f 2925 1450 2928
f 946 961 907
f 907 961 958
f 959 962 977
f 977 962 978
f 3476 3134 1513
f 1513 3134 1514
f 2925 2928 3155
f 3155 2928 3158
f 1325 2833 656
f 656 2833 657
f 1801 1799 3157
f 3157 1799 3158
f 1074 1055 3475
f 3475 1055 1056
f 1371 3473 1370
f 1370 3473 1049
f 2884 615 3481
f 3481 615 618
f 3478 2831 2846
f 2846 2831 617
f 2831 1484 617
f 617 1484 618
f 1484 1487 618
f 618 1487 3481
f 2848 3481 2829
f 2829 3481 1487
f 1480 1517 1161
f 1161 1517 1162
f 3129 1323 1455
f 1455 1323 1322
f 3129 3134 1323
f 1323 3134 1478
f 1535 3173 1515
f 1515 3173 1516
f 3085 3095 3137
f 3137 3095 3094
f 3137 3094 3138
f 3138 3094 3104
f 3117 3139 3105
f 3105 3139 3106
f 1138 1141 3127
f 3127 1141 3128
f 3081 3131 1264
f 1264 3131 3130
f 1227 1226 3132
f 3132 1226 3133
f 1264 3130 1229
f 1229 3130 1322
f 1160 1501 1161
f 1161 1501 3135
f 1141 1476 3128
f 3128 1476 3136
f 1226 1163 3133
f 3133 1163 1162
f 1363 1138 1515
f 1515 1138 3127
f 3084 3095 3081
f 3081 3095 3131
f 3089 884 3105
f 3105 884 3140
f 884 883 3140
f 3140 883 3141
f 883 3482 3141
f 3141 3482 3142
f 3476 1481 3480
f 3480 1481 3135
f 1502 1479 3480
f 3480 1479 1478
f 3168 463 440
f 714 1880 715
f 715 1880 2905
f 896 732 2970
f 2970 732 731
f 1263 834 3082
f 3082 834 833
f 898 1231 853
f 853 1231 854
f 3125 890 2931
f 2931 890 889
f 1237 893 2851
f 2851 893 892
f 898 853 899
f 899 853 963
f 988 987 989
f 989 987 986
f 1002 1007 1003
f 1003 1007 1006
f 1038 1036 1007
f 1007 1036 1004
f 1070 1052 1005
f 1005 1052 1006
f 1069 1067 1070
f 1070 1067 1052
f 1130 1129 1134
f 1134 1129 1135
f 879 1167 880
f 880 1167 1166
f 1171 1169 1037
f 1037 1169 1038
f 1085 1180 1069
f 1069 1180 1067
f 1209 1210 879
f 879 1210 1167
f 2885 1215 1754
f 1754 1215 1214
f 1263 855 834
f 834 855 854
f 708 1244 1826
f 1826 1244 1243
f 2909 894 1254
f 1254 894 893
f 1228 1361 964
f 964 1361 1360
f 2908 2907 1436
f 1436 2907 1437
f 2990 1440 2991
f 2991 1440 1439
f 964 1360 965
f 965 1360 1454
f 950 1457 951
f 951 1457 1456
f 970 1463 971
f 971 1463 1462
f 1025 1169 984
f 984 1169 986
f 1084 1097 1469
f 1469 1097 1470
f 1096 1115 1474
f 1474 1115 1475
f 1140 1361 1141
f 1141 1361 1476
f 1212 1495 2828
f 2828 1495 1494
f 880 1166 1452
f 1452 1166 1499
f 715 2905 1504
f 1504 2905 2906
f 954 1519 955
f 955 1519 1518
f 1026 1520 992
f 992 1520 1518
f 1029 1520 1043
f 1043 1520 1521
f 997 1522 1040
f 1040 1522 1521
f 1015 1522 1016
f 1016 1522 1523
f 1523 996 1524
f 1524 996 1062
f 1057 1060 1525
f 1525 1060 1524
f 1094 1528 1082
f 1082 1528 1527
f 1526 1528 1089
f 1089 1528 1529
f 1090 1531 1108
f 1108 1531 1530
f 1125 1533 1126
f 1126 1533 1532
f 3483 1755 727
f 727 1755 1214
f 735 1814 707
f 707 1814 1813
f 2891 1834 1246
f 1246 1834 1243
f 2904 1881 1847
f 1847 1881 1848
f 1852 1855 1853
f 1853 1855 1858
f 1902 2903 1877
f 1877 2903 1878
f 2903 2904 1878
f 1878 2904 1847
f 714 713 1848
f 1848 713 1849
f 1440 2990 1883
f 1883 2990 2989
f 1883 2989 1852
f 1852 2989 1855
f 2895 1888 2892
f 2892 1888 1887
f 774 777 1877
f 1877 777 1903
f 1251 2835 1252
f 1252 2835 2834
f 1213 2844 1212
f 1212 2844 1495
f 2851 892 1213
f 1213 892 2844
f 3123 2911 3124
f 3124 2911 2910
f 887 2929 888
f 888 2929 889
f 1435 2963 1436
f 1436 2963 2961
f 1253 1438 1254
f 1254 1438 1437
f 2970 731 735
f 735 731 1814
f 733 732 2885
f 2885 732 1215
f 2901 2902 2976
f 2976 2902 2977
f 2975 2982 2976
f 2976 2982 2979
f 2899 2900 2981
f 2981 2900 2979
f 2899 2981 2898
f 2898 2981 2983
f 2986 2985 2984
f 2984 2985 2983
f 2897 2985 2896
f 2896 2985 2988
f 2991 1439 2987
f 2987 1439 2988
f 777 2978 1903
f 1903 2978 2977
f 1885 1888 1858
f 1858 1888 1853
f 3090 3088 836
f 836 3088 833
f 3083 3088 3097
f 3097 3088 3096
f 3097 3096 3104
f 3104 3096 3106
f 3111 3116 3108
f 3108 3116 3109
f 3112 3111 3114
f 3114 3111 3108
f 3113 3122 3114
f 3114 3122 3115
f 891 890 2837
f 2837 890 2834
f 951 1456 954
f 954 1456 1519
f 967 1457 936
f 936 1457 1454
f 971 1462 902
f 902 1462 963
f 1461 1463 988
f 988 1463 987
f 1466 1468 1474
f 1474 1468 1470
f 1089 1529 1090
f 1090 1529 1531
f 1184 1181 1469
f 1469 1181 1180
f 1082 1527 1061
f 1061 1527 1525
f 1129 1473 1135
f 1135 1473 1475
f 1108 1530 1105
f 1105 1530 1532
f 1452 1499 3132
f 3132 1499 3136
f 3109 3116 3139
f 3139 3116 3138
f 2912 2911 887
f 887 2911 2929
f 2836 2835 1497
f 1497 2835 1494
f 2913 3102 2910
f 2910 3102 3115
f 1133 3187 1134
f 1134 3187 3185
f 3177 3176 3197
f 3197 3176 3198
f 3203 3183 3206
f 3206 3183 3207
f 3196 3202 3197
f 3197 3202 3211
f 3183 3182 3207
f 3207 3182 3185
f 1125 3180 1533
f 1533 3180 3198
f 3331 3203 3330
f 3330 3203 3206
f 3376 3379 3385
f 3385 3379 3386
f 3382 3376 3392
f 3392 3376 3385
f 3412 3415 3413
f 3413 3415 3414
f 3417 3396 3415
f 3415 3396 3395
f 3383 3386 3426
f 3426 3386 3425
f 3413 3414 3432
f 3432 3414 3430
f 3437 3396 3435
f 3435 3396 3417
f 3329 3382 3330
f 3330 3382 3392
f 3426 3425 3460
f 3460 3425 3458
f 3432 3430 3457
f 3457 3430 3463
f 3457 3463 3456
f 3456 3463 3465
f 3460 3458 3467
f 3467 3458 3466
f 3466 3455 3465
f 3465 3455 3456
f 3202 3437 3211
f 3211 3437 3435
f 3104 3106 3138
f 3138 3106 3139
f 3132 3136 1227
f 1227 3136 1476
f 943 687 600
f 600 687 601
f 596 625 667
f 667 625 1297
f 687 686 601
f 601 686 653
f 1319 784 711
f 711 784 712
f 1811 607 783
f 783 607 712
f 862 921 917
f 917 921 920
f 3478 925 3479
f 3479 925 924
f 2846 926 3478
f 3478 926 925
f 659 662 929
f 929 662 930
f 856 921 857
f 857 921 1204
f 1206 864 1207
f 1207 864 863
f 2876 1219 2877
f 2877 1219 1218
f 667 1297 593
f 593 1297 1296
f 917 920 1333
f 1333 920 1346
f 686 693 653
f 653 693 930
f 1277 913 1498
f 1498 913 1207
f 592 1536 610
f 610 1536 711
f 864 1206 1805
f 1805 1206 1804
f 1317 1536 1900
f 1900 1536 1809
f 1900 1809 1295
f 1295 1809 1296
f 3479 924 3477
f 3477 924 2824
f 927 926 1203
f 1203 926 2847
f 3484 2859 3032
f 3032 2859 3033
f 3472 2878 1217
f 1217 2878 1218
f 2889 2888 2880
f 2880 2888 2881
f 2886 2883 2887
f 2887 2883 2882
f 929 928 2847
f 2847 928 1203
f 857 1204 2921
f 2921 1204 2926
f 1820 1819 2882
f 2882 1819 2881
f 1821 2883 2876
f 2876 2883 1219
f 782 2889 783
f 783 2889 2880
f 1352 3034 1353
f 1353 3034 3033
f 3031 3034 3041
f 3041 3034 3043
f 944 943 3043
f 3043 943 600
f 1339 3145 1498
f 1498 3145 3143
f 1208 882 3148
f 3148 882 3143
f 2921 2926 3151
f 3151 2926 3156
f 3477 2824 1345
f 1345 2824 1346
f 1805 1804 3154
f 3154 1804 3156
f 886 3103 883
f 883 3103 3482
f 841 1248 3485
f 3485 1248 3121
f 2811 2819 2812
f 2812 2819 2816
f 2818 2815 2817
f 2817 2815 2806
f 2817 2816 2818
f 2818 2816 2819
f 2793 2795 2819
f 2819 2795 2818
f 243 352 2793
f 2793 352 2795
f 242 353 243
f 243 353 352
f 359 191 242
f 242 191 353
f 247 192 359
f 359 192 191
f 157 193 247
f 247 193 192
f 156 194 157
f 157 194 193
f 378 261 156
f 156 261 194
f 378 381 261
f 261 381 195
f 195 381 196
f 196 381 376
f 196 376 198
f 198 376 375
f 375 1776 198
f 198 1776 197
f 1776 1767 197
f 197 1767 274
f 181 274 199
f 199 274 1767
f 568 566 564
f 564 566 563
f 568 569 566
f 566 569 567
f 501 1773 1771
f 1771 1773 578
f 547 579 1773
f 1773 579 578
f 3486 470 474
f 474 470 469
f 450 582 3487
f 3487 582 3488
f 582 583 3488
f 3488 583 3489
f 583 584 3489
f 3489 584 3490
f 3490 584 3491
f 3491 584 543
f 470 3486 466
f 466 3486 467
f 3489 3490 503
f 503 3490 504
f 503 3492 3489
f 3489 3492 3488
f 3492 503 3493
f 3493 503 502
f 3495 3492 3494
f 3494 3492 3493
f 3487 3488 3495
f 3495 3488 3492
f 468 1774 465
f 465 1774 570
f 3494 3493 1775
f 1775 3493 1771
f 3490 3491 504
f 504 3491 1772
f 3491 543 1772
f 1772 543 548
f 450 3487 474
f 474 3487 3486
f 3495 467 3487
f 3487 467 3486
f 3494 468 3495
f 3495 468 467
f 468 3494 1774
f 1774 3494 1775
f 501 1771 502
f 502 1771 3493
f 527 366 384
f 384 366 365
f 522 524 527
f 527 524 366
f 521 534 522
f 522 534 524
f 530 535 521
f 521 535 534
f 508 486 513
f 513 486 532
f 513 532 541
f 541 532 535
f 667 668 596
f 596 668 597
f 1294 1297 624
f 624 1297 625
f 603 641 604
f 604 641 640
f 1290 1293 650
f 650 1293 651
f 1758 691 660
f 660 691 661
f 602 671 599
f 599 671 670
f 654 662 690
f 690 662 661
f 2856 598 695
f 695 598 597
f 602 654 671
f 671 654 690
f 604 640 676
f 676 640 704
f 1826 1829 708
f 708 1829 709
f 1288 1284 740
f 740 1284 741
f 755 754 758
f 758 754 759
f 2853 2856 932
f 932 2856 695
f 689 691 1192
f 1192 691 1193
f 784 1319 1240
f 1240 1319 1241
f 1813 1816 1244
f 1244 1816 1245
f 754 1288 759
f 759 1288 740
f 1894 1242 1318
f 1318 1242 1241
f 2867 1348 1418
f 1418 1348 1347
f 676 704 673
f 673 704 1347
f 1284 1287 741
f 741 1287 1419
f 1421 1426 1422
f 1422 1426 1425
f 1758 660 615
f 615 660 616
f 1192 1191 1421
f 1421 1191 1426
f 2962 1839 1504
f 1504 1839 1505
f 941 1194 1759
f 1759 1194 1193
f 1287 1537 1419
f 1419 1537 1760
f 1882 2893 1823
f 1823 2893 1824
f 1886 1891 1827
f 1827 1891 1828
f 1887 1886 1834
f 1834 1886 1827
f 1841 716 1838
f 1838 716 1505
f 782 784 1850
f 1850 784 1240
f 1239 1242 1863
f 1863 1242 1864
f 1242 1894 1864
f 1864 1894 1873
f 1822 1239 1823
f 1823 1239 1863
f 1318 1317 1895
f 1895 1317 1900
f 1894 1896 1873
f 1873 1896 1897
f 1291 1896 1292
f 1292 1896 1895
f 605 1898 606
f 606 1898 1897
f 1258 1257 2854
f 2854 1257 2855
f 1257 1351 2855
f 2855 1351 2857
f 1351 1353 2857
f 2857 1353 2858
f 1353 3033 2858
f 2858 3033 2859
f 2860 2861 3036
f 3036 2861 3037
f 2862 2863 2870
f 2870 2863 3039
f 2870 2869 2862
f 2862 2869 2864
f 2868 2865 2869
f 2869 2865 2864
f 1764 2866 2868
f 2868 2866 2865
f 1537 1199 1760
f 1760 1199 1348
f 615 2884 1758
f 1758 2884 1759
f 1825 1246 2890
f 2890 1246 1245
f 2893 2892 1824
f 1824 2892 2891
f 761 2960 758
f 758 2960 2906
f 3000 2943 2940
f 2940 2943 2941
f 2968 710 2950
f 2950 710 709
f 1764 1423 2866
f 2866 1423 2953
f 1423 645 2953
f 2953 645 2954
f 645 644 2954
f 2954 644 2955
f 644 738 2955
f 2955 738 2956
f 738 764 2956
f 2956 764 2957
f 764 763 2957
f 2957 763 2958
f 763 2908 2958
f 2958 2908 2959
f 2908 1436 2959
f 2959 1436 2961
f 1837 2964 1435
f 1435 2964 2963
f 1837 2937 2964
f 2964 2937 2965
f 2936 2968 2966
f 2966 2968 2950
f 1840 2942 1838
f 1838 2942 2941
f 2939 2949 2940
f 2940 2949 3006
f 2939 2942 2966
f 2966 2942 2965
f 1822 1825 1850
f 1850 1825 2890
f 1891 3005 1828
f 1828 3005 3006
f 3035 3038 3045
f 3045 3038 3042
f 3045 3044 3035
f 3035 3044 3040
f 669 1422 3045
f 3045 1422 3044
f 599 670 3041
f 3041 670 3042
f 931 3067 932
f 932 3067 3065
f 2853 3066 2854
f 2854 3066 3076
f 3067 3496 3065
f 3065 3496 3497
f 3066 3498 3076
f 3076 3498 3499
f 707 1813 708
f 708 1813 1244
f 2960 2962 2906
f 2906 2962 1504
f 2892 1887 2891
f 2891 1887 1834
f 1839 2962 2963
f 2963 2962 2961
f 595 626 596
f 596 626 625
f 623 626 3484
f 3484 626 2859
f 1291 1290 606
f 606 1290 603
f 1290 650 603
f 603 650 641
f 641 650 642
f 642 650 649
f 2860 2863 649
f 649 2863 642
f 3036 3039 2860
f 2860 3039 2863
f 3035 3040 3036
f 3036 3040 3039
f 1294 1293 1295
f 1295 1293 1292
f 624 651 1294
f 1294 651 1293
f 623 652 624
f 624 652 651
f 3484 2861 623
f 623 2861 652
f 3032 3037 3484
f 3484 3037 2861
f 3031 3038 3032
f 3032 3038 3037
f 3481 2848 2884
f 2884 2848 942
f 2846 617 1427
f 1427 617 616
f 3049 3167 3048
f 3048 3167 3500
f 1906 3048 3070
f 3070 3048 3500
f 1337 1768 3501
f 3501 1768 3502
f 3020 3503 3021
f 3021 3503 3024
f 2914 3023 3020
f 3020 3023 3503
f 859 1770 860
f 860 1770 3504
f 1336 3505 1768
f 1768 3505 3502
f 3065 3497 3066
f 3066 3497 3498
f 2814 3075 3067
f 3067 3075 3496
f 2839 3174 766
f 766 3174 3017
f 1337 3501 1338
f 1338 3501 1769
f 767 3018 3026
f 3026 3018 3506
f 3076 3499 3064
f 3064 3499 3507
f 727 730 3483
f 3483 730 3030
f 3064 3507 2871
f 2871 3507 3077
f 3100 3160 1786
f 1786 3160 1784
f 3026 3506 752
f 752 3506 3015
f 860 3504 2923
f 2923 3504 3508
f 753 3016 3027
f 3027 3016 3509
f 3027 3509 3008
f 3008 3509 3028
f 1782 1785 1783
f 1783 1785 3022
f 2923 3508 3153
f 3153 3508 3161
f 3148 3149 1208
f 1208 3149 3150
f 1335 1328 3510
f 3510 1328 1327
f 1336 1335 3505
f 3505 1335 3510
f 866 3511 1340
f 1340 3511 3146
f 865 1808 866
f 866 1808 3511
f 842 841 3159
f 3159 841 3485
f 2849 3512 1329
f 1329 3512 1326
f 1202 1331 2849
f 2849 1331 3512
f 3514 3515 3513
f 3513 3515 3516
f 3518 3516 3517
f 3517 3516 3515
f 3519 3520 3514
f 3514 3520 3515
f 3522 3523 3521
f 3521 3523 3524
f 3526 3527 3525
f 3525 3527 3528
f 3530 3531 3529
f 3529 3531 3532
f 3534 3535 3533
f 3533 3535 3536
f 3529 3532 3537
f 3537 3532 3538
f 3537 3539 3529
f 3529 3539 3540
f 3542 3543 3541
f 3541 3543 3544
f 3546 3547 3545
f 3545 3547 3548
f 3550 3534 3549
f 3549 3534 3533
f 3550 3543 3551
f 3551 3543 3552
f 3537 3545 3539
f 3539 3545 3548
f 3553 3554 3556
f 3556 3554 3555
f 3537 3557 3545
f 3545 3557 3546
f 3558 3559 3561
f 3561 3559 3560
f 3563 3564 3562
f 3562 3564 3565
f 3564 3563 3566
f 3566 3563 3567
f 3569 3570 3568
f 3568 3570 3571
f 3573 3574 3572
f 3572 3574 3575
f 3577 3578 3576
f 3576 3578 3579
f 3581 3582 3580
f 3580 3582 3583
f 3585 3586 3584
f 3584 3586 3579
f 3586 3587 3579
f 3579 3587 3576
f 3589 3590 3588
f 3588 3590 3591
f 3592 3593 3595
f 3595 3593 3594
f 3597 3598 3596
f 3596 3598 3595
f 3583 3600 3599
f 3599 3600 3601
f 3603 3599 3602
f 3602 3599 3601
f 3605 3606 3604
f 3604 3606 3607
f 3608 3555 3596
f 3596 3555 3554
f 3597 3610 3609
f 3609 3610 3565
f 3564 3611 3565
f 3565 3611 3609
f 3611 3564 3612
f 3612 3564 3566
f 3613 3614 3569
f 3569 3614 3570
f 3615 3616 3573
f 3573 3616 3574
f 3517 3617 3518
f 3518 3617 3618
f 3620 3621 3619
f 3619 3621 3622
f 3624 3625 3623
f 3623 3625 3626
f 3628 3629 3627
f 3627 3629 3630
f 3632 3633 3631
f 3631 3633 3634
f 3636 3637 3635
f 3635 3637 3638
f 3640 3641 3639
f 3639 3641 3642
f 3643 3644 3639
f 3639 3644 3640
f 3646 3513 3645
f 3645 3513 3647
f 3648 3514 3646
f 3646 3514 3513
f 3649 3519 3648
f 3648 3519 3514
f 3650 3651 3527
f 3527 3651 3652
f 3654 3651 3653
f 3653 3651 3650
f 3568 3571 3655
f 3655 3571 3656
f 3657 3658 3653
f 3653 3658 3659
f 3661 3662 3660
f 3660 3662 3658
f 3664 3665 3663
f 3663 3665 3666
f 3667 3657 3650
f 3650 3657 3653
f 3669 3523 3668
f 3668 3523 3670
f 3672 3673 3671
f 3671 3673 3674
f 3676 3677 3675
f 3675 3677 3678
f 3671 3674 3676
f 3676 3674 3677
f 3680 3681 3679
f 3679 3681 3682
f 3683 3684 3680
f 3680 3684 3681
f 3685 3686 3661
f 3661 3686 3662
f 3686 3687 3662
f 3662 3687 3688
f 3684 3683 3689
f 3689 3683 3690
f 3692 3693 3691
f 3691 3693 3694
f 3691 3694 3695
f 3695 3694 3696
f 3698 3699 3697
f 3697 3699 3700
f 3702 3703 3701
f 3701 3703 3704
f 3705 3706 3519
f 3519 3706 3520
f 3673 3672 3707
f 3707 3672 3708
f 3709 3710 3682
f 3682 3710 3679
f 3711 3712 3692
f 3692 3712 3693
f 3714 3715 3713
f 3713 3715 3716
f 3718 3700 3717
f 3717 3700 3699
f 3720 3721 3719
f 3719 3721 3722
f 3724 3725 3723
f 3723 3725 3726
f 3727 3728 3730
f 3730 3728 3729
f 3722 3721 3731
f 3731 3721 3732
f 3697 3700 3733
f 3733 3700 3714
f 3733 3714 3734
f 3734 3714 3713
f 3721 3723 3732
f 3732 3723 3735
f 3720 3736 3724
f 3724 3736 3737
f 3700 3718 3714
f 3714 3718 3715
f 3717 3699 3738
f 3738 3699 3739
f 3536 3740 3533
f 3533 3740 3540
f 3742 3743 3741
f 3741 3743 3744
f 3746 3747 3745
f 3745 3747 3748
f 3750 3751 3749
f 3749 3751 3752
f 3627 3632 3628
f 3628 3632 3631
f 3754 3755 3753
f 3753 3755 3626
f 3562 3565 3756
f 3756 3565 3610
f 3527 3652 3528
f 3528 3652 3757
f 3758 3524 3669
f 3669 3524 3523
f 3582 3598 3583
f 3583 3598 3600
f 3759 3670 3522
f 3522 3670 3523
f 3675 3678 3760
f 3760 3678 3761
f 3762 3763 3690
f 3690 3763 3689
f 3765 3766 3764
f 3764 3766 3767
f 3768 3739 3698
f 3698 3739 3699
f 3726 3725 3770
f 3770 3725 3769
f 3645 3647 3771
f 3771 3647 3772
f 3645 3678 3646
f 3646 3678 3677
f 3646 3677 3648
f 3648 3677 3674
f 3673 3649 3674
f 3674 3649 3648
f 3707 3773 3673
f 3673 3773 3649
f 3775 3776 3774
f 3774 3776 3777
f 3779 3526 3778
f 3778 3526 3525
f 3526 3779 3667
f 3667 3779 3780
f 3780 3781 3667
f 3667 3781 3657
f 3672 3679 3708
f 3708 3679 3710
f 3671 3680 3672
f 3672 3680 3679
f 3676 3683 3671
f 3671 3683 3680
f 3675 3690 3676
f 3676 3690 3683
f 3760 3762 3675
f 3675 3762 3690
f 3682 3681 3783
f 3783 3681 3782
f 3689 3784 3684
f 3684 3784 3785
f 3684 3785 3681
f 3681 3785 3782
f 3786 3709 3783
f 3783 3709 3682
f 3784 3689 3787
f 3787 3689 3763
f 3789 3557 3788
f 3788 3557 3790
f 3792 3793 3791
f 3791 3793 3794
f 3616 3615 3795
f 3795 3615 3796
f 3797 3798 3727
f 3727 3798 3728
f 3800 3801 3799
f 3799 3801 3802
f 3803 3578 3592
f 3592 3578 3593
f 3805 3806 3804
f 3804 3806 3807
f 3599 3603 3585
f 3585 3603 3586
f 3587 3586 3604
f 3604 3586 3603
f 3588 3591 3794
f 3794 3591 3791
f 3581 3803 3582
f 3582 3803 3592
f 3594 3561 3608
f 3608 3561 3790
f 3662 3688 3808
f 3808 3688 3809
f 3665 3664 3810
f 3810 3664 3811
f 3719 3812 3720
f 3720 3812 3736
f 3717 3813 3718
f 3718 3813 3737
f 3723 3721 3724
f 3724 3721 3720
f 3813 3717 3814
f 3814 3717 3738
f 3815 3816 303
f 303 3816 304
f 3818 3819 3817
f 3817 3819 3820
f 3578 3803 3579
f 3579 3803 3584
f 3558 3593 3577
f 3577 3593 3578
f 3822 3823 3821
f 3821 3823 3824
f 3546 3826 3825
f 3825 3826 3827
f 3828 3829 3547
f 3547 3829 3541
f 3831 3542 3830
f 3830 3542 3832
f 3834 3822 3833
f 3833 3822 3821
f 3835 3836 3827
f 3827 3836 3825
f 3800 3799 3828
f 3828 3799 3829
f 3830 3832 3837
f 3837 3832 3838
f 331 330 3551
f 3551 330 3839
f 3831 333 3552
f 3552 333 332
f 3819 3797 3841
f 3841 3797 3840
f 3513 3516 3647
f 3647 3516 3746
f 337 336 3745
f 3745 336 3772
f 3525 3528 3775
f 3775 3528 3749
f 3610 3597 3554
f 3554 3597 3596
f 3706 3702 3520
f 3520 3702 3701
f 3756 3610 3553
f 3553 3610 3554
f 3757 3750 3528
f 3528 3750 3749
f 3517 3515 3701
f 3701 3515 3520
f 3842 3584 3581
f 3581 3584 3803
f 3525 3775 3778
f 3778 3775 3774
f 3638 3843 3635
f 3635 3843 3618
f 3617 3621 3618
f 3618 3621 3635
f 3617 3517 3704
f 3704 3517 3701
f 3521 3624 3522
f 3522 3624 3623
f 3749 3844 3775
f 3775 3844 3776
f 3846 3847 3845
f 3845 3847 3848
f 3843 3747 3618
f 3618 3747 3518
f 3850 3851 3849
f 3849 3851 3748
f 3853 3854 3852
f 3852 3854 3855
f 3856 3857 3622
f 3622 3857 3619
f 3859 3860 3858
f 3858 3860 3861
f 3862 3844 3752
f 3752 3844 3749
f 3863 3759 3623
f 3623 3759 3522
f 3864 3777 3630
f 3630 3777 3776
f 3713 3865 3734
f 3734 3865 3866
f 3868 3869 3867
f 3867 3869 3870
f 3872 3873 3871
f 3871 3873 3874
f 3876 3877 3875
f 3875 3877 3878
f 3879 3880 3878
f 3878 3880 3881
f 3882 3883 3885
f 3885 3883 3884
f 3780 3886 3781
f 3781 3886 3887
f 3888 3685 3869
f 3869 3685 3661
f 3880 3879 3883
f 3883 3879 3884
f 3693 3783 3694
f 3694 3783 3782
f 3696 3785 3764
f 3764 3785 3784
f 3694 3782 3696
f 3696 3782 3785
f 3693 3786 3783
f 3787 3765 3784
f 3784 3765 3764
f 386 385 3765
f 3765 385 3766
f 3695 3889 3691
f 3691 3889 3890
f 3691 3890 3692
f 3692 3890 3891
f 3892 3711 3891
f 3891 3711 3692
f 3767 3893 3695
f 3695 3893 3889
f 3766 3894 3767
f 3767 3894 3893
f 3882 3885 3895
f 3895 3885 3896
f 3898 3698 3897
f 3897 3698 3697
f 3897 3697 3899
f 3899 3697 3733
f 3899 3733 3900
f 3900 3733 3734
f 3901 3768 3898
f 3898 3768 3698
f 3901 3902 3768
f 3768 3902 3903
f 3904 3905 3907
f 3907 3905 3906
f 3869 3661 3870
f 3870 3661 3660
f 3908 3909 3896
f 3896 3909 3895
f 3909 3758 3895
f 3895 3758 3669
f 3751 3531 3752
f 3752 3531 3848
f 3858 3536 3854
f 3854 3536 3535
f 3652 3562 3757
f 3757 3562 3756
f 3651 3654 3563
f 3563 3654 3567
f 3655 3656 3808
f 3808 3656 3659
f 3530 3740 3845
f 3845 3740 3861
f 3751 3750 3556
f 3556 3750 3553
f 3817 3820 3796
f 3796 3820 3795
f 410 409 3910
f 3910 409 3855
f 3750 3757 3553
f 3553 3757 3756
f 3908 3886 3909
f 3909 3886 3780
f 409 411 3855
f 3855 411 3851
f 413 412 3760
f 3760 412 3762
f 415 414 3763
f 3763 414 3787
f 3790 3557 3538
f 3538 3557 3537
f 3555 3608 3538
f 3538 3608 3790
f 3574 3911 3575
f 3575 3911 3912
f 3535 3534 3910
f 3910 3534 3839
f 3831 3552 3542
f 3542 3552 3543
f 3534 3550 3839
f 3839 3550 3551
f 3543 3550 3544
f 3544 3550 3549
f 3913 3914 3916
f 3916 3914 3915
f 3806 3805 3589
f 3589 3805 3590
f 3849 3843 3917
f 3917 3843 3638
f 3853 3644 3859
f 3859 3644 3742
f 3747 3746 3518
f 3518 3746 3516
f 3695 3696 3767
f 3767 3696 3764
f 3903 3918 3768
f 3768 3918 3739
f 3738 3739 3816
f 3816 3739 3918
f 3919 3920 3769
f 3769 3920 3770
f 3921 3726 3922
f 3922 3726 3770
f 3678 3645 3761
f 3761 3645 3771
f 3924 3913 3923
f 3923 3913 3916
f 3802 3925 3838
f 3838 3925 3837
f 3577 3926 3558
f 3558 3926 3559
f 3815 3919 3814
f 3814 3919 3769
f 3927 3928 3822
f 3822 3928 3823
f 3829 3832 3541
f 3541 3832 3542
f 3834 3927 3822
f 3832 3829 3838
f 3838 3829 3799
f 3745 3772 3746
f 3746 3772 3647
f 3849 3748 3843
f 3843 3748 3747
f 3854 3853 3858
f 3858 3853 3859
f 3854 3535 3855
f 3855 3535 3910
f 3557 3789 3546
f 3546 3789 3826
f 3923 3823 3924
f 3924 3823 3928
f 3823 3923 3929
f 3929 3923 3930
f 3531 3751 3532
f 3532 3751 3556
f 3532 3556 3538
f 3538 3556 3555
f 3932 3634 3931
f 3931 3634 3633
f 3814 3769 3813
f 3813 3769 3725
f 3620 3636 3621
f 3621 3636 3635
f 3847 3862 3848
f 3848 3862 3752
f 3531 3530 3848
f 3848 3530 3845
f 3933 3934 3830
f 3830 3934 3831
f 3925 3933 3837
f 3837 3933 3830
f 3934 440 3831
f 3831 440 333
f 3925 3802 3833
f 3833 3802 3801
f 3776 3844 3630
f 3630 3844 3627
f 3808 3659 3662
f 3662 3659 3658
f 3667 3650 3526
f 3526 3650 3527
f 3935 3666 3936
f 3936 3666 3665
f 3718 3737 3715
f 3715 3737 3736
f 3663 3809 3664
f 3664 3809 3688
f 3807 3806 3938
f 3938 3806 3937
f 445 413 3761
f 3761 413 3760
f 3902 447 3903
f 3903 447 446
f 3897 3890 3898
f 3898 3890 3889
f 3899 3891 3897
f 3897 3891 3890
f 3898 3889 3901
f 3901 3889 3893
f 3893 3894 3901
f 3901 3894 3902
f 414 386 3787
f 3787 386 3765
f 3940 3941 3939
f 3939 3941 3942
f 3840 3797 3943
f 3943 3797 3727
f 3665 3810 3936
f 3936 3810 3944
f 3921 3735 3726
f 3726 3735 3723
f 3920 3945 3770
f 3770 3945 3922
f 3521 3524 3774
f 3774 3524 3778
f 3864 3946 3625
f 3625 3946 3947
f 3773 3705 3649
f 3649 3705 3519
f 3779 3778 3758
f 3758 3778 3524
f 3812 3716 3736
f 3736 3716 3715
f 3624 3521 3777
f 3777 3521 3774
f 3703 3856 3704
f 3704 3856 3622
f 3900 3892 3899
f 3899 3892 3891
f 3641 3917 3642
f 3642 3917 3948
f 3895 3669 3882
f 3882 3669 3668
f 3855 3851 3852
f 3852 3851 3850
f 3894 458 3902
f 3902 458 447
f 3781 3887 3660
f 3660 3887 3870
f 3570 3566 3571
f 3571 3566 3567
f 3950 3576 3949
f 3949 3576 3587
f 3605 3602 3614
f 3614 3602 3612
f 3614 3612 3570
f 3570 3612 3566
f 3571 3567 3656
f 3656 3567 3654
f 3660 3658 3781
f 3781 3658 3657
f 3604 3607 3587
f 3587 3607 3949
f 3653 3659 3654
f 3654 3659 3656
f 3529 3540 3530
f 3530 3540 3740
f 3687 3811 3688
f 3688 3811 3664
f 3813 3725 3737
f 3737 3725 3724
f 3919 3815 461
f 461 3815 303
f 3818 3798 3819
f 3819 3798 3797
f 3819 3841 3820
f 3820 3841 3951
f 3816 3815 3738
f 3738 3815 3814
f 3540 3539 3533
f 3533 3539 3549
f 3548 3547 3544
f 3544 3547 3541
f 3539 3548 3549
f 3549 3548 3544
f 3741 3931 3860
f 3860 3931 3846
f 3801 3800 3835
f 3835 3800 3836
f 3934 3933 3824
f 3824 3933 3821
f 3825 3828 3546
f 3546 3828 3547
f 3833 3821 3925
f 3925 3821 3933
f 3800 3828 3836
f 3836 3828 3825
f 3824 3952 3934
f 3934 3952 440
f 3860 3846 3861
f 3861 3846 3845
f 3629 3946 3630
f 3630 3946 3864
f 3740 3536 3861
f 3861 3536 3858
f 3833 3801 3834
f 3834 3801 3835
f 3583 3599 3580
f 3580 3599 3585
f 3651 3563 3652
f 3652 3563 3562
f 3758 3909 3779
f 3779 3909 3780
f 3621 3617 3622
f 3622 3617 3704
f 3625 3947 3626
f 3626 3947 3753
f 3633 3632 3847
f 3847 3632 3862
f 3852 3850 3640
f 3640 3850 3641
f 3644 3853 3640
f 3640 3853 3852
f 3859 3742 3860
f 3860 3742 3741
f 3632 3627 3862
f 3862 3627 3844
f 3755 3863 3626
f 3626 3863 3623
f 3917 3638 3948
f 3948 3638 3637
f 3644 3643 3742
f 3742 3643 3743
f 3931 3633 3846
f 3846 3633 3847
f 3625 3624 3864
f 3864 3624 3777
f 3917 3641 3849
f 3849 3641 3850
f 3744 3932 3741
f 3741 3932 3931
f 3903 446 3918
f 3918 446 464
f 3953 3954 3956
f 3956 3954 3955
f 3958 3959 3957
f 3957 3959 3960
f 3876 3958 3877
f 3877 3958 3957
f 3877 3957 3961
f 3961 3957 3962
f 3963 3964 3958
f 3958 3964 3959
f 3965 3966 3876
f 3876 3966 3958
f 3966 3963 3958
f 3966 3967 3963
f 3963 3967 3968
f 3878 3877 3879
f 3879 3877 3961
f 3967 3969 3968
f 3968 3969 3970
f 3969 3971 3970
f 3970 3971 3972
f 3974 3904 3973
f 3973 3904 3907
f 3971 3975 3972
f 3972 3975 3976
f 3976 3975 3978
f 3978 3975 3977
f 3979 3980 3977
f 3977 3980 3978
f 3981 3982 3979
f 3979 3982 3980
f 3983 3984 3981
f 3981 3984 3982
f 3972 3985 3970
f 3970 3985 3986
f 3871 3987 3969
f 3969 3987 3971
f 3872 3871 3967
f 3967 3871 3969
f 3965 3872 3966
f 3966 3872 3967
f 3970 3986 3968
f 3968 3986 3988
f 3879 3961 3884
f 3884 3961 3940
f 3884 3940 3885
f 3885 3940 3939
f 3989 3990 3992
f 3992 3990 3991
f 3942 3993 3995
f 3995 3993 3994
f 3994 3996 3995
f 3995 3996 3974
f 3997 3998 3994
f 3994 3998 3996
f 3999 3997 3993
f 3993 3997 3994
f 4001 3996 4000
f 4000 3996 3998
f 4000 3998 4002
f 4002 3998 4003
f 4004 4003 3997
f 3997 4003 3998
f 3997 3999 4004
f 4004 3999 4005
f 4006 3995 3973
f 3973 3995 3974
f 3939 3942 4006
f 4006 3942 3995
f 3906 3887 3907
f 3907 3887 3886
f 3887 3906 3870
f 3870 3906 3867
f 3908 3973 3886
f 3886 3973 3907
f 3865 4007 3866
f 3866 4007 4008
f 3984 3983 4009
f 4009 3983 4010
f 3961 3962 3940
f 3940 3962 3941
f 4012 3868 4011
f 4011 3868 3867
f 4013 3975 3987
f 3987 3975 3971
f 4014 3977 4013
f 4013 3977 3975
f 4015 4010 4007
f 4007 4010 3983
f 4007 3983 4008
f 4008 3983 3981
f 4008 3981 4016
f 4016 3981 3979
f 4017 3984 4018
f 4018 3984 4009
f 3977 4014 3979
f 3979 4014 4016
f 3982 3984 4019
f 4019 3984 4017
f 4021 4022 4020
f 4020 4022 4023
f 4022 4012 4023
f 4023 4012 4011
f 4023 3904 4020
f 4020 3904 3974
f 4024 4025 4018
f 4018 4025 4017
f 4026 4027 4024
f 4024 4027 4025
f 4028 4026 4029
f 4029 4026 4024
f 4018 4021 4024
f 4024 4021 4029
f 4030 4031 4026
f 4026 4031 4027
f 4032 4030 4028
f 4028 4030 4026
f 4029 4001 4028
f 4028 4001 4000
f 4028 4000 4032
f 4032 4000 4002
f 4034 4035 4033
f 4033 4035 4036
f 4037 4038 4019
f 4019 4038 4039
f 4041 4039 4040
f 4040 4039 4038
f 4040 4038 4042
f 4042 4038 4036
f 4042 4036 4043
f 4043 4036 4035
f 3985 4044 4046
f 4046 4044 4045
f 4047 4048 4045
f 4045 4048 4046
f 4047 4049 4048
f 4048 4049 4050
f 4042 4047 4040
f 4040 4047 4045
f 4043 4049 4042
f 4042 4049 4047
f 4040 4045 4041
f 4041 4045 4044
f 4052 3959 4051
f 4051 3959 3964
f 4053 4054 4051
f 4051 4054 4055
f 3956 3960 4052
f 4052 3960 3959
f 3953 3956 4056
f 4056 3956 4052
f 4058 3953 4057
f 4057 3953 4056
f 4060 4061 4059
f 4059 4061 4062
f 4063 4064 4054
f 4054 4064 4057
f 4054 4053 4063
f 4063 4053 4065
f 4066 4067 4069
f 4069 4067 4068
f 4048 4050 4063
f 4063 4050 4064
f 4063 4065 4048
f 4048 4065 4046
f 3985 4046 3986
f 3986 4046 4065
f 3986 4065 3988
f 3988 4065 4053
f 3988 4053 3964
f 3964 4053 4051
f 3976 3978 4044
f 4044 3978 4041
f 3980 3982 4039
f 4039 3982 4019
f 4039 4041 3980
f 3980 4041 3978
f 3973 3908 4006
f 4006 3908 3896
f 3885 3939 3896
f 3896 3939 4006
f 4031 4034 4027
f 4027 4034 4033
f 4027 4033 4025
f 4025 4033 4037
f 4019 4017 4037
f 4037 4017 4025
f 3993 3942 4070
f 4070 3942 3941
f 3999 3993 4071
f 4071 3993 4070
f 3999 4071 4005
f 4005 4071 4072
f 4073 4074 4076
f 4076 4074 4075
f 4078 4079 4077
f 4077 4079 4080
f 4082 4080 4081
f 4081 4080 4079
f 4084 4085 4083
f 4083 4085 4086
f 4087 4088 4090
f 4090 4088 4089
f 4092 4093 4091
f 4091 4093 4094
f 4096 4097 4095
f 4095 4097 4098
f 4100 4101 4099
f 4099 4101 4102
f 4103 4104 4106
f 4106 4104 4105
f 4108 4109 4107
f 4107 4109 4110
f 4112 4113 4111
f 4111 4113 4114
f 4116 4117 4115
f 4115 4117 4118
f 4120 4121 4119
f 4119 4121 4122
f 4123 4124 4126
f 4126 4124 4125
f 4127 4128 4130
f 4130 4128 4129
f 4132 4133 4131
f 4131 4133 4134
f 4136 4108 4135
f 4135 4108 4107
f 4138 4139 4137
f 4137 4139 4140
f 4141 4142 4088
f 4088 4142 4089
f 4144 4145 4143
f 4143 4145 4146
f 4148 4149 4147
f 4147 4149 4150
f 4152 4153 4151
f 4151 4153 4154
f 4156 4082 4155
f 4155 4082 4081
f 4157 4158 4160
f 4160 4158 4159
f 4161 4162 4164
f 4164 4162 4163
f 4166 4122 4165
f 4165 4122 4121
f 4168 4152 4167
f 4167 4152 4151
f 4169 4170 4172
f 4172 4170 4171
f 4174 4175 4173
f 4173 4175 4176
f 4178 4149 4177
f 4177 4149 4179
f 4173 4176 4180
f 4180 4176 4181
f 4156 4085 4182
f 4182 4085 4183
f 4182 4184 4156
f 4156 4184 4082
f 4185 4186 4184
f 4184 4186 4187
f 4186 4188 4187
f 4187 4188 4189
f 4190 4191 4073
f 4073 4191 4074
f 4177 4179 4158
f 4158 4179 4159
f 4193 4127 4192
f 4192 4127 4130
f 4144 4194 4151
f 4151 4194 4167
f 4196 4197 4195
f 4195 4197 4198
f 4095 4199 4096
f 4096 4199 4200
f 4201 4202 4204
f 4204 4202 4203
f 4205 4206 4208
f 4208 4206 4207
f 4121 4120 4209
f 4209 4120 4210
f 4212 4213 4211
f 4211 4213 4214
f 4216 4217 4215
f 4215 4217 4218
f 4220 4221 4219
f 4219 4221 4222
f 4224 4196 4223
f 4223 4196 4195
f 4225 4226 4134
f 4134 4226 4131
f 4228 4229 4227
f 4227 4229 4230
f 4232 4233 4231
f 4231 4233 4098
f 4235 4236 4234
f 4234 4236 4237
f 4239 4240 4238
f 4238 4240 4241
f 4242 4243 4245
f 4245 4243 4244
f 4246 4247 4249
f 4249 4247 4248
f 4251 4252 4250
f 4250 4252 4253
f 4255 4256 4254
f 4254 4256 4257
f 4259 4260 4258
f 4258 4260 4261
f 4263 4264 4262
f 4262 4264 4265
f 4267 4268 4266
f 4266 4268 4269
f 4271 4199 4270
f 4270 4199 4272
f 4273 4274 4276
f 4276 4274 4275
f 4115 4118 4277
f 4277 4118 4278
f 4280 4281 4279
f 4279 4281 4282
f 4211 4283 4212
f 4212 4283 4284
f 4286 4287 4285
f 4285 4287 4288
f 4165 4121 4289
f 4289 4121 4209
f 4291 4286 4290
f 4290 4286 4285
f 4293 4294 4292
f 4292 4294 4295
f 4297 4298 4296
f 4296 4298 4299
f 4301 4302 4300
f 4300 4302 4303
f 4299 4304 4296
f 4296 4304 4305
f 4306 4292 4307
f 4307 4292 4295
f 4307 4308 4306
f 4306 4308 4309
f 4310 4309 4075
f 4075 4309 4308
f 4299 4298 4312
f 4312 4298 4311
f 4302 4301 4293
f 4293 4301 4294
f 3735 3921 4313
f 4313 3921 4314
f 4315 4314 3922
f 3922 4314 3921
f 4316 3945 829
f 829 3945 830
f 4289 4317 4165
f 4165 4317 4318
f 4320 4321 4319
f 4319 4321 4322
f 4324 4325 4323
f 4323 4325 4326
f 4327 4328 4330
f 4330 4328 4329
f 4290 4331 4291
f 4291 4331 4332
f 4165 4318 4166
f 4166 4318 4333
f 4334 4335 4337
f 4337 4335 4336
f 4339 4340 4338
f 4338 4340 4341
f 4168 4343 4342
f 4342 4343 4344
f 4346 4347 4345
f 4345 4347 4348
f 4350 4351 4349
f 4349 4351 4352
f 4354 4355 4353
f 4353 4355 4356
f 4357 4358 4324
f 4324 4358 4325
f 4337 4359 4334
f 4334 4359 4360
f 4362 4363 4361
f 4361 4363 4364
f 4366 4367 4365
f 4365 4367 4368
f 4369 4370 4372
f 4372 4370 4371
f 4331 4290 4374
f 4374 4290 4373
f 4373 4376 4375
f 4375 4376 4377
f 4379 4380 4378
f 4378 4380 4381
f 4217 4382 4218
f 4218 4382 4383
f 4385 4386 4384
f 4384 4386 4387
f 4388 4389 4338
f 4338 4389 4390
f 4337 4336 4392
f 4392 4336 4391
f 4394 4362 4393
f 4393 4362 4361
f 4396 4397 4395
f 4395 4397 4398
f 4400 4401 4399
f 4399 4401 4402
f 4345 4403 4346
f 4346 4403 4404
f 4405 4406 4342
f 4342 4406 4407
f 4409 4410 4408
f 4408 4410 4411
f 4408 4412 4409
f 4409 4412 4413
f 4181 4415 4414
f 4414 4415 4416
f 4182 4183 4417
f 4417 4183 4418
f 4419 4353 4311
f 4311 4353 4312
f 4421 4422 4420
f 4420 4422 4423
f 4353 4356 4312
f 4312 4356 4424
f 4166 4333 4425
f 4425 4333 4426
f 4425 4143 4166
f 4166 4143 4122
f 4427 4107 4428
f 4428 4107 4110
f 4429 4430 4174
f 4174 4430 4175
f 4335 4431 4336
f 4336 4431 4390
f 4336 4390 4391
f 4391 4390 4389
f 4432 4433 4435
f 4435 4433 4434
f 4437 4438 4436
f 4436 4438 4439
f 4441 4442 4440
f 4440 4442 4443
f 4359 4444 4361
f 4361 4444 4393
f 4446 4447 4445
f 4445 4447 4448
f 4338 4341 4388
f 4388 4341 4449
f 4450 4451 4398
f 4398 4451 4395
f 4453 4454 4452
f 4452 4454 4455
f 4457 4458 4456
f 4456 4458 4459
f 4460 4461 4448
f 4448 4461 4445
f 4463 4464 4462
f 4462 4464 4465
f 4462 4465 4466
f 4466 4465 4467
f 4468 4469 4467
f 4467 4469 4466
f 4469 4468 4470
f 4470 4468 4471
f 4472 4473 4471
f 4471 4473 4470
f 4475 4476 4474
f 4474 4476 4477
f 4479 4480 4478
f 4478 4480 4481
f 4483 4484 4482
f 4482 4484 4485
f 4487 4488 4486
f 4486 4488 4489
f 4491 4492 4490
f 4490 4492 4493
f 4494 4495 4493
f 4493 4495 4490
f 4496 4497 4494
f 4494 4497 4495
f 4497 4496 4498
f 4498 4496 4499
f 4500 4501 4503
f 4503 4501 4502
f 4505 4506 4504
f 4504 4506 4507
f 4466 4508 4462
f 4462 4508 4509
f 4470 4510 4469
f 4469 4510 4511
f 4513 4479 4512
f 4512 4479 4478
f 4515 4443 4514
f 4514 4443 4442
f 4516 4517 4519
f 4519 4517 4518
f 4521 4495 4520
f 4520 4495 4497
f 4522 4490 4521
f 4521 4490 4495
f 4491 4523 4488
f 4488 4523 4524
f 4525 4489 4524
f 4524 4489 4488
f 4484 4526 4485
f 4485 4526 4527
f 4503 4528 4500
f 4500 4528 4529
f 4530 4531 4533
f 4533 4531 4532
f 4535 4506 4534
f 4534 4506 4530
f 4486 4536 4487
f 4487 4536 4537
f 4487 4537 4492
f 4492 4537 4538
f 4494 4539 4496
f 4496 4539 4540
f 4542 4533 4541
f 4541 4533 4499
f 4544 4545 4543
f 4543 4545 4546
f 4548 4549 4547
f 4547 4549 4550
f 4536 4551 4537
f 4537 4551 4552
f 4537 4552 4538
f 4538 4552 4553
f 4554 4539 4556
f 4556 4539 4555
f 4557 4540 4554
f 4554 4540 4539
f 4559 4557 4558
f 4558 4557 4560
f 4540 4557 4541
f 4541 4557 4559
f 4562 4563 4561
f 4561 4563 4564
f 4546 4565 4543
f 4543 4565 4566
f 4547 4567 4548
f 4548 4567 4568
f 4570 4571 4569
f 4569 4571 4572
f 4574 4575 4573
f 4573 4575 4576
f 4578 4579 4577
f 4577 4579 4580
f 4582 4583 4581
f 4581 4583 4584
f 4585 4586 4588
f 4588 4586 4587
f 4589 4585 4590
f 4590 4585 4588
f 4592 4593 4591
f 4591 4593 4594
f 4596 4597 4595
f 4595 4597 4598
f 4600 4601 4599
f 4599 4601 4602
f 4563 4604 4603
f 4603 4604 4605
f 4603 4606 4608
f 4608 4606 4607
f 4609 4610 4594
f 4594 4610 4591
f 4611 4612 4614
f 4614 4612 4613
f 4616 4617 4615
f 4615 4617 4618
f 4602 4620 4619
f 4619 4620 4621
f 4619 4622 4602
f 4602 4622 4599
f 4605 4599 4623
f 4623 4599 4622
f 4605 4623 4603
f 4603 4623 4606
f 4625 4626 4624
f 4624 4626 4627
f 4438 4437 4628
f 4628 4437 4629
f 4442 4441 4630
f 4630 4441 4631
f 4630 4632 4442
f 4442 4632 4514
f 4633 4634 4529
f 4529 4634 4500
f 4500 4634 4501
f 4501 4634 4635
f 4637 4546 4636
f 4636 4546 4545
f 4639 4565 4638
f 4638 4565 4640
f 4573 4576 4641
f 4641 4576 4642
f 4593 4643 4594
f 4594 4643 4644
f 4645 4609 4644
f 4644 4609 4594
f 4647 4648 4646
f 4646 4648 4649
f 4651 4652 4650
f 4650 4652 4653
f 4654 4498 4519
f 4519 4498 4532
f 4520 4508 4521
f 4521 4508 4511
f 4522 4510 4523
f 4523 4510 4655
f 4524 4656 4525
f 4525 4656 4657
f 4514 4529 4515
f 4515 4529 4528
f 4658 4659 4661
f 4661 4659 4660
f 4496 4540 4499
f 4499 4540 4541
f 4493 4555 4494
f 4494 4555 4539
f 4549 4483 4550
f 4550 4483 4482
f 4545 4544 4501
f 4501 4544 4502
f 4636 4545 4635
f 4635 4545 4501
f 4589 4663 4662
f 4662 4663 4664
f 4662 4665 4558
f 4558 4665 4559
f 4569 4586 4570
f 4570 4586 4560
f 4552 4666 4553
f 4553 4666 4667
f 4668 4669 4670
f 4670 4669 4666
f 4672 4673 4671
f 4671 4673 4674
f 4287 4675 4288
f 4288 4675 4676
f 4678 4679 4677
f 4677 4679 4680
f 4681 4678 4682
f 4682 4678 4677
f 4682 4683 4681
f 4681 4683 4684
f 4161 4164 4685
f 4685 4164 4686
f 4414 4687 4689
f 4689 4687 4688
f 4405 4690 4346
f 4346 4690 4347
f 4691 4399 4693
f 4693 4399 4692
f 1209 4694 4365
f 4365 4694 4366
f 4650 1211 4651
f 4651 1211 1210
f 4695 4696 4255
f 4255 4696 4256
f 4697 4698 4218
f 4218 4698 4215
f 4700 4701 4699
f 4699 4701 4702
f 4703 4704 4303
f 4303 4704 4300
f 4315 3922 4316
f 4316 3922 3945
f 4653 4706 4705
f 4705 4706 4707
f 4709 4710 4708
f 4708 4710 4711
f 4335 4334 4713
f 4713 4334 4712
f 4714 4340 4321
f 4321 4340 4322
f 4716 4717 4715
f 4715 4717 4718
f 4238 4241 4719
f 4719 4241 4720
f 4231 4721 4307
f 4307 4721 4308
f 4723 4724 4722
f 4722 4724 4725
f 4727 4728 4726
f 4726 4728 4729
f 4730 4731 4327
f 4327 4731 4328
f 4733 4734 4732
f 4732 4734 4735
f 4720 4381 4736
f 4736 4381 4737
f 4738 4739 4741
f 4741 4739 4740
f 4743 4744 4742
f 4742 4744 4745
f 4338 4390 4339
f 4339 4390 4431
f 4746 4747 4431
f 4431 4747 4339
f 4291 4332 4289
f 4289 4332 4317
f 4289 4209 4291
f 4291 4209 4286
f 4287 4286 4210
f 4210 4286 4209
f 4749 4750 4748
f 4748 4750 4751
f 4212 4284 4752
f 4752 4284 4753
f 4752 4754 4212
f 4212 4754 4213
f 4252 4251 4225
f 4225 4251 4226
f 4227 4230 4248
f 4248 4230 4249
f 4205 4755 4757
f 4757 4755 4756
f 4708 4711 4758
f 4758 4711 4647
f 4367 4366 4759
f 4759 4366 4760
f 4526 4513 4527
f 4527 4513 4512
f 4420 4423 4385
f 4385 4423 4386
f 4705 4761 4653
f 4653 4761 4650
f 4761 1279 4650
f 4650 1279 1211
f 4762 4763 3944
f 3944 4763 3936
f 4274 4273 4765
f 4765 4273 4764
f 4767 4768 4766
f 4766 4768 4769
f 4770 4771 4769
f 4769 4771 4766
f 4771 4770 4242
f 4242 4770 4243
f 4093 4163 4094
f 4094 4163 4162
f 4772 4773 4775
f 4775 4773 4774
f 4777 4778 4776
f 4776 4778 4779
f 4417 4185 4182
f 4182 4185 4184
f 4780 4078 4781
f 4781 4078 4077
f 4781 4077 4782
f 4782 4077 4189
f 4188 4783 4189
f 4189 4783 4782
f 4295 4232 4307
f 4307 4232 4231
f 4785 4786 4784
f 4784 4786 4787
f 4784 1307 4785
f 4785 1307 1306
f 4078 4780 4096
f 4096 4780 4097
f 4075 4074 4310
f 4310 4074 4788
f 4788 4074 4789
f 4789 4074 4191
f 4789 4191 4059
f 4059 4191 4790
f 4791 4277 4792
f 4792 4277 4278
f 3732 3735 4793
f 4793 3735 4313
f 4793 4794 3732
f 3732 4794 3731
f 4792 4795 4791
f 4791 4795 4796
f 4797 4798 4799
f 4799 4798 4724
f 4763 4800 3936
f 3936 4800 3935
f 4801 4062 3729
f 3729 4062 3730
f 4713 4712 4802
f 4802 4712 4803
f 4146 4804 4119
f 4119 4804 4805
f 4498 4654 4497
f 4497 4654 4520
f 4806 4807 1326
f 1326 4807 1327
f 4689 4688 1330
f 1330 4688 1331
f 4801 4789 4062
f 4062 4789 4059
f 3730 4062 4808
f 4808 4062 4061
f 4810 4811 4809
f 4809 4811 4812
f 4813 4403 4814
f 4814 4403 4345
f 4815 4816 4349
f 4349 4816 4350
f 4817 4818 4820
f 4820 4818 4819
f 4406 4821 4407
f 4407 4821 4822
f 4823 4161 4824
f 4824 4161 4685
f 4181 4414 4825
f 4825 4414 4689
f 4741 4740 4826
f 4826 4740 4827
f 4828 4829 4827
f 4827 4829 4826
f 4142 4141 4415
f 4415 4141 4148
f 4830 1354 4761
f 4761 1354 1279
f 4832 4833 4831
f 4831 4833 4834
f 4835 4836 4626
f 4626 4836 4421
f 4451 4709 4395
f 4395 4709 4708
f 4627 4420 4837
f 4837 4420 4385
f 4837 1365 4838
f 4838 1365 1364
f 4397 4396 4839
f 4839 4396 4840
f 4842 4628 4841
f 4841 4628 4629
f 4671 4674 4631
f 4631 4674 4630
f 4674 4659 4630
f 4630 4659 4632
f 4633 4632 4658
f 4658 4632 4659
f 4658 4504 4633
f 4633 4504 4634
f 4635 4634 4507
f 4507 4634 4504
f 4843 4636 4507
f 4507 4636 4635
f 4844 4637 4843
f 4843 4637 4636
f 4637 4844 4640
f 4640 4844 4664
f 4638 4663 4642
f 4642 4663 4845
f 4847 4643 4846
f 4846 4643 4641
f 4644 4848 4645
f 4645 4848 4849
f 4851 4852 4850
f 4850 4852 4853
f 4855 4856 4854
f 4854 4856 4857
f 4859 4860 4858
f 4858 4860 4857
f 4715 4718 4859
f 4859 4718 4860
f 4862 4863 4861
f 4861 4863 4864
f 4866 4867 4865
f 4865 4867 4868
f 4870 4871 4869
f 4869 4871 4872
f 4869 4872 4116
f 4116 4872 4117
f 4820 4819 4874
f 4874 4819 4873
f 4876 4877 4875
f 4875 4877 4878
f 4880 4881 4879
f 4879 4881 4882
f 4884 4885 4883
f 4883 4885 4886
f 4887 4888 4280
f 4280 4888 4281
f 4818 4817 4889
f 4889 4817 4890
f 4891 4193 4823
f 4823 4193 4192
f 4892 4893 4228
f 4228 4893 4229
f 4158 4157 4894
f 4894 4157 4895
f 4896 4897 4132
f 4132 4897 4133
f 4099 4683 4100
f 4100 4683 4682
f 4101 4100 4899
f 4899 4100 4898
f 4150 4106 4147
f 4147 4106 4900
f 4100 4682 4898
f 4898 4682 4677
f 4080 4082 4187
f 4187 4082 4184
f 4077 4080 4189
f 4189 4080 4187
f 4191 4190 4790
f 4790 4190 4901
f 4177 4158 4680
f 4680 4158 4894
f 4108 4136 4752
f 4752 4136 4754
f 4752 4753 4108
f 4108 4753 4109
f 4817 4902 4890
f 4890 4902 4903
f 4904 4905 4907
f 4907 4905 4906
f 4909 4910 4908
f 4908 4910 4911
f 4913 4914 4912
f 4912 4914 4915
f 4916 4917 4919
f 4919 4917 4918
f 4312 4424 4299
f 4299 4424 4304
f 4920 4921 4297
f 4297 4921 4298
f 4194 4922 4167
f 4167 4922 4923
f 4924 4400 4691
f 4691 4400 4399
f 4395 4708 4396
f 4396 4708 4758
f 4367 4925 4368
f 4368 4925 4926
f 4919 4918 4873
f 4873 4918 4874
f 4836 4927 4421
f 4421 4927 4422
f 4921 4928 4298
f 4298 4928 4311
f 4143 4146 4122
f 4122 4146 4119
f 4929 4930 4455
f 4455 4930 4452
f 4932 4933 4931
f 4931 4933 4934
f 4935 4936 4932
f 4932 4936 4933
f 4461 4460 4457
f 4457 4460 4458
f 4480 4479 4475
f 4475 4479 4476
f 4660 4673 4517
f 4517 4673 4937
f 4661 4505 4658
f 4658 4505 4504
f 4484 4483 4489
f 4489 4483 4486
f 4462 4509 4463
f 4463 4509 4518
f 4469 4511 4466
f 4466 4511 4508
f 4655 4473 4656
f 4656 4473 4477
f 4476 4657 4477
f 4477 4657 4656
f 4479 4513 4476
f 4476 4513 4657
f 4489 4525 4484
f 4484 4525 4526
f 4483 4549 4486
f 4486 4549 4536
f 4549 4548 4536
f 4536 4548 4551
f 4548 4568 4551
f 4551 4568 4670
f 4663 4589 4845
f 4845 4589 4590
f 4668 4577 4938
f 4938 4577 4580
f 4940 4938 4939
f 4939 4938 4941
f 4940 4942 4669
f 4669 4942 4943
f 4587 4582 4944
f 4944 4582 4581
f 4848 4847 4608
f 4608 4847 4564
f 4616 4945 4613
f 4613 4945 4598
f 4615 4946 4616
f 4616 4946 4945
f 4947 4939 4948
f 4948 4939 4946
f 4599 4605 4600
f 4600 4605 4604
f 4608 4607 4848
f 4848 4607 4849
f 4613 4612 4616
f 4616 4612 4617
f 4835 4949 4709
f 4709 4949 4710
f 4357 1477 4837
f 4837 1477 1365
f 4712 4950 4803
f 4803 4950 4951
f 4401 4952 4402
f 4402 4952 4953
f 4759 4760 4402
f 4402 4760 4399
f 4508 4520 4509
f 4509 4520 4654
f 4510 4522 4511
f 4511 4522 4521
f 4513 4526 4657
f 4657 4526 4525
f 4632 4633 4514
f 4514 4633 4529
f 4931 4934 4453
f 4453 4934 4454
f 4153 4954 4154
f 4154 4954 4955
f 4957 4958 4956
f 4956 4958 4959
f 4961 4962 4960
f 4960 4962 4963
f 4120 4964 4210
f 4210 4964 4965
f 4967 4968 4966
f 4966 4968 4969
f 4349 4692 4815
f 4815 4692 4970
f 4652 4971 4653
f 4653 4971 4706
f 4758 4647 4972
f 4972 4647 4646
f 4973 4363 4646
f 4646 4363 4972
f 4950 4360 4974
f 4974 4360 4364
f 4431 4335 4746
f 4746 4335 4713
f 4358 4714 4325
f 4325 4714 4321
f 4765 4764 4266
f 4266 4764 4975
f 4202 4976 4203
f 4203 4976 4977
f 4917 4978 4918
f 4918 4978 4979
f 4279 4282 4854
f 4854 4282 4269
f 4820 4880 4817
f 4817 4880 4902
f 4890 4903 4980
f 4980 4903 4886
f 4982 4983 4981
f 4981 4983 4123
f 4795 4851 4796
f 4796 4851 4850
f 4918 4979 4874
f 4874 4979 4881
f 4809 4404 4810
f 4810 4404 4403
f 4354 4985 4984
f 4984 4985 4986
f 1364 1516 4838
f 4838 1516 4987
f 4759 4988 4367
f 4367 4988 4925
f 4989 4990 4481
f 4481 4990 4478
f 4443 4515 4990
f 4990 4515 4991
f 4527 4512 4992
f 4992 4512 4991
f 4528 4503 4992
f 4992 4503 4993
f 4993 4994 4485
f 4485 4994 4482
f 4544 4995 4502
f 4502 4995 4994
f 4995 4996 4550
f 4550 4996 4547
f 4998 4999 4997
f 4997 4999 4566
f 4998 5000 4578
f 4578 5000 4579
f 5001 5002 4596
f 4596 5002 4597
f 5003 4591 5004
f 5004 4591 4610
f 4626 4421 4627
f 4627 4421 4420
f 4837 4838 4627
f 4627 4838 4624
f 4761 4705 4830
f 4830 4705 5005
f 4705 4707 5005
f 5005 4707 5006
f 4308 4721 4075
f 4075 4721 4076
f 5007 4200 4797
f 4797 4200 4798
f 4685 4686 5008
f 5008 4686 5009
f 4889 4890 5010
f 5010 4890 4980
f 4323 1541 4324
f 4324 1541 1540
f 4385 4384 4358
f 4358 4384 4714
f 4396 4758 4840
f 4840 4758 4972
f 4866 4852 5011
f 5011 4852 5012
f 5013 4260 4980
f 4980 4260 5010
f 4875 4878 5014
f 5014 4878 5015
f 5017 5018 5016
f 5016 5018 5019
f 5016 5019 5020
f 5020 5019 5021
f 5023 5024 5022
f 5022 5024 5025
f 5027 5028 5026
f 5026 5028 5029
f 5031 5032 5030
f 5030 5032 5033
f 5035 5036 5034
f 5034 5036 5037
f 5039 5040 5038
f 5038 5040 5041
f 5043 5044 5042
f 5042 5044 5045
f 5038 5046 5039
f 5039 5046 5047
f 5049 5050 5048
f 5048 5050 5051
f 5053 5054 5052
f 5052 5054 5055
f 5057 5024 5056
f 5056 5024 5058
f 5060 5061 5059
f 5059 5061 5062
f 5064 5065 5063
f 5063 5065 5066
f 5043 5050 5064
f 5064 5050 5065
f 5038 5041 5067
f 5067 5041 5068
f 5070 5071 5069
f 5069 5071 5072
f 5074 5075 5073
f 5073 5075 5076
f 5034 5077 5035
f 5035 5077 5078
f 5080 5081 5079
f 5079 5081 5082
f 5084 5085 5083
f 5083 5085 5086
f 5085 5084 5087
f 5087 5084 5088
f 5090 5091 5089
f 5089 5091 5092
f 5094 5095 5093
f 5093 5095 5096
f 5098 5099 5097
f 5097 5099 5100
f 5102 5103 5101
f 5101 5103 5104
f 5105 5106 5108
f 5108 5106 5107
f 5110 5111 5109
f 5109 5111 5112
f 5114 5094 5113
f 5113 5094 5093
f 5116 5117 5115
f 5115 5117 5118
f 5120 5121 5119
f 5119 5121 5122
f 5124 5125 5123
f 5123 5125 5126
f 5128 5129 5127
f 5127 5129 5130
f 5097 5131 5098
f 5098 5131 5132
f 5134 5135 5133
f 5133 5135 5122
f 5084 5125 5088
f 5088 5125 5136
f 5138 5139 5137
f 5137 5139 5140
f 5142 5102 5141
f 5141 5102 5101
f 5106 5143 5107
f 5107 5143 5144
f 5146 5147 5145
f 5145 5147 5148
f 5149 5150 5109
f 5109 5150 5110
f 5151 5110 5152
f 5152 5110 5150
f 4715 5140 4716
f 4716 5140 5139
f 5143 4870 5144
f 5144 4870 4869
f 4115 5146 4116
f 4116 5146 5145
f 4791 4796 5149
f 5149 4796 5150
f 4796 4850 5150
f 5150 4850 5152
f 4858 5142 4859
f 4859 5142 5141
f 5153 5154 5115
f 5115 5154 5105
f 5156 5157 5155
f 5155 5157 5158
f 5159 5160 5053
f 5053 5160 5054
f 5161 5162 5020
f 5020 5162 5068
f 5026 5029 5163
f 5163 5029 5021
f 5083 5086 5164
f 5164 5086 5165
f 5090 5167 5166
f 5166 5167 5168
f 5169 5170 5172
f 5172 5170 5171
f 5174 5175 5173
f 5173 5175 5176
f 5177 5109 5178
f 5178 5109 5112
f 5179 5180 5182
f 5182 5180 5181
f 5123 5126 5120
f 5120 5126 5121
f 5180 5167 5181
f 5181 5167 5183
f 5184 5185 5179
f 5179 5185 5180
f 5186 5149 5177
f 5177 5149 5109
f 4868 5184 4865
f 4865 5184 5179
f 5188 5189 5187
f 5187 5189 5190
f 4277 4791 5186
f 5186 4791 5149
f 5179 5182 4865
f 4865 5182 4853
f 5189 4862 5190
f 5190 4862 4861
f 5156 5075 5191
f 5191 5075 5192
f 5036 5035 5193
f 5193 5035 5194
f 5115 5118 5153
f 5153 5118 5195
f 5022 5025 5196
f 5196 5025 5197
f 5155 5158 5069
f 5069 5158 5062
f 5063 5066 5198
f 5198 5066 5199
f 5073 5076 5200
f 5200 5076 5072
f 5202 5131 5201
f 5201 5131 5203
f 5143 5106 5204
f 5204 5106 5205
f 5114 5113 5206
f 5206 5113 5127
f 5098 5132 5193
f 5193 5132 5195
f 5204 5207 5143
f 5143 5207 4870
f 5088 5136 5208
f 5208 5136 5092
f 5209 5210 5089
f 5089 5210 5183
f 5211 5018 5060
f 5060 5018 5061
f 5017 5040 5070
f 5070 5040 5071
f 5191 5160 5156
f 5156 5160 5157
f 5048 5028 5049
f 5049 5028 5058
f 5207 5204 4858
f 4858 5204 5142
f 4859 5141 4715
f 4715 5141 5140
f 5212 5162 5042
f 5042 5162 5051
f 5182 5152 4853
f 4853 5152 4850
f 5214 5134 5213
f 5213 5134 5133
f 5164 5165 5133
f 5133 5165 5213
f 5215 5216 5201
f 5201 5216 5217
f 5147 5218 5148
f 5148 5218 5219
f 5147 5177 5218
f 5218 5177 5178
f 5141 5101 5140
f 5140 5101 5137
f 5201 5217 5202
f 5202 5217 5104
f 5146 5186 5147
f 5147 5186 5177
f 4277 5186 4115
f 4115 5186 5146
f 5191 5192 5031
f 5031 5192 5032
f 5052 5055 5220
f 5220 5055 5197
f 4116 5145 4869
f 4869 5145 5144
f 5034 5037 5214
f 5214 5037 5134
f 5097 5100 5114
f 5114 5100 5094
f 5108 5107 5219
f 5219 5107 5148
f 5221 5135 5116
f 5116 5135 5117
f 5124 5111 5209
f 5209 5111 5210
f 5107 5144 5148
f 5148 5144 5145
f 5152 5182 5151
f 5151 5182 5181
f 5208 5222 5088
f 5088 5222 5087
f 5222 5208 5171
f 5171 5208 5172
f 5223 1756 4698
f 4698 1756 1755
f 4427 5224 4107
f 4107 5224 4135
f 4178 4679 5225
f 5225 4679 5226
f 5227 5228 4892
f 4892 5228 4893
f 5229 5230 4171
f 4171 5230 4172
f 4855 4268 4884
f 4884 4268 4885
f 4884 4871 4855
f 4855 4871 4856
f 4684 5231 4896
f 4896 5231 4897
f 4768 4767 5009
f 5009 4767 5008
f 5205 5154 5102
f 5102 5154 5103
f 5099 5098 5194
f 5194 5098 5193
f 5198 5199 5079
f 5079 5199 5033
f 5102 5142 5205
f 5205 5142 5204
f 5224 4427 4681
f 4681 4427 4678
f 3712 3711 5232
f 5232 3711 5233
f 3968 3988 3963
f 3963 3988 3964
f 3976 4044 3972
f 3972 4044 3985
f 4038 4037 4036
f 4036 4037 4033
f 4794 4762 3731
f 3731 4762 3944
f 3731 3944 3722
f 3722 3944 3810
f 3874 5234 5232
f 5232 5234 3712
f 3906 3905 3867
f 3867 3905 4011
f 3904 4023 3905
f 3905 4023 4011
f 3719 3722 3811
f 3811 3722 3810
f 3812 3719 3687
f 3687 3719 3811
f 3716 3812 3686
f 3686 3812 3687
f 3713 3716 3685
f 3685 3716 3686
f 4810 4403 5235
f 5235 4403 4813
f 4345 1770 4814
f 4814 1770 1769
f 4067 4066 4058
f 4058 4066 5236
f 4043 4068 4049
f 4049 4068 4050
f 4034 5237 3989
f 3989 5237 3990
f 4031 4030 4072
f 4072 4030 4005
f 4003 4004 4002
f 4002 4004 4032
f 4004 4005 4032
f 4032 4005 4030
f 4067 4064 4068
f 4068 4064 4050
f 4058 4057 4067
f 4067 4057 4064
f 4035 4034 5238
f 5238 4034 3989
f 5236 5239 4058
f 4058 5239 5240
f 5234 3874 5241
f 5241 3874 3873
f 5241 3873 3881
f 3881 3873 3878
f 4800 4763 4788
f 4788 4763 4310
f 4763 4762 4310
f 4310 4762 4309
f 4762 4794 4309
f 4309 4794 4306
f 4794 4793 4306
f 4306 4793 4292
f 4293 4313 4302
f 4302 4313 4314
f 4302 4314 4303
f 4303 4314 4315
f 4303 4315 4703
f 4703 4315 4316
f 4035 4069 4043
f 4043 4069 4068
f 4324 1540 4357
f 4357 1540 1477
f 5232 3987 3874
f 3874 3987 3871
f 3987 5232 4013
f 4013 5232 5233
f 4013 5233 4014
f 4014 5233 5242
f 3888 4015 3865
f 3865 4015 4007
f 3866 4008 5243
f 5243 4008 4016
f 3873 5244 3878
f 3878 5244 3875
f 3965 5244 3872
f 3872 5244 3873
f 3876 3875 3965
f 3965 3875 5244
f 5243 4016 5242
f 5242 4016 4014
f 5246 5247 5245
f 5245 5247 5248
f 3576 3950 3577
f 3577 3950 3926
f 3584 3842 3585
f 3585 3842 3580
f 5249 5247 1784
f 1784 5247 1785
f 5250 5251 5253
f 5253 5251 5252
f 5255 5252 5254
f 5254 5252 5256
f 5254 5256 5258
f 5258 5256 5257
f 5258 5257 5260
f 5260 5257 5259
f 4356 5261 4424
f 4424 5261 5259
f 4355 5262 4356
f 4356 5262 5261
f 4924 5264 5263
f 5263 5264 5265
f 4693 5266 4691
f 4691 5266 5267
f 4351 5268 4352
f 4352 5268 5269
f 1808 1807 4351
f 4351 1807 5268
f 3580 3842 3581
f 3799 3802 3838
f 4800 4788 4801
f 4801 4788 4789
f 3729 3935 4801
f 4801 3935 4800
f 3728 3666 3729
f 3729 3666 3935
f 3728 3798 3666
f 3666 3798 3663
f 3798 3818 3663
f 3663 3818 3809
f 3818 3817 3809
f 3809 3817 3808
f 3796 3655 3817
f 3817 3655 3808
f 3615 3568 3796
f 3796 3568 3655
f 3573 3569 3615
f 3615 3569 3568
f 3572 3613 3573
f 3573 3613 3569
f 3792 3606 3572
f 3572 3606 3613
f 3607 3791 3949
f 3949 3791 3591
f 3590 3950 3591
f 3591 3950 3949
f 3805 3926 3590
f 3590 3926 3950
f 3804 3559 3805
f 3805 3559 3926
f 3804 3914 3559
f 3559 3914 3560
f 3924 3789 3913
f 3913 3789 3788
f 3924 3928 3789
f 3789 3928 3826
f 3928 3927 3826
f 3826 3927 3827
f 3927 3834 3827
f 3827 3834 3835
f 4079 4078 5270
f 5270 4078 5007
f 5271 5272 4233
f 4233 5272 5273
f 5275 5276 5274
f 5274 5276 5277
f 5278 5279 4236
f 4236 5279 4237
f 5278 5280 5271
f 5271 5280 5272
f 4235 5281 4236
f 4236 5281 5282
f 5284 5285 5283
f 5283 5285 5286
f 5288 5289 5287
f 5287 5289 5290
f 5292 5293 5291
f 5291 5293 5294
f 5287 5290 4726
f 4726 5290 5295
f 4293 4292 4313
f 4313 4292 4793
f 4720 4736 4719
f 4719 4736 5296
f 5297 4909 5298
f 5298 4909 4908
f 5299 5300 4976
f 4976 5300 5301
f 5302 4202 5303
f 5303 4202 4201
f 5304 5305 4983
f 4983 5305 5306
f 5308 5309 5307
f 5307 5309 5310
f 4722 4725 5283
f 5283 4725 5311
f 5291 5294 4125
f 4125 5294 4126
f 5313 5314 5312
f 5312 5314 5315
f 5316 5317 5319
f 5319 5317 5318
f 5321 5308 5320
f 5320 5308 5307
f 4819 4981 4873
f 4873 4981 5322
f 4981 4123 5322
f 5322 4123 4126
f 5324 5325 5323
f 5323 5325 5326
f 4764 5327 4975
f 4975 5327 5328
f 4172 5327 4169
f 4169 5327 5329
f 4768 4171 4769
f 4769 4171 4170
f 4243 4755 4244
f 4244 4755 5330
f 4755 4205 5330
f 5330 4205 4208
f 4206 4906 4207
f 4207 4906 4905
f 4686 5014 5009
f 5009 5014 5229
f 4756 4770 4170
f 4170 4770 4769
f 4170 4169 4756
f 4756 4169 4757
f 4273 5329 4764
f 4764 5329 5327
f 4276 5331 4273
f 4273 5331 5329
f 4770 4756 4243
f 4243 4756 4755
f 5333 4889 5332
f 5332 4889 5010
f 4877 5332 4878
f 4878 5332 4259
f 4875 4164 4876
f 4876 4164 4163
f 5334 5335 5324
f 5324 5335 5325
f 4983 5306 4123
f 4123 5306 4124
f 4818 4982 4819
f 4819 4982 4981
f 5332 5010 4259
f 4259 5010 4260
f 5014 4686 4875
f 4875 4686 4164
f 4171 4768 5229
f 5229 4768 5009
f 5337 4916 5336
f 5336 4916 4919
f 5293 5337 5294
f 5294 5337 5336
f 4982 4818 5333
f 5333 4818 4889
f 5338 5339 4262
f 4262 5339 5340
f 5307 5310 5338
f 5338 5310 5339
f 5341 5342 4204
f 4204 5342 5309
f 5336 4919 5322
f 5322 4919 4873
f 5294 5336 4126
f 4126 5336 5322
f 5323 5326 5343
f 5343 5326 5286
f 4914 5344 4915
f 4915 5344 5345
f 5312 5315 5344
f 5344 5315 5345
f 5347 5348 5346
f 5346 5348 5349
f 5350 5351 4832
f 4832 5351 4833
f 5352 5353 5349
f 5349 5353 5346
f 5354 5338 4265
f 4265 5338 4262
f 5320 5307 5354
f 5354 5307 5338
f 4201 5308 5303
f 5303 5308 5321
f 5356 5357 5355
f 5355 5357 4799
f 5358 5359 5334
f 5334 5359 5335
f 5358 5360 4093
f 4093 5360 4163
f 5360 5305 4163
f 4163 5305 4876
f 5305 5304 4876
f 4876 5304 4877
f 5270 4778 4079
f 4079 4778 4081
f 4779 5361 4774
f 4774 5361 5357
f 5356 5359 4775
f 4775 5359 4092
f 5333 5304 4982
f 4982 5304 4983
f 5332 4877 5333
f 5333 4877 5304
f 5015 4258 5230
f 5230 4258 5328
f 5327 4172 5328
f 5328 4172 5230
f 4169 5329 4757
f 4757 5329 5331
f 4757 5331 4205
f 4205 5331 4206
f 5331 4276 4206
f 4206 4276 4906
f 4276 4275 4906
f 4906 4275 4907
f 4275 4888 4907
f 4907 4888 4744
f 4887 4717 4745
f 4745 4717 4864
f 4716 5139 4861
f 4861 5139 5190
f 5139 5138 5190
f 5190 5138 5187
f 5138 5216 5187
f 5187 5216 5176
f 5215 5362 5173
f 5173 5362 5130
f 5364 5365 5363
f 5363 5365 5340
f 4742 4863 5366
f 5366 4863 4867
f 4862 5189 4868
f 4868 5189 5184
f 5189 5188 5184
f 5184 5188 5185
f 5188 5175 5185
f 5185 5175 5168
f 3560 3788 3561
f 3561 3788 3790
f 3596 3595 3608
f 3608 3595 3594
f 3598 3582 3595
f 3595 3582 3592
f 3600 3609 3601
f 3601 3609 3611
f 3602 3601 3612
f 3612 3601 3611
f 3606 3605 3613
f 3613 3605 3614
f 3793 5367 3794
f 3794 5367 5368
f 3598 3597 3600
f 3600 3597 3609
f 3793 3792 3575
f 3575 3792 3572
f 3561 3594 3558
f 3558 3594 3593
f 3807 3915 3804
f 3804 3915 3914
f 3916 3915 5370
f 5370 3915 5369
f 3602 3605 3603
f 3603 3605 3604
f 3606 3792 3607
f 3607 3792 3791
f 3914 3913 3560
f 3560 3913 3788
f 5174 5129 5166
f 5166 5129 5371
f 5170 5169 5093
f 5093 5169 5113
f 5166 5371 5090
f 5090 5371 5091
f 5128 5169 5372
f 5372 5169 5172
f 5127 5113 5128
f 5128 5113 5169
f 5114 5206 5203
f 5203 5206 5362
f 5200 5373 5073
f 5073 5373 5096
f 5374 5375 5200
f 5200 5375 5373
f 5039 5047 5374
f 5374 5047 5375
f 5087 5046 5085
f 5085 5046 5376
f 5212 5377 5067
f 5067 5377 5376
f 5042 5045 5212
f 5212 5045 5377
f 5064 5378 5043
f 5043 5378 5044
f 5063 5077 5064
f 5064 5077 5378
f 5079 5082 5198
f 5198 5082 5078
f 5099 5081 5100
f 5100 5081 5379
f 5100 5379 5094
f 5094 5379 5095
f 5381 5382 5380
f 5380 5382 5383
f 5385 5386 5384
f 5384 5386 5383
f 5385 5387 5386
f 5386 5387 5388
f 5390 5391 5389
f 5389 5391 5392
f 5393 5394 5396
f 5396 5394 5395
f 5398 5399 5397
f 5397 5399 5400
f 5402 5403 5401
f 5401 5403 5404
f 5406 5407 5405
f 5405 5407 5404
f 5408 5409 5163
f 5163 5409 5410
f 5411 5412 5414
f 5414 5412 5413
f 5057 5416 5415
f 5415 5416 5417
f 5393 5416 5418
f 5418 5416 5419
f 5396 5395 5420
f 5420 5395 5421
f 5423 5424 5422
f 5422 5424 5425
f 5415 5417 5220
f 5220 5417 5426
f 5418 5391 5393
f 5393 5391 5394
f 5414 5388 5411
f 5411 5388 5392
f 5059 5427 5060
f 5060 5427 5428
f 5423 5427 5429
f 5429 5427 5430
f 5432 5382 5431
f 5431 5382 5425
f 5429 5407 5423
f 5423 5407 5424
f 5380 5409 5381
f 5381 5409 5433
f 5381 5433 5422
f 5422 5433 5428
f 5027 5412 5056
f 5056 5412 5419
f 5435 5436 5434
f 5434 5436 5437
f 5159 5439 5438
f 5438 5439 5440
f 5053 5436 5159
f 5159 5436 5439
f 5441 5403 5398
f 5398 5403 5399
f 5163 5410 5026
f 5026 5410 5413
f 5438 5440 5442
f 5442 5440 5430
f 5444 5445 5443
f 5443 5445 5446
f 5447 5448 5450
f 5450 5448 5449
f 5451 5446 5452
f 5452 5446 5445
f 5454 5455 5453
f 5453 5455 5451
f 5456 5454 5458
f 5458 5454 5457
f 5460 5461 5459
f 5459 5461 5462
f 5464 5465 5463
f 5463 5465 5466
f 5468 5469 5467
f 5467 5469 5470
f 5472 5473 5471
f 5471 5473 5474
f 5475 5476 5478
f 5478 5476 5477
f 5479 5480 5482
f 5482 5480 5481
f 5483 5484 5448
f 5448 5484 5485
f 5448 5485 5449
f 5449 5485 5486
f 5487 5476 5488
f 5488 5476 5475
f 5490 5491 5489
f 5489 5491 5492
f 5494 5495 5493
f 5493 5495 5496
f 5498 5494 5497
f 5497 5494 5493
f 5500 5501 5499
f 5499 5501 5502
f 5503 5504 5446
f 5446 5504 5443
f 5506 5507 5505
f 5505 5507 5508
f 5510 5511 5509
f 5509 5511 5512
f 5514 5515 5513
f 5513 5515 5516
f 5518 5519 5517
f 5517 5519 5520
f 5495 5521 5496
f 5496 5521 5522
f 5524 5525 5523
f 5523 5525 5526
f 5527 5528 5494
f 5494 5528 5495
f 5499 5502 5529
f 5529 5502 5530
f 5531 5532 5485
f 5485 5532 5486
f 5485 5484 5531
f 5531 5484 5533
f 5482 5481 5534
f 5534 5481 5535
f 5536 5512 5506
f 5506 5512 5511
f 5455 5503 5451
f 5451 5503 5446
f 5467 5470 5511
f 5511 5470 5537
f 5538 5467 5510
f 5510 5467 5511
f 5540 5541 5539
f 5539 5541 5542
f 5543 5544 5546
f 5546 5544 5545
f 5548 5472 5547
f 5547 5472 5471
f 5493 5496 5549
f 5549 5496 5550
f 5496 5522 5550
f 5550 5522 5551
f 5553 5554 5552
f 5552 5554 5555
f 5557 5447 5556
f 5556 5447 5558
f 5557 5483 5447
f 5447 5483 5448
f 5478 5477 5553
f 5553 5477 5559
f 5477 5560 5559
f 5559 5560 5561
f 5476 5562 5477
f 5477 5562 5560
f 5476 5487 5562
f 5562 5487 5563
f 5560 5564 5561
f 5561 5564 5565
f 5564 5560 5566
f 5566 5560 5562
f 5563 5567 5562
f 5562 5567 5566
f 5569 5521 5568
f 5568 5521 5570
f 5481 5572 5571
f 5571 5572 5573
f 5574 5535 5571
f 5571 5535 5481
f 5576 5577 5575
f 5575 5577 5578
f 5579 5580 5456
f 5456 5580 5581
f 5475 5582 5488
f 5488 5582 5583
f 5584 5536 5505
f 5505 5536 5506
f 5585 5586 5588
f 5588 5586 5587
f 5590 5591 5589
f 5589 5591 5592
f 5519 5593 5520
f 5520 5593 5594
f 5595 5596 5462
f 5462 5596 5597
f 5599 5600 5598
f 5598 5600 5514
f 5602 5603 5601
f 5601 5603 5604
f 5524 5543 5525
f 5525 5543 5546
f 5543 5524 5606
f 5606 5524 5605
f 5607 5608 5500
f 5500 5608 5501
f 5610 5551 5609
f 5609 5551 5522
f 5611 5510 5598
f 5598 5510 5509
f 5612 5597 5457
f 5457 5597 5458
f 5510 5611 5538
f 5538 5611 5613
f 5580 5508 5581
f 5581 5508 5507
f 5615 5616 5614
f 5614 5616 5617
f 5619 5620 5618
f 5618 5620 5621
f 5623 5624 5622
f 5622 5624 5625
f 5627 5624 5626
f 5626 5624 5623
f 5629 5630 5628
f 5628 5630 5631
f 5633 5634 5632
f 5632 5634 5466
f 5635 5636 5463
f 5463 5636 5637
f 5523 5638 5524
f 5524 5638 5605
f 5639 5640 5641
f 5641 5640 5595
f 5611 5513 5613
f 5613 5513 5642
f 5643 5586 5608
f 5608 5586 5501
f 5622 5625 5590
f 5590 5625 5591
f 5598 5514 5611
f 5611 5514 5513
f 5645 5646 5644
f 5644 5646 5647
f 5620 5619 5491
f 5491 5619 5648
f 5649 5643 5492
f 5492 5643 5608
f 5650 5651 5653
f 5653 5651 5652
f 5463 5466 5635
f 5635 5466 5634
f 5597 5612 5462
f 5462 5612 5459
f 5635 5634 5523
f 5523 5634 5638
f 5654 5638 5633
f 5633 5638 5634
f 5655 5656 5525
f 5525 5656 5526
f 5658 5659 5657
f 5657 5659 5527
f 5660 5464 5637
f 5637 5464 5463
f 5632 5466 5661
f 5661 5466 5465
f 5661 5662 5632
f 5632 5662 5658
f 5662 5663 5658
f 5658 5663 5659
f 5665 5659 5664
f 5664 5659 5663
f 5632 5658 5633
f 5633 5658 5657
f 5666 5629 5530
f 5530 5629 5667
f 5528 5527 5665
f 5665 5527 5659
f 5668 5669 5570
f 5570 5669 5568
f 5669 5668 5670
f 5670 5668 5671
f 5646 5672 5673
f 5672 5674 5673
f 5673 5674 5675
f 5674 5460 5675
f 5675 5460 5459
f 5461 5676 5462
f 5462 5676 5595
f 5677 5678 5680
f 5680 5678 5679
f 5628 5681 5629
f 5629 5681 5667
f 5682 5529 5667
f 5667 5529 5530
f 5675 5459 5683
f 5683 5459 5612
f 5585 5666 5502
f 5502 5666 5530
f 5589 5684 5602
f 5602 5684 5603
f 5646 5645 5663
f 5663 5645 5664
f 5685 5647 5673
f 5673 5647 5646
f 5686 5687 5683
f 5683 5687 5685
f 5688 5689 5533
f 5533 5689 5531
f 5690 5691 5535
f 5535 5691 5534
f 5692 5690 5574
f 5574 5690 5535
f 5685 5687 5689
f 5689 5687 5693
f 5489 5694 5490
f 5490 5694 5695
f 5690 5692 5696
f 5696 5692 5697
f 5696 5644 5690
f 5690 5644 5691
f 5447 5450 5558
f 5558 5450 5698
f 5699 5700 5642
f 5642 5700 5613
f 5701 5702 5540
f 5540 5702 5541
f 5431 5703 5432
f 5432 5703 5697
f 5385 5384 5574
f 5574 5384 5692
f 5389 5387 5573
f 5573 5387 5571
f 5565 5390 5573
f 5573 5390 5389
f 5390 5565 5704
f 5704 5565 5564
f 5566 5705 5564
f 5564 5705 5704
f 5569 5441 5609
f 5609 5441 5398
f 5568 5405 5569
f 5569 5405 5441
f 5670 5706 5669
f 5669 5706 5406
f 5703 5431 5670
f 5670 5431 5706
f 5432 5697 5384
f 5384 5697 5692
f 5574 5571 5385
f 5385 5571 5387
f 5607 5707 5489
f 5489 5707 5694
f 5518 5708 5519
f 5519 5708 5709
f 5711 5576 5710
f 5710 5576 5575
f 5713 5714 5712
f 5712 5714 5715
f 5553 5552 5478
f 5478 5552 5716
f 5717 5475 5716
f 5716 5475 5478
f 5718 5719 5605
f 5605 5719 5606
f 5505 5622 5584
f 5584 5622 5590
f 5508 5623 5505
f 5505 5623 5622
f 5626 5623 5580
f 5580 5623 5508
f 5580 5579 5626
f 5626 5579 5720
f 5579 5721 5720
f 5720 5721 5722
f 5666 5585 5723
f 5723 5585 5588
f 5724 5725 5639
f 5639 5725 5640
f 5554 5726 5555
f 5555 5726 5727
f 5453 5728 5729
f 5689 5688 5685
f 5685 5688 5647
f 5604 5730 5512
f 5512 5730 5509
f 5628 5631 5618
f 5618 5631 5592
f 5601 5604 5536
f 5536 5604 5512
f 5732 5676 5731
f 5731 5676 5660
f 5730 5604 5733
f 5733 5604 5603
f 5563 5487 5551
f 5551 5487 5550
f 5489 5492 5607
f 5607 5492 5608
f 5573 5572 5565
f 5565 5572 5561
f 5609 5522 5569
f 5569 5522 5521
f 5499 5734 5500
f 5500 5734 5735
f 5596 5736 5721
f 5721 5736 5722
f 5737 5600 5594
f 5594 5600 5520
f 5599 5730 5517
f 5517 5730 5733
f 5660 5738 5731
f 5731 5738 5739
f 5648 5649 5491
f 5491 5649 5492
f 5501 5586 5502
f 5502 5586 5585
f 5525 5546 5655
f 5655 5546 5740
f 5600 5599 5520
f 5520 5599 5517
f 5708 5739 5709
f 5709 5739 5738
f 5636 5635 5526
f 5526 5635 5523
f 5670 5671 5703
f 5703 5671 5741
f 5490 5695 5742
f 5742 5695 5743
f 5682 5678 5744
f 5744 5678 5677
f 5678 5681 5679
f 5679 5681 5621
f 5742 5743 5679
f 5679 5743 5680
f 5618 5621 5628
f 5628 5621 5681
f 5725 5724 5589
f 5589 5724 5684
f 5456 5458 5579
f 5579 5458 5721
f 5675 5683 5673
f 5673 5683 5685
f 5529 5682 5745
f 5745 5682 5744
f 5721 5458 5596
f 5596 5458 5597
f 5701 5540 5719
f 5719 5540 5606
f 5703 5741 5697
f 5697 5741 5696
f 5500 5735 5607
f 5607 5735 5707
f 5549 5746 5493
f 5493 5746 5497
f 5700 5747 5613
f 5613 5747 5538
f 5420 5421 5434
f 5434 5421 5400
f 5689 5693 5531
f 5531 5693 5532
f 5705 5566 5748
f 5748 5566 5567
f 5609 5398 5610
f 5610 5398 5397
f 5669 5406 5568
f 5568 5406 5405
f 5488 5583 5549
f 5549 5583 5746
f 5714 5713 5710
f 5710 5713 5711
f 5747 5468 5538
f 5538 5468 5467
f 5548 5547 5749
f 5749 5547 5750
f 5733 5603 5751
f 5751 5603 5684
f 5589 5602 5590
f 5590 5602 5584
f 5636 5752 5614
f 5614 5752 5615
f 5753 5754 5738
f 5738 5754 5755
f 5602 5601 5584
f 5584 5601 5536
f 5723 5736 5630
f 5630 5736 5640
f 5595 5640 5596
f 5596 5640 5736
f 5734 5499 5745
f 5745 5499 5529
f 5627 5587 5643
f 5643 5587 5586
f 5553 5559 5554
f 5554 5559 5480
f 5559 5561 5480
f 5480 5561 5572
f 5554 5480 5726
f 5726 5480 5479
f 5749 5750 5715
f 5715 5750 5712
f 5683 5612 5686
f 5686 5612 5457
f 5678 5682 5681
f 5681 5682 5667
f 5598 5509 5599
f 5599 5509 5730
f 5679 5621 5742
f 5742 5621 5620
f 5652 5616 5653
f 5653 5616 5615
f 5220 5426 5052
f 5052 5426 5437
f 5487 5488 5550
f 5550 5488 5549
f 5742 5620 5490
f 5490 5620 5491
f 5551 5610 5563
f 5563 5610 5567
f 5610 5397 5567
f 5567 5397 5748
f 5614 5617 5753
f 5753 5617 5754
f 5480 5572 5481
f 5755 5756 5738
f 5738 5756 5709
f 5745 5744 5758
f 5758 5744 5757
f 5745 5758 5734
f 5734 5758 5759
f 5735 5734 5760
f 5760 5734 5759
f 5707 5735 5761
f 5761 5735 5760
f 5744 5677 5757
f 5757 5677 5762
f 5677 5680 5762
f 5762 5680 5763
f 5763 5680 5764
f 5764 5680 5743
f 5765 5766 5762
f 5762 5766 5757
f 5768 5769 5767
f 5767 5769 5770
f 5771 5772 5770
f 5770 5772 5767
f 5770 5769 5774
f 5774 5769 5773
f 5775 5776 5774
f 5774 5776 5777
f 5773 5778 5774
f 5774 5778 5775
f 5779 5766 5773
f 5773 5766 5778
f 5777 5771 5774
f 5774 5771 5770
f 5780 5781 5783
f 5783 5781 5782
f 5781 5780 5771
f 5771 5780 5772
f 5773 5769 5779
f 5779 5769 5768
f 5768 5759 5779
f 5779 5759 5758
f 5768 5784 5759
f 5759 5784 5760
f 5767 5785 5768
f 5768 5785 5784
f 5785 5767 5786
f 5786 5767 5772
f 5766 5779 5757
f 5757 5779 5758
f 5780 5787 5772
f 5772 5787 5786
f 5785 5786 5788
f 5788 5786 5789
f 5786 5787 5789
f 5789 5787 5790
f 5788 5789 5791
f 5791 5789 5792
f 5791 5793 5788
f 5788 5793 5794
f 5795 5792 5790
f 5790 5792 5789
f 5785 5788 5784
f 5784 5788 5794
f 5784 5794 5760
f 5760 5794 5761
f 5787 5780 5796
f 5796 5780 5783
f 5775 5778 5797
f 5797 5778 5766
f 5797 5798 5775
f 5775 5798 5776
f 5766 5765 5797
f 5797 5765 5799
f 5798 5797 5800
f 5800 5797 5799
f 5798 5801 5776
f 5776 5801 5802
f 5707 5761 5694
f 5694 5761 5803
f 5695 5804 5743
f 5743 5804 5764
f 5804 5695 5803
f 5803 5695 5694
f 5803 5793 5804
f 5804 5793 5805
f 5793 5791 5805
f 5805 5791 5806
f 5804 5805 5764
f 5764 5805 5807
f 5803 5761 5793
f 5793 5761 5794
f 5808 5763 5807
f 5807 5763 5764
f 5808 5765 5763
f 5763 5765 5762
f 5809 5799 5808
f 5808 5799 5765
f 5809 5808 5810
f 5810 5808 5807
f 5811 5809 5812
f 5812 5809 5810
f 5805 5806 5807
f 5807 5806 5810
f 5806 5813 5810
f 5810 5813 5812
f 5799 5809 5800
f 5800 5809 5811
f 5815 5800 5814
f 5814 5800 5811
f 5814 5817 5816
f 5816 5817 5818
f 5814 5811 5817
f 5817 5811 5812
f 5814 5816 5815
f 5815 5816 5796
f 5815 5796 5801
f 5801 5796 5783
f 5801 5798 5815
f 5815 5798 5800
f 5791 5792 5806
f 5806 5792 5813
f 5818 5813 5795
f 5795 5813 5792
f 5818 5817 5813
f 5813 5817 5812
f 5816 5818 5790
f 5790 5818 5795
f 5790 5787 5816
f 5816 5787 5796
f 5771 5777 5781
f 5781 5777 5782
f 5782 5802 5783
f 5783 5802 5801
f 5782 5777 5802
f 5802 5777 5776
f 5588 5587 5722
f 5722 5587 5720
f 5591 5619 5592
f 5592 5619 5618
f 5625 5624 5648
f 5648 5624 5649
f 5624 5627 5649
f 5649 5627 5643
f 5631 5630 5725
f 5725 5630 5640
f 5625 5648 5591
f 5591 5648 5619
f 5588 5722 5723
f 5723 5722 5736
f 5631 5725 5592
f 5592 5725 5589
f 5723 5630 5666
f 5666 5630 5629
f 5587 5627 5720
f 5720 5627 5626
f 5820 5821 5819
f 5819 5821 5822
f 5824 5825 5823
f 5823 5825 5826
f 5823 5826 5827
f 5827 5826 5828
f 5829 5830 5832
f 5832 5830 5831
f 5518 5833 5708
f 5708 5833 5834
f 5835 5836 5824
f 5824 5836 5825
f 5838 5839 5837
f 5837 5839 5840
f 5751 5684 5842
f 5842 5684 5841
f 5843 5841 5724
f 5724 5841 5684
f 5845 5846 5844
f 5844 5846 5847
f 5848 5830 5836
f 5836 5830 5825
f 5518 5751 5833
f 5833 5751 5842
f 5839 5838 5821
f 5821 5838 5849
f 5850 5848 5822
f 5822 5848 5836
f 5851 5845 5828
f 5828 5845 5852
f 5854 5855 5853
f 5853 5855 5856
f 5845 5844 5852
f 5852 5844 5857
f 5858 5827 5852
f 5852 5827 5828
f 5851 5828 5829
f 5829 5828 5826
f 5819 5859 5820
f 5820 5859 5860
f 5835 5861 5819
f 5819 5861 5859
f 5851 5829 5862
f 5862 5829 5832
f 5844 5847 5837
f 5837 5847 5834
f 5819 5822 5835
f 5835 5822 5836
f 5823 5863 5824
f 5824 5863 5864
f 5849 5850 5821
f 5821 5850 5822
f 5825 5830 5826
f 5826 5830 5829
f 5820 5860 5865
f 5865 5860 5866
f 5858 5854 5867
f 5867 5854 5853
f 5854 5857 5855
f 5855 5857 5840
f 5855 5865 5856
f 5856 5865 5866
f 5837 5840 5844
f 5844 5840 5857
f 5827 5858 5868
f 5868 5858 5867
f 5824 5864 5835
f 5835 5864 5861
f 5732 5731 5862
f 5862 5731 5846
f 5863 5823 5868
f 5868 5823 5827
f 5843 5831 5848
f 5848 5831 5830
f 5854 5858 5857
f 5857 5858 5852
f 5855 5840 5865
f 5865 5840 5839
f 5865 5839 5820
f 5820 5839 5821
f 5868 5867 5870
f 5870 5867 5869
f 5868 5870 5863
f 5863 5870 5871
f 5863 5871 5864
f 5864 5871 5872
f 5864 5872 5861
f 5861 5872 5873
f 5867 5853 5869
f 5869 5853 5874
f 5853 5856 5874
f 5874 5856 5875
f 5856 5866 5875
f 5875 5866 5876
f 5877 5878 5874
f 5874 5878 5869
f 5880 5881 5879
f 5879 5881 5882
f 5883 5884 5880
f 5880 5884 5881
f 5881 5884 5886
f 5886 5884 5885
f 5887 5888 5886
f 5886 5888 5889
f 5885 5890 5886
f 5886 5890 5887
f 5889 5882 5886
f 5886 5882 5881
f 5882 5891 5879
f 5879 5891 5892
f 5885 5884 5893
f 5893 5884 5883
f 5883 5871 5893
f 5893 5871 5870
f 5883 5894 5871
f 5871 5894 5872
f 5880 5895 5883
f 5883 5895 5894
f 5896 5895 5879
f 5879 5895 5880
f 5893 5878 5885
f 5885 5878 5890
f 5878 5893 5869
f 5869 5893 5870
f 5897 5896 5892
f 5892 5896 5879
f 5895 5896 5898
f 5898 5896 5899
f 5896 5897 5899
f 5899 5897 5900
f 5898 5899 5901
f 5901 5899 5902
f 5901 5903 5898
f 5898 5903 5904
f 5900 5905 5899
f 5899 5905 5902
f 5898 5904 5895
f 5895 5904 5894
f 5894 5904 5872
f 5872 5904 5873
f 5897 5892 5907
f 5907 5892 5906
f 5892 5891 5906
f 5906 5891 5908
f 5887 5890 5909
f 5909 5890 5878
f 5888 5887 5910
f 5910 5887 5909
f 5878 5877 5909
f 5909 5877 5911
f 5909 5911 5910
f 5910 5911 5912
f 5913 5914 5910
f 5910 5914 5888
f 5908 5914 5906
f 5906 5914 5913
f 5861 5873 5859
f 5859 5873 5915
f 5860 5916 5866
f 5866 5916 5876
f 5916 5860 5915
f 5915 5860 5859
f 5915 5903 5916
f 5916 5903 5917
f 5903 5901 5917
f 5917 5901 5918
f 5916 5917 5876
f 5876 5917 5919
f 5903 5915 5904
f 5904 5915 5873
f 5920 5875 5919
f 5919 5875 5876
f 5920 5877 5875
f 5875 5877 5874
f 5920 5921 5877
f 5877 5921 5911
f 5921 5920 5922
f 5922 5920 5919
f 5923 5921 5924
f 5924 5921 5922
f 5917 5918 5919
f 5919 5918 5922
f 5918 5925 5922
f 5922 5925 5924
f 5921 5923 5911
f 5911 5923 5912
f 5927 5912 5926
f 5926 5912 5923
f 5926 5929 5928
f 5928 5929 5930
f 5926 5923 5929
f 5929 5923 5924
f 5926 5928 5927
f 5927 5928 5907
f 5927 5907 5913
f 5913 5907 5906
f 5913 5910 5927
f 5927 5910 5912
f 5901 5902 5918
f 5918 5902 5925
f 5930 5925 5905
f 5905 5925 5902
f 5930 5929 5925
f 5925 5929 5924
f 5928 5930 5900
f 5900 5930 5905
f 5900 5897 5928
f 5928 5897 5907
f 5882 5889 5891
f 5891 5889 5908
f 5908 5889 5914
f 5914 5889 5888
f 5832 5831 5641
f 5641 5831 5639
f 5833 5838 5834
f 5834 5838 5837
f 5842 5841 5849
f 5849 5841 5850
f 5841 5843 5850
f 5850 5843 5848
f 5847 5846 5739
f 5739 5846 5731
f 5842 5849 5833
f 5833 5849 5838
f 5862 5832 5732
f 5732 5832 5641
f 5847 5739 5834
f 5834 5739 5708
f 5862 5846 5851
f 5851 5846 5845
f 5831 5843 5639
f 5639 5843 5724
f 5676 5732 5595
f 5595 5732 5641
f 5676 5461 5660
f 5660 5461 5464
f 5461 5460 5464
f 5464 5460 5465
f 5460 5674 5465
f 5465 5674 5661
f 5931 5932 5934
f 5934 5932 5933
f 5936 5937 5935
f 5935 5937 5938
f 5935 5938 5939
f 5939 5938 5940
f 5942 5943 5941
f 5941 5943 5944
f 5945 5946 5936
f 5936 5946 5937
f 5948 5949 5947
f 5947 5949 5950
f 5951 5952 5519
f 5519 5952 5593
f 5953 5951 5709
f 5709 5951 5519
f 5955 5956 5954
f 5954 5956 5957
f 5958 5942 5946
f 5946 5942 5937
f 5948 5959 5949
f 5949 5959 5933
f 5960 5958 5934
f 5934 5958 5946
f 5961 5955 5940
f 5940 5955 5962
f 5963 5964 5966
f 5966 5964 5965
f 5955 5954 5962
f 5962 5954 5967
f 5968 5939 5962
f 5962 5939 5940
f 5961 5940 5941
f 5941 5940 5938
f 5931 5969 5932
f 5932 5969 5970
f 5945 5971 5931
f 5931 5971 5969
f 5941 5944 5961
f 5961 5944 5972
f 5954 5957 5947
f 5947 5957 5973
f 5945 5931 5946
f 5946 5931 5934
f 5935 5974 5936
f 5936 5974 5975
f 5959 5960 5933
f 5933 5960 5934
f 5937 5942 5938
f 5938 5942 5941
f 5932 5970 5976
f 5976 5970 5977
f 5968 5964 5978
f 5978 5964 5963
f 5965 5964 5950
f 5950 5964 5967
f 5976 5977 5965
f 5965 5977 5966
f 5947 5950 5954
f 5954 5950 5967
f 5939 5968 5979
f 5979 5968 5978
f 5936 5975 5945
f 5945 5975 5971
f 5972 5754 5956
f 5956 5754 5617
f 5974 5935 5979
f 5979 5935 5939
f 5953 5943 5958
f 5958 5943 5942
f 5964 5968 5967
f 5967 5968 5962
f 5965 5950 5976
f 5976 5950 5949
f 5976 5949 5932
f 5932 5949 5933
f 5979 5978 5981
f 5981 5978 5980
f 5979 5981 5974
f 5974 5981 5982
f 5974 5982 5975
f 5975 5982 5983
f 5975 5983 5971
f 5971 5983 5984
f 5978 5963 5980
f 5980 5963 5985
f 5963 5966 5985
f 5985 5966 5986
f 5986 5966 5987
f 5987 5966 5977
f 5988 5989 5985
f 5985 5989 5980
f 5991 5992 5990
f 5990 5992 5993
f 5994 5995 5991
f 5991 5995 5992
f 5992 5995 5997
f 5997 5995 5996
f 5998 5999 5997
f 5997 5999 6000
f 5996 6001 5997
f 5997 6001 5998
f 6000 5993 5997
f 5997 5993 5992
f 6002 6003 5993
f 5993 6003 5990
f 5995 5994 5996
f 5996 5994 6004
f 5994 5982 6004
f 6004 5982 5981
f 5994 6005 5982
f 5982 6005 5983
f 5991 6006 5994
f 5994 6006 6005
f 6006 5991 6007
f 6007 5991 5990
f 5996 6004 6001
f 6001 6004 5989
f 5989 6004 5980
f 5980 6004 5981
f 6003 6008 5990
f 5990 6008 6007
f 6009 6006 6010
f 6010 6006 6007
f 6008 6011 6007
f 6007 6011 6010
f 6012 6009 6013
f 6013 6009 6010
f 6009 6012 6015
f 6015 6012 6014
f 6011 6016 6010
f 6010 6016 6013
f 6006 6009 6005
f 6005 6009 6015
f 6005 6015 5983
f 5983 6015 5984
f 6008 6003 6018
f 6018 6003 6017
f 6003 6002 6017
f 6017 6002 6019
f 5998 6001 6020
f 6020 6001 5989
f 5999 5998 6021
f 6021 5998 6020
f 5989 5988 6020
f 6020 5988 6022
f 6021 6020 6023
f 6023 6020 6022
f 6021 6024 5999
f 5999 6024 6025
f 6019 6025 6017
f 6017 6025 6024
f 5971 5984 5969
f 5969 5984 6026
f 5970 6027 5977
f 5977 6027 5987
f 6027 5970 6026
f 6026 5970 5969
f 6026 6014 6027
f 6027 6014 6028
f 6014 6012 6028
f 6028 6012 6029
f 6027 6028 5987
f 5987 6028 6030
f 6026 5984 6014
f 6014 5984 6015
f 6031 5986 6030
f 6030 5986 5987
f 6031 5988 5986
f 5986 5988 5985
f 6032 6022 6031
f 6031 6022 5988
f 6032 6031 6033
f 6033 6031 6030
f 6034 6032 6035
f 6035 6032 6033
f 6028 6029 6030
f 6030 6029 6033
f 6029 6036 6033
f 6033 6036 6035
f 6032 6034 6022
f 6022 6034 6023
f 6038 6023 6037
f 6037 6023 6034
f 6037 6040 6039
f 6039 6040 6041
f 6037 6034 6040
f 6040 6034 6035
f 6037 6039 6038
f 6038 6039 6018
f 6038 6018 6024
f 6024 6018 6017
f 6024 6021 6038
f 6038 6021 6023
f 6012 6013 6029
f 6029 6013 6036
f 6041 6036 6016
f 6016 6036 6013
f 6041 6040 6036
f 6036 6040 6035
f 6041 6016 6039
f 6039 6016 6011
f 6011 6008 6039
f 6039 6008 6018
f 5993 6000 6002
f 6002 6000 6019
f 6019 6000 6025
f 6025 6000 5999
f 5943 5756 5944
f 5944 5756 5755
f 6042 5948 5973
f 5973 5948 5947
f 5952 5951 5959
f 5959 5951 5960
f 5951 5953 5960
f 5960 5953 5958
f 5616 5957 5617
f 5617 5957 5956
f 6042 5952 5948
f 5948 5952 5959
f 5944 5755 5972
f 5972 5755 5754
f 5957 5616 5973
f 5973 5616 5652
f 5956 5955 5972
f 5972 5955 5961
f 5943 5953 5756
f 5756 5953 5709
f 6044 6045 6043
f 6043 6045 6046
f 6048 6049 6047
f 6047 6049 6050
f 6047 6050 6051
f 6051 6050 6052
f 6054 6055 6053
f 6053 6055 6056
f 6057 6058 6060
f 6060 6058 6059
f 6061 6062 6048
f 6048 6062 6049
f 6063 6064 6066
f 6066 6064 6065
f 6067 6068 6070
f 6070 6068 6069
f 6071 6069 5653
f 5653 6069 6068
f 6072 6073 6075
f 6075 6073 6074
f 6062 6076 6049
f 6049 6076 6054
f 6058 6067 6059
f 6059 6067 6070
f 6064 6077 6065
f 6065 6077 6045
f 6078 6076 6046
f 6046 6076 6062
f 6073 6080 6079
f 6079 6080 6052
f 6082 6083 6081
f 6081 6083 6084
f 6072 6085 6073
f 6073 6085 6080
f 6086 6051 6080
f 6080 6051 6052
f 6079 6052 6053
f 6053 6052 6050
f 6043 6087 6044
f 6044 6087 6088
f 6061 6089 6043
f 6043 6089 6087
f 6053 6056 6079
f 6079 6056 6090
f 6063 6072 6060
f 6060 6072 6075
f 6043 6046 6061
f 6061 6046 6062
f 6047 6091 6048
f 6048 6091 6092
f 6077 6078 6045
f 6045 6078 6046
f 6049 6054 6050
f 6050 6054 6053
f 6044 6088 6093
f 6093 6088 6094
f 6086 6082 6095
f 6095 6082 6081
f 6083 6082 6066
f 6066 6082 6085
f 6093 6094 6083
f 6083 6094 6084
f 6072 6063 6085
f 6085 6063 6066
f 6051 6086 6096
f 6096 6086 6095
f 6048 6092 6061
f 6061 6092 6089
f 5656 5655 6090
f 6090 5655 6074
f 6091 6047 6096
f 6096 6047 6051
f 6071 6055 6076
f 6076 6055 6054
f 6082 6086 6085
f 6085 6086 6080
f 6093 6083 6065
f 6065 6083 6066
f 6044 6093 6045
f 6045 6093 6065
f 6096 6095 6098
f 6098 6095 6097
f 6096 6098 6091
f 6091 6098 6099
f 6091 6099 6092
f 6092 6099 6100
f 6092 6100 6089
f 6089 6100 6101
f 6095 6081 6097
f 6097 6081 6102
f 6081 6084 6102
f 6102 6084 6103
f 6103 6084 6104
f 6104 6084 6094
f 6106 6097 6105
f 6105 6097 6102
f 6107 6108 6110
f 6110 6108 6109
f 6111 6112 6108
f 6108 6112 6109
f 6109 6112 6114
f 6114 6112 6113
f 6114 6115 6117
f 6117 6115 6116
f 6113 6118 6114
f 6114 6118 6115
f 6117 6110 6114
f 6114 6110 6109
f 6110 6119 6107
f 6107 6119 6120
f 6112 6111 6113
f 6113 6111 6121
f 6111 6099 6121
f 6121 6099 6098
f 6111 6122 6099
f 6099 6122 6100
f 6123 6122 6108
f 6108 6122 6111
f 6124 6123 6107
f 6107 6123 6108
f 6113 6121 6118
f 6118 6121 6106
f 6106 6121 6097
f 6097 6121 6098
f 6125 6124 6120
f 6120 6124 6107
f 6126 6123 6127
f 6127 6123 6124
f 6125 6128 6124
f 6124 6128 6127
f 6129 6126 6130
f 6130 6126 6127
f 6126 6129 6132
f 6132 6129 6131
f 6128 6133 6127
f 6127 6133 6130
f 6123 6126 6122
f 6122 6126 6132
f 6122 6132 6100
f 6100 6132 6101
f 6120 6134 6125
f 6125 6134 6135
f 6120 6119 6134
f 6134 6119 6136
f 6115 6118 6137
f 6137 6118 6106
f 6115 6137 6116
f 6116 6137 6138
f 6137 6106 6139
f 6139 6106 6105
f 6138 6137 6140
f 6140 6137 6139
f 6141 6142 6138
f 6138 6142 6116
f 6136 6142 6134
f 6134 6142 6141
f 6089 6101 6087
f 6087 6101 6143
f 6088 6144 6094
f 6094 6144 6104
f 6143 6144 6087
f 6087 6144 6088
f 6131 6145 6143
f 6143 6145 6144
f 6129 6146 6131
f 6131 6146 6145
f 6144 6145 6104
f 6104 6145 6147
f 6143 6101 6131
f 6131 6101 6132
f 6148 6103 6147
f 6147 6103 6104
f 6103 6148 6102
f 6102 6148 6105
f 6148 6149 6105
f 6105 6149 6139
f 6149 6148 6150
f 6150 6148 6147
f 6151 6149 6152
f 6152 6149 6150
f 6145 6146 6147
f 6147 6146 6150
f 6146 6153 6150
f 6150 6153 6152
f 6149 6151 6139
f 6139 6151 6140
f 6155 6140 6154
f 6154 6140 6151
f 6154 6157 6156
f 6156 6157 6158
f 6154 6151 6157
f 6157 6151 6152
f 6154 6156 6155
f 6155 6156 6135
f 6155 6135 6141
f 6141 6135 6134
f 6141 6138 6155
f 6155 6138 6140
f 6146 6129 6153
f 6153 6129 6130
f 6158 6153 6133
f 6133 6153 6130
f 6158 6157 6153
f 6153 6157 6152
f 6156 6158 6128
f 6128 6158 6133
f 6128 6125 6156
f 6156 6125 6135
f 6110 6117 6119
f 6119 6117 6136
f 6136 6117 6142
f 6142 6117 6116
f 6055 5615 6056
f 6056 5615 5752
f 6060 6059 6063
f 6063 6059 6064
f 6077 6070 6078
f 6078 6070 6069
f 6069 6071 6078
f 6078 6071 6076
f 6159 6057 6075
f 6075 6057 6060
f 6059 6070 6064
f 6064 6070 6077
f 6056 5752 6090
f 6090 5752 5656
f 6090 6074 6079
f 6079 6074 6073
f 6055 6071 5615
f 5615 6071 5653
f 5547 5471 6160
f 6160 5471 6161
f 5729 5577 6163
f 6163 5577 6162
f 5577 5576 6162
f 6162 5576 6164
f 5713 6165 5711
f 5711 6165 6166
f 5474 5729 6167
f 6167 5729 6163
f 5750 5547 6168
f 6168 5547 6160
f 5471 5474 6161
f 6161 5474 6167
f 6169 5712 6168
f 6168 5712 5750
f 5711 6166 5576
f 5576 6166 6164
f 6165 5713 6169
f 6169 5713 5712
f 6168 6170 6169
f 6169 6170 6171
f 6169 6171 6165
f 6165 6171 6172
f 6165 6172 6166
f 6166 6172 6173
f 6166 6173 6164
f 6164 6173 6174
f 6168 6160 6170
f 6170 6160 6175
f 6160 6161 6175
f 6175 6161 6176
f 6161 6167 6176
f 6176 6167 6177
f 6179 6170 6178
f 6178 6170 6175
f 6181 6182 6180
f 6180 6182 6183
f 6184 6185 6181
f 6181 6185 6182
f 6186 6187 6185
f 6185 6187 6182
f 6186 6188 6187
f 6187 6188 6189
f 6190 6183 6187
f 6187 6183 6182
f 6183 6190 6191
f 6191 6190 6192
f 6191 6193 6183
f 6183 6193 6180
f 6186 6185 6194
f 6194 6185 6184
f 6184 6172 6194
f 6194 6172 6171
f 6184 6195 6172
f 6172 6195 6173
f 6181 6196 6184
f 6184 6196 6195
f 6196 6181 6197
f 6197 6181 6180
f 6186 6194 6188
f 6188 6194 6179
f 6179 6194 6170
f 6170 6194 6171
f 6193 6198 6180
f 6180 6198 6197
f 6199 6196 6200
f 6200 6196 6197
f 6198 6201 6197
f 6197 6201 6200
f 6202 6199 6203
f 6203 6199 6200
f 6199 6202 6205
f 6205 6202 6204
f 6201 6206 6200
f 6200 6206 6203
f 6196 6199 6195
f 6195 6199 6205
f 6195 6205 6173
f 6173 6205 6174
f 6198 6193 6208
f 6208 6193 6207
f 6193 6191 6207
f 6207 6191 6192
f 6189 6188 6209
f 6209 6188 6179
f 6210 6189 6211
f 6211 6189 6209
f 6209 6179 6212
f 6212 6179 6178
f 6211 6209 6213
f 6213 6209 6212
f 6211 6214 6210
f 6210 6214 6215
f 6192 6215 6207
f 6207 6215 6214
f 6190 6187 6210
f 6210 6187 6189
f 6192 6190 6215
f 6215 6190 6210
f 6162 6164 6216
f 6216 6164 6174
f 6167 6163 6177
f 6177 6163 6217
f 6216 6217 6162
f 6162 6217 6163
f 6204 6218 6216
f 6216 6218 6217
f 6202 6219 6204
f 6204 6219 6218
f 6217 6218 6177
f 6177 6218 6220
f 6216 6174 6204
f 6204 6174 6205
f 6221 6176 6220
f 6220 6176 6177
f 6176 6221 6175
f 6175 6221 6178
f 6221 6222 6178
f 6178 6222 6212
f 6222 6221 6223
f 6223 6221 6220
f 6224 6222 6225
f 6225 6222 6223
f 6218 6219 6220
f 6220 6219 6223
f 6219 6226 6223
f 6223 6226 6225
f 6222 6224 6212
f 6212 6224 6213
f 6228 6213 6227
f 6227 6213 6224
f 6229 6227 6231
f 6231 6227 6230
f 6227 6224 6230
f 6230 6224 6225
f 6227 6229 6228
f 6228 6229 6208
f 6228 6208 6214
f 6214 6208 6207
f 6214 6211 6228
f 6228 6211 6213
f 6219 6202 6226
f 6226 6202 6203
f 6231 6226 6206
f 6206 6226 6203
f 6231 6230 6226
f 6226 6230 6225
f 6229 6231 6201
f 6201 6231 6206
f 6201 6198 6229
f 6229 6198 6208
f 5674 5672 5661
f 5661 5672 5662
f 5662 5672 5663
f 5663 5672 5646
f 5651 6042 5652
f 5652 6042 5973
f 5518 5517 5751
f 5751 5517 5733
f 5738 5660 5753
f 5753 5660 5637
f 5752 5636 5656
f 5656 5636 5526
f 5952 6042 5593
f 5593 6042 5651
f 5593 5651 5594
f 5594 5651 5650
f 5600 5737 5514
f 5514 5737 5515
f 5546 5545 5740
f 5740 5545 6232
f 6232 6058 5740
f 5740 6058 6057
f 6067 6058 6233
f 6233 6058 6232
f 6233 6232 6234
f 6234 6232 5545
f 6234 5545 6235
f 6235 5545 5544
f 5606 6236 5543
f 5543 6236 5544
f 6235 5544 5539
f 5539 5544 6236
f 6237 6235 5542
f 5542 6235 5539
f 6235 6237 6234
f 6234 6237 6238
f 6234 6238 6233
f 6233 6238 6239
f 5653 6068 5650
f 5650 6068 6239
f 5642 5513 6240
f 6240 5513 5516
f 5539 6236 5540
f 5540 6236 5606
f 5636 5614 5637
f 5637 5614 5753
f 6239 5737 5650
f 5650 5737 5594
f 6239 6068 6233
f 6233 6068 6067
f 6075 6074 6159
f 6159 6074 5655
f 6057 6159 5740
f 5740 6159 5655
f 5515 5737 6238
f 6238 5737 6239
f 6238 6237 5515
f 5515 6237 5516
f 5542 6240 6237
f 6237 6240 5516
f 6240 5542 5642
f 5642 5542 5541
f 5702 5699 5541
f 5541 5699 5642
f 5582 5475 5717
f 5470 5443 5537
f 5537 5443 5504
f 5469 5444 5470
f 5470 5444 5443
f 5726 5557 5727
f 5727 5557 5556
f 5537 5504 5511
f 5511 5504 5506
f 5504 5503 5506
f 5506 5503 5507
f 5503 5455 5507
f 5507 5455 5581
f 5455 5454 5581
f 5581 5454 5456
f 5473 5453 5474
f 5474 5453 5729
f 5457 5454 5473
f 5473 5454 5453
f 5473 5472 5457
f 5457 5472 5686
f 5472 5548 5686
f 5686 5548 5687
f 5749 5693 5548
f 5548 5693 5687
f 5715 5532 5749
f 5749 5532 5693
f 5714 5486 5715
f 5715 5486 5532
f 5714 5710 5486
f 5486 5710 5449
f 5728 5578 5729
f 5729 5578 5577
f 5452 5445 5698
f 5698 5445 5558
f 5445 5444 5558
f 5558 5444 5556
f 5444 5469 5556
f 5556 5469 5727
f 5469 5468 5727
f 5727 5468 5555
f 5468 5747 5555
f 5555 5747 5552
f 5747 5700 5552
f 5552 5700 5716
f 5700 5699 5716
f 5716 5699 5717
f 5699 5702 5717
f 5717 5702 5582
f 5702 5701 5582
f 5582 5701 5583
f 5726 5479 5557
f 5557 5479 5483
f 5483 5479 5484
f 5484 5479 5482
f 5534 5533 5482
f 5482 5533 5484
f 5691 5688 5534
f 5534 5688 5533
f 5644 5647 5691
f 5691 5647 5688
f 5719 5746 5701
f 5701 5746 5583
f 5718 5497 5719
f 5719 5497 5746
f 5718 5605 5654
f 5654 5605 5638
f 5498 5654 5657
f 5657 5654 5633
f 5497 5718 5498
f 5498 5718 5654
f 5657 5527 5498
f 5498 5527 5494
f 5528 5570 5495
f 5495 5570 5521
f 5665 5668 5528
f 5528 5668 5570
f 5664 5671 5665
f 5665 5671 5668
f 5645 5741 5664
f 5664 5741 5671
f 5644 5696 5645
f 5645 5696 5741
f 5710 5575 5449
f 5449 5575 5450
f 5575 5578 5450
f 5450 5578 5698
f 5578 5728 5698
f 5698 5728 5452
f 5452 5728 5451
f 5451 5728 5453
f 3619 6241 3620
f 3620 6241 6242
f 6243 6244 3628
f 3628 6244 3629
f 6245 6246 3634
f 3634 6246 3631
f 6247 6248 3636
f 3636 6248 3637
f 6249 6250 3642
f 3642 6250 3639
f 3639 6250 3643
f 3643 6250 6251
f 3743 6252 3744
f 3744 6252 6253
f 6246 6243 3631
f 3631 6243 3628
f 3753 6254 3754
f 3754 6254 6255
f 3857 6256 3619
f 3619 6256 6241
f 6257 6245 3932
f 3932 6245 3634
f 6242 6247 3620
f 3620 6247 3636
f 6258 6259 3946
f 3946 6259 3947
f 6260 6249 3948
f 3948 6249 3642
f 6244 6258 3629
f 3629 6258 3946
f 3947 6259 3753
f 3753 6259 6254
f 6248 6260 3637
f 3637 6260 3948
f 3643 6251 3743
f 3743 6251 6252
f 3744 6253 3932
f 3932 6253 6257
f 6250 6249 6251
f 6251 6249 6252
f 6245 6261 6246
f 6246 6261 6262
f 6263 6264 6247
f 6247 6264 6248
f 6252 6265 6253
f 6253 6265 6266
f 6246 6262 6243
f 6243 6262 6267
f 6268 6261 6257
f 6257 6261 6245
f 6269 6263 6242
f 6242 6263 6247
f 6270 6271 6260
f 6260 6271 6249
f 6264 6270 6248
f 6248 6270 6260
f 6253 6266 6257
f 6257 6266 6268
f 6249 6271 6252
f 6252 6271 6265
f 6254 6259 6272
f 6272 6259 6273
f 6266 6265 6270
f 6270 6265 6271
f 6268 6266 6264
f 6264 6266 6270
f 6261 6268 6263
f 6263 6268 6264
f 6269 6262 6263
f 6263 6262 6261
f 4186 4185 6274
f 6274 4185 6275
f 6241 6276 6242
f 6242 6276 6269
f 6258 6244 6277
f 6277 6244 6278
f 6256 6279 6241
f 6241 6279 6276
f 6259 6258 6273
f 6273 6258 6277
f 6243 6267 6244
f 6244 6267 6278
f 6276 6267 6269
f 6269 6267 6262
f 6254 6272 6255
f 6255 6272 6280
f 3865 3713 3888
f 3888 3713 3685
f 5242 5233 3892
f 3892 5233 3711
f 3900 5243 3892
f 3892 5243 5242
f 3734 3866 3900
f 3900 3866 5243
f 4117 6281 4118
f 4118 6281 6282
f 4118 6282 4278
f 4278 6282 4879
f 4717 4887 4718
f 4718 4887 4280
f 4792 4278 4882
f 4882 4278 4879
f 4795 4792 6283
f 6283 4792 4882
f 4852 4851 5012
f 5012 4851 6284
f 4856 5207 4857
f 4857 5207 4858
f 4860 4279 4857
f 4857 4279 4854
f 4718 4280 4860
f 4860 4280 4279
f 4864 4863 4745
f 4745 4863 4742
f 5366 4867 5011
f 5011 4867 4866
f 4871 4884 4872
f 4872 4884 4883
f 4872 4883 4117
f 4117 4883 6281
f 6284 4851 6283
f 6283 4851 4795
f 4852 4866 4853
f 4853 4866 4865
f 4871 4870 4856
f 4856 4870 5207
f 4717 4716 4864
f 4864 4716 4861
f 4868 4867 4862
f 4862 4867 4863
f 4268 4855 4269
f 4269 4855 4854
f 4281 4274 4282
f 4282 4274 4765
f 4744 4743 4907
f 4907 4743 4904
f 4874 4881 4820
f 4820 4881 4880
f 4885 5013 4886
f 4886 5013 4980
f 4888 4275 4281
f 4281 4275 4274
f 4902 6282 4903
f 4903 6282 6281
f 6283 4979 6284
f 6284 4979 4978
f 4282 4765 4269
f 4269 4765 4266
f 4880 4879 4902
f 4902 4879 6282
f 4903 6281 4886
f 4886 6281 4883
f 4882 4881 6283
f 6283 4881 4979
f 5013 4885 4267
f 4267 4885 4268
f 4888 4887 4744
f 4744 4887 4745
f 4410 6285 4411
f 4411 6285 4812
f 4750 4749 6286
f 6286 4749 6287
f 6289 4695 6288
f 6288 4695 4255
f 4750 4675 4751
f 4751 4675 4965
f 6290 6291 4963
f 4963 6291 4960
f 4807 4806 4411
f 4411 4806 4408
f 6292 6293 4959
f 4959 6293 4956
f 4958 6294 4959
f 4959 6294 4955
f 4962 4964 4963
f 4963 4964 4805
f 4962 4961 4751
f 4751 4961 4748
f 6296 6297 6295
f 6295 6297 6298
f 6299 6300 6288
f 6288 6300 4735
f 6302 4961 6301
f 6301 4961 4960
f 6304 6287 6303
f 6303 6287 4749
f 4968 6305 4969
f 4969 6305 6306
f 4413 6308 6307
f 6307 6308 4900
f 6301 4960 6309
f 6309 4960 6291
f 4412 4408 6310
f 6310 4408 4806
f 4696 6311 4256
f 4256 6311 6312
f 6303 4749 6313
f 6313 4749 4748
f 6313 4748 6302
f 6302 4748 4961
f 6315 6316 6314
f 6314 6316 6317
f 4084 6318 6315
f 6315 6318 6316
f 4083 6319 4084
f 4084 6319 6318
f 4112 6320 4083
f 4083 6320 6319
f 6322 4138 6321
f 6321 4138 4137
f 6324 4128 6323
f 6323 4128 4127
f 4127 4193 6323
f 6323 4193 6325
f 4193 4891 6325
f 6325 4891 6326
f 4891 6327 6326
f 6326 6327 6328
f 6327 4824 5227
f 5227 4824 5228
f 5231 4684 6329
f 6329 4684 4683
f 4683 4099 6329
f 6329 4099 6330
f 4099 4102 6330
f 6330 4102 6331
f 4174 4826 4429
f 4429 4826 4829
f 4173 4741 4174
f 4174 4741 4826
f 4180 4738 4173
f 4173 4738 4741
f 6332 6333 4180
f 4180 6333 4738
f 6274 6334 4186
f 4186 6334 4188
f 4181 4825 4180
f 4180 4825 6332
f 5044 5213 5045
f 5045 5213 5165
f 5046 5087 5047
f 5047 5087 5222
f 5077 5063 5078
f 5078 5063 5198
f 5081 5099 5082
f 5082 5099 5194
f 5095 5074 5096
f 5096 5074 5073
f 5373 5170 5096
f 5096 5170 5093
f 5375 5171 5373
f 5373 5171 5170
f 5047 5222 5375
f 5375 5222 5171
f 5046 5038 5376
f 5376 5038 5067
f 5377 5086 5376
f 5376 5086 5085
f 5045 5165 5377
f 5377 5165 5086
f 5378 5214 5044
f 5044 5214 5213
f 5077 5034 5378
f 5378 5034 5214
f 5082 5194 5078
f 5078 5194 5035
f 5081 5080 5379
f 5379 5080 6335
f 5379 6335 5095
f 5095 6335 5074
f 5032 5080 5033
f 5033 5080 5079
f 5040 5017 5041
f 5041 5017 5016
f 5050 5043 5051
f 5051 5043 5042
f 5065 5023 5066
f 5066 5023 5022
f 5050 5049 5065
f 5065 5049 5023
f 5041 5016 5068
f 5068 5016 5020
f 5071 5374 5072
f 5072 5374 5200
f 5075 5156 5076
f 5076 5156 5155
f 5162 5212 5068
f 5068 5212 5067
f 5075 5074 5192
f 5192 5074 6335
f 5066 5022 5199
f 5199 5022 5196
f 5076 5155 5072
f 5072 5155 5069
f 5040 5039 5071
f 5071 5039 5374
f 5162 5161 5051
f 5051 5161 5048
f 5192 6335 5032
f 5032 6335 5080
f 5199 5196 5033
f 5033 5196 5030
f 5018 5211 5019
f 5019 5211 5408
f 5019 5408 5021
f 5021 5408 5163
f 5024 5057 5025
f 5025 5057 5415
f 5028 5048 5029
f 5029 5048 5161
f 5054 5031 5055
f 5055 5031 5030
f 5024 5023 5058
f 5058 5023 5049
f 5061 5070 5062
f 5062 5070 5069
f 5157 5438 5158
f 5158 5438 5442
f 5160 5191 5054
f 5054 5191 5031
f 5029 5161 5021
f 5021 5161 5020
f 5025 5415 5197
f 5197 5415 5220
f 5158 5442 5062
f 5062 5442 5059
f 5018 5017 5061
f 5061 5017 5070
f 5160 5159 5157
f 5157 5159 5438
f 5028 5027 5058
f 5058 5027 5056
f 5055 5030 5197
f 5197 5030 5196
f 5409 5380 5410
f 5410 5380 6336
f 5026 5413 5027
f 5027 5413 5412
f 5396 5417 5393
f 5393 5417 5416
f 5416 5057 5419
f 5419 5057 5056
f 5417 5396 5426
f 5426 5396 5420
f 5427 5423 5428
f 5428 5423 5422
f 5427 5059 5430
f 5430 5059 5442
f 5409 5408 5433
f 5433 5408 5211
f 5433 5211 5428
f 5428 5211 5060
f 5412 5411 5419
f 5419 5411 5418
f 5436 5053 5437
f 5437 5053 5052
f 5439 5402 5440
f 5440 5402 5401
f 5436 5435 5439
f 5439 5435 5402
f 5410 6336 5413
f 5413 6336 5414
f 5440 5401 5430
f 5430 5401 5429
f 5426 5420 5437
f 5437 5420 5434
f 5382 5432 5383
f 5383 5432 5384
f 5386 6336 5383
f 5383 6336 5380
f 6336 5386 5414
f 5414 5386 5388
f 5391 5418 5392
f 5392 5418 5411
f 5705 5395 5704
f 5704 5395 5394
f 5399 5435 5400
f 5400 5435 5434
f 5403 5441 5404
f 5404 5441 5405
f 5407 5429 5404
f 5404 5429 5401
f 5395 5705 5421
f 5421 5705 5748
f 5424 5706 5425
f 5425 5706 5431
f 5391 5390 5394
f 5394 5390 5704
f 5392 5388 5389
f 5389 5388 5387
f 5382 5381 5425
f 5425 5381 5422
f 5407 5406 5424
f 5424 5406 5706
f 5403 5402 5399
f 5399 5402 5435
f 5421 5748 5400
f 5400 5748 5397
f 4097 4721 4098
f 4098 4721 4231
f 4233 5273 4098
f 4098 5273 4095
f 6337 6338 4785
f 4785 6338 4786
f 4076 4780 4073
f 4073 4780 4781
f 4782 4190 4781
f 4781 4190 4073
f 4783 4901 4782
f 4782 4901 4190
f 4780 4076 4097
f 4097 4076 4721
f 6337 2879 4701
f 4701 2879 2878
f 5280 6339 5272
f 5272 6339 6340
f 5282 5281 6341
f 6341 5281 6342
f 4109 6302 4110
f 4110 6302 6301
f 4283 6304 4284
f 4284 6304 6303
f 6305 4379 6306
f 6306 4379 4378
f 4110 6301 4428
f 4428 6301 6309
f 6310 4688 4412
f 4412 4688 4687
f 4284 6303 4753
f 4753 6303 6313
f 4753 6313 4109
f 4109 6313 6302
f 6343 5226 4428
f 4428 5226 4427
f 4147 4900 4416
f 4416 4900 6308
f 6312 6311 4241
f 4241 6311 4720
f 5223 6344 4702
f 4702 6344 4699
f 4221 4220 6345
f 6345 4220 6346
f 5276 5275 6347
f 6347 5275 6348
f 5275 4728 6348
f 6348 4728 6349
f 4727 6350 5284
f 5284 6350 5285
f 6351 6352 6354
f 6354 6352 6353
f 5313 5312 5292
f 5292 5312 5293
f 5312 5344 5293
f 5293 5344 5337
f 5344 4914 5337
f 5337 4914 4916
f 4914 4913 4916
f 4916 4913 4917
f 4913 6355 4917
f 4917 6355 4978
f 6356 6357 6284
f 6284 6357 5012
f 6357 6358 5012
f 5012 6358 5011
f 5011 6358 5366
f 5366 6358 6359
f 6360 4742 6359
f 6359 4742 5366
f 4743 6361 4904
f 4904 6361 5364
f 5363 4905 5364
f 5364 4905 4904
f 5363 6362 4905
f 4905 6362 4207
f 6362 6363 4207
f 4207 6363 4208
f 6363 5342 4208
f 4208 5342 5330
f 5342 5341 5330
f 5330 5341 4244
f 5341 6364 4244
f 4244 6364 4245
f 6364 6365 4245
f 4245 6365 4246
f 6366 6367 4253
f 4253 6367 4250
f 4214 6368 4211
f 4211 6368 4380
f 4380 4379 4211
f 4211 4379 4283
f 4379 6305 4283
f 4283 6305 6304
f 6305 4968 6304
f 6304 4968 6287
f 4968 4967 6287
f 6287 4967 6286
f 4967 6297 6286
f 6286 6297 4676
f 6296 4376 4288
f 4288 4376 4285
f 4376 4373 4285
f 4285 4373 4290
f 6369 6370 6372
f 6372 6370 6371
f 5245 6373 5246
f 5246 6373 6374
f 4317 6375 4318
f 4318 6375 6376
f 4331 6377 4332
f 4332 6377 6378
f 6379 4333 6376
f 6376 4333 4318
f 4343 6380 4344
f 4344 6380 6381
f 4347 6382 4348
f 4348 6382 6383
f 4374 6371 4331
f 4331 6371 6377
f 4333 6379 4426
f 4426 6379 6384
f 4690 6385 4347
f 4347 6385 6382
f 4332 6378 4317
f 4317 6378 6375
f 4922 6386 4923
f 4923 6386 6387
f 6388 6389 4375
f 4375 6389 6390
f 6355 6356 4978
f 4978 6356 6284
f 4742 6360 4743
f 4743 6360 6361
f 6391 4238 6392
f 6392 4238 4719
f 6392 4719 6393
f 6393 4719 5296
f 6395 6396 6394
f 6394 6396 6397
f 6399 6400 6398
f 6398 6400 6401
f 6402 5302 6403
f 6403 5302 5303
f 5303 5321 6403
f 6403 5321 6404
f 5320 6405 5321
f 5321 6405 6404
f 5319 6406 5350
f 5350 6406 5351
f 5319 5318 6406
f 6406 5318 6407
f 5288 4197 6408
f 6408 4197 6409
f 4217 4216 6410
f 6410 4216 6411
f 5227 6412 6327
f 6327 6412 6328
f 4892 6413 5227
f 5227 6413 6412
f 4228 6414 4892
f 4892 6414 6413
f 4227 6415 4228
f 4228 6415 6414
f 4248 6416 4227
f 4227 6416 6415
f 4247 6417 4248
f 4248 6417 6416
f 6417 4247 6419
f 6419 4247 6418
f 6419 6418 6421
f 6421 6418 6420
f 6422 5301 6423
f 6423 5301 5300
f 6423 5300 6424
f 6424 5300 6399
f 6408 6409 6398
f 6398 6409 6425
f 6426 6427 6397
f 6397 6427 6394
f 6428 4224 6429
f 6429 4224 4223
f 6347 6346 5276
f 5276 6346 4220
f 6346 6347 6341
f 6341 6347 6339
f 5280 5278 5282
f 5282 5278 4236
f 4896 5224 4684
f 4684 5224 4681
f 4132 4135 4896
f 4896 4135 5224
f 4131 4136 4132
f 4132 4136 4135
f 4226 4754 4131
f 4131 4754 4136
f 4251 4213 4226
f 4226 4213 4754
f 4250 4214 4251
f 4251 4214 4213
f 4250 6367 4214
f 4214 6367 6368
f 6367 4910 6368
f 6368 4910 4737
f 4909 5297 4736
f 4736 5297 5296
f 5297 6395 5296
f 5296 6395 6393
f 6427 6430 6394
f 6394 6430 6431
f 6429 4383 6428
f 6428 4383 4382
f 4219 5277 4220
f 4220 5277 5276
f 4222 4697 4383
f 4383 4697 4218
f 6345 4699 4221
f 4221 4699 6344
f 6342 4700 6345
f 6345 4700 4699
f 4235 4786 5281
f 5281 4786 6338
f 4234 4787 4235
f 4235 4787 4786
f 5279 5278 6432
f 6432 5278 5271
f 4237 5279 6433
f 6433 5279 6432
f 4787 4234 6433
f 6433 4234 4237
f 6435 6436 6434
f 6434 6436 6437
f 6359 6438 6360
f 6360 6438 6437
f 6439 6440 6441
f 6441 6440 6438
f 6443 6439 6442
f 6442 6439 6441
f 6357 6356 6442
f 6442 6356 6444
f 6444 6446 6445
f 6445 6446 6447
f 4912 6446 4913
f 4913 6446 6355
f 6361 6436 5364
f 5364 6436 5365
f 5319 5350 5316
f 5316 5350 6448
f 4832 6449 5350
f 5350 6449 6448
f 4831 6450 4832
f 4832 6450 6449
f 5354 6451 5320
f 5320 6451 6405
f 4265 6452 5354
f 5354 6452 6451
f 4264 6453 4265
f 4265 6453 6452
f 6450 4831 6447
f 6447 4831 6445
f 4263 6435 4264
f 4264 6435 6434
f 6454 6453 6439
f 6439 6453 6440
f 6439 6443 6454
f 6454 6443 4834
f 4833 6455 4834
f 4834 6455 6454
f 5351 6456 4833
f 4833 6456 6455
f 6457 6391 6458
f 6458 6391 6392
f 6458 6392 6431
f 6431 6392 6393
f 5298 6396 5297
f 5297 6396 6395
f 6402 6400 5302
f 5302 6400 5299
f 6402 6403 6459
f 6459 6403 6460
f 6460 6403 6461
f 6461 6403 6404
f 6405 6462 6404
f 6404 6462 6461
f 6406 6462 5351
f 5351 6462 6456
f 6406 6407 6462
f 6462 6407 6461
f 6407 6463 6461
f 6461 6463 6460
f 6463 6464 6460
f 6460 6464 6459
f 6464 6465 6459
f 6459 6465 6401
f 6430 6466 6431
f 6431 6466 6458
f 6466 6410 6458
f 6458 6410 6457
f 6410 6411 6457
f 6457 6411 6467
f 6396 6424 6397
f 6397 6424 6425
f 6393 6395 6431
f 6431 6395 6394
f 6451 6456 6405
f 6405 6456 6462
f 6452 6455 6451
f 6451 6455 6456
f 6453 6454 6452
f 6452 6454 6455
f 6443 6445 4834
f 4834 6445 4831
f 6440 6453 6434
f 6434 6453 4264
f 6468 5306 5360
f 5360 5306 5305
f 6469 4124 6468
f 6468 4124 5306
f 6470 4125 6469
f 6469 4125 4124
f 6471 5291 6470
f 6470 5291 4125
f 6353 5292 6471
f 6471 5292 5291
f 5292 6353 5313
f 5313 6353 6352
f 5347 5314 6352
f 6352 5314 5313
f 5353 5318 5346
f 5346 5318 5317
f 5334 6468 5358
f 5358 6468 5360
f 5324 6469 5334
f 5334 6469 6468
f 5323 6470 5324
f 5324 6470 6469
f 5343 6471 5323
f 5323 6471 6470
f 6354 6353 5343
f 5343 6353 6471
f 6348 6349 4270
f 4270 6349 5311
f 5272 6340 5273
f 5273 6340 4272
f 6432 5271 4232
f 4232 5271 4233
f 4294 6432 4295
f 4295 6432 4232
f 6432 4294 6433
f 6433 4294 4301
f 4301 4300 6433
f 6433 4300 4787
f 4704 4784 4300
f 4300 4784 4787
f 4704 3013 4784
f 4784 3013 1307
f 5103 6472 5104
f 5104 6472 5202
f 5108 5116 5105
f 5105 5116 5115
f 5111 5124 5112
f 5112 5124 5123
f 5154 5205 5105
f 5105 5205 5106
f 5167 5180 5168
f 5168 5180 5185
f 5175 5188 5176
f 5176 5188 5187
f 5112 5123 5178
f 5178 5123 5120
f 5167 5090 5183
f 5183 5090 5089
f 5210 5151 5183
f 5183 5151 5181
f 5216 5138 5217
f 5217 5138 5137
f 5218 5119 5219
f 5219 5119 5221
f 5218 5178 5119
f 5119 5178 5120
f 5217 5137 5104
f 5104 5137 5101
f 5116 5108 5221
f 5221 5108 5219
f 5111 5110 5210
f 5210 5110 5151
f 5154 5153 5103
f 5103 5153 6472
f 5216 5215 5176
f 5176 5215 5173
f 5175 5174 5168
f 5168 5174 5166
f 5091 5172 5092
f 5092 5172 5208
f 5117 5037 5118
f 5118 5037 5036
f 5121 5164 5122
f 5122 5164 5133
f 5125 5084 5126
f 5126 5084 5083
f 5129 5174 5130
f 5130 5174 5173
f 5131 5202 5132
f 5132 5202 6472
f 5135 5221 5122
f 5122 5221 5119
f 5125 5124 5136
f 5136 5124 5209
f 5126 5083 5121
f 5121 5083 5164
f 5118 5036 5195
f 5195 5036 5193
f 5131 5097 5203
f 5203 5097 5114
f 5132 6472 5195
f 5195 6472 5153
f 5136 5209 5092
f 5092 5209 5089
f 5135 5134 5117
f 5117 5134 5037
f 5362 5206 5130
f 5130 5206 5127
f 5372 5371 5128
f 5128 5371 5129
f 5371 5372 5091
f 5091 5372 5172
f 5362 5215 5203
f 5203 5215 5201
f 6463 6407 5353
f 5353 6407 5318
f 6464 6463 5352
f 5352 6463 5353
f 6408 6465 5288
f 5288 6465 5289
f 4196 4224 6426
f 6426 4224 6427
f 6430 6427 6428
f 6428 6427 4224
f 6466 6430 4382
f 4382 6430 6428
f 6410 6466 4217
f 4217 6466 4382
f 4240 4239 3015
f 3015 4239 3016
f 4254 4257 3017
f 3017 4257 3018
f 6473 6474 4732
f 4732 6474 6475
f 6474 6374 6475
f 6475 6374 6373
f 5246 6374 3022
f 3022 6374 3023
f 4254 6299 4255
f 4255 6299 6288
f 6473 6300 3024
f 3024 6300 3025
f 6476 4257 6312
f 6312 4257 4256
f 4240 6476 4241
f 4241 6476 6312
f 6477 4239 6391
f 6391 4239 4238
f 6467 6477 6457
f 6457 6477 6391
f 6411 3029 6467
f 6467 3029 3028
f 4216 3030 6411
f 6411 3030 3029
f 6479 6480 6478
f 6478 6480 6481
f 6483 6484 6482
f 6482 6484 6485
f 6486 6487 4102
f 4102 6487 6331
f 6483 6488 6478
f 6478 6488 6489
f 4429 4829 6490
f 6490 4829 6479
f 6491 6486 4101
f 4101 6486 4102
f 4895 6491 4899
f 4899 6491 4101
f 4160 6488 4157
f 4157 6488 6492
f 6489 4087 6490
f 6490 4087 4090
f 4267 4261 5013
f 5013 4261 4260
f 4258 4261 5328
f 5328 4261 4975
f 4261 4267 4975
f 4975 4267 4266
f 5367 3793 3912
f 3912 3793 3575
f 6494 3616 6493
f 6493 3616 3795
f 6496 3589 6495
f 6495 3589 3588
f 6495 3588 5368
f 5368 3588 3794
f 3841 3840 3050
f 3050 3840 3051
f 3912 3911 3052
f 3052 3911 3053
f 3929 3930 3054
f 3054 3930 3055
f 5370 3930 3916
f 3916 3930 3923
f 3938 5369 3807
f 3807 5369 3915
f 3589 6496 3806
f 3806 6496 3937
f 3938 3937 3056
f 3056 3937 3057
f 3051 3840 3058
f 3058 3840 3943
f 3730 4808 3727
f 3727 4808 3943
f 3820 3951 3795
f 3795 3951 6493
f 3951 3841 3059
f 3059 3841 3050
f 3911 3574 6494
f 6494 3574 3616
f 3823 3929 3824
f 3824 3929 3952
f 4061 4060 3060
f 3060 4060 3061
f 6497 6498 4901
f 4901 6498 4790
f 6333 6499 4738
f 4738 6499 4739
f 6500 6501 6314
f 6314 6501 4418
f 6502 6275 4417
f 4417 6275 4185
f 6503 6497 4783
f 4783 6497 4901
f 6498 4060 4790
f 4790 4060 4059
f 4808 4061 3069
f 3069 4061 3060
f 5367 3071 5368
f 5368 3071 3070
f 5369 3073 5370
f 5370 3073 3072
f 6274 6275 3074
f 3074 6275 3075
f 6499 6504 4739
f 4739 6504 6317
f 6333 6332 3077
f 3077 6332 3078
f 6334 6274 3079
f 3079 6274 3074
f 6332 4825 3078
f 3078 4825 3080
f 6334 6503 4188
f 4188 6503 4783
f 4825 4689 3080
f 3080 4689 1330
f 6506 4747 6505
f 6505 4747 4746
f 6505 6507 6506
f 6506 6507 6508
f 4297 6509 4920
f 4920 6509 6510
f 4296 6511 4297
f 4297 6511 6509
f 6506 6508 4319
f 4319 6508 6512
f 4372 4371 6514
f 6514 4371 6513
f 6511 4296 5251
f 5251 4296 4305
f 5251 5250 6511
f 6511 5250 6515
f 6516 6509 6515
f 6515 6509 6511
f 6517 6507 6519
f 6519 6507 6518
f 6512 6520 6513
f 6513 6520 6514
f 6507 6517 6508
f 6508 6517 6521
f 5249 6523 6522
f 6522 6523 6524
f 6525 6370 5253
f 5253 6370 6526
f 4370 4323 4371
f 4371 4323 4326
f 4370 3103 4323
f 4323 3103 1541
f 6521 6517 6527
f 6527 6517 6519
f 6520 6528 6514
f 6514 6528 6529
f 6531 6532 6530
f 6530 6532 6533
f 5250 6534 6515
f 6515 6534 6535
f 6530 6533 6536
f 6536 6533 6537
f 6526 6538 6534
f 6534 6538 6537
f 6515 6535 6516
f 6516 6535 6539
f 4325 4321 4326
f 4326 4321 4320
f 4371 4326 6513
f 6513 4326 4320
f 6531 4731 6541
f 6541 4731 6540
f 4731 4730 6540
f 6540 4730 6542
f 4730 3121 6542
f 6542 3121 3120
f 6530 4328 6531
f 6531 4328 4731
f 4328 6530 4329
f 4329 6530 6536
f 4329 6536 6524
f 6524 6536 6543
f 6544 6545 6522
f 6522 6545 5248
f 6389 6388 5245
f 5245 6388 6373
f 6388 6546 6373
f 6373 6546 6475
f 4733 6546 6295
f 6295 6546 4377
f 4732 6475 4733
f 4733 6475 6546
f 4393 4432 4394
f 4394 4432 4435
f 4434 4672 4842
f 4842 4672 4671
f 4440 4439 4441
f 4441 4439 4438
f 4436 4450 4437
f 4437 4450 4398
f 4447 4444 4448
f 4448 4444 4392
f 4446 4464 4433
f 4433 4464 6547
f 4454 4423 4455
f 4455 4423 4422
f 4452 4481 4453
f 4453 4481 4480
f 4458 4389 4459
f 4459 4389 4388
f 4456 4471 4457
f 4457 4471 4468
f 4391 4460 4392
f 4392 4460 4448
f 4461 4467 4445
f 4445 4467 4465
f 4437 4398 4629
f 4629 4398 4397
f 4438 4628 4441
f 4441 4628 4631
f 4841 4629 4839
f 4839 4629 4397
f 4628 4842 4631
f 4631 4842 4671
f 4930 4989 4452
f 4452 4989 4481
f 4929 4927 4436
f 4436 4927 4450
f 4933 4387 4934
f 4934 4387 4386
f 4931 4475 4932
f 4932 4475 4474
f 4936 4449 4933
f 4933 4449 4387
f 4935 4472 4456
f 4456 4472 4471
f 4389 4458 4391
f 4391 4458 4460
f 4457 4468 4461
f 4461 4468 4467
f 4934 4386 4454
f 4454 4386 4423
f 4453 4480 4931
f 4931 4480 4475
f 4575 4997 4576
f 4576 4997 4639
f 4579 4596 4580
f 4580 4596 4595
f 4583 4582 4572
f 4572 4582 4569
f 4587 4944 4588
f 4588 4944 4562
f 4588 4562 4590
f 4590 4562 4561
f 4576 4639 4642
f 4642 4639 4638
f 4642 4845 4641
f 4641 4845 4846
f 4845 4590 4846
f 4846 4590 4561
f 4941 4938 4595
f 4595 4938 4580
f 4938 4940 4668
f 4668 4940 4669
f 4583 4942 4584
f 4584 4942 4947
f 4582 4587 4569
f 4569 4587 4586
f 5000 5001 4579
f 4579 5001 4596
f 4558 4560 4585
f 4585 4560 4586
f 4565 4639 4566
f 4566 4639 4997
f 4568 4567 4577
f 4577 4567 4578
f 4570 4554 4571
f 4571 4554 4556
f 4640 4565 4637
f 4637 4565 4546
f 4662 4664 4665
f 4665 4664 4844
f 4662 4558 4589
f 4589 4558 4585
f 4554 4570 4557
f 4557 4570 4560
f 4571 4667 4572
f 4572 4667 4943
f 4551 4670 4552
f 4552 4670 4666
f 4640 4664 4638
f 4638 4664 4663
f 4670 4568 4668
f 4668 4568 4577
f 4999 4996 4566
f 4566 4996 4543
f 4608 4564 4603
f 4603 4564 4563
f 4573 4593 4574
f 4574 4593 4592
f 4597 4614 4598
f 4598 4614 4613
f 4601 4600 4584
f 4584 4600 4581
f 4563 4562 4604
f 4604 4562 4944
f 4643 4593 4641
f 4641 4593 4573
f 4643 4847 4644
f 4644 4847 4848
f 4564 4847 4561
f 4561 4847 4846
f 4945 4941 4598
f 4598 4941 4595
f 4941 4945 4939
f 4939 4945 4946
f 4601 4948 4602
f 4602 4948 4620
f 4600 4604 4581
f 4581 4604 4944
f 5002 5003 4597
f 4597 5003 4614
f 4988 4759 4953
f 4953 4759 4402
f 4706 6548 4707
f 4707 6548 6549
f 4311 4928 4419
f 4419 4928 6550
f 4921 4920 6551
f 6551 4920 6552
f 4925 6553 4926
f 4926 6553 6554
f 4928 4921 4802
f 4802 4921 6551
f 6555 4985 6550
f 6550 4985 4419
f 4952 6556 4953
f 4953 6556 4649
f 4971 6557 4706
f 4706 6557 6548
f 4988 4648 4925
f 4925 4648 6553
f 4707 6549 5006
f 5006 6549 4987
f 4920 6510 6552
f 6552 6510 6518
f 6558 6510 6516
f 6516 6510 6509
f 6559 6558 6539
f 6539 6558 6516
f 6531 6541 6532
f 6532 6541 6560
f 6540 6561 6541
f 6541 6561 6529
f 6542 6562 6540
f 6540 6562 6561
f 6542 3120 6562
f 6562 3120 3142
f 4366 6563 4760
f 4760 6563 4970
f 4815 6564 4816
f 4816 6564 6565
f 3147 3146 6565
f 6565 3146 4816
f 6564 6563 6565
f 6565 6563 6566
f 4837 4385 4357
f 4357 4385 4358
f 6565 6566 3147
f 3147 6566 3149
f 4694 1209 3150
f 5247 5249 5248
f 5248 5249 6522
f 6372 6390 6545
f 6545 6390 6389
f 6375 5254 6376
f 6376 5254 5258
f 6377 6525 6378
f 6378 6525 5255
f 5260 6379 5258
f 5258 6379 6376
f 6380 6567 6381
f 6381 6567 6568
f 6382 6569 6383
f 6383 6569 6570
f 6377 6371 6525
f 6525 6371 6370
f 6379 5260 6384
f 6384 5260 6571
f 6385 6572 6382
f 6382 6572 6569
f 6378 5255 6375
f 6375 5255 5254
f 6386 6573 6387
f 6387 6573 6574
f 6545 6389 5248
f 5248 6389 5245
f 4675 4750 4676
f 4676 4750 6286
f 4734 6289 4735
f 4735 6289 6288
f 4804 6290 4805
f 4805 6290 4963
f 4811 4807 4812
f 4812 4807 4411
f 4954 6292 4955
f 4955 6292 4959
f 4964 4962 4965
f 4965 4962 4751
f 6285 4821 4812
f 4812 4821 4809
f 4675 4287 4965
f 4965 4287 4210
f 6294 4145 4955
f 4955 4145 4154
f 4964 4120 4805
f 4805 4120 4119
f 6298 4966 4734
f 4734 4966 6289
f 6300 6473 4735
f 4735 6473 4732
f 6297 6296 4676
f 4676 6296 4288
f 6523 3160 4330
f 4330 3160 3159
f 5253 5252 6525
f 6525 5252 5255
f 5256 5252 4305
f 4305 5252 5251
f 4304 5257 4305
f 4305 5257 5256
f 4424 5259 4304
f 4304 5259 5257
f 5261 6571 5259
f 5259 6571 5260
f 5262 6573 5261
f 5261 6573 6571
f 5264 6567 5265
f 5265 6567 6574
f 5266 6572 5267
f 5267 6572 6568
f 5268 6570 5269
f 5269 6570 6569
f 1807 3161 5268
f 5268 3161 6570
f 6524 6523 4329
f 4329 6523 4330
f 5253 6526 5250
f 5250 6526 6534
f 6543 6538 6544
f 6544 6538 6369
f 6524 6543 6522
f 6522 6543 6544
f 3071 5367 3052
f 3052 5367 3912
f 6493 3163 6494
f 6494 3163 3162
f 3164 445 3771
f 3771 445 3761
f 461 3165 3919
f 3919 3165 3920
f 330 410 3839
f 3839 410 3910
f 332 331 3552
f 3552 331 3551
f 464 304 3918
f 3918 304 3816
f 385 458 3766
f 3766 458 3894
f 412 415 3762
f 3762 415 3763
f 3166 337 3748
f 3748 337 3745
f 3072 3055 5370
f 5370 3055 3930
f 3073 5369 3056
f 3056 5369 3938
f 3167 3057 6496
f 6496 3057 3937
f 3069 3058 4808
f 4808 3058 3943
f 411 3166 3851
f 3851 3166 3748
f 3059 3163 3951
f 3951 3163 6493
f 336 3164 3772
f 3772 3164 3771
f 3053 3911 3162
f 3162 3911 6494
f 3054 3168 3929
f 3929 3168 3952
f 3165 830 3920
f 3920 830 3945
f 3170 3169 6497
f 6497 3169 6498
f 3171 1354 5005
f 5005 1354 4830
f 3172 3170 6503
f 6503 3170 6497
f 3169 3061 6498
f 6498 3061 4060
f 3173 3171 5006
f 5006 3171 5005
f 3079 3172 6334
f 6334 3172 6503
f 3174 3025 6299
f 6299 3025 6300
f 6576 6577 6575
f 6575 6577 6578
f 4612 4611 6579
f 6579 4611 6580
f 6582 6583 6581
f 6581 6583 6584
f 6584 6585 4618
f 4618 6585 4621
f 6586 6587 6589
f 6589 6587 6588
f 6588 6587 6590
f 6590 6587 6591
f 6592 4606 6590
f 6590 4606 4623
f 6594 6576 6593
f 6593 6576 6575
f 6595 6582 6579
f 6579 6582 6581
f 6580 6597 6596
f 6596 6597 6598
f 6577 6576 6599
f 6599 6576 6600
f 6595 6596 6601
f 6601 6596 6602
f 6583 6582 6603
f 6603 6582 6604
f 6586 6606 6605
f 6605 6606 6607
f 6587 6586 6608
f 6608 6586 6605
f 6587 6608 6591
f 6591 6608 6609
f 6576 6594 6600
f 6600 6594 6610
f 6582 6595 6604
f 6604 6595 6601
f 6599 6611 6577
f 6577 6611 6598
f 6613 6614 6612
f 6612 6614 6615
f 6617 6618 6616
f 6616 6618 6619
f 6621 6622 6620
f 6620 6622 6623
f 6625 6626 6624
f 6624 6626 6627
f 6629 6630 6628
f 6628 6630 6631
f 6633 6634 6632
f 6632 6634 6635
f 6637 6638 6636
f 6636 6638 6639
f 6640 6641 6637
f 6637 6641 6638
f 6643 6633 6642
f 6642 6633 6632
f 6645 6646 6644
f 6644 6646 6647
f 6646 6648 6647
f 6647 6648 6649
f 6651 6652 6650
f 6650 6652 6653
f 6653 6652 6654
f 6654 6652 6655
f 6656 6657 6659
f 6659 6657 6658
f 6661 6662 6660
f 6660 6662 6663
f 6662 6661 6664
f 6664 6661 6665
f 6667 6657 6666
f 6666 6657 6656
f 6669 6670 6668
f 6668 6670 6671
f 6672 6673 6670
f 6670 6673 6671
f 6674 6675 6677
f 6677 6675 6676
f 6675 6678 6676
f 6676 6678 6679
f 6681 6682 6680
f 6680 6682 6683
f 6684 6685 6683
f 6683 6685 6680
f 6687 6688 6686
f 6686 6688 6689
f 6687 6690 6688
f 6688 6690 6691
f 6619 6618 6633
f 6633 6618 6634
f 6632 6635 6693
f 6693 6635 6692
f 6617 6694 6636
f 6636 6694 6637
f 6695 6692 6639
f 6639 6692 6635
f 6637 6694 6640
f 6640 6694 6696
f 6698 6638 6697
f 6697 6638 6641
f 6643 6616 6633
f 6633 6616 6619
f 6642 6699 6641
f 6641 6699 6697
f 6646 6645 6700
f 6700 6645 6621
f 6644 6701 6654
f 6654 6701 6702
f 6700 6703 6646
f 6646 6703 6648
f 6693 6704 6649
f 6649 6704 6647
f 6620 6623 6651
f 6651 6623 6652
f 6693 6649 6699
f 6699 6649 6650
f 6652 6623 6655
f 6655 6623 6622
f 6654 6702 6653
f 6653 6702 6697
f 6615 6614 6657
f 6657 6614 6658
f 6705 6656 6704
f 6704 6656 6659
f 6613 6706 6660
f 6660 6706 6661
f 6704 6659 6701
f 6701 6659 6663
f 6661 6706 6665
f 6665 6706 6707
f 6708 6702 6664
f 6664 6702 6662
f 6612 6615 6667
f 6667 6615 6657
f 6666 6709 6664
f 6664 6709 6708
f 6629 6710 6669
f 6669 6710 6670
f 6668 6711 6679
f 6679 6711 6712
f 6713 6672 6710
f 6710 6672 6670
f 6714 6671 6705
f 6705 6671 6673
f 6628 6631 6674
f 6674 6631 6675
f 6705 6673 6709
f 6709 6673 6677
f 6631 6630 6675
f 6675 6630 6678
f 6712 6708 6679
f 6679 6708 6676
f 6625 6715 6682
f 6682 6715 6683
f 6716 6717 6681
f 6681 6717 6691
f 6718 6684 6715
f 6715 6684 6683
f 6719 6680 6714
f 6714 6680 6685
f 6624 6627 6686
f 6686 6627 6687
f 6689 6711 6685
f 6685 6711 6714
f 6627 6626 6687
f 6687 6626 6690
f 6717 6712 6691
f 6691 6712 6688
f 6612 6707 6613
f 6613 6707 6706
f 6616 6696 6617
f 6617 6696 6694
f 6703 6700 6620
f 6620 6700 6621
f 6715 6625 6718
f 6718 6625 6624
f 6710 6629 6713
f 6713 6629 6628
f 6639 6635 6636
f 6636 6635 6634
f 6641 6640 6642
f 6642 6640 6643
f 6654 6655 6644
f 6644 6655 6645
f 6651 6650 6648
f 6648 6650 6649
f 6659 6658 6663
f 6663 6658 6660
f 6665 6667 6664
f 6664 6667 6666
f 6678 6669 6679
f 6679 6669 6668
f 6673 6672 6677
f 6677 6672 6674
f 6690 6682 6691
f 6691 6682 6681
f 6685 6684 6689
f 6689 6684 6686
f 6636 6634 6617
f 6617 6634 6618
f 6638 6698 6639
f 6639 6698 6695
f 6640 6696 6643
f 6643 6696 6616
f 6693 6699 6632
f 6632 6699 6642
f 6655 6622 6645
f 6645 6622 6621
f 6704 6701 6647
f 6647 6701 6644
f 6651 6648 6620
f 6620 6648 6703
f 6650 6653 6699
f 6699 6653 6697
f 6613 6660 6614
f 6614 6660 6658
f 6663 6662 6701
f 6701 6662 6702
f 6665 6707 6667
f 6667 6707 6612
f 6705 6709 6656
f 6656 6709 6666
f 6630 6629 6678
f 6678 6629 6669
f 6714 6711 6671
f 6671 6711 6668
f 6672 6713 6674
f 6674 6713 6628
f 6677 6676 6709
f 6709 6676 6708
f 6626 6625 6690
f 6690 6625 6682
f 6680 6719 6681
f 6681 6719 6716
f 6684 6718 6686
f 6686 6718 6624
f 6711 6689 6712
f 6689 6688 6712
f 6593 6720 6594
f 6594 6720 6721
f 6722 6720 4607
f 4607 6720 4849
f 6592 6723 6722
f 6722 6723 6724
f 4610 4609 6578
f 6578 4609 6575
f 6596 6595 6580
f 6580 6595 6579
f 4618 4617 6584
f 6584 4617 6581
f 6589 6585 6586
f 6586 6585 6606
f 4622 4619 6588
f 6588 4619 6589
f 4622 6588 4623
f 4623 6588 6590
f 4609 4645 6575
f 6575 4645 6593
f 4617 4612 6581
f 6581 4612 6579
f 5004 4610 6597
f 6597 4610 6578
f 4645 4849 6593
f 6593 4849 6720
f 6724 6721 6722
f 6722 6721 6720
f 6722 4607 6592
f 6592 4607 4606
f 6725 6610 6721
f 6721 6610 6594
f 6723 6726 6724
f 6724 6726 6727
f 6727 6725 6724
f 6724 6725 6721
f 6728 6729 6605
f 6605 6729 6608
f 6605 6607 6728
f 6728 6607 6730
f 6731 6732 6604
f 6604 6732 6603
f 6733 6734 6725
f 6725 6734 6610
f 6735 6733 6727
f 6727 6733 6725
f 6735 6727 6736
f 6736 6727 6726
f 6591 6609 6723
f 6723 6609 6726
f 6723 6592 6591
f 6591 6592 6590
f 6738 6739 6737
f 6737 6739 6740
f 6740 6739 6742
f 6742 6739 6741
f 6743 6744 6741
f 6741 6744 6742
f 6745 6746 6743
f 6743 6746 6744
f 6747 6748 6745
f 6745 6748 6746
f 6749 6750 6747
f 6747 6750 6748
f 6752 6738 6751
f 6751 6738 6737
f 6754 6752 6753
f 6753 6752 6751
f 6756 6754 6755
f 6755 6754 6753
f 6758 6750 6757
f 6757 6750 6749
f 6760 6756 6759
f 6759 6756 6755
f 6762 6760 6761
f 6761 6760 6759
f 6764 6762 6763
f 6763 6762 6761
f 6757 6764 6758
f 6758 6764 6763
f 6766 6741 6765
f 6765 6741 6739
f 6767 6743 6766
f 6766 6743 6741
f 6768 6745 6767
f 6767 6745 6743
f 6769 6747 6768
f 6768 6747 6745
f 6770 6749 6769
f 6769 6749 6747
f 6772 6769 6771
f 6771 6769 6768
f 6773 6770 6772
f 6772 6770 6769
f 6774 6775 6772
f 6772 6775 6773
f 6777 6778 6776
f 6776 6778 6779
f 6775 6774 6778
f 6778 6774 6779
f 6771 6780 6772
f 6772 6780 6774
f 6780 6781 6774
f 6774 6781 6779
f 6781 6782 6779
f 6779 6782 6776
f 6784 6785 6783
f 6783 6785 6786
f 6786 6787 6783
f 6783 6787 6788
f 6790 6788 6789
f 6789 6788 6787
f 6786 6785 6791
f 6791 6785 6792
f 6791 6793 6786
f 6786 6793 6787
f 6793 6794 6787
f 6787 6794 6789
f 6795 6796 6794
f 6794 6796 6789
f 6790 6789 6797
f 6797 6789 6796
f 6798 6765 6738
f 6738 6765 6739
f 6799 6798 6752
f 6752 6798 6738
f 6767 6800 6768
f 6768 6800 6771
f 6766 6801 6767
f 6767 6801 6800
f 6802 6801 6765
f 6765 6801 6766
f 6798 6803 6765
f 6765 6803 6802
f 6804 6803 6799
f 6799 6803 6798
f 6805 6806 6804
f 6804 6806 6803
f 6807 6799 6754
f 6754 6799 6752
f 6808 6804 6807
f 6807 6804 6799
f 6809 6805 6808
f 6808 6805 6804
f 6810 6811 6805
f 6805 6811 6806
f 6812 6813 6810
f 6810 6813 6811
f 6814 6815 6796
f 6796 6815 6797
f 6813 6814 6816
f 6816 6814 6817
f 6816 6818 6813
f 6813 6818 6811
f 6819 6806 6818
f 6818 6806 6811
f 6802 6803 6819
f 6819 6803 6806
f 6757 6749 6820
f 6820 6749 6770
f 6820 6770 6821
f 6821 6770 6773
f 6821 6773 6822
f 6822 6773 6775
f 6822 6775 6823
f 6823 6775 6778
f 6824 6823 6777
f 6777 6823 6778
f 6784 6825 6777
f 6777 6825 6824
f 6826 6827 6788
f 6788 6827 6783
f 6828 6826 6790
f 6790 6826 6788
f 6829 6828 6797
f 6797 6828 6790
f 6815 6830 6797
f 6797 6830 6829
f 6832 6812 6831
f 6831 6812 6810
f 6831 6810 6809
f 6809 6810 6805
f 6736 6800 6735
f 6735 6800 6801
f 6733 6735 6802
f 6802 6735 6801
f 6734 6733 6819
f 6819 6733 6802
f 6833 6734 6818
f 6818 6734 6819
f 6834 6833 6816
f 6816 6833 6818
f 6816 6817 6834
f 6834 6817 6835
f 6837 6795 6836
f 6836 6795 6794
f 6836 6794 6731
f 6731 6794 6793
f 6732 6731 6791
f 6791 6731 6793
f 6791 6792 6732
f 6732 6792 6730
f 6729 6728 6781
f 6781 6728 6782
f 6838 6807 6756
f 6756 6807 6754
f 6839 6838 6760
f 6760 6838 6756
f 6840 6839 6762
f 6762 6839 6760
f 6841 6840 6764
f 6764 6840 6762
f 6820 6841 6757
f 6757 6841 6764
f 6841 6820 6842
f 6842 6820 6821
f 6840 6841 6843
f 6843 6841 6842
f 6839 6840 6844
f 6844 6840 6843
f 6838 6839 6845
f 6845 6839 6844
f 6807 6838 6808
f 6808 6838 6845
f 6842 6821 6846
f 6846 6821 6822
f 6843 6842 6847
f 6847 6842 6846
f 6844 6843 6848
f 6848 6843 6847
f 6845 6844 6849
f 6849 6844 6848
f 6808 6845 6809
f 6809 6845 6849
f 6850 6831 6849
f 6849 6831 6809
f 6851 6850 6848
f 6848 6850 6849
f 6847 6852 6848
f 6848 6852 6851
f 6853 6852 6846
f 6846 6852 6847
f 6846 6822 6853
f 6853 6822 6823
f 6853 6823 6854
f 6854 6823 6824
f 6854 6855 6853
f 6853 6855 6852
f 6856 6851 6855
f 6855 6851 6852
f 6856 6857 6851
f 6851 6857 6850
f 6857 6832 6850
f 6850 6832 6831
f 6825 6858 6824
f 6824 6858 6854
f 6860 6827 6859
f 6859 6827 6826
f 6859 6826 6861
f 6861 6826 6828
f 6862 6861 6829
f 6829 6861 6828
f 6830 6863 6829
f 6829 6863 6862
f 6863 6864 6862
f 6862 6864 6865
f 6858 6866 6854
f 6854 6866 6855
f 6867 6865 6866
f 6866 6865 6864
f 6869 6859 6868
f 6868 6859 6861
f 6867 6869 6865
f 6865 6869 6868
f 6861 6862 6868
f 6868 6862 6865
f 6867 6860 6869
f 6869 6860 6859
f 6753 6751 6698
f 6698 6751 6695
f 6697 6755 6698
f 6698 6755 6753
f 6759 6755 6702
f 6702 6755 6697
f 6761 6759 6708
f 6708 6759 6702
f 6763 6761 6712
f 6712 6761 6708
f 6758 6763 6717
f 6717 6763 6712
f 6750 6758 6716
f 6716 6758 6717
f 6719 6748 6716
f 6716 6748 6750
f 6714 6746 6719
f 6719 6746 6748
f 6705 6744 6714
f 6714 6744 6746
f 6704 6742 6705
f 6705 6742 6744
f 6740 6742 6693
f 6693 6742 6704
f 6737 6740 6692
f 6692 6740 6693
f 6751 6737 6695
f 6695 6737 6692
f 6601 6602 6836
f 6836 6602 6837
f 6604 6601 6731
f 6731 6601 6836
f 6599 6600 6834
f 6834 6600 6833
f 6834 6835 6599
f 6599 6835 6611
f 6600 6610 6833
f 6833 6610 6734
f 6780 6771 6870
f 6870 6771 6736
f 6736 6771 6800
f 6870 6729 6780
f 6780 6729 6781
f 6608 6729 6609
f 6609 6729 6870
f 6609 6870 6726
f 6726 6870 6736
f 5014 5015 5229
f 5229 5015 5230
f 4258 5015 4259
f 4259 5015 4878
f 3471 3013 4703
f 4703 3013 4704
f 2879 6337 1306
f 1306 6337 4785
f 829 3471 4316
f 4316 3471 4703
f 4702 3472 5223
f 5223 3472 1756
f 6871 6872 4534
f 4534 6872 4535
f 6871 4665 6872
f 6872 4665 4844
f 6871 6873 4665
f 4665 6873 4559
f 6871 4534 6873
f 6873 4534 4542
f 4153 4152 4822
f 4822 4152 4407
f 4152 4168 4407
f 4407 4168 4342
f 4343 4168 4923
f 4923 4168 4167
f 4363 4362 4972
f 4972 4362 4840
f 4362 4394 4840
f 4840 4394 4839
f 4401 4400 4986
f 4986 4400 4984
f 4435 4434 4841
f 4841 4434 4842
f 4506 4505 4530
f 4530 4505 4531
f 4506 4535 4507
f 4507 4535 4843
f 4661 4660 4516
f 4516 4660 4517
f 4673 4672 4937
f 4937 4672 6547
f 4400 4924 4984
f 4984 4924 5263
f 4673 4660 4674
f 4674 4660 4659
f 4505 4661 4531
f 4531 4661 4516
f 4952 4401 6874
f 6874 4401 4986
f 4954 4153 6875
f 6875 4153 4822
f 4363 4973 4364
f 4364 4973 4974
f 5264 4924 5267
f 5267 4924 4691
f 6293 6292 6876
f 6876 6292 6877
f 6380 4343 6387
f 6387 4343 4923
f 4394 4435 4839
f 4839 4435 4841
f 4672 4434 6547
f 6547 4434 4433
f 4973 6556 4974
f 4974 6556 6878
f 6567 6380 6574
f 6574 6380 6387
f 6292 4954 6877
f 6877 4954 6875
f 6567 5264 6568
f 6568 5264 5267
f 4145 4144 4154
f 4154 4144 4151
f 4194 4144 4425
f 4425 4144 4143
f 4355 4354 5263
f 5263 4354 4984
f 4360 4359 4364
f 4364 4359 4361
f 4444 4359 4392
f 4392 4359 4337
f 4447 4446 4432
f 4432 4446 4433
f 4464 4463 6547
f 6547 4463 4937
f 4519 4518 4654
f 4654 4518 4509
f 4533 4532 4499
f 4499 4532 4498
f 4533 4542 4530
f 4530 4542 4534
f 4519 4532 4516
f 4516 4532 4531
f 4922 4194 4426
f 4426 4194 4425
f 4463 4518 4937
f 4937 4518 4517
f 6555 4951 6874
f 6874 4951 6878
f 4958 4957 6290
f 6290 4957 6291
f 4334 4360 4712
f 4712 4360 4950
f 4985 4354 4419
f 4419 4354 4353
f 5262 4355 5265
f 5265 4355 5263
f 6294 4958 4804
f 4804 4958 6290
f 6386 4922 6384
f 6384 4922 4426
f 4444 4447 4393
f 4393 4447 4432
f 4464 4446 4465
f 4465 4446 4445
f 4985 6555 4986
f 4986 6555 6874
f 6573 6386 6571
f 6571 6386 6384
f 4145 6294 4146
f 4146 6294 4804
f 6573 5262 6574
f 6574 5262 5265
f 4542 4541 6873
f 6873 4541 4559
f 4535 6872 4843
f 4843 6872 4844
f 4104 4103 6879
f 6879 4103 6343
f 4105 6293 6307
f 6307 6293 6876
f 4104 4956 4105
f 4105 4956 6293
f 4956 4104 4957
f 4957 4104 6879
f 4957 6879 6291
f 6291 6879 6309
f 4648 4988 4649
f 4649 4988 4953
f 4802 4803 4928
f 4928 4803 6550
f 6550 4803 6555
f 6555 4803 4951
f 1516 3173 4987
f 4987 3173 5006
f 6519 6518 6558
f 6558 6518 6510
f 6527 6519 6559
f 6559 6519 6558
f 6528 6560 6529
f 6529 6560 6541
f 6548 4625 6549
f 6549 4625 4624
f 6551 6552 4746
f 4746 6552 6505
f 6553 4711 6554
f 6554 4711 4710
f 4802 6551 4713
f 4713 6551 4746
f 6556 4973 4649
f 4649 4973 4646
f 6557 4949 6548
f 6548 4949 4625
f 4648 4647 6553
f 6553 4647 4711
f 6549 4624 4987
f 4987 4624 4838
f 6552 6518 6505
f 6505 6518 6507
f 6561 4372 6529
f 6529 4372 6514
f 6562 4369 6561
f 6561 4369 4372
f 3142 3482 6562
f 6562 3482 4369
f 6556 4952 6878
f 6878 4952 6874
f 4951 4950 6878
f 6878 4950 4974
f 3168 440 3952
f 4204 4203 5341
f 5341 4203 6364
f 4219 4222 6429
f 6429 4222 4383
f 4319 4322 6506
f 6506 4322 4747
f 4340 4714 4341
f 4341 4714 4384
f 4375 4377 6388
f 6388 4377 6546
f 4378 4381 6311
f 6311 4381 4720
f 4449 4341 4387
f 4387 4341 4384
f 4473 4472 4477
f 4477 4472 4474
f 4492 4491 4487
f 4487 4491 4488
f 4523 4491 4522
f 4522 4491 4490
f 4492 4538 4493
f 4493 4538 4555
f 4538 4553 4555
f 4555 4553 4556
f 4620 4615 4621
f 4621 4615 4618
f 4652 4651 4368
f 4368 4651 4365
f 4523 4655 4524
f 4524 4655 4656
f 4553 4667 4556
f 4556 4667 4571
f 4651 1210 4365
f 4365 1210 1209
f 4698 4697 5223
f 5223 4697 6344
f 4340 4339 4322
f 4322 4339 4747
f 4726 4729 5287
f 5287 4729 4198
f 4381 4380 4737
f 4737 4380 6368
f 4836 4835 4451
f 4451 4835 4709
f 4910 6367 4911
f 4911 6367 6366
f 4912 4915 6450
f 6450 4915 6449
f 4927 4836 4450
f 4450 4836 4451
f 4930 4929 4439
f 4439 4929 4436
f 4936 4935 4459
f 4459 4935 4456
f 4473 4655 4470
f 4470 4655 4510
f 4942 4583 4943
f 4943 4583 4572
f 4948 4601 4947
f 4947 4601 4584
f 4949 4835 4625
f 4625 4835 4626
f 4966 4969 6289
f 6289 4969 4695
f 4971 4652 4926
f 4926 4652 4368
f 4203 4977 6364
f 6364 4977 6365
f 4990 4989 4443
f 4443 4989 4440
f 4990 4991 4478
f 4478 4991 4512
f 4992 4991 4528
f 4528 4991 4515
f 4992 4993 4527
f 4527 4993 4485
f 4994 4993 4502
f 4502 4993 4503
f 4994 4995 4482
f 4482 4995 4550
f 4543 4996 4544
f 4544 4996 4995
f 4999 4998 4567
f 4567 4998 4578
f 5000 4998 4575
f 4575 4998 4997
f 5002 5001 4592
f 4592 5001 4574
f 5003 5004 4614
f 4614 5004 4611
f 3483 4215 1755
f 1755 4215 4698
f 5274 5277 4195
f 4195 5277 4223
f 4726 5295 4727
f 4727 5295 6350
f 5309 5342 5310
f 5310 5342 6363
f 5315 5314 5316
f 5316 5314 5317
f 5339 6362 5340
f 5340 6362 5363
f 5310 6363 5339
f 5339 6363 6362
f 4204 5309 4201
f 4201 5309 5308
f 4915 5345 6449
f 6449 5345 6448
f 5345 5315 6448
f 6448 5315 5316
f 5348 5347 6351
f 6351 5347 6352
f 5365 4263 5340
f 5340 4263 4262
f 6295 6298 4733
f 4733 6298 4734
f 4969 6306 4695
f 4695 6306 4696
f 6306 4378 4696
f 4696 4378 6311
f 6369 6372 6544
f 6544 6372 6545
f 4375 6390 4373
f 4373 6390 4374
f 6421 6422 4911
f 4911 6422 4908
f 4910 4909 4737
f 4737 4909 4736
f 5277 4219 4223
f 4223 4219 6429
f 4697 4222 6344
f 6344 4222 4221
f 6436 6361 6437
f 6437 6361 6360
f 6438 6440 6437
f 6437 6440 6434
f 6438 6359 6441
f 6441 6359 6358
f 6442 6441 6357
f 6357 6441 6358
f 6442 6444 6443
f 6443 6444 6445
f 6446 6444 6355
f 6355 6444 6356
f 6446 4912 6447
f 6447 4912 6450
f 6436 6435 5365
f 5365 6435 4263
f 5314 5347 5317
f 5317 5347 5346
f 4319 6512 4320
f 4320 6512 6513
f 6520 6512 6521
f 6521 6512 6508
f 6528 6520 6527
f 6527 6520 6521
f 6532 6539 6533
f 6533 6539 6535
f 6533 6535 6537
f 6537 6535 6534
f 6538 6543 6537
f 6537 6543 6536
f 6295 4377 6296
f 6296 4377 4376
f 4989 4930 4440
f 4440 4930 4439
f 4927 4929 4422
f 4422 4929 4455
f 4449 4936 4388
f 4388 4936 4459
f 4472 4935 4474
f 4474 4935 4932
f 4942 4940 4947
f 4947 4940 4939
f 5001 5000 4574
f 4574 5000 4575
f 4669 4943 4666
f 4666 4943 4667
f 4996 4999 4547
f 4547 4999 4567
f 4948 4946 4620
f 4620 4946 4615
f 5003 5002 4591
f 4591 5002 4592
f 6557 4971 6554
f 6554 4971 4926
f 6532 6560 6539
f 6539 6560 6559
f 6390 6372 4374
f 4374 6372 6371
f 4966 6298 4967
f 4967 6298 6297
f 6538 6526 6369
f 6369 6526 6370
f 6585 6589 4621
f 4621 6589 4619
f 6597 6578 6598
f 6598 6578 6577
f 6606 6583 6607
f 6607 6583 6603
f 6611 6602 6598
f 6598 6602 6596
f 6585 6584 6606
f 6606 6584 6583
f 6597 6580 5004
f 5004 6580 4611
f 6607 6603 6730
f 6730 6603 6732
f 6776 6785 6777
f 6777 6785 6784
f 6785 6776 6792
f 6792 6776 6782
f 6815 6814 6812
f 6812 6814 6813
f 6817 6814 6795
f 6795 6814 6796
f 6825 6784 6827
f 6827 6784 6783
f 6830 6815 6832
f 6832 6815 6812
f 6817 6795 6835
f 6835 6795 6837
f 6792 6782 6730
f 6730 6782 6728
f 6858 6825 6860
f 6860 6825 6827
f 6863 6830 6857
f 6857 6830 6832
f 6864 6863 6856
f 6856 6863 6857
f 6866 6858 6867
f 6867 6858 6860
f 6866 6864 6855
f 6855 6864 6856
f 6835 6837 6611
f 6611 6837 6602
f 6560 6528 6559
f 6559 6528 6527
f 4949 6557 4710
f 4710 6557 6554
f 4430 4090 4175
f 4175 4090 4089
f 4777 4113 4155
f 4155 4113 4086
f 4175 4089 4176
f 4176 4089 4142
f 4199 4271 4200
f 4200 4271 4798
f 4199 4095 4272
f 4272 4095 5273
f 4406 4405 4404
f 4404 4405 4346
f 4410 4409 6877
f 6877 4409 6876
f 4409 4413 6876
f 6876 4413 6307
f 4415 4148 4416
f 4416 4148 4147
f 4690 4405 4344
f 4344 4405 4342
f 4693 4692 4352
f 4352 4692 4349
f 4701 4700 6337
f 6337 4700 6338
f 4778 4777 4081
f 4081 4777 4155
f 4821 4406 4809
f 4809 4406 4404
f 4176 4142 4181
f 4181 4142 4415
f 4760 4970 4399
f 4399 4970 4692
f 4200 5007 4096
f 4096 5007 4078
f 5266 4693 5269
f 5269 4693 4352
f 5270 5007 5361
f 5361 5007 4797
f 4778 5270 4779
f 4779 5270 5361
f 6285 4410 6875
f 6875 4410 6877
f 6308 4413 4687
f 4687 4413 4412
f 6480 6320 6481
f 6481 6320 6880
f 4701 2878 4702
f 4702 2878 3472
f 6339 6347 6340
f 6340 6347 6348
f 6341 6342 6346
f 6346 6342 6345
f 4416 6308 4414
f 4414 6308 4687
f 6385 4690 6381
f 6381 4690 4344
f 5282 6341 5280
f 5280 6341 6339
f 4700 6342 6338
f 6338 6342 5281
f 6340 6348 4272
f 4272 6348 4270
f 6480 6479 4828
f 4828 6479 4829
f 6490 6479 6489
f 6489 6479 6478
f 4090 4430 6490
f 6490 4430 4429
f 6563 6564 4970
f 4970 6564 4815
f 4694 6566 4366
f 4366 6566 6563
f 6572 6385 6568
f 6568 6385 6381
f 4821 6285 4822
f 4822 6285 6875
f 6572 5266 6569
f 6569 5266 5269
f 3482 3103 4369
f 4369 3103 4370
f 3121 4730 3485
f 3485 4730 4327
f 6277 6280 6273
f 6273 6280 6272
f 6267 6276 6278
f 6278 6276 6279
f 6278 6279 6277
f 6277 6279 6280
f 6279 6256 6280
f 6280 6256 6255
f 6256 3857 6255
f 6255 3857 3754
f 3857 3856 3754
f 3754 3856 3755
f 3856 3703 3755
f 3755 3703 3863
f 3703 3702 3863
f 3863 3702 3759
f 3702 3706 3759
f 3759 3706 3670
f 3706 3705 3670
f 3670 3705 3668
f 3705 3773 3668
f 3668 3773 3882
f 3882 3773 3883
f 3883 3773 3707
f 3707 3708 3883
f 3883 3708 3880
f 3708 3710 3880
f 3880 3710 3881
f 3709 5241 3710
f 3710 5241 3881
f 5241 3709 5234
f 5234 3709 3786
f 3693 3712 3786
f 3786 3712 5234
f 4051 4055 4052
f 4052 4055 4056
f 4056 4055 4057
f 4057 4055 4054
f 4066 5238 5236
f 5236 5238 3989
f 4066 4069 5238
f 5238 4069 4035
f 6881 3962 3960
f 3960 3962 3957
f 6883 4070 6882
f 6882 4070 3941
f 4070 6883 4071
f 4071 6883 6884
f 4071 6884 4072
f 4072 6884 6885
f 6885 6886 4072
f 4072 6886 4031
f 3955 6881 3956
f 3956 6881 3960
f 6884 3991 6885
f 6885 3991 3990
f 6883 6887 6884
f 6884 6887 3991
f 6887 6888 3991
f 3991 6888 3992
f 6888 6887 6889
f 6889 6887 6890
f 6887 6883 6890
f 6890 6883 6882
f 4058 5240 3953
f 3953 5240 3954
f 5236 6888 5239
f 5239 6888 6889
f 5237 6886 3990
f 3990 6886 6885
f 4034 4031 5237
f 5237 4031 6886
f 6881 6882 3962
f 3962 6882 3941
f 6881 3955 6882
f 6882 3955 6890
f 3955 3954 6890
f 6890 3954 6889
f 5239 6889 5240
f 5240 6889 3954
f 6888 5236 3992
f 3992 5236 3989
f 3869 3868 3888
f 3888 3868 4015
f 3868 4012 4015
f 4015 4012 4010
f 4012 4022 4010
f 4010 4022 4009
f 4022 4021 4009
f 4009 4021 4018
f 4020 3974 4001
f 4001 3974 3996
f 4021 4020 4029
f 4029 4020 4001
f 4085 4156 4086
f 4086 4156 4155
f 4113 4777 4114
f 4114 4777 4776
f 4130 4129 4094
f 4094 4129 4091
f 4139 4773 4140
f 4140 4773 4772
f 4149 4178 4150
f 4150 4178 5225
f 4160 4159 4087
f 4087 4159 4088
f 4149 4148 4179
f 4179 4148 4141
f 4085 4084 4183
f 4183 4084 6315
f 4179 4141 4159
f 4159 4141 4088
f 4192 4130 4162
f 4162 4130 4094
f 4197 5288 4198
f 4198 5288 5287
f 4229 4766 4230
f 4230 4766 4771
f 4245 4246 4242
f 4242 4246 4249
f 4183 6315 4418
f 4418 6315 6314
f 4679 4178 4680
f 4680 4178 4177
f 4724 4798 4725
f 4725 4798 4271
f 4728 5275 4729
f 4729 5275 5274
f 4230 4771 4249
f 4249 4771 4242
f 4724 4723 4799
f 4799 4723 5355
f 4823 4824 4891
f 4891 4824 6327
f 4823 4192 4161
f 4161 4192 4162
f 4893 4767 4229
f 4229 4767 4766
f 4894 4895 4898
f 4898 4895 4899
f 4106 4150 4103
f 4103 4150 5225
f 4680 4894 4677
f 4677 4894 4898
f 6420 4977 5301
f 5301 4977 4976
f 4679 4678 5226
f 5226 4678 4427
f 5228 5008 4893
f 4893 5008 4767
f 5285 6354 5286
f 5286 6354 5343
f 5289 5352 5290
f 5290 5352 5349
f 5290 5349 5295
f 5295 5349 5348
f 5302 5299 4202
f 4202 5299 4976
f 4725 4271 5311
f 5311 4271 4270
f 5325 4723 5326
f 5326 4723 4722
f 5335 5355 5325
f 5325 5355 4723
f 5326 4722 5286
f 5286 4722 5283
f 4799 5357 4797
f 4797 5357 5361
f 5359 5356 5335
f 5335 5356 5355
f 4775 4774 5356
f 5356 4774 5357
f 5359 5358 4092
f 4092 5358 4093
f 6316 4740 6317
f 6317 4740 4739
f 6318 4827 6316
f 6316 4827 4740
f 6319 4828 6318
f 6318 4828 4827
f 6320 6480 6319
f 6319 6480 4828
f 6484 6322 6485
f 6485 6322 6321
f 6487 6324 6331
f 6331 6324 6323
f 6331 6323 6330
f 6330 6323 6325
f 6325 6326 6330
f 6330 6326 6329
f 6326 6328 6329
f 6329 6328 5231
f 4824 4685 5228
f 5228 4685 5008
f 5226 6343 5225
f 5225 6343 4103
f 4728 4727 6349
f 6349 4727 5284
f 6350 6351 5285
f 5285 6351 6354
f 4247 4246 6418
f 6418 4246 6365
f 6400 6402 6401
f 6401 6402 6459
f 4197 4196 6409
f 6409 4196 6426
f 6412 4897 6328
f 6328 4897 5231
f 6413 4133 6412
f 6412 4133 4897
f 6414 4134 6413
f 6413 4134 4133
f 6415 4225 6414
f 6414 4225 4134
f 6416 4252 6415
f 6415 4252 4225
f 6417 4253 6416
f 6416 4253 4252
f 4253 6417 6366
f 6366 6417 6419
f 6366 6419 4911
f 4911 6419 6421
f 6422 6423 4908
f 4908 6423 5298
f 5298 6423 6396
f 6396 6423 6424
f 6409 6426 6425
f 6425 6426 6397
f 5300 5299 6399
f 6399 5299 6400
f 6465 6408 6401
f 6401 6408 6398
f 6424 6399 6425
f 6425 6399 6398
f 6349 5284 5311
f 5311 5284 5283
f 6465 6464 5289
f 5289 6464 5352
f 6488 6483 6492
f 6492 6483 6482
f 6486 6491 6482
f 6482 6491 6492
f 6491 4895 6492
f 6492 4895 4157
f 6488 4160 6489
f 6489 4160 4087
f 6501 6502 4418
f 4418 6502 4417
f 6504 6500 6317
f 6317 6500 6314
f 3497 3496 6501
f 6501 3496 6502
f 3499 3498 6504
f 6504 3498 6500
f 4729 5274 4198
f 4198 5274 4195
f 6418 6365 6420
f 6420 6365 4977
f 5295 5348 6350
f 6350 5348 6351
f 5301 6422 6420
f 6420 6422 6421
f 4113 4112 4086
f 4086 4112 4083
f 6320 4112 6880
f 6880 4112 4111
f 4091 4772 4092
f 4092 4772 4775
f 4129 4140 4091
f 4091 4140 4772
f 4137 4140 4128
f 4128 4140 4129
f 4128 6324 4137
f 4137 6324 6321
f 6324 6487 6321
f 6321 6487 6485
f 6487 6486 6485
f 6485 6486 6482
f 4774 4773 4779
f 4779 4773 4776
f 4773 4139 4776
f 4776 4139 4114
f 4139 4138 4114
f 4114 4138 4111
f 4138 6322 4111
f 4111 6322 6880
f 6322 6484 6880
f 6880 6484 6481
f 6484 6483 6481
f 6481 6483 6478
f 6879 6343 6309
f 6309 6343 4428
f 4106 4105 4900
f 4900 4105 6307
f 3500 3167 6495
f 6495 3167 6496
f 3500 6495 3070
f 3070 6495 5368
f 3502 5235 3501
f 3501 5235 4813
f 3024 3503 6473
f 6473 3503 6474
f 3503 3023 6474
f 6474 3023 6374
f 3504 1770 4348
f 4348 1770 4345
f 3502 3505 5235
f 5235 3505 4810
f 3498 3497 6500
f 6500 3497 6501
f 3496 3075 6502
f 6502 3075 6275
f 6299 4254 3174
f 3174 4254 3017
f 1769 3501 4814
f 4814 3501 4813
f 3506 3018 6476
f 6476 3018 4257
f 3507 3499 6499
f 6499 3499 6504
f 3030 4216 3483
f 3483 4216 4215
f 3077 3507 6333
f 6333 3507 6499
f 1784 3160 5249
f 5249 3160 6523
f 3015 3506 4240
f 4240 3506 6476
f 3508 3504 6383
f 6383 3504 4348
f 3509 3016 6477
f 6477 3016 4239
f 3028 3509 6467
f 6467 3509 6477
f 3022 1785 5246
f 5246 1785 5247
f 3161 3508 6570
f 6570 3508 6383
f 3150 3149 4694
f 4694 3149 6566
f 1327 4807 3510
f 3510 4807 4811
f 3510 4811 3505
f 3505 4811 4810
f 3146 3511 4816
f 4816 3511 4350
f 3511 1808 4350
f 4350 1808 4351
f 3485 4327 3159
f 3159 4327 4330
f 1326 3512 4806
f 4806 3512 6310
f 3512 1331 6310
f 6310 1331 4688

