# https://github.com/mikedh/trimesh
v -0.10115502 0.17508270 0.09347290
v -0.07743356 0.08527953 -0.10732832
v -0.05024994 0.02628800 0.13554550
v -0.09077905 0.16119714 -0.11627387
v -0.11187184 0.22956263 0.06458584
v -0.13101897 0.23109951 0.06361392
v -0.13114077 0.18660883 0.08448134
v -0.07570449 0.19976401 0.08792753
v -0.09562256 0.23188928 0.06514555
v -0.13972874 0.14143573 0.09192132
v -0.12245297 0.11828755 0.09837923
v -0.07792717 0.12490231 0.11010478
v -0.04646608 0.17244146 0.10208501
v -0.11111838 0.06698919 0.10450153
v -0.06416181 0.16335568 -0.11889175
v -0.03555000 0.15140538 -0.12085511
v -0.04055424 0.07928724 -0.11154276
v -0.07969156 -0.07174540 -0.10026589
v -0.10783046 -0.09362598 -0.08939026
v -0.10670536 0.02696570 -0.09338647
v -0.04281620 -0.06201540 -0.10847249
v -0.08200855 0.20654874 -0.11374681
v -0.10655653 0.08758470 -0.10243620
v 0.00020470 0.02034908 0.14293591
v 0.00014576 0.15037098 0.11336334
v -0.02229228 0.15080661 0.11174905
v -0.09535751 -0.03508473 0.11829660
v -0.10197604 0.23556713 -0.10256042
v -0.09557006 0.24452973 -0.09921660
v -0.10870687 0.17413926 -0.11457466
v -0.11347727 0.23227765 -0.10185555
v -0.11322200 0.11474193 -0.10744460
v -0.08254730 0.21658743 -0.11154639
v 0.00018190 0.17423283 0.10376257
v 0.00236282 -1.05214857 0.18070804
v 0.00049421 0.17622390 -0.12521608
v -0.00500608 -1.05371972 -0.17910862
v -0.01380129 0.17636591 0.10258295
v -0.13815307 0.17756118 -0.11231209
v 0.00013031 0.07989998 -0.11385421
v -0.06922345 0.20361932 0.08684954
v -0.06241132 0.18967669 -0.11896215
v -0.09426478 0.24998498 -0.09674105
v 0.00187660 -1.00901939 0.17873685
v -0.04179404 -1.01312189 0.17695394
v -0.03049314 -1.05109921 0.17948953
v 0.00017556 0.15242994 -0.12409186
v -0.03396131 0.17802233 -0.12278300
v -0.04227050 -1.05637807 -0.17656030
v -0.04592703 -1.03789543 -0.17467087
v -0.00323369 -1.03172378 -0.17700538
v -0.03569830 0.18565109 0.09816386
v -0.14109683 0.22853818 -0.09978763
v -0.12248340 0.23135592 -0.10036245
v -0.11907657 0.17794935 -0.11252294
v -0.12087636 0.12014152 -0.10671373
v -0.13846777 0.12102363 -0.10769932
v 0.00168676 -0.06090772 -0.11267660
v -0.09125425 0.23234802 0.06537756
v -0.09476341 0.25779799 0.04439067
v -0.09832935 0.25930779 0.04334611
v -0.11138165 0.26405534 0.04287653
v -0.09833392 0.28479007 0.02089102
v -0.10197849 0.28768444 0.01971605
v -0.11385556 0.29503193 0.01736651
v -0.13391728 0.29795982 0.01436814
v -0.13130834 0.26898565 0.04464065
v -0.10462741 0.30100505 -0.03179276
v -0.11510976 0.30273969 -0.03406068
v -0.13056869 0.30311785 -0.03457066
v -0.13712856 0.30209583 -0.03589447
v -0.14242118 0.29773023 0.01201583
v -0.11046826 0.27742640 -0.07681685
v -0.12224212 0.27482697 -0.07692654
v -0.12762384 0.27365037 -0.07700510
v -0.13217646 0.27304992 -0.07660962
v -0.14278387 0.30110451 -0.03679591
v -0.11810284 0.23145322 -0.10104853
v -0.11427972 0.17545596 -0.11324799
v -0.11650486 0.11869498 -0.10709496
v -0.13005350 0.07363833 -0.08809010
v -0.13284032 0.08071005 -0.08850895
v -0.13646775 0.08450287 -0.08910156
v -0.15188257 0.08910743 -0.09002406
v -0.14796594 0.06031027 -0.06663108
v -0.15146697 0.06513180 -0.06754096
v -0.16378388 0.07286582 -0.06815520
v -0.16067239 0.05482094 -0.04315325
v -0.17184309 0.06633577 -0.04557738
v -0.16508486 0.05622792 -0.02128443
v -0.17698975 0.06575061 -0.02576137
v -0.16929476 0.06748009 0.00663711
v -0.18085325 0.07256463 0.00420950
v -0.16970397 0.08590419 0.04358681
v -0.18058031 0.09286121 0.03862939
v -0.16628360 0.11205624 0.07367656
v -0.17879300 0.11663039 0.06616098
v -0.15403126 0.14949895 0.08685990
v -0.17020567 0.15488307 0.07817232
v -0.14717924 0.19252473 0.07968029
v -0.16013835 0.19452733 0.07173415
v -0.14454202 0.23096883 0.06098082
v -0.15821215 0.23206889 0.05389555
v -0.14661337 0.26788934 0.04160868
v -0.16064860 0.26895772 0.03253211
v -0.14845147 0.29746660 0.01012677
v -0.16204463 0.29610888 -0.00186134
v -0.15675336 0.29407483 -0.04518618
v -0.14893913 0.26618308 -0.07856519
v -0.14096596 0.26887680 0.04338525
v -0.13928580 0.23157189 0.06223520
v -0.14138494 0.18962277 0.08201007
v -0.14820131 0.14665153 0.08927681
v -0.16116470 0.10908405 0.07566025
v -0.15517957 0.10268841 0.07697644
v -0.16591288 0.08178230 0.04566862
v -0.16111402 0.07565355 0.04625921
v -0.15134096 0.05213526 0.04823418
v -0.14376987 0.07835436 0.07955316
v -0.14594772 0.00592415 0.05623860
v -0.13218666 0.03584531 0.08029531
v -0.14328627 -0.08417570 0.05779994
v -0.12460197 -0.06156225 0.09143212
v -0.14847667 -0.22611755 0.06599937
v -0.12358869 -0.21108441 0.09439833
v -0.09067695 -0.19336002 0.12011847
v -0.13222288 -0.37456883 0.10542849
v -0.09709859 -0.35574900 0.12826344
v -0.05260280 -0.34606384 0.14505339
v -0.04778745 -0.17551088 0.13782219
v -0.00215582 -0.33612472 0.14665382
v 0.00199653 -0.16742085 0.14442230
v -0.05502441 -0.50704469 0.14869539
v 0.00087432 -0.49946388 0.15318407
v -0.05138080 -0.66685643 0.15879897
v -0.00216689 -0.66455540 0.16572842
v -0.05328351 -0.81529617 0.16863903
v -0.00297977 -0.81051926 0.17318633
v -0.04738539 -0.94765207 0.17164181
v -0.00179468 -0.94568886 0.17189057
v -0.09559692 -0.83263424 0.16045919
v -0.09089258 -0.95596502 0.16469197
v -0.08365902 -1.01415442 0.17050665
v -0.12559596 -0.96437665 0.15346564
v -0.12703058 -1.03473837 0.15679253
v -0.12378802 -1.04964421 0.15807085
v -0.07651399 -1.04929073 0.17295499
v -0.15436357 -1.03197992 0.14140289
v -0.15154922 -1.04920780 0.14388907
v -0.19059200 -1.02599487 0.10998815
v -0.19060193 -1.04683573 0.11206449
v -0.21507993 -1.03573528 0.07194338
v -0.21604041 -1.04807737 0.07318108
v -0.22791891 -1.04537997 0.01766978
v -0.22904899 -1.05387144 0.01683972
v -0.22151527 -1.04313640 -0.04123352
v -0.22160047 -1.05347061 -0.04361402
v -0.19386036 -1.03959853 -0.09233642
v -0.19321986 -1.05322214 -0.09383045
v -0.15027315 -1.03968715 -0.13262210
v -0.14781105 -1.05448164 -0.13480982
v -0.09880000 -1.04067577 -0.16069420
v -0.09718949 -1.05576218 -0.16219793
v -0.10536588 -0.98343520 -0.15384126
v -0.05386181 -0.97817437 -0.16857958
v -0.15418449 -0.98873559 -0.12593568
v -0.15426601 -0.89313491 -0.11635502
v -0.10812683 -0.88060861 -0.14415602
v -0.19333392 -0.99378606 -0.08779248
v -0.19028785 -0.90383702 -0.08046195
v -0.18085574 -0.75461826 -0.07821279
v -0.14670702 -0.74395178 -0.10936122
v -0.21830805 -0.99516859 -0.04056038
v -0.21177272 -0.90608679 -0.03901130
v -0.20241442 -0.75426721 -0.04148372
v -0.18756577 -0.58376922 -0.04839157
v -0.16773475 -0.58188581 -0.07996421
v -0.21825654 -0.90058880 0.00674065
v -0.21030742 -0.75080883 -0.00167767
v -0.19604823 -0.57673888 -0.01347649
v -0.18192422 -0.41140961 -0.01931003
v -0.17311872 -0.41244359 -0.04981485
v -0.20419897 -0.73967761 0.03711801
v -0.19437335 -0.57026050 0.02327262
v -0.18155413 -0.40590941 0.01126834
v -0.16905189 -0.25006138 0.00522889
v -0.16742698 -0.25462014 -0.02198609
v -0.18393476 -0.56395332 0.05760300
v -0.17374631 -0.39977802 0.04311824
v -0.16344445 -0.23903622 0.03431728
v -0.15505842 -0.11076002 0.02454629
v -0.15848461 -0.13166774 -0.00310817
v -0.15720279 -0.39000236 0.07610949
v -0.16459543 -0.54777531 0.08928732
v -0.13616432 -0.53570476 0.11732300
v -0.16596015 -0.71201578 0.10543978
v -0.13511946 -0.69741311 0.13128866
v -0.09650583 -0.68028985 0.14853472
v -0.09832271 -0.51673729 0.13731397
v -0.13427721 -0.84878278 0.14545187
v -0.16689655 -0.85877219 0.12130484
v -0.16335993 -0.96893618 0.13140717
v -0.19287981 -0.87309493 0.08862963
v -0.19198537 -0.97449980 0.10131534
v -0.21075645 -0.88967343 0.05002887
v -0.21342489 -0.98522466 0.06223025
v -0.22454507 -0.99411955 0.01301118
v -0.18808840 -0.72628620 0.07312106
v -0.15335481 -0.04998148 -0.00735271
v -0.15033227 -0.05240697 -0.03200164
v -0.15522799 -0.13282726 -0.02873319
v -0.15143328 -0.02307164 0.02175442
v -0.15430158 0.03138057 0.01417871
v -0.15392054 0.01104211 -0.01310800
v -0.15704076 0.04680988 -0.01901165
v -0.15328611 0.04307403 -0.04131843
v -0.15073092 0.00822999 -0.03657015
v -0.16034277 0.05894694 0.00939342
v -0.16484594 0.06397780 0.00840181
v -0.16083805 0.05271273 -0.02034314
v -0.15660756 0.05088825 -0.04237538
v -0.14469821 0.05323488 -0.06601510
v -0.12739548 0.04438079 -0.08396206
v -0.14317474 0.02193076 -0.06312402
v -0.12573647 -0.01273742 -0.07551386
v -0.14172341 -0.03152378 -0.05533399
v -0.13066138 -0.10833708 -0.07460398
v -0.14644323 -0.11902692 -0.05396988
v -0.14226472 -0.24470148 -0.07197122
v -0.15862690 -0.24557331 -0.04868851
v -0.15525066 -0.41729359 -0.07579478
v -0.11796510 -0.24385623 -0.09160508
v -0.12839949 -0.41580664 -0.09870649
v -0.13741786 -0.57734161 -0.10716080
v -0.09077928 -0.40808580 -0.11880607
v -0.09674890 -0.57075637 -0.12999723
v -0.10034799 -0.73368029 -0.13542637
v -0.05029336 -0.56437408 -0.14351872
v -0.05190573 -0.72957343 -0.15062781
v -0.05521105 -0.87160019 -0.15979332
v -0.00004804 -0.73001926 -0.15452824
v 0.00283734 -0.87148783 -0.16374971
v 0.00143781 -0.97581812 -0.17150874
v 0.00200434 -0.56312774 -0.14654841
v -0.04583459 -0.40175124 -0.13080354
v -0.00128143 -0.39935624 -0.13242164
v -0.04296902 -0.23126094 -0.11978584
v 0.00256307 -0.23028104 -0.12379900
v -0.08457491 -0.23691955 -0.10852289
v -0.10185977 0.27995982 -0.07446984
v -0.10144885 0.30055816 -0.02960302
v -0.09930895 0.28099246 -0.07333630
v 0.10456607 0.17740218 0.09189150
v 0.07855808 0.08439525 -0.10917876
v 0.05156320 0.02619280 0.13480651
v 0.09225655 0.15932710 -0.11547841
v 0.11379236 0.23252881 0.06236072
v 0.13369184 0.23364440 0.06086839
v 0.13284320 0.19101413 0.08274985
v 0.07692816 0.20220395 0.08554460
v 0.09651163 0.23492157 0.06257372
v 0.14151886 0.14372402 0.09068871
v 0.12448323 0.11813942 0.09908198
v 0.07711150 0.12347740 0.11213412
v 0.04625818 0.17306486 0.10139973
v 0.11025406 0.06426432 0.10431467
v 0.06639490 0.16258606 -0.11896935
v 0.03647813 0.15125060 -0.12240686
v 0.04204698 0.07913167 -0.11298475
v 0.08119261 -0.07592554 -0.10321560
v 0.11177041 -0.09927397 -0.09281885
v 0.10976857 0.02362770 -0.09531161
v 0.04333569 -0.06514734 -0.11085487
v 0.08288448 0.20444729 -0.11330704
v 0.10702791 0.08556053 -0.10356135
v 0.02257285 0.15077041 0.11217844
v 0.09858494 -0.03704572 0.11957759
v 0.10115601 0.23418693 -0.10267129
v 0.09469871 0.24356254 -0.09954406
v 0.10954939 0.17259594 -0.11364120
v 0.11273873 0.23047131 -0.10239916
v 0.11392718 0.11349552 -0.10650610
v 0.08303170 0.21451968 -0.11107954
v 0.01434238 0.17595888 0.10220659
v 0.13749759 0.17616773 -0.11135806
v 0.07037909 0.20583779 0.08443317
v 0.06386819 0.18872363 -0.11917017
v 0.09371860 0.24897363 -0.09732120
v 0.03255013 -1.01735012 0.17680967
v 0.02047342 -1.05537724 0.17915987
v 0.03514660 0.17757727 -0.12347629
v 0.04237577 -1.05779948 -0.17717719
v 0.04755982 -1.04035802 -0.17489084
v 0.03640496 0.18542873 0.09714256
v 0.14034114 0.22596944 -0.10045030
v 0.12165271 0.22920458 -0.10139409
v 0.11935896 0.17655800 -0.11184618
v 0.12154471 0.11900856 -0.10588399
v 0.13907717 0.12121289 -0.10634720
v 0.09199327 0.23539120 0.06270251
v 0.09638878 0.25938418 0.04181783
v 0.09973003 0.26075891 0.04080587
v 0.11329726 0.26483849 0.04033279
v 0.09939716 0.28483612 0.01865672
v 0.10269521 0.28752810 0.01767282
v 0.11528917 0.29287039 0.01445893
v 0.13600669 0.29494641 0.01111498
v 0.13425432 0.26782273 0.04019457
v 0.10270390 0.30127660 -0.03193036
v 0.11351628 0.30169653 -0.03441913
v 0.13032042 0.30092716 -0.03671004
v 0.13777146 0.29988994 -0.03825193
v 0.14442451 0.29429725 0.00870608
v 0.11004295 0.27584483 -0.07768055
v 0.12215880 0.27274167 -0.07813005
v 0.12752649 0.27161862 -0.07850527
v 0.13208374 0.27096722 -0.07813755
v 0.14365408 0.29892622 -0.03916701
v 0.11734651 0.22948911 -0.10195552
v 0.11495919 0.17410690 -0.11247605
v 0.11710144 0.11747023 -0.10616548
v 0.13109055 0.07199399 -0.08960186
v 0.13425721 0.08024863 -0.08931825
v 0.13782643 0.08325025 -0.08941606
v 0.15346178 0.08915582 -0.08999512
v 0.14974567 0.05946659 -0.06857011
v 0.15368174 0.06442077 -0.06896111
v 0.16623245 0.07255641 -0.06867931
v 0.16260904 0.05368159 -0.04480054
v 0.17485461 0.06588045 -0.04681252
v 0.16738430 0.05770469 -0.02384724
v 0.17932056 0.06723678 -0.02699120
v 0.17215218 0.06918020 0.00509648
v 0.18341190 0.07533642 0.00270701
v 0.17178111 0.08643391 0.04236482
v 0.18258711 0.09492447 0.03706709
v 0.16731308 0.11388442 0.07148078
v 0.17896296 0.11995929 0.06362960
v 0.15557390 0.15264049 0.08506745
v 0.17150719 0.15971467 0.07601866
v 0.14891254 0.19656890 0.07737551
v 0.16249672 0.19821222 0.06952991
v 0.14748272 0.23288095 0.05806626
v 0.16107485 0.23284330 0.05062784
v 0.14937063 0.26572372 0.03737932
v 0.16270499 0.26599644 0.02875403
v 0.15044600 0.29374711 0.00680478
v 0.16428933 0.29226923 -0.00399582
v 0.15779875 0.29211800 -0.04707881
v 0.14822657 0.26355141 -0.07964385
v 0.14358405 0.26704938 0.03877287
v 0.14204270 0.23374699 0.05934259
v 0.14421831 0.19368724 0.07929199
v 0.14982444 0.14935364 0.08771138
v 0.16273325 0.11002268 0.07420223
v 0.15667481 0.10297096 0.07607186
v 0.16773996 0.08165170 0.04459079
v 0.16273458 0.07464414 0.04517297
v 0.15191589 0.04927066 0.04697699
v 0.14505275 0.07555992 0.07832199
v 0.15070939 0.00177441 0.05424394
v 0.13137078 0.03423194 0.08007509
v 0.14840546 -0.08874146 0.05824861
v 0.12850225 -0.06524434 0.09284590
v 0.14960235 -0.22376689 0.06488639
v 0.12277995 -0.20948051 0.09398699
v 0.09161014 -0.19248258 0.11814245
v 0.13320843 -0.37360838 0.10552487
v 0.09598247 -0.35483216 0.12880251
v 0.04951506 -0.34647158 0.14855159
v 0.05055396 -0.17546524 0.13672316
v 0.04963906 -0.50735056 0.15066838
v 0.04713599 -0.66806940 0.16230326
v 0.04862131 -0.81837054 0.16981637
v 0.03862665 -0.95084434 0.17298059
v 0.09150653 -0.83215818 0.16072661
v 0.08273133 -0.95981120 0.16568564
v 0.07597484 -1.01850671 0.17095384
v 0.11728581 -0.96824830 0.15450725
v 0.11993517 -1.03999098 0.15984520
v 0.11798910 -1.05403322 0.16130645
v 0.06809297 -1.05444931 0.17393174
v 0.15072056 -1.03331654 0.14431702
v 0.14684629 -1.05237938 0.14714768
v 0.19027836 -1.02688977 0.11129762
v 0.18981623 -1.04791932 0.11381269
v 0.21753661 -1.03512990 0.07345574
v 0.21812260 -1.04748216 0.07473278
v 0.22915515 -1.04785016 0.01910371
v 0.22999227 -1.05652543 0.01845908
v 0.22295932 -1.04595952 -0.03850367
v 0.22329998 -1.05605405 -0.03969788
v 0.19532328 -1.04237867 -0.09182723
v 0.19476634 -1.05542810 -0.09373068
v 0.15193220 -1.04180964 -0.13363276
v 0.14952912 -1.05616185 -0.13562345
v 0.10033454 -1.04213640 -0.16108405
v 0.09859074 -1.05703352 -0.16264328
v 0.10640892 -0.98563573 -0.15324123
v 0.05354632 -0.98011534 -0.16775366
v 0.15548210 -0.99132831 -0.12610734
v 0.15524965 -0.89522525 -0.11723542
v 0.10726913 -0.88245936 -0.14441790
v 0.19443495 -0.99654486 -0.08601337
v 0.19061976 -0.90640964 -0.08068144
v 0.18303088 -0.75688546 -0.07793824
v 0.14864478 -0.74532378 -0.11174366
v 0.21978231 -0.99787598 -0.03597960
v 0.21338096 -0.90896316 -0.03575946
v 0.20504837 -0.76105057 -0.03784867
v 0.19120025 -0.58306690 -0.04400874
v 0.17083519 -0.58099466 -0.07797540
v 0.22020011 -0.90322006 0.00961653
v 0.21281068 -0.75311090 0.00225029
v 0.20027138 -0.58129158 -0.00813968
v 0.18663196 -0.41213314 -0.01554262
v 0.17723684 -0.41667566 -0.04622284
v 0.20757956 -0.74190078 0.03952773
v 0.19816797 -0.57112466 0.02632277
v 0.18700296 -0.40650485 0.01471769
v 0.17251770 -0.25267142 0.00398016
v 0.16957428 -0.25532837 -0.02465895
v 0.18608625 -0.56411113 0.05976628
v 0.17827747 -0.40041187 0.04508843
v 0.16545425 -0.23667991 0.03325165
v 0.15863401 -0.11704657 0.02444768
v 0.16116047 -0.13995821 -0.00344818
v 0.16048550 -0.38980007 0.07762599
v 0.16528109 -0.54736567 0.08937918
v 0.13446101 -0.53532029 0.11807551
v 0.16870636 -0.71341226 0.10558929
v 0.13597375 -0.69906736 0.13317314
v 0.09451068 -0.68167437 0.15187987
v 0.09435460 -0.51646686 0.13886500
v 0.13162316 -0.84867342 0.14411499
v 0.16608096 -0.86240416 0.11847982
v 0.15793023 -0.97246319 0.13037445
v 0.19342077 -0.87593628 0.08719376
v 0.19072703 -0.97758050 0.09867497
v 0.21276558 -0.89227811 0.05012668
v 0.21419963 -0.98790050 0.06100537
v 0.22566423 -0.99660550 0.01621168
v 0.19147920 -0.72800055 0.07354833
v 0.15805927 -0.05763764 -0.00750928
v 0.15466580 -0.06071543 -0.03314507
v 0.15787055 -0.14573982 -0.02922738
v 0.15626942 -0.02817439 0.02090040
v 0.15645243 0.02761887 0.01152903
v 0.15886291 0.00671079 -0.01551710
v 0.15871673 0.04564233 -0.02108602
v 0.15463817 0.04130106 -0.04333219
v 0.15555119 0.00160604 -0.03943417
v 0.16272742 0.05760324 0.00821950
v 0.16785389 0.06439031 0.00649981
v 0.16282536 0.05152945 -0.02182648
v 0.15834202 0.04824063 -0.04358001
v 0.14639271 0.05052608 -0.06801512
v 0.12839227 0.04135984 -0.08599276
v 0.14605939 0.01642991 -0.06507177
v 0.12867231 -0.01788632 -0.07897518
v 0.14512744 -0.03959672 -0.05798587
v 0.13422215 -0.11974483 -0.07686323
v 0.14867177 -0.13317119 -0.05479139
v 0.14223899 -0.25131151 -0.07617215
v 0.15975421 -0.25275624 -0.05150947
v 0.15792939 -0.41631406 -0.07457610
v 0.11740003 -0.24918440 -0.09714925
v 0.12905473 -0.41347549 -0.09903244
v 0.13840802 -0.57625633 -0.10770560
v 0.08950134 -0.40561763 -0.11929506
v 0.09606380 -0.56929882 -0.12954679
v 0.10201255 -0.73394091 -0.13762818
v 0.04934902 -0.56591308 -0.14237689
v 0.05231178 -0.73005002 -0.15163182
v 0.05618681 -0.87293748 -0.15891684
v 0.04476770 -0.39664647 -0.13003348
v 0.04552063 -0.23065317 -0.12129768
v 0.08565575 -0.23857882 -0.11221505
v 0.10123179 0.27885831 -0.07551651
v 0.10027239 0.30138680 -0.03076423
v 0.09864964 0.28030981 -0.07406016
v -0.12860670 0.23138911 -0.09954924
v -0.12569553 0.17886786 -0.11205768
v -0.12640889 0.12219611 -0.10703067
v -0.14114505 0.08795769 -0.08914019
v -0.15469526 0.07065223 -0.06789138
v -0.16379586 0.05970725 -0.04464429
v -0.16902039 0.06175816 -0.02368899
v -0.17342717 0.07036014 0.00578804
v -0.17389101 0.08970693 0.04203026
v -0.17038419 0.11567816 0.07162392
v -0.15991804 0.15200285 0.08438883
v -0.15153027 0.19354852 0.07778893
v -0.14832541 0.23118902 0.05987022
v -0.15135011 0.26794501 0.03958678
v -0.15307414 0.29715277 0.00728834
v -0.14754152 0.29976379 -0.03799892
v -0.13794076 0.27196956 -0.07640811
v 0.12545622 0.17752443 -0.11128815
v 0.12779395 0.22904081 -0.10059057
v 0.12712228 0.12138880 -0.10612150
v 0.14258737 0.08662464 -0.08930118
v 0.15750172 0.06934170 -0.06864800
v 0.16605099 0.05843262 -0.04568713
v 0.17117645 0.06204373 -0.02508307
v 0.17609129 0.07214872 0.00437297
v 0.17575803 0.09152350 0.04038075
v 0.17102912 0.11801178 0.06930000
v 0.16117621 0.15604451 0.08219970
v 0.15337194 0.19762828 0.07543216
v 0.15137897 0.23217602 0.05669979
v 0.15384323 0.26526330 0.03526810
v 0.15514635 0.29330595 0.00433501
v 0.14839917 0.29775800 -0.04039647
v 0.13777263 0.26969139 -0.07784917
v -0.13311770 0.23136072 -0.09945859
v -0.13036183 0.17952859 -0.11215767
v -0.13087593 0.12253923 -0.10751036
v -0.15758739 0.07128145 -0.06872216
v -0.16689259 0.06180283 -0.04510626
v -0.17226578 0.06270064 -0.02398953
v -0.17641617 0.07137114 0.00563904
v -0.17631001 0.09074793 0.04172826
v -0.17306671 0.11642085 0.07081456
v -0.16319128 0.15294418 0.08322063
v -0.15415109 0.19391922 0.07628566
v -0.15138961 0.23041633 0.05852040
v -0.15444566 0.26744095 0.03847447
v -0.15615995 0.29659541 0.00544257
v -0.15091687 0.29863699 -0.03943645
v -0.14203120 0.27078351 -0.07658291
v 0.12986412 0.17797597 -0.11134104
v 0.13227989 0.22896660 -0.10038571
v 0.13161976 0.12198133 -0.10654632
v 0.16948235 0.06092165 -0.04631774
v 0.16060410 0.07057722 -0.06904801
v 0.17444481 0.06331468 -0.02534065
v 0.17901729 0.07331772 0.00431697
v 0.17835857 0.09239665 0.04022165
v 0.17369371 0.11912543 0.06852497
v 0.16401588 0.15727480 0.08071016
v 0.15672898 0.19810378 0.07373352
v 0.15496863 0.23101154 0.05525149
v 0.15697401 0.26475566 0.03379957
v 0.15817116 0.29286916 0.00240134
v 0.15190323 0.29666388 -0.04187919
v 0.14171310 0.26844128 -0.07794375
v -0.14529836 0.08820885 -0.08990583
v 0.14679031 0.08794684 -0.08990769
v -0.13639346 0.23088924 -0.09930505
v -0.13341124 0.17973044 -0.11214163
v -0.13366438 0.12256216 -0.10780119
v -0.16041966 0.07250382 -0.06880205
v -0.16895552 0.06349534 -0.04578206
v -0.17423988 0.06374947 -0.02530516
v -0.17834565 0.07163190 0.00403318
v -0.17837936 0.09135245 0.03984022
v -0.17567227 0.11659115 0.06830578
v -0.16609377 0.15412924 0.08071328
v -0.15670765 0.19441158 0.07409446
v -0.15434298 0.23032065 0.05684150
v -0.15725115 0.26790164 0.03605541
v -0.15853734 0.29627860 0.00241708
v -0.15332470 0.29736526 -0.04109983
v -0.14463533 0.26922391 -0.07702147
v 0.13282665 0.17828866 -0.11127269
v 0.13558719 0.22847170 -0.10009489
v 0.13421776 0.12244033 -0.10653632
v 0.17195423 0.06286415 -0.04674667
v 0.16316134 0.07173753 -0.06916832
v 0.17657560 0.06475377 -0.02597344
v 0.18131023 0.07397668 0.00256573
v 0.18048669 0.09339710 0.03824152
v 0.17584827 0.11972021 0.06582688
v 0.16718528 0.15829965 0.07864641
v 0.15883876 0.19849535 0.07182739
v 0.15740028 0.23068601 0.05363971
v 0.15922512 0.26497953 0.03151810
v 0.16066241 0.29264470 -0.00002976
v 0.15447772 0.29512484 -0.04331277
v 0.14440922 0.26696363 -0.07855500
v -0.14856026 0.08862727 -0.08998176
v 0.15001242 0.08880165 -0.08974913
v -0.13875206 0.23038086 -0.09949356
v -0.13574324 0.17922644 -0.11239163
v -0.13566522 0.12220357 -0.10788077
v -0.16216788 0.07241682 -0.06858520
v -0.17015532 0.06461611 -0.04615445
v -0.17532180 0.06467788 -0.02569774
v -0.17929843 0.07196569 0.00378284
v -0.17885936 0.09205345 0.03947222
v -0.17707894 0.11622728 0.06704467
v -0.16812679 0.15400063 0.07908385
v -0.15791469 0.19496379 0.07255120
v -0.15575209 0.23051513 0.05551379
v -0.15871882 0.26852640 0.03491673
v -0.16019404 0.29661194 0.00022391
v -0.15491091 0.29588804 -0.04301058
v -0.14699948 0.26850929 -0.07742979
v 0.13511800 0.17777911 -0.11150114
v 0.13801369 0.22778932 -0.10027799
v 0.13656936 0.12218101 -0.10692024
v 0.17328584 0.06421872 -0.04684527
v 0.16477434 0.07245953 -0.06882532
v 0.17749608 0.06529662 -0.02690979
v 0.18182923 0.07450968 0.00229073
v 0.18091369 0.09407910 0.03791752
v 0.17710334 0.11944742 0.06454202
v 0.16924856 0.15823755 0.07711569
v 0.16030640 0.19871349 0.07033530
v 0.15867728 0.23160001 0.05233871
v 0.16060044 0.26533551 0.03047925
v 0.16238245 0.29264719 -0.00234294
v 0.15599543 0.29395254 -0.04509874
v 0.14655249 0.26628885 -0.07887197
v -0.15026626 0.08892227 -0.09000376
v 0.15159070 0.08878713 -0.08992956
v -0.10641652 0.20533243 0.08025450
v -0.12192756 0.23018682 0.06381815
v -0.13073914 0.21118038 0.07424780
v -0.11583803 0.18049000 0.08966571
v -0.11936400 0.20776562 0.07719533
v -0.08831758 0.18727649 0.09107275
v -0.08722971 0.21554557 0.07799813
v -0.10163882 0.23081667 0.06503377
v -0.09326203 0.21183016 0.07890196
v -0.13545614 0.16333342 0.09020057
v -0.13167339 0.13148921 0.09455466
v -0.11381312 0.14717756 0.09740679
v -0.12481718 0.15602284 0.09387337
v -0.08753536 0.15348185 0.10120294
v -0.06203122 0.14781384 0.10749787
v -0.05793079 0.18898077 0.09488754
v -0.07345453 0.17052954 0.09926386
v -0.11634250 0.09390259 0.10166647
v -0.09759632 0.09399412 0.10986890
v -0.10432320 0.12525806 0.10310542
v -0.06886332 0.12824145 -0.11538434
v -0.04993796 0.15953238 -0.12033014
v -0.03759759 0.11789469 -0.11664308
v -0.05912882 0.08234581 -0.10957897
v -0.05410854 0.12404302 -0.11587039
v -0.07863876 0.01672902 -0.10036770
v -0.09360465 -0.08414395 -0.09545200
v -0.10664190 -0.02759628 -0.08765133
v -0.09347220 0.05108931 -0.10002955
v -0.09414508 -0.00573454 -0.09374697
v -0.04015072 0.01511527 -0.10689418
v -0.06273912 -0.06789148 -0.10508482
v -0.06019879 0.01634409 -0.10408907
v -0.08172316 0.12686376 -0.11464207
v -0.08848205 0.18432998 -0.11526978
v -0.07388865 0.18896583 -0.11741641
v -0.07869660 0.15452613 -0.11719699
v -0.10709280 0.06021405 -0.09722378
v -0.09966164 0.12401130 -0.11239196
v -0.09537620 0.09193503 -0.10588114
v -0.02341587 0.01976825 0.14129537
v 0.00044843 0.09346106 0.13090118
v -0.01001946 0.14927259 0.11336996
v -0.03629305 0.09966935 0.12490067
v -0.01673592 0.09380786 0.12957510
v -0.03076330 0.16547102 0.10603444
v -0.06595544 0.08610253 0.12097186
v -0.04742229 0.12581610 0.11610733
v -0.10237388 0.02874024 0.10985847
v -0.07571128 -0.00894100 0.12835754
v -0.08623121 0.05069021 0.11631976
v -0.10085070 0.20385381 -0.11089867
v -0.09848237 0.24086095 -0.10078773
v -0.09066422 0.22653288 -0.10710123
v -0.09552507 0.21644624 -0.10904312
v -0.10044028 0.16671373 -0.11555434
v -0.11260487 0.20586444 -0.10949679
v -0.10717781 0.23386653 -0.10242454
v -0.10690982 0.20511152 -0.11027696
v -0.10890207 0.10106303 -0.10514322
v -0.11017021 0.14069533 -0.11327234
v -0.10499381 0.13265394 -0.11307999
v -0.07298959 0.20242543 -0.11631041
v -0.06289899 0.17909255 -0.11902641
v -0.08234048 0.21248172 -0.11218493
v -0.07256070 0.19754400 -0.11668823
v -0.09467281 0.24747343 -0.09784022
v -0.08920842 0.23229978 -0.10545969
v -0.08991271 0.23009647 -0.10570510
v -0.00642515 0.17481749 0.10351250
v -0.01694988 0.16755160 0.10574626
v 0.00022739 0.16735929 0.10635951
v -0.00799879 0.16699399 0.10628622
v 0.00233740 -1.03433757 0.18007939
v -0.02382804 -1.00961489 0.17820294
v -0.03608907 -1.03740256 0.17868034
v -0.01649641 -1.05159394 0.18029544
v -0.01983672 -1.03667646 0.17966680
v 0.00046986 0.16747395 -0.12494421
v -0.01736839 0.15136876 -0.12266878
v -0.03504492 0.16722240 -0.12222905
v -0.01627394 0.17647707 -0.12400137
v -0.01680508 0.16719781 -0.12365112
v -0.02070864 -1.05523804 -0.17870461
v -0.04393112 -1.04999647 -0.17593361
v -0.02274451 -1.03405227 -0.17697179
v -0.00483293 -1.04389771 -0.17821727
v -0.02248253 -1.04676387 -0.17802800
v -0.02223736 0.18155605 0.10069372
v -0.03950917 0.18185708 0.09930773
v -0.02514229 0.17720921 0.10214921
v -0.13934452 0.20502795 -0.10739162
v -0.14002783 0.22881218 -0.09980763
v -0.13728414 0.20669032 -0.10724071
v -0.13705907 0.17754918 -0.11246809
v -0.13840452 0.20515995 -0.10748462
v -0.13428927 0.14817350 -0.11276255
v -0.13709676 0.12089338 -0.10748225
v -0.13656095 0.14649298 -0.11258231
v -0.13580095 0.14655898 -0.11267931
v -0.01912309 0.08073008 -0.11313481
v -0.00047181 0.11898399 -0.11939153
v -0.01944363 0.11813561 -0.11841983
v 0.00139990 0.01673933 -0.10842630
v -0.02129598 -0.06118996 -0.11107304
v -0.01933861 0.01770002 -0.10860609
v -0.07221294 0.20259850 0.08712937
v -0.05130568 0.19352231 0.09335190
v -0.05366820 0.19238194 0.09382417
v -0.08348348 0.21705915 0.07745426
v -0.09292325 0.23293309 0.06477951
v -0.08467448 0.21664115 0.07768326
v -0.09324760 0.24436162 0.05556902
v -0.09596341 0.25854399 0.04354967
v -0.09688805 0.24471018 0.05505055
v -0.09441460 0.24415462 0.05562102
v -0.10403726 0.26192804 0.04220622
v -0.11010803 0.24504139 0.05462968
v -0.10203638 0.24459000 0.05482895
v -0.09640789 0.27049243 0.03385605
v -0.09957654 0.28616908 0.01961094
v -0.09985982 0.27221188 0.03283162
v -0.09753689 0.27115443 0.03304705
v -0.10684505 0.29173083 0.01840006
v -0.11174135 0.27976418 0.03300411
v -0.10475865 0.27583984 0.03238724
v -0.12361368 0.29707920 0.01647777
v -0.13250354 0.28438520 0.03225964
v -0.12139765 0.26804204 0.04470433
v -0.12175105 0.28275531 0.03383519
v -0.10401771 0.30022966 -0.00408592
v -0.10905077 0.30172701 -0.03275607
v -0.11497254 0.30473576 -0.00753992
v -0.10881459 0.30227450 -0.00619168
v -0.12285072 0.30353132 -0.03431085
v -0.13248125 0.30596095 -0.00962227
v -0.12374339 0.30598229 -0.00777517
v -0.13380548 0.30287046 -0.03480313
v -0.14051113 0.30525810 -0.01213125
v -0.13820443 0.29808999 0.01277430
v -0.13674200 0.30553407 -0.01067777
v -0.11393483 0.29230970 -0.05876533
v -0.11676031 0.27617014 -0.07706347
v -0.12639920 0.29050132 -0.06010158
v -0.12026694 0.29208401 -0.05891029
v -0.12512815 0.27370075 -0.07722508
v -0.13231449 0.28921411 -0.06030460
v -0.12934741 0.28989774 -0.06019130
v -0.12984781 0.27288303 -0.07691724
v -0.13700800 0.28888763 -0.06051135
v -0.13993809 0.30178234 -0.03622580
v -0.13449886 0.28928372 -0.06007584
v -0.11820880 0.25441172 -0.09147973
v -0.11547227 0.23175765 -0.10170355
v -0.12294935 0.25384915 -0.09037760
v -0.12018613 0.25432607 -0.09071542
v -0.12034445 0.23115586 -0.10072362
v -0.12717730 0.25399146 -0.08974304
v -0.12456418 0.25398299 -0.09004703
v -0.11176431 0.17479994 -0.11380472
v -0.11746881 0.20583726 -0.10836579
v -0.11536239 0.20563499 -0.10891231
v -0.11635472 0.17591157 -0.11297936
v -0.12197692 0.20611936 -0.10770103
v -0.11925181 0.20588126 -0.10815379
v -0.11494166 0.11643166 -0.10694292
v -0.11382084 0.14410770 -0.11267687
v -0.11157526 0.14313603 -0.11302270
v -0.11868228 0.11972799 -0.10698890
v -0.11820894 0.14686354 -0.11240248
v -0.11551384 0.14465270 -0.11234887
v -0.12207965 0.09468294 -0.09805854
v -0.13116303 0.07697412 -0.08831501
v -0.12602324 0.09971807 -0.09807420
v -0.12402205 0.09763339 -0.09812799
v -0.13402244 0.08284672 -0.08891108
v -0.12920475 0.10166618 -0.09837011
v -0.12692537 0.10076424 -0.09841860
v -0.13884899 0.08641980 -0.08914456
v -0.13463142 0.10339710 -0.09841796
v -0.12323116 0.12150414 -0.10705572
v -0.13202160 0.10289174 -0.09837827
v -0.14148757 0.07453314 -0.07866093
v -0.14958670 0.06228428 -0.06716453
v -0.14566398 0.07726930 -0.07886442
v -0.14332127 0.07593922 -0.07884992
v -0.15329032 0.06857068 -0.06756433
v -0.14956601 0.07954356 -0.07915389
v -0.14760529 0.07869865 -0.07893619
v -0.16290288 0.07298682 -0.06864020
v -0.16644131 0.06895224 -0.05822561
v -0.17098509 0.06523277 -0.04595338
v -0.16786531 0.06907024 -0.05779961
v -0.16724531 0.06896524 -0.05781861
v -0.17324353 0.06509138 -0.03630030
v -0.17621692 0.06531912 -0.02550389
v -0.17469766 0.06621757 -0.03615615
v -0.17406166 0.06534857 -0.03602315
v -0.17835146 0.06843861 -0.01139470
v -0.17986743 0.07227369 0.00349384
v -0.17969347 0.06852306 -0.01129046
v -0.17892946 0.06876061 -0.01162370
v -0.18029249 0.08126681 0.02079587
v -0.17985931 0.09212721 0.03912039
v -0.18136049 0.08172781 0.02149287
v -0.18078949 0.08154881 0.02160287
v -0.17904917 0.10304944 0.05341653
v -0.17792700 0.11622939 0.06666098
v -0.18052172 0.10386235 0.05369281
v -0.17976772 0.10344035 0.05411581
v -0.17312405 0.13403715 0.07592558
v -0.16885836 0.15510538 0.07863102
v -0.17529642 0.13394674 0.07512013
v -0.17438642 0.13369774 0.07560913
v -0.16337692 0.17429147 0.07762235
v -0.15907235 0.19462833 0.07205115
v -0.16533911 0.17482839 0.07658508
v -0.16461064 0.17400993 0.07717777
v -0.15548838 0.21311839 0.06418200
v -0.15689609 0.23138013 0.05446379
v -0.15760981 0.21342456 0.06265492
v -0.15649738 0.21300939 0.06381900
v -0.15744453 0.24992357 0.04600801
v -0.15986482 0.26911040 0.03385273
v -0.15968374 0.25126234 0.04433651
v -0.15853553 0.25067457 0.04494901
v -0.15973683 0.28548422 0.01909053
v -0.16119104 0.29665594 -0.00080209
v -0.16185271 0.28584028 0.01717871
v -0.16088983 0.28579022 0.01805653
v -0.15811534 0.30112144 -0.02254269
v -0.15591391 0.29543004 -0.04388458
v -0.16014239 0.30008783 -0.02491813
v -0.15916839 0.30038383 -0.02346713
v -0.15082338 0.28343816 -0.06303071
v -0.14811213 0.26710808 -0.07799919
v -0.15291496 0.28196122 -0.06375454
v -0.15190896 0.28216522 -0.06371054
v -0.14250617 0.25029601 -0.08981453
v -0.14462693 0.24866596 -0.09025808
v -0.14388900 0.24990362 -0.08968136
v -0.14794768 0.28477294 0.02768133
v -0.14417891 0.26854200 0.04211747
v -0.14113931 0.28514197 0.02964086
v -0.14526973 0.29769589 0.01103396
v -0.14484225 0.28482567 0.02884807
v -0.14628011 0.30459350 -0.01365940
v -0.14345188 0.30478765 -0.01277104
v -0.14528108 0.24889543 0.05262380
v -0.14185797 0.23103370 0.06234269
v -0.13944991 0.24963408 0.05367876
v -0.14239607 0.24874133 0.05392278
v -0.13558267 0.23161041 0.06336157
v -0.12957698 0.24863721 0.05556424
v -0.13670192 0.26903590 0.04404374
v -0.13561413 0.24987179 0.05488599
v -0.13765606 0.28501500 0.03071385
v -0.14472039 0.21288673 0.07082657
v -0.14458870 0.19102943 0.08093223
v -0.14006542 0.21260604 0.07203244
v -0.14297525 0.21215000 0.07178623
v -0.13620587 0.18745977 0.08353613
v -0.13618216 0.21182792 0.07315826
v -0.15115075 0.16917160 0.08515975
v -0.15110309 0.14777876 0.08864133
v -0.14607497 0.16648934 0.08737064
v -0.14860953 0.16861992 0.08609470
v -0.14443603 0.14372337 0.09063030
v -0.14113860 0.16507715 0.08867696
v -0.16111311 0.12969643 0.08274899
v -0.16399425 0.11108084 0.07435579
v -0.15604392 0.12613234 0.08473167
v -0.15821049 0.12820492 0.08414441
v -0.15859681 0.10617878 0.07638498
v -0.14788622 0.12125969 0.08714168
v -0.15238667 0.12352699 0.08556391
v -0.16571569 0.09486486 0.06087441
v -0.16326358 0.07848707 0.04645309
v -0.16001474 0.08830264 0.06178730
v -0.16302588 0.09166541 0.06119203
v -0.15590579 0.06472317 0.04738318
v -0.15032572 0.06669717 0.06270394
v -0.14929429 0.09198301 0.07868229
v -0.15566848 0.07924778 0.06228875
v -0.13589258 0.09845780 0.09097033
v -0.14219590 0.11138492 0.08853487
v -0.14756371 0.03062053 0.05080392
v -0.14114971 0.02191366 0.06923305
v -0.13743499 0.05727823 0.07779909
v -0.14427522 0.04696692 0.06224602
v -0.12306754 0.05019339 0.09170730
v -0.13072171 0.07504702 0.09138276
v -0.14298362 -0.03682265 0.05829510
v -0.13563568 -0.07148378 0.07462515
v -0.12735326 -0.00890305 0.09043965
v -0.13637674 -0.02178916 0.07391127
v -0.11188379 -0.04751057 0.10530112
v -0.11626773 0.00632962 0.10442761
v -0.14599880 -0.15436879 0.06111814
v -0.13735063 -0.21747862 0.07974998
v -0.12504101 -0.13550863 0.09282740
v -0.13739335 -0.14490033 0.07683475
v -0.10827505 -0.20458740 0.10817540
v -0.09280821 -0.11069628 0.11910568
v -0.10985434 -0.12267222 0.10710334
v -0.13080633 -0.30234096 0.10021615
v -0.11615642 -0.36447219 0.11762692
v -0.09207746 -0.27772780 0.12125699
v -0.11354610 -0.29167627 0.11347677
v -0.07626308 -0.34915965 0.13659942
v -0.04616263 -0.25687544 0.13344493
v -0.07039139 -0.18398397 0.12985698
v -0.06926047 -0.26933854 0.12735877
v -0.04907353 -0.07978039 0.13682659
v -0.07105165 -0.09537428 0.12956267
v -0.02711189 -0.34138712 0.14500312
v 0.00053906 -0.25211929 0.13924609
v -0.02206670 -0.17053151 0.14254333
v -0.02213125 -0.25115322 0.13738663
v 0.00142476 -0.07193807 0.14422311
v -0.02302133 -0.07542211 0.14232117
v -0.05547543 -0.42299335 0.14343187
v -0.03125623 -0.50381461 0.15199256
v 0.00112228 -0.41582307 0.14724132
v -0.03180539 -0.41927068 0.14582884
v -0.05357320 -0.58629722 0.15409452
v -0.02724695 -0.66251706 0.16198620
v 0.00090430 -0.58306653 0.16050507
v -0.02881153 -0.58355389 0.15787101
v -0.05078727 -0.74119652 0.16336497
v -0.02688552 -0.81176395 0.17013142
v -0.00332272 -0.73720927 0.16952852
v -0.02642445 -0.73989176 0.16612516
v -0.04883947 -0.88520473 0.17131592
v -0.02719036 -0.94751279 0.17248562
v -0.00258601 -0.88542637 0.17384418
v -0.02740607 -0.88546413 0.17350224
v -0.04321516 -0.98065949 0.17577810
v 0.00106842 -0.97743323 0.17759752
v -0.02364219 -0.98108109 0.17729966
v -0.07490832 -0.82292015 0.16520001
v -0.09250558 -0.89738657 0.16423623
v -0.07045244 -0.95322197 0.16871136
v -0.07237534 -0.88951223 0.16827520
v -0.08655333 -0.98683555 0.16858801
v -0.06350411 -1.01490315 0.17453586
v -0.06673335 -0.98510947 0.17261622
v -0.10936365 -0.95997704 0.15947681
v -0.12545694 -0.99557891 0.15561061
v -0.10664916 -1.02384796 0.16446814
v -0.10657938 -0.99071095 0.16287583
v -0.12479930 -1.04489784 0.15767586
v -0.10217084 -1.04983735 0.16570474
v -0.08038844 -1.03714907 0.17189545
v -0.10441016 -1.04097676 0.16576059
v -0.05435799 -1.05039230 0.17669501
v -0.05975415 -1.03789843 0.17569574
v -0.14123803 -1.03326420 0.14961054
v -0.15243819 -1.04360625 0.14320700
v -0.13830174 -1.04907810 0.15165565
v -0.13910138 -1.04443310 0.15105235
v -0.17408866 -1.02880825 0.12644380
v -0.19097764 -1.03902472 0.11109966
v -0.17237479 -1.04783559 0.12934963
v -0.17295069 -1.04106052 0.12846418
v -0.20393278 -1.03068959 0.09226916
v -0.21616941 -1.04375037 0.07194508
v -0.20499544 -1.04742508 0.09356591
v -0.20513321 -1.04096178 0.09255481
v -0.22334897 -1.04323768 0.04492016
v -0.22877890 -1.05151628 0.01659853
v -0.22523008 -1.04930223 0.04656597
v -0.22473029 -1.04520334 0.04655317
v -0.22766795 -1.04433410 -0.01249202
v -0.22177404 -1.05017119 -0.04246622
v -0.22850113 -1.05383006 -0.01357865
v -0.22820784 -1.05098590 -0.01368619
v -0.20961627 -1.04126350 -0.06892756
v -0.19317705 -1.04834822 -0.09374838
v -0.21039793 -1.05321793 -0.06887060
v -0.21001254 -1.04925845 -0.06905242
v -0.17375163 -1.03900147 -0.11365533
v -0.14910629 -1.04880829 -0.13380612
v -0.17273645 -1.05392152 -0.11527955
v -0.17283603 -1.04828257 -0.11505068
v -0.12546594 -1.04006294 -0.14806472
v -0.09862808 -1.05057450 -0.16142512
v -0.12422725 -1.05493462 -0.14949333
v -0.12431980 -1.05004049 -0.14930375
v -0.07277706 -1.03986202 -0.16911335
v -0.07105391 -1.05624196 -0.17066396
v -0.07118687 -1.05029889 -0.17036402
v -0.10164398 -1.01158250 -0.15759383
v -0.08008439 -0.98060083 -0.16260485
v -0.04945117 -1.00852293 -0.17192120
v -0.07613761 -1.01025642 -0.16612393
v -0.15263325 -1.01377841 -0.12941665
v -0.13131995 -0.98531754 -0.14100693
v -0.12817269 -1.01168423 -0.14492048
v -0.15459130 -0.94220656 -0.12087891
v -0.13295668 -0.88504073 -0.13108938
v -0.10690994 -0.93249269 -0.14890621
v -0.13220831 -0.93922906 -0.13597712
v -0.19388011 -1.01394012 -0.08998424
v -0.17539322 -0.98952481 -0.10762280
v -0.17544080 -1.01254682 -0.11008184
v -0.19200317 -0.94809692 -0.08386949
v -0.17414774 -0.89715526 -0.09867859
v -0.17536283 -0.94541642 -0.10291776
v -0.18707404 -0.83235453 -0.07823746
v -0.16547722 -0.74956507 -0.09401565
v -0.15262882 -0.82317199 -0.11286553
v -0.17119612 -0.82795803 -0.09668342
v -0.20813138 -0.99339361 -0.06439658
v -0.21549386 -0.95269135 -0.03858586
v -0.20222748 -0.90345484 -0.06144574
v -0.20559641 -0.95041290 -0.06248934
v -0.20790792 -0.83564310 -0.03949543
v -0.19291062 -0.75477843 -0.06102574
v -0.19880821 -0.83235955 -0.05989418
v -0.19522195 -0.67216362 -0.04732792
v -0.17888245 -0.57879926 -0.06472677
v -0.17467308 -0.66839023 -0.08087877
v -0.18615458 -0.66835844 -0.06495319
v -0.21676850 -0.90191672 -0.01762419
v -0.21489864 -0.83269737 0.00385511
v -0.20801571 -0.75311718 -0.02286180
v -0.21318275 -0.83444877 -0.01874906
v -0.20315307 -0.66448372 -0.00929665
v -0.19285236 -0.57851216 -0.03214071
v -0.20069042 -0.66653475 -0.02883937
v -0.19027031 -0.49574297 -0.01852872
v -0.17868215 -0.41265084 -0.03508220
v -0.18162180 -0.49794670 -0.05210085
v -0.18706870 -0.49311404 -0.03578343
v -0.20879556 -0.74362286 0.01710038
v -0.19873973 -0.65810115 0.02956633
v -0.19652475 -0.57391375 0.00519409
v -0.20242608 -0.66168758 0.00953473
v -0.18930059 -0.48985166 0.01540421
v -0.18267392 -0.40919695 -0.00479184
v -0.19049089 -0.48880917 -0.00214722
v -0.17526446 -0.33329006 0.00986859
v -0.16909333 -0.25494337 -0.00797854
v -0.17399827 -0.33757273 -0.01993108
v -0.17556205 -0.33644255 -0.00564358
v -0.19024640 -0.56613991 0.04015041
v -0.18016989 -0.48132729 0.04925889
v -0.17823585 -0.40072224 0.02740120
v -0.18569575 -0.48521546 0.03190897
v -0.16963089 -0.32988637 0.04106453
v -0.16741552 -0.24738973 0.02027850
v -0.17332556 -0.33151771 0.02564701
v -0.15562571 -0.17263538 0.02995172
v -0.15815398 -0.12000505 0.01006509
v -0.16181895 -0.19029821 0.00079441
v -0.15880792 -0.17913511 0.01518442
v -0.16629055 -0.39676020 0.06054448
v -0.15455266 -0.31790661 0.07112244
v -0.15737320 -0.23277585 0.04976681
v -0.16318199 -0.32227402 0.05573141
v -0.14940254 -0.09581411 0.04013202
v -0.15139489 -0.16322038 0.04499078
v -0.17490404 -0.55456100 0.07430470
v -0.16198023 -0.46662214 0.08172287
v -0.17240754 -0.47274572 0.06548134
v -0.15074435 -0.54429668 0.10497072
v -0.13572015 -0.45236416 0.10990299
v -0.14613963 -0.37965138 0.09068552
v -0.15031083 -0.46122230 0.09619517
v -0.14371184 -0.30767841 0.08600699
v -0.16407852 -0.63297082 0.09664873
v -0.15147047 -0.70205287 0.11924677
v -0.13488046 -0.61684465 0.12427999
v -0.15082341 -0.62656839 0.11109740
v -0.11736570 -0.68766236 0.14054591
v -0.09788297 -0.59897466 0.14270198
v -0.11821160 -0.52363371 0.12829246
v -0.11786978 -0.60938954 0.13434796
v -0.10046982 -0.43570359 0.13050068
v -0.11933472 -0.44371245 0.12117709
v -0.07436773 -0.67577524 0.15473425
v -0.07771916 -0.51071205 0.14351820
v -0.07632501 -0.59428301 0.14942027
v -0.07953381 -0.42873348 0.13797178
v -0.13365841 -0.77214171 0.13857761
v -0.11608992 -0.83861566 0.15365706
v -0.09480905 -0.75906033 0.15470318
v -0.11621601 -0.76489055 0.14721619
v -0.07326797 -0.75106842 0.15984763
v -0.16696005 -0.78671619 0.11480750
v -0.15251991 -0.85180555 0.13362737
v -0.15183730 -0.78133181 0.12696635
v -0.16443318 -0.91683481 0.12755200
v -0.14523793 -0.96496252 0.14374955
v -0.12915494 -0.90979811 0.15105913
v -0.14843186 -0.91253807 0.14013993
v -0.11248989 -0.90179461 0.15801654
v -0.18127762 -0.86590755 0.10539575
v -0.19195925 -0.92524083 0.09599683
v -0.17830726 -0.97031082 0.11765924
v -0.17956691 -0.91988452 0.11220073
v -0.19205101 -1.00338089 0.10503382
v -0.15975706 -1.00041291 0.13595684
v -0.17674269 -1.00149426 0.12195374
v -0.14266359 -0.99550647 0.14711329
v -0.20263844 -0.87982305 0.07056314
v -0.21193552 -0.93913293 0.05636970
v -0.20358684 -0.97876775 0.08320083
v -0.20313726 -0.93089858 0.07702357
v -0.21454918 -1.01183551 0.06596470
v -0.20412650 -1.00647542 0.08700782
v -0.21599002 -0.89544712 0.02868842
v -0.22146204 -0.95098443 0.01060371
v -0.22067751 -0.99108741 0.03869989
v -0.21815228 -0.94385875 0.03470252
v -0.22669551 -1.01864714 0.01495719
v -0.22226426 -1.01460461 0.04150167
v -0.22407196 -0.99472195 -0.01323215
v -0.22056238 -0.95204600 -0.01539309
v -0.22017928 -1.01722656 -0.04127558
v -0.22629006 -1.01693381 -0.01254620
v -0.20858664 -0.81973492 0.04501768
v -0.21320572 -0.82663755 0.02405082
v -0.19159445 -0.80451111 0.08310191
v -0.19689259 -0.73071649 0.05491260
v -0.20151412 -0.81259590 0.06404559
v -0.18506698 -0.64396092 0.06458028
v -0.19302576 -0.64983016 0.04685119
v -0.17814262 -0.71732712 0.08934569
v -0.18086867 -0.79609412 0.09878113
v -0.17506560 -0.63888868 0.08165515
v -0.15628261 -0.09698606 -0.00561325
v -0.15250249 -0.05008807 -0.01992499
v -0.15300596 -0.09612546 -0.03179421
v -0.15717868 -0.13222568 -0.01588551
v -0.15456798 -0.09355553 -0.01911700
v -0.16064047 -0.19226116 -0.02595966
v -0.16157489 -0.18888347 -0.01312374
v -0.15127735 -0.06936711 0.02338549
v -0.15318754 -0.03582593 0.00759982
v -0.15347794 -0.08308937 0.00850422
v -0.15263621 0.00471351 0.01957322
v -0.15481607 0.02455523 -0.00130307
v -0.15279187 -0.01663047 -0.00818525
v -0.15302904 -0.00387868 0.00450794
v -0.14943104 -0.00573110 0.03832201
v -0.14826278 -0.05134029 0.04060343
v -0.15366130 0.04593862 0.02896275
v -0.15143389 0.02225088 0.03365034
v -0.15502662 0.03124474 -0.01757072
v -0.15537869 0.04661051 -0.03103539
v -0.15236181 0.02733589 -0.04013413
v -0.15291397 0.01152199 -0.02559979
v -0.15379734 0.03022968 -0.02921435
v -0.14982874 -0.01951000 -0.03287874
v -0.15152213 -0.01815636 -0.02139682
v -0.15634640 0.04724774 0.01087378
v -0.15948941 0.05591438 -0.00655030
v -0.15614587 0.04220759 -0.00417286
v -0.16226409 0.06129199 0.00909206
v -0.16406281 0.06216781 -0.00856028
v -0.15869539 0.05055029 -0.02008900
v -0.16152750 0.05882689 -0.00746624
v -0.16198205 0.06958353 0.02669736
v -0.15769500 0.06022065 0.02745589
v -0.16728676 0.07587946 0.02449390
v -0.16458980 0.07279358 0.02498641
v -0.16315837 0.05545095 -0.02096458
v -0.16326720 0.05656995 -0.03338588
v -0.15853193 0.05212105 -0.04267116
v -0.15905838 0.05252091 -0.03221573
v -0.16118187 0.05463425 -0.03288237
v -0.15458997 0.04732174 -0.04199119
v -0.15681129 0.04914995 -0.03159386
v -0.16707486 0.06631818 0.00695660
v -0.16842127 0.06517243 -0.00964023
v -0.16610289 0.06361224 -0.00935957
v -0.15712390 0.06325566 -0.05687304
v -0.15347384 0.05833679 -0.05591006
v -0.15549230 0.06092188 -0.05618939
v -0.14626883 0.05687012 -0.06594310
v -0.15044054 0.05147207 -0.05433883
v -0.15166851 0.05512856 -0.05508180
v -0.13823576 0.06503927 -0.07827696
v -0.13940718 0.06926374 -0.07869560
v -0.12847049 0.06046075 -0.08602019
v -0.13612549 0.03565910 -0.07436902
v -0.14371592 0.03850809 -0.06415722
v -0.13707706 0.05365154 -0.07600599
v -0.14799579 0.01977997 -0.05168186
v -0.14891196 0.03746576 -0.05294096
v -0.12701395 0.01763302 -0.08035921
v -0.13420834 -0.01873374 -0.06607919
v -0.14109463 -0.00416845 -0.05801274
v -0.13551003 0.01159902 -0.07075211
v -0.14681511 -0.03825072 -0.04442994
v -0.14604208 -0.00810493 -0.04584079
v -0.12595541 -0.06166400 -0.07395234
v -0.13919670 -0.11365052 -0.06522395
v -0.14159104 -0.07940567 -0.05488397
v -0.13403417 -0.06716806 -0.06487058
v -0.15184487 -0.12407857 -0.04182838
v -0.14766681 -0.08504009 -0.04323094
v -0.13463776 -0.17862623 -0.07185575
v -0.15149331 -0.24528431 -0.06083427
v -0.15108043 -0.18392209 -0.05076271
v -0.14344172 -0.17875896 -0.06196997
v -0.16389388 -0.24863486 -0.03549123
v -0.15627237 -0.18473848 -0.03854967
v -0.14952735 -0.33092376 -0.07346181
v -0.16537653 -0.41538044 -0.06319902
v -0.16511757 -0.33552579 -0.04762583
v -0.15796953 -0.33159702 -0.06124116
v -0.17021086 -0.33312115 -0.03374791
v -0.13120104 -0.24464669 -0.08211829
v -0.12418545 -0.32655349 -0.09821222
v -0.14235864 -0.41467095 -0.08751321
v -0.13765154 -0.32829781 -0.08651591
v -0.13443175 -0.49382785 -0.10626024
v -0.15320246 -0.57523445 -0.09452751
v -0.16373482 -0.49542724 -0.08056931
v -0.14952753 -0.49252956 -0.09441715
v -0.17384918 -0.49720113 -0.06718839
v -0.11077074 -0.41227958 -0.10937785
v -0.09560285 -0.48688876 -0.12691925
v -0.11706943 -0.56970118 -0.11981105
v -0.11605739 -0.49032671 -0.11737618
v -0.09872165 -0.65673784 -0.13570346
v -0.12435857 -0.73820219 -0.12351253
v -0.14206730 -0.66186683 -0.11018624
v -0.12060955 -0.65967026 -0.12413485
v -0.16028276 -0.66774087 -0.09558374
v -0.07416794 -0.56391820 -0.13785016
v -0.05088031 -0.64758008 -0.14990990
v -0.07641711 -0.73059210 -0.14435498
v -0.07424599 -0.65030752 -0.14531238
v -0.05417732 -0.80238972 -0.15483885
v -0.08236518 -0.87629252 -0.15356129
v -0.10542235 -0.80994704 -0.13991420
v -0.08045258 -0.80723281 -0.14891148
v -0.13007748 -0.81403352 -0.12763436
v -0.02639895 -0.72789975 -0.15410485
v 0.00275314 -0.80396999 -0.15863899
v -0.02729099 -0.87173755 -0.16320754
v -0.02721519 -0.80129432 -0.15802059
v 0.00255910 -0.92612120 -0.16752456
v -0.02648991 -0.97559773 -0.17198600
v -0.05502738 -0.92970906 -0.16476971
v -0.02819584 -0.92537982 -0.16808536
v -0.08106657 -0.93196941 -0.15864368
v 0.00073978 -1.00715599 -0.17485443
v -0.02486784 -1.00670867 -0.17466890
v -0.02542134 -0.56035392 -0.14646143
v 0.00289778 -0.64575096 -0.15176358
v -0.02700042 -0.64684173 -0.15294739
v -0.04858407 -0.47984231 -0.14022820
v -0.02233411 -0.39705509 -0.13231745
v 0.00038234 -0.47812786 -0.14350635
v -0.02406056 -0.48068702 -0.14361952
v -0.04585224 -0.30924828 -0.12851251
v -0.02057190 -0.22757684 -0.12238318
v 0.00124224 -0.30838496 -0.13077074
v -0.02270448 -0.30945813 -0.13046072
v -0.04090399 -0.14736242 -0.11277073
v 0.00144128 -0.15061137 -0.11741658
v -0.02080853 -0.15086432 -0.11602756
v -0.06960304 -0.40291519 -0.12608395
v -0.08931983 -0.31558462 -0.11675951
v -0.06483927 -0.23206795 -0.11496942
v -0.06769328 -0.31523004 -0.12427992
v -0.07912418 -0.15394711 -0.10192323
v -0.06056614 -0.15387899 -0.10828966
v -0.10185064 -0.24213468 -0.10088940
v -0.10721612 -0.32040457 -0.10850501
v -0.11090080 -0.16866134 -0.08797858
v -0.09494995 -0.16281810 -0.09588811
v -0.07232421 -0.48382432 -0.13496284
v -0.11982431 -0.10274310 -0.08300830
v -0.12322341 -0.17380896 -0.08063974
v -0.11732051 0.00705452 -0.08433758
v -0.11823842 -0.04237629 -0.08087650
v -0.11809915 0.06748153 -0.09406660
v -0.11785267 0.03900144 -0.08960122
v -0.12001074 0.08165535 -0.09618286
v -0.16816379 0.08420551 0.04426375
v -0.17153874 0.07892319 0.02321596
v -0.16963798 0.07790289 0.02384642
v -0.20921236 -1.01558194 -0.06659451
v -0.17012545 0.09901860 0.05838673
v -0.16790016 0.09733147 0.05944648
v -0.10687201 0.25773625 -0.09163637
v -0.11250147 0.25650154 -0.09145814
v -0.10390927 0.29285327 -0.05678105
v -0.10566110 0.27911793 -0.07535120
v -0.10799961 0.29262403 -0.05805176
v -0.09931774 0.26321798 -0.08840862
v -0.10245561 0.26069604 -0.09004248
v -0.10250945 0.30063573 -0.03030614
v -0.10101624 0.29315662 -0.05532632
v -0.10024926 0.28026614 -0.07396996
v -0.10206237 0.29285064 -0.05601628
v -0.09723700 0.26625139 -0.08649616
v -0.09790265 0.26426402 -0.08768461
v -0.10059309 0.29827437 -0.00269142
v -0.10197991 0.29893734 -0.00382517
v -0.11975941 0.24703178 0.05487776
v -0.04897502 0.18315814 -0.12145288
v -0.04932194 0.17416583 -0.12108344
v 0.11760566 0.18451591 0.08832027
v 0.13378172 0.21465124 0.07159342
v 0.12408604 0.23347877 0.06167835
v 0.10789456 0.20906333 0.07804222
v 0.12127261 0.21174789 0.07498187
v 0.10283205 0.23369552 0.06260692
v 0.08811278 0.21879855 0.07515456
v 0.08947512 0.18971101 0.08901312
v 0.09475844 0.21481831 0.07657638
v 0.11563750 0.14913151 0.09731607
v 0.13355530 0.13248683 0.09444012
v 0.13720776 0.16693603 0.08882956
v 0.12670053 0.15912637 0.09289266
v 0.05886558 0.18999077 0.09326252
v 0.06278809 0.14831371 0.10793196
v 0.08882032 0.15496575 0.10132696
v 0.07473148 0.17154169 0.09846564
v 0.09777856 0.09177713 0.11193413
v 0.11768875 0.09201531 0.10367271
v 0.10582792 0.12492489 0.10441575
v 0.06043132 0.08184798 -0.11158179
v 0.03931855 0.11838298 -0.11833763
v 0.05091319 0.15851582 -0.12122267
v 0.07005440 0.12719977 -0.11605680
v 0.05463509 0.12368196 -0.11786723
v 0.09573819 0.05076689 -0.10189849
v 0.10942720 -0.03256143 -0.09090492
v 0.09814537 -0.08884947 -0.09820667
v 0.08120701 0.01405714 -0.10260782
v 0.09596679 -0.00937190 -0.09709576
v 0.06367918 -0.07203933 -0.10774192
v 0.04267157 0.01350253 -0.10809126
v 0.06272083 0.01419503 -0.10590203
v 0.07513491 0.18732502 -0.11727612
v 0.08978154 0.18247077 -0.11488348
v 0.08315930 0.12594241 -0.11433030
v 0.08034362 0.15224548 -0.11648965
v 0.10068662 0.12325086 -0.11144189
v 0.10824351 0.05780660 -0.09906944
v 0.09620870 0.09040414 -0.10703507
v 0.03489376 0.09907606 0.12619787
v 0.01084353 0.14948698 0.11362364
v 0.02347198 0.01879914 0.14087004
v 0.01760065 0.09347842 0.13007362
v 0.06472902 0.08463361 0.12297566
v 0.03168529 0.16538018 0.10585250
v 0.04666390 0.12560412 0.11755495
v 0.07784401 -0.01099808 0.12878530
v 0.10281954 0.02352699 0.11152966
v 0.08444124 0.04831375 0.11517857
v 0.09036862 0.22515182 -0.10684303
v 0.09749359 0.23987064 -0.10100938
v 0.10228684 0.20254849 -0.11049773
v 0.09558145 0.21465512 -0.10895103
v 0.10632121 0.23260532 -0.10275915
v 0.11243119 0.20401757 -0.10950188
v 0.10171589 0.16527572 -0.11468803
v 0.10712394 0.20310814 -0.11013825
v 0.11114500 0.14029902 -0.11208134
v 0.10962252 0.09951907 -0.10499746
v 0.10598277 0.13201127 -0.11186769
v 0.08301398 0.21062300 -0.11189068
v 0.06406080 0.17770638 -0.11907104
v 0.07421421 0.20077169 -0.11586193
v 0.07387783 0.19596115 -0.11638551
v 0.08887605 0.23103603 -0.10522589
v 0.09397292 0.24629288 -0.09812728
v 0.08961760 0.22879864 -0.10565814
v 0.01771845 0.16717519 0.10549075
v 0.00673215 0.17459636 0.10326335
v 0.00843861 0.16698722 0.10618493
v 0.00674013 -1.05500074 0.17973750
v 0.02632797 -1.04187501 0.17842851
v 0.01390290 -1.01422240 0.17816198
v 0.01144190 -1.03964693 0.17934856
v 0.01749014 0.17568956 -0.12464724
v 0.03606246 0.16654385 -0.12300336
v 0.01789683 0.15133614 -0.12377836
v 0.01793159 0.16677870 -0.12447707
v 0.02431415 -1.03525290 -0.17708795
v 0.04428281 -1.05188699 -0.17660901
v 0.02100719 -1.05624220 -0.17940627
v 0.02290033 -1.04872239 -0.17869057
v 0.04041220 0.18174160 0.09833037
v 0.02279908 0.18096665 0.09986619
v 0.02577218 0.17678650 0.10137567
v 0.13640559 0.17613573 -0.11152406
v 0.13613697 0.20465903 -0.10753366
v 0.13937869 0.22628632 -0.10066499
v 0.13823946 0.20297094 -0.10759123
v 0.13731046 0.20308994 -0.10769123
v 0.13654627 0.14636709 -0.11123746
v 0.13803617 0.12093089 -0.10652320
v 0.13429674 0.14796273 -0.11146412
v 0.13578827 0.14643409 -0.11133346
v 0.02011765 0.08033182 -0.11427986
v 0.01912148 0.11885061 -0.11932162
v 0.02234453 -0.06286689 -0.11314344
v 0.02189748 0.01677952 -0.10920780
v 0.05205600 0.19430359 0.09174574
v 0.07336419 0.20493099 0.08441047
v 0.05439822 0.19322021 0.09206719
v 0.09372940 0.23573230 0.06220292
v 0.08437770 0.22027409 0.07443390
v 0.08553470 0.21984409 0.07470190
v 0.09812904 0.24689302 0.05263232
v 0.09751219 0.26008121 0.04125043
v 0.09458767 0.24678692 0.05293092
v 0.09566511 0.24641834 0.05312899
v 0.11200380 0.24713982 0.05233188
v 0.10535224 0.26305786 0.03960439
v 0.10352465 0.24662762 0.05255092
v 0.10102079 0.27299233 0.03040439
v 0.10058824 0.28641506 0.01790633
v 0.09787328 0.27130134 0.03112480
v 0.09891708 0.27203441 0.03062371
v 0.11449610 0.27890077 0.03040025
v 0.10768770 0.29044585 0.01589739
v 0.10601758 0.27598561 0.02985096
v 0.12465469 0.26767945 0.04146697
v 0.13527752 0.28192882 0.02826574
v 0.12629389 0.29438627 0.01371257
v 0.12487772 0.28109580 0.03041842
v 0.11515231 0.30286773 -0.00908346
v 0.10672389 0.30117446 -0.03393142
v 0.10370533 0.29993854 -0.00527093
v 0.10837203 0.30156035 -0.00752651
v 0.13383320 0.30315932 -0.01216556
v 0.12280790 0.30156720 -0.03540866
v 0.12478574 0.30351752 -0.00999462
v 0.14054894 0.29483667 0.00976902
v 0.14177370 0.30251151 -0.01483270
v 0.13433513 0.30064164 -0.03715987
v 0.13800785 0.30288686 -0.01349428
v 0.12663569 0.28866258 -0.06149829
v 0.11653721 0.27410320 -0.07816638
v 0.11304049 0.29099337 -0.05941720
v 0.12010748 0.29014916 -0.06003956
v 0.13269143 0.28751331 -0.06231533
v 0.12506005 0.27193190 -0.07870705
v 0.12975881 0.28807018 -0.06171213
v 0.14070811 0.29959288 -0.03872490
v 0.13740743 0.28681957 -0.06220608
v 0.12975642 0.27082178 -0.07842222
v 0.13491853 0.28728302 -0.06169932
v 0.12241859 0.25191539 -0.09152539
v 0.11457349 0.23017043 -0.10225333
v 0.11743298 0.25245858 -0.09197409
v 0.11959723 0.25221626 -0.09167306
v 0.12669757 0.25181439 -0.09096199
v 0.11955683 0.22907741 -0.10167738
v 0.12402722 0.25179706 -0.09120708
v 0.11704359 0.20401877 -0.10865161
v 0.11281631 0.17378029 -0.11300827
v 0.11500719 0.20410591 -0.10910615
v 0.12128035 0.20424397 -0.10814709
v 0.11671919 0.17433190 -0.11220305
v 0.11874459 0.20403977 -0.10846261
v 0.11461979 0.14381737 -0.11152112
v 0.11565900 0.11516778 -0.10616172
v 0.11276679 0.14298737 -0.11205312
v 0.11868176 0.14629554 -0.11131094
v 0.11920729 0.11856996 -0.10596260
v 0.11693164 0.14464403 -0.11128740
v 0.12694825 0.09828344 -0.09783344
v 0.13243395 0.07659522 -0.08950712
v 0.12320692 0.09244536 -0.09843646
v 0.12504898 0.09611410 -0.09806793
v 0.13035603 0.10105539 -0.09790976
v 0.13536969 0.08142332 -0.08955597
v 0.12810299 0.10007736 -0.09804475
v 0.12389767 0.12051147 -0.10617656
v 0.13559323 0.10215801 -0.09809369
v 0.14016830 0.08540990 -0.08930444
v 0.13295355 0.10187197 -0.09787686
v 0.14730216 0.07709609 -0.07946900
v 0.15171471 0.06145082 -0.06871509
v 0.14340668 0.07348727 -0.07977047
v 0.14530399 0.07511595 -0.07962000
v 0.15108170 0.07949296 -0.07946286
v 0.15538739 0.06672387 -0.06900626
v 0.14925809 0.07800466 -0.07941481
v 0.17087860 0.06844159 -0.05843536
v 0.17415010 0.06511363 -0.04660939
v 0.16957960 0.06850134 -0.05852109
v 0.16543457 0.07254555 -0.06900150
v 0.17032912 0.06886115 -0.05834665
v 0.17741054 0.06655755 -0.03713328
v 0.17845740 0.06665120 -0.02677238
v 0.17591479 0.06488699 -0.03725505
v 0.17649379 0.06594399 -0.03754305
v 0.18196393 0.07118167 -0.01271335
v 0.18239223 0.07481868 0.00201073
v 0.18079705 0.07037925 -0.01270581
v 0.18136305 0.07069525 -0.01297981
v 0.18395062 0.08451850 0.01977354
v 0.18156269 0.09450710 0.03740852
v 0.18253403 0.08412244 0.01964106
v 0.18337662 0.08434350 0.01988754
v 0.18126000 0.10615102 0.05191484
v 0.17808096 0.11957329 0.06410960
v 0.17985529 0.10516615 0.05172439
v 0.18054029 0.10558315 0.05111539
v 0.17582748 0.13835887 0.07281688
v 0.17065919 0.15838467 0.07665766
v 0.17397970 0.13730821 0.07307202
v 0.17446659 0.13815656 0.07317855
v 0.16723556 0.17938480 0.07470767
v 0.16137840 0.19865349 0.06991730
v 0.16543457 0.17855117 0.07572629
v 0.16643806 0.17820057 0.07524035
v 0.16054475 0.21596146 0.06037810
v 0.16003385 0.23202930 0.05152184
v 0.15825101 0.21616671 0.06175982
v 0.15932475 0.21505546 0.06130210
v 0.16197478 0.24979568 0.04024986
v 0.16176144 0.26590751 0.02942025
v 0.15984610 0.24875864 0.04192335
v 0.16105678 0.24908368 0.04117686
v 0.16408340 0.28165402 0.01372552
v 0.16334433 0.29225023 -0.00316482
v 0.16194337 0.28148840 0.01547155
v 0.16312940 0.28135702 0.01463252
v 0.16199026 0.29734436 -0.02676644
v 0.15700543 0.29348854 -0.04597074
v 0.15994277 0.29837324 -0.02452971
v 0.16102626 0.29764236 -0.02530744
v 0.15298260 0.27981744 -0.06515591
v 0.14759271 0.26488824 -0.07931877
v 0.15097171 0.28130328 -0.06462118
v 0.15197960 0.28001444 -0.06511391
v 0.14409028 0.24629007 -0.09102070
v 0.14201940 0.24795280 -0.09070014
v 0.14326228 0.24741707 -0.09056070
v 0.14746713 0.29397527 0.00791076
v 0.14449082 0.28166783 0.02545117
v 0.14671392 0.26667269 0.03745541
v 0.15053491 0.28112280 0.02372936
v 0.14723419 0.28150599 0.02464978
v 0.14797195 0.30146264 -0.01621109
v 0.14493925 0.30202956 -0.01555266
v 0.14259354 0.24950175 0.05001761
v 0.14520075 0.23271860 0.05897764
v 0.14825931 0.24832761 0.04877730
v 0.14495423 0.24893527 0.04972673
v 0.13971670 0.26712804 0.03947024
v 0.13286819 0.24911935 0.05204512
v 0.13811129 0.23394223 0.06016571
v 0.13846209 0.24990163 0.05069896
v 0.14026772 0.28217409 0.02668847
v 0.14207176 0.21626275 0.06952133
v 0.14633304 0.19525169 0.07849872
v 0.14689511 0.21649310 0.06826981
v 0.14511854 0.21552171 0.06929553
v 0.13901499 0.19202522 0.08103753
v 0.13827539 0.21545886 0.07063090
v 0.14742416 0.17059190 0.08526392
v 0.15227453 0.15093565 0.08655611
v 0.15253020 0.17350673 0.08292116
v 0.15021616 0.17276080 0.08422514
v 0.14572913 0.14626089 0.08883933
v 0.14259068 0.16895072 0.08681840
v 0.15766107 0.12795179 0.08308982
v 0.16453829 0.11176620 0.07301798
v 0.16201443 0.13227550 0.08056680
v 0.16034620 0.13009058 0.08117294
v 0.14964275 0.12230402 0.08612765
v 0.15954044 0.10615838 0.07547893
v 0.15388925 0.12477070 0.08434467
v 0.16078437 0.08755938 0.06069718
v 0.16507464 0.07774398 0.04472969
v 0.16753389 0.09529950 0.05818394
v 0.16411988 0.09147785 0.06006615
v 0.15063264 0.09111576 0.07818391
v 0.14939951 0.06311155 0.06202807
v 0.15699465 0.06241303 0.04622944
v 0.15545142 0.07644751 0.06130181
v 0.13783643 0.09756615 0.09184940
v 0.14406405 0.11161364 0.08846955
v 0.13601264 0.05517012 0.07727226
v 0.14281898 0.01885450 0.06736926
v 0.14889981 0.02723474 0.05000799
v 0.14387210 0.04449230 0.06158765
v 0.12108432 0.04873902 0.09083580
v 0.13123010 0.07273126 0.09212090
v 0.13137721 -0.01230352 0.09026589
v 0.13960196 -0.07839871 0.07653738
v 0.14791315 -0.04112403 0.05866027
v 0.14131462 -0.02580520 0.07419481
v 0.11467590 -0.05282828 0.10749877
v 0.11923564 0.00480388 0.10361564
v 0.12579715 -0.13801943 0.09393601
v 0.13803330 -0.21964867 0.07959359
v 0.14699212 -0.15804777 0.06142932
v 0.13844333 -0.14786009 0.07812708
v 0.09404984 -0.11215526 0.11933150
v 0.10712930 -0.20331052 0.10666567
v 0.11038216 -0.12457533 0.10824126
v 0.09199786 -0.27494883 0.12486612
v 0.11559909 -0.36338816 0.11778757
v 0.13164946 -0.29938008 0.10315317
v 0.11406517 -0.28876039 0.11675124
v 0.07259374 -0.18345512 0.12857823
v 0.04753381 -0.25475215 0.13472981
v 0.07386226 -0.34898968 0.13937305
v 0.06906041 -0.26676885 0.13081722
v 0.05058246 -0.08132190 0.13765399
v 0.07255950 -0.09703729 0.12996004
v 0.02544520 -0.17042937 0.14237222
v 0.02228422 -0.34096537 0.14836314
v 0.02523520 -0.25038149 0.13830312
v 0.02520941 -0.07632728 0.14248161
v 0.02631139 -0.50401384 0.15310192
v 0.05068919 -0.42277569 0.14486637
v 0.02688465 -0.41997438 0.14722404
v 0.02280740 -0.66319660 0.16452697
v 0.04915264 -0.58697308 0.15690216
v 0.02512808 -0.58448171 0.15974708
v 0.02480998 -0.81530366 0.17209625
v 0.04670869 -0.74254414 0.16710457
v 0.02270428 -0.74092876 0.16943355
v 0.01889118 -0.95086793 0.17418811
v 0.04198591 -0.88837968 0.17170701
v 0.02008050 -0.88430815 0.17316724
v 0.03715094 -0.97906315 0.17752537
v 0.01802437 -0.97928896 0.17861059
v 0.06177957 -0.95681012 0.16986291
v 0.08669358 -0.89735031 0.16417513
v 0.07059381 -0.82633371 0.16612781
v 0.06616423 -0.89301313 0.16860204
v 0.05508441 -1.01908150 0.17445563
v 0.08186834 -0.98368495 0.17122061
v 0.06129020 -0.98132878 0.17487583
v 0.10241480 -1.02436954 0.16768831
v 0.12128119 -0.99532065 0.15968357
v 0.10179348 -0.96392263 0.16038479
v 0.10298486 -0.99034545 0.16613039
v 0.07220723 -1.04228732 0.17284264
v 0.09388963 -1.05337582 0.16830755
v 0.11912610 -1.04936222 0.16066945
v 0.09753328 -1.04669094 0.16730211
v 0.04533890 -1.05535248 0.17718971
v 0.04958560 -1.04282740 0.17630516
v 0.13351119 -1.05309742 0.15409807
v 0.14889729 -1.04699038 0.14563368
v 0.13642042 -1.03769451 0.15192355
v 0.13456137 -1.04759908 0.15339670
v 0.17026207 -1.05045088 0.13152766
v 0.19029838 -1.04018365 0.11270081
v 0.17112196 -1.03087048 0.12935638
v 0.17091296 -1.04337234 0.13062737
v 0.20566103 -1.04744203 0.09491243
v 0.21841961 -1.04297690 0.07361674
v 0.20508045 -1.03037593 0.09352782
v 0.20602259 -1.04085444 0.09380498
v 0.22858654 -1.04870419 0.04894455
v 0.22968716 -1.05412495 0.01939697
v 0.22438240 -1.04554108 0.04483965
v 0.22829754 -1.04460519 0.04893555
v 0.22953102 -1.05640855 -0.01079920
v 0.22308378 -1.05297142 -0.03980204
v 0.22901672 -1.04702881 -0.00988685
v 0.22945048 -1.05367155 -0.00985858
v 0.21160142 -1.05570503 -0.06740987
v 0.19472765 -1.05074044 -0.09354241
v 0.21112878 -1.04397995 -0.06693555
v 0.21149796 -1.05186722 -0.06729946
v 0.17449746 -1.05589684 -0.11617536
v 0.15076979 -1.05129824 -0.13469436
v 0.17531922 -1.04149931 -0.11449635
v 0.17447878 -1.05119208 -0.11605801
v 0.12589481 -1.05633816 -0.15018651
v 0.09874192 -1.05184891 -0.16239250
v 0.12722451 -1.04183107 -0.14872404
v 0.12589418 -1.05084436 -0.14997054
v 0.07103410 -1.05743871 -0.17141138
v 0.07451406 -1.04121428 -0.16935792
v 0.07284540 -1.05150830 -0.17075155
v 0.05071976 -1.01046445 -0.17141579
v 0.08112250 -0.98268068 -0.16164305
v 0.10304307 -1.01370335 -0.15766188
v 0.07730344 -1.01230285 -0.16589177
v 0.13130878 -0.98766917 -0.14166880
v 0.15421089 -1.01641816 -0.13008655
v 0.12956679 -1.01398874 -0.14546785
v 0.10660199 -0.93758142 -0.14874462
v 0.13230932 -0.88720181 -0.13234201
v 0.15554951 -0.94438217 -0.12107323
v 0.13201245 -0.94123005 -0.13666979
v 0.17655659 -0.99461241 -0.10733161
v 0.19515097 -1.01696332 -0.08868185
v 0.17590715 -1.01733842 -0.11131665
v 0.17433815 -0.89943285 -0.10014602
v 0.19266034 -0.95370260 -0.08298655
v 0.17628849 -0.94783484 -0.10240871
v 0.15350167 -0.82557089 -0.11353901
v 0.16773962 -0.75141834 -0.09535134
v 0.18789986 -0.83518846 -0.07827356
v 0.17231129 -0.83065165 -0.09675066
v 0.20354335 -0.90628305 -0.05932596
v 0.21660231 -0.95553595 -0.03551348
v 0.20925410 -0.99611521 -0.06163472
v 0.20644626 -0.95329213 -0.06013009
v 0.19526192 -0.75728959 -0.05897863
v 0.21000438 -0.83877683 -0.03579828
v 0.20072556 -0.83538543 -0.05729283
v 0.17579313 -0.66871517 -0.08087706
v 0.18168939 -0.58236013 -0.06261691
v 0.19659871 -0.67271518 -0.04444573
v 0.18742609 -0.66874429 -0.06352745
v 0.21027145 -0.75555305 -0.01877786
v 0.21720186 -0.83559401 0.00722741
v 0.21858608 -0.90480576 -0.01394736
v 0.21537827 -0.83751937 -0.01474733
v 0.19679011 -0.57818978 -0.02697550
v 0.20511051 -0.66946853 -0.00510125
v 0.20238485 -0.67150356 -0.02483884
v 0.18454927 -0.49801181 -0.04787561
v 0.18291793 -0.41291385 -0.03195070
v 0.19413793 -0.49609506 -0.01378288
v 0.19064643 -0.49775994 -0.03095431
v 0.20044228 -0.57456374 0.00914634
v 0.20155251 -0.65868247 0.03125897
v 0.21176790 -0.74589493 0.02054580
v 0.20454397 -0.66225305 0.01321014
v 0.18805800 -0.40962943 -0.00056194
v 0.19335117 -0.48652298 0.01737439
v 0.19476067 -0.48939099 0.00138345
v 0.17898841 -0.33825419 -0.01805831
v 0.17213071 -0.25434841 -0.00998914
v 0.18020235 -0.33268837 0.01033076
v 0.18053153 -0.33665885 -0.00350854
v 0.18347855 -0.40190326 0.02957500
v 0.18326861 -0.48121442 0.05049368
v 0.19335481 -0.56670648 0.04322988
v 0.18951370 -0.48524588 0.03434797
v 0.17008572 -0.24503734 0.01876842
v 0.17367507 -0.32765820 0.04167531
v 0.17801621 -0.32979401 0.02552701
v 0.16349543 -0.19529602 -0.00149477
v 0.16095106 -0.12742260 0.01005392
v 0.15755810 -0.17700758 0.02851621
v 0.16131758 -0.18755344 0.01352671
v 0.15915270 -0.23036116 0.04869654
v 0.15788682 -0.31574888 0.07301522
v 0.17050299 -0.39658854 0.06143729
v 0.16675373 -0.32021959 0.05759967
v 0.15413849 -0.10050453 0.04125818
v 0.15251390 -0.16705320 0.04450168
v 0.16295431 -0.46608606 0.08109868
v 0.17690022 -0.55480641 0.07441056
v 0.17426785 -0.47247407 0.06606811
v 0.14842940 -0.37962747 0.09246397
v 0.13287155 -0.45133480 0.10994625
v 0.15035783 -0.54389282 0.10529809
v 0.14927917 -0.46040272 0.09607632
v 0.14557124 -0.30513618 0.08907535
v 0.13241621 -0.61843517 0.12629503
v 0.15321754 -0.70368900 0.12015143
v 0.16490703 -0.63413914 0.09742333
v 0.14996161 -0.62814050 0.11235121
v 0.11504325 -0.52341782 0.12976612
v 0.09445475 -0.59990029 0.14564889
v 0.11633765 -0.68919964 0.14304660
v 0.11453551 -0.61072816 0.13694661
v 0.09528860 -0.43494370 0.13115356
v 0.11535072 -0.44261835 0.12108062
v 0.07209603 -0.51093246 0.14600390
v 0.07100787 -0.67223883 0.15795048
v 0.07225320 -0.59523532 0.15265491
v 0.07496132 -0.42799691 0.13879572
v 0.09287035 -0.75690936 0.15799054
v 0.11263423 -0.84242633 0.15334919
v 0.13505208 -0.77495368 0.13913256
v 0.11526759 -0.76766850 0.14963351
v 0.07020166 -0.74845155 0.16358920
v 0.15064184 -0.85565766 0.13145795
v 0.16800113 -0.79005823 0.11254301
v 0.15318597 -0.78563529 0.12666406
v 0.12488873 -0.91018137 0.15018539
v 0.13973698 -0.96891495 0.14302092
v 0.16282257 -0.92042849 0.12498156
v 0.14512050 -0.91296016 0.13828916
v 0.10625533 -0.90554518 0.15811542
v 0.17553296 -0.97373093 0.11520247
v 0.19267746 -0.92819217 0.09315529
v 0.18097559 -0.86861221 0.10322923
v 0.17918193 -0.92323944 0.10927356
v 0.15480204 -1.00355103 0.13497847
v 0.19024960 -1.00590967 0.10245200
v 0.17338528 -1.00429510 0.11986238
v 0.14087775 -0.99505908 0.14995408
v 0.20356180 -0.98162044 0.08088037
v 0.21386915 -0.94163165 0.05571119
v 0.20443193 -0.88264549 0.06923712
v 0.20421239 -0.93658056 0.07598604
v 0.21482460 -1.01411207 0.06467416
v 0.20364394 -1.00887345 0.08454979
v 0.22182148 -0.99354049 0.03908587
v 0.22301858 -0.95355104 0.01263010
v 0.21806015 -0.89801852 0.03031074
v 0.22004846 -0.94921313 0.03514811
v 0.22759174 -1.02120619 0.01771145
v 0.22324247 -1.01708853 0.04153346
v 0.22521136 -0.99716455 -0.01019563
v 0.22198287 -0.95476087 -0.01124252
v 0.22140736 -1.01986206 -0.03814484
v 0.22741608 -1.01954249 -0.00962427
v 0.21078034 -0.82238668 0.04596655
v 0.21559237 -0.82938541 0.02637894
v 0.20058574 -0.73296692 0.05656986
v 0.19388343 -0.80726652 0.08120077
v 0.20380728 -0.81520225 0.06342425
v 0.18784830 -0.64853477 0.06596381
v 0.19598900 -0.65432003 0.04886456
v 0.18175645 -0.71871147 0.08946778
v 0.18195578 -0.79884462 0.09723751
v 0.17725818 -0.63949696 0.08243582
v 0.16000265 -0.14107264 -0.01700035
v 0.15846509 -0.10597093 -0.03254134
v 0.15681034 -0.05841933 -0.02049415
v 0.16101463 -0.10247043 -0.00677908
v 0.16030641 -0.10331602 -0.01997317
v 0.16220759 -0.20095704 -0.02881745
v 0.16347644 -0.19825346 -0.01548538
v 0.15751924 -0.04105389 0.00688354
v 0.15753958 -0.07378431 0.02388374
v 0.15980092 -0.08858307 0.00857670
v 0.15669953 -0.02304269 -0.01071220
v 0.15748277 0.02104980 -0.00335354
v 0.15758649 0.00031799 0.01768041
v 0.15719939 -0.01115516 0.00310140
v 0.15442334 -0.01057452 0.03701633
v 0.15346760 -0.05538018 0.04114093
v 0.15554047 0.04275173 0.02862769
v 0.15408186 0.01882335 0.03198265
v 0.15765646 0.00508173 -0.02802730
v 0.15472757 0.02277045 -0.04132601
v 0.15717033 0.04375473 -0.03237011
v 0.15735110 0.02843535 -0.01885598
v 0.15600669 0.02771214 -0.03036854
v 0.15368780 -0.02754368 -0.03480928
v 0.15531330 -0.02363868 -0.02330313
v 0.16143486 0.05388777 -0.00758201
v 0.15804255 0.04463005 0.01009185
v 0.15775030 0.03971784 -0.00522391
v 0.16061278 0.04939434 -0.02143983
v 0.16632714 0.06251473 -0.01002605
v 0.16475468 0.06027758 0.00788234
v 0.16369985 0.05852242 -0.00896491
v 0.16512349 0.06908272 0.02528246
v 0.16037667 0.05822557 0.02676062
v 0.17044629 0.07766851 0.02271790
v 0.16774557 0.07299344 0.02361920
v 0.16114835 0.05159192 -0.03361419
v 0.16043153 0.05079712 -0.04426689
v 0.16530569 0.05579268 -0.03497370
v 0.16523990 0.05462469 -0.02253876
v 0.16321272 0.05364377 -0.03447341
v 0.15603044 0.04418260 -0.04323466
v 0.15875371 0.04791756 -0.03293476
v 0.17075865 0.06723972 -0.01126121
v 0.16998888 0.06655463 0.00632654
v 0.16861098 0.06485650 -0.01108043
v 0.15538895 0.05717434 -0.05773956
v 0.15974463 0.06221971 -0.05814972
v 0.15773753 0.05988642 -0.05776088
v 0.15182863 0.04891314 -0.05662477
v 0.14799807 0.05580768 -0.06807965
v 0.15336492 0.05383153 -0.05708144
v 0.13974897 0.06424501 -0.08033552
v 0.14085484 0.06841633 -0.08040308
v 0.14508217 0.03607243 -0.06600126
v 0.13727613 0.03254540 -0.07620981
v 0.12983767 0.05833830 -0.08778669
v 0.13827916 0.05011404 -0.07819748
v 0.15147811 0.01416985 -0.05368841
v 0.14988577 0.03362968 -0.05493764
v 0.14479144 -0.00957059 -0.06137004
v 0.13746877 -0.02683190 -0.06915321
v 0.13028699 0.01375324 -0.08312984
v 0.13900911 0.00522552 -0.07337753
v 0.15058782 -0.04680172 -0.04604185
v 0.14981110 -0.01570882 -0.04897567
v 0.14757644 -0.08539612 -0.05684156
v 0.14220677 -0.12575928 -0.06597545
v 0.13053884 -0.06639392 -0.07641009
v 0.13959076 -0.07576776 -0.06705475
v 0.15413751 -0.13651880 -0.04229811
v 0.15374277 -0.09444213 -0.04551181
v 0.15245174 -0.19117938 -0.05401019
v 0.15193834 -0.25239384 -0.06436274
v 0.13632997 -0.18802084 -0.07661541
v 0.14551581 -0.18944197 -0.06535248
v 0.16567727 -0.25468383 -0.03788189
v 0.15795142 -0.19485995 -0.04193560
v 0.16955573 -0.34027053 -0.04644133
v 0.16879996 -0.41474399 -0.06080838
v 0.15088253 -0.33513595 -0.07440110
v 0.16055733 -0.33600331 -0.06184419
v 0.17494184 -0.33773428 -0.03225872
v 0.14422143 -0.41285931 -0.08750780
v 0.12307930 -0.32663145 -0.09906500
v 0.13120233 -0.25075392 -0.08690810
v 0.13746957 -0.32818107 -0.08749002
v 0.16488757 -0.49931543 -0.07964385
v 0.15614529 -0.57887905 -0.09372280
v 0.13450262 -0.49278641 -0.10676777
v 0.15099206 -0.49205930 -0.09350218
v 0.17582851 -0.49707851 -0.06414633
v 0.11859883 -0.56888246 -0.11934831
v 0.09377927 -0.48562648 -0.12711439
v 0.10967303 -0.40960581 -0.11013950
v 0.11569422 -0.48917687 -0.11777251
v 0.14261154 -0.66148874 -0.11133482
v 0.12630560 -0.73902084 -0.12610951
v 0.09745091 -0.65517587 -0.13604152
v 0.12119951 -0.65916124 -0.12490623
v 0.15997015 -0.66763088 -0.09737898
v 0.07750941 -0.73086559 -0.14593120
v 0.05138352 -0.64775102 -0.14902391
v 0.07322413 -0.56369374 -0.13680509
v 0.07450892 -0.64985111 -0.14417252
v 0.10615417 -0.81164122 -0.14036555
v 0.08181424 -0.87775764 -0.15311835
v 0.05505640 -0.80382809 -0.15457785
v 0.08091627 -0.80872947 -0.14892261
v 0.13099044 -0.82005292 -0.12850715
v 0.02874134 -0.87276832 -0.16275902
v 0.02647176 -0.72868696 -0.15483181
v 0.02867826 -0.80272173 -0.15794554
v 0.05459475 -0.93026731 -0.16337903
v 0.02805536 -0.97748365 -0.17092254
v 0.02943806 -0.93037651 -0.16678264
v 0.08172219 -0.93406489 -0.15723854
v 0.02653691 -1.00844894 -0.17426753
v 0.02588810 -0.56049064 -0.14536006
v 0.02779439 -0.64749686 -0.15181284
v 0.02253198 -0.39584015 -0.13205778
v 0.04723668 -0.48052098 -0.13908907
v 0.02426169 -0.47993449 -0.14218010
v 0.02405963 -0.22878984 -0.12338137
v 0.04526351 -0.31283845 -0.12775384
v 0.02386438 -0.31145396 -0.13011658
v 0.04309884 -0.15091694 -0.11551645
v 0.02164346 -0.15307231 -0.11743452
v 0.06695374 -0.23448024 -0.11748953
v 0.08756095 -0.31584185 -0.11753389
v 0.06723013 -0.39997186 -0.12596994
v 0.06724873 -0.31189500 -0.12348553
v 0.08253659 -0.15792341 -0.10694249
v 0.06281015 -0.15740554 -0.11268476
v 0.10295629 -0.24370940 -0.10528929
v 0.10628018 -0.32085089 -0.10956173
v 0.11357450 -0.17231956 -0.09377782
v 0.09931168 -0.16655010 -0.10109235
v 0.07101004 -0.48297507 -0.13405696
v 0.12494724 -0.10955600 -0.08561263
v 0.12551054 -0.18201294 -0.08601825
v 0.12057194 0.00281051 -0.08764372
v 0.12073713 -0.05040984 -0.08432925
v 0.11891869 0.06511141 -0.09570083
v 0.11958547 0.03588408 -0.09136711
v 0.12079249 0.07968156 -0.09706786
v 0.17419560 0.08091328 0.02226610
v 0.17015241 0.08453908 0.04305666
v 0.17236458 0.07961267 0.02293952
v 0.21045525 -1.01843997 -0.06409130
v 0.17132163 0.09991703 0.05704988
v 0.16910364 0.09781272 0.05823780
v 0.10609601 0.25624501 -0.09193412
v 0.11173295 0.25448259 -0.09200365
v 0.10506307 0.27780593 -0.07631239
v 0.10219559 0.29223957 -0.05769347
v 0.10651751 0.29174955 -0.05846775
v 0.09903759 0.26210322 -0.08903421
v 0.10182929 0.25937364 -0.09046602
v 0.09962071 0.27956857 -0.07465187
v 0.09950932 0.29308960 -0.05620715
v 0.10108836 0.30114969 -0.03116553
v 0.10049838 0.29262388 -0.05687021
v 0.09726716 0.26529272 -0.08722908
v 0.09782802 0.26329762 -0.08834850
v 0.10099478 0.29886817 -0.00359163
v 0.10203281 0.29928362 -0.00415575
v 0.12228119 0.24901069 0.05221457
v 0.05017903 0.18271379 -0.12155693
v 0.05040854 0.17304063 -0.12150174
v -0.12784858 0.20668566 -0.10705127
v -0.12557794 0.23143300 -0.10003510
v -0.12261508 0.17845247 -0.11222384
v -0.12467718 0.20643255 -0.10737683
v -0.12441373 0.14769076 -0.11215177
v -0.12128889 0.14726734 -0.11218984
v -0.14333857 0.08835616 -0.08949440
v -0.13881642 0.10325681 -0.09918883
v -0.12901393 0.12203423 -0.10737736
v -0.13692374 0.10311950 -0.09878250
v -0.15633295 0.07124075 -0.06829285
v -0.15297873 0.07999295 -0.07961541
v -0.15142001 0.08023856 -0.07935489
v -0.16252416 0.05754393 -0.04355620
v -0.15988265 0.06795989 -0.05754575
v -0.15842491 0.06568463 -0.05739981
v -0.16717405 0.05942669 -0.02237404
v -0.16688129 0.06196187 -0.03509988
v -0.16537151 0.05961835 -0.03393766
v -0.17131138 0.06960900 0.00657012
v -0.17248712 0.06784628 -0.01053455
v -0.17036262 0.06743152 -0.01069895
v -0.17161863 0.08803019 0.04332305
v -0.17530701 0.08145244 0.02271037
v -0.17357360 0.08074297 0.02277170
v -0.16797543 0.11493785 0.07254111
v -0.17363881 0.10265014 0.05697498
v -0.17146827 0.10079704 0.05846243
v -0.15627813 0.15123400 0.08597977
v -0.16646356 0.13288568 0.08032694
v -0.16332930 0.13193165 0.08177366
v -0.14951871 0.19240552 0.07888955
v -0.15559676 0.17277658 0.08261314
v -0.15384814 0.17119379 0.08373544
v -0.14637822 0.23080910 0.06105597
v -0.14827447 0.21300246 0.06933012
v -0.14698662 0.21246950 0.07021749
v -0.14935796 0.26791708 0.04076832
v -0.14994761 0.24933219 0.05069888
v -0.14800750 0.24916459 0.05189674
v -0.15101431 0.29738360 0.00834304
v -0.15229543 0.28462320 0.02558011
v -0.15073111 0.28463596 0.02667504
v -0.14536107 0.30069839 -0.03750272
v -0.15105930 0.30362759 -0.01605185
v -0.14875652 0.30396068 -0.01516865
v -0.13497289 0.27211894 -0.07699402
v -0.14275470 0.28768602 -0.06021055
v -0.13996725 0.28801900 -0.06063587
v -0.13282450 0.25271852 -0.08946196
v -0.12993036 0.25289264 -0.08999731
v 0.12258863 0.17698383 -0.11152144
v 0.12473148 0.22920992 -0.10111067
v 0.12680321 0.20468570 -0.10756134
v 0.12376720 0.20448315 -0.10784524
v 0.12464164 0.14724035 -0.11096244
v 0.12198384 0.14698824 -0.11116130
v 0.12953105 0.12170666 -0.10619448
v 0.13973654 0.10292102 -0.09847484
v 0.14489578 0.08730630 -0.08961980
v 0.13795923 0.10291401 -0.09815269
v 0.15461112 0.08001511 -0.07996868
v 0.15910472 0.06992470 -0.06886300
v 0.15296643 0.07979450 -0.07974554
v 0.16315181 0.06652887 -0.05812406
v 0.16461485 0.05670947 -0.04509547
v 0.16153085 0.06480718 -0.05822489
v 0.16899945 0.06102407 -0.03624460
v 0.16930400 0.05925550 -0.02388034
v 0.16741801 0.05927833 -0.03540908
v 0.17476336 0.06990059 -0.01186826
v 0.17400027 0.07077232 0.00530065
v 0.17285922 0.06855224 -0.01198568
v 0.17777611 0.08408375 0.02166550
v 0.17376043 0.08897368 0.04189785
v 0.17636111 0.08287975 0.02121350
v 0.17466521 0.10404788 0.05546987
v 0.16844657 0.11625038 0.07084422
v 0.17259745 0.10188334 0.05701882
v 0.16625805 0.13588793 0.07807673
v 0.15740015 0.15486506 0.08373783
v 0.16488861 0.13412041 0.07872021
v 0.15720974 0.17695726 0.08070627
v 0.15127499 0.19664042 0.07657912
v 0.15531696 0.17548542 0.08153778
v 0.15127106 0.21636792 0.06662117
v 0.14911199 0.23223105 0.05767820
v 0.14919252 0.21566995 0.06773383
v 0.15286098 0.24876412 0.04693422
v 0.15171782 0.26563132 0.03614765
v 0.15060161 0.24838907 0.04752263
v 0.15513104 0.28032495 0.02156232
v 0.15289378 0.29397973 0.00523559
v 0.15299236 0.28087548 0.02248918
v 0.15274133 0.30063314 -0.01852619
v 0.14629650 0.29849336 -0.03989023
v 0.15034861 0.30108879 -0.01764172
v 0.14299021 0.28551864 -0.06213632
v 0.13481146 0.26996814 -0.07844249
v 0.14033913 0.28580213 -0.06226650
v 0.13244951 0.25045253 -0.09060402
v 0.12949699 0.25068934 -0.09121253
v -0.13209125 0.20719296 -0.10705313
v -0.13135119 0.23141711 -0.09941721
v -0.12842583 0.17931159 -0.11202867
v -0.13035210 0.20684504 -0.10705859
v -0.12943604 0.14860026 -0.11257119
v -0.12725208 0.14814305 -0.11228350
v -0.16548759 0.06129283 -0.04487926
v -0.16258745 0.06819421 -0.05836528
v -0.16126972 0.06772545 -0.05790225
v -0.17061839 0.06214816 -0.02403399
v -0.16996939 0.06307006 -0.03562463
v -0.16858548 0.06262216 -0.03512113
v -0.17509517 0.07121014 0.00514504
v -0.17546912 0.06872228 -0.01142855
v -0.17411712 0.06839928 -0.01100755
v -0.17512501 0.09022793 0.04262826
v -0.17803240 0.08176055 0.02223650
v -0.17686240 0.08163255 0.02278750
v -0.17159136 0.11643527 0.07167373
v -0.17609219 0.10324270 0.05670675
v -0.17542019 0.10270670 0.05644375
v -0.16120595 0.15320094 0.08388338
v -0.16921970 0.13373209 0.07936932
v -0.16843953 0.13309884 0.07957147
v -0.15294704 0.19446188 0.07687094
v -0.15954643 0.17255808 0.08125860
v -0.15777980 0.17274648 0.08198838
v -0.15036961 0.22969633 0.05960740
v -0.15135668 0.21293429 0.06781873
v -0.15032211 0.21227715 0.06886829
v -0.15345197 0.26836470 0.03901372
v -0.15310331 0.24901001 0.04969963
v -0.15161331 0.24848301 0.05078463
v -0.15495184 0.29679569 0.00633155
v -0.15579236 0.28447810 0.02365831
v -0.15434031 0.28481584 0.02486063
v -0.14919953 0.29927243 -0.03866560
v -0.15395405 0.30263601 -0.01764359
v -0.15274063 0.30321965 -0.01686489
v -0.14018207 0.27190755 -0.07615825
v -0.14624177 0.28648862 -0.06062189
v -0.14474263 0.28702097 -0.06067794
v -0.13724142 0.25269638 -0.08917718
v -0.13510560 0.25278408 -0.08924425
v 0.12795512 0.17771197 -0.11128804
v 0.13055229 0.22885086 -0.10051900
v 0.13089741 0.20518134 -0.10746968
v 0.12922857 0.20487627 -0.10748131
v 0.12946726 0.14820456 -0.11132976
v 0.12738195 0.14772784 -0.11112345
v 0.16603076 0.06744242 -0.05864851
v 0.16792373 0.05988756 -0.04590352
v 0.16464508 0.06704098 -0.05842200
v 0.17232049 0.06263620 -0.03661547
v 0.17276045 0.06247673 -0.02543307
v 0.17083643 0.06276789 -0.03633277
v 0.17797884 0.07039852 -0.01271537
v 0.17777829 0.07326972 0.00471997
v 0.17664184 0.07000552 -0.01232837
v 0.18070754 0.08430450 0.02065768
v 0.17692603 0.09211050 0.04099675
v 0.17956154 0.08412350 0.02121868
v 0.17698984 0.10497887 0.05511774
v 0.17218138 0.11896546 0.06936625
v 0.17636084 0.10441487 0.05480074
v 0.17025706 0.13668185 0.07618900
v 0.16228041 0.15716777 0.08163571
v 0.16850237 0.13649632 0.07696000
v 0.16108116 0.17693834 0.07911555
v 0.15483982 0.19855068 0.07448942
v 0.15929074 0.17696225 0.07982558
v 0.15434741 0.21578987 0.06508123
v 0.15329168 0.23125058 0.05634109
v 0.15270634 0.21537246 0.06631877
v 0.15579470 0.24747692 0.04554599
v 0.15564723 0.26572630 0.03428910
v 0.15486850 0.24840785 0.04608849
v 0.15809262 0.28056919 0.01984202
v 0.15702616 0.29280016 0.00333234
v 0.15648904 0.28070095 0.02061132
v 0.15573316 0.29956568 -0.02003411
v 0.15011727 0.29729498 -0.04113178
v 0.15448756 0.30015179 -0.01936485
v 0.14670192 0.28427835 -0.06240568
v 0.13997692 0.26961625 -0.07764388
v 0.14497046 0.28488196 -0.06264967
v 0.13682008 0.25041576 -0.09029341
v 0.13472330 0.25054153 -0.09043300
v -0.14658191 0.08844111 -0.09014342
v -0.14137731 0.10319653 -0.09949075
v -0.13238538 0.12245316 -0.10784219
v -0.14006042 0.10349181 -0.09921983
v -0.15921217 0.07230887 -0.06856591
v -0.15576043 0.07991510 -0.07962450
v -0.15439627 0.08018388 -0.07979721
v 0.13294176 0.12230933 -0.10654032
v 0.14230138 0.10309655 -0.09874542
v 0.14862356 0.08841249 -0.08964036
v 0.14101938 0.10277055 -0.09875442
v 0.15740975 0.08021884 -0.07980414
v 0.16210879 0.07129509 -0.06893543
v 0.15629975 0.07994084 -0.07975514
v -0.13479479 0.20722386 -0.10694754
v -0.13463194 0.23130737 -0.09931073
v -0.13211829 0.17991912 -0.11207673
v -0.13349879 0.20741586 -0.10690454
v -0.13201727 0.14850350 -0.11263655
v -0.13074004 0.14877026 -0.11256819
v -0.16806052 0.06247034 -0.04537606
v -0.16498762 0.06910605 -0.05838464
v -0.16399745 0.06910621 -0.05809328
v -0.17344988 0.06296247 -0.02461316
v -0.17208889 0.06401262 -0.03600964
v -0.17125239 0.06388406 -0.03543263
v -0.17767065 0.07123390 0.00494618
v -0.17751064 0.06832894 -0.01169630
v -0.17682964 0.06831494 -0.01109930
v -0.17761653 0.09110137 0.04055928
v -0.17980749 0.08124881 0.02189887
v -0.17920549 0.08140081 0.02266987
v -0.17456665 0.11664361 0.06943715
v -0.17828817 0.10315544 0.05472653
v -0.17710578 0.10341080 0.05568149
v -0.16510214 0.15307274 0.08169954
v -0.17243678 0.13331913 0.07709230
v -0.17078687 0.13364614 0.07809459
v -0.15601833 0.19363276 0.07526840
v -0.16233528 0.17328068 0.07878860
v -0.16062662 0.17352784 0.08009834
v -0.15263097 0.22960118 0.05777398
v -0.15387783 0.21295900 0.06578287
v -0.15269588 0.21224572 0.06702102
v -0.15604230 0.26729583 0.03697003
v -0.15573300 0.24985757 0.04738627
v -0.15466300 0.24905857 0.04858727
v -0.15753822 0.29612264 0.00422151
v -0.15823216 0.28448372 0.02126241
v -0.15724998 0.28464339 0.02265382
v -0.15213270 0.29772226 -0.04017783
v -0.15642813 0.30150211 -0.02029381
v -0.15532405 0.30207371 -0.01936266
v -0.14364735 0.27046162 -0.07654896
v -0.14892830 0.28449945 -0.06191353
v -0.14772978 0.28565673 -0.06126643
v -0.14047499 0.25199553 -0.08901194
v -0.13872674 0.25235683 -0.08911673
v 0.13150165 0.17837966 -0.11128869
v 0.13413428 0.22863081 -0.10025652
v 0.13358490 0.20521040 -0.10739078
v 0.13246341 0.20516534 -0.10746268
v 0.13207026 0.14844556 -0.11129576
v 0.13078126 0.14842156 -0.11131876
v 0.16828991 0.06830949 -0.05864545
v 0.17100794 0.06228154 -0.04630935
v 0.16734491 0.06791149 -0.05845645
v 0.17458348 0.06458761 -0.03709281
v 0.17552581 0.06428068 -0.02592665
v 0.17374548 0.06379061 -0.03660181
v 0.17984443 0.07061571 -0.01263344
v 0.18028737 0.07345758 0.00354432
v 0.17907884 0.07072852 -0.01248437
v 0.18210054 0.08445650 0.02005868
v 0.17940728 0.09313899 0.03940260
v 0.18151754 0.08459650 0.02090368
v 0.17867177 0.10527320 0.05306137
v 0.17524812 0.11948704 0.06716778
v 0.17833938 0.10525954 0.05390963
v 0.17272185 0.13744737 0.07458715
v 0.16599862 0.15752195 0.07934465
v 0.17115380 0.13735498 0.07570363
v 0.16403264 0.17776941 0.07705323
v 0.15804769 0.19778541 0.07295626
v 0.16222637 0.17800551 0.07802129
v 0.15653001 0.21521471 0.06315882
v 0.15582263 0.23083854 0.05481849
v 0.15574554 0.21519744 0.06441703
v 0.15859010 0.24789464 0.04327935
v 0.15821312 0.26428153 0.03270310
v 0.15713470 0.24817592 0.04439199
v 0.16040709 0.28068642 0.01742717
v 0.15962399 0.29257865 0.00156445
v 0.15931109 0.28022342 0.01854017
v 0.15831077 0.29831724 -0.02245671
v 0.15313678 0.29578212 -0.04244870
v 0.15702616 0.29939668 -0.02164511
v 0.14902768 0.28233787 -0.06353939
v 0.14325610 0.26826028 -0.07818975
v 0.14788264 0.28351340 -0.06302645
v 0.14000415 0.24967952 -0.09004155
v 0.13824961 0.25005036 -0.09012366
v -0.14955726 0.08893227 -0.08993176
v -0.14334431 0.10326953 -0.09955675
v -0.13466422 0.12225357 -0.10771677
v -0.14232031 0.10314453 -0.09943975
v -0.16138466 0.07291882 -0.06843805
v -0.15716043 0.07951210 -0.07965650
v -0.15649743 0.07973310 -0.07963450
v 0.13556536 0.12218301 -0.10678324
v 0.14430342 0.10281772 -0.09905226
v 0.15087770 0.08876813 -0.08986456
v 0.14324538 0.10307655 -0.09871242
v 0.15857912 0.07990707 -0.07991561
v 0.16388334 0.07209853 -0.06923632
v 0.15791712 0.08010707 -0.07988661
v -0.13756146 0.23056424 -0.09948705
v -0.13459424 0.17946744 -0.11211163
v -0.13610314 0.20694332 -0.10693371
v -0.13315327 0.14834650 -0.11256655
v -0.16971413 0.06437584 -0.04581030
v -0.16581962 0.06943705 -0.05805864
v -0.17492080 0.06393888 -0.02527974
v -0.17278753 0.06453038 -0.03599530
v -0.17901743 0.07152369 0.00429084
v -0.17797446 0.06818861 -0.01179270
v -0.17848936 0.09146945 0.04028822
v -0.18005049 0.08103781 0.02129287
v -0.17627027 0.11652415 0.06742478
v -0.17869117 0.10299644 0.05397353
v -0.16717079 0.15371363 0.07993785
v -0.17310105 0.13293215 0.07637658
v -0.15770869 0.19387979 0.07338620
v -0.16256192 0.17428347 0.07818635
v -0.15500098 0.23125765 0.05572750
v -0.15469084 0.21234515 0.06514256
v -0.15800515 0.26865864 0.03492041
v -0.15640358 0.24913632 0.04670575
v -0.15945534 0.29665360 0.00129608
v -0.15901916 0.28510172 0.02011541
v -0.15409314 0.29682041 -0.04210082
v -0.15733213 0.30157411 -0.02134781
v -0.14585833 0.26894491 -0.07735547
v -0.14998930 0.28434345 -0.06224253
v -0.14124417 0.25062701 -0.08952853
v 0.13396300 0.17799711 -0.11124114
v 0.13676419 0.22816570 -0.10025889
v 0.13495397 0.20489403 -0.10725866
v 0.13316274 0.14810173 -0.11130112
v 0.17280884 0.06323072 -0.04657327
v 0.16905360 0.06822734 -0.05842809
v 0.17717108 0.06505462 -0.02657979
v 0.17517122 0.06476214 -0.03754764
v 0.18159223 0.07404868 0.00281173
v 0.18043693 0.07045267 -0.01285435
v 0.18057669 0.09350610 0.03873352
v 0.18235403 0.08407244 0.02008306
v 0.17670534 0.11934942 0.06520802
v 0.17948929 0.10510215 0.05228239
v 0.16851828 0.15851965 0.07751741
v 0.17328370 0.13706921 0.07389002
v 0.15988815 0.19793203 0.07121625
v 0.16429257 0.17844417 0.07642629
v 0.15811328 0.23162501 0.05257171
v 0.15739801 0.21619671 0.06208982
v 0.16004644 0.26530951 0.03071325
v 0.15928410 0.24876964 0.04215535
v 0.16159041 0.29302070 -0.00112976
v 0.16127637 0.28089040 0.01653155
v 0.15517372 0.29487684 -0.04432477
v 0.15921677 0.29839324 -0.02351171
v 0.14544349 0.26654285 -0.07859397
v 0.15008668 0.28219287 -0.06386239
v 0.14079874 0.24834751 -0.09073115
v -0.15142077 0.08879603 -0.09022602
v -0.14459852 0.10240681 -0.09959031
v -0.14421120 0.10255900 -0.09980051
v -0.15840922 0.07905175 -0.07980754
v -0.15787543 0.07944910 -0.07962850
v 0.14589342 0.10272372 -0.09892026
v 0.15272678 0.08891682 -0.09008712
v 0.14516742 0.10271672 -0.09901026
v 0.16004191 0.07947882 -0.08001232
v 0.15936491 0.07940682 -0.08006832
v -0.10582286 0.18949933 0.08744574
v -0.11379113 0.20581157 0.07883318
v -0.11968044 0.19338542 0.08391444
v -0.10939440 0.17829774 0.09140255
v -0.11096389 0.19131430 0.08620452
v -0.10887425 0.21737856 0.07283109
v -0.11633777 0.22980943 0.06422920
v -0.12097637 0.21875739 0.07078756
v -0.11486036 0.21799866 0.07184795
v -0.12638188 0.23102878 0.06380834
v -0.13123162 0.22148167 0.06868383
v -0.12490308 0.20858203 0.07606970
v -0.12572847 0.22047792 0.06980791
v -0.13166996 0.19798000 0.07995243
v -0.12348889 0.18293665 0.08751141
v -0.12528915 0.19643839 0.08165214
v -0.09503647 0.18081440 0.09216130
v -0.09137670 0.20084024 0.08470198
v -0.09973939 0.20922384 0.07932967
v -0.09842877 0.19499969 0.08623522
v -0.08230056 0.19481636 0.08899441
v -0.08131849 0.20754791 0.08341607
v -0.08982726 0.21377676 0.07847959
v -0.08656304 0.20489543 0.08374743
v -0.09251632 0.22412399 0.07143963
v -0.09866975 0.23191261 0.06456763
v -0.09822530 0.22129207 0.07225770
v -0.09516931 0.22257453 0.07180676
v -0.10610380 0.23018707 0.06470134
v -0.10368921 0.21975144 0.07211266
v -0.12158851 0.16757729 0.09234374
v -0.11986965 0.15207430 0.09551096
v -0.10860291 0.16062356 0.09567198
v -0.11411962 0.16468759 0.09391565
v -0.13300496 0.17408430 0.08826351
v -0.12968371 0.15945967 0.09224022
v -0.12691893 0.17080458 0.09060940
v -0.13670154 0.15268759 0.09171237
v -0.13503788 0.13659094 0.09336330
v -0.12855555 0.14383149 0.09452460
v -0.13253463 0.14862852 0.09313728
v -0.12665706 0.12593877 0.09662117
v -0.11851181 0.13441345 0.09773676
v -0.12422184 0.13971846 0.09612616
v -0.09357537 0.16532174 0.09717015
v -0.07894792 0.16237905 0.10056276
v -0.08063634 0.17962663 0.09525570
v -0.08744788 0.17142290 0.09656382
v -0.08124711 0.13907217 0.10604080
v -0.06935306 0.13595690 0.10949081
v -0.06675274 0.16039080 0.10333086
v -0.07373845 0.15006273 0.10473924
v -0.05409359 0.16000151 0.10524084
v -0.05072031 0.18203611 0.09813288
v -0.06491310 0.18073185 0.09716751
v -0.05928069 0.17048954 0.10135093
v -0.06746374 0.19453680 0.09154826
v -0.07281003 0.18782014 0.09329219
v -0.10824012 0.13772938 0.09984969
v -0.09528111 0.13941107 0.10298018
v -0.10160187 0.15062921 0.09930960
v -0.11994807 0.10678252 0.09946333
v -0.11116468 0.10955954 0.10283853
v -0.11548126 0.12396267 0.09973653
v -0.11357860 0.07968093 0.10372770
v -0.10398584 0.07959716 0.10862562
v -0.10030512 0.10980653 0.10690992
v -0.10697599 0.09453455 0.10596706
v -0.08762942 0.10969002 0.11072104
v -0.09064718 0.12476363 0.10726723
v -0.07246442 0.11058169 -0.11180236
v -0.06197412 0.12625084 -0.11565151
v -0.05618246 0.10576163 -0.11297077
v -0.06767943 0.08484347 -0.10869492
v -0.06449060 0.10724783 -0.11220333
v -0.06612232 0.14695099 -0.11769990
v -0.05748204 0.16150343 -0.11948748
v -0.05253027 0.14158307 -0.11793089
v -0.05924658 0.14396116 -0.11813197
v -0.04295555 0.15713554 -0.12092865
v -0.03800971 0.13499486 -0.11859077
v -0.04595583 0.12072460 -0.11622660
v -0.04441091 0.13918940 -0.11855154
v -0.03923700 0.10040434 -0.11396718
v -0.04938574 0.08176922 -0.11070790
v -0.04706019 0.10279676 -0.11356545
v -0.07758727 0.05316899 -0.10355150
v -0.08664572 0.00490423 -0.09705378
v -0.09379688 0.02630427 -0.09741137
v -0.08550824 0.06584693 -0.10353874
v -0.08596335 0.03797817 -0.10052184
v -0.07955920 -0.02679792 -0.09896088
v -0.08588705 -0.07787514 -0.09831678
v -0.09464144 -0.04280889 -0.09395757
v -0.08694651 -0.03435579 -0.09679953
v -0.10091759 -0.09075209 -0.09290224
v -0.10647583 -0.06408728 -0.08800050
v -0.10031264 -0.01625117 -0.09082247
v -0.10137280 -0.05207838 -0.09110984
v -0.10653429 0.00136811 -0.08904264
v -0.10074578 0.04123010 -0.09690475
v -0.10065406 0.01405156 -0.09334314
v -0.05887427 0.05237754 -0.10648282
v -0.07025039 0.01764266 -0.10228562
v -0.06948710 0.05189108 -0.10479293
v -0.03927052 0.04869754 -0.10828520
v -0.05092553 0.01462846 -0.10543318
v -0.04916264 0.05055841 -0.10746345
v -0.04073802 -0.02166326 -0.10706116
v -0.05326365 -0.06670321 -0.10707997
v -0.06117793 -0.02346103 -0.10363895
v -0.05113747 -0.02244537 -0.10548900
v -0.07116018 -0.06967492 -0.10292978
v -0.07053683 -0.02481059 -0.10146541
v -0.07904224 0.11032614 -0.11138901
v -0.07890987 0.14108767 -0.11659121
v -0.07250727 0.14245112 -0.11686833
v -0.07511100 0.12637692 -0.11500339
v -0.08554944 0.14394288 -0.11627174
v -0.09092864 0.17223805 -0.11579207
v -0.08345184 0.16889599 -0.11659832
v -0.08376991 0.15544046 -0.11670148
v -0.08514493 0.19773600 -0.11431185
v -0.07730184 0.19785370 -0.11592650
v -0.07688358 0.16938090 -0.11743026
v -0.08189308 0.18478035 -0.11622014
v -0.07032315 0.17612149 -0.11839287
v -0.07188821 0.15839050 -0.11784260
v -0.09405792 0.07229085 -0.10279868
v -0.08777549 0.10945988 -0.11029919
v -0.08666394 0.09001105 -0.10669653
v -0.10734198 0.04394728 -0.09495118
v -0.10149173 0.07547863 -0.10165340
v -0.10150113 0.05980263 -0.09895776
v -0.10724363 0.07482811 -0.09987406
v -0.10348057 0.10734198 -0.10769540
v -0.09636635 0.10948804 -0.10983973
v -0.10222715 0.09188564 -0.10425807
v -0.09445077 0.14057169 -0.11505865
v -0.08972301 0.12519863 -0.11366855
v -0.03665915 0.02184676 0.13870741
v -0.02052546 0.05874210 0.13616718
v -0.02692218 0.09693733 0.12731580
v -0.04399855 0.06600463 0.12920389
v -0.03129225 0.06157750 0.13350399
v -0.01140516 0.01817889 0.14271649
v 0.00009784 0.05814868 0.13793466
v -0.00803633 0.09534905 0.13022006
v -0.00917596 0.06033252 0.13726624
v -0.00003839 0.12328316 0.12312843
v -0.00516194 0.15130391 0.11287622
v -0.01397975 0.12371390 0.12222200
v -0.00697931 0.12215571 0.12319766
v -0.01586762 0.14964198 0.11275066
v -0.02952084 0.12454200 0.11942088
v -0.02157437 0.12332190 0.12124024
v -0.04142981 0.11473995 0.12034802
v -0.05727333 0.10538836 0.11907639
v -0.05926749 0.05992752 0.12611407
v -0.04970176 0.08792682 0.12433870
v -0.02560341 0.15961923 0.10838163
v -0.03937711 0.14507465 0.11184249
v -0.03381836 0.13730163 0.11518089
v -0.03856434 0.16818761 0.10435883
v -0.05419982 0.13830915 0.11153056
v -0.04657335 0.15264493 0.10852577
v -0.07318883 0.10526138 0.11552497
v -0.06236799 0.12253248 0.11422844
v -0.07860262 0.06800418 0.11957415
v -0.08070853 0.02110876 0.12628462
v -0.06418576 0.00575791 0.13202829
v -0.07097506 0.04302598 0.12389508
v -0.09266586 0.07410361 0.11385981
v -0.08409815 0.09031062 0.11507480
v -0.10589376 0.04884956 0.10516654
v -0.09394605 0.03995514 0.11272193
v -0.09965384 0.05854078 0.11019708
v -0.09873972 -0.00614953 0.11645139
v -0.08593297 -0.02455694 0.12375438
v -0.09010418 0.00653015 0.12170455
v -0.09894337 0.18177711 -0.11419995
v -0.09830368 0.21077598 -0.10993956
v -0.09249931 0.20163188 -0.11238093
v -0.09612294 0.19169869 -0.11340039
v -0.10213407 0.22149135 -0.10674031
v -0.09990465 0.23767889 -0.10194594
v -0.09705713 0.22881452 -0.10523461
v -0.09909915 0.22470488 -0.10636774
v -0.09664306 0.24301773 -0.10016160
v -0.09316324 0.23532008 -0.10349632
v -0.09262308 0.22185841 -0.10797714
v -0.09430486 0.23194847 -0.10460007
v -0.08741139 0.21706152 -0.11024888
v -0.08905007 0.20989622 -0.11150466
v -0.09482887 0.16403285 -0.11618089
v -0.10625496 0.18538932 -0.11346968
v -0.10424942 0.20444332 -0.11052012
v -0.10235589 0.18362993 -0.11395597
v -0.10483427 0.16952902 -0.11514129
v -0.11193270 0.18933844 -0.11258281
v -0.10995184 0.20430001 -0.11017307
v -0.10925221 0.18747913 -0.11309706
v -0.11313124 0.21953153 -0.10591546
v -0.11066096 0.23287092 -0.10226510
v -0.10808834 0.22000784 -0.10635166
v -0.11043718 0.22046483 -0.10607796
v -0.10466514 0.23459824 -0.10249280
v -0.10486893 0.22123855 -0.10656825
v -0.10184312 0.12891225 -0.11298590
v -0.10156496 0.14813184 -0.11494894
v -0.09740045 0.14438512 -0.11498998
v -0.10835847 0.09388375 -0.10349794
v -0.10781587 0.11957071 -0.10993299
v -0.10584937 0.11407017 -0.10929216
v -0.11041575 0.10882844 -0.10630392
v -0.11131883 0.12829937 -0.11095704
v -0.10714214 0.13727203 -0.11336850
v -0.10994601 0.12417794 -0.11064671
v -0.10909086 0.15665153 -0.11463635
v -0.10547360 0.15335272 -0.11497458
v -0.07804000 0.20950223 -0.11416388
v -0.07264419 0.20015213 -0.11652978
v -0.07758639 0.20510415 -0.11468461
v -0.08234752 0.21463350 -0.11186920
v -0.07781588 0.20726110 -0.11441359
v -0.06741483 0.19569003 -0.11798369
v -0.06254297 0.18508780 -0.11923816
v -0.06746550 0.18826126 -0.11812236
v -0.06720568 0.19280136 -0.11814138
v -0.06424729 0.17096722 -0.11880844
v -0.07313455 0.19347343 -0.11696793
v -0.06920087 0.18376469 -0.11787295
v -0.08264575 0.20986789 -0.11261004
v -0.07781007 0.20219498 -0.11504295
v -0.08661667 0.22153496 -0.10908720
v -0.08925952 0.23060743 -0.10585023
v -0.08651497 0.22505031 -0.10842208
v -0.08661033 0.22330063 -0.10869194
v -0.09025571 0.22846747 -0.10638310
v -0.08682676 0.21949411 -0.10958842
v -0.09513712 0.24603096 -0.09844255
v -0.09236808 0.23847677 -0.10207929
v -0.09273808 0.23704377 -0.10278429
v -0.09451281 0.24856843 -0.09721722
v -0.09176913 0.24033253 -0.10177436
v -0.09219126 0.23996413 -0.10161163
v -0.00299663 0.17463838 0.10357352
v -0.00670140 0.17205878 0.10439186
v -0.00350521 0.16779541 0.10613618
v 0.00019974 0.17201197 0.10449287
v -0.00319081 0.17232095 0.10432119
v -0.00962314 0.17552224 0.10320052
v -0.01522391 0.17302813 0.10373103
v -0.01221286 0.16651936 0.10625010
v -0.01063833 0.17265476 0.10403989
v -0.01941910 0.15948035 0.10859403
v -0.00877440 0.15944063 0.10926927
v -0.01327904 0.15977093 0.10892804
v 0.00016022 0.16018947 0.10936051
v -0.00383111 0.16078234 0.10904993
v 0.00236682 -1.04633357 0.18051104
v -0.01228472 -1.03541346 0.17995380
v -0.01815941 -1.04664294 0.18002944
v -0.01045841 -1.05177394 0.18044544
v -0.01036841 -1.04671594 0.18033144
v 0.00232387 -1.01935091 0.17929315
v -0.01375440 -1.00991439 0.17870985
v -0.02191613 -1.02135791 0.17899515
v -0.01254613 -1.01970191 0.17915215
v -0.03308004 -1.01142389 0.17773194
v -0.03861485 -1.02428391 0.17791516
v -0.02805007 -1.03650356 0.17919634
v -0.03040685 -1.02289491 0.17848916
v -0.03332814 -1.04621521 0.17920153
v -0.02374755 -1.05125592 0.17991897
v -0.02656541 -1.04641994 0.17978044
v 0.00052762 0.17317830 -0.12499675
v -0.00789395 0.16846935 -0.12448007
v -0.01641363 0.17274325 -0.12377819
v -0.00771851 0.17636833 -0.12476246
v -0.00773013 0.17341274 -0.12457106
v 0.00041175 0.16032829 -0.12465744
v -0.00854378 0.15245403 -0.12338578
v -0.01723675 0.15941779 -0.12328207
v -0.00823965 0.16037675 -0.12426730
v -0.02720431 0.15123914 -0.12167014
v -0.03524806 0.15873636 -0.12146204
v -0.02588181 0.16740208 -0.12302482
v -0.02621896 0.15818934 -0.12223698
v -0.03439714 0.17378242 -0.12248329
v -0.02508266 0.17691259 -0.12353183
v -0.02529414 0.17319501 -0.12325873
v -0.00938829 -1.05372432 -0.17928991
v -0.02235947 -1.05139264 -0.17838287
v -0.01119560 -1.04478375 -0.17859625
v -0.00491151 -1.04932219 -0.17866120
v -0.01084947 -1.04977764 -0.17889987
v -0.03134664 -1.05592504 -0.17792861
v -0.04234621 -1.05415378 -0.17648893
v -0.03301490 -1.04847578 -0.17724462
v -0.03145350 -1.05259344 -0.17775631
v -0.04568996 -1.04524093 -0.17531740
v -0.03490211 -1.03669723 -0.17606104
v -0.02261234 -1.04099220 -0.17749587
v -0.03334834 -1.04321520 -0.17683487
v -0.01127210 -1.03265408 -0.17760234
v -0.00521934 -1.03874355 -0.17750029
v -0.01138042 -1.03854596 -0.17803702
v -0.01751160 0.17935883 0.10164522
v -0.02338274 0.18001588 0.10098917
v -0.02006165 0.17366379 0.10339002
v -0.01856519 0.17751047 0.10228940
v -0.02874408 0.18343606 0.09966687
v -0.03722393 0.18423559 0.09849835
v -0.03194906 0.17937790 0.10083233
v -0.02997406 0.18215367 0.10003992
v -0.04272448 0.17746495 0.10049018
v -0.02751637 0.17241776 0.10380247
v -0.03473341 0.17475882 0.10222793
v -0.02247479 0.16770620 0.10549277
v -0.13874196 0.19177195 -0.11034771
v -0.13900252 0.20508895 -0.10741062
v -0.13797396 0.19189795 -0.11041871
v -0.13765407 0.17750818 -0.11239209
v -0.13839996 0.19182795 -0.11037371
v -0.14010544 0.21718192 -0.10394963
v -0.14060783 0.22869418 -0.09977863
v -0.13906510 0.21753896 -0.10387147
v -0.13964610 0.21743496 -0.10382447
v -0.13938206 0.22887405 -0.10003534
v -0.13782525 0.21910405 -0.10360039
v -0.13775752 0.20527595 -0.10750762
v -0.13863525 0.21744680 -0.10405279
v -0.13667571 0.19377891 -0.11014343
v -0.13654498 0.17945523 -0.11231780
v -0.13733396 0.19198095 -0.11045971
v -0.13649558 0.16271519 -0.11324775
v -0.13622095 0.14651098 -0.11261631
v -0.13744458 0.16269719 -0.11311875
v -0.13710558 0.16271719 -0.11315275
v -0.13531658 0.16285319 -0.11334575
v -0.13534695 0.14664398 -0.11271831
v -0.13603858 0.16280919 -0.11328275
v -0.13465221 0.13340950 -0.11094311
v -0.13679722 0.12119857 -0.10758177
v -0.13578121 0.13338150 -0.11087111
v -0.13533621 0.13345850 -0.11091311
v -0.13766876 0.12105338 -0.10737825
v -0.13653521 0.13332650 -0.11077211
v -0.13619621 0.13333350 -0.11080411
v -0.00926422 0.08064321 -0.11340287
v -0.01906701 0.09974128 -0.11544212
v -0.00985114 0.11806703 -0.11904222
v -0.00008170 0.10122762 -0.11686849
v -0.00991891 0.10113890 -0.11629428
v -0.03060287 0.07920765 -0.11219758
v -0.02921278 0.11722599 -0.11733492
v -0.02914231 0.09998206 -0.11472163
v -0.01882117 0.13550143 -0.12065530
v -0.02852061 0.13503697 -0.11969515
v -0.00010917 0.13620182 -0.12160285
v -0.00924049 0.13538453 -0.12103673
v 0.00086329 0.04951033 -0.10999701
v -0.00946454 0.01762445 -0.10889473
v -0.01967335 0.05044541 -0.10967772
v -0.00854286 0.05031328 -0.10997206
v 0.00172363 -0.01934660 -0.10998132
v -0.01052375 -0.06147321 -0.11237316
v -0.02035852 -0.02103207 -0.10928149
v -0.00926032 -0.02095299 -0.11000271
v -0.03213672 -0.06149136 -0.10990465
v -0.03051602 0.01529453 -0.10780848
v -0.03001550 -0.02125110 -0.10833408
v -0.02945021 0.04858703 -0.10899914
v -0.07094994 0.20348650 0.08667037
v -0.06290190 0.19735859 0.09055519
v -0.05167168 0.19316231 0.09359690
v -0.06025481 0.19848814 0.09047638
v -0.06081142 0.19784636 0.09047489
v -0.07393824 0.20110990 0.08755809
v -0.05500218 0.19065227 0.09444697
v -0.06426057 0.19600187 0.09102710
v -0.04508248 0.18698950 0.09676664
v -0.04780864 0.18472019 0.09749051
v -0.04274694 0.18943914 0.09612830
v -0.04421658 0.18859377 0.09622662
v -0.07683501 0.21032858 0.08233627
v -0.08377448 0.21696915 0.07752726
v -0.07848552 0.20909335 0.08289687
v -0.07740401 0.20995358 0.08247627
v -0.08816265 0.22452134 0.07167842
v -0.09166525 0.23219302 0.06541456
v -0.08928765 0.22421834 0.07182042
v -0.08857365 0.22433734 0.07172142
v -0.09416808 0.23246656 0.06488295
v -0.08584171 0.21601757 0.07779013
v -0.09048365 0.22394134 0.07199442
v -0.07978352 0.20855035 0.08318987
v -0.09246298 0.23855180 0.06051114
v -0.09363060 0.24424262 0.05558702
v -0.09355762 0.23814101 0.06068305
v -0.09299298 0.23834480 0.06053414
v -0.09391300 0.25020104 0.05059418
v -0.09535641 0.25852799 0.04354767
v -0.09495318 0.25090594 0.04996535
v -0.09416900 0.25014704 0.05059618
v -0.09727533 0.25931617 0.04301999
v -0.09750204 0.25157500 0.04937016
v -0.09534560 0.24414962 0.05567502
v -0.09602818 0.25085494 0.05000535
v -0.09637840 0.23845694 0.06012994
v -0.09509562 0.23886401 0.05995005
v -0.10118938 0.26077995 0.04191688
v -0.10267224 0.25290580 0.04853365
v -0.09930418 0.24506381 0.05454604
v -0.09958639 0.25222449 0.04876795
v -0.10728951 0.26289559 0.04218597
v -0.11067878 0.25399625 0.04874340
v -0.10552170 0.24491213 0.05454796
v -0.10645631 0.25346151 0.04866513
v -0.10980295 0.23682655 0.06019075
v -0.10192865 0.23783627 0.05979979
v -0.10660541 0.23747766 0.05964510
v -0.09909757 0.23872304 0.05953798
v -0.09674838 0.26494630 0.03821751
v -0.09865296 0.27204270 0.03253351
v -0.09911117 0.26586284 0.03799355
v -0.09805462 0.26575050 0.03772197
v -0.09558738 0.26423730 0.03905251
v -0.09684789 0.27116143 0.03304505
v -0.09615538 0.26493030 0.03822551
v -0.09728028 0.27719071 0.02797565
v -0.09883392 0.28526707 0.02007302
v -0.09840146 0.27799862 0.02751057
v -0.09763328 0.27710371 0.02796865
v -0.10078611 0.28731287 0.01943855
v -0.10100647 0.28011768 0.02680074
v -0.09958190 0.27917293 0.02728908
v -0.10230909 0.27455318 0.03247073
v -0.10463153 0.26908789 0.03747204
v -0.10167088 0.26778616 0.03715273
v -0.10387984 0.28949629 0.01871102
v -0.10599193 0.28450573 0.02560484
v -0.10300428 0.28205161 0.02584205
v -0.11032509 0.29371417 0.01671956
v -0.11317913 0.28861343 0.02522703
v -0.10769556 0.27709676 0.03245274
v -0.10970628 0.28679812 0.02544734
v -0.11108091 0.27173139 0.03826956
v -0.10776328 0.27026890 0.03754877
v -0.11859077 0.29672322 0.01661962
v -0.12246038 0.29114097 0.02532679
v -0.11635093 0.28145863 0.03293882
v -0.11785007 0.28993093 0.02498835
v -0.12919814 0.29752695 0.01593201
v -0.13267743 0.29223253 0.02343160
v -0.12741690 0.28403170 0.03298657
v -0.12806215 0.29186509 0.02439900
v -0.13203174 0.27591902 0.03988955
v -0.12537240 0.26905977 0.04479617
v -0.12209222 0.27554050 0.04022963
v -0.12602716 0.27602681 0.04004261
v -0.11596304 0.26635093 0.04335137
v -0.11587454 0.27424892 0.03896295
v -0.10763469 0.29803122 0.00816344
v -0.11192704 0.30357470 -0.00698557
v -0.11479174 0.30102741 0.00609774
v -0.11091709 0.29962671 0.00638129
v -0.10303861 0.29537391 0.00918954
v -0.10606701 0.30134069 -0.00522932
v -0.10485518 0.29651335 0.00893997
v -0.10453760 0.30161073 -0.01845807
v -0.10661201 0.30135863 -0.03235818
v -0.10913088 0.30315898 -0.02004205
v -0.10661560 0.30219378 -0.01900560
v -0.11186511 0.30202649 -0.03336245
v -0.11504461 0.30463217 -0.02172501
v -0.11169035 0.30384693 -0.02091051
v -0.11922117 0.30559230 -0.00764916
v -0.12395612 0.30291435 0.00516886
v -0.11878308 0.30201385 0.00565585
v -0.11880496 0.30340162 -0.03380707
v -0.12314496 0.30610801 -0.02138468
v -0.11959070 0.30570983 -0.02167616
v -0.12629402 0.30350029 -0.03438309
v -0.13129941 0.30578474 -0.02253842
v -0.12773546 0.30623059 -0.00864289
v -0.12757328 0.30589532 -0.02191656
v -0.13337160 0.30321251 0.00298465
v -0.12898454 0.30332497 0.00358325
v -0.13221724 0.30289988 -0.03503112
v -0.13541051 0.30516865 -0.02345637
v -0.13422066 0.30589644 -0.01020263
v -0.13297278 0.30565247 -0.02306592
v -0.13536080 0.30237450 -0.03538680
v -0.13862052 0.30496337 -0.02421498
v -0.13835140 0.30543368 -0.01137918
v -0.13688351 0.30507465 -0.02428437
v -0.14162101 0.30287231 0.00013604
v -0.14035539 0.29775422 0.01291872
v -0.13714167 0.30318680 0.00155426
v -0.13982886 0.30295920 0.00095082
v -0.13611546 0.29802937 0.01359128
v -0.13528012 0.30319386 0.00229388
v -0.12138572 0.29857939 -0.04742459
v -0.12295605 0.29114312 -0.05964261
v -0.12850137 0.29813284 -0.04741573
v -0.12529069 0.29836132 -0.04731485
v -0.11451865 0.29853741 -0.04714748
v -0.11729614 0.29231419 -0.05877501
v -0.11817608 0.29868794 -0.04724830
v -0.11209145 0.28464381 -0.06920567
v -0.11357781 0.27700343 -0.07687137
v -0.11808196 0.28418993 -0.06897611
v -0.11528885 0.28475334 -0.06887097
v -0.11950531 0.27508082 -0.07747359
v -0.12452892 0.28313961 -0.06887739
v -0.12167091 0.28388779 -0.06848613
v -0.12771092 0.29031736 -0.05984420
v -0.13125928 0.29735560 -0.04819107
v -0.12990985 0.29787324 -0.04773000
v -0.12337112 0.27399697 -0.07751454
v -0.12697237 0.28226059 -0.06921663
v -0.12579292 0.28299461 -0.06892239
v -0.12633384 0.27373937 -0.07693110
v -0.13016054 0.28215530 -0.06906567
v -0.13077859 0.28994122 -0.05992438
v -0.12831654 0.28231730 -0.06891967
v -0.13482349 0.29694461 -0.04840949
v -0.13333016 0.29728496 -0.04798103
v -0.12862788 0.27282013 -0.07724179
v -0.13209737 0.28155731 -0.06898494
v -0.13365786 0.28922272 -0.06002784
v -0.13076216 0.28150414 -0.06931114
v -0.13070181 0.27295703 -0.07693824
v -0.13492067 0.28160623 -0.06878162
v -0.13605000 0.28880263 -0.06042135
v -0.13344337 0.28155431 -0.06906794
v -0.14022216 0.29622513 -0.04823583
v -0.14119979 0.30122678 -0.03683476
v -0.13709317 0.29637618 -0.04857572
v -0.13864898 0.29630638 -0.04838801
v -0.13828546 0.30187058 -0.03639357
v -0.13625241 0.29691924 -0.04815968
v -0.12271391 0.26386733 -0.08467836
v -0.12135913 0.25419107 -0.09069742
v -0.12506325 0.26376027 -0.08443265
v -0.12391391 0.26373333 -0.08471036
v -0.11999335 0.26410934 -0.08538924
v -0.11920434 0.25427651 -0.09107304
v -0.12105556 0.26416854 -0.08503500
v -0.11551407 0.24322879 -0.09727774
v -0.11451327 0.23197965 -0.10180855
v -0.11761813 0.24329613 -0.09676514
v -0.11649513 0.24339413 -0.09688014
v -0.11703979 0.23135948 -0.10136277
v -0.12021093 0.24304677 -0.09606331
v -0.11917422 0.24299418 -0.09637853
v -0.12387718 0.25391299 -0.09006903
v -0.12709238 0.26277265 -0.08463651
v -0.12617025 0.26370827 -0.08446665
v -0.11917284 0.23132322 -0.10099553
v -0.12230317 0.24277903 -0.09573570
v -0.12127993 0.24292977 -0.09604031
v -0.12115845 0.23122986 -0.10066362
v -0.12440854 0.24293366 -0.09537652
v -0.12588518 0.25391699 -0.09004903
v -0.12363017 0.24269003 -0.09569570
v -0.12926839 0.26291802 -0.08434263
v -0.12840638 0.26272765 -0.08466551
v -0.11574845 0.21928211 -0.10540913
v -0.11643939 0.20563399 -0.10866531
v -0.11782865 0.21905757 -0.10494349
v -0.11682845 0.21918811 -0.10522113
v -0.11366387 0.20581544 -0.10930079
v -0.11417624 0.21937553 -0.10578546
v -0.11061631 0.17448094 -0.11415372
v -0.11425433 0.18987089 -0.11197015
v -0.11317133 0.18970189 -0.11228815
v -0.11306472 0.17526096 -0.11352399
v -0.11666347 0.19182547 -0.11120711
v -0.11538775 0.19000658 -0.11168585
v -0.11860881 0.20580226 -0.10822679
v -0.12003392 0.21911459 -0.10456315
v -0.11896765 0.21894957 -0.10484149
v -0.11571272 0.17580657 -0.11307936
v -0.11854002 0.19220210 -0.11088253
v -0.11725747 0.19187847 -0.11113011
v -0.11794557 0.17633035 -0.11274994
v -0.12083894 0.19237757 -0.11058550
v -0.12052692 0.20612236 -0.10785703
v -0.11985902 0.19229310 -0.11068253
v -0.12225515 0.21910303 -0.10424557
v -0.12083992 0.21920059 -0.10447715
v -0.11156260 0.15779207 -0.11408309
v -0.11257026 0.14371803 -0.11269970
v -0.11420268 0.16054518 -0.11368425
v -0.11225138 0.15988075 -0.11394686
v -0.11032121 0.14253733 -0.11315134
v -0.11048460 0.15728307 -0.11444809
v -0.11400700 0.11585493 -0.10709260
v -0.11339248 0.12968047 -0.11058161
v -0.11250448 0.12886147 -0.11092461
v -0.11595774 0.11724208 -0.10691238
v -0.11569212 0.13103162 -0.11013443
v -0.11485712 0.13053562 -0.11037343
v -0.11487584 0.14451670 -0.11247187
v -0.11595764 0.16073167 -0.11344443
v -0.11479168 0.16060818 -0.11358325
v -0.11755171 0.11938052 -0.10710792
v -0.11688175 0.13230776 -0.11040858
v -0.11626612 0.13112762 -0.11001143
v -0.11948428 0.11985699 -0.10683890
v -0.11909492 0.13256829 -0.11018272
v -0.11708435 0.14507048 -0.11231717
v -0.11808075 0.13282876 -0.11016858
v -0.11854366 0.16126152 -0.11318005
v -0.11726664 0.16103467 -0.11320443
v -0.11951927 0.10647811 -0.10264307
v -0.12498924 0.09799107 -0.09830520
v -0.12076203 0.10855429 -0.10296312
v -0.12027327 0.10740411 -0.10242207
v -0.11769590 0.10398335 -0.10302884
v -0.12317355 0.09623905 -0.09809306
v -0.11839790 0.10514035 -0.10270484
v -0.12642203 0.08496840 -0.09341768
v -0.13081782 0.07604666 -0.08819177
v -0.12807733 0.08837855 -0.09353106
v -0.12709157 0.08674022 -0.09343144
v -0.13181640 0.07891971 -0.08845013
v -0.13014197 0.09099096 -0.09372411
v -0.12885839 0.08975894 -0.09361674
v -0.12593324 0.10055907 -0.09832720
v -0.12270804 0.10961831 -0.10281251
v -0.12159803 0.10938629 -0.10276412
v -0.13320332 0.08238105 -0.08882095
v -0.13111997 0.09309496 -0.09382411
v -0.13085797 0.09194996 -0.09354311
v -0.13496914 0.08322778 -0.08900215
v -0.13323614 0.09409726 -0.09379667
v -0.12797837 0.10158824 -0.09824060
v -0.13213914 0.09326126 -0.09393167
v -0.12489853 0.10987622 -0.10277179
v -0.12381204 0.11035631 -0.10261051
v -0.13758675 0.08549087 -0.08901556
v -0.13584422 0.09469983 -0.09409843
v -0.13101657 0.10232385 -0.09859148
v -0.13460238 0.09476780 -0.09392334
v -0.14008905 0.08717869 -0.08926319
v -0.13836589 0.09573784 -0.09411785
v -0.13336142 0.10284410 -0.09857496
v -0.13718522 0.09593383 -0.09398243
v -0.13013386 0.11215282 -0.10315223
v -0.12494789 0.12164211 -0.10721867
v -0.12779087 0.11060888 -0.10278632
v -0.12919587 0.11124288 -0.10267732
v -0.12250616 0.12031114 -0.10684972
v -0.12625453 0.11055622 -0.10262279
v -0.13872957 0.07838800 -0.08395185
v -0.14427627 0.07688422 -0.07875692
v -0.14108881 0.07992351 -0.08408443
v -0.13978083 0.07956217 -0.08405356
v -0.13703441 0.07649890 -0.08376190
v -0.14233924 0.07486221 -0.07874648
v -0.13791110 0.07801767 -0.08386641
v -0.14492728 0.06783457 -0.07292226
v -0.14871362 0.06129881 -0.06691603
v -0.14657270 0.07016012 -0.07328321
v -0.14558290 0.06860737 -0.07317713
v -0.15046997 0.06398880 -0.06751496
v -0.14844976 0.07185680 -0.07348694
v -0.14756570 0.07120012 -0.07322821
v -0.14659898 0.07807430 -0.07879642
v -0.14335207 0.08242443 -0.08415432
v -0.14220607 0.08084943 -0.08421732
v -0.15216907 0.06645571 -0.06777836
v -0.15030086 0.07440739 -0.07361859
v -0.14942576 0.07355480 -0.07347694
v -0.15400330 0.06975878 -0.06771227
v -0.15208174 0.07490254 -0.07385178
v -0.14857580 0.07920297 -0.07903935
v -0.15120915 0.07506348 -0.07371539
v -0.14569497 0.08305826 -0.08434382
v -0.14433797 0.08242184 -0.08425781
v -0.16320888 0.07303682 -0.06861020
v -0.16509795 0.07066129 -0.06341460
v -0.16753231 0.06902824 -0.05781761
v -0.16556420 0.07101307 -0.06356280
v -0.16522620 0.07097807 -0.06357580
v -0.16257888 0.07279882 -0.06862520
v -0.16425195 0.07090529 -0.06384660
v -0.16677631 0.06910624 -0.05826261
v -0.16459595 0.07085229 -0.06386360
v -0.16852125 0.06752163 -0.05213333
v -0.17068532 0.06547511 -0.04580045
v -0.16911719 0.06750225 -0.05251458
v -0.16883519 0.06727825 -0.05246658
v -0.17128809 0.06568777 -0.04601638
v -0.16993719 0.06794625 -0.05206458
v -0.16960919 0.06788225 -0.05208258
v -0.17254995 0.06553245 -0.04108140
v -0.17437066 0.06591157 -0.03613415
v -0.17322770 0.06585504 -0.04128686
v -0.17284395 0.06591645 -0.04115740
v -0.17176774 0.06505088 -0.04126872
v -0.17354853 0.06542938 -0.03639630
v -0.17208695 0.06481645 -0.04146240
v -0.17454141 0.06519128 -0.03127845
v -0.17575292 0.06446512 -0.02588689
v -0.17523863 0.06591465 -0.03122214
v -0.17493263 0.06534465 -0.03108414
v -0.17667175 0.06538161 -0.02570937
v -0.17603512 0.06631288 -0.03111462
v -0.17570512 0.06590688 -0.03107262
v -0.17762368 0.06686157 -0.01901533
v -0.17920646 0.06883861 -0.01166370
v -0.17843689 0.06719081 -0.01887587
v -0.17812341 0.06666785 -0.01917325
v -0.17690379 0.06618733 -0.01904100
v -0.17866446 0.06860761 -0.01151270
v -0.17736168 0.06660657 -0.01889533
v -0.17903503 0.07016630 -0.00388921
v -0.17961943 0.07228369 0.00355784
v -0.17982709 0.07020566 -0.00375558
v -0.17935903 0.07036230 -0.00405021
v -0.18046625 0.07196963 0.00344550
v -0.18044409 0.07078866 -0.00391958
v -0.18013109 0.07048266 -0.00386258
v -0.18098460 0.07627856 0.01218040
v -0.18106949 0.08162281 0.02153187
v -0.18151480 0.07693876 0.01251298
v -0.18123080 0.07682276 0.01253898
v -0.18011312 0.07680074 0.01227529
v -0.18054349 0.08156681 0.02167087
v -0.18073460 0.07629156 0.01223940
v -0.17962734 0.08607114 0.03041318
v -0.17949631 0.09168521 0.03945739
v -0.18025934 0.08663614 0.02990618
v -0.17997834 0.08646514 0.03005718
v -0.18020131 0.09239821 0.03892239
v -0.18111360 0.08680187 0.03093232
v -0.18082360 0.08670687 0.03097732
v -0.17956509 0.09793058 0.04653141
v -0.18012972 0.10365435 0.05389381
v -0.18060316 0.09782772 0.04644242
v -0.18030016 0.09775972 0.04649242
v -0.17918466 0.09730469 0.04687453
v -0.17971372 0.10262635 0.05347681
v -0.17959466 0.09767469 0.04645253
v -0.17841973 0.10939828 0.06067029
v -0.17759800 0.11610539 0.06686898
v -0.17944083 0.10914361 0.06050068
v -0.17910683 0.10901661 0.06070068
v -0.17831900 0.11638639 0.06644398
v -0.18021083 0.10952861 0.06006368
v -0.17980983 0.10933661 0.06027368
v -0.17620151 0.12468253 0.07218675
v -0.17483242 0.13383274 0.07535213
v -0.17753185 0.12475172 0.07182933
v -0.17660051 0.12484653 0.07191575
v -0.17561038 0.12389587 0.07211840
v -0.17380251 0.13388060 0.07582543
v -0.17605138 0.12415287 0.07164940
v -0.17081911 0.14431172 0.07810760
v -0.16792579 0.15509463 0.07881485
v -0.17190765 0.14412442 0.07756959
v -0.17134565 0.14389142 0.07797759
v -0.16954636 0.15528338 0.07822102
v -0.17286065 0.14432042 0.07709359
v -0.17250565 0.14434042 0.07716359
v -0.16690734 0.16420941 0.07818092
v -0.16484064 0.17521093 0.07663177
v -0.16815134 0.16434041 0.07763792
v -0.16742834 0.16423941 0.07796592
v -0.16562698 0.16443030 0.07870921
v -0.16411364 0.17399293 0.07737977
v -0.16611798 0.16446530 0.07840221
v -0.16106217 0.18385983 0.07572627
v -0.15855135 0.19464633 0.07223815
v -0.16183517 0.18501183 0.07484427
v -0.16132417 0.18502783 0.07503327
v -0.15960335 0.19458833 0.07186015
v -0.16275375 0.18462556 0.07458263
v -0.16220075 0.18466156 0.07473263
v -0.15740225 0.20405643 0.06816135
v -0.15692538 0.21404739 0.06299000
v -0.15825011 0.20479180 0.06719766
v -0.15784611 0.20370080 0.06793566
v -0.15607118 0.20460628 0.06874158
v -0.15599138 0.21304439 0.06398300
v -0.15687825 0.20408343 0.06832435
v -0.15535834 0.22179265 0.05969161
v -0.15638709 0.23143813 0.05458679
v -0.15648934 0.22272865 0.05862361
v -0.15587034 0.22171565 0.05952461
v -0.15742909 0.23128313 0.05435279
v -0.15742478 0.22197573 0.05818376
v -0.15699134 0.22264365 0.05849961
v -0.15781814 0.24154537 0.04997362
v -0.15936174 0.25135534 0.04436451
v -0.15892152 0.24155262 0.04906169
v -0.15817836 0.24080507 0.04951839
v -0.15672614 0.24072337 0.05102462
v -0.15806753 0.25072757 0.04504701
v -0.15721114 0.24063137 0.05088162
v -0.15811226 0.26003464 0.04020666
v -0.15939082 0.26916140 0.03395973
v -0.15923526 0.25987364 0.03995966
v -0.15876726 0.25992764 0.04007266
v -0.16031160 0.26903872 0.03255111
v -0.16001598 0.25981625 0.03862896
v -0.15981526 0.26059964 0.03905566
v -0.16041141 0.27791254 0.02653677
v -0.16133105 0.28501107 0.01767899
v -0.16119930 0.27764661 0.02523228
v -0.16100041 0.27844254 0.02559977
v -0.15927941 0.27745454 0.02760577
v -0.16040783 0.28536922 0.01897153
v -0.15994241 0.27798054 0.02665177
v -0.16017406 0.29156904 0.01119373
v -0.16073304 0.29650594 0.00008091
v -0.16125808 0.29186321 0.00938131
v -0.16074208 0.29156921 0.01030631
v -0.16176304 0.29676094 -0.00162409
v -0.16206618 0.29142344 0.00824500
v -0.16164818 0.29113744 0.00905500
v -0.16041824 0.29954078 -0.01211979
v -0.15970539 0.30021783 -0.02420113
v -0.16147524 0.29942378 -0.01292979
v -0.16101624 0.29942478 -0.01218279
v -0.15955388 0.29997605 -0.01041478
v -0.15868039 0.30047883 -0.02335813
v -0.15997024 0.29953278 -0.01127979
v -0.15647762 0.29947597 -0.03352709
v -0.15540591 0.29553804 -0.04379358
v -0.15753665 0.29855015 -0.03439622
v -0.15720262 0.29938197 -0.03365709
v -0.15633236 0.29443083 -0.04451918
v -0.15847565 0.29798515 -0.03581122
v -0.15795765 0.29826115 -0.03512322
v -0.15408956 0.28996587 -0.05392432
v -0.15241596 0.28206022 -0.06373254
v -0.15480299 0.28842176 -0.05512746
v -0.15438699 0.28890476 -0.05447546
v -0.15293756 0.29057587 -0.05308232
v -0.15157738 0.28330216 -0.06317471
v -0.15357356 0.29007087 -0.05382632
v -0.14894574 0.27668529 -0.07040845
v -0.14740832 0.26745193 -0.07814399
v -0.15004359 0.27536576 -0.07102493
v -0.14950659 0.27547976 -0.07095693
v -0.14850013 0.26626908 -0.07854619
v -0.15098484 0.27428785 -0.07147705
v -0.15060584 0.27501885 -0.07088505
v -0.14596201 0.25869590 -0.08435657
v -0.14430518 0.24960006 -0.08954631
v -0.14668091 0.25736380 -0.08471475
v -0.14649301 0.25859190 -0.08435757
v -0.14457535 0.25912764 -0.08445175
v -0.14332917 0.25011001 -0.08990253
v -0.14539101 0.25881890 -0.08430057
v -0.14044470 0.24029137 -0.09509600
v -0.14180344 0.23995417 -0.09490788
v -0.14113870 0.24010137 -0.09513500
v -0.14261100 0.23855639 -0.09545430
v -0.14213700 0.23866239 -0.09547230
v -0.14818627 0.29201305 0.01894755
v -0.14637225 0.28534267 0.02790907
v -0.14505040 0.29211252 0.02007328
v -0.14684914 0.29792102 0.01029529
v -0.14657540 0.29205052 0.01996528
v -0.14705599 0.27592742 0.03611556
v -0.14566391 0.26842400 0.04199747
v -0.14457276 0.27655452 0.03652320
v -0.14549976 0.27654652 0.03641420
v -0.14256774 0.26831340 0.04318512
v -0.14085497 0.27682509 0.03729080
v -0.14319710 0.28531610 0.02901130
v -0.14249473 0.27632618 0.03712010
v -0.14219434 0.29207116 0.02087895
v -0.14360318 0.29808023 0.01113383
v -0.14397444 0.29249018 0.02020353
v -0.14433772 0.30260164 -0.00059355
v -0.14479911 0.30460650 -0.01352840
v -0.14750315 0.30240926 -0.00159536
v -0.14601615 0.30244326 -0.00145736
v -0.14137913 0.30529710 -0.01221325
v -0.14324066 0.30276779 -0.00066806
v -0.14188661 0.30426280 -0.02456620
v -0.14015722 0.30478280 -0.02480414
v -0.14443370 0.30405977 -0.02533121
v -0.14280961 0.30423480 -0.02532020
v -0.14365548 0.25925166 0.04827984
v -0.14151542 0.24920777 0.05414981
v -0.14010811 0.25891742 0.04878813
v -0.14204969 0.25985054 0.04851721
v -0.14641027 0.25954378 0.04754910
v -0.14387707 0.24955133 0.05298478
v -0.14458953 0.25874088 0.04798394
v -0.14429257 0.23928431 0.05756865
v -0.14326823 0.23047170 0.06208130
v -0.14138686 0.23890799 0.05827269
v -0.14361757 0.23932531 0.05771365
v -0.14114097 0.23101470 0.06241769
v -0.13905214 0.23946485 0.05853143
v -0.14062386 0.23890099 0.05835269
v -0.13756587 0.24927490 0.05470646
v -0.13558629 0.25933209 0.05004133
v -0.13862306 0.26934114 0.04302733
v -0.13825481 0.25952191 0.04900278
v -0.13753786 0.23102387 0.06319168
v -0.13434186 0.23966094 0.05915324
v -0.13631164 0.23905772 0.05899802
v -0.13336991 0.23065421 0.06390395
v -0.12994328 0.23958219 0.05960902
v -0.13224478 0.24937703 0.05518099
v -0.13239210 0.23915494 0.06005971
v -0.13083826 0.25913184 0.05056224
v -0.13396028 0.26958328 0.04421224
v -0.13352826 0.25981128 0.05022465
v -0.13611696 0.27593589 0.03874924
v -0.13929006 0.28557900 0.02977785
v -0.13920897 0.27621009 0.03822280
v -0.13431454 0.28503620 0.03127764
v -0.13389274 0.27667802 0.03891855
v -0.13769219 0.29272967 0.02189379
v -0.13558853 0.29218965 0.02251379
v -0.13953829 0.29239049 0.02181097
v -0.14169040 0.22207413 0.06687731
v -0.14162630 0.21225544 0.07181184
v -0.13938123 0.22251180 0.06716417
v -0.14101940 0.22204413 0.06694731
v -0.14439805 0.22212149 0.06577901
v -0.14353149 0.21182621 0.07169319
v -0.14314863 0.22147982 0.06688750
v -0.14603899 0.20298217 0.07544602
v -0.14603670 0.19122843 0.08043323
v -0.14374544 0.20165105 0.07667829
v -0.14515444 0.20173405 0.07627129
v -0.14300525 0.19105188 0.08128493
v -0.14205886 0.20053620 0.07742780
v -0.14240386 0.20189020 0.07672380
v -0.13827361 0.21142683 0.07287913
v -0.13563777 0.22205052 0.06807035
v -0.13761296 0.22154053 0.06785108
v -0.13815961 0.18928655 0.08263276
v -0.13746078 0.19928848 0.07861469
v -0.13914012 0.20067073 0.07784059
v -0.13379255 0.18702894 0.08419931
v -0.13402542 0.21061957 0.07404842
v -0.13495218 0.19949337 0.07911114
v -0.13341907 0.22137535 0.06876948
v -0.14644744 0.17963624 0.08400079
v -0.14755197 0.16716134 0.08664464
v -0.14362847 0.17787244 0.08500891
v -0.14530732 0.17810482 0.08447406
v -0.14995244 0.18013614 0.08278550
v -0.15004554 0.16893915 0.08578312
v -0.14782554 0.17977142 0.08362484
v -0.15303832 0.15917562 0.08636690
v -0.15202169 0.14842077 0.08788611
v -0.14988296 0.15779432 0.08800338
v -0.15096296 0.15854932 0.08727638
v -0.14965138 0.14715168 0.08898667
v -0.14665259 0.15710648 0.08869246
v -0.14837388 0.15751648 0.08834687
v -0.14329344 0.16566428 0.08825481
v -0.13755634 0.17596080 0.08688756
v -0.14069102 0.17705688 0.08586391
v -0.14602985 0.14476026 0.09035280
v -0.14236029 0.15427792 0.09030903
v -0.14428486 0.15522013 0.08989120
v -0.14145859 0.14319395 0.09143016
v -0.13831788 0.16308049 0.08996371
v -0.14041717 0.15312290 0.09078273
v -0.13541814 0.17505300 0.08769902
v -0.15605470 0.13771901 0.08620254
v -0.15803785 0.12737750 0.08361838
v -0.15248436 0.13633530 0.08759710
v -0.15411767 0.13682392 0.08718328
v -0.15803100 0.13970878 0.08553937
v -0.15993414 0.12932770 0.08310905
v -0.15618268 0.13867856 0.08656842
v -0.16436099 0.12136124 0.07798837
v -0.16528604 0.11160622 0.07395487
v -0.16182614 0.11978814 0.07928711
v -0.16290564 0.12027278 0.07894620
v -0.16252204 0.10971412 0.07528771
v -0.15996397 0.11732457 0.08007717
v -0.16025605 0.11849738 0.08034841
v -0.15453082 0.12570464 0.08505887
v -0.14883072 0.13348139 0.08897935
v -0.15015198 0.13526664 0.08861791
v -0.15994781 0.10728278 0.07559698
v -0.15556071 0.11495243 0.08166489
v -0.15791672 0.11625398 0.08082723
v -0.15648658 0.10468381 0.07704214
v -0.15272007 0.11210251 0.08255597
v -0.15077567 0.12249199 0.08643191
v -0.15430507 0.11321751 0.08168097
v -0.14353922 0.13173826 0.09011954
v -0.14575327 0.13248222 0.08962944
v -0.16077931 0.09801697 0.06947104
v -0.16184870 0.08997051 0.06103732
v -0.15813713 0.09533283 0.06953429
v -0.15923575 0.09710854 0.06990904
v -0.16404595 0.10220777 0.06830537
v -0.16470395 0.09341562 0.06024652
v -0.16265422 0.09978648 0.06847164
v -0.16717166 0.08903668 0.05141289
v -0.16494894 0.08039865 0.04503283
v -0.16402910 0.08604834 0.05309749
v -0.16551153 0.08783827 0.05229679
v -0.16208502 0.07750255 0.04686621
v -0.16178114 0.08297929 0.05326885
v -0.16275131 0.08425538 0.05313573
v -0.15802944 0.08362962 0.06153586
v -0.15300261 0.08498461 0.07059150
v -0.15268535 0.09768214 0.07733332
v -0.15513653 0.09032415 0.07083771
v -0.15845236 0.07092782 0.04737032
v -0.15662285 0.07280366 0.05456050
v -0.15921485 0.07786477 0.05358770
v -0.15378882 0.05921335 0.04700835
v -0.15151092 0.05939420 0.05408538
v -0.15296411 0.07233526 0.06209535
v -0.15415369 0.06662877 0.05435189
v -0.14761211 0.07197658 0.07093665
v -0.14708751 0.08574512 0.07851351
v -0.15027608 0.07776805 0.07042922
v -0.14711642 0.10239650 0.08322679
v -0.14495313 0.11664266 0.08785890
v -0.14936563 0.10709918 0.08302886
v -0.14119803 0.08896943 0.08520591
v -0.13829057 0.10535631 0.09046198
v -0.14408822 0.09527993 0.08430247
v -0.12984600 0.10721466 0.09489796
v -0.13652236 0.12108393 0.09285543
v -0.13332825 0.11518419 0.09354718
v -0.14042111 0.12722407 0.09105827
v -0.14703303 0.05707782 0.06246886
v -0.14118948 0.05222379 0.06989449
v -0.14093936 0.06870452 0.07867523
v -0.14401063 0.06144399 0.07032957
v -0.14911169 0.04165983 0.04869471
v -0.14615327 0.03897821 0.05571433
v -0.14829521 0.04990837 0.05517440
v -0.14688932 0.01739325 0.05468198
v -0.14394974 0.01307837 0.06367050
v -0.14177539 0.03481850 0.06494667
v -0.14487773 0.02700933 0.05951050
v -0.13705298 0.02946232 0.07388679
v -0.13401892 0.04582471 0.07792055
v -0.13818523 0.04130328 0.07148090
v -0.13469495 0.06611839 0.08493878
v -0.13257101 0.08680888 0.09194116
v -0.13812231 0.07814585 0.08517117
v -0.12762998 0.04277035 0.08543387
v -0.12724905 0.06229617 0.09138902
v -0.13127168 0.05406680 0.08430201
v -0.11751836 0.05729715 0.09867830
v -0.12365897 0.08396289 0.09775185
v -0.12058262 0.07028713 0.09864231
v -0.12681971 0.09696367 0.09617404
v -0.13909157 0.00165530 0.07296067
v -0.13203327 -0.01425280 0.08248541
v -0.13023854 0.01379055 0.08926205
v -0.13505293 0.00731019 0.08141685
v -0.14361359 -0.01344778 0.05755705
v -0.13975344 -0.02950497 0.06657042
v -0.14133582 -0.00624412 0.06534244
v -0.14326528 -0.06228775 0.05766354
v -0.13973475 -0.07955534 0.06656257
v -0.13561359 -0.04721979 0.07467599
v -0.13983485 -0.05523276 0.06620353
v -0.13059140 -0.06590462 0.08314779
v -0.12485927 -0.03525397 0.09142250
v -0.13046928 -0.04146746 0.08351832
v -0.12227569 -0.00170377 0.09770140
v -0.11896662 0.03302392 0.09433765
v -0.12514513 0.02459076 0.09085295
v -0.11828152 -0.05349461 0.09889093
v -0.11323819 -0.02156201 0.10477453
v -0.11960787 -0.02881696 0.09796122
v -0.10388255 -0.04319332 0.11224407
v -0.11058505 0.01693002 0.10855084
v -0.10586066 -0.01292326 0.11149553
v -0.11226975 0.04032107 0.09945240
v -0.13606786 -0.10835692 0.07549172
v -0.13161304 -0.13977113 0.08479982
v -0.12448110 -0.09684951 0.09205536
v -0.13063194 -0.10290035 0.08410577
v -0.14512450 -0.11798858 0.05856515
v -0.14224591 -0.14952468 0.06935219
v -0.14086627 -0.11339798 0.06691593
v -0.14597772 -0.19292272 0.06291743
v -0.14290467 -0.22215589 0.07348495
v -0.13642151 -0.18431365 0.07821078
v -0.14114839 -0.18882722 0.07076482
v -0.13075801 -0.21641980 0.08733381
v -0.12517808 -0.17319408 0.09332962
v -0.13133039 -0.17927428 0.08564364
v -0.11778803 -0.12879484 0.10005289
v -0.10987258 -0.08425982 0.10688002
v -0.11745301 -0.09083425 0.09987877
v -0.11638934 -0.20582001 0.10106830
v -0.11084960 -0.16297158 0.10754349
v -0.11784421 -0.16799762 0.10118990
v -0.09998450 -0.19922658 0.11448284
v -0.09251302 -0.15461311 0.12041884
v -0.10201962 -0.11678852 0.11325985
v -0.10227699 -0.15728485 0.11402751
v -0.09384903 -0.06961464 0.11893566
v -0.10264979 -0.07811598 0.11270969
v -0.10711182 -0.24360240 0.10867141
v -0.10332442 -0.28597048 0.11881279
v -0.08826890 -0.23260455 0.11899435
v -0.09768856 -0.23820593 0.11406799
v -0.12536658 -0.25594648 0.09791845
v -0.12289617 -0.29703232 0.10677432
v -0.11628741 -0.24946839 0.10396569
v -0.13211095 -0.33714815 0.10298770
v -0.12486270 -0.36900126 0.11144216
v -0.11614874 -0.32877767 0.11597186
v -0.12452413 -0.33374524 0.10972478
v -0.10701748 -0.35977661 0.12316308
v -0.09780201 -0.32190683 0.12661566
v -0.10692678 -0.32432292 0.12181868
v -0.08122805 -0.27469545 0.12435987
v -0.06836486 -0.22356800 0.12798860
v -0.08069887 -0.18884769 0.12543642
v -0.07847250 -0.22824175 0.12380141
v -0.08720632 -0.35204747 0.13237882
v -0.07372002 -0.31327370 0.13702311
v -0.08590830 -0.31666549 0.13251797
v -0.06514621 -0.34724901 0.14077681
v -0.05123084 -0.30352931 0.13652016
v -0.05798944 -0.26520170 0.13054867
v -0.06228647 -0.30791918 0.13546735
v -0.04555459 -0.21593290 0.13558093
v -0.05929693 -0.17937604 0.13445158
v -0.05723171 -0.21937893 0.13211078
v -0.07215527 -0.13957715 0.13000647
v -0.08181165 -0.10230853 0.12481869
v -0.08283850 -0.14545932 0.12528833
v -0.04814820 -0.12515192 0.13734572
v -0.05961496 -0.08444160 0.13372173
v -0.06008103 -0.12946518 0.13402263
v -0.04895580 -0.02743756 0.13790999
v -0.07349330 -0.04936594 0.12997246
v -0.06161048 -0.03953459 0.13428105
v -0.08397899 -0.06239954 0.12484158
v -0.03493628 -0.25840915 0.13535738
v -0.02056910 -0.21120160 0.14008233
v -0.03424247 -0.17227974 0.14093645
v -0.03398576 -0.21332757 0.13808937
v -0.04095429 -0.34381956 0.14343928
v -0.02611765 -0.29765017 0.13933565
v -0.03896934 -0.30022257 0.13767626
v -0.01437289 -0.34012547 0.14597472
v -0.00118139 -0.29553766 0.14086602
v -0.01052761 -0.24966309 0.13871448
v -0.01381922 -0.29624070 0.14015925
v 0.00226456 -0.20835329 0.14164026
v -0.00974477 -0.16952213 0.14372842
v -0.00891996 -0.21018049 0.14115940
v -0.02405509 -0.12051946 0.14104826
v -0.03540031 -0.07672927 0.14002115
v -0.03623982 -0.12229001 0.13957904
v 0.00135334 -0.12041746 0.14280688
v -0.01112325 -0.07497424 0.14360896
v -0.01215915 -0.11946872 0.14203667
v 0.00090549 -0.02747606 0.14528766
v -0.02315168 -0.02510337 0.14343551
v -0.01080182 -0.02558311 0.14482468
v -0.03603466 -0.02988393 0.14096143
v -0.02881579 -0.37952760 0.14634130
v -0.01797375 -0.41795016 0.14603028
v -0.00196930 -0.38264996 0.15294097
v -0.01457332 -0.38643205 0.15157775
v -0.05493883 -0.38206753 0.14253743
v -0.04383511 -0.42087716 0.14515584
v -0.04218991 -0.38087260 0.14480434
v -0.05490738 -0.46506650 0.14603004
v -0.04322845 -0.50496140 0.15080262
v -0.03190080 -0.45880068 0.14828817
v -0.04361816 -0.46032737 0.14748997
v -0.01837820 -0.50274670 0.15260746
v 0.00133606 -0.45897829 0.14950893
v -0.01856421 -0.45743983 0.14826523
v -0.03010461 -0.54368563 0.15540635
v -0.01680439 -0.58292498 0.15837554
v 0.00036619 -0.53972935 0.15719099
v -0.01794292 -0.54304867 0.15638087
v -0.05427960 -0.54689806 0.15203126
v -0.04171008 -0.58464695 0.15616728
v -0.04336165 -0.54475277 0.15374894
v -0.05283700 -0.62569677 0.15625892
v -0.03929319 -0.66283528 0.16026936
v -0.02809466 -0.62335858 0.15988963
v -0.04089781 -0.62433816 0.15850361
v -0.01532202 -0.66235979 0.16297674
v -0.00135594 -0.62553333 0.16336020
v -0.01600334 -0.62297157 0.16076964
v -0.02710186 -0.70415663 0.16380980
v -0.01543759 -0.73974819 0.16665132
v -0.00291658 -0.70150886 0.16736980
v -0.01519809 -0.69935442 0.16442939
v -0.05017425 -0.70577595 0.16105660
v -0.03862043 -0.74025492 0.16502769
v -0.03939973 -0.70459677 0.16255575
v -0.05115258 -0.77958526 0.16552065
v -0.03822359 -0.81181454 0.16891275
v -0.02671612 -0.77438536 0.16848763
v -0.03880810 -0.77868195 0.16694324
v -0.01415128 -0.81199093 0.17102396
v -0.00342605 -0.77662336 0.17181200
v -0.01550547 -0.77421236 0.16889213
v -0.02892328 -0.84865149 0.17250986
v -0.01516792 -0.88185421 0.17357187
v -0.00113558 -0.84822130 0.17277926
v -0.01717794 -0.84883839 0.17318530
v -0.05103368 -0.85220657 0.17028336
v -0.03850747 -0.88544873 0.17258692
v -0.03977829 -0.85272711 0.17139991
v -0.04700841 -0.91588217 0.17185520
v -0.03740465 -0.94751305 0.17207962
v -0.02676029 -0.91620017 0.17337574
v -0.03670841 -0.91617717 0.17284820
v -0.01760528 -0.94767406 0.17243698
v -0.00513544 -0.91620206 0.17424166
v -0.01542660 -0.91643999 0.17342311
v -0.02779717 -0.96643833 0.17252835
v -0.01349519 -0.97877309 0.17755366
v -0.00201623 -0.96499376 0.17234772
v -0.01667873 -0.96642794 0.17234423
v -0.04674968 -0.96895040 0.17129712
v -0.03429916 -0.98094449 0.17668610
v -0.03684029 -0.96919427 0.17223906
v -0.04214830 -0.99840739 0.17672485
v -0.02377772 -0.99653901 0.17818190
v -0.03311230 -0.99866639 0.17761285
v 0.00199034 -0.99340229 0.17849136
v -0.01386938 -0.99443568 0.17832837
v -0.06017448 -0.88972998 0.17019124
v -0.07125441 -0.92311422 0.16899158
v -0.05900456 -0.95045751 0.17037105
v -0.05973484 -0.91863328 0.17057573
v -0.06427198 -0.81786147 0.16699342
v -0.07313204 -0.85738304 0.16688245
v -0.06236069 -0.85582562 0.16862567
v -0.08559292 -0.82764867 0.16285418
v -0.09391078 -0.86623069 0.16257701
v -0.08196516 -0.89341290 0.16663269
v -0.08366328 -0.86181113 0.16494374
v -0.09168757 -0.92653453 0.16471449
v -0.08155032 -0.95600759 0.16663008
v -0.08071619 -0.92302283 0.16725602
v -0.07001182 -0.97123181 0.16861206
v -0.05505982 -0.98290642 0.17436445
v -0.05841782 -0.97161281 0.17028306
v -0.09069679 -0.97324028 0.16469478
v -0.07668448 -0.98473363 0.17078964
v -0.07978138 -0.97359851 0.16698270
v -0.08578998 -1.00127141 0.16956862
v -0.07371927 -1.01451283 0.17274944
v -0.06440030 -0.99999968 0.17376903
v -0.07582985 -0.99951779 0.17171493
v -0.05233913 -1.01282561 0.17565612
v -0.05399691 -1.00036962 0.17531130
v -0.09729238 -0.98901479 0.16567628
v -0.10721417 -1.00686723 0.16345485
v -0.09516746 -1.01928203 0.16770562
v -0.09665526 -1.00314481 0.16664982
v -0.10041558 -0.95875302 0.16220197
v -0.10916100 -0.97988360 0.15967477
v -0.09996531 -0.97574105 0.16236829
v -0.11700996 -0.96347165 0.15683464
v -0.12650937 -0.98304533 0.15353147
v -0.11672664 -0.99267068 0.15911522
v -0.11800191 -0.97981087 0.15674171
v -0.12620510 -1.01248635 0.15622690
v -0.11716244 -1.03021833 0.16085525
v -0.11642560 -1.00821514 0.16017744
v -0.10554349 -1.03291598 0.16510756
v -0.09296747 -1.03880362 0.16898661
v -0.08274928 -1.02609719 0.17104472
v -0.09349084 -1.03061932 0.16862123
v -0.12584828 -1.04101004 0.15729799
v -0.11476534 -1.04323560 0.16181125
v -0.11600571 -1.03747554 0.16139409
v -0.12489624 -1.04793711 0.15766106
v -0.11407698 -1.04907834 0.16214570
v -0.10336923 -1.04712503 0.16537072
v -0.11489602 -1.04684863 0.16175374
v -0.09040694 -1.04874452 0.16976777
v -0.07914913 -1.04543481 0.17237448
v -0.09174394 -1.04553252 0.16947477
v -0.07021527 -1.03754410 0.17392901
v -0.06091955 -1.02531682 0.17498776
v -0.07262934 -1.02492818 0.17301310
v -0.06635753 -1.04964898 0.17492852
v -0.05711299 -1.04619230 0.17627101
v -0.06894956 -1.04579528 0.17441072
v -0.04255314 -1.05066221 0.17845953
v -0.04785778 -1.03824158 0.17729676
v -0.04517372 -1.04654772 0.17784917
v -0.05041308 -1.02559293 0.17647147
v -0.13222335 -1.04461019 0.15450203
v -0.13914597 -1.04706957 0.15115519
v -0.13137081 -1.04930314 0.15492115
v -0.13251481 -1.04714814 0.15439315
v -0.13426168 -1.03452804 0.15333520
v -0.14016974 -1.03954268 0.15038195
v -0.13318729 -1.03968036 0.15407283
v -0.14797306 -1.03209776 0.14557207
v -0.15347002 -1.03850603 0.14237878
v -0.14586019 -1.04360149 0.14721700
v -0.14701010 -1.03846632 0.14650923
v -0.15142804 -1.04695828 0.14386553
v -0.14482890 -1.04935678 0.14791390
v -0.14587190 -1.04723978 0.14728190
v -0.16296256 -1.04280350 0.13620731
v -0.17314179 -1.04521659 0.12852863
v -0.16220744 -1.04868535 0.13700319
v -0.16316056 -1.04626250 0.13628331
v -0.16444387 -1.03003209 0.13427902
v -0.17356349 -1.03575626 0.12746910
v -0.16383950 -1.03656659 0.13527707
v -0.18221921 -1.02747972 0.11889664
v -0.19044495 -1.03326704 0.11094906
v -0.18231085 -1.04017869 0.12005178
v -0.18278291 -1.03453724 0.11904178
v -0.19124732 -1.04358966 0.11116637
v -0.18179079 -1.04741255 0.12098311
v -0.18252543 -1.04437086 0.12017198
v -0.19811417 -1.03988810 0.10259875
v -0.20480444 -1.04485008 0.09352291
v -0.19856169 -1.04701887 0.10263808
v -0.19835769 -1.04419687 0.10261308
v -0.19764268 -1.02906266 0.10139909
v -0.20467078 -1.03680659 0.09246816
v -0.19827817 -1.03456210 0.10144375
v -0.20961097 -1.03328402 0.08289581
v -0.21572143 -1.04020870 0.07190907
v -0.21078616 -1.04282086 0.08293720
v -0.21027316 -1.03816286 0.08287120
v -0.21587341 -1.04624037 0.07315008
v -0.21119335 -1.04763530 0.08301196
v -0.21104035 -1.04562930 0.08299096
v -0.22105204 -1.04440043 0.05955285
v -0.22504015 -1.04772157 0.04657148
v -0.22149676 -1.04888811 0.05947396
v -0.22132176 -1.04686911 0.05946696
v -0.21943414 -1.04184256 0.05820123
v -0.22377003 -1.04694965 0.04505493
v -0.22064001 -1.04113733 0.05945382
v -0.22624444 -1.04447994 0.03134875
v -0.22835310 -1.04879790 0.01767672
v -0.22688495 -1.05056387 0.03167542
v -0.22662820 -1.04795874 0.03147530
v -0.22893899 -1.05295844 0.01681972
v -0.22736952 -1.05359823 0.03083776
v -0.22727536 -1.05247899 0.03070926
v -0.22918345 -1.05119398 0.00268860
v -0.22839044 -1.05271399 -0.01363561
v -0.22947073 -1.05386649 0.00167824
v -0.22938403 -1.05308269 0.00156535
v -0.22852729 -1.04452192 0.00255987
v -0.22802101 -1.04798090 -0.01253420
v -0.22890135 -1.04867293 0.00262958
v -0.22527179 -1.04323811 -0.02750450
v -0.22137054 -1.04692092 -0.04257962
v -0.22557897 -1.05030685 -0.02878198
v -0.22550663 -1.04775735 -0.02762041
v -0.22192766 -1.05205235 -0.04241556
v -0.22585506 -1.05361484 -0.02868438
v -0.22579206 -1.05239984 -0.02867538
v -0.21652455 -1.04915875 -0.05596686
v -0.21036049 -1.05134518 -0.06886124
v -0.21683536 -1.05314952 -0.05581579
v -0.21673757 -1.05168756 -0.05585495
v -0.21644728 -1.04122974 -0.05469233
v -0.20987775 -1.04528870 -0.06898019
v -0.21634853 -1.04604377 -0.05594921
v -0.20201199 -1.04032900 -0.08139008
v -0.19310363 -1.04393569 -0.09362155
v -0.20237953 -1.04873232 -0.08157185
v -0.20219268 -1.04457068 -0.08152474
v -0.19324902 -1.05103954 -0.09377587
v -0.20242498 -1.05324833 -0.08166262
v -0.20236598 -1.05126898 -0.08165655
v -0.18387316 -1.04868567 -0.10431448
v -0.17280696 -1.05170633 -0.11516299
v -0.18293623 -1.05352874 -0.10536515
v -0.18387510 -1.05137628 -0.10437991
v -0.18376610 -1.03866732 -0.10379601
v -0.17276714 -1.04457436 -0.11491469
v -0.18385027 -1.04426402 -0.10414565
v -0.16179663 -1.03930202 -0.12391101
v -0.14906877 -1.04512798 -0.13372651
v -0.16186286 -1.04860037 -0.12436251
v -0.16186553 -1.04488767 -0.12419314
v -0.14902805 -1.05221964 -0.13390582
v -0.16066473 -1.05421356 -0.12538744
v -0.16073567 -1.05201904 -0.12537743
v -0.13684185 -1.04979232 -0.14188037
v -0.12425351 -1.05319541 -0.14939619
v -0.13688139 -1.05465776 -0.14193528
v -0.13687040 -1.05248224 -0.14190590
v -0.13813585 -1.03982621 -0.14065840
v -0.12550460 -1.04562756 -0.14838867
v -0.13810765 -1.04541459 -0.14100322
v -0.11241397 -1.04030824 -0.15478670
v -0.09871159 -1.04617556 -0.16112883
v -0.11111753 -1.05030752 -0.15608543
v -0.11230184 -1.04588145 -0.15518898
v -0.09721209 -1.05370243 -0.16212116
v -0.11105541 -1.05551446 -0.15635648
v -0.11107315 -1.05345903 -0.15621764
v -0.08439990 -1.05079405 -0.16652213
v -0.07111398 -1.05369669 -0.17062205
v -0.08428619 -1.05600056 -0.16672681
v -0.08430419 -1.05390756 -0.16673881
v -0.08597376 -1.03964097 -0.16521273
v -0.07267844 -1.04567278 -0.16960846
v -0.08584777 -1.04638946 -0.16574351
v -0.05951080 -1.03961235 -0.17229221
v -0.05765244 -1.05047353 -0.17350665
v -0.05916748 -1.04548306 -0.17277880
v -0.05605314 -1.05623389 -0.17416600
v -0.05754904 -1.05391109 -0.17379234
v -0.10031442 -1.02470046 -0.15908653
v -0.08903333 -1.01011254 -0.16215195
v -0.07453756 -1.02350606 -0.16752350
v -0.08769290 -1.02331865 -0.16360926
v -0.10424564 -0.99817952 -0.15550470
v -0.09283626 -0.98056989 -0.15849710
v -0.07886708 -0.99512897 -0.16417923
v -0.09173749 -0.99730517 -0.16021036
v -0.06707254 -0.98063846 -0.16598927
v -0.05236733 -0.99528397 -0.17024446
v -0.06289520 -1.01040161 -0.16938675
v -0.06574654 -0.99520430 -0.16753189
v -0.04873297 -1.02223707 -0.17301275
v -0.06129122 -1.02200682 -0.17066209
v -0.12675507 -1.02438628 -0.14654157
v -0.11519332 -1.01166978 -0.15165707
v -0.11356480 -1.02441660 -0.15334595
v -0.15129259 -1.02479167 -0.13114378
v -0.14061902 -1.01339598 -0.13762914
v -0.13936274 -1.02420316 -0.13913334
v -0.15347211 -1.00080944 -0.12774777
v -0.14235150 -0.98750705 -0.13431848
v -0.12921962 -0.99915330 -0.14339060
v -0.14160913 -1.00112583 -0.13604084
v -0.11848805 -0.98536143 -0.14793286
v -0.11751686 -0.99932922 -0.14954477
v -0.15454245 -0.96539088 -0.12353394
v -0.14413506 -0.93898402 -0.12842377
v -0.13165317 -0.96210700 -0.13886329
v -0.14380636 -0.96222662 -0.13107578
v -0.15442327 -0.92030300 -0.11848405
v -0.14326918 -0.88801328 -0.12434101
v -0.13251692 -0.91351281 -0.13323275
v -0.14423921 -0.91616830 -0.12570305
v -0.12078619 -0.88107278 -0.13795797
v -0.10768074 -0.90588491 -0.14639535
v -0.11974832 -0.93584126 -0.14289357
v -0.12033102 -0.90968818 -0.14021100
v -0.10586314 -0.95858632 -0.15173195
v -0.11856765 -0.95931899 -0.14585567
v -0.16392288 -1.01285436 -0.12052106
v -0.17500746 -1.00266309 -0.10948338
v -0.16520958 -0.98965821 -0.11700537
v -0.16462087 -1.00272249 -0.11884499
v -0.17466953 -1.02333270 -0.11185438
v -0.16298931 -1.02366168 -0.12217206
v -0.19384338 -1.02422225 -0.09130303
v -0.18511243 -1.01390138 -0.10026453
v -0.18455407 -1.02464141 -0.10201911
v -0.19412479 -1.00420739 -0.08833113
v -0.18478921 -0.99100819 -0.09791002
v -0.18545242 -1.00393133 -0.09873273
v -0.17540434 -0.96759410 -0.10546657
v -0.16553688 -0.94544565 -0.11216830
v -0.16535094 -0.96751583 -0.11485477
v -0.19298570 -0.97244748 -0.08555856
v -0.18440875 -0.94753010 -0.09326225
v -0.18464902 -0.97113951 -0.09583402
v -0.19107882 -0.92695265 -0.08240992
v -0.18294397 -0.90014336 -0.08943206
v -0.17470588 -0.92393938 -0.10094077
v -0.18365644 -0.92491327 -0.09145319
v -0.16462067 -0.89681411 -0.10777712
v -0.16492209 -0.92077018 -0.10980896
v -0.18848575 -0.86784756 -0.07938428
v -0.17980738 -0.82980990 -0.08727493
v -0.17261333 -0.86407596 -0.09764178
v -0.18142679 -0.86724651 -0.08816110
v -0.18452875 -0.79450367 -0.07786221
v -0.17411091 -0.75061914 -0.08556909
v -0.16879885 -0.78991544 -0.09511752
v -0.17740856 -0.79084070 -0.08609251
v -0.15589453 -0.74467372 -0.10224098
v -0.15035734 -0.78456057 -0.11108215
v -0.16269247 -0.82369674 -0.10452690
v -0.16010759 -0.78538542 -0.10279795
v -0.15379698 -0.85973760 -0.11424371
v -0.16402818 -0.86011814 -0.10561284
v -0.19924103 -0.95068275 -0.07358302
v -0.20388394 -0.92652555 -0.06203936
v -0.19666990 -0.90368270 -0.07111508
v -0.19827489 -0.92664926 -0.07191814
v -0.20095792 -0.99356008 -0.07688709
v -0.20682311 -0.97203640 -0.06334647
v -0.20036971 -0.97230341 -0.07463420
v -0.21371637 -0.99317201 -0.05259231
v -0.21685729 -0.97402228 -0.03975610
v -0.21090780 -0.95012672 -0.05102585
v -0.21286006 -0.97434478 -0.05057440
v -0.21347118 -0.92904082 -0.03918034
v -0.20744991 -0.90314783 -0.05037338
v -0.20925695 -0.92924787 -0.05083262
v -0.20039539 -0.87125539 -0.06083872
v -0.19329958 -0.83245117 -0.06919995
v -0.19478329 -0.86786592 -0.07022353
v -0.20967031 -0.87069424 -0.03969841
v -0.20396480 -0.83415805 -0.04944200
v -0.20569397 -0.87103098 -0.04993438
v -0.20544020 -0.79816433 -0.04061919
v -0.19838083 -0.75411839 -0.05090504
v -0.19637296 -0.79463478 -0.06000506
v -0.20128261 -0.79391905 -0.05039356
v -0.18728417 -0.75474597 -0.06981186
v -0.19078342 -0.79468037 -0.06907655
v -0.19896889 -0.71612524 -0.04402214
v -0.19125678 -0.67145629 -0.05611191
v -0.18938284 -0.71267423 -0.06183629
v -0.19482961 -0.71428660 -0.05223423
v -0.19150202 -0.62830815 -0.04787639
v -0.18357646 -0.58225346 -0.05668570
v -0.18237181 -0.62399592 -0.06493603
v -0.18729527 -0.62711535 -0.05674105
v -0.17362480 -0.58273049 -0.07258773
v -0.17096588 -0.62323053 -0.08077344
v -0.18096240 -0.66858987 -0.07289544
v -0.17695701 -0.62368105 -0.07296634
v -0.17723362 -0.71270690 -0.07803789
v -0.18365335 -0.71283192 -0.07002894
v -0.21098141 -0.83505294 -0.02920529
v -0.21077334 -0.79295897 -0.02044571
v -0.20575568 -0.75373850 -0.03178401
v -0.20863400 -0.79760455 -0.03064076
v -0.21469037 -0.90241508 -0.02829820
v -0.21510707 -0.86954334 -0.01747472
v -0.21275700 -0.87017424 -0.02932066
v -0.21804694 -0.90133425 -0.00539310
v -0.21661286 -0.86799070 0.00543875
v -0.21455492 -0.83363613 -0.00695709
v -0.21635981 -0.86879293 -0.00555029
v -0.21282561 -0.79106497 0.00154743
v -0.20970145 -0.75208606 -0.01170631
v -0.21236684 -0.79208952 -0.00897294
v -0.20429170 -0.71016924 -0.02665490
v -0.19853356 -0.67172218 -0.03800159
v -0.20234169 -0.71556033 -0.03464851
v -0.20652349 -0.70769077 -0.00693598
v -0.20239996 -0.66697417 -0.01894846
v -0.20609419 -0.71007625 -0.01607436
v -0.19977300 -0.62107805 -0.01045239
v -0.19506592 -0.57904617 -0.02193205
v -0.19696574 -0.62296253 -0.02964594
v -0.19885477 -0.62341095 -0.02027148
v -0.19086116 -0.58346089 -0.03956569
v -0.19469178 -0.62791451 -0.03901873
v -0.19302522 -0.53610961 -0.01681401
v -0.18873104 -0.49295627 -0.02746955
v -0.19005083 -0.53790124 -0.03458181
v -0.19191220 -0.53655558 -0.02569528
v -0.18615582 -0.45257981 -0.01904352
v -0.18018132 -0.40872369 -0.02758291
v -0.18306982 -0.45393568 -0.03530877
v -0.18472778 -0.44972072 -0.02705853
v -0.17606116 -0.41272977 -0.04296303
v -0.17729642 -0.45409901 -0.05056673
v -0.18495230 -0.49794437 -0.04383873
v -0.18063002 -0.45423402 -0.04277262
v -0.18468726 -0.53854421 -0.05108566
v -0.18770340 -0.53838295 -0.04293382
v -0.20322782 -0.66323818 -0.00033042
v -0.19955217 -0.61833874 0.00771551
v -0.19657871 -0.57544354 -0.00414827
v -0.19989678 -0.61983259 -0.00192051
v -0.21011712 -0.74965788 0.00747214
v -0.20538001 -0.70467751 0.01318702
v -0.20635593 -0.70625173 0.00319886
v -0.20672409 -0.74038588 0.02697924
v -0.20110030 -0.69686571 0.03206803
v -0.20098914 -0.66001857 0.01969257
v -0.20354711 -0.70188109 0.02282182
v -0.19686759 -0.61489318 0.02628749
v -0.19564901 -0.57231073 0.01392155
v -0.19832100 -0.61661818 0.01779878
v -0.19341613 -0.53343514 0.00062699
v -0.19046237 -0.49031537 -0.01099785
v -0.19357623 -0.53483933 -0.00775878
v -0.19192925 -0.52999169 0.01813545
v -0.19007134 -0.48857236 0.00625457
v -0.19302196 -0.53288204 0.01005109
v -0.18567158 -0.44755810 0.01293666
v -0.18201835 -0.40411416 0.00390181
v -0.18696844 -0.45041359 -0.00392323
v -0.18626504 -0.44576492 0.00513683
v -0.18263718 -0.41024741 -0.01250150
v -0.18687205 -0.45157057 -0.01124203
v -0.17812941 -0.36894647 0.00897194
v -0.17568222 -0.33505503 0.00221299
v -0.17883023 -0.37274579 -0.00539477
v -0.17863367 -0.37092500 0.00200137
v -0.17254581 -0.29591565 0.00904614
v -0.16932396 -0.25338024 -0.00067430
v -0.17217623 -0.29497563 -0.00635819
v -0.17245198 -0.29383892 0.00090984
v -0.16851026 -0.25503121 -0.01450118
v -0.17018882 -0.29497696 -0.02016120
v -0.17513709 -0.33732316 -0.01287043
v -0.17127879 -0.29520479 -0.01386566
v -0.17764244 -0.37503890 -0.01962061
v -0.17856337 -0.37382997 -0.01256987
v -0.18750712 -0.48746783 0.02395051
v -0.18195969 -0.44200171 0.03002705
v -0.18044914 -0.40329427 0.01840411
v -0.18401503 -0.44448223 0.02171899
v -0.19280385 -0.56835492 0.03153458
v -0.18798032 -0.52487218 0.03589151
v -0.19028348 -0.52760846 0.02685384
v -0.18708484 -0.56271238 0.04921151
v -0.18253399 -0.52142020 0.05252106
v -0.18313407 -0.48205257 0.04084656
v -0.18568755 -0.52197488 0.04384992
v -0.17668002 -0.43825398 0.04645301
v -0.17649524 -0.40219230 0.03497722
v -0.17954673 -0.43941035 0.03780209
v -0.17549135 -0.36939473 0.02597360
v -0.17454378 -0.33336105 0.01841299
v -0.17712015 -0.37148144 0.01747869
v -0.17099845 -0.36408796 0.04220327
v -0.17186976 -0.32949693 0.03278363
v -0.17372500 -0.36748259 0.03361842
v -0.16730373 -0.28692509 0.03782777
v -0.16586500 -0.24437114 0.02690790
v -0.17092186 -0.28918112 0.02334755
v -0.16934609 -0.28649320 0.03011956
v -0.16860694 -0.25037190 0.01287684
v -0.17198423 -0.29179537 0.01566146
v -0.15983281 -0.20596227 0.03160981
v -0.15732958 -0.17649142 0.02304799
v -0.16396796 -0.21585171 0.01734874
v -0.16190336 -0.20884216 0.02419447
v -0.15620939 -0.13855423 0.02756432
v -0.15683283 -0.11420582 0.01740077
v -0.15685571 -0.14896404 0.01425593
v -0.15683132 -0.14293467 0.01986743
v -0.15845737 -0.12532074 0.00363469
v -0.15754244 -0.16017295 -0.00009306
v -0.16058040 -0.18508030 0.00813219
v -0.15736062 -0.15500760 0.00706665
v -0.16595459 -0.22191670 0.00282746
v -0.16511325 -0.21825509 0.01013068
v -0.16641508 -0.32627977 0.04902426
v -0.16112414 -0.28005303 0.05307314
v -0.16095656 -0.23725984 0.04186747
v -0.16427617 -0.28348692 0.04594525
v -0.17011833 -0.39638288 0.05172353
v -0.16474056 -0.36215341 0.05850672
v -0.16816542 -0.36216247 0.05046257
v -0.16246487 -0.39290325 0.06778293
v -0.15605122 -0.35278486 0.07312265
v -0.15888310 -0.31769931 0.06364942
v -0.16045644 -0.35745758 0.06630605
v -0.15255189 -0.27348784 0.06877229
v -0.15364632 -0.23279564 0.05786451
v -0.15698021 -0.27546978 0.06116424
v -0.15358450 -0.19794567 0.04733416
v -0.15355659 -0.16692792 0.03725149
v -0.15690331 -0.20192402 0.03960298
v -0.14883485 -0.15902290 0.05296550
v -0.14975340 -0.19373368 0.05513046
v -0.14673071 -0.08912549 0.04784566
v -0.15236520 -0.12907412 0.04351068
v -0.14885194 -0.12182718 0.05102346
v -0.15211651 -0.10216170 0.03265585
v -0.15462653 -0.13251074 0.03578465
v -0.16928088 -0.43399897 0.06312107
v -0.16770585 -0.47363127 0.07373995
v -0.15992756 -0.42776185 0.07854315
v -0.16519149 -0.43063148 0.07030617
v -0.17675602 -0.47646908 0.05679544
v -0.17383018 -0.43758192 0.05416841
v -0.17979205 -0.55793035 0.06551751
v -0.17475668 -0.51725338 0.06920212
v -0.17868880 -0.52049851 0.06153050
v -0.16982791 -0.55126410 0.08211180
v -0.16389253 -0.50861315 0.08555521
v -0.16911526 -0.51344347 0.07814201
v -0.15696941 -0.46560334 0.08876643
v -0.14872009 -0.42167569 0.09311875
v -0.15231056 -0.38443486 0.08291162
v -0.15486392 -0.42228120 0.08518936
v -0.15819606 -0.54363810 0.09681740
v -0.15145075 -0.50233304 0.09997555
v -0.15797030 -0.50604387 0.09295527
v -0.14421794 -0.53572007 0.11059027
v -0.13635711 -0.49390714 0.11309279
v -0.14329810 -0.45653339 0.10327264
v -0.14405569 -0.49809929 0.10705969
v -0.13424225 -0.41260440 0.10684596
v -0.13943404 -0.37904008 0.09839453
v -0.14168046 -0.41697979 0.10015004
v -0.14526818 -0.34752687 0.08831658
v -0.14923455 -0.31266067 0.07893753
v -0.15059669 -0.35180664 0.08133434
v -0.13798938 -0.30333050 0.09255678
v -0.13863375 -0.34294733 0.09620715
v -0.14105337 -0.26401307 0.08290150
v -0.13401850 -0.26274287 0.09102375
v -0.14778395 -0.27043517 0.07575509
v -0.15100405 -0.58604054 0.10856878
v -0.14285130 -0.62324376 0.11812366
v -0.13589709 -0.57831339 0.12085467
v -0.14293702 -0.58235468 0.11546825
v -0.16424328 -0.59328855 0.09417792
v -0.15701181 -0.62960072 0.10471200
v -0.15720207 -0.58959854 0.10225526
v -0.16434500 -0.67235513 0.10097204
v -0.15858317 -0.70912278 0.11327844
v -0.15001964 -0.66642576 0.11523873
v -0.15782388 -0.66952373 0.10789548
v -0.14400303 -0.69956956 0.12517010
v -0.13544119 -0.65850549 0.12698423
v -0.14285469 -0.66385023 0.12161477
v -0.12694639 -0.61250092 0.12919538
v -0.11786470 -0.56696750 0.13158755
v -0.12718666 -0.52757923 0.12316409
v -0.12686612 -0.57065963 0.12650100
v -0.12612831 -0.69431068 0.13661376
v -0.11706350 -0.65151255 0.13772486
v -0.12653470 -0.65401232 0.13227907
v -0.10724687 -0.68559918 0.14511486
v -0.09747843 -0.64311541 0.14589631
v -0.10787624 -0.60667376 0.13929484
v -0.10710744 -0.64425357 0.14195810
v -0.09796081 -0.56053683 0.14055490
v -0.10876584 -0.51991217 0.13284829
v -0.10842339 -0.56349076 0.13609686
v -0.11955584 -0.48566294 0.12455447
v -0.12800168 -0.44797103 0.11563148
v -0.12819363 -0.48979537 0.11898796
v -0.09994668 -0.47833827 0.13372296
v -0.11016272 -0.43959943 0.12609177
v -0.10966740 -0.48201043 0.12961406
v -0.09998403 -0.39496840 0.12817626
v -0.11862893 -0.40353688 0.11798200
v -0.10958157 -0.39915977 0.12329794
v -0.12664919 -0.40809411 0.11278101
v -0.08749901 -0.59646231 0.14644393
v -0.07671019 -0.55026411 0.14700397
v -0.08814384 -0.51356891 0.14067670
v -0.08776101 -0.55757401 0.14395222
v -0.08560258 -0.67725442 0.15169378
v -0.07567369 -0.63328769 0.15202245
v -0.08684651 -0.64001523 0.14916466
v -0.06277079 -0.66966155 0.15694697
v -0.06484370 -0.59241431 0.15220400
v -0.06470866 -0.63144950 0.15445392
v -0.06609693 -0.50857052 0.14676661
v -0.06597780 -0.54799453 0.14951207
v -0.07921607 -0.47188971 0.14064096
v -0.09029325 -0.43207362 0.13439778
v -0.08976936 -0.47496076 0.13722740
v -0.06694638 -0.42546927 0.14125819
v -0.06743633 -0.46954162 0.14373719
v -0.07750510 -0.38733558 0.13684961
v -0.06671823 -0.38435433 0.13970688
v -0.08855834 -0.39059009 0.13309780
v -0.11609346 -0.72696261 0.14417001
v -0.10567552 -0.75922823 0.15110815
v -0.09609852 -0.71874340 0.15134719
v -0.10690641 -0.72533078 0.14805808
v -0.13531347 -0.73766855 0.13460516
v -0.12506284 -0.77081121 0.14330186
v -0.12610379 -0.73343895 0.13975106
v -0.13586130 -0.81058591 0.14198803
v -0.12522300 -0.84374170 0.14991082
v -0.11765490 -0.80327457 0.15104356
v -0.12643218 -0.80882654 0.14713694
v -0.10652166 -0.83356856 0.15702507
v -0.09493455 -0.79589225 0.15730572
v -0.10571496 -0.79700643 0.15399800
v -0.08478637 -0.75213624 0.15711240
v -0.07360237 -0.71190246 0.15690956
v -0.08500907 -0.71772348 0.15432140
v -0.07272015 -0.78453997 0.16191309
v -0.08454930 -0.78972656 0.15955825
v -0.06279412 -0.74588869 0.16152872
v -0.06201715 -0.78389261 0.16391042
v -0.06332753 -0.71095090 0.15912772
v -0.14290176 -0.77761602 0.13294801
v -0.15302591 -0.81844894 0.13069389
v -0.14355841 -0.84982302 0.13984943
v -0.14470548 -0.81654757 0.13674885
v -0.15088252 -0.74439773 0.12357419
v -0.14329576 -0.73764004 0.12910429
v -0.16535901 -0.74917647 0.10954253
v -0.16021903 -0.78449451 0.12155050
v -0.15886853 -0.74693716 0.11645552
v -0.16789953 -0.82630189 0.11779866
v -0.15986987 -0.85720595 0.12777149
v -0.16028378 -0.82031110 0.12462368
v -0.15003941 -0.88382797 0.13743994
v -0.13889586 -0.91053707 0.14596693
v -0.13227022 -0.88058407 0.14824707
v -0.14095722 -0.88164507 0.14338007
v -0.16566041 -0.88888064 0.12460880
v -0.15700301 -0.91249040 0.13373213
v -0.15859464 -0.88768735 0.13093003
v -0.16374999 -0.94274431 0.12982833
v -0.15444892 -0.96568645 0.13793206
v -0.14678584 -0.93889488 0.14215049
v -0.15561365 -0.93897631 0.13615541
v -0.13569448 -0.96453061 0.14880991
v -0.12638118 -0.93691565 0.15293397
v -0.13649373 -0.93743382 0.14808808
v -0.12104794 -0.90565700 0.15469869
v -0.11382179 -0.87122814 0.15624652
v -0.12321147 -0.87587531 0.15250849
v -0.11024536 -0.93171688 0.15926456
v -0.11917067 -0.93343743 0.15595767
v -0.10261711 -0.89773394 0.16129830
v -0.10112636 -0.92991288 0.16215556
v -0.10416778 -0.86666069 0.15947001
v -0.17216768 -0.91819519 0.12018442
v -0.17821456 -0.94456621 0.11576018
v -0.17130926 -0.96954182 0.12444724
v -0.17159005 -0.94362505 0.12263371
v -0.17441228 -0.86310489 0.11357326
v -0.18045508 -0.89365634 0.10891526
v -0.17338241 -0.89037364 0.11701480
v -0.18699242 -0.86770347 0.09767026
v -0.19237720 -0.89846466 0.09239953
v -0.18642608 -0.92405709 0.10375138
v -0.18630704 -0.89694670 0.10136049
v -0.19204631 -0.94967999 0.09845421
v -0.18529603 -0.97195711 0.10985233
v -0.18558558 -0.94566642 0.10706271
v -0.17830353 -0.98808949 0.11923679
v -0.16859906 -1.00083091 0.12916584
v -0.16190825 -0.98448512 0.13340519
v -0.17039025 -0.98501612 0.12660719
v -0.19230168 -0.98980719 0.10298624
v -0.18514424 -1.00266183 0.11335023
v -0.18551536 -0.98787267 0.11133458
v -0.19118584 -1.01400760 0.10752683
v -0.17501533 -1.00928437 0.12489015
v -0.18287183 -1.00974887 0.11716937
v -0.15719558 -1.01010328 0.13894924
v -0.16671470 -1.01082183 0.13198677
v -0.15021278 -0.99548459 0.14261995
v -0.14474789 -0.98347586 0.14462029
v -0.15405099 -0.98393414 0.13894733
v -0.14212863 -1.01041334 0.14825516
v -0.14991787 -1.01047264 0.14373146
v -0.13364209 -0.99549509 0.15175958
v -0.13455232 -1.01244151 0.15230804
v -0.13592937 -0.98315833 0.14921847
v -0.19788032 -0.92959002 0.08667500
v -0.20342343 -0.95741565 0.08017094
v -0.19814820 -0.97789154 0.09242358
v -0.19788476 -0.95361362 0.08957539
v -0.19777597 -0.87827270 0.08036083
v -0.20312915 -0.90815416 0.07333718
v -0.19804007 -0.90342379 0.08310834
v -0.20698100 -0.88484345 0.06045552
v -0.21107740 -0.91706444 0.05402550
v -0.20783025 -0.93505036 0.06683755
v -0.20766143 -0.91280029 0.06330152
v -0.21285365 -0.96481123 0.05924411
v -0.20913331 -0.98213435 0.07237244
v -0.20810827 -0.95832650 0.07032572
v -0.20417513 -0.99353166 0.08493835
v -0.19836026 -1.00572499 0.09626993
v -0.19850013 -0.99279766 0.09416935
v -0.21408259 -0.99924217 0.06403177
v -0.20986218 -1.00922951 0.07617870
v -0.20976506 -0.99649410 0.07414913
v -0.21473256 -1.02432429 0.06821145
v -0.20391810 -1.01965176 0.08927994
v -0.20969856 -1.02203129 0.07891345
v -0.19821661 -1.01730933 0.09818668
v -0.21555160 -0.94302865 0.04547564
v -0.21946823 -0.96891967 0.03681686
v -0.21745641 -0.98825560 0.05060941
v -0.21628235 -0.96546784 0.04871859
v -0.21376116 -0.89438866 0.03948970
v -0.21712966 -0.92238277 0.03141740
v -0.21430114 -0.91820678 0.04343683
v -0.21755480 -0.89976381 0.01776115
v -0.21985347 -0.92706906 0.00822281
v -0.22038381 -0.94754468 0.02214705
v -0.21897632 -0.92327259 0.01923392
v -0.22305152 -0.97268074 0.01228211
v -0.22327489 -0.99377844 0.02536129
v -0.22175136 -0.97206584 0.02457432
v -0.22133352 -1.00236101 0.04068569
v -0.21865258 -1.01420730 0.05448075
v -0.21815142 -1.00193245 0.05242383
v -0.22555117 -1.00695776 0.01506337
v -0.22500718 -1.01670929 0.02832258
v -0.22400207 -1.00471633 0.02734459
v -0.22736514 -1.03166619 0.01663746
v -0.22286671 -1.02681964 0.04312377
v -0.22579685 -1.02871331 0.02935369
v -0.21911665 -1.02636088 0.05620960
v -0.22158892 -0.95156197 -0.00178965
v -0.22230438 -0.97340360 -0.01397011
v -0.22486341 -0.99445088 0.00049048
v -0.22321218 -0.97298273 -0.00023128
v -0.21864701 -0.92817074 -0.01633065
v -0.21978677 -0.92759078 -0.00290889
v -0.21836057 -0.95237155 -0.02774000
v -0.21646228 -0.92862589 -0.02839253
v -0.22188923 -0.99501981 -0.02696392
v -0.22030622 -0.97373063 -0.02635181
v -0.22525592 -1.00731490 -0.01361384
v -0.22703843 -1.01683191 0.00123952
v -0.22604728 -1.00714981 0.00136391
v -0.21960871 -1.00572535 -0.03975807
v -0.22387684 -1.01698937 -0.02761179
v -0.22289958 -1.00554647 -0.02735751
v -0.22097381 -1.02857354 -0.04153493
v -0.22710149 -1.02998519 -0.01304863
v -0.22468893 -1.02848381 -0.02780423
v -0.22792498 -1.03010616 0.00193965
v -0.20942063 -0.85590542 0.04838798
v -0.21130519 -0.82369223 0.03465377
v -0.21453722 -0.86229535 0.02711685
v -0.21232112 -0.85730830 0.03783866
v -0.20695044 -0.78113794 0.04189731
v -0.21147902 -0.78865872 0.02147195
v -0.20952720 -0.78348149 0.03162626
v -0.21429446 -0.82776937 0.01451512
v -0.21254204 -0.78996563 0.01089942
v -0.21596145 -0.86340479 0.01625198
v -0.20216971 -0.84922793 0.06772100
v -0.20518812 -0.81415790 0.05501359
v -0.20627140 -0.85084836 0.05761771
v -0.19275206 -0.83822029 0.08557353
v -0.19681194 -0.80609942 0.07358143
v -0.19737811 -0.84416762 0.07743569
v -0.19022447 -0.76404665 0.07800907
v -0.19229076 -0.72777462 0.06443530
v -0.19987894 -0.77318785 0.06053126
v -0.19510090 -0.76792666 0.07000275
v -0.20091404 -0.73310533 0.04527409
v -0.20342096 -0.77518316 0.05182515
v -0.18675988 -0.68834597 0.06882818
v -0.18905684 -0.65028471 0.05650096
v -0.19478146 -0.69295177 0.05086159
v -0.19098689 -0.69096719 0.06019336
v -0.18469348 -0.60470548 0.06220980
v -0.19181407 -0.61059046 0.04471778
v -0.18876674 -0.60760691 0.05295886
v -0.19625921 -0.65622537 0.03825654
v -0.19463886 -0.61273218 0.03589821
v -0.19849719 -0.69510835 0.04096897
v -0.18640142 -0.79827791 0.09101429
v -0.17826997 -0.75825901 0.09404845
v -0.18307666 -0.71960827 0.08105740
v -0.18436261 -0.76102974 0.08688277
v -0.18113630 -0.83038128 0.10238248
v -0.18699559 -0.83612667 0.09468764
v -0.17421521 -0.79357345 0.10712241
v -0.17481090 -0.82918204 0.11032418
v -0.17170155 -0.71449838 0.09785789
v -0.17246432 -0.75174623 0.10142394
v -0.17658421 -0.67845146 0.08527636
v -0.18017351 -0.64172504 0.07356564
v -0.18178070 -0.68119693 0.07725093
v -0.16959993 -0.63597589 0.08939535
v -0.17072336 -0.67549509 0.09264443
v -0.17566689 -0.59994640 0.07827156
v -0.16965360 -0.59656306 0.08706581
v -0.18028571 -0.60276947 0.07058819
v -0.15822703 -0.11079273 -0.00474222
v -0.15498332 -0.09298987 -0.01249121
v -0.15736453 -0.11170872 -0.01847603
v -0.15789180 -0.13153430 -0.00919205
v -0.15794678 -0.11106871 -0.01179164
v -0.15282056 -0.07248826 -0.00659916
v -0.15292875 -0.05016337 -0.01389111
v -0.15193114 -0.07299973 -0.01968787
v -0.15247043 -0.07272146 -0.01326092
v -0.15153123 -0.04996540 -0.02603749
v -0.15025983 -0.07541934 -0.03180052
v -0.15448266 -0.09691367 -0.02525044
v -0.15101118 -0.07282903 -0.02565643
v -0.15523090 -0.11437533 -0.03113316
v -0.15657181 -0.13240860 -0.02248094
v -0.15655184 -0.11199131 -0.02501273
v -0.15726831 -0.16264561 -0.01402485
v -0.16157959 -0.18800389 -0.00579524
v -0.15761969 -0.16186646 -0.00716749
v -0.15569937 -0.16054956 -0.02625756
v -0.16098821 -0.18936041 -0.02000810
v -0.15674795 -0.16295003 -0.01991060
v -0.16417962 -0.22279264 -0.02443255
v -0.16581499 -0.22298519 -0.01119005
v -0.16528302 -0.22352995 -0.01736071
v -0.16602569 -0.22183836 -0.00389378
v -0.15592322 -0.10038201 0.00931229
v -0.15448567 -0.08765834 0.00126160
v -0.15717038 -0.10547339 0.00194106
v -0.15258084 -0.09117094 0.02373625
v -0.15227074 -0.07493989 0.01647978
v -0.15428355 -0.09532673 0.01640799
v -0.15131844 -0.04619433 0.02379027
v -0.15244651 -0.02869597 0.01531947
v -0.15229023 -0.05792562 0.00822601
v -0.15216310 -0.05024046 0.01501515
v -0.15348191 -0.04300389 -0.00018292
v -0.15245491 -0.06535884 0.00029636
v -0.15173738 -0.00813232 0.02161830
v -0.15300362 0.00204055 0.01216089
v -0.15266779 -0.01897925 0.00661618
v -0.15222290 -0.01271577 0.01375593
v -0.15363594 0.01850309 0.01669357
v -0.15485763 0.02935862 0.00611782
v -0.15381298 0.00998811 0.00191572
v -0.15390117 0.01553577 0.00907512
v -0.15460425 0.01736005 -0.00735582
v -0.15280105 -0.00427535 -0.01009375
v -0.15289869 -0.01189828 -0.00164066
v -0.15337893 0.00240204 -0.00355944
v -0.15343024 -0.03432704 -0.00805072
v -0.15305706 -0.02527547 -0.00045959
v -0.14994753 -0.06070782 0.03193016
v -0.14824711 -0.02746177 0.04025348
v -0.15030547 -0.01393107 0.03026065
v -0.14999917 -0.03616578 0.03168531
v -0.14835860 -0.07437515 0.04000467
v -0.15034245 -0.08096681 0.03127509
v -0.14584700 -0.04141033 0.04901876
v -0.14598988 -0.06698176 0.04915108
v -0.14811425 0.00263439 0.04665951
v -0.14638653 -0.01749862 0.04802502
v -0.15045008 0.00756665 0.03720908
v -0.15215647 0.01202394 0.02716832
v -0.15135252 -0.00035709 0.02904238
v -0.14977840 0.02794448 0.04157958
v -0.14926254 0.01617674 0.04453115
v -0.15256301 0.04874049 0.03936020
v -0.15203649 0.03586129 0.03030432
v -0.15103581 0.04021067 0.03899762
v -0.15402676 0.03972230 0.02071266
v -0.15314044 0.02773771 0.02303688
v -0.15494561 0.02223287 -0.01534627
v -0.15457642 0.03067885 -0.02305798
v -0.15367043 0.02126287 -0.02801927
v -0.15357571 0.01180074 -0.01914328
v -0.15437745 0.02162854 -0.02168059
v -0.15598633 0.04025668 -0.01817299
v -0.15621639 0.04689535 -0.02524769
v -0.15436856 0.03823965 -0.03012334
v -0.15519097 0.04008845 -0.02446352
v -0.15433989 0.04533336 -0.03639527
v -0.15263945 0.03557747 -0.04092462
v -0.15313599 0.03023888 -0.03492905
v -0.15362451 0.03828919 -0.03578247
v -0.15167308 0.01817855 -0.03870406
v -0.15203180 0.00976805 -0.03130737
v -0.15264169 0.01955424 -0.03314994
v -0.15164724 -0.00344533 -0.02268335
v -0.15234575 -0.01790283 -0.01496133
v -0.15232958 -0.00330638 -0.01621319
v -0.14957826 -0.00487764 -0.03437913
v -0.15075022 -0.01786500 -0.02698289
v -0.15079415 -0.00321174 -0.02890147
v -0.15056528 -0.03618927 -0.03265374
v -0.15229246 -0.03179651 -0.02039612
v -0.15148650 -0.03166218 -0.02628981
v -0.15288194 -0.03178533 -0.01444638
v -0.15524979 0.03392742 -0.00294011
v -0.15571965 0.03746107 -0.01053648
v -0.15524927 0.02718804 -0.00899999
v -0.15517265 0.04054900 0.01234718
v -0.15660223 0.04680621 0.00253327
v -0.15517346 0.03801963 0.00392817
v -0.15804837 0.05303049 0.01018308
v -0.16018064 0.05825490 0.00103581
v -0.15752012 0.04919753 -0.00524724
v -0.15822951 0.05264129 0.00163404
v -0.15811066 0.05123744 -0.01329625
v -0.15664177 0.04484135 -0.01225413
v -0.16130809 0.05997999 0.00920106
v -0.16238233 0.06131766 0.00048214
v -0.16015541 0.05614638 -0.00658230
v -0.16116481 0.05934661 0.00099175
v -0.16322811 0.06234850 0.00837065
v -0.16512802 0.06419839 -0.00053155
v -0.16277505 0.06057870 -0.00792774
v -0.16380255 0.06263440 0.00032777
v -0.16243243 0.05756925 -0.01447038
v -0.15974605 0.05147573 -0.01983514
v -0.16013130 0.05476307 -0.01345443
v -0.16127943 0.05638425 -0.01434538
v -0.15771077 0.04811563 -0.01935481
v -0.15899919 0.05250892 -0.01307426
v -0.15727230 0.05451598 0.01890328
v -0.15974876 0.06455242 0.02633539
v -0.16155066 0.06516667 0.01677232
v -0.15919428 0.05962791 0.01763325
v -0.15548115 0.05301109 0.02810099
v -0.15539939 0.04673074 0.01974600
v -0.15683769 0.06221688 0.03782120
v -0.15461070 0.05567903 0.03798593
v -0.16163354 0.07232903 0.03642830
v -0.15929296 0.06755888 0.03658448
v -0.16325461 0.07128683 0.02586017
v -0.16424561 0.06831439 0.01601133
v -0.16258406 0.06611156 0.01690834
v -0.16408789 0.07547020 0.03509766
v -0.16267654 0.07360303 0.03596230
v -0.16654712 0.07828770 0.03488759
v -0.16593451 0.07466490 0.02454118
v -0.16518560 0.07665736 0.03571251
v -0.16696760 0.07133899 0.01537712
v -0.16525161 0.06940539 0.01542733
v -0.16204101 0.05465574 -0.02083087
v -0.16248731 0.05643400 -0.02761696
v -0.16023987 0.05458425 -0.03286437
v -0.16040511 0.05493503 -0.02704852
v -0.16128611 0.05497503 -0.02707052
v -0.16406037 0.05550095 -0.02101758
v -0.16473003 0.05905882 -0.02820340
v -0.16265537 0.05638168 -0.03298751
v -0.16340231 0.05648200 -0.02766896
v -0.16208478 0.05583084 -0.03835552
v -0.15967893 0.05359305 -0.04283616
v -0.16004736 0.05376676 -0.03776990
v -0.16147130 0.05562205 -0.03800032
v -0.15774056 0.05230625 -0.04254238
v -0.15832483 0.05260135 -0.03732815
v -0.15895521 0.05280883 -0.03765931
v -0.15794683 0.05151466 -0.03200127
v -0.15792028 0.05064291 -0.02603174
v -0.15896128 0.05197391 -0.02618974
v -0.15537508 0.04860462 -0.04232580
v -0.15582369 0.04931512 -0.03710923
v -0.15674142 0.05045977 -0.03736603
v -0.15376797 0.04580674 -0.04181319
v -0.15603266 0.04795816 -0.03130712
v -0.15492593 0.04672924 -0.03665053
v -0.15700939 0.04841935 -0.02548169
v -0.16510789 0.06263424 -0.00896857
v -0.16456821 0.05938548 -0.01495330
v -0.16348921 0.05828948 -0.01470630
v -0.16597009 0.06585391 0.00746319
v -0.16729852 0.06647636 -0.00166369
v -0.16608702 0.06522539 -0.00092655
v -0.16826214 0.06713090 0.00707738
v -0.16935633 0.06765906 -0.00151016
v -0.16739177 0.06493947 -0.00928193
v -0.16838833 0.06676506 -0.00202216
v -0.16676484 0.06142271 -0.01605973
v -0.16580084 0.06047371 -0.01570373
v -0.15739105 0.05703473 -0.04966765
v -0.15439630 0.05979588 -0.05609539
v -0.15537593 0.05486320 -0.04916293
v -0.15648593 0.05611320 -0.04933593
v -0.15919108 0.05969018 -0.05055704
v -0.15615290 0.06222966 -0.05681404
v -0.15828527 0.05788014 -0.05002097
v -0.15428614 0.06549796 -0.06304155
v -0.15264873 0.06315424 -0.06252166
v -0.15360751 0.06463997 -0.06272619
v -0.15082110 0.06120026 -0.06220524
v -0.15183010 0.06235826 -0.06228024
v -0.15241040 0.05619619 -0.05540843
v -0.15323488 0.05155494 -0.04881284
v -0.15422388 0.05295394 -0.04901784
v -0.14692925 0.05802621 -0.06621748
v -0.14921452 0.05727471 -0.06109275
v -0.15009204 0.05946970 -0.06156478
v -0.14534221 0.05482488 -0.06609610
v -0.14760901 0.05310923 -0.06089088
v -0.15085006 0.05271891 -0.05457878
v -0.14823524 0.05562561 -0.06129511
v -0.15191410 0.04764217 -0.04804037
v -0.15262310 0.04920117 -0.04819837
v -0.14344503 0.06427453 -0.07244097
v -0.13900676 0.06766327 -0.07835096
v -0.14183069 0.05990607 -0.07240467
v -0.14288356 0.06204944 -0.07206632
v -0.14031818 0.07162074 -0.07871660
v -0.14402172 0.06598691 -0.07280692
v -0.13544671 0.07273427 -0.08355415
v -0.13604556 0.07466575 -0.08373722
v -0.13414873 0.06901056 -0.08350059
v -0.13484071 0.07133127 -0.08358515
v -0.13739417 0.05901228 -0.07716360
v -0.14033946 0.04610244 -0.07024018
v -0.14412873 0.04627437 -0.06465447
v -0.14093257 0.05327426 -0.07104315
v -0.12931393 0.06808795 -0.08722115
v -0.13318348 0.05652268 -0.08103621
v -0.13352872 0.06257244 -0.08227048
v -0.12816198 0.05347392 -0.08478058
v -0.13237488 0.04023222 -0.07895637
v -0.13640248 0.04416689 -0.07511261
v -0.13268274 0.04955990 -0.08006869
v -0.13990716 0.02841375 -0.06907458
v -0.14349396 0.02986919 -0.06398074
v -0.14024582 0.03913724 -0.06939095
v -0.14649115 0.04013853 -0.05901196
v -0.14948628 0.04497000 -0.05343573
v -0.14666631 0.04662750 -0.05996893
v -0.14591806 0.02246717 -0.05804918
v -0.14866364 0.02903666 -0.05257604
v -0.14633262 0.03160916 -0.05850827
v -0.14957297 0.01296707 -0.04434503
v -0.15096020 0.03145482 -0.04681395
v -0.15051575 0.02263199 -0.04601457
v -0.15124466 0.04091682 -0.04724719
v -0.13599815 0.02366543 -0.07329035
v -0.13852595 0.00444269 -0.06425600
v -0.14220935 0.00950956 -0.06074605
v -0.13967798 0.01581754 -0.06731165
v -0.12736062 0.03126856 -0.08234057
v -0.13150955 0.01450833 -0.07549877
v -0.13196469 0.02765246 -0.07796751
v -0.12617199 0.00291462 -0.07741319
v -0.13012428 -0.01457369 -0.07094022
v -0.13419494 -0.00304400 -0.06754323
v -0.13036033 0.00045288 -0.07287958
v -0.13811532 -0.02621938 -0.06092907
v -0.14077031 -0.01705210 -0.05674059
v -0.13756709 -0.01013460 -0.06216108
v -0.14378304 -0.00178496 -0.05250496
v -0.14696003 0.00564817 -0.04833917
v -0.14451399 0.00979984 -0.05548702
v -0.14429646 -0.03175462 -0.04978727
v -0.14604753 -0.02349742 -0.04529421
v -0.14346252 -0.01590881 -0.05100800
v -0.14900908 -0.04521441 -0.03866080
v -0.14786998 -0.01387257 -0.03976013
v -0.14831986 -0.02748084 -0.03886750
v -0.14853660 0.00032486 -0.04115405
v -0.13513188 -0.04243851 -0.06505388
v -0.13797921 -0.07295506 -0.06002883
v -0.14157712 -0.05425904 -0.05512618
v -0.13868515 -0.04844429 -0.06031706
v -0.12680103 -0.03366200 -0.07403824
v -0.13069191 -0.06071340 -0.06895751
v -0.13086448 -0.03558360 -0.06983915
v -0.12751636 -0.08700496 -0.07434128
v -0.13515338 -0.11117478 -0.07002302
v -0.13656314 -0.08952738 -0.06459747
v -0.13190873 -0.08681265 -0.06972280
v -0.14324382 -0.11605103 -0.05933751
v -0.14493939 -0.10055813 -0.05495821
v -0.14058912 -0.09520811 -0.06027478
v -0.14448719 -0.08037621 -0.04910087
v -0.14577275 -0.06126893 -0.04407927
v -0.14382188 -0.05682319 -0.04991773
v -0.14907920 -0.12297652 -0.04819299
v -0.15112656 -0.10747381 -0.04347518
v -0.14783061 -0.10262545 -0.04950249
v -0.15382558 -0.12834725 -0.03522886
v -0.15006255 -0.08939607 -0.03761768
v -0.15316927 -0.10824931 -0.03766307
v -0.14780960 -0.06863215 -0.03824361
v -0.13985649 -0.14305307 -0.06157045
v -0.14719680 -0.17713683 -0.05602271
v -0.14726236 -0.14891167 -0.05020531
v -0.14346099 -0.14494874 -0.05626256
v -0.13085976 -0.14207868 -0.07193463
v -0.13915714 -0.17652268 -0.06683541
v -0.13583515 -0.14470064 -0.06647946
v -0.13922612 -0.21499260 -0.07184683
v -0.14733038 -0.24732813 -0.06655526
v -0.14784821 -0.21145766 -0.06148610
v -0.14387321 -0.21347725 -0.06682770
v -0.15524310 -0.24458671 -0.05492152
v -0.15521448 -0.21614199 -0.05016518
v -0.15180292 -0.21418553 -0.05599962
v -0.15373641 -0.18390345 -0.04498658
v -0.15227309 -0.15334900 -0.03850828
v -0.15006566 -0.15217924 -0.04438448
v -0.16149906 -0.24718596 -0.04220779
v -0.16040662 -0.21831009 -0.03780579
v -0.15798326 -0.21698367 -0.04411026
v -0.16579861 -0.24969742 -0.02856449
v -0.15873928 -0.18912805 -0.03244464
v -0.16239532 -0.21844719 -0.03081969
v -0.15421794 -0.15823486 -0.03251436
v -0.15409960 -0.29015981 -0.06071769
v -0.16149797 -0.33175173 -0.05458727
v -0.16123298 -0.29039096 -0.04734213
v -0.15792150 -0.29055695 -0.05418847
v -0.14538732 -0.28869753 -0.07289608
v -0.15405675 -0.33391090 -0.06780450
v -0.15003807 -0.28715726 -0.06681600
v -0.15225292 -0.37878959 -0.07394723
v -0.16030947 -0.41419338 -0.06983483
v -0.16155019 -0.37768268 -0.06203974
v -0.15701520 -0.37618509 -0.06812490
v -0.16931165 -0.41191721 -0.05693921
v -0.16925441 -0.37541489 -0.04832058
v -0.16563548 -0.37681698 -0.05539458
v -0.16803353 -0.33675655 -0.04083746
v -0.16645665 -0.29342643 -0.03420320
v -0.16419166 -0.29204783 -0.04038329
v -0.17419441 -0.37598211 -0.03482901
v -0.17228902 -0.37584738 -0.04091980
v -0.17227150 -0.33365776 -0.02700854
v -0.17615090 -0.37500574 -0.02728404
v -0.16855183 -0.29443311 -0.02722200
v -0.14359804 -0.32976505 -0.08034652
v -0.14067356 -0.37451507 -0.08563002
v -0.14933549 -0.41554608 -0.08158273
v -0.14648250 -0.37617520 -0.07991507
v -0.13695482 -0.24553586 -0.07718289
v -0.13377221 -0.28718400 -0.08474917
v -0.14037972 -0.28778486 -0.07866581
v -0.12485606 -0.24648673 -0.08712756
v -0.12070189 -0.28227252 -0.09460263
v -0.13101195 -0.32487299 -0.09251158
v -0.12773483 -0.28489890 -0.08954410
v -0.12656378 -0.37371153 -0.09729119
v -0.13544423 -0.41321770 -0.09298336
v -0.13353853 -0.37670919 -0.09170097
v -0.14644147 -0.45242337 -0.09053701
v -0.15715802 -0.49547701 -0.08746631
v -0.15971103 -0.45528062 -0.07758964
v -0.15281447 -0.45332639 -0.08445930
v -0.13150035 -0.45348773 -0.10240238
v -0.14221243 -0.49097855 -0.10031020
v -0.13890232 -0.45073546 -0.09659100
v -0.13668373 -0.53548332 -0.10672800
v -0.14564784 -0.57860496 -0.10099521
v -0.15228005 -0.53834536 -0.09459870
v -0.14475352 -0.53699011 -0.10080721
v -0.16114206 -0.57646175 -0.08701132
v -0.16607325 -0.54078273 -0.08072915
v -0.15954365 -0.53836823 -0.08775152
v -0.16850481 -0.49629268 -0.07462564
v -0.16909947 -0.45298411 -0.06481230
v -0.16432439 -0.45623706 -0.07195025
v -0.17626326 -0.53783332 -0.06713965
v -0.17141828 -0.54156791 -0.07416532
v -0.17811146 -0.49773119 -0.05984088
v -0.18070370 -0.53902083 -0.05934500
v -0.17366337 -0.45375377 -0.05757201
v -0.12492119 -0.48953236 -0.11211205
v -0.11724398 -0.53223782 -0.11886662
v -0.12751619 -0.57377146 -0.11372112
v -0.12711436 -0.53389027 -0.11299502
v -0.11907607 -0.41168497 -0.10421545
v -0.11342558 -0.45032597 -0.11300217
v -0.12208058 -0.44950008 -0.10786717
v -0.10032262 -0.41011246 -0.11452934
v -0.09291835 -0.44728136 -0.12260016
v -0.10541130 -0.48848707 -0.12261784
v -0.10307403 -0.44877063 -0.11816427
v -0.09653472 -0.52890434 -0.12875818
v -0.10740708 -0.56832083 -0.12487297
v -0.10651596 -0.53049827 -0.12431612
v -0.11903307 -0.61695469 -0.12233247
v -0.13158779 -0.65871143 -0.11738994
v -0.13986217 -0.61963999 -0.10905770
v -0.12966786 -0.61627430 -0.11587986
v -0.09787137 -0.61346037 -0.13272525
v -0.11034605 -0.65857566 -0.12986774
v -0.10895958 -0.61097609 -0.12720343
v -0.09962429 -0.69304264 -0.13588434
v -0.11256309 -0.73739646 -0.12975559
v -0.12328426 -0.69968024 -0.12347779
v -0.11168821 -0.69876281 -0.12988177
v -0.13604900 -0.74326992 -0.11670856
v -0.14432693 -0.70574363 -0.10928458
v -0.13417984 -0.70152940 -0.11669187
v -0.15082528 -0.66258570 -0.10345784
v -0.15628121 -0.62162544 -0.09584684
v -0.14833786 -0.62065049 -0.10258254
v -0.16199412 -0.70724108 -0.09414446
v -0.15312450 -0.70641211 -0.10225826
v -0.16792905 -0.66821192 -0.08827980
v -0.17005072 -0.70883535 -0.08601709
v -0.16451624 -0.62259769 -0.08795153
v -0.08647445 -0.65123779 -0.14097706
v -0.07485923 -0.69121098 -0.14509792
v -0.08908331 -0.73178259 -0.13997243
v -0.08790984 -0.69223777 -0.14055212
v -0.08501203 -0.56956048 -0.13452706
v -0.07492908 -0.60688606 -0.14034470
v -0.08590964 -0.60782489 -0.13689741
v -0.06168371 -0.56269814 -0.14105861
v -0.04998902 -0.60420870 -0.14626654
v -0.06355687 -0.64916381 -0.14780491
v -0.06266005 -0.60570921 -0.14363009
v -0.05007960 -0.69088333 -0.15126705
v -0.06491376 -0.72978861 -0.14766513
v -0.06273118 -0.69043584 -0.14837992
v -0.07896858 -0.77174883 -0.14641475
v -0.09232491 -0.80790740 -0.14507902
v -0.10330636 -0.77464538 -0.13761949
v -0.09174563 -0.77281951 -0.14212461
v -0.05334448 -0.76675838 -0.15228686
v -0.06677308 -0.80653437 -0.15251422
v -0.06681633 -0.76695970 -0.14940401
v -0.05338624 -0.83999149 -0.15767844
v -0.06834987 -0.87591726 -0.15738980
v -0.08056982 -0.84094652 -0.15154054
v -0.06794003 -0.84058654 -0.15475238
v -0.09479324 -0.87660756 -0.14940633
v -0.10690299 -0.84317373 -0.14200513
v -0.09408894 -0.84158620 -0.14705242
v -0.11800257 -0.81332771 -0.13417249
v -0.12793334 -0.77885394 -0.12580121
v -0.11566624 -0.77398738 -0.13193093
v -0.13166452 -0.85092241 -0.12944173
v -0.11956460 -0.84649699 -0.13608853
v -0.14175999 -0.81861834 -0.12047060
v -0.14305625 -0.85345972 -0.12202435
v -0.13941034 -0.77967319 -0.11861773
v -0.04127151 -0.80158983 -0.15665473
v -0.02764283 -0.83557760 -0.16060599
v -0.04197233 -0.87183093 -0.16184550
v -0.04137340 -0.83979699 -0.15944810
v -0.03995172 -0.72840123 -0.15258944
v -0.02723657 -0.76552504 -0.15563230
v -0.04098638 -0.76595325 -0.15418676
v -0.01357313 -0.72770540 -0.15469608
v 0.00189746 -0.76796974 -0.15620603
v -0.01439909 -0.80112504 -0.15859019
v -0.01423894 -0.76528265 -0.15615677
v 0.00228364 -0.83896224 -0.16126692
v -0.01392702 -0.87157941 -0.16388596
v -0.01465227 -0.83533523 -0.16128674
v -0.02800379 -0.90132372 -0.16595504
v -0.04171871 -0.92858588 -0.16679830
v -0.05475018 -0.90262548 -0.16263379
v -0.04145283 -0.90143022 -0.16451063
v 0.00282355 -0.90156595 -0.16578292
v -0.01475594 -0.92533524 -0.16887096
v -0.01431922 -0.90145058 -0.16637383
v 0.00219515 -0.95051317 -0.16946860
v -0.01448565 -0.97565981 -0.17263598
v -0.02790639 -0.95048453 -0.16994988
v -0.01435044 -0.95044316 -0.17078386
v -0.04025298 -0.97811938 -0.17075150
v -0.05483394 -0.95269615 -0.16660158
v -0.04074706 -0.95339450 -0.16878051
v -0.06818784 -0.92871994 -0.16190298
v -0.08196233 -0.90524797 -0.15614399
v -0.06913881 -0.90169395 -0.15941106
v -0.08127723 -0.95637299 -0.16040750
v -0.06702689 -0.95340526 -0.16408880
v -0.09478094 -0.93224856 -0.15390014
v -0.09392053 -0.95644733 -0.15623475
v -0.09427130 -0.90554747 -0.15190076
v 0.00125747 -0.99112327 -0.17308065
v -0.01252945 -1.00677738 -0.17552687
v -0.02645418 -0.99311912 -0.17337399
v -0.01430705 -0.99084221 -0.17394972
v 0.00046930 -1.01939178 -0.17614189
v -0.02455059 -1.02072030 -0.17592530
v -0.01217443 -1.01896092 -0.17653491
v -0.03708924 -1.00865159 -0.17366028
v -0.03675065 -1.02057079 -0.17470668
v -0.03865485 -0.99308447 -0.17206359
v -0.02741229 -0.68810822 -0.15549950
v -0.01379401 -0.64653047 -0.15371946
v 0.00238074 -0.68600993 -0.15388200
v -0.01428896 -0.68770962 -0.15607213
v -0.03923468 -0.64733524 -0.15163988
v -0.03691052 -0.68907705 -0.15382587
v -0.03691481 -0.56095537 -0.14533538
v -0.02618924 -0.60343026 -0.14937178
v -0.03807664 -0.60399726 -0.14810619
v -0.01290359 -0.55994421 -0.14716589
v 0.00302524 -0.60696434 -0.14887163
v -0.01284819 -0.60313425 -0.14998882
v -0.02459296 -0.52228397 -0.14588334
v -0.01234787 -0.48066799 -0.14434094
v 0.00053586 -0.52022005 -0.14607823
v -0.01342514 -0.52190287 -0.14675065
v -0.04928791 -0.52165001 -0.14249534
v -0.03593489 -0.48115135 -0.14238999
v -0.03658295 -0.52282340 -0.14458123
v -0.04644755 -0.44115691 -0.13613646
v -0.03473115 -0.39790053 -0.13186079
v -0.02244324 -0.44228208 -0.13928568
v -0.03539015 -0.44247550 -0.13814428
v -0.01139885 -0.39669074 -0.13216030
v -0.00032851 -0.43934861 -0.13895299
v -0.01086342 -0.44210006 -0.14000457
v -0.02292399 -0.35545106 -0.13160804
v -0.01173614 -0.30924419 -0.13066464
v 0.00026768 -0.35420902 -0.13067079
v -0.01187156 -0.35540852 -0.13138863
v -0.04645459 -0.35539259 -0.12959628
v -0.03505835 -0.31032224 -0.12975205
v -0.03539386 -0.35678276 -0.13077829
v -0.04403163 -0.26945336 -0.12407252
v -0.03131828 -0.22809682 -0.12120866
v -0.02142605 -0.26952059 -0.12632818
v -0.03230522 -0.27023173 -0.12541632
v -0.00832210 -0.22740463 -0.12311985
v 0.00231215 -0.26833658 -0.12707348
v -0.01025702 -0.26940864 -0.12683715
v -0.01967853 -0.19099736 -0.11883701
v -0.00944134 -0.15134176 -0.11703601
v 0.00206941 -0.19373837 -0.12074483
v -0.00808969 -0.19086010 -0.11983565
v -0.04128213 -0.19365617 -0.11584203
v -0.03096448 -0.15088567 -0.11473370
v -0.02986148 -0.19139584 -0.11758578
v -0.04123144 -0.10309847 -0.11226066
v -0.02019231 -0.10621941 -0.11531469
v -0.03167077 -0.10662902 -0.11412768
v 0.00153020 -0.10592319 -0.11697516
v -0.00962567 -0.10213160 -0.11578647
v -0.05759248 -0.31322078 -0.12669502
v -0.06624126 -0.26989976 -0.11945071
v -0.05340382 -0.23022821 -0.11747250
v -0.05451837 -0.26826371 -0.12209793
v -0.05763487 -0.40095711 -0.12894164
v -0.07008211 -0.35611273 -0.12498427
v -0.05818564 -0.35946734 -0.12771303
v -0.07997617 -0.40527643 -0.12286378
v -0.09062910 -0.36018148 -0.11847030
v -0.07872754 -0.31772464 -0.12096155
v -0.07988750 -0.35778327 -0.12231038
v -0.08677268 -0.27427428 -0.11339191
v -0.07444338 -0.23427517 -0.11197970
v -0.07732403 -0.27192428 -0.11656127
v -0.06155492 -0.19550449 -0.11125684
v -0.05041952 -0.15209405 -0.11104022
v -0.05193473 -0.19385304 -0.11357724
v -0.08164451 -0.19976256 -0.10501154
v -0.06947860 -0.15592373 -0.10549054
v -0.07117828 -0.19738103 -0.10843317
v -0.07932947 -0.11359648 -0.10354338
v -0.06004013 -0.10946878 -0.10907282
v -0.06956088 -0.11128171 -0.10667623
v -0.05054340 -0.10850216 -0.11096060
v -0.09844315 -0.31795763 -0.11282733
v -0.10487528 -0.28043742 -0.10485335
v -0.09352881 -0.23938854 -0.10503299
v -0.09549648 -0.27714642 -0.10950205
v -0.10987104 -0.36618809 -0.10873002
v -0.10007519 -0.36297789 -0.11417096
v -0.11640044 -0.32351250 -0.10337182
v -0.11880295 -0.37158798 -0.10286426
v -0.10984847 -0.24495930 -0.09679083
v -0.11274851 -0.28338836 -0.10039717
v -0.09880001 -0.20493645 -0.09811941
v -0.08677168 -0.16043186 -0.09929364
v -0.09046535 -0.20222854 -0.10169153
v -0.11482894 -0.21082497 -0.08973346
v -0.10277521 -0.16577196 -0.09220419
v -0.10662658 -0.20776181 -0.09429649
v -0.10873869 -0.13114201 -0.08918194
v -0.09463585 -0.12180605 -0.09726509
v -0.10195012 -0.12451175 -0.09317310
v -0.08674626 -0.11948132 -0.10059913
v -0.06086714 -0.48284984 -0.13774415
v -0.06964390 -0.44495501 -0.13070588
v -0.05909603 -0.44378558 -0.13373738
v -0.07335359 -0.52592038 -0.13696219
v -0.06045834 -0.52468007 -0.14028034
v -0.08414433 -0.48525207 -0.13121237
v -0.08527408 -0.52677358 -0.13311801
v -0.08180054 -0.44594680 -0.12697305
v -0.12758918 -0.21137221 -0.08101957
v -0.11684476 -0.17083865 -0.08476090
v -0.12096367 -0.20906634 -0.08550507
v -0.12919375 -0.17628359 -0.07633104
v -0.13354910 -0.21325062 -0.07674422
v -0.12552283 -0.10569202 -0.07886288
v -0.12098599 -0.13691607 -0.08078808
v -0.12562818 -0.13946272 -0.07662191
v -0.11375804 -0.09991401 -0.08690808
v -0.11498035 -0.13408570 -0.08497263
v -0.12290218 -0.05260630 -0.07707251
v -0.11716212 -0.07499362 -0.08161909
v -0.12277754 -0.08134148 -0.07773576
v -0.12191668 -0.00296397 -0.07961290
v -0.11701560 -0.01702839 -0.08176353
v -0.12215658 -0.02519852 -0.07785147
v -0.11241930 0.01588084 -0.08892242
v -0.11280671 -0.03698329 -0.08443529
v -0.11147183 -0.00958665 -0.08554759
v -0.11174339 -0.06881246 -0.08477479
v -0.12309506 0.02904203 -0.08501520
v -0.11767599 0.02202344 -0.08723669
v -0.12236049 0.01261792 -0.08243524
v -0.12314691 0.05653548 -0.08901419
v -0.11837891 0.05396738 -0.09133672
v -0.12280767 0.04262141 -0.08704988
v -0.11265531 0.07716953 -0.09844808
v -0.11277581 0.05026308 -0.09357437
v -0.11335334 0.06499170 -0.09567587
v -0.11284756 0.03383405 -0.09144575
v -0.12456733 0.07179302 -0.09136244
v -0.11862053 0.07465048 -0.09536456
v -0.12364143 0.06375236 -0.09021951
v -0.12124846 0.08842927 -0.09695464
v -0.12530168 0.07845706 -0.09242862
v -0.11537732 0.09115106 -0.10035864
v -0.11619176 0.09839978 -0.10156941
v -0.11437793 0.08494395 -0.09941423
v -0.16860406 0.07709246 0.02378343
v -0.16904989 0.07261860 0.01457870
v -0.16794060 0.07230199 0.01489312
v -0.16683459 0.08260930 0.04539544
v -0.16888988 0.08030252 0.03367270
v -0.16787758 0.07977796 0.03405171
v -0.16897879 0.08521651 0.04372575
v -0.17060523 0.08203746 0.03392836
v -0.17047298 0.07873989 0.02343342
v -0.16962188 0.08165152 0.03423970
v -0.17114697 0.07464784 0.01455438
v -0.17029997 0.07360584 0.01396638
v -0.20838526 -1.00412050 -0.06605058
v -0.21538322 -1.01552205 -0.05355734
v -0.21474343 -1.00597499 -0.05311434
v -0.20172196 -1.01577218 -0.07918269
v -0.20177866 -1.00426324 -0.07744801
v -0.20966686 -1.02569106 -0.06728588
v -0.20226095 -1.02581825 -0.07986814
v -0.21586704 -1.02713096 -0.05467284
v -0.16658669 0.09591486 0.06024241
v -0.16889853 0.09141312 0.05125554
v -0.16758666 0.09005168 0.05226789
v -0.16637747 0.10340328 0.06769663
v -0.16523929 0.10284066 0.06800133
v -0.16842834 0.10556710 0.06621978
v -0.16890755 0.09781965 0.05914860
v -0.16775834 0.10466510 0.06688778
v -0.17081071 0.09355131 0.04985197
v -0.16962953 0.09238912 0.05070154
v -0.11405324 0.26599018 -0.08528677
v -0.11445370 0.25561642 -0.09155058
v -0.11730082 0.26490920 -0.08544545
v -0.10870664 0.26682026 -0.08553625
v -0.10955860 0.25715185 -0.09165284
v -0.11156426 0.26632416 -0.08556154
v -0.10424036 0.24638208 -0.09783357
v -0.10919487 0.24520902 -0.09759062
v -0.10681232 0.24561401 -0.09783956
v -0.11241433 0.24454922 -0.09732936
v -0.11073885 0.29254388 -0.05824370
v -0.10697840 0.28568527 -0.06796332
v -0.10814161 0.27828436 -0.07611269
v -0.10909781 0.28535247 -0.06848411
v -0.10869013 0.29819920 -0.04629397
v -0.11138171 0.29825624 -0.04690774
v -0.10450890 0.29796968 -0.04502056
v -0.10576666 0.29276038 -0.05742041
v -0.10640079 0.29809976 -0.04565779
v -0.10289587 0.28636233 -0.06696633
v -0.10357324 0.27986012 -0.07457057
v -0.10441897 0.28583896 -0.06773377
v -0.10374236 0.26908696 -0.08419488
v -0.10474256 0.25935535 -0.09074738
v -0.10608128 0.26799806 -0.08489373
v -0.10047679 0.27119559 -0.08248094
v -0.10063053 0.26190576 -0.08933492
v -0.10199664 0.27031006 -0.08315706
v -0.09792615 0.25486267 -0.09371809
v -0.10072627 0.25095037 -0.09587692
v -0.09889817 0.25247472 -0.09515236
v -0.10255767 0.24920164 -0.09652973
v -0.10294168 0.29303449 -0.05606376
v -0.10114817 0.28662920 -0.06624619
v -0.10099768 0.28051870 -0.07376699
v -0.10198096 0.28674059 -0.06626966
v -0.10349003 0.30082849 -0.03100367
v -0.10256686 0.29774027 -0.04423008
v -0.10345697 0.29775994 -0.04492233
v -0.10202645 0.30063473 -0.03023314
v -0.10155420 0.29784748 -0.04351130
v -0.10149637 0.29324564 -0.05530828
v -0.10188420 0.29751148 -0.04421430
v -0.10015812 0.28713959 -0.06558237
v -0.09973717 0.28110019 -0.07309494
v -0.10044161 0.28635991 -0.06638562
v -0.09898480 0.27205730 -0.08171128
v -0.09864974 0.26424498 -0.08755862
v -0.09974079 0.27208759 -0.08162894
v -0.09832659 0.27359374 -0.08062019
v -0.09753665 0.26515502 -0.08706261
v -0.09858280 0.27283930 -0.08105728
v -0.09599098 0.25864308 -0.09162385
v -0.09653863 0.25640295 -0.09275961
v -0.09632663 0.25738095 -0.09212361
v -0.09711115 0.25517167 -0.09337909
v -0.10212239 0.30075466 -0.01736768
v -0.10104709 0.29843037 -0.00349642
v -0.10104027 0.30038783 -0.01592882
v -0.10152639 0.30066066 -0.01659568
v -0.10284368 0.29929627 -0.00369418
v -0.10314756 0.30112565 -0.01803982
v -0.10077057 0.29379259 0.01026784
v -0.10188349 0.29459002 0.00973462
v -0.09955169 0.29295850 0.01048499
v -0.10002469 0.29328650 0.00966399
v -0.12390743 0.24811361 0.05521091
v -0.12061636 0.25756613 0.04955586
v -0.12476853 0.25913878 0.05064631
v -0.12095482 0.23791063 0.05960454
v -0.12454714 0.23897548 0.05966191
v -0.11440813 0.24553417 0.05482075
v -0.11569996 0.23768751 0.05926356
v -0.11542206 0.25599543 0.04886008
v -0.04265886 0.17187935 -0.12189593
v -0.04824504 0.17948795 -0.12141251
v -0.04142033 0.18086148 -0.12224847
v -0.04194993 0.17751325 -0.12212254
v -0.04916781 0.16724380 -0.12097640
v -0.04222839 0.16392480 -0.12149059
v -0.05589450 0.17631531 -0.11990467
v -0.05736390 0.16852057 -0.11981691
v -0.05526650 0.18586205 -0.12046835
v -0.05600975 0.18195816 -0.12010622
v 0.11097556 0.18175309 0.09002541
v 0.12151206 0.19777615 0.08196889
v 0.11355490 0.20960824 0.07721871
v 0.10734859 0.19301763 0.08568071
v 0.11267593 0.19519816 0.08445397
v 0.12524262 0.18727973 0.08605143
v 0.13476514 0.20222444 0.07745832
v 0.12675223 0.21272911 0.07376886
v 0.12709011 0.20086325 0.07975796
v 0.13341052 0.22498719 0.06614023
v 0.12881734 0.23406620 0.06115097
v 0.12292961 0.22247602 0.06855501
v 0.12790813 0.22395479 0.06724111
v 0.11848262 0.23292327 0.06200184
v 0.11046650 0.22100744 0.07060808
v 0.11680824 0.22148416 0.06961743
v 0.10083722 0.21278105 0.07683155
v 0.09331293 0.20330325 0.08245342
v 0.09625233 0.18340369 0.09055782
v 0.09968977 0.19823784 0.08410828
v 0.10840312 0.23288134 0.06244763
v 0.09909117 0.22465683 0.06973416
v 0.10490287 0.22322414 0.06972561
v 0.09965528 0.23469476 0.06222797
v 0.09324095 0.22721570 0.06886644
v 0.09066801 0.21734492 0.07574817
v 0.09598638 0.22596277 0.06919599
v 0.08243529 0.21049570 0.08077825
v 0.08351766 0.19730063 0.08656457
v 0.08774175 0.20770421 0.08121343
v 0.11028105 0.16346040 0.09491494
v 0.12183223 0.15482038 0.09486490
v 0.12319561 0.17132468 0.09093661
v 0.11588985 0.16783855 0.09314771
v 0.12088353 0.13529250 0.09847053
v 0.12890708 0.12644403 0.09701014
v 0.13056058 0.14590957 0.09385166
v 0.12634956 0.14138826 0.09586195
v 0.13696409 0.13817284 0.09266580
v 0.14015305 0.15469052 0.08995038
v 0.13151491 0.16288955 0.09099608
v 0.13442104 0.15123864 0.09205929
v 0.13473499 0.17824575 0.08678713
v 0.12849980 0.17487609 0.08903351
v 0.08181528 0.18130140 0.09361335
v 0.08021625 0.16374769 0.10015130
v 0.09499593 0.16748625 0.09648305
v 0.08860453 0.17317643 0.09536181
v 0.06851601 0.19624641 0.08922666
v 0.06614731 0.18177419 0.09568447
v 0.07407517 0.18946130 0.09153827
v 0.05186082 0.18257089 0.09695620
v 0.05529897 0.16043260 0.10511563
v 0.06799054 0.16106793 0.10311570
v 0.06061678 0.17103270 0.10048667
v 0.06960549 0.13608279 0.11030135
v 0.08215497 0.13966229 0.10698687
v 0.07480991 0.15097867 0.10507814
v 0.09652022 0.13999741 0.10359583
v 0.11015598 0.13847813 0.10076068
v 0.10305754 0.15236339 0.09922786
v 0.08775511 0.10837701 0.11283444
v 0.10142156 0.10861454 0.10894132
v 0.09142564 0.12439726 0.10873197
v 0.10342242 0.07688362 0.10978038
v 0.11339730 0.07711748 0.10495016
v 0.11288484 0.10857004 0.10458844
v 0.10754574 0.09249076 0.10814555
v 0.12192473 0.10582084 0.10111702
v 0.11638396 0.12267238 0.10136289
v 0.06882542 0.08407555 -0.11078492
v 0.05710452 0.10560280 -0.11488385
v 0.06293840 0.12550058 -0.11703975
v 0.07373516 0.10968705 -0.11315042
v 0.06553558 0.10669100 -0.11403486
v 0.05069100 0.08136114 -0.11256965
v 0.04005048 0.10044119 -0.11571584
v 0.04650547 0.12079670 -0.11813546
v 0.04789389 0.10283358 -0.11543048
v 0.03806323 0.13479786 -0.12066950
v 0.04391860 0.15656597 -0.12210336
v 0.05332147 0.14104087 -0.11955159
v 0.04507149 0.13895531 -0.12054889
v 0.05804298 0.16052255 -0.12031702
v 0.06760998 0.14523613 -0.11796385
v 0.06040005 0.14315323 -0.11877375
v 0.08690166 0.06415134 -0.10552397
v 0.09691870 0.02320541 -0.09945111
v 0.08928755 0.00151380 -0.09982599
v 0.08016528 0.05134128 -0.10539738
v 0.08887450 0.03515049 -0.10221782
v 0.10306145 0.03813474 -0.09861021
v 0.10944496 -0.00287898 -0.09232048
v 0.10286794 -0.02059469 -0.09388914
v 0.10375826 0.01050786 -0.09630146
v 0.10999654 -0.06762360 -0.09104073
v 0.10473186 -0.09592518 -0.09618887
v 0.09722014 -0.04744329 -0.09641279
v 0.10425740 -0.05695814 -0.09345745
v 0.09014706 -0.08208806 -0.10059313
v 0.08125304 -0.02807963 -0.10140222
v 0.08936612 -0.03838571 -0.09910768
v 0.07273852 0.01523787 -0.10431434
v 0.06154216 0.05085435 -0.10838295
v 0.07105108 0.05028731 -0.10690956
v 0.07209295 -0.07369954 -0.10567119
v 0.06372341 -0.02619851 -0.10561814
v 0.07324096 -0.02794422 -0.10361491
v 0.05379182 -0.07012310 -0.10945950
v 0.04312892 -0.02394605 -0.10872993
v 0.05348895 0.01507652 -0.10706208
v 0.05356700 -0.02498993 -0.10742759
v 0.04196479 0.04779410 -0.10955759
v 0.05201978 0.04946506 -0.10899140
v 0.07402656 0.14080677 -0.11677065
v 0.08051188 0.13981890 -0.11595497
v 0.08041432 0.10930989 -0.11236611
v 0.07647287 0.12550146 -0.11506769
v 0.07150401 0.17412508 -0.11832204
v 0.07837381 0.16680270 -0.11700410
v 0.07346960 0.15587255 -0.11738026
v 0.07929620 0.19742417 -0.11535000
v 0.08628116 0.19579653 -0.11396273
v 0.08522529 0.16649801 -0.11616892
v 0.08314373 0.18291139 -0.11598666
v 0.09235408 0.17021135 -0.11523421
v 0.08710962 0.14262234 -0.11543631
v 0.08566230 0.15319123 -0.11607613
v 0.08893935 0.10810898 -0.11115051
v 0.09508060 0.07051835 -0.10458197
v 0.08758651 0.08868433 -0.10843471
v 0.09599370 0.13950952 -0.11428054
v 0.09721453 0.10829623 -0.10974530
v 0.09123237 0.12405117 -0.11329048
v 0.10415285 0.10552402 -0.10770832
v 0.10793400 0.07286182 -0.10138656
v 0.10233198 0.07366744 -0.10316126
v 0.10271000 0.09000611 -0.10535172
v 0.10924701 0.04088172 -0.09667399
v 0.10273150 0.05748784 -0.10083266
v 0.04293067 0.06460409 0.13017940
v 0.02586797 0.09642332 0.12828967
v 0.02029020 0.05809765 0.13615711
v 0.03637456 0.02059559 0.13833776
v 0.03049956 0.06068881 0.13383411
v 0.02868140 0.12471704 0.12063318
v 0.01598642 0.14962358 0.11318220
v 0.01352034 0.12328905 0.12292609
v 0.02080255 0.12309995 0.12217375
v 0.00528940 0.15135595 0.11308984
v 0.00857007 0.09505124 0.13054133
v 0.00691473 0.12177033 0.12356088
v 0.01177540 0.01756895 0.14237766
v 0.00962241 0.06001613 0.13707932
v 0.05763610 0.05784525 0.12673963
v 0.05619347 0.10447051 0.12113133
v 0.04020781 0.11425451 0.12183959
v 0.04827111 0.08670153 0.12603327
v 0.07049275 0.10520743 0.11801687
v 0.05426700 0.13865077 0.11247057
v 0.06195115 0.12236380 0.11574681
v 0.03969277 0.16821081 0.10400304
v 0.03957771 0.14531205 0.11249272
v 0.04735989 0.15305070 0.10876277
v 0.02626758 0.15948849 0.10849464
v 0.03341042 0.13743316 0.11602008
v 0.06490732 0.00405073 0.13238007
v 0.08175808 0.02011553 0.12538725
v 0.07577545 0.06318330 0.12030503
v 0.07017888 0.04059519 0.12384011
v 0.08844012 -0.02654508 0.12489835
v 0.10173004 -0.00766217 0.11688707
v 0.09296584 0.03792922 0.11176672
v 0.09245755 0.00540487 0.12160291
v 0.10404712 0.04713498 0.10382272
v 0.09147303 0.07109673 0.11461638
v 0.09799098 0.05593514 0.10902426
v 0.08336386 0.08815078 0.11729438
v 0.09336128 0.19963693 -0.11206919
v 0.09862261 0.20879820 -0.10983992
v 0.10023029 0.18003867 -0.11357986
v 0.09723020 0.18989161 -0.11292033
v 0.08773330 0.21506295 -0.10989551
v 0.09260594 0.22025818 -0.10795650
v 0.08967009 0.20755242 -0.11122365
v 0.09246010 0.23427118 -0.10335648
v 0.09563368 0.24203214 -0.10017904
v 0.09652387 0.22766184 -0.10533695
v 0.09365958 0.23085634 -0.10469023
v 0.09897397 0.23662736 -0.10213591
v 0.10192464 0.22001269 -0.10695798
v 0.09882044 0.22306537 -0.10639507
v 0.10453294 0.20258214 -0.11035725
v 0.10714467 0.18382450 -0.11273539
v 0.09620821 0.16237413 -0.11537636
v 0.10344594 0.18202638 -0.11333567
v 0.10334165 0.23332695 -0.10268379
v 0.10778462 0.21840129 -0.10671448
v 0.10465007 0.21946977 -0.10676966
v 0.10979722 0.23141262 -0.10249977
v 0.11278696 0.21763847 -0.10635429
v 0.10995265 0.20258779 -0.10999359
v 0.11012624 0.21857688 -0.10645481
v 0.11232813 0.18789098 -0.11195551
v 0.10604106 0.16828306 -0.11420643
v 0.10981704 0.18594896 -0.11244365
v 0.10277903 0.14736647 -0.11396280
v 0.10288118 0.12819092 -0.11189933
v 0.09891037 0.14343951 -0.11418244
v 0.11010673 0.15603590 -0.11358832
v 0.10817728 0.13675107 -0.11218077
v 0.10656905 0.15271560 -0.11392330
v 0.11236072 0.12736704 -0.10995875
v 0.11130296 0.10731319 -0.10594752
v 0.10865618 0.11838123 -0.10899152
v 0.11076007 0.12314062 -0.10952257
v 0.10903032 0.09222379 -0.10385567
v 0.10662570 0.11268464 -0.10853203
v 0.08295198 0.21251700 -0.11139168
v 0.07867096 0.20314459 -0.11421712
v 0.07393613 0.19853072 -0.11613924
v 0.07893853 0.20747403 -0.11363698
v 0.07872368 0.20540534 -0.11393356
v 0.08343714 0.20773733 -0.11215837
v 0.07444456 0.19182961 -0.11669198
v 0.07872832 0.20062691 -0.11465167
v 0.06548849 0.16889546 -0.11868903
v 0.06899291 0.18698474 -0.11817805
v 0.07054483 0.18216856 -0.11805804
v 0.06381865 0.18403090 -0.11923678
v 0.06886340 0.19438354 -0.11788938
v 0.06856792 0.19162976 -0.11799109
v 0.08657819 0.22337146 -0.10804934
v 0.08931805 0.23055803 -0.10528589
v 0.08675451 0.21978580 -0.10891254
v 0.08664619 0.22166446 -0.10854534
v 0.09149399 0.24026432 -0.10125157
v 0.09387399 0.24756257 -0.09769644
v 0.09172642 0.23743295 -0.10222711
v 0.09151399 0.23892232 -0.10182557
v 0.09434492 0.24504688 -0.09884428
v 0.08999380 0.22689893 -0.10618685
v 0.09201742 0.23600995 -0.10292211
v 0.08703838 0.21764749 -0.10941024
v 0.00391251 0.16774694 0.10606637
v 0.00718763 0.17190863 0.10424589
v 0.00330722 0.17466223 0.10357942
v 0.00357854 0.17223090 0.10422763
v 0.00916436 0.15945477 0.10937850
v 0.00500438 0.15963099 0.10945235
v 0.02002778 0.15930201 0.10868317
v 0.01282574 0.16640204 0.10612544
v 0.01472501 0.15860167 0.10935207
v 0.01574853 0.17260020 0.10331549
v 0.01057428 0.17527884 0.10272945
v 0.01114653 0.17239850 0.10380188
v 0.00127354 -1.05422336 0.18001245
v 0.00983899 -1.05062195 0.17958871
v 0.00297371 -1.03773973 0.17948630
v 0.00120354 -1.04919136 0.17982845
v 0.01369542 -1.05551724 0.17946987
v 0.02344145 -1.05144948 0.17897935
v 0.01811099 -1.04179395 0.17885971
v 0.01665499 -1.05053095 0.17931871
v 0.02892608 -1.02865503 0.17765339
v 0.02351887 -1.01444167 0.17770635
v 0.01220290 -1.02394040 0.17876698
v 0.02068744 -1.02583902 0.17834318
v 0.00439489 -1.01184639 0.17838819
v 0.00367567 -1.02363982 0.17889657
v 0.00882151 0.17603621 -0.12496439
v 0.01764895 0.17263306 -0.12463441
v 0.00900257 0.16814885 -0.12489794
v 0.00889168 0.17300429 -0.12494599
v 0.02623392 0.17613048 -0.12409159
v 0.03547155 0.17358334 -0.12324461
v 0.02704401 0.16690504 -0.12386074
v 0.02644917 0.17250240 -0.12391304
v 0.03634778 0.15839213 -0.12267233
v 0.02786559 0.15109131 -0.12320459
v 0.01818759 0.15926995 -0.12426988
v 0.02733936 0.15901892 -0.12373838
v 0.00907165 0.15232716 -0.12399276
v 0.00907743 0.16001694 -0.12472691
v 0.01199133 -1.04678739 -0.17909057
v 0.02252769 -1.05306273 -0.17902383
v 0.01047341 -1.05527721 -0.17991686
v 0.01051935 -1.05156124 -0.17955815
v 0.01205314 -1.03386756 -0.17768381
v 0.02306829 -1.04326026 -0.17805385
v 0.01241682 -1.04091020 -0.17847869
v 0.03525862 -1.03789360 -0.17629054
v 0.04589205 -1.04731570 -0.17585572
v 0.03358084 -1.05040864 -0.17784680
v 0.03515388 -1.04538958 -0.17708842
v 0.04395227 -1.05528534 -0.17682522
v 0.03166994 -1.05697348 -0.17844360
v 0.03318794 -1.05427548 -0.17815360
v 0.02076101 0.17334319 0.10301940
v 0.02399135 0.17954792 0.10035439
v 0.01787941 0.17874856 0.10094851
v 0.01903735 0.17695712 0.10160570
v 0.02838091 0.17207982 0.10326540
v 0.02321202 0.16755959 0.10533018
v 0.04388781 0.17745383 0.09973086
v 0.03281273 0.17905600 0.10007154
v 0.03579874 0.17458810 0.10159403
v 0.03803187 0.18409279 0.09750730
v 0.02929631 0.18299122 0.09860868
v 0.03062634 0.18180097 0.09896619
v 0.13700259 0.17610773 -0.11143906
v 0.13710448 0.19011331 -0.11004609
v 0.13789946 0.20302694 -0.10761823
v 0.13787248 0.18999231 -0.10996509
v 0.13753248 0.19004231 -0.10999809
v 0.13586291 0.17795328 -0.11147889
v 0.13586700 0.19170145 -0.10993539
v 0.13685497 0.20452403 -0.10751666
v 0.13647000 0.19018545 -0.11011539
v 0.13691271 0.21663901 -0.10424587
v 0.13858469 0.22645032 -0.10067899
v 0.13820571 0.21506401 -0.10458387
v 0.13758171 0.21518801 -0.10459587
v 0.13994969 0.22617832 -0.10062199
v 0.13907929 0.21489966 -0.10435941
v 0.13873929 0.21497666 -0.10437941
v 0.13694672 0.16184191 -0.11181096
v 0.13620827 0.14638409 -0.11127146
v 0.13599872 0.16185091 -0.11194996
v 0.13660672 0.16186391 -0.11184796
v 0.13694633 0.13348216 -0.10933651
v 0.13859017 0.12107889 -0.10641820
v 0.13619333 0.13353316 -0.10943251
v 0.13660733 0.13348816 -0.10936851
v 0.13760817 0.12098389 -0.10656620
v 0.13507433 0.13353216 -0.10951451
v 0.13500174 0.14798273 -0.11142712
v 0.13575333 0.13360116 -0.10947351
v 0.13482072 0.16196591 -0.11205796
v 0.13554172 0.16193891 -0.11198396
v 0.00908373 0.11876539 -0.11934628
v 0.01948346 0.09955664 -0.11675796
v 0.00987017 0.08032934 -0.11430816
v 0.00982353 0.10119059 -0.11713869
v 0.01853325 0.13595776 -0.12171989
v 0.00894214 0.13582412 -0.12146032
v 0.02901462 0.11889718 -0.11947844
v 0.02832429 0.13517628 -0.12132647
v 0.03181535 0.07879034 -0.11362403
v 0.02974656 0.09980899 -0.11642792
v 0.02182798 0.05008950 -0.11026958
v 0.01201457 0.01715908 -0.10891891
v 0.01045240 0.05020447 -0.11029779
v 0.03296089 0.01399573 -0.10874335
v 0.03194415 0.05010096 -0.11008014
v 0.03276825 -0.06394046 -0.11220446
v 0.02280441 -0.02266041 -0.11026541
v 0.03262864 -0.02322162 -0.10971399
v 0.01188941 -0.06206786 -0.11359912
v 0.01183252 -0.02216640 -0.11056114
v 0.06110212 0.19994183 0.08820510
v 0.05240300 0.19393759 0.09197074
v 0.06386155 0.19894167 0.08855337
v 0.07215244 0.20585186 0.08422369
v 0.06169912 0.19929683 0.08850410
v 0.04341460 0.18957867 0.09473641
v 0.04598357 0.18738763 0.09548566
v 0.04495053 0.18884299 0.09499886
v 0.05586622 0.19162921 0.09282919
v 0.04876521 0.18516088 0.09617491
v 0.07512890 0.20350245 0.08489125
v 0.06530084 0.19763709 0.08902508
v 0.07962686 0.21197871 0.07996560
v 0.08467270 0.22018009 0.07453090
v 0.07797760 0.21311146 0.07957229
v 0.07853060 0.21273546 0.07974129
v 0.08670998 0.21929539 0.07509963
v 0.08088486 0.21142571 0.08025160
v 0.09493540 0.23548230 0.06235792
v 0.08999083 0.22749684 0.06898918
v 0.09117022 0.22701632 0.06929905
v 0.09238927 0.23524220 0.06275051
v 0.08878067 0.22796834 0.06876138
v 0.08930983 0.22763184 0.06887418
v 0.09476198 0.24076797 0.05805552
v 0.09495767 0.24667292 0.05295892
v 0.09345498 0.24109597 0.05791352
v 0.09395598 0.24089797 0.05795252
v 0.09744622 0.24105963 0.05758607
v 0.09653711 0.24639134 0.05320399
v 0.09608622 0.24136363 0.05745507
v 0.09890107 0.25352236 0.04690719
v 0.09877219 0.26083321 0.04049843
v 0.09654883 0.25300122 0.04736371
v 0.09749885 0.25281108 0.04755050
v 0.09698478 0.26011318 0.04100283
v 0.09543883 0.25220822 0.04807171
v 0.09567583 0.25215622 0.04809071
v 0.10076004 0.24724089 0.05207763
v 0.10414541 0.25458079 0.04613156
v 0.10252850 0.26228566 0.03974115
v 0.10102083 0.25412144 0.04637335
v 0.10329521 0.24025563 0.05756493
v 0.10024033 0.24108956 0.05717849
v 0.11174128 0.23934617 0.05787138
v 0.10779371 0.24675758 0.05232406
v 0.10834715 0.23993910 0.05734066
v 0.11250498 0.25565656 0.04649931
v 0.10879503 0.26399883 0.03985867
v 0.10807101 0.25506781 0.04625422
v 0.10042008 0.26695571 0.03535896
v 0.09991224 0.27288752 0.03012106
v 0.09824993 0.26617827 0.03588908
v 0.09945308 0.26696271 0.03537496
v 0.10196404 0.28041166 0.02453184
v 0.10149477 0.28670743 0.01821589
v 0.09964810 0.27864746 0.02554178
v 0.10060221 0.27956737 0.02505643
v 0.09991157 0.28557230 0.01815405
v 0.09861089 0.27763441 0.02550181
v 0.09830708 0.27203541 0.03060171
v 0.09892989 0.27755041 0.02550481
v 0.09717994 0.26547221 0.03639534
v 0.09773493 0.26616027 0.03585608
v 0.10591264 0.26960610 0.03467656
v 0.10340005 0.27495586 0.02995294
v 0.10282085 0.26871944 0.03477557
v 0.11313141 0.27173358 0.03550544
v 0.10931005 0.27722272 0.03032290
v 0.10932759 0.27070550 0.03503040
v 0.11514683 0.28703166 0.02243099
v 0.11159029 0.29232739 0.01451156
v 0.10720041 0.28398353 0.02322220
v 0.11113577 0.28561490 0.02286697
v 0.10464860 0.28881505 0.01632219
v 0.10405494 0.28215144 0.02376025
v 0.11899300 0.28031871 0.03005825
v 0.12535873 0.28860871 0.02210192
v 0.12057364 0.29431019 0.01366817
v 0.12055973 0.28804583 0.02239487
v 0.11848121 0.26657374 0.04041004
v 0.12506843 0.27409376 0.03629581
v 0.11928239 0.27353864 0.03620148
v 0.12859772 0.26816651 0.04084923
v 0.13494390 0.27401415 0.03558805
v 0.13055616 0.28187648 0.02926910
v 0.12934766 0.27445873 0.03619955
v 0.13608233 0.28913972 0.01976914
v 0.13168192 0.29452995 0.01276706
v 0.13080628 0.28919524 0.02085081
v 0.11559205 0.29883494 0.00393037
v 0.11114673 0.30209927 -0.00839579
v 0.10794680 0.29660033 0.00610544
v 0.11144749 0.29790116 0.00429780
v 0.11447356 0.30342280 -0.02240292
v 0.10981467 0.30142595 -0.03420977
v 0.10760110 0.30260367 -0.02089845
v 0.11074807 0.30318045 -0.02178048
v 0.10436918 0.30112382 -0.03330590
v 0.10359786 0.30215728 -0.01853133
v 0.10574522 0.30080615 -0.00641232
v 0.10512428 0.30221378 -0.01970865
v 0.10335148 0.29466477 0.00720262
v 0.10526749 0.29554198 0.00691949
v 0.12574184 0.30010633 0.00264037
v 0.11973029 0.30325731 -0.00960448
v 0.12012762 0.29960108 0.00327185
v 0.13528440 0.30004570 0.00011365
v 0.12919287 0.30347720 -0.01092124
v 0.13106826 0.30032471 0.00107471
v 0.13224378 0.30331010 -0.02481127
v 0.12658204 0.30149011 -0.03572671
v 0.12332194 0.30386632 -0.02341823
v 0.12844350 0.30378146 -0.02382166
v 0.11827077 0.30175562 -0.03476259
v 0.11881845 0.30380053 -0.02241583
v 0.13563433 0.30306732 -0.01280275
v 0.13636884 0.30296564 -0.02613639
v 0.13291113 0.30085764 -0.03637387
v 0.13400810 0.30319177 -0.02546183
v 0.13818292 0.29496240 0.01032064
v 0.13899950 0.30002916 -0.00120676
v 0.13711919 0.30010354 -0.00044160
v 0.14235729 0.29442295 0.00965271
v 0.14320251 0.29984280 -0.00263957
v 0.13987770 0.30247951 -0.01392570
v 0.14146191 0.29985362 -0.00202594
v 0.13979331 0.30243661 -0.02662371
v 0.13621746 0.30011994 -0.03742793
v 0.13800143 0.30258869 -0.02664835
v 0.12888797 0.29622916 -0.04878335
v 0.12317353 0.28964683 -0.06062690
v 0.12104085 0.29672026 -0.04846666
v 0.12523335 0.29651128 -0.04881304
v 0.12465506 0.28113871 -0.07037512
v 0.11935834 0.27320060 -0.07831022
v 0.11795349 0.28210300 -0.07026493
v 0.12176241 0.28208431 -0.06992750
v 0.11320880 0.27531588 -0.07765461
v 0.11158355 0.28327497 -0.06978702
v 0.11616081 0.29070705 -0.05978975
v 0.11496917 0.28302471 -0.06976470
v 0.11275841 0.29706394 -0.04805685
v 0.11666046 0.29683839 -0.04843497
v 0.13165717 0.29555677 -0.05010333
v 0.12810932 0.28874314 -0.06132846
v 0.13016397 0.29585416 -0.04957535
v 0.13527094 0.29487346 -0.05039797
v 0.13105981 0.28799618 -0.06187313
v 0.13396094 0.29523146 -0.04961797
v 0.13042841 0.28032747 -0.07046635
v 0.12628349 0.27171562 -0.07838727
v 0.12724317 0.28047824 -0.07047688
v 0.12850217 0.28038724 -0.07061488
v 0.12326280 0.27196567 -0.07884105
v 0.12604059 0.28124115 -0.07019824
v 0.13395823 0.28725696 -0.06196551
v 0.13222311 0.27957917 -0.07070846
v 0.12857307 0.27102535 -0.07881108
v 0.13097341 0.27982747 -0.07112235
v 0.13898350 0.29968146 -0.03884522
v 0.13749987 0.29457604 -0.05095674
v 0.13673787 0.29483404 -0.05023774
v 0.14200790 0.29903758 -0.03920290
v 0.14062016 0.29420081 -0.05053131
v 0.13632353 0.28681202 -0.06244332
v 0.13921716 0.29416881 -0.05041631
v 0.13503831 0.27960235 -0.07054342
v 0.13058242 0.27090478 -0.07845022
v 0.13366331 0.27958235 -0.07045042
v 0.12471512 0.26161490 -0.08570482
v 0.12073723 0.25208926 -0.09171006
v 0.12233508 0.26173166 -0.08579722
v 0.12351612 0.26173390 -0.08562482
v 0.11944347 0.24101725 -0.09705578
v 0.11625049 0.22981843 -0.10217533
v 0.11673227 0.24145444 -0.09756506
v 0.11834452 0.24108391 -0.09725796
v 0.11376473 0.23022431 -0.10242916
v 0.11451127 0.24152944 -0.09764406
v 0.11854898 0.25237958 -0.09200909
v 0.11562527 0.24150944 -0.09760806
v 0.11951211 0.26208963 -0.08603674
v 0.12066311 0.26201463 -0.08610774
v 0.12672045 0.26061124 -0.08592984
v 0.12344759 0.25182439 -0.09155839
v 0.12576712 0.26155190 -0.08574782
v 0.12893709 0.26076203 -0.08569344
v 0.12531622 0.25175506 -0.09122008
v 0.12799945 0.26057724 -0.08595884
v 0.12417933 0.24065398 -0.09649271
v 0.12027633 0.22942697 -0.10163429
v 0.12161447 0.24079825 -0.09703178
v 0.12283256 0.24061079 -0.09674625
v 0.11837251 0.22934711 -0.10191252
v 0.12047647 0.24089425 -0.09704578
v 0.11732376 0.21709649 -0.10571620
v 0.11608119 0.20408391 -0.10893315
v 0.11529328 0.21741566 -0.10607548
v 0.11636628 0.21731166 -0.10596148
v 0.11663389 0.19038042 -0.11084108
v 0.11384331 0.17402429 -0.11274527
v 0.11450013 0.18828598 -0.11150551
v 0.11611443 0.18863367 -0.11117516
v 0.11158193 0.17328132 -0.11326663
v 0.11349019 0.20401557 -0.10938388
v 0.11341913 0.18809998 -0.11174451
v 0.11383596 0.21752347 -0.10631029
v 0.11936381 0.21705309 -0.10543246
v 0.11814759 0.20396277 -0.10853061
v 0.11842676 0.21695949 -0.10564020
v 0.12149771 0.21702074 -0.10508991
v 0.11985935 0.20423897 -0.10827809
v 0.12014381 0.21713009 -0.10536546
v 0.12044985 0.19085503 -0.11036128
v 0.11812431 0.17470924 -0.11201857
v 0.11833289 0.19049042 -0.11061508
v 0.11950485 0.19079703 -0.11043228
v 0.11611719 0.17424790 -0.11228005
v 0.11718789 0.19040142 -0.11078108
v 0.11490851 0.15968870 -0.11273373
v 0.11372279 0.14346637 -0.11175912
v 0.11243782 0.15721985 -0.11308066
v 0.11371288 0.15937226 -0.11288203
v 0.11643849 0.13004136 -0.10906808
v 0.11647700 0.11599778 -0.10585872
v 0.11483545 0.12932461 -0.10949963
v 0.11564945 0.12986361 -0.10922863
v 0.11481592 0.11457632 -0.10636164
v 0.11161501 0.14233316 -0.11217745
v 0.11322172 0.12829304 -0.10961075
v 0.11118173 0.15663390 -0.11327632
v 0.11659551 0.16003870 -0.11243573
v 0.11587664 0.14422303 -0.11149040
v 0.11544651 0.15971670 -0.11264673
v 0.11869385 0.16027415 -0.11212666
v 0.11759433 0.14453306 -0.11118401
v 0.11775985 0.16022715 -0.11221766
v 0.11963543 0.13194356 -0.10895651
v 0.11999229 0.11867696 -0.10582660
v 0.11755310 0.13165155 -0.10920024
v 0.11869443 0.13186356 -0.10906651
v 0.11796044 0.11820823 -0.10593148
v 0.11698249 0.13012036 -0.10894708
v 0.12154423 0.10719299 -0.10236109
v 0.12619425 0.09736144 -0.09804444
v 0.12037498 0.10504751 -0.10217706
v 0.12106698 0.10596551 -0.10192806
v 0.13129331 0.08956610 -0.09376942
v 0.13324057 0.07855005 -0.08946651
v 0.12920395 0.08677198 -0.09390519
v 0.13008333 0.08825366 -0.09383193
v 0.13167981 0.07446819 -0.08962458
v 0.12752498 0.08323843 -0.09410425
v 0.12429898 0.09406110 -0.09832293
v 0.12827976 0.08511206 -0.09399051
v 0.11860115 0.10256398 -0.10260613
v 0.11924715 0.10369898 -0.10229313
v 0.12346793 0.10830887 -0.10217760
v 0.12721999 0.09925536 -0.09822675
v 0.12234123 0.10800499 -0.10215409
v 0.12592404 0.10927804 -0.10203953
v 0.12942565 0.10034101 -0.09814829
v 0.12453893 0.10903987 -0.10197260
v 0.13463641 0.09292027 -0.09384074
v 0.13656195 0.08288132 -0.08949022
v 0.13314126 0.09158922 -0.09354043
v 0.13332626 0.09196222 -0.09384843
v 0.13514069 0.08082332 -0.08925097
v 0.13200631 0.09050910 -0.09358742
v 0.13188616 0.10125726 -0.09809067
v 0.13702926 0.09381751 -0.09380165
v 0.13906930 0.08447990 -0.08940644
v 0.13578841 0.09369227 -0.09371974
v 0.12295467 0.11939039 -0.10572098
v 0.12853788 0.10962020 -0.10207751
v 0.12697204 0.10938204 -0.10195553
v 0.12542067 0.12108147 -0.10603456
v 0.13088280 0.11134058 -0.10239355
v 0.13429116 0.10204463 -0.09799729
v 0.12993488 0.11026720 -0.10196051
v 0.13956801 0.09510474 -0.09376597
v 0.14162624 0.08634460 -0.08927362
v 0.13842701 0.09451774 -0.09390497
v 0.14239282 0.07893270 -0.08468631
v 0.14623716 0.07543609 -0.07956800
v 0.14030245 0.07725021 -0.08480438
v 0.14141767 0.07858253 -0.08472713
v 0.15079853 0.07117736 -0.07436012
v 0.15260774 0.06247400 -0.06886203
v 0.14880856 0.06941576 -0.07444371
v 0.14977210 0.06989547 -0.07439006
v 0.15060655 0.06053136 -0.06870625
v 0.14678207 0.06712613 -0.07452939
v 0.14429445 0.07389145 -0.07968724
v 0.14776787 0.06783770 -0.07446834
v 0.13852610 0.07561316 -0.08502098
v 0.13939710 0.07678316 -0.08488298
v 0.14474712 0.08121129 -0.08460162
v 0.14840336 0.07772964 -0.07940927
v 0.14367516 0.08017991 -0.08460042
v 0.14694290 0.08281377 -0.08446852
v 0.15025757 0.07885665 -0.07934858
v 0.14572412 0.08199429 -0.08447762
v 0.15437531 0.07449027 -0.07422182
v 0.15673358 0.06842558 -0.06854826
v 0.15261041 0.07324139 -0.07433653
v 0.15339041 0.07398739 -0.07425553
v 0.15463639 0.06568587 -0.06903626
v 0.15174969 0.07228555 -0.07435286
v 0.16847563 0.07031233 -0.06396865
v 0.17054460 0.06840159 -0.05844336
v 0.16784463 0.07022033 -0.06398665
v 0.16574057 0.07259355 -0.06897650
v 0.16813863 0.07026833 -0.06397665
v 0.17316623 0.06708236 -0.05253345
v 0.17450361 0.06506645 -0.04673252
v 0.17242218 0.06714431 -0.05287119
v 0.17289118 0.06754631 -0.05246719
v 0.17367210 0.06421663 -0.04695539
v 0.17185299 0.06695619 -0.05267167
v 0.16992060 0.06865934 -0.05856809
v 0.17214518 0.06692131 -0.05281319
v 0.16701463 0.07042033 -0.06439165
v 0.16510757 0.07213055 -0.06899050
v 0.16735763 0.07037333 -0.06440965
v 0.17622600 0.06567025 -0.04206695
v 0.17709054 0.06601455 -0.03707928
v 0.17550989 0.06550964 -0.04194704
v 0.17579589 0.06589364 -0.04203504
v 0.17870753 0.06686922 -0.03187322
v 0.17900856 0.06683778 -0.02693620
v 0.17776848 0.06620962 -0.03227570
v 0.17819848 0.06701362 -0.03184170
v 0.17803340 0.06575720 -0.02720038
v 0.17701099 0.06615064 -0.03207738
v 0.17622679 0.06562699 -0.03745205
v 0.17750048 0.06590262 -0.03215870
v 0.17463490 0.06441121 -0.04214287
v 0.17506489 0.06477064 -0.04234504
v 0.18084783 0.06904453 -0.02016874
v 0.18164505 0.07077325 -0.01302881
v 0.17993432 0.06847552 -0.02029085
v 0.18050363 0.06845721 -0.02040863
v 0.18281693 0.07353366 -0.00543218
v 0.18270423 0.07518968 0.00184973
v 0.18223193 0.07295466 -0.00521518
v 0.18251793 0.07323066 -0.00535518
v 0.18214023 0.07482668 0.00208173
v 0.18165579 0.07220557 -0.00524442
v 0.18110505 0.07053725 -0.01286081
v 0.18196579 0.07240857 -0.00540242
v 0.17938232 0.06767052 -0.01992085
v 0.17965632 0.06823152 -0.02016785
v 0.18382167 0.08017208 0.01137384
v 0.18366262 0.08441850 0.01980954
v 0.18322967 0.07971008 0.01051384
v 0.18353567 0.08005408 0.01141184
v 0.18324132 0.08985324 0.02901908
v 0.18224411 0.09462947 0.03723209
v 0.18272232 0.08909224 0.02821008
v 0.18304132 0.08934224 0.02804308
v 0.18125369 0.09430310 0.03762252
v 0.18178307 0.08891961 0.02858727
v 0.18279054 0.08476850 0.01985768
v 0.18240332 0.08872124 0.02848008
v 0.18267167 0.07954508 0.01075984
v 0.18297467 0.07972308 0.01059384
v 0.18186572 0.10040312 0.04447653
v 0.18056529 0.10627015 0.05186139
v 0.18114972 0.09994212 0.04487953
v 0.18156072 0.10033012 0.04453453
v 0.18036138 0.11215178 0.05806548
v 0.17848696 0.11972029 0.06390560
v 0.17971786 0.11205218 0.05816785
v 0.18009786 0.11223618 0.05791885
v 0.17763696 0.11929129 0.06451360
v 0.17873343 0.11214020 0.05840034
v 0.18014729 0.10528615 0.05145039
v 0.17938386 0.11191618 0.05839185
v 0.18076772 0.09928312 0.04422953
v 0.18083772 0.09978912 0.04507053
v 0.17726933 0.12911089 0.06895914
v 0.17534948 0.13823987 0.07303488
v 0.17684133 0.12790689 0.06904514
v 0.17727833 0.12805189 0.06881814
v 0.17369263 0.14848302 0.07517060
v 0.17080319 0.15958067 0.07635966
v 0.17265058 0.14864783 0.07538721
v 0.17327558 0.14886083 0.07500421
v 0.16995156 0.15842955 0.07663569
v 0.17162758 0.14834883 0.07609321
v 0.17466359 0.13719356 0.07306055
v 0.17203558 0.14841983 0.07577221
v 0.17556154 0.12774455 0.06948469
v 0.17602354 0.12800355 0.06899669
v 0.16977345 0.16851623 0.07605434
v 0.16715896 0.17787430 0.07505498
v 0.16846286 0.16876749 0.07641756
v 0.16899086 0.16880749 0.07617456
v 0.16506267 0.18877399 0.07252842
v 0.16177172 0.19823322 0.06972891
v 0.16390879 0.18915677 0.07291642
v 0.16429867 0.18876299 0.07278042
v 0.16084140 0.19866249 0.07009830
v 0.16306979 0.18800677 0.07376142
v 0.16593006 0.17816857 0.07545035
v 0.16338779 0.18915577 0.07310342
v 0.16718314 0.16893805 0.07691056
v 0.16773186 0.16862149 0.07678656
v 0.16082656 0.20796852 0.06497041
v 0.15980475 0.21606946 0.06051410
v 0.15985448 0.20741412 0.06591995
v 0.16039948 0.20736812 0.06574995
v 0.16058718 0.22367941 0.05570478
v 0.16043233 0.23135304 0.05122550
v 0.15967452 0.22442258 0.05603072
v 0.16007518 0.22378541 0.05577478
v 0.15951185 0.23209130 0.05164784
v 0.15847552 0.22351658 0.05705272
v 0.15886634 0.21562596 0.06153721
v 0.15899252 0.22343658 0.05687772
v 0.15877723 0.20799174 0.06634957
v 0.15932048 0.20742112 0.06608395
v 0.16152054 0.24117413 0.04537806
v 0.16165378 0.24988268 0.04027586
v 0.16059554 0.24041813 0.04628106
v 0.16106854 0.24032813 0.04618306
v 0.16211964 0.25715447 0.03466770
v 0.16236999 0.26609144 0.02877203
v 0.16137060 0.25723770 0.03589541
v 0.16197560 0.25795670 0.03499341
v 0.16128344 0.26596851 0.02953525
v 0.16020681 0.25782408 0.03585932
v 0.16058678 0.24913968 0.04128286
v 0.16087681 0.25772608 0.03572532
v 0.15931117 0.24002555 0.04703819
v 0.15995054 0.23953013 0.04717406
v 0.16326411 0.27378371 0.02156604
v 0.16372640 0.28124102 0.01454352
v 0.16231611 0.27337771 0.02248104
v 0.16291811 0.27389171 0.02157904
v 0.16442592 0.28743219 0.00559998
v 0.16392333 0.29236023 -0.00398182
v 0.16348392 0.28725119 0.00647398
v 0.16401692 0.28714519 0.00639098
v 0.16290166 0.29306518 -0.00289438
v 0.16245911 0.28749329 0.00729782
v 0.16261637 0.28137240 0.01534055
v 0.16296911 0.28739629 0.00717482
v 0.16116832 0.27337350 0.02330769
v 0.16183532 0.27390850 0.02237069
v 0.16352767 0.29611791 -0.01478223
v 0.16143826 0.29749336 -0.02606144
v 0.16246267 0.29624191 -0.01396723
v 0.16303067 0.29621091 -0.01476623
v 0.15998321 0.29573207 -0.03773795
v 0.15738875 0.29248500 -0.04640781
v 0.15906421 0.29628007 -0.03632595
v 0.15947621 0.29600307 -0.03704995
v 0.15648743 0.29359254 -0.04586774
v 0.15799926 0.29721002 -0.03562252
v 0.16053126 0.29774136 -0.02520044
v 0.15874326 0.29711402 -0.03576152
v 0.16153061 0.29680138 -0.01319911
v 0.16208261 0.29669738 -0.01331611
v 0.15530609 0.28648024 -0.05685733
v 0.15248260 0.27990844 -0.06513491
v 0.15464976 0.28805599 -0.05582129
v 0.15489409 0.28697324 -0.05618033
v 0.15066532 0.27217436 -0.07286694
v 0.14798271 0.26403824 -0.07987377
v 0.14976632 0.27300136 -0.07224694
v 0.15028032 0.27290036 -0.07224994
v 0.14692271 0.26501524 -0.07924977
v 0.14876217 0.27435549 -0.07178028
v 0.15172271 0.28118128 -0.06474718
v 0.14922332 0.27311436 -0.07216694
v 0.15349776 0.28867099 -0.05497229
v 0.15413476 0.28816699 -0.05574029
v 0.14610132 0.25512604 -0.08582255
v 0.14379828 0.24731807 -0.09054370
v 0.14542126 0.25630009 -0.08532986
v 0.14595126 0.25619409 -0.08532586
v 0.14200323 0.23613832 -0.09606579
v 0.14131799 0.23754770 -0.09586800
v 0.14152723 0.23623232 -0.09608679
v 0.13987799 0.23789070 -0.09584100
v 0.14284640 0.24777080 -0.09077914
v 0.14057299 0.23771170 -0.09586400
v 0.14406139 0.25675628 -0.08544283
v 0.14487039 0.25659328 -0.08554683
v 0.14879513 0.29431427 0.00699776
v 0.14780158 0.28843906 0.01633650
v 0.14875619 0.28204999 0.02373278
v 0.15057022 0.28805093 0.01543925
v 0.14876558 0.28893006 0.01544350
v 0.14579627 0.29447628 0.00806575
v 0.14448514 0.28872855 0.01718235
v 0.14621815 0.28199984 0.02487942
v 0.14617285 0.28898748 0.01654693
v 0.14367779 0.27402433 0.03272772
v 0.14513465 0.26646964 0.03852371
v 0.14706183 0.27384213 0.03194744
v 0.14545846 0.27369849 0.03303637
v 0.14850126 0.26630731 0.03774202
v 0.14947898 0.27317505 0.03153463
v 0.14862098 0.27322405 0.03164563
v 0.14940714 0.29877429 -0.00434403
v 0.14624930 0.30180620 -0.01614491
v 0.14604950 0.29933189 -0.00354197
v 0.14771415 0.29925415 -0.00420445
v 0.14554788 0.30158852 -0.02858764
v 0.14284499 0.30220643 -0.02738155
v 0.14389168 0.30185130 -0.02789280
v 0.14318860 0.30234020 -0.01552640
v 0.14140699 0.30221643 -0.02726455
v 0.14487741 0.29968458 -0.00346505
v 0.14316573 0.25819334 0.04488501
v 0.14415623 0.24890927 0.04980373
v 0.14628280 0.25788432 0.04359070
v 0.14473864 0.25848576 0.04384808
v 0.14165807 0.24098130 0.05492637
v 0.14370026 0.23322991 0.05914964
v 0.14430242 0.24026740 0.05504119
v 0.14354342 0.24023340 0.05512019
v 0.14588675 0.23272260 0.05889564
v 0.14795115 0.23969056 0.05408497
v 0.14750676 0.24891706 0.04907721
v 0.14627359 0.24059816 0.05403710
v 0.14947882 0.25771887 0.04277496
v 0.14746267 0.25764637 0.04393561
v 0.14181194 0.26766150 0.03903913
v 0.13905921 0.25864235 0.04556954
v 0.14034869 0.24931112 0.05053313
v 0.14139652 0.25881391 0.04514959
v 0.13755348 0.26803483 0.03971447
v 0.13369585 0.25881183 0.04614026
v 0.13499119 0.25004735 0.05111012
v 0.13631602 0.25925143 0.04576596
v 0.13285696 0.24133041 0.05651561
v 0.13590077 0.23320082 0.06081046
v 0.13808469 0.24105410 0.05602656
v 0.13504871 0.24084904 0.05649906
v 0.14004938 0.23339900 0.06001943
v 0.14000058 0.24048296 0.05587644
v 0.14209315 0.28229014 0.02570902
v 0.13891961 0.27394823 0.03436635
v 0.14188346 0.27387537 0.03377746
v 0.14026784 0.28927052 0.01834525
v 0.14270174 0.28873609 0.01816852
v 0.13797728 0.28213447 0.02724090
v 0.13804299 0.28929425 0.01888052
v 0.13698318 0.27438790 0.03455255
v 0.14173167 0.22561066 0.06431852
v 0.14365553 0.21584197 0.06947785
v 0.14493215 0.22451708 0.06411321
v 0.14345899 0.22496087 0.06430105
v 0.14404806 0.20429175 0.07499642
v 0.14475090 0.19525038 0.07882723
v 0.14669821 0.20554079 0.07398131
v 0.14521697 0.20567852 0.07423340
v 0.14776876 0.19522642 0.07813973
v 0.14810241 0.20680410 0.07301262
v 0.14648375 0.21516868 0.06905528
v 0.14788741 0.20553510 0.07375462
v 0.14701594 0.22481790 0.06315037
v 0.14555015 0.22452708 0.06402521
v 0.13795898 0.22520794 0.06528204
v 0.14035591 0.21511575 0.07039078
v 0.13996867 0.22456766 0.06527452
v 0.13610196 0.21428250 0.07157496
v 0.13571233 0.22459044 0.06603509
v 0.13540379 0.19141131 0.08207755
v 0.13928161 0.20316948 0.07642017
v 0.13679459 0.20334135 0.07685673
v 0.14104565 0.19368116 0.08009684
v 0.14204135 0.20439826 0.07534604
v 0.14530691 0.18188735 0.08317583
v 0.14919099 0.17119184 0.08486295
v 0.14804512 0.18398376 0.08188321
v 0.14794270 0.18246895 0.08211623
v 0.14959505 0.15975395 0.08662691
v 0.15087577 0.15014691 0.08697881
v 0.15113836 0.16161122 0.08590908
v 0.14967205 0.16118595 0.08631291
v 0.15319767 0.15154433 0.08578796
v 0.15431473 0.16308717 0.08417965
v 0.15139616 0.17328780 0.08352614
v 0.15329573 0.16246917 0.08492165
v 0.15155182 0.18448814 0.08067174
v 0.15030751 0.18440094 0.08101766
v 0.13921558 0.18013128 0.08521711
v 0.14468488 0.16965531 0.08630817
v 0.14235054 0.18126668 0.08406508
v 0.13975877 0.16687066 0.08815845
v 0.13693421 0.17931452 0.08584139
v 0.14346978 0.14433235 0.08986661
v 0.14372541 0.15750385 0.08844207
v 0.14212056 0.15613286 0.08936926
v 0.14727850 0.14742698 0.08846828
v 0.14561074 0.15856575 0.08796192
v 0.15401836 0.13848500 0.08601981
v 0.15946420 0.12921258 0.08196094
v 0.15708104 0.14044202 0.08408604
v 0.15522836 0.13936300 0.08516581
v 0.16133633 0.11901701 0.07827981
v 0.16408480 0.11080033 0.07370536
v 0.16327181 0.12137164 0.07773490
v 0.16246682 0.11970696 0.07772134
v 0.16609889 0.11323539 0.07192384
v 0.16562334 0.12321000 0.07625495
v 0.16088786 0.13172880 0.08100152
v 0.16399181 0.12227064 0.07696390
v 0.15901657 0.14269487 0.08330561
v 0.15731017 0.14174508 0.08434921
v 0.15000139 0.13546605 0.08723076
v 0.15506773 0.12667475 0.08400636
v 0.15131485 0.13742562 0.08679361
v 0.14588934 0.13190966 0.08897814
v 0.15243835 0.12381630 0.08513180
v 0.14736253 0.13396765 0.08849900
v 0.15436108 0.11310235 0.08126902
v 0.15790548 0.10514434 0.07602824
v 0.15701376 0.11593098 0.08049013
v 0.15579766 0.11409418 0.08058502
v 0.16157808 0.10805178 0.07426055
v 0.15924644 0.11767196 0.07923971
v 0.15934151 0.09513753 0.06859734
v 0.16255493 0.08977262 0.05971207
v 0.16203122 0.09813511 0.06841245
v 0.16091538 0.09623827 0.06802158
v 0.16212907 0.08133796 0.05287213
v 0.16364858 0.07657014 0.04577997
v 0.16515455 0.08560927 0.05202361
v 0.16393045 0.08356878 0.05151311
v 0.16663672 0.08003183 0.04386200
v 0.16828887 0.08958780 0.05033324
v 0.16586971 0.09346373 0.05912781
v 0.16677100 0.08767033 0.05115815
v 0.16495492 0.10211357 0.06723608
v 0.16389194 0.10010636 0.06731212
v 0.15399931 0.09754219 0.07646716
v 0.15387170 0.08370534 0.06973700
v 0.15862653 0.08249776 0.06037690
v 0.15620080 0.08952999 0.06996432
v 0.14842141 0.08440578 0.07825710
v 0.14668286 0.06838047 0.07081005
v 0.15291686 0.07045657 0.06131623
v 0.15051720 0.07590942 0.06976551
v 0.15157916 0.05697666 0.05351312
v 0.15467031 0.05658533 0.04584441
v 0.15720153 0.07100981 0.05338018
v 0.15451263 0.06448929 0.05302099
v 0.15975064 0.06914097 0.04625643
v 0.15997100 0.07652714 0.05241817
v 0.14688982 0.11728071 0.08720621
v 0.14819700 0.10110002 0.08362020
v 0.15105630 0.10744978 0.08249628
v 0.13835583 0.12161689 0.09239955
v 0.14293762 0.12699983 0.09034570
v 0.13196436 0.10667609 0.09608494
v 0.14093183 0.10386108 0.09027773
v 0.13551819 0.11522165 0.09390773
v 0.14229428 0.08609654 0.08604803
v 0.14577078 0.09445183 0.08431510
v 0.14004517 0.06467903 0.07815972
v 0.14019770 0.05006404 0.06981542
v 0.14655939 0.05470253 0.06182655
v 0.14325674 0.05912728 0.06952170
v 0.13268758 0.04402757 0.07762727
v 0.13748941 0.02718978 0.07358616
v 0.14215186 0.03204424 0.06496028
v 0.13759948 0.03925147 0.07144408
v 0.14723581 0.01036444 0.06166758
v 0.14973649 0.01436106 0.05328063
v 0.14640976 0.03601889 0.05509512
v 0.14576000 0.02425720 0.05783223
v 0.14998483 0.03836643 0.04814669
v 0.14847749 0.04707156 0.05463655
v 0.13424384 0.08492414 0.09318991
v 0.13407585 0.06374612 0.08464876
v 0.13853224 0.07439468 0.08588979
v 0.12460519 0.08171562 0.09909668
v 0.12866659 0.09545068 0.09771387
v 0.11576300 0.05536938 0.09758635
v 0.12617282 0.06009986 0.09075695
v 0.12013223 0.06777958 0.09902514
v 0.12625845 0.04137524 0.08539665
v 0.12944661 0.05225530 0.08347943
v 0.13259137 0.01186357 0.08792957
v 0.13662343 -0.01781450 0.08293549
v 0.14345356 -0.00191741 0.07235237
v 0.13877100 0.00476771 0.08068137
v 0.12945227 -0.03899771 0.09224728
v 0.13441392 -0.06972496 0.08485541
v 0.14038657 -0.05132088 0.07531096
v 0.13569669 -0.04574510 0.08362485
v 0.14425147 -0.08347988 0.06801117
v 0.14818890 -0.06612853 0.05926779
v 0.14484528 -0.03374910 0.06659271
v 0.14456535 -0.05915215 0.06732723
v 0.14915768 -0.01804489 0.05639306
v 0.14640387 -0.01012902 0.06476978
v 0.11888748 0.03151633 0.09462250
v 0.12565638 -0.00430854 0.09743590
v 0.12618770 0.02258340 0.09081991
v 0.11234368 0.01510269 0.10789779
v 0.11115056 0.03886050 0.09871547
v 0.10755713 -0.04564227 0.11343735
v 0.11693551 -0.02444164 0.10553886
v 0.10939099 -0.01488916 0.11193100
v 0.12185769 -0.06015220 0.10027920
v 0.12383372 -0.03237600 0.09870525
v 0.12657717 -0.09975541 0.09335049
v 0.13267632 -0.14236525 0.08634939
v 0.13874082 -0.11182546 0.07696110
v 0.13311879 -0.10613045 0.08517106
v 0.12430142 -0.17427544 0.09327067
v 0.13058416 -0.21459055 0.08655158
v 0.13581346 -0.18532318 0.07749496
v 0.13017203 -0.18014332 0.08547548
v 0.14344206 -0.22001503 0.07285609
v 0.14624034 -0.19402984 0.06155866
v 0.14351672 -0.15307889 0.06984812
v 0.14081289 -0.18974540 0.07009320
v 0.14805530 -0.12200193 0.05993847
v 0.14375028 -0.11709575 0.06845750
v 0.11211117 -0.08708300 0.10813549
v 0.11825194 -0.13095141 0.10141423
v 0.11956909 -0.09394267 0.10081369
v 0.09606710 -0.07208982 0.11978982
v 0.10304831 -0.11861355 0.11342958
v 0.10485760 -0.08076235 0.11402836
v 0.09345815 -0.15540442 0.11952364
v 0.09958729 -0.19811250 0.11250125
v 0.11113219 -0.16409710 0.10742278
v 0.10214470 -0.16175513 0.11419174
v 0.11517493 -0.20451887 0.09988621
v 0.11751657 -0.16907906 0.10092841
v 0.08873330 -0.22993112 0.11850664
v 0.10380790 -0.28317542 0.12208783
v 0.10759460 -0.24058888 0.10887079
v 0.09799307 -0.23531222 0.11403194
v 0.09612895 -0.31996838 0.12889276
v 0.10625739 -0.35895580 0.12308941
v 0.11571221 -0.32646515 0.11685534
v 0.10613423 -0.32223793 0.12303378
v 0.12467738 -0.36822852 0.11170003
v 0.13286570 -0.33536833 0.10402166
v 0.12320467 -0.29416258 0.11045822
v 0.12466497 -0.33131256 0.11049176
v 0.12687682 -0.25243462 0.09832005
v 0.11734544 -0.24637177 0.10372735
v 0.08266641 -0.18821734 0.12366356
v 0.07025460 -0.22170220 0.12761267
v 0.08123395 -0.27198545 0.12784399
v 0.07965345 -0.22593802 0.12319350
v 0.06160823 -0.17905625 0.13274183
v 0.04902439 -0.21479342 0.13499678
v 0.05817084 -0.26268767 0.13273333
v 0.06005317 -0.21798200 0.13167967
v 0.04890733 -0.30256046 0.14136649
v 0.06207706 -0.34731961 0.14423565
v 0.07240457 -0.31144709 0.14088171
v 0.06019967 -0.30732656 0.14194396
v 0.08542512 -0.35157369 0.13414425
v 0.08395083 -0.31439668 0.13553581
v 0.08305862 -0.10387305 0.12527213
v 0.07381582 -0.14036981 0.12915855
v 0.08403609 -0.14616313 0.12461582
v 0.07561922 -0.05147196 0.13072277
v 0.08607817 -0.06453854 0.12598665
v 0.05068390 -0.02929197 0.13844340
v 0.06115797 -0.08611407 0.13452912
v 0.06342837 -0.04144147 0.13516706
v 0.05004755 -0.12579832 0.13719902
v 0.06185865 -0.13022206 0.13363608
v 0.03729353 -0.17235355 0.14029283
v 0.02500961 -0.21041703 0.13960181
v 0.03641383 -0.25217199 0.13672224
v 0.03802175 -0.21244051 0.13753464
v 0.01390804 -0.16926758 0.14379334
v 0.01219727 -0.24915569 0.13931276
v 0.01362238 -0.20964537 0.14083141
v 0.00994305 -0.33976731 0.14774948
v 0.02319729 -0.29723784 0.14108139
v 0.01159309 -0.29596034 0.14112675
v 0.03621963 -0.34356542 0.14823718
v 0.03662948 -0.29958534 0.14192681
v 0.03704587 -0.07782478 0.14059476
v 0.02641805 -0.12102020 0.14170033
v 0.03827220 -0.12277774 0.13980112
v 0.02499074 -0.02621685 0.14346448
v 0.03748170 -0.03134508 0.14140440
v 0.01312174 -0.07536771 0.14381142
v 0.01286907 -0.02614063 0.14485072
v 0.01407404 -0.11992695 0.14299445
v 0.01330174 -0.41920840 0.14772135
v 0.02644132 -0.38075289 0.14840505
v 0.01224470 -0.38058820 0.14992474
v 0.01269556 -0.50333493 0.15414402
v 0.02661327 -0.45922170 0.15012793
v 0.01330306 -0.45813499 0.15016044
v 0.03759552 -0.50529988 0.15218230
v 0.04938754 -0.46518081 0.14776953
v 0.03894245 -0.42113562 0.14640959
v 0.03816910 -0.46056085 0.14907910
v 0.05123176 -0.38216219 0.14427881
v 0.03852333 -0.38129006 0.14674086
v 0.01157722 -0.58391982 0.16061729
v 0.02573601 -0.54408106 0.15662450
v 0.01290287 -0.54328169 0.15724753
v 0.01047612 -0.66289691 0.16526500
v 0.02329499 -0.62440326 0.16214447
v 0.01113483 -0.62397522 0.16293280
v 0.03488184 -0.66389571 0.16384797
v 0.04843279 -0.62707190 0.15961492
v 0.03736696 -0.58530006 0.15853118
v 0.03679505 -0.62518253 0.16078291
v 0.04931093 -0.54715389 0.15418656
v 0.03776414 -0.54510613 0.15538070
v 0.00988955 -0.74062493 0.17008627
v 0.02262700 -0.70517936 0.16735732
v 0.00994217 -0.70005737 0.16745934
v 0.01180828 -0.81504747 0.17266264
v 0.02155640 -0.77532990 0.17065794
v 0.00983040 -0.77524890 0.17162594
v 0.03629079 -0.81575864 0.17114571
v 0.04588936 -0.77829699 0.16865955
v 0.03408021 -0.74139094 0.16853092
v 0.03449831 -0.78020107 0.16987910
v 0.04731706 -0.70519693 0.16478302
v 0.03500806 -0.70587577 0.16647870
v 0.00964015 -0.88413160 0.17349700
v 0.02244531 -0.85125188 0.17198545
v 0.01070317 -0.85101069 0.17247392
v 0.00825748 -0.95067736 0.17428198
v 0.01835650 -0.91885078 0.17396335
v 0.00811218 -0.91878360 0.17427922
v 0.02797786 -0.95074277 0.17362099
v 0.04064880 -0.91910549 0.17257194
v 0.03172348 -0.88834241 0.17255000
v 0.02888986 -0.91901009 0.17349372
v 0.04532955 -0.85534642 0.17026710
v 0.03404810 -0.85157571 0.17121090
v 0.00681279 -0.97654175 0.17873402
v 0.01764483 -0.96976563 0.17449432
v 0.00830308 -0.96972461 0.17478943
v 0.01436076 -0.99820096 0.17761929
v 0.00457176 -0.99597096 0.17772429
v 0.03337092 -1.00080635 0.17642993
v 0.02757837 -0.97924096 0.17810459
v 0.02397976 -1.00042996 0.17721129
v 0.03724823 -0.97248608 0.17310533
v 0.02818153 -0.96973052 0.17380940
v 0.05019320 -0.95381362 0.17156759
v 0.06409817 -0.92295906 0.16954861
v 0.05487136 -0.89066633 0.17029744
v 0.05229217 -0.92196006 0.17123861
v 0.07306269 -0.95675553 0.16783780
v 0.08518318 -0.93013247 0.16502288
v 0.07593442 -0.89697681 0.16679654
v 0.07397736 -0.92649436 0.16758707
v 0.08889508 -0.86605046 0.16253292
v 0.08139402 -0.82706362 0.16350586
v 0.06754283 -0.86096998 0.16722044
v 0.07829671 -0.86545058 0.16516707
v 0.05990317 -0.82113586 0.16813321
v 0.05654852 -0.85925524 0.16892790
v 0.04929794 -0.98153815 0.17633537
v 0.06091371 -0.97505459 0.17032682
v 0.04931323 -0.97232608 0.17187533
v 0.04335838 -1.01759170 0.17575765
v 0.05604331 -1.00379083 0.17372449
v 0.04555651 -1.00336508 0.17521933
v 0.06554508 -1.01901026 0.17282611
v 0.08102777 -1.00090061 0.17224928
v 0.07166913 -0.98390661 0.17320426
v 0.07064853 -0.99900341 0.17411255
v 0.08197349 -0.97726242 0.16625488
v 0.07091365 -0.97752607 0.16864338
v 0.08792614 -1.02381246 0.16850390
v 0.10198831 -1.00490031 0.16706190
v 0.09315606 -0.98626360 0.16868594
v 0.09233358 -1.00309637 0.16971230
v 0.11074750 -1.03396590 0.16261894
v 0.12287048 -1.01291419 0.15988655
v 0.11348086 -0.99242825 0.16260971
v 0.11278069 -1.00849737 0.16369779
v 0.11773069 -0.98689780 0.15479067
v 0.10950929 -0.96462638 0.15762817
v 0.10105600 -0.98129808 0.16096345
v 0.11016630 -0.98381557 0.15784925
v 0.09260733 -0.96263520 0.16329764
v 0.09149299 -0.97977849 0.16382600
v 0.07469908 -1.03112226 0.17182311
v 0.08514563 -1.04407482 0.17021055
v 0.09874290 -1.03850447 0.16667396
v 0.08626663 -1.03529082 0.16946655
v 0.07087597 -1.05065431 0.17334574
v 0.08112420 -1.05412265 0.17127529
v 0.09511665 -1.05070885 0.16799513
v 0.08384720 -1.05090665 0.17068129
v 0.10726683 -1.05404645 0.16466892
v 0.11921310 -1.05228422 0.16075245
v 0.10849883 -1.04809145 0.16402692
v 0.10726083 -1.05177345 0.16459092
v 0.12023310 -1.04580022 0.16001445
v 0.10969131 -1.04246792 0.16341822
v 0.05216660 -1.03026940 0.17534216
v 0.06171197 -1.04274831 0.17460374
v 0.06421923 -1.03006132 0.17362064
v 0.03872297 -1.04285401 0.17747951
v 0.04136960 -1.03054340 0.17661416
v 0.03293445 -1.05539648 0.17836935
v 0.04817790 -1.05121748 0.17674671
v 0.03584345 -1.05124248 0.17801335
v 0.05757790 -1.05504148 0.17566071
v 0.05894697 -1.05100031 0.17535974
v 0.12589610 -1.05350922 0.15783345
v 0.13348637 -1.05078208 0.15410870
v 0.12702817 -1.04866398 0.15723320
v 0.12701919 -1.05139842 0.15728107
v 0.14077371 -1.05290361 0.15072293
v 0.14788129 -1.05019738 0.14643668
v 0.14172172 -1.04734490 0.14997799
v 0.14066571 -1.05079561 0.15063493
v 0.14976409 -1.04204188 0.14486356
v 0.14343374 -1.03622748 0.14839346
v 0.13553237 -1.04374208 0.15267070
v 0.14262372 -1.04265090 0.14915499
v 0.12896271 -1.03802308 0.15576756
v 0.12805717 -1.04412998 0.15652020
v 0.15954254 -1.05062101 0.13972374
v 0.17117116 -1.04756573 0.13068777
v 0.16030692 -1.04416627 0.13887449
v 0.15940254 -1.04858801 0.13971574
v 0.18036031 -1.04915945 0.12294017
v 0.19058538 -1.04453765 0.11284281
v 0.18098564 -1.04161283 0.12194765
v 0.18120996 -1.04603993 0.12203379
v 0.18988415 -1.03420993 0.11251631
v 0.18110022 -1.02862801 0.12063484
v 0.17158392 -1.03787093 0.12960040
v 0.18059283 -1.03581985 0.12173919
v 0.16171381 -1.03206991 0.13689459
v 0.16107907 -1.03871221 0.13792000
v 0.19851421 -1.04754919 0.10414265
v 0.20549503 -1.04487103 0.09488643
v 0.19812923 -1.04033253 0.10398463
v 0.19834621 -1.04473819 0.10408365
v 0.21257617 -1.04731301 0.08445300
v 0.21799460 -1.04564616 0.07468578
v 0.21231088 -1.04229030 0.08439751
v 0.21246217 -1.04530501 0.08446500
v 0.21807461 -1.03944190 0.07356274
v 0.21144187 -1.03284987 0.08417300
v 0.20563659 -1.03674944 0.09366298
v 0.21197887 -1.03753287 0.08422100
v 0.19806496 -1.02928271 0.10260130
v 0.19859094 -1.03489639 0.10276467
v 0.22427563 -1.04807806 0.06154058
v 0.22846754 -1.04715119 0.04890955
v 0.22397963 -1.04369406 0.06148058
v 0.22414763 -1.04605106 0.06151258
v 0.23160137 -1.04921060 0.03594543
v 0.22993165 -1.05572390 0.01832576
v 0.22794487 -1.05311090 0.03239761
v 0.23147737 -1.04797860 0.03594143
v 0.22952605 -1.05124573 0.01919773
v 0.22740078 -1.04682504 0.03208281
v 0.22797777 -1.04157348 0.04878893
v 0.22772413 -1.05033833 0.03227943
v 0.22318162 -1.03622982 0.06125625
v 0.22366114 -1.04038149 0.06135780
v 0.23044170 -1.05665618 0.00383530
v 0.22946736 -1.05531716 -0.01087375
v 0.23028661 -1.05383611 0.00486549
v 0.23033970 -1.05576718 0.00503830
v 0.22705316 -1.05619091 -0.02578617
v 0.22322575 -1.05467903 -0.03972182
v 0.22685765 -1.05305383 -0.02593530
v 0.22697373 -1.05512728 -0.02585638
v 0.22283124 -1.04957646 -0.03986608
v 0.22666231 -1.04600650 -0.02470070
v 0.22928078 -1.05053821 -0.00992551
v 0.22689485 -1.05044719 -0.02483316
v 0.22976635 -1.04705041 0.00483819
v 0.23006183 -1.05126189 0.00483275
v 0.21812064 -1.05597554 -0.05364452
v 0.21159436 -1.05391066 -0.06733584
v 0.21795711 -1.05241342 -0.05364292
v 0.21807739 -1.05428514 -0.05362891
v 0.20381725 -1.05563557 -0.08084070
v 0.19472671 -1.05384038 -0.09369555
v 0.20370641 -1.05132151 -0.08070946
v 0.20377749 -1.05372740 -0.08078075
v 0.19462123 -1.04651272 -0.09331313
v 0.20343134 -1.04320024 -0.08019104
v 0.21133410 -1.04806983 -0.06717149
v 0.20362617 -1.04729644 -0.08046563
v 0.21796423 -1.04502296 -0.05223075
v 0.21819895 -1.04883116 -0.05240701
v 0.18462459 -1.05574263 -0.10589584
v 0.17452023 -1.05379164 -0.11615086
v 0.18550466 -1.05107271 -0.10469550
v 0.18555019 -1.05366581 -0.10477201
v 0.16242155 -1.05603225 -0.12637547
v 0.15075579 -1.05403124 -0.13479636
v 0.16353216 -1.05057360 -0.12536762
v 0.16246471 -1.05389971 -0.12635888
v 0.15081487 -1.04703873 -0.13458113
v 0.16344995 -1.04158775 -0.12493893
v 0.17440257 -1.04693064 -0.11571782
v 0.16349840 -1.04693525 -0.12520977
v 0.18534127 -1.04132431 -0.10406013
v 0.18547286 -1.04670081 -0.10443762
v 0.13742630 -1.05621065 -0.14348145
v 0.12596586 -1.05413044 -0.15007691
v 0.13859353 -1.05077764 -0.14264785
v 0.13857881 -1.05405185 -0.14267260
v 0.11250061 -1.05652290 -0.15689162
v 0.09864536 -1.05497802 -0.16256214
v 0.11267345 -1.05096775 -0.15660875
v 0.11253873 -1.05429938 -0.15674704
v 0.10021819 -1.04751171 -0.16156020
v 0.11401379 -1.04076061 -0.15524384
v 0.12600672 -1.04724343 -0.14977746
v 0.11276425 -1.04736361 -0.15637921
v 0.13981636 -1.04176769 -0.14151340
v 0.13863797 -1.04711649 -0.14246888
v 0.08568590 -1.05724110 -0.16712013
v 0.07249210 -1.05535671 -0.17102538
v 0.08584699 -1.05205863 -0.16686750
v 0.08570790 -1.05513810 -0.16711913
v 0.05749058 -1.05766880 -0.17453784
v 0.05935992 -1.05164946 -0.17388907
v 0.05778927 -1.05528334 -0.17453522
v 0.06107158 -1.04086152 -0.17245463
v 0.07298238 -1.04693053 -0.17030248
v 0.05951147 -1.04702445 -0.17339471
v 0.08746130 -1.04106626 -0.16548422
v 0.08618962 -1.04767982 -0.16656778
v 0.07610782 -1.02524726 -0.16752854
v 0.09044380 -1.01216127 -0.16203849
v 0.10175654 -1.02501474 -0.15918121
v 0.08911059 -1.02522058 -0.16365601
v 0.04891533 -1.02385150 -0.17310872
v 0.06409384 -1.01236892 -0.16906825
v 0.06273430 -1.02375789 -0.17050068
v 0.05201929 -0.99723177 -0.16977487
v 0.06669728 -0.98263433 -0.16530512
v 0.07870489 -0.99942587 -0.16414284
v 0.06532122 -0.99723392 -0.16720231
v 0.09394499 -0.98521325 -0.15779831
v 0.10411693 -1.00086594 -0.15585711
v 0.09153973 -0.99941017 -0.16026552
v 0.11645672 -1.01399703 -0.15196866
v 0.12837849 -1.02657495 -0.14716601
v 0.11497922 -1.02644198 -0.15375556
v 0.11829305 -0.98774557 -0.14825775
v 0.13055151 -1.00161234 -0.14357411
v 0.11747018 -1.00156852 -0.15022104
v 0.14375035 -0.99005201 -0.13435437
v 0.15502827 -1.00549633 -0.12817610
v 0.14214656 -1.01581547 -0.13833982
v 0.14305945 -1.00369332 -0.13639975
v 0.15292710 -1.02727488 -0.13209960
v 0.14090141 -1.02645900 -0.14002478
v 0.13254795 -0.96454618 -0.13858508
v 0.14393513 -0.94441833 -0.12954525
v 0.15549171 -0.96785065 -0.12348505
v 0.14382436 -0.96734037 -0.13183522
v 0.10687751 -0.96071462 -0.15075360
v 0.11956923 -0.93789815 -0.14297605
v 0.11960386 -0.96165119 -0.14510054
v 0.10689060 -0.91121822 -0.14661639
v 0.12010463 -0.88652891 -0.13881887
v 0.13228124 -0.91538227 -0.13439794
v 0.11990912 -0.91160723 -0.14078539
v 0.14418614 -0.89360489 -0.12519028
v 0.15538542 -0.92241548 -0.11929152
v 0.14414596 -0.91856691 -0.12720517
v 0.16639286 -0.99235412 -0.11702609
v 0.17632982 -1.00547761 -0.10923725
v 0.16546008 -1.01558995 -0.12099606
v 0.16607543 -1.00559013 -0.11906714
v 0.18586279 -0.99376703 -0.09678131
v 0.19528127 -1.00716119 -0.08686559
v 0.18644708 -1.01693941 -0.09982974
v 0.18581676 -1.00712746 -0.09894095
v 0.19512804 -1.02733979 -0.09045469
v 0.17622363 -1.02775879 -0.11232615
v 0.18603609 -1.02770331 -0.10180438
v 0.16459167 -1.02621926 -0.12285812
v 0.16646544 -0.94777853 -0.11209743
v 0.17638342 -0.97266499 -0.10489605
v 0.16633634 -0.97017073 -0.11448913
v 0.16571307 -0.89907879 -0.10845573
v 0.17568283 -0.92641305 -0.10105111
v 0.16593282 -0.92294449 -0.11035676
v 0.18329920 -0.90404596 -0.09019508
v 0.19192612 -0.92958343 -0.08135748
v 0.18518893 -0.95014796 -0.09254541
v 0.18459082 -0.92750286 -0.09089538
v 0.19390662 -0.97517893 -0.08383751
v 0.18554759 -0.97383156 -0.09469316
v 0.17383176 -0.86646890 -0.09801318
v 0.18119694 -0.83259303 -0.08685565
v 0.18992621 -0.87053026 -0.07845368
v 0.18275014 -0.86986608 -0.08793745
v 0.15483369 -0.86184557 -0.11510521
v 0.16270443 -0.82622420 -0.10588924
v 0.16416778 -0.86232844 -0.10721744
v 0.15154045 -0.78671663 -0.11242217
v 0.15817815 -0.75057446 -0.10427091
v 0.17046062 -0.79229012 -0.09580016
v 0.16081963 -0.78743468 -0.10479808
v 0.17575589 -0.75499168 -0.08685490
v 0.18655508 -0.79725457 -0.07686116
v 0.17925650 -0.79340222 -0.08605862
v 0.19782969 -0.90641150 -0.06960636
v 0.20486071 -0.92936511 -0.05984946
v 0.19999930 -0.95349784 -0.07176018
v 0.19912436 -0.92953735 -0.07017180
v 0.20897723 -0.90615907 -0.04750923
v 0.21478198 -0.93191821 -0.03604574
v 0.21188427 -0.95301247 -0.04824898
v 0.21037224 -0.93213918 -0.04810277
v 0.21790973 -0.97678182 -0.03673356
v 0.21492600 -0.99811839 -0.04956468
v 0.20780243 -0.97482769 -0.06088842
v 0.21390556 -0.97699653 -0.04767450
v 0.20202518 -0.99634979 -0.07454980
v 0.20128913 -0.97506697 -0.07263955
v 0.19507009 -0.83543950 -0.06745979
v 0.20214577 -0.87421396 -0.05846624
v 0.19640120 -0.87421709 -0.06873229
v 0.18951566 -0.75713536 -0.06854560
v 0.19860946 -0.79762242 -0.05743710
v 0.19298551 -0.79756620 -0.06727435
v 0.20059542 -0.75662081 -0.04800625
v 0.20769134 -0.80125042 -0.03694419
v 0.20598214 -0.83726790 -0.04616730
v 0.20364357 -0.80101200 -0.04730005
v 0.21147833 -0.87370168 -0.03619000
v 0.20752870 -0.87399800 -0.04689301
v 0.19214731 -0.71454891 -0.05980465
v 0.19244860 -0.67186072 -0.05401809
v 0.20137124 -0.71839892 -0.04026943
v 0.19745592 -0.71628199 -0.04945476
v 0.18001757 -0.71405055 -0.07825916
v 0.18208646 -0.66890638 -0.07227267
v 0.18651096 -0.71448222 -0.06901225
v 0.17316365 -0.62678676 -0.07962334
v 0.17621232 -0.58173334 -0.07092249
v 0.18452947 -0.62321279 -0.06237157
v 0.17931794 -0.62737201 -0.07121694
v 0.18692361 -0.58145143 -0.05312231
v 0.19366126 -0.62774979 -0.04417521
v 0.18943649 -0.62648426 -0.05359422
v 0.20781516 -0.75636613 -0.02884963
v 0.21322714 -0.79993605 -0.01626885
v 0.21309631 -0.83818165 -0.02522428
v 0.21087711 -0.80062476 -0.02670508
v 0.21205291 -0.75444808 -0.00759267
v 0.21526390 -0.79782457 0.00532030
v 0.21680216 -0.83657964 -0.00324264
v 0.21477218 -0.79892699 -0.00491538
v 0.21869012 -0.87086626 0.00861270
v 0.21986248 -0.90408270 -0.00200093
v 0.21709246 -0.87249617 -0.01374826
v 0.21836548 -0.87168782 -0.00197862
v 0.21634810 -0.90530201 -0.02477269
v 0.21466760 -0.87318189 -0.02550909
v 0.19989212 -0.67224348 -0.03469379
v 0.20700152 -0.71681399 -0.02084940
v 0.20459620 -0.71765090 -0.03070755
v 0.19428028 -0.58292210 -0.03587434
v 0.19972754 -0.62690982 -0.02528399
v 0.19704855 -0.62749897 -0.03498936
v 0.19905965 -0.57899286 -0.01670355
v 0.20280807 -0.62513131 -0.00598049
v 0.20394480 -0.66749704 -0.01519211
v 0.20151233 -0.62307845 -0.01552451
v 0.20923478 -0.71445491 -0.00156295
v 0.20832061 -0.71232175 -0.01130690
v 0.19408412 -0.53747609 -0.02910089
v 0.19238664 -0.49345728 -0.02274026
v 0.19729064 -0.53593062 -0.01155844
v 0.19598702 -0.53620034 -0.02068632
v 0.18839353 -0.54230149 -0.04585099
v 0.18779968 -0.49808821 -0.03972499
v 0.19143637 -0.53780159 -0.03766932
v 0.18090533 -0.45485743 -0.04710450
v 0.18054684 -0.41278001 -0.03838298
v 0.18719119 -0.45490498 -0.03072691
v 0.18438059 -0.45506110 -0.03901291
v 0.18493644 -0.41050436 -0.02376348
v 0.19058013 -0.45348393 -0.01569637
v 0.18878319 -0.45224995 -0.02413745
v 0.20067125 -0.57581647 0.00080502
v 0.20275922 -0.61818092 0.01197906
v 0.20508144 -0.66384096 0.00355228
v 0.20302480 -0.61957118 0.00254047
v 0.19967135 -0.57292755 0.01820539
v 0.20008963 -0.61484862 0.02979652
v 0.20324374 -0.66051947 0.02293367
v 0.20195865 -0.61671211 0.02023742
v 0.20388177 -0.70234879 0.03542524
v 0.21003038 -0.74698325 0.03036178
v 0.20761916 -0.70627528 0.01582069
v 0.20588120 -0.70326910 0.02623580
v 0.21287093 -0.75202769 0.01122189
v 0.20856976 -0.70810447 0.00749372
v 0.19483192 -0.49506530 -0.00640676
v 0.19789223 -0.53359444 0.00553892
v 0.19801453 -0.53505417 -0.00358556
v 0.18769793 -0.41097760 -0.00789988
v 0.19168865 -0.45119671 -0.00023911
v 0.19131138 -0.45261281 -0.00710126
v 0.18775171 -0.40877062 0.00693719
v 0.19056754 -0.44813016 0.01557638
v 0.19432114 -0.48898763 0.00991544
v 0.19110247 -0.44648383 0.00835923
v 0.19577979 -0.53042096 0.02247346
v 0.19735939 -0.53280056 0.01320653
v 0.18431252 -0.37333694 -0.00205169
v 0.18054162 -0.33527963 0.00325690
v 0.18346021 -0.36949036 0.01259018
v 0.18419787 -0.37153564 0.00520341
v 0.18304943 -0.37541899 -0.01635657
v 0.17992668 -0.33779567 -0.01135817
v 0.18401672 -0.37450002 -0.01007447
v 0.17447289 -0.29921713 -0.02033056
v 0.17109025 -0.25520131 -0.01725580
v 0.17621477 -0.29404716 -0.00747586
v 0.17549443 -0.29488507 -0.01405713
v 0.17236806 -0.25270561 -0.00333000
v 0.17660580 -0.29336061 0.00726185
v 0.17670251 -0.29269296 -0.00013287
v 0.18548531 -0.40408627 0.02218785
v 0.18676871 -0.44265609 0.03164175
v 0.19191009 -0.48757131 0.02642907
v 0.18898523 -0.44532081 0.02335028
v 0.18111985 -0.40296096 0.03757003
v 0.18123081 -0.43743167 0.04644567
v 0.18691348 -0.48257874 0.04151278
v 0.18412677 -0.43979138 0.03946291
v 0.18482760 -0.52215580 0.05448459
v 0.19030152 -0.56385299 0.05054003
v 0.19154466 -0.52585005 0.03791198
v 0.18848469 -0.52726989 0.04676944
v 0.19606277 -0.56896582 0.03518726
v 0.19406180 -0.52815361 0.02997236
v 0.17936080 -0.33205507 0.01774156
v 0.18105857 -0.36988454 0.02735880
v 0.18272100 -0.37199624 0.01993932
v 0.17141891 -0.24809022 0.01124690
v 0.17495635 -0.29119648 0.02354037
v 0.17609758 -0.29387695 0.01541612
v 0.16859948 -0.24220776 0.02568369
v 0.17077206 -0.28309880 0.03904364
v 0.17608037 -0.32728038 0.03306038
v 0.17318479 -0.28791709 0.03102701
v 0.17629443 -0.36660217 0.04345861
v 0.17862744 -0.36712684 0.03594836
v 0.16521076 -0.21687924 0.01465729
v 0.15954731 -0.18134580 0.02038719
v 0.16083569 -0.20745354 0.02915160
v 0.16301104 -0.21026266 0.02178383
v 0.16750896 -0.22338133 -0.00002952
v 0.16243299 -0.18993809 0.00576008
v 0.16656290 -0.21955353 0.00750411
v 0.16065540 -0.16650307 -0.00119022
v 0.16099998 -0.13342711 0.00319650
v 0.15961197 -0.15591491 0.01269438
v 0.16036408 -0.16164207 0.00590912
v 0.15993849 -0.12121186 0.01725422
v 0.15828680 -0.14502703 0.02733384
v 0.15880614 -0.15317738 0.02018354
v 0.16285346 -0.23462704 0.04084172
v 0.16438002 -0.27515188 0.05422520
v 0.17094063 -0.32458939 0.04892127
v 0.16809660 -0.27974448 0.04613459
v 0.15505163 -0.22993434 0.05747433
v 0.15517108 -0.26864020 0.07024744
v 0.16244661 -0.31540246 0.06536911
v 0.16040877 -0.27553557 0.06216835
v 0.15984688 -0.35258778 0.07574115
v 0.16591858 -0.39309048 0.06937507
v 0.16911361 -0.36134445 0.06026094
v 0.16520367 -0.35760095 0.06759492
v 0.17463536 -0.39655749 0.05304775
v 0.17315432 -0.36065400 0.05129717
v 0.15496022 -0.17095374 0.03660341
v 0.15425516 -0.19943773 0.04565702
v 0.15779201 -0.20340701 0.03769024
v 0.15637651 -0.10758155 0.03284986
v 0.15475497 -0.13443347 0.04382739
v 0.15714731 -0.13886860 0.03504363
v 0.15161166 -0.09330482 0.04943349
v 0.14968398 -0.16271386 0.05314522
v 0.15169328 -0.12660624 0.05160123
v 0.15021788 -0.19513915 0.05368733
v 0.16157561 -0.42690901 0.07846973
v 0.16932752 -0.47327910 0.07346872
v 0.17247678 -0.43376510 0.06322048
v 0.16748924 -0.43018942 0.07062225
v 0.16463133 -0.51078345 0.08483426
v 0.17099666 -0.55100253 0.08249432
v 0.17550733 -0.51790730 0.07049452
v 0.17044786 -0.51432051 0.07755551
v 0.18186719 -0.55797066 0.06676758
v 0.17948421 -0.47619202 0.05732832
v 0.18033460 -0.52119739 0.06288656
v 0.17710034 -0.43762739 0.05542343
v 0.15516782 -0.38464387 0.08486395
v 0.14859852 -0.42073698 0.09263618
v 0.15667305 -0.46517756 0.08863509
v 0.15576738 -0.42562863 0.08516805
v 0.14092682 -0.37860897 0.09967956
v 0.13252774 -0.41161393 0.10697081
v 0.14133691 -0.45557274 0.10319002
v 0.14084627 -0.41567707 0.09991005
v 0.13434699 -0.49290050 0.11325685
v 0.14313978 -0.53531245 0.11101609
v 0.15057283 -0.50192885 0.09978102
v 0.14257246 -0.49733402 0.10687430
v 0.15794567 -0.54342620 0.09750229
v 0.15713003 -0.50601084 0.09331732
v 0.15203185 -0.31026726 0.08112120
v 0.14764265 -0.34726482 0.09099040
v 0.15352886 -0.35205279 0.08453684
v 0.14317338 -0.25983383 0.08447660
v 0.14986248 -0.26521372 0.07733128
v 0.13921565 -0.30052898 0.09593418
v 0.13549240 -0.25832440 0.09215399
v 0.14048704 -0.34168911 0.09784317
v 0.13499660 -0.57799318 0.12187362
v 0.14140395 -0.61997960 0.11934100
v 0.15123449 -0.58574800 0.10880623
v 0.14361391 -0.57768681 0.11502089
v 0.13487920 -0.66021775 0.12828500
v 0.14517943 -0.70124785 0.12651923
v 0.15067668 -0.66819544 0.11592746
v 0.14351173 -0.66113413 0.12164878
v 0.16075563 -0.71062847 0.11360940
v 0.16633258 -0.67389320 0.10129060
v 0.15707281 -0.63094678 0.10559663
v 0.15918642 -0.67120170 0.10834899
v 0.16506486 -0.59326960 0.09488367
v 0.15882014 -0.58975169 0.10142574
v 0.12519135 -0.52709031 0.12385021
v 0.11551474 -0.56684870 0.13347163
v 0.12447785 -0.61383582 0.13130848
v 0.12571501 -0.57013034 0.12765756
v 0.10486579 -0.51980586 0.13466971
v 0.09495529 -0.56062532 0.14289355
v 0.10460297 -0.60774925 0.14175977
v 0.10533771 -0.56361745 0.13837100
v 0.09446326 -0.64465710 0.14866899
v 0.10576672 -0.68696501 0.14772458
v 0.11484167 -0.64838277 0.13977356
v 0.10468822 -0.64587325 0.14472535
v 0.12685723 -0.69158918 0.13771161
v 0.12557423 -0.65569123 0.13400259
v 0.12481334 -0.44681098 0.11520249
v 0.11586552 -0.48468434 0.12512707
v 0.12545340 -0.48869951 0.11939257
v 0.11568544 -0.40256408 0.11890419
v 0.12486221 -0.40687849 0.11271696
v 0.09530339 -0.39412401 0.12996467
v 0.10550860 -0.43863933 0.12640503
v 0.10535226 -0.39802267 0.12486041
v 0.09549744 -0.47751435 0.13473041
v 0.10587989 -0.48094367 0.13023947
v 0.08358131 -0.51340707 0.14241570
v 0.07232490 -0.55054195 0.14934822
v 0.08318124 -0.59760924 0.14976273
v 0.08409273 -0.55785674 0.14646506
v 0.06106246 -0.50853176 0.14829588
v 0.06108109 -0.58801607 0.15468325
v 0.06131152 -0.54821439 0.15187164
v 0.05931432 -0.67084921 0.16036285
v 0.07170269 -0.63490858 0.15550597
v 0.06043692 -0.63305612 0.15793769
v 0.08295609 -0.67859259 0.15532100
v 0.08316920 -0.63677944 0.15209314
v 0.08497083 -0.43132253 0.13550561
v 0.07337674 -0.47171765 0.14248896
v 0.08500526 -0.47433989 0.13891958
v 0.07433304 -0.38720067 0.13825839
v 0.08480443 -0.39049587 0.13458587
v 0.06231808 -0.42503410 0.14247680
v 0.06280445 -0.38430246 0.14170388
v 0.06232147 -0.46936528 0.14556632
v 0.09428001 -0.72043624 0.15509533
v 0.10440874 -0.76166185 0.15410587
v 0.11566763 -0.72884342 0.14727690
v 0.10573719 -0.72262019 0.15109902
v 0.09302495 -0.79472330 0.15998909
v 0.10273668 -0.83732859 0.15708373
v 0.11428693 -0.80671614 0.15199816
v 0.10466965 -0.80079681 0.15689358
v 0.12198416 -0.84758142 0.14909699
v 0.13305841 -0.81402898 0.14165631
v 0.12473042 -0.76930947 0.14485038
v 0.12455523 -0.80834833 0.14663463
v 0.13499661 -0.73605539 0.13669165
v 0.12593984 -0.73102926 0.14183552
v 0.07052128 -0.71338420 0.16110197
v 0.08230860 -0.75416992 0.16094057
v 0.08258083 -0.71479305 0.15836228
v 0.05916860 -0.74750206 0.16549703
v 0.05970268 -0.70773268 0.16300132
v 0.06977787 -0.78700923 0.16525190
v 0.05852414 -0.78170221 0.16708784
v 0.08221913 -0.79268612 0.16274909
v 0.14123955 -0.85366913 0.13811309
v 0.15206658 -0.82215256 0.12861004
v 0.14397521 -0.78111788 0.13385494
v 0.14317458 -0.82029790 0.13518426
v 0.15862743 -0.86089169 0.12512300
v 0.16806905 -0.82971310 0.11496434
v 0.16073016 -0.78796373 0.11955485
v 0.16019749 -0.82379322 0.12210194
v 0.16789607 -0.75136644 0.10922916
v 0.15233165 -0.74660685 0.12396096
v 0.16078486 -0.74917431 0.11638030
v 0.14455603 -0.73968445 0.13010897
v 0.12855498 -0.88072729 0.14705047
v 0.13527074 -0.91442301 0.14459197
v 0.14733993 -0.88772180 0.13539199
v 0.13763248 -0.88563768 0.14185572
v 0.12103368 -0.93756503 0.15268879
v 0.12934215 -0.96843188 0.14880491
v 0.14183060 -0.94231554 0.14132890
v 0.13171689 -0.94126081 0.14732852
v 0.14965203 -0.96940481 0.13669578
v 0.16059409 -0.94316506 0.12789574
v 0.15350230 -0.91614178 0.13222333
v 0.15125486 -0.94265012 0.13489244
v 0.16459836 -0.89247935 0.12181301
v 0.15646611 -0.88784596 0.12840551
v 0.10939802 -0.87511742 0.15588255
v 0.11652051 -0.90952928 0.15414329
v 0.11920417 -0.87970519 0.15176439
v 0.09724268 -0.90147037 0.16117493
v 0.09918222 -0.87058455 0.15947675
v 0.10380151 -0.93296007 0.15950095
v 0.09458526 -0.93028886 0.16248384
v 0.11244190 -0.93716427 0.15634080
v 0.16718523 -0.97300919 0.12296845
v 0.17709267 -0.94791774 0.11278580
v 0.17027624 -0.92142028 0.11809680
v 0.16870551 -0.94721682 0.12079206
v 0.18334607 -0.97499219 0.10708908
v 0.19203638 -0.95283262 0.09573424
v 0.18582359 -0.92706443 0.10180434
v 0.18508342 -0.94898680 0.10416694
v 0.19335945 -0.90148850 0.08984464
v 0.18791410 -0.87084768 0.09484470
v 0.18043122 -0.89694153 0.10584987
v 0.18678248 -0.90008149 0.09841265
v 0.17425248 -0.86656775 0.11058001
v 0.17276562 -0.89383741 0.11397791
v 0.15597225 -0.98799831 0.13285690
v 0.16422828 -1.00389110 0.12766438
v 0.17472013 -0.98890409 0.11696836
v 0.16613843 -0.98830171 0.12471016
v 0.15450241 -1.01020424 0.14210080
v 0.17330335 -1.01141892 0.12632831
v 0.16382565 -1.01205387 0.13457868
v 0.18941654 -1.01642168 0.10489416
v 0.18169093 -1.00504756 0.11174445
v 0.18078419 -1.01658365 0.11416751
v 0.19060911 -0.99261831 0.10032149
v 0.18311813 -0.99088009 0.10871836
v 0.13840971 -0.98720206 0.14452231
v 0.14602374 -1.00331840 0.14113437
v 0.14738952 -0.98748872 0.13887868
v 0.13122574 -0.99528519 0.15509750
v 0.12903669 -0.98696180 0.14964467
v 0.13964744 -1.01068890 0.15148184
v 0.13043202 -1.01266335 0.15643253
v 0.14682322 -1.01038223 0.14722261
v 0.19753358 -0.98082972 0.08989273
v 0.20419051 -0.96024863 0.07813028
v 0.19905802 -0.93248464 0.08426314
v 0.19853023 -0.95656417 0.08702193
v 0.20958605 -0.98482366 0.07060679
v 0.21375347 -0.96731996 0.05922672
v 0.20947221 -0.93768740 0.06558687
v 0.20923014 -0.96386422 0.06889660
v 0.21306701 -0.91966031 0.05376430
v 0.20895178 -0.88757314 0.05984584
v 0.20423600 -0.91077761 0.07279147
v 0.20898979 -0.91523968 0.06334669
v 0.19929036 -0.88112630 0.07832738
v 0.19874773 -0.90609153 0.08185471
v 0.19723201 -1.00622910 0.09363722
v 0.20372561 -0.99608212 0.08254919
v 0.19758310 -0.99548978 0.09154501
v 0.20354933 -1.02194610 0.08677808
v 0.19645839 -1.01960386 0.09651053
v 0.21504801 -1.02651047 0.06667453
v 0.20934460 -1.01158830 0.07527057
v 0.20933801 -1.02260301 0.07732822
v 0.21459920 -1.00189954 0.06265891
v 0.20930382 -0.99906580 0.07332081
v 0.21849994 -0.99087321 0.05014714
v 0.22095802 -0.97142087 0.03718461
v 0.21734160 -0.94548318 0.04559792
v 0.21771309 -0.96806895 0.04838762
v 0.22451938 -0.99631749 0.02654338
v 0.22444395 -0.97763403 0.01411299
v 0.22203496 -0.95003872 0.02370231
v 0.22316696 -0.97463563 0.02585366
v 0.22162108 -0.92964620 0.01078654
v 0.21957449 -0.90233641 0.02004870
v 0.21910720 -0.92484462 0.03270922
v 0.22087219 -0.92577753 0.02131362
v 0.21547066 -0.89684805 0.04145397
v 0.21630418 -0.92067944 0.04390214
v 0.21933228 -1.01666708 0.05382911
v 0.22242921 -1.00480814 0.04080116
v 0.21897021 -1.00449014 0.05190316
v 0.22386395 -1.02917019 0.04314056
v 0.21987482 -1.02870579 0.05536227
v 0.22853522 -1.03407954 0.01820034
v 0.22604964 -1.01926948 0.02918295
v 0.22686061 -1.03100859 0.03024331
v 0.22669528 -1.00961517 0.01686990
v 0.22521777 -1.00740658 0.02827711
v 0.22608226 -0.99696138 0.00313995
v 0.22354454 -0.97598000 -0.01097839
v 0.22299502 -0.95421100 0.00085865
v 0.22453972 -0.97548245 0.00223932
v 0.22302628 -0.99753760 -0.02366482
v 0.21962378 -0.95513091 -0.02462922
v 0.22146340 -0.97642417 -0.02312742
v 0.22014391 -0.93093948 -0.01307015
v 0.21810529 -0.93146834 -0.02401255
v 0.22148215 -0.93035695 0.00010069
v 0.22813184 -1.01957124 0.00472245
v 0.22641023 -1.00993714 -0.01061096
v 0.22722122 -1.00975971 0.00396315
v 0.22833138 -1.03272976 -0.01034353
v 0.22905354 -1.03282121 0.00419357
v 0.22223400 -1.03120532 -0.03859767
v 0.22509599 -1.01964155 -0.02446375
v 0.22595447 -1.03120260 -0.02475477
v 0.22077559 -1.00835601 -0.03645429
v 0.22415983 -1.01010915 -0.02414627
v 0.21681562 -0.86500658 0.02898288
v 0.21340565 -0.82695622 0.03736096
v 0.21172003 -0.85855163 0.04871642
v 0.21464157 -0.86373857 0.03896079
v 0.21664683 -0.83058509 0.01738252
v 0.21823254 -0.86979150 0.01883624
v 0.21397715 -0.79119437 0.02402665
v 0.21497300 -0.79263446 0.01411354
v 0.20969862 -0.78364459 0.04308595
v 0.21190824 -0.78719729 0.03470768
v 0.20737528 -0.82078893 0.05541236
v 0.20419575 -0.85190817 0.06659913
v 0.20835700 -0.85352803 0.05728590
v 0.20468439 -0.73991503 0.04783908
v 0.20279754 -0.77585228 0.06057282
v 0.20639628 -0.78176953 0.05250766
v 0.19606962 -0.72982676 0.06554906
v 0.19342399 -0.76699099 0.07737638
v 0.19854617 -0.81131983 0.07341743
v 0.19788449 -0.77067557 0.06953128
v 0.19438516 -0.84104261 0.08336209
v 0.19917022 -0.84695563 0.07571508
v 0.19784962 -0.69370926 0.05248065
v 0.19211433 -0.65036247 0.05783857
v 0.19005598 -0.68902155 0.06957668
v 0.19406275 -0.69156517 0.06114186
v 0.19884722 -0.65652492 0.04075547
v 0.20102952 -0.69593172 0.04310725
v 0.19465128 -0.61084343 0.04720671
v 0.19796222 -0.61310910 0.03789342
v 0.18725807 -0.60461960 0.06304952
v 0.19131704 -0.60792280 0.05505366
v 0.18685436 -0.72109399 0.08141158
v 0.18147606 -0.76140962 0.09369684
v 0.18853689 -0.80112800 0.08874619
v 0.18719011 -0.76411211 0.08606035
v 0.17490203 -0.71594248 0.09809410
v 0.17521478 -0.79693362 0.10470451
v 0.17527290 -0.75393726 0.10087461
v 0.18208625 -0.83351838 0.09959891
v 0.17537089 -0.83246858 0.10740003
v 0.18836814 -0.83909006 0.09204700
v 0.18320566 -0.64231487 0.07371368
v 0.17883220 -0.67932179 0.08518889
v 0.18525204 -0.68661171 0.07759319
v 0.17723732 -0.60006250 0.07937686
v 0.18236167 -0.60298777 0.07165430
v 0.17117979 -0.63676819 0.09008364
v 0.17192071 -0.59686983 0.08658255
v 0.17326248 -0.67680311 0.09292169
v 0.16065571 -0.14020189 -0.01039741
v 0.16057488 -0.12358129 -0.01837827
v 0.16080686 -0.10274431 -0.01330603
v 0.16140978 -0.12273184 -0.00478762
v 0.16121949 -0.12281925 -0.01178998
v 0.15912861 -0.14145795 -0.02268024
v 0.15829983 -0.12644076 -0.03124681
v 0.15928864 -0.10350451 -0.02674897
v 0.15953759 -0.12396039 -0.02479871
v 0.15660295 -0.08401142 -0.03274152
v 0.15594164 -0.05819210 -0.02669026
v 0.15824902 -0.08162840 -0.02042014
v 0.15739931 -0.08167590 -0.02678972
v 0.15748692 -0.05507305 -0.01410579
v 0.15945518 -0.08115635 -0.00731417
v 0.15891749 -0.08117894 -0.01386627
v 0.16377801 -0.19724235 -0.00884783
v 0.16054232 -0.16926021 -0.01526744
v 0.16085197 -0.16833964 -0.00829434
v 0.16741397 -0.22484803 -0.01356383
v 0.16758206 -0.22360856 -0.00746191
v 0.16604779 -0.22941949 -0.02733152
v 0.16292203 -0.19892108 -0.02235471
v 0.16678716 -0.22576883 -0.02039934
v 0.15878719 -0.17023890 -0.02877862
v 0.15982476 -0.16974675 -0.02213679
v 0.16032390 -0.09383908 0.00056639
v 0.16027853 -0.10730218 0.00875781
v 0.16137095 -0.11631547 0.00202274
v 0.15786690 -0.04785412 -0.00043687
v 0.15820077 -0.06228119 0.00717879
v 0.15875456 -0.06983574 0.00041965
v 0.15690966 -0.03418675 0.01382395
v 0.15642637 -0.05062075 0.02331145
v 0.15882817 -0.08017447 0.01558586
v 0.15756418 -0.05711455 0.01554119
v 0.15796314 -0.09636754 0.02461756
v 0.15920845 -0.10139836 0.01646001
v 0.15688712 -0.02458084 0.00459113
v 0.15773321 -0.00268998 0.00973167
v 0.15657765 -0.01373280 0.01915044
v 0.15669108 -0.01790642 0.01212852
v 0.15734336 -0.03968369 -0.00878994
v 0.15694819 -0.01708128 -0.00355773
v 0.15711836 -0.03074770 -0.00230456
v 0.15714959 -0.00926788 -0.01225850
v 0.15842094 0.01338449 -0.00986702
v 0.15845030 0.00570693 -0.00033160
v 0.15801243 -0.00241100 -0.00660424
v 0.15699633 0.02601373 0.00426511
v 0.15729995 0.01479481 0.01455953
v 0.15789962 0.01161545 0.00685767
v 0.15529106 -0.01894412 0.02898638
v 0.15345419 -0.03218242 0.03968789
v 0.15567046 -0.06482702 0.03251634
v 0.15515419 -0.04084523 0.03126367
v 0.15306641 -0.00124453 0.04551846
v 0.15084745 -0.04551670 0.04948012
v 0.15155150 -0.02224809 0.04748329
v 0.15412342 -0.07873693 0.04083924
v 0.15155514 -0.07161017 0.04942787
v 0.15633147 -0.08880644 0.03205872
v 0.15683292 0.00794738 0.02535881
v 0.15533284 0.00349797 0.03538843
v 0.15624946 -0.00527700 0.02702547
v 0.15571410 0.03653269 0.01949564
v 0.15399601 0.03221914 0.02950184
v 0.15556635 0.02405865 0.02106308
v 0.15398053 0.04556384 0.03822024
v 0.15190294 0.02419897 0.04063412
v 0.15255413 0.03667822 0.03841392
v 0.15284027 0.01254607 0.04279582
v 0.15826155 0.00543571 -0.02250833
v 0.15738141 0.01603261 -0.02968506
v 0.15669806 0.02798312 -0.02506061
v 0.15803440 0.01881699 -0.01743853
v 0.15780015 0.01819456 -0.02378965
v 0.15684646 0.00521156 -0.03426208
v 0.15575591 0.01254632 -0.04082209
v 0.15529617 0.02598010 -0.03599440
v 0.15638195 0.01611811 -0.03571394
v 0.15420154 0.03181020 -0.04204475
v 0.15607936 0.04233886 -0.03774837
v 0.15594764 0.03627507 -0.03142333
v 0.15503039 0.03468868 -0.03689751
v 0.15809559 0.04557457 -0.02658264
v 0.15745287 0.03668780 -0.01933586
v 0.15680804 0.03665451 -0.02552966
v 0.15609485 -0.02337752 -0.01689069
v 0.15604666 -0.00854728 -0.02512171
v 0.15656464 -0.00844065 -0.01926460
v 0.15621507 -0.04001410 -0.02161567
v 0.15693727 -0.03974861 -0.01511679
v 0.15442766 -0.04163925 -0.03368134
v 0.15437553 -0.02337824 -0.02973854
v 0.15524101 -0.03969532 -0.02819240
v 0.15376561 -0.01240322 -0.03656766
v 0.15506421 -0.01054841 -0.03102913
v 0.15702945 0.03337261 -0.01193083
v 0.15719241 0.03087130 -0.00438139
v 0.15783950 0.02390743 -0.01068532
v 0.15989019 0.04980418 -0.01480984
v 0.15935818 0.04736947 -0.00610737
v 0.15841236 0.04293427 -0.01321587
v 0.16245192 0.05704922 -0.00036874
v 0.16010608 0.05082834 0.00961452
v 0.15827682 0.04436201 0.00162679
v 0.16025899 0.05102157 0.00092578
v 0.15656443 0.03759491 0.01067000
v 0.15686546 0.03502475 0.00274294
v 0.16219057 0.05526445 -0.00804211
v 0.16473861 0.06091389 -0.00085968
v 0.16379868 0.05885058 0.00801534
v 0.16343292 0.05859522 -0.00033474
v 0.15949545 0.04676665 -0.02064266
v 0.16180789 0.05253705 -0.01508113
v 0.16108689 0.05244605 -0.01509313
v 0.16187136 0.05148545 -0.02179348
v 0.16459409 0.05690196 -0.01600060
v 0.16500055 0.06061933 -0.00941083
v 0.16311389 0.05491214 -0.01571345
v 0.16764951 0.06473704 -0.00189415
v 0.16619748 0.06250646 0.00701545
v 0.16620043 0.06274715 -0.00199859
v 0.16447443 0.06427932 0.01621340
v 0.16266504 0.06337685 0.02567274
v 0.15951832 0.05234102 0.01831160
v 0.16184187 0.05815362 0.01710342
v 0.16373219 0.07071776 0.03590705
v 0.15901114 0.06003783 0.03699348
v 0.16167285 0.06603689 0.03570840
v 0.15759023 0.05037190 0.02730098
v 0.15630650 0.05293465 0.03701883
v 0.15704104 0.04397908 0.01818353
v 0.16703309 0.06881490 0.01468047
v 0.16641823 0.07114817 0.02454640
v 0.16574541 0.06652735 0.01560367
v 0.16966539 0.07267235 0.01394110
v 0.16907159 0.07508931 0.02384974
v 0.16823910 0.06969809 0.01416508
v 0.16915409 0.07879275 0.03401284
v 0.16684653 0.07513473 0.03426075
v 0.16779553 0.07681773 0.03483675
v 0.16538073 0.07294399 0.03513455
v 0.16245733 0.05400881 -0.02862365
v 0.16257342 0.05379355 -0.03396911
v 0.16460535 0.05609988 -0.02909366
v 0.16408503 0.05367526 -0.02238485
v 0.16334133 0.05404281 -0.02864365
v 0.16008531 0.05037257 -0.03867372
v 0.15933394 0.04952979 -0.04393101
v 0.16202181 0.05262357 -0.03937235
v 0.16112958 0.05148213 -0.03889303
v 0.16160653 0.05231612 -0.04447489
v 0.16407023 0.05486797 -0.03996158
v 0.16468283 0.05567487 -0.03457566
v 0.16327426 0.05384317 -0.03960359
v 0.16646379 0.05698356 -0.02972850
v 0.16614890 0.05466069 -0.02259576
v 0.16560979 0.05695156 -0.02968450
v 0.15991716 0.04956781 -0.02740220
v 0.15975439 0.04912389 -0.03324625
v 0.16096843 0.05072866 -0.02765344
v 0.15786071 0.04649156 -0.03270876
v 0.15882952 0.04696878 -0.02684591
v 0.15536955 0.04277181 -0.04295466
v 0.15779175 0.04654922 -0.03793361
v 0.15664605 0.04513257 -0.03807790
v 0.15711577 0.04696440 -0.04379412
v 0.15885631 0.04896757 -0.03854972
v 0.16673984 0.05898033 -0.01652882
v 0.16740298 0.06325759 -0.01039762
v 0.16562609 0.05811496 -0.01620860
v 0.16898383 0.06148488 -0.01760133
v 0.16982165 0.06555772 -0.01069321
v 0.16795102 0.06084315 -0.01718079
v 0.17181303 0.06891305 -0.00282894
v 0.17097988 0.06758463 0.00585254
v 0.16975049 0.06744308 -0.00299995
v 0.17087603 0.06799205 -0.00337794
v 0.16885589 0.06575331 0.00686581
v 0.16884849 0.06644408 -0.00262995
v 0.15730512 0.05372025 -0.05086586
v 0.15634519 0.05809752 -0.05794798
v 0.15937958 0.05603389 -0.05136166
v 0.15825958 0.05475889 -0.05118966
v 0.15295464 0.05956254 -0.06360133
v 0.15497403 0.06233451 -0.06395328
v 0.15399607 0.06155997 -0.06384919
v 0.15695842 0.06465295 -0.06414102
v 0.15882900 0.06161471 -0.05804252
v 0.15606035 0.06405277 -0.06408569
v 0.16128877 0.05778353 -0.05189613
v 0.16037184 0.05695243 -0.05163892
v 0.15496215 0.04899349 -0.05018037
v 0.15420373 0.05493153 -0.05734463
v 0.15589010 0.05138772 -0.05087339
v 0.15335678 0.04489545 -0.04996355
v 0.15255108 0.05131145 -0.05662794
v 0.15415915 0.04750949 -0.04999137
v 0.14930346 0.05169997 -0.06310562
v 0.14699896 0.05342564 -0.06834374
v 0.15063656 0.05549172 -0.06350480
v 0.14988346 0.05322397 -0.06315262
v 0.14869002 0.05704461 -0.06827696
v 0.15200046 0.05856417 -0.06343411
v 0.14348627 0.05880681 -0.07460398
v 0.14034700 0.06666194 -0.08029749
v 0.14508911 0.06344599 -0.07435666
v 0.14430950 0.06107667 -0.07434038
v 0.13560858 0.06800147 -0.08518344
v 0.13711056 0.07167658 -0.08479674
v 0.13667882 0.07085089 -0.08481277
v 0.14223884 0.07125548 -0.07992611
v 0.13736556 0.07337558 -0.08511774
v 0.14583953 0.06523212 -0.07451898
v 0.14577394 0.04435097 -0.06670257
v 0.14167697 0.04382805 -0.07248143
v 0.13912479 0.05767091 -0.07929033
v 0.14259873 0.05167484 -0.07344533
v 0.14498510 0.02683929 -0.06547294
v 0.14165947 0.02517349 -0.07072840
v 0.13749862 0.04156403 -0.07723102
v 0.14143890 0.03481291 -0.07122205
v 0.13336751 0.03717901 -0.08100418
v 0.12930510 0.05090012 -0.08678005
v 0.13414166 0.05423343 -0.08337632
v 0.13373456 0.04691503 -0.08216666
v 0.13043487 0.06645928 -0.08894843
v 0.13484524 0.06096294 -0.08435315
v 0.15062148 0.04173406 -0.05558262
v 0.14770113 0.03668090 -0.06096357
v 0.14807267 0.04464869 -0.06209118
v 0.15235315 0.02893263 -0.04831433
v 0.15233532 0.03741404 -0.04914007
v 0.15397647 0.00876574 -0.04723519
v 0.15049345 0.02443277 -0.05379523
v 0.15313406 0.01943051 -0.04775178
v 0.14843163 0.01712669 -0.06009470
v 0.14788907 0.02718667 -0.06005913
v 0.14616079 0.00281962 -0.06336051
v 0.14217662 -0.00264562 -0.06716988
v 0.13845503 0.02019900 -0.07516062
v 0.14276229 0.01189658 -0.07007403
v 0.14447536 -0.02516528 -0.05943963
v 0.14131991 -0.03204587 -0.06382586
v 0.13762969 -0.01004359 -0.07121625
v 0.14122100 -0.01795003 -0.06504089
v 0.13330759 -0.01994568 -0.07429116
v 0.12982248 -0.00158171 -0.08070739
v 0.13506646 0.01038132 -0.07855268
v 0.13369203 -0.00440189 -0.07629296
v 0.12931086 0.02791151 -0.08408035
v 0.13409557 0.02433991 -0.07971082
v 0.15098930 -0.00128321 -0.05166546
v 0.14762850 -0.01002211 -0.05572586
v 0.14895325 0.00304948 -0.05842535
v 0.15172130 -0.01945329 -0.04228145
v 0.15291191 -0.00493314 -0.04435831
v 0.15285695 -0.05387826 -0.03959866
v 0.14971180 -0.02932491 -0.04761538
v 0.15223176 -0.03572332 -0.04066908
v 0.14782636 -0.04064143 -0.05245967
v 0.14711227 -0.02455227 -0.05412256
v 0.14536959 -0.06328876 -0.05705154
v 0.14394566 -0.08193453 -0.06235920
v 0.13843073 -0.04824560 -0.06769373
v 0.14219047 -0.05712904 -0.06228093
v 0.14949697 -0.11005362 -0.05685207
v 0.14569783 -0.12797230 -0.06041755
v 0.14212279 -0.09928499 -0.06762807
v 0.14594093 -0.10536071 -0.06285295
v 0.13803491 -0.12293102 -0.07172283
v 0.13299096 -0.09311103 -0.07689411
v 0.13483089 -0.07126632 -0.07218187
v 0.13747336 -0.09605978 -0.07261668
v 0.12989650 -0.03907946 -0.07685964
v 0.13433917 -0.04395494 -0.07253635
v 0.15131084 -0.06991681 -0.04536657
v 0.15086765 -0.08972185 -0.05164968
v 0.14841388 -0.06552736 -0.05108822
v 0.15637564 -0.09900498 -0.03901088
v 0.15404173 -0.07740719 -0.03950237
v 0.15628722 -0.14106931 -0.03623695
v 0.15474914 -0.11502903 -0.04450878
v 0.15663435 -0.11979249 -0.03765136
v 0.15196881 -0.13527674 -0.04849480
v 0.15223368 -0.11351316 -0.05122408
v 0.14950635 -0.16240269 -0.05376070
v 0.14928192 -0.19146073 -0.05987832
v 0.14207786 -0.15514875 -0.06513474
v 0.14618689 -0.15744476 -0.05918216
v 0.15658852 -0.22516935 -0.05311584
v 0.15592596 -0.25097250 -0.05816688
v 0.14888740 -0.22028303 -0.06527069
v 0.15291819 -0.22258250 -0.05931997
v 0.14749377 -0.25431306 -0.07033606
v 0.13955063 -0.22157559 -0.07685838
v 0.14073760 -0.18686650 -0.07127679
v 0.14477596 -0.22199129 -0.07089913
v 0.13369250 -0.15037421 -0.07496568
v 0.13808861 -0.15284277 -0.07015583
v 0.15489346 -0.16526090 -0.04163518
v 0.15556732 -0.19408191 -0.04810275
v 0.15252057 -0.16425158 -0.04776903
v 0.16008213 -0.19519965 -0.03519276
v 0.15688633 -0.16592372 -0.03527909
v 0.16795089 -0.25534075 -0.03083398
v 0.16208775 -0.22589478 -0.04041890
v 0.16414868 -0.22620413 -0.03384277
v 0.16293140 -0.25356550 -0.04479220
v 0.15953737 -0.22508971 -0.04686011
v 0.16423179 -0.29589976 -0.04798172
v 0.16541400 -0.33642989 -0.05380195
v 0.15576572 -0.29127401 -0.06236150
v 0.16045308 -0.29471325 -0.05513889
v 0.17348450 -0.37940107 -0.04678353
v 0.17346257 -0.41584342 -0.05333360
v 0.16501458 -0.37689243 -0.06086024
v 0.16930922 -0.37639850 -0.05417322
v 0.16370530 -0.41349420 -0.06752277
v 0.15434479 -0.37700329 -0.07457318
v 0.15621647 -0.33365647 -0.06790925
v 0.15993275 -0.37913040 -0.06804535
v 0.14621830 -0.28990706 -0.07555489
v 0.15138730 -0.29308866 -0.06899829
v 0.17011222 -0.29379559 -0.03407023
v 0.17223829 -0.33697020 -0.03989392
v 0.16766623 -0.29716501 -0.04078730
v 0.17725584 -0.33828611 -0.02512589
v 0.17224801 -0.29461596 -0.02793372
v 0.17928207 -0.37619868 -0.03191090
v 0.18143201 -0.37532285 -0.02418202
v 0.17686465 -0.37993407 -0.03964742
v 0.15171870 -0.41413820 -0.08083903
v 0.14145794 -0.37228066 -0.08686191
v 0.14406843 -0.33034869 -0.08128745
v 0.14766951 -0.37453227 -0.08125029
v 0.13665277 -0.41093220 -0.09350375
v 0.12659831 -0.37120418 -0.09802622
v 0.13059531 -0.32953908 -0.09340775
v 0.13418348 -0.37411644 -0.09277783
v 0.12031541 -0.28678669 -0.09892078
v 0.12468081 -0.24809829 -0.09189650
v 0.13396115 -0.28831392 -0.08823856
v 0.12725048 -0.28535844 -0.09377097
v 0.13705982 -0.24863760 -0.08141075
v 0.14019266 -0.29059348 -0.08237230
v 0.16171333 -0.45532449 -0.07644915
v 0.15827047 -0.49305586 -0.08651698
v 0.14772330 -0.45191978 -0.09009074
v 0.15554372 -0.45316389 -0.08309267
v 0.16795759 -0.53994407 -0.07896848
v 0.16341663 -0.57997936 -0.08654170
v 0.15319228 -0.53735031 -0.09438903
v 0.16076397 -0.53629430 -0.08692836
v 0.14790778 -0.57762927 -0.10070326
v 0.13712454 -0.53444530 -0.10712105
v 0.14263970 -0.49466063 -0.10083412
v 0.14541675 -0.53597188 -0.10095482
v 0.13233467 -0.45237445 -0.10267126
v 0.13996028 -0.45010427 -0.09638902
v 0.17286544 -0.45766397 -0.06229684
v 0.17038929 -0.49613230 -0.07211195
v 0.16763653 -0.45665435 -0.06924388
v 0.18037146 -0.49766874 -0.05631247
v 0.17704095 -0.45431688 -0.05440592
v 0.17919927 -0.54152572 -0.06341448
v 0.18400547 -0.53834429 -0.05485153
v 0.17384846 -0.54082601 -0.07142876
v 0.12817689 -0.57160858 -0.11410761
v 0.11675739 -0.53123669 -0.11917107
v 0.12481439 -0.48949795 -0.11276580
v 0.12699303 -0.53280883 -0.11364267
v 0.10749280 -0.56744385 -0.12469237
v 0.09433117 -0.52741579 -0.12915152
v 0.10493872 -0.48734352 -0.12272321
v 0.10576610 -0.52962465 -0.12438310
v 0.09180278 -0.44570639 -0.12270991
v 0.10056829 -0.40778324 -0.11469654
v 0.11258231 -0.44878147 -0.11380555
v 0.10268249 -0.44721456 -0.11830484
v 0.11965537 -0.41019828 -0.10465379
v 0.12261296 -0.44930361 -0.10822253
v 0.14017704 -0.61838948 -0.11044148
v 0.13218148 -0.65821576 -0.11841337
v 0.12020566 -0.61592480 -0.12289400
v 0.13099949 -0.61504617 -0.11644129
v 0.14571490 -0.70644159 -0.11164023
v 0.13774132 -0.74439514 -0.11938858
v 0.12447798 -0.69995671 -0.12544402
v 0.13550250 -0.70205469 -0.11885045
v 0.11430569 -0.73797646 -0.13225793
v 0.10081106 -0.69332263 -0.13663850
v 0.10935163 -0.65785664 -0.13082428
v 0.11306145 -0.69896106 -0.13140204
v 0.09730657 -0.61180119 -0.13294227
v 0.10900142 -0.61457280 -0.12831356
v 0.15814941 -0.62053538 -0.09577574
v 0.15144221 -0.66240039 -0.10453810
v 0.14979555 -0.61945946 -0.10303850
v 0.16867799 -0.66835719 -0.08879814
v 0.16615666 -0.62149667 -0.08754911
v 0.16439236 -0.70831481 -0.09572640
v 0.17228554 -0.71242841 -0.08754578
v 0.15483615 -0.70731865 -0.10439139
v 0.09051241 -0.73202948 -0.14178551
v 0.07544068 -0.69145501 -0.14530836
v 0.08528451 -0.65076462 -0.14057312
v 0.08751982 -0.69230075 -0.14168333
v 0.06560669 -0.73015796 -0.14892935
v 0.04916983 -0.68843487 -0.15148378
v 0.06353698 -0.64899486 -0.14695882
v 0.06197832 -0.69062268 -0.14881041
v 0.05065691 -0.60448518 -0.14531896
v 0.06208594 -0.56266309 -0.13970381
v 0.07465303 -0.60655507 -0.13998559
v 0.06323598 -0.60573737 -0.14281477
v 0.08414327 -0.56932129 -0.13371834
v 0.08570169 -0.60750089 -0.13683959
v 0.10431293 -0.77608033 -0.13888180
v 0.09303495 -0.80952566 -0.14521961
v 0.07945135 -0.77304103 -0.14723129
v 0.09133097 -0.77387525 -0.14362110
v 0.10656590 -0.84895471 -0.14260595
v 0.09541046 -0.87832179 -0.14873893
v 0.08131343 -0.84235282 -0.15105671
v 0.09406920 -0.84690114 -0.14723634
v 0.06913686 -0.87734921 -0.15642528
v 0.05436190 -0.84121729 -0.15712324
v 0.06752455 -0.80799199 -0.15229664
v 0.06870914 -0.84192807 -0.15420650
v 0.05403311 -0.76785386 -0.15284185
v 0.06613222 -0.76798581 -0.15044193
v 0.12892262 -0.78075900 -0.12715082
v 0.11868942 -0.81519838 -0.13487798
v 0.11681990 -0.77983941 -0.13343859
v 0.14242727 -0.82090214 -0.12140295
v 0.14035296 -0.78172140 -0.12020779
v 0.13220204 -0.85298755 -0.13012169
v 0.14283749 -0.85625620 -0.12361746
v 0.12014571 -0.85225676 -0.13656776
v 0.04313452 -0.87306268 -0.16104971
v 0.02868990 -0.83682334 -0.16024261
v 0.04260546 -0.80294848 -0.15645212
v 0.04224309 -0.84100117 -0.15894930
v 0.01594519 -0.87263331 -0.16367839
v 0.01661738 -0.80261220 -0.15876965
v 0.01607995 -0.83663337 -0.16110370
v 0.01466165 -0.72848322 -0.15532270
v 0.02809831 -0.76658213 -0.15604543
v 0.01630889 -0.76643228 -0.15671301
v 0.03982017 -0.72903913 -0.15343822
v 0.04145515 -0.76695684 -0.15466998
v 0.05566245 -0.90425433 -0.16121563
v 0.04279885 -0.93042852 -0.16528344
v 0.02943050 -0.90272289 -0.16476186
v 0.04255169 -0.90291990 -0.16319704
v 0.05435299 -0.95396566 -0.16524987
v 0.04136364 -0.98009784 -0.16962817
v 0.02930888 -0.95241693 -0.16854398
v 0.04190455 -0.95534048 -0.16732854
v 0.01605391 -0.97756078 -0.17161684
v 0.01637065 -0.92710481 -0.16753342
v 0.01586464 -0.95239913 -0.16949605
v 0.01628019 -0.90264604 -0.16569325
v 0.08252862 -0.90711181 -0.15496047
v 0.06881436 -0.93075794 -0.16041242
v 0.06838477 -0.90338945 -0.15845693
v 0.09429982 -0.93425279 -0.15322687
v 0.09497297 -0.90744968 -0.15096891
v 0.08081083 -0.95840907 -0.15941586
v 0.09353623 -0.95849253 -0.15546240
v 0.06794508 -0.95541810 -0.16261177
v 0.02787044 -0.99499678 -0.17255048
v 0.01440708 -1.00845558 -0.17502900
v 0.01463024 -0.99263218 -0.17323355
v 0.03850494 -1.01054002 -0.17311841
v 0.04003491 -0.99498232 -0.17129253
v 0.02470409 -1.02221676 -0.17578607
v 0.03690726 -1.02215801 -0.17461439
v 0.01274165 -1.02054071 -0.17632520
v 0.01468367 -0.64727618 -0.15262347
v 0.02853144 -0.68915431 -0.15453662
v 0.01552013 -0.68876992 -0.15514693
v 0.01331369 -0.56005480 -0.14627858
v 0.02715587 -0.60396348 -0.14831321
v 0.01421802 -0.60376803 -0.14920677
v 0.03783249 -0.56100317 -0.14413793
v 0.03985358 -0.64780450 -0.15057916
v 0.03883615 -0.60442368 -0.14708260
v 0.03713919 -0.68967856 -0.15335142
v 0.01181985 -0.47958209 -0.14324676
v 0.02512985 -0.52212993 -0.14490853
v 0.01204294 -0.52179038 -0.14585006
v 0.01028161 -0.39573720 -0.13233815
v 0.02361069 -0.44068001 -0.13762440
v 0.01130315 -0.44075310 -0.13858494
v 0.03381178 -0.39651243 -0.13128355
v 0.04628685 -0.44114098 -0.13456574
v 0.03606002 -0.48040847 -0.14091680
v 0.03529471 -0.44095985 -0.13639032
v 0.04786464 -0.52281544 -0.14166910
v 0.03645856 -0.52264977 -0.14353463
v 0.01196839 -0.31060974 -0.13070319
v 0.02346320 -0.35547279 -0.13090786
v 0.01116610 -0.35528624 -0.13115853
v 0.01346582 -0.22806855 -0.12359195
v 0.02447222 -0.27135749 -0.12698085
v 0.01289129 -0.27046194 -0.12722402
v 0.03529498 -0.22995423 -0.12256035
v 0.04579420 -0.27318542 -0.12488274
v 0.03455336 -0.31231042 -0.12916268
v 0.03570536 -0.26792941 -0.12574161
v 0.04610026 -0.35528725 -0.12858794
v 0.03424589 -0.35645194 -0.13002323
v 0.01201440 -0.15244384 -0.11756739
v 0.02348781 -0.19154033 -0.12046238
v 0.01202939 -0.19117117 -0.12067412
v 0.02076430 -0.10434368 -0.11755447
v 0.01016527 -0.10381098 -0.11791882
v 0.04333482 -0.10676500 -0.11509954
v 0.03331362 -0.15382361 -0.11678358
v 0.03150516 -0.10573050 -0.11659426
v 0.04551580 -0.19450607 -0.11874012
v 0.03377593 -0.19215573 -0.11984257
v 0.05578336 -0.23260334 -0.11982666
v 0.06747369 -0.27267826 -0.12047337
v 0.05710417 -0.31029200 -0.12562168
v 0.05739855 -0.27098347 -0.12271933
v 0.07656711 -0.23639824 -0.11511563
v 0.08732098 -0.27687912 -0.11462272
v 0.07712206 -0.31370717 -0.12085758
v 0.07723228 -0.27451577 -0.11787370
v 0.08798569 -0.35876059 -0.11797251
v 0.07917240 -0.40200094 -0.12273895
v 0.06689777 -0.35513573 -0.12445392
v 0.07849260 -0.35682202 -0.12129934
v 0.05657612 -0.39867447 -0.12823303
v 0.05686960 -0.35388025 -0.12665912
v 0.05310622 -0.15575278 -0.11456162
v 0.06493977 -0.19635449 -0.11523328
v 0.05490162 -0.19461103 -0.11711803
v 0.06357602 -0.11434064 -0.11199007
v 0.05362874 -0.11234708 -0.11389311
v 0.08273977 -0.11905978 -0.10673019
v 0.07246112 -0.15937433 -0.11032920
v 0.07325154 -0.11680183 -0.10953377
v 0.08431814 -0.20104226 -0.11002847
v 0.07406703 -0.19849110 -0.11304849
v 0.09490450 -0.24119659 -0.10878386
v 0.10414265 -0.28140917 -0.10786558
v 0.09656980 -0.31800295 -0.11401572
v 0.09601042 -0.27909510 -0.11141671
v 0.11036900 -0.24643435 -0.10130894
v 0.11425723 -0.32362165 -0.10495068
v 0.11292682 -0.28422588 -0.10321741
v 0.10776953 -0.36416102 -0.10902141
v 0.11734384 -0.36631247 -0.10362793
v 0.09836609 -0.36125421 -0.11362277
v 0.09013413 -0.16380162 -0.10477636
v 0.10090869 -0.20626566 -0.10338101
v 0.09286756 -0.20359256 -0.10679500
v 0.09910142 -0.12846159 -0.09997225
v 0.09098308 -0.12575773 -0.10343002
v 0.11165717 -0.13844682 -0.09271684
v 0.10679108 -0.16930802 -0.09755206
v 0.10530462 -0.13505690 -0.09671953
v 0.11541124 -0.21191253 -0.09581556
v 0.10842562 -0.20905923 -0.09971805
v 0.06960625 -0.44324247 -0.12964778
v 0.06017885 -0.48198220 -0.13674703
v 0.05904412 -0.44248549 -0.13223574
v 0.08289076 -0.48426168 -0.13067386
v 0.08181939 -0.44454931 -0.12622018
v 0.07210332 -0.52537848 -0.13632148
v 0.08418174 -0.52645969 -0.13273800
v 0.06106025 -0.52431616 -0.13912786
v 0.11937746 -0.17891306 -0.09042633
v 0.12830251 -0.21769410 -0.08702570
v 0.12235457 -0.21476647 -0.09142984
v 0.11883703 -0.10622280 -0.08953910
v 0.12359245 -0.14478206 -0.08406556
v 0.11766463 -0.14171624 -0.08847131
v 0.13028715 -0.11289706 -0.08128965
v 0.13096005 -0.18122887 -0.08112734
v 0.12860513 -0.14768984 -0.07968222
v 0.13443571 -0.21660051 -0.08161012
v 0.12195377 -0.08026522 -0.08432513
v 0.12577022 -0.05993861 -0.08036821
v 0.12734916 -0.08692606 -0.08107088
v 0.11572834 -0.04232019 -0.08755557
v 0.11652932 -0.07338307 -0.08743322
v 0.11553530 0.01203070 -0.09199767
v 0.11977009 -0.02207352 -0.08513739
v 0.11427735 -0.01426993 -0.08890560
v 0.12498198 -0.00763698 -0.08309905
v 0.12498707 -0.03054869 -0.08113387
v 0.12090385 0.01831674 -0.08975439
v 0.12528501 0.02552566 -0.08714165
v 0.12587021 0.00852119 -0.08570809
v 0.11427192 0.04755237 -0.09524395
v 0.11537118 0.03047347 -0.09316474
v 0.11338613 0.07513803 -0.09968216
v 0.11953617 0.05128534 -0.09320855
v 0.11415245 0.06259806 -0.09753485
v 0.12409554 0.05385781 -0.09093421
v 0.12422806 0.03961836 -0.08884183
v 0.11919885 0.07247115 -0.09674813
v 0.12510376 0.06943336 -0.09305006
v 0.12470334 0.06149015 -0.09192831
v 0.11611251 0.08940136 -0.10074507
v 0.11504686 0.08306132 -0.10017264
v 0.12217664 0.08608144 -0.09766908
v 0.11711883 0.09622957 -0.10178823
v 0.12577035 0.07525879 -0.09365129
v 0.17207409 0.07482878 0.01287925
v 0.17161758 0.07833767 0.02234652
v 0.17086139 0.07338370 0.01355992
v 0.17399368 0.07636525 0.01318133
v 0.17344160 0.08013028 0.02262810
v 0.17288109 0.07568478 0.01250125
v 0.17315207 0.08349451 0.03239355
v 0.17091341 0.08560108 0.04256366
v 0.17149020 0.08139484 0.03276611
v 0.17242507 0.08258551 0.03284655
v 0.16862596 0.08283970 0.04409079
v 0.17046254 0.08064076 0.03319161
v 0.21670120 -1.01821906 -0.05057382
v 0.20966467 -1.00878433 -0.06355424
v 0.21588836 -1.00866994 -0.05005831
v 0.21106975 -1.02864976 -0.06493882
v 0.21724077 -1.02993348 -0.05189505
v 0.20304895 -1.01871003 -0.07722585
v 0.20358742 -1.02887631 -0.07822372
v 0.20292486 -1.00711601 -0.07518259
v 0.17008604 0.09222865 0.05003777
v 0.16777489 0.09616750 0.05906494
v 0.16910204 0.09030565 0.05100677
v 0.17219000 0.09438315 0.04890260
v 0.17013057 0.09849547 0.05786360
v 0.17122987 0.09291937 0.04939467
v 0.16951162 0.10663281 0.06459986
v 0.16759855 0.10457274 0.06580771
v 0.16822531 0.10522452 0.06552617
v 0.16642322 0.10352789 0.06661461
v 0.11371428 0.25353457 -0.09218921
v 0.11363076 0.26385451 -0.08609736
v 0.11636883 0.26334282 -0.08591467
v 0.10820777 0.24349061 -0.09793825
v 0.11144642 0.24298018 -0.09788960
v 0.10316647 0.24512817 -0.09789941
v 0.10872108 0.25551721 -0.09190578
v 0.10573899 0.24425888 -0.09790178
v 0.10822711 0.26524975 -0.08608843
v 0.11103336 0.26458903 -0.08604279
v 0.10761440 0.27685134 -0.07701066
v 0.10561833 0.28463446 -0.06877951
v 0.10945821 0.29137595 -0.05898045
v 0.10825326 0.28390230 -0.06952114
v 0.10295762 0.27867073 -0.07556117
v 0.10165500 0.28544798 -0.06790915
v 0.10402988 0.29175294 -0.05847106
v 0.10338095 0.28481787 -0.06863583
v 0.10248489 0.29770993 -0.04591421
v 0.10664495 0.29718257 -0.04731630
v 0.10426376 0.29739497 -0.04667161
v 0.10916880 0.29703073 -0.04787498
v 0.10409220 0.25776533 -0.09132018
v 0.10332536 0.26789015 -0.08482736
v 0.10560260 0.26662321 -0.08547689
v 0.09975049 0.24975407 -0.09605131
v 0.10155518 0.24796169 -0.09694145
v 0.09728840 0.25379563 -0.09405943
v 0.10014146 0.26078145 -0.08981440
v 0.09807097 0.25141229 -0.09538060
v 0.10024035 0.27016048 -0.08332201
v 0.10177652 0.26899564 -0.08414055
v 0.10034171 0.27947957 -0.07480087
v 0.10004456 0.28584267 -0.06720486
v 0.10127738 0.29256688 -0.05698621
v 0.10091663 0.28587739 -0.06721439
v 0.09920071 0.28022257 -0.07397187
v 0.09914056 0.28655967 -0.06645186
v 0.09994432 0.29292660 -0.05625615
v 0.09938956 0.28591867 -0.06711786
v 0.09990174 0.29834002 -0.04449421
v 0.10067036 0.30114569 -0.03110953
v 0.10077078 0.29784449 -0.04513576
v 0.10022078 0.29786449 -0.04507576
v 0.10188602 0.30118028 -0.03184767
v 0.10153582 0.29767423 -0.04584357
v 0.09849202 0.26313962 -0.08852250
v 0.09886137 0.27110532 -0.08255922
v 0.09954237 0.27099232 -0.08272422
v 0.09622024 0.25534300 -0.09355117
v 0.09661518 0.25412571 -0.09406259
v 0.09584014 0.25758737 -0.09250185
v 0.09750802 0.26418762 -0.08770550
v 0.09604824 0.25632700 -0.09289717
v 0.09820282 0.27270644 -0.08148144
v 0.09849537 0.27188732 -0.08190022
v 0.10078153 0.30141569 -0.01661885
v 0.10141278 0.29902417 -0.00436963
v 0.10172354 0.30168831 -0.01799289
v 0.10109753 0.30142169 -0.01739985
v 0.10032619 0.29296660 0.00880688
v 0.10138604 0.29355319 0.00859475
v 0.10062419 0.29288260 0.00879588
v 0.10271281 0.29957262 -0.00496275
v 0.10231848 0.29428877 0.00805362
v 0.10259395 0.30197915 -0.01860080
v 0.12365840 0.25850703 0.04695877
v 0.12687479 0.24944981 0.05215008
v 0.12793322 0.25912590 0.04677598
v 0.11655440 0.24767485 0.05240505
v 0.11773658 0.25733460 0.04629844
v 0.12329495 0.24067085 0.05727607
v 0.11775245 0.24040519 0.05723643
v 0.12717788 0.24142189 0.05705162
v 0.04255687 0.18006905 -0.12264651
v 0.04962047 0.17896148 -0.12173676
v 0.04362811 0.17119381 -0.12218161
v 0.04302498 0.17664907 -0.12257184
v 0.05654888 0.18534915 -0.12053042
v 0.05708200 0.17497880 -0.12027592
v 0.05732055 0.18103065 -0.12047132
v 0.05014364 0.16594147 -0.12152006
v 0.05854847 0.16669644 -0.12015165
v 0.04326109 0.16434356 -0.12221783
v -0.12704807 0.19312894 -0.11002573
v -0.12632818 0.20646355 -0.10729083
v -0.12414688 0.19275124 -0.11026277
v -0.12403012 0.17879396 -0.11216906
v -0.12581807 0.19311794 -0.11006573
v -0.12838755 0.21935965 -0.10353709
v -0.12712647 0.23127557 -0.09985009
v -0.12532339 0.21923099 -0.10393723
v -0.12683765 0.21945218 -0.10370226
v -0.12407340 0.23126292 -0.10031845
v -0.12309116 0.20619187 -0.10759751
v -0.12368639 0.21929899 -0.10398023
v -0.12091208 0.17830647 -0.11236284
v -0.12248588 0.19269524 -0.11035877
v -0.12207327 0.16190141 -0.11295510
v -0.12285273 0.14742976 -0.11231477
v -0.12514290 0.16389499 -0.11281768
v -0.12371127 0.16217941 -0.11282410
v -0.12005787 0.14723713 -0.11240785
v -0.12012566 0.16150052 -0.11301905
v -0.12234907 0.13315634 -0.11017179
v -0.12054192 0.13298929 -0.11002372
v -0.12504490 0.13332724 -0.11006304
v -0.12384507 0.13356234 -0.11005479
v -0.14232057 0.08778616 -0.08937640
v -0.14067879 0.09576966 -0.09448479
v -0.13587774 0.10315650 -0.09865550
v -0.13951489 0.09616384 -0.09407985
v -0.14460936 0.08819885 -0.08987183
v -0.14237679 0.09619066 -0.09460579
v -0.13789374 0.10350950 -0.09887350
v -0.14149279 0.09578966 -0.09458979
v -0.13472613 0.11152877 -0.10319919
v -0.12992793 0.12213423 -0.10750836
v -0.13260599 0.11205136 -0.10351651
v -0.13415399 0.11157436 -0.10326151
v -0.12758197 0.12200243 -0.10698548
v -0.13122486 0.11218682 -0.10310823
v -0.15047901 0.07990456 -0.07923589
v -0.14765305 0.08333411 -0.08471255
v -0.14640932 0.08347979 -0.08440563
v -0.15548295 0.07066275 -0.06816385
v -0.15432402 0.07577694 -0.07380974
v -0.15292174 0.07538154 -0.07394778
v -0.15687639 0.07072945 -0.06865816
v -0.15596670 0.07532199 -0.07407671
v -0.15223873 0.08001895 -0.07958641
v -0.15504702 0.07572194 -0.07386874
v -0.14978298 0.08360061 -0.08458626
v -0.14842505 0.08332311 -0.08480055
v -0.15585302 0.06871128 -0.06325350
v -0.15926501 0.06727333 -0.05728803
v -0.15718746 0.07013016 -0.06349688
v -0.15648046 0.06955616 -0.06343888
v -0.15784524 0.06444046 -0.05708846
v -0.15501733 0.06691028 -0.06329342
v -0.16146144 0.05610807 -0.04371418
v -0.16080013 0.06243425 -0.05078700
v -0.15979819 0.06035632 -0.05090055
v -0.16310186 0.05821527 -0.04401245
v -0.16196910 0.06463513 -0.05161275
v -0.16138779 0.06365603 -0.05120452
v -0.16409101 0.05909340 -0.03900828
v -0.16613064 0.06090203 -0.03449101
v -0.16539722 0.06079836 -0.03999552
v -0.16478263 0.06049622 -0.03955961
v -0.16456951 0.05867735 -0.03370966
v -0.16330801 0.05810640 -0.03878528
v -0.16618959 0.05793068 -0.02175315
v -0.16642140 0.06085061 -0.02928700
v -0.16557284 0.05955650 -0.02863684
v -0.16805775 0.06069766 -0.02311075
v -0.16819444 0.06244536 -0.02973677
v -0.16726754 0.06195461 -0.02979362
v -0.16876101 0.06373620 -0.01738229
v -0.17149353 0.06809083 -0.01041060
v -0.17063468 0.06522389 -0.01742177
v -0.16984068 0.06465889 -0.01723277
v -0.16950662 0.06606552 -0.01021295
v -0.16778064 0.06268065 -0.01674985
v -0.17035802 0.06900419 0.00630565
v -0.17144085 0.06856885 -0.00230553
v -0.17046011 0.06853069 -0.00208406
v -0.17238911 0.07042566 0.00598368
v -0.17340036 0.06970349 -0.00213397
v -0.17228385 0.06978585 -0.00284753
v -0.17303590 0.07600844 0.01373456
v -0.17454301 0.08110744 0.02297937
v -0.17530434 0.07667430 0.01302599
v -0.17414901 0.07645745 0.01331610
v -0.17270060 0.07969553 0.02270706
v -0.17228890 0.07539944 0.01402856
v -0.17094052 0.08751494 0.04331221
v -0.17285993 0.08397293 0.03272147
v -0.17173105 0.08310249 0.03327399
v -0.17278018 0.08898984 0.04260728
v -0.17426493 0.08544493 0.03297947
v -0.17351493 0.08498093 0.03339147
v -0.17226191 0.09528302 0.05000163
v -0.17270781 0.10153614 0.05781598
v -0.17463463 0.09654219 0.04894899
v -0.17343704 0.09599311 0.04941206
v -0.17048945 0.10054360 0.05868473
v -0.17164861 0.09464760 0.04944341
v -0.16661660 0.11402124 0.07335456
v -0.17036386 0.10759457 0.06600623
v -0.16905030 0.10668626 0.06672574
v -0.16901615 0.11506546 0.07231881
v -0.17240185 0.10878328 0.06483795
v -0.17106686 0.10818257 0.06542623
v -0.16596460 0.12284072 0.07782427
v -0.16486566 0.13236927 0.08106532
v -0.16868142 0.12405365 0.07628709
v -0.16736409 0.12356442 0.07703576
v -0.16271635 0.13063480 0.08182993
v -0.16541717 0.12166665 0.07769522
v -0.15428630 0.15074586 0.08681062
v -0.16137499 0.14116618 0.08374259
v -0.15968440 0.14037941 0.08463536
v -0.15828288 0.15153254 0.08529070
v -0.16313149 0.14247862 0.08322793
v -0.16231549 0.14207862 0.08383493
v -0.15506859 0.16075461 0.08558932
v -0.15499076 0.17125658 0.08345514
v -0.15762143 0.16271825 0.08428527
v -0.15692825 0.16139824 0.08474705
v -0.15193415 0.17104311 0.08450327
v -0.15378315 0.16080820 0.08580574
v -0.14838555 0.19247066 0.07928320
v -0.15185095 0.18181289 0.08186872
v -0.15072824 0.18182964 0.08217022
v -0.15056600 0.19397065 0.07795939
v -0.15366317 0.18318121 0.08069516
v -0.15292895 0.18205289 0.08133572
v -0.14834380 0.20245583 0.07480100
v -0.14724040 0.21353246 0.06953823
v -0.15014365 0.20351664 0.07370933
v -0.14909336 0.20393701 0.07395447
v -0.14586162 0.21249950 0.07047849
v -0.14722290 0.20273437 0.07510769
v -0.14592922 0.23081710 0.06115097
v -0.14668415 0.22141429 0.06547411
v -0.14556305 0.22203049 0.06555701
v -0.14734641 0.23024702 0.06073122
v -0.14808515 0.22238729 0.06453511
v -0.14705915 0.22253929 0.06463411
v -0.14719340 0.23908553 0.05657607
v -0.14898661 0.24852619 0.05152388
v -0.14864040 0.23891653 0.05647607
v -0.14821940 0.23897853 0.05647007
v -0.14690150 0.24929859 0.05199674
v -0.14549861 0.23868272 0.05721766
v -0.14823531 0.26858500 0.04106841
v -0.14874507 0.25910540 0.04595174
v -0.14765601 0.25888067 0.04715630
v -0.15092411 0.26796701 0.03960478
v -0.15070018 0.25830233 0.04557365
v -0.14976607 0.25900540 0.04586074
v -0.14985646 0.27589177 0.03517732
v -0.15180043 0.28462320 0.02565111
v -0.15187832 0.27587024 0.03404278
v -0.15091832 0.27595024 0.03409978
v -0.14959711 0.28472096 0.02679404
v -0.14841152 0.27601459 0.03495748
v -0.14978810 0.29730179 0.00914025
v -0.15098590 0.29172770 0.01793747
v -0.14960333 0.29144852 0.01871811
v -0.15211114 0.29687477 0.00814234
v -0.15304312 0.29157525 0.01685507
v -0.15207112 0.29117125 0.01776107
v -0.15023283 0.30201766 -0.00323035
v -0.14998130 0.30362359 -0.01526685
v -0.15241073 0.30172942 -0.00419465
v -0.15141773 0.30158542 -0.00337665
v -0.14743562 0.30434562 -0.01446264
v -0.14899321 0.30216900 -0.00249178
v -0.14394887 0.30091151 -0.03756291
v -0.14711740 0.30317127 -0.02669905
v -0.14591202 0.30374458 -0.02606196
v -0.14635738 0.30000035 -0.03806040
v -0.14937789 0.30278333 -0.02751649
v -0.14836389 0.30289633 -0.02674849
v -0.14301837 0.29575437 -0.04883465
v -0.14140903 0.28783694 -0.06044728
v -0.14505371 0.29480570 -0.04918221
v -0.14417226 0.29495562 -0.04935693
v -0.13855776 0.28885535 -0.06027714
v -0.14154216 0.29591213 -0.04898483
v -0.13364946 0.27305892 -0.07669862
v -0.13735725 0.28113145 -0.06915227
v -0.13643625 0.28161845 -0.06851027
v -0.13654210 0.27206754 -0.07670140
v -0.14018491 0.28063770 -0.06859469
v -0.13877478 0.28074805 -0.06890005
v -0.13217483 0.26280352 -0.08379443
v -0.13142365 0.25295737 -0.08969696
v -0.13519291 0.26270897 -0.08357217
v -0.13373683 0.26278052 -0.08382843
v -0.12853036 0.25385064 -0.08945731
v -0.13067205 0.26276793 -0.08405783
v -0.12742698 0.24294312 -0.09510306
v -0.12596254 0.24286966 -0.09537652
v -0.13036225 0.24281338 -0.09458335
v -0.12891123 0.24282078 -0.09485631
v 0.12381563 0.17709983 -0.11145944
v 0.12359907 0.19096398 -0.11003210
v 0.12539920 0.20453215 -0.10773524
v 0.12631929 0.19133199 -0.10983484
v 0.12511229 0.19130299 -0.10989184
v 0.12088063 0.17663790 -0.11164707
v 0.12230707 0.20429577 -0.10798507
v 0.12197307 0.19091198 -0.11015110
v 0.12321371 0.22911658 -0.10135509
v 0.12447214 0.21707487 -0.10485690
v 0.12303871 0.21696674 -0.10503791
v 0.12630426 0.22898610 -0.10087814
v 0.12742054 0.21712603 -0.10437199
v 0.12591571 0.21723894 -0.10460801
v 0.12515441 0.16296361 -0.11175234
v 0.12310664 0.14692435 -0.11112544
v 0.12206503 0.16083656 -0.11187848
v 0.12386839 0.16125365 -0.11178988
v 0.12549146 0.13297960 -0.10875502
v 0.12284999 0.13265149 -0.10891860
v 0.12432999 0.13308949 -0.10878660
v 0.12017976 0.14662454 -0.11115694
v 0.12106443 0.13236056 -0.10879651
v 0.12043103 0.16060656 -0.11202848
v 0.13677923 0.10257101 -0.09805969
v 0.14188352 0.09538195 -0.09411137
v 0.14377437 0.08727764 -0.08931818
v 0.14069601 0.09556174 -0.09375497
v 0.12828505 0.12126566 -0.10611148
v 0.13322580 0.11178758 -0.10246855
v 0.13196080 0.11137758 -0.10238455
v 0.13043305 0.12181166 -0.10628648
v 0.13566513 0.11106896 -0.10246203
v 0.13881854 0.10253302 -0.09848584
v 0.13488713 0.11099296 -0.10244303
v 0.14363231 0.09532675 -0.09444860
v 0.14588378 0.08793230 -0.08966980
v 0.14280252 0.09579295 -0.09415837
v 0.14903518 0.08336631 -0.08475088
v 0.15197770 0.07987096 -0.07952686
v 0.14802918 0.08284431 -0.08464688
v 0.15119065 0.08344022 -0.08472458
v 0.15375243 0.08015250 -0.07979454
v 0.15025822 0.08348484 -0.08453662
v 0.15785406 0.07559364 -0.07438715
v 0.15989710 0.07000122 -0.06898101
v 0.15630134 0.07531513 -0.07418550
v 0.15705806 0.07521064 -0.07435215
v 0.15832772 0.07000270 -0.06879500
v 0.15519130 0.07443143 -0.07441409
v 0.16045341 0.06928007 -0.06389603
v 0.16217985 0.06559618 -0.05828889
v 0.15891129 0.06712106 -0.06388438
v 0.15969941 0.06800907 -0.06378903
v 0.16501450 0.06336169 -0.05235621
v 0.16531099 0.05744962 -0.04545713
v 0.16354593 0.06138451 -0.05193529
v 0.16422893 0.06226751 -0.05205829
v 0.16331404 0.05371559 -0.04477954
v 0.16075982 0.06355353 -0.05810983
v 0.16241780 0.05944243 -0.05199944
v 0.15786332 0.06606642 -0.06422265
v 0.16764718 0.06041987 -0.04132614
v 0.16821935 0.06071365 -0.03588616
v 0.16603757 0.05746322 -0.04025228
v 0.16683062 0.05905510 -0.04079005
v 0.17033212 0.06271556 -0.03105845
v 0.17019599 0.06076003 -0.02454154
v 0.16853300 0.06087675 -0.03072832
v 0.16926600 0.06169275 -0.03091232
v 0.16831717 0.05752287 -0.02331419
v 0.16668801 0.05828933 -0.03516408
v 0.16764737 0.05938113 -0.03017477
v 0.16505906 0.05564276 -0.04014087
v 0.17290376 0.06606878 -0.01875944
v 0.17401436 0.06945959 -0.01166926
v 0.17102209 0.06430499 -0.01877265
v 0.17213176 0.06546778 -0.01856644
v 0.17586240 0.07181048 -0.00348417
v 0.17503615 0.07192094 0.00464436
v 0.17398163 0.07110309 -0.00385338
v 0.17501240 0.07119748 -0.00412517
v 0.17325027 0.06993432 0.00561865
v 0.17180906 0.06757517 -0.01155457
v 0.17291332 0.07010137 -0.00341394
v 0.17002307 0.06299658 -0.01823111
v 0.17769707 0.07971989 0.01144909
v 0.17703711 0.08370075 0.02192450
v 0.17580392 0.07805634 0.01234628
v 0.17689707 0.07880489 0.01190709
v 0.17693561 0.08721081 0.03148571
v 0.17464043 0.09052368 0.04107385
v 0.17532035 0.08600010 0.03103952
v 0.17591235 0.08704110 0.03169752
v 0.17275169 0.08842746 0.04243559
v 0.17528704 0.08197743 0.02171202
v 0.17424219 0.08484754 0.03171318
v 0.17510292 0.07742934 0.01263928
v 0.17596545 0.09815561 0.04762127
v 0.17346345 0.10318334 0.05605282
v 0.17362117 0.09634371 0.04889516
v 0.17479648 0.09731727 0.04816339
v 0.17329361 0.11048808 0.06296865
v 0.16972400 0.11721440 0.07000686
v 0.17072719 0.10869435 0.06438529
v 0.17200228 0.10965637 0.06360165
v 0.16780357 0.11548338 0.07150922
v 0.17147652 0.10092212 0.05734425
v 0.17022718 0.10823778 0.06463299
v 0.17334117 0.09563871 0.04803616
v 0.16921363 0.12636369 0.07451024
v 0.16571698 0.13571242 0.07865878
v 0.16675017 0.12532086 0.07561439
v 0.16815003 0.12623126 0.07476707
v 0.16401207 0.14587944 0.08098357
v 0.15926261 0.15536872 0.08291811
v 0.16184662 0.14395665 0.08202911
v 0.16248433 0.14543926 0.08178140
v 0.15748315 0.15342206 0.08413183
v 0.16357103 0.13338449 0.07954741
v 0.16062479 0.14353890 0.08235173
v 0.16629134 0.12398900 0.07554895
v 0.15990298 0.16573331 0.08174969
v 0.15647084 0.17566153 0.08123069
v 0.15636787 0.16489773 0.08332900
v 0.15802852 0.16547557 0.08231822
v 0.15608164 0.18740931 0.07817577
v 0.15237082 0.19782772 0.07566341
v 0.15349147 0.18613635 0.07941593
v 0.15533824 0.18630009 0.07878798
v 0.15015654 0.19672790 0.07688451
v 0.15456139 0.17394367 0.08213295
v 0.15235647 0.18589735 0.07994693
v 0.15629856 0.16371066 0.08332326
v 0.15217439 0.20741290 0.07129716
v 0.15022806 0.21650092 0.06680817
v 0.15029528 0.20644404 0.07246104
v 0.15109439 0.20748890 0.07158116
v 0.15085182 0.22430050 0.06169827
v 0.15037097 0.23127402 0.05756179
v 0.14927787 0.22418292 0.06266832
v 0.14982872 0.22491190 0.06191449
v 0.14867299 0.23227205 0.05777620
v 0.14807854 0.21609104 0.06799692
v 0.14819187 0.22428892 0.06286832
v 0.14914566 0.20672487 0.07276174
v 0.15165896 0.23887792 0.05283900
v 0.15188598 0.24797612 0.04777222
v 0.14995112 0.23993104 0.05287949
v 0.15124796 0.23895492 0.05288000
v 0.15337719 0.25664566 0.04150537
v 0.15343123 0.26529230 0.03532310
v 0.15201189 0.25740992 0.04189737
v 0.15247989 0.25738092 0.04179037
v 0.15116682 0.26570432 0.03619265
v 0.14948731 0.24910361 0.04784430
v 0.15011282 0.25765287 0.04265896
v 0.14849415 0.23964456 0.05395597
v 0.15412675 0.27264072 0.02940912
v 0.15422102 0.28103479 0.02188570
v 0.15215819 0.27273932 0.03060987
v 0.15321019 0.27332032 0.02974887
v 0.15530358 0.28770862 0.01346925
v 0.15407008 0.29334535 0.00502706
v 0.15312453 0.28770823 0.01424885
v 0.15417053 0.28761523 0.01418385
v 0.15181278 0.29373973 0.00613859
v 0.15182791 0.28158480 0.02279436
v 0.15187422 0.28794093 0.01530725
v 0.15101819 0.27287732 0.03070487
v 0.15429816 0.29824599 -0.00681745
v 0.15167633 0.30064114 -0.01771319
v 0.15212446 0.29850259 -0.00609639
v 0.15329816 0.29810699 -0.00598345
v 0.15077537 0.30026166 -0.02992676
v 0.14731417 0.29778600 -0.04032847
v 0.14836147 0.30116816 -0.02940487
v 0.14977437 0.30039666 -0.02915276
v 0.14479808 0.29874022 -0.03993701
v 0.14896695 0.30150364 -0.01705309
v 0.14716847 0.30131216 -0.02858687
v 0.15075114 0.29889729 -0.00521603
v 0.14553425 0.29276160 -0.05138218
v 0.14164013 0.28571113 -0.06234650
v 0.14361775 0.29357034 -0.05092360
v 0.14436725 0.29277360 -0.05130218
v 0.14021476 0.27842537 -0.07025613
v 0.13638587 0.26983383 -0.07814557
v 0.13747932 0.27906685 -0.07096195
v 0.13891576 0.27845637 -0.07021213
v 0.13353574 0.27097022 -0.07824055
v 0.13881643 0.28684657 -0.06233208
v 0.13656532 0.27957885 -0.07030995
v 0.14210870 0.29375952 -0.05106042
v 0.13490005 0.26043975 -0.08485124
v 0.13105923 0.25072082 -0.09089073
v 0.13188869 0.26059895 -0.08511493
v 0.13344069 0.26055295 -0.08510193
v 0.12983383 0.24051715 -0.09568895
v 0.12679490 0.24074318 -0.09625452
v 0.12832003 0.24056116 -0.09595575
v 0.12819557 0.25176839 -0.09100999
v 0.12523333 0.24071898 -0.09650271
v 0.13034665 0.26060198 -0.08535546
v -0.13174874 0.19378450 -0.11001848
v -0.13143725 0.20715496 -0.10697113
v -0.12955474 0.19363250 -0.10993648
v -0.12961083 0.17947159 -0.11208067
v -0.13078874 0.19372150 -0.10998448
v -0.13259166 0.21969247 -0.10357482
v -0.13238170 0.23133972 -0.09935659
v -0.13071066 0.21967847 -0.10342282
v -0.13194566 0.21966247 -0.10348682
v -0.13010370 0.23129011 -0.09956624
v -0.12903710 0.20678004 -0.10700759
v -0.12958455 0.21939765 -0.10355209
v -0.12722653 0.17898086 -0.11194868
v -0.12863176 0.19347976 -0.10982790
v -0.12796284 0.16442284 -0.11283390
v -0.12848804 0.14834326 -0.11255819
v -0.12991540 0.16304556 -0.11305019
v -0.12898378 0.16275588 -0.11291483
v -0.12616808 0.14810005 -0.11217950
v -0.12654184 0.16416884 -0.11281790
v -0.12779379 0.13351128 -0.11033671
v -0.12642390 0.13363724 -0.10995104
v -0.12962079 0.13391528 -0.11048471
v -0.12893679 0.13382928 -0.11041771
v -0.15867589 0.07047632 -0.06387520
v -0.16199572 0.06817945 -0.05798025
v -0.16046810 0.07113970 -0.06369703
v -0.15941910 0.07024370 -0.06405703
v -0.16050972 0.06785545 -0.05783825
v -0.15785389 0.07001632 -0.06375220
v -0.16483386 0.06103225 -0.04446829
v -0.16346710 0.06508813 -0.05185675
v -0.16271410 0.06523713 -0.05180875
v -0.16621659 0.06112683 -0.04492126
v -0.16489308 0.06560207 -0.05197842
v -0.16427398 0.06570086 -0.05173024
v -0.16704784 0.06161514 -0.04007685
v -0.16929148 0.06315516 -0.03530513
v -0.16842761 0.06226805 -0.04058201
v -0.16777184 0.06224414 -0.04026085
v -0.16772948 0.06203316 -0.03491213
v -0.16629084 0.06179014 -0.04002385
v -0.16977239 0.06151816 -0.02381899
v -0.16986222 0.06377986 -0.03017652
v -0.16902522 0.06326686 -0.02996152
v -0.17151978 0.06220764 -0.02374253
v -0.17125354 0.06337859 -0.03052754
v -0.17059154 0.06363759 -0.03048054
v -0.17239756 0.06547612 -0.01801107
v -0.17480612 0.06857928 -0.01120755
v -0.17375656 0.06552112 -0.01830107
v -0.17310456 0.06582712 -0.01824307
v -0.17329112 0.06813428 -0.01081155
v -0.17154656 0.06504712 -0.01778807
v -0.17428317 0.07080014 0.00544204
v -0.17503836 0.07029449 -0.00267897
v -0.17420836 0.07001249 -0.00244097
v -0.17576117 0.07107314 0.00599804
v -0.17632136 0.07016449 -0.00297197
v -0.17570836 0.07049949 -0.00290897
v -0.17683734 0.07682330 0.01372299
v -0.17745840 0.08171555 0.02254150
v -0.17804934 0.07697030 0.01318999
v -0.17744334 0.07692830 0.01347399
v -0.17605901 0.08167844 0.02244037
v -0.17604334 0.07666430 0.01398399
v -0.17411018 0.09041384 0.04290628
v -0.17607263 0.08548077 0.03253819
v -0.17502893 0.08578593 0.03266047
v -0.17572001 0.09051993 0.04221726
v -0.17724463 0.08584377 0.03175719
v -0.17666263 0.08568777 0.03217319
v -0.17574625 0.09719077 0.04844357
v -0.17551019 0.10307870 0.05722575
v -0.17681918 0.09709620 0.04907604
v -0.17628463 0.09739619 0.04899099
v -0.17468519 0.10247170 0.05687875
v -0.17501525 0.09697477 0.04882957
v -0.17116717 0.11621318 0.07211984
v -0.17421746 0.10890505 0.06423665
v -0.17347646 0.10858505 0.06469665
v -0.17225236 0.11669827 0.07107673
v -0.17479846 0.10957505 0.06427365
v -0.17420146 0.10939205 0.06486965
v -0.17072081 0.12425522 0.07551701
v -0.16900173 0.13299643 0.07914486
v -0.17129297 0.12471025 0.07550171
v -0.17146597 0.12402825 0.07531171
v -0.16764953 0.13286084 0.08014347
v -0.16995881 0.12401322 0.07610301
v -0.16032795 0.15293494 0.08444538
v -0.16576736 0.14268548 0.08219075
v -0.16478244 0.14284196 0.08246402
v -0.16238261 0.15317565 0.08361689
v -0.16656780 0.14355984 0.08183228
v -0.16641836 0.14289348 0.08164175
v -0.15961588 0.16285485 0.08332750
v -0.15871580 0.17283148 0.08151138
v -0.16140118 0.16260373 0.08254381
v -0.16050846 0.16272527 0.08284816
v -0.15683080 0.17261348 0.08242538
v -0.15869488 0.16265585 0.08380950
v -0.15263427 0.19351452 0.07747593
v -0.15578497 0.18298075 0.08011075
v -0.15485317 0.18322821 0.08029316
v -0.15385904 0.19441288 0.07651594
v -0.15713216 0.18396515 0.07899207
v -0.15676551 0.18265232 0.07957446
v -0.15128595 0.20434087 0.07284777
v -0.15057768 0.21308729 0.06809473
v -0.15241860 0.20369417 0.07235352
v -0.15222960 0.20381017 0.07250952
v -0.14941647 0.21285346 0.06913612
v -0.15125361 0.20305536 0.07343278
v -0.14922901 0.23051281 0.05961588
v -0.14996204 0.22110780 0.06398966
v -0.14912632 0.22175195 0.06428391
v -0.15064161 0.22956033 0.05950440
v -0.15112612 0.22171964 0.06302324
v -0.15038712 0.22190064 0.06326724
v -0.15067509 0.23896758 0.05525675
v -0.15233231 0.24920901 0.04986963
v -0.15210157 0.23905925 0.05434529
v -0.15120257 0.23828825 0.05532029
v -0.15127631 0.24860001 0.05083963
v -0.14981309 0.23918158 0.05535075
v -0.15256697 0.26778370 0.03986172
v -0.15282636 0.25880015 0.04507668
v -0.15201636 0.25899515 0.04514368
v -0.15410366 0.26756795 0.03861747
v -0.15376929 0.25873168 0.04368350
v -0.15302529 0.25805668 0.04465850
v -0.15368306 0.27569794 0.03287896
v -0.15503036 0.28409110 0.02457231
v -0.15496695 0.27600119 0.03209742
v -0.15460995 0.27612419 0.03222942
v -0.15351531 0.28495984 0.02488663
v -0.15288432 0.27644624 0.03317378
v -0.15406414 0.29738777 0.00650334
v -0.15464055 0.29166739 0.01609759
v -0.15362612 0.29152425 0.01682207
v -0.15546895 0.29643641 0.00630157
v -0.15614978 0.29083304 0.01574447
v -0.15537578 0.29098404 0.01585747
v -0.15400664 0.30101954 -0.00506626
v -0.15348905 0.30272101 -0.01755259
v -0.15563703 0.30045968 -0.00608889
v -0.15480564 0.30089854 -0.00511726
v -0.15181863 0.30329065 -0.01682989
v -0.15313562 0.30127773 -0.00433304
v -0.14844552 0.29952879 -0.03870492
v -0.15105689 0.30235012 -0.02823296
v -0.15056689 0.30248812 -0.02753496
v -0.15007853 0.29920543 -0.03874060
v -0.15270603 0.30126918 -0.02897226
v -0.15199107 0.30198097 -0.02828927
v -0.14724099 0.29418506 -0.04976278
v -0.14564577 0.28651162 -0.06051989
v -0.14856091 0.29324146 -0.05035750
v -0.14813899 0.29411906 -0.04983678
v -0.14357270 0.28722702 -0.06086555
v -0.14623171 0.29478170 -0.04925021
v -0.13925676 0.27197156 -0.07641311
v -0.14257169 0.27989282 -0.06898659
v -0.14157969 0.28049482 -0.06832559
v -0.14102401 0.27091967 -0.07682989
v -0.14422858 0.27925135 -0.06860593
v -0.14322169 0.27989982 -0.06907559
v -0.13774628 0.26241338 -0.08301891
v -0.13617242 0.25277638 -0.08904318
v -0.13933928 0.26156238 -0.08375091
v -0.13882428 0.26237038 -0.08313791
v -0.13422460 0.25269908 -0.08919125
v -0.13653317 0.26244955 -0.08329067
v -0.13308043 0.24282035 -0.09439873
v -0.13191725 0.24273138 -0.09461735
v -0.13515885 0.24261629 -0.09442242
v -0.13407985 0.24269529 -0.09430342
v 0.12911612 0.17789297 -0.11130204
v 0.12901519 0.19182541 -0.10971047
v 0.13025741 0.20512734 -0.10742368
v 0.13084019 0.19201541 -0.10978147
v 0.12988819 0.19191841 -0.10979147
v 0.12697622 0.17768643 -0.11121815
v 0.12830457 0.20475127 -0.10739831
v 0.12776555 0.19166062 -0.10975618
v 0.12925295 0.22898781 -0.10063757
v 0.12986054 0.21723403 -0.10446699
v 0.12858054 0.21719703 -0.10441999
v 0.13168929 0.22882186 -0.10057400
v 0.13152070 0.21742998 -0.10438606
v 0.13088970 0.21739398 -0.10432906
v 0.12951986 0.16205807 -0.11184942
v 0.12854495 0.14802584 -0.11115645
v 0.12768741 0.16333461 -0.11175734
v 0.12885386 0.16196507 -0.11180942
v 0.13001902 0.13371916 -0.10911801
v 0.12822002 0.13327816 -0.10903401
v 0.12933502 0.13361716 -0.10908401
v 0.12630995 0.14766884 -0.11101045
v 0.12686146 0.13332060 -0.10866502
v 0.12627641 0.16305261 -0.11173634
v 0.16360786 0.07005941 -0.06403970
v 0.16535208 0.06754398 -0.05850000
v 0.16195707 0.06972120 -0.06416299
v 0.16262336 0.06964430 -0.06430090
v 0.16831597 0.06485168 -0.05260093
v 0.16873473 0.06068356 -0.04609652
v 0.16658168 0.06416164 -0.05270531
v 0.16756602 0.06487124 -0.05243874
v 0.16683426 0.05890265 -0.04605760
v 0.16386181 0.06707087 -0.05828306
v 0.16578068 0.06349964 -0.05258231
v 0.16112507 0.06924320 -0.06408399
v 0.17084835 0.06190583 -0.04148490
v 0.17164149 0.06285120 -0.03656547
v 0.16946235 0.06140683 -0.04124290
v 0.17016535 0.06209683 -0.04143490
v 0.17351477 0.06403633 -0.03173256
v 0.17359645 0.06320373 -0.02503107
v 0.17218573 0.06412640 -0.03107586
v 0.17265710 0.06403706 -0.03149684
v 0.17193045 0.06180373 -0.02522407
v 0.17002243 0.06212589 -0.03614177
v 0.17118010 0.06369806 -0.03127384
v 0.16832418 0.06024387 -0.04142514
v 0.17623651 0.06737309 -0.01904838
v 0.17730384 0.07022452 -0.01251337
v 0.17472951 0.06652909 -0.01929738
v 0.17540851 0.06693409 -0.01954038
v 0.17906623 0.07243008 -0.00443979
v 0.17842129 0.07364472 0.00441797
v 0.17743240 0.07245748 -0.00400917
v 0.17840923 0.07224408 -0.00420579
v 0.17690729 0.07262072 0.00403097
v 0.17553036 0.07020559 -0.01215626
v 0.17662040 0.07215248 -0.00379217
v 0.17367876 0.06653578 -0.01908644
v 0.18072294 0.07969329 0.01167464
v 0.18012854 0.08423850 0.02094068
v 0.17916607 0.07990789 0.01208909
v 0.18012694 0.07961729 0.01195364
v 0.17981367 0.08798626 0.03020616
v 0.17779157 0.09212765 0.04069365
v 0.17838561 0.08790581 0.03079571
v 0.17894461 0.08815481 0.03044171
v 0.17617403 0.09171750 0.04140475
v 0.17850611 0.08431875 0.02138850
v 0.17765361 0.08760281 0.03115771
v 0.17842107 0.07971189 0.01236109
v 0.17810445 0.09923461 0.04726127
v 0.17641784 0.10478987 0.05563874
v 0.17735045 0.09877461 0.04688427
v 0.17789145 0.09897161 0.04647127
v 0.17556960 0.11155055 0.06237015
v 0.17284738 0.11925746 0.06878725
v 0.17469361 0.11121108 0.06199565
v 0.17558960 0.11109955 0.06178915
v 0.17214738 0.11807146 0.06907725
v 0.17535221 0.10444588 0.05501787
v 0.17397361 0.11086008 0.06245165
v 0.17665345 0.09852561 0.04726527
v 0.17271002 0.12735162 0.07243508
v 0.16963506 0.13650185 0.07679400
v 0.17130265 0.12727518 0.07326030
v 0.17209702 0.12716762 0.07299908
v 0.16788226 0.14664885 0.07889316
v 0.16329788 0.15706480 0.08131316
v 0.16643909 0.14675516 0.07969767
v 0.16739959 0.14674896 0.07948983
v 0.16235541 0.15601377 0.08191371
v 0.16747855 0.13605103 0.07788566
v 0.16494307 0.14624044 0.08039657
v 0.17055465 0.12698918 0.07381330
v 0.16267994 0.16699685 0.08030756
v 0.16029416 0.17682834 0.07960155
v 0.16102594 0.16697544 0.08125958
v 0.16194294 0.16683685 0.08085356
v 0.15898332 0.18840570 0.07663944
v 0.15581998 0.19814478 0.07412652
v 0.15757877 0.18701068 0.07771008
v 0.15845832 0.18713370 0.07748844
v 0.15453836 0.19726057 0.07509873
v 0.15834674 0.17712326 0.08023327
v 0.15653964 0.18730931 0.07809277
v 0.15991398 0.16685831 0.08147569
v 0.15503372 0.20732709 0.06977987
v 0.15362234 0.21636846 0.06538677
v 0.15338636 0.20779994 0.07038710
v 0.15436636 0.20771194 0.07008110
v 0.15407107 0.22387489 0.06027892
v 0.15354668 0.23113058 0.05623609
v 0.15281802 0.22348513 0.06129227
v 0.15387507 0.22396489 0.06043092
v 0.15234897 0.23198702 0.05660679
v 0.15172500 0.21586420 0.06653091
v 0.15194182 0.22411850 0.06154427
v 0.15332243 0.20697345 0.07102247
v 0.15560009 0.23914729 0.05084036
v 0.15510950 0.24828785 0.04598549
v 0.15373333 0.23890689 0.05164807
v 0.15397933 0.23878689 0.05154707
v 0.15664947 0.25668202 0.03951265
v 0.15623201 0.26492466 0.03393757
v 0.15509092 0.25654232 0.04026962
v 0.15533392 0.25642632 0.04017262
v 0.15476923 0.26514730 0.03515310
v 0.15383957 0.24799806 0.04661442
v 0.15436819 0.25734466 0.04060937
v 0.15291496 0.23965492 0.05195600
v 0.15742510 0.27242002 0.02747776
v 0.15720504 0.28054595 0.02052932
v 0.15597110 0.27205402 0.02850776
v 0.15667410 0.27258802 0.02759976
v 0.15836652 0.28709519 0.01159912
v 0.15747416 0.29300416 0.00249634
v 0.15674558 0.28733367 0.01236486
v 0.15747558 0.28718967 0.01228686
v 0.15611735 0.29353795 0.00351801
v 0.15567804 0.28084095 0.02067232
v 0.15631958 0.28696667 0.01321686
v 0.15528381 0.27284183 0.02880931
v 0.15751902 0.29728792 -0.00848553
v 0.15527516 0.29964868 -0.01994511
v 0.15592189 0.29775581 -0.00777157
v 0.15671489 0.29763681 -0.00784057
v 0.15411636 0.29901686 -0.03130265
v 0.15086027 0.29700798 -0.04188078
v 0.15253377 0.29979701 -0.03068895
v 0.15336577 0.29971301 -0.03075495
v 0.14946927 0.29730498 -0.04107378
v 0.15338533 0.30064314 -0.01930519
v 0.15146037 0.30026066 -0.02999676
v 0.15491316 0.29821199 -0.00689345
v 0.14903458 0.29125713 -0.05244895
v 0.14580892 0.28433935 -0.06231668
v 0.14775065 0.29218682 -0.05199889
v 0.14878166 0.29194343 -0.05194421
v 0.14411104 0.27695437 -0.07012418
v 0.14073776 0.26862850 -0.07819611
v 0.14257828 0.27766161 -0.07066800
v 0.14308695 0.27721715 -0.07027772
v 0.13906163 0.26970939 -0.07787917
v 0.14433146 0.28532896 -0.06197067
v 0.14159428 0.27826961 -0.07001900
v 0.14685365 0.29257182 -0.05129089
v 0.13894653 0.25926247 -0.08497146
v 0.13581930 0.25050553 -0.09050400
v 0.13740144 0.26019823 -0.08460384
v 0.13844853 0.26009247 -0.08436346
v 0.13459203 0.24028628 -0.09541106
v 0.13249993 0.24034225 -0.09557860
v 0.13361593 0.24030625 -0.09564160
v 0.13385930 0.25043753 -0.09036900
v 0.13134883 0.24047315 -0.09574995
v 0.13618644 0.26018223 -0.08451684
v -0.14607936 0.08871285 -0.08991883
v -0.14440027 0.09581255 -0.09449216
v -0.13953142 0.10353881 -0.09919283
v -0.14309527 0.09577255 -0.09492416
v -0.14786891 0.08912411 -0.08966742
v -0.14555627 0.09587055 -0.09449416
v -0.14077931 0.10306553 -0.09948875
v -0.14498927 0.09573555 -0.09449316
v -0.13746448 0.11165018 -0.10347495
v -0.13297338 0.12238816 -0.10783319
v -0.13623548 0.11156918 -0.10349195
v -0.13682548 0.11149718 -0.10348495
v -0.13145293 0.12256823 -0.10753836
v -0.13548713 0.11185777 -0.10318819
v -0.15381627 0.08004288 -0.07976721
v -0.15105298 0.08416561 -0.08463426
v -0.15045598 0.08391961 -0.08461826
v -0.15862917 0.07196687 -0.06849591
v -0.15720170 0.07613799 -0.07416171
v -0.15664170 0.07594999 -0.07412371
v -0.15995266 0.07231082 -0.06874905
v -0.15874364 0.07556301 -0.07397143
v -0.15527443 0.07992810 -0.07959550
v -0.15795564 0.07553801 -0.07436843
v -0.15238170 0.08387079 -0.08488490
v -0.15185070 0.08374879 -0.08486890
v 0.14045454 0.10323102 -0.09847284
v 0.14559631 0.09573375 -0.09402260
v 0.14757731 0.08844084 -0.08992069
v 0.14497331 0.09550275 -0.09401360
v 0.13219676 0.12202233 -0.10657232
v 0.13721387 0.11133142 -0.10269290
v 0.13642813 0.11141796 -0.10244803
v 0.13372576 0.12251933 -0.10649932
v 0.13843387 0.11145142 -0.10269790
v 0.14171138 0.10296555 -0.09873142
v 0.13794487 0.11154242 -0.10265890
v 0.14681211 0.09531914 -0.09431020
v 0.14945442 0.08857365 -0.08973213
v 0.14633311 0.09543214 -0.09427020
v 0.15248165 0.08406722 -0.08477258
v 0.15525612 0.08024211 -0.08000568
v 0.15186765 0.08378522 -0.08475058
v 0.15373355 0.08394607 -0.08501041
v 0.15693275 0.08021984 -0.07975914
v 0.15320355 0.08380807 -0.08497741
v 0.16051000 0.07565380 -0.07437594
v 0.16269979 0.07163009 -0.06897543
v 0.15910074 0.07591931 -0.07459424
v 0.15970274 0.07608931 -0.07462324
v 0.16156866 0.07146433 -0.06877802
v 0.15849374 0.07537531 -0.07455124
v -0.13428223 0.19393694 -0.10994654
v -0.13431179 0.20731986 -0.10688954
v -0.13297423 0.19409694 -0.10993654
v -0.13268929 0.17985612 -0.11207073
v -0.13379323 0.19403794 -0.10990054
v -0.13548843 0.21953531 -0.10341679
v -0.13578194 0.23106037 -0.09933473
v -0.13402390 0.21976658 -0.10343906
v -0.13477243 0.21967131 -0.10337479
v -0.13399170 0.23124672 -0.09951659
v -0.13291425 0.20717296 -0.10705513
v -0.13325090 0.21985858 -0.10341706
v -0.13133329 0.17988612 -0.11210773
v -0.13222523 0.19409294 -0.10995954
v -0.13149040 0.16326756 -0.11300419
v -0.13152727 0.14860050 -0.11261255
v -0.13302529 0.16343400 -0.11302479
v -0.13206540 0.16320256 -0.11299119
v -0.13023904 0.14878826 -0.11255519
v -0.13074740 0.16318656 -0.11303719
v -0.13121259 0.13401749 -0.11074026
v -0.13039679 0.13414528 -0.11046871
v -0.13215333 0.13377683 -0.11056758
v -0.13196959 0.13412749 -0.11069026
v -0.16167991 0.07090073 -0.06391373
v -0.16458462 0.06898605 -0.05828964
v -0.16293191 0.07137773 -0.06360573
v -0.16223891 0.07105773 -0.06397573
v -0.16343145 0.06886821 -0.05802928
v -0.16114191 0.07070273 -0.06384073
v -0.16758219 0.06245652 -0.04502076
v -0.16604608 0.06641707 -0.05220342
v -0.16549908 0.06604107 -0.05208742
v -0.16855852 0.06299834 -0.04556806
v -0.16720175 0.06723814 -0.05218157
v -0.16680675 0.06701114 -0.05206657
v -0.16969838 0.06335211 -0.04065926
v -0.17174189 0.06366662 -0.03577564
v -0.17061138 0.06416511 -0.04108926
v -0.17023038 0.06377511 -0.04087226
v -0.17057539 0.06349606 -0.03580263
v -0.16903961 0.06278805 -0.04075001
v -0.17288178 0.06313764 -0.02423053
v -0.17255154 0.06459659 -0.03043354
v -0.17185454 0.06375659 -0.03072054
v -0.17386888 0.06337347 -0.02495516
v -0.17340377 0.06455492 -0.03103560
v -0.17308877 0.06427392 -0.03077360
v -0.17516083 0.06603188 -0.01829563
v -0.17724464 0.06833894 -0.01142530
v -0.17605282 0.06625958 -0.01851915
v -0.17560083 0.06624588 -0.01860963
v -0.17636964 0.06826694 -0.01083330
v -0.17467683 0.06580688 -0.01798463
v -0.17720965 0.07098790 0.00537418
v -0.17760228 0.07016888 -0.00365502
v -0.17715628 0.07007688 -0.00333002
v -0.17809565 0.07144690 0.00445718
v -0.17832328 0.07003588 -0.00338302
v -0.17807528 0.06999188 -0.00304702
v -0.17894634 0.07695130 0.01251899
v -0.17959349 0.08134181 0.02225187
v -0.17956334 0.07709630 0.01268599
v -0.17933134 0.07690930 0.01211499
v -0.17840740 0.08172855 0.02308250
v -0.17853534 0.07696130 0.01287499
v -0.17718053 0.09096337 0.04112128
v -0.17820123 0.08627494 0.03123413
v -0.17811235 0.08583120 0.03128638
v -0.17799636 0.09087945 0.04057822
v -0.17910635 0.08628220 0.03096538
v -0.17877435 0.08594720 0.03160638
v -0.17770118 0.09723420 0.04802304
v -0.17788117 0.10290144 0.05545653
v -0.17881866 0.09701069 0.04707453
v -0.17824118 0.09761720 0.04722204
v -0.17690633 0.10284373 0.05650427
v -0.17727918 0.09718720 0.04857204
v -0.17364071 0.11657685 0.07015256
v -0.17662182 0.10922738 0.06337425
v -0.17583180 0.10965076 0.06365640
v -0.17495265 0.11669261 0.06883715
v -0.17745973 0.10922828 0.06225929
v -0.17723382 0.10960338 0.06243925
v -0.17299178 0.12488394 0.07417776
v -0.17156712 0.13334822 0.07771447
v -0.17411631 0.12474635 0.07302342
v -0.17353431 0.12446935 0.07384042
v -0.16967994 0.13355882 0.07883619
v -0.17180197 0.12483325 0.07484871
v -0.16429128 0.15341818 0.08214863
v -0.16820602 0.14364439 0.08044825
v -0.16733402 0.14322639 0.08145425
v -0.16488814 0.15406374 0.08132554
v -0.16969534 0.14345088 0.07925385
v -0.16894834 0.14321388 0.08004585
v -0.16247186 0.16369426 0.08138956
v -0.16136162 0.17350184 0.07954834
v -0.16427158 0.16358686 0.08019440
v -0.16318386 0.16372026 0.08078456
v -0.15989843 0.17384908 0.08041960
v -0.16256629 0.16270255 0.08162813
v -0.15532333 0.19368176 0.07571640
v -0.15859020 0.18353749 0.07793072
v -0.15785916 0.18393615 0.07849707
v -0.15634433 0.19472976 0.07438740
v -0.15945117 0.18472774 0.07685056
v -0.15932820 0.18348449 0.07743972
v -0.15358972 0.20448475 0.07098212
v -0.15334283 0.21303500 0.06604887
v -0.15487315 0.20388390 0.07021325
v -0.15431815 0.20395090 0.07052825
v -0.15202288 0.21234872 0.06737002
v -0.15369061 0.20320039 0.07173795
v -0.15206661 0.23026033 0.05827640
v -0.15240018 0.22095562 0.06226801
v -0.15182412 0.22157464 0.06273024
v -0.15389098 0.23038465 0.05704850
v -0.15367344 0.22166867 0.06116654
v -0.15317344 0.22174267 0.06139954
v -0.15381810 0.23975399 0.05352401
v -0.15531600 0.24895957 0.04837127
v -0.15485312 0.23898417 0.05278420
v -0.15438912 0.23904417 0.05296620
v -0.15367609 0.24920507 0.04837432
v -0.15278557 0.23890525 0.05413429
v -0.15548866 0.26802995 0.03749147
v -0.15510229 0.25849768 0.04331450
v -0.15445129 0.25859268 0.04350750
v -0.15648115 0.26715764 0.03707941
v -0.15636650 0.25853300 0.04211898
v -0.15623750 0.25850100 0.04227098
v -0.15658417 0.27578039 0.03064658
v -0.15778716 0.28394372 0.02222441
v -0.15778874 0.27623317 0.02967640
v -0.15736574 0.27623217 0.02982840
v -0.15646436 0.28434410 0.02352731
v -0.15594717 0.27587839 0.03082358
v -0.15686395 0.29675641 0.00449657
v -0.15747840 0.29087923 0.01369416
v -0.15685178 0.29113604 0.01483147
v -0.15807734 0.29600560 0.00332108
v -0.15865406 0.29097704 0.01259573
v -0.15815406 0.29056004 0.01356973
v -0.15661603 0.30041968 -0.00705689
v -0.15602005 0.30198171 -0.01948166
v -0.15774590 0.30008090 -0.00807491
v -0.15722490 0.30007790 -0.00793491
v -0.15469805 0.30217071 -0.01853666
v -0.15597303 0.30038268 -0.00619189
v -0.15145770 0.29778926 -0.04005183
v -0.15399303 0.30098918 -0.02986326
v -0.15333303 0.30106018 -0.02974926
v -0.15276870 0.29739126 -0.04095083
v -0.15497702 0.30047430 -0.03087342
v -0.15435203 0.30078918 -0.03068226
v -0.14997068 0.29249262 -0.05109914
v -0.14849478 0.28554873 -0.06139043
v -0.15119868 0.29198762 -0.05199314
v -0.15070968 0.29240062 -0.05121314
v -0.14692277 0.28593862 -0.06134789
v -0.14935368 0.29291362 -0.05033914
v -0.14285420 0.27067351 -0.07673391
v -0.14562258 0.27852435 -0.06940993
v -0.14499958 0.27919035 -0.06871193
v -0.14435035 0.27034362 -0.07664396
v -0.14710299 0.27813440 -0.06941346
v -0.14647799 0.27822140 -0.06927446
v -0.14113872 0.26100494 -0.08337529
v -0.13952599 0.25218753 -0.08890094
v -0.14261072 0.26075894 -0.08361029
v -0.14194172 0.26087294 -0.08347329
v -0.13794874 0.25245783 -0.08901973
v -0.14017914 0.26142406 -0.08353819
v -0.13644850 0.24129235 -0.09483872
v -0.13589173 0.24260247 -0.09421329
v -0.13789944 0.24106487 -0.09471868
v -0.13728550 0.24113735 -0.09488772
v 0.13207565 0.17832966 -0.11128869
v 0.13199156 0.19228545 -0.10977177
v 0.13309490 0.20529740 -0.10734178
v 0.13329856 0.19217245 -0.10977377
v 0.13280856 0.19225945 -0.10973677
v 0.13072165 0.17831566 -0.11133169
v 0.13171941 0.20518634 -0.10747068
v 0.13137219 0.19204141 -0.10982347
v 0.13313389 0.22888460 -0.10043771
v 0.13304825 0.21732789 -0.10424606
v 0.13228525 0.21738789 -0.10423206
v 0.13497428 0.22849681 -0.10028252
v 0.13442937 0.21725806 -0.10409741
v 0.13387625 0.21721289 -0.10424706
v 0.13254793 0.16245979 -0.11182207
v 0.13157626 0.14853556 -0.11126476
v 0.13124993 0.16247979 -0.11184407
v 0.13182793 0.16244279 -0.11183807
v 0.13285887 0.13399146 -0.10933319
v 0.13159287 0.13392946 -0.10935419
v 0.13236287 0.13407046 -0.10930219
v 0.13027626 0.14841256 -0.11130476
v 0.13108287 0.13392246 -0.10933319
v 0.13035086 0.16221407 -0.11182242
v 0.16586903 0.07066088 -0.06414120
v 0.16789291 0.06815249 -0.05855645
v 0.16477486 0.07055341 -0.06414670
v 0.16527596 0.07020959 -0.06432180
v 0.17059211 0.06631279 -0.05271531
v 0.17146194 0.06286254 -0.04652335
v 0.16945497 0.06573568 -0.05284093
v 0.16997911 0.06558979 -0.05301731
v 0.17008535 0.06161065 -0.04650374
v 0.16687076 0.06817042 -0.05830451
v 0.16891897 0.06532568 -0.05271193
v 0.16421686 0.07034841 -0.06409170
v 0.17336545 0.06322940 -0.04201598
v 0.17423848 0.06421161 -0.03686181
v 0.17236620 0.06278682 -0.04155911
v 0.17287720 0.06330582 -0.04178911
v 0.17588871 0.06534087 -0.03185297
v 0.17608460 0.06426377 -0.02629344
v 0.17491520 0.06484919 -0.03170080
v 0.17556671 0.06504387 -0.03158397
v 0.17501181 0.06381968 -0.02563065
v 0.17289249 0.06315920 -0.03684147
v 0.17427557 0.06431913 -0.03157343
v 0.17157808 0.06280127 -0.04188319
v 0.17836204 0.06769764 -0.01978772
v 0.17949784 0.07077052 -0.01280437
v 0.17751566 0.06741840 -0.01957368
v 0.17796066 0.06764340 -0.01991968
v 0.18073223 0.07256308 -0.00479379
v 0.18073537 0.07424758 0.00290332
v 0.18001423 0.07264208 -0.00507079
v 0.18050823 0.07249908 -0.00441579
v 0.17983937 0.07320058 0.00397532
v 0.17862484 0.07066752 -0.01221237
v 0.17956723 0.07255808 -0.00475479
v 0.17704066 0.06716040 -0.01928468
v 0.18220094 0.07984429 0.01114464
v 0.18189354 0.08455750 0.02045168
v 0.18157794 0.07969529 0.01094064
v 0.18204967 0.07975708 0.01109084
v 0.18129607 0.08890761 0.02979527
v 0.17982728 0.09326799 0.03881260
v 0.18076707 0.08850161 0.02969627
v 0.18099167 0.08868226 0.02980416
v 0.17898128 0.09299199 0.03996160
v 0.18106254 0.08427850 0.02144568
v 0.18036607 0.08842961 0.03018127
v 0.18118894 0.07970829 0.01133064
v 0.17979383 0.09948785 0.04547201
v 0.17876238 0.10526954 0.05334563
v 0.17928824 0.09906045 0.04644854
v 0.17953483 0.09955385 0.04596101
v 0.17775443 0.11195720 0.06004434
v 0.17531527 0.11937621 0.06666688
v 0.17702682 0.11186246 0.06111125
v 0.17710934 0.11234632 0.06023781
v 0.17425871 0.11929243 0.06787197
v 0.17745284 0.10509587 0.05453574
v 0.17625460 0.11215055 0.06143415
v 0.17856545 0.09933361 0.04673527
v 0.17445963 0.12808099 0.07069317
v 0.17169180 0.13738598 0.07508563
v 0.17330896 0.12811195 0.07186997
v 0.17378796 0.12814495 0.07123797
v 0.17029459 0.14764462 0.07695320
v 0.16734606 0.15775358 0.07874759
v 0.16892639 0.14792792 0.07810264
v 0.16972304 0.14766962 0.07774406
v 0.16529662 0.15743495 0.08000265
v 0.16998906 0.13742785 0.07619900
v 0.16837639 0.14785692 0.07867664
v 0.17244002 0.12798962 0.07260708
v 0.16567539 0.16781349 0.07826319
v 0.16346864 0.17782541 0.07744923
v 0.16472904 0.16699315 0.07926939
v 0.16506004 0.16818615 0.07852039
v 0.16136827 0.18889629 0.07478583
v 0.15824176 0.19856435 0.07216839
v 0.16040810 0.18771726 0.07586531
v 0.16117310 0.18766126 0.07540631
v 0.15732169 0.19781541 0.07337926
v 0.16233217 0.17687994 0.07834147
v 0.15965402 0.18812677 0.07636545
v 0.16390789 0.16705239 0.07955946
v 0.15709812 0.20737988 0.06786078
v 0.15595854 0.21623444 0.06353703
v 0.15584072 0.20835709 0.06858587
v 0.15651412 0.20744788 0.06816078
v 0.15666681 0.22306594 0.05834645
v 0.15704488 0.23130804 0.05401276
v 0.15538343 0.22314637 0.05961681
v 0.15623364 0.22366238 0.05869690
v 0.15517363 0.23094854 0.05506349
v 0.15509454 0.21528744 0.06474003
v 0.15471743 0.22325237 0.05990381
v 0.15577456 0.20682704 0.06938619
v 0.15763090 0.23921112 0.04907574
v 0.15769639 0.24743727 0.04391862
v 0.15687890 0.23931412 0.04943774
v 0.15715390 0.23926412 0.04923674
v 0.15886613 0.25657227 0.03773542
v 0.15875912 0.26421353 0.03253210
v 0.15758447 0.25652902 0.03918465
v 0.15843713 0.25659227 0.03787742
v 0.15773275 0.26502226 0.03313395
v 0.15688070 0.24821392 0.04456999
v 0.15692147 0.25661602 0.03935865
v 0.15575290 0.23849512 0.05043874
v 0.15973172 0.27240199 0.02525251
v 0.15995709 0.28014142 0.01838717
v 0.15882392 0.27247715 0.02662553
v 0.15947192 0.27306215 0.02566553
v 0.16083976 0.28692424 0.00927251
v 0.16018199 0.29277765 0.00066045
v 0.15968176 0.28660324 0.01037051
v 0.16032276 0.28651124 0.01021151
v 0.15892399 0.29268465 0.00164245
v 0.15865409 0.27977442 0.01948417
v 0.15903652 0.28697519 0.01148612
v 0.15818592 0.27256915 0.02678753
v 0.15977900 0.29670515 -0.01050824
v 0.15787280 0.29880745 -0.02181024
v 0.15891200 0.29664215 -0.00951724
v 0.15954600 0.29668215 -0.01036724
v 0.15640553 0.29803852 -0.03377570
v 0.15376578 0.29544412 -0.04320870
v 0.15556753 0.29837252 -0.03215270
v 0.15619253 0.29816352 -0.03296870
v 0.15245078 0.29584712 -0.04234970
v 0.15639416 0.29947468 -0.02081311
v 0.15473636 0.29882486 -0.03206865
v 0.15817002 0.29733392 -0.00931853
v 0.15172900 0.29004820 -0.05408751
v 0.14864364 0.28340040 -0.06313845
v 0.15048900 0.29054820 -0.05314951
v 0.15122900 0.29045520 -0.05328351
v 0.14698473 0.27583681 -0.07093263
v 0.14399914 0.26797359 -0.07798175
v 0.14549604 0.27623437 -0.07093618
v 0.14634973 0.27591881 -0.07079463
v 0.14251810 0.26834328 -0.07807575
v 0.14705492 0.28377735 -0.06312268
v 0.14487004 0.27689837 -0.07022318
v 0.14989000 0.29097820 -0.05241151
v 0.14212349 0.25840672 -0.08470163
v 0.13935761 0.24985436 -0.09022466
v 0.14066173 0.25877109 -0.08480296
v 0.14144749 0.25851672 -0.08458663
v 0.13741303 0.23866566 -0.09590305
v 0.13584903 0.23893966 -0.09574805
v 0.13668603 0.23880166 -0.09580405
v 0.13748161 0.25014536 -0.09005566
v 0.13541703 0.24020728 -0.09549606
v 0.13991573 0.25885009 -0.08471096
v -0.14913726 0.08880527 -0.08993676
v -0.14657166 0.09540212 -0.09474112
v -0.14193631 0.10329853 -0.09943775
v -0.14612666 0.09532112 -0.09476112
v -0.14990726 0.08879127 -0.08996876
v -0.14707393 0.09481716 -0.09486651
v -0.14285131 0.10323353 -0.09947475
v -0.14698566 0.09528812 -0.09478712
v -0.13951073 0.11102026 -0.10387540
v -0.13530222 0.12234057 -0.10775377
v -0.13847548 0.11161018 -0.10341995
v -0.13909773 0.11118326 -0.10376440
v -0.13433738 0.12267316 -0.10772719
v -0.13807348 0.11176818 -0.10341395
v -0.15618343 0.07989610 -0.07962350
v -0.15296400 0.08402985 -0.08487695
v -0.15284870 0.08398879 -0.08487890
v -0.16081866 0.07270582 -0.06882805
v -0.15915467 0.07595763 -0.07412288
v -0.15882867 0.07592063 -0.07410288
v -0.16186988 0.07228682 -0.06855520
v -0.15980667 0.07595463 -0.07413188
v -0.15684843 0.07960110 -0.07962650
v -0.15951767 0.07603763 -0.07410188
v -0.15388385 0.08361779 -0.08515284
v -0.15351485 0.08351479 -0.08511284
v 0.14285838 0.10321955 -0.09870442
v 0.14778811 0.09556414 -0.09425520
v 0.15045470 0.08863913 -0.08986956
v 0.14734211 0.09546814 -0.09427020
v 0.13514536 0.12232701 -0.10677024
v 0.13923089 0.11132524 -0.10254814
v 0.13882789 0.11146124 -0.10253714
v 0.13620436 0.12229701 -0.10680524
v 0.14029145 0.11090887 -0.10292472
v 0.14380842 0.10275572 -0.09898226
v 0.14011255 0.11118580 -0.10293887
v 0.14840795 0.09511782 -0.09438169
v 0.15129770 0.08889413 -0.08988356
v 0.14820211 0.09546514 -0.09430320
v 0.15457855 0.08416107 -0.08499441
v 0.15760312 0.08026207 -0.07986161
v 0.15419255 0.08408007 -0.08499541
v 0.15548247 0.08391916 -0.08524148
v 0.15826812 0.07998707 -0.07988561
v 0.15499655 0.08425707 -0.08499441
v 0.16188400 0.07580980 -0.07444194
v 0.16448734 0.07232353 -0.06880932
v 0.16124900 0.07578180 -0.07441794
v 0.16159500 0.07587580 -0.07440994
v 0.16356834 0.07194053 -0.06920332
v 0.16092800 0.07573080 -0.07439194
v -0.13662014 0.20680332 -0.10706371
v -0.13539843 0.19368649 -0.10998030
v -0.13530724 0.17936444 -0.11218963
v -0.13611743 0.19355849 -0.11006930
v -0.13812506 0.23049786 -0.09933256
v -0.13665243 0.21918431 -0.10351579
v -0.13716925 0.21923705 -0.10343139
v -0.13711946 0.23070324 -0.09937305
v -0.13544814 0.20712732 -0.10691471
v -0.13620443 0.21934331 -0.10344079
v -0.13392024 0.17957844 -0.11212763
v -0.13494843 0.19385649 -0.10994230
v -0.13391967 0.16280456 -0.11302514
v -0.13383927 0.14832850 -0.11262855
v -0.13442367 0.16267356 -0.11313114
v -0.13271727 0.14850050 -0.11256055
v -0.13326467 0.16288156 -0.11304614
v -0.13325433 0.13366883 -0.11049458
v -0.13282533 0.13381783 -0.11049458
v -0.13421421 0.13357150 -0.11081611
v -0.16368195 0.07087829 -0.06380960
v -0.16619531 0.06884224 -0.05817861
v -0.16397395 0.07077029 -0.06381160
v -0.16555262 0.06936405 -0.05800364
v -0.16339895 0.07077429 -0.06376260
v -0.16939713 0.06391884 -0.04565230
v -0.16779125 0.06701563 -0.05244733
v -0.16754125 0.06681563 -0.05235233
v -0.16994113 0.06484684 -0.04592730
v -0.16806125 0.06722663 -0.05251533
v -0.17124774 0.06433088 -0.04102472
v -0.17302453 0.06485238 -0.03617030
v -0.17150274 0.06473888 -0.04116972
v -0.17237989 0.06437462 -0.03623064
v -0.17086674 0.06397488 -0.04139072
v -0.17464588 0.06417847 -0.02494816
v -0.17410941 0.06476228 -0.03098345
v -0.17379101 0.06468401 -0.03096228
v -0.17507580 0.06435188 -0.02552074
v -0.17432641 0.06500728 -0.03116445
v -0.17655779 0.06616233 -0.01878200
v -0.17822846 0.06841061 -0.01128270
v -0.17674679 0.06634433 -0.01900700
v -0.17786546 0.06815861 -0.01153770
v -0.17627282 0.06644058 -0.01881315
v -0.17881643 0.07113669 0.00374684
v -0.17861428 0.07015588 -0.00399602
v -0.17850328 0.07008288 -0.00370802
v -0.17917743 0.07175669 0.00397184
v -0.17892303 0.07008130 -0.00375921
v -0.17990812 0.07674474 0.01269329
v -0.18018449 0.08103681 0.02102887
v -0.18003712 0.07675274 0.01243229
v -0.17996549 0.08111581 0.02159187
v -0.17972534 0.07699430 0.01237199
v -0.17834136 0.09141045 0.04069122
v -0.17938234 0.08596914 0.03089118
v -0.17928834 0.08598814 0.03122818
v -0.17876136 0.09191745 0.03973322
v -0.17953534 0.08601214 0.03059318
v -0.17882709 0.09697658 0.04661841
v -0.17888717 0.10298344 0.05363953
v -0.17906709 0.09721258 0.04610741
v -0.17853217 0.10306044 0.05432853
v -0.17869309 0.09702158 0.04695141
v -0.17604527 0.11654415 0.06781578
v -0.17793073 0.10913728 0.06147629
v -0.17773473 0.10915928 0.06182529
v -0.17645327 0.11655115 0.06702478
v -0.17814073 0.10913328 0.06110329
v -0.17510458 0.12426552 0.07248651
v -0.17337905 0.13294515 0.07599358
v -0.17538738 0.12384587 0.07237340
v -0.17254290 0.13323001 0.07654383
v -0.17487158 0.12429752 0.07286751
v -0.16658077 0.15412824 0.08021728
v -0.17051991 0.14291484 0.07859485
v -0.17009434 0.14340888 0.07879185
v -0.16777779 0.15393063 0.07932285
v -0.17053611 0.14424772 0.07835160
v -0.16515158 0.16354986 0.07936140
v -0.16299692 0.17425047 0.07786735
v -0.16526798 0.16438530 0.07894421
v -0.16281228 0.17323068 0.07837460
v -0.16476258 0.16355386 0.07973340
v -0.15724365 0.19433658 0.07377346
v -0.16041701 0.18423012 0.07609393
v -0.16000701 0.18427412 0.07638393
v -0.15777765 0.19542258 0.07270546
v -0.16067417 0.18386183 0.07590627
v -0.15565918 0.20350628 0.06966658
v -0.15503884 0.21338315 0.06428156
v -0.15595818 0.20460928 0.06879858
v -0.15429784 0.21238115 0.06535756
v -0.15537415 0.20380890 0.06990725
v -0.15443398 0.23029365 0.05666250
v -0.15443850 0.22100662 0.06054476
v -0.15413144 0.22158167 0.06095054
v -0.15539498 0.23117565 0.05555850
v -0.15497534 0.22179965 0.05980161
v -0.15562312 0.23987917 0.05165420
v -0.15717463 0.25057121 0.04648595
v -0.15602912 0.23979817 0.05150320
v -0.15614400 0.24980357 0.04720827
v -0.15525812 0.23991417 0.05181020
v -0.15767315 0.26785864 0.03591341
v -0.15712150 0.25933300 0.04099498
v -0.15701650 0.25930500 0.04113398
v -0.15835615 0.26864064 0.03473941
v -0.15752250 0.25927000 0.04084498
v -0.15832574 0.27696317 0.02852640
v -0.15931883 0.28490922 0.02004153
v -0.15907141 0.27738554 0.02773877
v -0.15864216 0.28449672 0.02108641
v -0.15818474 0.27688917 0.02866940
v -0.15901534 0.29631260 0.00219908
v -0.15931806 0.29150704 0.01148673
v -0.15907606 0.29100204 0.01242873
v -0.15984734 0.29666860 0.00114808
v -0.15976706 0.29151904 0.01136073
v -0.15863790 0.30031990 -0.00916091
v -0.15788134 0.30114344 -0.02166469
v -0.15910488 0.29993405 -0.01025578
v -0.15694213 0.30153711 -0.02047281
v -0.15820390 0.30024990 -0.00898191
v -0.15384114 0.29680841 -0.04192682
v -0.15568048 0.29999071 -0.03244551
v -0.15528348 0.30012071 -0.03159851
v -0.15437806 0.29622055 -0.04282309
v -0.15624162 0.29964197 -0.03269909
v -0.15227841 0.29161996 -0.05224161
v -0.15058638 0.28399316 -0.06226071
v -0.15261156 0.29061487 -0.05291332
v -0.14950030 0.28442345 -0.06207653
v -0.15181241 0.29166996 -0.05205861
v -0.14530033 0.26906891 -0.07720247
v -0.14802674 0.27688129 -0.07008745
v -0.14769999 0.27803740 -0.06956946
v -0.14642933 0.26883191 -0.07746947
v -0.14858374 0.27675229 -0.07024145
v -0.14385389 0.26035812 -0.08358959
v -0.14190317 0.25044601 -0.08963753
v -0.14447389 0.26021912 -0.08371059
v -0.14065900 0.25082066 -0.08968081
v -0.14326072 0.26062194 -0.08374029
v -0.13926244 0.24071687 -0.09493168
v -0.13861644 0.24089287 -0.09481768
v -0.13982570 0.24044637 -0.09489800
v 0.13467800 0.17792011 -0.11131314
v 0.13448000 0.19189845 -0.10970839
v 0.13547397 0.20477003 -0.10737666
v 0.13520200 0.19177845 -0.10978239
v 0.13354158 0.17844675 -0.11123846
v 0.13446678 0.20487563 -0.10736134
v 0.13403656 0.19204845 -0.10972577
v 0.13632019 0.22830070 -0.10016489
v 0.13580337 0.21689506 -0.10414741
v 0.13515537 0.21708506 -0.10411241
v 0.13749019 0.22796570 -0.10032289
v 0.13631937 0.21675106 -0.10425741
v 0.13384574 0.14810173 -0.11134212
v 0.13371793 0.16226679 -0.11176707
v 0.13415472 0.16201291 -0.11192196
v 0.13396187 0.13389946 -0.10928219
v 0.13463533 0.13367516 -0.10940251
v 0.13271774 0.14825073 -0.11129612
v 0.13352587 0.13404346 -0.10926719
v 0.13305693 0.16232279 -0.11179807
v 0.16933160 0.06837134 -0.05847509
v 0.16649703 0.07063088 -0.06421720
v 0.16682303 0.07080188 -0.06423920
v 0.17302184 0.06375872 -0.04672327
v 0.17114399 0.06631319 -0.05296267
v 0.17141199 0.06657319 -0.05303867
v 0.17226023 0.06341115 -0.04692467
v 0.16863491 0.06848249 -0.05872545
v 0.17088799 0.06607819 -0.05287067
v 0.16623703 0.07079288 -0.06418220
v 0.17554422 0.06514814 -0.03714164
v 0.17417990 0.06413521 -0.04194387
v 0.17439890 0.06403921 -0.04202087
v 0.17731008 0.06545162 -0.02684679
v 0.17661899 0.06570264 -0.03175338
v 0.17682399 0.06595664 -0.03194338
v 0.17680660 0.06515777 -0.02630244
v 0.17499522 0.06442214 -0.03733464
v 0.17612171 0.06565087 -0.03211697
v 0.17365945 0.06370140 -0.04224698
v 0.18069605 0.07033625 -0.01258181
v 0.17894641 0.06777851 -0.02006886
v 0.17922632 0.06781952 -0.01988285
v 0.18174023 0.07428868 0.00250473
v 0.18097623 0.07267408 -0.00545979
v 0.18123131 0.07260899 -0.00515884
v 0.18116237 0.07429958 0.00312732
v 0.18002443 0.07061971 -0.01290244
v 0.18089923 0.07261108 -0.00514579
v 0.17855604 0.06787864 -0.02010472
v 0.18246403 0.08407144 0.01979106
v 0.18248667 0.07949708 0.01119284
v 0.18260667 0.07950008 0.01091984
v 0.18074769 0.09363510 0.03834152
v 0.18156607 0.08881361 0.02906727
v 0.18170707 0.08884761 0.02877427
v 0.18068969 0.09339910 0.03781052
v 0.18225254 0.08432850 0.01973268
v 0.18147507 0.08884061 0.02940227
v 0.18240667 0.07957608 0.01147184
v 0.17968229 0.10510515 0.05192239
v 0.18014883 0.09935185 0.04471201
v 0.18066672 0.09924612 0.04441253
v 0.17689934 0.11938542 0.06480602
v 0.17822443 0.11186320 0.05917334
v 0.17842843 0.11187520 0.05879334
v 0.17647134 0.11937042 0.06559402
v 0.17933729 0.10517315 0.05261639
v 0.17803843 0.11189320 0.05953934
v 0.18000583 0.09941185 0.04505701
v 0.17356070 0.13708821 0.07351102
v 0.17504963 0.12800099 0.06983617
v 0.17530463 0.12802099 0.06944617
v 0.16890956 0.15816255 0.07739369
v 0.17100959 0.14759162 0.07610820
v 0.17164069 0.14747264 0.07580506
v 0.16769328 0.15830565 0.07816741
v 0.17308885 0.13740437 0.07410715
v 0.17070659 0.14760862 0.07650520
v 0.17479763 0.12802799 0.07022617
v 0.16504957 0.17852417 0.07592329
v 0.16660339 0.16778449 0.07745119
v 0.16733299 0.16755960 0.07709337
v 0.15982356 0.19919334 0.07053397
v 0.16237774 0.18838324 0.07412802
v 0.16280774 0.18834124 0.07383002
v 0.15944015 0.19796103 0.07147225
v 0.16452492 0.17735057 0.07666283
v 0.16194574 0.18841224 0.07440202
v 0.16618839 0.16778449 0.07781119
v 0.15784101 0.21615871 0.06188482
v 0.15790823 0.20801274 0.06672457
v 0.15835723 0.20797674 0.06648457
v 0.15852328 0.23156201 0.05240971
v 0.15750581 0.22402194 0.05726545
v 0.15807152 0.22350358 0.05715372
v 0.15750228 0.23065401 0.05347471
v 0.15702701 0.21513371 0.06291482
v 0.15712781 0.22298194 0.05813345
v 0.15762812 0.20730588 0.06758678
v 0.15945510 0.24873464 0.04201235
v 0.15863937 0.23972005 0.04827301
v 0.15904637 0.24062705 0.04735901
v 0.16040644 0.26529451 0.03053225
v 0.15941281 0.25700908 0.03692032
v 0.15983181 0.25696608 0.03677132
v 0.15965912 0.26495353 0.03139310
v 0.15870210 0.24788664 0.04311135
v 0.15930081 0.25698008 0.03705632
v 0.15826237 0.23974005 0.04840401
v 0.16152037 0.28091540 0.01640755
v 0.16054032 0.27268050 0.02437069
v 0.16116567 0.27398102 0.02370820
v 0.16197945 0.29234119 -0.00141494
v 0.16153611 0.28703729 0.00837482
v 0.16199011 0.28705229 0.00823882
v 0.16115041 0.29267870 -0.00025676
v 0.16089137 0.28028340 0.01746655
v 0.16129611 0.28653029 0.00930382
v 0.16039267 0.27330302 0.02477920
v 0.15965377 0.29836524 -0.02438071
v 0.16061761 0.29664038 -0.01215111
v 0.16110561 0.29664138 -0.01231111
v 0.15550343 0.29399054 -0.04492274
v 0.15725326 0.29739102 -0.03461552
v 0.15776226 0.29736102 -0.03478552
v 0.15491472 0.29486784 -0.04415977
v 0.15882877 0.29835224 -0.02263271
v 0.15686326 0.29750802 -0.03375452
v 0.16021861 0.29644138 -0.01123311
v 0.15072271 0.28186828 -0.06387018
v 0.15273776 0.28916599 -0.05401129
v 0.15316576 0.28871099 -0.05481629
v 0.14602149 0.26643585 -0.07868997
v 0.14782417 0.27454549 -0.07148428
v 0.14839217 0.27442549 -0.07162828
v 0.14488049 0.26666285 -0.07845397
v 0.14959868 0.28226487 -0.06370839
v 0.14740917 0.27525249 -0.07072428
v 0.15239681 0.28977309 -0.05415448
v 0.14141540 0.24810480 -0.09054214
v 0.14336149 0.25814272 -0.08496263
v 0.14380939 0.25769328 -0.08475683
v 0.13870654 0.23836702 -0.09580467
v 0.13925599 0.23803270 -0.09566900
v 0.14016774 0.24849951 -0.09061915
v 0.13805454 0.23854102 -0.09570367
v 0.14278549 0.25828072 -0.08484463
v -0.15099477 0.08860103 -0.09028102
v -0.14790993 0.09470916 -0.09482151
v -0.14381020 0.10260500 -0.09984551
v -0.14752893 0.09474516 -0.09486351
v -0.15155057 0.08907043 -0.09003506
v -0.14862193 0.09472916 -0.09473451
v -0.14425952 0.10237881 -0.09961131
v -0.14828193 0.09469916 -0.09475151
v -0.14141673 0.11127626 -0.10367440
v -0.14067973 0.11129126 -0.10377040
v -0.14107773 0.11125626 -0.10370040
v -0.14012973 0.11115126 -0.10384940
v -0.15755143 0.07945710 -0.07964950
v -0.15467985 0.08374979 -0.08510284
v -0.15433585 0.08376379 -0.08513584
v -0.16048867 0.07588763 -0.07411288
v -0.16018167 0.07589463 -0.07412688
v -0.16132571 0.07522837 -0.07423712
v -0.15820943 0.07947310 -0.07956750
v -0.16097971 0.07518537 -0.07424212
v -0.15536985 0.08380479 -0.08502784
v -0.15502685 0.08376379 -0.08503784
v 0.14477142 0.10275772 -0.09905326
v 0.14923295 0.09503782 -0.09434569
v 0.15219970 0.08921113 -0.08989456
v 0.14885795 0.09506182 -0.09438069
v 0.14144345 0.11119787 -0.10282372
v 0.14090845 0.11104987 -0.10289872
v 0.14217745 0.11119087 -0.10273472
v 0.14555142 0.10269872 -0.09894526
v 0.14183945 0.11117687 -0.10276072
v 0.14994395 0.09506582 -0.09426169
v 0.15312978 0.08912582 -0.09000212
v 0.14960395 0.09502982 -0.09428269
v 0.15626947 0.08406316 -0.08519348
v 0.15896412 0.07986207 -0.07991061
v 0.15592947 0.08407416 -0.08522048
v 0.15671496 0.08417067 -0.08513026
v 0.15969591 0.07944182 -0.08002032
v 0.15637496 0.08413267 -0.08513626
v 0.16325173 0.07536531 -0.07454925
v 0.16255700 0.07575480 -0.07443994
v 0.16287200 0.07579280 -0.07439694
v 0.16225400 0.07575480 -0.07444194
f 1 2389 2393
f 2389 618 2390
f 2393 2390 622
f 2392 2393 2391
f 618 2394 2397
f 2394 5 2395
f 2397 2395 619
f 2390 2397 2396
f 622 2396 2401
f 2396 619 2398
f 2401 2398 6
f 2400 2401 2399
f 621 2391 2404
f 2391 622 2400
f 2404 2400 620
f 2403 2404 2402
f 1 2405 2408
f 2405 623 2406
f 2408 2406 626
f 2389 2408 2407
f 623 2409 2412
f 2409 8 2410
f 2412 2410 624
f 2406 2412 2411
f 626 2411 2416
f 2411 624 2413
f 2416 2413 9
f 2415 2416 2414
f 618 2407 2418
f 2407 626 2415
f 2418 2415 625
f 2394 2418 2417
f 1 2392 2422
f 2392 621 2419
f 2422 2419 630
f 2421 2422 2420
f 621 2403 2425
f 2403 7 2423
f 2425 2423 627
f 2419 2425 2424
f 630 2424 2429
f 2424 627 2426
f 2429 2426 10
f 2428 2429 2427
f 629 2420 2432
f 2420 630 2428
f 2432 2428 628
f 2431 2432 2430
f 1 2433 2436
f 2433 631 2434
f 2436 2434 634
f 2405 2436 2435
f 631 2437 2440
f 2437 12 2438
f 2440 2438 632
f 2434 2440 2439
f 634 2439 2444
f 2439 632 2441
f 2444 2441 13
f 2443 2444 2442
f 623 2435 2446
f 2435 634 2443
f 2446 2443 633
f 2409 2446 2445
f 1 2421 2449
f 2421 629 2447
f 2449 2447 637
f 2433 2449 2448
f 629 2431 2452
f 2431 11 2450
f 2452 2450 635
f 2447 2452 2451
f 637 2451 2456
f 2451 635 2453
f 2456 2453 14
f 2455 2456 2454
f 631 2448 2458
f 2448 637 2455
f 2458 2455 636
f 2437 2458 2457
f 2 2459 2463
f 2459 638 2460
f 2463 2460 642
f 2462 2463 2461
f 638 2464 2467
f 2464 15 2465
f 2467 2465 639
f 2460 2467 2466
f 642 2466 2471
f 2466 639 2468
f 2471 2468 16
f 2470 2471 2469
f 641 2461 2474
f 2461 642 2470
f 2474 2470 640
f 2473 2474 2472
f 2 2475 2479
f 2475 643 2476
f 2479 2476 647
f 2478 2479 2477
f 643 2480 2483
f 2480 18 2481
f 2483 2481 644
f 2476 2483 2482
f 647 2482 2487
f 2482 644 2484
f 2487 2484 19
f 2486 2487 2485
f 646 2477 2490
f 2477 647 2486
f 2490 2486 645
f 2489 2490 2488
f 2 2462 2493
f 2462 641 2491
f 2493 2491 650
f 2475 2493 2492
f 641 2473 2496
f 2473 17 2494
f 2496 2494 648
f 2491 2496 2495
f 650 2495 2500
f 2495 648 2497
f 2500 2497 21
f 2499 2500 2498
f 643 2492 2502
f 2492 650 2499
f 2502 2499 649
f 2480 2502 2501
f 2 2503 2506
f 2503 651 2504
f 2506 2504 654
f 2459 2506 2505
f 651 2507 2510
f 2507 4 2508
f 2510 2508 652
f 2504 2510 2509
f 654 2509 2514
f 2509 652 2511
f 2514 2511 22
f 2513 2514 2512
f 638 2505 2516
f 2505 654 2513
f 2516 2513 653
f 2464 2516 2515
f 2 2478 2519
f 2478 646 2517
f 2519 2517 657
f 2503 2519 2518
f 646 2489 2522
f 2489 20 2520
f 2522 2520 655
f 2517 2522 2521
f 657 2521 2526
f 2521 655 2523
f 2526 2523 23
f 2525 2526 2524
f 651 2518 2528
f 2518 657 2525
f 2528 2525 656
f 2507 2528 2527
f 3 2529 2533
f 2529 658 2530
f 2533 2530 662
f 2532 2533 2531
f 658 2534 2537
f 2534 24 2535
f 2537 2535 659
f 2530 2537 2536
f 662 2536 2541
f 2536 659 2538
f 2541 2538 25
f 2540 2541 2539
f 661 2531 2544
f 2531 662 2540
f 2544 2540 660
f 2543 2544 2542
f 3 2532 2548
f 2532 661 2545
f 2548 2545 665
f 2547 2548 2546
f 661 2543 2551
f 2543 26 2549
f 2551 2549 663
f 2545 2551 2550
f 665 2550 2554
f 2550 663 2552
f 2554 2552 13
f 2553 2554 2441
f 664 2546 2556
f 2546 665 2553
f 2556 2553 632
f 2555 2556 2438
f 3 2547 2560
f 2547 664 2557
f 2560 2557 668
f 2559 2560 2558
f 664 2555 2562
f 2555 12 2457
f 2562 2457 636
f 2557 2562 2561
f 668 2561 2565
f 2561 636 2454
f 2565 2454 14
f 2564 2565 2563
f 667 2558 2568
f 2558 668 2564
f 2568 2564 666
f 2567 2568 2566
f 4 2569 2572
f 2569 669 2570
f 2572 2570 672
f 2508 2572 2571
f 669 2573 2576
f 2573 28 2574
f 2576 2574 670
f 2570 2576 2575
f 672 2575 2580
f 2575 670 2577
f 2580 2577 29
f 2579 2580 2578
f 652 2571 2582
f 2571 672 2579
f 2582 2579 671
f 2511 2582 2581
f 4 2583 2586
f 2583 673 2584
f 2586 2584 676
f 2569 2586 2585
f 673 2587 2590
f 2587 30 2588
f 2590 2588 674
f 2584 2590 2589
f 676 2589 2594
f 2589 674 2591
f 2594 2591 31
f 2593 2594 2592
f 669 2585 2596
f 2585 676 2593
f 2596 2593 675
f 2573 2596 2595
f 4 2527 2599
f 2527 656 2597
f 2599 2597 679
f 2583 2599 2598
f 656 2524 2602
f 2524 23 2600
f 2602 2600 677
f 2597 2602 2601
f 679 2601 2606
f 2601 677 2603
f 2606 2603 32
f 2605 2606 2604
f 673 2598 2608
f 2598 679 2605
f 2608 2605 678
f 2587 2608 2607
f 33 2609 2613
f 2609 680 2610
f 2613 2610 683
f 2612 2613 2611
f 680 2614 2617
f 2614 42 2615
f 2617 2615 681
f 2610 2617 2616
f 683 2616 2620
f 2616 681 2618
f 2620 2618 15
f 2619 2620 2515
f 682 2611 2622
f 2611 683 2619
f 2622 2619 653
f 2621 2622 2512
f 33 2612 2626
f 2612 682 2623
f 2626 2623 686
f 2625 2626 2624
f 682 2621 2628
f 2621 22 2581
f 2628 2581 671
f 2623 2628 2627
f 686 2627 2631
f 2627 671 2578
f 2631 2578 29
f 2630 2631 2629
f 685 2624 2634
f 2624 686 2630
f 2634 2630 684
f 2633 2634 2632
f 34 2635 2639
f 2635 687 2636
f 2639 2636 690
f 2638 2639 2637
f 687 2640 2643
f 2640 38 2641
f 2643 2641 688
f 2636 2643 2642
f 690 2642 2646
f 2642 688 2644
f 2646 2644 26
f 2645 2646 2542
f 689 2637 2648
f 2637 690 2645
f 2648 2645 660
f 2647 2648 2539
f 35 2649 2653
f 2649 691 2650
f 2653 2650 695
f 2652 2653 2651
f 691 2654 2657
f 2654 44 2655
f 2657 2655 692
f 2650 2657 2656
f 695 2656 2661
f 2656 692 2658
f 2661 2658 45
f 2660 2661 2659
f 694 2651 2664
f 2651 695 2660
f 2664 2660 693
f 2663 2664 2662
f 36 2665 2669
f 2665 696 2666
f 2669 2666 700
f 2668 2669 2667
f 696 2670 2673
f 2670 47 2671
f 2673 2671 697
f 2666 2673 2672
f 700 2672 2677
f 2672 697 2674
f 2677 2674 16
f 2676 2677 2675
f 699 2667 2680
f 2667 700 2676
f 2680 2676 698
f 2679 2680 2678
f 37 2681 2685
f 2681 701 2682
f 2685 2682 705
f 2684 2685 2683
f 701 2686 2689
f 2686 49 2687
f 2689 2687 702
f 2682 2689 2688
f 705 2688 2693
f 2688 702 2690
f 2693 2690 50
f 2692 2693 2691
f 704 2683 2696
f 2683 705 2692
f 2696 2692 703
f 2695 2696 2694
f 38 2697 2700
f 2697 706 2698
f 2700 2698 708
f 2641 2700 2699
f 706 2701 2704
f 2701 52 2702
f 2704 2702 707
f 2698 2704 2703
f 708 2703 2707
f 2703 707 2705
f 2707 2705 13
f 2706 2707 2552
f 688 2699 2708
f 2699 708 2706
f 2708 2706 663
f 2644 2708 2549
f 39 2709 2713
f 2709 709 2710
f 2713 2710 713
f 2712 2713 2711
f 709 2714 2717
f 2714 53 2715
f 2717 2715 710
f 2710 2717 2716
f 713 2716 2721
f 2716 710 2718
f 2721 2718 584
f 2720 2721 2719
f 712 2711 2724
f 2711 713 2720
f 2724 2720 711
f 2723 2724 2722
f 39 2712 2728
f 2712 712 2725
f 2728 2725 717
f 2727 2728 2726
f 712 2723 2731
f 2723 585 2729
f 2731 2729 714
f 2725 2731 2730
f 717 2730 2735
f 2730 714 2732
f 2735 2732 586
f 2734 2735 2733
f 716 2726 2738
f 2726 717 2734
f 2738 2734 715
f 2737 2738 2736
f 40 2739 2743
f 2739 718 2740
f 2743 2740 720
f 2742 2743 2741
f 718 2744 2746
f 2744 17 2472
f 2746 2472 640
f 2740 2746 2745
f 720 2745 2748
f 2745 640 2469
f 2748 2469 16
f 2747 2748 2674
f 719 2741 2750
f 2741 720 2747
f 2750 2747 697
f 2749 2750 2671
f 40 2751 2754
f 2751 721 2752
f 2754 2752 723
f 2739 2754 2753
f 721 2755 2758
f 2755 58 2756
f 2758 2756 722
f 2752 2758 2757
f 723 2757 2761
f 2757 722 2759
f 2761 2759 21
f 2760 2761 2497
f 718 2753 2762
f 2753 723 2760
f 2762 2760 648
f 2744 2762 2494
f 41 2763 2767
f 2763 724 2764
f 2767 2764 726
f 2766 2767 2765
f 724 2768 2770
f 2768 8 2445
f 2770 2445 633
f 2764 2770 2769
f 726 2769 2772
f 2769 633 2442
f 2772 2442 13
f 2771 2772 2705
f 725 2765 2774
f 2765 726 2771
f 2774 2771 707
f 2773 2774 2702
f 41 2775 2778
f 2775 727 2776
f 2778 2776 729
f 2763 2778 2777
f 727 2779 2782
f 2779 59 2780
f 2782 2780 728
f 2776 2782 2781
f 729 2781 2785
f 2781 728 2783
f 2785 2783 9
f 2784 2785 2413
f 724 2777 2786
f 2777 729 2784
f 2786 2784 624
f 2768 2786 2410
f 59 2787 2790
f 2787 730 2788
f 2790 2788 733
f 2780 2790 2789
f 730 2791 2794
f 2791 60 2792
f 2794 2792 731
f 2788 2794 2793
f 733 2793 2798
f 2793 731 2795
f 2798 2795 61
f 2797 2798 2796
f 728 2789 2800
f 2789 733 2797
f 2800 2797 732
f 2783 2800 2799
f 61 2801 2804
f 2801 734 2802
f 2804 2802 736
f 2796 2804 2803
f 734 2805 2808
f 2805 62 2806
f 2808 2806 735
f 2802 2808 2807
f 736 2807 2811
f 2807 735 2809
f 2811 2809 5
f 2810 2811 2417
f 732 2803 2812
f 2803 736 2810
f 2812 2810 625
f 2799 2812 2414
f 61 2795 2816
f 2795 731 2813
f 2816 2813 740
f 2815 2816 2814
f 731 2792 2819
f 2792 60 2817
f 2819 2817 737
f 2813 2819 2818
f 740 2818 2823
f 2818 737 2820
f 2823 2820 63
f 2822 2823 2821
f 739 2814 2826
f 2814 740 2822
f 2826 2822 738
f 2825 2826 2824
f 61 2815 2829
f 2815 739 2827
f 2829 2827 743
f 2801 2829 2828
f 739 2825 2832
f 2825 64 2830
f 2832 2830 741
f 2827 2832 2831
f 743 2831 2836
f 2831 741 2833
f 2836 2833 65
f 2835 2836 2834
f 734 2828 2838
f 2828 743 2835
f 2838 2835 742
f 2805 2838 2837
f 65 2839 2842
f 2839 744 2840
f 2842 2840 747
f 2834 2842 2841
f 744 2843 2846
f 2843 66 2844
f 2846 2844 745
f 2840 2846 2845
f 747 2845 2850
f 2845 745 2847
f 2850 2847 67
f 2849 2850 2848
f 742 2841 2852
f 2841 747 2849
f 2852 2849 746
f 2837 2852 2851
f 65 2833 2856
f 2833 741 2853
f 2856 2853 751
f 2855 2856 2854
f 741 2830 2859
f 2830 64 2857
f 2859 2857 748
f 2853 2859 2858
f 751 2858 2863
f 2858 748 2860
f 2863 2860 68
f 2862 2863 2861
f 750 2854 2866
f 2854 751 2862
f 2866 2862 749
f 2865 2866 2864
f 65 2855 2869
f 2855 750 2867
f 2869 2867 754
f 2839 2869 2868
f 750 2865 2872
f 2865 69 2870
f 2872 2870 752
f 2867 2872 2871
f 754 2871 2876
f 2871 752 2873
f 2876 2873 70
f 2875 2876 2874
f 744 2868 2878
f 2868 754 2875
f 2878 2875 753
f 2843 2878 2877
f 70 2879 2882
f 2879 755 2880
f 2882 2880 758
f 2874 2882 2881
f 755 2883 2886
f 2883 71 2884
f 2886 2884 756
f 2880 2886 2885
f 758 2885 2890
f 2885 756 2887
f 2890 2887 72
f 2889 2890 2888
f 753 2881 2892
f 2881 758 2889
f 2892 2889 757
f 2877 2892 2891
f 70 2873 2896
f 2873 752 2893
f 2896 2893 762
f 2895 2896 2894
f 752 2870 2899
f 2870 69 2897
f 2899 2897 759
f 2893 2899 2898
f 762 2898 2903
f 2898 759 2900
f 2903 2900 73
f 2902 2903 2901
f 761 2894 2906
f 2894 762 2902
f 2906 2902 760
f 2905 2906 2904
f 70 2895 2909
f 2895 761 2907
f 2909 2907 765
f 2879 2909 2908
f 761 2905 2912
f 2905 74 2910
f 2912 2910 763
f 2907 2912 2911
f 765 2911 2916
f 2911 763 2913
f 2916 2913 75
f 2915 2916 2914
f 755 2908 2918
f 2908 765 2915
f 2918 2915 764
f 2883 2918 2917
f 75 2919 2922
f 2919 766 2920
f 2922 2920 769
f 2914 2922 2921
f 766 2923 2926
f 2923 76 2924
f 2926 2924 767
f 2920 2926 2925
f 769 2925 2930
f 2925 767 2927
f 2930 2927 77
f 2929 2930 2928
f 764 2921 2932
f 2921 769 2929
f 2932 2929 768
f 2917 2932 2931
f 75 2913 2936
f 2913 763 2933
f 2936 2933 773
f 2935 2936 2934
f 763 2910 2939
f 2910 74 2937
f 2939 2937 770
f 2933 2939 2938
f 773 2938 2943
f 2938 770 2940
f 2943 2940 31
f 2942 2943 2941
f 772 2934 2946
f 2934 773 2942
f 2946 2942 771
f 2945 2946 2944
f 75 2935 2949
f 2935 772 2947
f 2949 2947 776
f 2919 2949 2948
f 772 2945 2952
f 2945 78 2950
f 2952 2950 774
f 2947 2952 2951
f 776 2951 2956
f 2951 774 2953
f 2956 2953 54
f 2955 2956 2954
f 766 2948 2958
f 2948 776 2955
f 2958 2955 775
f 2923 2958 2957
f 78 2944 2962
f 2944 771 2959
f 2962 2959 779
f 2961 2962 2960
f 771 2941 2964
f 2941 31 2591
f 2964 2591 674
f 2959 2964 2963
f 779 2963 2967
f 2963 674 2588
f 2967 2588 30
f 2966 2967 2965
f 778 2960 2970
f 2960 779 2966
f 2970 2966 777
f 2969 2970 2968
f 78 2961 2973
f 2961 778 2971
f 2973 2971 782
f 2950 2973 2972
f 778 2969 2976
f 2969 79 2974
f 2976 2974 780
f 2971 2976 2975
f 782 2975 2980
f 2975 780 2977
f 2980 2977 55
f 2979 2980 2978
f 774 2972 2982
f 2972 782 2979
f 2982 2979 781
f 2953 2982 2981
f 79 2968 2986
f 2968 777 2983
f 2986 2983 785
f 2985 2986 2984
f 777 2965 2988
f 2965 30 2607
f 2988 2607 678
f 2983 2988 2987
f 785 2987 2991
f 2987 678 2604
f 2991 2604 32
f 2990 2991 2989
f 784 2984 2994
f 2984 785 2990
f 2994 2990 783
f 2993 2994 2992
f 79 2985 2997
f 2985 784 2995
f 2997 2995 788
f 2974 2997 2996
f 784 2993 3000
f 2993 80 2998
f 3000 2998 786
f 2995 3000 2999
f 788 2999 3004
f 2999 786 3001
f 3004 3001 56
f 3003 3004 3002
f 780 2996 3006
f 2996 788 3003
f 3006 3003 787
f 2977 3006 3005
f 80 2992 3010
f 2992 783 3007
f 3010 3007 792
f 3009 3010 3008
f 783 2989 3013
f 2989 32 3011
f 3013 3011 789
f 3007 3013 3012
f 792 3012 3017
f 3012 789 3014
f 3017 3014 81
f 3016 3017 3015
f 791 3008 3020
f 3008 792 3016
f 3020 3016 790
f 3019 3020 3018
f 80 3009 3023
f 3009 791 3021
f 3023 3021 795
f 2998 3023 3022
f 791 3019 3026
f 3019 82 3024
f 3026 3024 793
f 3021 3026 3025
f 795 3025 3030
f 3025 793 3027
f 3030 3027 83
f 3029 3030 3028
f 786 3022 3032
f 3022 795 3029
f 3032 3029 794
f 3001 3032 3031
f 83 3033 3036
f 3033 796 3034
f 3036 3034 799
f 3028 3036 3035
f 796 3037 3040
f 3037 485 3038
f 3040 3038 797
f 3034 3040 3039
f 799 3039 3044
f 3039 797 3041
f 3044 3041 484
f 3043 3044 3042
f 794 3035 3046
f 3035 799 3043
f 3046 3043 798
f 3031 3046 3045
f 83 3027 3050
f 3027 793 3047
f 3050 3047 803
f 3049 3050 3048
f 793 3024 3053
f 3024 82 3051
f 3053 3051 800
f 3047 3053 3052
f 803 3052 3057
f 3052 800 3054
f 3057 3054 85
f 3056 3057 3055
f 802 3048 3060
f 3048 803 3056
f 3060 3056 801
f 3059 3060 3058
f 83 3049 3063
f 3049 802 3061
f 3063 3061 806
f 3033 3063 3062
f 802 3059 3066
f 3059 86 3064
f 3066 3064 804
f 3061 3066 3065
f 806 3065 3070
f 3065 804 3067
f 3070 3067 486
f 3069 3070 3068
f 796 3062 3072
f 3062 806 3069
f 3072 3069 805
f 3037 3072 3071
f 87 3073 3077
f 3073 807 3074
f 3077 3074 811
f 3076 3077 3075
f 807 3078 3081
f 3078 587 3079
f 3081 3079 808
f 3074 3081 3080
f 811 3080 3085
f 3080 808 3082
f 3085 3082 588
f 3084 3085 3083
f 810 3075 3088
f 3075 811 3084
f 3088 3084 809
f 3087 3088 3086
f 89 3086 3092
f 3086 809 3089
f 3092 3089 815
f 3091 3092 3090
f 809 3083 3095
f 3083 588 3093
f 3095 3093 812
f 3089 3095 3094
f 815 3094 3099
f 3094 812 3096
f 3099 3096 589
f 3098 3099 3097
f 814 3090 3102
f 3090 815 3098
f 3102 3098 813
f 3101 3102 3100
f 91 3100 3106
f 3100 813 3103
f 3106 3103 819
f 3105 3106 3104
f 813 3097 3109
f 3097 589 3107
f 3109 3107 816
f 3103 3109 3108
f 819 3108 3113
f 3108 816 3110
f 3113 3110 590
f 3112 3113 3111
f 818 3104 3116
f 3104 819 3112
f 3116 3112 817
f 3115 3116 3114
f 93 3114 3120
f 3114 817 3117
f 3120 3117 823
f 3119 3120 3118
f 817 3111 3123
f 3111 590 3121
f 3123 3121 820
f 3117 3123 3122
f 823 3122 3127
f 3122 820 3124
f 3127 3124 591
f 3126 3127 3125
f 822 3118 3130
f 3118 823 3126
f 3130 3126 821
f 3129 3130 3128
f 95 3128 3134
f 3128 821 3131
f 3134 3131 827
f 3133 3134 3132
f 821 3125 3137
f 3125 591 3135
f 3137 3135 824
f 3131 3137 3136
f 827 3136 3141
f 3136 824 3138
f 3141 3138 592
f 3140 3141 3139
f 826 3132 3144
f 3132 827 3140
f 3144 3140 825
f 3143 3144 3142
f 97 3142 3148
f 3142 825 3145
f 3148 3145 831
f 3147 3148 3146
f 825 3139 3151
f 3139 592 3149
f 3151 3149 828
f 3145 3151 3150
f 831 3150 3155
f 3150 828 3152
f 3155 3152 593
f 3154 3155 3153
f 830 3146 3158
f 3146 831 3154
f 3158 3154 829
f 3157 3158 3156
f 99 3156 3162
f 3156 829 3159
f 3162 3159 835
f 3161 3162 3160
f 829 3153 3165
f 3153 593 3163
f 3165 3163 832
f 3159 3165 3164
f 835 3164 3169
f 3164 832 3166
f 3169 3166 594
f 3168 3169 3167
f 834 3160 3172
f 3160 835 3168
f 3172 3168 833
f 3171 3172 3170
f 101 3170 3176
f 3170 833 3173
f 3176 3173 839
f 3175 3176 3174
f 833 3167 3179
f 3167 594 3177
f 3179 3177 836
f 3173 3179 3178
f 839 3178 3183
f 3178 836 3180
f 3183 3180 595
f 3182 3183 3181
f 838 3174 3186
f 3174 839 3182
f 3186 3182 837
f 3185 3186 3184
f 103 3184 3190
f 3184 837 3187
f 3190 3187 843
f 3189 3190 3188
f 837 3181 3193
f 3181 595 3191
f 3193 3191 840
f 3187 3193 3192
f 843 3192 3197
f 3192 840 3194
f 3197 3194 596
f 3196 3197 3195
f 842 3188 3200
f 3188 843 3196
f 3200 3196 841
f 3199 3200 3198
f 105 3198 3204
f 3198 841 3201
f 3204 3201 847
f 3203 3204 3202
f 841 3195 3207
f 3195 596 3205
f 3207 3205 844
f 3201 3207 3206
f 847 3206 3211
f 3206 844 3208
f 3211 3208 597
f 3210 3211 3209
f 846 3202 3214
f 3202 847 3210
f 3214 3210 845
f 3213 3214 3212
f 107 3212 3218
f 3212 845 3215
f 3218 3215 851
f 3217 3218 3216
f 845 3209 3221
f 3209 597 3219
f 3221 3219 848
f 3215 3221 3220
f 851 3220 3225
f 3220 848 3222
f 3225 3222 598
f 3224 3225 3223
f 850 3216 3228
f 3216 851 3224
f 3228 3224 849
f 3227 3228 3226
f 108 3226 3232
f 3226 849 3229
f 3232 3229 855
f 3231 3232 3230
f 849 3223 3235
f 3223 598 3233
f 3235 3233 852
f 3229 3235 3234
f 855 3234 3239
f 3234 852 3236
f 3239 3236 599
f 3238 3239 3237
f 854 3230 3242
f 3230 855 3238
f 3242 3238 853
f 3241 3242 3240
f 109 3240 3246
f 3240 853 3243
f 3246 3243 858
f 3245 3246 3244
f 853 3237 3249
f 3237 599 3247
f 3249 3247 856
f 3243 3249 3248
f 858 3248 3252
f 3248 856 3250
f 3252 3250 584
f 3251 3252 2718
f 857 3244 3254
f 3244 858 3251
f 3254 3251 710
f 3253 3254 2715
f 106 3255 3259
f 3255 859 3256
f 3259 3256 863
f 3258 3259 3257
f 859 3260 3263
f 3260 104 3261
f 3263 3261 860
f 3256 3263 3262
f 863 3262 3267
f 3262 860 3264
f 3267 3264 110
f 3266 3267 3265
f 862 3257 3270
f 3257 863 3266
f 3270 3266 861
f 3269 3270 3268
f 106 3258 3274
f 3258 862 3271
f 3274 3271 865
f 3273 3274 3272
f 862 3269 3276
f 3269 72 2887
f 3276 2887 756
f 3271 3276 3275
f 865 3275 3278
f 3275 756 2884
f 3278 2884 71
f 3277 3278 2931
f 864 3272 3280
f 3272 865 3277
f 3280 3277 768
f 3279 3280 2928
f 110 3264 3284
f 3264 860 3281
f 3284 3281 869
f 3283 3284 3282
f 860 3261 3287
f 3261 104 3285
f 3287 3285 866
f 3281 3287 3286
f 869 3286 3291
f 3286 866 3288
f 3291 3288 102
f 3290 3291 3289
f 868 3282 3294
f 3282 869 3290
f 3294 3290 867
f 3293 3294 3292
f 110 3283 3298
f 3283 868 3295
f 3298 3295 873
f 3297 3298 3296
f 868 3293 3301
f 3293 111 3299
f 3301 3299 870
f 3295 3301 3300
f 873 3300 3305
f 3300 870 3302
f 3305 3302 6
f 3304 3305 3303
f 872 3296 3308
f 3296 873 3304
f 3308 3304 871
f 3307 3308 3306
f 110 3297 3311
f 3297 872 3309
f 3311 3309 874
f 3265 3311 3310
f 872 3307 3313
f 3307 67 2847
f 3313 2847 745
f 3309 3313 3312
f 874 3312 3315
f 3312 745 2844
f 3315 2844 66
f 3314 3315 2891
f 861 3310 3316
f 3310 874 3314
f 3316 3314 757
f 3268 3316 2888
f 111 3292 3320
f 3292 867 3317
f 3320 3317 878
f 3319 3320 3318
f 867 3289 3323
f 3289 102 3321
f 3323 3321 875
f 3317 3323 3322
f 878 3322 3327
f 3322 875 3324
f 3327 3324 100
f 3326 3327 3325
f 877 3318 3330
f 3318 878 3326
f 3330 3326 876
f 3329 3330 3328
f 111 3319 3333
f 3319 877 3331
f 3333 3331 880
f 3299 3333 3332
f 877 3329 3336
f 3329 112 3334
f 3336 3334 879
f 3331 3336 3335
f 880 3335 3339
f 3335 879 3337
f 3339 3337 7
f 3338 3339 2402
f 870 3332 3340
f 3332 880 3338
f 3340 3338 620
f 3302 3340 2399
f 112 3328 3344
f 3328 876 3341
f 3344 3341 884
f 3343 3344 3342
f 876 3325 3347
f 3325 100 3345
f 3347 3345 881
f 3341 3347 3346
f 884 3346 3351
f 3346 881 3348
f 3351 3348 98
f 3350 3351 3349
f 883 3342 3354
f 3342 884 3350
f 3354 3350 882
f 3353 3354 3352
f 112 3343 3357
f 3343 883 3355
f 3357 3355 886
f 3334 3357 3356
f 883 3353 3360
f 3353 113 3358
f 3360 3358 885
f 3355 3360 3359
f 886 3359 3363
f 3359 885 3361
f 3363 3361 10
f 3362 3363 2426
f 879 3356 3364
f 3356 886 3362
f 3364 3362 627
f 3337 3364 2423
f 113 3352 3368
f 3352 882 3365
f 3368 3365 890
f 3367 3368 3366
f 882 3349 3371
f 3349 98 3369
f 3371 3369 887
f 3365 3371 3370
f 890 3370 3375
f 3370 887 3372
f 3375 3372 96
f 3374 3375 3373
f 889 3366 3378
f 3366 890 3374
f 3378 3374 888
f 3377 3378 3376
f 113 3367 3381
f 3367 889 3379
f 3381 3379 893
f 3358 3381 3380
f 889 3377 3384
f 3377 114 3382
f 3384 3382 891
f 3379 3384 3383
f 893 3383 3388
f 3383 891 3385
f 3388 3385 115
f 3387 3388 3386
f 885 3380 3390
f 3380 893 3387
f 3390 3387 892
f 3361 3390 3389
f 115 3385 3394
f 3385 891 3391
f 3394 3391 897
f 3393 3394 3392
f 891 3382 3397
f 3382 114 3395
f 3397 3395 894
f 3391 3397 3396
f 897 3396 3401
f 3396 894 3398
f 3401 3398 116
f 3400 3401 3399
f 896 3392 3404
f 3392 897 3400
f 3404 3400 895
f 3403 3404 3402
f 115 3393 3408
f 3393 896 3405
f 3408 3405 901
f 3407 3408 3406
f 896 3403 3411
f 3403 117 3409
f 3411 3409 898
f 3405 3411 3410
f 901 3410 3415
f 3410 898 3412
f 3415 3412 118
f 3414 3415 3413
f 900 3406 3418
f 3406 901 3414
f 3418 3414 899
f 3417 3418 3416
f 115 3407 3421
f 3407 900 3419
f 3421 3419 903
f 3386 3421 3420
f 900 3417 3424
f 3417 119 3422
f 3424 3422 902
f 3419 3424 3423
f 903 3423 3427
f 3423 902 3425
f 3427 3425 11
f 3426 3427 2430
f 892 3420 3428
f 3420 903 3426
f 3428 3426 628
f 3389 3428 2427
f 119 3416 3432
f 3416 899 3429
f 3432 3429 907
f 3431 3432 3430
f 899 3413 3435
f 3413 118 3433
f 3435 3433 904
f 3429 3435 3434
f 907 3434 3439
f 3434 904 3436
f 3439 3436 120
f 3438 3439 3437
f 906 3430 3442
f 3430 907 3438
f 3442 3438 905
f 3441 3442 3440
f 119 3431 3445
f 3431 906 3443
f 3445 3443 909
f 3422 3445 3444
f 906 3441 3448
f 3441 121 3446
f 3448 3446 908
f 3443 3448 3447
f 909 3447 3451
f 3447 908 3449
f 3451 3449 14
f 3450 3451 2453
f 902 3444 3452
f 3444 909 3450
f 3452 3450 635
f 3425 3452 2450
f 121 3440 3456
f 3440 905 3453
f 3456 3453 913
f 3455 3456 3454
f 905 3437 3459
f 3437 120 3457
f 3459 3457 910
f 3453 3459 3458
f 913 3458 3463
f 3458 910 3460
f 3463 3460 122
f 3462 3463 3461
f 912 3454 3466
f 3454 913 3462
f 3466 3462 911
f 3465 3466 3464
f 121 3455 3469
f 3455 912 3467
f 3469 3467 915
f 3446 3469 3468
f 912 3465 3472
f 3465 123 3470
f 3472 3470 914
f 3467 3472 3471
f 915 3471 3475
f 3471 914 3473
f 3475 3473 27
f 3474 3475 2566
f 908 3468 3476
f 3468 915 3474
f 3476 3474 666
f 3449 3476 2563
f 123 3464 3480
f 3464 911 3477
f 3480 3477 919
f 3479 3480 3478
f 911 3461 3483
f 3461 122 3481
f 3483 3481 916
f 3477 3483 3482
f 919 3482 3487
f 3482 916 3484
f 3487 3484 124
f 3486 3487 3485
f 918 3478 3490
f 3478 919 3486
f 3490 3486 917
f 3489 3490 3488
f 123 3479 3493
f 3479 918 3491
f 3493 3491 922
f 3470 3493 3492
f 918 3489 3496
f 3489 125 3494
f 3496 3494 920
f 3491 3496 3495
f 922 3495 3500
f 3495 920 3497
f 3500 3497 126
f 3499 3500 3498
f 914 3492 3502
f 3492 922 3499
f 3502 3499 921
f 3473 3502 3501
f 126 3497 3506
f 3497 920 3503
f 3506 3503 926
f 3505 3506 3504
f 920 3494 3509
f 3494 125 3507
f 3509 3507 923
f 3503 3509 3508
f 926 3508 3513
f 3508 923 3510
f 3513 3510 127
f 3512 3513 3511
f 925 3504 3516
f 3504 926 3512
f 3516 3512 924
f 3515 3516 3514
f 126 3505 3520
f 3505 925 3517
f 3520 3517 930
f 3519 3520 3518
f 925 3515 3523
f 3515 128 3521
f 3523 3521 927
f 3517 3523 3522
f 930 3522 3527
f 3522 927 3524
f 3527 3524 129
f 3526 3527 3525
f 929 3518 3530
f 3518 930 3526
f 3530 3526 928
f 3529 3530 3528
f 126 3519 3533
f 3519 929 3531
f 3533 3531 932
f 3498 3533 3532
f 929 3529 3536
f 3529 130 3534
f 3536 3534 931
f 3531 3536 3535
f 932 3535 3539
f 3535 931 3537
f 3539 3537 3
f 3538 3539 2559
f 921 3532 3540
f 3532 932 3538
f 3540 3538 667
f 3501 3540 2567
f 130 3528 3544
f 3528 928 3541
f 3544 3541 936
f 3543 3544 3542
f 928 3525 3547
f 3525 129 3545
f 3547 3545 933
f 3541 3547 3546
f 936 3546 3551
f 3546 933 3548
f 3551 3548 131
f 3550 3551 3549
f 935 3542 3554
f 3542 936 3550
f 3554 3550 934
f 3553 3554 3552
f 130 3543 3557
f 3543 935 3555
f 3557 3555 938
f 3534 3557 3556
f 935 3553 3560
f 3553 132 3558
f 3560 3558 937
f 3555 3560 3559
f 938 3559 3563
f 3559 937 3561
f 3563 3561 24
f 3562 3563 2534
f 931 3556 3564
f 3556 938 3562
f 3564 3562 658
f 3537 3564 2529
f 131 3548 3568
f 3548 933 3565
f 3568 3565 942
f 3567 3568 3566
f 933 3545 3571
f 3545 129 3569
f 3571 3569 939
f 3565 3571 3570
f 942 3570 3575
f 3570 939 3572
f 3575 3572 133
f 3574 3575 3573
f 941 3566 3578
f 3566 942 3574
f 3578 3574 940
f 3577 3578 3576
f 134 3576 3582
f 3576 940 3579
f 3582 3579 946
f 3581 3582 3580
f 940 3573 3585
f 3573 133 3583
f 3585 3583 943
f 3579 3585 3584
f 946 3584 3589
f 3584 943 3586
f 3589 3586 135
f 3588 3589 3587
f 945 3580 3592
f 3580 946 3588
f 3592 3588 944
f 3591 3592 3590
f 136 3590 3596
f 3590 944 3593
f 3596 3593 950
f 3595 3596 3594
f 944 3587 3599
f 3587 135 3597
f 3599 3597 947
f 3593 3599 3598
f 950 3598 3603
f 3598 947 3600
f 3603 3600 137
f 3602 3603 3601
f 949 3594 3606
f 3594 950 3602
f 3606 3602 948
f 3605 3606 3604
f 138 3604 3610
f 3604 948 3607
f 3610 3607 954
f 3609 3610 3608
f 948 3601 3613
f 3601 137 3611
f 3613 3611 951
f 3607 3613 3612
f 954 3612 3617
f 3612 951 3614
f 3617 3614 139
f 3616 3617 3615
f 953 3608 3620
f 3608 954 3616
f 3620 3616 952
f 3619 3620 3618
f 140 3618 3624
f 3618 952 3621
f 3624 3621 957
f 3623 3624 3622
f 952 3615 3627
f 3615 139 3625
f 3627 3625 955
f 3621 3627 3626
f 957 3626 3630
f 3626 955 3628
f 3630 3628 45
f 3629 3630 2658
f 956 3622 3632
f 3622 957 3629
f 3632 3629 692
f 3631 3632 2655
f 139 3614 3636
f 3614 951 3633
f 3636 3633 961
f 3635 3636 3634
f 951 3611 3639
f 3611 137 3637
f 3639 3637 958
f 3633 3639 3638
f 961 3638 3643
f 3638 958 3640
f 3643 3640 141
f 3642 3643 3641
f 960 3634 3646
f 3634 961 3642
f 3646 3642 959
f 3645 3646 3644
f 139 3635 3649
f 3635 960 3647
f 3649 3647 964
f 3625 3649 3648
f 960 3645 3652
f 3645 142 3650
f 3652 3650 962
f 3647 3652 3651
f 964 3651 3656
f 3651 962 3653
f 3656 3653 143
f 3655 3656 3654
f 955 3648 3658
f 3648 964 3655
f 3658 3655 963
f 3628 3658 3657
f 143 3653 3662
f 3653 962 3659
f 3662 3659 968
f 3661 3662 3660
f 962 3650 3665
f 3650 142 3663
f 3665 3663 965
f 3659 3665 3664
f 968 3664 3669
f 3664 965 3666
f 3669 3666 144
f 3668 3669 3667
f 967 3660 3672
f 3660 968 3668
f 3672 3668 966
f 3671 3672 3670
f 143 3661 3676
f 3661 967 3673
f 3676 3673 972
f 3675 3676 3674
f 967 3671 3679
f 3671 145 3677
f 3679 3677 969
f 3673 3679 3678
f 972 3678 3683
f 3678 969 3680
f 3683 3680 146
f 3682 3683 3681
f 971 3674 3686
f 3674 972 3682
f 3686 3682 970
f 3685 3686 3684
f 143 3675 3689
f 3675 971 3687
f 3689 3687 974
f 3654 3689 3688
f 971 3685 3692
f 3685 147 3690
f 3692 3690 973
f 3687 3692 3691
f 974 3691 3695
f 3691 973 3693
f 3695 3693 46
f 3694 3695 2662
f 963 3688 3696
f 3688 974 3694
f 3696 3694 693
f 3657 3696 2659
f 146 3680 3700
f 3680 969 3697
f 3700 3697 978
f 3699 3700 3698
f 969 3677 3703
f 3677 145 3701
f 3703 3701 975
f 3697 3703 3702
f 978 3702 3707
f 3702 975 3704
f 3707 3704 148
f 3706 3707 3705
f 977 3698 3710
f 3698 978 3706
f 3710 3706 976
f 3709 3710 3708
f 149 3708 3714
f 3708 976 3711
f 3714 3711 982
f 3713 3714 3712
f 976 3705 3717
f 3705 148 3715
f 3717 3715 979
f 3711 3717 3716
f 982 3716 3721
f 3716 979 3718
f 3721 3718 150
f 3720 3721 3719
f 981 3712 3724
f 3712 982 3720
f 3724 3720 980
f 3723 3724 3722
f 151 3722 3728
f 3722 980 3725
f 3728 3725 986
f 3727 3728 3726
f 980 3719 3731
f 3719 150 3729
f 3731 3729 983
f 3725 3731 3730
f 986 3730 3735
f 3730 983 3732
f 3735 3732 152
f 3734 3735 3733
f 985 3726 3738
f 3726 986 3734
f 3738 3734 984
f 3737 3738 3736
f 153 3736 3742
f 3736 984 3739
f 3742 3739 990
f 3741 3742 3740
f 984 3733 3745
f 3733 152 3743
f 3745 3743 987
f 3739 3745 3744
f 990 3744 3749
f 3744 987 3746
f 3749 3746 154
f 3748 3749 3747
f 989 3740 3752
f 3740 990 3748
f 3752 3748 988
f 3751 3752 3750
f 155 3750 3756
f 3750 988 3753
f 3756 3753 994
f 3755 3756 3754
f 988 3747 3759
f 3747 154 3757
f 3759 3757 991
f 3753 3759 3758
f 994 3758 3763
f 3758 991 3760
f 3763 3760 156
f 3762 3763 3761
f 993 3754 3766
f 3754 994 3762
f 3766 3762 992
f 3765 3766 3764
f 157 3764 3770
f 3764 992 3767
f 3770 3767 998
f 3769 3770 3768
f 992 3761 3773
f 3761 156 3771
f 3773 3771 995
f 3767 3773 3772
f 998 3772 3777
f 3772 995 3774
f 3777 3774 158
f 3776 3777 3775
f 997 3768 3780
f 3768 998 3776
f 3780 3776 996
f 3779 3780 3778
f 159 3778 3784
f 3778 996 3781
f 3784 3781 1002
f 3783 3784 3782
f 996 3775 3787
f 3775 158 3785
f 3787 3785 999
f 3781 3787 3786
f 1002 3786 3791
f 3786 999 3788
f 3791 3788 160
f 3790 3791 3789
f 1001 3782 3794
f 3782 1002 3790
f 3794 3790 1000
f 3793 3794 3792
f 161 3792 3798
f 3792 1000 3795
f 3798 3795 1006
f 3797 3798 3796
f 1000 3789 3801
f 3789 160 3799
f 3801 3799 1003
f 3795 3801 3800
f 1006 3800 3805
f 3800 1003 3802
f 3805 3802 162
f 3804 3805 3803
f 1005 3796 3808
f 3796 1006 3804
f 3808 3804 1004
f 3807 3808 3806
f 163 3806 3812
f 3806 1004 3809
f 3812 3809 1009
f 3811 3812 3810
f 1004 3803 3815
f 3803 162 3813
f 3815 3813 1007
f 3809 3815 3814
f 1009 3814 3818
f 3814 1007 3816
f 3818 3816 50
f 3817 3818 2690
f 1008 3810 3820
f 3810 1009 3817
f 3820 3817 702
f 3819 3820 2687
f 162 3821 3824
f 3821 1010 3822
f 3824 3822 1013
f 3813 3824 3823
f 1010 3825 3828
f 3825 164 3826
f 3828 3826 1011
f 3822 3828 3827
f 1013 3827 3832
f 3827 1011 3829
f 3832 3829 165
f 3831 3832 3830
f 1007 3823 3834
f 3823 1013 3831
f 3834 3831 1012
f 3816 3834 3833
f 162 3802 3837
f 3802 1003 3835
f 3837 3835 1016
f 3821 3837 3836
f 1003 3799 3840
f 3799 160 3838
f 3840 3838 1014
f 3835 3840 3839
f 1016 3839 3844
f 3839 1014 3841
f 3844 3841 166
f 3843 3844 3842
f 1010 3836 3846
f 3836 1016 3843
f 3846 3843 1015
f 3825 3846 3845
f 166 3847 3850
f 3847 1017 3848
f 3850 3848 1020
f 3842 3850 3849
f 1017 3851 3854
f 3851 167 3852
f 3854 3852 1018
f 3848 3854 3853
f 1020 3853 3858
f 3853 1018 3855
f 3858 3855 168
f 3857 3858 3856
f 1015 3849 3860
f 3849 1020 3857
f 3860 3857 1019
f 3845 3860 3859
f 166 3841 3864
f 3841 1014 3861
f 3864 3861 1023
f 3863 3864 3862
f 1014 3838 3866
f 3838 160 3788
f 3866 3788 999
f 3861 3866 3865
f 1023 3865 3869
f 3865 999 3785
f 3869 3785 158
f 3868 3869 3867
f 1022 3862 3872
f 3862 1023 3868
f 3872 3868 1021
f 3871 3872 3870
f 166 3863 3875
f 3863 1022 3873
f 3875 3873 1026
f 3847 3875 3874
f 1022 3871 3878
f 3871 169 3876
f 3878 3876 1024
f 3873 3878 3877
f 1026 3877 3882
f 3877 1024 3879
f 3882 3879 170
f 3881 3882 3880
f 1017 3874 3884
f 3874 1026 3881
f 3884 3881 1025
f 3851 3884 3883
f 170 3885 3888
f 3885 1027 3886
f 3888 3886 1030
f 3880 3888 3887
f 1027 3889 3892
f 3889 171 3890
f 3892 3890 1028
f 3886 3892 3891
f 1030 3891 3896
f 3891 1028 3893
f 3896 3893 172
f 3895 3896 3894
f 1025 3887 3898
f 3887 1030 3895
f 3898 3895 1029
f 3883 3898 3897
f 170 3879 3902
f 3879 1024 3899
f 3902 3899 1034
f 3901 3902 3900
f 1024 3876 3905
f 3876 169 3903
f 3905 3903 1031
f 3899 3905 3904
f 1034 3904 3909
f 3904 1031 3906
f 3909 3906 173
f 3908 3909 3907
f 1033 3900 3912
f 3900 1034 3908
f 3912 3908 1032
f 3911 3912 3910
f 170 3901 3915
f 3901 1033 3913
f 3915 3913 1037
f 3885 3915 3914
f 1033 3911 3918
f 3911 174 3916
f 3918 3916 1035
f 3913 3918 3917
f 1037 3917 3922
f 3917 1035 3919
f 3922 3919 175
f 3921 3922 3920
f 1027 3914 3924
f 3914 1037 3921
f 3924 3921 1036
f 3889 3924 3923
f 175 3925 3928
f 3925 1038 3926
f 3928 3926 1041
f 3920 3928 3927
f 1038 3929 3932
f 3929 176 3930
f 3932 3930 1039
f 3926 3932 3931
f 1041 3931 3936
f 3931 1039 3933
f 3936 3933 177
f 3935 3936 3934
f 1036 3927 3938
f 3927 1041 3935
f 3938 3935 1040
f 3923 3938 3937
f 175 3919 3942
f 3919 1035 3939
f 3942 3939 1045
f 3941 3942 3940
f 1035 3916 3945
f 3916 174 3943
f 3945 3943 1042
f 3939 3945 3944
f 1045 3944 3949
f 3944 1042 3946
f 3949 3946 178
f 3948 3949 3947
f 1044 3940 3952
f 3940 1045 3948
f 3952 3948 1043
f 3951 3952 3950
f 175 3941 3955
f 3941 1044 3953
f 3955 3953 1048
f 3925 3955 3954
f 1044 3951 3958
f 3951 179 3956
f 3958 3956 1046
f 3953 3958 3957
f 1048 3957 3962
f 3957 1046 3959
f 3962 3959 180
f 3961 3962 3960
f 1038 3954 3964
f 3954 1048 3961
f 3964 3961 1047
f 3929 3964 3963
f 180 3965 3968
f 3965 1049 3966
f 3968 3966 1052
f 3960 3968 3967
f 1049 3969 3972
f 3969 181 3970
f 3972 3970 1050
f 3966 3972 3971
f 1052 3971 3976
f 3971 1050 3973
f 3976 3973 182
f 3975 3976 3974
f 1047 3967 3978
f 3967 1052 3975
f 3978 3975 1051
f 3963 3978 3977
f 180 3959 3982
f 3959 1046 3979
f 3982 3979 1056
f 3981 3982 3980
f 1046 3956 3985
f 3956 179 3983
f 3985 3983 1053
f 3979 3985 3984
f 1056 3984 3989
f 3984 1053 3986
f 3989 3986 183
f 3988 3989 3987
f 1055 3980 3992
f 3980 1056 3988
f 3992 3988 1054
f 3991 3992 3990
f 180 3981 3995
f 3981 1055 3993
f 3995 3993 1059
f 3965 3995 3994
f 1055 3991 3998
f 3991 184 3996
f 3998 3996 1057
f 3993 3998 3997
f 1059 3997 4002
f 3997 1057 3999
f 4002 3999 185
f 4001 4002 4000
f 1049 3994 4004
f 3994 1059 4001
f 4004 4001 1058
f 3969 4004 4003
f 185 4005 4008
f 4005 1060 4006
f 4008 4006 1063
f 4000 4008 4007
f 1060 4009 4012
f 4009 186 4010
f 4012 4010 1061
f 4006 4012 4011
f 1063 4011 4016
f 4011 1061 4013
f 4016 4013 187
f 4015 4016 4014
f 1058 4007 4018
f 4007 1063 4015
f 4018 4015 1062
f 4003 4018 4017
f 185 3999 4022
f 3999 1057 4019
f 4022 4019 1067
f 4021 4022 4020
f 1057 3996 4025
f 3996 184 4023
f 4025 4023 1064
f 4019 4025 4024
f 1067 4024 4029
f 4024 1064 4026
f 4029 4026 188
f 4028 4029 4027
f 1066 4020 4032
f 4020 1067 4028
f 4032 4028 1065
f 4031 4032 4030
f 185 4021 4035
f 4021 1066 4033
f 4035 4033 1070
f 4005 4035 4034
f 1066 4031 4038
f 4031 189 4036
f 4038 4036 1068
f 4033 4038 4037
f 1070 4037 4042
f 4037 1068 4039
f 4042 4039 190
f 4041 4042 4040
f 1060 4034 4044
f 4034 1070 4041
f 4044 4041 1069
f 4009 4044 4043
f 190 4045 4048
f 4045 1071 4046
f 4048 4046 1074
f 4040 4048 4047
f 1071 4049 4052
f 4049 191 4050
f 4052 4050 1072
f 4046 4052 4051
f 1074 4051 4056
f 4051 1072 4053
f 4056 4053 192
f 4055 4056 4054
f 1069 4047 4058
f 4047 1074 4055
f 4058 4055 1073
f 4043 4058 4057
f 190 4039 4062
f 4039 1068 4059
f 4062 4059 1078
f 4061 4062 4060
f 1068 4036 4065
f 4036 189 4063
f 4065 4063 1075
f 4059 4065 4064
f 1078 4064 4069
f 4064 1075 4066
f 4069 4066 193
f 4068 4069 4067
f 1077 4060 4072
f 4060 1078 4068
f 4072 4068 1076
f 4071 4072 4070
f 190 4061 4075
f 4061 1077 4073
f 4075 4073 1080
f 4045 4075 4074
f 1077 4071 4077
f 4071 124 3484
f 4077 3484 916
f 4073 4077 4076
f 1080 4076 4080
f 4076 916 3481
f 4080 3481 122
f 4079 4080 4078
f 1071 4074 4082
f 4074 1080 4079
f 4082 4079 1079
f 4049 4082 4081
f 193 4066 4086
f 4066 1075 4083
f 4086 4083 1083
f 4085 4086 4084
f 1075 4063 4088
f 4063 189 4030
f 4088 4030 1065
f 4083 4088 4087
f 1083 4087 4091
f 4087 1065 4027
f 4091 4027 188
f 4090 4091 4089
f 1082 4084 4094
f 4084 1083 4090
f 4094 4090 1081
f 4093 4094 4092
f 193 4085 4098
f 4085 1082 4095
f 4098 4095 1087
f 4097 4098 4096
f 1082 4093 4101
f 4093 194 4099
f 4101 4099 1084
f 4095 4101 4100
f 1087 4100 4105
f 4100 1084 4102
f 4105 4102 195
f 4104 4105 4103
f 1086 4096 4108
f 4096 1087 4104
f 4108 4104 1085
f 4107 4108 4106
f 193 4097 4111
f 4097 1086 4109
f 4111 4109 1088
f 4067 4111 4110
f 1086 4107 4113
f 4107 127 3510
f 4113 3510 923
f 4109 4113 4112
f 1088 4112 4115
f 4112 923 3507
f 4115 3507 125
f 4114 4115 3488
f 1076 4110 4116
f 4110 1088 4114
f 4116 4114 917
f 4070 4116 3485
f 195 4102 4120
f 4102 1084 4117
f 4120 4117 1092
f 4119 4120 4118
f 1084 4099 4123
f 4099 194 4121
f 4123 4121 1089
f 4117 4123 4122
f 1092 4122 4127
f 4122 1089 4124
f 4127 4124 196
f 4126 4127 4125
f 1091 4118 4130
f 4118 1092 4126
f 4130 4126 1090
f 4129 4130 4128
f 195 4119 4134
f 4119 1091 4131
f 4134 4131 1096
f 4133 4134 4132
f 1091 4129 4137
f 4129 197 4135
f 4137 4135 1093
f 4131 4137 4136
f 1096 4136 4141
f 4136 1093 4138
f 4141 4138 198
f 4140 4141 4139
f 1095 4132 4144
f 4132 1096 4140
f 4144 4140 1094
f 4143 4144 4142
f 195 4133 4147
f 4133 1095 4145
f 4147 4145 1098
f 4103 4147 4146
f 1095 4143 4150
f 4143 199 4148
f 4150 4148 1097
f 4145 4150 4149
f 1098 4149 4153
f 4149 1097 4151
f 4153 4151 128
f 4152 4153 3514
f 1085 4146 4154
f 4146 1098 4152
f 4154 4152 924
f 4106 4154 3511
f 199 4142 4158
f 4142 1094 4155
f 4158 4155 1101
f 4157 4158 4156
f 1094 4139 4161
f 4139 198 4159
f 4161 4159 1099
f 4155 4161 4160
f 1101 4160 4164
f 4160 1099 4162
f 4164 4162 135
f 4163 4164 3586
f 1100 4156 4166
f 4156 1101 4163
f 4166 4163 943
f 4165 4166 3583
f 199 4157 4169
f 4157 1100 4167
f 4169 4167 1102
f 4148 4169 4168
f 1100 4165 4171
f 4165 133 3572
f 4171 3572 939
f 4167 4171 4170
f 1102 4170 4173
f 4170 939 3569
f 4173 3569 129
f 4172 4173 3524
f 1097 4168 4174
f 4168 1102 4172
f 4174 4172 927
f 4151 4174 3521
f 198 4138 4178
f 4138 1093 4175
f 4178 4175 1106
f 4177 4178 4176
f 1093 4135 4181
f 4135 197 4179
f 4181 4179 1103
f 4175 4181 4180
f 1106 4180 4185
f 4180 1103 4182
f 4185 4182 200
f 4184 4185 4183
f 1105 4176 4188
f 4176 1106 4184
f 4188 4184 1104
f 4187 4188 4186
f 198 4177 4191
f 4177 1105 4189
f 4191 4189 1107
f 4159 4191 4190
f 1105 4187 4193
f 4187 141 3640
f 4193 3640 958
f 4189 4193 4192
f 1107 4192 4195
f 4192 958 3637
f 4195 3637 137
f 4194 4195 3600
f 1099 4190 4196
f 4190 1107 4194
f 4196 4194 947
f 4162 4196 3597
f 200 4182 4200
f 4182 1103 4197
f 4200 4197 1110
f 4199 4200 4198
f 1103 4179 4202
f 4179 197 4128
f 4202 4128 1090
f 4197 4202 4201
f 1110 4201 4205
f 4201 1090 4125
f 4205 4125 196
f 4204 4205 4203
f 1109 4198 4208
f 4198 1110 4204
f 4208 4204 1108
f 4207 4208 4206
f 200 4199 4212
f 4199 1109 4209
f 4212 4209 1114
f 4211 4212 4210
f 1109 4207 4215
f 4207 201 4213
f 4215 4213 1111
f 4209 4215 4214
f 1114 4214 4219
f 4214 1111 4216
f 4219 4216 202
f 4218 4219 4217
f 1113 4210 4222
f 4210 1114 4218
f 4222 4218 1112
f 4221 4222 4220
f 200 4211 4225
f 4211 1113 4223
f 4225 4223 1115
f 4183 4225 4224
f 1113 4221 4227
f 4221 144 3666
f 4227 3666 965
f 4223 4227 4226
f 1115 4226 4229
f 4226 965 3663
f 4229 3663 142
f 4228 4229 3644
f 1104 4224 4230
f 4224 1115 4228
f 4230 4228 959
f 4186 4230 3641
f 202 4216 4234
f 4216 1111 4231
f 4234 4231 1119
f 4233 4234 4232
f 1111 4213 4237
f 4213 201 4235
f 4237 4235 1116
f 4231 4237 4236
f 1119 4236 4241
f 4236 1116 4238
f 4241 4238 203
f 4240 4241 4239
f 1118 4232 4244
f 4232 1119 4240
f 4244 4240 1117
f 4243 4244 4242
f 202 4233 4248
f 4233 1118 4245
f 4248 4245 1122
f 4247 4248 4246
f 1118 4243 4251
f 4243 204 4249
f 4251 4249 1120
f 4245 4251 4250
f 1122 4250 4254
f 4250 1120 4252
f 4254 4252 150
f 4253 4254 3718
f 1121 4246 4256
f 4246 1122 4253
f 4256 4253 979
f 4255 4256 3715
f 202 4247 4259
f 4247 1121 4257
f 4259 4257 1123
f 4217 4259 4258
f 1121 4255 4261
f 4255 148 3704
f 4261 3704 975
f 4257 4261 4260
f 1123 4260 4263
f 4260 975 3701
f 4263 3701 145
f 4262 4263 3670
f 1112 4258 4264
f 4258 1123 4262
f 4264 4262 966
f 4220 4264 3667
f 204 4242 4268
f 4242 1117 4265
f 4268 4265 1127
f 4267 4268 4266
f 1117 4239 4271
f 4239 203 4269
f 4271 4269 1124
f 4265 4271 4270
f 1127 4270 4275
f 4270 1124 4272
f 4275 4272 205
f 4274 4275 4273
f 1126 4266 4278
f 4266 1127 4274
f 4278 4274 1125
f 4277 4278 4276
f 204 4267 4281
f 4267 1126 4279
f 4281 4279 1129
f 4249 4281 4280
f 1126 4277 4284
f 4277 206 4282
f 4284 4282 1128
f 4279 4284 4283
f 1129 4283 4287
f 4283 1128 4285
f 4287 4285 152
f 4286 4287 3732
f 1120 4280 4288
f 4280 1129 4286
f 4288 4286 983
f 4252 4288 3729
f 206 4276 4292
f 4276 1125 4289
f 4292 4289 1133
f 4291 4292 4290
f 1125 4273 4295
f 4273 205 4293
f 4295 4293 1130
f 4289 4295 4294
f 1133 4294 4299
f 4294 1130 4296
f 4299 4296 178
f 4298 4299 4297
f 1132 4290 4302
f 4290 1133 4298
f 4302 4298 1131
f 4301 4302 4300
f 206 4291 4305
f 4291 1132 4303
f 4305 4303 1135
f 4282 4305 4304
f 1132 4301 4308
f 4301 207 4306
f 4308 4306 1134
f 4303 4308 4307
f 1135 4307 4311
f 4307 1134 4309
f 4311 4309 154
f 4310 4311 3746
f 1128 4304 4312
f 4304 1135 4310
f 4312 4310 987
f 4285 4312 3743
f 207 4300 4316
f 4300 1131 4313
f 4316 4313 1137
f 4315 4316 4314
f 1131 4297 4318
f 4297 178 3946
f 4318 3946 1042
f 4313 4318 4317
f 1137 4317 4320
f 4317 1042 3943
f 4320 3943 174
f 4319 4320 3910
f 1136 4314 4322
f 4314 1137 4319
f 4322 4319 1032
f 4321 4322 3907
f 207 4315 4325
f 4315 1136 4323
f 4325 4323 1139
f 4306 4325 4324
f 1136 4321 4328
f 4321 173 4326
f 4328 4326 1138
f 4323 4328 4327
f 1139 4327 4331
f 4327 1138 4329
f 4331 4329 156
f 4330 4331 3760
f 1134 4324 4332
f 4324 1139 4330
f 4332 4330 991
f 4309 4332 3757
f 205 4333 4336
f 4333 1140 4334
f 4336 4334 1141
f 4293 4336 4335
f 1140 4337 4339
f 4337 183 3986
f 4339 3986 1053
f 4334 4339 4338
f 1141 4338 4341
f 4338 1053 3983
f 4341 3983 179
f 4340 4341 3950
f 1130 4335 4342
f 4335 1141 4340
f 4342 4340 1043
f 4296 4342 3947
f 205 4272 4345
f 4272 1124 4343
f 4345 4343 1144
f 4333 4345 4344
f 1124 4269 4348
f 4269 203 4346
f 4348 4346 1142
f 4343 4348 4347
f 1144 4347 4352
f 4347 1142 4349
f 4352 4349 208
f 4351 4352 4350
f 1140 4344 4354
f 4344 1144 4351
f 4354 4351 1143
f 4337 4354 4353
f 208 4355 4358
f 4355 1145 4356
f 4358 4356 1146
f 4350 4358 4357
f 1145 4359 4361
f 4359 188 4026
f 4361 4026 1064
f 4356 4361 4360
f 1146 4360 4363
f 4360 1064 4023
f 4363 4023 184
f 4362 4363 3990
f 1143 4357 4364
f 4357 1146 4362
f 4364 4362 1054
f 4353 4364 3987
f 208 4349 4368
f 4349 1142 4365
f 4368 4365 1148
f 4367 4368 4366
f 1142 4346 4370
f 4346 203 4238
f 4370 4238 1116
f 4365 4370 4369
f 1148 4369 4372
f 4369 1116 4235
f 4372 4235 201
f 4371 4372 4206
f 1147 4366 4374
f 4366 1148 4371
f 4374 4371 1108
f 4373 4374 4203
f 208 4367 4377
f 4367 1147 4375
f 4377 4375 1149
f 4355 4377 4376
f 1147 4373 4379
f 4373 196 4124
f 4379 4124 1089
f 4375 4379 4378
f 1149 4378 4381
f 4378 1089 4121
f 4381 4121 194
f 4380 4381 4092
f 1145 4376 4382
f 4376 1149 4380
f 4382 4380 1081
f 4359 4382 4089
f 192 4383 4387
f 4383 1150 4384
f 4387 4384 1154
f 4386 4387 4385
f 1150 4388 4391
f 4388 209 4389
f 4391 4389 1151
f 4384 4391 4390
f 1154 4390 4395
f 4390 1151 4392
f 4395 4392 210
f 4394 4395 4393
f 1153 4385 4398
f 4385 1154 4394
f 4398 4394 1152
f 4397 4398 4396
f 192 4386 4401
f 4386 1153 4399
f 4401 4399 1156
f 4054 4401 4400
f 1153 4397 4404
f 4397 211 4402
f 4404 4402 1155
f 4399 4404 4403
f 1156 4403 4407
f 4403 1155 4405
f 4407 4405 187
f 4406 4407 4013
f 1073 4400 4408
f 4400 1156 4406
f 4408 4406 1061
f 4057 4408 4010
f 192 4053 4411
f 4053 1072 4409
f 4411 4409 1159
f 4383 4411 4410
f 1072 4050 4414
f 4050 191 4412
f 4414 4412 1157
f 4409 4414 4413
f 1159 4413 4418
f 4413 1157 4415
f 4418 4415 212
f 4417 4418 4416
f 1150 4410 4420
f 4410 1159 4417
f 4420 4417 1158
f 4388 4420 4419
f 212 4421 4424
f 4421 1160 4422
f 4424 4422 1163
f 4416 4424 4423
f 1160 4425 4428
f 4425 213 4426
f 4428 4426 1161
f 4422 4428 4427
f 1163 4427 4432
f 4427 1161 4429
f 4432 4429 214
f 4431 4432 4430
f 1158 4423 4434
f 4423 1163 4431
f 4434 4431 1162
f 4419 4434 4433
f 212 4415 4438
f 4415 1157 4435
f 4438 4435 1165
f 4437 4438 4436
f 1157 4412 4440
f 4412 191 4081
f 4440 4081 1079
f 4435 4440 4439
f 1165 4439 4442
f 4439 1079 4078
f 4442 4078 122
f 4441 4442 3460
f 1164 4436 4444
f 4436 1165 4441
f 4444 4441 910
f 4443 4444 3457
f 212 4437 4447
f 4437 1164 4445
f 4447 4445 1167
f 4421 4447 4446
f 1164 4443 4449
f 4443 120 3436
f 4449 3436 904
f 4445 4449 4448
f 1167 4448 4452
f 4448 904 3433
f 4452 3433 118
f 4451 4452 4450
f 1160 4446 4454
f 4446 1167 4451
f 4454 4451 1166
f 4425 4454 4453
f 214 4455 4459
f 4455 1168 4456
f 4459 4456 1172
f 4458 4459 4457
f 1168 4460 4463
f 4460 215 4461
f 4463 4461 1169
f 4456 4463 4462
f 1172 4462 4467
f 4462 1169 4464
f 4467 4464 216
f 4466 4467 4465
f 1171 4457 4470
f 4457 1172 4466
f 4470 4466 1170
f 4469 4470 4468
f 214 4458 4473
f 4458 1171 4471
f 4473 4471 1174
f 4430 4473 4472
f 1171 4469 4476
f 4469 217 4474
f 4476 4474 1173
f 4471 4476 4475
f 1174 4475 4479
f 4475 1173 4477
f 4479 4477 210
f 4478 4479 4392
f 1162 4472 4480
f 4472 1174 4478
f 4480 4478 1151
f 4433 4480 4389
f 214 4429 4483
f 4429 1161 4481
f 4483 4481 1177
f 4455 4483 4482
f 1161 4426 4486
f 4426 213 4484
f 4486 4484 1175
f 4481 4486 4485
f 1177 4485 4490
f 4485 1175 4487
f 4490 4487 218
f 4489 4490 4488
f 1168 4482 4492
f 4482 1177 4489
f 4492 4489 1176
f 4460 4492 4491
f 218 4493 4496
f 4493 1178 4494
f 4496 4494 1181
f 4488 4496 4495
f 1178 4497 4500
f 4497 219 4498
f 4500 4498 1179
f 4494 4500 4499
f 1181 4499 4504
f 4499 1179 4501
f 4504 4501 220
f 4503 4504 4502
f 1176 4495 4506
f 4495 1181 4503
f 4506 4503 1180
f 4491 4506 4505
f 218 4487 4510
f 4487 1175 4507
f 4510 4507 1183
f 4509 4510 4508
f 1175 4484 4512
f 4484 213 4453
f 4512 4453 1166
f 4507 4512 4511
f 1183 4511 4514
f 4511 1166 4450
f 4514 4450 118
f 4513 4514 3412
f 1182 4508 4516
f 4508 1183 4513
f 4516 4513 898
f 4515 4516 3409
f 218 4509 4519
f 4509 1182 4517
f 4519 4517 1185
f 4493 4519 4518
f 1182 4515 4521
f 4515 117 3402
f 4521 3402 895
f 4517 4521 4520
f 1185 4520 4524
f 4520 895 3399
f 4524 3399 116
f 4523 4524 4522
f 1178 4518 4526
f 4518 1185 4523
f 4526 4523 1184
f 4497 4526 4525
f 220 4527 4531
f 4527 1186 4528
f 4531 4528 1190
f 4530 4531 4529
f 1186 4532 4535
f 4532 90 4533
f 4535 4533 1187
f 4528 4535 4534
f 1190 4534 4539
f 4534 1187 4536
f 4539 4536 88
f 4538 4539 4537
f 1189 4529 4542
f 4529 1190 4538
f 4542 4538 1188
f 4541 4542 4540
f 220 4530 4545
f 4530 1189 4543
f 4545 4543 1192
f 4502 4545 4544
f 1189 4541 4548
f 4541 221 4546
f 4548 4546 1191
f 4543 4548 4547
f 1192 4547 4551
f 4547 1191 4549
f 4551 4549 216
f 4550 4551 4464
f 1180 4544 4552
f 4544 1192 4550
f 4552 4550 1169
f 4505 4552 4461
f 220 4501 4555
f 4501 1179 4553
f 4555 4553 1195
f 4527 4555 4554
f 1179 4498 4558
f 4498 219 4556
f 4558 4556 1193
f 4553 4558 4557
f 1195 4557 4562
f 4557 1193 4559
f 4562 4559 92
f 4561 4562 4560
f 1186 4554 4564
f 4554 1195 4561
f 4564 4561 1194
f 4532 4564 4563
f 221 4540 4568
f 4540 1188 4565
f 4568 4565 1198
f 4567 4568 4566
f 1188 4537 4571
f 4537 88 4569
f 4571 4569 1196
f 4565 4571 4570
f 1198 4570 4574
f 4570 1196 4572
f 4574 4572 86
f 4573 4574 3058
f 1197 4566 4576
f 4566 1198 4573
f 4576 4573 801
f 4575 4576 3055
f 221 4567 4579
f 4567 1197 4577
f 4579 4577 1201
f 4546 4579 4578
f 1197 4575 4582
f 4575 85 4580
f 4582 4580 1199
f 4577 4582 4581
f 1201 4581 4586
f 4581 1199 4583
f 4586 4583 222
f 4585 4586 4584
f 1191 4578 4588
f 4578 1201 4585
f 4588 4585 1200
f 4549 4588 4587
f 222 4583 4592
f 4583 1199 4589
f 4592 4589 1203
f 4591 4592 4590
f 1199 4580 4594
f 4580 85 3054
f 4594 3054 800
f 4589 4594 4593
f 1203 4593 4596
f 4593 800 3051
f 4596 3051 82
f 4595 4596 3018
f 1202 4590 4598
f 4590 1203 4595
f 4598 4595 790
f 4597 4598 3015
f 222 4591 4602
f 4591 1202 4599
f 4602 4599 1207
f 4601 4602 4600
f 1202 4597 4605
f 4597 81 4603
f 4605 4603 1204
f 4599 4605 4604
f 1207 4604 4609
f 4604 1204 4606
f 4609 4606 223
f 4608 4609 4607
f 1206 4600 4612
f 4600 1207 4608
f 4612 4608 1205
f 4611 4612 4610
f 222 4601 4615
f 4601 1206 4613
f 4615 4613 1209
f 4584 4615 4614
f 1206 4611 4618
f 4611 224 4616
f 4618 4616 1208
f 4613 4618 4617
f 1209 4617 4621
f 4617 1208 4619
f 4621 4619 217
f 4620 4621 4468
f 1200 4614 4622
f 4614 1209 4620
f 4622 4620 1170
f 4587 4622 4465
f 224 4610 4626
f 4610 1205 4623
f 4626 4623 1213
f 4625 4626 4624
f 1205 4607 4629
f 4607 223 4627
f 4629 4627 1210
f 4623 4629 4628
f 1213 4628 4633
f 4628 1210 4630
f 4633 4630 225
f 4632 4633 4631
f 1212 4624 4636
f 4624 1213 4632
f 4636 4632 1211
f 4635 4636 4634
f 224 4625 4639
f 4625 1212 4637
f 4639 4637 1215
f 4616 4639 4638
f 1212 4635 4642
f 4635 226 4640
f 4642 4640 1214
f 4637 4642 4641
f 1215 4641 4645
f 4641 1214 4643
f 4645 4643 210
f 4644 4645 4477
f 1208 4638 4646
f 4638 1215 4644
f 4646 4644 1173
f 4619 4646 4474
f 226 4634 4650
f 4634 1211 4647
f 4650 4647 1219
f 4649 4650 4648
f 1211 4631 4653
f 4631 225 4651
f 4653 4651 1216
f 4647 4653 4652
f 1219 4652 4657
f 4652 1216 4654
f 4657 4654 227
f 4656 4657 4655
f 1218 4648 4660
f 4648 1219 4656
f 4660 4656 1217
f 4659 4660 4658
f 226 4649 4663
f 4649 1218 4661
f 4663 4661 1221
f 4640 4663 4662
f 1218 4659 4666
f 4659 228 4664
f 4666 4664 1220
f 4661 4666 4665
f 1221 4665 4669
f 4665 1220 4667
f 4669 4667 211
f 4668 4669 4396
f 1214 4662 4670
f 4662 1221 4668
f 4670 4668 1152
f 4643 4670 4393
f 228 4658 4674
f 4658 1217 4671
f 4674 4671 1225
f 4673 4674 4672
f 1217 4655 4677
f 4655 227 4675
f 4677 4675 1222
f 4671 4677 4676
f 1225 4676 4681
f 4676 1222 4678
f 4681 4678 229
f 4680 4681 4679
f 1224 4672 4684
f 4672 1225 4680
f 4684 4680 1223
f 4683 4684 4682
f 228 4673 4687
f 4673 1224 4685
f 4687 4685 1227
f 4664 4687 4686
f 1224 4683 4690
f 4683 230 4688
f 4690 4688 1226
f 4685 4690 4689
f 1227 4689 4693
f 4689 1226 4691
f 4693 4691 187
f 4692 4693 4405
f 1220 4686 4694
f 4686 1227 4692
f 4694 4692 1155
f 4667 4694 4402
f 230 4682 4698
f 4682 1223 4695
f 4698 4695 1231
f 4697 4698 4696
f 1223 4679 4701
f 4679 229 4699
f 4701 4699 1228
f 4695 4701 4700
f 1231 4700 4705
f 4700 1228 4702
f 4705 4702 231
f 4704 4705 4703
f 1230 4696 4708
f 4696 1231 4704
f 4708 4704 1229
f 4707 4708 4706
f 230 4697 4711
f 4697 1230 4709
f 4711 4709 1232
f 4688 4711 4710
f 1230 4707 4713
f 4707 182 3973
f 4713 3973 1050
f 4709 4713 4712
f 1232 4712 4715
f 4712 1050 3970
f 4715 3970 181
f 4714 4715 4017
f 1226 4710 4716
f 4710 1232 4714
f 4716 4714 1062
f 4691 4716 4014
f 231 4702 4720
f 4702 1228 4717
f 4720 4717 1236
f 4719 4720 4718
f 1228 4699 4723
f 4699 229 4721
f 4723 4721 1233
f 4717 4723 4722
f 1236 4722 4727
f 4722 1233 4724
f 4727 4724 232
f 4726 4727 4725
f 1235 4718 4730
f 4718 1236 4726
f 4730 4726 1234
f 4729 4730 4728
f 231 4719 4734
f 4719 1235 4731
f 4734 4731 1240
f 4733 4734 4732
f 1235 4729 4737
f 4729 233 4735
f 4737 4735 1237
f 4731 4737 4736
f 1240 4736 4741
f 4736 1237 4738
f 4741 4738 234
f 4740 4741 4739
f 1239 4732 4744
f 4732 1240 4740
f 4744 4740 1238
f 4743 4744 4742
f 231 4733 4747
f 4733 1239 4745
f 4747 4745 1241
f 4703 4747 4746
f 1239 4743 4749
f 4743 177 3933
f 4749 3933 1039
f 4745 4749 4748
f 1241 4748 4751
f 4748 1039 3930
f 4751 3930 176
f 4750 4751 3977
f 1229 4746 4752
f 4746 1241 4750
f 4752 4750 1051
f 4706 4752 3974
f 234 4738 4756
f 4738 1237 4753
f 4756 4753 1245
f 4755 4756 4754
f 1237 4735 4759
f 4735 233 4757
f 4759 4757 1242
f 4753 4759 4758
f 1245 4758 4763
f 4758 1242 4760
f 4763 4760 235
f 4762 4763 4761
f 1244 4754 4766
f 4754 1245 4762
f 4766 4762 1243
f 4765 4766 4764
f 234 4755 4770
f 4755 1244 4767
f 4770 4767 1249
f 4769 4770 4768
f 1244 4765 4773
f 4765 236 4771
f 4773 4771 1246
f 4767 4773 4772
f 1249 4772 4777
f 4772 1246 4774
f 4777 4774 237
f 4776 4777 4775
f 1248 4768 4780
f 4768 1249 4776
f 4780 4776 1247
f 4779 4780 4778
f 234 4769 4783
f 4769 1248 4781
f 4783 4781 1250
f 4739 4783 4782
f 1248 4779 4785
f 4779 172 3893
f 4785 3893 1028
f 4781 4785 4784
f 1250 4784 4787
f 4784 1028 3890
f 4787 3890 171
f 4786 4787 3937
f 1238 4782 4788
f 4782 1250 4786
f 4788 4786 1040
f 4742 4788 3934
f 237 4774 4792
f 4774 1246 4789
f 4792 4789 1254
f 4791 4792 4790
f 1246 4771 4795
f 4771 236 4793
f 4795 4793 1251
f 4789 4795 4794
f 1254 4794 4799
f 4794 1251 4796
f 4799 4796 238
f 4798 4799 4797
f 1253 4790 4802
f 4790 1254 4798
f 4802 4798 1252
f 4801 4802 4800
f 237 4791 4806
f 4791 1253 4803
f 4806 4803 1258
f 4805 4806 4804
f 1253 4801 4809
f 4801 239 4807
f 4809 4807 1255
f 4803 4809 4808
f 1258 4808 4813
f 4808 1255 4810
f 4813 4810 240
f 4812 4813 4811
f 1257 4804 4816
f 4804 1258 4812
f 4816 4812 1256
f 4815 4816 4814
f 237 4805 4819
f 4805 1257 4817
f 4819 4817 1259
f 4775 4819 4818
f 1257 4815 4821
f 4815 168 3855
f 4821 3855 1018
f 4817 4821 4820
f 1259 4820 4823
f 4820 1018 3852
f 4823 3852 167
f 4822 4823 3897
f 1247 4818 4824
f 4818 1259 4822
f 4824 4822 1029
f 4778 4824 3894
f 240 4810 4828
f 4810 1255 4825
f 4828 4825 1263
f 4827 4828 4826
f 1255 4807 4831
f 4807 239 4829
f 4831 4829 1260
f 4825 4831 4830
f 1263 4830 4835
f 4830 1260 4832
f 4835 4832 241
f 4834 4835 4833
f 1262 4826 4838
f 4826 1263 4834
f 4838 4834 1261
f 4837 4838 4836
f 240 4827 4842
f 4827 1262 4839
f 4842 4839 1267
f 4841 4842 4840
f 1262 4837 4845
f 4837 242 4843
f 4845 4843 1264
f 4839 4845 4844
f 1267 4844 4849
f 4844 1264 4846
f 4849 4846 243
f 4848 4849 4847
f 1266 4840 4852
f 4840 1267 4848
f 4852 4848 1265
f 4851 4852 4850
f 240 4841 4855
f 4841 1266 4853
f 4855 4853 1268
f 4811 4855 4854
f 1266 4851 4857
f 4851 165 3829
f 4857 3829 1011
f 4853 4857 4856
f 1268 4856 4859
f 4856 1011 3826
f 4859 3826 164
f 4858 4859 3859
f 1256 4854 4860
f 4854 1268 4858
f 4860 4858 1019
f 4814 4860 3856
f 243 4861 4864
f 4861 1269 4862
f 4864 4862 1270
f 4847 4864 4863
f 1269 4865 4867
f 4865 51 2694
f 4867 2694 703
f 4862 4867 4866
f 1270 4866 4869
f 4866 703 2691
f 4869 2691 50
f 4868 4869 3833
f 1265 4863 4870
f 4863 1270 4868
f 4870 4868 1012
f 4850 4870 3830
f 241 4832 4874
f 4832 1260 4871
f 4874 4871 1273
f 4873 4874 4872
f 1260 4829 4876
f 4829 239 4800
f 4876 4800 1252
f 4871 4876 4875
f 1273 4875 4879
f 4875 1252 4797
f 4879 4797 238
f 4878 4879 4877
f 1272 4872 4882
f 4872 1273 4878
f 4882 4878 1271
f 4881 4882 4880
f 244 4880 4886
f 4880 1271 4883
f 4886 4883 1277
f 4885 4886 4884
f 1271 4877 4889
f 4877 238 4887
f 4889 4887 1274
f 4883 4889 4888
f 1277 4888 4893
f 4888 1274 4890
f 4893 4890 245
f 4892 4893 4891
f 1276 4884 4896
f 4884 1277 4892
f 4896 4892 1275
f 4895 4896 4894
f 246 4894 4900
f 4894 1275 4897
f 4900 4897 1281
f 4899 4900 4898
f 1275 4891 4903
f 4891 245 4901
f 4903 4901 1278
f 4897 4903 4902
f 1281 4902 4907
f 4902 1278 4904
f 4907 4904 247
f 4906 4907 4905
f 1280 4898 4910
f 4898 1281 4906
f 4910 4906 1279
f 4909 4910 4908
f 248 4908 4914
f 4908 1279 4911
f 4914 4911 1284
f 4913 4914 4912
f 1279 4905 4917
f 4905 247 4915
f 4917 4915 1282
f 4911 4917 4916
f 1284 4916 4920
f 4916 1282 4918
f 4920 4918 21
f 4919 4920 2759
f 1283 4912 4922
f 4912 1284 4919
f 4922 4919 722
f 4921 4922 2756
f 247 4904 4926
f 4904 1278 4923
f 4926 4923 1288
f 4925 4926 4924
f 1278 4901 4929
f 4901 245 4927
f 4929 4927 1285
f 4923 4929 4928
f 1288 4928 4933
f 4928 1285 4930
f 4933 4930 235
f 4932 4933 4931
f 1287 4924 4936
f 4924 1288 4932
f 4936 4932 1286
f 4935 4936 4934
f 247 4925 4939
f 4925 1287 4937
f 4939 4937 1290
f 4915 4939 4938
f 1287 4935 4942
f 4935 249 4940
f 4942 4940 1289
f 4937 4942 4941
f 1290 4941 4945
f 4941 1289 4943
f 4945 4943 18
f 4944 4945 2501
f 1282 4938 4946
f 4938 1290 4944
f 4946 4944 649
f 4918 4946 2498
f 249 4934 4950
f 4934 1286 4947
f 4950 4947 1292
f 4949 4950 4948
f 1286 4931 4952
f 4931 235 4760
f 4952 4760 1242
f 4947 4952 4951
f 1292 4951 4954
f 4951 1242 4757
f 4954 4757 233
f 4953 4954 4728
f 1291 4948 4956
f 4948 1292 4953
f 4956 4953 1234
f 4955 4956 4725
f 249 4949 4959
f 4949 1291 4957
f 4959 4957 1294
f 4940 4959 4958
f 1291 4955 4962
f 4955 232 4960
f 4962 4960 1293
f 4957 4962 4961
f 1294 4961 4965
f 4961 1293 4963
f 4965 4963 19
f 4964 4965 2484
f 1289 4958 4966
f 4958 1294 4964
f 4966 4964 644
f 4943 4966 2481
f 245 4890 4969
f 4890 1274 4967
f 4969 4967 1295
f 4927 4969 4968
f 1274 4887 4971
f 4887 238 4796
f 4971 4796 1251
f 4967 4971 4970
f 1295 4970 4973
f 4970 1251 4793
f 4973 4793 236
f 4972 4973 4764
f 1285 4968 4974
f 4968 1295 4972
f 4974 4972 1243
f 4930 4974 4761
f 232 4724 4977
f 4724 1233 4975
f 4977 4975 1297
f 4960 4977 4976
f 1233 4721 4979
f 4721 229 4678
f 4979 4678 1222
f 4975 4979 4978
f 1297 4978 4982
f 4978 1222 4675
f 4982 4675 227
f 4981 4982 4980
f 1293 4976 4984
f 4976 1297 4981
f 4984 4981 1296
f 4963 4984 4983
f 227 4654 4987
f 4654 1216 4985
f 4987 4985 1299
f 4980 4987 4986
f 1216 4651 4990
f 4651 225 4988
f 4990 4988 1298
f 4985 4990 4989
f 1299 4989 4993
f 4989 1298 4991
f 4993 4991 20
f 4992 4993 2488
f 1296 4986 4994
f 4986 1299 4992
f 4994 4992 645
f 4983 4994 2485
f 225 4630 4997
f 4630 1210 4995
f 4997 4995 1301
f 4988 4997 4996
f 1210 4627 5000
f 4627 223 4998
f 5000 4998 1300
f 4995 5000 4999
f 1301 4999 5003
f 4999 1300 5001
f 5003 5001 23
f 5002 5003 2523
f 1298 4996 5004
f 4996 1301 5002
f 5004 5002 655
f 4991 5004 2520
f 223 4606 5007
f 4606 1204 5005
f 5007 5005 1302
f 4998 5007 5006
f 1204 4603 5009
f 4603 81 3014
f 5009 3014 789
f 5005 5009 5008
f 1302 5008 5011
f 5008 789 3011
f 5011 3011 32
f 5010 5011 2603
f 1300 5006 5012
f 5006 1302 5010
f 5012 5010 677
f 5001 5012 2600
f 219 4525 5015
f 4525 1184 5013
f 5015 5013 1305
f 4556 5015 5014
f 1184 4522 5018
f 4522 116 5016
f 5018 5016 1303
f 5013 5018 5017
f 1305 5017 5022
f 5017 1303 5019
f 5022 5019 94
f 5021 5022 5020
f 1193 5014 5024
f 5014 1305 5021
f 5024 5021 1304
f 4559 5024 5023
f 173 3906 5027
f 3906 1031 5025
f 5027 5025 1306
f 4326 5027 5026
f 1031 3903 5029
f 3903 169 3870
f 5029 3870 1021
f 5025 5029 5028
f 1306 5028 5031
f 5028 1021 3867
f 5031 3867 158
f 5030 5031 3774
f 1138 5026 5032
f 5026 1306 5030
f 5032 5030 995
f 4329 5032 3771
f 116 3398 5035
f 3398 894 5033
f 5035 5033 1308
f 5016 5035 5034
f 894 3395 5037
f 3395 114 3376
f 5037 3376 888
f 5033 5037 5036
f 1308 5036 5040
f 5036 888 3373
f 5040 3373 96
f 5039 5040 5038
f 1303 5034 5042
f 5034 1308 5039
f 5042 5039 1307
f 5019 5042 5041
f 74 2904 5045
f 2904 760 5043
f 5045 5043 1310
f 2937 5045 5044
f 760 2901 5048
f 2901 73 5046
f 5048 5046 1309
f 5043 5048 5047
f 1310 5047 5051
f 5047 1309 5049
f 5051 5049 28
f 5050 5051 2595
f 770 5044 5052
f 5044 1310 5050
f 5052 5050 675
f 2940 5052 2592
f 73 2900 5056
f 2900 759 5053
f 5056 5053 1313
f 5055 5056 5054
f 759 2897 5058
f 2897 69 2864
f 5058 2864 749
f 5053 5058 5057
f 1313 5057 5061
f 5057 749 2861
f 5061 2861 68
f 5060 5061 5059
f 1312 5054 5064
f 5054 1313 5060
f 5064 5060 1311
f 5063 5064 5062
f 73 5055 5067
f 5055 1312 5065
f 5067 5065 1315
f 5046 5067 5066
f 1312 5063 5070
f 5063 250 5068
f 5070 5068 1314
f 5065 5070 5069
f 1315 5069 5073
f 5069 1314 5071
f 5073 5071 29
f 5072 5073 2577
f 1309 5066 5074
f 5066 1315 5072
f 5074 5072 670
f 5049 5074 2574
f 250 5062 5078
f 5062 1311 5075
f 5078 5075 1319
f 5077 5078 5076
f 1311 5059 5081
f 5059 68 5079
f 5081 5079 1316
f 5075 5081 5080
f 1319 5080 5085
f 5080 1316 5082
f 5085 5082 251
f 5084 5085 5083
f 1318 5076 5088
f 5076 1319 5084
f 5088 5084 1317
f 5087 5088 5086
f 250 5077 5091
f 5077 1318 5089
f 5091 5089 1321
f 5068 5091 5090
f 1318 5087 5094
f 5087 252 5092
f 5094 5092 1320
f 5089 5094 5093
f 1321 5093 5097
f 5093 1320 5095
f 5097 5095 43
f 5096 5097 2632
f 1314 5090 5098
f 5090 1321 5096
f 5098 5096 684
f 5071 5098 2629
f 251 5082 5102
f 5082 1316 5099
f 5102 5099 1323
f 5101 5102 5100
f 1316 5079 5104
f 5079 68 2860
f 5104 2860 748
f 5099 5104 5103
f 1323 5103 5106
f 5103 748 2857
f 5106 2857 64
f 5105 5106 2824
f 1322 5100 5108
f 5100 1323 5105
f 5108 5105 738
f 5107 5108 2821
f 67 3306 5111
f 3306 871 5109
f 5111 5109 1324
f 2848 5111 5110
f 871 3303 5113
f 3303 6 2398
f 5113 2398 619
f 5109 5113 5112
f 1324 5112 5115
f 5112 619 2395
f 5115 2395 5
f 5114 5115 2809
f 746 5110 5116
f 5110 1324 5114
f 5116 5114 735
f 2851 5116 2806
f 48 2678 5120
f 2678 698 5117
f 5120 5117 1326
f 5119 5120 5118
f 698 2675 5122
f 2675 16 2468
f 5122 2468 639
f 5117 5122 5121
f 1326 5121 5124
f 5121 639 2465
f 5124 2465 15
f 5123 5124 2618
f 1325 5118 5126
f 5118 1326 5123
f 5126 5123 681
f 5125 5126 2615
f 253 5127 5131
f 5127 1327 5128
f 5131 5128 1331
f 5130 5131 5129
f 1327 5132 5135
f 5132 259 5133
f 5135 5133 1328
f 5128 5135 5134
f 1331 5134 5139
f 5134 1328 5136
f 5139 5136 258
f 5138 5139 5137
f 1330 5129 5142
f 5129 1331 5138
f 5142 5138 1329
f 5141 5142 5140
f 253 5130 5146
f 5130 1330 5143
f 5146 5143 1335
f 5145 5146 5144
f 1330 5141 5149
f 5141 257 5147
f 5149 5147 1332
f 5143 5149 5148
f 1335 5148 5153
f 5148 1332 5150
f 5153 5150 261
f 5152 5153 5151
f 1334 5144 5156
f 5144 1335 5152
f 5156 5152 1333
f 5155 5156 5154
f 253 5157 5160
f 5157 1336 5158
f 5160 5158 1339
f 5127 5160 5159
f 1336 5161 5164
f 5161 263 5162
f 5164 5162 1337
f 5158 5164 5163
f 1339 5163 5168
f 5163 1337 5165
f 5168 5165 262
f 5167 5168 5166
f 1327 5159 5170
f 5159 1339 5167
f 5170 5167 1338
f 5132 5170 5169
f 253 5145 5174
f 5145 1334 5171
f 5174 5171 1343
f 5173 5174 5172
f 1334 5155 5177
f 5155 260 5175
f 5177 5175 1340
f 5171 5177 5176
f 1343 5176 5181
f 5176 1340 5178
f 5181 5178 265
f 5180 5181 5179
f 1342 5172 5184
f 5172 1343 5180
f 5184 5180 1341
f 5183 5184 5182
f 253 5173 5187
f 5173 1342 5185
f 5187 5185 1346
f 5157 5187 5186
f 1342 5183 5190
f 5183 264 5188
f 5190 5188 1344
f 5185 5190 5189
f 1346 5189 5194
f 5189 1344 5191
f 5194 5191 266
f 5193 5194 5192
f 1336 5186 5196
f 5186 1346 5193
f 5196 5193 1345
f 5161 5196 5195
f 254 5197 5201
f 5197 1347 5198
f 5201 5198 1351
f 5200 5201 5199
f 1347 5202 5205
f 5202 269 5203
f 5205 5203 1348
f 5198 5205 5204
f 1351 5204 5209
f 5204 1348 5206
f 5209 5206 268
f 5208 5209 5207
f 1350 5199 5212
f 5199 1351 5208
f 5212 5208 1349
f 5211 5212 5210
f 254 5213 5217
f 5213 1352 5214
f 5217 5214 1356
f 5216 5217 5215
f 1352 5218 5221
f 5218 272 5219
f 5221 5219 1353
f 5214 5221 5220
f 1356 5220 5225
f 5220 1353 5222
f 5225 5222 271
f 5224 5225 5223
f 1355 5215 5228
f 5215 1356 5224
f 5228 5224 1354
f 5227 5228 5226
f 254 5216 5231
f 5216 1355 5229
f 5231 5229 1359
f 5197 5231 5230
f 1355 5227 5234
f 5227 270 5232
f 5234 5232 1357
f 5229 5234 5233
f 1359 5233 5238
f 5233 1357 5235
f 5238 5235 273
f 5237 5238 5236
f 1347 5230 5240
f 5230 1359 5237
f 5240 5237 1358
f 5202 5240 5239
f 254 5200 5244
f 5200 1350 5241
f 5244 5241 1363
f 5243 5244 5242
f 1350 5211 5247
f 5211 267 5245
f 5247 5245 1360
f 5241 5247 5246
f 1363 5246 5251
f 5246 1360 5248
f 5251 5248 274
f 5250 5251 5249
f 1362 5242 5254
f 5242 1363 5250
f 5254 5250 1361
f 5253 5254 5252
f 254 5243 5257
f 5243 1362 5255
f 5257 5255 1366
f 5213 5257 5256
f 1362 5253 5260
f 5253 256 5258
f 5260 5258 1364
f 5255 5260 5259
f 1366 5259 5264
f 5259 1364 5261
f 5264 5261 275
f 5263 5264 5262
f 1352 5256 5266
f 5256 1366 5263
f 5266 5263 1365
f 5218 5266 5265
f 255 5267 5271
f 5267 1367 5268
f 5271 5268 1370
f 5270 5271 5269
f 1367 5272 5275
f 5272 276 5273
f 5275 5273 1368
f 5268 5275 5274
f 1370 5274 5278
f 5274 1368 5276
f 5278 5276 25
f 5277 5278 2538
f 1369 5269 5280
f 5269 1370 5277
f 5280 5277 659
f 5279 5280 2535
f 255 5281 5284
f 5281 1371 5282
f 5284 5282 1373
f 5267 5284 5283
f 1371 5285 5287
f 5285 264 5182
f 5287 5182 1341
f 5282 5287 5286
f 1373 5286 5290
f 5286 1341 5179
f 5290 5179 265
f 5289 5290 5288
f 1367 5283 5292
f 5283 1373 5289
f 5292 5289 1372
f 5272 5292 5291
f 255 5293 5296
f 5293 1374 5294
f 5296 5294 1376
f 5281 5296 5295
f 1374 5297 5300
f 5297 277 5298
f 5300 5298 1375
f 5294 5300 5299
f 1376 5299 5303
f 5299 1375 5301
f 5303 5301 266
f 5302 5303 5191
f 1371 5295 5304
f 5295 1376 5302
f 5304 5302 1344
f 5285 5304 5188
f 256 5252 5308
f 5252 1361 5305
f 5308 5305 1380
f 5307 5308 5306
f 1361 5249 5311
f 5249 274 5309
f 5311 5309 1377
f 5305 5311 5310
f 1380 5310 5315
f 5310 1377 5312
f 5315 5312 279
f 5314 5315 5313
f 1379 5306 5318
f 5306 1380 5314
f 5318 5314 1378
f 5317 5318 5316
f 256 5307 5322
f 5307 1379 5319
f 5322 5319 1384
f 5321 5322 5320
f 1379 5317 5325
f 5317 278 5323
f 5325 5323 1381
f 5319 5325 5324
f 1384 5324 5329
f 5324 1381 5326
f 5329 5326 281
f 5328 5329 5327
f 1383 5320 5332
f 5320 1384 5328
f 5332 5328 1382
f 5331 5332 5330
f 256 5321 5335
f 5321 1383 5333
f 5335 5333 1387
f 5258 5335 5334
f 1383 5331 5338
f 5331 280 5336
f 5338 5336 1385
f 5333 5338 5337
f 1387 5337 5342
f 5337 1385 5339
f 5342 5339 282
f 5341 5342 5340
f 1364 5334 5344
f 5334 1387 5341
f 5344 5341 1386
f 5261 5344 5343
f 283 5345 5349
f 5345 1388 5346
f 5349 5346 1391
f 5348 5349 5347
f 1388 5350 5352
f 5350 274 5248
f 5352 5248 1360
f 5346 5352 5351
f 1391 5351 5355
f 5351 1360 5245
f 5355 5245 267
f 5354 5355 5353
f 1390 5347 5358
f 5347 1391 5354
f 5358 5354 1389
f 5357 5358 5356
f 283 5359 5362
f 5359 1392 5360
f 5362 5360 1394
f 5345 5362 5361
f 1392 5363 5366
f 5363 288 5364
f 5366 5364 1393
f 5360 5366 5365
f 1394 5365 5369
f 5365 1393 5367
f 5369 5367 279
f 5368 5369 5312
f 1388 5361 5370
f 5361 1394 5368
f 5370 5368 1377
f 5350 5370 5309
f 34 2638 5374
f 2638 689 5371
f 5374 5371 1397
f 5373 5374 5372
f 689 2647 5376
f 2647 25 5276
f 5376 5276 1368
f 5371 5376 5375
f 1397 5375 5379
f 5375 1368 5273
f 5379 5273 276
f 5378 5379 5377
f 1396 5372 5382
f 5372 1397 5378
f 5382 5378 1395
f 5381 5382 5380
f 35 5383 5386
f 5383 1398 5384
f 5386 5384 1401
f 2649 5386 5385
f 1398 5387 5390
f 5387 290 5388
f 5390 5388 1399
f 5384 5390 5389
f 1401 5389 5394
f 5389 1399 5391
f 5394 5391 289
f 5393 5394 5392
f 691 5385 5396
f 5385 1401 5393
f 5396 5393 1400
f 2654 5396 5395
f 36 5397 5400
f 5397 1402 5398
f 5400 5398 1405
f 2665 5400 5399
f 1402 5401 5404
f 5401 291 5402
f 5404 5402 1403
f 5398 5404 5403
f 1405 5403 5408
f 5403 1403 5405
f 5408 5405 268
f 5407 5408 5406
f 696 5399 5410
f 5399 1405 5407
f 5410 5407 1404
f 2670 5410 5409
f 37 2684 5414
f 2684 704 5411
f 5414 5411 1409
f 5413 5414 5412
f 704 2695 5417
f 2695 51 5415
f 5417 5415 1406
f 5411 5417 5416
f 1409 5416 5421
f 5416 1406 5418
f 5421 5418 293
f 5420 5421 5419
f 1408 5412 5424
f 5412 1409 5420
f 5424 5420 1407
f 5423 5424 5422
f 284 5380 5428
f 5380 1395 5425
f 5428 5425 1412
f 5427 5428 5426
f 1395 5377 5430
f 5377 276 5291
f 5430 5291 1372
f 5425 5430 5429
f 1412 5429 5433
f 5429 1372 5288
f 5433 5288 265
f 5432 5433 5431
f 1411 5426 5436
f 5426 1412 5432
f 5436 5432 1410
f 5435 5436 5434
f 285 5437 5441
f 5437 1413 5438
f 5441 5438 1417
f 5440 5441 5439
f 1413 5442 5445
f 5442 600 5443
f 5445 5443 1414
f 5438 5445 5444
f 1417 5444 5449
f 5444 1414 5446
f 5449 5446 601
f 5448 5449 5447
f 1416 5439 5452
f 5439 1417 5448
f 5452 5448 1415
f 5451 5452 5450
f 285 5453 5456
f 5453 1418 5454
f 5456 5454 1421
f 5437 5456 5455
f 1418 5457 5460
f 5457 299 5458
f 5460 5458 1419
f 5454 5460 5459
f 1421 5459 5464
f 5459 1419 5461
f 5464 5461 602
f 5463 5464 5462
f 1413 5455 5466
f 5455 1421 5463
f 5466 5463 1420
f 5442 5466 5465
f 40 2742 5470
f 2742 719 5467
f 5470 5467 1423
f 5469 5470 5468
f 719 2749 5472
f 2749 47 5409
f 5472 5409 1404
f 5467 5472 5471
f 1423 5471 5474
f 5471 1404 5406
f 5474 5406 268
f 5473 5474 5206
f 1422 5468 5476
f 5468 1423 5473
f 5476 5473 1348
f 5475 5476 5203
f 40 5469 5479
f 5469 1422 5477
f 5479 5477 1425
f 2751 5479 5478
f 1422 5475 5481
f 5475 269 5239
f 5481 5239 1358
f 5477 5481 5480
f 1425 5480 5484
f 5480 1358 5236
f 5484 5236 273
f 5483 5484 5482
f 721 5478 5486
f 5478 1425 5483
f 5486 5483 1424
f 2755 5486 5485
f 286 5487 5491
f 5487 1426 5488
f 5491 5488 1428
f 5490 5491 5489
f 1426 5492 5494
f 5492 294 5434
f 5494 5434 1410
f 5488 5494 5493
f 1428 5493 5496
f 5493 1410 5431
f 5496 5431 265
f 5495 5496 5178
f 1427 5489 5498
f 5489 1428 5495
f 5498 5495 1340
f 5497 5498 5175
f 286 5490 5502
f 5490 1427 5499
f 5502 5499 1431
f 5501 5502 5500
f 1427 5497 5504
f 5497 260 5154
f 5504 5154 1333
f 5499 5504 5503
f 1431 5503 5507
f 5503 1333 5151
f 5507 5151 261
f 5506 5507 5505
f 1430 5500 5510
f 5500 1431 5506
f 5510 5506 1429
f 5509 5510 5508
f 300 5508 5514
f 5508 1429 5511
f 5514 5511 1435
f 5513 5514 5512
f 1429 5505 5517
f 5505 261 5515
f 5517 5515 1432
f 5511 5517 5516
f 1435 5516 5521
f 5516 1432 5518
f 5521 5518 302
f 5520 5521 5519
f 1434 5512 5524
f 5512 1435 5520
f 5524 5520 1433
f 5523 5524 5522
f 302 5518 5528
f 5518 1432 5525
f 5528 5525 1438
f 5527 5528 5526
f 1432 5515 5530
f 5515 261 5150
f 5530 5150 1332
f 5525 5530 5529
f 1438 5529 5533
f 5529 1332 5147
f 5533 5147 257
f 5532 5533 5531
f 1437 5526 5536
f 5526 1438 5532
f 5536 5532 1436
f 5535 5536 5534
f 302 5537 5540
f 5537 1439 5538
f 5540 5538 1442
f 5519 5540 5539
f 1439 5541 5544
f 5541 305 5542
f 5544 5542 1440
f 5538 5544 5543
f 1442 5543 5548
f 5543 1440 5545
f 5548 5545 304
f 5547 5548 5546
f 1433 5539 5550
f 5539 1442 5547
f 5550 5547 1441
f 5522 5550 5549
f 302 5527 5553
f 5527 1437 5551
f 5553 5551 1445
f 5537 5553 5552
f 1437 5535 5556
f 5535 303 5554
f 5556 5554 1443
f 5551 5556 5555
f 1445 5555 5560
f 5555 1443 5557
f 5560 5557 306
f 5559 5560 5558
f 1439 5552 5562
f 5552 1445 5559
f 5562 5559 1444
f 5541 5562 5561
f 306 5557 5566
f 5557 1443 5563
f 5566 5563 1449
f 5565 5566 5564
f 1443 5554 5569
f 5554 303 5567
f 5569 5567 1446
f 5563 5569 5568
f 1449 5568 5573
f 5568 1446 5570
f 5573 5570 308
f 5572 5573 5571
f 1448 5564 5576
f 5564 1449 5572
f 5576 5572 1447
f 5575 5576 5574
f 306 5577 5580
f 5577 1450 5578
f 5580 5578 1453
f 5558 5580 5579
f 1450 5581 5584
f 5581 310 5582
f 5584 5582 1451
f 5578 5584 5583
f 1453 5583 5588
f 5583 1451 5585
f 5588 5585 309
f 5587 5588 5586
f 1444 5579 5590
f 5579 1453 5587
f 5590 5587 1452
f 5561 5590 5589
f 306 5565 5593
f 5565 1448 5591
f 5593 5591 1456
f 5577 5593 5592
f 1448 5575 5596
f 5575 307 5594
f 5596 5594 1454
f 5591 5596 5595
f 1456 5595 5600
f 5595 1454 5597
f 5600 5597 311
f 5599 5600 5598
f 1450 5592 5602
f 5592 1456 5599
f 5602 5599 1455
f 5581 5602 5601
f 311 5597 5606
f 5597 1454 5603
f 5606 5603 1460
f 5605 5606 5604
f 1454 5594 5609
f 5594 307 5607
f 5609 5607 1457
f 5603 5609 5608
f 1460 5608 5613
f 5608 1457 5610
f 5613 5610 313
f 5612 5613 5611
f 1459 5604 5616
f 5604 1460 5612
f 5616 5612 1458
f 5615 5616 5614
f 311 5617 5620
f 5617 1461 5618
f 5620 5618 1464
f 5598 5620 5619
f 1461 5621 5624
f 5621 315 5622
f 5624 5622 1462
f 5618 5624 5623
f 1464 5623 5628
f 5623 1462 5625
f 5628 5625 314
f 5627 5628 5626
f 1455 5619 5630
f 5619 1464 5627
f 5630 5627 1463
f 5601 5630 5629
f 311 5605 5633
f 5605 1459 5631
f 5633 5631 1467
f 5617 5633 5632
f 1459 5615 5636
f 5615 312 5634
f 5636 5634 1465
f 5631 5636 5635
f 1467 5635 5640
f 5635 1465 5637
f 5640 5637 316
f 5639 5640 5638
f 1461 5632 5642
f 5632 1467 5639
f 5642 5639 1466
f 5621 5642 5641
f 316 5637 5646
f 5637 1465 5643
f 5646 5643 1471
f 5645 5646 5644
f 1465 5634 5649
f 5634 312 5647
f 5649 5647 1468
f 5643 5649 5648
f 1471 5648 5653
f 5648 1468 5650
f 5653 5650 318
f 5652 5653 5651
f 1470 5644 5656
f 5644 1471 5652
f 5656 5652 1469
f 5655 5656 5654
f 316 5657 5660
f 5657 1472 5658
f 5660 5658 1475
f 5638 5660 5659
f 1472 5661 5664
f 5661 319 5662
f 5664 5662 1473
f 5658 5664 5663
f 1475 5663 5668
f 5663 1473 5665
f 5668 5665 281
f 5667 5668 5666
f 1466 5659 5670
f 5659 1475 5667
f 5670 5667 1474
f 5641 5670 5669
f 316 5645 5673
f 5645 1470 5671
f 5673 5671 1478
f 5657 5673 5672
f 1470 5655 5676
f 5655 317 5674
f 5676 5674 1476
f 5671 5676 5675
f 1478 5675 5680
f 5675 1476 5677
f 5680 5677 296
f 5679 5680 5678
f 1472 5672 5682
f 5672 1478 5679
f 5682 5679 1477
f 5661 5682 5681
f 319 5683 5686
f 5683 1479 5684
f 5686 5684 1481
f 5662 5686 5685
f 1479 5687 5690
f 5687 320 5688
f 5690 5688 1480
f 5684 5690 5689
f 1481 5689 5693
f 5689 1480 5691
f 5693 5691 280
f 5692 5693 5330
f 1473 5685 5694
f 5685 1481 5692
f 5694 5692 1382
f 5665 5694 5327
f 319 5681 5697
f 5681 1477 5695
f 5697 5695 1484
f 5683 5697 5696
f 1477 5678 5700
f 5678 296 5698
f 5700 5698 1482
f 5695 5700 5699
f 1484 5699 5704
f 5699 1482 5701
f 5704 5701 297
f 5703 5704 5702
f 1479 5696 5706
f 5696 1484 5703
f 5706 5703 1483
f 5687 5706 5705
f 320 5707 5710
f 5707 1485 5708
f 5710 5708 1487
f 5688 5710 5709
f 1485 5711 5714
f 5711 321 5712
f 5714 5712 1486
f 5708 5714 5713
f 1487 5713 5717
f 5713 1486 5715
f 5717 5715 282
f 5716 5717 5339
f 1480 5709 5718
f 5709 1487 5716
f 5718 5716 1385
f 5691 5718 5336
f 320 5705 5721
f 5705 1483 5719
f 5721 5719 1490
f 5707 5721 5720
f 1483 5702 5724
f 5702 297 5722
f 5724 5722 1488
f 5719 5724 5723
f 1490 5723 5728
f 5723 1488 5725
f 5728 5725 298
f 5727 5728 5726
f 1485 5720 5730
f 5720 1490 5727
f 5730 5727 1489
f 5711 5730 5729
f 321 5731 5734
f 5731 1491 5732
f 5734 5732 1494
f 5712 5734 5733
f 1491 5735 5738
f 5735 323 5736
f 5738 5736 1492
f 5732 5738 5737
f 1494 5737 5742
f 5737 1492 5739
f 5742 5739 322
f 5741 5742 5740
f 1486 5733 5744
f 5733 1494 5741
f 5744 5741 1493
f 5715 5744 5743
f 321 5729 5747
f 5729 1489 5745
f 5747 5745 1497
f 5731 5747 5746
f 1489 5726 5750
f 5726 298 5748
f 5750 5748 1495
f 5745 5750 5749
f 1497 5749 5754
f 5749 1495 5751
f 5754 5751 324
f 5753 5754 5752
f 1491 5746 5756
f 5746 1497 5753
f 5756 5753 1496
f 5735 5756 5755
f 324 5751 5760
f 5751 1495 5757
f 5760 5757 1501
f 5759 5760 5758
f 1495 5748 5763
f 5748 298 5761
f 5763 5761 1498
f 5757 5763 5762
f 1501 5762 5767
f 5762 1498 5764
f 5767 5764 501
f 5766 5767 5765
f 1500 5758 5770
f 5758 1501 5766
f 5770 5766 1499
f 5769 5770 5768
f 324 5771 5774
f 5771 1502 5772
f 5774 5772 1505
f 5752 5774 5773
f 1502 5775 5778
f 5775 327 5776
f 5778 5776 1503
f 5772 5778 5777
f 1505 5777 5782
f 5777 1503 5779
f 5782 5779 326
f 5781 5782 5780
f 1496 5773 5784
f 5773 1505 5781
f 5784 5781 1504
f 5755 5784 5783
f 324 5759 5787
f 5759 1500 5785
f 5787 5785 1508
f 5771 5787 5786
f 1500 5769 5790
f 5769 502 5788
f 5790 5788 1506
f 5785 5790 5789
f 1508 5789 5794
f 5789 1506 5791
f 5794 5791 503
f 5793 5794 5792
f 1502 5786 5796
f 5786 1508 5793
f 5796 5793 1507
f 5775 5796 5795
f 328 5797 5801
f 5797 1509 5798
f 5801 5798 1513
f 5800 5801 5799
f 1509 5802 5805
f 5802 330 5803
f 5805 5803 1510
f 5798 5805 5804
f 1513 5804 5809
f 5804 1510 5806
f 5809 5806 603
f 5808 5809 5807
f 1512 5799 5812
f 5799 1513 5808
f 5812 5808 1511
f 5811 5812 5810
f 330 5813 5816
f 5813 1514 5814
f 5816 5814 1517
f 5803 5816 5815
f 1514 5817 5820
f 5817 332 5818
f 5820 5818 1515
f 5814 5820 5819
f 1517 5819 5824
f 5819 1515 5821
f 5824 5821 605
f 5823 5824 5822
f 1510 5815 5826
f 5815 1517 5823
f 5826 5823 1516
f 5806 5826 5825
f 332 5827 5830
f 5827 1518 5828
f 5830 5828 1521
f 5818 5830 5829
f 1518 5831 5834
f 5831 334 5832
f 5834 5832 1519
f 5828 5834 5833
f 1521 5833 5838
f 5833 1519 5835
f 5838 5835 606
f 5837 5838 5836
f 1515 5829 5840
f 5829 1521 5837
f 5840 5837 1520
f 5821 5840 5839
f 334 5841 5844
f 5841 1522 5842
f 5844 5842 1525
f 5832 5844 5843
f 1522 5845 5848
f 5845 336 5846
f 5848 5846 1523
f 5842 5848 5847
f 1525 5847 5852
f 5847 1523 5849
f 5852 5849 607
f 5851 5852 5850
f 1519 5843 5854
f 5843 1525 5851
f 5854 5851 1524
f 5835 5854 5853
f 336 5855 5858
f 5855 1526 5856
f 5858 5856 1529
f 5846 5858 5857
f 1526 5859 5862
f 5859 338 5860
f 5862 5860 1527
f 5856 5862 5861
f 1529 5861 5866
f 5861 1527 5863
f 5866 5863 608
f 5865 5866 5864
f 1523 5857 5868
f 5857 1529 5865
f 5868 5865 1528
f 5849 5868 5867
f 338 5869 5872
f 5869 1530 5870
f 5872 5870 1533
f 5860 5872 5871
f 1530 5873 5876
f 5873 340 5874
f 5876 5874 1531
f 5870 5876 5875
f 1533 5875 5880
f 5875 1531 5877
f 5880 5877 609
f 5879 5880 5878
f 1527 5871 5882
f 5871 1533 5879
f 5882 5879 1532
f 5863 5882 5881
f 340 5883 5886
f 5883 1534 5884
f 5886 5884 1537
f 5874 5886 5885
f 1534 5887 5890
f 5887 342 5888
f 5890 5888 1535
f 5884 5890 5889
f 1537 5889 5894
f 5889 1535 5891
f 5894 5891 610
f 5893 5894 5892
f 1531 5885 5896
f 5885 1537 5893
f 5896 5893 1536
f 5877 5896 5895
f 342 5897 5900
f 5897 1538 5898
f 5900 5898 1541
f 5888 5900 5899
f 1538 5901 5904
f 5901 344 5902
f 5904 5902 1539
f 5898 5904 5903
f 1541 5903 5908
f 5903 1539 5905
f 5908 5905 611
f 5907 5908 5906
f 1535 5899 5910
f 5899 1541 5907
f 5910 5907 1540
f 5891 5910 5909
f 344 5911 5914
f 5911 1542 5912
f 5914 5912 1545
f 5902 5914 5913
f 1542 5915 5918
f 5915 346 5916
f 5918 5916 1543
f 5912 5918 5917
f 1545 5917 5922
f 5917 1543 5919
f 5922 5919 612
f 5921 5922 5920
f 1539 5913 5924
f 5913 1545 5921
f 5924 5921 1544
f 5905 5924 5923
f 346 5925 5928
f 5925 1546 5926
f 5928 5926 1549
f 5916 5928 5927
f 1546 5929 5932
f 5929 348 5930
f 5932 5930 1547
f 5926 5932 5931
f 1549 5931 5936
f 5931 1547 5933
f 5936 5933 613
f 5935 5936 5934
f 1543 5927 5938
f 5927 1549 5935
f 5938 5935 1548
f 5919 5938 5937
f 348 5939 5942
f 5939 1550 5940
f 5942 5940 1553
f 5930 5942 5941
f 1550 5943 5946
f 5943 349 5944
f 5946 5944 1551
f 5940 5946 5945
f 1553 5945 5950
f 5945 1551 5947
f 5950 5947 614
f 5949 5950 5948
f 1547 5941 5952
f 5941 1553 5949
f 5952 5949 1552
f 5933 5952 5951
f 349 5953 5956
f 5953 1554 5954
f 5956 5954 1557
f 5944 5956 5955
f 1554 5957 5960
f 5957 350 5958
f 5960 5958 1555
f 5954 5960 5959
f 1557 5959 5964
f 5959 1555 5961
f 5964 5961 615
f 5963 5964 5962
f 1551 5955 5966
f 5955 1557 5963
f 5966 5963 1556
f 5947 5966 5965
f 350 5967 5970
f 5967 1558 5968
f 5970 5968 1560
f 5958 5970 5969
f 1558 5971 5973
f 5971 295 5450
f 5973 5450 1415
f 5968 5973 5972
f 1560 5972 5976
f 5972 1415 5447
f 5976 5447 601
f 5975 5976 5974
f 1555 5969 5978
f 5969 1560 5975
f 5978 5975 1559
f 5961 5978 5977
f 347 5979 5983
f 5979 1561 5980
f 5983 5980 1565
f 5982 5983 5981
f 1561 5984 5987
f 5984 313 5985
f 5987 5985 1562
f 5980 5987 5986
f 1565 5986 5991
f 5986 1562 5988
f 5991 5988 351
f 5990 5991 5989
f 1564 5981 5994
f 5981 1565 5990
f 5994 5990 1563
f 5993 5994 5992
f 347 5995 5998
f 5995 1566 5996
f 5998 5996 1567
f 5979 5998 5997
f 1566 5999 6001
f 5999 318 5650
f 6001 5650 1468
f 5996 6001 6000
f 1567 6000 6003
f 6000 1468 5647
f 6003 5647 312
f 6002 6003 5614
f 1561 5997 6004
f 5997 1567 6002
f 6004 6002 1458
f 5984 6004 5611
f 351 6005 6008
f 6005 1568 6006
f 6008 6006 1571
f 5989 6008 6007
f 1568 6009 6012
f 6009 352 6010
f 6012 6010 1569
f 6006 6012 6011
f 1571 6011 6016
f 6011 1569 6013
f 6016 6013 343
f 6015 6016 6014
f 1563 6007 6018
f 6007 1571 6015
f 6018 6015 1570
f 5992 6018 6017
f 351 6019 6022
f 6019 1572 6020
f 6022 6020 1575
f 6005 6022 6021
f 1572 6023 6026
f 6023 308 6024
f 6026 6024 1573
f 6020 6026 6025
f 1575 6025 6030
f 6025 1573 6027
f 6030 6027 258
f 6029 6030 6028
f 1568 6021 6032
f 6021 1575 6029
f 6032 6029 1574
f 6009 6032 6031
f 351 5988 6035
f 5988 1562 6033
f 6035 6033 1576
f 6019 6035 6034
f 1562 5985 6037
f 5985 313 5610
f 6037 5610 1457
f 6033 6037 6036
f 1576 6036 6039
f 6036 1457 5607
f 6039 5607 307
f 6038 6039 5574
f 1572 6034 6040
f 6034 1576 6038
f 6040 6038 1447
f 6023 6040 5571
f 352 6041 6044
f 6041 1577 6042
f 6044 6042 1580
f 6010 6044 6043
f 1577 6045 6048
f 6045 353 6046
f 6048 6046 1578
f 6042 6048 6047
f 1580 6047 6052
f 6047 1578 6049
f 6052 6049 341
f 6051 6052 6050
f 1569 6043 6054
f 6043 1580 6051
f 6054 6051 1579
f 6013 6054 6053
f 352 6031 6057
f 6031 1574 6055
f 6057 6055 1582
f 6041 6057 6056
f 1574 6028 6059
f 6028 258 5136
f 6059 5136 1328
f 6055 6059 6058
f 1582 6058 6062
f 6058 1328 5133
f 6062 5133 259
f 6061 6062 6060
f 1577 6056 6064
f 6056 1582 6061
f 6064 6061 1581
f 6045 6064 6063
f 353 6065 6068
f 6065 1583 6066
f 6068 6066 1586
f 6046 6068 6067
f 1583 6069 6072
f 6069 354 6070
f 6072 6070 1584
f 6066 6072 6071
f 1586 6071 6076
f 6071 1584 6073
f 6076 6073 339
f 6075 6076 6074
f 1578 6067 6078
f 6067 1586 6075
f 6078 6075 1585
f 6049 6078 6077
f 353 6063 6081
f 6063 1581 6079
f 6081 6079 1588
f 6065 6081 6080
f 1581 6060 6083
f 6060 259 5169
f 6083 5169 1338
f 6079 6083 6082
f 1588 6082 6086
f 6082 1338 5166
f 6086 5166 262
f 6085 6086 6084
f 1583 6080 6088
f 6080 1588 6085
f 6088 6085 1587
f 6069 6088 6087
f 354 6089 6092
f 6089 1589 6090
f 6092 6090 1592
f 6070 6092 6091
f 1589 6093 6096
f 6093 355 6094
f 6096 6094 1590
f 6090 6096 6095
f 1592 6095 6100
f 6095 1590 6097
f 6100 6097 337
f 6099 6100 6098
f 1584 6091 6102
f 6091 1592 6099
f 6102 6099 1591
f 6073 6102 6101
f 354 6087 6105
f 6087 1587 6103
f 6105 6103 1595
f 6089 6105 6104
f 1587 6084 6108
f 6084 262 6106
f 6108 6106 1593
f 6103 6108 6107
f 1595 6107 6112
f 6107 1593 6109
f 6112 6109 356
f 6111 6112 6110
f 1589 6104 6114
f 6104 1595 6111
f 6114 6111 1594
f 6093 6114 6113
f 356 6115 6118
f 6115 1596 6116
f 6118 6116 1599
f 6110 6118 6117
f 1596 6119 6122
f 6119 358 6120
f 6122 6120 1597
f 6116 6122 6121
f 1599 6121 6126
f 6121 1597 6123
f 6126 6123 357
f 6125 6126 6124
f 1594 6117 6128
f 6117 1599 6125
f 6128 6125 1598
f 6113 6128 6127
f 356 6129 6132
f 6129 1600 6130
f 6132 6130 1603
f 6115 6132 6131
f 1600 6133 6136
f 6133 360 6134
f 6136 6134 1601
f 6130 6136 6135
f 1603 6135 6140
f 6135 1601 6137
f 6140 6137 359
f 6139 6140 6138
f 1596 6131 6142
f 6131 1603 6139
f 6142 6139 1602
f 6119 6142 6141
f 356 6109 6145
f 6109 1593 6143
f 6145 6143 1605
f 6129 6145 6144
f 1593 6106 6147
f 6106 262 5165
f 6147 5165 1337
f 6143 6147 6146
f 1605 6146 6150
f 6146 1337 5162
f 6150 5162 263
f 6149 6150 6148
f 1600 6144 6152
f 6144 1605 6149
f 6152 6149 1604
f 6133 6152 6151
f 360 6153 6156
f 6153 1606 6154
f 6156 6154 1609
f 6134 6156 6155
f 1606 6157 6160
f 6157 362 6158
f 6160 6158 1607
f 6154 6160 6159
f 1609 6159 6164
f 6159 1607 6161
f 6164 6161 361
f 6163 6164 6162
f 1601 6155 6166
f 6155 1609 6163
f 6166 6163 1608
f 6137 6166 6165
f 360 6151 6169
f 6151 1604 6167
f 6169 6167 1611
f 6153 6169 6168
f 1604 6148 6171
f 6148 263 5195
f 6171 5195 1345
f 6167 6171 6170
f 1611 6170 6174
f 6170 1345 5192
f 6174 5192 266
f 6173 6174 6172
f 1606 6168 6176
f 6168 1611 6173
f 6176 6173 1610
f 6157 6176 6175
f 362 6177 6180
f 6177 1612 6178
f 6180 6178 1615
f 6158 6180 6179
f 1612 6181 6184
f 6181 364 6182
f 6184 6182 1613
f 6178 6184 6183
f 1615 6183 6188
f 6183 1613 6185
f 6188 6185 363
f 6187 6188 6186
f 1607 6179 6190
f 6179 1615 6187
f 6190 6187 1614
f 6161 6190 6189
f 362 6175 6193
f 6175 1610 6191
f 6193 6191 1617
f 6177 6193 6192
f 1610 6172 6195
f 6172 266 5301
f 6195 5301 1375
f 6191 6195 6194
f 1617 6194 6198
f 6194 1375 5298
f 6198 5298 277
f 6197 6198 6196
f 1612 6192 6200
f 6192 1617 6197
f 6200 6197 1616
f 6181 6200 6199
f 364 6201 6204
f 6201 1618 6202
f 6204 6202 1621
f 6182 6204 6203
f 1618 6205 6208
f 6205 366 6206
f 6208 6206 1619
f 6202 6208 6207
f 1621 6207 6212
f 6207 1619 6209
f 6212 6209 365
f 6211 6212 6210
f 1613 6203 6214
f 6203 1621 6211
f 6214 6211 1620
f 6185 6214 6213
f 364 6199 6217
f 6199 1616 6215
f 6217 6215 1624
f 6201 6217 6216
f 1616 6196 6220
f 6196 277 6218
f 6220 6218 1622
f 6215 6220 6219
f 1624 6219 6224
f 6219 1622 6221
f 6224 6221 367
f 6223 6224 6222
f 1618 6216 6226
f 6216 1624 6223
f 6226 6223 1623
f 6205 6226 6225
f 367 6227 6230
f 6227 1625 6228
f 6230 6228 1628
f 6222 6230 6229
f 1625 6231 6234
f 6231 369 6232
f 6234 6232 1626
f 6228 6234 6233
f 1628 6233 6238
f 6233 1626 6235
f 6238 6235 368
f 6237 6238 6236
f 1623 6229 6240
f 6229 1628 6237
f 6240 6237 1627
f 6225 6240 6239
f 367 6241 6244
f 6241 1629 6242
f 6244 6242 1632
f 6227 6244 6243
f 1629 6245 6248
f 6245 371 6246
f 6248 6246 1630
f 6242 6248 6247
f 1632 6247 6252
f 6247 1630 6249
f 6252 6249 370
f 6251 6252 6250
f 1625 6243 6254
f 6243 1632 6251
f 6254 6251 1631
f 6231 6254 6253
f 367 6221 6257
f 6221 1622 6255
f 6257 6255 1634
f 6241 6257 6256
f 1622 6218 6259
f 6218 277 5297
f 6259 5297 1374
f 6255 6259 6258
f 1634 6258 6262
f 6258 1374 5293
f 6262 5293 255
f 6261 6262 6260
f 1629 6256 6264
f 6256 1634 6261
f 6264 6261 1633
f 6245 6264 6263
f 371 6265 6268
f 6265 1635 6266
f 6268 6266 1637
f 6246 6268 6267
f 1635 6269 6271
f 6269 132 3552
f 6271 3552 934
f 6266 6271 6270
f 1637 6270 6274
f 6270 934 3549
f 6274 3549 131
f 6273 6274 6272
f 1630 6267 6276
f 6267 1637 6273
f 6276 6273 1636
f 6249 6276 6275
f 371 6263 6279
f 6263 1633 6277
f 6279 6277 1638
f 6265 6279 6278
f 1633 6260 6281
f 6260 255 5270
f 6281 5270 1369
f 6277 6281 6280
f 1638 6280 6283
f 6280 1369 5279
f 6283 5279 24
f 6282 6283 3561
f 1635 6278 6284
f 6278 1638 6282
f 6284 6282 937
f 6269 6284 3558
f 131 3567 6287
f 3567 941 6285
f 6287 6285 1641
f 6272 6287 6286
f 941 3577 6290
f 3577 134 6288
f 6290 6288 1639
f 6285 6290 6289
f 1641 6289 6294
f 6289 1639 6291
f 6294 6291 372
f 6293 6294 6292
f 1636 6286 6296
f 6286 1641 6293
f 6296 6293 1640
f 6275 6296 6295
f 134 3581 6299
f 3581 945 6297
f 6299 6297 1644
f 6288 6299 6298
f 945 3591 6302
f 3591 136 6300
f 6302 6300 1642
f 6297 6302 6301
f 1644 6301 6306
f 6301 1642 6303
f 6306 6303 373
f 6305 6306 6304
f 1639 6298 6308
f 6298 1644 6305
f 6308 6305 1643
f 6291 6308 6307
f 136 3595 6311
f 3595 949 6309
f 6311 6309 1647
f 6300 6311 6310
f 949 3605 6314
f 3605 138 6312
f 6314 6312 1645
f 6309 6314 6313
f 1647 6313 6318
f 6313 1645 6315
f 6318 6315 374
f 6317 6318 6316
f 1642 6310 6320
f 6310 1647 6317
f 6320 6317 1646
f 6303 6320 6319
f 138 3609 6323
f 3609 953 6321
f 6323 6321 1650
f 6312 6323 6322
f 953 3619 6326
f 3619 140 6324
f 6326 6324 1648
f 6321 6326 6325
f 1650 6325 6330
f 6325 1648 6327
f 6330 6327 375
f 6329 6330 6328
f 1645 6322 6332
f 6322 1650 6329
f 6332 6329 1649
f 6315 6332 6331
f 140 3623 6335
f 3623 956 6333
f 6335 6333 1652
f 6324 6335 6334
f 956 3631 6337
f 3631 44 5395
f 6337 5395 1400
f 6333 6337 6336
f 1652 6336 6340
f 6336 1400 5392
f 6340 5392 289
f 6339 6340 6338
f 1648 6334 6342
f 6334 1652 6339
f 6342 6339 1651
f 6327 6342 6341
f 375 6343 6346
f 6343 1653 6344
f 6346 6344 1656
f 6328 6346 6345
f 1653 6347 6350
f 6347 377 6348
f 6350 6348 1654
f 6344 6350 6349
f 1656 6349 6354
f 6349 1654 6351
f 6354 6351 376
f 6353 6354 6352
f 1649 6345 6356
f 6345 1656 6353
f 6356 6353 1655
f 6331 6356 6355
f 375 6341 6359
f 6341 1651 6357
f 6359 6357 1659
f 6343 6359 6358
f 1651 6338 6362
f 6338 289 6360
f 6362 6360 1657
f 6357 6362 6361
f 1659 6361 6366
f 6361 1657 6363
f 6366 6363 378
f 6365 6366 6364
f 1653 6358 6368
f 6358 1659 6365
f 6368 6365 1658
f 6347 6368 6367
f 378 6369 6372
f 6369 1660 6370
f 6372 6370 1663
f 6364 6372 6371
f 1660 6373 6376
f 6373 380 6374
f 6376 6374 1661
f 6370 6376 6375
f 1663 6375 6380
f 6375 1661 6377
f 6380 6377 379
f 6379 6380 6378
f 1658 6371 6382
f 6371 1663 6379
f 6382 6379 1662
f 6367 6382 6381
f 378 6383 6386
f 6383 1664 6384
f 6386 6384 1667
f 6369 6386 6385
f 1664 6387 6390
f 6387 382 6388
f 6390 6388 1665
f 6384 6390 6389
f 1667 6389 6394
f 6389 1665 6391
f 6394 6391 381
f 6393 6394 6392
f 1660 6385 6396
f 6385 1667 6393
f 6396 6393 1666
f 6373 6396 6395
f 378 6363 6399
f 6363 1657 6397
f 6399 6397 1669
f 6383 6399 6398
f 1657 6360 6401
f 6360 289 5391
f 6401 5391 1399
f 6397 6401 6400
f 1669 6400 6404
f 6400 1399 5388
f 6404 5388 290
f 6403 6404 6402
f 1664 6398 6406
f 6398 1669 6403
f 6406 6403 1668
f 6387 6406 6405
f 381 6407 6410
f 6407 1670 6408
f 6410 6408 1673
f 6392 6410 6409
f 1670 6411 6414
f 6411 384 6412
f 6414 6412 1671
f 6408 6414 6413
f 1673 6413 6418
f 6413 1671 6415
f 6418 6415 383
f 6417 6418 6416
f 1666 6409 6420
f 6409 1673 6417
f 6420 6417 1672
f 6395 6420 6419
f 384 6421 6424
f 6421 1674 6422
f 6424 6422 1677
f 6412 6424 6423
f 1674 6425 6428
f 6425 386 6426
f 6428 6426 1675
f 6422 6428 6427
f 1677 6427 6432
f 6427 1675 6429
f 6432 6429 385
f 6431 6432 6430
f 1671 6423 6434
f 6423 1677 6431
f 6434 6431 1676
f 6415 6434 6433
f 386 6435 6438
f 6435 1678 6436
f 6438 6436 1681
f 6426 6438 6437
f 1678 6439 6442
f 6439 388 6440
f 6442 6440 1679
f 6436 6442 6441
f 1681 6441 6446
f 6441 1679 6443
f 6446 6443 387
f 6445 6446 6444
f 1675 6437 6448
f 6437 1681 6445
f 6448 6445 1680
f 6429 6448 6447
f 388 6449 6452
f 6449 1682 6450
f 6452 6450 1685
f 6440 6452 6451
f 1682 6453 6456
f 6453 390 6454
f 6456 6454 1683
f 6450 6456 6455
f 1685 6455 6460
f 6455 1683 6457
f 6460 6457 389
f 6459 6460 6458
f 1679 6451 6462
f 6451 1685 6459
f 6462 6459 1684
f 6443 6462 6461
f 390 6463 6466
f 6463 1686 6464
f 6466 6464 1689
f 6454 6466 6465
f 1686 6467 6470
f 6467 392 6468
f 6470 6468 1687
f 6464 6470 6469
f 1689 6469 6474
f 6469 1687 6471
f 6474 6471 391
f 6473 6474 6472
f 1683 6465 6476
f 6465 1689 6473
f 6476 6473 1688
f 6457 6476 6475
f 392 6477 6480
f 6477 1690 6478
f 6480 6478 1693
f 6468 6480 6479
f 1690 6481 6484
f 6481 394 6482
f 6484 6482 1691
f 6478 6484 6483
f 1693 6483 6488
f 6483 1691 6485
f 6488 6485 393
f 6487 6488 6486
f 1687 6479 6490
f 6479 1693 6487
f 6490 6487 1692
f 6471 6490 6489
f 394 6491 6494
f 6491 1694 6492
f 6494 6492 1697
f 6482 6494 6493
f 1694 6495 6498
f 6495 396 6496
f 6498 6496 1695
f 6492 6498 6497
f 1697 6497 6502
f 6497 1695 6499
f 6502 6499 395
f 6501 6502 6500
f 1691 6493 6504
f 6493 1697 6501
f 6504 6501 1696
f 6485 6504 6503
f 396 6505 6508
f 6505 1698 6506
f 6508 6506 1701
f 6496 6508 6507
f 1698 6509 6512
f 6509 398 6510
f 6512 6510 1699
f 6506 6512 6511
f 1701 6511 6516
f 6511 1699 6513
f 6516 6513 397
f 6515 6516 6514
f 1695 6507 6518
f 6507 1701 6515
f 6518 6515 1700
f 6499 6518 6517
f 398 6519 6522
f 6519 1702 6520
f 6522 6520 1704
f 6510 6522 6521
f 1702 6523 6525
f 6523 292 5422
f 6525 5422 1407
f 6520 6525 6524
f 1704 6524 6528
f 6524 1407 5419
f 6528 5419 293
f 6527 6528 6526
f 1699 6521 6530
f 6521 1704 6527
f 6530 6527 1703
f 6513 6530 6529
f 397 6529 6534
f 6529 1703 6531
f 6534 6531 1708
f 6533 6534 6532
f 1703 6526 6537
f 6526 293 6535
f 6537 6535 1705
f 6531 6537 6536
f 1708 6536 6541
f 6536 1705 6538
f 6541 6538 400
f 6540 6541 6539
f 1707 6532 6544
f 6532 1708 6540
f 6544 6540 1706
f 6543 6544 6542
f 397 6533 6547
f 6533 1707 6545
f 6547 6545 1711
f 6514 6547 6546
f 1707 6543 6550
f 6543 399 6548
f 6550 6548 1709
f 6545 6550 6549
f 1711 6549 6554
f 6549 1709 6551
f 6554 6551 401
f 6553 6554 6552
f 1700 6546 6556
f 6546 1711 6553
f 6556 6553 1710
f 6517 6556 6555
f 401 6551 6560
f 6551 1709 6557
f 6560 6557 1715
f 6559 6560 6558
f 1709 6548 6563
f 6548 399 6561
f 6563 6561 1712
f 6557 6563 6562
f 1715 6562 6567
f 6562 1712 6564
f 6567 6564 403
f 6566 6567 6565
f 1714 6558 6570
f 6558 1715 6566
f 6570 6566 1713
f 6569 6570 6568
f 401 6571 6574
f 6571 1716 6572
f 6574 6572 1718
f 6552 6574 6573
f 1716 6575 6578
f 6575 404 6576
f 6578 6576 1717
f 6572 6578 6577
f 1718 6577 6581
f 6577 1717 6579
f 6581 6579 393
f 6580 6581 6503
f 1710 6573 6582
f 6573 1718 6580
f 6582 6580 1696
f 6555 6582 6500
f 401 6559 6585
f 6559 1714 6583
f 6585 6583 1721
f 6571 6585 6584
f 1714 6569 6588
f 6569 402 6586
f 6588 6586 1719
f 6583 6588 6587
f 1721 6587 6592
f 6587 1719 6589
f 6592 6589 405
f 6591 6592 6590
f 1716 6584 6594
f 6584 1721 6591
f 6594 6591 1720
f 6575 6594 6593
f 405 6589 6598
f 6589 1719 6595
f 6598 6595 1725
f 6597 6598 6596
f 1719 6586 6601
f 6586 402 6599
f 6601 6599 1722
f 6595 6601 6600
f 1725 6600 6605
f 6600 1722 6602
f 6605 6602 407
f 6604 6605 6603
f 1724 6596 6608
f 6596 1725 6604
f 6608 6604 1723
f 6607 6608 6606
f 405 6609 6612
f 6609 1726 6610
f 6612 6610 1729
f 6590 6612 6611
f 1726 6613 6616
f 6613 409 6614
f 6616 6614 1727
f 6610 6616 6615
f 1729 6615 6620
f 6615 1727 6617
f 6620 6617 408
f 6619 6620 6618
f 1720 6611 6622
f 6611 1729 6619
f 6622 6619 1728
f 6593 6622 6621
f 405 6597 6625
f 6597 1724 6623
f 6625 6623 1732
f 6609 6625 6624
f 1724 6607 6628
f 6607 406 6626
f 6628 6626 1730
f 6623 6628 6627
f 1732 6627 6632
f 6627 1730 6629
f 6632 6629 410
f 6631 6632 6630
f 1726 6624 6634
f 6624 1732 6631
f 6634 6631 1731
f 6613 6634 6633
f 410 6629 6638
f 6629 1730 6635
f 6638 6635 1736
f 6637 6638 6636
f 1730 6626 6641
f 6626 406 6639
f 6641 6639 1733
f 6635 6641 6640
f 1736 6640 6645
f 6640 1733 6642
f 6645 6642 412
f 6644 6645 6643
f 1735 6636 6648
f 6636 1736 6644
f 6648 6644 1734
f 6647 6648 6646
f 410 6649 6652
f 6649 1737 6650
f 6652 6650 1740
f 6630 6652 6651
f 1737 6653 6656
f 6653 414 6654
f 6656 6654 1738
f 6650 6656 6655
f 1740 6655 6660
f 6655 1738 6657
f 6660 6657 413
f 6659 6660 6658
f 1731 6651 6662
f 6651 1740 6659
f 6662 6659 1739
f 6633 6662 6661
f 410 6637 6665
f 6637 1735 6663
f 6665 6663 1743
f 6649 6665 6664
f 1735 6647 6668
f 6647 411 6666
f 6668 6666 1741
f 6663 6668 6667
f 1743 6667 6672
f 6667 1741 6669
f 6672 6669 415
f 6671 6672 6670
f 1737 6664 6674
f 6664 1743 6671
f 6674 6671 1742
f 6653 6674 6673
f 415 6669 6678
f 6669 1741 6675
f 6678 6675 1747
f 6677 6678 6676
f 1741 6666 6681
f 6666 411 6679
f 6681 6679 1744
f 6675 6681 6680
f 1747 6680 6685
f 6680 1744 6682
f 6685 6682 417
f 6684 6685 6683
f 1746 6676 6688
f 6676 1747 6684
f 6688 6684 1745
f 6687 6688 6686
f 415 6689 6692
f 6689 1748 6690
f 6692 6690 1751
f 6670 6692 6691
f 1748 6693 6696
f 6693 419 6694
f 6696 6694 1749
f 6690 6696 6695
f 1751 6695 6700
f 6695 1749 6697
f 6700 6697 418
f 6699 6700 6698
f 1742 6691 6702
f 6691 1751 6699
f 6702 6699 1750
f 6673 6702 6701
f 415 6677 6705
f 6677 1746 6703
f 6705 6703 1754
f 6689 6705 6704
f 1746 6687 6708
f 6687 416 6706
f 6708 6706 1752
f 6703 6708 6707
f 1754 6707 6712
f 6707 1752 6709
f 6712 6709 420
f 6711 6712 6710
f 1748 6704 6714
f 6704 1754 6711
f 6714 6711 1753
f 6693 6714 6713
f 420 6709 6718
f 6709 1752 6715
f 6718 6715 1758
f 6717 6718 6716
f 1752 6706 6721
f 6706 416 6719
f 6721 6719 1755
f 6715 6721 6720
f 1758 6720 6725
f 6720 1755 6722
f 6725 6722 422
f 6724 6725 6723
f 1757 6716 6728
f 6716 1758 6724
f 6728 6724 1756
f 6727 6728 6726
f 420 6729 6732
f 6729 1759 6730
f 6732 6730 1762
f 6710 6732 6731
f 1759 6733 6736
f 6733 424 6734
f 6736 6734 1760
f 6730 6736 6735
f 1762 6735 6740
f 6735 1760 6737
f 6740 6737 423
f 6739 6740 6738
f 1753 6731 6742
f 6731 1762 6739
f 6742 6739 1761
f 6713 6742 6741
f 420 6717 6745
f 6717 1757 6743
f 6745 6743 1765
f 6729 6745 6744
f 1757 6727 6748
f 6727 421 6746
f 6748 6746 1763
f 6743 6748 6747
f 1765 6747 6752
f 6747 1763 6749
f 6752 6749 425
f 6751 6752 6750
f 1759 6744 6754
f 6744 1765 6751
f 6754 6751 1764
f 6733 6754 6753
f 425 6749 6758
f 6749 1763 6755
f 6758 6755 1769
f 6757 6758 6756
f 1763 6746 6761
f 6746 421 6759
f 6761 6759 1766
f 6755 6761 6760
f 1769 6760 6765
f 6760 1766 6762
f 6765 6762 427
f 6764 6765 6763
f 1768 6756 6768
f 6756 1769 6764
f 6768 6764 1767
f 6767 6768 6766
f 425 6769 6772
f 6769 1770 6770
f 6772 6770 1773
f 6750 6772 6771
f 1770 6773 6776
f 6773 365 6774
f 6776 6774 1771
f 6770 6776 6775
f 1773 6775 6780
f 6775 1771 6777
f 6780 6777 428
f 6779 6780 6778
f 1764 6771 6782
f 6771 1773 6779
f 6782 6779 1772
f 6753 6782 6781
f 425 6757 6785
f 6757 1768 6783
f 6785 6783 1775
f 6769 6785 6784
f 1768 6767 6788
f 6767 426 6786
f 6788 6786 1774
f 6783 6788 6787
f 1775 6787 6791
f 6787 1774 6789
f 6791 6789 363
f 6790 6791 6213
f 1770 6784 6792
f 6784 1775 6790
f 6792 6790 1620
f 6773 6792 6210
f 428 6793 6796
f 6793 1776 6794
f 6796 6794 1778
f 6778 6796 6795
f 1776 6797 6800
f 6797 429 6798
f 6800 6798 1777
f 6794 6800 6799
f 1778 6799 6803
f 6799 1777 6801
f 6803 6801 423
f 6802 6803 6737
f 1772 6795 6804
f 6795 1778 6802
f 6804 6802 1760
f 6781 6804 6734
f 428 6805 6808
f 6805 1779 6806
f 6808 6806 1782
f 6793 6808 6807
f 1779 6809 6812
f 6809 368 6810
f 6812 6810 1780
f 6806 6812 6811
f 1782 6811 6816
f 6811 1780 6813
f 6816 6813 430
f 6815 6816 6814
f 1776 6807 6818
f 6807 1782 6815
f 6818 6815 1781
f 6797 6818 6817
f 428 6777 6821
f 6777 1771 6819
f 6821 6819 1783
f 6805 6821 6820
f 1771 6774 6823
f 6774 365 6209
f 6823 6209 1619
f 6819 6823 6822
f 1783 6822 6825
f 6822 1619 6206
f 6825 6206 366
f 6824 6825 6239
f 1779 6820 6826
f 6820 1783 6824
f 6826 6824 1627
f 6809 6826 6236
f 430 6827 6830
f 6827 1784 6828
f 6830 6828 1787
f 6814 6830 6829
f 1784 6831 6834
f 6831 432 6832
f 6834 6832 1785
f 6828 6834 6833
f 1787 6833 6838
f 6833 1785 6835
f 6838 6835 431
f 6837 6838 6836
f 1781 6829 6840
f 6829 1787 6837
f 6840 6837 1786
f 6817 6840 6839
f 430 6841 6844
f 6841 1788 6842
f 6844 6842 1791
f 6827 6844 6843
f 1788 6845 6848
f 6845 434 6846
f 6848 6846 1789
f 6842 6848 6847
f 1791 6847 6852
f 6847 1789 6849
f 6852 6849 433
f 6851 6852 6850
f 1784 6843 6854
f 6843 1791 6851
f 6854 6851 1790
f 6831 6854 6853
f 430 6813 6857
f 6813 1780 6855
f 6857 6855 1793
f 6841 6857 6856
f 1780 6810 6859
f 6810 368 6235
f 6859 6235 1626
f 6855 6859 6858
f 1793 6858 6862
f 6858 1626 6232
f 6862 6232 369
f 6861 6862 6860
f 1788 6856 6864
f 6856 1793 6861
f 6864 6861 1792
f 6845 6864 6863
f 434 6865 6868
f 6865 1794 6866
f 6868 6866 1796
f 6846 6868 6867
f 1794 6869 6871
f 6869 372 6307
f 6871 6307 1643
f 6866 6871 6870
f 1796 6870 6874
f 6870 1643 6304
f 6874 6304 373
f 6873 6874 6872
f 1789 6867 6876
f 6867 1796 6873
f 6876 6873 1795
f 6849 6876 6875
f 434 6863 6879
f 6863 1792 6877
f 6879 6877 1797
f 6865 6879 6878
f 1792 6860 6881
f 6860 369 6253
f 6881 6253 1631
f 6877 6881 6880
f 1797 6880 6883
f 6880 1631 6250
f 6883 6250 370
f 6882 6883 6295
f 1794 6878 6884
f 6878 1797 6882
f 6884 6882 1640
f 6869 6884 6292
f 433 6885 6888
f 6885 1798 6886
f 6888 6886 1801
f 6850 6888 6887
f 1798 6889 6892
f 6889 376 6890
f 6892 6890 1799
f 6886 6892 6891
f 1801 6891 6896
f 6891 1799 6893
f 6896 6893 435
f 6895 6896 6894
f 1790 6887 6898
f 6887 1801 6895
f 6898 6895 1800
f 6853 6898 6897
f 433 6875 6901
f 6875 1795 6899
f 6901 6899 1802
f 6885 6901 6900
f 1795 6872 6903
f 6872 373 6319
f 6903 6319 1646
f 6899 6903 6902
f 1802 6902 6905
f 6902 1646 6316
f 6905 6316 374
f 6904 6905 6355
f 1798 6900 6906
f 6900 1802 6904
f 6906 6904 1655
f 6889 6906 6352
f 435 6907 6910
f 6907 1803 6908
f 6910 6908 1805
f 6894 6910 6909
f 1803 6911 6914
f 6911 436 6912
f 6914 6912 1804
f 6908 6914 6913
f 1805 6913 6917
f 6913 1804 6915
f 6917 6915 431
f 6916 6917 6835
f 1800 6909 6918
f 6909 1805 6916
f 6918 6916 1785
f 6897 6918 6832
f 435 6919 6922
f 6919 1806 6920
f 6922 6920 1809
f 6907 6922 6921
f 1806 6923 6926
f 6923 379 6924
f 6926 6924 1807
f 6920 6926 6925
f 1809 6925 6930
f 6925 1807 6927
f 6930 6927 437
f 6929 6930 6928
f 1803 6921 6932
f 6921 1809 6929
f 6932 6929 1808
f 6911 6932 6931
f 435 6893 6935
f 6893 1799 6933
f 6935 6933 1810
f 6919 6935 6934
f 1799 6890 6937
f 6890 376 6351
f 6937 6351 1654
f 6933 6937 6936
f 1810 6936 6939
f 6936 1654 6348
f 6939 6348 377
f 6938 6939 6381
f 1806 6934 6940
f 6934 1810 6938
f 6940 6938 1662
f 6923 6940 6378
f 437 6941 6944
f 6941 1811 6942
f 6944 6942 1814
f 6928 6944 6943
f 1811 6945 6948
f 6945 439 6946
f 6948 6946 1812
f 6942 6948 6947
f 1814 6947 6952
f 6947 1812 6949
f 6952 6949 438
f 6951 6952 6950
f 1808 6943 6954
f 6943 1814 6951
f 6954 6951 1813
f 6931 6954 6953
f 437 6955 6958
f 6955 1815 6956
f 6958 6956 1817
f 6941 6958 6957
f 1815 6959 6961
f 6959 383 6433
f 6961 6433 1676
f 6956 6961 6960
f 1817 6960 6964
f 6960 1676 6430
f 6964 6430 385
f 6963 6964 6962
f 1811 6957 6966
f 6957 1817 6963
f 6966 6963 1816
f 6945 6966 6965
f 437 6927 6969
f 6927 1807 6967
f 6969 6967 1818
f 6955 6969 6968
f 1807 6924 6971
f 6924 379 6377
f 6971 6377 1661
f 6967 6971 6970
f 1818 6970 6973
f 6970 1661 6374
f 6973 6374 380
f 6972 6973 6419
f 1815 6968 6974
f 6968 1818 6972
f 6974 6972 1672
f 6959 6974 6416
f 439 6975 6978
f 6975 1819 6976
f 6978 6976 1822
f 6946 6978 6977
f 1819 6979 6982
f 6979 441 6980
f 6982 6980 1820
f 6976 6982 6981
f 1822 6981 6986
f 6981 1820 6983
f 6986 6983 440
f 6985 6986 6984
f 1812 6977 6988
f 6977 1822 6985
f 6988 6985 1821
f 6949 6988 6987
f 439 6965 6991
f 6965 1816 6989
f 6991 6989 1824
f 6975 6991 6990
f 1816 6962 6993
f 6962 385 6447
f 6993 6447 1680
f 6989 6993 6992
f 1824 6992 6996
f 6992 1680 6444
f 6996 6444 387
f 6995 6996 6994
f 1819 6990 6998
f 6990 1824 6995
f 6998 6995 1823
f 6979 6998 6997
f 441 6999 7002
f 6999 1825 7000
f 7002 7000 1828
f 6980 7002 7001
f 1825 7003 7006
f 7003 442 7004
f 7006 7004 1826
f 7000 7006 7005
f 1828 7005 7010
f 7005 1826 7007
f 7010 7007 413
f 7009 7010 7008
f 1820 7001 7012
f 7001 1828 7009
f 7012 7009 1827
f 6983 7012 7011
f 441 6997 7015
f 6997 1823 7013
f 7015 7013 1830
f 6999 7015 7014
f 1823 6994 7017
f 6994 387 6461
f 7017 6461 1684
f 7013 7017 7016
f 1830 7016 7020
f 7016 1684 6458
f 7020 6458 389
f 7019 7020 7018
f 1825 7014 7022
f 7014 1830 7019
f 7022 7019 1829
f 7003 7022 7021
f 442 7023 7026
f 7023 1831 7024
f 7026 7024 1832
f 7004 7026 7025
f 1831 7027 7029
f 7027 408 6617
f 7029 6617 1727
f 7024 7029 7028
f 1832 7028 7031
f 7028 1727 6614
f 7031 6614 409
f 7030 7031 6661
f 1826 7025 7032
f 7025 1832 7030
f 7032 7030 1739
f 7007 7032 6658
f 442 7021 7035
f 7021 1829 7033
f 7035 7033 1834
f 7023 7035 7034
f 1829 7018 7037
f 7018 389 6475
f 7037 6475 1688
f 7033 7037 7036
f 1834 7036 7040
f 7036 1688 6472
f 7040 6472 391
f 7039 7040 7038
f 1831 7034 7042
f 7034 1834 7039
f 7042 7039 1833
f 7027 7042 7041
f 440 7011 7046
f 7011 1827 7043
f 7046 7043 1836
f 7045 7046 7044
f 1827 7008 7048
f 7008 413 6657
f 7048 6657 1738
f 7043 7048 7047
f 1836 7047 7050
f 7047 1738 6654
f 7050 6654 414
f 7049 7050 6701
f 1835 7044 7052
f 7044 1836 7049
f 7052 7049 1750
f 7051 7052 6698
f 440 7045 7055
f 7045 1835 7053
f 7055 7053 1839
f 6984 7055 7054
f 1835 7051 7058
f 7051 418 7056
f 7058 7056 1837
f 7053 7058 7057
f 1839 7057 7062
f 7057 1837 7059
f 7062 7059 443
f 7061 7062 7060
f 1821 7054 7064
f 7054 1839 7061
f 7064 7061 1838
f 6987 7064 7063
f 443 7059 7068
f 7059 1837 7065
f 7068 7065 1841
f 7067 7068 7066
f 1837 7056 7070
f 7056 418 6697
f 7070 6697 1749
f 7065 7070 7069
f 1841 7069 7072
f 7069 1749 6694
f 7072 6694 419
f 7071 7072 6741
f 1840 7066 7074
f 7066 1841 7071
f 7074 7071 1761
f 7073 7074 6738
f 443 7075 7078
f 7075 1842 7076
f 7078 7076 1843
f 7060 7078 7077
f 1842 7079 7081
f 7079 431 6915
f 7081 6915 1804
f 7076 7081 7080
f 1843 7080 7083
f 7080 1804 6912
f 7083 6912 436
f 7082 7083 6953
f 1838 7077 7084
f 7077 1843 7082
f 7084 7082 1813
f 7063 7084 6950
f 443 7067 7087
f 7067 1840 7085
f 7087 7085 1844
f 7075 7087 7086
f 1840 7073 7089
f 7073 423 6801
f 7089 6801 1777
f 7085 7089 7088
f 1844 7088 7091
f 7088 1777 6798
f 7091 6798 429
f 7090 7091 6839
f 1842 7086 7092
f 7086 1844 7090
f 7092 7090 1786
f 7079 7092 6836
f 427 7093 7097
f 7093 1845 7094
f 7097 7094 1849
f 7096 7097 7095
f 1845 7098 7101
f 7098 446 7099
f 7101 7099 1846
f 7094 7101 7100
f 1849 7100 7105
f 7100 1846 7102
f 7105 7102 445
f 7104 7105 7103
f 1848 7095 7108
f 7095 1849 7104
f 7108 7104 1847
f 7107 7108 7106
f 427 6762 7111
f 6762 1766 7109
f 7111 7109 1851
f 7093 7111 7110
f 1766 6759 7113
f 6759 421 6726
f 7113 6726 1756
f 7109 7113 7112
f 1851 7112 7116
f 7112 1756 6723
f 7116 6723 422
f 7115 7116 7114
f 1845 7110 7118
f 7110 1851 7115
f 7118 7115 1850
f 7098 7118 7117
f 427 7096 7121
f 7096 1848 7119
f 7121 7119 1854
f 6763 7121 7120
f 1848 7107 7124
f 7107 444 7122
f 7124 7122 1852
f 7119 7124 7123
f 1854 7123 7128
f 7123 1852 7125
f 7128 7125 447
f 7127 7128 7126
f 1767 7120 7130
f 7120 1854 7127
f 7130 7127 1853
f 6766 7130 7129
f 447 7125 7134
f 7125 1852 7131
f 7134 7131 1858
f 7133 7134 7132
f 1852 7122 7137
f 7122 444 7135
f 7137 7135 1855
f 7131 7137 7136
f 1858 7136 7141
f 7136 1855 7138
f 7141 7138 449
f 7140 7141 7139
f 1857 7132 7144
f 7132 1858 7140
f 7144 7140 1856
f 7143 7144 7142
f 447 7145 7148
f 7145 1859 7146
f 7148 7146 1860
f 7126 7148 7147
f 1859 7149 7151
f 7149 361 6189
f 7151 6189 1614
f 7146 7151 7150
f 1860 7150 7153
f 7150 1614 6186
f 7153 6186 363
f 7152 7153 6789
f 1853 7147 7154
f 7147 1860 7152
f 7154 7152 1774
f 7129 7154 6786
f 447 7133 7157
f 7133 1857 7155
f 7157 7155 1862
f 7145 7157 7156
f 1857 7143 7160
f 7143 448 7158
f 7160 7158 1861
f 7155 7160 7159
f 1862 7159 7163
f 7159 1861 7161
f 7163 7161 359
f 7162 7163 6165
f 1859 7156 7164
f 7156 1862 7162
f 7164 7162 1608
f 7149 7164 6162
f 449 7165 7169
f 7165 1863 7166
f 7169 7166 1867
f 7168 7169 7167
f 1863 7170 7173
f 7170 452 7171
f 7173 7171 1864
f 7166 7173 7172
f 1867 7172 7177
f 7172 1864 7174
f 7177 7174 451
f 7176 7177 7175
f 1866 7167 7180
f 7167 1867 7176
f 7180 7176 1865
f 7179 7180 7178
f 449 7138 7183
f 7138 1855 7181
f 7183 7181 1869
f 7165 7183 7182
f 1855 7135 7185
f 7135 444 7106
f 7185 7106 1847
f 7181 7185 7184
f 1869 7184 7188
f 7184 1847 7103
f 7188 7103 445
f 7187 7188 7186
f 1863 7182 7190
f 7182 1869 7187
f 7190 7187 1868
f 7170 7190 7189
f 449 7168 7193
f 7168 1866 7191
f 7193 7191 1872
f 7139 7193 7192
f 1866 7179 7196
f 7179 450 7194
f 7196 7194 1870
f 7191 7196 7195
f 1872 7195 7200
f 7195 1870 7197
f 7200 7197 453
f 7199 7200 7198
f 1856 7192 7202
f 7192 1872 7199
f 7202 7199 1871
f 7142 7202 7201
f 453 7197 7206
f 7197 1870 7203
f 7206 7203 1876
f 7205 7206 7204
f 1870 7194 7209
f 7194 450 7207
f 7209 7207 1873
f 7203 7209 7208
f 1876 7208 7213
f 7208 1873 7210
f 7213 7210 455
f 7212 7213 7211
f 1875 7204 7216
f 7204 1876 7212
f 7216 7212 1874
f 7215 7216 7214
f 453 7217 7220
f 7217 1877 7218
f 7220 7218 1878
f 7198 7220 7219
f 1877 7221 7223
f 7221 358 6141
f 7223 6141 1602
f 7218 7223 7222
f 1878 7222 7225
f 7222 1602 6138
f 7225 6138 359
f 7224 7225 7161
f 1871 7219 7226
f 7219 1878 7224
f 7226 7224 1861
f 7201 7226 7158
f 453 7205 7229
f 7205 1875 7227
f 7229 7227 1880
f 7217 7229 7228
f 1875 7215 7232
f 7215 454 7230
f 7232 7230 1879
f 7227 7232 7231
f 1880 7231 7235
f 7231 1879 7233
f 7235 7233 357
f 7234 7235 6123
f 1877 7228 7236
f 7228 1880 7234
f 7236 7234 1597
f 7221 7236 6120
f 455 7237 7241
f 7237 1881 7238
f 7241 7238 1885
f 7240 7241 7239
f 1881 7242 7245
f 7242 456 7243
f 7245 7243 1882
f 7238 7245 7244
f 1885 7244 7249
f 7244 1882 7246
f 7249 7246 329
f 7248 7249 7247
f 1884 7239 7252
f 7239 1885 7248
f 7252 7248 1883
f 7251 7252 7250
f 455 7210 7255
f 7210 1873 7253
f 7255 7253 1887
f 7237 7255 7254
f 1873 7207 7257
f 7207 450 7178
f 7257 7178 1865
f 7253 7257 7256
f 1887 7256 7260
f 7256 1865 7175
f 7260 7175 451
f 7259 7260 7258
f 1881 7254 7262
f 7254 1887 7259
f 7262 7259 1886
f 7242 7262 7261
f 455 7240 7265
f 7240 1884 7263
f 7265 7263 1890
f 7211 7265 7264
f 1884 7251 7268
f 7251 331 7266
f 7268 7266 1888
f 7263 7268 7267
f 1890 7267 7272
f 7267 1888 7269
f 7272 7269 333
f 7271 7272 7270
f 1874 7264 7274
f 7264 1890 7271
f 7274 7271 1889
f 7214 7274 7273
f 456 7275 7278
f 7275 1891 7276
f 7278 7276 1893
f 7243 7278 7277
f 1891 7279 7281
f 7279 326 5779
f 7281 5779 1503
f 7276 7281 7280
f 1893 7280 7284
f 7280 1503 5776
f 7284 5776 327
f 7283 7284 7282
f 1882 7277 7286
f 7277 1893 7283
f 7286 7283 1892
f 7246 7286 7285
f 456 7261 7289
f 7261 1886 7287
f 7289 7287 1896
f 7275 7289 7288
f 1886 7258 7292
f 7258 451 7290
f 7292 7290 1894
f 7287 7292 7291
f 1896 7291 7296
f 7291 1894 7293
f 7296 7293 457
f 7295 7296 7294
f 1891 7288 7298
f 7288 1896 7295
f 7298 7295 1895
f 7279 7298 7297
f 457 7299 7302
f 7299 1897 7300
f 7302 7300 1898
f 7294 7302 7301
f 1897 7303 7305
f 7303 322 5739
f 7305 5739 1492
f 7300 7305 7304
f 1898 7304 7307
f 7304 1492 5736
f 7307 5736 323
f 7306 7307 5783
f 1895 7301 7308
f 7301 1898 7306
f 7308 7306 1504
f 7297 7308 5780
f 457 7309 7312
f 7309 1899 7310
f 7312 7310 1902
f 7299 7312 7311
f 1899 7313 7316
f 7313 459 7314
f 7316 7314 1900
f 7310 7316 7315
f 1902 7315 7320
f 7315 1900 7317
f 7320 7317 458
f 7319 7320 7318
f 1897 7311 7322
f 7311 1902 7319
f 7322 7319 1901
f 7303 7322 7321
f 457 7293 7325
f 7293 1894 7323
f 7325 7323 1904
f 7309 7325 7324
f 1894 7290 7327
f 7290 451 7174
f 7327 7174 1864
f 7323 7327 7326
f 1904 7326 7330
f 7326 1864 7171
f 7330 7171 452
f 7329 7330 7328
f 1899 7324 7332
f 7324 1904 7329
f 7332 7329 1903
f 7313 7332 7331
f 459 7333 7336
f 7333 1905 7334
f 7336 7334 1908
f 7314 7336 7335
f 1905 7337 7340
f 7337 461 7338
f 7340 7338 1906
f 7334 7340 7339
f 1908 7339 7344
f 7339 1906 7341
f 7344 7341 460
f 7343 7344 7342
f 1900 7335 7346
f 7335 1908 7343
f 7346 7343 1907
f 7317 7346 7345
f 459 7331 7349
f 7331 1903 7347
f 7349 7347 1910
f 7333 7349 7348
f 1903 7328 7351
f 7328 452 7189
f 7351 7189 1868
f 7347 7351 7350
f 1910 7350 7354
f 7350 1868 7186
f 7354 7186 445
f 7353 7354 7352
f 1905 7348 7356
f 7348 1910 7353
f 7356 7353 1909
f 7337 7356 7355
f 461 7357 7360
f 7357 1911 7358
f 7360 7358 1914
f 7338 7360 7359
f 1911 7361 7364
f 7361 463 7362
f 7364 7362 1912
f 7358 7364 7363
f 1914 7363 7368
f 7363 1912 7365
f 7368 7365 462
f 7367 7368 7366
f 1906 7359 7370
f 7359 1914 7367
f 7370 7367 1913
f 7341 7370 7369
f 461 7355 7373
f 7355 1909 7371
f 7373 7371 1916
f 7357 7373 7372
f 1909 7352 7375
f 7352 445 7102
f 7375 7102 1846
f 7371 7375 7374
f 1916 7374 7378
f 7374 1846 7099
f 7378 7099 446
f 7377 7378 7376
f 1911 7372 7380
f 7372 1916 7377
f 7380 7377 1915
f 7361 7380 7379
f 463 7381 7384
f 7381 1917 7382
f 7384 7382 1920
f 7362 7384 7383
f 1917 7385 7388
f 7385 465 7386
f 7388 7386 1918
f 7382 7388 7387
f 1920 7387 7392
f 7387 1918 7389
f 7392 7389 464
f 7391 7392 7390
f 1912 7383 7394
f 7383 1920 7391
f 7394 7391 1919
f 7365 7394 7393
f 463 7379 7397
f 7379 1915 7395
f 7397 7395 1922
f 7381 7397 7396
f 1915 7376 7399
f 7376 446 7117
f 7399 7117 1850
f 7395 7399 7398
f 1922 7398 7402
f 7398 1850 7114
f 7402 7114 422
f 7401 7402 7400
f 1917 7396 7404
f 7396 1922 7401
f 7404 7401 1921
f 7385 7404 7403
f 465 7405 7408
f 7405 1923 7406
f 7408 7406 1926
f 7386 7408 7407
f 1923 7409 7412
f 7409 417 7410
f 7412 7410 1924
f 7406 7412 7411
f 1926 7411 7416
f 7411 1924 7413
f 7416 7413 466
f 7415 7416 7414
f 1918 7407 7418
f 7407 1926 7415
f 7418 7415 1925
f 7389 7418 7417
f 465 7403 7421
f 7403 1921 7419
f 7421 7419 1927
f 7405 7421 7420
f 1921 7400 7423
f 7400 422 6722
f 7423 6722 1755
f 7419 7423 7422
f 1927 7422 7425
f 7422 1755 6719
f 7425 6719 416
f 7424 7425 6686
f 1923 7420 7426
f 7420 1927 7424
f 7426 7424 1745
f 7409 7426 6683
f 466 7427 7430
f 7427 1928 7428
f 7430 7428 1931
f 7414 7430 7429
f 1928 7431 7434
f 7431 468 7432
f 7434 7432 1929
f 7428 7434 7433
f 1931 7433 7438
f 7433 1929 7435
f 7438 7435 467
f 7437 7438 7436
f 1925 7429 7440
f 7429 1931 7437
f 7440 7437 1930
f 7417 7440 7439
f 466 7441 7444
f 7441 1932 7442
f 7444 7442 1935
f 7427 7444 7443
f 1932 7445 7448
f 7445 412 7446
f 7448 7446 1933
f 7442 7448 7447
f 1935 7447 7452
f 7447 1933 7449
f 7452 7449 469
f 7451 7452 7450
f 1928 7443 7454
f 7443 1935 7451
f 7454 7451 1934
f 7431 7454 7453
f 466 7413 7457
f 7413 1924 7455
f 7457 7455 1936
f 7441 7457 7456
f 1924 7410 7459
f 7410 417 6682
f 7459 6682 1744
f 7455 7459 7458
f 1936 7458 7461
f 7458 1744 6679
f 7461 6679 411
f 7460 7461 6646
f 1932 7456 7462
f 7456 1936 7460
f 7462 7460 1734
f 7445 7462 6643
f 469 7463 7466
f 7463 1937 7464
f 7466 7464 1940
f 7450 7466 7465
f 1937 7467 7470
f 7467 471 7468
f 7470 7468 1938
f 7464 7470 7469
f 1940 7469 7474
f 7469 1938 7471
f 7474 7471 470
f 7473 7474 7472
f 1934 7465 7476
f 7465 1940 7473
f 7476 7473 1939
f 7453 7476 7475
f 469 7477 7480
f 7477 1941 7478
f 7480 7478 1944
f 7463 7480 7479
f 1941 7481 7484
f 7481 407 7482
f 7484 7482 1942
f 7478 7484 7483
f 1944 7483 7488
f 7483 1942 7485
f 7488 7485 472
f 7487 7488 7486
f 1937 7479 7490
f 7479 1944 7487
f 7490 7487 1943
f 7467 7490 7489
f 469 7449 7493
f 7449 1933 7491
f 7493 7491 1945
f 7477 7493 7492
f 1933 7446 7495
f 7446 412 6642
f 7495 6642 1733
f 7491 7495 7494
f 1945 7494 7497
f 7494 1733 6639
f 7497 6639 406
f 7496 7497 6606
f 1941 7492 7498
f 7492 1945 7496
f 7498 7496 1723
f 7481 7498 6603
f 472 7499 7502
f 7499 1946 7500
f 7502 7500 1949
f 7486 7502 7501
f 1946 7503 7506
f 7503 474 7504
f 7506 7504 1947
f 7500 7506 7505
f 1949 7505 7510
f 7505 1947 7507
f 7510 7507 473
f 7509 7510 7508
f 1943 7501 7512
f 7501 1949 7509
f 7512 7509 1948
f 7489 7512 7511
f 472 7513 7516
f 7513 1950 7514
f 7516 7514 1953
f 7499 7516 7515
f 1950 7517 7520
f 7517 403 7518
f 7520 7518 1951
f 7514 7520 7519
f 1953 7519 7524
f 7519 1951 7521
f 7524 7521 475
f 7523 7524 7522
f 1946 7515 7526
f 7515 1953 7523
f 7526 7523 1952
f 7503 7526 7525
f 472 7485 7529
f 7485 1942 7527
f 7529 7527 1954
f 7513 7529 7528
f 1942 7482 7531
f 7482 407 6602
f 7531 6602 1722
f 7527 7531 7530
f 1954 7530 7533
f 7530 1722 6599
f 7533 6599 402
f 7532 7533 6568
f 1950 7528 7534
f 7528 1954 7532
f 7534 7532 1713
f 7517 7534 6565
f 475 7535 7538
f 7535 1955 7536
f 7538 7536 1957
f 7522 7538 7537
f 1955 7539 7541
f 7539 242 4836
f 7541 4836 1261
f 7536 7541 7540
f 1957 7540 7544
f 7540 1261 4833
f 7544 4833 241
f 7543 7544 7542
f 1952 7537 7546
f 7537 1957 7543
f 7546 7543 1956
f 7525 7546 7545
f 475 7547 7550
f 7547 1958 7548
f 7550 7548 1960
f 7535 7550 7549
f 1958 7551 7554
f 7551 400 7552
f 7554 7552 1959
f 7548 7554 7553
f 1960 7553 7557
f 7553 1959 7555
f 7557 7555 243
f 7556 7557 4846
f 1955 7549 7558
f 7549 1960 7556
f 7558 7556 1264
f 7539 7558 4843
f 475 7521 7561
f 7521 1951 7559
f 7561 7559 1961
f 7547 7561 7560
f 1951 7518 7563
f 7518 403 6564
f 7563 6564 1712
f 7559 7563 7562
f 1961 7562 7565
f 7562 1712 6561
f 7565 6561 399
f 7564 7565 6542
f 1958 7560 7566
f 7560 1961 7564
f 7566 7564 1706
f 7551 7566 6539
f 243 7555 7569
f 7555 1959 7567
f 7569 7567 1962
f 4861 7569 7568
f 1959 7552 7571
f 7552 400 6538
f 7571 6538 1705
f 7567 7571 7570
f 1962 7570 7573
f 7570 1705 6535
f 7573 6535 293
f 7572 7573 5418
f 1269 7568 7574
f 7568 1962 7572
f 7574 7572 1406
f 4865 7574 5415
f 241 4873 7577
f 4873 1272 7575
f 7577 7575 1964
f 7542 7577 7576
f 1272 4881 7580
f 4881 244 7578
f 7580 7578 1963
f 7575 7580 7579
f 1964 7579 7583
f 7579 1963 7581
f 7583 7581 473
f 7582 7583 7507
f 1956 7576 7584
f 7576 1964 7582
f 7584 7582 1947
f 7545 7584 7504
f 244 4885 7587
f 4885 1276 7585
f 7587 7585 1967
f 7578 7587 7586
f 1276 4895 7590
f 4895 246 7588
f 7590 7588 1965
f 7585 7590 7589
f 1967 7589 7594
f 7589 1965 7591
f 7594 7591 476
f 7593 7594 7592
f 1963 7586 7596
f 7586 1967 7593
f 7596 7593 1966
f 7581 7596 7595
f 246 4899 7599
f 4899 1280 7597
f 7599 7597 1970
f 7588 7599 7598
f 1280 4909 7602
f 4909 248 7600
f 7602 7600 1968
f 7597 7602 7601
f 1970 7601 7606
f 7601 1968 7603
f 7606 7603 477
f 7605 7606 7604
f 1965 7598 7608
f 7598 1970 7605
f 7608 7605 1969
f 7591 7608 7607
f 248 4913 7611
f 4913 1283 7609
f 7611 7609 1972
f 7600 7611 7610
f 1283 4921 7613
f 4921 58 5485
f 7613 5485 1424
f 7609 7613 7612
f 1972 7612 7616
f 7612 1424 5482
f 7616 5482 273
f 7615 7616 7614
f 1968 7610 7618
f 7610 1972 7615
f 7618 7615 1971
f 7603 7618 7617
f 477 7619 7622
f 7619 1973 7620
f 7622 7620 1976
f 7604 7622 7621
f 1973 7623 7626
f 7623 478 7624
f 7626 7624 1974
f 7620 7626 7625
f 1976 7625 7630
f 7625 1974 7627
f 7630 7627 470
f 7629 7630 7628
f 1969 7621 7632
f 7621 1976 7629
f 7632 7629 1975
f 7607 7632 7631
f 477 7617 7635
f 7617 1971 7633
f 7635 7633 1978
f 7619 7635 7634
f 1971 7614 7637
f 7614 273 5235
f 7637 5235 1357
f 7633 7637 7636
f 1978 7636 7640
f 7636 1357 5232
f 7640 5232 270
f 7639 7640 7638
f 1973 7634 7642
f 7634 1978 7639
f 7642 7639 1977
f 7623 7642 7641
f 478 7643 7646
f 7643 1979 7644
f 7646 7644 1980
f 7624 7646 7645
f 1979 7647 7649
f 7647 467 7435
f 7649 7435 1929
f 7644 7649 7648
f 1980 7648 7651
f 7648 1929 7432
f 7651 7432 468
f 7650 7651 7475
f 1974 7645 7652
f 7645 1980 7650
f 7652 7650 1939
f 7627 7652 7472
f 478 7641 7655
f 7641 1977 7653
f 7655 7653 1982
f 7643 7655 7654
f 1977 7638 7657
f 7638 270 5226
f 7657 5226 1354
f 7653 7657 7656
f 1982 7656 7660
f 7656 1354 5223
f 7660 5223 271
f 7659 7660 7658
f 1979 7654 7662
f 7654 1982 7659
f 7662 7659 1981
f 7647 7662 7661
f 476 7631 7665
f 7631 1975 7663
f 7665 7663 1983
f 7592 7665 7664
f 1975 7628 7667
f 7628 470 7471
f 7667 7471 1938
f 7663 7667 7666
f 1983 7666 7669
f 7666 1938 7468
f 7669 7468 471
f 7668 7669 7511
f 1966 7664 7670
f 7664 1983 7668
f 7670 7668 1948
f 7595 7670 7508
f 467 7661 7673
f 7661 1981 7671
f 7673 7671 1985
f 7436 7673 7672
f 1981 7658 7676
f 7658 271 7674
f 7676 7674 1984
f 7671 7676 7675
f 1985 7675 7679
f 7675 1984 7677
f 7679 7677 462
f 7678 7679 7393
f 1930 7672 7680
f 7672 1985 7678
f 7680 7678 1919
f 7439 7680 7390
f 462 7677 7683
f 7677 1984 7681
f 7683 7681 1987
f 7366 7683 7682
f 1984 7674 7685
f 7674 271 5222
f 7685 5222 1353
f 7681 7685 7684
f 1987 7684 7688
f 7684 1353 5219
f 7688 5219 272
f 7687 7688 7686
f 1913 7682 7690
f 7682 1987 7687
f 7690 7687 1986
f 7369 7690 7689
f 460 7689 7693
f 7689 1986 7691
f 7693 7691 1989
f 7342 7693 7692
f 1986 7686 7695
f 7686 272 5265
f 7695 5265 1365
f 7691 7695 7694
f 1989 7694 7698
f 7694 1365 5262
f 7698 5262 275
f 7697 7698 7696
f 1907 7692 7700
f 7692 1989 7697
f 7700 7697 1988
f 7345 7700 7699
f 458 7699 7703
f 7699 1988 7701
f 7703 7701 1990
f 7318 7703 7702
f 1988 7696 7705
f 7696 275 5343
f 7705 5343 1386
f 7701 7705 7704
f 1990 7704 7707
f 7704 1386 5340
f 7707 5340 282
f 7706 7707 5743
f 1901 7702 7708
f 7702 1990 7706
f 7708 7706 1493
f 7321 7708 5740
f 454 7273 7711
f 7273 1889 7709
f 7711 7709 1993
f 7230 7711 7710
f 1889 7270 7714
f 7270 333 7712
f 7714 7712 1991
f 7709 7714 7713
f 1993 7713 7718
f 7713 1991 7715
f 7718 7715 335
f 7717 7718 7716
f 1879 7710 7720
f 7710 1993 7717
f 7720 7717 1992
f 7233 7720 7719
f 408 7041 7723
f 7041 1833 7721
f 7723 7721 1994
f 6618 7723 7722
f 1833 7038 7725
f 7038 391 6489
f 7725 6489 1692
f 7721 7725 7724
f 1994 7724 7727
f 7724 1692 6486
f 7727 6486 393
f 7726 7727 6579
f 1728 7722 7728
f 7722 1994 7726
f 7728 7726 1717
f 6621 7728 6576
f 357 7719 7731
f 7719 1992 7729
f 7731 7729 1996
f 6124 7731 7730
f 1992 7716 7734
f 7716 335 7732
f 7734 7732 1995
f 7729 7734 7733
f 1996 7733 7737
f 7733 1995 7735
f 7737 7735 337
f 7736 7737 6097
f 1598 7730 7738
f 7730 1996 7736
f 7738 7736 1590
f 6127 7738 6094
f 315 5669 7741
f 5669 1474 7739
f 7741 7739 1998
f 5622 7741 7740
f 1474 5666 7743
f 5666 281 5326
f 7743 5326 1381
f 7739 7743 7742
f 1998 7742 7746
f 7742 1381 5323
f 7746 5323 278
f 7745 7746 7744
f 1462 7740 7748
f 7740 1998 7745
f 7748 7745 1997
f 5625 7748 7747
f 314 7749 7752
f 7749 1999 7750
f 7752 7750 2001
f 5626 7752 7751
f 1999 7753 7756
f 7753 479 7754
f 7756 7754 2000
f 7750 7756 7755
f 2001 7755 7759
f 7755 2000 7757
f 7759 7757 309
f 7758 7759 5585
f 1463 7751 7760
f 7751 2001 7758
f 7760 7758 1451
f 5629 7760 5582
f 314 7747 7763
f 7747 1997 7761
f 7763 7761 2003
f 7749 7763 7762
f 1997 7744 7765
f 7744 278 5316
f 7765 5316 1378
f 7761 7765 7764
f 2003 7764 7768
f 7764 1378 5313
f 7768 5313 279
f 7767 7768 7766
f 1999 7762 7770
f 7762 2003 7767
f 7770 7767 2002
f 7753 7770 7769
f 479 7771 7774
f 7771 2004 7772
f 7774 7772 2007
f 7754 7774 7773
f 2004 7775 7778
f 7775 481 7776
f 7778 7776 2005
f 7772 7778 7777
f 2007 7777 7782
f 7777 2005 7779
f 7782 7779 480
f 7781 7782 7780
f 2000 7773 7784
f 7773 2007 7781
f 7784 7781 2006
f 7757 7784 7783
f 479 7769 7787
f 7769 2002 7785
f 7787 7785 2009
f 7771 7787 7786
f 2002 7766 7789
f 7766 279 5367
f 7789 5367 1393
f 7785 7789 7788
f 2009 7788 7792
f 7788 1393 5364
f 7792 5364 288
f 7791 7792 7790
f 2004 7786 7794
f 7786 2009 7791
f 7794 7791 2008
f 7775 7794 7793
f 480 7795 7798
f 7795 2010 7796
f 7798 7796 2011
f 7780 7798 7797
f 2010 7799 7801
f 7799 304 5545
f 7801 5545 1440
f 7796 7801 7800
f 2011 7800 7803
f 7800 1440 5542
f 7803 5542 305
f 7802 7803 5589
f 2006 7797 7804
f 7797 2011 7802
f 7804 7802 1452
f 7783 7804 5586
f 308 5570 7807
f 5570 1446 7805
f 7807 7805 2012
f 6024 7807 7806
f 1446 5567 7809
f 5567 303 5534
f 7809 5534 1436
f 7805 7809 7808
f 2012 7808 7811
f 7808 1436 5531
f 7811 5531 257
f 7810 7811 5140
f 1573 7806 7812
f 7806 2012 7810
f 7812 7810 1329
f 6027 7812 5137
f 291 7813 7816
f 7813 2013 7814
f 7816 7814 2014
f 5402 7816 7815
f 2013 7817 7819
f 7817 287 5356
f 7819 5356 1389
f 7814 7819 7818
f 2014 7818 7821
f 7818 1389 5353
f 7821 5353 267
f 7820 7821 5210
f 1403 7815 7822
f 7815 2014 7820
f 7822 7820 1349
f 5405 7822 5207
f 483 7823 7827
f 7823 2015 7824
f 7827 7824 2018
f 7826 7827 7825
f 2015 7828 7831
f 7828 482 7829
f 7831 7829 2016
f 7824 7831 7830
f 2018 7830 7834
f 7830 2016 7832
f 7834 7832 54
f 7833 7834 2981
f 2017 7825 7836
f 7825 2018 7833
f 7836 7833 781
f 7835 7836 2978
f 483 7826 7840
f 7826 2017 7837
f 7840 7837 2020
f 7839 7840 7838
f 2017 7835 7842
f 7835 55 3005
f 7842 3005 787
f 7837 7842 7841
f 2020 7841 7844
f 7841 787 3002
f 7844 3002 56
f 7843 7844 3045
f 2019 7838 7846
f 7838 2020 7843
f 7846 7843 798
f 7845 7846 3042
f 485 7847 7850
f 7847 2021 7848
f 7850 7848 2024
f 3038 7850 7849
f 2021 7851 7854
f 7851 548 7852
f 7854 7852 2022
f 7848 7854 7853
f 2024 7853 7858
f 7853 2022 7855
f 7858 7855 518
f 7857 7858 7856
f 797 7849 7860
f 7849 2024 7857
f 7860 7857 2023
f 3041 7860 7859
f 485 3071 7863
f 3071 805 7861
f 7863 7861 2027
f 7847 7863 7862
f 805 3068 7866
f 3068 486 7864
f 7866 7864 2025
f 7861 7866 7865
f 2027 7865 7870
f 7865 2025 7867
f 7870 7867 519
f 7869 7870 7868
f 2021 7862 7872
f 7862 2027 7869
f 7872 7869 2026
f 7851 7872 7871
f 486 3067 7876
f 3067 804 7873
f 7876 7873 2030
f 7875 7876 7874
f 804 3064 7878
f 3064 86 4572
f 7878 4572 1196
f 7873 7878 7877
f 2030 7877 7881
f 7877 1196 4569
f 7881 4569 88
f 7880 7881 7879
f 2029 7874 7884
f 7874 2030 7880
f 7884 7880 2028
f 7883 7884 7882
f 487 7882 7888
f 7882 2028 7885
f 7888 7885 2033
f 7887 7888 7886
f 2028 7879 7890
f 7879 88 4536
f 7890 4536 1187
f 7885 7890 7889
f 2033 7889 7893
f 7889 1187 4533
f 7893 4533 90
f 7892 7893 7891
f 2032 7886 7896
f 7886 2033 7892
f 7896 7892 2031
f 7895 7896 7894
f 488 7894 7900
f 7894 2031 7897
f 7900 7897 2036
f 7899 7900 7898
f 2031 7891 7902
f 7891 90 4563
f 7902 4563 1194
f 7897 7902 7901
f 2036 7901 7905
f 7901 1194 4560
f 7905 4560 92
f 7904 7905 7903
f 2035 7898 7908
f 7898 2036 7904
f 7908 7904 2034
f 7907 7908 7906
f 489 7906 7912
f 7906 2034 7909
f 7912 7909 2039
f 7911 7912 7910
f 2034 7903 7914
f 7903 92 5023
f 7914 5023 1304
f 7909 7914 7913
f 2039 7913 7917
f 7913 1304 5020
f 7917 5020 94
f 7916 7917 7915
f 2038 7910 7920
f 7910 2039 7916
f 7920 7916 2037
f 7919 7920 7918
f 490 7918 7924
f 7918 2037 7921
f 7924 7921 2042
f 7923 7924 7922
f 2037 7915 7926
f 7915 94 5041
f 7926 5041 1307
f 7921 7926 7925
f 2042 7925 7929
f 7925 1307 5038
f 7929 5038 96
f 7928 7929 7927
f 2041 7922 7932
f 7922 2042 7928
f 7932 7928 2040
f 7931 7932 7930
f 491 7930 7936
f 7930 2040 7933
f 7936 7933 2045
f 7935 7936 7934
f 2040 7927 7938
f 7927 96 3372
f 7938 3372 887
f 7933 7938 7937
f 2045 7937 7941
f 7937 887 3369
f 7941 3369 98
f 7940 7941 7939
f 2044 7934 7944
f 7934 2045 7940
f 7944 7940 2043
f 7943 7944 7942
f 492 7942 7948
f 7942 2043 7945
f 7948 7945 2048
f 7947 7948 7946
f 2043 7939 7950
f 7939 98 3348
f 7950 3348 881
f 7945 7950 7949
f 2048 7949 7953
f 7949 881 3345
f 7953 3345 100
f 7952 7953 7951
f 2047 7946 7956
f 7946 2048 7952
f 7956 7952 2046
f 7955 7956 7954
f 493 7954 7960
f 7954 2046 7957
f 7960 7957 2051
f 7959 7960 7958
f 2046 7951 7962
f 7951 100 3324
f 7962 3324 875
f 7957 7962 7961
f 2051 7961 7965
f 7961 875 3321
f 7965 3321 102
f 7964 7965 7963
f 2050 7958 7968
f 7958 2051 7964
f 7968 7964 2049
f 7967 7968 7966
f 494 7966 7972
f 7966 2049 7969
f 7972 7969 2054
f 7971 7972 7970
f 2049 7963 7974
f 7963 102 3288
f 7974 3288 866
f 7969 7974 7973
f 2054 7973 7977
f 7973 866 3285
f 7977 3285 104
f 7976 7977 7975
f 2053 7970 7980
f 7970 2054 7976
f 7980 7976 2052
f 7979 7980 7978
f 495 7978 7984
f 7978 2052 7981
f 7984 7981 2057
f 7983 7984 7982
f 2052 7975 7986
f 7975 104 3260
f 7986 3260 859
f 7981 7986 7985
f 2057 7985 7989
f 7985 859 3255
f 7989 3255 106
f 7988 7989 7987
f 2056 7982 7992
f 7982 2057 7988
f 7992 7988 2055
f 7991 7992 7990
f 496 7990 7996
f 7990 2055 7993
f 7996 7993 2060
f 7995 7996 7994
f 2055 7987 7998
f 7987 106 3273
f 7998 3273 864
f 7993 7998 7997
f 2060 7997 8001
f 7997 864 3279
f 8001 3279 77
f 8000 8001 7999
f 2059 7994 8004
f 7994 2060 8000
f 8004 8000 2058
f 8003 8004 8002
f 497 8002 8008
f 8002 2058 8005
f 8008 8005 2063
f 8007 8008 8006
f 2058 7999 8010
f 7999 77 2927
f 8010 2927 767
f 8005 8010 8009
f 2063 8009 8013
f 8009 767 2924
f 8013 2924 76
f 8012 8013 8011
f 2062 8006 8016
f 8006 2063 8012
f 8016 8012 2061
f 8015 8016 8014
f 498 8014 8020
f 8014 2061 8017
f 8020 8017 2065
f 8019 8020 8018
f 2061 8011 8022
f 8011 76 2957
f 8022 2957 775
f 8017 8022 8021
f 2065 8021 8024
f 8021 775 2954
f 8024 2954 54
f 8023 8024 7832
f 2064 8018 8026
f 8018 2065 8023
f 8026 8023 2016
f 8025 8026 7829
f 499 8027 8031
f 8027 2066 8028
f 8031 8028 2069
f 8030 8031 8029
f 2066 8032 8034
f 8032 297 5701
f 8034 5701 1482
f 8028 8034 8033
f 2069 8033 8037
f 8033 1482 5698
f 8037 5698 296
f 8036 8037 8035
f 2068 8029 8040
f 8029 2069 8036
f 8040 8036 2067
f 8039 8040 8038
f 499 8041 8044
f 8041 2070 8042
f 8044 8042 2071
f 8027 8044 8043
f 2070 8045 8047
f 8045 501 5764
f 8047 5764 1498
f 8042 8047 8046
f 2071 8046 8049
f 8046 1498 5761
f 8049 5761 298
f 8048 8049 5725
f 2066 8043 8050
f 8043 2071 8048
f 8050 8048 1488
f 8032 8050 5722
f 502 5768 8054
f 5768 1499 8051
f 8054 8051 2075
f 8053 8054 8052
f 1499 5765 8057
f 5765 501 8055
f 8057 8055 2072
f 8051 8057 8056
f 2075 8056 8061
f 8056 2072 8058
f 8061 8058 534
f 8060 8061 8059
f 2074 8052 8064
f 8052 2075 8060
f 8064 8060 2073
f 8063 8064 8062
f 502 8053 8067
f 8053 2074 8065
f 8067 8065 2078
f 5788 8067 8066
f 2074 8063 8070
f 8063 549 8068
f 8070 8068 2076
f 8065 8070 8069
f 2078 8069 8074
f 8069 2076 8071
f 8074 8071 536
f 8073 8074 8072
f 1506 8066 8076
f 8066 2078 8073
f 8076 8073 2077
f 5791 8076 8075
f 503 8077 8080
f 8077 2079 8078
f 8080 8078 2081
f 5792 8080 8079
f 2079 8081 8084
f 8081 504 8082
f 8084 8082 2080
f 8078 8084 8083
f 2081 8083 8087
f 8083 2080 8085
f 8087 8085 329
f 8086 8087 7285
f 1507 8079 8088
f 8079 2081 8086
f 8088 8086 1892
f 5795 8088 7282
f 504 8089 8092
f 8089 2082 8090
f 8092 8090 2084
f 8082 8092 8091
f 2082 8093 8096
f 8093 505 8094
f 8096 8094 2083
f 8090 8096 8095
f 2084 8095 8099
f 8095 2083 8097
f 8099 8097 331
f 8098 8099 7250
f 2080 8091 8100
f 8091 2084 8098
f 8100 8098 1883
f 8085 8100 7247
f 505 8101 8104
f 8101 2085 8102
f 8104 8102 2087
f 8094 8104 8103
f 2085 8105 8108
f 8105 506 8106
f 8108 8106 2086
f 8102 8108 8107
f 2087 8107 8111
f 8107 2086 8109
f 8111 8109 333
f 8110 8111 7269
f 2083 8103 8112
f 8103 2087 8110
f 8112 8110 1888
f 8097 8112 7266
f 506 8113 8116
f 8113 2088 8114
f 8116 8114 2090
f 8106 8116 8115
f 2088 8117 8120
f 8117 507 8118
f 8120 8118 2089
f 8114 8120 8119
f 2090 8119 8123
f 8119 2089 8121
f 8123 8121 335
f 8122 8123 7715
f 2086 8115 8124
f 8115 2090 8122
f 8124 8122 1991
f 8109 8124 7712
f 507 8125 8128
f 8125 2091 8126
f 8128 8126 2093
f 8118 8128 8127
f 2091 8129 8132
f 8129 508 8130
f 8132 8130 2092
f 8126 8132 8131
f 2093 8131 8135
f 8131 2092 8133
f 8135 8133 337
f 8134 8135 7735
f 2089 8127 8136
f 8127 2093 8134
f 8136 8134 1995
f 8121 8136 7732
f 508 8137 8140
f 8137 2094 8138
f 8140 8138 2096
f 8130 8140 8139
f 2094 8141 8144
f 8141 509 8142
f 8144 8142 2095
f 8138 8144 8143
f 2096 8143 8147
f 8143 2095 8145
f 8147 8145 339
f 8146 8147 6101
f 2092 8139 8148
f 8139 2096 8146
f 8148 8146 1591
f 8133 8148 6098
f 509 8149 8152
f 8149 2097 8150
f 8152 8150 2099
f 8142 8152 8151
f 2097 8153 8156
f 8153 510 8154
f 8156 8154 2098
f 8150 8156 8155
f 2099 8155 8159
f 8155 2098 8157
f 8159 8157 341
f 8158 8159 6077
f 2095 8151 8160
f 8151 2099 8158
f 8160 8158 1585
f 8145 8160 6074
f 510 8161 8164
f 8161 2100 8162
f 8164 8162 2102
f 8154 8164 8163
f 2100 8165 8168
f 8165 511 8166
f 8168 8166 2101
f 8162 8168 8167
f 2102 8167 8171
f 8167 2101 8169
f 8171 8169 343
f 8170 8171 6053
f 2098 8163 8172
f 8163 2102 8170
f 8172 8170 1579
f 8157 8172 6050
f 511 8173 8176
f 8173 2103 8174
f 8176 8174 2105
f 8166 8176 8175
f 2103 8177 8180
f 8177 512 8178
f 8180 8178 2104
f 8174 8180 8179
f 2105 8179 8183
f 8179 2104 8181
f 8183 8181 345
f 8182 8183 6017
f 2101 8175 8184
f 8175 2105 8182
f 8184 8182 1570
f 8169 8184 6014
f 512 8185 8188
f 8185 2106 8186
f 8188 8186 2108
f 8178 8188 8187
f 2106 8189 8192
f 8189 513 8190
f 8192 8190 2107
f 8186 8192 8191
f 2108 8191 8195
f 8191 2107 8193
f 8195 8193 347
f 8194 8195 5982
f 2104 8187 8196
f 8187 2108 8194
f 8196 8194 1564
f 8181 8196 5993
f 513 8197 8200
f 8197 2109 8198
f 8200 8198 2111
f 8190 8200 8199
f 2109 8201 8204
f 8201 514 8202
f 8204 8202 2110
f 8198 8204 8203
f 2111 8203 8207
f 8203 2110 8205
f 8207 8205 318
f 8206 8207 5999
f 2107 8199 8208
f 8199 2111 8206
f 8208 8206 1566
f 8193 8208 5995
f 514 8209 8212
f 8209 2112 8210
f 8212 8210 2114
f 8202 8212 8211
f 2112 8213 8216
f 8213 515 8214
f 8216 8214 2113
f 8210 8216 8215
f 2114 8215 8219
f 8215 2113 8217
f 8219 8217 317
f 8218 8219 5654
f 2110 8211 8220
f 8211 2114 8218
f 8220 8218 1469
f 8205 8220 5651
f 515 8221 8224
f 8221 2115 8222
f 8224 8222 2116
f 8214 8224 8223
f 2115 8225 8227
f 8225 500 8038
f 8227 8038 2067
f 8222 8227 8226
f 2116 8226 8229
f 8226 2067 8035
f 8229 8035 296
f 8228 8229 5677
f 2113 8223 8230
f 8223 2116 8228
f 8230 8228 1476
f 8217 8230 5674
f 517 8231 8235
f 8231 2117 8232
f 8235 8232 2120
f 8234 8235 8233
f 2117 8236 8239
f 8236 516 8237
f 8239 8237 2118
f 8232 8239 8238
f 2120 8238 8242
f 8238 2118 8240
f 8242 8240 482
f 8241 8242 7828
f 2119 8233 8244
f 8233 2120 8241
f 8244 8241 2015
f 8243 8244 7823
f 517 8234 8248
f 8234 2119 8245
f 8248 8245 2122
f 8247 8248 8246
f 2119 8243 8250
f 8243 483 7839
f 8250 7839 2019
f 8245 8250 8249
f 2122 8249 8252
f 8249 2019 7845
f 8252 7845 484
f 8251 8252 7859
f 2121 8246 8254
f 8246 2122 8251
f 8254 8251 2023
f 8253 8254 7856
f 519 7867 8258
f 7867 2025 8255
f 8258 8255 2125
f 8257 8258 8256
f 2025 7864 8260
f 7864 486 7875
f 8260 7875 2029
f 8255 8260 8259
f 2125 8259 8263
f 8259 2029 7883
f 8263 7883 487
f 8262 8263 8261
f 2124 8256 8266
f 8256 2125 8262
f 8266 8262 2123
f 8265 8266 8264
f 520 8264 8270
f 8264 2123 8267
f 8270 8267 2128
f 8269 8270 8268
f 2123 8261 8272
f 8261 487 7887
f 8272 7887 2032
f 8267 8272 8271
f 2128 8271 8275
f 8271 2032 7895
f 8275 7895 488
f 8274 8275 8273
f 2127 8268 8278
f 8268 2128 8274
f 8278 8274 2126
f 8277 8278 8276
f 521 8276 8282
f 8276 2126 8279
f 8282 8279 2131
f 8281 8282 8280
f 2126 8273 8284
f 8273 488 7899
f 8284 7899 2035
f 8279 8284 8283
f 2131 8283 8287
f 8283 2035 7907
f 8287 7907 489
f 8286 8287 8285
f 2130 8280 8290
f 8280 2131 8286
f 8290 8286 2129
f 8289 8290 8288
f 522 8288 8294
f 8288 2129 8291
f 8294 8291 2134
f 8293 8294 8292
f 2129 8285 8296
f 8285 489 7911
f 8296 7911 2038
f 8291 8296 8295
f 2134 8295 8299
f 8295 2038 7919
f 8299 7919 490
f 8298 8299 8297
f 2133 8292 8302
f 8292 2134 8298
f 8302 8298 2132
f 8301 8302 8300
f 523 8300 8306
f 8300 2132 8303
f 8306 8303 2137
f 8305 8306 8304
f 2132 8297 8308
f 8297 490 7923
f 8308 7923 2041
f 8303 8308 8307
f 2137 8307 8311
f 8307 2041 7931
f 8311 7931 491
f 8310 8311 8309
f 2136 8304 8314
f 8304 2137 8310
f 8314 8310 2135
f 8313 8314 8312
f 524 8312 8318
f 8312 2135 8315
f 8318 8315 2140
f 8317 8318 8316
f 2135 8309 8320
f 8309 491 7935
f 8320 7935 2044
f 8315 8320 8319
f 2140 8319 8323
f 8319 2044 7943
f 8323 7943 492
f 8322 8323 8321
f 2139 8316 8326
f 8316 2140 8322
f 8326 8322 2138
f 8325 8326 8324
f 525 8324 8330
f 8324 2138 8327
f 8330 8327 2143
f 8329 8330 8328
f 2138 8321 8332
f 8321 492 7947
f 8332 7947 2047
f 8327 8332 8331
f 2143 8331 8335
f 8331 2047 7955
f 8335 7955 493
f 8334 8335 8333
f 2142 8328 8338
f 8328 2143 8334
f 8338 8334 2141
f 8337 8338 8336
f 526 8336 8342
f 8336 2141 8339
f 8342 8339 2146
f 8341 8342 8340
f 2141 8333 8344
f 8333 493 7959
f 8344 7959 2050
f 8339 8344 8343
f 2146 8343 8347
f 8343 2050 7967
f 8347 7967 494
f 8346 8347 8345
f 2145 8340 8350
f 8340 2146 8346
f 8350 8346 2144
f 8349 8350 8348
f 527 8348 8354
f 8348 2144 8351
f 8354 8351 2149
f 8353 8354 8352
f 2144 8345 8356
f 8345 494 7971
f 8356 7971 2053
f 8351 8356 8355
f 2149 8355 8359
f 8355 2053 7979
f 8359 7979 495
f 8358 8359 8357
f 2148 8352 8362
f 8352 2149 8358
f 8362 8358 2147
f 8361 8362 8360
f 528 8360 8366
f 8360 2147 8363
f 8366 8363 2152
f 8365 8366 8364
f 2147 8357 8368
f 8357 495 7983
f 8368 7983 2056
f 8363 8368 8367
f 2152 8367 8371
f 8367 2056 7991
f 8371 7991 496
f 8370 8371 8369
f 2151 8364 8374
f 8364 2152 8370
f 8374 8370 2150
f 8373 8374 8372
f 529 8372 8378
f 8372 2150 8375
f 8378 8375 2155
f 8377 8378 8376
f 2150 8369 8380
f 8369 496 7995
f 8380 7995 2059
f 8375 8380 8379
f 2155 8379 8383
f 8379 2059 8003
f 8383 8003 497
f 8382 8383 8381
f 2154 8376 8386
f 8376 2155 8382
f 8386 8382 2153
f 8385 8386 8384
f 530 8384 8390
f 8384 2153 8387
f 8390 8387 2158
f 8389 8390 8388
f 2153 8381 8392
f 8381 497 8007
f 8392 8007 2062
f 8387 8392 8391
f 2158 8391 8395
f 8391 2062 8015
f 8395 8015 498
f 8394 8395 8393
f 2157 8388 8398
f 8388 2158 8394
f 8398 8394 2156
f 8397 8398 8396
f 531 8396 8402
f 8396 2156 8399
f 8402 8399 2160
f 8401 8402 8400
f 2156 8393 8404
f 8393 498 8019
f 8404 8019 2064
f 8399 8404 8403
f 2160 8403 8406
f 8403 2064 8025
f 8406 8025 482
f 8405 8406 8240
f 2159 8400 8408
f 8400 2160 8405
f 8408 8405 2118
f 8407 8408 8237
f 532 8409 8413
f 8409 2161 8410
f 8413 8410 2164
f 8412 8413 8411
f 2161 8414 8416
f 8414 499 8030
f 8416 8030 2068
f 8410 8416 8415
f 2164 8415 8419
f 8415 2068 8039
f 8419 8039 500
f 8418 8419 8417
f 2163 8411 8422
f 8411 2164 8418
f 8422 8418 2162
f 8421 8422 8420
f 532 8423 8426
f 8423 2165 8424
f 8426 8424 2166
f 8409 8426 8425
f 2165 8427 8429
f 8427 534 8058
f 8429 8058 2072
f 8424 8429 8428
f 2166 8428 8431
f 8428 2072 8055
f 8431 8055 501
f 8430 8431 8045
f 2161 8425 8432
f 8425 2166 8430
f 8432 8430 2070
f 8414 8432 8041
f 536 8433 8436
f 8433 2167 8434
f 8436 8434 2169
f 8072 8436 8435
f 2167 8437 8440
f 8437 535 8438
f 8440 8438 2168
f 8434 8440 8439
f 2169 8439 8443
f 8439 2168 8441
f 8443 8441 504
f 8442 8443 8081
f 2077 8435 8444
f 8435 2169 8442
f 8444 8442 2079
f 8075 8444 8077
f 535 8445 8448
f 8445 2170 8446
f 8448 8446 2172
f 8438 8448 8447
f 2170 8449 8452
f 8449 537 8450
f 8452 8450 2171
f 8446 8452 8451
f 2172 8451 8455
f 8451 2171 8453
f 8455 8453 505
f 8454 8455 8093
f 2168 8447 8456
f 8447 2172 8454
f 8456 8454 2082
f 8441 8456 8089
f 537 8457 8460
f 8457 2173 8458
f 8460 8458 2175
f 8450 8460 8459
f 2173 8461 8464
f 8461 538 8462
f 8464 8462 2174
f 8458 8464 8463
f 2175 8463 8467
f 8463 2174 8465
f 8467 8465 506
f 8466 8467 8105
f 2171 8459 8468
f 8459 2175 8466
f 8468 8466 2085
f 8453 8468 8101
f 538 8469 8472
f 8469 2176 8470
f 8472 8470 2178
f 8462 8472 8471
f 2176 8473 8476
f 8473 539 8474
f 8476 8474 2177
f 8470 8476 8475
f 2178 8475 8479
f 8475 2177 8477
f 8479 8477 507
f 8478 8479 8117
f 2174 8471 8480
f 8471 2178 8478
f 8480 8478 2088
f 8465 8480 8113
f 539 8481 8484
f 8481 2179 8482
f 8484 8482 2181
f 8474 8484 8483
f 2179 8485 8488
f 8485 540 8486
f 8488 8486 2180
f 8482 8488 8487
f 2181 8487 8491
f 8487 2180 8489
f 8491 8489 508
f 8490 8491 8129
f 2177 8483 8492
f 8483 2181 8490
f 8492 8490 2091
f 8477 8492 8125
f 540 8493 8496
f 8493 2182 8494
f 8496 8494 2184
f 8486 8496 8495
f 2182 8497 8500
f 8497 541 8498
f 8500 8498 2183
f 8494 8500 8499
f 2184 8499 8503
f 8499 2183 8501
f 8503 8501 509
f 8502 8503 8141
f 2180 8495 8504
f 8495 2184 8502
f 8504 8502 2094
f 8489 8504 8137
f 541 8505 8508
f 8505 2185 8506
f 8508 8506 2187
f 8498 8508 8507
f 2185 8509 8512
f 8509 542 8510
f 8512 8510 2186
f 8506 8512 8511
f 2187 8511 8515
f 8511 2186 8513
f 8515 8513 510
f 8514 8515 8153
f 2183 8507 8516
f 8507 2187 8514
f 8516 8514 2097
f 8501 8516 8149
f 542 8517 8520
f 8517 2188 8518
f 8520 8518 2190
f 8510 8520 8519
f 2188 8521 8524
f 8521 543 8522
f 8524 8522 2189
f 8518 8524 8523
f 2190 8523 8527
f 8523 2189 8525
f 8527 8525 511
f 8526 8527 8165
f 2186 8519 8528
f 8519 2190 8526
f 8528 8526 2100
f 8513 8528 8161
f 543 8529 8532
f 8529 2191 8530
f 8532 8530 2193
f 8522 8532 8531
f 2191 8533 8536
f 8533 544 8534
f 8536 8534 2192
f 8530 8536 8535
f 2193 8535 8539
f 8535 2192 8537
f 8539 8537 512
f 8538 8539 8177
f 2189 8531 8540
f 8531 2193 8538
f 8540 8538 2103
f 8525 8540 8173
f 544 8541 8544
f 8541 2194 8542
f 8544 8542 2196
f 8534 8544 8543
f 2194 8545 8548
f 8545 545 8546
f 8548 8546 2195
f 8542 8548 8547
f 2196 8547 8551
f 8547 2195 8549
f 8551 8549 513
f 8550 8551 8189
f 2192 8543 8552
f 8543 2196 8550
f 8552 8550 2106
f 8537 8552 8185
f 545 8553 8556
f 8553 2197 8554
f 8556 8554 2199
f 8546 8556 8555
f 2197 8557 8560
f 8557 546 8558
f 8560 8558 2198
f 8554 8560 8559
f 2199 8559 8563
f 8559 2198 8561
f 8563 8561 514
f 8562 8563 8201
f 2195 8555 8564
f 8555 2199 8562
f 8564 8562 2109
f 8549 8564 8197
f 546 8565 8568
f 8565 2200 8566
f 8568 8566 2202
f 8558 8568 8567
f 2200 8569 8572
f 8569 547 8570
f 8572 8570 2201
f 8566 8572 8571
f 2202 8571 8575
f 8571 2201 8573
f 8575 8573 515
f 8574 8575 8213
f 2198 8567 8576
f 8567 2202 8574
f 8576 8574 2112
f 8561 8576 8209
f 547 8577 8580
f 8577 2203 8578
f 8580 8578 2204
f 8570 8580 8579
f 2203 8581 8583
f 8581 533 8420
f 8583 8420 2162
f 8578 8583 8582
f 2204 8582 8585
f 8582 2162 8417
f 8585 8417 500
f 8584 8585 8225
f 2201 8579 8586
f 8579 2204 8584
f 8586 8584 2115
f 8573 8586 8221
f 548 8587 8590
f 8587 2205 8588
f 8590 8588 2208
f 7852 8590 8589
f 2205 8591 8594
f 8591 582 8592
f 8594 8592 2206
f 8588 8594 8593
f 2208 8593 8598
f 8593 2206 8595
f 8598 8595 552
f 8597 8598 8596
f 2022 8589 8600
f 8589 2208 8597
f 8600 8597 2207
f 7855 8600 8599
f 548 7871 8603
f 7871 2026 8601
f 8603 8601 2211
f 8587 8603 8602
f 2026 7868 8606
f 7868 519 8604
f 8606 8604 2209
f 8601 8606 8605
f 2211 8605 8610
f 8605 2209 8607
f 8610 8607 553
f 8609 8610 8608
f 2205 8602 8612
f 8602 2211 8609
f 8612 8609 2210
f 8591 8612 8611
f 549 8062 8616
f 8062 2073 8613
f 8616 8613 2215
f 8615 8616 8614
f 2073 8059 8619
f 8059 534 8617
f 8619 8617 2212
f 8613 8619 8618
f 2215 8618 8623
f 8618 2212 8620
f 8623 8620 568
f 8622 8623 8621
f 2214 8614 8626
f 8614 2215 8622
f 8626 8622 2213
f 8625 8626 8624
f 549 8615 8629
f 8615 2214 8627
f 8629 8627 2218
f 8068 8629 8628
f 2214 8625 8632
f 8625 583 8630
f 8632 8630 2216
f 8627 8632 8631
f 2218 8631 8636
f 8631 2216 8633
f 8636 8633 570
f 8635 8636 8634
f 2076 8628 8638
f 8628 2218 8635
f 8638 8635 2217
f 8071 8638 8637
f 551 8639 8643
f 8639 2219 8640
f 8643 8640 2222
f 8642 8643 8641
f 2219 8644 8647
f 8644 550 8645
f 8647 8645 2220
f 8640 8647 8646
f 2222 8646 8650
f 8646 2220 8648
f 8650 8648 516
f 8649 8650 8236
f 2221 8641 8652
f 8641 2222 8649
f 8652 8649 2117
f 8651 8652 8231
f 551 8642 8656
f 8642 2221 8653
f 8656 8653 2224
f 8655 8656 8654
f 2221 8651 8658
f 8651 517 8247
f 8658 8247 2121
f 8653 8658 8657
f 2224 8657 8660
f 8657 2121 8253
f 8660 8253 518
f 8659 8660 8599
f 2223 8654 8662
f 8654 2224 8659
f 8662 8659 2207
f 8661 8662 8596
f 553 8607 8666
f 8607 2209 8663
f 8666 8663 2227
f 8665 8666 8664
f 2209 8604 8668
f 8604 519 8257
f 8668 8257 2124
f 8663 8668 8667
f 2227 8667 8671
f 8667 2124 8265
f 8671 8265 520
f 8670 8671 8669
f 2226 8664 8674
f 8664 2227 8670
f 8674 8670 2225
f 8673 8674 8672
f 554 8672 8678
f 8672 2225 8675
f 8678 8675 2230
f 8677 8678 8676
f 2225 8669 8680
f 8669 520 8269
f 8680 8269 2127
f 8675 8680 8679
f 2230 8679 8683
f 8679 2127 8277
f 8683 8277 521
f 8682 8683 8681
f 2229 8676 8686
f 8676 2230 8682
f 8686 8682 2228
f 8685 8686 8684
f 555 8684 8690
f 8684 2228 8687
f 8690 8687 2233
f 8689 8690 8688
f 2228 8681 8692
f 8681 521 8281
f 8692 8281 2130
f 8687 8692 8691
f 2233 8691 8695
f 8691 2130 8289
f 8695 8289 522
f 8694 8695 8693
f 2232 8688 8698
f 8688 2233 8694
f 8698 8694 2231
f 8697 8698 8696
f 556 8696 8702
f 8696 2231 8699
f 8702 8699 2236
f 8701 8702 8700
f 2231 8693 8704
f 8693 522 8293
f 8704 8293 2133
f 8699 8704 8703
f 2236 8703 8707
f 8703 2133 8301
f 8707 8301 523
f 8706 8707 8705
f 2235 8700 8710
f 8700 2236 8706
f 8710 8706 2234
f 8709 8710 8708
f 557 8708 8714
f 8708 2234 8711
f 8714 8711 2239
f 8713 8714 8712
f 2234 8705 8716
f 8705 523 8305
f 8716 8305 2136
f 8711 8716 8715
f 2239 8715 8719
f 8715 2136 8313
f 8719 8313 524
f 8718 8719 8717
f 2238 8712 8722
f 8712 2239 8718
f 8722 8718 2237
f 8721 8722 8720
f 558 8720 8726
f 8720 2237 8723
f 8726 8723 2242
f 8725 8726 8724
f 2237 8717 8728
f 8717 524 8317
f 8728 8317 2139
f 8723 8728 8727
f 2242 8727 8731
f 8727 2139 8325
f 8731 8325 525
f 8730 8731 8729
f 2241 8724 8734
f 8724 2242 8730
f 8734 8730 2240
f 8733 8734 8732
f 559 8732 8738
f 8732 2240 8735
f 8738 8735 2245
f 8737 8738 8736
f 2240 8729 8740
f 8729 525 8329
f 8740 8329 2142
f 8735 8740 8739
f 2245 8739 8743
f 8739 2142 8337
f 8743 8337 526
f 8742 8743 8741
f 2244 8736 8746
f 8736 2245 8742
f 8746 8742 2243
f 8745 8746 8744
f 560 8744 8750
f 8744 2243 8747
f 8750 8747 2248
f 8749 8750 8748
f 2243 8741 8752
f 8741 526 8341
f 8752 8341 2145
f 8747 8752 8751
f 2248 8751 8755
f 8751 2145 8349
f 8755 8349 527
f 8754 8755 8753
f 2247 8748 8758
f 8748 2248 8754
f 8758 8754 2246
f 8757 8758 8756
f 561 8756 8762
f 8756 2246 8759
f 8762 8759 2251
f 8761 8762 8760
f 2246 8753 8764
f 8753 527 8353
f 8764 8353 2148
f 8759 8764 8763
f 2251 8763 8767
f 8763 2148 8361
f 8767 8361 528
f 8766 8767 8765
f 2250 8760 8770
f 8760 2251 8766
f 8770 8766 2249
f 8769 8770 8768
f 562 8768 8774
f 8768 2249 8771
f 8774 8771 2254
f 8773 8774 8772
f 2249 8765 8776
f 8765 528 8365
f 8776 8365 2151
f 8771 8776 8775
f 2254 8775 8779
f 8775 2151 8373
f 8779 8373 529
f 8778 8779 8777
f 2253 8772 8782
f 8772 2254 8778
f 8782 8778 2252
f 8781 8782 8780
f 563 8780 8786
f 8780 2252 8783
f 8786 8783 2257
f 8785 8786 8784
f 2252 8777 8788
f 8777 529 8377
f 8788 8377 2154
f 8783 8788 8787
f 2257 8787 8791
f 8787 2154 8385
f 8791 8385 530
f 8790 8791 8789
f 2256 8784 8794
f 8784 2257 8790
f 8794 8790 2255
f 8793 8794 8792
f 564 8792 8798
f 8792 2255 8795
f 8798 8795 2260
f 8797 8798 8796
f 2255 8789 8800
f 8789 530 8389
f 8800 8389 2157
f 8795 8800 8799
f 2260 8799 8803
f 8799 2157 8397
f 8803 8397 531
f 8802 8803 8801
f 2259 8796 8806
f 8796 2260 8802
f 8806 8802 2258
f 8805 8806 8804
f 565 8804 8810
f 8804 2258 8807
f 8810 8807 2262
f 8809 8810 8808
f 2258 8801 8812
f 8801 531 8401
f 8812 8401 2159
f 8807 8812 8811
f 2262 8811 8814
f 8811 2159 8407
f 8814 8407 516
f 8813 8814 8648
f 2261 8808 8816
f 8808 2262 8813
f 8816 8813 2220
f 8815 8816 8645
f 566 8817 8821
f 8817 2263 8818
f 8821 8818 2266
f 8820 8821 8819
f 2263 8822 8824
f 8822 532 8412
f 8824 8412 2163
f 8818 8824 8823
f 2266 8823 8827
f 8823 2163 8421
f 8827 8421 533
f 8826 8827 8825
f 2265 8819 8830
f 8819 2266 8826
f 8830 8826 2264
f 8829 8830 8828
f 566 8831 8834
f 8831 2267 8832
f 8834 8832 2268
f 8817 8834 8833
f 2267 8835 8837
f 8835 568 8620
f 8837 8620 2212
f 8832 8837 8836
f 2268 8836 8839
f 8836 2212 8617
f 8839 8617 534
f 8838 8839 8427
f 2263 8833 8840
f 8833 2268 8838
f 8840 8838 2165
f 8822 8840 8423
f 570 8841 8844
f 8841 2269 8842
f 8844 8842 2271
f 8634 8844 8843
f 2269 8845 8848
f 8845 569 8846
f 8848 8846 2270
f 8842 8848 8847
f 2271 8847 8851
f 8847 2270 8849
f 8851 8849 535
f 8850 8851 8437
f 2217 8843 8852
f 8843 2271 8850
f 8852 8850 2167
f 8637 8852 8433
f 569 8853 8856
f 8853 2272 8854
f 8856 8854 2274
f 8846 8856 8855
f 2272 8857 8860
f 8857 571 8858
f 8860 8858 2273
f 8854 8860 8859
f 2274 8859 8863
f 8859 2273 8861
f 8863 8861 537
f 8862 8863 8449
f 2270 8855 8864
f 8855 2274 8862
f 8864 8862 2170
f 8849 8864 8445
f 571 8865 8868
f 8865 2275 8866
f 8868 8866 2277
f 8858 8868 8867
f 2275 8869 8872
f 8869 572 8870
f 8872 8870 2276
f 8866 8872 8871
f 2277 8871 8875
f 8871 2276 8873
f 8875 8873 538
f 8874 8875 8461
f 2273 8867 8876
f 8867 2277 8874
f 8876 8874 2173
f 8861 8876 8457
f 572 8877 8880
f 8877 2278 8878
f 8880 8878 2280
f 8870 8880 8879
f 2278 8881 8884
f 8881 573 8882
f 8884 8882 2279
f 8878 8884 8883
f 2280 8883 8887
f 8883 2279 8885
f 8887 8885 539
f 8886 8887 8473
f 2276 8879 8888
f 8879 2280 8886
f 8888 8886 2176
f 8873 8888 8469
f 573 8889 8892
f 8889 2281 8890
f 8892 8890 2283
f 8882 8892 8891
f 2281 8893 8896
f 8893 574 8894
f 8896 8894 2282
f 8890 8896 8895
f 2283 8895 8899
f 8895 2282 8897
f 8899 8897 540
f 8898 8899 8485
f 2279 8891 8900
f 8891 2283 8898
f 8900 8898 2179
f 8885 8900 8481
f 574 8901 8904
f 8901 2284 8902
f 8904 8902 2286
f 8894 8904 8903
f 2284 8905 8908
f 8905 575 8906
f 8908 8906 2285
f 8902 8908 8907
f 2286 8907 8911
f 8907 2285 8909
f 8911 8909 541
f 8910 8911 8497
f 2282 8903 8912
f 8903 2286 8910
f 8912 8910 2182
f 8897 8912 8493
f 575 8913 8916
f 8913 2287 8914
f 8916 8914 2289
f 8906 8916 8915
f 2287 8917 8920
f 8917 576 8918
f 8920 8918 2288
f 8914 8920 8919
f 2289 8919 8923
f 8919 2288 8921
f 8923 8921 542
f 8922 8923 8509
f 2285 8915 8924
f 8915 2289 8922
f 8924 8922 2185
f 8909 8924 8505
f 576 8925 8928
f 8925 2290 8926
f 8928 8926 2292
f 8918 8928 8927
f 2290 8929 8932
f 8929 577 8930
f 8932 8930 2291
f 8926 8932 8931
f 2292 8931 8935
f 8931 2291 8933
f 8935 8933 543
f 8934 8935 8521
f 2288 8927 8936
f 8927 2292 8934
f 8936 8934 2188
f 8921 8936 8517
f 577 8937 8940
f 8937 2293 8938
f 8940 8938 2295
f 8930 8940 8939
f 2293 8941 8944
f 8941 578 8942
f 8944 8942 2294
f 8938 8944 8943
f 2295 8943 8947
f 8943 2294 8945
f 8947 8945 544
f 8946 8947 8533
f 2291 8939 8948
f 8939 2295 8946
f 8948 8946 2191
f 8933 8948 8529
f 578 8949 8952
f 8949 2296 8950
f 8952 8950 2298
f 8942 8952 8951
f 2296 8953 8956
f 8953 579 8954
f 8956 8954 2297
f 8950 8956 8955
f 2298 8955 8959
f 8955 2297 8957
f 8959 8957 545
f 8958 8959 8545
f 2294 8951 8960
f 8951 2298 8958
f 8960 8958 2194
f 8945 8960 8541
f 579 8961 8964
f 8961 2299 8962
f 8964 8962 2301
f 8954 8964 8963
f 2299 8965 8968
f 8965 580 8966
f 8968 8966 2300
f 8962 8968 8967
f 2301 8967 8971
f 8967 2300 8969
f 8971 8969 546
f 8970 8971 8557
f 2297 8963 8972
f 8963 2301 8970
f 8972 8970 2197
f 8957 8972 8553
f 580 8973 8976
f 8973 2302 8974
f 8976 8974 2304
f 8966 8976 8975
f 2302 8977 8980
f 8977 581 8978
f 8980 8978 2303
f 8974 8980 8979
f 2304 8979 8983
f 8979 2303 8981
f 8983 8981 547
f 8982 8983 8569
f 2300 8975 8984
f 8975 2304 8982
f 8984 8982 2200
f 8969 8984 8565
f 581 8985 8988
f 8985 2305 8986
f 8988 8986 2306
f 8978 8988 8987
f 2305 8989 8991
f 8989 567 8828
f 8991 8828 2264
f 8986 8991 8990
f 2306 8990 8993
f 8990 2264 8825
f 8993 8825 533
f 8992 8993 8581
f 2303 8987 8994
f 8987 2306 8992
f 8994 8992 2203
f 8981 8994 8577
f 582 8995 8998
f 8995 2307 8996
f 8998 8996 2310
f 8592 8998 8997
f 2307 8999 9002
f 8999 616 9000
f 9002 9000 2308
f 8996 9002 9001
f 2310 9001 9006
f 9001 2308 9003
f 9006 9003 586
f 9005 9006 9004
f 2206 8997 9008
f 8997 2310 9005
f 9008 9005 2309
f 8595 9008 9007
f 582 8611 9011
f 8611 2210 9009
f 9011 9009 2313
f 8995 9011 9010
f 2210 8608 9014
f 8608 553 9012
f 9014 9012 2311
f 9009 9014 9013
f 2313 9013 9018
f 9013 2311 9015
f 9018 9015 587
f 9017 9018 9016
f 2307 9010 9020
f 9010 2313 9017
f 9020 9017 2312
f 8999 9020 9019
f 583 8624 9024
f 8624 2213 9021
f 9024 9021 2317
f 9023 9024 9022
f 2213 8621 9027
f 8621 568 9025
f 9027 9025 2314
f 9021 9027 9026
f 2317 9026 9031
f 9026 2314 9028
f 9031 9028 602
f 9030 9031 9029
f 2316 9022 9034
f 9022 2317 9030
f 9034 9030 2315
f 9033 9034 9032
f 583 9023 9037
f 9023 2316 9035
f 9037 9035 2320
f 8630 9037 9036
f 2316 9033 9040
f 9033 617 9038
f 9040 9038 2318
f 9035 9040 9039
f 2320 9039 9044
f 9039 2318 9041
f 9044 9041 604
f 9043 9044 9042
f 2216 9036 9046
f 9036 2320 9043
f 9046 9043 2319
f 8633 9046 9045
f 585 2722 9050
f 2722 711 9047
f 9050 9047 2323
f 9049 9050 9048
f 711 2719 9053
f 2719 584 9051
f 9053 9051 2321
f 9047 9053 9052
f 2323 9052 9056
f 9052 2321 9054
f 9056 9054 550
f 9055 9056 8644
f 2322 9048 9058
f 9048 2323 9055
f 9058 9055 2219
f 9057 9058 8639
f 585 9049 9061
f 9049 2322 9059
f 9061 9059 2324
f 2729 9061 9060
f 2322 9057 9063
f 9057 551 8655
f 9063 8655 2223
f 9059 9063 9062
f 2324 9062 9065
f 9062 2223 8661
f 9065 8661 552
f 9064 9065 9007
f 714 9060 9066
f 9060 2324 9064
f 9066 9064 2309
f 2732 9066 9004
f 587 9015 9069
f 9015 2311 9067
f 9069 9067 2326
f 3079 9069 9068
f 2311 9012 9071
f 9012 553 8665
f 9071 8665 2226
f 9067 9071 9070
f 2326 9070 9074
f 9070 2226 8673
f 9074 8673 554
f 9073 9074 9072
f 808 9068 9076
f 9068 2326 9073
f 9076 9073 2325
f 3082 9076 9075
f 588 9075 9079
f 9075 2325 9077
f 9079 9077 2328
f 3093 9079 9078
f 2325 9072 9081
f 9072 554 8677
f 9081 8677 2229
f 9077 9081 9080
f 2328 9080 9084
f 9080 2229 8685
f 9084 8685 555
f 9083 9084 9082
f 812 9078 9086
f 9078 2328 9083
f 9086 9083 2327
f 3096 9086 9085
f 589 9085 9089
f 9085 2327 9087
f 9089 9087 2330
f 3107 9089 9088
f 2327 9082 9091
f 9082 555 8689
f 9091 8689 2232
f 9087 9091 9090
f 2330 9090 9094
f 9090 2232 8697
f 9094 8697 556
f 9093 9094 9092
f 816 9088 9096
f 9088 2330 9093
f 9096 9093 2329
f 3110 9096 9095
f 590 9095 9099
f 9095 2329 9097
f 9099 9097 2332
f 3121 9099 9098
f 2329 9092 9101
f 9092 556 8701
f 9101 8701 2235
f 9097 9101 9100
f 2332 9100 9104
f 9100 2235 8709
f 9104 8709 557
f 9103 9104 9102
f 820 9098 9106
f 9098 2332 9103
f 9106 9103 2331
f 3124 9106 9105
f 591 9105 9109
f 9105 2331 9107
f 9109 9107 2334
f 3135 9109 9108
f 2331 9102 9111
f 9102 557 8713
f 9111 8713 2238
f 9107 9111 9110
f 2334 9110 9114
f 9110 2238 8721
f 9114 8721 558
f 9113 9114 9112
f 824 9108 9116
f 9108 2334 9113
f 9116 9113 2333
f 3138 9116 9115
f 592 9115 9119
f 9115 2333 9117
f 9119 9117 2336
f 3149 9119 9118
f 2333 9112 9121
f 9112 558 8725
f 9121 8725 2241
f 9117 9121 9120
f 2336 9120 9124
f 9120 2241 8733
f 9124 8733 559
f 9123 9124 9122
f 828 9118 9126
f 9118 2336 9123
f 9126 9123 2335
f 3152 9126 9125
f 593 9125 9129
f 9125 2335 9127
f 9129 9127 2338
f 3163 9129 9128
f 2335 9122 9131
f 9122 559 8737
f 9131 8737 2244
f 9127 9131 9130
f 2338 9130 9134
f 9130 2244 8745
f 9134 8745 560
f 9133 9134 9132
f 832 9128 9136
f 9128 2338 9133
f 9136 9133 2337
f 3166 9136 9135
f 594 9135 9139
f 9135 2337 9137
f 9139 9137 2340
f 3177 9139 9138
f 2337 9132 9141
f 9132 560 8749
f 9141 8749 2247
f 9137 9141 9140
f 2340 9140 9144
f 9140 2247 8757
f 9144 8757 561
f 9143 9144 9142
f 836 9138 9146
f 9138 2340 9143
f 9146 9143 2339
f 3180 9146 9145
f 595 9145 9149
f 9145 2339 9147
f 9149 9147 2342
f 3191 9149 9148
f 2339 9142 9151
f 9142 561 8761
f 9151 8761 2250
f 9147 9151 9150
f 2342 9150 9154
f 9150 2250 8769
f 9154 8769 562
f 9153 9154 9152
f 840 9148 9156
f 9148 2342 9153
f 9156 9153 2341
f 3194 9156 9155
f 596 9155 9159
f 9155 2341 9157
f 9159 9157 2344
f 3205 9159 9158
f 2341 9152 9161
f 9152 562 8773
f 9161 8773 2253
f 9157 9161 9160
f 2344 9160 9164
f 9160 2253 8781
f 9164 8781 563
f 9163 9164 9162
f 844 9158 9166
f 9158 2344 9163
f 9166 9163 2343
f 3208 9166 9165
f 597 9165 9169
f 9165 2343 9167
f 9169 9167 2346
f 3219 9169 9168
f 2343 9162 9171
f 9162 563 8785
f 9171 8785 2256
f 9167 9171 9170
f 2346 9170 9174
f 9170 2256 8793
f 9174 8793 564
f 9173 9174 9172
f 848 9168 9176
f 9168 2346 9173
f 9176 9173 2345
f 3222 9176 9175
f 598 9175 9179
f 9175 2345 9177
f 9179 9177 2348
f 3233 9179 9178
f 2345 9172 9181
f 9172 564 8797
f 9181 8797 2259
f 9177 9181 9180
f 2348 9180 9184
f 9180 2259 8805
f 9184 8805 565
f 9183 9184 9182
f 852 9178 9186
f 9178 2348 9183
f 9186 9183 2347
f 3236 9186 9185
f 599 9185 9189
f 9185 2347 9187
f 9189 9187 2349
f 3247 9189 9188
f 2347 9182 9191
f 9182 565 8809
f 9191 8809 2261
f 9187 9191 9190
f 2349 9190 9193
f 9190 2261 8815
f 9193 8815 550
f 9192 9193 9054
f 856 9188 9194
f 9188 2349 9192
f 9194 9192 2321
f 3250 9194 9051
f 600 9195 9198
f 9195 2350 9196
f 9198 9196 2352
f 5443 9198 9197
f 2350 9199 9201
f 9199 566 8820
f 9201 8820 2265
f 9196 9201 9200
f 2352 9200 9204
f 9200 2265 8829
f 9204 8829 567
f 9203 9204 9202
f 1414 9197 9206
f 9197 2352 9203
f 9206 9203 2351
f 5446 9206 9205
f 600 5465 9209
f 5465 1420 9207
f 9209 9207 2353
f 9195 9209 9208
f 1420 5462 9211
f 5462 602 9028
f 9211 9028 2314
f 9207 9211 9210
f 2353 9210 9213
f 9210 2314 9025
f 9213 9025 568
f 9212 9213 8835
f 2350 9208 9214
f 9208 2353 9212
f 9214 9212 2267
f 9199 9214 8831
f 604 5810 9217
f 5810 1511 9215
f 9217 9215 2355
f 9042 9217 9216
f 1511 5807 9220
f 5807 603 9218
f 9220 9218 2354
f 9215 9220 9219
f 2355 9219 9223
f 9219 2354 9221
f 9223 9221 569
f 9222 9223 8845
f 2319 9216 9224
f 9216 2355 9222
f 9224 9222 2269
f 9045 9224 8841
f 603 5825 9227
f 5825 1516 9225
f 9227 9225 2357
f 9218 9227 9226
f 1516 5822 9230
f 5822 605 9228
f 9230 9228 2356
f 9225 9230 9229
f 2357 9229 9233
f 9229 2356 9231
f 9233 9231 571
f 9232 9233 8857
f 2354 9226 9234
f 9226 2357 9232
f 9234 9232 2272
f 9221 9234 8853
f 605 5839 9237
f 5839 1520 9235
f 9237 9235 2359
f 9228 9237 9236
f 1520 5836 9240
f 5836 606 9238
f 9240 9238 2358
f 9235 9240 9239
f 2359 9239 9243
f 9239 2358 9241
f 9243 9241 572
f 9242 9243 8869
f 2356 9236 9244
f 9236 2359 9242
f 9244 9242 2275
f 9231 9244 8865
f 606 5853 9247
f 5853 1524 9245
f 9247 9245 2361
f 9238 9247 9246
f 1524 5850 9250
f 5850 607 9248
f 9250 9248 2360
f 9245 9250 9249
f 2361 9249 9253
f 9249 2360 9251
f 9253 9251 573
f 9252 9253 8881
f 2358 9246 9254
f 9246 2361 9252
f 9254 9252 2278
f 9241 9254 8877
f 607 5867 9257
f 5867 1528 9255
f 9257 9255 2363
f 9248 9257 9256
f 1528 5864 9260
f 5864 608 9258
f 9260 9258 2362
f 9255 9260 9259
f 2363 9259 9263
f 9259 2362 9261
f 9263 9261 574
f 9262 9263 8893
f 2360 9256 9264
f 9256 2363 9262
f 9264 9262 2281
f 9251 9264 8889
f 608 5881 9267
f 5881 1532 9265
f 9267 9265 2365
f 9258 9267 9266
f 1532 5878 9270
f 5878 609 9268
f 9270 9268 2364
f 9265 9270 9269
f 2365 9269 9273
f 9269 2364 9271
f 9273 9271 575
f 9272 9273 8905
f 2362 9266 9274
f 9266 2365 9272
f 9274 9272 2284
f 9261 9274 8901
f 609 5895 9277
f 5895 1536 9275
f 9277 9275 2367
f 9268 9277 9276
f 1536 5892 9280
f 5892 610 9278
f 9280 9278 2366
f 9275 9280 9279
f 2367 9279 9283
f 9279 2366 9281
f 9283 9281 576
f 9282 9283 8917
f 2364 9276 9284
f 9276 2367 9282
f 9284 9282 2287
f 9271 9284 8913
f 610 5909 9287
f 5909 1540 9285
f 9287 9285 2369
f 9278 9287 9286
f 1540 5906 9290
f 5906 611 9288
f 9290 9288 2368
f 9285 9290 9289
f 2369 9289 9293
f 9289 2368 9291
f 9293 9291 577
f 9292 9293 8929
f 2366 9286 9294
f 9286 2369 9292
f 9294 9292 2290
f 9281 9294 8925
f 611 5923 9297
f 5923 1544 9295
f 9297 9295 2371
f 9288 9297 9296
f 1544 5920 9300
f 5920 612 9298
f 9300 9298 2370
f 9295 9300 9299
f 2371 9299 9303
f 9299 2370 9301
f 9303 9301 578
f 9302 9303 8941
f 2368 9296 9304
f 9296 2371 9302
f 9304 9302 2293
f 9291 9304 8937
f 612 5937 9307
f 5937 1548 9305
f 9307 9305 2373
f 9298 9307 9306
f 1548 5934 9310
f 5934 613 9308
f 9310 9308 2372
f 9305 9310 9309
f 2373 9309 9313
f 9309 2372 9311
f 9313 9311 579
f 9312 9313 8953
f 2370 9306 9314
f 9306 2373 9312
f 9314 9312 2296
f 9301 9314 8949
f 613 5951 9317
f 5951 1552 9315
f 9317 9315 2375
f 9308 9317 9316
f 1552 5948 9320
f 5948 614 9318
f 9320 9318 2374
f 9315 9320 9319
f 2375 9319 9323
f 9319 2374 9321
f 9323 9321 580
f 9322 9323 8965
f 2372 9316 9324
f 9316 2375 9322
f 9324 9322 2299
f 9311 9324 8961
f 614 5965 9327
f 5965 1556 9325
f 9327 9325 2377
f 9318 9327 9326
f 1556 5962 9330
f 5962 615 9328
f 9330 9328 2376
f 9325 9330 9329
f 2377 9329 9333
f 9329 2376 9331
f 9333 9331 581
f 9332 9333 8977
f 2374 9326 9334
f 9326 2377 9332
f 9334 9332 2302
f 9321 9334 8973
f 615 5977 9337
f 5977 1559 9335
f 9337 9335 2378
f 9328 9337 9336
f 1559 5974 9339
f 5974 601 9205
f 9339 9205 2351
f 9335 9339 9338
f 2378 9338 9341
f 9338 2351 9202
f 9341 9202 567
f 9340 9341 8989
f 2376 9336 9342
f 9336 2378 9340
f 9342 9340 2305
f 9331 9342 8985
f 616 9343 9346
f 9343 2379 9344
f 9346 9344 2381
f 9000 9346 9345
f 2379 9347 9350
f 9347 84 9348
f 9350 9348 2380
f 9344 9350 9349
f 2381 9349 9353
f 9349 2380 9351
f 9353 9351 57
f 9352 9353 2736
f 2308 9345 9354
f 9345 2381 9352
f 9354 9352 715
f 9003 9354 2733
f 616 9019 9357
f 9019 2312 9355
f 9357 9355 2383
f 9343 9357 9356
f 2312 9016 9359
f 9016 587 3078
f 9359 3078 807
f 9355 9359 9358
f 2383 9358 9362
f 9358 807 3073
f 9362 3073 87
f 9361 9362 9360
f 2379 9356 9364
f 9356 2383 9361
f 9364 9361 2382
f 9347 9364 9363
f 617 9032 9368
f 9032 2315 9365
f 9368 9365 2386
f 9367 9368 9366
f 2315 9029 9370
f 9029 602 5461
f 9370 5461 1419
f 9365 9370 9369
f 2386 9369 9373
f 9369 1419 5458
f 9373 5458 299
f 9372 9373 9371
f 2385 9366 9376
f 9366 2386 9372
f 9376 9372 2384
f 9375 9376 9374
f 617 9367 9379
f 9367 2385 9377
f 9379 9377 2388
f 9038 9379 9378
f 2385 9375 9382
f 9375 325 9380
f 9382 9380 2387
f 9377 9382 9381
f 2388 9381 9385
f 9381 2387 9383
f 9385 9383 328
f 9384 9385 5800
f 2318 9378 9386
f 9378 2388 9384
f 9386 9384 1512
f 9041 9386 5811
f 2393 2392 1
f 2390 2393 2389
f 622 2391 2393
f 2391 621 2392
f 2397 2390 618
f 2395 2397 2394
f 619 2396 2397
f 2396 622 2390
f 2401 2400 622
f 2398 2401 2396
f 6 2399 2401
f 2399 620 2400
f 2404 2403 621
f 2400 2404 2391
f 620 2402 2404
f 2402 7 2403
f 2408 2389 1
f 2406 2408 2405
f 626 2407 2408
f 2407 618 2389
f 2412 2406 623
f 2410 2412 2409
f 624 2411 2412
f 2411 626 2406
f 2416 2415 626
f 2413 2416 2411
f 9 2414 2416
f 2414 625 2415
f 2418 2394 618
f 2415 2418 2407
f 625 2417 2418
f 2417 5 2394
f 2422 2421 1
f 2419 2422 2392
f 630 2420 2422
f 2420 629 2421
f 2425 2419 621
f 2423 2425 2403
f 627 2424 2425
f 2424 630 2419
f 2429 2428 630
f 2426 2429 2424
f 10 2427 2429
f 2427 628 2428
f 2432 2431 629
f 2428 2432 2420
f 628 2430 2432
f 2430 11 2431
f 2436 2405 1
f 2434 2436 2433
f 634 2435 2436
f 2435 623 2405
f 2440 2434 631
f 2438 2440 2437
f 632 2439 2440
f 2439 634 2434
f 2444 2443 634
f 2441 2444 2439
f 13 2442 2444
f 2442 633 2443
f 2446 2409 623
f 2443 2446 2435
f 633 2445 2446
f 2445 8 2409
f 2449 2433 1
f 2447 2449 2421
f 637 2448 2449
f 2448 631 2433
f 2452 2447 629
f 2450 2452 2431
f 635 2451 2452
f 2451 637 2447
f 2456 2455 637
f 2453 2456 2451
f 14 2454 2456
f 2454 636 2455
f 2458 2437 631
f 2455 2458 2448
f 636 2457 2458
f 2457 12 2437
f 2463 2462 2
f 2460 2463 2459
f 642 2461 2463
f 2461 641 2462
f 2467 2460 638
f 2465 2467 2464
f 639 2466 2467
f 2466 642 2460
f 2471 2470 642
f 2468 2471 2466
f 16 2469 2471
f 2469 640 2470
f 2474 2473 641
f 2470 2474 2461
f 640 2472 2474
f 2472 17 2473
f 2479 2478 2
f 2476 2479 2475
f 647 2477 2479
f 2477 646 2478
f 2483 2476 643
f 2481 2483 2480
f 644 2482 2483
f 2482 647 2476
f 2487 2486 647
f 2484 2487 2482
f 19 2485 2487
f 2485 645 2486
f 2490 2489 646
f 2486 2490 2477
f 645 2488 2490
f 2488 20 2489
f 2493 2475 2
f 2491 2493 2462
f 650 2492 2493
f 2492 643 2475
f 2496 2491 641
f 2494 2496 2473
f 648 2495 2496
f 2495 650 2491
f 2500 2499 650
f 2497 2500 2495
f 21 2498 2500
f 2498 649 2499
f 2502 2480 643
f 2499 2502 2492
f 649 2501 2502
f 2501 18 2480
f 2506 2459 2
f 2504 2506 2503
f 654 2505 2506
f 2505 638 2459
f 2510 2504 651
f 2508 2510 2507
f 652 2509 2510
f 2509 654 2504
f 2514 2513 654
f 2511 2514 2509
f 22 2512 2514
f 2512 653 2513
f 2516 2464 638
f 2513 2516 2505
f 653 2515 2516
f 2515 15 2464
f 2519 2503 2
f 2517 2519 2478
f 657 2518 2519
f 2518 651 2503
f 2522 2517 646
f 2520 2522 2489
f 655 2521 2522
f 2521 657 2517
f 2526 2525 657
f 2523 2526 2521
f 23 2524 2526
f 2524 656 2525
f 2528 2507 651
f 2525 2528 2518
f 656 2527 2528
f 2527 4 2507
f 2533 2532 3
f 2530 2533 2529
f 662 2531 2533
f 2531 661 2532
f 2537 2530 658
f 2535 2537 2534
f 659 2536 2537
f 2536 662 2530
f 2541 2540 662
f 2538 2541 2536
f 25 2539 2541
f 2539 660 2540
f 2544 2543 661
f 2540 2544 2531
f 660 2542 2544
f 2542 26 2543
f 2548 2547 3
f 2545 2548 2532
f 665 2546 2548
f 2546 664 2547
f 2551 2545 661
f 2549 2551 2543
f 663 2550 2551
f 2550 665 2545
f 2554 2553 665
f 2552 2554 2550
f 13 2441 2554
f 2441 632 2553
f 2556 2555 664
f 2553 2556 2546
f 632 2438 2556
f 2438 12 2555
f 2560 2559 3
f 2557 2560 2547
f 668 2558 2560
f 2558 667 2559
f 2562 2557 664
f 2457 2562 2555
f 636 2561 2562
f 2561 668 2557
f 2565 2564 668
f 2454 2565 2561
f 14 2563 2565
f 2563 666 2564
f 2568 2567 667
f 2564 2568 2558
f 666 2566 2568
f 2566 27 2567
f 2572 2508 4
f 2570 2572 2569
f 672 2571 2572
f 2571 652 2508
f 2576 2570 669
f 2574 2576 2573
f 670 2575 2576
f 2575 672 2570
f 2580 2579 672
f 2577 2580 2575
f 29 2578 2580
f 2578 671 2579
f 2582 2511 652
f 2579 2582 2571
f 671 2581 2582
f 2581 22 2511
f 2586 2569 4
f 2584 2586 2583
f 676 2585 2586
f 2585 669 2569
f 2590 2584 673
f 2588 2590 2587
f 674 2589 2590
f 2589 676 2584
f 2594 2593 676
f 2591 2594 2589
f 31 2592 2594
f 2592 675 2593
f 2596 2573 669
f 2593 2596 2585
f 675 2595 2596
f 2595 28 2573
f 2599 2583 4
f 2597 2599 2527
f 679 2598 2599
f 2598 673 2583
f 2602 2597 656
f 2600 2602 2524
f 677 2601 2602
f 2601 679 2597
f 2606 2605 679
f 2603 2606 2601
f 32 2604 2606
f 2604 678 2605
f 2608 2587 673
f 2605 2608 2598
f 678 2607 2608
f 2607 30 2587
f 2613 2612 33
f 2610 2613 2609
f 683 2611 2613
f 2611 682 2612
f 2617 2610 680
f 2615 2617 2614
f 681 2616 2617
f 2616 683 2610
f 2620 2619 683
f 2618 2620 2616
f 15 2515 2620
f 2515 653 2619
f 2622 2621 682
f 2619 2622 2611
f 653 2512 2622
f 2512 22 2621
f 2626 2625 33
f 2623 2626 2612
f 686 2624 2626
f 2624 685 2625
f 2628 2623 682
f 2581 2628 2621
f 671 2627 2628
f 2627 686 2623
f 2631 2630 686
f 2578 2631 2627
f 29 2629 2631
f 2629 684 2630
f 2634 2633 685
f 2630 2634 2624
f 684 2632 2634
f 2632 43 2633
f 2639 2638 34
f 2636 2639 2635
f 690 2637 2639
f 2637 689 2638
f 2643 2636 687
f 2641 2643 2640
f 688 2642 2643
f 2642 690 2636
f 2646 2645 690
f 2644 2646 2642
f 26 2542 2646
f 2542 660 2645
f 2648 2647 689
f 2645 2648 2637
f 660 2539 2648
f 2539 25 2647
f 2653 2652 35
f 2650 2653 2649
f 695 2651 2653
f 2651 694 2652
f 2657 2650 691
f 2655 2657 2654
f 692 2656 2657
f 2656 695 2650
f 2661 2660 695
f 2658 2661 2656
f 45 2659 2661
f 2659 693 2660
f 2664 2663 694
f 2660 2664 2651
f 693 2662 2664
f 2662 46 2663
f 2669 2668 36
f 2666 2669 2665
f 700 2667 2669
f 2667 699 2668
f 2673 2666 696
f 2671 2673 2670
f 697 2672 2673
f 2672 700 2666
f 2677 2676 700
f 2674 2677 2672
f 16 2675 2677
f 2675 698 2676
f 2680 2679 699
f 2676 2680 2667
f 698 2678 2680
f 2678 48 2679
f 2685 2684 37
f 2682 2685 2681
f 705 2683 2685
f 2683 704 2684
f 2689 2682 701
f 2687 2689 2686
f 702 2688 2689
f 2688 705 2682
f 2693 2692 705
f 2690 2693 2688
f 50 2691 2693
f 2691 703 2692
f 2696 2695 704
f 2692 2696 2683
f 703 2694 2696
f 2694 51 2695
f 2700 2641 38
f 2698 2700 2697
f 708 2699 2700
f 2699 688 2641
f 2704 2698 706
f 2702 2704 2701
f 707 2703 2704
f 2703 708 2698
f 2707 2706 708
f 2705 2707 2703
f 13 2552 2707
f 2552 663 2706
f 2708 2644 688
f 2706 2708 2699
f 663 2549 2708
f 2549 26 2644
f 2713 2712 39
f 2710 2713 2709
f 713 2711 2713
f 2711 712 2712
f 2717 2710 709
f 2715 2717 2714
f 710 2716 2717
f 2716 713 2710
f 2721 2720 713
f 2718 2721 2716
f 584 2719 2721
f 2719 711 2720
f 2724 2723 712
f 2720 2724 2711
f 711 2722 2724
f 2722 585 2723
f 2728 2727 39
f 2725 2728 2712
f 717 2726 2728
f 2726 716 2727
f 2731 2725 712
f 2729 2731 2723
f 714 2730 2731
f 2730 717 2725
f 2735 2734 717
f 2732 2735 2730
f 586 2733 2735
f 2733 715 2734
f 2738 2737 716
f 2734 2738 2726
f 715 2736 2738
f 2736 57 2737
f 2743 2742 40
f 2740 2743 2739
f 720 2741 2743
f 2741 719 2742
f 2746 2740 718
f 2472 2746 2744
f 640 2745 2746
f 2745 720 2740
f 2748 2747 720
f 2469 2748 2745
f 16 2674 2748
f 2674 697 2747
f 2750 2749 719
f 2747 2750 2741
f 697 2671 2750
f 2671 47 2749
f 2754 2739 40
f 2752 2754 2751
f 723 2753 2754
f 2753 718 2739
f 2758 2752 721
f 2756 2758 2755
f 722 2757 2758
f 2757 723 2752
f 2761 2760 723
f 2759 2761 2757
f 21 2497 2761
f 2497 648 2760
f 2762 2744 718
f 2760 2762 2753
f 648 2494 2762
f 2494 17 2744
f 2767 2766 41
f 2764 2767 2763
f 726 2765 2767
f 2765 725 2766
f 2770 2764 724
f 2445 2770 2768
f 633 2769 2770
f 2769 726 2764
f 2772 2771 726
f 2442 2772 2769
f 13 2705 2772
f 2705 707 2771
f 2774 2773 725
f 2771 2774 2765
f 707 2702 2774
f 2702 52 2773
f 2778 2763 41
f 2776 2778 2775
f 729 2777 2778
f 2777 724 2763
f 2782 2776 727
f 2780 2782 2779
f 728 2781 2782
f 2781 729 2776
f 2785 2784 729
f 2783 2785 2781
f 9 2413 2785
f 2413 624 2784
f 2786 2768 724
f 2784 2786 2777
f 624 2410 2786
f 2410 8 2768
f 2790 2780 59
f 2788 2790 2787
f 733 2789 2790
f 2789 728 2780
f 2794 2788 730
f 2792 2794 2791
f 731 2793 2794
f 2793 733 2788
f 2798 2797 733
f 2795 2798 2793
f 61 2796 2798
f 2796 732 2797
f 2800 2783 728
f 2797 2800 2789
f 732 2799 2800
f 2799 9 2783
f 2804 2796 61
f 2802 2804 2801
f 736 2803 2804
f 2803 732 2796
f 2808 2802 734
f 2806 2808 2805
f 735 2807 2808
f 2807 736 2802
f 2811 2810 736
f 2809 2811 2807
f 5 2417 2811
f 2417 625 2810
f 2812 2799 732
f 2810 2812 2803
f 625 2414 2812
f 2414 9 2799
f 2816 2815 61
f 2813 2816 2795
f 740 2814 2816
f 2814 739 2815
f 2819 2813 731
f 2817 2819 2792
f 737 2818 2819
f 2818 740 2813
f 2823 2822 740
f 2820 2823 2818
f 63 2821 2823
f 2821 738 2822
f 2826 2825 739
f 2822 2826 2814
f 738 2824 2826
f 2824 64 2825
f 2829 2801 61
f 2827 2829 2815
f 743 2828 2829
f 2828 734 2801
f 2832 2827 739
f 2830 2832 2825
f 741 2831 2832
f 2831 743 2827
f 2836 2835 743
f 2833 2836 2831
f 65 2834 2836
f 2834 742 2835
f 2838 2805 734
f 2835 2838 2828
f 742 2837 2838
f 2837 62 2805
f 2842 2834 65
f 2840 2842 2839
f 747 2841 2842
f 2841 742 2834
f 2846 2840 744
f 2844 2846 2843
f 745 2845 2846
f 2845 747 2840
f 2850 2849 747
f 2847 2850 2845
f 67 2848 2850
f 2848 746 2849
f 2852 2837 742
f 2849 2852 2841
f 746 2851 2852
f 2851 62 2837
f 2856 2855 65
f 2853 2856 2833
f 751 2854 2856
f 2854 750 2855
f 2859 2853 741
f 2857 2859 2830
f 748 2858 2859
f 2858 751 2853
f 2863 2862 751
f 2860 2863 2858
f 68 2861 2863
f 2861 749 2862
f 2866 2865 750
f 2862 2866 2854
f 749 2864 2866
f 2864 69 2865
f 2869 2839 65
f 2867 2869 2855
f 754 2868 2869
f 2868 744 2839
f 2872 2867 750
f 2870 2872 2865
f 752 2871 2872
f 2871 754 2867
f 2876 2875 754
f 2873 2876 2871
f 70 2874 2876
f 2874 753 2875
f 2878 2843 744
f 2875 2878 2868
f 753 2877 2878
f 2877 66 2843
f 2882 2874 70
f 2880 2882 2879
f 758 2881 2882
f 2881 753 2874
f 2886 2880 755
f 2884 2886 2883
f 756 2885 2886
f 2885 758 2880
f 2890 2889 758
f 2887 2890 2885
f 72 2888 2890
f 2888 757 2889
f 2892 2877 753
f 2889 2892 2881
f 757 2891 2892
f 2891 66 2877
f 2896 2895 70
f 2893 2896 2873
f 762 2894 2896
f 2894 761 2895
f 2899 2893 752
f 2897 2899 2870
f 759 2898 2899
f 2898 762 2893
f 2903 2902 762
f 2900 2903 2898
f 73 2901 2903
f 2901 760 2902
f 2906 2905 761
f 2902 2906 2894
f 760 2904 2906
f 2904 74 2905
f 2909 2879 70
f 2907 2909 2895
f 765 2908 2909
f 2908 755 2879
f 2912 2907 761
f 2910 2912 2905
f 763 2911 2912
f 2911 765 2907
f 2916 2915 765
f 2913 2916 2911
f 75 2914 2916
f 2914 764 2915
f 2918 2883 755
f 2915 2918 2908
f 764 2917 2918
f 2917 71 2883
f 2922 2914 75
f 2920 2922 2919
f 769 2921 2922
f 2921 764 2914
f 2926 2920 766
f 2924 2926 2923
f 767 2925 2926
f 2925 769 2920
f 2930 2929 769
f 2927 2930 2925
f 77 2928 2930
f 2928 768 2929
f 2932 2917 764
f 2929 2932 2921
f 768 2931 2932
f 2931 71 2917
f 2936 2935 75
f 2933 2936 2913
f 773 2934 2936
f 2934 772 2935
f 2939 2933 763
f 2937 2939 2910
f 770 2938 2939
f 2938 773 2933
f 2943 2942 773
f 2940 2943 2938
f 31 2941 2943
f 2941 771 2942
f 2946 2945 772
f 2942 2946 2934
f 771 2944 2946
f 2944 78 2945
f 2949 2919 75
f 2947 2949 2935
f 776 2948 2949
f 2948 766 2919
f 2952 2947 772
f 2950 2952 2945
f 774 2951 2952
f 2951 776 2947
f 2956 2955 776
f 2953 2956 2951
f 54 2954 2956
f 2954 775 2955
f 2958 2923 766
f 2955 2958 2948
f 775 2957 2958
f 2957 76 2923
f 2962 2961 78
f 2959 2962 2944
f 779 2960 2962
f 2960 778 2961
f 2964 2959 771
f 2591 2964 2941
f 674 2963 2964
f 2963 779 2959
f 2967 2966 779
f 2588 2967 2963
f 30 2965 2967
f 2965 777 2966
f 2970 2969 778
f 2966 2970 2960
f 777 2968 2970
f 2968 79 2969
f 2973 2950 78
f 2971 2973 2961
f 782 2972 2973
f 2972 774 2950
f 2976 2971 778
f 2974 2976 2969
f 780 2975 2976
f 2975 782 2971
f 2980 2979 782
f 2977 2980 2975
f 55 2978 2980
f 2978 781 2979
f 2982 2953 774
f 2979 2982 2972
f 781 2981 2982
f 2981 54 2953
f 2986 2985 79
f 2983 2986 2968
f 785 2984 2986
f 2984 784 2985
f 2988 2983 777
f 2607 2988 2965
f 678 2987 2988
f 2987 785 2983
f 2991 2990 785
f 2604 2991 2987
f 32 2989 2991
f 2989 783 2990
f 2994 2993 784
f 2990 2994 2984
f 783 2992 2994
f 2992 80 2993
f 2997 2974 79
f 2995 2997 2985
f 788 2996 2997
f 2996 780 2974
f 3000 2995 784
f 2998 3000 2993
f 786 2999 3000
f 2999 788 2995
f 3004 3003 788
f 3001 3004 2999
f 56 3002 3004
f 3002 787 3003
f 3006 2977 780
f 3003 3006 2996
f 787 3005 3006
f 3005 55 2977
f 3010 3009 80
f 3007 3010 2992
f 792 3008 3010
f 3008 791 3009
f 3013 3007 783
f 3011 3013 2989
f 789 3012 3013
f 3012 792 3007
f 3017 3016 792
f 3014 3017 3012
f 81 3015 3017
f 3015 790 3016
f 3020 3019 791
f 3016 3020 3008
f 790 3018 3020
f 3018 82 3019
f 3023 2998 80
f 3021 3023 3009
f 795 3022 3023
f 3022 786 2998
f 3026 3021 791
f 3024 3026 3019
f 793 3025 3026
f 3025 795 3021
f 3030 3029 795
f 3027 3030 3025
f 83 3028 3030
f 3028 794 3029
f 3032 3001 786
f 3029 3032 3022
f 794 3031 3032
f 3031 56 3001
f 3036 3028 83
f 3034 3036 3033
f 799 3035 3036
f 3035 794 3028
f 3040 3034 796
f 3038 3040 3037
f 797 3039 3040
f 3039 799 3034
f 3044 3043 799
f 3041 3044 3039
f 484 3042 3044
f 3042 798 3043
f 3046 3031 794
f 3043 3046 3035
f 798 3045 3046
f 3045 56 3031
f 3050 3049 83
f 3047 3050 3027
f 803 3048 3050
f 3048 802 3049
f 3053 3047 793
f 3051 3053 3024
f 800 3052 3053
f 3052 803 3047
f 3057 3056 803
f 3054 3057 3052
f 85 3055 3057
f 3055 801 3056
f 3060 3059 802
f 3056 3060 3048
f 801 3058 3060
f 3058 86 3059
f 3063 3033 83
f 3061 3063 3049
f 806 3062 3063
f 3062 796 3033
f 3066 3061 802
f 3064 3066 3059
f 804 3065 3066
f 3065 806 3061
f 3070 3069 806
f 3067 3070 3065
f 486 3068 3070
f 3068 805 3069
f 3072 3037 796
f 3069 3072 3062
f 805 3071 3072
f 3071 485 3037
f 3077 3076 87
f 3074 3077 3073
f 811 3075 3077
f 3075 810 3076
f 3081 3074 807
f 3079 3081 3078
f 808 3080 3081
f 3080 811 3074
f 3085 3084 811
f 3082 3085 3080
f 588 3083 3085
f 3083 809 3084
f 3088 3087 810
f 3084 3088 3075
f 809 3086 3088
f 3086 89 3087
f 3092 3091 89
f 3089 3092 3086
f 815 3090 3092
f 3090 814 3091
f 3095 3089 809
f 3093 3095 3083
f 812 3094 3095
f 3094 815 3089
f 3099 3098 815
f 3096 3099 3094
f 589 3097 3099
f 3097 813 3098
f 3102 3101 814
f 3098 3102 3090
f 813 3100 3102
f 3100 91 3101
f 3106 3105 91
f 3103 3106 3100
f 819 3104 3106
f 3104 818 3105
f 3109 3103 813
f 3107 3109 3097
f 816 3108 3109
f 3108 819 3103
f 3113 3112 819
f 3110 3113 3108
f 590 3111 3113
f 3111 817 3112
f 3116 3115 818
f 3112 3116 3104
f 817 3114 3116
f 3114 93 3115
f 3120 3119 93
f 3117 3120 3114
f 823 3118 3120
f 3118 822 3119
f 3123 3117 817
f 3121 3123 3111
f 820 3122 3123
f 3122 823 3117
f 3127 3126 823
f 3124 3127 3122
f 591 3125 3127
f 3125 821 3126
f 3130 3129 822
f 3126 3130 3118
f 821 3128 3130
f 3128 95 3129
f 3134 3133 95
f 3131 3134 3128
f 827 3132 3134
f 3132 826 3133
f 3137 3131 821
f 3135 3137 3125
f 824 3136 3137
f 3136 827 3131
f 3141 3140 827
f 3138 3141 3136
f 592 3139 3141
f 3139 825 3140
f 3144 3143 826
f 3140 3144 3132
f 825 3142 3144
f 3142 97 3143
f 3148 3147 97
f 3145 3148 3142
f 831 3146 3148
f 3146 830 3147
f 3151 3145 825
f 3149 3151 3139
f 828 3150 3151
f 3150 831 3145
f 3155 3154 831
f 3152 3155 3150
f 593 3153 3155
f 3153 829 3154
f 3158 3157 830
f 3154 3158 3146
f 829 3156 3158
f 3156 99 3157
f 3162 3161 99
f 3159 3162 3156
f 835 3160 3162
f 3160 834 3161
f 3165 3159 829
f 3163 3165 3153
f 832 3164 3165
f 3164 835 3159
f 3169 3168 835
f 3166 3169 3164
f 594 3167 3169
f 3167 833 3168
f 3172 3171 834
f 3168 3172 3160
f 833 3170 3172
f 3170 101 3171
f 3176 3175 101
f 3173 3176 3170
f 839 3174 3176
f 3174 838 3175
f 3179 3173 833
f 3177 3179 3167
f 836 3178 3179
f 3178 839 3173
f 3183 3182 839
f 3180 3183 3178
f 595 3181 3183
f 3181 837 3182
f 3186 3185 838
f 3182 3186 3174
f 837 3184 3186
f 3184 103 3185
f 3190 3189 103
f 3187 3190 3184
f 843 3188 3190
f 3188 842 3189
f 3193 3187 837
f 3191 3193 3181
f 840 3192 3193
f 3192 843 3187
f 3197 3196 843
f 3194 3197 3192
f 596 3195 3197
f 3195 841 3196
f 3200 3199 842
f 3196 3200 3188
f 841 3198 3200
f 3198 105 3199
f 3204 3203 105
f 3201 3204 3198
f 847 3202 3204
f 3202 846 3203
f 3207 3201 841
f 3205 3207 3195
f 844 3206 3207
f 3206 847 3201
f 3211 3210 847
f 3208 3211 3206
f 597 3209 3211
f 3209 845 3210
f 3214 3213 846
f 3210 3214 3202
f 845 3212 3214
f 3212 107 3213
f 3218 3217 107
f 3215 3218 3212
f 851 3216 3218
f 3216 850 3217
f 3221 3215 845
f 3219 3221 3209
f 848 3220 3221
f 3220 851 3215
f 3225 3224 851
f 3222 3225 3220
f 598 3223 3225
f 3223 849 3224
f 3228 3227 850
f 3224 3228 3216
f 849 3226 3228
f 3226 108 3227
f 3232 3231 108
f 3229 3232 3226
f 855 3230 3232
f 3230 854 3231
f 3235 3229 849
f 3233 3235 3223
f 852 3234 3235
f 3234 855 3229
f 3239 3238 855
f 3236 3239 3234
f 599 3237 3239
f 3237 853 3238
f 3242 3241 854
f 3238 3242 3230
f 853 3240 3242
f 3240 109 3241
f 3246 3245 109
f 3243 3246 3240
f 858 3244 3246
f 3244 857 3245
f 3249 3243 853
f 3247 3249 3237
f 856 3248 3249
f 3248 858 3243
f 3252 3251 858
f 3250 3252 3248
f 584 2718 3252
f 2718 710 3251
f 3254 3253 857
f 3251 3254 3244
f 710 2715 3254
f 2715 53 3253
f 3259 3258 106
f 3256 3259 3255
f 863 3257 3259
f 3257 862 3258
f 3263 3256 859
f 3261 3263 3260
f 860 3262 3263
f 3262 863 3256
f 3267 3266 863
f 3264 3267 3262
f 110 3265 3267
f 3265 861 3266
f 3270 3269 862
f 3266 3270 3257
f 861 3268 3270
f 3268 72 3269
f 3274 3273 106
f 3271 3274 3258
f 865 3272 3274
f 3272 864 3273
f 3276 3271 862
f 2887 3276 3269
f 756 3275 3276
f 3275 865 3271
f 3278 3277 865
f 2884 3278 3275
f 71 2931 3278
f 2931 768 3277
f 3280 3279 864
f 3277 3280 3272
f 768 2928 3280
f 2928 77 3279
f 3284 3283 110
f 3281 3284 3264
f 869 3282 3284
f 3282 868 3283
f 3287 3281 860
f 3285 3287 3261
f 866 3286 3287
f 3286 869 3281
f 3291 3290 869
f 3288 3291 3286
f 102 3289 3291
f 3289 867 3290
f 3294 3293 868
f 3290 3294 3282
f 867 3292 3294
f 3292 111 3293
f 3298 3297 110
f 3295 3298 3283
f 873 3296 3298
f 3296 872 3297
f 3301 3295 868
f 3299 3301 3293
f 870 3300 3301
f 3300 873 3295
f 3305 3304 873
f 3302 3305 3300
f 6 3303 3305
f 3303 871 3304
f 3308 3307 872
f 3304 3308 3296
f 871 3306 3308
f 3306 67 3307
f 3311 3265 110
f 3309 3311 3297
f 874 3310 3311
f 3310 861 3265
f 3313 3309 872
f 2847 3313 3307
f 745 3312 3313
f 3312 874 3309
f 3315 3314 874
f 2844 3315 3312
f 66 2891 3315
f 2891 757 3314
f 3316 3268 861
f 3314 3316 3310
f 757 2888 3316
f 2888 72 3268
f 3320 3319 111
f 3317 3320 3292
f 878 3318 3320
f 3318 877 3319
f 3323 3317 867
f 3321 3323 3289
f 875 3322 3323
f 3322 878 3317
f 3327 3326 878
f 3324 3327 3322
f 100 3325 3327
f 3325 876 3326
f 3330 3329 877
f 3326 3330 3318
f 876 3328 3330
f 3328 112 3329
f 3333 3299 111
f 3331 3333 3319
f 880 3332 3333
f 3332 870 3299
f 3336 3331 877
f 3334 3336 3329
f 879 3335 3336
f 3335 880 3331
f 3339 3338 880
f 3337 3339 3335
f 7 2402 3339
f 2402 620 3338
f 3340 3302 870
f 3338 3340 3332
f 620 2399 3340
f 2399 6 3302
f 3344 3343 112
f 3341 3344 3328
f 884 3342 3344
f 3342 883 3343
f 3347 3341 876
f 3345 3347 3325
f 881 3346 3347
f 3346 884 3341
f 3351 3350 884
f 3348 3351 3346
f 98 3349 3351
f 3349 882 3350
f 3354 3353 883
f 3350 3354 3342
f 882 3352 3354
f 3352 113 3353
f 3357 3334 112
f 3355 3357 3343
f 886 3356 3357
f 3356 879 3334
f 3360 3355 883
f 3358 3360 3353
f 885 3359 3360
f 3359 886 3355
f 3363 3362 886
f 3361 3363 3359
f 10 2426 3363
f 2426 627 3362
f 3364 3337 879
f 3362 3364 3356
f 627 2423 3364
f 2423 7 3337
f 3368 3367 113
f 3365 3368 3352
f 890 3366 3368
f 3366 889 3367
f 3371 3365 882
f 3369 3371 3349
f 887 3370 3371
f 3370 890 3365
f 3375 3374 890
f 3372 3375 3370
f 96 3373 3375
f 3373 888 3374
f 3378 3377 889
f 3374 3378 3366
f 888 3376 3378
f 3376 114 3377
f 3381 3358 113
f 3379 3381 3367
f 893 3380 3381
f 3380 885 3358
f 3384 3379 889
f 3382 3384 3377
f 891 3383 3384
f 3383 893 3379
f 3388 3387 893
f 3385 3388 3383
f 115 3386 3388
f 3386 892 3387
f 3390 3361 885
f 3387 3390 3380
f 892 3389 3390
f 3389 10 3361
f 3394 3393 115
f 3391 3394 3385
f 897 3392 3394
f 3392 896 3393
f 3397 3391 891
f 3395 3397 3382
f 894 3396 3397
f 3396 897 3391
f 3401 3400 897
f 3398 3401 3396
f 116 3399 3401
f 3399 895 3400
f 3404 3403 896
f 3400 3404 3392
f 895 3402 3404
f 3402 117 3403
f 3408 3407 115
f 3405 3408 3393
f 901 3406 3408
f 3406 900 3407
f 3411 3405 896
f 3409 3411 3403
f 898 3410 3411
f 3410 901 3405
f 3415 3414 901
f 3412 3415 3410
f 118 3413 3415
f 3413 899 3414
f 3418 3417 900
f 3414 3418 3406
f 899 3416 3418
f 3416 119 3417
f 3421 3386 115
f 3419 3421 3407
f 903 3420 3421
f 3420 892 3386
f 3424 3419 900
f 3422 3424 3417
f 902 3423 3424
f 3423 903 3419
f 3427 3426 903
f 3425 3427 3423
f 11 2430 3427
f 2430 628 3426
f 3428 3389 892
f 3426 3428 3420
f 628 2427 3428
f 2427 10 3389
f 3432 3431 119
f 3429 3432 3416
f 907 3430 3432
f 3430 906 3431
f 3435 3429 899
f 3433 3435 3413
f 904 3434 3435
f 3434 907 3429
f 3439 3438 907
f 3436 3439 3434
f 120 3437 3439
f 3437 905 3438
f 3442 3441 906
f 3438 3442 3430
f 905 3440 3442
f 3440 121 3441
f 3445 3422 119
f 3443 3445 3431
f 909 3444 3445
f 3444 902 3422
f 3448 3443 906
f 3446 3448 3441
f 908 3447 3448
f 3447 909 3443
f 3451 3450 909
f 3449 3451 3447
f 14 2453 3451
f 2453 635 3450
f 3452 3425 902
f 3450 3452 3444
f 635 2450 3452
f 2450 11 3425
f 3456 3455 121
f 3453 3456 3440
f 913 3454 3456
f 3454 912 3455
f 3459 3453 905
f 3457 3459 3437
f 910 3458 3459
f 3458 913 3453
f 3463 3462 913
f 3460 3463 3458
f 122 3461 3463
f 3461 911 3462
f 3466 3465 912
f 3462 3466 3454
f 911 3464 3466
f 3464 123 3465
f 3469 3446 121
f 3467 3469 3455
f 915 3468 3469
f 3468 908 3446
f 3472 3467 912
f 3470 3472 3465
f 914 3471 3472
f 3471 915 3467
f 3475 3474 915
f 3473 3475 3471
f 27 2566 3475
f 2566 666 3474
f 3476 3449 908
f 3474 3476 3468
f 666 2563 3476
f 2563 14 3449
f 3480 3479 123
f 3477 3480 3464
f 919 3478 3480
f 3478 918 3479
f 3483 3477 911
f 3481 3483 3461
f 916 3482 3483
f 3482 919 3477
f 3487 3486 919
f 3484 3487 3482
f 124 3485 3487
f 3485 917 3486
f 3490 3489 918
f 3486 3490 3478
f 917 3488 3490
f 3488 125 3489
f 3493 3470 123
f 3491 3493 3479
f 922 3492 3493
f 3492 914 3470
f 3496 3491 918
f 3494 3496 3489
f 920 3495 3496
f 3495 922 3491
f 3500 3499 922
f 3497 3500 3495
f 126 3498 3500
f 3498 921 3499
f 3502 3473 914
f 3499 3502 3492
f 921 3501 3502
f 3501 27 3473
f 3506 3505 126
f 3503 3506 3497
f 926 3504 3506
f 3504 925 3505
f 3509 3503 920
f 3507 3509 3494
f 923 3508 3509
f 3508 926 3503
f 3513 3512 926
f 3510 3513 3508
f 127 3511 3513
f 3511 924 3512
f 3516 3515 925
f 3512 3516 3504
f 924 3514 3516
f 3514 128 3515
f 3520 3519 126
f 3517 3520 3505
f 930 3518 3520
f 3518 929 3519
f 3523 3517 925
f 3521 3523 3515
f 927 3522 3523
f 3522 930 3517
f 3527 3526 930
f 3524 3527 3522
f 129 3525 3527
f 3525 928 3526
f 3530 3529 929
f 3526 3530 3518
f 928 3528 3530
f 3528 130 3529
f 3533 3498 126
f 3531 3533 3519
f 932 3532 3533
f 3532 921 3498
f 3536 3531 929
f 3534 3536 3529
f 931 3535 3536
f 3535 932 3531
f 3539 3538 932
f 3537 3539 3535
f 3 2559 3539
f 2559 667 3538
f 3540 3501 921
f 3538 3540 3532
f 667 2567 3540
f 2567 27 3501
f 3544 3543 130
f 3541 3544 3528
f 936 3542 3544
f 3542 935 3543
f 3547 3541 928
f 3545 3547 3525
f 933 3546 3547
f 3546 936 3541
f 3551 3550 936
f 3548 3551 3546
f 131 3549 3551
f 3549 934 3550
f 3554 3553 935
f 3550 3554 3542
f 934 3552 3554
f 3552 132 3553
f 3557 3534 130
f 3555 3557 3543
f 938 3556 3557
f 3556 931 3534
f 3560 3555 935
f 3558 3560 3553
f 937 3559 3560
f 3559 938 3555
f 3563 3562 938
f 3561 3563 3559
f 24 2534 3563
f 2534 658 3562
f 3564 3537 931
f 3562 3564 3556
f 658 2529 3564
f 2529 3 3537
f 3568 3567 131
f 3565 3568 3548
f 942 3566 3568
f 3566 941 3567
f 3571 3565 933
f 3569 3571 3545
f 939 3570 3571
f 3570 942 3565
f 3575 3574 942
f 3572 3575 3570
f 133 3573 3575
f 3573 940 3574
f 3578 3577 941
f 3574 3578 3566
f 940 3576 3578
f 3576 134 3577
f 3582 3581 134
f 3579 3582 3576
f 946 3580 3582
f 3580 945 3581
f 3585 3579 940
f 3583 3585 3573
f 943 3584 3585
f 3584 946 3579
f 3589 3588 946
f 3586 3589 3584
f 135 3587 3589
f 3587 944 3588
f 3592 3591 945
f 3588 3592 3580
f 944 3590 3592
f 3590 136 3591
f 3596 3595 136
f 3593 3596 3590
f 950 3594 3596
f 3594 949 3595
f 3599 3593 944
f 3597 3599 3587
f 947 3598 3599
f 3598 950 3593
f 3603 3602 950
f 3600 3603 3598
f 137 3601 3603
f 3601 948 3602
f 3606 3605 949
f 3602 3606 3594
f 948 3604 3606
f 3604 138 3605
f 3610 3609 138
f 3607 3610 3604
f 954 3608 3610
f 3608 953 3609
f 3613 3607 948
f 3611 3613 3601
f 951 3612 3613
f 3612 954 3607
f 3617 3616 954
f 3614 3617 3612
f 139 3615 3617
f 3615 952 3616
f 3620 3619 953
f 3616 3620 3608
f 952 3618 3620
f 3618 140 3619
f 3624 3623 140
f 3621 3624 3618
f 957 3622 3624
f 3622 956 3623
f 3627 3621 952
f 3625 3627 3615
f 955 3626 3627
f 3626 957 3621
f 3630 3629 957
f 3628 3630 3626
f 45 2658 3630
f 2658 692 3629
f 3632 3631 956
f 3629 3632 3622
f 692 2655 3632
f 2655 44 3631
f 3636 3635 139
f 3633 3636 3614
f 961 3634 3636
f 3634 960 3635
f 3639 3633 951
f 3637 3639 3611
f 958 3638 3639
f 3638 961 3633
f 3643 3642 961
f 3640 3643 3638
f 141 3641 3643
f 3641 959 3642
f 3646 3645 960
f 3642 3646 3634
f 959 3644 3646
f 3644 142 3645
f 3649 3625 139
f 3647 3649 3635
f 964 3648 3649
f 3648 955 3625
f 3652 3647 960
f 3650 3652 3645
f 962 3651 3652
f 3651 964 3647
f 3656 3655 964
f 3653 3656 3651
f 143 3654 3656
f 3654 963 3655
f 3658 3628 955
f 3655 3658 3648
f 963 3657 3658
f 3657 45 3628
f 3662 3661 143
f 3659 3662 3653
f 968 3660 3662
f 3660 967 3661
f 3665 3659 962
f 3663 3665 3650
f 965 3664 3665
f 3664 968 3659
f 3669 3668 968
f 3666 3669 3664
f 144 3667 3669
f 3667 966 3668
f 3672 3671 967
f 3668 3672 3660
f 966 3670 3672
f 3670 145 3671
f 3676 3675 143
f 3673 3676 3661
f 972 3674 3676
f 3674 971 3675
f 3679 3673 967
f 3677 3679 3671
f 969 3678 3679
f 3678 972 3673
f 3683 3682 972
f 3680 3683 3678
f 146 3681 3683
f 3681 970 3682
f 3686 3685 971
f 3682 3686 3674
f 970 3684 3686
f 3684 147 3685
f 3689 3654 143
f 3687 3689 3675
f 974 3688 3689
f 3688 963 3654
f 3692 3687 971
f 3690 3692 3685
f 973 3691 3692
f 3691 974 3687
f 3695 3694 974
f 3693 3695 3691
f 46 2662 3695
f 2662 693 3694
f 3696 3657 963
f 3694 3696 3688
f 693 2659 3696
f 2659 45 3657
f 3700 3699 146
f 3697 3700 3680
f 978 3698 3700
f 3698 977 3699
f 3703 3697 969
f 3701 3703 3677
f 975 3702 3703
f 3702 978 3697
f 3707 3706 978
f 3704 3707 3702
f 148 3705 3707
f 3705 976 3706
f 3710 3709 977
f 3706 3710 3698
f 976 3708 3710
f 3708 149 3709
f 3714 3713 149
f 3711 3714 3708
f 982 3712 3714
f 3712 981 3713
f 3717 3711 976
f 3715 3717 3705
f 979 3716 3717
f 3716 982 3711
f 3721 3720 982
f 3718 3721 3716
f 150 3719 3721
f 3719 980 3720
f 3724 3723 981
f 3720 3724 3712
f 980 3722 3724
f 3722 151 3723
f 3728 3727 151
f 3725 3728 3722
f 986 3726 3728
f 3726 985 3727
f 3731 3725 980
f 3729 3731 3719
f 983 3730 3731
f 3730 986 3725
f 3735 3734 986
f 3732 3735 3730
f 152 3733 3735
f 3733 984 3734
f 3738 3737 985
f 3734 3738 3726
f 984 3736 3738
f 3736 153 3737
f 3742 3741 153
f 3739 3742 3736
f 990 3740 3742
f 3740 989 3741
f 3745 3739 984
f 3743 3745 3733
f 987 3744 3745
f 3744 990 3739
f 3749 3748 990
f 3746 3749 3744
f 154 3747 3749
f 3747 988 3748
f 3752 3751 989
f 3748 3752 3740
f 988 3750 3752
f 3750 155 3751
f 3756 3755 155
f 3753 3756 3750
f 994 3754 3756
f 3754 993 3755
f 3759 3753 988
f 3757 3759 3747
f 991 3758 3759
f 3758 994 3753
f 3763 3762 994
f 3760 3763 3758
f 156 3761 3763
f 3761 992 3762
f 3766 3765 993
f 3762 3766 3754
f 992 3764 3766
f 3764 157 3765
f 3770 3769 157
f 3767 3770 3764
f 998 3768 3770
f 3768 997 3769
f 3773 3767 992
f 3771 3773 3761
f 995 3772 3773
f 3772 998 3767
f 3777 3776 998
f 3774 3777 3772
f 158 3775 3777
f 3775 996 3776
f 3780 3779 997
f 3776 3780 3768
f 996 3778 3780
f 3778 159 3779
f 3784 3783 159
f 3781 3784 3778
f 1002 3782 3784
f 3782 1001 3783
f 3787 3781 996
f 3785 3787 3775
f 999 3786 3787
f 3786 1002 3781
f 3791 3790 1002
f 3788 3791 3786
f 160 3789 3791
f 3789 1000 3790
f 3794 3793 1001
f 3790 3794 3782
f 1000 3792 3794
f 3792 161 3793
f 3798 3797 161
f 3795 3798 3792
f 1006 3796 3798
f 3796 1005 3797
f 3801 3795 1000
f 3799 3801 3789
f 1003 3800 3801
f 3800 1006 3795
f 3805 3804 1006
f 3802 3805 3800
f 162 3803 3805
f 3803 1004 3804
f 3808 3807 1005
f 3804 3808 3796
f 1004 3806 3808
f 3806 163 3807
f 3812 3811 163
f 3809 3812 3806
f 1009 3810 3812
f 3810 1008 3811
f 3815 3809 1004
f 3813 3815 3803
f 1007 3814 3815
f 3814 1009 3809
f 3818 3817 1009
f 3816 3818 3814
f 50 2690 3818
f 2690 702 3817
f 3820 3819 1008
f 3817 3820 3810
f 702 2687 3820
f 2687 49 3819
f 3824 3813 162
f 3822 3824 3821
f 1013 3823 3824
f 3823 1007 3813
f 3828 3822 1010
f 3826 3828 3825
f 1011 3827 3828
f 3827 1013 3822
f 3832 3831 1013
f 3829 3832 3827
f 165 3830 3832
f 3830 1012 3831
f 3834 3816 1007
f 3831 3834 3823
f 1012 3833 3834
f 3833 50 3816
f 3837 3821 162
f 3835 3837 3802
f 1016 3836 3837
f 3836 1010 3821
f 3840 3835 1003
f 3838 3840 3799
f 1014 3839 3840
f 3839 1016 3835
f 3844 3843 1016
f 3841 3844 3839
f 166 3842 3844
f 3842 1015 3843
f 3846 3825 1010
f 3843 3846 3836
f 1015 3845 3846
f 3845 164 3825
f 3850 3842 166
f 3848 3850 3847
f 1020 3849 3850
f 3849 1015 3842
f 3854 3848 1017
f 3852 3854 3851
f 1018 3853 3854
f 3853 1020 3848
f 3858 3857 1020
f 3855 3858 3853
f 168 3856 3858
f 3856 1019 3857
f 3860 3845 1015
f 3857 3860 3849
f 1019 3859 3860
f 3859 164 3845
f 3864 3863 166
f 3861 3864 3841
f 1023 3862 3864
f 3862 1022 3863
f 3866 3861 1014
f 3788 3866 3838
f 999 3865 3866
f 3865 1023 3861
f 3869 3868 1023
f 3785 3869 3865
f 158 3867 3869
f 3867 1021 3868
f 3872 3871 1022
f 3868 3872 3862
f 1021 3870 3872
f 3870 169 3871
f 3875 3847 166
f 3873 3875 3863
f 1026 3874 3875
f 3874 1017 3847
f 3878 3873 1022
f 3876 3878 3871
f 1024 3877 3878
f 3877 1026 3873
f 3882 3881 1026
f 3879 3882 3877
f 170 3880 3882
f 3880 1025 3881
f 3884 3851 1017
f 3881 3884 3874
f 1025 3883 3884
f 3883 167 3851
f 3888 3880 170
f 3886 3888 3885
f 1030 3887 3888
f 3887 1025 3880
f 3892 3886 1027
f 3890 3892 3889
f 1028 3891 3892
f 3891 1030 3886
f 3896 3895 1030
f 3893 3896 3891
f 172 3894 3896
f 3894 1029 3895
f 3898 3883 1025
f 3895 3898 3887
f 1029 3897 3898
f 3897 167 3883
f 3902 3901 170
f 3899 3902 3879
f 1034 3900 3902
f 3900 1033 3901
f 3905 3899 1024
f 3903 3905 3876
f 1031 3904 3905
f 3904 1034 3899
f 3909 3908 1034
f 3906 3909 3904
f 173 3907 3909
f 3907 1032 3908
f 3912 3911 1033
f 3908 3912 3900
f 1032 3910 3912
f 3910 174 3911
f 3915 3885 170
f 3913 3915 3901
f 1037 3914 3915
f 3914 1027 3885
f 3918 3913 1033
f 3916 3918 3911
f 1035 3917 3918
f 3917 1037 3913
f 3922 3921 1037
f 3919 3922 3917
f 175 3920 3922
f 3920 1036 3921
f 3924 3889 1027
f 3921 3924 3914
f 1036 3923 3924
f 3923 171 3889
f 3928 3920 175
f 3926 3928 3925
f 1041 3927 3928
f 3927 1036 3920
f 3932 3926 1038
f 3930 3932 3929
f 1039 3931 3932
f 3931 1041 3926
f 3936 3935 1041
f 3933 3936 3931
f 177 3934 3936
f 3934 1040 3935
f 3938 3923 1036
f 3935 3938 3927
f 1040 3937 3938
f 3937 171 3923
f 3942 3941 175
f 3939 3942 3919
f 1045 3940 3942
f 3940 1044 3941
f 3945 3939 1035
f 3943 3945 3916
f 1042 3944 3945
f 3944 1045 3939
f 3949 3948 1045
f 3946 3949 3944
f 178 3947 3949
f 3947 1043 3948
f 3952 3951 1044
f 3948 3952 3940
f 1043 3950 3952
f 3950 179 3951
f 3955 3925 175
f 3953 3955 3941
f 1048 3954 3955
f 3954 1038 3925
f 3958 3953 1044
f 3956 3958 3951
f 1046 3957 3958
f 3957 1048 3953
f 3962 3961 1048
f 3959 3962 3957
f 180 3960 3962
f 3960 1047 3961
f 3964 3929 1038
f 3961 3964 3954
f 1047 3963 3964
f 3963 176 3929
f 3968 3960 180
f 3966 3968 3965
f 1052 3967 3968
f 3967 1047 3960
f 3972 3966 1049
f 3970 3972 3969
f 1050 3971 3972
f 3971 1052 3966
f 3976 3975 1052
f 3973 3976 3971
f 182 3974 3976
f 3974 1051 3975
f 3978 3963 1047
f 3975 3978 3967
f 1051 3977 3978
f 3977 176 3963
f 3982 3981 180
f 3979 3982 3959
f 1056 3980 3982
f 3980 1055 3981
f 3985 3979 1046
f 3983 3985 3956
f 1053 3984 3985
f 3984 1056 3979
f 3989 3988 1056
f 3986 3989 3984
f 183 3987 3989
f 3987 1054 3988
f 3992 3991 1055
f 3988 3992 3980
f 1054 3990 3992
f 3990 184 3991
f 3995 3965 180
f 3993 3995 3981
f 1059 3994 3995
f 3994 1049 3965
f 3998 3993 1055
f 3996 3998 3991
f 1057 3997 3998
f 3997 1059 3993
f 4002 4001 1059
f 3999 4002 3997
f 185 4000 4002
f 4000 1058 4001
f 4004 3969 1049
f 4001 4004 3994
f 1058 4003 4004
f 4003 181 3969
f 4008 4000 185
f 4006 4008 4005
f 1063 4007 4008
f 4007 1058 4000
f 4012 4006 1060
f 4010 4012 4009
f 1061 4011 4012
f 4011 1063 4006
f 4016 4015 1063
f 4013 4016 4011
f 187 4014 4016
f 4014 1062 4015
f 4018 4003 1058
f 4015 4018 4007
f 1062 4017 4018
f 4017 181 4003
f 4022 4021 185
f 4019 4022 3999
f 1067 4020 4022
f 4020 1066 4021
f 4025 4019 1057
f 4023 4025 3996
f 1064 4024 4025
f 4024 1067 4019
f 4029 4028 1067
f 4026 4029 4024
f 188 4027 4029
f 4027 1065 4028
f 4032 4031 1066
f 4028 4032 4020
f 1065 4030 4032
f 4030 189 4031
f 4035 4005 185
f 4033 4035 4021
f 1070 4034 4035
f 4034 1060 4005
f 4038 4033 1066
f 4036 4038 4031
f 1068 4037 4038
f 4037 1070 4033
f 4042 4041 1070
f 4039 4042 4037
f 190 4040 4042
f 4040 1069 4041
f 4044 4009 1060
f 4041 4044 4034
f 1069 4043 4044
f 4043 186 4009
f 4048 4040 190
f 4046 4048 4045
f 1074 4047 4048
f 4047 1069 4040
f 4052 4046 1071
f 4050 4052 4049
f 1072 4051 4052
f 4051 1074 4046
f 4056 4055 1074
f 4053 4056 4051
f 192 4054 4056
f 4054 1073 4055
f 4058 4043 1069
f 4055 4058 4047
f 1073 4057 4058
f 4057 186 4043
f 4062 4061 190
f 4059 4062 4039
f 1078 4060 4062
f 4060 1077 4061
f 4065 4059 1068
f 4063 4065 4036
f 1075 4064 4065
f 4064 1078 4059
f 4069 4068 1078
f 4066 4069 4064
f 193 4067 4069
f 4067 1076 4068
f 4072 4071 1077
f 4068 4072 4060
f 1076 4070 4072
f 4070 124 4071
f 4075 4045 190
f 4073 4075 4061
f 1080 4074 4075
f 4074 1071 4045
f 4077 4073 1077
f 3484 4077 4071
f 916 4076 4077
f 4076 1080 4073
f 4080 4079 1080
f 3481 4080 4076
f 122 4078 4080
f 4078 1079 4079
f 4082 4049 1071
f 4079 4082 4074
f 1079 4081 4082
f 4081 191 4049
f 4086 4085 193
f 4083 4086 4066
f 1083 4084 4086
f 4084 1082 4085
f 4088 4083 1075
f 4030 4088 4063
f 1065 4087 4088
f 4087 1083 4083
f 4091 4090 1083
f 4027 4091 4087
f 188 4089 4091
f 4089 1081 4090
f 4094 4093 1082
f 4090 4094 4084
f 1081 4092 4094
f 4092 194 4093
f 4098 4097 193
f 4095 4098 4085
f 1087 4096 4098
f 4096 1086 4097
f 4101 4095 1082
f 4099 4101 4093
f 1084 4100 4101
f 4100 1087 4095
f 4105 4104 1087
f 4102 4105 4100
f 195 4103 4105
f 4103 1085 4104
f 4108 4107 1086
f 4104 4108 4096
f 1085 4106 4108
f 4106 127 4107
f 4111 4067 193
f 4109 4111 4097
f 1088 4110 4111
f 4110 1076 4067
f 4113 4109 1086
f 3510 4113 4107
f 923 4112 4113
f 4112 1088 4109
f 4115 4114 1088
f 3507 4115 4112
f 125 3488 4115
f 3488 917 4114
f 4116 4070 1076
f 4114 4116 4110
f 917 3485 4116
f 3485 124 4070
f 4120 4119 195
f 4117 4120 4102
f 1092 4118 4120
f 4118 1091 4119
f 4123 4117 1084
f 4121 4123 4099
f 1089 4122 4123
f 4122 1092 4117
f 4127 4126 1092
f 4124 4127 4122
f 196 4125 4127
f 4125 1090 4126
f 4130 4129 1091
f 4126 4130 4118
f 1090 4128 4130
f 4128 197 4129
f 4134 4133 195
f 4131 4134 4119
f 1096 4132 4134
f 4132 1095 4133
f 4137 4131 1091
f 4135 4137 4129
f 1093 4136 4137
f 4136 1096 4131
f 4141 4140 1096
f 4138 4141 4136
f 198 4139 4141
f 4139 1094 4140
f 4144 4143 1095
f 4140 4144 4132
f 1094 4142 4144
f 4142 199 4143
f 4147 4103 195
f 4145 4147 4133
f 1098 4146 4147
f 4146 1085 4103
f 4150 4145 1095
f 4148 4150 4143
f 1097 4149 4150
f 4149 1098 4145
f 4153 4152 1098
f 4151 4153 4149
f 128 3514 4153
f 3514 924 4152
f 4154 4106 1085
f 4152 4154 4146
f 924 3511 4154
f 3511 127 4106
f 4158 4157 199
f 4155 4158 4142
f 1101 4156 4158
f 4156 1100 4157
f 4161 4155 1094
f 4159 4161 4139
f 1099 4160 4161
f 4160 1101 4155
f 4164 4163 1101
f 4162 4164 4160
f 135 3586 4164
f 3586 943 4163
f 4166 4165 1100
f 4163 4166 4156
f 943 3583 4166
f 3583 133 4165
f 4169 4148 199
f 4167 4169 4157
f 1102 4168 4169
f 4168 1097 4148
f 4171 4167 1100
f 3572 4171 4165
f 939 4170 4171
f 4170 1102 4167
f 4173 4172 1102
f 3569 4173 4170
f 129 3524 4173
f 3524 927 4172
f 4174 4151 1097
f 4172 4174 4168
f 927 3521 4174
f 3521 128 4151
f 4178 4177 198
f 4175 4178 4138
f 1106 4176 4178
f 4176 1105 4177
f 4181 4175 1093
f 4179 4181 4135
f 1103 4180 4181
f 4180 1106 4175
f 4185 4184 1106
f 4182 4185 4180
f 200 4183 4185
f 4183 1104 4184
f 4188 4187 1105
f 4184 4188 4176
f 1104 4186 4188
f 4186 141 4187
f 4191 4159 198
f 4189 4191 4177
f 1107 4190 4191
f 4190 1099 4159
f 4193 4189 1105
f 3640 4193 4187
f 958 4192 4193
f 4192 1107 4189
f 4195 4194 1107
f 3637 4195 4192
f 137 3600 4195
f 3600 947 4194
f 4196 4162 1099
f 4194 4196 4190
f 947 3597 4196
f 3597 135 4162
f 4200 4199 200
f 4197 4200 4182
f 1110 4198 4200
f 4198 1109 4199
f 4202 4197 1103
f 4128 4202 4179
f 1090 4201 4202
f 4201 1110 4197
f 4205 4204 1110
f 4125 4205 4201
f 196 4203 4205
f 4203 1108 4204
f 4208 4207 1109
f 4204 4208 4198
f 1108 4206 4208
f 4206 201 4207
f 4212 4211 200
f 4209 4212 4199
f 1114 4210 4212
f 4210 1113 4211
f 4215 4209 1109
f 4213 4215 4207
f 1111 4214 4215
f 4214 1114 4209
f 4219 4218 1114
f 4216 4219 4214
f 202 4217 4219
f 4217 1112 4218
f 4222 4221 1113
f 4218 4222 4210
f 1112 4220 4222
f 4220 144 4221
f 4225 4183 200
f 4223 4225 4211
f 1115 4224 4225
f 4224 1104 4183
f 4227 4223 1113
f 3666 4227 4221
f 965 4226 4227
f 4226 1115 4223
f 4229 4228 1115
f 3663 4229 4226
f 142 3644 4229
f 3644 959 4228
f 4230 4186 1104
f 4228 4230 4224
f 959 3641 4230
f 3641 141 4186
f 4234 4233 202
f 4231 4234 4216
f 1119 4232 4234
f 4232 1118 4233
f 4237 4231 1111
f 4235 4237 4213
f 1116 4236 4237
f 4236 1119 4231
f 4241 4240 1119
f 4238 4241 4236
f 203 4239 4241
f 4239 1117 4240
f 4244 4243 1118
f 4240 4244 4232
f 1117 4242 4244
f 4242 204 4243
f 4248 4247 202
f 4245 4248 4233
f 1122 4246 4248
f 4246 1121 4247
f 4251 4245 1118
f 4249 4251 4243
f 1120 4250 4251
f 4250 1122 4245
f 4254 4253 1122
f 4252 4254 4250
f 150 3718 4254
f 3718 979 4253
f 4256 4255 1121
f 4253 4256 4246
f 979 3715 4256
f 3715 148 4255
f 4259 4217 202
f 4257 4259 4247
f 1123 4258 4259
f 4258 1112 4217
f 4261 4257 1121
f 3704 4261 4255
f 975 4260 4261
f 4260 1123 4257
f 4263 4262 1123
f 3701 4263 4260
f 145 3670 4263
f 3670 966 4262
f 4264 4220 1112
f 4262 4264 4258
f 966 3667 4264
f 3667 144 4220
f 4268 4267 204
f 4265 4268 4242
f 1127 4266 4268
f 4266 1126 4267
f 4271 4265 1117
f 4269 4271 4239
f 1124 4270 4271
f 4270 1127 4265
f 4275 4274 1127
f 4272 4275 4270
f 205 4273 4275
f 4273 1125 4274
f 4278 4277 1126
f 4274 4278 4266
f 1125 4276 4278
f 4276 206 4277
f 4281 4249 204
f 4279 4281 4267
f 1129 4280 4281
f 4280 1120 4249
f 4284 4279 1126
f 4282 4284 4277
f 1128 4283 4284
f 4283 1129 4279
f 4287 4286 1129
f 4285 4287 4283
f 152 3732 4287
f 3732 983 4286
f 4288 4252 1120
f 4286 4288 4280
f 983 3729 4288
f 3729 150 4252
f 4292 4291 206
f 4289 4292 4276
f 1133 4290 4292
f 4290 1132 4291
f 4295 4289 1125
f 4293 4295 4273
f 1130 4294 4295
f 4294 1133 4289
f 4299 4298 1133
f 4296 4299 4294
f 178 4297 4299
f 4297 1131 4298
f 4302 4301 1132
f 4298 4302 4290
f 1131 4300 4302
f 4300 207 4301
f 4305 4282 206
f 4303 4305 4291
f 1135 4304 4305
f 4304 1128 4282
f 4308 4303 1132
f 4306 4308 4301
f 1134 4307 4308
f 4307 1135 4303
f 4311 4310 1135
f 4309 4311 4307
f 154 3746 4311
f 3746 987 4310
f 4312 4285 1128
f 4310 4312 4304
f 987 3743 4312
f 3743 152 4285
f 4316 4315 207
f 4313 4316 4300
f 1137 4314 4316
f 4314 1136 4315
f 4318 4313 1131
f 3946 4318 4297
f 1042 4317 4318
f 4317 1137 4313
f 4320 4319 1137
f 3943 4320 4317
f 174 3910 4320
f 3910 1032 4319
f 4322 4321 1136
f 4319 4322 4314
f 1032 3907 4322
f 3907 173 4321
f 4325 4306 207
f 4323 4325 4315
f 1139 4324 4325
f 4324 1134 4306
f 4328 4323 1136
f 4326 4328 4321
f 1138 4327 4328
f 4327 1139 4323
f 4331 4330 1139
f 4329 4331 4327
f 156 3760 4331
f 3760 991 4330
f 4332 4309 1134
f 4330 4332 4324
f 991 3757 4332
f 3757 154 4309
f 4336 4293 205
f 4334 4336 4333
f 1141 4335 4336
f 4335 1130 4293
f 4339 4334 1140
f 3986 4339 4337
f 1053 4338 4339
f 4338 1141 4334
f 4341 4340 1141
f 3983 4341 4338
f 179 3950 4341
f 3950 1043 4340
f 4342 4296 1130
f 4340 4342 4335
f 1043 3947 4342
f 3947 178 4296
f 4345 4333 205
f 4343 4345 4272
f 1144 4344 4345
f 4344 1140 4333
f 4348 4343 1124
f 4346 4348 4269
f 1142 4347 4348
f 4347 1144 4343
f 4352 4351 1144
f 4349 4352 4347
f 208 4350 4352
f 4350 1143 4351
f 4354 4337 1140
f 4351 4354 4344
f 1143 4353 4354
f 4353 183 4337
f 4358 4350 208
f 4356 4358 4355
f 1146 4357 4358
f 4357 1143 4350
f 4361 4356 1145
f 4026 4361 4359
f 1064 4360 4361
f 4360 1146 4356
f 4363 4362 1146
f 4023 4363 4360
f 184 3990 4363
f 3990 1054 4362
f 4364 4353 1143
f 4362 4364 4357
f 1054 3987 4364
f 3987 183 4353
f 4368 4367 208
f 4365 4368 4349
f 1148 4366 4368
f 4366 1147 4367
f 4370 4365 1142
f 4238 4370 4346
f 1116 4369 4370
f 4369 1148 4365
f 4372 4371 1148
f 4235 4372 4369
f 201 4206 4372
f 4206 1108 4371
f 4374 4373 1147
f 4371 4374 4366
f 1108 4203 4374
f 4203 196 4373
f 4377 4355 208
f 4375 4377 4367
f 1149 4376 4377
f 4376 1145 4355
f 4379 4375 1147
f 4124 4379 4373
f 1089 4378 4379
f 4378 1149 4375
f 4381 4380 1149
f 4121 4381 4378
f 194 4092 4381
f 4092 1081 4380
f 4382 4359 1145
f 4380 4382 4376
f 1081 4089 4382
f 4089 188 4359
f 4387 4386 192
f 4384 4387 4383
f 1154 4385 4387
f 4385 1153 4386
f 4391 4384 1150
f 4389 4391 4388
f 1151 4390 4391
f 4390 1154 4384
f 4395 4394 1154
f 4392 4395 4390
f 210 4393 4395
f 4393 1152 4394
f 4398 4397 1153
f 4394 4398 4385
f 1152 4396 4398
f 4396 211 4397
f 4401 4054 192
f 4399 4401 4386
f 1156 4400 4401
f 4400 1073 4054
f 4404 4399 1153
f 4402 4404 4397
f 1155 4403 4404
f 4403 1156 4399
f 4407 4406 1156
f 4405 4407 4403
f 187 4013 4407
f 4013 1061 4406
f 4408 4057 1073
f 4406 4408 4400
f 1061 4010 4408
f 4010 186 4057
f 4411 4383 192
f 4409 4411 4053
f 1159 4410 4411
f 4410 1150 4383
f 4414 4409 1072
f 4412 4414 4050
f 1157 4413 4414
f 4413 1159 4409
f 4418 4417 1159
f 4415 4418 4413
f 212 4416 4418
f 4416 1158 4417
f 4420 4388 1150
f 4417 4420 4410
f 1158 4419 4420
f 4419 209 4388
f 4424 4416 212
f 4422 4424 4421
f 1163 4423 4424
f 4423 1158 4416
f 4428 4422 1160
f 4426 4428 4425
f 1161 4427 4428
f 4427 1163 4422
f 4432 4431 1163
f 4429 4432 4427
f 214 4430 4432
f 4430 1162 4431
f 4434 4419 1158
f 4431 4434 4423
f 1162 4433 4434
f 4433 209 4419
f 4438 4437 212
f 4435 4438 4415
f 1165 4436 4438
f 4436 1164 4437
f 4440 4435 1157
f 4081 4440 4412
f 1079 4439 4440
f 4439 1165 4435
f 4442 4441 1165
f 4078 4442 4439
f 122 3460 4442
f 3460 910 4441
f 4444 4443 1164
f 4441 4444 4436
f 910 3457 4444
f 3457 120 4443
f 4447 4421 212
f 4445 4447 4437
f 1167 4446 4447
f 4446 1160 4421
f 4449 4445 1164
f 3436 4449 4443
f 904 4448 4449
f 4448 1167 4445
f 4452 4451 1167
f 3433 4452 4448
f 118 4450 4452
f 4450 1166 4451
f 4454 4425 1160
f 4451 4454 4446
f 1166 4453 4454
f 4453 213 4425
f 4459 4458 214
f 4456 4459 4455
f 1172 4457 4459
f 4457 1171 4458
f 4463 4456 1168
f 4461 4463 4460
f 1169 4462 4463
f 4462 1172 4456
f 4467 4466 1172
f 4464 4467 4462
f 216 4465 4467
f 4465 1170 4466
f 4470 4469 1171
f 4466 4470 4457
f 1170 4468 4470
f 4468 217 4469
f 4473 4430 214
f 4471 4473 4458
f 1174 4472 4473
f 4472 1162 4430
f 4476 4471 1171
f 4474 4476 4469
f 1173 4475 4476
f 4475 1174 4471
f 4479 4478 1174
f 4477 4479 4475
f 210 4392 4479
f 4392 1151 4478
f 4480 4433 1162
f 4478 4480 4472
f 1151 4389 4480
f 4389 209 4433
f 4483 4455 214
f 4481 4483 4429
f 1177 4482 4483
f 4482 1168 4455
f 4486 4481 1161
f 4484 4486 4426
f 1175 4485 4486
f 4485 1177 4481
f 4490 4489 1177
f 4487 4490 4485
f 218 4488 4490
f 4488 1176 4489
f 4492 4460 1168
f 4489 4492 4482
f 1176 4491 4492
f 4491 215 4460
f 4496 4488 218
f 4494 4496 4493
f 1181 4495 4496
f 4495 1176 4488
f 4500 4494 1178
f 4498 4500 4497
f 1179 4499 4500
f 4499 1181 4494
f 4504 4503 1181
f 4501 4504 4499
f 220 4502 4504
f 4502 1180 4503
f 4506 4491 1176
f 4503 4506 4495
f 1180 4505 4506
f 4505 215 4491
f 4510 4509 218
f 4507 4510 4487
f 1183 4508 4510
f 4508 1182 4509
f 4512 4507 1175
f 4453 4512 4484
f 1166 4511 4512
f 4511 1183 4507
f 4514 4513 1183
f 4450 4514 4511
f 118 3412 4514
f 3412 898 4513
f 4516 4515 1182
f 4513 4516 4508
f 898 3409 4516
f 3409 117 4515
f 4519 4493 218
f 4517 4519 4509
f 1185 4518 4519
f 4518 1178 4493
f 4521 4517 1182
f 3402 4521 4515
f 895 4520 4521
f 4520 1185 4517
f 4524 4523 1185
f 3399 4524 4520
f 116 4522 4524
f 4522 1184 4523
f 4526 4497 1178
f 4523 4526 4518
f 1184 4525 4526
f 4525 219 4497
f 4531 4530 220
f 4528 4531 4527
f 1190 4529 4531
f 4529 1189 4530
f 4535 4528 1186
f 4533 4535 4532
f 1187 4534 4535
f 4534 1190 4528
f 4539 4538 1190
f 4536 4539 4534
f 88 4537 4539
f 4537 1188 4538
f 4542 4541 1189
f 4538 4542 4529
f 1188 4540 4542
f 4540 221 4541
f 4545 4502 220
f 4543 4545 4530
f 1192 4544 4545
f 4544 1180 4502
f 4548 4543 1189
f 4546 4548 4541
f 1191 4547 4548
f 4547 1192 4543
f 4551 4550 1192
f 4549 4551 4547
f 216 4464 4551
f 4464 1169 4550
f 4552 4505 1180
f 4550 4552 4544
f 1169 4461 4552
f 4461 215 4505
f 4555 4527 220
f 4553 4555 4501
f 1195 4554 4555
f 4554 1186 4527
f 4558 4553 1179
f 4556 4558 4498
f 1193 4557 4558
f 4557 1195 4553
f 4562 4561 1195
f 4559 4562 4557
f 92 4560 4562
f 4560 1194 4561
f 4564 4532 1186
f 4561 4564 4554
f 1194 4563 4564
f 4563 90 4532
f 4568 4567 221
f 4565 4568 4540
f 1198 4566 4568
f 4566 1197 4567
f 4571 4565 1188
f 4569 4571 4537
f 1196 4570 4571
f 4570 1198 4565
f 4574 4573 1198
f 4572 4574 4570
f 86 3058 4574
f 3058 801 4573
f 4576 4575 1197
f 4573 4576 4566
f 801 3055 4576
f 3055 85 4575
f 4579 4546 221
f 4577 4579 4567
f 1201 4578 4579
f 4578 1191 4546
f 4582 4577 1197
f 4580 4582 4575
f 1199 4581 4582
f 4581 1201 4577
f 4586 4585 1201
f 4583 4586 4581
f 222 4584 4586
f 4584 1200 4585
f 4588 4549 1191
f 4585 4588 4578
f 1200 4587 4588
f 4587 216 4549
f 4592 4591 222
f 4589 4592 4583
f 1203 4590 4592
f 4590 1202 4591
f 4594 4589 1199
f 3054 4594 4580
f 800 4593 4594
f 4593 1203 4589
f 4596 4595 1203
f 3051 4596 4593
f 82 3018 4596
f 3018 790 4595
f 4598 4597 1202
f 4595 4598 4590
f 790 3015 4598
f 3015 81 4597
f 4602 4601 222
f 4599 4602 4591
f 1207 4600 4602
f 4600 1206 4601
f 4605 4599 1202
f 4603 4605 4597
f 1204 4604 4605
f 4604 1207 4599
f 4609 4608 1207
f 4606 4609 4604
f 223 4607 4609
f 4607 1205 4608
f 4612 4611 1206
f 4608 4612 4600
f 1205 4610 4612
f 4610 224 4611
f 4615 4584 222
f 4613 4615 4601
f 1209 4614 4615
f 4614 1200 4584
f 4618 4613 1206
f 4616 4618 4611
f 1208 4617 4618
f 4617 1209 4613
f 4621 4620 1209
f 4619 4621 4617
f 217 4468 4621
f 4468 1170 4620
f 4622 4587 1200
f 4620 4622 4614
f 1170 4465 4622
f 4465 216 4587
f 4626 4625 224
f 4623 4626 4610
f 1213 4624 4626
f 4624 1212 4625
f 4629 4623 1205
f 4627 4629 4607
f 1210 4628 4629
f 4628 1213 4623
f 4633 4632 1213
f 4630 4633 4628
f 225 4631 4633
f 4631 1211 4632
f 4636 4635 1212
f 4632 4636 4624
f 1211 4634 4636
f 4634 226 4635
f 4639 4616 224
f 4637 4639 4625
f 1215 4638 4639
f 4638 1208 4616
f 4642 4637 1212
f 4640 4642 4635
f 1214 4641 4642
f 4641 1215 4637
f 4645 4644 1215
f 4643 4645 4641
f 210 4477 4645
f 4477 1173 4644
f 4646 4619 1208
f 4644 4646 4638
f 1173 4474 4646
f 4474 217 4619
f 4650 4649 226
f 4647 4650 4634
f 1219 4648 4650
f 4648 1218 4649
f 4653 4647 1211
f 4651 4653 4631
f 1216 4652 4653
f 4652 1219 4647
f 4657 4656 1219
f 4654 4657 4652
f 227 4655 4657
f 4655 1217 4656
f 4660 4659 1218
f 4656 4660 4648
f 1217 4658 4660
f 4658 228 4659
f 4663 4640 226
f 4661 4663 4649
f 1221 4662 4663
f 4662 1214 4640
f 4666 4661 1218
f 4664 4666 4659
f 1220 4665 4666
f 4665 1221 4661
f 4669 4668 1221
f 4667 4669 4665
f 211 4396 4669
f 4396 1152 4668
f 4670 4643 1214
f 4668 4670 4662
f 1152 4393 4670
f 4393 210 4643
f 4674 4673 228
f 4671 4674 4658
f 1225 4672 4674
f 4672 1224 4673
f 4677 4671 1217
f 4675 4677 4655
f 1222 4676 4677
f 4676 1225 4671
f 4681 4680 1225
f 4678 4681 4676
f 229 4679 4681
f 4679 1223 4680
f 4684 4683 1224
f 4680 4684 4672
f 1223 4682 4684
f 4682 230 4683
f 4687 4664 228
f 4685 4687 4673
f 1227 4686 4687
f 4686 1220 4664
f 4690 4685 1224
f 4688 4690 4683
f 1226 4689 4690
f 4689 1227 4685
f 4693 4692 1227
f 4691 4693 4689
f 187 4405 4693
f 4405 1155 4692
f 4694 4667 1220
f 4692 4694 4686
f 1155 4402 4694
f 4402 211 4667
f 4698 4697 230
f 4695 4698 4682
f 1231 4696 4698
f 4696 1230 4697
f 4701 4695 1223
f 4699 4701 4679
f 1228 4700 4701
f 4700 1231 4695
f 4705 4704 1231
f 4702 4705 4700
f 231 4703 4705
f 4703 1229 4704
f 4708 4707 1230
f 4704 4708 4696
f 1229 4706 4708
f 4706 182 4707
f 4711 4688 230
f 4709 4711 4697
f 1232 4710 4711
f 4710 1226 4688
f 4713 4709 1230
f 3973 4713 4707
f 1050 4712 4713
f 4712 1232 4709
f 4715 4714 1232
f 3970 4715 4712
f 181 4017 4715
f 4017 1062 4714
f 4716 4691 1226
f 4714 4716 4710
f 1062 4014 4716
f 4014 187 4691
f 4720 4719 231
f 4717 4720 4702
f 1236 4718 4720
f 4718 1235 4719
f 4723 4717 1228
f 4721 4723 4699
f 1233 4722 4723
f 4722 1236 4717
f 4727 4726 1236
f 4724 4727 4722
f 232 4725 4727
f 4725 1234 4726
f 4730 4729 1235
f 4726 4730 4718
f 1234 4728 4730
f 4728 233 4729
f 4734 4733 231
f 4731 4734 4719
f 1240 4732 4734
f 4732 1239 4733
f 4737 4731 1235
f 4735 4737 4729
f 1237 4736 4737
f 4736 1240 4731
f 4741 4740 1240
f 4738 4741 4736
f 234 4739 4741
f 4739 1238 4740
f 4744 4743 1239
f 4740 4744 4732
f 1238 4742 4744
f 4742 177 4743
f 4747 4703 231
f 4745 4747 4733
f 1241 4746 4747
f 4746 1229 4703
f 4749 4745 1239
f 3933 4749 4743
f 1039 4748 4749
f 4748 1241 4745
f 4751 4750 1241
f 3930 4751 4748
f 176 3977 4751
f 3977 1051 4750
f 4752 4706 1229
f 4750 4752 4746
f 1051 3974 4752
f 3974 182 4706
f 4756 4755 234
f 4753 4756 4738
f 1245 4754 4756
f 4754 1244 4755
f 4759 4753 1237
f 4757 4759 4735
f 1242 4758 4759
f 4758 1245 4753
f 4763 4762 1245
f 4760 4763 4758
f 235 4761 4763
f 4761 1243 4762
f 4766 4765 1244
f 4762 4766 4754
f 1243 4764 4766
f 4764 236 4765
f 4770 4769 234
f 4767 4770 4755
f 1249 4768 4770
f 4768 1248 4769
f 4773 4767 1244
f 4771 4773 4765
f 1246 4772 4773
f 4772 1249 4767
f 4777 4776 1249
f 4774 4777 4772
f 237 4775 4777
f 4775 1247 4776
f 4780 4779 1248
f 4776 4780 4768
f 1247 4778 4780
f 4778 172 4779
f 4783 4739 234
f 4781 4783 4769
f 1250 4782 4783
f 4782 1238 4739
f 4785 4781 1248
f 3893 4785 4779
f 1028 4784 4785
f 4784 1250 4781
f 4787 4786 1250
f 3890 4787 4784
f 171 3937 4787
f 3937 1040 4786
f 4788 4742 1238
f 4786 4788 4782
f 1040 3934 4788
f 3934 177 4742
f 4792 4791 237
f 4789 4792 4774
f 1254 4790 4792
f 4790 1253 4791
f 4795 4789 1246
f 4793 4795 4771
f 1251 4794 4795
f 4794 1254 4789
f 4799 4798 1254
f 4796 4799 4794
f 238 4797 4799
f 4797 1252 4798
f 4802 4801 1253
f 4798 4802 4790
f 1252 4800 4802
f 4800 239 4801
f 4806 4805 237
f 4803 4806 4791
f 1258 4804 4806
f 4804 1257 4805
f 4809 4803 1253
f 4807 4809 4801
f 1255 4808 4809
f 4808 1258 4803
f 4813 4812 1258
f 4810 4813 4808
f 240 4811 4813
f 4811 1256 4812
f 4816 4815 1257
f 4812 4816 4804
f 1256 4814 4816
f 4814 168 4815
f 4819 4775 237
f 4817 4819 4805
f 1259 4818 4819
f 4818 1247 4775
f 4821 4817 1257
f 3855 4821 4815
f 1018 4820 4821
f 4820 1259 4817
f 4823 4822 1259
f 3852 4823 4820
f 167 3897 4823
f 3897 1029 4822
f 4824 4778 1247
f 4822 4824 4818
f 1029 3894 4824
f 3894 172 4778
f 4828 4827 240
f 4825 4828 4810
f 1263 4826 4828
f 4826 1262 4827
f 4831 4825 1255
f 4829 4831 4807
f 1260 4830 4831
f 4830 1263 4825
f 4835 4834 1263
f 4832 4835 4830
f 241 4833 4835
f 4833 1261 4834
f 4838 4837 1262
f 4834 4838 4826
f 1261 4836 4838
f 4836 242 4837
f 4842 4841 240
f 4839 4842 4827
f 1267 4840 4842
f 4840 1266 4841
f 4845 4839 1262
f 4843 4845 4837
f 1264 4844 4845
f 4844 1267 4839
f 4849 4848 1267
f 4846 4849 4844
f 243 4847 4849
f 4847 1265 4848
f 4852 4851 1266
f 4848 4852 4840
f 1265 4850 4852
f 4850 165 4851
f 4855 4811 240
f 4853 4855 4841
f 1268 4854 4855
f 4854 1256 4811
f 4857 4853 1266
f 3829 4857 4851
f 1011 4856 4857
f 4856 1268 4853
f 4859 4858 1268
f 3826 4859 4856
f 164 3859 4859
f 3859 1019 4858
f 4860 4814 1256
f 4858 4860 4854
f 1019 3856 4860
f 3856 168 4814
f 4864 4847 243
f 4862 4864 4861
f 1270 4863 4864
f 4863 1265 4847
f 4867 4862 1269
f 2694 4867 4865
f 703 4866 4867
f 4866 1270 4862
f 4869 4868 1270
f 2691 4869 4866
f 50 3833 4869
f 3833 1012 4868
f 4870 4850 1265
f 4868 4870 4863
f 1012 3830 4870
f 3830 165 4850
f 4874 4873 241
f 4871 4874 4832
f 1273 4872 4874
f 4872 1272 4873
f 4876 4871 1260
f 4800 4876 4829
f 1252 4875 4876
f 4875 1273 4871
f 4879 4878 1273
f 4797 4879 4875
f 238 4877 4879
f 4877 1271 4878
f 4882 4881 1272
f 4878 4882 4872
f 1271 4880 4882
f 4880 244 4881
f 4886 4885 244
f 4883 4886 4880
f 1277 4884 4886
f 4884 1276 4885
f 4889 4883 1271
f 4887 4889 4877
f 1274 4888 4889
f 4888 1277 4883
f 4893 4892 1277
f 4890 4893 4888
f 245 4891 4893
f 4891 1275 4892
f 4896 4895 1276
f 4892 4896 4884
f 1275 4894 4896
f 4894 246 4895
f 4900 4899 246
f 4897 4900 4894
f 1281 4898 4900
f 4898 1280 4899
f 4903 4897 1275
f 4901 4903 4891
f 1278 4902 4903
f 4902 1281 4897
f 4907 4906 1281
f 4904 4907 4902
f 247 4905 4907
f 4905 1279 4906
f 4910 4909 1280
f 4906 4910 4898
f 1279 4908 4910
f 4908 248 4909
f 4914 4913 248
f 4911 4914 4908
f 1284 4912 4914
f 4912 1283 4913
f 4917 4911 1279
f 4915 4917 4905
f 1282 4916 4917
f 4916 1284 4911
f 4920 4919 1284
f 4918 4920 4916
f 21 2759 4920
f 2759 722 4919
f 4922 4921 1283
f 4919 4922 4912
f 722 2756 4922
f 2756 58 4921
f 4926 4925 247
f 4923 4926 4904
f 1288 4924 4926
f 4924 1287 4925
f 4929 4923 1278
f 4927 4929 4901
f 1285 4928 4929
f 4928 1288 4923
f 4933 4932 1288
f 4930 4933 4928
f 235 4931 4933
f 4931 1286 4932
f 4936 4935 1287
f 4932 4936 4924
f 1286 4934 4936
f 4934 249 4935
f 4939 4915 247
f 4937 4939 4925
f 1290 4938 4939
f 4938 1282 4915
f 4942 4937 1287
f 4940 4942 4935
f 1289 4941 4942
f 4941 1290 4937
f 4945 4944 1290
f 4943 4945 4941
f 18 2501 4945
f 2501 649 4944
f 4946 4918 1282
f 4944 4946 4938
f 649 2498 4946
f 2498 21 4918
f 4950 4949 249
f 4947 4950 4934
f 1292 4948 4950
f 4948 1291 4949
f 4952 4947 1286
f 4760 4952 4931
f 1242 4951 4952
f 4951 1292 4947
f 4954 4953 1292
f 4757 4954 4951
f 233 4728 4954
f 4728 1234 4953
f 4956 4955 1291
f 4953 4956 4948
f 1234 4725 4956
f 4725 232 4955
f 4959 4940 249
f 4957 4959 4949
f 1294 4958 4959
f 4958 1289 4940
f 4962 4957 1291
f 4960 4962 4955
f 1293 4961 4962
f 4961 1294 4957
f 4965 4964 1294
f 4963 4965 4961
f 19 2484 4965
f 2484 644 4964
f 4966 4943 1289
f 4964 4966 4958
f 644 2481 4966
f 2481 18 4943
f 4969 4927 245
f 4967 4969 4890
f 1295 4968 4969
f 4968 1285 4927
f 4971 4967 1274
f 4796 4971 4887
f 1251 4970 4971
f 4970 1295 4967
f 4973 4972 1295
f 4793 4973 4970
f 236 4764 4973
f 4764 1243 4972
f 4974 4930 1285
f 4972 4974 4968
f 1243 4761 4974
f 4761 235 4930
f 4977 4960 232
f 4975 4977 4724
f 1297 4976 4977
f 4976 1293 4960
f 4979 4975 1233
f 4678 4979 4721
f 1222 4978 4979
f 4978 1297 4975
f 4982 4981 1297
f 4675 4982 4978
f 227 4980 4982
f 4980 1296 4981
f 4984 4963 1293
f 4981 4984 4976
f 1296 4983 4984
f 4983 19 4963
f 4987 4980 227
f 4985 4987 4654
f 1299 4986 4987
f 4986 1296 4980
f 4990 4985 1216
f 4988 4990 4651
f 1298 4989 4990
f 4989 1299 4985
f 4993 4992 1299
f 4991 4993 4989
f 20 2488 4993
f 2488 645 4992
f 4994 4983 1296
f 4992 4994 4986
f 645 2485 4994
f 2485 19 4983
f 4997 4988 225
f 4995 4997 4630
f 1301 4996 4997
f 4996 1298 4988
f 5000 4995 1210
f 4998 5000 4627
f 1300 4999 5000
f 4999 1301 4995
f 5003 5002 1301
f 5001 5003 4999
f 23 2523 5003
f 2523 655 5002
f 5004 4991 1298
f 5002 5004 4996
f 655 2520 5004
f 2520 20 4991
f 5007 4998 223
f 5005 5007 4606
f 1302 5006 5007
f 5006 1300 4998
f 5009 5005 1204
f 3014 5009 4603
f 789 5008 5009
f 5008 1302 5005
f 5011 5010 1302
f 3011 5011 5008
f 32 2603 5011
f 2603 677 5010
f 5012 5001 1300
f 5010 5012 5006
f 677 2600 5012
f 2600 23 5001
f 5015 4556 219
f 5013 5015 4525
f 1305 5014 5015
f 5014 1193 4556
f 5018 5013 1184
f 5016 5018 4522
f 1303 5017 5018
f 5017 1305 5013
f 5022 5021 1305
f 5019 5022 5017
f 94 5020 5022
f 5020 1304 5021
f 5024 4559 1193
f 5021 5024 5014
f 1304 5023 5024
f 5023 92 4559
f 5027 4326 173
f 5025 5027 3906
f 1306 5026 5027
f 5026 1138 4326
f 5029 5025 1031
f 3870 5029 3903
f 1021 5028 5029
f 5028 1306 5025
f 5031 5030 1306
f 3867 5031 5028
f 158 3774 5031
f 3774 995 5030
f 5032 4329 1138
f 5030 5032 5026
f 995 3771 5032
f 3771 156 4329
f 5035 5016 116
f 5033 5035 3398
f 1308 5034 5035
f 5034 1303 5016
f 5037 5033 894
f 3376 5037 3395
f 888 5036 5037
f 5036 1308 5033
f 5040 5039 1308
f 3373 5040 5036
f 96 5038 5040
f 5038 1307 5039
f 5042 5019 1303
f 5039 5042 5034
f 1307 5041 5042
f 5041 94 5019
f 5045 2937 74
f 5043 5045 2904
f 1310 5044 5045
f 5044 770 2937
f 5048 5043 760
f 5046 5048 2901
f 1309 5047 5048
f 5047 1310 5043
f 5051 5050 1310
f 5049 5051 5047
f 28 2595 5051
f 2595 675 5050
f 5052 2940 770
f 5050 5052 5044
f 675 2592 5052
f 2592 31 2940
f 5056 5055 73
f 5053 5056 2900
f 1313 5054 5056
f 5054 1312 5055
f 5058 5053 759
f 2864 5058 2897
f 749 5057 5058
f 5057 1313 5053
f 5061 5060 1313
f 2861 5061 5057
f 68 5059 5061
f 5059 1311 5060
f 5064 5063 1312
f 5060 5064 5054
f 1311 5062 5064
f 5062 250 5063
f 5067 5046 73
f 5065 5067 5055
f 1315 5066 5067
f 5066 1309 5046
f 5070 5065 1312
f 5068 5070 5063
f 1314 5069 5070
f 5069 1315 5065
f 5073 5072 1315
f 5071 5073 5069
f 29 2577 5073
f 2577 670 5072
f 5074 5049 1309
f 5072 5074 5066
f 670 2574 5074
f 2574 28 5049
f 5078 5077 250
f 5075 5078 5062
f 1319 5076 5078
f 5076 1318 5077
f 5081 5075 1311
f 5079 5081 5059
f 1316 5080 5081
f 5080 1319 5075
f 5085 5084 1319
f 5082 5085 5080
f 251 5083 5085
f 5083 1317 5084
f 5088 5087 1318
f 5084 5088 5076
f 1317 5086 5088
f 5086 252 5087
f 5091 5068 250
f 5089 5091 5077
f 1321 5090 5091
f 5090 1314 5068
f 5094 5089 1318
f 5092 5094 5087
f 1320 5093 5094
f 5093 1321 5089
f 5097 5096 1321
f 5095 5097 5093
f 43 2632 5097
f 2632 684 5096
f 5098 5071 1314
f 5096 5098 5090
f 684 2629 5098
f 2629 29 5071
f 5102 5101 251
f 5099 5102 5082
f 1323 5100 5102
f 5100 1322 5101
f 5104 5099 1316
f 2860 5104 5079
f 748 5103 5104
f 5103 1323 5099
f 5106 5105 1323
f 2857 5106 5103
f 64 2824 5106
f 2824 738 5105
f 5108 5107 1322
f 5105 5108 5100
f 738 2821 5108
f 2821 63 5107
f 5111 2848 67
f 5109 5111 3306
f 1324 5110 5111
f 5110 746 2848
f 5113 5109 871
f 2398 5113 3303
f 619 5112 5113
f 5112 1324 5109
f 5115 5114 1324
f 2395 5115 5112
f 5 2809 5115
f 2809 735 5114
f 5116 2851 746
f 5114 5116 5110
f 735 2806 5116
f 2806 62 2851
f 5120 5119 48
f 5117 5120 2678
f 1326 5118 5120
f 5118 1325 5119
f 5122 5117 698
f 2468 5122 2675
f 639 5121 5122
f 5121 1326 5117
f 5124 5123 1326
f 2465 5124 5121
f 15 2618 5124
f 2618 681 5123
f 5126 5125 1325
f 5123 5126 5118
f 681 2615 5126
f 2615 42 5125
f 5131 5130 253
f 5128 5131 5127
f 1331 5129 5131
f 5129 1330 5130
f 5135 5128 1327
f 5133 5135 5132
f 1328 5134 5135
f 5134 1331 5128
f 5139 5138 1331
f 5136 5139 5134
f 258 5137 5139
f 5137 1329 5138
f 5142 5141 1330
f 5138 5142 5129
f 1329 5140 5142
f 5140 257 5141
f 5146 5145 253
f 5143 5146 5130
f 1335 5144 5146
f 5144 1334 5145
f 5149 5143 1330
f 5147 5149 5141
f 1332 5148 5149
f 5148 1335 5143
f 5153 5152 1335
f 5150 5153 5148
f 261 5151 5153
f 5151 1333 5152
f 5156 5155 1334
f 5152 5156 5144
f 1333 5154 5156
f 5154 260 5155
f 5160 5127 253
f 5158 5160 5157
f 1339 5159 5160
f 5159 1327 5127
f 5164 5158 1336
f 5162 5164 5161
f 1337 5163 5164
f 5163 1339 5158
f 5168 5167 1339
f 5165 5168 5163
f 262 5166 5168
f 5166 1338 5167
f 5170 5132 1327
f 5167 5170 5159
f 1338 5169 5170
f 5169 259 5132
f 5174 5173 253
f 5171 5174 5145
f 1343 5172 5174
f 5172 1342 5173
f 5177 5171 1334
f 5175 5177 5155
f 1340 5176 5177
f 5176 1343 5171
f 5181 5180 1343
f 5178 5181 5176
f 265 5179 5181
f 5179 1341 5180
f 5184 5183 1342
f 5180 5184 5172
f 1341 5182 5184
f 5182 264 5183
f 5187 5157 253
f 5185 5187 5173
f 1346 5186 5187
f 5186 1336 5157
f 5190 5185 1342
f 5188 5190 5183
f 1344 5189 5190
f 5189 1346 5185
f 5194 5193 1346
f 5191 5194 5189
f 266 5192 5194
f 5192 1345 5193
f 5196 5161 1336
f 5193 5196 5186
f 1345 5195 5196
f 5195 263 5161
f 5201 5200 254
f 5198 5201 5197
f 1351 5199 5201
f 5199 1350 5200
f 5205 5198 1347
f 5203 5205 5202
f 1348 5204 5205
f 5204 1351 5198
f 5209 5208 1351
f 5206 5209 5204
f 268 5207 5209
f 5207 1349 5208
f 5212 5211 1350
f 5208 5212 5199
f 1349 5210 5212
f 5210 267 5211
f 5217 5216 254
f 5214 5217 5213
f 1356 5215 5217
f 5215 1355 5216
f 5221 5214 1352
f 5219 5221 5218
f 1353 5220 5221
f 5220 1356 5214
f 5225 5224 1356
f 5222 5225 5220
f 271 5223 5225
f 5223 1354 5224
f 5228 5227 1355
f 5224 5228 5215
f 1354 5226 5228
f 5226 270 5227
f 5231 5197 254
f 5229 5231 5216
f 1359 5230 5231
f 5230 1347 5197
f 5234 5229 1355
f 5232 5234 5227
f 1357 5233 5234
f 5233 1359 5229
f 5238 5237 1359
f 5235 5238 5233
f 273 5236 5238
f 5236 1358 5237
f 5240 5202 1347
f 5237 5240 5230
f 1358 5239 5240
f 5239 269 5202
f 5244 5243 254
f 5241 5244 5200
f 1363 5242 5244
f 5242 1362 5243
f 5247 5241 1350
f 5245 5247 5211
f 1360 5246 5247
f 5246 1363 5241
f 5251 5250 1363
f 5248 5251 5246
f 274 5249 5251
f 5249 1361 5250
f 5254 5253 1362
f 5250 5254 5242
f 1361 5252 5254
f 5252 256 5253
f 5257 5213 254
f 5255 5257 5243
f 1366 5256 5257
f 5256 1352 5213
f 5260 5255 1362
f 5258 5260 5253
f 1364 5259 5260
f 5259 1366 5255
f 5264 5263 1366
f 5261 5264 5259
f 275 5262 5264
f 5262 1365 5263
f 5266 5218 1352
f 5263 5266 5256
f 1365 5265 5266
f 5265 272 5218
f 5271 5270 255
f 5268 5271 5267
f 1370 5269 5271
f 5269 1369 5270
f 5275 5268 1367
f 5273 5275 5272
f 1368 5274 5275
f 5274 1370 5268
f 5278 5277 1370
f 5276 5278 5274
f 25 2538 5278
f 2538 659 5277
f 5280 5279 1369
f 5277 5280 5269
f 659 2535 5280
f 2535 24 5279
f 5284 5267 255
f 5282 5284 5281
f 1373 5283 5284
f 5283 1367 5267
f 5287 5282 1371
f 5182 5287 5285
f 1341 5286 5287
f 5286 1373 5282
f 5290 5289 1373
f 5179 5290 5286
f 265 5288 5290
f 5288 1372 5289
f 5292 5272 1367
f 5289 5292 5283
f 1372 5291 5292
f 5291 276 5272
f 5296 5281 255
f 5294 5296 5293
f 1376 5295 5296
f 5295 1371 5281
f 5300 5294 1374
f 5298 5300 5297
f 1375 5299 5300
f 5299 1376 5294
f 5303 5302 1376
f 5301 5303 5299
f 266 5191 5303
f 5191 1344 5302
f 5304 5285 1371
f 5302 5304 5295
f 1344 5188 5304
f 5188 264 5285
f 5308 5307 256
f 5305 5308 5252
f 1380 5306 5308
f 5306 1379 5307
f 5311 5305 1361
f 5309 5311 5249
f 1377 5310 5311
f 5310 1380 5305
f 5315 5314 1380
f 5312 5315 5310
f 279 5313 5315
f 5313 1378 5314
f 5318 5317 1379
f 5314 5318 5306
f 1378 5316 5318
f 5316 278 5317
f 5322 5321 256
f 5319 5322 5307
f 1384 5320 5322
f 5320 1383 5321
f 5325 5319 1379
f 5323 5325 5317
f 1381 5324 5325
f 5324 1384 5319
f 5329 5328 1384
f 5326 5329 5324
f 281 5327 5329
f 5327 1382 5328
f 5332 5331 1383
f 5328 5332 5320
f 1382 5330 5332
f 5330 280 5331
f 5335 5258 256
f 5333 5335 5321
f 1387 5334 5335
f 5334 1364 5258
f 5338 5333 1383
f 5336 5338 5331
f 1385 5337 5338
f 5337 1387 5333
f 5342 5341 1387
f 5339 5342 5337
f 282 5340 5342
f 5340 1386 5341
f 5344 5261 1364
f 5341 5344 5334
f 1386 5343 5344
f 5343 275 5261
f 5349 5348 283
f 5346 5349 5345
f 1391 5347 5349
f 5347 1390 5348
f 5352 5346 1388
f 5248 5352 5350
f 1360 5351 5352
f 5351 1391 5346
f 5355 5354 1391
f 5245 5355 5351
f 267 5353 5355
f 5353 1389 5354
f 5358 5357 1390
f 5354 5358 5347
f 1389 5356 5358
f 5356 287 5357
f 5362 5345 283
f 5360 5362 5359
f 1394 5361 5362
f 5361 1388 5345
f 5366 5360 1392
f 5364 5366 5363
f 1393 5365 5366
f 5365 1394 5360
f 5369 5368 1394
f 5367 5369 5365
f 279 5312 5369
f 5312 1377 5368
f 5370 5350 1388
f 5368 5370 5361
f 1377 5309 5370
f 5309 274 5350
f 5374 5373 34
f 5371 5374 2638
f 1397 5372 5374
f 5372 1396 5373
f 5376 5371 689
f 5276 5376 2647
f 1368 5375 5376
f 5375 1397 5371
f 5379 5378 1397
f 5273 5379 5375
f 276 5377 5379
f 5377 1395 5378
f 5382 5381 1396
f 5378 5382 5372
f 1395 5380 5382
f 5380 284 5381
f 5386 2649 35
f 5384 5386 5383
f 1401 5385 5386
f 5385 691 2649
f 5390 5384 1398
f 5388 5390 5387
f 1399 5389 5390
f 5389 1401 5384
f 5394 5393 1401
f 5391 5394 5389
f 289 5392 5394
f 5392 1400 5393
f 5396 2654 691
f 5393 5396 5385
f 1400 5395 5396
f 5395 44 2654
f 5400 2665 36
f 5398 5400 5397
f 1405 5399 5400
f 5399 696 2665
f 5404 5398 1402
f 5402 5404 5401
f 1403 5403 5404
f 5403 1405 5398
f 5408 5407 1405
f 5405 5408 5403
f 268 5406 5408
f 5406 1404 5407
f 5410 2670 696
f 5407 5410 5399
f 1404 5409 5410
f 5409 47 2670
f 5414 5413 37
f 5411 5414 2684
f 1409 5412 5414
f 5412 1408 5413
f 5417 5411 704
f 5415 5417 2695
f 1406 5416 5417
f 5416 1409 5411
f 5421 5420 1409
f 5418 5421 5416
f 293 5419 5421
f 5419 1407 5420
f 5424 5423 1408
f 5420 5424 5412
f 1407 5422 5424
f 5422 292 5423
f 5428 5427 284
f 5425 5428 5380
f 1412 5426 5428
f 5426 1411 5427
f 5430 5425 1395
f 5291 5430 5377
f 1372 5429 5430
f 5429 1412 5425
f 5433 5432 1412
f 5288 5433 5429
f 265 5431 5433
f 5431 1410 5432
f 5436 5435 1411
f 5432 5436 5426
f 1410 5434 5436
f 5434 294 5435
f 5441 5440 285
f 5438 5441 5437
f 1417 5439 5441
f 5439 1416 5440
f 5445 5438 1413
f 5443 5445 5442
f 1414 5444 5445
f 5444 1417 5438
f 5449 5448 1417
f 5446 5449 5444
f 601 5447 5449
f 5447 1415 5448
f 5452 5451 1416
f 5448 5452 5439
f 1415 5450 5452
f 5450 295 5451
f 5456 5437 285
f 5454 5456 5453
f 1421 5455 5456
f 5455 1413 5437
f 5460 5454 1418
f 5458 5460 5457
f 1419 5459 5460
f 5459 1421 5454
f 5464 5463 1421
f 5461 5464 5459
f 602 5462 5464
f 5462 1420 5463
f 5466 5442 1413
f 5463 5466 5455
f 1420 5465 5466
f 5465 600 5442
f 5470 5469 40
f 5467 5470 2742
f 1423 5468 5470
f 5468 1422 5469
f 5472 5467 719
f 5409 5472 2749
f 1404 5471 5472
f 5471 1423 5467
f 5474 5473 1423
f 5406 5474 5471
f 268 5206 5474
f 5206 1348 5473
f 5476 5475 1422
f 5473 5476 5468
f 1348 5203 5476
f 5203 269 5475
f 5479 2751 40
f 5477 5479 5469
f 1425 5478 5479
f 5478 721 2751
f 5481 5477 1422
f 5239 5481 5475
f 1358 5480 5481
f 5480 1425 5477
f 5484 5483 1425
f 5236 5484 5480
f 273 5482 5484
f 5482 1424 5483
f 5486 2755 721
f 5483 5486 5478
f 1424 5485 5486
f 5485 58 2755
f 5491 5490 286
f 5488 5491 5487
f 1428 5489 5491
f 5489 1427 5490
f 5494 5488 1426
f 5434 5494 5492
f 1410 5493 5494
f 5493 1428 5488
f 5496 5495 1428
f 5431 5496 5493
f 265 5178 5496
f 5178 1340 5495
f 5498 5497 1427
f 5495 5498 5489
f 1340 5175 5498
f 5175 260 5497
f 5502 5501 286
f 5499 5502 5490
f 1431 5500 5502
f 5500 1430 5501
f 5504 5499 1427
f 5154 5504 5497
f 1333 5503 5504
f 5503 1431 5499
f 5507 5506 1431
f 5151 5507 5503
f 261 5505 5507
f 5505 1429 5506
f 5510 5509 1430
f 5506 5510 5500
f 1429 5508 5510
f 5508 300 5509
f 5514 5513 300
f 5511 5514 5508
f 1435 5512 5514
f 5512 1434 5513
f 5517 5511 1429
f 5515 5517 5505
f 1432 5516 5517
f 5516 1435 5511
f 5521 5520 1435
f 5518 5521 5516
f 302 5519 5521
f 5519 1433 5520
f 5524 5523 1434
f 5520 5524 5512
f 1433 5522 5524
f 5522 301 5523
f 5528 5527 302
f 5525 5528 5518
f 1438 5526 5528
f 5526 1437 5527
f 5530 5525 1432
f 5150 5530 5515
f 1332 5529 5530
f 5529 1438 5525
f 5533 5532 1438
f 5147 5533 5529
f 257 5531 5533
f 5531 1436 5532
f 5536 5535 1437
f 5532 5536 5526
f 1436 5534 5536
f 5534 303 5535
f 5540 5519 302
f 5538 5540 5537
f 1442 5539 5540
f 5539 1433 5519
f 5544 5538 1439
f 5542 5544 5541
f 1440 5543 5544
f 5543 1442 5538
f 5548 5547 1442
f 5545 5548 5543
f 304 5546 5548
f 5546 1441 5547
f 5550 5522 1433
f 5547 5550 5539
f 1441 5549 5550
f 5549 301 5522
f 5553 5537 302
f 5551 5553 5527
f 1445 5552 5553
f 5552 1439 5537
f 5556 5551 1437
f 5554 5556 5535
f 1443 5555 5556
f 5555 1445 5551
f 5560 5559 1445
f 5557 5560 5555
f 306 5558 5560
f 5558 1444 5559
f 5562 5541 1439
f 5559 5562 5552
f 1444 5561 5562
f 5561 305 5541
f 5566 5565 306
f 5563 5566 5557
f 1449 5564 5566
f 5564 1448 5565
f 5569 5563 1443
f 5567 5569 5554
f 1446 5568 5569
f 5568 1449 5563
f 5573 5572 1449
f 5570 5573 5568
f 308 5571 5573
f 5571 1447 5572
f 5576 5575 1448
f 5572 5576 5564
f 1447 5574 5576
f 5574 307 5575
f 5580 5558 306
f 5578 5580 5577
f 1453 5579 5580
f 5579 1444 5558
f 5584 5578 1450
f 5582 5584 5581
f 1451 5583 5584
f 5583 1453 5578
f 5588 5587 1453
f 5585 5588 5583
f 309 5586 5588
f 5586 1452 5587
f 5590 5561 1444
f 5587 5590 5579
f 1452 5589 5590
f 5589 305 5561
f 5593 5577 306
f 5591 5593 5565
f 1456 5592 5593
f 5592 1450 5577
f 5596 5591 1448
f 5594 5596 5575
f 1454 5595 5596
f 5595 1456 5591
f 5600 5599 1456
f 5597 5600 5595
f 311 5598 5600
f 5598 1455 5599
f 5602 5581 1450
f 5599 5602 5592
f 1455 5601 5602
f 5601 310 5581
f 5606 5605 311
f 5603 5606 5597
f 1460 5604 5606
f 5604 1459 5605
f 5609 5603 1454
f 5607 5609 5594
f 1457 5608 5609
f 5608 1460 5603
f 5613 5612 1460
f 5610 5613 5608
f 313 5611 5613
f 5611 1458 5612
f 5616 5615 1459
f 5612 5616 5604
f 1458 5614 5616
f 5614 312 5615
f 5620 5598 311
f 5618 5620 5617
f 1464 5619 5620
f 5619 1455 5598
f 5624 5618 1461
f 5622 5624 5621
f 1462 5623 5624
f 5623 1464 5618
f 5628 5627 1464
f 5625 5628 5623
f 314 5626 5628
f 5626 1463 5627
f 5630 5601 1455
f 5627 5630 5619
f 1463 5629 5630
f 5629 310 5601
f 5633 5617 311
f 5631 5633 5605
f 1467 5632 5633
f 5632 1461 5617
f 5636 5631 1459
f 5634 5636 5615
f 1465 5635 5636
f 5635 1467 5631
f 5640 5639 1467
f 5637 5640 5635
f 316 5638 5640
f 5638 1466 5639
f 5642 5621 1461
f 5639 5642 5632
f 1466 5641 5642
f 5641 315 5621
f 5646 5645 316
f 5643 5646 5637
f 1471 5644 5646
f 5644 1470 5645
f 5649 5643 1465
f 5647 5649 5634
f 1468 5648 5649
f 5648 1471 5643
f 5653 5652 1471
f 5650 5653 5648
f 318 5651 5653
f 5651 1469 5652
f 5656 5655 1470
f 5652 5656 5644
f 1469 5654 5656
f 5654 317 5655
f 5660 5638 316
f 5658 5660 5657
f 1475 5659 5660
f 5659 1466 5638
f 5664 5658 1472
f 5662 5664 5661
f 1473 5663 5664
f 5663 1475 5658
f 5668 5667 1475
f 5665 5668 5663
f 281 5666 5668
f 5666 1474 5667
f 5670 5641 1466
f 5667 5670 5659
f 1474 5669 5670
f 5669 315 5641
f 5673 5657 316
f 5671 5673 5645
f 1478 5672 5673
f 5672 1472 5657
f 5676 5671 1470
f 5674 5676 5655
f 1476 5675 5676
f 5675 1478 5671
f 5680 5679 1478
f 5677 5680 5675
f 296 5678 5680
f 5678 1477 5679
f 5682 5661 1472
f 5679 5682 5672
f 1477 5681 5682
f 5681 319 5661
f 5686 5662 319
f 5684 5686 5683
f 1481 5685 5686
f 5685 1473 5662
f 5690 5684 1479
f 5688 5690 5687
f 1480 5689 5690
f 5689 1481 5684
f 5693 5692 1481
f 5691 5693 5689
f 280 5330 5693
f 5330 1382 5692
f 5694 5665 1473
f 5692 5694 5685
f 1382 5327 5694
f 5327 281 5665
f 5697 5683 319
f 5695 5697 5681
f 1484 5696 5697
f 5696 1479 5683
f 5700 5695 1477
f 5698 5700 5678
f 1482 5699 5700
f 5699 1484 5695
f 5704 5703 1484
f 5701 5704 5699
f 297 5702 5704
f 5702 1483 5703
f 5706 5687 1479
f 5703 5706 5696
f 1483 5705 5706
f 5705 320 5687
f 5710 5688 320
f 5708 5710 5707
f 1487 5709 5710
f 5709 1480 5688
f 5714 5708 1485
f 5712 5714 5711
f 1486 5713 5714
f 5713 1487 5708
f 5717 5716 1487
f 5715 5717 5713
f 282 5339 5717
f 5339 1385 5716
f 5718 5691 1480
f 5716 5718 5709
f 1385 5336 5718
f 5336 280 5691
f 5721 5707 320
f 5719 5721 5705
f 1490 5720 5721
f 5720 1485 5707
f 5724 5719 1483
f 5722 5724 5702
f 1488 5723 5724
f 5723 1490 5719
f 5728 5727 1490
f 5725 5728 5723
f 298 5726 5728
f 5726 1489 5727
f 5730 5711 1485
f 5727 5730 5720
f 1489 5729 5730
f 5729 321 5711
f 5734 5712 321
f 5732 5734 5731
f 1494 5733 5734
f 5733 1486 5712
f 5738 5732 1491
f 5736 5738 5735
f 1492 5737 5738
f 5737 1494 5732
f 5742 5741 1494
f 5739 5742 5737
f 322 5740 5742
f 5740 1493 5741
f 5744 5715 1486
f 5741 5744 5733
f 1493 5743 5744
f 5743 282 5715
f 5747 5731 321
f 5745 5747 5729
f 1497 5746 5747
f 5746 1491 5731
f 5750 5745 1489
f 5748 5750 5726
f 1495 5749 5750
f 5749 1497 5745
f 5754 5753 1497
f 5751 5754 5749
f 324 5752 5754
f 5752 1496 5753
f 5756 5735 1491
f 5753 5756 5746
f 1496 5755 5756
f 5755 323 5735
f 5760 5759 324
f 5757 5760 5751
f 1501 5758 5760
f 5758 1500 5759
f 5763 5757 1495
f 5761 5763 5748
f 1498 5762 5763
f 5762 1501 5757
f 5767 5766 1501
f 5764 5767 5762
f 501 5765 5767
f 5765 1499 5766
f 5770 5769 1500
f 5766 5770 5758
f 1499 5768 5770
f 5768 502 5769
f 5774 5752 324
f 5772 5774 5771
f 1505 5773 5774
f 5773 1496 5752
f 5778 5772 1502
f 5776 5778 5775
f 1503 5777 5778
f 5777 1505 5772
f 5782 5781 1505
f 5779 5782 5777
f 326 5780 5782
f 5780 1504 5781
f 5784 5755 1496
f 5781 5784 5773
f 1504 5783 5784
f 5783 323 5755
f 5787 5771 324
f 5785 5787 5759
f 1508 5786 5787
f 5786 1502 5771
f 5790 5785 1500
f 5788 5790 5769
f 1506 5789 5790
f 5789 1508 5785
f 5794 5793 1508
f 5791 5794 5789
f 503 5792 5794
f 5792 1507 5793
f 5796 5775 1502
f 5793 5796 5786
f 1507 5795 5796
f 5795 327 5775
f 5801 5800 328
f 5798 5801 5797
f 1513 5799 5801
f 5799 1512 5800
f 5805 5798 1509
f 5803 5805 5802
f 1510 5804 5805
f 5804 1513 5798
f 5809 5808 1513
f 5806 5809 5804
f 603 5807 5809
f 5807 1511 5808
f 5812 5811 1512
f 5808 5812 5799
f 1511 5810 5812
f 5810 604 5811
f 5816 5803 330
f 5814 5816 5813
f 1517 5815 5816
f 5815 1510 5803
f 5820 5814 1514
f 5818 5820 5817
f 1515 5819 5820
f 5819 1517 5814
f 5824 5823 1517
f 5821 5824 5819
f 605 5822 5824
f 5822 1516 5823
f 5826 5806 1510
f 5823 5826 5815
f 1516 5825 5826
f 5825 603 5806
f 5830 5818 332
f 5828 5830 5827
f 1521 5829 5830
f 5829 1515 5818
f 5834 5828 1518
f 5832 5834 5831
f 1519 5833 5834
f 5833 1521 5828
f 5838 5837 1521
f 5835 5838 5833
f 606 5836 5838
f 5836 1520 5837
f 5840 5821 1515
f 5837 5840 5829
f 1520 5839 5840
f 5839 605 5821
f 5844 5832 334
f 5842 5844 5841
f 1525 5843 5844
f 5843 1519 5832
f 5848 5842 1522
f 5846 5848 5845
f 1523 5847 5848
f 5847 1525 5842
f 5852 5851 1525
f 5849 5852 5847
f 607 5850 5852
f 5850 1524 5851
f 5854 5835 1519
f 5851 5854 5843
f 1524 5853 5854
f 5853 606 5835
f 5858 5846 336
f 5856 5858 5855
f 1529 5857 5858
f 5857 1523 5846
f 5862 5856 1526
f 5860 5862 5859
f 1527 5861 5862
f 5861 1529 5856
f 5866 5865 1529
f 5863 5866 5861
f 608 5864 5866
f 5864 1528 5865
f 5868 5849 1523
f 5865 5868 5857
f 1528 5867 5868
f 5867 607 5849
f 5872 5860 338
f 5870 5872 5869
f 1533 5871 5872
f 5871 1527 5860
f 5876 5870 1530
f 5874 5876 5873
f 1531 5875 5876
f 5875 1533 5870
f 5880 5879 1533
f 5877 5880 5875
f 609 5878 5880
f 5878 1532 5879
f 5882 5863 1527
f 5879 5882 5871
f 1532 5881 5882
f 5881 608 5863
f 5886 5874 340
f 5884 5886 5883
f 1537 5885 5886
f 5885 1531 5874
f 5890 5884 1534
f 5888 5890 5887
f 1535 5889 5890
f 5889 1537 5884
f 5894 5893 1537
f 5891 5894 5889
f 610 5892 5894
f 5892 1536 5893
f 5896 5877 1531
f 5893 5896 5885
f 1536 5895 5896
f 5895 609 5877
f 5900 5888 342
f 5898 5900 5897
f 1541 5899 5900
f 5899 1535 5888
f 5904 5898 1538
f 5902 5904 5901
f 1539 5903 5904
f 5903 1541 5898
f 5908 5907 1541
f 5905 5908 5903
f 611 5906 5908
f 5906 1540 5907
f 5910 5891 1535
f 5907 5910 5899
f 1540 5909 5910
f 5909 610 5891
f 5914 5902 344
f 5912 5914 5911
f 1545 5913 5914
f 5913 1539 5902
f 5918 5912 1542
f 5916 5918 5915
f 1543 5917 5918
f 5917 1545 5912
f 5922 5921 1545
f 5919 5922 5917
f 612 5920 5922
f 5920 1544 5921
f 5924 5905 1539
f 5921 5924 5913
f 1544 5923 5924
f 5923 611 5905
f 5928 5916 346
f 5926 5928 5925
f 1549 5927 5928
f 5927 1543 5916
f 5932 5926 1546
f 5930 5932 5929
f 1547 5931 5932
f 5931 1549 5926
f 5936 5935 1549
f 5933 5936 5931
f 613 5934 5936
f 5934 1548 5935
f 5938 5919 1543
f 5935 5938 5927
f 1548 5937 5938
f 5937 612 5919
f 5942 5930 348
f 5940 5942 5939
f 1553 5941 5942
f 5941 1547 5930
f 5946 5940 1550
f 5944 5946 5943
f 1551 5945 5946
f 5945 1553 5940
f 5950 5949 1553
f 5947 5950 5945
f 614 5948 5950
f 5948 1552 5949
f 5952 5933 1547
f 5949 5952 5941
f 1552 5951 5952
f 5951 613 5933
f 5956 5944 349
f 5954 5956 5953
f 1557 5955 5956
f 5955 1551 5944
f 5960 5954 1554
f 5958 5960 5957
f 1555 5959 5960
f 5959 1557 5954
f 5964 5963 1557
f 5961 5964 5959
f 615 5962 5964
f 5962 1556 5963
f 5966 5947 1551
f 5963 5966 5955
f 1556 5965 5966
f 5965 614 5947
f 5970 5958 350
f 5968 5970 5967
f 1560 5969 5970
f 5969 1555 5958
f 5973 5968 1558
f 5450 5973 5971
f 1415 5972 5973
f 5972 1560 5968
f 5976 5975 1560
f 5447 5976 5972
f 601 5974 5976
f 5974 1559 5975
f 5978 5961 1555
f 5975 5978 5969
f 1559 5977 5978
f 5977 615 5961
f 5983 5982 347
f 5980 5983 5979
f 1565 5981 5983
f 5981 1564 5982
f 5987 5980 1561
f 5985 5987 5984
f 1562 5986 5987
f 5986 1565 5980
f 5991 5990 1565
f 5988 5991 5986
f 351 5989 5991
f 5989 1563 5990
f 5994 5993 1564
f 5990 5994 5981
f 1563 5992 5994
f 5992 345 5993
f 5998 5979 347
f 5996 5998 5995
f 1567 5997 5998
f 5997 1561 5979
f 6001 5996 1566
f 5650 6001 5999
f 1468 6000 6001
f 6000 1567 5996
f 6003 6002 1567
f 5647 6003 6000
f 312 5614 6003
f 5614 1458 6002
f 6004 5984 1561
f 6002 6004 5997
f 1458 5611 6004
f 5611 313 5984
f 6008 5989 351
f 6006 6008 6005
f 1571 6007 6008
f 6007 1563 5989
f 6012 6006 1568
f 6010 6012 6009
f 1569 6011 6012
f 6011 1571 6006
f 6016 6015 1571
f 6013 6016 6011
f 343 6014 6016
f 6014 1570 6015
f 6018 5992 1563
f 6015 6018 6007
f 1570 6017 6018
f 6017 345 5992
f 6022 6005 351
f 6020 6022 6019
f 1575 6021 6022
f 6021 1568 6005
f 6026 6020 1572
f 6024 6026 6023
f 1573 6025 6026
f 6025 1575 6020
f 6030 6029 1575
f 6027 6030 6025
f 258 6028 6030
f 6028 1574 6029
f 6032 6009 1568
f 6029 6032 6021
f 1574 6031 6032
f 6031 352 6009
f 6035 6019 351
f 6033 6035 5988
f 1576 6034 6035
f 6034 1572 6019
f 6037 6033 1562
f 5610 6037 5985
f 1457 6036 6037
f 6036 1576 6033
f 6039 6038 1576
f 5607 6039 6036
f 307 5574 6039
f 5574 1447 6038
f 6040 6023 1572
f 6038 6040 6034
f 1447 5571 6040
f 5571 308 6023
f 6044 6010 352
f 6042 6044 6041
f 1580 6043 6044
f 6043 1569 6010
f 6048 6042 1577
f 6046 6048 6045
f 1578 6047 6048
f 6047 1580 6042
f 6052 6051 1580
f 6049 6052 6047
f 341 6050 6052
f 6050 1579 6051
f 6054 6013 1569
f 6051 6054 6043
f 1579 6053 6054
f 6053 343 6013
f 6057 6041 352
f 6055 6057 6031
f 1582 6056 6057
f 6056 1577 6041
f 6059 6055 1574
f 5136 6059 6028
f 1328 6058 6059
f 6058 1582 6055
f 6062 6061 1582
f 5133 6062 6058
f 259 6060 6062
f 6060 1581 6061
f 6064 6045 1577
f 6061 6064 6056
f 1581 6063 6064
f 6063 353 6045
f 6068 6046 353
f 6066 6068 6065
f 1586 6067 6068
f 6067 1578 6046
f 6072 6066 1583
f 6070 6072 6069
f 1584 6071 6072
f 6071 1586 6066
f 6076 6075 1586
f 6073 6076 6071
f 339 6074 6076
f 6074 1585 6075
f 6078 6049 1578
f 6075 6078 6067
f 1585 6077 6078
f 6077 341 6049
f 6081 6065 353
f 6079 6081 6063
f 1588 6080 6081
f 6080 1583 6065
f 6083 6079 1581
f 5169 6083 6060
f 1338 6082 6083
f 6082 1588 6079
f 6086 6085 1588
f 5166 6086 6082
f 262 6084 6086
f 6084 1587 6085
f 6088 6069 1583
f 6085 6088 6080
f 1587 6087 6088
f 6087 354 6069
f 6092 6070 354
f 6090 6092 6089
f 1592 6091 6092
f 6091 1584 6070
f 6096 6090 1589
f 6094 6096 6093
f 1590 6095 6096
f 6095 1592 6090
f 6100 6099 1592
f 6097 6100 6095
f 337 6098 6100
f 6098 1591 6099
f 6102 6073 1584
f 6099 6102 6091
f 1591 6101 6102
f 6101 339 6073
f 6105 6089 354
f 6103 6105 6087
f 1595 6104 6105
f 6104 1589 6089
f 6108 6103 1587
f 6106 6108 6084
f 1593 6107 6108
f 6107 1595 6103
f 6112 6111 1595
f 6109 6112 6107
f 356 6110 6112
f 6110 1594 6111
f 6114 6093 1589
f 6111 6114 6104
f 1594 6113 6114
f 6113 355 6093
f 6118 6110 356
f 6116 6118 6115
f 1599 6117 6118
f 6117 1594 6110
f 6122 6116 1596
f 6120 6122 6119
f 1597 6121 6122
f 6121 1599 6116
f 6126 6125 1599
f 6123 6126 6121
f 357 6124 6126
f 6124 1598 6125
f 6128 6113 1594
f 6125 6128 6117
f 1598 6127 6128
f 6127 355 6113
f 6132 6115 356
f 6130 6132 6129
f 1603 6131 6132
f 6131 1596 6115
f 6136 6130 1600
f 6134 6136 6133
f 1601 6135 6136
f 6135 1603 6130
f 6140 6139 1603
f 6137 6140 6135
f 359 6138 6140
f 6138 1602 6139
f 6142 6119 1596
f 6139 6142 6131
f 1602 6141 6142
f 6141 358 6119
f 6145 6129 356
f 6143 6145 6109
f 1605 6144 6145
f 6144 1600 6129
f 6147 6143 1593
f 5165 6147 6106
f 1337 6146 6147
f 6146 1605 6143
f 6150 6149 1605
f 5162 6150 6146
f 263 6148 6150
f 6148 1604 6149
f 6152 6133 1600
f 6149 6152 6144
f 1604 6151 6152
f 6151 360 6133
f 6156 6134 360
f 6154 6156 6153
f 1609 6155 6156
f 6155 1601 6134
f 6160 6154 1606
f 6158 6160 6157
f 1607 6159 6160
f 6159 1609 6154
f 6164 6163 1609
f 6161 6164 6159
f 361 6162 6164
f 6162 1608 6163
f 6166 6137 1601
f 6163 6166 6155
f 1608 6165 6166
f 6165 359 6137
f 6169 6153 360
f 6167 6169 6151
f 1611 6168 6169
f 6168 1606 6153
f 6171 6167 1604
f 5195 6171 6148
f 1345 6170 6171
f 6170 1611 6167
f 6174 6173 1611
f 5192 6174 6170
f 266 6172 6174
f 6172 1610 6173
f 6176 6157 1606
f 6173 6176 6168
f 1610 6175 6176
f 6175 362 6157
f 6180 6158 362
f 6178 6180 6177
f 1615 6179 6180
f 6179 1607 6158
f 6184 6178 1612
f 6182 6184 6181
f 1613 6183 6184
f 6183 1615 6178
f 6188 6187 1615
f 6185 6188 6183
f 363 6186 6188
f 6186 1614 6187
f 6190 6161 1607
f 6187 6190 6179
f 1614 6189 6190
f 6189 361 6161
f 6193 6177 362
f 6191 6193 6175
f 1617 6192 6193
f 6192 1612 6177
f 6195 6191 1610
f 5301 6195 6172
f 1375 6194 6195
f 6194 1617 6191
f 6198 6197 1617
f 5298 6198 6194
f 277 6196 6198
f 6196 1616 6197
f 6200 6181 1612
f 6197 6200 6192
f 1616 6199 6200
f 6199 364 6181
f 6204 6182 364
f 6202 6204 6201
f 1621 6203 6204
f 6203 1613 6182
f 6208 6202 1618
f 6206 6208 6205
f 1619 6207 6208
f 6207 1621 6202
f 6212 6211 1621
f 6209 6212 6207
f 365 6210 6212
f 6210 1620 6211
f 6214 6185 1613
f 6211 6214 6203
f 1620 6213 6214
f 6213 363 6185
f 6217 6201 364
f 6215 6217 6199
f 1624 6216 6217
f 6216 1618 6201
f 6220 6215 1616
f 6218 6220 6196
f 1622 6219 6220
f 6219 1624 6215
f 6224 6223 1624
f 6221 6224 6219
f 367 6222 6224
f 6222 1623 6223
f 6226 6205 1618
f 6223 6226 6216
f 1623 6225 6226
f 6225 366 6205
f 6230 6222 367
f 6228 6230 6227
f 1628 6229 6230
f 6229 1623 6222
f 6234 6228 1625
f 6232 6234 6231
f 1626 6233 6234
f 6233 1628 6228
f 6238 6237 1628
f 6235 6238 6233
f 368 6236 6238
f 6236 1627 6237
f 6240 6225 1623
f 6237 6240 6229
f 1627 6239 6240
f 6239 366 6225
f 6244 6227 367
f 6242 6244 6241
f 1632 6243 6244
f 6243 1625 6227
f 6248 6242 1629
f 6246 6248 6245
f 1630 6247 6248
f 6247 1632 6242
f 6252 6251 1632
f 6249 6252 6247
f 370 6250 6252
f 6250 1631 6251
f 6254 6231 1625
f 6251 6254 6243
f 1631 6253 6254
f 6253 369 6231
f 6257 6241 367
f 6255 6257 6221
f 1634 6256 6257
f 6256 1629 6241
f 6259 6255 1622
f 5297 6259 6218
f 1374 6258 6259
f 6258 1634 6255
f 6262 6261 1634
f 5293 6262 6258
f 255 6260 6262
f 6260 1633 6261
f 6264 6245 1629
f 6261 6264 6256
f 1633 6263 6264
f 6263 371 6245
f 6268 6246 371
f 6266 6268 6265
f 1637 6267 6268
f 6267 1630 6246
f 6271 6266 1635
f 3552 6271 6269
f 934 6270 6271
f 6270 1637 6266
f 6274 6273 1637
f 3549 6274 6270
f 131 6272 6274
f 6272 1636 6273
f 6276 6249 1630
f 6273 6276 6267
f 1636 6275 6276
f 6275 370 6249
f 6279 6265 371
f 6277 6279 6263
f 1638 6278 6279
f 6278 1635 6265
f 6281 6277 1633
f 5270 6281 6260
f 1369 6280 6281
f 6280 1638 6277
f 6283 6282 1638
f 5279 6283 6280
f 24 3561 6283
f 3561 937 6282
f 6284 6269 1635
f 6282 6284 6278
f 937 3558 6284
f 3558 132 6269
f 6287 6272 131
f 6285 6287 3567
f 1641 6286 6287
f 6286 1636 6272
f 6290 6285 941
f 6288 6290 3577
f 1639 6289 6290
f 6289 1641 6285
f 6294 6293 1641
f 6291 6294 6289
f 372 6292 6294
f 6292 1640 6293
f 6296 6275 1636
f 6293 6296 6286
f 1640 6295 6296
f 6295 370 6275
f 6299 6288 134
f 6297 6299 3581
f 1644 6298 6299
f 6298 1639 6288
f 6302 6297 945
f 6300 6302 3591
f 1642 6301 6302
f 6301 1644 6297
f 6306 6305 1644
f 6303 6306 6301
f 373 6304 6306
f 6304 1643 6305
f 6308 6291 1639
f 6305 6308 6298
f 1643 6307 6308
f 6307 372 6291
f 6311 6300 136
f 6309 6311 3595
f 1647 6310 6311
f 6310 1642 6300
f 6314 6309 949
f 6312 6314 3605
f 1645 6313 6314
f 6313 1647 6309
f 6318 6317 1647
f 6315 6318 6313
f 374 6316 6318
f 6316 1646 6317
f 6320 6303 1642
f 6317 6320 6310
f 1646 6319 6320
f 6319 373 6303
f 6323 6312 138
f 6321 6323 3609
f 1650 6322 6323
f 6322 1645 6312
f 6326 6321 953
f 6324 6326 3619
f 1648 6325 6326
f 6325 1650 6321
f 6330 6329 1650
f 6327 6330 6325
f 375 6328 6330
f 6328 1649 6329
f 6332 6315 1645
f 6329 6332 6322
f 1649 6331 6332
f 6331 374 6315
f 6335 6324 140
f 6333 6335 3623
f 1652 6334 6335
f 6334 1648 6324
f 6337 6333 956
f 5395 6337 3631
f 1400 6336 6337
f 6336 1652 6333
f 6340 6339 1652
f 5392 6340 6336
f 289 6338 6340
f 6338 1651 6339
f 6342 6327 1648
f 6339 6342 6334
f 1651 6341 6342
f 6341 375 6327
f 6346 6328 375
f 6344 6346 6343
f 1656 6345 6346
f 6345 1649 6328
f 6350 6344 1653
f 6348 6350 6347
f 1654 6349 6350
f 6349 1656 6344
f 6354 6353 1656
f 6351 6354 6349
f 376 6352 6354
f 6352 1655 6353
f 6356 6331 1649
f 6353 6356 6345
f 1655 6355 6356
f 6355 374 6331
f 6359 6343 375
f 6357 6359 6341
f 1659 6358 6359
f 6358 1653 6343
f 6362 6357 1651
f 6360 6362 6338
f 1657 6361 6362
f 6361 1659 6357
f 6366 6365 1659
f 6363 6366 6361
f 378 6364 6366
f 6364 1658 6365
f 6368 6347 1653
f 6365 6368 6358
f 1658 6367 6368
f 6367 377 6347
f 6372 6364 378
f 6370 6372 6369
f 1663 6371 6372
f 6371 1658 6364
f 6376 6370 1660
f 6374 6376 6373
f 1661 6375 6376
f 6375 1663 6370
f 6380 6379 1663
f 6377 6380 6375
f 379 6378 6380
f 6378 1662 6379
f 6382 6367 1658
f 6379 6382 6371
f 1662 6381 6382
f 6381 377 6367
f 6386 6369 378
f 6384 6386 6383
f 1667 6385 6386
f 6385 1660 6369
f 6390 6384 1664
f 6388 6390 6387
f 1665 6389 6390
f 6389 1667 6384
f 6394 6393 1667
f 6391 6394 6389
f 381 6392 6394
f 6392 1666 6393
f 6396 6373 1660
f 6393 6396 6385
f 1666 6395 6396
f 6395 380 6373
f 6399 6383 378
f 6397 6399 6363
f 1669 6398 6399
f 6398 1664 6383
f 6401 6397 1657
f 5391 6401 6360
f 1399 6400 6401
f 6400 1669 6397
f 6404 6403 1669
f 5388 6404 6400
f 290 6402 6404
f 6402 1668 6403
f 6406 6387 1664
f 6403 6406 6398
f 1668 6405 6406
f 6405 382 6387
f 6410 6392 381
f 6408 6410 6407
f 1673 6409 6410
f 6409 1666 6392
f 6414 6408 1670
f 6412 6414 6411
f 1671 6413 6414
f 6413 1673 6408
f 6418 6417 1673
f 6415 6418 6413
f 383 6416 6418
f 6416 1672 6417
f 6420 6395 1666
f 6417 6420 6409
f 1672 6419 6420
f 6419 380 6395
f 6424 6412 384
f 6422 6424 6421
f 1677 6423 6424
f 6423 1671 6412
f 6428 6422 1674
f 6426 6428 6425
f 1675 6427 6428
f 6427 1677 6422
f 6432 6431 1677
f 6429 6432 6427
f 385 6430 6432
f 6430 1676 6431
f 6434 6415 1671
f 6431 6434 6423
f 1676 6433 6434
f 6433 383 6415
f 6438 6426 386
f 6436 6438 6435
f 1681 6437 6438
f 6437 1675 6426
f 6442 6436 1678
f 6440 6442 6439
f 1679 6441 6442
f 6441 1681 6436
f 6446 6445 1681
f 6443 6446 6441
f 387 6444 6446
f 6444 1680 6445
f 6448 6429 1675
f 6445 6448 6437
f 1680 6447 6448
f 6447 385 6429
f 6452 6440 388
f 6450 6452 6449
f 1685 6451 6452
f 6451 1679 6440
f 6456 6450 1682
f 6454 6456 6453
f 1683 6455 6456
f 6455 1685 6450
f 6460 6459 1685
f 6457 6460 6455
f 389 6458 6460
f 6458 1684 6459
f 6462 6443 1679
f 6459 6462 6451
f 1684 6461 6462
f 6461 387 6443
f 6466 6454 390
f 6464 6466 6463
f 1689 6465 6466
f 6465 1683 6454
f 6470 6464 1686
f 6468 6470 6467
f 1687 6469 6470
f 6469 1689 6464
f 6474 6473 1689
f 6471 6474 6469
f 391 6472 6474
f 6472 1688 6473
f 6476 6457 1683
f 6473 6476 6465
f 1688 6475 6476
f 6475 389 6457
f 6480 6468 392
f 6478 6480 6477
f 1693 6479 6480
f 6479 1687 6468
f 6484 6478 1690
f 6482 6484 6481
f 1691 6483 6484
f 6483 1693 6478
f 6488 6487 1693
f 6485 6488 6483
f 393 6486 6488
f 6486 1692 6487
f 6490 6471 1687
f 6487 6490 6479
f 1692 6489 6490
f 6489 391 6471
f 6494 6482 394
f 6492 6494 6491
f 1697 6493 6494
f 6493 1691 6482
f 6498 6492 1694
f 6496 6498 6495
f 1695 6497 6498
f 6497 1697 6492
f 6502 6501 1697
f 6499 6502 6497
f 395 6500 6502
f 6500 1696 6501
f 6504 6485 1691
f 6501 6504 6493
f 1696 6503 6504
f 6503 393 6485
f 6508 6496 396
f 6506 6508 6505
f 1701 6507 6508
f 6507 1695 6496
f 6512 6506 1698
f 6510 6512 6509
f 1699 6511 6512
f 6511 1701 6506
f 6516 6515 1701
f 6513 6516 6511
f 397 6514 6516
f 6514 1700 6515
f 6518 6499 1695
f 6515 6518 6507
f 1700 6517 6518
f 6517 395 6499
f 6522 6510 398
f 6520 6522 6519
f 1704 6521 6522
f 6521 1699 6510
f 6525 6520 1702
f 5422 6525 6523
f 1407 6524 6525
f 6524 1704 6520
f 6528 6527 1704
f 5419 6528 6524
f 293 6526 6528
f 6526 1703 6527
f 6530 6513 1699
f 6527 6530 6521
f 1703 6529 6530
f 6529 397 6513
f 6534 6533 397
f 6531 6534 6529
f 1708 6532 6534
f 6532 1707 6533
f 6537 6531 1703
f 6535 6537 6526
f 1705 6536 6537
f 6536 1708 6531
f 6541 6540 1708
f 6538 6541 6536
f 400 6539 6541
f 6539 1706 6540
f 6544 6543 1707
f 6540 6544 6532
f 1706 6542 6544
f 6542 399 6543
f 6547 6514 397
f 6545 6547 6533
f 1711 6546 6547
f 6546 1700 6514
f 6550 6545 1707
f 6548 6550 6543
f 1709 6549 6550
f 6549 1711 6545
f 6554 6553 1711
f 6551 6554 6549
f 401 6552 6554
f 6552 1710 6553
f 6556 6517 1700
f 6553 6556 6546
f 1710 6555 6556
f 6555 395 6517
f 6560 6559 401
f 6557 6560 6551
f 1715 6558 6560
f 6558 1714 6559
f 6563 6557 1709
f 6561 6563 6548
f 1712 6562 6563
f 6562 1715 6557
f 6567 6566 1715
f 6564 6567 6562
f 403 6565 6567
f 6565 1713 6566
f 6570 6569 1714
f 6566 6570 6558
f 1713 6568 6570
f 6568 402 6569
f 6574 6552 401
f 6572 6574 6571
f 1718 6573 6574
f 6573 1710 6552
f 6578 6572 1716
f 6576 6578 6575
f 1717 6577 6578
f 6577 1718 6572
f 6581 6580 1718
f 6579 6581 6577
f 393 6503 6581
f 6503 1696 6580
f 6582 6555 1710
f 6580 6582 6573
f 1696 6500 6582
f 6500 395 6555
f 6585 6571 401
f 6583 6585 6559
f 1721 6584 6585
f 6584 1716 6571
f 6588 6583 1714
f 6586 6588 6569
f 1719 6587 6588
f 6587 1721 6583
f 6592 6591 1721
f 6589 6592 6587
f 405 6590 6592
f 6590 1720 6591
f 6594 6575 1716
f 6591 6594 6584
f 1720 6593 6594
f 6593 404 6575
f 6598 6597 405
f 6595 6598 6589
f 1725 6596 6598
f 6596 1724 6597
f 6601 6595 1719
f 6599 6601 6586
f 1722 6600 6601
f 6600 1725 6595
f 6605 6604 1725
f 6602 6605 6600
f 407 6603 6605
f 6603 1723 6604
f 6608 6607 1724
f 6604 6608 6596
f 1723 6606 6608
f 6606 406 6607
f 6612 6590 405
f 6610 6612 6609
f 1729 6611 6612
f 6611 1720 6590
f 6616 6610 1726
f 6614 6616 6613
f 1727 6615 6616
f 6615 1729 6610
f 6620 6619 1729
f 6617 6620 6615
f 408 6618 6620
f 6618 1728 6619
f 6622 6593 1720
f 6619 6622 6611
f 1728 6621 6622
f 6621 404 6593
f 6625 6609 405
f 6623 6625 6597
f 1732 6624 6625
f 6624 1726 6609
f 6628 6623 1724
f 6626 6628 6607
f 1730 6627 6628
f 6627 1732 6623
f 6632 6631 1732
f 6629 6632 6627
f 410 6630 6632
f 6630 1731 6631
f 6634 6613 1726
f 6631 6634 6624
f 1731 6633 6634
f 6633 409 6613
f 6638 6637 410
f 6635 6638 6629
f 1736 6636 6638
f 6636 1735 6637
f 6641 6635 1730
f 6639 6641 6626
f 1733 6640 6641
f 6640 1736 6635
f 6645 6644 1736
f 6642 6645 6640
f 412 6643 6645
f 6643 1734 6644
f 6648 6647 1735
f 6644 6648 6636
f 1734 6646 6648
f 6646 411 6647
f 6652 6630 410
f 6650 6652 6649
f 1740 6651 6652
f 6651 1731 6630
f 6656 6650 1737
f 6654 6656 6653
f 1738 6655 6656
f 6655 1740 6650
f 6660 6659 1740
f 6657 6660 6655
f 413 6658 6660
f 6658 1739 6659
f 6662 6633 1731
f 6659 6662 6651
f 1739 6661 6662
f 6661 409 6633
f 6665 6649 410
f 6663 6665 6637
f 1743 6664 6665
f 6664 1737 6649
f 6668 6663 1735
f 6666 6668 6647
f 1741 6667 6668
f 6667 1743 6663
f 6672 6671 1743
f 6669 6672 6667
f 415 6670 6672
f 6670 1742 6671
f 6674 6653 1737
f 6671 6674 6664
f 1742 6673 6674
f 6673 414 6653
f 6678 6677 415
f 6675 6678 6669
f 1747 6676 6678
f 6676 1746 6677
f 6681 6675 1741
f 6679 6681 6666
f 1744 6680 6681
f 6680 1747 6675
f 6685 6684 1747
f 6682 6685 6680
f 417 6683 6685
f 6683 1745 6684
f 6688 6687 1746
f 6684 6688 6676
f 1745 6686 6688
f 6686 416 6687
f 6692 6670 415
f 6690 6692 6689
f 1751 6691 6692
f 6691 1742 6670
f 6696 6690 1748
f 6694 6696 6693
f 1749 6695 6696
f 6695 1751 6690
f 6700 6699 1751
f 6697 6700 6695
f 418 6698 6700
f 6698 1750 6699
f 6702 6673 1742
f 6699 6702 6691
f 1750 6701 6702
f 6701 414 6673
f 6705 6689 415
f 6703 6705 6677
f 1754 6704 6705
f 6704 1748 6689
f 6708 6703 1746
f 6706 6708 6687
f 1752 6707 6708
f 6707 1754 6703
f 6712 6711 1754
f 6709 6712 6707
f 420 6710 6712
f 6710 1753 6711
f 6714 6693 1748
f 6711 6714 6704
f 1753 6713 6714
f 6713 419 6693
f 6718 6717 420
f 6715 6718 6709
f 1758 6716 6718
f 6716 1757 6717
f 6721 6715 1752
f 6719 6721 6706
f 1755 6720 6721
f 6720 1758 6715
f 6725 6724 1758
f 6722 6725 6720
f 422 6723 6725
f 6723 1756 6724
f 6728 6727 1757
f 6724 6728 6716
f 1756 6726 6728
f 6726 421 6727
f 6732 6710 420
f 6730 6732 6729
f 1762 6731 6732
f 6731 1753 6710
f 6736 6730 1759
f 6734 6736 6733
f 1760 6735 6736
f 6735 1762 6730
f 6740 6739 1762
f 6737 6740 6735
f 423 6738 6740
f 6738 1761 6739
f 6742 6713 1753
f 6739 6742 6731
f 1761 6741 6742
f 6741 419 6713
f 6745 6729 420
f 6743 6745 6717
f 1765 6744 6745
f 6744 1759 6729
f 6748 6743 1757
f 6746 6748 6727
f 1763 6747 6748
f 6747 1765 6743
f 6752 6751 1765
f 6749 6752 6747
f 425 6750 6752
f 6750 1764 6751
f 6754 6733 1759
f 6751 6754 6744
f 1764 6753 6754
f 6753 424 6733
f 6758 6757 425
f 6755 6758 6749
f 1769 6756 6758
f 6756 1768 6757
f 6761 6755 1763
f 6759 6761 6746
f 1766 6760 6761
f 6760 1769 6755
f 6765 6764 1769
f 6762 6765 6760
f 427 6763 6765
f 6763 1767 6764
f 6768 6767 1768
f 6764 6768 6756
f 1767 6766 6768
f 6766 426 6767
f 6772 6750 425
f 6770 6772 6769
f 1773 6771 6772
f 6771 1764 6750
f 6776 6770 1770
f 6774 6776 6773
f 1771 6775 6776
f 6775 1773 6770
f 6780 6779 1773
f 6777 6780 6775
f 428 6778 6780
f 6778 1772 6779
f 6782 6753 1764
f 6779 6782 6771
f 1772 6781 6782
f 6781 424 6753
f 6785 6769 425
f 6783 6785 6757
f 1775 6784 6785
f 6784 1770 6769
f 6788 6783 1768
f 6786 6788 6767
f 1774 6787 6788
f 6787 1775 6783
f 6791 6790 1775
f 6789 6791 6787
f 363 6213 6791
f 6213 1620 6790
f 6792 6773 1770
f 6790 6792 6784
f 1620 6210 6792
f 6210 365 6773
f 6796 6778 428
f 6794 6796 6793
f 1778 6795 6796
f 6795 1772 6778
f 6800 6794 1776
f 6798 6800 6797
f 1777 6799 6800
f 6799 1778 6794
f 6803 6802 1778
f 6801 6803 6799
f 423 6737 6803
f 6737 1760 6802
f 6804 6781 1772
f 6802 6804 6795
f 1760 6734 6804
f 6734 424 6781
f 6808 6793 428
f 6806 6808 6805
f 1782 6807 6808
f 6807 1776 6793
f 6812 6806 1779
f 6810 6812 6809
f 1780 6811 6812
f 6811 1782 6806
f 6816 6815 1782
f 6813 6816 6811
f 430 6814 6816
f 6814 1781 6815
f 6818 6797 1776
f 6815 6818 6807
f 1781 6817 6818
f 6817 429 6797
f 6821 6805 428
f 6819 6821 6777
f 1783 6820 6821
f 6820 1779 6805
f 6823 6819 1771
f 6209 6823 6774
f 1619 6822 6823
f 6822 1783 6819
f 6825 6824 1783
f 6206 6825 6822
f 366 6239 6825
f 6239 1627 6824
f 6826 6809 1779
f 6824 6826 6820
f 1627 6236 6826
f 6236 368 6809
f 6830 6814 430
f 6828 6830 6827
f 1787 6829 6830
f 6829 1781 6814
f 6834 6828 1784
f 6832 6834 6831
f 1785 6833 6834
f 6833 1787 6828
f 6838 6837 1787
f 6835 6838 6833
f 431 6836 6838
f 6836 1786 6837
f 6840 6817 1781
f 6837 6840 6829
f 1786 6839 6840
f 6839 429 6817
f 6844 6827 430
f 6842 6844 6841
f 1791 6843 6844
f 6843 1784 6827
f 6848 6842 1788
f 6846 6848 6845
f 1789 6847 6848
f 6847 1791 6842
f 6852 6851 1791
f 6849 6852 6847
f 433 6850 6852
f 6850 1790 6851
f 6854 6831 1784
f 6851 6854 6843
f 1790 6853 6854
f 6853 432 6831
f 6857 6841 430
f 6855 6857 6813
f 1793 6856 6857
f 6856 1788 6841
f 6859 6855 1780
f 6235 6859 6810
f 1626 6858 6859
f 6858 1793 6855
f 6862 6861 1793
f 6232 6862 6858
f 369 6860 6862
f 6860 1792 6861
f 6864 6845 1788
f 6861 6864 6856
f 1792 6863 6864
f 6863 434 6845
f 6868 6846 434
f 6866 6868 6865
f 1796 6867 6868
f 6867 1789 6846
f 6871 6866 1794
f 6307 6871 6869
f 1643 6870 6871
f 6870 1796 6866
f 6874 6873 1796
f 6304 6874 6870
f 373 6872 6874
f 6872 1795 6873
f 6876 6849 1789
f 6873 6876 6867
f 1795 6875 6876
f 6875 433 6849
f 6879 6865 434
f 6877 6879 6863
f 1797 6878 6879
f 6878 1794 6865
f 6881 6877 1792
f 6253 6881 6860
f 1631 6880 6881
f 6880 1797 6877
f 6883 6882 1797
f 6250 6883 6880
f 370 6295 6883
f 6295 1640 6882
f 6884 6869 1794
f 6882 6884 6878
f 1640 6292 6884
f 6292 372 6869
f 6888 6850 433
f 6886 6888 6885
f 1801 6887 6888
f 6887 1790 6850
f 6892 6886 1798
f 6890 6892 6889
f 1799 6891 6892
f 6891 1801 6886
f 6896 6895 1801
f 6893 6896 6891
f 435 6894 6896
f 6894 1800 6895
f 6898 6853 1790
f 6895 6898 6887
f 1800 6897 6898
f 6897 432 6853
f 6901 6885 433
f 6899 6901 6875
f 1802 6900 6901
f 6900 1798 6885
f 6903 6899 1795
f 6319 6903 6872
f 1646 6902 6903
f 6902 1802 6899
f 6905 6904 1802
f 6316 6905 6902
f 374 6355 6905
f 6355 1655 6904
f 6906 6889 1798
f 6904 6906 6900
f 1655 6352 6906
f 6352 376 6889
f 6910 6894 435
f 6908 6910 6907
f 1805 6909 6910
f 6909 1800 6894
f 6914 6908 1803
f 6912 6914 6911
f 1804 6913 6914
f 6913 1805 6908
f 6917 6916 1805
f 6915 6917 6913
f 431 6835 6917
f 6835 1785 6916
f 6918 6897 1800
f 6916 6918 6909
f 1785 6832 6918
f 6832 432 6897
f 6922 6907 435
f 6920 6922 6919
f 1809 6921 6922
f 6921 1803 6907
f 6926 6920 1806
f 6924 6926 6923
f 1807 6925 6926
f 6925 1809 6920
f 6930 6929 1809
f 6927 6930 6925
f 437 6928 6930
f 6928 1808 6929
f 6932 6911 1803
f 6929 6932 6921
f 1808 6931 6932
f 6931 436 6911
f 6935 6919 435
f 6933 6935 6893
f 1810 6934 6935
f 6934 1806 6919
f 6937 6933 1799
f 6351 6937 6890
f 1654 6936 6937
f 6936 1810 6933
f 6939 6938 1810
f 6348 6939 6936
f 377 6381 6939
f 6381 1662 6938
f 6940 6923 1806
f 6938 6940 6934
f 1662 6378 6940
f 6378 379 6923
f 6944 6928 437
f 6942 6944 6941
f 1814 6943 6944
f 6943 1808 6928
f 6948 6942 1811
f 6946 6948 6945
f 1812 6947 6948
f 6947 1814 6942
f 6952 6951 1814
f 6949 6952 6947
f 438 6950 6952
f 6950 1813 6951
f 6954 6931 1808
f 6951 6954 6943
f 1813 6953 6954
f 6953 436 6931
f 6958 6941 437
f 6956 6958 6955
f 1817 6957 6958
f 6957 1811 6941
f 6961 6956 1815
f 6433 6961 6959
f 1676 6960 6961
f 6960 1817 6956
f 6964 6963 1817
f 6430 6964 6960
f 385 6962 6964
f 6962 1816 6963
f 6966 6945 1811
f 6963 6966 6957
f 1816 6965 6966
f 6965 439 6945
f 6969 6955 437
f 6967 6969 6927
f 1818 6968 6969
f 6968 1815 6955
f 6971 6967 1807
f 6377 6971 6924
f 1661 6970 6971
f 6970 1818 6967
f 6973 6972 1818
f 6374 6973 6970
f 380 6419 6973
f 6419 1672 6972
f 6974 6959 1815
f 6972 6974 6968
f 1672 6416 6974
f 6416 383 6959
f 6978 6946 439
f 6976 6978 6975
f 1822 6977 6978
f 6977 1812 6946
f 6982 6976 1819
f 6980 6982 6979
f 1820 6981 6982
f 6981 1822 6976
f 6986 6985 1822
f 6983 6986 6981
f 440 6984 6986
f 6984 1821 6985
f 6988 6949 1812
f 6985 6988 6977
f 1821 6987 6988
f 6987 438 6949
f 6991 6975 439
f 6989 6991 6965
f 1824 6990 6991
f 6990 1819 6975
f 6993 6989 1816
f 6447 6993 6962
f 1680 6992 6993
f 6992 1824 6989
f 6996 6995 1824
f 6444 6996 6992
f 387 6994 6996
f 6994 1823 6995
f 6998 6979 1819
f 6995 6998 6990
f 1823 6997 6998
f 6997 441 6979
f 7002 6980 441
f 7000 7002 6999
f 1828 7001 7002
f 7001 1820 6980
f 7006 7000 1825
f 7004 7006 7003
f 1826 7005 7006
f 7005 1828 7000
f 7010 7009 1828
f 7007 7010 7005
f 413 7008 7010
f 7008 1827 7009
f 7012 6983 1820
f 7009 7012 7001
f 1827 7011 7012
f 7011 440 6983
f 7015 6999 441
f 7013 7015 6997
f 1830 7014 7015
f 7014 1825 6999
f 7017 7013 1823
f 6461 7017 6994
f 1684 7016 7017
f 7016 1830 7013
f 7020 7019 1830
f 6458 7020 7016
f 389 7018 7020
f 7018 1829 7019
f 7022 7003 1825
f 7019 7022 7014
f 1829 7021 7022
f 7021 442 7003
f 7026 7004 442
f 7024 7026 7023
f 1832 7025 7026
f 7025 1826 7004
f 7029 7024 1831
f 6617 7029 7027
f 1727 7028 7029
f 7028 1832 7024
f 7031 7030 1832
f 6614 7031 7028
f 409 6661 7031
f 6661 1739 7030
f 7032 7007 1826
f 7030 7032 7025
f 1739 6658 7032
f 6658 413 7007
f 7035 7023 442
f 7033 7035 7021
f 1834 7034 7035
f 7034 1831 7023
f 7037 7033 1829
f 6475 7037 7018
f 1688 7036 7037
f 7036 1834 7033
f 7040 7039 1834
f 6472 7040 7036
f 391 7038 7040
f 7038 1833 7039
f 7042 7027 1831
f 7039 7042 7034
f 1833 7041 7042
f 7041 408 7027
f 7046 7045 440
f 7043 7046 7011
f 1836 7044 7046
f 7044 1835 7045
f 7048 7043 1827
f 6657 7048 7008
f 1738 7047 7048
f 7047 1836 7043
f 7050 7049 1836
f 6654 7050 7047
f 414 6701 7050
f 6701 1750 7049
f 7052 7051 1835
f 7049 7052 7044
f 1750 6698 7052
f 6698 418 7051
f 7055 6984 440
f 7053 7055 7045
f 1839 7054 7055
f 7054 1821 6984
f 7058 7053 1835
f 7056 7058 7051
f 1837 7057 7058
f 7057 1839 7053
f 7062 7061 1839
f 7059 7062 7057
f 443 7060 7062
f 7060 1838 7061
f 7064 6987 1821
f 7061 7064 7054
f 1838 7063 7064
f 7063 438 6987
f 7068 7067 443
f 7065 7068 7059
f 1841 7066 7068
f 7066 1840 7067
f 7070 7065 1837
f 6697 7070 7056
f 1749 7069 7070
f 7069 1841 7065
f 7072 7071 1841
f 6694 7072 7069
f 419 6741 7072
f 6741 1761 7071
f 7074 7073 1840
f 7071 7074 7066
f 1761 6738 7074
f 6738 423 7073
f 7078 7060 443
f 7076 7078 7075
f 1843 7077 7078
f 7077 1838 7060
f 7081 7076 1842
f 6915 7081 7079
f 1804 7080 7081
f 7080 1843 7076
f 7083 7082 1843
f 6912 7083 7080
f 436 6953 7083
f 6953 1813 7082
f 7084 7063 1838
f 7082 7084 7077
f 1813 6950 7084
f 6950 438 7063
f 7087 7075 443
f 7085 7087 7067
f 1844 7086 7087
f 7086 1842 7075
f 7089 7085 1840
f 6801 7089 7073
f 1777 7088 7089
f 7088 1844 7085
f 7091 7090 1844
f 6798 7091 7088
f 429 6839 7091
f 6839 1786 7090
f 7092 7079 1842
f 7090 7092 7086
f 1786 6836 7092
f 6836 431 7079
f 7097 7096 427
f 7094 7097 7093
f 1849 7095 7097
f 7095 1848 7096
f 7101 7094 1845
f 7099 7101 7098
f 1846 7100 7101
f 7100 1849 7094
f 7105 7104 1849
f 7102 7105 7100
f 445 7103 7105
f 7103 1847 7104
f 7108 7107 1848
f 7104 7108 7095
f 1847 7106 7108
f 7106 444 7107
f 7111 7093 427
f 7109 7111 6762
f 1851 7110 7111
f 7110 1845 7093
f 7113 7109 1766
f 6726 7113 6759
f 1756 7112 7113
f 7112 1851 7109
f 7116 7115 1851
f 6723 7116 7112
f 422 7114 7116
f 7114 1850 7115
f 7118 7098 1845
f 7115 7118 7110
f 1850 7117 7118
f 7117 446 7098
f 7121 6763 427
f 7119 7121 7096
f 1854 7120 7121
f 7120 1767 6763
f 7124 7119 1848
f 7122 7124 7107
f 1852 7123 7124
f 7123 1854 7119
f 7128 7127 1854
f 7125 7128 7123
f 447 7126 7128
f 7126 1853 7127
f 7130 6766 1767
f 7127 7130 7120
f 1853 7129 7130
f 7129 426 6766
f 7134 7133 447
f 7131 7134 7125
f 1858 7132 7134
f 7132 1857 7133
f 7137 7131 1852
f 7135 7137 7122
f 1855 7136 7137
f 7136 1858 7131
f 7141 7140 1858
f 7138 7141 7136
f 449 7139 7141
f 7139 1856 7140
f 7144 7143 1857
f 7140 7144 7132
f 1856 7142 7144
f 7142 448 7143
f 7148 7126 447
f 7146 7148 7145
f 1860 7147 7148
f 7147 1853 7126
f 7151 7146 1859
f 6189 7151 7149
f 1614 7150 7151
f 7150 1860 7146
f 7153 7152 1860
f 6186 7153 7150
f 363 6789 7153
f 6789 1774 7152
f 7154 7129 1853
f 7152 7154 7147
f 1774 6786 7154
f 6786 426 7129
f 7157 7145 447
f 7155 7157 7133
f 1862 7156 7157
f 7156 1859 7145
f 7160 7155 1857
f 7158 7160 7143
f 1861 7159 7160
f 7159 1862 7155
f 7163 7162 1862
f 7161 7163 7159
f 359 6165 7163
f 6165 1608 7162
f 7164 7149 1859
f 7162 7164 7156
f 1608 6162 7164
f 6162 361 7149
f 7169 7168 449
f 7166 7169 7165
f 1867 7167 7169
f 7167 1866 7168
f 7173 7166 1863
f 7171 7173 7170
f 1864 7172 7173
f 7172 1867 7166
f 7177 7176 1867
f 7174 7177 7172
f 451 7175 7177
f 7175 1865 7176
f 7180 7179 1866
f 7176 7180 7167
f 1865 7178 7180
f 7178 450 7179
f 7183 7165 449
f 7181 7183 7138
f 1869 7182 7183
f 7182 1863 7165
f 7185 7181 1855
f 7106 7185 7135
f 1847 7184 7185
f 7184 1869 7181
f 7188 7187 1869
f 7103 7188 7184
f 445 7186 7188
f 7186 1868 7187
f 7190 7170 1863
f 7187 7190 7182
f 1868 7189 7190
f 7189 452 7170
f 7193 7139 449
f 7191 7193 7168
f 1872 7192 7193
f 7192 1856 7139
f 7196 7191 1866
f 7194 7196 7179
f 1870 7195 7196
f 7195 1872 7191
f 7200 7199 1872
f 7197 7200 7195
f 453 7198 7200
f 7198 1871 7199
f 7202 7142 1856
f 7199 7202 7192
f 1871 7201 7202
f 7201 448 7142
f 7206 7205 453
f 7203 7206 7197
f 1876 7204 7206
f 7204 1875 7205
f 7209 7203 1870
f 7207 7209 7194
f 1873 7208 7209
f 7208 1876 7203
f 7213 7212 1876
f 7210 7213 7208
f 455 7211 7213
f 7211 1874 7212
f 7216 7215 1875
f 7212 7216 7204
f 1874 7214 7216
f 7214 454 7215
f 7220 7198 453
f 7218 7220 7217
f 1878 7219 7220
f 7219 1871 7198
f 7223 7218 1877
f 6141 7223 7221
f 1602 7222 7223
f 7222 1878 7218
f 7225 7224 1878
f 6138 7225 7222
f 359 7161 7225
f 7161 1861 7224
f 7226 7201 1871
f 7224 7226 7219
f 1861 7158 7226
f 7158 448 7201
f 7229 7217 453
f 7227 7229 7205
f 1880 7228 7229
f 7228 1877 7217
f 7232 7227 1875
f 7230 7232 7215
f 1879 7231 7232
f 7231 1880 7227
f 7235 7234 1880
f 7233 7235 7231
f 357 6123 7235
f 6123 1597 7234
f 7236 7221 1877
f 7234 7236 7228
f 1597 6120 7236
f 6120 358 7221
f 7241 7240 455
f 7238 7241 7237
f 1885 7239 7241
f 7239 1884 7240
f 7245 7238 1881
f 7243 7245 7242
f 1882 7244 7245
f 7244 1885 7238
f 7249 7248 1885
f 7246 7249 7244
f 329 7247 7249
f 7247 1883 7248
f 7252 7251 1884
f 7248 7252 7239
f 1883 7250 7252
f 7250 331 7251
f 7255 7237 455
f 7253 7255 7210
f 1887 7254 7255
f 7254 1881 7237
f 7257 7253 1873
f 7178 7257 7207
f 1865 7256 7257
f 7256 1887 7253
f 7260 7259 1887
f 7175 7260 7256
f 451 7258 7260
f 7258 1886 7259
f 7262 7242 1881
f 7259 7262 7254
f 1886 7261 7262
f 7261 456 7242
f 7265 7211 455
f 7263 7265 7240
f 1890 7264 7265
f 7264 1874 7211
f 7268 7263 1884
f 7266 7268 7251
f 1888 7267 7268
f 7267 1890 7263
f 7272 7271 1890
f 7269 7272 7267
f 333 7270 7272
f 7270 1889 7271
f 7274 7214 1874
f 7271 7274 7264
f 1889 7273 7274
f 7273 454 7214
f 7278 7243 456
f 7276 7278 7275
f 1893 7277 7278
f 7277 1882 7243
f 7281 7276 1891
f 5779 7281 7279
f 1503 7280 7281
f 7280 1893 7276
f 7284 7283 1893
f 5776 7284 7280
f 327 7282 7284
f 7282 1892 7283
f 7286 7246 1882
f 7283 7286 7277
f 1892 7285 7286
f 7285 329 7246
f 7289 7275 456
f 7287 7289 7261
f 1896 7288 7289
f 7288 1891 7275
f 7292 7287 1886
f 7290 7292 7258
f 1894 7291 7292
f 7291 1896 7287
f 7296 7295 1896
f 7293 7296 7291
f 457 7294 7296
f 7294 1895 7295
f 7298 7279 1891
f 7295 7298 7288
f 1895 7297 7298
f 7297 326 7279
f 7302 7294 457
f 7300 7302 7299
f 1898 7301 7302
f 7301 1895 7294
f 7305 7300 1897
f 5739 7305 7303
f 1492 7304 7305
f 7304 1898 7300
f 7307 7306 1898
f 5736 7307 7304
f 323 5783 7307
f 5783 1504 7306
f 7308 7297 1895
f 7306 7308 7301
f 1504 5780 7308
f 5780 326 7297
f 7312 7299 457
f 7310 7312 7309
f 1902 7311 7312
f 7311 1897 7299
f 7316 7310 1899
f 7314 7316 7313
f 1900 7315 7316
f 7315 1902 7310
f 7320 7319 1902
f 7317 7320 7315
f 458 7318 7320
f 7318 1901 7319
f 7322 7303 1897
f 7319 7322 7311
f 1901 7321 7322
f 7321 322 7303
f 7325 7309 457
f 7323 7325 7293
f 1904 7324 7325
f 7324 1899 7309
f 7327 7323 1894
f 7174 7327 7290
f 1864 7326 7327
f 7326 1904 7323
f 7330 7329 1904
f 7171 7330 7326
f 452 7328 7330
f 7328 1903 7329
f 7332 7313 1899
f 7329 7332 7324
f 1903 7331 7332
f 7331 459 7313
f 7336 7314 459
f 7334 7336 7333
f 1908 7335 7336
f 7335 1900 7314
f 7340 7334 1905
f 7338 7340 7337
f 1906 7339 7340
f 7339 1908 7334
f 7344 7343 1908
f 7341 7344 7339
f 460 7342 7344
f 7342 1907 7343
f 7346 7317 1900
f 7343 7346 7335
f 1907 7345 7346
f 7345 458 7317
f 7349 7333 459
f 7347 7349 7331
f 1910 7348 7349
f 7348 1905 7333
f 7351 7347 1903
f 7189 7351 7328
f 1868 7350 7351
f 7350 1910 7347
f 7354 7353 1910
f 7186 7354 7350
f 445 7352 7354
f 7352 1909 7353
f 7356 7337 1905
f 7353 7356 7348
f 1909 7355 7356
f 7355 461 7337
f 7360 7338 461
f 7358 7360 7357
f 1914 7359 7360
f 7359 1906 7338
f 7364 7358 1911
f 7362 7364 7361
f 1912 7363 7364
f 7363 1914 7358
f 7368 7367 1914
f 7365 7368 7363
f 462 7366 7368
f 7366 1913 7367
f 7370 7341 1906
f 7367 7370 7359
f 1913 7369 7370
f 7369 460 7341
f 7373 7357 461
f 7371 7373 7355
f 1916 7372 7373
f 7372 1911 7357
f 7375 7371 1909
f 7102 7375 7352
f 1846 7374 7375
f 7374 1916 7371
f 7378 7377 1916
f 7099 7378 7374
f 446 7376 7378
f 7376 1915 7377
f 7380 7361 1911
f 7377 7380 7372
f 1915 7379 7380
f 7379 463 7361
f 7384 7362 463
f 7382 7384 7381
f 1920 7383 7384
f 7383 1912 7362
f 7388 7382 1917
f 7386 7388 7385
f 1918 7387 7388
f 7387 1920 7382
f 7392 7391 1920
f 7389 7392 7387
f 464 7390 7392
f 7390 1919 7391
f 7394 7365 1912
f 7391 7394 7383
f 1919 7393 7394
f 7393 462 7365
f 7397 7381 463
f 7395 7397 7379
f 1922 7396 7397
f 7396 1917 7381
f 7399 7395 1915
f 7117 7399 7376
f 1850 7398 7399
f 7398 1922 7395
f 7402 7401 1922
f 7114 7402 7398
f 422 7400 7402
f 7400 1921 7401
f 7404 7385 1917
f 7401 7404 7396
f 1921 7403 7404
f 7403 465 7385
f 7408 7386 465
f 7406 7408 7405
f 1926 7407 7408
f 7407 1918 7386
f 7412 7406 1923
f 7410 7412 7409
f 1924 7411 7412
f 7411 1926 7406
f 7416 7415 1926
f 7413 7416 7411
f 466 7414 7416
f 7414 1925 7415
f 7418 7389 1918
f 7415 7418 7407
f 1925 7417 7418
f 7417 464 7389
f 7421 7405 465
f 7419 7421 7403
f 1927 7420 7421
f 7420 1923 7405
f 7423 7419 1921
f 6722 7423 7400
f 1755 7422 7423
f 7422 1927 7419
f 7425 7424 1927
f 6719 7425 7422
f 416 6686 7425
f 6686 1745 7424
f 7426 7409 1923
f 7424 7426 7420
f 1745 6683 7426
f 6683 417 7409
f 7430 7414 466
f 7428 7430 7427
f 1931 7429 7430
f 7429 1925 7414
f 7434 7428 1928
f 7432 7434 7431
f 1929 7433 7434
f 7433 1931 7428
f 7438 7437 1931
f 7435 7438 7433
f 467 7436 7438
f 7436 1930 7437
f 7440 7417 1925
f 7437 7440 7429
f 1930 7439 7440
f 7439 464 7417
f 7444 7427 466
f 7442 7444 7441
f 1935 7443 7444
f 7443 1928 7427
f 7448 7442 1932
f 7446 7448 7445
f 1933 7447 7448
f 7447 1935 7442
f 7452 7451 1935
f 7449 7452 7447
f 469 7450 7452
f 7450 1934 7451
f 7454 7431 1928
f 7451 7454 7443
f 1934 7453 7454
f 7453 468 7431
f 7457 7441 466
f 7455 7457 7413
f 1936 7456 7457
f 7456 1932 7441
f 7459 7455 1924
f 6682 7459 7410
f 1744 7458 7459
f 7458 1936 7455
f 7461 7460 1936
f 6679 7461 7458
f 411 6646 7461
f 6646 1734 7460
f 7462 7445 1932
f 7460 7462 7456
f 1734 6643 7462
f 6643 412 7445
f 7466 7450 469
f 7464 7466 7463
f 1940 7465 7466
f 7465 1934 7450
f 7470 7464 1937
f 7468 7470 7467
f 1938 7469 7470
f 7469 1940 7464
f 7474 7473 1940
f 7471 7474 7469
f 470 7472 7474
f 7472 1939 7473
f 7476 7453 1934
f 7473 7476 7465
f 1939 7475 7476
f 7475 468 7453
f 7480 7463 469
f 7478 7480 7477
f 1944 7479 7480
f 7479 1937 7463
f 7484 7478 1941
f 7482 7484 7481
f 1942 7483 7484
f 7483 1944 7478
f 7488 7487 1944
f 7485 7488 7483
f 472 7486 7488
f 7486 1943 7487
f 7490 7467 1937
f 7487 7490 7479
f 1943 7489 7490
f 7489 471 7467
f 7493 7477 469
f 7491 7493 7449
f 1945 7492 7493
f 7492 1941 7477
f 7495 7491 1933
f 6642 7495 7446
f 1733 7494 7495
f 7494 1945 7491
f 7497 7496 1945
f 6639 7497 7494
f 406 6606 7497
f 6606 1723 7496
f 7498 7481 1941
f 7496 7498 7492
f 1723 6603 7498
f 6603 407 7481
f 7502 7486 472
f 7500 7502 7499
f 1949 7501 7502
f 7501 1943 7486
f 7506 7500 1946
f 7504 7506 7503
f 1947 7505 7506
f 7505 1949 7500
f 7510 7509 1949
f 7507 7510 7505
f 473 7508 7510
f 7508 1948 7509
f 7512 7489 1943
f 7509 7512 7501
f 1948 7511 7512
f 7511 471 7489
f 7516 7499 472
f 7514 7516 7513
f 1953 7515 7516
f 7515 1946 7499
f 7520 7514 1950
f 7518 7520 7517
f 1951 7519 7520
f 7519 1953 7514
f 7524 7523 1953
f 7521 7524 7519
f 475 7522 7524
f 7522 1952 7523
f 7526 7503 1946
f 7523 7526 7515
f 1952 7525 7526
f 7525 474 7503
f 7529 7513 472
f 7527 7529 7485
f 1954 7528 7529
f 7528 1950 7513
f 7531 7527 1942
f 6602 7531 7482
f 1722 7530 7531
f 7530 1954 7527
f 7533 7532 1954
f 6599 7533 7530
f 402 6568 7533
f 6568 1713 7532
f 7534 7517 1950
f 7532 7534 7528
f 1713 6565 7534
f 6565 403 7517
f 7538 7522 475
f 7536 7538 7535
f 1957 7537 7538
f 7537 1952 7522
f 7541 7536 1955
f 4836 7541 7539
f 1261 7540 7541
f 7540 1957 7536
f 7544 7543 1957
f 4833 7544 7540
f 241 7542 7544
f 7542 1956 7543
f 7546 7525 1952
f 7543 7546 7537
f 1956 7545 7546
f 7545 474 7525
f 7550 7535 475
f 7548 7550 7547
f 1960 7549 7550
f 7549 1955 7535
f 7554 7548 1958
f 7552 7554 7551
f 1959 7553 7554
f 7553 1960 7548
f 7557 7556 1960
f 7555 7557 7553
f 243 4846 7557
f 4846 1264 7556
f 7558 7539 1955
f 7556 7558 7549
f 1264 4843 7558
f 4843 242 7539
f 7561 7547 475
f 7559 7561 7521
f 1961 7560 7561
f 7560 1958 7547
f 7563 7559 1951
f 6564 7563 7518
f 1712 7562 7563
f 7562 1961 7559
f 7565 7564 1961
f 6561 7565 7562
f 399 6542 7565
f 6542 1706 7564
f 7566 7551 1958
f 7564 7566 7560
f 1706 6539 7566
f 6539 400 7551
f 7569 4861 243
f 7567 7569 7555
f 1962 7568 7569
f 7568 1269 4861
f 7571 7567 1959
f 6538 7571 7552
f 1705 7570 7571
f 7570 1962 7567
f 7573 7572 1962
f 6535 7573 7570
f 293 5418 7573
f 5418 1406 7572
f 7574 4865 1269
f 7572 7574 7568
f 1406 5415 7574
f 5415 51 4865
f 7577 7542 241
f 7575 7577 4873
f 1964 7576 7577
f 7576 1956 7542
f 7580 7575 1272
f 7578 7580 4881
f 1963 7579 7580
f 7579 1964 7575
f 7583 7582 1964
f 7581 7583 7579
f 473 7507 7583
f 7507 1947 7582
f 7584 7545 1956
f 7582 7584 7576
f 1947 7504 7584
f 7504 474 7545
f 7587 7578 244
f 7585 7587 4885
f 1967 7586 7587
f 7586 1963 7578
f 7590 7585 1276
f 7588 7590 4895
f 1965 7589 7590
f 7589 1967 7585
f 7594 7593 1967
f 7591 7594 7589
f 476 7592 7594
f 7592 1966 7593
f 7596 7581 1963
f 7593 7596 7586
f 1966 7595 7596
f 7595 473 7581
f 7599 7588 246
f 7597 7599 4899
f 1970 7598 7599
f 7598 1965 7588
f 7602 7597 1280
f 7600 7602 4909
f 1968 7601 7602
f 7601 1970 7597
f 7606 7605 1970
f 7603 7606 7601
f 477 7604 7606
f 7604 1969 7605
f 7608 7591 1965
f 7605 7608 7598
f 1969 7607 7608
f 7607 476 7591
f 7611 7600 248
f 7609 7611 4913
f 1972 7610 7611
f 7610 1968 7600
f 7613 7609 1283
f 5485 7613 4921
f 1424 7612 7613
f 7612 1972 7609
f 7616 7615 1972
f 5482 7616 7612
f 273 7614 7616
f 7614 1971 7615
f 7618 7603 1968
f 7615 7618 7610
f 1971 7617 7618
f 7617 477 7603
f 7622 7604 477
f 7620 7622 7619
f 1976 7621 7622
f 7621 1969 7604
f 7626 7620 1973
f 7624 7626 7623
f 1974 7625 7626
f 7625 1976 7620
f 7630 7629 1976
f 7627 7630 7625
f 470 7628 7630
f 7628 1975 7629
f 7632 7607 1969
f 7629 7632 7621
f 1975 7631 7632
f 7631 476 7607
f 7635 7619 477
f 7633 7635 7617
f 1978 7634 7635
f 7634 1973 7619
f 7637 7633 1971
f 5235 7637 7614
f 1357 7636 7637
f 7636 1978 7633
f 7640 7639 1978
f 5232 7640 7636
f 270 7638 7640
f 7638 1977 7639
f 7642 7623 1973
f 7639 7642 7634
f 1977 7641 7642
f 7641 478 7623
f 7646 7624 478
f 7644 7646 7643
f 1980 7645 7646
f 7645 1974 7624
f 7649 7644 1979
f 7435 7649 7647
f 1929 7648 7649
f 7648 1980 7644
f 7651 7650 1980
f 7432 7651 7648
f 468 7475 7651
f 7475 1939 7650
f 7652 7627 1974
f 7650 7652 7645
f 1939 7472 7652
f 7472 470 7627
f 7655 7643 478
f 7653 7655 7641
f 1982 7654 7655
f 7654 1979 7643
f 7657 7653 1977
f 5226 7657 7638
f 1354 7656 7657
f 7656 1982 7653
f 7660 7659 1982
f 5223 7660 7656
f 271 7658 7660
f 7658 1981 7659
f 7662 7647 1979
f 7659 7662 7654
f 1981 7661 7662
f 7661 467 7647
f 7665 7592 476
f 7663 7665 7631
f 1983 7664 7665
f 7664 1966 7592
f 7667 7663 1975
f 7471 7667 7628
f 1938 7666 7667
f 7666 1983 7663
f 7669 7668 1983
f 7468 7669 7666
f 471 7511 7669
f 7511 1948 7668
f 7670 7595 1966
f 7668 7670 7664
f 1948 7508 7670
f 7508 473 7595
f 7673 7436 467
f 7671 7673 7661
f 1985 7672 7673
f 7672 1930 7436
f 7676 7671 1981
f 7674 7676 7658
f 1984 7675 7676
f 7675 1985 7671
f 7679 7678 1985
f 7677 7679 7675
f 462 7393 7679
f 7393 1919 7678
f 7680 7439 1930
f 7678 7680 7672
f 1919 7390 7680
f 7390 464 7439
f 7683 7366 462
f 7681 7683 7677
f 1987 7682 7683
f 7682 1913 7366
f 7685 7681 1984
f 5222 7685 7674
f 1353 7684 7685
f 7684 1987 7681
f 7688 7687 1987
f 5219 7688 7684
f 272 7686 7688
f 7686 1986 7687
f 7690 7369 1913
f 7687 7690 7682
f 1986 7689 7690
f 7689 460 7369
f 7693 7342 460
f 7691 7693 7689
f 1989 7692 7693
f 7692 1907 7342
f 7695 7691 1986
f 5265 7695 7686
f 1365 7694 7695
f 7694 1989 7691
f 7698 7697 1989
f 5262 7698 7694
f 275 7696 7698
f 7696 1988 7697
f 7700 7345 1907
f 7697 7700 7692
f 1988 7699 7700
f 7699 458 7345
f 7703 7318 458
f 7701 7703 7699
f 1990 7702 7703
f 7702 1901 7318
f 7705 7701 1988
f 5343 7705 7696
f 1386 7704 7705
f 7704 1990 7701
f 7707 7706 1990
f 5340 7707 7704
f 282 5743 7707
f 5743 1493 7706
f 7708 7321 1901
f 7706 7708 7702
f 1493 5740 7708
f 5740 322 7321
f 7711 7230 454
f 7709 7711 7273
f 1993 7710 7711
f 7710 1879 7230
f 7714 7709 1889
f 7712 7714 7270
f 1991 7713 7714
f 7713 1993 7709
f 7718 7717 1993
f 7715 7718 7713
f 335 7716 7718
f 7716 1992 7717
f 7720 7233 1879
f 7717 7720 7710
f 1992 7719 7720
f 7719 357 7233
f 7723 6618 408
f 7721 7723 7041
f 1994 7722 7723
f 7722 1728 6618
f 7725 7721 1833
f 6489 7725 7038
f 1692 7724 7725
f 7724 1994 7721
f 7727 7726 1994
f 6486 7727 7724
f 393 6579 7727
f 6579 1717 7726
f 7728 6621 1728
f 7726 7728 7722
f 1717 6576 7728
f 6576 404 6621
f 7731 6124 357
f 7729 7731 7719
f 1996 7730 7731
f 7730 1598 6124
f 7734 7729 1992
f 7732 7734 7716
f 1995 7733 7734
f 7733 1996 7729
f 7737 7736 1996
f 7735 7737 7733
f 337 6097 7737
f 6097 1590 7736
f 7738 6127 1598
f 7736 7738 7730
f 1590 6094 7738
f 6094 355 6127
f 7741 5622 315
f 7739 7741 5669
f 1998 7740 7741
f 7740 1462 5622
f 7743 7739 1474
f 5326 7743 5666
f 1381 7742 7743
f 7742 1998 7739
f 7746 7745 1998
f 5323 7746 7742
f 278 7744 7746
f 7744 1997 7745
f 7748 5625 1462
f 7745 7748 7740
f 1997 7747 7748
f 7747 314 5625
f 7752 5626 314
f 7750 7752 7749
f 2001 7751 7752
f 7751 1463 5626
f 7756 7750 1999
f 7754 7756 7753
f 2000 7755 7756
f 7755 2001 7750
f 7759 7758 2001
f 7757 7759 7755
f 309 5585 7759
f 5585 1451 7758
f 7760 5629 1463
f 7758 7760 7751
f 1451 5582 7760
f 5582 310 5629
f 7763 7749 314
f 7761 7763 7747
f 2003 7762 7763
f 7762 1999 7749
f 7765 7761 1997
f 5316 7765 7744
f 1378 7764 7765
f 7764 2003 7761
f 7768 7767 2003
f 5313 7768 7764
f 279 7766 7768
f 7766 2002 7767
f 7770 7753 1999
f 7767 7770 7762
f 2002 7769 7770
f 7769 479 7753
f 7774 7754 479
f 7772 7774 7771
f 2007 7773 7774
f 7773 2000 7754
f 7778 7772 2004
f 7776 7778 7775
f 2005 7777 7778
f 7777 2007 7772
f 7782 7781 2007
f 7779 7782 7777
f 480 7780 7782
f 7780 2006 7781
f 7784 7757 2000
f 7781 7784 7773
f 2006 7783 7784
f 7783 309 7757
f 7787 7771 479
f 7785 7787 7769
f 2009 7786 7787
f 7786 2004 7771
f 7789 7785 2002
f 5367 7789 7766
f 1393 7788 7789
f 7788 2009 7785
f 7792 7791 2009
f 5364 7792 7788
f 288 7790 7792
f 7790 2008 7791
f 7794 7775 2004
f 7791 7794 7786
f 2008 7793 7794
f 7793 481 7775
f 7798 7780 480
f 7796 7798 7795
f 2011 7797 7798
f 7797 2006 7780
f 7801 7796 2010
f 5545 7801 7799
f 1440 7800 7801
f 7800 2011 7796
f 7803 7802 2011
f 5542 7803 7800
f 305 5589 7803
f 5589 1452 7802
f 7804 7783 2006
f 7802 7804 7797
f 1452 5586 7804
f 5586 309 7783
f 7807 6024 308
f 7805 7807 5570
f 2012 7806 7807
f 7806 1573 6024
f 7809 7805 1446
f 5534 7809 5567
f 1436 7808 7809
f 7808 2012 7805
f 7811 7810 2012
f 5531 7811 7808
f 257 5140 7811
f 5140 1329 7810
f 7812 6027 1573
f 7810 7812 7806
f 1329 5137 7812
f 5137 258 6027
f 7816 5402 291
f 7814 7816 7813
f 2014 7815 7816
f 7815 1403 5402
f 7819 7814 2013
f 5356 7819 7817
f 1389 7818 7819
f 7818 2014 7814
f 7821 7820 2014
f 5353 7821 7818
f 267 5210 7821
f 5210 1349 7820
f 7822 5405 1403
f 7820 7822 7815
f 1349 5207 7822
f 5207 268 5405
f 7827 7826 483
f 7824 7827 7823
f 2018 7825 7827
f 7825 2017 7826
f 7831 7824 2015
f 7829 7831 7828
f 2016 7830 7831
f 7830 2018 7824
f 7834 7833 2018
f 7832 7834 7830
f 54 2981 7834
f 2981 781 7833
f 7836 7835 2017
f 7833 7836 7825
f 781 2978 7836
f 2978 55 7835
f 7840 7839 483
f 7837 7840 7826
f 2020 7838 7840
f 7838 2019 7839
f 7842 7837 2017
f 3005 7842 7835
f 787 7841 7842
f 7841 2020 7837
f 7844 7843 2020
f 3002 7844 7841
f 56 3045 7844
f 3045 798 7843
f 7846 7845 2019
f 7843 7846 7838
f 798 3042 7846
f 3042 484 7845
f 7850 3038 485
f 7848 7850 7847
f 2024 7849 7850
f 7849 797 3038
f 7854 7848 2021
f 7852 7854 7851
f 2022 7853 7854
f 7853 2024 7848
f 7858 7857 2024
f 7855 7858 7853
f 518 7856 7858
f 7856 2023 7857
f 7860 3041 797
f 7857 7860 7849
f 2023 7859 7860
f 7859 484 3041
f 7863 7847 485
f 7861 7863 3071
f 2027 7862 7863
f 7862 2021 7847
f 7866 7861 805
f 7864 7866 3068
f 2025 7865 7866
f 7865 2027 7861
f 7870 7869 2027
f 7867 7870 7865
f 519 7868 7870
f 7868 2026 7869
f 7872 7851 2021
f 7869 7872 7862
f 2026 7871 7872
f 7871 548 7851
f 7876 7875 486
f 7873 7876 3067
f 2030 7874 7876
f 7874 2029 7875
f 7878 7873 804
f 4572 7878 3064
f 1196 7877 7878
f 7877 2030 7873
f 7881 7880 2030
f 4569 7881 7877
f 88 7879 7881
f 7879 2028 7880
f 7884 7883 2029
f 7880 7884 7874
f 2028 7882 7884
f 7882 487 7883
f 7888 7887 487
f 7885 7888 7882
f 2033 7886 7888
f 7886 2032 7887
f 7890 7885 2028
f 4536 7890 7879
f 1187 7889 7890
f 7889 2033 7885
f 7893 7892 2033
f 4533 7893 7889
f 90 7891 7893
f 7891 2031 7892
f 7896 7895 2032
f 7892 7896 7886
f 2031 7894 7896
f 7894 488 7895
f 7900 7899 488
f 7897 7900 7894
f 2036 7898 7900
f 7898 2035 7899
f 7902 7897 2031
f 4563 7902 7891
f 1194 7901 7902
f 7901 2036 7897
f 7905 7904 2036
f 4560 7905 7901
f 92 7903 7905
f 7903 2034 7904
f 7908 7907 2035
f 7904 7908 7898
f 2034 7906 7908
f 7906 489 7907
f 7912 7911 489
f 7909 7912 7906
f 2039 7910 7912
f 7910 2038 7911
f 7914 7909 2034
f 5023 7914 7903
f 1304 7913 7914
f 7913 2039 7909
f 7917 7916 2039
f 5020 7917 7913
f 94 7915 7917
f 7915 2037 7916
f 7920 7919 2038
f 7916 7920 7910
f 2037 7918 7920
f 7918 490 7919
f 7924 7923 490
f 7921 7924 7918
f 2042 7922 7924
f 7922 2041 7923
f 7926 7921 2037
f 5041 7926 7915
f 1307 7925 7926
f 7925 2042 7921
f 7929 7928 2042
f 5038 7929 7925
f 96 7927 7929
f 7927 2040 7928
f 7932 7931 2041
f 7928 7932 7922
f 2040 7930 7932
f 7930 491 7931
f 7936 7935 491
f 7933 7936 7930
f 2045 7934 7936
f 7934 2044 7935
f 7938 7933 2040
f 3372 7938 7927
f 887 7937 7938
f 7937 2045 7933
f 7941 7940 2045
f 3369 7941 7937
f 98 7939 7941
f 7939 2043 7940
f 7944 7943 2044
f 7940 7944 7934
f 2043 7942 7944
f 7942 492 7943
f 7948 7947 492
f 7945 7948 7942
f 2048 7946 7948
f 7946 2047 7947
f 7950 7945 2043
f 3348 7950 7939
f 881 7949 7950
f 7949 2048 7945
f 7953 7952 2048
f 3345 7953 7949
f 100 7951 7953
f 7951 2046 7952
f 7956 7955 2047
f 7952 7956 7946
f 2046 7954 7956
f 7954 493 7955
f 7960 7959 493
f 7957 7960 7954
f 2051 7958 7960
f 7958 2050 7959
f 7962 7957 2046
f 3324 7962 7951
f 875 7961 7962
f 7961 2051 7957
f 7965 7964 2051
f 3321 7965 7961
f 102 7963 7965
f 7963 2049 7964
f 7968 7967 2050
f 7964 7968 7958
f 2049 7966 7968
f 7966 494 7967
f 7972 7971 494
f 7969 7972 7966
f 2054 7970 7972
f 7970 2053 7971
f 7974 7969 2049
f 3288 7974 7963
f 866 7973 7974
f 7973 2054 7969
f 7977 7976 2054
f 3285 7977 7973
f 104 7975 7977
f 7975 2052 7976
f 7980 7979 2053
f 7976 7980 7970
f 2052 7978 7980
f 7978 495 7979
f 7984 7983 495
f 7981 7984 7978
f 2057 7982 7984
f 7982 2056 7983
f 7986 7981 2052
f 3260 7986 7975
f 859 7985 7986
f 7985 2057 7981
f 7989 7988 2057
f 3255 7989 7985
f 106 7987 7989
f 7987 2055 7988
f 7992 7991 2056
f 7988 7992 7982
f 2055 7990 7992
f 7990 496 7991
f 7996 7995 496
f 7993 7996 7990
f 2060 7994 7996
f 7994 2059 7995
f 7998 7993 2055
f 3273 7998 7987
f 864 7997 7998
f 7997 2060 7993
f 8001 8000 2060
f 3279 8001 7997
f 77 7999 8001
f 7999 2058 8000
f 8004 8003 2059
f 8000 8004 7994
f 2058 8002 8004
f 8002 497 8003
f 8008 8007 497
f 8005 8008 8002
f 2063 8006 8008
f 8006 2062 8007
f 8010 8005 2058
f 2927 8010 7999
f 767 8009 8010
f 8009 2063 8005
f 8013 8012 2063
f 2924 8013 8009
f 76 8011 8013
f 8011 2061 8012
f 8016 8015 2062
f 8012 8016 8006
f 2061 8014 8016
f 8014 498 8015
f 8020 8019 498
f 8017 8020 8014
f 2065 8018 8020
f 8018 2064 8019
f 8022 8017 2061
f 2957 8022 8011
f 775 8021 8022
f 8021 2065 8017
f 8024 8023 2065
f 2954 8024 8021
f 54 7832 8024
f 7832 2016 8023
f 8026 8025 2064
f 8023 8026 8018
f 2016 7829 8026
f 7829 482 8025
f 8031 8030 499
f 8028 8031 8027
f 2069 8029 8031
f 8029 2068 8030
f 8034 8028 2066
f 5701 8034 8032
f 1482 8033 8034
f 8033 2069 8028
f 8037 8036 2069
f 5698 8037 8033
f 296 8035 8037
f 8035 2067 8036
f 8040 8039 2068
f 8036 8040 8029
f 2067 8038 8040
f 8038 500 8039
f 8044 8027 499
f 8042 8044 8041
f 2071 8043 8044
f 8043 2066 8027
f 8047 8042 2070
f 5764 8047 8045
f 1498 8046 8047
f 8046 2071 8042
f 8049 8048 2071
f 5761 8049 8046
f 298 5725 8049
f 5725 1488 8048
f 8050 8032 2066
f 8048 8050 8043
f 1488 5722 8050
f 5722 297 8032
f 8054 8053 502
f 8051 8054 5768
f 2075 8052 8054
f 8052 2074 8053
f 8057 8051 1499
f 8055 8057 5765
f 2072 8056 8057
f 8056 2075 8051
f 8061 8060 2075
f 8058 8061 8056
f 534 8059 8061
f 8059 2073 8060
f 8064 8063 2074
f 8060 8064 8052
f 2073 8062 8064
f 8062 549 8063
f 8067 5788 502
f 8065 8067 8053
f 2078 8066 8067
f 8066 1506 5788
f 8070 8065 2074
f 8068 8070 8063
f 2076 8069 8070
f 8069 2078 8065
f 8074 8073 2078
f 8071 8074 8069
f 536 8072 8074
f 8072 2077 8073
f 8076 5791 1506
f 8073 8076 8066
f 2077 8075 8076
f 8075 503 5791
f 8080 5792 503
f 8078 8080 8077
f 2081 8079 8080
f 8079 1507 5792
f 8084 8078 2079
f 8082 8084 8081
f 2080 8083 8084
f 8083 2081 8078
f 8087 8086 2081
f 8085 8087 8083
f 329 7285 8087
f 7285 1892 8086
f 8088 5795 1507
f 8086 8088 8079
f 1892 7282 8088
f 7282 327 5795
f 8092 8082 504
f 8090 8092 8089
f 2084 8091 8092
f 8091 2080 8082
f 8096 8090 2082
f 8094 8096 8093
f 2083 8095 8096
f 8095 2084 8090
f 8099 8098 2084
f 8097 8099 8095
f 331 7250 8099
f 7250 1883 8098
f 8100 8085 2080
f 8098 8100 8091
f 1883 7247 8100
f 7247 329 8085
f 8104 8094 505
f 8102 8104 8101
f 2087 8103 8104
f 8103 2083 8094
f 8108 8102 2085
f 8106 8108 8105
f 2086 8107 8108
f 8107 2087 8102
f 8111 8110 2087
f 8109 8111 8107
f 333 7269 8111
f 7269 1888 8110
f 8112 8097 2083
f 8110 8112 8103
f 1888 7266 8112
f 7266 331 8097
f 8116 8106 506
f 8114 8116 8113
f 2090 8115 8116
f 8115 2086 8106
f 8120 8114 2088
f 8118 8120 8117
f 2089 8119 8120
f 8119 2090 8114
f 8123 8122 2090
f 8121 8123 8119
f 335 7715 8123
f 7715 1991 8122
f 8124 8109 2086
f 8122 8124 8115
f 1991 7712 8124
f 7712 333 8109
f 8128 8118 507
f 8126 8128 8125
f 2093 8127 8128
f 8127 2089 8118
f 8132 8126 2091
f 8130 8132 8129
f 2092 8131 8132
f 8131 2093 8126
f 8135 8134 2093
f 8133 8135 8131
f 337 7735 8135
f 7735 1995 8134
f 8136 8121 2089
f 8134 8136 8127
f 1995 7732 8136
f 7732 335 8121
f 8140 8130 508
f 8138 8140 8137
f 2096 8139 8140
f 8139 2092 8130
f 8144 8138 2094
f 8142 8144 8141
f 2095 8143 8144
f 8143 2096 8138
f 8147 8146 2096
f 8145 8147 8143
f 339 6101 8147
f 6101 1591 8146
f 8148 8133 2092
f 8146 8148 8139
f 1591 6098 8148
f 6098 337 8133
f 8152 8142 509
f 8150 8152 8149
f 2099 8151 8152
f 8151 2095 8142
f 8156 8150 2097
f 8154 8156 8153
f 2098 8155 8156
f 8155 2099 8150
f 8159 8158 2099
f 8157 8159 8155
f 341 6077 8159
f 6077 1585 8158
f 8160 8145 2095
f 8158 8160 8151
f 1585 6074 8160
f 6074 339 8145
f 8164 8154 510
f 8162 8164 8161
f 2102 8163 8164
f 8163 2098 8154
f 8168 8162 2100
f 8166 8168 8165
f 2101 8167 8168
f 8167 2102 8162
f 8171 8170 2102
f 8169 8171 8167
f 343 6053 8171
f 6053 1579 8170
f 8172 8157 2098
f 8170 8172 8163
f 1579 6050 8172
f 6050 341 8157
f 8176 8166 511
f 8174 8176 8173
f 2105 8175 8176
f 8175 2101 8166
f 8180 8174 2103
f 8178 8180 8177
f 2104 8179 8180
f 8179 2105 8174
f 8183 8182 2105
f 8181 8183 8179
f 345 6017 8183
f 6017 1570 8182
f 8184 8169 2101
f 8182 8184 8175
f 1570 6014 8184
f 6014 343 8169
f 8188 8178 512
f 8186 8188 8185
f 2108 8187 8188
f 8187 2104 8178
f 8192 8186 2106
f 8190 8192 8189
f 2107 8191 8192
f 8191 2108 8186
f 8195 8194 2108
f 8193 8195 8191
f 347 5982 8195
f 5982 1564 8194
f 8196 8181 2104
f 8194 8196 8187
f 1564 5993 8196
f 5993 345 8181
f 8200 8190 513
f 8198 8200 8197
f 2111 8199 8200
f 8199 2107 8190
f 8204 8198 2109
f 8202 8204 8201
f 2110 8203 8204
f 8203 2111 8198
f 8207 8206 2111
f 8205 8207 8203
f 318 5999 8207
f 5999 1566 8206
f 8208 8193 2107
f 8206 8208 8199
f 1566 5995 8208
f 5995 347 8193
f 8212 8202 514
f 8210 8212 8209
f 2114 8211 8212
f 8211 2110 8202
f 8216 8210 2112
f 8214 8216 8213
f 2113 8215 8216
f 8215 2114 8210
f 8219 8218 2114
f 8217 8219 8215
f 317 5654 8219
f 5654 1469 8218
f 8220 8205 2110
f 8218 8220 8211
f 1469 5651 8220
f 5651 318 8205
f 8224 8214 515
f 8222 8224 8221
f 2116 8223 8224
f 8223 2113 8214
f 8227 8222 2115
f 8038 8227 8225
f 2067 8226 8227
f 8226 2116 8222
f 8229 8228 2116
f 8035 8229 8226
f 296 5677 8229
f 5677 1476 8228
f 8230 8217 2113
f 8228 8230 8223
f 1476 5674 8230
f 5674 317 8217
f 8235 8234 517
f 8232 8235 8231
f 2120 8233 8235
f 8233 2119 8234
f 8239 8232 2117
f 8237 8239 8236
f 2118 8238 8239
f 8238 2120 8232
f 8242 8241 2120
f 8240 8242 8238
f 482 7828 8242
f 7828 2015 8241
f 8244 8243 2119
f 8241 8244 8233
f 2015 7823 8244
f 7823 483 8243
f 8248 8247 517
f 8245 8248 8234
f 2122 8246 8248
f 8246 2121 8247
f 8250 8245 2119
f 7839 8250 8243
f 2019 8249 8250
f 8249 2122 8245
f 8252 8251 2122
f 7845 8252 8249
f 484 7859 8252
f 7859 2023 8251
f 8254 8253 2121
f 8251 8254 8246
f 2023 7856 8254
f 7856 518 8253
f 8258 8257 519
f 8255 8258 7867
f 2125 8256 8258
f 8256 2124 8257
f 8260 8255 2025
f 7875 8260 7864
f 2029 8259 8260
f 8259 2125 8255
f 8263 8262 2125
f 7883 8263 8259
f 487 8261 8263
f 8261 2123 8262
f 8266 8265 2124
f 8262 8266 8256
f 2123 8264 8266
f 8264 520 8265
f 8270 8269 520
f 8267 8270 8264
f 2128 8268 8270
f 8268 2127 8269
f 8272 8267 2123
f 7887 8272 8261
f 2032 8271 8272
f 8271 2128 8267
f 8275 8274 2128
f 7895 8275 8271
f 488 8273 8275
f 8273 2126 8274
f 8278 8277 2127
f 8274 8278 8268
f 2126 8276 8278
f 8276 521 8277
f 8282 8281 521
f 8279 8282 8276
f 2131 8280 8282
f 8280 2130 8281
f 8284 8279 2126
f 7899 8284 8273
f 2035 8283 8284
f 8283 2131 8279
f 8287 8286 2131
f 7907 8287 8283
f 489 8285 8287
f 8285 2129 8286
f 8290 8289 2130
f 8286 8290 8280
f 2129 8288 8290
f 8288 522 8289
f 8294 8293 522
f 8291 8294 8288
f 2134 8292 8294
f 8292 2133 8293
f 8296 8291 2129
f 7911 8296 8285
f 2038 8295 8296
f 8295 2134 8291
f 8299 8298 2134
f 7919 8299 8295
f 490 8297 8299
f 8297 2132 8298
f 8302 8301 2133
f 8298 8302 8292
f 2132 8300 8302
f 8300 523 8301
f 8306 8305 523
f 8303 8306 8300
f 2137 8304 8306
f 8304 2136 8305
f 8308 8303 2132
f 7923 8308 8297
f 2041 8307 8308
f 8307 2137 8303
f 8311 8310 2137
f 7931 8311 8307
f 491 8309 8311
f 8309 2135 8310
f 8314 8313 2136
f 8310 8314 8304
f 2135 8312 8314
f 8312 524 8313
f 8318 8317 524
f 8315 8318 8312
f 2140 8316 8318
f 8316 2139 8317
f 8320 8315 2135
f 7935 8320 8309
f 2044 8319 8320
f 8319 2140 8315
f 8323 8322 2140
f 7943 8323 8319
f 492 8321 8323
f 8321 2138 8322
f 8326 8325 2139
f 8322 8326 8316
f 2138 8324 8326
f 8324 525 8325
f 8330 8329 525
f 8327 8330 8324
f 2143 8328 8330
f 8328 2142 8329
f 8332 8327 2138
f 7947 8332 8321
f 2047 8331 8332
f 8331 2143 8327
f 8335 8334 2143
f 7955 8335 8331
f 493 8333 8335
f 8333 2141 8334
f 8338 8337 2142
f 8334 8338 8328
f 2141 8336 8338
f 8336 526 8337
f 8342 8341 526
f 8339 8342 8336
f 2146 8340 8342
f 8340 2145 8341
f 8344 8339 2141
f 7959 8344 8333
f 2050 8343 8344
f 8343 2146 8339
f 8347 8346 2146
f 7967 8347 8343
f 494 8345 8347
f 8345 2144 8346
f 8350 8349 2145
f 8346 8350 8340
f 2144 8348 8350
f 8348 527 8349
f 8354 8353 527
f 8351 8354 8348
f 2149 8352 8354
f 8352 2148 8353
f 8356 8351 2144
f 7971 8356 8345
f 2053 8355 8356
f 8355 2149 8351
f 8359 8358 2149
f 7979 8359 8355
f 495 8357 8359
f 8357 2147 8358
f 8362 8361 2148
f 8358 8362 8352
f 2147 8360 8362
f 8360 528 8361
f 8366 8365 528
f 8363 8366 8360
f 2152 8364 8366
f 8364 2151 8365
f 8368 8363 2147
f 7983 8368 8357
f 2056 8367 8368
f 8367 2152 8363
f 8371 8370 2152
f 7991 8371 8367
f 496 8369 8371
f 8369 2150 8370
f 8374 8373 2151
f 8370 8374 8364
f 2150 8372 8374
f 8372 529 8373
f 8378 8377 529
f 8375 8378 8372
f 2155 8376 8378
f 8376 2154 8377
f 8380 8375 2150
f 7995 8380 8369
f 2059 8379 8380
f 8379 2155 8375
f 8383 8382 2155
f 8003 8383 8379
f 497 8381 8383
f 8381 2153 8382
f 8386 8385 2154
f 8382 8386 8376
f 2153 8384 8386
f 8384 530 8385
f 8390 8389 530
f 8387 8390 8384
f 2158 8388 8390
f 8388 2157 8389
f 8392 8387 2153
f 8007 8392 8381
f 2062 8391 8392
f 8391 2158 8387
f 8395 8394 2158
f 8015 8395 8391
f 498 8393 8395
f 8393 2156 8394
f 8398 8397 2157
f 8394 8398 8388
f 2156 8396 8398
f 8396 531 8397
f 8402 8401 531
f 8399 8402 8396
f 2160 8400 8402
f 8400 2159 8401
f 8404 8399 2156
f 8019 8404 8393
f 2064 8403 8404
f 8403 2160 8399
f 8406 8405 2160
f 8025 8406 8403
f 482 8240 8406
f 8240 2118 8405
f 8408 8407 2159
f 8405 8408 8400
f 2118 8237 8408
f 8237 516 8407
f 8413 8412 532
f 8410 8413 8409
f 2164 8411 8413
f 8411 2163 8412
f 8416 8410 2161
f 8030 8416 8414
f 2068 8415 8416
f 8415 2164 8410
f 8419 8418 2164
f 8039 8419 8415
f 500 8417 8419
f 8417 2162 8418
f 8422 8421 2163
f 8418 8422 8411
f 2162 8420 8422
f 8420 533 8421
f 8426 8409 532
f 8424 8426 8423
f 2166 8425 8426
f 8425 2161 8409
f 8429 8424 2165
f 8058 8429 8427
f 2072 8428 8429
f 8428 2166 8424
f 8431 8430 2166
f 8055 8431 8428
f 501 8045 8431
f 8045 2070 8430
f 8432 8414 2161
f 8430 8432 8425
f 2070 8041 8432
f 8041 499 8414
f 8436 8072 536
f 8434 8436 8433
f 2169 8435 8436
f 8435 2077 8072
f 8440 8434 2167
f 8438 8440 8437
f 2168 8439 8440
f 8439 2169 8434
f 8443 8442 2169
f 8441 8443 8439
f 504 8081 8443
f 8081 2079 8442
f 8444 8075 2077
f 8442 8444 8435
f 2079 8077 8444
f 8077 503 8075
f 8448 8438 535
f 8446 8448 8445
f 2172 8447 8448
f 8447 2168 8438
f 8452 8446 2170
f 8450 8452 8449
f 2171 8451 8452
f 8451 2172 8446
f 8455 8454 2172
f 8453 8455 8451
f 505 8093 8455
f 8093 2082 8454
f 8456 8441 2168
f 8454 8456 8447
f 2082 8089 8456
f 8089 504 8441
f 8460 8450 537
f 8458 8460 8457
f 2175 8459 8460
f 8459 2171 8450
f 8464 8458 2173
f 8462 8464 8461
f 2174 8463 8464
f 8463 2175 8458
f 8467 8466 2175
f 8465 8467 8463
f 506 8105 8467
f 8105 2085 8466
f 8468 8453 2171
f 8466 8468 8459
f 2085 8101 8468
f 8101 505 8453
f 8472 8462 538
f 8470 8472 8469
f 2178 8471 8472
f 8471 2174 8462
f 8476 8470 2176
f 8474 8476 8473
f 2177 8475 8476
f 8475 2178 8470
f 8479 8478 2178
f 8477 8479 8475
f 507 8117 8479
f 8117 2088 8478
f 8480 8465 2174
f 8478 8480 8471
f 2088 8113 8480
f 8113 506 8465
f 8484 8474 539
f 8482 8484 8481
f 2181 8483 8484
f 8483 2177 8474
f 8488 8482 2179
f 8486 8488 8485
f 2180 8487 8488
f 8487 2181 8482
f 8491 8490 2181
f 8489 8491 8487
f 508 8129 8491
f 8129 2091 8490
f 8492 8477 2177
f 8490 8492 8483
f 2091 8125 8492
f 8125 507 8477
f 8496 8486 540
f 8494 8496 8493
f 2184 8495 8496
f 8495 2180 8486
f 8500 8494 2182
f 8498 8500 8497
f 2183 8499 8500
f 8499 2184 8494
f 8503 8502 2184
f 8501 8503 8499
f 509 8141 8503
f 8141 2094 8502
f 8504 8489 2180
f 8502 8504 8495
f 2094 8137 8504
f 8137 508 8489
f 8508 8498 541
f 8506 8508 8505
f 2187 8507 8508
f 8507 2183 8498
f 8512 8506 2185
f 8510 8512 8509
f 2186 8511 8512
f 8511 2187 8506
f 8515 8514 2187
f 8513 8515 8511
f 510 8153 8515
f 8153 2097 8514
f 8516 8501 2183
f 8514 8516 8507
f 2097 8149 8516
f 8149 509 8501
f 8520 8510 542
f 8518 8520 8517
f 2190 8519 8520
f 8519 2186 8510
f 8524 8518 2188
f 8522 8524 8521
f 2189 8523 8524
f 8523 2190 8518
f 8527 8526 2190
f 8525 8527 8523
f 511 8165 8527
f 8165 2100 8526
f 8528 8513 2186
f 8526 8528 8519
f 2100 8161 8528
f 8161 510 8513
f 8532 8522 543
f 8530 8532 8529
f 2193 8531 8532
f 8531 2189 8522
f 8536 8530 2191
f 8534 8536 8533
f 2192 8535 8536
f 8535 2193 8530
f 8539 8538 2193
f 8537 8539 8535
f 512 8177 8539
f 8177 2103 8538
f 8540 8525 2189
f 8538 8540 8531
f 2103 8173 8540
f 8173 511 8525
f 8544 8534 544
f 8542 8544 8541
f 2196 8543 8544
f 8543 2192 8534
f 8548 8542 2194
f 8546 8548 8545
f 2195 8547 8548
f 8547 2196 8542
f 8551 8550 2196
f 8549 8551 8547
f 513 8189 8551
f 8189 2106 8550
f 8552 8537 2192
f 8550 8552 8543
f 2106 8185 8552
f 8185 512 8537
f 8556 8546 545
f 8554 8556 8553
f 2199 8555 8556
f 8555 2195 8546
f 8560 8554 2197
f 8558 8560 8557
f 2198 8559 8560
f 8559 2199 8554
f 8563 8562 2199
f 8561 8563 8559
f 514 8201 8563
f 8201 2109 8562
f 8564 8549 2195
f 8562 8564 8555
f 2109 8197 8564
f 8197 513 8549
f 8568 8558 546
f 8566 8568 8565
f 2202 8567 8568
f 8567 2198 8558
f 8572 8566 2200
f 8570 8572 8569
f 2201 8571 8572
f 8571 2202 8566
f 8575 8574 2202
f 8573 8575 8571
f 515 8213 8575
f 8213 2112 8574
f 8576 8561 2198
f 8574 8576 8567
f 2112 8209 8576
f 8209 514 8561
f 8580 8570 547
f 8578 8580 8577
f 2204 8579 8580
f 8579 2201 8570
f 8583 8578 2203
f 8420 8583 8581
f 2162 8582 8583
f 8582 2204 8578
f 8585 8584 2204
f 8417 8585 8582
f 500 8225 8585
f 8225 2115 8584
f 8586 8573 2201
f 8584 8586 8579
f 2115 8221 8586
f 8221 515 8573
f 8590 7852 548
f 8588 8590 8587
f 2208 8589 8590
f 8589 2022 7852
f 8594 8588 2205
f 8592 8594 8591
f 2206 8593 8594
f 8593 2208 8588
f 8598 8597 2208
f 8595 8598 8593
f 552 8596 8598
f 8596 2207 8597
f 8600 7855 2022
f 8597 8600 8589
f 2207 8599 8600
f 8599 518 7855
f 8603 8587 548
f 8601 8603 7871
f 2211 8602 8603
f 8602 2205 8587
f 8606 8601 2026
f 8604 8606 7868
f 2209 8605 8606
f 8605 2211 8601
f 8610 8609 2211
f 8607 8610 8605
f 553 8608 8610
f 8608 2210 8609
f 8612 8591 2205
f 8609 8612 8602
f 2210 8611 8612
f 8611 582 8591
f 8616 8615 549
f 8613 8616 8062
f 2215 8614 8616
f 8614 2214 8615
f 8619 8613 2073
f 8617 8619 8059
f 2212 8618 8619
f 8618 2215 8613
f 8623 8622 2215
f 8620 8623 8618
f 568 8621 8623
f 8621 2213 8622
f 8626 8625 2214
f 8622 8626 8614
f 2213 8624 8626
f 8624 583 8625
f 8629 8068 549
f 8627 8629 8615
f 2218 8628 8629
f 8628 2076 8068
f 8632 8627 2214
f 8630 8632 8625
f 2216 8631 8632
f 8631 2218 8627
f 8636 8635 2218
f 8633 8636 8631
f 570 8634 8636
f 8634 2217 8635
f 8638 8071 2076
f 8635 8638 8628
f 2217 8637 8638
f 8637 536 8071
f 8643 8642 551
f 8640 8643 8639
f 2222 8641 8643
f 8641 2221 8642
f 8647 8640 2219
f 8645 8647 8644
f 2220 8646 8647
f 8646 2222 8640
f 8650 8649 2222
f 8648 8650 8646
f 516 8236 8650
f 8236 2117 8649
f 8652 8651 2221
f 8649 8652 8641
f 2117 8231 8652
f 8231 517 8651
f 8656 8655 551
f 8653 8656 8642
f 2224 8654 8656
f 8654 2223 8655
f 8658 8653 2221
f 8247 8658 8651
f 2121 8657 8658
f 8657 2224 8653
f 8660 8659 2224
f 8253 8660 8657
f 518 8599 8660
f 8599 2207 8659
f 8662 8661 2223
f 8659 8662 8654
f 2207 8596 8662
f 8596 552 8661
f 8666 8665 553
f 8663 8666 8607
f 2227 8664 8666
f 8664 2226 8665
f 8668 8663 2209
f 8257 8668 8604
f 2124 8667 8668
f 8667 2227 8663
f 8671 8670 2227
f 8265 8671 8667
f 520 8669 8671
f 8669 2225 8670
f 8674 8673 2226
f 8670 8674 8664
f 2225 8672 8674
f 8672 554 8673
f 8678 8677 554
f 8675 8678 8672
f 2230 8676 8678
f 8676 2229 8677
f 8680 8675 2225
f 8269 8680 8669
f 2127 8679 8680
f 8679 2230 8675
f 8683 8682 2230
f 8277 8683 8679
f 521 8681 8683
f 8681 2228 8682
f 8686 8685 2229
f 8682 8686 8676
f 2228 8684 8686
f 8684 555 8685
f 8690 8689 555
f 8687 8690 8684
f 2233 8688 8690
f 8688 2232 8689
f 8692 8687 2228
f 8281 8692 8681
f 2130 8691 8692
f 8691 2233 8687
f 8695 8694 2233
f 8289 8695 8691
f 522 8693 8695
f 8693 2231 8694
f 8698 8697 2232
f 8694 8698 8688
f 2231 8696 8698
f 8696 556 8697
f 8702 8701 556
f 8699 8702 8696
f 2236 8700 8702
f 8700 2235 8701
f 8704 8699 2231
f 8293 8704 8693
f 2133 8703 8704
f 8703 2236 8699
f 8707 8706 2236
f 8301 8707 8703
f 523 8705 8707
f 8705 2234 8706
f 8710 8709 2235
f 8706 8710 8700
f 2234 8708 8710
f 8708 557 8709
f 8714 8713 557
f 8711 8714 8708
f 2239 8712 8714
f 8712 2238 8713
f 8716 8711 2234
f 8305 8716 8705
f 2136 8715 8716
f 8715 2239 8711
f 8719 8718 2239
f 8313 8719 8715
f 524 8717 8719
f 8717 2237 8718
f 8722 8721 2238
f 8718 8722 8712
f 2237 8720 8722
f 8720 558 8721
f 8726 8725 558
f 8723 8726 8720
f 2242 8724 8726
f 8724 2241 8725
f 8728 8723 2237
f 8317 8728 8717
f 2139 8727 8728
f 8727 2242 8723
f 8731 8730 2242
f 8325 8731 8727
f 525 8729 8731
f 8729 2240 8730
f 8734 8733 2241
f 8730 8734 8724
f 2240 8732 8734
f 8732 559 8733
f 8738 8737 559
f 8735 8738 8732
f 2245 8736 8738
f 8736 2244 8737
f 8740 8735 2240
f 8329 8740 8729
f 2142 8739 8740
f 8739 2245 8735
f 8743 8742 2245
f 8337 8743 8739
f 526 8741 8743
f 8741 2243 8742
f 8746 8745 2244
f 8742 8746 8736
f 2243 8744 8746
f 8744 560 8745
f 8750 8749 560
f 8747 8750 8744
f 2248 8748 8750
f 8748 2247 8749
f 8752 8747 2243
f 8341 8752 8741
f 2145 8751 8752
f 8751 2248 8747
f 8755 8754 2248
f 8349 8755 8751
f 527 8753 8755
f 8753 2246 8754
f 8758 8757 2247
f 8754 8758 8748
f 2246 8756 8758
f 8756 561 8757
f 8762 8761 561
f 8759 8762 8756
f 2251 8760 8762
f 8760 2250 8761
f 8764 8759 2246
f 8353 8764 8753
f 2148 8763 8764
f 8763 2251 8759
f 8767 8766 2251
f 8361 8767 8763
f 528 8765 8767
f 8765 2249 8766
f 8770 8769 2250
f 8766 8770 8760
f 2249 8768 8770
f 8768 562 8769
f 8774 8773 562
f 8771 8774 8768
f 2254 8772 8774
f 8772 2253 8773
f 8776 8771 2249
f 8365 8776 8765
f 2151 8775 8776
f 8775 2254 8771
f 8779 8778 2254
f 8373 8779 8775
f 529 8777 8779
f 8777 2252 8778
f 8782 8781 2253
f 8778 8782 8772
f 2252 8780 8782
f 8780 563 8781
f 8786 8785 563
f 8783 8786 8780
f 2257 8784 8786
f 8784 2256 8785
f 8788 8783 2252
f 8377 8788 8777
f 2154 8787 8788
f 8787 2257 8783
f 8791 8790 2257
f 8385 8791 8787
f 530 8789 8791
f 8789 2255 8790
f 8794 8793 2256
f 8790 8794 8784
f 2255 8792 8794
f 8792 564 8793
f 8798 8797 564
f 8795 8798 8792
f 2260 8796 8798
f 8796 2259 8797
f 8800 8795 2255
f 8389 8800 8789
f 2157 8799 8800
f 8799 2260 8795
f 8803 8802 2260
f 8397 8803 8799
f 531 8801 8803
f 8801 2258 8802
f 8806 8805 2259
f 8802 8806 8796
f 2258 8804 8806
f 8804 565 8805
f 8810 8809 565
f 8807 8810 8804
f 2262 8808 8810
f 8808 2261 8809
f 8812 8807 2258
f 8401 8812 8801
f 2159 8811 8812
f 8811 2262 8807
f 8814 8813 2262
f 8407 8814 8811
f 516 8648 8814
f 8648 2220 8813
f 8816 8815 2261
f 8813 8816 8808
f 2220 8645 8816
f 8645 550 8815
f 8821 8820 566
f 8818 8821 8817
f 2266 8819 8821
f 8819 2265 8820
f 8824 8818 2263
f 8412 8824 8822
f 2163 8823 8824
f 8823 2266 8818
f 8827 8826 2266
f 8421 8827 8823
f 533 8825 8827
f 8825 2264 8826
f 8830 8829 2265
f 8826 8830 8819
f 2264 8828 8830
f 8828 567 8829
f 8834 8817 566
f 8832 8834 8831
f 2268 8833 8834
f 8833 2263 8817
f 8837 8832 2267
f 8620 8837 8835
f 2212 8836 8837
f 8836 2268 8832
f 8839 8838 2268
f 8617 8839 8836
f 534 8427 8839
f 8427 2165 8838
f 8840 8822 2263
f 8838 8840 8833
f 2165 8423 8840
f 8423 532 8822
f 8844 8634 570
f 8842 8844 8841
f 2271 8843 8844
f 8843 2217 8634
f 8848 8842 2269
f 8846 8848 8845
f 2270 8847 8848
f 8847 2271 8842
f 8851 8850 2271
f 8849 8851 8847
f 535 8437 8851
f 8437 2167 8850
f 8852 8637 2217
f 8850 8852 8843
f 2167 8433 8852
f 8433 536 8637
f 8856 8846 569
f 8854 8856 8853
f 2274 8855 8856
f 8855 2270 8846
f 8860 8854 2272
f 8858 8860 8857
f 2273 8859 8860
f 8859 2274 8854
f 8863 8862 2274
f 8861 8863 8859
f 537 8449 8863
f 8449 2170 8862
f 8864 8849 2270
f 8862 8864 8855
f 2170 8445 8864
f 8445 535 8849
f 8868 8858 571
f 8866 8868 8865
f 2277 8867 8868
f 8867 2273 8858
f 8872 8866 2275
f 8870 8872 8869
f 2276 8871 8872
f 8871 2277 8866
f 8875 8874 2277
f 8873 8875 8871
f 538 8461 8875
f 8461 2173 8874
f 8876 8861 2273
f 8874 8876 8867
f 2173 8457 8876
f 8457 537 8861
f 8880 8870 572
f 8878 8880 8877
f 2280 8879 8880
f 8879 2276 8870
f 8884 8878 2278
f 8882 8884 8881
f 2279 8883 8884
f 8883 2280 8878
f 8887 8886 2280
f 8885 8887 8883
f 539 8473 8887
f 8473 2176 8886
f 8888 8873 2276
f 8886 8888 8879
f 2176 8469 8888
f 8469 538 8873
f 8892 8882 573
f 8890 8892 8889
f 2283 8891 8892
f 8891 2279 8882
f 8896 8890 2281
f 8894 8896 8893
f 2282 8895 8896
f 8895 2283 8890
f 8899 8898 2283
f 8897 8899 8895
f 540 8485 8899
f 8485 2179 8898
f 8900 8885 2279
f 8898 8900 8891
f 2179 8481 8900
f 8481 539 8885
f 8904 8894 574
f 8902 8904 8901
f 2286 8903 8904
f 8903 2282 8894
f 8908 8902 2284
f 8906 8908 8905
f 2285 8907 8908
f 8907 2286 8902
f 8911 8910 2286
f 8909 8911 8907
f 541 8497 8911
f 8497 2182 8910
f 8912 8897 2282
f 8910 8912 8903
f 2182 8493 8912
f 8493 540 8897
f 8916 8906 575
f 8914 8916 8913
f 2289 8915 8916
f 8915 2285 8906
f 8920 8914 2287
f 8918 8920 8917
f 2288 8919 8920
f 8919 2289 8914
f 8923 8922 2289
f 8921 8923 8919
f 542 8509 8923
f 8509 2185 8922
f 8924 8909 2285
f 8922 8924 8915
f 2185 8505 8924
f 8505 541 8909
f 8928 8918 576
f 8926 8928 8925
f 2292 8927 8928
f 8927 2288 8918
f 8932 8926 2290
f 8930 8932 8929
f 2291 8931 8932
f 8931 2292 8926
f 8935 8934 2292
f 8933 8935 8931
f 543 8521 8935
f 8521 2188 8934
f 8936 8921 2288
f 8934 8936 8927
f 2188 8517 8936
f 8517 542 8921
f 8940 8930 577
f 8938 8940 8937
f 2295 8939 8940
f 8939 2291 8930
f 8944 8938 2293
f 8942 8944 8941
f 2294 8943 8944
f 8943 2295 8938
f 8947 8946 2295
f 8945 8947 8943
f 544 8533 8947
f 8533 2191 8946
f 8948 8933 2291
f 8946 8948 8939
f 2191 8529 8948
f 8529 543 8933
f 8952 8942 578
f 8950 8952 8949
f 2298 8951 8952
f 8951 2294 8942
f 8956 8950 2296
f 8954 8956 8953
f 2297 8955 8956
f 8955 2298 8950
f 8959 8958 2298
f 8957 8959 8955
f 545 8545 8959
f 8545 2194 8958
f 8960 8945 2294
f 8958 8960 8951
f 2194 8541 8960
f 8541 544 8945
f 8964 8954 579
f 8962 8964 8961
f 2301 8963 8964
f 8963 2297 8954
f 8968 8962 2299
f 8966 8968 8965
f 2300 8967 8968
f 8967 2301 8962
f 8971 8970 2301
f 8969 8971 8967
f 546 8557 8971
f 8557 2197 8970
f 8972 8957 2297
f 8970 8972 8963
f 2197 8553 8972
f 8553 545 8957
f 8976 8966 580
f 8974 8976 8973
f 2304 8975 8976
f 8975 2300 8966
f 8980 8974 2302
f 8978 8980 8977
f 2303 8979 8980
f 8979 2304 8974
f 8983 8982 2304
f 8981 8983 8979
f 547 8569 8983
f 8569 2200 8982
f 8984 8969 2300
f 8982 8984 8975
f 2200 8565 8984
f 8565 546 8969
f 8988 8978 581
f 8986 8988 8985
f 2306 8987 8988
f 8987 2303 8978
f 8991 8986 2305
f 8828 8991 8989
f 2264 8990 8991
f 8990 2306 8986
f 8993 8992 2306
f 8825 8993 8990
f 533 8581 8993
f 8581 2203 8992
f 8994 8981 2303
f 8992 8994 8987
f 2203 8577 8994
f 8577 547 8981
f 8998 8592 582
f 8996 8998 8995
f 2310 8997 8998
f 8997 2206 8592
f 9002 8996 2307
f 9000 9002 8999
f 2308 9001 9002
f 9001 2310 8996
f 9006 9005 2310
f 9003 9006 9001
f 586 9004 9006
f 9004 2309 9005
f 9008 8595 2206
f 9005 9008 8997
f 2309 9007 9008
f 9007 552 8595
f 9011 8995 582
f 9009 9011 8611
f 2313 9010 9011
f 9010 2307 8995
f 9014 9009 2210
f 9012 9014 8608
f 2311 9013 9014
f 9013 2313 9009
f 9018 9017 2313
f 9015 9018 9013
f 587 9016 9018
f 9016 2312 9017
f 9020 8999 2307
f 9017 9020 9010
f 2312 9019 9020
f 9019 616 8999
f 9024 9023 583
f 9021 9024 8624
f 2317 9022 9024
f 9022 2316 9023
f 9027 9021 2213
f 9025 9027 8621
f 2314 9026 9027
f 9026 2317 9021
f 9031 9030 2317
f 9028 9031 9026
f 602 9029 9031
f 9029 2315 9030
f 9034 9033 2316
f 9030 9034 9022
f 2315 9032 9034
f 9032 617 9033
f 9037 8630 583
f 9035 9037 9023
f 2320 9036 9037
f 9036 2216 8630
f 9040 9035 2316
f 9038 9040 9033
f 2318 9039 9040
f 9039 2320 9035
f 9044 9043 2320
f 9041 9044 9039
f 604 9042 9044
f 9042 2319 9043
f 9046 8633 2216
f 9043 9046 9036
f 2319 9045 9046
f 9045 570 8633
f 9050 9049 585
f 9047 9050 2722
f 2323 9048 9050
f 9048 2322 9049
f 9053 9047 711
f 9051 9053 2719
f 2321 9052 9053
f 9052 2323 9047
f 9056 9055 2323
f 9054 9056 9052
f 550 8644 9056
f 8644 2219 9055
f 9058 9057 2322
f 9055 9058 9048
f 2219 8639 9058
f 8639 551 9057
f 9061 2729 585
f 9059 9061 9049
f 2324 9060 9061
f 9060 714 2729
f 9063 9059 2322
f 8655 9063 9057
f 2223 9062 9063
f 9062 2324 9059
f 9065 9064 2324
f 8661 9065 9062
f 552 9007 9065
f 9007 2309 9064
f 9066 2732 714
f 9064 9066 9060
f 2309 9004 9066
f 9004 586 2732
f 9069 3079 587
f 9067 9069 9015
f 2326 9068 9069
f 9068 808 3079
f 9071 9067 2311
f 8665 9071 9012
f 2226 9070 9071
f 9070 2326 9067
f 9074 9073 2326
f 8673 9074 9070
f 554 9072 9074
f 9072 2325 9073
f 9076 3082 808
f 9073 9076 9068
f 2325 9075 9076
f 9075 588 3082
f 9079 3093 588
f 9077 9079 9075
f 2328 9078 9079
f 9078 812 3093
f 9081 9077 2325
f 8677 9081 9072
f 2229 9080 9081
f 9080 2328 9077
f 9084 9083 2328
f 8685 9084 9080
f 555 9082 9084
f 9082 2327 9083
f 9086 3096 812
f 9083 9086 9078
f 2327 9085 9086
f 9085 589 3096
f 9089 3107 589
f 9087 9089 9085
f 2330 9088 9089
f 9088 816 3107
f 9091 9087 2327
f 8689 9091 9082
f 2232 9090 9091
f 9090 2330 9087
f 9094 9093 2330
f 8697 9094 9090
f 556 9092 9094
f 9092 2329 9093
f 9096 3110 816
f 9093 9096 9088
f 2329 9095 9096
f 9095 590 3110
f 9099 3121 590
f 9097 9099 9095
f 2332 9098 9099
f 9098 820 3121
f 9101 9097 2329
f 8701 9101 9092
f 2235 9100 9101
f 9100 2332 9097
f 9104 9103 2332
f 8709 9104 9100
f 557 9102 9104
f 9102 2331 9103
f 9106 3124 820
f 9103 9106 9098
f 2331 9105 9106
f 9105 591 3124
f 9109 3135 591
f 9107 9109 9105
f 2334 9108 9109
f 9108 824 3135
f 9111 9107 2331
f 8713 9111 9102
f 2238 9110 9111
f 9110 2334 9107
f 9114 9113 2334
f 8721 9114 9110
f 558 9112 9114
f 9112 2333 9113
f 9116 3138 824
f 9113 9116 9108
f 2333 9115 9116
f 9115 592 3138
f 9119 3149 592
f 9117 9119 9115
f 2336 9118 9119
f 9118 828 3149
f 9121 9117 2333
f 8725 9121 9112
f 2241 9120 9121
f 9120 2336 9117
f 9124 9123 2336
f 8733 9124 9120
f 559 9122 9124
f 9122 2335 9123
f 9126 3152 828
f 9123 9126 9118
f 2335 9125 9126
f 9125 593 3152
f 9129 3163 593
f 9127 9129 9125
f 2338 9128 9129
f 9128 832 3163
f 9131 9127 2335
f 8737 9131 9122
f 2244 9130 9131
f 9130 2338 9127
f 9134 9133 2338
f 8745 9134 9130
f 560 9132 9134
f 9132 2337 9133
f 9136 3166 832
f 9133 9136 9128
f 2337 9135 9136
f 9135 594 3166
f 9139 3177 594
f 9137 9139 9135
f 2340 9138 9139
f 9138 836 3177
f 9141 9137 2337
f 8749 9141 9132
f 2247 9140 9141
f 9140 2340 9137
f 9144 9143 2340
f 8757 9144 9140
f 561 9142 9144
f 9142 2339 9143
f 9146 3180 836
f 9143 9146 9138
f 2339 9145 9146
f 9145 595 3180
f 9149 3191 595
f 9147 9149 9145
f 2342 9148 9149
f 9148 840 3191
f 9151 9147 2339
f 8761 9151 9142
f 2250 9150 9151
f 9150 2342 9147
f 9154 9153 2342
f 8769 9154 9150
f 562 9152 9154
f 9152 2341 9153
f 9156 3194 840
f 9153 9156 9148
f 2341 9155 9156
f 9155 596 3194
f 9159 3205 596
f 9157 9159 9155
f 2344 9158 9159
f 9158 844 3205
f 9161 9157 2341
f 8773 9161 9152
f 2253 9160 9161
f 9160 2344 9157
f 9164 9163 2344
f 8781 9164 9160
f 563 9162 9164
f 9162 2343 9163
f 9166 3208 844
f 9163 9166 9158
f 2343 9165 9166
f 9165 597 3208
f 9169 3219 597
f 9167 9169 9165
f 2346 9168 9169
f 9168 848 3219
f 9171 9167 2343
f 8785 9171 9162
f 2256 9170 9171
f 9170 2346 9167
f 9174 9173 2346
f 8793 9174 9170
f 564 9172 9174
f 9172 2345 9173
f 9176 3222 848
f 9173 9176 9168
f 2345 9175 9176
f 9175 598 3222
f 9179 3233 598
f 9177 9179 9175
f 2348 9178 9179
f 9178 852 3233
f 9181 9177 2345
f 8797 9181 9172
f 2259 9180 9181
f 9180 2348 9177
f 9184 9183 2348
f 8805 9184 9180
f 565 9182 9184
f 9182 2347 9183
f 9186 3236 852
f 9183 9186 9178
f 2347 9185 9186
f 9185 599 3236
f 9189 3247 599
f 9187 9189 9185
f 2349 9188 9189
f 9188 856 3247
f 9191 9187 2347
f 8809 9191 9182
f 2261 9190 9191
f 9190 2349 9187
f 9193 9192 2349
f 8815 9193 9190
f 550 9054 9193
f 9054 2321 9192
f 9194 3250 856
f 9192 9194 9188
f 2321 9051 9194
f 9051 584 3250
f 9198 5443 600
f 9196 9198 9195
f 2352 9197 9198
f 9197 1414 5443
f 9201 9196 2350
f 8820 9201 9199
f 2265 9200 9201
f 9200 2352 9196
f 9204 9203 2352
f 8829 9204 9200
f 567 9202 9204
f 9202 2351 9203
f 9206 5446 1414
f 9203 9206 9197
f 2351 9205 9206
f 9205 601 5446
f 9209 9195 600
f 9207 9209 5465
f 2353 9208 9209
f 9208 2350 9195
f 9211 9207 1420
f 9028 9211 5462
f 2314 9210 9211
f 9210 2353 9207
f 9213 9212 2353
f 9025 9213 9210
f 568 8835 9213
f 8835 2267 9212
f 9214 9199 2350
f 9212 9214 9208
f 2267 8831 9214
f 8831 566 9199
f 9217 9042 604
f 9215 9217 5810
f 2355 9216 9217
f 9216 2319 9042
f 9220 9215 1511
f 9218 9220 5807
f 2354 9219 9220
f 9219 2355 9215
f 9223 9222 2355
f 9221 9223 9219
f 569 8845 9223
f 8845 2269 9222
f 9224 9045 2319
f 9222 9224 9216
f 2269 8841 9224
f 8841 570 9045
f 9227 9218 603
f 9225 9227 5825
f 2357 9226 9227
f 9226 2354 9218
f 9230 9225 1516
f 9228 9230 5822
f 2356 9229 9230
f 9229 2357 9225
f 9233 9232 2357
f 9231 9233 9229
f 571 8857 9233
f 8857 2272 9232
f 9234 9221 2354
f 9232 9234 9226
f 2272 8853 9234
f 8853 569 9221
f 9237 9228 605
f 9235 9237 5839
f 2359 9236 9237
f 9236 2356 9228
f 9240 9235 1520
f 9238 9240 5836
f 2358 9239 9240
f 9239 2359 9235
f 9243 9242 2359
f 9241 9243 9239
f 572 8869 9243
f 8869 2275 9242
f 9244 9231 2356
f 9242 9244 9236
f 2275 8865 9244
f 8865 571 9231
f 9247 9238 606
f 9245 9247 5853
f 2361 9246 9247
f 9246 2358 9238
f 9250 9245 1524
f 9248 9250 5850
f 2360 9249 9250
f 9249 2361 9245
f 9253 9252 2361
f 9251 9253 9249
f 573 8881 9253
f 8881 2278 9252
f 9254 9241 2358
f 9252 9254 9246
f 2278 8877 9254
f 8877 572 9241
f 9257 9248 607
f 9255 9257 5867
f 2363 9256 9257
f 9256 2360 9248
f 9260 9255 1528
f 9258 9260 5864
f 2362 9259 9260
f 9259 2363 9255
f 9263 9262 2363
f 9261 9263 9259
f 574 8893 9263
f 8893 2281 9262
f 9264 9251 2360
f 9262 9264 9256
f 2281 8889 9264
f 8889 573 9251
f 9267 9258 608
f 9265 9267 5881
f 2365 9266 9267
f 9266 2362 9258
f 9270 9265 1532
f 9268 9270 5878
f 2364 9269 9270
f 9269 2365 9265
f 9273 9272 2365
f 9271 9273 9269
f 575 8905 9273
f 8905 2284 9272
f 9274 9261 2362
f 9272 9274 9266
f 2284 8901 9274
f 8901 574 9261
f 9277 9268 609
f 9275 9277 5895
f 2367 9276 9277
f 9276 2364 9268
f 9280 9275 1536
f 9278 9280 5892
f 2366 9279 9280
f 9279 2367 9275
f 9283 9282 2367
f 9281 9283 9279
f 576 8917 9283
f 8917 2287 9282
f 9284 9271 2364
f 9282 9284 9276
f 2287 8913 9284
f 8913 575 9271
f 9287 9278 610
f 9285 9287 5909
f 2369 9286 9287
f 9286 2366 9278
f 9290 9285 1540
f 9288 9290 5906
f 2368 9289 9290
f 9289 2369 9285
f 9293 9292 2369
f 9291 9293 9289
f 577 8929 9293
f 8929 2290 9292
f 9294 9281 2366
f 9292 9294 9286
f 2290 8925 9294
f 8925 576 9281
f 9297 9288 611
f 9295 9297 5923
f 2371 9296 9297
f 9296 2368 9288
f 9300 9295 1544
f 9298 9300 5920
f 2370 9299 9300
f 9299 2371 9295
f 9303 9302 2371
f 9301 9303 9299
f 578 8941 9303
f 8941 2293 9302
f 9304 9291 2368
f 9302 9304 9296
f 2293 8937 9304
f 8937 577 9291
f 9307 9298 612
f 9305 9307 5937
f 2373 9306 9307
f 9306 2370 9298
f 9310 9305 1548
f 9308 9310 5934
f 2372 9309 9310
f 9309 2373 9305
f 9313 9312 2373
f 9311 9313 9309
f 579 8953 9313
f 8953 2296 9312
f 9314 9301 2370
f 9312 9314 9306
f 2296 8949 9314
f 8949 578 9301
f 9317 9308 613
f 9315 9317 5951
f 2375 9316 9317
f 9316 2372 9308
f 9320 9315 1552
f 9318 9320 5948
f 2374 9319 9320
f 9319 2375 9315
f 9323 9322 2375
f 9321 9323 9319
f 580 8965 9323
f 8965 2299 9322
f 9324 9311 2372
f 9322 9324 9316
f 2299 8961 9324
f 8961 579 9311
f 9327 9318 614
f 9325 9327 5965
f 2377 9326 9327
f 9326 2374 9318
f 9330 9325 1556
f 9328 9330 5962
f 2376 9329 9330
f 9329 2377 9325
f 9333 9332 2377
f 9331 9333 9329
f 581 8977 9333
f 8977 2302 9332
f 9334 9321 2374
f 9332 9334 9326
f 2302 8973 9334
f 8973 580 9321
f 9337 9328 615
f 9335 9337 5977
f 2378 9336 9337
f 9336 2376 9328
f 9339 9335 1559
f 9205 9339 5974
f 2351 9338 9339
f 9338 2378 9335
f 9341 9340 2378
f 9202 9341 9338
f 567 8989 9341
f 8989 2305 9340
f 9342 9331 2376
f 9340 9342 9336
f 2305 8985 9342
f 8985 581 9331
f 9346 9000 616
f 9344 9346 9343
f 2381 9345 9346
f 9345 2308 9000
f 9350 9344 2379
f 9348 9350 9347
f 2380 9349 9350
f 9349 2381 9344
f 9353 9352 2381
f 9351 9353 9349
f 57 2736 9353
f 2736 715 9352
f 9354 9003 2308
f 9352 9354 9345
f 715 2733 9354
f 2733 586 9003
f 9357 9343 616
f 9355 9357 9019
f 2383 9356 9357
f 9356 2379 9343
f 9359 9355 2312
f 3078 9359 9016
f 807 9358 9359
f 9358 2383 9355
f 9362 9361 2383
f 3073 9362 9358
f 87 9360 9362
f 9360 2382 9361
f 9364 9347 2379
f 9361 9364 9356
f 2382 9363 9364
f 9363 84 9347
f 9368 9367 617
f 9365 9368 9032
f 2386 9366 9368
f 9366 2385 9367
f 9370 9365 2315
f 5461 9370 9029
f 1419 9369 9370
f 9369 2386 9365
f 9373 9372 2386
f 5458 9373 9369
f 299 9371 9373
f 9371 2384 9372
f 9376 9375 2385
f 9372 9376 9366
f 2384 9374 9376
f 9374 325 9375
f 9379 9038 617
f 9377 9379 9367
f 2388 9378 9379
f 9378 2318 9038
f 9382 9377 2385
f 9380 9382 9375
f 2387 9381 9382
f 9381 2388 9377
f 9385 9384 2388
f 9383 9385 9381
f 328 5800 9385
f 5800 1512 9384
f 9386 9041 2318
f 9384 9386 9378
f 1512 5811 9386
f 5811 604 9041

