# https://github.com/mikedh/trimesh
v -0.15292366 0.50099624 0.00962016
v -0.04037487 0.43317612 -0.17045239
v -0.11009715 0.35703983 0.06252645
v -0.04773384 0.51570704 -0.17472110
v -0.16447532 0.54713054 -0.02671654
v -0.18177983 0.53963397 -0.04043437
v -0.17744857 0.50471115 -0.01460486
v -0.13025355 0.52816751 0.01739739
v -0.14722142 0.55728795 -0.01368969
v -0.18239979 0.46457814 -0.01063029
v -0.16865865 0.44484807 0.00161292
v -0.13327344 0.45310432 0.03100439
v -0.10563103 0.50147340 0.04063506
v -0.15739599 0.39577137 0.00986833
v -0.02721213 0.51952661 -0.16681103
v -0.00214774 0.50686419 -0.15998233
v -0.00627508 0.42808062 -0.16097051
v -0.04056489 0.26301694 -0.16867221
v -0.07014084 0.23754864 -0.16902167
v -0.07253218 0.36678866 -0.17274657
v -0.00212296 0.27604960 -0.16195376
v -0.04821401 0.56056318 -0.16604868
v -0.06714624 0.43412818 -0.17712053
v -0.06527719 0.35383117 0.08933827
v -0.06532511 0.48191318 0.06773255
v -0.08521693 0.48083326 0.05729644
v -0.14002874 0.29434702 0.02979783
v -0.07604690 0.57989453 -0.16693217
v -0.07604801 0.58978129 -0.16091509
v -0.06073732 0.52447902 -0.17959544
v -0.08347258 0.57235463 -0.17276315
v -0.06905666 0.46521287 -0.18109990
v -0.05143347 0.56950611 -0.16396796
v -0.06372265 0.50596812 0.06112675
v 0.00060109 -0.73542199 0.13153019
v 0.02848927 0.53383528 -0.14813663
v 0.15766713 -0.65436044 -0.20599669
v -0.07620990 0.50720090 0.05468433
v -0.07988582 0.51813339 -0.19168433
v 0.03138472 0.43135411 -0.14742411
v -0.12427390 0.53264918 0.01949468
v -0.02874926 0.54832505 -0.16347600
v -0.07820437 0.59487337 -0.15831856
v 0.01169169 -0.69065496 0.13312091
v 0.01775796 -0.69331517 0.11215634
v 0.03210272 -0.73070914 0.11623365
v 0.03009250 0.50821926 -0.15011713
v -0.00230843 0.53696566 -0.15742872
v 0.12343176 -0.66531452 -0.21575630
v 0.11331117 -0.64871608 -0.21341014
v 0.15165909 -0.63423256 -0.20242833
v -0.09531869 0.51554320 0.04258653
v -0.10164436 0.55560797 -0.18798656
v -0.08973001 0.56685938 -0.17716542
v -0.06854536 0.52478402 -0.18245247
v -0.07472624 0.47096326 -0.18275947
v -0.08677052 0.47030379 -0.19049022
v 0.03979353 0.28047833 -0.14971153
v -0.14353153 0.55849104 -0.01132326
v -0.14848851 0.58137969 -0.03549505
v -0.15433589 0.57998829 -0.04060531
v -0.17035663 0.57649875 -0.05196281
v -0.15115273 0.60760209 -0.05981628
v -0.15851541 0.60654193 -0.06630992
v -0.17464765 0.60480899 -0.08016195
v -0.19235840 0.59568129 -0.09786980
v -0.19133946 0.56910110 -0.06557829
v -0.13577953 0.62909250 -0.10935672
v -0.14680774 0.62462236 -0.12028809
v -0.16239586 0.61427790 -0.13423834
v -0.16756725 0.60873826 -0.14090325
v -0.19692644 0.59188432 -0.10479881
v -0.11100238 0.61093629 -0.15217050
v -0.12041626 0.60111111 -0.16168047
v -0.12377611 0.59781289 -0.16477746
v -0.12702749 0.59527631 -0.16705446
v -0.17070474 0.60533216 -0.14497804
v -0.08663470 0.56933062 -0.17488586
v -0.06543307 0.52418117 -0.18102544
v -0.07216854 0.46910051 -0.18185081
v -0.09338840 0.41786091 -0.17464676
v -0.09519736 0.42629571 -0.17545273
v -0.09653840 0.43167719 -0.17667587
v -0.10571515 0.43787712 -0.18237542
v -0.11794336 0.40192775 -0.16345343
v -0.11968131 0.40780779 -0.16508190
v -0.12397842 0.41939554 -0.16829440
v -0.14048525 0.39204376 -0.14782670
v -0.13761883 0.41145291 -0.15091162
v -0.15303390 0.39185803 -0.12944966
v -0.15110837 0.40725629 -0.13529888
v -0.16781476 0.40081858 -0.10463090
v -0.16564721 0.41017363 -0.10841254
v -0.18613572 0.41505279 -0.07008150
v -0.17530739 0.42394194 -0.07550941
v -0.19508646 0.43668523 -0.03973315
v -0.19535528 0.43930824 -0.05130131
v -0.19197775 0.46895918 -0.02208143
v -0.19871439 0.47010556 -0.03800970
v -0.18907503 0.50255717 -0.03020423
v -0.19506460 0.50122108 -0.04441596
v -0.19187761 0.53197968 -0.05296575
v -0.19874019 0.52585305 -0.06867917
v -0.20120421 0.56063913 -0.07787556
v -0.20815013 0.55315254 -0.09537688
v -0.20086466 0.58800769 -0.11058023
v -0.20387732 0.58056975 -0.12917634
v -0.17447310 0.59137071 -0.16138659
v -0.13575358 0.58012384 -0.17949545
v -0.19866624 0.56374665 -0.07326890
v -0.18832860 0.53576704 -0.04781393
v -0.18549952 0.50515576 -0.02214737
v -0.18839972 0.46800604 -0.01688763
v -0.19197225 0.43445010 -0.03586967
v -0.18791187 0.42920476 -0.03244201
v -0.18392735 0.41097949 -0.06680949
v -0.17977042 0.40512146 -0.06447132
v -0.17077611 0.38203988 -0.05917282
v -0.17802163 0.40651566 -0.02629136
v -0.16655606 0.33515905 -0.04890971
v -0.16522720 0.36507472 -0.02130873
v -0.15744711 0.24484813 -0.04350012
v -0.15475925 0.26714842 -0.00548627
v -0.16054854 0.10760641 -0.02711966
v -0.14787949 0.12633727 0.00640747
v -0.12623484 0.14621715 0.04017419
v -0.15113586 -0.03857756 0.03694257
v -0.12732181 -0.01334754 0.06753477
v -0.09386072 0.00240650 0.09607039
v -0.09284727 0.16591268 0.07079308
v -0.05121681 0.01590128 0.11355118
v -0.04869621 0.17636526 0.09476001
v -0.07999804 -0.15631727 0.12234682
v -0.05433658 -0.13967024 0.14449550
v -0.06080873 -0.32833066 0.15788274
v -0.05382585 -0.31616638 0.18094039
v -0.02746932 -0.50240003 0.15352766
v -0.05985744 -0.48519253 0.17281051
v 0.01057997 -0.63559938 0.13191930
v -0.02396287 -0.62930519 0.13659530
v -0.05958664 -0.52880458 0.12926093
v -0.02768838 -0.64994750 0.11244421
v -0.01787651 -0.69610982 0.08961531
v -0.05685074 -0.66196344 0.09074781
v -0.05248613 -0.71910489 0.05925404
v -0.04700870 -0.73272144 0.06031303
v -0.00772879 -0.73043024 0.09217982
v -0.07508886 -0.71927400 0.03512739
v -0.06780656 -0.73250948 0.03617360
v -0.10069340 -0.71646646 -0.00697624
v -0.09606373 -0.73481829 -0.00746449
v -0.11028204 -0.72791819 -0.04653391
v -0.10991606 -0.74037155 -0.05214342
v -0.10685371 -0.73092990 -0.08538476
v -0.10556389 -0.74033737 -0.09294032
v -0.08675071 -0.71499668 -0.13858462
v -0.08331557 -0.72495740 -0.14399805
v -0.04833948 -0.69576458 -0.17961902
v -0.04330163 -0.70890060 -0.18393815
v 0.00300390 -0.67898510 -0.20530889
v 0.01215943 -0.69310203 -0.21018909
v 0.06009249 -0.66447877 -0.21700431
v 0.06809850 -0.67867238 -0.21999592
v 0.03521882 -0.61157165 -0.20211555
v 0.08660157 -0.59399491 -0.20160607
v -0.01660215 -0.63129524 -0.18955590
v -0.04175177 -0.54004534 -0.16308334
v 0.00583968 -0.51389792 -0.17587245
v -0.06174722 -0.65118878 -0.16389971
v -0.08168969 -0.56454459 -0.13947384
v -0.10621834 -0.42003409 -0.10970737
v -0.06870567 -0.39794891 -0.12927655
v -0.09613563 -0.66697107 -0.12464215
v -0.11064563 -0.57955826 -0.10544095
v -0.13520673 -0.43035717 -0.07997062
v -0.13510612 -0.26868284 -0.09333461
v -0.10577689 -0.26657905 -0.11792020
v -0.12806126 -0.58511373 -0.06208337
v -0.15246664 -0.43598229 -0.04308158
v -0.15435025 -0.26041254 -0.06576397
v -0.15402978 -0.09299602 -0.09133895
v -0.13418061 -0.09538737 -0.11840454
v -0.15809030 -0.43048816 -0.00269597
v -0.16541235 -0.25070613 -0.03128627
v -0.16475481 -0.08484512 -0.06265732
v -0.15678956 0.07670102 -0.08868685
v -0.14490618 0.06995795 -0.11320765
v -0.16764532 -0.23906142 0.00303493
v -0.16843129 -0.07512081 -0.03069023
v -0.16283653 0.09066177 -0.06020187
v -0.15405207 0.21825749 -0.07874372
v -0.14608302 0.19661354 -0.10493439
v -0.16443932 -0.06026089 0.00417079
v -0.16144558 -0.21638655 0.03622577
v -0.14489079 -0.19796681 0.07010197
v -0.14583421 -0.39813741 0.07518494
v -0.12678735 -0.37719584 0.10854650
v -0.09879024 -0.34983866 0.13522480
v -0.11714357 -0.17239493 0.09865742
v -0.08962831 -0.54851757 0.10205886
v -0.11309544 -0.55941151 0.06838385
v -0.08709558 -0.66835832 0.05889607
v -0.12775970 -0.57107222 0.02795196
v -0.10672567 -0.67248270 0.02162247
v -0.13272004 -0.58229445 -0.01667303
v -0.11621057 -0.67833976 -0.02324022
v -0.11409223 -0.67858993 -0.07529965
v -0.15488392 -0.41745275 0.03757045
v -0.14544862 0.27944357 -0.10910729
v -0.13302189 0.27719000 -0.13100857
v -0.13367728 0.19462639 -0.12760883
v -0.15645186 0.30638531 -0.08201170
v -0.15909891 0.36299267 -0.09200323
v -0.14718680 0.34345459 -0.11696371
v -0.14775909 0.38167923 -0.12434554
v -0.13469044 0.37961293 -0.14325772
v -0.13507043 0.34170230 -0.13729771
v -0.16231465 0.39169518 -0.09893785
v -0.16587519 0.39667752 -0.10160775
v -0.15052005 0.38778089 -0.12702845
v -0.13736312 0.38791785 -0.14550967
v -0.11674339 0.39281517 -0.16209001
v -0.09372844 0.38514934 -0.17164861
v -0.11639087 0.35896933 -0.15936829
v -0.09627095 0.32174827 -0.16299020
v -0.11772623 0.30033881 -0.14988581
v -0.09579872 0.22075131 -0.16300900
v -0.11729511 0.20885184 -0.14895720
v -0.10258120 0.07928189 -0.15191542
v -0.12663089 0.07781553 -0.13600105
v -0.10723630 -0.10037103 -0.13704210
v -0.07286416 0.08226418 -0.16148290
v -0.07348454 -0.09819750 -0.15015517
v -0.06843472 -0.26009520 -0.13489048
v -0.03169109 -0.08808770 -0.15774565
v -0.02274021 -0.25003085 -0.14461764
v -0.02026984 -0.37568128 -0.14063273
v 0.02614182 -0.23970237 -0.14427991
v 0.02932397 -0.36086734 -0.14171866
v 0.05768465 -0.49224212 -0.17576883
v 0.08222871 -0.35334203 -0.12197101
v 0.10921961 -0.48388813 -0.15098495
v 0.12657132 -0.58363323 -0.17804086
v 0.07363516 -0.23889415 -0.12236817
v 0.01489981 -0.07870233 -0.15406973
v 0.05803123 -0.07406875 -0.13890963
v 0.00841261 0.09575869 -0.16080514
v 0.05300887 0.09841549 -0.14749581
v -0.03541187 0.09031077 -0.16553073
v -0.10591292 0.61657446 -0.14475138
v -0.13369879 0.62963811 -0.10539311
v -0.10445116 0.61868632 -0.14201270
v 0.03813710 0.51258488 0.09299068
v 0.09791254 0.43984207 -0.11208040
v -0.01533880 0.36225630 0.10182595
v 0.09990509 0.51976907 -0.10856510
v 0.06559728 0.56201268 0.07485028
v 0.08854930 0.55470248 0.07866119
v 0.06900962 0.52113644 0.09473472
v 0.01369262 0.53781077 0.07894407
v 0.04494825 0.57003379 0.06949968
v 0.07389597 0.47992348 0.10243553
v 0.05763408 0.45587475 0.10179013
v 0.00892389 0.45859081 0.09545391
v -0.01949299 0.50668944 0.07801525
v 0.04765590 0.40350695 0.09801662
v 0.08226113 0.52415502 -0.11880532
v 0.06049878 0.51003978 -0.13403511
v 0.06809919 0.43214100 -0.13022183
v 0.11278192 0.26880333 -0.11145864
v 0.13934999 0.24511838 -0.09008702
v 0.12732648 0.37543124 -0.09051868
v 0.07905269 0.27853152 -0.13248098
v 0.09162195 0.56325320 -0.10448638
v 0.12028605 0.44209441 -0.09616454
v -0.04393544 0.48301830 0.07597654
v 0.04058569 0.30414343 0.10488539
v 0.10940663 0.58390855 -0.08621065
v 0.10460916 0.59413204 -0.08323739
v 0.11182810 0.52845281 -0.10173414
v 0.11888508 0.57629441 -0.08415267
v 0.12179332 0.47244337 -0.09552905
v 0.09238047 0.57233034 -0.10087333
v -0.05010090 0.50839472 0.06576400
v 0.13233445 0.52270127 -0.09484895
v 0.00783051 0.54152710 0.07569429
v 0.07831902 0.55110397 -0.11700749
v 0.10416720 0.59923874 -0.08033762
v 0.01171007 -0.69868959 0.14014692
v 0.00391326 -0.73799109 0.13653343
v 0.05648573 0.53923722 -0.13256556
v 0.15797924 -0.66445862 -0.17391823
v 0.16248833 -0.64800960 -0.16603207
v -0.02817503 0.51923721 0.07121208
v 0.14206407 0.55958495 -0.07884812
v 0.12623153 0.57082117 -0.08200852
v 0.11870600 0.52904326 -0.09798686
v 0.12561218 0.47889993 -0.09273352
v 0.13731996 0.47897860 -0.08907252
v 0.04062810 0.57095884 0.06811209
v 0.06068410 0.59312829 0.05449755
v 0.06470334 0.59373420 0.05481135
v 0.08665518 0.58950380 0.05989366
v 0.07963696 0.61771281 0.03819502
v 0.08789104 0.61749468 0.03961070
v 0.10885895 0.61497131 0.04177669
v 0.13455849 0.60563973 0.04365453
v 0.11162178 0.58151137 0.06530194
v 0.10430702 0.63773042 -0.00535403
v 0.12082465 0.63208337 -0.00418065
v 0.14118149 0.62242762 -0.00284192
v 0.15028903 0.61688411 -0.00304971
v 0.14285040 0.60147323 0.04275247
v 0.12204711 0.61569741 -0.05192398
v 0.13444186 0.60662715 -0.05074882
v 0.13916068 0.60353316 -0.05030650
v 0.14306090 0.60108795 -0.04920887
v 0.15706162 0.61227281 -0.00304902
v 0.12257427 0.57334057 -0.08308489
v 0.11482433 0.52796361 -0.09998035
v 0.12269056 0.47694549 -0.09436933
v 0.13755922 0.42869594 -0.07485532
v 0.13781770 0.43838040 -0.07345153
v 0.13966668 0.44254608 -0.07237015
v 0.14883957 0.44940531 -0.06879156
v 0.14840891 0.41449429 -0.04842461
v 0.14964485 0.42096932 -0.04769684
v 0.15287998 0.43178412 -0.04548472
v 0.15303708 0.40567846 -0.02107447
v 0.15487924 0.42241018 -0.02118505
v 0.14787000 0.40829650 0.00010971
v 0.14451219 0.42369282 -0.00410808
v 0.13911423 0.41701484 0.02914313
v 0.13669045 0.42665557 0.02543829
v 0.12398076 0.43052736 0.06515411
v 0.11872785 0.43934164 0.05598492
v 0.10566049 0.45319267 0.09176848
v 0.11443620 0.45746975 0.08621832
v 0.08744068 0.48657713 0.10194259
v 0.10302540 0.49014122 0.09720964
v 0.08705817 0.52127891 0.09377147
v 0.10233003 0.51735407 0.08796492
v 0.10328042 0.54860710 0.07888642
v 0.12009609 0.54075350 0.07327809
v 0.12753847 0.57205779 0.06518514
v 0.14436160 0.56422511 0.05897335
v 0.14993395 0.59720866 0.04219561
v 0.16606770 0.58882760 0.03384748
v 0.17067685 0.59949428 -0.00962037
v 0.15750425 0.58573779 -0.04948252
v 0.12164432 0.57602382 0.06569805
v 0.09822427 0.55090987 0.07899188
v 0.08122403 0.52115417 0.09481291
v 0.08184098 0.48421444 0.10272992
v 0.10150154 0.44964065 0.09269569
v 0.09683167 0.44336597 0.09199629
v 0.12132915 0.42574375 0.06594713
v 0.11762700 0.41875305 0.06422074
v 0.10982066 0.39350846 0.06049000
v 0.08860818 0.41684188 0.08802858
v 0.11054681 0.34742538 0.06477653
v 0.07930373 0.37657804 0.08278496
v 0.11598283 0.25993428 0.06518225
v 0.08175236 0.27988654 0.09059755
v 0.11904840 0.12999394 0.08244729
v 0.08271582 0.14462354 0.09817019
v 0.04519408 0.15904455 0.10609280
v 0.08705788 -0.01271333 0.13425785
v 0.04304353 0.00618223 0.13848952
v -0.00621777 0.01162823 0.13683821
v -0.00027762 0.17220291 0.10626666
v -0.00782386 -0.14331123 0.16391841
v -0.01665171 -0.31867120 0.19954448
v -0.01051721 -0.49844581 0.18602559
v -0.00679859 -0.63567005 0.15337022
v 0.03379947 -0.51420988 0.19168877
v 0.03698127 -0.64305879 0.16565297
v 0.05624212 -0.69610905 0.15056635
v 0.07437512 -0.64919565 0.17001065
v 0.10385291 -0.71319088 0.15271127
v 0.10248868 -0.72653407 0.15107864
v 0.05042805 -0.73170807 0.14563326
v 0.13804342 -0.70378527 0.14974501
v 0.13446709 -0.72153047 0.14730261
v 0.18660485 -0.69262984 0.13313248
v 0.18667445 -0.71265667 0.13164759
v 0.22781843 -0.69868898 0.11068545
v 0.22860339 -0.71038499 0.10889756
v 0.24868771 -0.70062272 0.08153644
v 0.26037260 -0.71336951 0.06718202
v 0.26601238 -0.68577316 0.03014748
v 0.26818734 -0.69584754 0.02620373
v 0.26357048 -0.67046537 -0.02888726
v 0.26515441 -0.68331479 -0.03513580
v 0.24181075 -0.66015513 -0.08448988
v 0.24051663 -0.67446475 -0.09255465
v 0.20570045 -0.65387096 -0.13185631
v 0.20400146 -0.66830912 -0.13814619
v 0.20509736 -0.59956509 -0.10898829
v 0.16347264 -0.59060865 -0.14439899
v 0.23780807 -0.61137197 -0.06391620
v 0.22387249 -0.51880708 -0.03532533
v 0.19205751 -0.50034008 -0.07904654
v 0.25527199 -0.62541403 -0.01128211
v 0.23995215 -0.53772131 0.01112083
v 0.21686665 -0.39256709 0.03909971
v 0.20009364 -0.37605804 -0.00431896
v 0.25558429 -0.63765127 0.04415292
v 0.24012684 -0.54983194 0.06053519
v 0.21878249 -0.40432216 0.08393215
v 0.20211038 -0.23658219 0.06047409
v 0.19777210 -0.23989556 0.01989401
v 0.22501730 -0.55383360 0.10449253
v 0.20692222 -0.40377367 0.12398510
v 0.19584950 -0.22972078 0.09577253
v 0.18558929 -0.06365767 0.05260324
v 0.18961516 -0.07264617 0.02020969
v 0.18441228 -0.39832743 0.15667831
v 0.18033145 -0.21409571 0.12319982
v 0.17351541 -0.05440474 0.08038421
v 0.16427517 0.09692771 0.03751877
v 0.17284435 0.09138012 0.01018114
v 0.15557450 -0.20271901 0.14759196
v 0.15298472 -0.04527253 0.10409522
v 0.14607160 0.11522370 0.06023364
v 0.14029815 0.23313084 0.03779787
v 0.15414229 0.20927499 0.01419731
v 0.12351285 -0.03142695 0.12371916
v 0.12435449 -0.18281317 0.16272327
v 0.08423125 -0.16866897 0.17399889
v 0.11853111 -0.37083137 0.20177606
v 0.07668923 -0.35366957 0.21256299
v 0.03060460 -0.33488225 0.21115620
v 0.03859168 -0.15001731 0.17333829
v 0.07896387 -0.52775580 0.19205587
v 0.12293507 -0.53648727 0.18245040
v 0.12214723 -0.64822151 0.16687053
v 0.16298437 -0.54326177 0.16526202
v 0.16648840 -0.64659357 0.15314268
v 0.19885161 -0.55165050 0.13852020
v 0.20554565 -0.64869407 0.12899974
v 0.23721789 -0.64775510 0.09301850
v 0.15382295 -0.38628563 0.18197520
v 0.14670066 0.29208911 0.00741502
v 0.15382194 0.28924428 -0.01857944
v 0.16089917 0.20141400 -0.01033562
v 0.13117225 0.31972001 0.03473823
v 0.12992057 0.37486785 0.02827493
v 0.14392132 0.35575025 0.00280138
v 0.14212913 0.39493134 -0.00060196
v 0.14708410 0.39212176 -0.02334062
v 0.15031010 0.35179367 -0.02120473
v 0.13314068 0.40475984 0.02878317
v 0.13759922 0.41165836 0.02953590
v 0.14543345 0.40100283 0.00057911
v 0.14923979 0.39983136 -0.02195551
v 0.14833439 0.40334212 -0.04895134
v 0.13929216 0.39443606 -0.07354657
v 0.14959264 0.36801311 -0.04827555
v 0.14258861 0.33260888 -0.06924632
v 0.15192308 0.31068269 -0.04406254
v 0.15550850 0.22490693 -0.06592390
v 0.16144109 0.21268239 -0.03897195
v 0.16689235 0.08919632 -0.04843936
v 0.17399431 0.09091193 -0.01873133
v 0.18341870 -0.07708840 -0.01428122
v 0.15128432 0.08825776 -0.07757899
v 0.16684667 -0.07916618 -0.05053161
v 0.18045118 -0.24076939 -0.02151330
v 0.13835440 -0.07595536 -0.08795705
v 0.15070937 -0.23961885 -0.06048309
v 0.16886730 -0.36051851 -0.04674259
v 0.11320395 -0.24107400 -0.09200105
v 0.13002413 -0.35545318 -0.08122869
v 0.15184551 -0.48815784 -0.11337117
v 0.10082472 -0.07016338 -0.11764911
v 0.09224527 0.10111474 -0.12906980
v 0.12651567 0.09624442 -0.10473879
v 0.11158145 0.62284309 -0.05119107
v 0.10048537 0.63892526 -0.00512701
v 0.10853987 0.62525642 -0.05011662
v -0.09452379 0.56428163 -0.17998023
v -0.07230665 0.52334535 -0.18512557
v -0.07723829 0.47284146 -0.18463075
v -0.09953195 0.43617040 -0.17798787
v -0.12086307 0.41469122 -0.16590066
v -0.14051298 0.39900374 -0.14983739
v -0.15308669 0.39923570 -0.13236206
v -0.16753203 0.40517432 -0.10617340
v -0.18247677 0.41951108 -0.07198420
v -0.19648283 0.43948290 -0.04317757
v -0.19536366 0.47008556 -0.02715878
v -0.19183004 0.50255522 -0.03406579
v -0.19462242 0.52928310 -0.05729369
v -0.20428687 0.55755770 -0.08313696
v -0.20261833 0.58552682 -0.11592670
v -0.17366826 0.60079023 -0.14979922
v -0.13152808 0.59016021 -0.17152353
v 0.12276891 0.52768084 -0.09670006
v 0.13150472 0.56828503 -0.08005288
v 0.13051677 0.48080466 -0.09084396
v 0.14153589 0.44648594 -0.07116871
v 0.15040297 0.42684950 -0.04655745
v 0.15367033 0.41198309 -0.02117636
v 0.14944203 0.41369442 -0.00009658
v 0.13968922 0.42083216 0.02876048
v 0.12808298 0.43580044 0.06525524
v 0.10815604 0.45652804 0.09044967
v 0.09259441 0.48841410 0.10050245
v 0.09186865 0.52157292 0.09335074
v 0.10848284 0.54522253 0.07779824
v 0.13264459 0.56917063 0.06379770
v 0.15534966 0.59410624 0.04061361
v 0.16127289 0.60924381 -0.00366631
v 0.14922716 0.59593419 -0.04842161
v -0.09751268 0.56199426 -0.18273862
v -0.07582878 0.52254448 -0.18760776
v -0.08211000 0.47289992 -0.18732767
v -0.12076133 0.41690594 -0.16714377
v -0.14017616 0.40299355 -0.15052983
v -0.15370532 0.40126512 -0.13345945
v -0.16568132 0.40795333 -0.10619079
v -0.18262473 0.42014790 -0.07304742
v -0.19855295 0.44000839 -0.04501255
v -0.19598154 0.46971106 -0.03005118
v -0.19323536 0.50237975 -0.03670282
v -0.19569954 0.52758898 -0.06002398
v -0.20557907 0.55574662 -0.08580375
v -0.20409873 0.58284583 -0.11971985
v -0.17466255 0.59850362 -0.15282248
v -0.13377988 0.58733313 -0.17394013
v 0.12669466 0.52692655 -0.09564473
v 0.13557282 0.56593449 -0.07941874
v 0.13254161 0.48057075 -0.09073058
v 0.15474448 0.41556573 -0.02116375
v 0.15017699 0.42929433 -0.04704001
v 0.15053680 0.41566578 0.00018587
v 0.13779828 0.42321547 0.02774287
v 0.12466351 0.43609351 0.06303930
v 0.10993960 0.45687190 0.09015088
v 0.09571122 0.48949970 0.10021083
v 0.09577416 0.51998903 0.09167653
v 0.11167860 0.54305314 0.07691486
v 0.13664516 0.56646518 0.06278935
v 0.15894277 0.59186114 0.03921283
v 0.16585622 0.60550497 -0.00453724
v 0.15241717 0.59317393 -0.04806845
v -0.10034554 0.43769296 -0.17965007
v 0.14475235 0.44798036 -0.07039152
v -0.09971156 0.56020486 -0.18444637
v -0.07723291 0.52155088 -0.18918707
v -0.08299641 0.47250003 -0.18844914
v -0.12166810 0.41866534 -0.16785903
v -0.14172337 0.40467328 -0.15185269
v -0.15252666 0.40361279 -0.13468066
v -0.16572433 0.40860226 -0.10824193
v -0.17719053 0.42261922 -0.07404821
v -0.19636329 0.43975731 -0.04820981
v -0.19647806 0.46994940 -0.03387032
v -0.19428740 0.50241764 -0.03992206
v -0.19680442 0.52654260 -0.06331525
v -0.20648678 0.55496438 -0.08959257
v -0.20390980 0.58185885 -0.12358216
v -0.17600099 0.59504425 -0.15644956
v -0.13501028 0.58442239 -0.17605271
v 0.12869171 0.52593545 -0.09548263
v 0.13833076 0.56419293 -0.07861493
v 0.13479165 0.48073921 -0.08983100
v 0.15507659 0.41845945 -0.02125968
v 0.15238664 0.43032934 -0.04613521
v 0.14921056 0.41852220 -0.00098515
v 0.13712207 0.42480901 0.02546859
v 0.12331290 0.43752558 0.05994467
v 0.11286056 0.45764217 0.08846826
v 0.09823003 0.48910928 0.09815823
v 0.09859361 0.51882477 0.08996136
v 0.11529070 0.54031272 0.07505620
v 0.13961660 0.56549462 0.06096597
v 0.16181987 0.59062426 0.03720711
v 0.16792462 0.60314816 -0.00584217
v 0.15500339 0.59027101 -0.04836476
v -0.10299221 0.43777019 -0.18101486
v 0.14582532 0.44924645 -0.06977422
v -0.10089554 0.55829913 -0.18633473
v -0.07861895 0.52039795 -0.19058305
v -0.08453694 0.47186484 -0.18939447
v -0.12318909 0.41839407 -0.16836949
v -0.13914797 0.40803123 -0.15162282
v -0.14965280 0.40639763 -0.13463185
v -0.16420111 0.40982992 -0.10822527
v -0.17747657 0.42324656 -0.07454720
v -0.19689094 0.43936924 -0.04995914
v -0.19730884 0.46962734 -0.03624707
v -0.19395666 0.50212599 -0.04263713
v -0.19714744 0.52630460 -0.06521315
v -0.20721641 0.55481551 -0.09152110
v -0.20401211 0.58161828 -0.12642612
v -0.17530632 0.59338686 -0.15875681
v -0.13610465 0.58280294 -0.17769154
v 0.13063930 0.52484917 -0.09526799
v 0.14032186 0.56272003 -0.07830805
v 0.13543221 0.48024001 -0.09027883
v 0.15361387 0.42085152 -0.02192546
v 0.15172947 0.43177214 -0.04612199
v 0.15033461 0.41913659 -0.00147477
v 0.13762655 0.42532023 0.02542863
v 0.12377178 0.43817118 0.05984067
v 0.11446414 0.45746300 0.08769563
v 0.10057514 0.48895657 0.09736297
v 0.10040215 0.51882912 0.08895335
v 0.11709010 0.54065204 0.07423836
v 0.14143046 0.56499709 0.06023234
v 0.16404862 0.58997090 0.03523676
v 0.16928017 0.60166311 -0.00758369
v 0.15678471 0.58879029 -0.04843094
v -0.10439441 0.43787426 -0.18171051
v 0.14722741 0.44916139 -0.06940682
v -0.15791391 0.52823723 -0.00556415
v -0.17343762 0.54337755 -0.03401858
v -0.17887892 0.52472436 -0.02662923
v -0.16536441 0.50369006 -0.00096302
v -0.16913048 0.52638388 -0.01621400
v -0.14154575 0.51460015 0.01401828
v -0.14007658 0.54290235 0.00333304
v -0.15382954 0.55364395 -0.01829290
v -0.14573403 0.53804554 0.00087311
v -0.18014411 0.48453863 -0.01007523
v -0.17633205 0.45683925 -0.00494475
v -0.16289531 0.47328410 0.00614948
v -0.17203333 0.48033392 -0.00146437
v -0.14119548 0.48092588 0.02114372
v -0.11970214 0.47616769 0.03691025
v -0.11512140 0.51814748 0.03064454
v -0.12922095 0.49845494 0.02666247
v -0.16264510 0.42187727 0.00585687
v -0.14874976 0.42238733 0.02111267
v -0.15457240 0.45265555 0.01384866
v -0.03156119 0.48028140 -0.17037341
v -0.01508280 0.51582116 -0.16357075
v -0.00366411 0.47062325 -0.16082395
v -0.02394641 0.43035081 -0.16607118
v -0.01871424 0.47635150 -0.16574570
v -0.04429242 0.35683284 -0.16838312
v -0.05536594 0.24881371 -0.16958818
v -0.07305270 0.30765038 -0.16693972
v -0.05747734 0.39439965 -0.17269101
v -0.06039003 0.33133755 -0.16799901
v -0.00594686 0.35748667 -0.15970895
v -0.02204523 0.26783721 -0.16661951
v -0.02573522 0.35754954 -0.16474776
v -0.04150735 0.47968245 -0.17419083
v -0.04825612 0.53863190 -0.17096710
v -0.03792154 0.54564295 -0.16674728
v -0.03798300 0.50975524 -0.17143121
v -0.07074606 0.40360025 -0.17492718
v -0.05654481 0.47623820 -0.17936148
v -0.05603611 0.43971048 -0.17534986
v -0.08668631 0.35197605 0.07846219
v -0.06652898 0.42518979 0.08001583
v -0.07457491 0.48014890 0.06358458
v -0.09861171 0.42949584 0.05995505
v -0.08189378 0.42457823 0.07188263
v -0.09206976 0.49505464 0.05000741
v -0.12341298 0.41533225 0.04377136
v -0.10769080 0.45497850 0.04900817
v -0.14881556 0.35824318 0.01808225
v -0.12803399 0.32115830 0.04610273
v -0.13791526 0.38027987 0.03045449
v -0.06131841 0.55267944 -0.17225062
v -0.07621334 0.58572909 -0.16365253
v -0.06246646 0.57597820 -0.16425297
v -0.06188065 0.56545768 -0.16824210
v -0.05458053 0.51958748 -0.17742305
v -0.07094243 0.55069201 -0.17714769
v -0.07915586 0.57619017 -0.16981445
v -0.06618594 0.55192080 -0.17483450
v -0.06690521 0.45013566 -0.17878318
v -0.06369398 0.49310828 -0.18238596
v -0.06052324 0.48521451 -0.18119516
v -0.04017994 0.55873441 -0.16477755
v -0.02816449 0.53644020 -0.16512724
v -0.04985337 0.56581135 -0.16438876
v -0.03880835 0.55433897 -0.16514167
v -0.07710103 0.59260224 -0.15936252
v -0.06394498 0.58150821 -0.16226581
v -0.06368305 0.57929369 -0.16277056
v -0.06984716 0.50633670 0.05827763
v -0.07954061 0.49820807 0.05542594
v -0.06422253 0.49913454 0.06289705
v -0.07163614 0.49813774 0.05955297
v -0.00063884 -0.71742018 0.13289456
v 0.03358839 -0.68880895 0.12056629
v 0.02612170 -0.71719565 0.11410513
v 0.04353655 -0.73051893 0.12276597
v 0.03927642 -0.71575212 0.12180383
v 0.02932571 0.52416540 -0.14912796
v 0.01423045 0.50660298 -0.15549561
v -0.00227361 0.52485303 -0.15865716
v 0.01351854 0.53338586 -0.15333294
v 0.01388361 0.52369850 -0.15409921
v 0.14443003 -0.65892456 -0.20979642
v 0.12007607 -0.65961085 -0.21483309
v 0.13383100 -0.64019758 -0.20856501
v 0.15341954 -0.64605678 -0.20584560
v 0.13874887 -0.65187322 -0.21042984
v -0.08351840 0.51173380 0.05012901
v -0.09895074 0.51145282 0.04175828
v -0.08645657 0.50735055 0.04979561
v -0.08837158 0.53888290 -0.19023626
v -0.10097275 0.55650283 -0.18714355
v -0.08758988 0.54101786 -0.18893995
v -0.07903478 0.51850473 -0.19125189
v -0.08771572 0.53938122 -0.18979826
v -0.07753069 0.49544884 -0.19072053
v -0.08573415 0.47037017 -0.18970947
v -0.07983006 0.49371468 -0.19179247
v -0.07836457 0.49361107 -0.19134997
v 0.01350873 0.43032723 -0.15451890
v 0.03064937 0.47283413 -0.14936958
v 0.01310725 0.47139064 -0.15580392
v 0.03360016 0.36228917 -0.14525428
v 0.01853214 0.27873094 -0.15645493
v 0.01427017 0.36203458 -0.15340239
v -0.12700715 0.53138798 0.01841108
v -0.10885682 0.52316179 0.03240432
v -0.11110895 0.52184140 0.03176797
v -0.13612910 0.54524866 0.00502947
v -0.14488015 0.55882610 -0.01267520
v -0.13778268 0.54432214 0.00426284
v -0.14573281 0.56945735 -0.02245746
v -0.14959149 0.58176707 -0.03688674
v -0.15047701 0.56774967 -0.02626266
v -0.14845853 0.56777734 -0.02445174
v -0.16097916 0.57950875 -0.04598993
v -0.16516226 0.56095069 -0.03726984
v -0.15632779 0.56499948 -0.03063783
v -0.14902995 0.59422505 -0.04564417
v -0.15206836 0.60863953 -0.06170422
v -0.15762616 0.59109805 -0.05306094
v -0.15246965 0.59287899 -0.04919324
v -0.16598968 0.60654784 -0.07281587
v -0.17409973 0.59006694 -0.06380344
v -0.16275652 0.59261329 -0.05652191
v -0.18389552 0.60105680 -0.08829881
v -0.19379981 0.58251661 -0.07965108
v -0.18323932 0.57304429 -0.05918016
v -0.18465131 0.58707879 -0.07046857
v -0.14937374 0.62355476 -0.08569708
v -0.14175383 0.62622009 -0.11515087
v -0.16407792 0.61932303 -0.10056286
v -0.15635813 0.62150197 -0.09324615
v -0.15524898 0.61995043 -0.12747334
v -0.18037996 0.60931567 -0.11658513
v -0.17352482 0.61455310 -0.10824502
v -0.16460691 0.61257765 -0.13642515
v -0.18551417 0.60411648 -0.12456385
v -0.19454704 0.59407436 -0.10171954
v -0.18265913 0.60717603 -0.11996355
v -0.12922688 0.61969785 -0.14025181
v -0.11642818 0.60553771 -0.15782514
v -0.13917646 0.61075411 -0.15093843
v -0.13497217 0.61570631 -0.14526621
v -0.12186765 0.59895334 -0.16350562
v -0.14361190 0.60553007 -0.15599058
v -0.14108771 0.60892520 -0.15274864
v -0.12510590 0.59617001 -0.16593522
v -0.14743371 0.60248843 -0.15952473
v -0.16928272 0.60717337 -0.14285959
v -0.14604211 0.60390910 -0.15770548
v -0.10063187 0.58812423 -0.16875586
v -0.08481714 0.57112812 -0.17371467
v -0.10449659 0.58478149 -0.17115559
v -0.10245735 0.58712025 -0.16925765
v -0.08830609 0.56814839 -0.17585309
v -0.10795822 0.58303605 -0.17310722
v -0.10590070 0.58417202 -0.17183399
v -0.06351588 0.52422192 -0.18037395
v -0.07448635 0.54866547 -0.17869611
v -0.07261424 0.54927356 -0.17803641
v -0.06586796 0.52376974 -0.18148637
v -0.07738396 0.54691319 -0.18057188
v -0.07589888 0.54807355 -0.17946142
v -0.07078159 0.46685200 -0.18122384
v -0.06596090 0.49577755 -0.18280373
v -0.06396939 0.49527094 -0.18219687
v -0.07276673 0.47081767 -0.18210930
v -0.06755908 0.49756646 -0.18366666
v -0.06748080 0.49596455 -0.18321792
v -0.08034821 0.44311705 -0.17804027
v -0.09361004 0.42246500 -0.17484871
v -0.08367803 0.44849867 -0.17919745
v -0.08212201 0.44609165 -0.17868181
v -0.09447555 0.43004008 -0.17564014
v -0.08626592 0.45037862 -0.18060820
v -0.08433172 0.44957424 -0.17979878
v -0.09862896 0.43354190 -0.17753729
v -0.08889197 0.45347446 -0.18210302
v -0.07664989 0.47203659 -0.18398682
v -0.08748451 0.45216416 -0.18130384
v -0.10612552 0.41958967 -0.17036032
v -0.11808376 0.40488803 -0.16417321
v -0.10853980 0.42304964 -0.17167682
v -0.10646277 0.42181832 -0.17080814
v -0.11967892 0.41261176 -0.16518337
v -0.10917227 0.42694595 -0.17253844
v -0.10868296 0.42535059 -0.17194889
v -0.12383381 0.41888841 -0.16868298
v -0.12962587 0.41514057 -0.16035979
v -0.13995711 0.40855226 -0.15172616
v -0.13097217 0.41506524 -0.16052907
v -0.13044786 0.41502746 -0.16030613
v -0.14701437 0.40635693 -0.14441469
v -0.15053702 0.40689371 -0.13477817
v -0.14220107 0.41097376 -0.14288922
v -0.14377012 0.40897465 -0.14312688
v -0.15411693 0.41017711 -0.12091793
v -0.16453584 0.41010420 -0.10868912
v -0.15509327 0.41012370 -0.12130714
v -0.15445453 0.41046096 -0.12132054
v -0.16489438 0.41883976 -0.09063941
v -0.17486362 0.42333539 -0.07479215
v -0.16599669 0.41900006 -0.09039915
v -0.16564036 0.41890387 -0.09009425
v -0.19111782 0.42895605 -0.06341519
v -0.19740602 0.43929680 -0.05066573
v -0.19258704 0.42949631 -0.06375400
v -0.19208086 0.42914240 -0.06307112
v -0.19827399 0.45397800 -0.04017725
v -0.19790503 0.47052670 -0.03698950
v -0.19731148 0.45283067 -0.04199940
v -0.19908003 0.45349407 -0.04101603
v -0.19675367 0.48678143 -0.03670264
v -0.19446313 0.50157350 -0.04362254
v -0.19623114 0.48559047 -0.03952107
v -0.19574501 0.48498729 -0.03862176
v -0.19388286 0.51441777 -0.05359876
v -0.19785873 0.52587764 -0.06738382
v -0.19470893 0.51410676 -0.05606080
v -0.19436147 0.51400878 -0.05442798
v -0.20323733 0.53914202 -0.07845233
v -0.20838631 0.55352130 -0.09382665
v -0.20447685 0.53928231 -0.08129410
v -0.20375725 0.53934962 -0.08004808
v -0.20837628 0.56939944 -0.10866228
v -0.20414860 0.58129526 -0.12786756
v -0.20953351 0.56775115 -0.11208351
v -0.20930978 0.56817277 -0.11075300
v -0.19285289 0.59022917 -0.14512780
v -0.17527927 0.59267408 -0.15999770
v -0.19303011 0.58777676 -0.14867820
v -0.19331098 0.58829638 -0.14695406
v -0.15390865 0.59073098 -0.17005762
v -0.13591841 0.58119159 -0.17865241
v -0.15425899 0.58862945 -0.17170191
v -0.15368712 0.58926127 -0.17110494
v -0.11766332 0.57161549 -0.18312390
v -0.11815377 0.56934036 -0.18454470
v -0.11852147 0.57063376 -0.18377687
v -0.20381004 0.57466010 -0.09382866
v -0.20008498 0.56221195 -0.07613765
v -0.19950897 0.57884589 -0.08761368
v -0.19837801 0.59065543 -0.10729454
v -0.20189356 0.57639060 -0.09085613
v -0.18839377 0.60108973 -0.12917189
v -0.18699968 0.60243574 -0.12678412
v -0.19709293 0.54472526 -0.06470547
v -0.19065899 0.53286146 -0.05032766
v -0.19315524 0.54853585 -0.05984056
v -0.19499128 0.54652251 -0.06117730
v -0.18613895 0.53697440 -0.04480573
v -0.18521522 0.55310173 -0.05094831
v -0.19600334 0.56554988 -0.07038448
v -0.19113620 0.55013690 -0.05668598
v -0.19699945 0.58086746 -0.08410601
v -0.18952728 0.51762686 -0.04129073
v -0.18777326 0.50427355 -0.02574684
v -0.18612690 0.52151263 -0.03542002
v -0.18819230 0.51948076 -0.03802668
v -0.18140739 0.50396595 -0.01831992
v -0.18294010 0.52400421 -0.03039979
v -0.19016394 0.48420421 -0.02390520
v -0.19077349 0.46878007 -0.01870061
v -0.18804981 0.48550432 -0.01784425
v -0.18913670 0.48580764 -0.02094835
v -0.18609840 0.46607522 -0.01384587
v -0.18417431 0.48475088 -0.01446243
v -0.19424204 0.45157711 -0.02885622
v -0.19417063 0.43633207 -0.03812347
v -0.19172528 0.44926077 -0.02482910
v -0.19363005 0.45112213 -0.02618155
v -0.19047323 0.43202595 -0.03428065
v -0.18657074 0.44624299 -0.01915059
v -0.18936589 0.44769715 -0.02246016
v -0.18951035 0.42223587 -0.05205263
v -0.18191913 0.40778064 -0.06510871
v -0.18554322 0.41638386 -0.04916270
v -0.18776455 0.41938213 -0.05080836
v -0.17522747 0.39443888 -0.06156647
v -0.17644730 0.39571686 -0.04486353
v -0.18315546 0.41930885 -0.02895919
v -0.18178298 0.40777341 -0.04719886
v -0.17639660 0.42548481 -0.01185793
v -0.18181766 0.43755156 -0.01596698
v -0.16744249 0.36045354 -0.05516775
v -0.16828273 0.35105143 -0.03510601
v -0.17034795 0.38630919 -0.02567198
v -0.16986747 0.37646348 -0.04313042
v -0.16225441 0.37935212 -0.00698416
v -0.17073604 0.40335417 -0.01006830
v -0.16142387 0.29167547 -0.04414067
v -0.15776358 0.25723741 -0.02503536
v -0.16152795 0.31980100 -0.00925479
v -0.16243409 0.30679331 -0.02754089
v -0.14934243 0.28145157 0.01190404
v -0.15787610 0.33522632 0.00780069
v -0.15732836 0.17770981 -0.03861945
v -0.15528371 0.11808279 -0.01131605
v -0.15011102 0.19721917 -0.00241586
v -0.15538190 0.18769101 -0.02140181
v -0.13831749 0.13413575 0.02387599
v -0.13111145 0.22241238 0.03318203
v -0.14189205 0.20963908 0.01600705
v -0.15468289 0.03341619 0.02411736
v -0.14086987 -0.02527437 0.05220121
v -0.12696293 0.06425546 0.05239916
v -0.14357718 0.04738679 0.03998881
v -0.11143018 -0.00368496 0.08129739
v -0.08841304 0.08912283 0.07606276
v -0.11067006 0.15561766 0.05557576
v -0.10774247 0.07507305 0.06417201
v -0.09908667 0.25350157 0.06570666
v -0.11566513 0.23780920 0.05086120
v -0.07260818 0.00844807 0.10359035
v -0.04724369 0.09740330 0.09835620
v -0.07032276 0.17118016 0.08422465
v -0.06762963 0.09665309 0.08807342
v -0.05502570 0.26435018 0.09162726
v -0.07686753 0.25968579 0.08062046
v -0.08592798 -0.07345284 0.10485336
v -0.05860290 -0.14980232 0.13287545
v -0.04819406 -0.05946442 0.12459358
v -0.06486287 -0.06670911 0.11422064
v -0.07348526 -0.23729161 0.13989643
v -0.03938381 -0.32052870 0.16802416
v -0.05696642 -0.22338189 0.16595232
v -0.05149391 -0.23108964 0.15109538
v -0.04606279 -0.41271934 0.16277322
v -0.00421943 -0.49338880 0.16336821
v -0.04003880 -0.40031875 0.18269319
v -0.02378673 -0.40779546 0.17242814
v -0.00474103 -0.57470591 0.14248035
v 0.02950706 -0.63209838 0.13776371
v -0.03309606 -0.57023278 0.14956607
v 0.01541256 -0.57162133 0.15003405
v 0.00993526 -0.66153576 0.11362387
v 0.00692910 -0.65904134 0.13411641
v 0.02869832 -0.66039667 0.12235411
v -0.04416754 -0.51506646 0.14191821
v -0.04229226 -0.59303036 0.12208579
v -0.00957304 -0.64450689 0.12205712
v -0.02568226 -0.58245372 0.13276380
v -0.02661086 -0.67046837 0.08952882
v -0.00061656 -0.69603283 0.10116520
v -0.01004604 -0.66755420 0.10115976
v -0.04336716 -0.65601443 0.10198168
v -0.06041933 -0.68323350 0.06291931
v -0.03712364 -0.70723371 0.07480713
v -0.04649947 -0.67732219 0.07743533
v -0.04822242 -0.72799986 0.05984081
v -0.02937303 -0.73202272 0.07558841
v -0.01257090 -0.71868276 0.09056594
v -0.03236809 -0.72338734 0.07533090
v 0.01096973 -0.73097531 0.10436463
v 0.00534274 -0.71864164 0.10206665
v -0.06514409 -0.71966511 0.04763919
v -0.06991594 -0.72838472 0.03601850
v -0.05818681 -0.73248988 0.04876763
v -0.05912103 -0.72784075 0.04817862
v -0.09035111 -0.71847731 0.01413534
v -0.09714384 -0.72701458 -0.00794488
v -0.08304202 -0.73257609 0.01483447
v -0.08546026 -0.72736501 0.01467690
v -0.10730674 -0.72224867 -0.02860424
v -0.11046610 -0.73596803 -0.05295593
v -0.10416432 -0.73701033 -0.02985321
v -0.10496994 -0.73052593 -0.03034481
v -0.11073996 -0.73510154 -0.06655446
v -0.10582297 -0.73794883 -0.09271729
v -0.11121702 -0.74213208 -0.07919773
v -0.11127195 -0.73719961 -0.06902959
v -0.09931455 -0.72345796 -0.11331168
v -0.08456710 -0.72203490 -0.14244195
v -0.09759671 -0.73259242 -0.11609038
v -0.09796325 -0.72975589 -0.11565874
v -0.06899270 -0.70514069 -0.16156149
v -0.04522246 -0.70382273 -0.18213625
v -0.06583146 -0.71760110 -0.16568782
v -0.06742923 -0.71294736 -0.16306799
v -0.02466006 -0.68662733 -0.19341844
v 0.00764488 -0.68762509 -0.20804815
v -0.01772110 -0.70122348 -0.19873502
v -0.02086936 -0.69524767 -0.19633497
v 0.03111236 -0.67160282 -0.21289674
v 0.06520111 -0.67410541 -0.21901801
v 0.04020443 -0.68608182 -0.21697998
v 0.03711239 -0.68112657 -0.21579348
v 0.08713226 -0.65698666 -0.21673231
v 0.09494178 -0.67214792 -0.21953779
v 0.09320542 -0.66649328 -0.21848276
v 0.04754889 -0.63741719 -0.20995695
v 0.06056866 -0.60234402 -0.20324575
v 0.09980255 -0.62180058 -0.20833961
v 0.07319346 -0.62967890 -0.21051440
v -0.00787551 -0.65464471 -0.19731570
v 0.00794918 -0.62064893 -0.19733909
v 0.01861725 -0.64495691 -0.20496430
v -0.02969642 -0.58683946 -0.17603815
v -0.01984863 -0.52537538 -0.17041253
v 0.02012507 -0.56311159 -0.18899415
v -0.00547529 -0.57690937 -0.18422836
v -0.05684221 -0.67048755 -0.17013357
v -0.04128231 -0.63965261 -0.17708423
v -0.03459295 -0.66162944 -0.18469840
v -0.07232731 -0.60724925 -0.15089362
v -0.06383739 -0.55114507 -0.15185224
v -0.05273372 -0.59766588 -0.16455360
v -0.09494410 -0.49552411 -0.12427507
v -0.08890739 -0.40972179 -0.12011624
v -0.05640042 -0.47348352 -0.14706035
v -0.07674150 -0.48467272 -0.13706553
v -0.08149845 -0.65836576 -0.14468090
v -0.10360589 -0.62559208 -0.11419501
v -0.09727238 -0.57046156 -0.12417011
v -0.08947361 -0.61657676 -0.13417065
v -0.12269838 -0.51053291 -0.09279726
v -0.12154965 -0.42566793 -0.09628822
v -0.11022694 -0.50154896 -0.10947834
v -0.13937166 -0.35263796 -0.07847043
v -0.12145071 -0.26400910 -0.10761552
v -0.11025386 -0.34478680 -0.10573894
v -0.12612942 -0.34676432 -0.09324472
v -0.12099194 -0.58099531 -0.08546083
v -0.13947954 -0.51795001 -0.05247372
v -0.14506885 -0.43374219 -0.06328051
v -0.13253143 -0.51462385 -0.07400452
v -0.15769725 -0.34892280 -0.04570387
v -0.14552999 -0.26317511 -0.08111591
v -0.14891836 -0.34997962 -0.06475480
v -0.15361396 -0.17908966 -0.08156215
v -0.14508782 -0.09522140 -0.10538807
v -0.13368368 -0.18335400 -0.11043765
v -0.14497726 -0.17767626 -0.09724598
v -0.15685245 -0.43200809 -0.02371207
v -0.16461292 -0.34144678 -0.01035692
v -0.16097855 -0.25603980 -0.04911514
v -0.16229042 -0.34633648 -0.02872231
v -0.16484813 -0.16996801 -0.04959003
v -0.15983937 -0.08975219 -0.07791636
v -0.15997074 -0.17073214 -0.06666575
v -0.16172922 -0.00966330 -0.07374566
v -0.15175049 0.07064011 -0.10056221
v -0.15009198 -0.01629343 -0.10078340
v -0.15666972 -0.01413958 -0.08780839
v -0.16743731 -0.24406389 -0.01510966
v -0.16827112 -0.15710200 -0.01584541
v -0.16752011 -0.07792128 -0.04686101
v -0.16740161 -0.16336640 -0.03339894
v -0.16776831 -0.00301587 -0.04266316
v -0.16111444 0.08065665 -0.07382753
v -0.16563643 -0.00634729 -0.05842716
v -0.15536574 0.15887522 -0.06938593
v -0.15103887 0.20853270 -0.09310512
v -0.14978337 0.13844367 -0.09703585
v -0.15268513 0.15111831 -0.08371785
v -0.16716253 -0.06956691 -0.01251866
v -0.16602785 0.01248920 -0.00906863
v -0.16284293 0.09883047 -0.04459461
v -0.16792473 0.00615512 -0.02649597
v -0.15572253 0.23315455 -0.06225792
v -0.15659804 0.16868664 -0.05483010
v -0.16535704 -0.22670811 0.01998943
v -0.16298269 -0.13664240 0.01857964
v -0.16707428 -0.14599951 0.00080554
v -0.15388073 -0.20970261 0.05507213
v -0.14852357 -0.11609210 0.05128439
v -0.15938749 -0.04704089 0.01971281
v -0.15714704 -0.12819885 0.03500944
v -0.16151003 0.02539328 0.00719496
v -0.15486155 -0.30683692 0.05880152
v -0.13837070 -0.38387991 0.09227530
v -0.13778625 -0.28290196 0.09078752
v -0.14760533 -0.29734655 0.07562034
v -0.11485207 -0.36273126 0.12203035
v -0.11044127 -0.25784150 0.11729321
v -0.13247579 -0.18244763 0.08455727
v -0.12565804 -0.27148875 0.10421702
v -0.12306609 -0.09299974 0.07973592
v -0.13711315 -0.10430844 0.06606077
v -0.08025999 -0.34055583 0.14744642
v -0.09947302 -0.16332879 0.11058583
v -0.09287712 -0.24851282 0.12903857
v -0.10638145 -0.08261990 0.09257233
v -0.11096698 -0.46066663 0.11202169
v -0.07621135 -0.53711258 0.11625511
v -0.08108907 -0.44182812 0.13968793
v -0.09781555 -0.45170367 0.12567762
v -0.06340214 -0.42973109 0.15153305
v -0.13045504 -0.48393914 0.07581937
v -0.10356105 -0.55263240 0.08511075
v -0.12028875 -0.47759971 0.09244647
v -0.09900855 -0.61698731 0.06497274
v -0.07339821 -0.66395264 0.07618746
v -0.07184035 -0.60886825 0.09782341
v -0.08735331 -0.61264083 0.08190730
v -0.05914319 -0.59950848 0.11032215
v -0.12187755 -0.56554862 0.04823388
v -0.11658613 -0.62330287 0.02599760
v -0.09806804 -0.66941390 0.04155748
v -0.10954641 -0.61928320 0.04604433
v -0.10207327 -0.70149353 0.01860935
v -0.08688259 -0.69436504 0.03753291
v -0.09386188 -0.69992943 0.03452479
v -0.07590939 -0.68883127 0.05466664
v -0.13159826 -0.57561637 0.00677732
v -0.12386641 -0.63193182 -0.01981825
v -0.11287072 -0.67482130 0.00047713
v -0.12192431 -0.62675254 0.00403268
v -0.11269573 -0.70538432 -0.02615426
v -0.10820945 -0.70274767 -0.00141236
v -0.13181067 -0.58433986 -0.03950697
v -0.12044908 -0.63549052 -0.06844185
v -0.11658511 -0.68035596 -0.04904560
v -0.12416775 -0.63306499 -0.04291906
v -0.11093297 -0.70325602 -0.07863696
v -0.11356711 -0.70420888 -0.05125182
v -0.10764497 -0.67341511 -0.10026579
v -0.11366102 -0.63078997 -0.09313758
v -0.09240749 -0.68872020 -0.13059123
v -0.10469736 -0.69576333 -0.10517985
v -0.14546341 -0.51263235 -0.00892374
v -0.14374340 -0.51588175 -0.03140970
v -0.14141185 -0.50198031 0.03497037
v -0.15751116 -0.42235234 0.01737588
v -0.14452355 -0.50824008 0.01241063
v -0.16357285 -0.32260317 0.02335632
v -0.16538602 -0.33235585 0.00737741
v -0.15190793 -0.40639865 0.05628777
v -0.13646419 -0.49496655 0.05410928
v -0.15998175 -0.31549714 0.04224976
v -0.14487172 0.23156668 -0.10805837
v -0.13986845 0.27939100 -0.12049981
v -0.13273165 0.23283462 -0.13143672
v -0.14007861 0.19553428 -0.11636562
v -0.13857791 0.23503401 -0.12008599
v -0.13865337 0.13459227 -0.12140721
v -0.14435606 0.13879375 -0.11008267
v -0.15332626 0.25932937 -0.07916452
v -0.15187030 0.29366345 -0.09550857
v -0.14882398 0.24564224 -0.09379783
v -0.15845172 0.33514106 -0.08553752
v -0.15313229 0.35693605 -0.10667921
v -0.14666690 0.31415728 -0.11085438
v -0.15253796 0.32679577 -0.09934294
v -0.16208235 0.32374436 -0.06642091
v -0.15849138 0.27722803 -0.06216554
v -0.16483788 0.37700888 -0.07818860
v -0.16374417 0.35264241 -0.07255960
v -0.14715865 0.36495247 -0.12192966
v -0.14146293 0.38228874 -0.13455934
v -0.13459208 0.36270764 -0.14185306
v -0.14143124 0.34463998 -0.12816288
v -0.14066650 0.36480597 -0.13222794
v -0.13440595 0.31196438 -0.13243252
v -0.14045316 0.31280209 -0.12230443
v -0.15938650 0.37963688 -0.09635508
v -0.15452528 0.39023255 -0.11344264
v -0.15352683 0.37549645 -0.11004006
v -0.16363340 0.39405004 -0.10006727
v -0.15715232 0.39704331 -0.11692711
v -0.14904029 0.38547494 -0.12584755
v -0.15573202 0.39332015 -0.11511442
v -0.17171179 0.40069751 -0.08328181
v -0.16852323 0.39133972 -0.08095103
v -0.17413275 0.40731969 -0.08709239
v -0.17246756 0.40417461 -0.08570060
v -0.15256254 0.39047893 -0.12841407
v -0.14652900 0.39349304 -0.13962416
v -0.13852096 0.38938018 -0.14663825
v -0.14403306 0.38856735 -0.13711225
v -0.14479404 0.39155176 -0.13842451
v -0.13589302 0.38392766 -0.14424318
v -0.14204224 0.38520819 -0.13577582
v -0.16591696 0.39974352 -0.10350711
v -0.15692444 0.40215953 -0.11848963
v -0.15715697 0.39939378 -0.11804329
v -0.12997718 0.40375300 -0.15812855
v -0.12890294 0.39706504 -0.15632010
v -0.12897435 0.40123690 -0.15708143
v -0.11783148 0.39709112 -0.16258272
v -0.12671737 0.38961158 -0.15376345
v -0.12734549 0.39382867 -0.15497745
v -0.10491019 0.40781264 -0.16977805
v -0.10555174 0.41263134 -0.17032618
v -0.09374886 0.40271082 -0.17323458
v -0.10543643 0.37468047 -0.16658014
v -0.11657200 0.37659355 -0.16020348
v -0.10524988 0.39465686 -0.16804143
v -0.12578401 0.35557704 -0.15071504
v -0.12512532 0.37491070 -0.15219349
v -0.09590752 0.35530236 -0.16875494
v -0.10725706 0.31499900 -0.15756124
v -0.11746500 0.32970535 -0.15296446
v -0.10722018 0.34801909 -0.16317395
v -0.12608694 0.29272731 -0.14160100
v -0.12650607 0.32481924 -0.14347597
v -0.09470048 0.27081137 -0.16138016
v -0.10689486 0.21494771 -0.15710802
v -0.11544794 0.25097561 -0.14933290
v -0.10532561 0.26390525 -0.15597221
v -0.12619283 0.20339045 -0.13921848
v -0.12456450 0.24470112 -0.14043476
v -0.09692804 0.14699494 -0.15586319
v -0.11531776 0.07832623 -0.14482650
v -0.12042322 0.14158074 -0.14184411
v -0.10913350 0.14634105 -0.14996262
v -0.13668688 0.07518010 -0.12519345
v -0.12993194 0.14139124 -0.13228428
v -0.10648174 -0.01048585 -0.14576336
v -0.12185513 -0.09863627 -0.12822552
v -0.13119794 -0.01510999 -0.12540732
v -0.11902593 -0.01099700 -0.13705368
v -0.14121226 -0.01199197 -0.11415768
v -0.08853551 0.08038905 -0.15739363
v -0.07334560 -0.00568004 -0.16053852
v -0.09069110 -0.09754713 -0.14443316
v -0.09040443 -0.00765021 -0.15419242
v -0.07053660 -0.17847822 -0.14788865
v -0.08759704 -0.25934215 -0.12841116
v -0.10712473 -0.18125836 -0.13240477
v -0.08920282 -0.17790286 -0.14131155
v -0.12128865 -0.18306008 -0.12229001
v -0.05325207 -0.09361474 -0.15501781
v -0.02719671 -0.16876636 -0.15610208
v -0.04526886 -0.25111883 -0.14182103
v -0.04964393 -0.17375876 -0.15289056
v -0.02389693 -0.31942191 -0.13593320
v -0.04546320 -0.38611287 -0.13625910
v -0.07292042 -0.33007038 -0.12334413
v -0.04842952 -0.32481790 -0.13093074
v -0.09347334 -0.33951650 -0.11467389
v 0.00104854 -0.24131357 -0.14609838
v 0.02829922 -0.30970183 -0.13724496
v 0.00411262 -0.36682393 -0.14252853
v 0.00308327 -0.31223162 -0.13887194
v 0.04219180 -0.42678961 -0.15894134
v 0.03181909 -0.50334289 -0.17752039
v -0.00830082 -0.44660490 -0.15882025
v 0.01694744 -0.43759871 -0.16066668
v -0.03362089 -0.45748324 -0.15404311
v 0.05441436 -0.35433230 -0.13803720
v 0.09684017 -0.41952349 -0.13397094
v 0.08507270 -0.48669403 -0.17181093
v 0.06835852 -0.42025335 -0.15489293
v 0.11583758 -0.53716771 -0.16055993
v 0.11286099 -0.58578678 -0.19720035
v 0.07288203 -0.54801067 -0.19019637
v 0.09843312 -0.53815710 -0.18592013
v 0.04711909 -0.55615356 -0.19147203
v 0.13158169 -0.61335474 -0.18666807
v 0.12316193 -0.61493126 -0.20384084
v 0.05083898 -0.23331021 -0.14008507
v 0.07789602 -0.30565241 -0.11105262
v 0.05191229 -0.30573992 -0.13295090
v 0.02130497 -0.15732139 -0.15431033
v 0.03767055 -0.07241432 -0.14756653
v 0.06855905 -0.15410306 -0.13764749
v 0.04568274 -0.15545699 -0.14915399
v 0.01128499 0.01535441 -0.16213220
v 0.03057789 0.10011888 -0.15514212
v 0.05683204 0.01844823 -0.14651919
v 0.03404145 0.01609796 -0.15517956
v 0.00626009 0.18192177 -0.16205980
v 0.04833559 0.18225807 -0.14997422
v 0.02717043 0.18073172 -0.15702585
v -0.00923510 -0.08143293 -0.15787904
v -0.03407649 0.00713955 -0.16659499
v -0.01415939 0.09473002 -0.16450567
v -0.01076692 0.00810762 -0.16567155
v -0.03425352 0.17407226 -0.16573017
v -0.01432082 0.17476839 -0.16484839
v -0.05441682 0.08475048 -0.16435651
v -0.05373927 0.00136834 -0.16481976
v -0.06906015 0.15864363 -0.16304720
v -0.05115973 0.16455822 -0.16506348
v -0.00273703 -0.16354552 -0.15634500
v -0.08295180 0.22711041 -0.16714862
v -0.08316834 0.15267754 -0.16026065
v -0.08563250 0.34431574 -0.16863714
v -0.08552007 0.29167012 -0.16489006
v -0.08146317 0.41094508 -0.17590043
v -0.08324022 0.37983237 -0.17321406
v -0.08111809 0.42760094 -0.17727616
v -0.18486662 0.41338741 -0.06893215
v -0.17524971 0.41085257 -0.08937629
v -0.17380558 0.40991749 -0.08809006
v -0.07636557 -0.67985766 -0.15221569
v -0.19021271 0.42578375 -0.05582652
v -0.19112583 0.42467671 -0.05411113
v -0.09338033 0.59609193 -0.16210213
v -0.09721825 0.59280178 -0.16511603
v -0.12027885 0.62570271 -0.13054929
v -0.10861139 0.61394346 -0.14829798
v -0.12484116 0.62230142 -0.13602304
v -0.09093347 0.60431431 -0.15439476
v -0.09167248 0.60070200 -0.15779869
v -0.13439041 0.62938799 -0.10669084
v -0.11860177 0.62678159 -0.12761019
v -0.10495751 0.61731828 -0.14342814
v -0.11908232 0.62622665 -0.12881978
v -0.09123848 0.60751261 -0.15170345
v -0.09053582 0.60562415 -0.15303777
v -0.14617248 0.62294607 -0.08219421
v -0.14713755 0.62317910 -0.08408586
v -0.17500242 0.55783138 -0.04397699
v -0.01630592 0.54206918 -0.16142450
v -0.01559770 0.53218205 -0.16216787
v 0.05153033 0.51918648 0.09512834
v 0.07830749 0.54035116 0.08663538
v 0.07927815 0.55724289 0.07698784
v 0.04815700 0.54239595 0.08448952
v 0.06378244 0.54150131 0.08605707
v 0.05199129 0.56737862 0.07164837
v 0.02951435 0.55453489 0.07580216
v 0.02458900 0.52527352 0.08579130
v 0.03517971 0.55014181 0.07911547
v 0.04795366 0.48574483 0.09945975
v 0.06626795 0.46960767 0.10224059
v 0.06953584 0.50022096 0.10039938
v 0.05896658 0.49493596 0.10050097
v -0.00560850 0.52471468 0.07750372
v -0.00465249 0.48229287 0.08819865
v 0.02143167 0.49048476 0.09314629
v 0.00827358 0.50638692 0.08665571
v 0.03081227 0.42939004 0.10120590
v 0.05239971 0.43073520 0.10150973
v 0.03805221 0.46217356 0.09975820
v 0.08314381 0.43647198 -0.12148500
v 0.06461717 0.47486415 -0.13246812
v 0.07079239 0.51921417 -0.12681273
v 0.08888481 0.48549003 -0.11807937
v 0.07672212 0.48111036 -0.12580456
v 0.11433987 0.40412088 -0.10076442
v 0.13051434 0.31651209 -0.08858000
v 0.12793257 0.25589543 -0.10029916
v 0.10522572 0.36362317 -0.10898902
v 0.11875855 0.33980801 -0.09881513
v 0.09789328 0.27229658 -0.12195508
v 0.07185292 0.36075319 -0.12906872
v 0.08967656 0.36259529 -0.11919464
v 0.08584674 0.54885698 -0.11226336
v 0.09702581 0.54176292 -0.10654111
v 0.09797963 0.48566017 -0.11218503
v 0.09235395 0.51359167 -0.11325230
v 0.11072471 0.48341527 -0.10413621
v 0.12384563 0.41196075 -0.09283733
v 0.11182803 0.44638184 -0.10304583
v -0.03363189 0.43245772 0.08976992
v -0.05546880 0.48147050 0.07232481
v -0.04289024 0.35346289 0.09641973
v -0.05055122 0.42600743 0.08612669
v -0.00391035 0.41984424 0.09780413
v -0.03405753 0.49808278 0.07532099
v -0.02150934 0.45928232 0.08848279
v 0.01492166 0.32772664 0.10590102
v 0.04153255 0.36346854 0.10053289
v 0.02079734 0.38630024 0.09733317
v 0.09912041 0.57953329 -0.09391330
v 0.10680723 0.59011988 -0.08455610
v 0.10636058 0.55610515 -0.09773130
v 0.10221153 0.56878225 -0.09606053
v 0.11374273 0.58038736 -0.08558308
v 0.11488701 0.55437812 -0.09427885
v 0.10672766 0.52374140 -0.10487774
v 0.11027769 0.55517040 -0.09622527
v 0.11626035 0.49959642 -0.10099016
v 0.11992511 0.45754797 -0.09617208
v 0.11325616 0.49227514 -0.10264667
v 0.09203034 0.56879508 -0.10223268
v 0.07851822 0.54032200 -0.11817446
v 0.08546784 0.56181241 -0.10937431
v 0.08533342 0.55722512 -0.11054285
v 0.09837430 0.58526396 -0.09174033
v 0.10411389 0.59670834 -0.08158427
v 0.09877430 0.58297586 -0.09238682
v -0.04733333 0.49959934 0.06931350
v -0.05761527 0.50678458 0.06335519
v -0.05637956 0.49896375 0.06614986
v -0.00940683 -0.73897092 0.13282686
v 0.00814383 -0.72389559 0.13840325
v -0.00686041 -0.69745136 0.13579414
v -0.00659908 -0.72316443 0.13476390
v 0.04255894 0.53510817 -0.14083976
v 0.05837812 0.52710277 -0.13304305
v 0.04506401 0.50914676 -0.14261541
v 0.04399553 0.52544347 -0.14145759
v 0.14285060 -0.64221871 -0.17672041
v 0.15915874 -0.65880923 -0.17141340
v 0.13797264 -0.66126167 -0.18394793
v 0.14152577 -0.65491222 -0.18142954
v -0.02461443 0.51555519 0.07362530
v -0.04181756 0.51394675 0.06752709
v -0.03929971 0.50973846 0.06978529
v 0.13144359 0.52301548 -0.09524888
v 0.13415298 0.54493956 -0.08926866
v 0.14135773 0.56027730 -0.07916071
v 0.13559206 0.54272139 -0.08920983
v 0.13482136 0.54316074 -0.08947102
v 0.13319011 0.50041180 -0.09465560
v 0.13650598 0.47886563 -0.08958047
v 0.13162680 0.50220800 -0.09522277
v 0.13257783 0.50062338 -0.09494864
v 0.04916636 0.43296898 -0.13970054
v 0.04767496 0.47411938 -0.14136764
v 0.05983398 0.27948334 -0.14251694
v 0.05285994 0.36321574 -0.13806621
v -0.01184183 0.52911535 0.07374553
v 0.01065087 0.54065856 0.07676673
v -0.00972169 0.52805356 0.07489091
v 0.04249466 0.57115882 0.06829603
v 0.02576880 0.55642973 0.07382205
v 0.02676075 0.55593424 0.07446085
v 0.05556536 0.58016167 0.06306063
v 0.06215750 0.59358246 0.05442993
v 0.05031858 0.58153105 0.06178383
v 0.05128481 0.58096506 0.06227800
v 0.07220886 0.57546700 0.06729353
v 0.07466097 0.59277624 0.05625604
v 0.06259141 0.57779433 0.06487799
v 0.07719240 0.60358186 0.04841052
v 0.08521956 0.61722001 0.03902143
v 0.06971608 0.60454139 0.04700171
v 0.07112388 0.60499787 0.04697533
v 0.09794693 0.60119471 0.05378121
v 0.09745490 0.61704284 0.04047574
v 0.08682904 0.60290699 0.05040149
v 0.10010904 0.58641240 0.06428408
v 0.12273554 0.59348480 0.05706353
v 0.12304628 0.61010428 0.04396611
v 0.11028963 0.59803457 0.05666320
v 0.11656944 0.62844293 0.02093118
v 0.11071168 0.63572156 -0.00596631
v 0.09929628 0.63150009 0.02049015
v 0.10565954 0.63138914 0.01997277
v 0.14050810 0.61807295 0.02231722
v 0.13296679 0.62659196 -0.00292116
v 0.12955302 0.62331304 0.02265180
v 0.13913281 0.60363230 0.04317463
v 0.15080851 0.61237420 0.02136072
v 0.14697673 0.61899057 -0.00247444
v 0.14622170 0.61500016 0.02181732
v 0.14000484 0.61647325 -0.03030006
v 0.12875128 0.61101448 -0.05138641
v 0.12452706 0.62580493 -0.03043809
v 0.13268585 0.62133009 -0.02976240
v 0.14581881 0.61270458 -0.03032797
v 0.13702972 0.60482400 -0.05091242
v 0.14277456 0.61469766 -0.03003025
v 0.15448182 0.61415556 -0.00299509
v 0.15087260 0.60936774 -0.02937318
v 0.14094534 0.60190965 -0.04996629
v 0.14855662 0.61080805 -0.02924923
v 0.13128747 0.58957292 -0.06821385
v 0.12034714 0.57494892 -0.08385346
v 0.12654341 0.59272415 -0.06939159
v 0.12837951 0.59167298 -0.06870209
v 0.13504069 0.58774294 -0.06685923
v 0.12437189 0.57216213 -0.08241577
v 0.13264502 0.58879630 -0.06761889
v 0.11836178 0.55250048 -0.09281996
v 0.11378955 0.52844687 -0.10064373
v 0.11672035 0.55325805 -0.09368587
v 0.12149933 0.55069060 -0.09191062
v 0.11628652 0.52772092 -0.09925224
v 0.11981190 0.55197581 -0.09226360
v 0.11685164 0.50203255 -0.10011280
v 0.12150209 0.47477143 -0.09506644
v 0.11754031 0.50190813 -0.10023798
v 0.12016451 0.50369109 -0.09853347
v 0.12439225 0.47788902 -0.09337223
v 0.11868146 0.50243011 -0.09916489
v 0.13068560 0.45759688 -0.08396767
v 0.13656253 0.43468284 -0.07456311
v 0.12928111 0.45116558 -0.08581897
v 0.13044597 0.45485369 -0.08456145
v 0.13252715 0.46112802 -0.08294072
v 0.13878538 0.43960630 -0.07318234
v 0.13060043 0.46031026 -0.08396580
v 0.12774465 0.48020136 -0.09206805
v 0.13626910 0.46199689 -0.08158844
v 0.14154634 0.44464245 -0.07123970
v 0.13479185 0.46178605 -0.08190577
v 0.14517467 0.43516971 -0.05983418
v 0.15003675 0.41658676 -0.04768467
v 0.14415593 0.43059991 -0.06096267
v 0.14564289 0.43225447 -0.05999764
v 0.14531507 0.43913082 -0.05951780
v 0.14989876 0.42372475 -0.04743010
v 0.14424705 0.43742152 -0.06007714
v 0.15451682 0.42669816 -0.03377817
v 0.15422686 0.42166671 -0.02131796
v 0.15344099 0.42681560 -0.03431202
v 0.15234059 0.43184531 -0.04605493
v 0.15400821 0.42711043 -0.03384824
v 0.14740752 0.42428383 -0.01392964
v 0.14846930 0.42133907 -0.00207170
v 0.15188108 0.42046787 -0.01217257
v 0.14685373 0.42379727 -0.01466232
v 0.14281126 0.42452787 0.01102543
v 0.13817431 0.42561655 0.02537809
v 0.14190988 0.42382236 0.01058683
v 0.14245066 0.42412759 0.01054159
v 0.12224977 0.43406481 0.03785206
v 0.12447775 0.43858303 0.05960898
v 0.12809364 0.43206231 0.04069261
v 0.12175946 0.43397152 0.03777142
v 0.12169545 0.44633299 0.07548944
v 0.11549635 0.45758617 0.08765648
v 0.12132276 0.44597132 0.07523503
v 0.12155726 0.44610368 0.07455352
v 0.10675763 0.47216375 0.09389345
v 0.10198084 0.48896272 0.09739596
v 0.10531566 0.47148656 0.09359265
v 0.10572185 0.47221045 0.09393918
v 0.10074445 0.50427633 0.09415095
v 0.10145619 0.51855861 0.08881943
v 0.09873429 0.50380694 0.09451905
v 0.09971253 0.50333543 0.09428174
v 0.10935602 0.52990072 0.08017703
v 0.11864060 0.54048426 0.07378284
v 0.10651014 0.53215899 0.08195409
v 0.10729536 0.53091397 0.08155462
v 0.13242389 0.55181310 0.06660843
v 0.14316598 0.56475694 0.05948740
v 0.12969486 0.55183914 0.06764063
v 0.13107488 0.55159444 0.06719405
v 0.15762413 0.57618445 0.04870889
v 0.16498451 0.58921282 0.03449960
v 0.15364400 0.57900925 0.04990034
v 0.15638082 0.57643192 0.04935020
v 0.17218948 0.59783559 0.01219974
v 0.17022080 0.60090453 -0.00836276
v 0.17022413 0.59934665 0.01441124
v 0.17108039 0.59837141 0.01351875
v 0.16443201 0.59561052 -0.03108923
v 0.15733251 0.58715739 -0.04898552
v 0.16303309 0.59773455 -0.03058782
v 0.16359365 0.59621748 -0.03118050
v 0.15029070 0.57401505 -0.06509996
v 0.14854734 0.57673882 -0.06470612
v 0.14982141 0.57530440 -0.06455623
v 0.14688060 0.59885145 0.04273599
v 0.13329275 0.58853600 0.05619023
v 0.12541367 0.57409638 0.06498071
v 0.13986683 0.58469936 0.05560719
v 0.13601439 0.58719563 0.05591883
v 0.15645232 0.60873246 0.02087118
v 0.15371970 0.61056817 0.02110816
v 0.10936362 0.56185251 0.07266345
v 0.10089597 0.54907397 0.07919521
v 0.11499670 0.55850766 0.07249795
v 0.11192148 0.56028449 0.07287812
v 0.11797814 0.57761457 0.06563068
v 0.09799203 0.56638133 0.07254031
v 0.09447291 0.55219556 0.07888856
v 0.10554537 0.56367314 0.07254057
v 0.12821457 0.59148297 0.05662031
v 0.08805977 0.53868600 0.08660737
v 0.08358352 0.52236145 0.09492541
v 0.09286059 0.53792622 0.08675166
v 0.09073387 0.53734330 0.08709209
v 0.07538056 0.52143213 0.09518250
v 0.08344952 0.53939072 0.08689340
v 0.08000216 0.50235610 0.10038247
v 0.08423625 0.48572711 0.10251005
v 0.08533991 0.50324039 0.09924366
v 0.08297918 0.50427854 0.10059703
v 0.07789227 0.48166489 0.10213445
v 0.07501152 0.50107296 0.10002743
v 0.09171644 0.46521307 0.09986492
v 0.10264523 0.45098776 0.09195621
v 0.09579960 0.46867359 0.09894996
v 0.09478762 0.46743523 0.09927109
v 0.08434827 0.46021075 0.09963359
v 0.09894950 0.44625140 0.09263218
v 0.08866799 0.46264253 0.09982183
v 0.10804795 0.43002336 0.07839487
v 0.11920616 0.42189653 0.06474768
v 0.11345436 0.43755692 0.07882046
v 0.11064365 0.43397401 0.07923671
v 0.09217450 0.43191335 0.09094460
v 0.10058454 0.40616878 0.07425359
v 0.11349919 0.40652437 0.06240196
v 0.10472937 0.41935872 0.07645859
v 0.07465115 0.43700760 0.09889306
v 0.07981523 0.45036287 0.09916909
v 0.08305385 0.39738027 0.08283718
v 0.09644418 0.36282611 0.07476622
v 0.10809698 0.37201325 0.06123703
v 0.09731845 0.38785138 0.07087286
v 0.06413776 0.38977184 0.08922315
v 0.07068610 0.41289183 0.09516783
v 0.07966513 0.33092438 0.09071879
v 0.09986407 0.26885896 0.07910814
v 0.11035872 0.30544387 0.06643000
v 0.09673239 0.31935234 0.07894330
v 0.06188193 0.29037826 0.09945058
v 0.06164149 0.34645948 0.09895063
v 0.08470885 0.21221429 0.09180198
v 0.10262577 0.13439236 0.09147339
v 0.11721399 0.19383130 0.07106976
v 0.10278145 0.20328200 0.08236597
v 0.04412516 0.23329097 0.10272704
v 0.06358941 0.15014622 0.10295123
v 0.06439957 0.22302471 0.09878522
v 0.04143262 0.08193537 0.12383662
v 0.06547263 -0.00225569 0.13771289
v 0.08628758 0.05832465 0.12284403
v 0.06516444 0.06910737 0.12664418
v 0.02364126 0.16576609 0.10753291
v -0.00216678 0.09829088 0.11198019
v 0.01870360 0.01131649 0.13829246
v 0.01877859 0.08832681 0.11846120
v -0.00595643 0.25881868 0.10356193
v 0.01881158 0.24559863 0.10449685
v -0.02578797 0.17455872 0.10157748
v -0.03001220 0.01366542 0.12512625
v -0.02406895 0.10095996 0.10649002
v -0.03171195 0.26208048 0.09875783
v -0.03054748 -0.14179120 0.15593887
v -0.00501726 -0.06006449 0.14491143
v -0.02787451 -0.05907807 0.13615256
v -0.03995407 -0.31488162 0.19090626
v -0.01083248 -0.22387582 0.18325630
v -0.03410809 -0.22274210 0.17557830
v -0.03350083 -0.49333390 0.18008973
v -0.01718985 -0.40572439 0.20166804
v -0.04006525 -0.40494413 0.19323377
v -0.02474858 -0.63592683 0.14539598
v -0.00989092 -0.57333374 0.16629307
v -0.03058999 -0.56960057 0.15815541
v 0.01300843 -0.66047097 0.14760977
v -0.00555070 -0.66227598 0.14262578
v 0.01596586 -0.64093641 0.16022376
v 0.03460274 -0.58088115 0.17845865
v 0.01186983 -0.50803578 0.18926387
v 0.01359920 -0.57727700 0.17391740
v 0.03457855 -0.69830139 0.14569353
v 0.05897245 -0.66160409 0.15726034
v 0.03709884 -0.66060475 0.15249224
v 0.08368035 -0.70033806 0.15683564
v 0.10191443 -0.67014514 0.15966086
v 0.05688598 -0.64601644 0.16905196
v 0.08242529 -0.66734974 0.16114156
v 0.05398632 -0.71974250 0.14797791
v 0.07689633 -0.72788371 0.14888276
v 0.10325376 -0.72172737 0.15114090
v 0.07988452 -0.72077221 0.14939977
v 0.02778261 -0.73520163 0.14152411
v 0.03109428 -0.72245499 0.14357467
v 0.11971811 -0.72414961 0.14985165
v 0.13691147 -0.71708064 0.14845101
v 0.12223824 -0.70958865 0.15156843
v 0.12035107 -0.71852433 0.14991683
v 0.16206801 -0.71696068 0.14043433
v 0.18781267 -0.70675983 0.13380477
v 0.16300349 -0.69982017 0.14377424
v 0.16277700 -0.71093804 0.14181839
v 0.20922619 -0.71179427 0.12184655
v 0.22920594 -0.70643782 0.10969200
v 0.20795110 -0.69547630 0.12384032
v 0.20940908 -0.70509638 0.12172762
v 0.24854749 -0.71062499 0.09332742
v 0.25732490 -0.71015777 0.07086068
v 0.24573814 -0.70665981 0.08873442
v 0.24808758 -0.70657298 0.09398593
v 0.26229915 -0.70293699 0.05340861
v 0.26778302 -0.69277901 0.02665120
v 0.25930470 -0.69288648 0.05803375
v 0.26026046 -0.69945145 0.05690668
v 0.26959990 -0.68953958 -0.00439661
v 0.26443586 -0.67833590 -0.03238660
v 0.26728799 -0.67748991 0.00017864
v 0.26844793 -0.68520197 -0.00159509
v 0.25582620 -0.67864018 -0.06380529
v 0.24158749 -0.66948840 -0.08879343
v 0.25497563 -0.66411891 -0.05661165
v 0.25552547 -0.67375401 -0.06176517
v 0.22427797 -0.67100628 -0.11575962
v 0.20373299 -0.66325873 -0.13677064
v 0.22536828 -0.65666277 -0.10908438
v 0.22438198 -0.66552797 -0.11373067
v 0.18209442 -0.66609101 -0.15716481
v 0.18495484 -0.65065441 -0.15009861
v 0.18315039 -0.66043993 -0.15460630
v 0.16413009 -0.61962086 -0.15526895
v 0.18577641 -0.59465183 -0.12726200
v 0.20584181 -0.62640254 -0.12069784
v 0.18617710 -0.62291350 -0.13891802
v 0.22257976 -0.60427638 -0.08775097
v 0.24059760 -0.63547333 -0.07367071
v 0.22485679 -0.62953476 -0.09781956
v 0.19891855 -0.55333252 -0.09436271
v 0.20944964 -0.50762160 -0.05773534
v 0.23090267 -0.56618053 -0.04866943
v 0.21661303 -0.55955085 -0.07284688
v 0.24870310 -0.61879713 -0.03836896
v 0.25923485 -0.64509179 -0.01808988
v 0.25203150 -0.64054057 -0.04729781
v 0.23360010 -0.52664589 -0.01226170
v 0.24766519 -0.58375299 0.00039129
v 0.24131104 -0.57372642 -0.02321849
v 0.21349426 -0.45176569 -0.01887719
v 0.21036517 -0.38485960 0.01790525
v 0.22923285 -0.46841773 0.02611220
v 0.22320866 -0.46019471 0.00360458
v 0.24179913 -0.54215540 0.03583277
v 0.24761161 -0.59583376 0.05298431
v 0.25734517 -0.63026057 0.01766250
v 0.24956068 -0.58831055 0.02698355
v 0.21927293 -0.39658571 0.06135553
v 0.23009404 -0.48072084 0.07280626
v 0.23121672 -0.47294306 0.05038176
v 0.20413024 -0.31483190 0.04002917
v 0.20139672 -0.23892416 0.03829701
v 0.20684735 -0.31919341 0.08272231
v 0.20707525 -0.31540258 0.06067465
v 0.21436141 -0.40235298 0.10395346
v 0.21669256 -0.48654807 0.11425999
v 0.23445923 -0.55038212 0.08280158
v 0.22522518 -0.48385915 0.09388048
v 0.20047988 -0.22909267 0.07684941
v 0.19803416 -0.31825527 0.11917353
v 0.20369506 -0.31965437 0.10186685
v 0.19830946 -0.15375866 0.03598045
v 0.18897414 -0.06671467 0.03590375
v 0.19283824 -0.14648481 0.07104792
v 0.19677051 -0.15074378 0.05423458
v 0.18927416 -0.22014322 0.10950126
v 0.17959049 -0.30608089 0.14719511
v 0.19705208 -0.39960958 0.14101823
v 0.18924142 -0.31146771 0.13521406
v 0.18073263 -0.05924298 0.06657867
v 0.17914160 -0.13243542 0.09839581
v 0.18708743 -0.13770333 0.08416059
v 0.17876069 0.00932056 0.03457467
v 0.16918465 0.09387646 0.02519137
v 0.16842169 0.01799850 0.06127343
v 0.17415543 0.01255590 0.04914918
v 0.16411350 -0.04827745 0.09208097
v 0.15630965 -0.12247118 0.12390868
v 0.16892741 -0.20755716 0.13589688
v 0.16856574 -0.12912313 0.11210088
v 0.15599304 0.10581812 0.04944494
v 0.14948770 0.02603865 0.08757810
v 0.16023471 0.02239541 0.07425033
v 0.15690988 0.15348705 0.02301206
v 0.14838049 0.22255397 0.02578774
v 0.13973671 0.17399507 0.04672094
v 0.14898885 0.16237866 0.03532973
v 0.13432197 0.12258723 0.07143951
v 0.12243490 0.04020764 0.10796629
v 0.13924166 -0.03966525 0.11509989
v 0.13691726 0.03467240 0.09784250
v 0.12858952 0.24892963 0.05148438
v 0.12883372 0.18468831 0.05858324
v 0.12491655 -0.10424548 0.14107681
v 0.14120392 -0.19167223 0.15516225
v 0.14151835 -0.11219154 0.13305296
v 0.10637502 -0.01978777 0.12989288
v 0.08539413 -0.08661785 0.15245201
v 0.10410782 -0.17801761 0.17047469
v 0.10627265 -0.09641304 0.14811180
v 0.10461169 0.05199930 0.11629019
v 0.07871617 -0.25428383 0.19575587
v 0.09777353 -0.36094231 0.20835331
v 0.11980755 -0.27354911 0.18607889
v 0.10025862 -0.26600939 0.19286260
v 0.06144814 -0.15661997 0.17480541
v 0.03562902 -0.23556777 0.19442627
v 0.05410189 -0.34461325 0.21285793
v 0.05784866 -0.24615400 0.19656853
v 0.04199003 -0.07009492 0.15339902
v 0.06474062 -0.07734897 0.15389695
v 0.01496764 -0.14553094 0.16973962
v 0.00711502 -0.32187960 0.20604242
v 0.01272586 -0.23021761 0.19022283
v 0.02011280 -0.06395372 0.14989536
v 0.02936608 -0.42333624 0.21095515
v 0.05716853 -0.52366390 0.19230186
v 0.07716860 -0.44545762 0.20785961
v 0.05398651 -0.43698259 0.21055161
v 0.00598669 -0.41075518 0.20864195
v 0.10252878 -0.53248951 0.18796603
v 0.12017871 -0.46086007 0.19404878
v 0.10002799 -0.45641754 0.20218969
v 0.07638523 -0.59056022 0.18160376
v 0.09978427 -0.64743685 0.17017374
v 0.12284446 -0.59535275 0.17526269
v 0.10032670 -0.59090119 0.17992178
v 0.05562188 -0.58765100 0.18075659
v 0.14501133 -0.64632152 0.16136627
v 0.16494693 -0.59633933 0.15965594
v 0.14381963 -0.53941038 0.17488568
v 0.14492490 -0.59480382 0.16859843
v 0.14007367 -0.67714530 0.15341682
v 0.16889970 -0.67565309 0.14980738
v 0.15831218 -0.67612980 0.14976566
v 0.12439592 -0.66851280 0.15828225
v 0.18641451 -0.64676135 0.14272826
v 0.20228168 -0.60161553 0.13420739
v 0.18174377 -0.54619399 0.15319799
v 0.18391504 -0.60095865 0.14839281
v 0.20852867 -0.67565357 0.12619554
v 0.18913769 -0.67474460 0.13962499
v 0.22318829 -0.64967503 0.11190572
v 0.23146035 -0.60424404 0.09815279
v 0.21317333 -0.55310203 0.12258933
v 0.21798566 -0.60473327 0.11752089
v 0.24098931 -0.67247589 0.08983434
v 0.22601548 -0.67357140 0.10957047
v 0.24861452 -0.64252865 0.06970293
v 0.24136328 -0.60027604 0.07676701
v 0.26044940 -0.65900338 0.03797604
v 0.25329023 -0.66504481 0.06546262
v 0.19198219 -0.48142096 0.14795929
v 0.20587888 -0.48432161 0.13171623
v 0.16983495 -0.39071992 0.17014092
v 0.15935533 -0.47356925 0.17390144
v 0.17708703 -0.47778901 0.16149063
v 0.15286956 -0.29341791 0.17097965
v 0.16685065 -0.30142321 0.16035170
v 0.13769423 -0.37594561 0.19286264
v 0.14051361 -0.46777101 0.18461009
v 0.13695498 -0.28116493 0.17911863
v 0.15817213 0.20723073 0.00129903
v 0.16079458 0.24292405 -0.01624033
v 0.15074120 0.29158769 -0.00560720
v 0.15324763 0.24733985 0.00880802
v 0.15768707 0.24603001 -0.00389684
v 0.16622691 0.14537078 -0.00228099
v 0.16225375 0.14931366 0.01035199
v 0.13906541 0.30791284 0.02142187
v 0.13612149 0.27569711 0.03620615
v 0.14534976 0.26138694 0.02251041
v 0.14329329 0.32612899 0.00541495
v 0.13696949 0.36923016 0.01443289
v 0.13120080 0.34792873 0.03326631
v 0.13746269 0.33732364 0.01898931
v 0.12174758 0.33627539 0.04965880
v 0.12374547 0.29266058 0.05159816
v 0.12083010 0.38844133 0.04448385
v 0.12068580 0.36500853 0.04609505
v 0.14759160 0.35473823 -0.00952778
v 0.14807484 0.37307430 -0.02246859
v 0.14499902 0.39378143 -0.01202886
v 0.14171088 0.37746159 -0.00000253
v 0.14453897 0.37739190 -0.01152758
v 0.15017052 0.32251570 -0.01870827
v 0.14656271 0.32591854 -0.00701912
v 0.13884945 0.40220712 0.01360500
v 0.13024323 0.39172210 0.02833766
v 0.13613746 0.38785646 0.01364042
v 0.14375171 0.39879014 0.00004611
v 0.14183991 0.41147261 0.01311978
v 0.13454850 0.40734002 0.02933406
v 0.14006510 0.40722800 0.01310769
v 0.12770478 0.41458401 0.04628906
v 0.12450638 0.40390403 0.04540321
v 0.13109334 0.42322662 0.04581994
v 0.12980351 0.41861282 0.04579031
v 0.14756196 0.40243085 -0.01140948
v 0.15105102 0.40266225 -0.02162404
v 0.15042043 0.40750224 -0.01116914
v 0.14686518 0.40456738 0.00078261
v 0.14962356 0.40463889 -0.01126495
v 0.14814110 0.39506012 -0.02252994
v 0.14618414 0.39814553 -0.01166007
v 0.14097537 0.41815578 0.01182724
v 0.13784866 0.41417720 0.02965053
v 0.14237425 0.41461401 0.01241283
v 0.15014085 0.41079428 -0.03611002
v 0.15112593 0.41776263 -0.03548309
v 0.15076234 0.41446636 -0.03548964
v 0.14816542 0.40157371 -0.03659343
v 0.14841399 0.40959392 -0.04834725
v 0.14937628 0.40663149 -0.03610075
v 0.14431432 0.41921476 -0.06268727
v 0.14252203 0.42550568 -0.06287539
v 0.14767703 0.38808029 -0.04852193
v 0.14458026 0.38491037 -0.06134131
v 0.13973097 0.41245142 -0.07355921
v 0.14441256 0.40359238 -0.06182495
v 0.15050649 0.36501741 -0.03561989
v 0.14789359 0.38503740 -0.03640403
v 0.14993909 0.34115828 -0.04631802
v 0.14804829 0.32350457 -0.05703594
v 0.14272287 0.36541705 -0.07150684
v 0.14738493 0.35673001 -0.05923292
v 0.15320565 0.30338829 -0.03124072
v 0.15032290 0.33461597 -0.03289279
v 0.15833745 0.26272918 -0.04386113
v 0.15926440 0.21917378 -0.05236684
v 0.14799396 0.28163700 -0.06853715
v 0.15380741 0.27237891 -0.05643465
v 0.16200967 0.21013165 -0.02491525
v 0.16048939 0.25406894 -0.03064886
v 0.16644509 0.15305172 -0.03037120
v 0.17150489 0.08962107 -0.03367141
v 0.15988351 0.15344653 -0.05768508
v 0.16427592 0.15355050 -0.04365477
v 0.17426979 0.09051686 -0.00362759
v 0.16706675 0.15038572 -0.01666861
v 0.18180353 0.00371859 0.00318563
v 0.18783202 -0.07307376 0.00256158
v 0.17569159 0.00493744 -0.03217429
v 0.17972769 0.00591396 -0.01643886
v 0.18088635 0.00807818 0.01904592
v 0.17617195 -0.07609478 -0.03380306
v 0.15935326 0.00967062 -0.06836327
v 0.16044210 0.08833715 -0.06269035
v 0.16835780 0.00999552 -0.05185735
v 0.19351559 -0.16091576 -0.00166514
v 0.19077589 -0.24015359 -0.00012369
v 0.17677116 -0.16037473 -0.04048812
v 0.18641931 -0.15659323 -0.02115640
v 0.19712393 -0.15572134 0.01666021
v 0.16716122 -0.23650048 -0.04200954
v 0.14768919 -0.15894709 -0.07737853
v 0.15348087 -0.07758511 -0.07090257
v 0.16404485 -0.15963882 -0.05871663
v 0.18723810 -0.31004720 -0.00307352
v 0.18594539 -0.36740910 -0.02623218
v 0.15642695 -0.30513106 -0.04491572
v 0.17352947 -0.30680262 -0.02381360
v 0.19723546 -0.31366918 0.01832885
v 0.15019907 -0.35694553 -0.06475947
v 0.11942051 -0.30545362 -0.07899659
v 0.13280099 -0.23661059 -0.07742490
v 0.13859053 -0.30452559 -0.06389392
v 0.18186378 -0.43267669 -0.06173684
v 0.17263210 -0.49403032 -0.09736836
v 0.14150243 -0.42180915 -0.09661939
v 0.16286485 -0.42805510 -0.08043931
v 0.19958432 -0.44324174 -0.04143905
v 0.12888660 -0.48736076 -0.12928467
v 0.10799362 -0.35369604 -0.09572285
v 0.11927347 -0.42004919 -0.11161834
v 0.15814585 -0.54300483 -0.12961362
v 0.14194836 -0.58728021 -0.15818733
v 0.13710172 -0.54236704 -0.14415972
v 0.18008232 -0.54807935 -0.11247530
v 0.14353269 -0.61674027 -0.16804117
v 0.09294995 -0.23896768 -0.10661329
v 0.09890964 -0.30891016 -0.09256585
v 0.08090906 -0.07093182 -0.12839508
v 0.10978162 -0.15865000 -0.10828162
v 0.08986552 -0.16013214 -0.12050879
v 0.07300190 0.10134824 -0.13917794
v 0.09715758 0.01692686 -0.12659469
v 0.07788315 0.01690587 -0.13704957
v 0.08664342 0.18439639 -0.13256227
v 0.06725355 0.18172712 -0.14235391
v 0.11085529 0.09889259 -0.11712355
v 0.13277481 0.01740102 -0.10062473
v 0.12012184 -0.07187715 -0.10438121
v 0.11600347 0.01967671 -0.11436470
v 0.12003535 0.17877156 -0.10932051
v 0.10399823 0.17823938 -0.12188952
v 0.14040704 0.09251146 -0.09121589
v 0.14759865 0.01371800 -0.08532451
v 0.14449015 0.16654977 -0.08403416
v 0.13370486 0.17098879 -0.09678262
v 0.12961494 -0.15877619 -0.09311438
v 0.14965601 0.23511452 -0.07799723
v 0.15302648 0.15775347 -0.07118941
v 0.13656307 0.35375015 -0.07994352
v 0.14021461 0.29818541 -0.07907944
v 0.13166083 0.41964976 -0.08503553
v 0.13359514 0.38860605 -0.08239487
v 0.13100755 0.43602096 -0.08508467
v 0.13190450 0.42677715 0.04581828
v 0.12344535 0.42878112 0.06546232
v 0.13228099 0.42527527 0.04678836
v 0.26221704 -0.65203707 0.01005472
v 0.11619996 0.44187721 0.07919218
v 0.11382565 0.43968983 0.07926215
v 0.11596429 0.60155872 -0.07066043
v 0.12135708 0.59727220 -0.07005737
v 0.11532566 0.62073210 -0.05119203
v 0.11023649 0.63276021 -0.03136239
v 0.11598119 0.63017605 -0.03094644
v 0.10964174 0.60907707 -0.06828029
v 0.11209846 0.60574575 -0.06963929
v 0.10993011 0.62389180 -0.05063663
v 0.10510512 0.63525509 -0.03092556
v 0.10146701 0.63847499 -0.00530155
v 0.10839769 0.63354031 -0.03095596
v 0.10745352 0.61296914 -0.06634082
v 0.10851125 0.61049609 -0.06769302
v 0.09386862 0.63202265 0.02076954
v 0.09694604 0.63139044 0.02095087
v 0.08546846 0.57193061 0.07027363
v 0.06834786 0.54472719 -0.12467066
v 0.06851157 0.53559130 -0.12562064
v -0.08212194 0.54521447 -0.18323102
v -0.09213442 0.56563070 -0.17866021
v -0.07137831 0.52418426 -0.18394868
v -0.07958688 0.54617484 -0.18177488
v -0.07230364 0.49723493 -0.18615057
v -0.06999079 0.49730084 -0.18482306
v -0.09948596 0.43749870 -0.17865921
v -0.09119345 0.45305062 -0.18432601
v -0.08058001 0.47266117 -0.18643757
v -0.08979787 0.45309898 -0.18317715
v -0.12112710 0.41603095 -0.16658564
v -0.11088382 0.42817816 -0.17401960
v -0.10974789 0.42853606 -0.17314180
v -0.14078163 0.39594149 -0.14863833
v -0.12923333 0.41107169 -0.15871670
v -0.12975959 0.40734089 -0.15867538
v -0.15350439 0.39583693 -0.13096382
v -0.14574386 0.40135176 -0.14169693
v -0.14609569 0.39797441 -0.14044859
v -0.16671361 0.40411239 -0.10479649
v -0.15713206 0.40608862 -0.12011515
v -0.15662063 0.40521612 -0.11983156
v -0.18561695 0.41718387 -0.07072544
v -0.17277485 0.41498447 -0.08994043
v -0.17216829 0.41420297 -0.08940326
v -0.19470016 0.43891591 -0.04136125
v -0.19106367 0.42874598 -0.05830295
v -0.19162917 0.42739019 -0.05621729
v -0.19287955 0.46971829 -0.02412278
v -0.19715759 0.45398236 -0.03327091
v -0.19601527 0.45356674 -0.03060229
v -0.19047115 0.50193213 -0.03205240
v -0.19339584 0.48693541 -0.02827646
v -0.19214460 0.48569811 -0.02644736
v -0.19372620 0.52957140 -0.05519474
v -0.19143032 0.51675755 -0.04445046
v -0.19073631 0.51659994 -0.04296864
v -0.20352360 0.55835135 -0.08097248
v -0.19950941 0.54334114 -0.06897631
v -0.19871977 0.54386875 -0.06686302
v -0.20164407 0.58694878 -0.11356372
v -0.20630693 0.57173276 -0.09868983
v -0.20518624 0.57316705 -0.09642619
v -0.17287332 0.60253580 -0.14821698
v -0.19172057 0.59622901 -0.13517377
v -0.19025945 0.59817568 -0.13269386
v -0.12843359 0.59334476 -0.16890932
v -0.15183426 0.59761482 -0.16348377
v -0.14979453 0.59929309 -0.16221930
v -0.11164549 0.57948953 -0.17605148
v -0.10934717 0.58095178 -0.17482572
v 0.12144320 0.52859049 -0.09684056
v 0.12893354 0.56965111 -0.08112058
v 0.12633569 0.54922833 -0.09009906
v 0.12367006 0.55006094 -0.09105525
v 0.12495183 0.50377845 -0.09649683
v 0.12146815 0.50331459 -0.09818543
v 0.13062014 0.48048052 -0.09110118
v 0.14001590 0.46249755 -0.08043034
v 0.14304403 0.44742252 -0.07083933
v 0.13834064 0.46257126 -0.08075119
v 0.14852277 0.43955142 -0.05869216
v 0.15183429 0.42743914 -0.04612860
v 0.14702956 0.43938055 -0.05908749
v 0.15194938 0.42314644 -0.03460564
v 0.15336534 0.40959071 -0.02087405
v 0.15259026 0.42034948 -0.03467070
v 0.15195045 0.41390795 -0.01134196
v 0.14950340 0.40989273 0.00093327
v 0.15037562 0.41204630 -0.01128315
v 0.14435402 0.42088155 0.01286340
v 0.13763969 0.41938365 0.02876905
v 0.14289549 0.41955689 0.01198210
v 0.12799518 0.43106705 0.04326571
v 0.12581766 0.43310892 0.06568608
v 0.12995753 0.42957404 0.04366522
v 0.11819525 0.44536635 0.07851610
v 0.10683528 0.45556015 0.09181563
v 0.11727739 0.44381141 0.07981969
v 0.09929171 0.47110837 0.09746290
v 0.08862973 0.48744719 0.10052890
v 0.09784599 0.46943277 0.09741413
v 0.09055321 0.50609882 0.09906156
v 0.08945348 0.52096911 0.09370230
v 0.08846045 0.50487982 0.09906457
v 0.09926957 0.53319432 0.08483533
v 0.10593438 0.54595595 0.07840577
v 0.09597786 0.53464822 0.08604854
v 0.11998959 0.55706217 0.07175131
v 0.13008658 0.57095959 0.06440237
v 0.11767985 0.55762351 0.07179402
v 0.14508454 0.58118974 0.05431389
v 0.15315326 0.59588077 0.04130873
v 0.14312930 0.58262495 0.05495769
v 0.16240507 0.60480312 0.01943461
v 0.15950418 0.61078231 -0.00337845
v 0.16019667 0.60625191 0.01998677
v 0.15667051 0.60466638 -0.02864878
v 0.14586422 0.59843086 -0.04934054
v 0.15435364 0.60613245 -0.02918731
v 0.13979689 0.58422232 -0.06568272
v 0.13732550 0.58566524 -0.06679221
v -0.08504233 0.54397530 -0.18577572
v -0.09655266 0.56317732 -0.18143806
v -0.07441537 0.52291189 -0.18650167
v -0.08388696 0.54441274 -0.18468821
v -0.07418394 0.49692759 -0.18833532
v -0.07448510 0.49708439 -0.18754035
v -0.14086733 0.40126032 -0.15029945
v -0.12931470 0.41259485 -0.15995110
v -0.13023848 0.41079458 -0.15961346
v -0.15435073 0.39957415 -0.13329824
v -0.14454759 0.40446635 -0.14264615
v -0.14721543 0.40193602 -0.14235257
v -0.16447055 0.40794851 -0.10614881
v -0.15693501 0.40832123 -0.12123516
v -0.15618453 0.40798229 -0.12039608
v -0.18380994 0.41981182 -0.07191866
v -0.16855480 0.41767927 -0.08965860
v -0.17278515 0.41544358 -0.09015799
v -0.19764538 0.44007924 -0.04360640
v -0.19012500 0.42910843 -0.05919180
v -0.19125745 0.42905143 -0.05926124
v -0.19643752 0.47108214 -0.02815889
v -0.19920304 0.45453899 -0.03529654
v -0.19853305 0.45401557 -0.03479973
v -0.19274870 0.50310552 -0.03561636
v -0.19499812 0.48556240 -0.03167486
v -0.19398590 0.48601777 -0.03020971
v -0.19524895 0.52723903 -0.05847334
v -0.19271997 0.51625246 -0.04755874
v -0.19225982 0.51590783 -0.04604918
v -0.20563538 0.55689977 -0.08490769
v -0.20133315 0.54120030 -0.07196827
v -0.20031583 0.54188386 -0.06972449
v -0.20321822 0.58441969 -0.11778011
v -0.20760021 0.57005503 -0.10232706
v -0.20742001 0.57090704 -0.10051474
v -0.17421034 0.59971108 -0.15126085
v -0.19233071 0.59422744 -0.13805051
v -0.19221785 0.59518786 -0.13677239
v -0.13322123 0.58905937 -0.17262696
v -0.15348819 0.59502600 -0.16574402
v -0.15265834 0.59619937 -0.16496633
v -0.11493756 0.57701775 -0.17877116
v -0.11342038 0.57800976 -0.17759359
v 0.12496638 0.52718505 -0.09608834
v 0.13392188 0.56707960 -0.07948408
v 0.12969086 0.54761176 -0.08966032
v 0.12852723 0.54862050 -0.08945890
v 0.12757863 0.50332663 -0.09634244
v 0.12738569 0.50382191 -0.09579390
v 0.15317670 0.42465918 -0.03460259
v 0.15534887 0.41347641 -0.02054377
v 0.15336513 0.42365819 -0.03427730
v 0.15149764 0.41712081 -0.01178079
v 0.15095415 0.41417798 0.00021139
v 0.15213704 0.41629801 -0.01113662
v 0.14264739 0.42321632 0.01107606
v 0.13668368 0.42314591 0.02772176
v 0.14152987 0.42279520 0.01100017
v 0.13075759 0.43123666 0.04330498
v 0.12721037 0.43590593 0.06541711
v 0.12961641 0.43106266 0.04343623
v 0.11956112 0.44575927 0.07862856
v 0.10828104 0.45669429 0.09037684
v 0.11913381 0.44526168 0.07804808
v 0.10259040 0.47130107 0.09643817
v 0.09382217 0.48944614 0.10047607
v 0.10170096 0.47167158 0.09726384
v 0.09407360 0.50306585 0.09708005
v 0.09364279 0.52221446 0.09300248
v 0.09225841 0.50330431 0.09721971
v 0.10190742 0.53279152 0.08421009
v 0.10995825 0.54377151 0.07766413
v 0.09995478 0.53283061 0.08494928
v 0.12252799 0.55491592 0.07071613
v 0.13483342 0.56870510 0.06325897
v 0.12188494 0.55602041 0.07125486
v 0.14840674 0.57999122 0.05321889
v 0.15763725 0.59226755 0.03990892
v 0.14676913 0.58087976 0.05371863
v 0.16507309 0.60260525 0.01823290
v 0.16284220 0.60816042 -0.00418247
v 0.16400734 0.60363895 0.01880763
v 0.15968953 0.60194150 -0.02852746
v 0.15116672 0.59491507 -0.04783530
v 0.15838879 0.60328793 -0.02893433
v 0.14399169 0.58186110 -0.06469420
v 0.14215278 0.58281748 -0.06520015
v -0.10130441 0.43781613 -0.18037110
v -0.09317980 0.45271076 -0.18567472
v -0.08319620 0.47264929 -0.18827393
v -0.09223757 0.45312471 -0.18486393
v -0.12230376 0.41776686 -0.16759725
v -0.11316799 0.42781759 -0.17516007
v -0.11199738 0.42823942 -0.17474900
v 0.13368395 0.48074501 -0.09026403
v 0.14175856 0.46278093 -0.08004934
v 0.14620490 0.44830872 -0.06946466
v 0.14124770 0.46230100 -0.08025592
v 0.15096417 0.43998615 -0.05740381
v 0.15140690 0.42991735 -0.04633360
v 0.14989750 0.43938774 -0.05790223
v -0.08616198 0.54237295 -0.18735323
v -0.09863998 0.56129991 -0.18347921
v -0.07640486 0.52212230 -0.18847293
v -0.08532854 0.54302275 -0.18661168
v -0.07600003 0.49625777 -0.18956804
v -0.07515436 0.49678456 -0.18892300
v -0.14107565 0.40364127 -0.15119431
v -0.13142124 0.41329329 -0.16088001
v -0.13071088 0.41334194 -0.16021603
v -0.15448733 0.40150767 -0.13449100
v -0.14613833 0.40532377 -0.14376589
v -0.14571023 0.40517615 -0.14292156
v -0.16557237 0.40815620 -0.10717946
v -0.15340958 0.41018008 -0.12089486
v -0.15801395 0.40781224 -0.12145757
v -0.18322636 0.42047878 -0.07462456
v -0.16507705 0.41872775 -0.08947411
v -0.16946172 0.41717168 -0.08970503
v -0.19928944 0.44022494 -0.04688770
v -0.19107353 0.42898991 -0.06190783
v -0.19054585 0.42926585 -0.06053761
v -0.19684881 0.46967719 -0.03226843
v -0.19811711 0.45326851 -0.03884893
v -0.19995884 0.45440480 -0.03712832
v -0.19409791 0.50175912 -0.03850866
v -0.19622681 0.48594173 -0.03516965
v -0.19555018 0.48635860 -0.03321975
v -0.19580901 0.52652862 -0.06124230
v -0.19350561 0.51565927 -0.05066376
v -0.19301930 0.51530763 -0.04889904
v -0.20582884 0.55500835 -0.08800806
v -0.20227708 0.54103341 -0.07548542
v -0.20181703 0.54069532 -0.07377592
v -0.20412882 0.58194828 -0.12147133
v -0.20799456 0.56910570 -0.10578638
v -0.20813924 0.56955584 -0.10404984
v -0.17587455 0.59575652 -0.15504538
v -0.19200200 0.59251926 -0.14153585
v -0.19204180 0.59338752 -0.14019660
v -0.13515148 0.58585356 -0.17522476
v -0.15371351 0.59230648 -0.16815628
v -0.15377907 0.59373881 -0.16705280
v -0.11725130 0.57419972 -0.18108630
v -0.11612396 0.57529622 -0.18019296
v 0.12818400 0.52685314 -0.09514096
v 0.13711012 0.56490990 -0.07901141
v 0.13197419 0.54628508 -0.08954780
v 0.13097648 0.54663808 -0.08985299
v 0.12974344 0.50305028 -0.09559920
v 0.12867832 0.50327550 -0.09596263
v 0.15512848 0.42544174 -0.03368689
v 0.15409043 0.41786174 -0.02126231
v 0.15424051 0.42505907 -0.03389656
v 0.15297327 0.41931496 -0.01147458
v 0.14830351 0.41808389 -0.00136517
v 0.15261989 0.41825765 -0.01117191
v 0.14112632 0.42408332 0.01037187
v 0.13595628 0.42425148 0.02600428
v 0.14197154 0.42379171 0.01100803
v 0.12760377 0.43235638 0.04098360
v 0.12582608 0.43684939 0.06269334
v 0.12939738 0.43200977 0.04287499
v 0.12184788 0.44622524 0.07737150
v 0.11182724 0.45729803 0.08947958
v 0.12122605 0.44612866 0.07803440
v 0.10537068 0.47202117 0.09586914
v 0.09689985 0.48846662 0.09835228
v 0.10357208 0.47192671 0.09636405
v 0.09696886 0.50325881 0.09529190
v 0.09712767 0.51947232 0.09122693
v 0.09558668 0.50397575 0.09653856
v 0.10429228 0.53179167 0.08275291
v 0.11249882 0.54262887 0.07663821
v 0.10318980 0.53191024 0.08378535
v 0.12583189 0.55430165 0.06916468
v 0.13795598 0.56547286 0.06180642
v 0.12431658 0.55504290 0.07001340
v 0.15130748 0.57904302 0.05131878
v 0.16037893 0.59094387 0.03857162
v 0.14977453 0.57916447 0.05209081
v 0.16752521 0.60058350 0.01602966
v 0.16676087 0.60423462 -0.00508292
v 0.16658338 0.60204856 0.01685350
v 0.16138234 0.59934959 -0.02965136
v 0.15433235 0.59187081 -0.04793274
v 0.16064238 0.60082800 -0.02909099
v 0.14713957 0.57902470 -0.06406988
v 0.14569069 0.58008490 -0.06439926
v -0.10385310 0.43795189 -0.18135751
v -0.09412187 0.45294806 -0.18635263
v -0.08380545 0.47204688 -0.18881528
v -0.09334977 0.45294300 -0.18583250
v -0.12266602 0.41893782 -0.16789353
v -0.11426718 0.42728419 -0.17577925
v -0.11375277 0.42756536 -0.17547813
v 0.13683397 0.48065774 -0.08924246
v 0.14206591 0.46270775 -0.08041023
v 0.14659967 0.44917776 -0.06959097
v 0.14254296 0.46269043 -0.07970798
v 0.15201837 0.43965200 -0.05712223
v 0.15302417 0.43065592 -0.04590765
v 0.15143428 0.43986747 -0.05731093
v -0.10030201 0.55947249 -0.18523573
v -0.07800891 0.52093202 -0.18976068
v -0.08700017 0.54162947 -0.18804724
v -0.07682604 0.49584176 -0.19002658
v -0.13891630 0.40778428 -0.15115220
v -0.12926136 0.41564015 -0.15993925
v -0.15311004 0.40374547 -0.13491443
v -0.14673993 0.40579163 -0.14399397
v -0.16634257 0.40840388 -0.10827391
v -0.15366889 0.41002115 -0.12115668
v -0.17723207 0.42258715 -0.07368150
v -0.16492081 0.41859464 -0.09010958
v -0.19644622 0.43971758 -0.04926169
v -0.19105582 0.42888203 -0.06276370
v -0.19688824 0.46945470 -0.03504962
v -0.19825312 0.45289154 -0.03978796
v -0.19386423 0.50113841 -0.04173737
v -0.19637232 0.48687586 -0.03582481
v -0.19721959 0.52646964 -0.06526485
v -0.19350914 0.51393591 -0.05227270
v -0.20679312 0.55531194 -0.09112345
v -0.20202998 0.54025438 -0.07633832
v -0.20411315 0.58186325 -0.12510532
v -0.20823601 0.56933872 -0.10731271
v -0.17570563 0.59440009 -0.15765001
v -0.19319470 0.59080701 -0.14374204
v -0.13555117 0.58368719 -0.17701158
v -0.15419176 0.59174447 -0.16902712
v -0.11689522 0.57276049 -0.18181715
v 0.12960302 0.52534110 -0.09524676
v 0.13934413 0.56349312 -0.07861323
v 0.13307760 0.54551537 -0.08920279
v 0.13063099 0.50253043 -0.09535550
v 0.15575037 0.41878191 -0.02074691
v 0.15571977 0.42531714 -0.03321067
v 0.14993941 0.41887132 -0.00130724
v 0.15282952 0.41981552 -0.01204467
v 0.13725779 0.42483320 0.02579721
v 0.14167989 0.42392694 0.01034042
v 0.12648373 0.43701094 0.06216963
v 0.12778761 0.43197725 0.04104356
v 0.11386163 0.45731414 0.08816384
v 0.12080333 0.44586950 0.07562553
v 0.09980950 0.48926454 0.09754124
v 0.10622091 0.47226028 0.09564185
v 0.09958743 0.51814495 0.08955830
v 0.09749935 0.50387556 0.09485944
v 0.11655312 0.54089232 0.07436830
v 0.10566593 0.53243282 0.08208751
v 0.14081458 0.56530218 0.06037682
v 0.12915268 0.55209533 0.06777347
v 0.16313763 0.59056962 0.03637638
v 0.15245734 0.57880700 0.05065654
v 0.16870933 0.60274689 -0.00675904
v 0.16863063 0.60035597 0.01518310
v 0.15580006 0.58945468 -0.04830836
v 0.16236846 0.59880224 -0.02980855
v 0.14758273 0.57759657 -0.06487911
v -0.10522110 0.43765246 -0.18238704
v -0.09499616 0.45197288 -0.18693662
v -0.09461666 0.45219212 -0.18696023
v -0.11536699 0.42709112 -0.17644678
v -0.11505084 0.42750586 -0.17604810
v 0.14334426 0.46247526 -0.07978282
v 0.14825107 0.44923362 -0.06915213
v 0.14277045 0.46253824 -0.08010234
v 0.15332404 0.43919101 -0.05673296
v 0.15276357 0.43915692 -0.05703273
v -0.15694418 0.51390970 0.00199160
v -0.16465559 0.52566446 -0.01189580
v -0.16856673 0.51495028 -0.00831393
v -0.15994473 0.50318677 0.00407368
v -0.16125592 0.51515659 -0.00138516
v -0.16020175 0.53874611 -0.01446382
v -0.16811424 0.54605826 -0.02945372
v -0.17201815 0.53320702 -0.02594368
v -0.16536196 0.53759291 -0.01883749
v -0.17824013 0.54112649 -0.03772009
v -0.18105132 0.53059636 -0.03535948
v -0.17381508 0.52493558 -0.02084006
v -0.17594410 0.53342349 -0.02946347
v -0.17867015 0.51189134 -0.02161897
v -0.17158495 0.50376657 -0.00724092
v -0.17335661 0.51494798 -0.01450080
v -0.14739601 0.50758939 0.01165289
v -0.14400425 0.52769535 0.00719617
v -0.15211336 0.53357706 -0.00276263
v -0.15046069 0.52070062 0.00478552
v -0.13612907 0.52266866 0.01519916
v -0.13500225 0.53561242 0.01104436
v -0.14278218 0.54044466 0.00214717
v -0.13994646 0.53215132 0.00859745
v -0.14539443 0.54978521 -0.00646011
v -0.15129326 0.55540101 -0.01720118
v -0.15132684 0.54491254 -0.00958208
v -0.14759880 0.54780035 -0.00743282
v -0.15828696 0.55107035 -0.02181962
v -0.15541462 0.54270154 -0.01217540
v -0.16977689 0.49108215 -0.00120305
v -0.16793609 0.47708100 0.00204397
v -0.15884705 0.48657443 0.00764095
v -0.16350674 0.48970775 0.00371920
v -0.17874313 0.49502623 -0.01052730
v -0.17580919 0.48243074 -0.00527865
v -0.17401168 0.49281046 -0.00555608
v -0.18098448 0.47566155 -0.00899628
v -0.17918130 0.46140755 -0.00719350
v -0.17453042 0.46879956 -0.00301405
v -0.17761298 0.47229323 -0.00596715
v -0.17239818 0.45219276 -0.00126726
v -0.16614631 0.46057472 0.00368573
v -0.17105896 0.46530138 0.00013605
v -0.14630127 0.49233048 0.01581712
v -0.13390510 0.49019832 0.02485631
v -0.13522807 0.50730766 0.02066717
v -0.14116630 0.49857530 0.01834060
v -0.13598962 0.46687267 0.02701869
v -0.12610239 0.46417095 0.03473511
v -0.12364703 0.48849277 0.03231456
v -0.12958096 0.47805454 0.02977908
v -0.11270290 0.48853241 0.03924530
v -0.10890335 0.51126809 0.03604687
v -0.12154060 0.50930064 0.02916439
v -0.11697851 0.49904961 0.03446685
v -0.12316304 0.52342867 0.02404786
v -0.12823711 0.51605951 0.02275525
v -0.15802059 0.46456454 0.01013367
v -0.14761249 0.46674808 0.01845993
v -0.15296520 0.47723334 0.01329485
v -0.16592592 0.43415901 0.00292492
v -0.15943249 0.43730370 0.00978948
v -0.16332290 0.45101907 0.00608351
v -0.16011836 0.40798659 0.00843755
v -0.15328054 0.40829871 0.01691841
v -0.15110252 0.43803085 0.01805484
v -0.15581577 0.42272874 0.01368450
v -0.14103735 0.43824504 0.02670066
v -0.14370790 0.45289903 0.02322560
v -0.03465814 0.46183519 -0.16995200
v -0.02544312 0.47853356 -0.16814765
v -0.02052736 0.45671720 -0.16561199
v -0.03113183 0.43338555 -0.16786322
v -0.02798433 0.45789938 -0.16788470
v -0.02894444 0.50071993 -0.16902476
v -0.02195637 0.51730699 -0.16552019
v -0.01748392 0.49544058 -0.16500380
v -0.02253356 0.49824022 -0.16685897
v -0.00888669 0.51347275 -0.16189619
v -0.00431935 0.48887338 -0.16100505
v -0.01132915 0.47332769 -0.16332913
v -0.01006256 0.49333193 -0.16276559
v -0.00519953 0.45123680 -0.16085457
v -0.01459836 0.43033155 -0.16326472
v -0.01225944 0.45371214 -0.16303111
v -0.04253161 0.39695114 -0.16987105
v -0.05257238 0.34350627 -0.16827651
v -0.05911088 0.36691144 -0.17144913
v -0.04879038 0.41133630 -0.17175812
v -0.05110327 0.38000855 -0.17108037
v -0.04359002 0.31014989 -0.16735904
v -0.04700925 0.25614393 -0.16921421
v -0.05869383 0.29204071 -0.16841798
v -0.05084792 0.30120575 -0.16810615
v -0.06256889 0.24105795 -0.16983222
v -0.07130759 0.26905374 -0.16744344
v -0.06666933 0.31988710 -0.16753164
v -0.06568037 0.28192787 -0.16830748
v -0.07369257 0.33881595 -0.16867242
v -0.06570868 0.38275603 -0.17320750
v -0.06734857 0.35237042 -0.17029944
v -0.02470839 0.39663843 -0.16552916
v -0.03582168 0.35830985 -0.16690993
v -0.03459533 0.39606929 -0.16791530
v -0.00554412 0.39432545 -0.15974859
v -0.01647115 0.35639165 -0.16247003
v -0.01536611 0.39522364 -0.16277012
v -0.00460772 0.31816495 -0.16041035
v -0.01246436 0.26972510 -0.16496593
v -0.02488170 0.31502703 -0.16482512
v -0.01489002 0.31662207 -0.16281189
v -0.03125104 0.26513177 -0.16810321
v -0.03436637 0.31262440 -0.16634747
v -0.04008766 0.46129510 -0.17200052
v -0.03895106 0.49500039 -0.17323269
v -0.03405479 0.49602789 -0.17106316
v -0.03667094 0.47844276 -0.17250762
v -0.04464689 0.49778871 -0.17529980
v -0.04834561 0.52635834 -0.17320022
v -0.04257833 0.52420379 -0.17122960
v -0.04237217 0.51023041 -0.17303462
v -0.04836328 0.55167431 -0.16810890
v -0.04157214 0.55379875 -0.16583186
v -0.03736047 0.52548375 -0.16922846
v -0.04372488 0.54006024 -0.16925628
v -0.03341755 0.53313473 -0.16734687
v -0.03292247 0.51370531 -0.16907656
v -0.05616156 0.41835748 -0.17375354
v -0.04793131 0.45976522 -0.17456111
v -0.04863111 0.43796764 -0.17302762
v -0.07179826 0.38594348 -0.17384625
v -0.06302354 0.42144007 -0.17538906
v -0.06499907 0.40356746 -0.17430567
v -0.06889062 0.42025608 -0.17616028
v -0.06223549 0.45630027 -0.17869708
v -0.05542109 0.45909747 -0.17760079
v -0.06283771 0.43897120 -0.17671364
v -0.05056335 0.49485169 -0.17740049
v -0.04826281 0.47770854 -0.17657105
v -0.09824422 0.35326831 0.07076667
v -0.08538180 0.38999551 0.07525229
v -0.09070131 0.42705011 0.06582247
v -0.10492687 0.39605746 0.05947848
v -0.09451620 0.39226508 0.06850708
v -0.07590818 0.35102069 0.08449459
v -0.06688749 0.39045732 0.08514190
v -0.07429879 0.42640636 0.07607882
v -0.07540727 0.39202905 0.08083694
v -0.06657723 0.45465141 0.07444105
v -0.07014107 0.48268920 0.06521648
v -0.07896866 0.45433728 0.06795752
v -0.07285680 0.45311087 0.07162774
v -0.07970957 0.48022877 0.06067617
v -0.09238489 0.45452974 0.05921106
v -0.08556498 0.45366414 0.06396075
v -0.10288676 0.44405759 0.05460196
v -0.11617495 0.43448467 0.04641627
v -0.11741366 0.38979680 0.05040457
v -0.10988186 0.41765455 0.05349529
v -0.08770422 0.48957113 0.05362080
v -0.10035334 0.47445298 0.04986856
v -0.09594665 0.46676380 0.05465068
v -0.09872464 0.49744670 0.04548997
v -0.11324559 0.46703098 0.04302270
v -0.10638801 0.48156758 0.04461558
v -0.12932411 0.43431634 0.03674407
v -0.12040475 0.45106079 0.04096200
v -0.13332173 0.39731724 0.03684394
v -0.13441402 0.35100638 0.04211353
v -0.11993102 0.33632525 0.05396831
v -0.12619436 0.37321824 0.04363420
v -0.14450738 0.40304201 0.02611905
v -0.13803352 0.41929283 0.03124469
v -0.15164852 0.37817886 0.01231365
v -0.14294190 0.36956554 0.02397012
v -0.14848665 0.38783780 0.01967186
v -0.14511065 0.32316694 0.02616767
v -0.13426553 0.30523994 0.03826802
v -0.14027148 0.33610196 0.03411473
v -0.05539012 0.53377706 -0.17462589
v -0.06190449 0.55959739 -0.17035902
v -0.05492346 0.55326339 -0.16959685
v -0.05478436 0.54345160 -0.17220134
v -0.06921136 0.56756626 -0.17000098
v -0.07553001 0.58242046 -0.16538374
v -0.06860590 0.57568047 -0.16625878
v -0.06832805 0.57150204 -0.16812466
v -0.07586795 0.58820355 -0.16222749
v -0.06887369 0.58279910 -0.16278888
v -0.06199761 0.57114832 -0.16597848
v -0.06823381 0.57960430 -0.16414581
v -0.05596290 0.56850883 -0.16528437
v -0.05479932 0.56164213 -0.16718329
v -0.05057510 0.51790525 -0.17595077
v -0.06073006 0.53512123 -0.17709415
v -0.06421377 0.55217651 -0.17367663
v -0.05749926 0.53448697 -0.17575084
v -0.05849337 0.52127809 -0.17894706
v -0.06535502 0.53676201 -0.17898689
v -0.06820292 0.55022735 -0.17627395
v -0.06356359 0.53616703 -0.17824124
v -0.07661609 0.56167944 -0.17524100
v -0.08142183 0.57399297 -0.17156971
v -0.07331979 0.56419627 -0.17280496
v -0.07535271 0.56379141 -0.17386127
v -0.07769972 0.57802136 -0.16836352
v -0.07124549 0.56641842 -0.17131351
v -0.05767834 0.48176223 -0.18006301
v -0.05599870 0.50161718 -0.17937964
v -0.05232696 0.49861900 -0.17787646
v -0.06871112 0.44052641 -0.17840580
v -0.06395733 0.47051565 -0.18081358
v -0.06218909 0.46477750 -0.17982526
v -0.06741164 0.45890461 -0.17956903
v -0.06528980 0.48006157 -0.18188686
v -0.06122014 0.48965654 -0.18152377
v -0.06567380 0.47530513 -0.18197470
v -0.06110397 0.50849466 -0.18125317
v -0.05770672 0.50610742 -0.18007347
v -0.04560035 0.56429072 -0.16446779
v -0.03932374 0.55667436 -0.16486803
v -0.04396788 0.56035962 -0.16474488
v -0.05058873 0.56777482 -0.16413183
v -0.04477939 0.56228364 -0.16459819
v -0.03354815 0.55355842 -0.16391952
v -0.02806354 0.54339803 -0.16418224
v -0.03313304 0.54566199 -0.16516664
v -0.03358553 0.55050469 -0.16470898
v -0.02809749 0.52797287 -0.16595625
v -0.03825409 0.55038283 -0.16572910
v -0.03384596 0.54096279 -0.16588721
v -0.04938596 0.56343272 -0.16498171
v -0.04336967 0.55764484 -0.16524259
v -0.05718061 0.57273395 -0.16393883
v -0.06326209 0.57997586 -0.16257554
v -0.05813818 0.57593112 -0.16323045
v -0.05787395 0.57433186 -0.16362199
v -0.06310532 0.57778549 -0.16348059
v -0.05651955 0.57084126 -0.16444939
v -0.07662778 0.59117516 -0.16009149
v -0.07005865 0.58574042 -0.16132334
v -0.06951679 0.58441480 -0.16206257
v -0.07766995 0.59356219 -0.15879421
v -0.07035977 0.58759631 -0.16081923
v -0.07064764 0.58709825 -0.16088957
v -0.06671655 0.50633134 0.05971251
v -0.07016998 0.50357849 0.05866501
v -0.06756876 0.49934170 0.06122471
v -0.06390872 0.50394302 0.06153701
v -0.06694627 0.50403077 0.06004290
v -0.07271176 0.50690068 0.05674870
v -0.07768725 0.50368402 0.05488997
v -0.07543646 0.49743428 0.05777421
v -0.07363831 0.50383521 0.05686988
v -0.08217002 0.48991436 0.05629363
v -0.07271248 0.49078613 0.06106140
v -0.07671501 0.49053571 0.05910923
v -0.06472339 0.49214643 0.06482730
v -0.06835760 0.49223520 0.06310515
v 0.00001855 -0.72959225 0.13162287
v 0.04603863 -0.71404860 0.12510410
v 0.04163127 -0.72564668 0.12217651
v 0.04908456 -0.73033975 0.12525705
v 0.04873426 -0.72526600 0.12550127
v -0.00203955 -0.70238787 0.13304278
v 0.04274980 -0.68853038 0.12495991
v 0.03616302 -0.70050387 0.12131965
v 0.04462125 -0.69828175 0.12523487
v 0.02537260 -0.69114736 0.11639637
v 0.02139100 -0.70436263 0.11360088
v 0.03183646 -0.71604358 0.11816381
v 0.02864014 -0.70251931 0.11743192
v 0.02919065 -0.72593314 0.11514752
v 0.03821066 -0.73055959 0.11925603
v 0.03392501 -0.72591978 0.11866957
v 0.02867723 0.53075800 -0.14818536
v 0.02178949 0.52479569 -0.15178511
v 0.01377907 0.52941151 -0.15354176
v 0.02124897 0.53347268 -0.15092845
v 0.02141935 0.53048981 -0.15100287
v 0.02966616 0.51685207 -0.14953006
v 0.02217243 0.50777225 -0.15291265
v 0.01411185 0.51554999 -0.15470334
v 0.02199664 0.51646344 -0.15254563
v 0.00529933 0.50661517 -0.15794045
v -0.00236043 0.51437261 -0.15980227
v 0.00570023 0.52380586 -0.15674390
v 0.00575550 0.51388031 -0.15737586
v -0.00240844 0.53152864 -0.15813768
v 0.00579612 0.53388785 -0.15583585
v 0.00590052 0.53010730 -0.15596146
v 0.15363970 -0.65519379 -0.20758462
v 0.14071589 -0.65570565 -0.21060157
v 0.14773916 -0.64804173 -0.20823608
v 0.15651419 -0.65019307 -0.20493892
v 0.15116835 -0.65175729 -0.20714579
v 0.13453143 -0.66189992 -0.21272462
v 0.12277202 -0.66319542 -0.21540975
v 0.12910521 -0.65574501 -0.21322924
v 0.13287029 -0.65925812 -0.21285177
v 0.11553334 -0.65563632 -0.21500284
v 0.12284418 -0.64529247 -0.21170636
v 0.13617330 -0.64665812 -0.20979222
v 0.12700812 -0.65097062 -0.21233316
v 0.14446443 -0.63653185 -0.20553231
v 0.15161904 -0.64129603 -0.20452299
v 0.14590520 -0.64216050 -0.20684366
v -0.07944070 0.50993438 0.05262227
v -0.08461769 0.51035815 0.04968020
v -0.08203091 0.50408522 0.05266100
v -0.08050777 0.50797415 0.05263098
v -0.08925428 0.51341519 0.04667908
v -0.09673235 0.51402222 0.04215021
v -0.09236396 0.50921682 0.04602177
v -0.09042279 0.51203376 0.04641126
v -0.10199807 0.50685140 0.04111140
v -0.08886776 0.50230160 0.04992425
v -0.09507779 0.50431241 0.04578790
v -0.08446377 0.49778930 0.05307580
v -0.08357248 0.52909455 -0.19100008
v -0.08814568 0.53907280 -0.19006565
v -0.08302790 0.52948665 -0.19065351
v -0.07947979 0.51826260 -0.19149239
v -0.08333273 0.52926814 -0.19084104
v -0.09422273 0.54746362 -0.18922792
v -0.10137961 0.55595251 -0.18771327
v -0.09369137 0.54819161 -0.18860345
v -0.09407637 0.54785116 -0.18888708
v -0.10042358 0.55687055 -0.18696621
v -0.09362296 0.55001845 -0.18782726
v -0.08726620 0.53964910 -0.18930778
v -0.09325783 0.54832390 -0.18849759
v -0.08288649 0.53156210 -0.18984147
v -0.07928747 0.52032757 -0.19094526
v -0.08257577 0.52979048 -0.19034802
v -0.07885437 0.50753459 -0.19168954
v -0.07868792 0.49345980 -0.19148713
v -0.07959134 0.50723909 -0.19203439
v -0.07933655 0.50735496 -0.19190084
v -0.07799389 0.50799402 -0.19120944
v -0.07803437 0.49380052 -0.19117602
v -0.07853146 0.50774860 -0.19150141
v -0.08112406 0.48269668 -0.19063136
v -0.08547969 0.47071380 -0.18965672
v -0.08200926 0.48245968 -0.19105767
v -0.08166388 0.48261605 -0.19089987
v -0.08626302 0.47041804 -0.18985597
v -0.08261758 0.48226032 -0.19129828
v -0.08234670 0.48233197 -0.19117933
v 0.02267711 0.43141090 -0.15083630
v 0.01345473 0.45131678 -0.15485040
v 0.02204179 0.47167431 -0.15274581
v 0.03111403 0.45415671 -0.14855439
v 0.02202270 0.45330765 -0.15201954
v 0.00285180 0.42836352 -0.15796843
v 0.00396553 0.46993610 -0.15857712
v 0.00412344 0.45140802 -0.15784704
v 0.01329119 0.48991866 -0.15581334
v 0.00435263 0.48909875 -0.15858996
v 0.03040113 0.49087624 -0.14976674
v 0.02209132 0.48995025 -0.15255566
v 0.03227900 0.39739344 -0.14577549
v 0.02355541 0.36252739 -0.14984869
v 0.01282802 0.39683648 -0.15354004
v 0.02346812 0.39768817 -0.14943632
v 0.03600312 0.32371242 -0.14705644
v 0.02903647 0.27912412 -0.15368831
v 0.01523671 0.32045550 -0.15477857
v 0.02584324 0.32123603 -0.15126728
v 0.00835625 0.27738560 -0.15931087
v 0.00344981 0.35839421 -0.15692545
v 0.00589181 0.31969097 -0.15749836
v 0.00376550 0.39456569 -0.15659377
v -0.12576577 0.53241346 0.01858898
v -0.11883252 0.52661937 0.02528726
v -0.10925793 0.52275500 0.03244877
v -0.11649050 0.52791013 0.02640117
v -0.11693526 0.52723833 0.02611917
v -0.12864982 0.52967166 0.01790044
v -0.11241962 0.51997256 0.03164970
v -0.12016475 0.52514369 0.02501648
v -0.10364214 0.51660878 0.03758607
v -0.10623382 0.51413383 0.03694212
v -0.10145929 0.51923494 0.03816283
v -0.10277493 0.51831136 0.03757832
v -0.13080557 0.53888996 0.01222602
v -0.13694606 0.54476983 0.00454610
v -0.13238697 0.53745478 0.01194065
v -0.13133557 0.53845169 0.01208214
v -0.14068787 0.55158924 -0.00310422
v -0.14388214 0.55826376 -0.01149442
v -0.14170868 0.55111326 -0.00351273
v -0.14104458 0.55134518 -0.00326440
v -0.14593637 0.55813899 -0.01320268
v -0.13879691 0.54355797 0.00379872
v -0.14281034 0.55064740 -0.00392460
v -0.13365107 0.53676151 0.01156153
v -0.14500820 0.56404347 -0.01715169
v -0.14604883 0.56925505 -0.02264077
v -0.14598622 0.56338420 -0.01757729
v -0.14545345 0.56372463 -0.01741175
v -0.14559320 0.57547136 -0.02723960
v -0.14903959 0.58194133 -0.03653915
v -0.14900767 0.57425113 -0.03041166
v -0.14580731 0.57535972 -0.02737197
v -0.15073997 0.58215883 -0.03811157
v -0.15118251 0.57421586 -0.03236334
v -0.14928408 0.56752944 -0.02489392
v -0.14994697 0.57389796 -0.03095975
v -0.14895077 0.56262046 -0.02008765
v -0.14723888 0.56380629 -0.01905639
v -0.15792385 0.57964590 -0.04440571
v -0.15723478 0.57278530 -0.03733630
v -0.15242202 0.56752495 -0.02798998
v -0.15295465 0.57426947 -0.03408562
v -0.16472767 0.57857389 -0.04861075
v -0.16668285 0.56892826 -0.04392124
v -0.15928246 0.56426640 -0.03282334
v -0.16295395 0.57001419 -0.04151440
v -0.16236661 0.55559041 -0.02918425
v -0.15556984 0.55898182 -0.02515241
v -0.15950115 0.55726846 -0.02788793
v -0.15115976 0.56231369 -0.02204211
v -0.15096608 0.58750092 -0.04287273
v -0.15644220 0.59142629 -0.05262079
v -0.15329370 0.58755587 -0.04452158
v -0.15216891 0.58786505 -0.04411663
v -0.15009629 0.58711110 -0.04143468
v -0.14927583 0.59480795 -0.04664995
v -0.15042576 0.58768852 -0.04251036
v -0.15158940 0.59957024 -0.05321983
v -0.15134357 0.60799935 -0.06083054
v -0.15271188 0.59992722 -0.05439588
v -0.15188985 0.59935467 -0.05344643
v -0.15590090 0.60757032 -0.06480357
v -0.15871428 0.59876100 -0.05938731
v -0.15412634 0.60055250 -0.05541725
v -0.16031924 0.59235943 -0.05494172
v -0.16431177 0.58446894 -0.05307541
v -0.15850927 0.58653029 -0.04922812
v -0.16198838 0.60634740 -0.06990198
v -0.16578153 0.59948765 -0.06536196
v -0.16072197 0.59980560 -0.06161156
v -0.16961294 0.60641856 -0.07727323
v -0.17428829 0.59918660 -0.07140561
v -0.16784574 0.59093166 -0.06009613
v -0.17015617 0.59957506 -0.06836385
v -0.17083433 0.58417676 -0.05634779
v -0.16727337 0.58430369 -0.05490864
v -0.17855846 0.60436084 -0.08377194
v -0.18450678 0.59543619 -0.07900001
v -0.17831579 0.58959158 -0.06676233
v -0.18024651 0.59660742 -0.07630420
v -0.18785817 0.59902388 -0.09211296
v -0.19269099 0.59071735 -0.08803632
v -0.19033902 0.58446229 -0.07596920
v -0.18974475 0.59234217 -0.08446098
v -0.19385478 0.57399734 -0.07217227
v -0.18715220 0.57170853 -0.06201394
v -0.18511074 0.57952144 -0.06459139
v -0.18812167 0.57824631 -0.06711940
v -0.17596075 0.57590218 -0.05520886
v -0.17799441 0.58246761 -0.06068476
v -0.16288963 0.61432065 -0.08164452
v -0.15920869 0.62139773 -0.09603904
v -0.16968730 0.61361823 -0.08870755
v -0.16610744 0.61403605 -0.08594909
v -0.15818507 0.61392063 -0.07749715
v -0.15402126 0.62173106 -0.09056556
v -0.15991486 0.61430584 -0.07881917
v -0.14266400 0.62722005 -0.09818231
v -0.13746596 0.62868414 -0.11113725
v -0.15009887 0.62424160 -0.10560336
v -0.14670805 0.62532592 -0.10190945
v -0.14407665 0.62531241 -0.11754635
v -0.15643767 0.62178650 -0.11246597
v -0.15189665 0.62406640 -0.10782239
v -0.16784523 0.61815953 -0.10341311
v -0.17937064 0.60935189 -0.09726777
v -0.17519408 0.61091938 -0.09353537
v -0.15213415 0.62165741 -0.12440975
v -0.16488014 0.61821758 -0.11859088
v -0.16039260 0.62086315 -0.11519755
v -0.15798247 0.61830435 -0.12975532
v -0.17143670 0.61313961 -0.12571078
v -0.17620431 0.61307468 -0.11144815
v -0.16911185 0.61479281 -0.12297782
v -0.18643116 0.60464124 -0.10573599
v -0.18294663 0.60722033 -0.10212484
v -0.16329709 0.61339827 -0.13562493
v -0.17469360 0.60973848 -0.12994345
v -0.18128115 0.60856569 -0.11810178
v -0.17230523 0.61236890 -0.12713543
v -0.16523461 0.61152543 -0.13781873
v -0.17651651 0.60816498 -0.13250035
v -0.18449936 0.60514366 -0.12268164
v -0.17525929 0.60911994 -0.13150425
v -0.19172881 0.59961227 -0.11425182
v -0.19597799 0.59273115 -0.10283116
v -0.18940911 0.60181856 -0.11038893
v -0.19093058 0.60040466 -0.11250743
v -0.19350108 0.59485789 -0.09980720
v -0.18845968 0.60259934 -0.10864041
v -0.14465795 0.61897220 -0.13675408
v -0.13708238 0.61277327 -0.14850893
v -0.15128721 0.61364590 -0.14280158
v -0.14903900 0.61525896 -0.14078655
v -0.13821978 0.62294501 -0.13114277
v -0.13230706 0.61785808 -0.14273217
v -0.14227635 0.62041782 -0.13465349
v -0.11923359 0.61549699 -0.14729758
v -0.11370320 0.60861923 -0.15477191
v -0.12461871 0.61165613 -0.15163678
v -0.12273486 0.61330513 -0.14991566
v -0.11779068 0.60353015 -0.15966651
v -0.12986852 0.60655275 -0.15661661
v -0.12834873 0.60835685 -0.15467334
v -0.14022918 0.60995164 -0.15151305
v -0.15259575 0.61185288 -0.14506543
v -0.15205780 0.61284061 -0.14389932
v -0.12055976 0.60001245 -0.16274501
v -0.13178817 0.60351557 -0.15942696
v -0.13072076 0.60587938 -0.15740092
v -0.12291998 0.59842175 -0.16397229
v -0.13412015 0.60198874 -0.16117992
v -0.14298631 0.60703584 -0.15453639
v -0.13294501 0.60291553 -0.15998509
v -0.15586435 0.60851133 -0.14864940
v -0.15518256 0.60939753 -0.14744233
v -0.12401861 0.59669365 -0.16548300
v -0.13529144 0.60059294 -0.16219855
v -0.14543126 0.60423669 -0.15715355
v -0.13413133 0.60119580 -0.16167357
v -0.12574299 0.59588082 -0.16645594
v -0.13744394 0.59936015 -0.16369675
v -0.14675349 0.60284068 -0.15886734
v -0.13620762 0.60001691 -0.16305813
v -0.16043278 0.60412564 -0.15280005
v -0.16959921 0.60620764 -0.14406314
v -0.15714056 0.60702735 -0.15007531
v -0.15867705 0.60592132 -0.15112480
v -0.16802897 0.60808407 -0.14199479
v -0.15701165 0.60780315 -0.14928623
v -0.11170455 0.59274007 -0.16723503
v -0.10327409 0.58652974 -0.16990862
v -0.11359116 0.59115829 -0.16875891
v -0.11250635 0.59212099 -0.16795465
v -0.10923728 0.59501912 -0.16553277
v -0.10152630 0.58753186 -0.16898319
v -0.11023611 0.59457642 -0.16586274
v -0.09118489 0.58016232 -0.17117099
v -0.08414422 0.57169833 -0.17328241
v -0.09301722 0.57931947 -0.17194601
v -0.09217557 0.57986308 -0.17140959
v -0.08566891 0.56970801 -0.17454326
v -0.09517852 0.57795459 -0.17282314
v -0.09423659 0.57836959 -0.17249009
v -0.10536210 0.58439787 -0.17144583
v -0.11452594 0.58944247 -0.17003480
v -0.11435321 0.59063806 -0.16943966
v -0.08738468 0.56879745 -0.17543281
v -0.09676680 0.57683052 -0.17372591
v -0.09592229 0.57742693 -0.17340481
v -0.08895158 0.56789278 -0.17626610
v -0.09836609 0.57542857 -0.17513639
v -0.10682811 0.58356465 -0.17260013
v -0.09753625 0.57558554 -0.17493214
v -0.11631930 0.58857189 -0.17109586
v -0.11543974 0.58883828 -0.17083310
v -0.07831011 0.56021088 -0.17625345
v -0.07352228 0.54887551 -0.17839479
v -0.08002285 0.55920544 -0.17701929
v -0.07919888 0.55973064 -0.17671685
v -0.07179328 0.55027628 -0.17752947
v -0.07732658 0.56113279 -0.17567285
v -0.06242466 0.52426414 -0.18013158
v -0.06681667 0.53642596 -0.17947659
v -0.06584273 0.53665740 -0.17919817
v -0.06383332 0.52416152 -0.18053052
v -0.06943898 0.53731967 -0.18010248
v -0.06780136 0.53615247 -0.17981013
v -0.07537085 0.54823022 -0.17917864
v -0.08183787 0.55839155 -0.17790648
v -0.08086273 0.55868079 -0.17754577
v -0.06532028 0.52386577 -0.18125620
v -0.07104861 0.53701912 -0.18079556
v -0.06991798 0.53716981 -0.18034131
v -0.06724347 0.52367418 -0.18207398
v -0.07288828 0.53640120 -0.18172584
v -0.07626889 0.54745617 -0.17992396
v -0.07211585 0.53665172 -0.18130305
v -0.08360219 0.55751529 -0.17885264
v -0.08249615 0.55816032 -0.17828064
v -0.06347394 0.50900752 -0.18184954
v -0.06493821 0.49561894 -0.18230400
v -0.06455561 0.51094546 -0.18215835
v -0.06290029 0.51072003 -0.18150694
v -0.06288112 0.49491884 -0.18180691
v -0.06237982 0.50879202 -0.18169753
v -0.06992108 0.46630308 -0.18102091
v -0.06719444 0.48118515 -0.18231415
v -0.06628591 0.48049814 -0.18231095
v -0.07168177 0.46763637 -0.18155558
v -0.06925572 0.48230206 -0.18276480
v -0.06845330 0.48194298 -0.18266251
v -0.06691340 0.49595991 -0.18305667
v -0.06601769 0.51069473 -0.18274972
v -0.06505836 0.51085954 -0.18233919
v -0.07175085 0.47059329 -0.18176156
v -0.07021230 0.48342242 -0.18344144
v -0.06977646 0.48230540 -0.18289083
v -0.07350286 0.47084926 -0.18230353
v -0.06970710 0.48408012 -0.18336775
v -0.06656474 0.49610976 -0.18317501
v -0.06896161 0.48448922 -0.18290966
v -0.06802274 0.51071861 -0.18367852
v -0.06643927 0.51063635 -0.18292713
v -0.07705263 0.45519864 -0.18037797
v -0.08264737 0.44676590 -0.17912007
v -0.07647657 0.45822466 -0.18046333
v -0.07670879 0.45714258 -0.18000015
v -0.07523221 0.45269463 -0.18017314
v -0.08134852 0.44467986 -0.17840640
v -0.07602333 0.45384386 -0.18007955
v -0.08717366 0.43143869 -0.17682678
v -0.09330636 0.42150634 -0.17465759
v -0.08820665 0.43514887 -0.17722429
v -0.08730066 0.43348615 -0.17684637
v -0.09423515 0.42446767 -0.17510680
v -0.08873557 0.43904639 -0.17760698
v -0.08763255 0.43780745 -0.17707718
v -0.08355502 0.44939234 -0.17933444
v -0.07817883 0.45918307 -0.18104366
v -0.07729156 0.45901139 -0.18056547
v -0.09380147 0.42957526 -0.17526368
v -0.08830356 0.44227977 -0.17750217
v -0.08812917 0.44110043 -0.17721739
v -0.09524835 0.43041253 -0.17607401
v -0.09010293 0.44317050 -0.17826180
v -0.08530575 0.45035982 -0.17999931
v -0.08908812 0.44240901 -0.17799528
v -0.07918273 0.46023784 -0.18158703
v -0.07842964 0.46078831 -0.18097147
v -0.09756894 0.43263699 -0.17697689
v -0.09213482 0.44363412 -0.17954772
v -0.08650264 0.45171516 -0.18111370
v -0.09120840 0.44376892 -0.17888440
v -0.09852724 0.43547748 -0.17771957
v -0.09427175 0.44447380 -0.18052543
v -0.08768843 0.45310285 -0.18173974
v -0.09338130 0.44474891 -0.17991161
v -0.08343388 0.46200298 -0.18395405
v -0.07798350 0.47197657 -0.18484541
v -0.08156471 0.46069492 -0.18274372
v -0.08279819 0.46116411 -0.18318763
v -0.07600838 0.47095175 -0.18355453
v -0.08040150 0.46077139 -0.18197008
v -0.10061233 0.42475408 -0.17342860
v -0.10737968 0.42272508 -0.17104418
v -0.10118727 0.42756224 -0.17393465
v -0.10009738 0.42726077 -0.17340879
v -0.10055967 0.42131572 -0.17310234
v -0.10682840 0.41991293 -0.17075464
v -0.09993586 0.42439072 -0.17304874
v -0.11284565 0.41035761 -0.16745006
v -0.11739261 0.40386782 -0.16366089
v -0.11254949 0.41418658 -0.16784470
v -0.11165911 0.41261842 -0.16746119
v -0.11878182 0.40665918 -0.16473477
v -0.11415631 0.41587406 -0.16866207
v -0.11347861 0.41520728 -0.16811920
v -0.10942513 0.42380441 -0.17193965
v -0.10321998 0.42995919 -0.17474237
v -0.10212310 0.42844969 -0.17444183
v -0.12024899 0.40917742 -0.16549035
v -0.11479927 0.41957376 -0.16903366
v -0.11405952 0.41874303 -0.16861162
v -0.12029690 0.41379926 -0.16552207
v -0.11626955 0.41997378 -0.16993653
v -0.10841562 0.42664780 -0.17206814
v -0.11557959 0.42019042 -0.16944407
v -0.10514063 0.43045110 -0.17581891
v -0.10399533 0.42990079 -0.17523352
v -0.12410508 0.41890421 -0.16877634
v -0.12931687 0.41548753 -0.16536373
v -0.13068929 0.41505973 -0.16041576
v -0.12639211 0.41789382 -0.16463814
v -0.12679102 0.41720133 -0.16475272
v -0.12355249 0.41873365 -0.16854955
v -0.12845658 0.41584459 -0.16540401
v -0.12990306 0.41525949 -0.16051870
v -0.12873334 0.41576556 -0.16556129
v -0.13587929 0.41147454 -0.15633762
v -0.13980543 0.40879358 -0.15145523
v -0.13619271 0.41146120 -0.15691792
v -0.13596815 0.41125259 -0.15677883
v -0.13690531 0.41095114 -0.15112134
v -0.13707258 0.41179123 -0.15679806
v -0.13679760 0.41175283 -0.15669080
v -0.14246401 0.40862919 -0.14792198
v -0.14194227 0.41070207 -0.14276449
v -0.14296974 0.40890034 -0.14836271
v -0.14271750 0.40898048 -0.14808843
v -0.14169405 0.40825980 -0.14780638
v -0.14724077 0.40668456 -0.14460018
v -0.14184520 0.40802768 -0.14812213
v -0.14847493 0.40668457 -0.13982765
v -0.14989325 0.40617381 -0.13498569
v -0.14382847 0.41045373 -0.13835841
v -0.14886932 0.40678616 -0.13979155
v -0.15082650 0.40693106 -0.13514329
v -0.14448764 0.41075374 -0.13853395
v -0.14422036 0.41039069 -0.13839311
v -0.15311945 0.40838427 -0.12854304
v -0.15463678 0.41051536 -0.12145378
v -0.15213296 0.40934014 -0.12843954
v -0.15339793 0.40817869 -0.12888330
v -0.15251228 0.40779389 -0.12833617
v -0.15430168 0.41032508 -0.12113075
v -0.15295382 0.40814294 -0.12835117
v -0.16008541 0.40942393 -0.11503736
v -0.16437791 0.41013085 -0.10853542
v -0.15623744 0.41155939 -0.11385218
v -0.16029054 0.40959372 -0.11530011
v -0.16493576 0.40975745 -0.10897923
v -0.15672630 0.41202839 -0.11422074
v -0.15646612 0.41178446 -0.11405798
v -0.16770904 0.41303763 -0.10062131
v -0.16580476 0.41894134 -0.09025925
v -0.16092902 0.41649969 -0.09840935
v -0.16615083 0.41383160 -0.09999338
v -0.16715120 0.41362678 -0.10017275
v -0.16551376 0.41894427 -0.08994284
v -0.16754807 0.41307324 -0.10047030
v -0.17534080 0.41846618 -0.08365072
v -0.17786164 0.42281977 -0.07481885
v -0.16913703 0.42157148 -0.08250758
v -0.17552551 0.41882831 -0.08410157
v -0.17507481 0.42354867 -0.07510219
v -0.17027709 0.42077530 -0.08214848
v -0.17007066 0.42073588 -0.08199494
v -0.18543025 0.42595017 -0.06936735
v -0.19231727 0.42932560 -0.06341558
v -0.18620952 0.42571490 -0.06988163
v -0.18597621 0.42568908 -0.06971293
v -0.18517269 0.42537651 -0.06892037
v -0.19163471 0.42845924 -0.06365766
v -0.18537565 0.42571781 -0.06945863
v -0.19504408 0.43415625 -0.05637913
v -0.19721623 0.43920179 -0.05034268
v -0.19577755 0.43380238 -0.05697240
v -0.19557106 0.43370082 -0.05665619
v -0.19764714 0.43941478 -0.05102251
v -0.19627860 0.43412069 -0.05767610
v -0.19601090 0.43396515 -0.05732515
v -0.19782703 0.44581423 -0.04488123
v -0.19934640 0.45357961 -0.04143685
v -0.19875207 0.44570981 -0.04577367
v -0.19805516 0.44593756 -0.04529246
v -0.19718931 0.44518627 -0.04470820
v -0.19874386 0.45373304 -0.04056473
v -0.19737874 0.44541571 -0.04531298
v -0.19869516 0.46208942 -0.03766963
v -0.19724911 0.47068800 -0.03640138
v -0.19929495 0.46178763 -0.03863927
v -0.19898672 0.46162396 -0.03802601
v -0.19829635 0.47059647 -0.03766898
v -0.19797156 0.46153196 -0.03949607
v -0.19963002 0.46192856 -0.03926704
v -0.19778594 0.47836770 -0.03694744
v -0.19598415 0.48604502 -0.03926115
v -0.19854942 0.47829836 -0.03799785
v -0.19810568 0.47831456 -0.03737616
v -0.19706863 0.47876395 -0.03589594
v -0.19714751 0.48638485 -0.03725397
v -0.19732271 0.47873416 -0.03639309
v -0.19496223 0.49316924 -0.03964255
v -0.19417439 0.50171417 -0.04320447
v -0.19543459 0.49405992 -0.04086365
v -0.19515060 0.49419480 -0.04044615
v -0.19475002 0.50141161 -0.04404756
v -0.19588062 0.49349811 -0.04152607
v -0.19555261 0.49366767 -0.04112393
v -0.19393815 0.50758922 -0.04902629
v -0.19464591 0.51481602 -0.05547817
v -0.19431744 0.50802083 -0.05038510
v -0.19401470 0.50717129 -0.04941941
v -0.19347559 0.50843319 -0.04788109
v -0.19410483 0.51420094 -0.05402572
v -0.19365663 0.50777646 -0.04861387
v -0.19504566 0.52061260 -0.05925745
v -0.19761861 0.52614696 -0.06700861
v -0.19566438 0.52105385 -0.06088739
v -0.19527625 0.52036597 -0.05966467
v -0.19810152 0.52556413 -0.06775668
v -0.19575620 0.52013649 -0.06167835
v -0.19590570 0.52079703 -0.06125066
v -0.20083390 0.53413409 -0.07273131
v -0.20432784 0.53952563 -0.08110290
v -0.20110896 0.53376211 -0.07411765
v -0.20050281 0.53345039 -0.07322433
v -0.20026149 0.53383724 -0.07112397
v -0.20352886 0.53962554 -0.07971068
v -0.20047191 0.53356587 -0.07149832
v -0.20575613 0.54711892 -0.08558174
v -0.20749524 0.55508586 -0.09282648
v -0.20629603 0.54639085 -0.08642191
v -0.20606993 0.54668387 -0.08606105
v -0.20797106 0.55341999 -0.09517661
v -0.20610788 0.54608051 -0.08801893
v -0.20659516 0.54671432 -0.08766466
v -0.20890924 0.56187828 -0.10159091
v -0.20902622 0.56732464 -0.11123723
v -0.20861621 0.56143924 -0.10311694
v -0.20907085 0.56212909 -0.10280150
v -0.20848490 0.56196825 -0.09996208
v -0.20924119 0.56799669 -0.10962352
v -0.20868903 0.56217535 -0.10123087
v -0.20794265 0.57470728 -0.11682429
v -0.20424300 0.58126276 -0.12684410
v -0.20810236 0.57418232 -0.11926484
v -0.20783617 0.57456242 -0.11788541
v -0.20413932 0.58121899 -0.12889892
v -0.20781503 0.57355367 -0.12062405
v -0.20782925 0.57341272 -0.11967325
v -0.19825012 0.58719599 -0.13683974
v -0.19319034 0.58799547 -0.14784951
v -0.19846545 0.58669483 -0.13810794
v -0.19856266 0.58679769 -0.13722191
v -0.19879549 0.58771175 -0.13496534
v -0.19308781 0.58863579 -0.14659297
v -0.19839908 0.58727005 -0.13587934
v -0.18434600 0.59252622 -0.15287821
v -0.17503911 0.59300057 -0.15964278
v -0.18411994 0.59137576 -0.15408652
v -0.18471186 0.59209510 -0.15338958
v -0.17473008 0.59174779 -0.16063999
v -0.18369378 0.59068992 -0.15572334
v -0.18386140 0.59105603 -0.15489282
v -0.16539323 0.59174516 -0.16604212
v -0.15397459 0.58894082 -0.17140557
v -0.16447296 0.59033125 -0.16725646
v -0.16478284 0.59081148 -0.16654017
v -0.16535923 0.59266427 -0.16475217
v -0.15428466 0.59029336 -0.17059856
v -0.16514084 0.59207345 -0.16567087
v -0.14484945 0.58804230 -0.17363172
v -0.13550719 0.58183980 -0.17839771
v -0.14569400 0.58536878 -0.17554643
v -0.14439012 0.58684374 -0.17428069
v -0.13549905 0.58039442 -0.17923371
v -0.14559010 0.58409094 -0.17634116
v -0.14600043 0.58477330 -0.17572323
v -0.12670857 0.57668827 -0.18119680
v -0.11874711 0.57015819 -0.18387524
v -0.12641826 0.57527083 -0.18177174
v -0.12703380 0.57636392 -0.18149520
v -0.12587606 0.57769619 -0.18051281
v -0.11810397 0.57110498 -0.18365504
v -0.12639397 0.57703612 -0.18083205
v -0.10869021 0.56524355 -0.18479449
v -0.10959601 0.56432714 -0.18539401
v -0.10907156 0.56478648 -0.18520955
v -0.10924810 0.56285921 -0.18616657
v -0.10895353 0.56315956 -0.18591741
v -0.20233874 0.58258515 -0.10196826
v -0.20268851 0.57627084 -0.09258354
v -0.20082748 0.58398661 -0.09921300
v -0.20004104 0.58919693 -0.10953603
v -0.20179023 0.58321946 -0.10018124
v -0.20333253 0.56658019 -0.08486278
v -0.20100444 0.56144484 -0.07707855
v -0.20126022 0.56925155 -0.08242796
v -0.20269940 0.56781272 -0.08378456
v -0.19940955 0.56259266 -0.07427456
v -0.19915325 0.57111603 -0.07962871
v -0.20108395 0.57755152 -0.08983196
v -0.19998763 0.56995930 -0.08066744
v -0.19926835 0.58517861 -0.09687350
v -0.19743985 0.59177824 -0.10626822
v -0.20033843 0.58479580 -0.09852681
v -0.19396436 0.59708550 -0.11739377
v -0.18743937 0.60178154 -0.12819026
v -0.19551868 0.59556775 -0.12007198
v -0.19457935 0.59629768 -0.11908314
v -0.18609431 0.60375486 -0.12514960
v -0.19323727 0.59777783 -0.11682493
v -0.17837834 0.60603314 -0.13471190
v -0.17722041 0.60738551 -0.13389645
v -0.17969145 0.60478487 -0.13684959
v -0.17860580 0.60572325 -0.13587556
v -0.19897190 0.55354421 -0.06963625
v -0.19468631 0.54724298 -0.06054517
v -0.19571390 0.55596756 -0.06613908
v -0.19736984 0.55594356 -0.06757901
v -0.20062951 0.55263059 -0.07185034
v -0.19592525 0.54670923 -0.06291489
v -0.19921554 0.55275342 -0.07034270
v -0.19393675 0.53799409 -0.05776404
v -0.19131733 0.53188447 -0.05127072
v -0.19207900 0.53875424 -0.05552121
v -0.19355195 0.53828007 -0.05727350
v -0.19016966 0.53311137 -0.04986687
v -0.19079694 0.54011656 -0.05407997
v -0.19157557 0.53904545 -0.05503170
v -0.19217696 0.54886155 -0.05786018
v -0.19256479 0.55909840 -0.06165714
v -0.19695941 0.56511727 -0.07238369
v -0.19476450 0.55727677 -0.06495242
v -0.18729842 0.53577666 -0.04598662
v -0.18721044 0.54301300 -0.04986029
v -0.18834029 0.54171423 -0.05105527
v -0.18439247 0.53684905 -0.04305228
v -0.18388948 0.54462230 -0.04679726
v -0.18865212 0.55106470 -0.05448960
v -0.18601868 0.54322750 -0.04792595
v -0.18926375 0.56087592 -0.05845587
v -0.19330426 0.56851997 -0.06755193
v -0.19135302 0.56037109 -0.06035763
v -0.19613713 0.57235109 -0.07550035
v -0.19847260 0.58009731 -0.08644646
v -0.19817961 0.57123294 -0.07778684
v -0.19487982 0.58239815 -0.08162284
v -0.19501571 0.57394882 -0.07416946
v -0.19618021 0.58859748 -0.09274561
v -0.19424417 0.58951112 -0.09051087
v -0.19809185 0.58654073 -0.09459448
v -0.18886257 0.52614541 -0.04427345
v -0.18721872 0.52000063 -0.03730355
v -0.18746538 0.52728079 -0.04282850
v -0.18839058 0.52634475 -0.04384999
v -0.19032366 0.52540078 -0.04668155
v -0.18845829 0.51903467 -0.03837691
v -0.18971983 0.52512709 -0.04499147
v -0.18932490 0.51160639 -0.03445552
v -0.18817263 0.50160042 -0.02892619
v -0.18774014 0.51089716 -0.03214825
v -0.18865951 0.51063391 -0.03322245
v -0.18665333 0.50460870 -0.02466339
v -0.18645577 0.51027501 -0.03058260
v -0.18679468 0.51147729 -0.03144070
v -0.18464376 0.52165716 -0.03308925
v -0.18435011 0.52970719 -0.03831454
v -0.18613408 0.52696326 -0.04119837
v -0.18302515 0.50540134 -0.02005542
v -0.18305272 0.51172221 -0.02578678
v -0.18441262 0.51262168 -0.02737349
v -0.17963983 0.50459693 -0.01614212
v -0.18128281 0.52336513 -0.02846944
v -0.18133011 0.51250201 -0.02408324
v -0.18274803 0.52976192 -0.03645678
v -0.18808104 0.49411392 -0.02317507
v -0.18822665 0.48456649 -0.01998249
v -0.18584761 0.49296417 -0.02091303
v -0.18702180 0.49288939 -0.02219520
v -0.19048393 0.49397890 -0.02593840
v -0.19024514 0.48587942 -0.02189156
v -0.18905987 0.49399153 -0.02417073
v -0.19122813 0.47665910 -0.02263795
v -0.19055145 0.46810497 -0.02028886
v -0.19018901 0.47704775 -0.01904115
v -0.19091046 0.47769190 -0.02016167
v -0.18958909 0.46832956 -0.01777105
v -0.18762959 0.47679005 -0.01698465
v -0.18900979 0.47696604 -0.01805995
v -0.18592688 0.48503392 -0.01580652
v -0.18172873 0.49329054 -0.01555954
v -0.18410500 0.49381722 -0.01797172
v -0.18752380 0.46695420 -0.01473356
v -0.18496354 0.47549802 -0.01320633
v -0.18583508 0.47519755 -0.01489393
v -0.18393392 0.46616691 -0.01173256
v -0.18199737 0.48312178 -0.01207536
v -0.18331420 0.47458202 -0.01196075
v -0.18050733 0.49439326 -0.01282942
v -0.19333720 0.45958393 -0.02315921
v -0.19315710 0.45039748 -0.02662832
v -0.19095756 0.45897319 -0.02024550
v -0.19192963 0.45879849 -0.02148131
v -0.19296131 0.46010858 -0.02500437
v -0.19334072 0.45132404 -0.02803646
v -0.19373415 0.46045646 -0.02283674
v -0.19614922 0.44533688 -0.03450103
v -0.19426955 0.43630414 -0.03908490
v -0.19427048 0.44388602 -0.03233631
v -0.19513846 0.44429934 -0.03307508
v -0.19309711 0.43500295 -0.03673907
v -0.19267554 0.44156202 -0.03096900
v -0.19344980 0.44257777 -0.03082764
v -0.19129277 0.44969350 -0.02370259
v -0.18858512 0.45688813 -0.01743890
v -0.18920457 0.45805172 -0.01837373
v -0.19066808 0.43278175 -0.03552758
v -0.19030670 0.43979780 -0.02777388
v -0.19132245 0.44053400 -0.02953242
v -0.18869477 0.43063115 -0.03289405
v -0.18844090 0.43770000 -0.02582545
v -0.18819075 0.44673229 -0.02104701
v -0.18962131 0.43878187 -0.02721663
v -0.18443673 0.45580701 -0.01419188
v -0.18601389 0.45612755 -0.01559075
v -0.18957917 0.42497570 -0.04192476
v -0.18705169 0.41801175 -0.05050705
v -0.18733454 0.42267343 -0.04087334
v -0.18827541 0.42412866 -0.04094173
v -0.19075712 0.42826022 -0.04420641
v -0.18820310 0.42093571 -0.05229954
v -0.19037026 0.42654906 -0.04350112
v -0.18703835 0.41749947 -0.06165225
v -0.18298211 0.40968942 -0.06706756
v -0.18579680 0.41468119 -0.05888806
v -0.18602399 0.41635448 -0.06017007
v -0.18092579 0.40682172 -0.06430077
v -0.18356282 0.41172160 -0.05798144
v -0.18449889 0.41295585 -0.05843014
v -0.18358696 0.41194304 -0.04876553
v -0.18293252 0.41304170 -0.03815543
v -0.18576673 0.42462432 -0.03133819
v -0.18528232 0.41803897 -0.03863832
v -0.17780043 0.40047213 -0.06243260
v -0.17919241 0.40193655 -0.05488466
v -0.18139241 0.40683703 -0.05676763
v -0.17274210 0.38905349 -0.06129748
v -0.17365071 0.38890578 -0.05365595
v -0.17893453 0.40118213 -0.04637516
v -0.17637721 0.39589522 -0.05435741
v -0.17773333 0.40066863 -0.03593847
v -0.18089113 0.41340866 -0.02848385
v -0.18023006 0.40619036 -0.03741361
v -0.18362355 0.42912664 -0.02335210
v -0.18414836 0.44220137 -0.01748395
v -0.18558036 0.43329750 -0.02424443
v -0.17850090 0.41651841 -0.01968857
v -0.17893195 0.43215314 -0.01287928
v -0.18112649 0.42252767 -0.02143416
v -0.17312228 0.43417496 -0.00529402
v -0.17912454 0.44676084 -0.00914373
v -0.17625567 0.44140068 -0.00749055
v -0.18212027 0.45210773 -0.01211254
v -0.17288588 0.38638618 -0.04393873
v -0.17028938 0.38148433 -0.03466724
v -0.17455243 0.39726485 -0.02620356
v -0.17370067 0.39053604 -0.03518591
v -0.16845462 0.37165763 -0.05800779
v -0.16852030 0.36870023 -0.05006208
v -0.17075411 0.37955322 -0.05137865
v -0.16760514 0.34684529 -0.05083720
v -0.16809654 0.34218517 -0.04123120
v -0.16790624 0.36425146 -0.03966495
v -0.16825105 0.35647089 -0.04561905
v -0.16680728 0.35865039 -0.02923781
v -0.16661564 0.37511169 -0.02415029
v -0.16763646 0.37070763 -0.03190859
v -0.17119066 0.39464213 -0.01796114
v -0.17316892 0.41443708 -0.01001681
v -0.17506238 0.40616181 -0.01885628
v -0.16350458 0.37205623 -0.01464131
v -0.16676078 0.39113958 -0.00881288
v -0.16710978 0.38311370 -0.01717982
v -0.16036101 0.38633860 0.00182050
v -0.16714680 0.41184959 -0.00115165
v -0.16401062 0.39883402 0.00067189
v -0.17016486 0.42436328 -0.00339722
v -0.16640442 0.33046260 -0.03017494
v -0.16234026 0.31441792 -0.01827243
v -0.16548251 0.34254709 -0.01205549
v -0.16640083 0.33609426 -0.02097728
v -0.16357069 0.31551272 -0.04617655
v -0.16213177 0.29904682 -0.03549489
v -0.16494738 0.32260921 -0.03800807
v -0.15919805 0.26623020 -0.04398437
v -0.15783547 0.24925413 -0.03401089
v -0.15996361 0.28114943 -0.02559726
v -0.15984862 0.27321830 -0.03492947
v -0.15686466 0.26271204 -0.01536451
v -0.15730661 0.29332076 -0.00625545
v -0.15901229 0.28701183 -0.01566385
v -0.16019964 0.32705091 -0.00070278
v -0.15837243 0.36226873 -0.00296447
v -0.16215527 0.35363467 -0.00850799
v -0.15233498 0.27539729 0.00368745
v -0.15281421 0.30730531 0.00997043
v -0.15546078 0.29986849 0.00159851
v -0.14499915 0.28596262 0.02094150
v -0.15503132 0.34603609 0.01374345
v -0.14928912 0.31615651 0.01886919
v -0.15469947 0.36974440 0.00453524
v -0.15556286 0.22206284 -0.02371510
v -0.15311532 0.19289454 -0.01214120
v -0.15177462 0.23309948 -0.00403188
v -0.15407227 0.22745633 -0.01373605
v -0.15713268 0.21231876 -0.04273348
v -0.15706937 0.18311280 -0.02987849
v -0.15650585 0.21727852 -0.03349514
v -0.15729127 0.14074856 -0.03323242
v -0.15813971 0.11254224 -0.01859325
v -0.15412211 0.15065561 -0.01641136
v -0.15581616 0.14569587 -0.02452666
v -0.15212253 0.12009981 -0.00184258
v -0.14922954 0.16233407 0.00067227
v -0.15214887 0.15610545 -0.00812024
v -0.14635696 0.20362812 0.00665496
v -0.14457497 0.24614443 0.01494657
v -0.14860755 0.23918148 0.00567426
v -0.14363613 0.13232172 0.01466204
v -0.14116043 0.17290767 0.01832473
v -0.14529859 0.16775018 0.01023043
v -0.13284915 0.13989963 0.03211585
v -0.12887416 0.18105206 0.03639164
v -0.13717350 0.21636072 0.02448626
v -0.13563277 0.17829416 0.02702896
v -0.13547471 0.26065541 0.03182239
v -0.14060733 0.25194290 0.02302103
v -0.13770828 0.09602549 0.03030927
v -0.13634992 0.05455804 0.04777747
v -0.12347211 0.10893367 0.04467200
v -0.13072316 0.10255243 0.03761148
v -0.15080495 0.08121778 0.01609892
v -0.14964733 0.04049795 0.03117010
v -0.14475083 0.08896713 0.02398019
v -0.15402606 -0.00151797 0.03017014
v -0.14660695 -0.03137072 0.04394973
v -0.14355815 0.01020960 0.04593195
v -0.14903522 0.00363148 0.03812004
v -0.13452407 -0.01899957 0.05988294
v -0.13056677 0.02014933 0.06108490
v -0.13747347 0.01612802 0.05423059
v -0.11799329 0.06853625 0.05799843
v -0.10779383 0.11935766 0.05882015
v -0.11868805 0.15055480 0.04812087
v -0.11563222 0.11392872 0.05175646
v -0.12008141 -0.00820128 0.07402919
v -0.11313738 0.03208060 0.07749298
v -0.12273188 0.02707006 0.06958990
v -0.10319575 -0.00014512 0.08810790
v -0.09339232 0.04327300 0.08310730
v -0.09838062 0.08033294 0.07032595
v -0.10290583 0.03812650 0.07875659
v -0.08914701 0.12797329 0.07324525
v -0.10227151 0.16143032 0.06373087
v -0.09869966 0.12369706 0.06603536
v -0.11404181 0.19677011 0.05217038
v -0.12351006 0.23047631 0.04250971
v -0.12210344 0.19118168 0.04410988
v -0.09498363 0.21172561 0.06741724
v -0.10748962 0.24833967 0.05886316
v -0.10471732 0.20692749 0.06001336
v -0.10468353 0.30417241 0.06589466
v -0.12240771 0.28138524 0.04951555
v -0.11402043 0.29157954 0.05773607
v -0.12914647 0.26808874 0.04084853
v -0.07860191 0.08853042 0.08221717
v -0.06773788 0.13488476 0.08648933
v -0.08110146 0.16872293 0.07828297
v -0.07934481 0.13146003 0.07968168
v -0.08415633 0.00489035 0.09784509
v -0.07117025 0.05109966 0.09385440
v -0.08250851 0.04749508 0.08803641
v -0.06200190 0.01106319 0.10867589
v -0.04861243 0.05504663 0.10405286
v -0.05748318 0.09922520 0.09359239
v -0.06006704 0.05342519 0.09882218
v -0.04687428 0.13892267 0.09609964
v -0.05941360 0.17374629 0.08996431
v -0.05730822 0.13683015 0.09180591
v -0.07401671 0.21729968 0.07971238
v -0.08765590 0.25746144 0.07377569
v -0.08479830 0.21574883 0.07383238
v -0.05083343 0.21981446 0.09069495
v -0.06617981 0.26092098 0.08633120
v -0.06326421 0.21927133 0.08504258
v -0.06042858 0.30733334 0.09206678
v -0.08284584 0.30789234 0.08090864
v -0.07143534 0.30842218 0.08715223
v -0.09335695 0.30255778 0.07384202
v -0.07309733 -0.02880999 0.10860172
v -0.05615572 -0.06435576 0.11785622
v -0.05262450 -0.02843102 0.12448369
v -0.06253341 -0.03359989 0.11914056
v -0.09034619 -0.03316548 0.09814598
v -0.07589725 -0.06985978 0.10986834
v -0.07920621 -0.03030189 0.10438997
v -0.08261561 -0.11515951 0.11352493
v -0.06945185 -0.15257035 0.12802221
v -0.06217463 -0.10584198 0.12216353
v -0.07281533 -0.10887832 0.11792527
v -0.04669876 -0.14705248 0.13748649
v -0.05219513 -0.09919260 0.13399859
v -0.04971401 -0.10282359 0.12620722
v -0.05534078 -0.18953958 0.14220271
v -0.04001831 -0.22888396 0.15550102
v -0.05036360 -0.17971102 0.15489861
v -0.04419282 -0.18727884 0.14697380
v -0.07688919 -0.19603846 0.13155290
v -0.06306792 -0.23396382 0.14547129
v -0.06729311 -0.19235173 0.13642977
v -0.06862617 -0.28034776 0.14913707
v -0.05028836 -0.32258026 0.16276436
v -0.04660994 -0.27376375 0.15983899
v -0.05821649 -0.27652449 0.15458569
v -0.03739722 -0.31669617 0.17249211
v -0.06077147 -0.27023665 0.17523462
v -0.03509073 -0.27277753 0.16501719
v -0.03118803 -0.36813034 0.17140103
v -0.02580257 -0.40432999 0.17600180
v -0.04324776 -0.35896053 0.18267227
v -0.03153201 -0.35982356 0.17541145
v -0.05352290 -0.37056651 0.16192692
v -0.03506352 -0.40999357 0.16787707
v -0.04248052 -0.37039122 0.16661053
v -0.03711937 -0.45765227 0.16014274
v -0.01382845 -0.49644207 0.15823765
v -0.01547058 -0.44889263 0.17015150
v -0.02584579 -0.45490850 0.16499365
v 0.00702783 -0.49062777 0.16833108
v -0.04925230 -0.44563702 0.17936956
v -0.00684150 -0.44287930 0.17562859
v 0.00561664 -0.53543524 0.15520335
v 0.02634750 -0.56595654 0.15383361
v -0.05311862 -0.53334558 0.15542191
v 0.01679003 -0.53367814 0.15884924
v -0.01422515 -0.54252534 0.14659199
v 0.00494732 -0.57338604 0.14630085
v -0.00354479 -0.54126893 0.15048104
v 0.00385680 -0.60454622 0.13802874
v 0.02003004 -0.63377881 0.13494605
v 0.02299163 -0.60162591 0.14452557
v 0.01355108 -0.60326482 0.14145863
v 0.03874634 -0.63053255 0.14018129
v -0.01271131 -0.60018738 0.14480100
v 0.03391587 -0.59984855 0.14745199
v 0.02538593 -0.64675851 0.12088471
v 0.03772043 -0.65735458 0.12672106
v 0.01986807 -0.64492730 0.12894836
v 0.03403326 -0.64482786 0.12182051
v 0.00855392 -0.65102265 0.11258283
v 0.01906911 -0.66100479 0.11761503
v 0.01579739 -0.64922499 0.11362111
v 0.01374337 -0.67900138 0.11342121
v 0.02995758 -0.67590034 0.12209946
v 0.02178538 -0.67866712 0.11777078
v 0.00918660 -0.67498030 0.13421863
v 0.03882142 -0.67307048 0.12625992
v -0.01433429 -0.58090108 0.13770963
v -0.01716831 -0.61531004 0.12777912
v 0.00033821 -0.64012228 0.12722859
v -0.00745491 -0.60924485 0.13300332
v -0.03708090 -0.50651796 0.14869548
v -0.03333807 -0.55095756 0.13659672
v -0.02389753 -0.54772869 0.14146445
v -0.05185713 -0.52237786 0.13517450
v -0.05038943 -0.56233389 0.12568193
v -0.03358027 -0.58780524 0.12775244
v -0.04204589 -0.55671985 0.13130819
v -0.03508970 -0.62136109 0.11784295
v -0.01914071 -0.64874078 0.11672142
v -0.02589504 -0.61653784 0.12368851
v -0.01043347 -0.65708807 0.10592574
v -0.00019470 -0.66459159 0.10751176
v -0.00308819 -0.65319403 0.10317385
v -0.02665177 -0.66521615 0.10439996
v -0.01858344 -0.66780214 0.09558569
v -0.02191102 -0.66143388 0.10179960
v -0.02271851 -0.68410013 0.08931099
v -0.00944011 -0.69607601 0.09553885
v -0.00656737 -0.68229780 0.10213687
v -0.01450199 -0.68185525 0.09531489
v 0.00846512 -0.69355161 0.10684271
v 0.00467436 -0.68147635 0.10696930
v -0.03914428 -0.67496003 0.08375598
v -0.04080486 -0.69120374 0.07527405
v -0.02817802 -0.70221856 0.08259261
v -0.03146834 -0.68645392 0.08222866
v -0.03565443 -0.65381635 0.10712271
v -0.04509658 -0.67275799 0.08904228
v -0.03433744 -0.66872242 0.09913645
v -0.04956809 -0.66027634 0.09637526
v -0.05747011 -0.67933713 0.08209189
v -0.05413209 -0.67986763 0.06981501
v -0.05092327 -0.67537356 0.08812072
v -0.05885436 -0.70009882 0.06194238
v -0.04347147 -0.71301163 0.06661096
v -0.05196942 -0.69533132 0.06976476
v -0.03384913 -0.71532084 0.07476417
v -0.02371418 -0.72117288 0.08305961
v -0.01616859 -0.70805200 0.08974094
v -0.02479398 -0.71298461 0.08301595
v -0.04939994 -0.72414000 0.05931728
v -0.03989622 -0.72556357 0.06747937
v -0.04196551 -0.72025256 0.06712325
v -0.04803255 -0.73104229 0.05960352
v -0.03890782 -0.73140813 0.06771269
v -0.03073603 -0.72945321 0.07500705
v -0.03970026 -0.72918399 0.06716102
v -0.01945148 -0.73026097 0.08383119
v -0.01023989 -0.72663457 0.09083431
v -0.02081935 -0.72707528 0.08322211
v -0.00388040 -0.71872430 0.09640483
v 0.00333881 -0.70607912 0.10174194
v -0.00679918 -0.70612975 0.09535740
v 0.00050611 -0.73067129 0.09807323
v 0.00823860 -0.72686949 0.10314306
v -0.00200803 -0.72689485 0.09680732
v 0.02127072 -0.73079650 0.11059559
v 0.01579711 -0.71851732 0.10817703
v 0.01874236 -0.72675361 0.10924824
v 0.01114087 -0.70626954 0.10755996
v -0.05391302 -0.72785713 0.05400855
v -0.05896176 -0.73048810 0.04809568
v -0.05218735 -0.73190570 0.05428710
v -0.05322282 -0.72976151 0.05347726
v -0.05808159 -0.71926026 0.05320247
v -0.06201833 -0.72445550 0.04787127
v -0.05681320 -0.72438643 0.05397196
v -0.06997953 -0.71865873 0.04133089
v -0.07259533 -0.72471247 0.03562293
v -0.06424977 -0.72729299 0.04199665
v -0.06703087 -0.72353633 0.04165723
v -0.06788776 -0.73025119 0.03633618
v -0.06302968 -0.73304617 0.04269401
v -0.06394977 -0.73093560 0.04182900
v -0.07875899 -0.72885688 0.02571684
v -0.08371517 -0.72993932 0.01393989
v -0.07626432 -0.73322173 0.02592394
v -0.07712250 -0.73080270 0.02503677
v -0.08309708 -0.71811010 0.02480504
v -0.08917946 -0.72540641 0.01477037
v -0.07997035 -0.72263961 0.02493295
v -0.09516774 -0.71710712 0.00403038
v -0.09966679 -0.72361938 -0.00692028
v -0.09239379 -0.72835177 0.00368551
v -0.09464581 -0.72415329 0.00341128
v -0.09677474 -0.73156559 -0.00831773
v -0.09124916 -0.73556470 0.00423330
v -0.09204628 -0.73253383 0.00341063
v -0.10247828 -0.72995488 -0.01819272
v -0.10439487 -0.73444513 -0.02961888
v -0.10173536 -0.73703651 -0.01888303
v -0.10200125 -0.73422965 -0.01860785
v -0.10337010 -0.71907567 -0.01828091
v -0.10692468 -0.72837113 -0.02922040
v -0.10306827 -0.72457555 -0.01891524
v -0.11089404 -0.72682030 -0.03838913
v -0.11077349 -0.73243268 -0.05250039
v -0.10786973 -0.73372521 -0.04094386
v -0.10823663 -0.72908158 -0.04041520
v -0.11013028 -0.73854612 -0.05194455
v -0.10738093 -0.73850810 -0.04143544
v -0.10760347 -0.73651905 -0.04122787
v -0.11168601 -0.73710890 -0.06494475
v -0.11137680 -0.74032108 -0.07376031
v -0.11062181 -0.74099518 -0.06669114
v -0.11128126 -0.73948259 -0.06585424
v -0.11108158 -0.73525154 -0.05990334
v -0.10950222 -0.73842478 -0.07032993
v -0.11277079 -0.73502368 -0.05911157
v -0.10908824 -0.73333313 -0.07519720
v -0.10652568 -0.73473775 -0.08753571
v -0.10847241 -0.74037471 -0.08141567
v -0.10864482 -0.73753034 -0.08087439
v -0.10567979 -0.73942594 -0.09278321
v -0.10757739 -0.74360135 -0.08561877
v -0.10807193 -0.74211105 -0.08275028
v -0.10287566 -0.73364142 -0.10035887
v -0.09774108 -0.73147694 -0.11593635
v -0.10226920 -0.73607108 -0.10182706
v -0.10234388 -0.73527053 -0.10178596
v -0.10379324 -0.72701994 -0.09923770
v -0.09877893 -0.72705242 -0.11403096
v -0.10318754 -0.73113092 -0.09993549
v -0.09361954 -0.71871730 -0.12669068
v -0.08494008 -0.71878181 -0.14192307
v -0.09161462 -0.72580648 -0.13056304
v -0.09274739 -0.72312066 -0.12758551
v -0.08427185 -0.72389939 -0.14273271
v -0.09110484 -0.72908775 -0.13106769
v -0.09133979 -0.72789946 -0.13085106
v -0.07686933 -0.71685611 -0.15244194
v -0.06730812 -0.71507804 -0.16331745
v -0.07578083 -0.72114202 -0.15415488
v -0.07603148 -0.71969702 -0.15393521
v -0.07899944 -0.70941868 -0.14994104
v -0.06826703 -0.70908488 -0.16232833
v -0.07744871 -0.71380395 -0.15187861
v -0.05862221 -0.70034781 -0.17170633
v -0.04625239 -0.69955527 -0.18130165
v -0.05689584 -0.70853056 -0.17330741
v -0.05773569 -0.70446812 -0.17255427
v -0.04463231 -0.70644125 -0.18260527
v -0.05476739 -0.71348324 -0.17573552
v -0.05520862 -0.71155195 -0.17540374
v -0.03368587 -0.70014031 -0.18951725
v -0.01917259 -0.69882945 -0.19764693
v -0.03002807 -0.70492861 -0.19241848
v -0.03301907 -0.70273673 -0.19000086
v -0.03679419 -0.69021669 -0.18666923
v -0.02172442 -0.69166977 -0.19561219
v -0.03511354 -0.69573514 -0.18829142
v -0.01018535 -0.68263540 -0.20031817
v 0.00572867 -0.68379584 -0.20684462
v -0.00790147 -0.69156313 -0.20219890
v -0.00883813 -0.68800160 -0.20146721
v 0.00858618 -0.69089403 -0.20863197
v -0.00324885 -0.69712412 -0.20491086
v -0.00489341 -0.69470926 -0.20392111
v 0.02156113 -0.68451430 -0.21215334
v 0.03801062 -0.68414831 -0.21630977
v 0.02442020 -0.68961808 -0.21347503
v 0.02386400 -0.68751520 -0.21313049
v 0.01718722 -0.67535567 -0.20960996
v 0.03253245 -0.67693301 -0.21405774
v 0.01905792 -0.68070213 -0.21104738
v 0.04564474 -0.66798798 -0.21547587
v 0.06390492 -0.66993065 -0.21815631
v 0.05139922 -0.67734692 -0.21801734
v 0.04890853 -0.67348684 -0.21692125
v 0.06752372 -0.67670126 -0.21964619
v 0.05346174 -0.68244730 -0.21897418
v 0.05228674 -0.68036016 -0.21857440
v 0.07994558 -0.67041039 -0.21922538
v 0.09421965 -0.66970837 -0.21916865
v 0.08145086 -0.67537813 -0.22009821
v 0.08089813 -0.67335557 -0.21982726
v 0.07364053 -0.66013241 -0.21710779
v 0.09041467 -0.66247808 -0.21761954
v 0.07724335 -0.66660457 -0.21835474
v 0.10036228 -0.65350620 -0.21560405
v 0.10673853 -0.66330915 -0.21706978
v 0.10384307 -0.65894134 -0.21619195
v 0.10989078 -0.66841866 -0.21795980
v 0.10779711 -0.66655007 -0.21777606
v 0.05298132 -0.64954632 -0.21332059
v 0.06028373 -0.63269626 -0.21051613
v 0.07918991 -0.64185146 -0.21362307
v 0.06573012 -0.64488690 -0.21376283
v 0.04048556 -0.62528838 -0.20609989
v 0.04760040 -0.60553731 -0.20275267
v 0.06599958 -0.61596574 -0.20687559
v 0.05329796 -0.62125928 -0.20693041
v 0.07394859 -0.59932476 -0.20306372
v 0.09271539 -0.60997667 -0.20550982
v 0.08686230 -0.62664307 -0.21000282
v 0.07930642 -0.61290948 -0.20654962
v 0.10467556 -0.63463534 -0.21119434
v 0.09215055 -0.63725749 -0.21255224
v 0.02473178 -0.65677308 -0.20909019
v 0.03298607 -0.64123270 -0.20797634
v 0.03893617 -0.65298528 -0.21164508
v -0.00292804 -0.66492149 -0.20089846
v 0.00542018 -0.65032959 -0.20181216
v 0.01090119 -0.66052513 -0.20563850
v -0.01233349 -0.64252544 -0.19358022
v -0.00362187 -0.62619201 -0.19424967
v 0.01406911 -0.63325112 -0.20159676
v 0.00099015 -0.63898126 -0.19825246
v 0.02179446 -0.61706673 -0.20031348
v 0.02670916 -0.63008410 -0.20420245
v -0.02327152 -0.60910491 -0.18287460
v -0.01873857 -0.58028060 -0.18004423
v 0.00136828 -0.59869513 -0.19092838
v -0.01202254 -0.60254219 -0.18675409
v -0.03508713 -0.56605307 -0.16997373
v -0.03066354 -0.53139056 -0.16707932
v -0.01239963 -0.55249436 -0.17726045
v -0.02463247 -0.55869599 -0.17364689
v -0.00754009 -0.51792410 -0.17323987
v 0.01256815 -0.53799003 -0.18206740
v 0.00723806 -0.56993136 -0.18708687
v -0.00019950 -0.54508976 -0.18003535
v 0.02815477 -0.58791324 -0.19592686
v 0.01484026 -0.59215943 -0.19374485
v -0.02102390 -0.65764929 -0.19168614
v -0.03675588 -0.65209450 -0.18216095
v -0.02904533 -0.63603232 -0.18398472
v -0.02465354 -0.64826868 -0.18833410
v -0.03032755 -0.67174651 -0.18877348
v -0.01660980 -0.66772970 -0.19547729
v -0.05365158 -0.68042283 -0.17387353
v -0.04579715 -0.66680076 -0.17813317
v -0.04237428 -0.67674390 -0.18140021
v -0.05968769 -0.66144033 -0.16702344
v -0.05212462 -0.64484396 -0.17046060
v -0.04900968 -0.65750022 -0.17466215
v -0.04684625 -0.61877423 -0.17124374
v -0.04137850 -0.59379103 -0.17102600
v -0.03508832 -0.61495021 -0.17771989
v -0.06707156 -0.63084250 -0.15743142
v -0.06306384 -0.60337938 -0.15794791
v -0.05704727 -0.62592154 -0.16498708
v -0.07654284 -0.58687600 -0.14567831
v -0.07362662 -0.55757478 -0.14569634
v -0.05757602 -0.57690223 -0.15887881
v -0.06789713 -0.58165029 -0.15213320
v -0.05274476 -0.54726547 -0.15809558
v -0.04695898 -0.57022570 -0.16441020
v -0.08823642 -0.52968921 -0.13175154
v -0.08666889 -0.48992873 -0.13052000
v -0.06984835 -0.51941397 -0.14462017
v -0.07968467 -0.52603111 -0.13827358
v -0.10104483 -0.45869161 -0.11687088
v -0.09890846 -0.41364650 -0.11446074
v -0.08311829 -0.44813096 -0.12860262
v -0.09322903 -0.45244033 -0.12217487
v -0.07894468 -0.40194346 -0.12482722
v -0.06316537 -0.43663572 -0.13820090
v -0.06777829 -0.47747494 -0.14171940
v -0.07411585 -0.44086596 -0.13286779
v -0.04915515 -0.50837268 -0.15504366
v -0.06078591 -0.51234785 -0.14943523
v -0.08087734 -0.61334943 -0.14324992
v -0.09341047 -0.59306548 -0.12928858
v -0.08977803 -0.56764352 -0.13208615
v -0.08581492 -0.59009364 -0.13738655
v -0.07155044 -0.65467020 -0.15540137
v -0.08537157 -0.63760701 -0.13948810
v -0.07662831 -0.63430766 -0.14870258
v -0.08941853 -0.66167314 -0.13491108
v -0.09966475 -0.64631838 -0.11984160
v -0.09715172 -0.61968061 -0.12446408
v -0.09337219 -0.64361102 -0.12925622
v -0.10695094 -0.60217062 -0.11015844
v -0.10476935 -0.57343879 -0.11480559
v -0.10034707 -0.59915843 -0.12024542
v -0.10293654 -0.53899982 -0.11755276
v -0.10288267 -0.49859053 -0.11719803
v -0.09625681 -0.53273605 -0.12459661
v -0.11648204 -0.54468404 -0.09947445
v -0.11709872 -0.50627747 -0.10111463
v -0.11044931 -0.54201985 -0.10838016
v -0.12854472 -0.47361138 -0.08683454
v -0.12921962 -0.42778248 -0.08794875
v -0.11633676 -0.46456279 -0.10271471
v -0.12333539 -0.46677800 -0.09450632
v -0.11414429 -0.42280258 -0.10339200
v -0.10895442 -0.46179680 -0.11000480
v -0.13846658 -0.39357565 -0.07690396
v -0.13354246 -0.35037116 -0.08583353
v -0.12557887 -0.38614835 -0.09105966
v -0.13283865 -0.38995816 -0.08348291
v -0.13732420 -0.31191628 -0.08509962
v -0.12877244 -0.26720214 -0.10009210
v -0.12384705 -0.30675685 -0.09890798
v -0.13072305 -0.31033357 -0.09233700
v -0.11370082 -0.26766393 -0.11270370
v -0.10751813 -0.30531158 -0.11131661
v -0.11896208 -0.34569052 -0.09932559
v -0.11558413 -0.30636313 -0.10572804
v -0.11018368 -0.38118256 -0.10326943
v -0.11824459 -0.38355361 -0.09733622
v -0.12796249 -0.51263305 -0.08371696
v -0.13920202 -0.47358301 -0.06804447
v -0.14071403 -0.43223386 -0.07144483
v -0.13394967 -0.47561667 -0.07797811
v -0.11664635 -0.57879018 -0.09520035
v -0.12676740 -0.54924042 -0.07931947
v -0.12182566 -0.54690845 -0.09019704
v -0.12501884 -0.58324320 -0.07392394
v -0.13357050 -0.55287275 -0.05725912
v -0.13661418 -0.51651818 -0.06287970
v -0.13073959 -0.55124192 -0.06804191
v -0.14640345 -0.47654689 -0.04719512
v -0.14927974 -0.43524257 -0.05292768
v -0.14346585 -0.47531414 -0.05728833
v -0.14857819 -0.39153208 -0.06139649
v -0.14514727 -0.35337346 -0.07036495
v -0.14409467 -0.39489136 -0.06878465
v -0.15592631 -0.39226252 -0.04281290
v -0.15390957 -0.35082549 -0.05466412
v -0.15278231 -0.39339887 -0.05162626
v -0.15663294 -0.30506109 -0.05445599
v -0.15091611 -0.26324752 -0.07210178
v -0.14879995 -0.30704198 -0.06968409
v -0.15243270 -0.30763494 -0.06327436
v -0.14092077 -0.26832643 -0.08662988
v -0.14320856 -0.31179252 -0.07753468
v -0.15350042 -0.21976849 -0.07423784
v -0.14937566 -0.17694940 -0.08992242
v -0.14451064 -0.22272821 -0.09008043
v -0.14944097 -0.22086153 -0.08222703
v -0.15366972 -0.13525822 -0.08710036
v -0.14943742 -0.09081108 -0.09923633
v -0.14507105 -0.13768576 -0.10165882
v -0.15013831 -0.13276364 -0.09482821
v -0.13962168 -0.09561617 -0.11227929
v -0.13414798 -0.13849641 -0.11453104
v -0.13969218 -0.18300175 -0.10364631
v -0.14017434 -0.13838357 -0.10791333
v -0.13376312 -0.22414346 -0.10401265
v -0.13945338 -0.22366520 -0.09708674
v -0.16046825 -0.34810453 -0.03719272
v -0.16184371 -0.30122904 -0.03854561
v -0.15809301 -0.25844548 -0.05712327
v -0.15955887 -0.30350285 -0.04651710
v -0.15463939 -0.43643481 -0.03408972
v -0.16028641 -0.39111927 -0.02362312
v -0.15833323 -0.39185820 -0.03352655
v -0.15797504 -0.42994523 -0.01319014
v -0.16264521 -0.38372096 -0.00454385
v -0.16407708 -0.34471693 -0.01867886
v -0.16155615 -0.38905203 -0.01369482
v -0.16511258 -0.29587241 -0.02203219
v -0.16318389 -0.25358411 -0.04078145
v -0.16405485 -0.29882294 -0.02879096
v -0.15982521 -0.21556376 -0.05843565
v -0.15682887 -0.17295609 -0.07529985
v -0.15715873 -0.21776604 -0.06600873
v -0.16456270 -0.21035139 -0.04183622
v -0.16242598 -0.16966738 -0.05858893
v -0.16264519 -0.21410719 -0.04946246
v -0.16477583 -0.12728757 -0.05684184
v -0.16280712 -0.08370010 -0.07010086
v -0.15994223 -0.13176037 -0.07335420
v -0.16307755 -0.12611855 -0.06499237
v -0.15715556 -0.09132136 -0.08525901
v -0.15725053 -0.13357522 -0.08012240
v -0.16353739 -0.04693511 -0.06928173
v -0.15947218 -0.01194709 -0.08069336
v -0.15881652 -0.05199236 -0.08290693
v -0.16143828 -0.04955860 -0.07583804
v -0.16068354 0.02920673 -0.07868499
v -0.15474545 0.07281171 -0.09396516
v -0.15458439 0.02896156 -0.09338442
v -0.15751425 0.03083644 -0.08699766
v -0.14869220 0.07009728 -0.10656267
v -0.14747907 0.02814030 -0.10620187
v -0.15368387 -0.01557643 -0.09450396
v -0.15097253 0.02819723 -0.10023422
v -0.15252577 -0.05527503 -0.09577616
v -0.15593149 -0.05365002 -0.08959274
v -0.16623727 -0.16657578 -0.04122663
v -0.16756074 -0.11972869 -0.04017897
v -0.16636725 -0.08149400 -0.05584549
v -0.16646328 -0.12321339 -0.04838847
v -0.16682434 -0.24791779 -0.02320782
v -0.16708723 -0.20304286 -0.02465278
v -0.16608163 -0.20687594 -0.03364226
v -0.16784656 -0.23886816 -0.00640814
v -0.16788373 -0.19699739 -0.00772107
v -0.16824154 -0.15905654 -0.02455227
v -0.16786487 -0.19909932 -0.01680598
v -0.16821003 -0.11369330 -0.02366260
v -0.16799525 -0.07862054 -0.03896752
v -0.16807095 -0.11606833 -0.03249523
v -0.16643433 -0.04559795 -0.05244280
v -0.16395748 -0.00888841 -0.06561702
v -0.16500316 -0.04862048 -0.06065774
v -0.16798982 -0.03837973 -0.03636900
v -0.16696417 -0.00356496 -0.05133670
v -0.16746877 -0.04288805 -0.04481671
v -0.16701405 0.04100680 -0.05052280
v -0.16228014 0.08436397 -0.06726841
v -0.16481456 0.03742001 -0.06561217
v -0.16600827 0.04071898 -0.05884904
v -0.15938214 0.07691417 -0.08091537
v -0.16288401 0.03402286 -0.07289342
v -0.15883596 0.12482757 -0.06586524
v -0.15428918 0.15441866 -0.07608938
v -0.15712378 0.11330763 -0.07962886
v -0.15798598 0.12112146 -0.07321535
v -0.15524622 0.19158293 -0.07490889
v -0.15282800 0.21464691 -0.08603768
v -0.15083792 0.18083874 -0.08676688
v -0.15282432 0.18680859 -0.08201178
v -0.14867545 0.20309461 -0.09898243
v -0.14632419 0.16923651 -0.09938396
v -0.15162766 0.14451806 -0.09030681
v -0.14870113 0.17463935 -0.09313922
v -0.15331526 0.10560634 -0.09319034
v -0.15535021 0.10997944 -0.08644890
v -0.16788663 0.00157443 -0.03430053
v -0.16731498 0.04976314 -0.03461003
v -0.16330363 0.09329693 -0.05253695
v -0.16739897 0.04538097 -0.04215978
v -0.16816569 -0.07051285 -0.02186410
v -0.16805347 -0.03452609 -0.01877177
v -0.16816662 -0.03540954 -0.02794919
v -0.16629781 -0.06459850 -0.00493166
v -0.16558278 -0.02291051 -0.00332633
v -0.16709489 0.01205888 -0.01824186
v -0.16713781 -0.02871353 -0.01046456
v -0.16510500 0.05857461 -0.01772121
v -0.16234428 0.09974427 -0.03567575
v -0.16646527 0.05548351 -0.02609256
v -0.15892000 0.13448496 -0.04982517
v -0.15568166 0.16445229 -0.06253327
v -0.15906379 0.12969380 -0.05785246
v -0.15707097 0.17312716 -0.04682560
v -0.15823830 0.13950637 -0.04163080
v -0.15652442 0.24001362 -0.05419164
v -0.15772287 0.20123792 -0.05914288
v -0.15758178 0.20859493 -0.05112200
v -0.15495524 0.22690033 -0.07020491
v -0.15678785 0.19739030 -0.06700907
v -0.16699929 -0.10680851 -0.00643450
v -0.16513553 -0.14516852 0.01017205
v -0.16352157 -0.09786740 0.01021639
v -0.16577722 -0.10223679 0.00118854
v -0.16799202 -0.15110834 -0.00827652
v -0.16812740 -0.11193052 -0.01556674
v -0.16674485 -0.23152123 0.01054269
v -0.16646302 -0.19029227 0.01002870
v -0.16733860 -0.19473938 0.00192322
v -0.16354818 -0.22160573 0.02835655
v -0.16249302 -0.17829967 0.02762092
v -0.16455785 -0.18457340 0.01966057
v -0.16061662 -0.13414876 0.02644969
v -0.15802267 -0.08884873 0.02654918
v -0.16233180 -0.05336084 0.01115982
v -0.16143304 -0.09111285 0.01735697
v -0.15825806 -0.21076150 0.04487352
v -0.15609275 -0.16881909 0.04423487
v -0.15973803 -0.17392927 0.03614603
v -0.15025123 -0.19964423 0.06113771
v -0.14685379 -0.15701772 0.06028693
v -0.15324658 -0.12194861 0.04331492
v -0.15184926 -0.16292256 0.05274235
v -0.14952742 -0.07641434 0.04278855
v -0.15547568 -0.04473655 0.02884668
v -0.15391038 -0.08248221 0.03478333
v -0.16098123 -0.01501734 0.01378936
v -0.16404884 0.01914291 -0.00065427
v -0.16343705 -0.02063715 0.00620305
v -0.15873760 0.03101487 0.01464893
v -0.15748811 -0.00871452 0.02238936
v -0.15987254 0.07030248 -0.00167462
v -0.15628974 0.07286011 0.00823237
v -0.16326322 0.06266353 -0.00986717
v -0.15154316 -0.25202480 0.06462500
v -0.14271303 -0.29077132 0.08312268
v -0.14198568 -0.24125423 0.08014590
v -0.14651129 -0.24662600 0.07327872
v -0.15855520 -0.26290502 0.04816093
v -0.15112732 -0.30155871 0.06791989
v -0.15500221 -0.25691685 0.05711111
v -0.15095403 -0.35187590 0.06923304
v -0.14139367 -0.39467584 0.08487126
v -0.14248281 -0.34281879 0.08638884
v -0.14731866 -0.34700794 0.07716984
v -0.13319810 -0.38043353 0.10011533
v -0.13308002 -0.33276543 0.10161505
v -0.13782290 -0.33919830 0.09451906
v -0.13228474 -0.27717930 0.09748822
v -0.12935535 -0.22635518 0.09418536
v -0.13909435 -0.18798736 0.07740295
v -0.13605397 -0.23134369 0.08684303
v -0.12019850 -0.37296252 0.11625490
v -0.12032016 -0.32016312 0.11569038
v -0.12726019 -0.32480269 0.10807285
v -0.10707072 -0.35825699 0.12914286
v -0.10589224 -0.30482991 0.12703727
v -0.11805716 -0.26710266 0.11177274
v -0.11310432 -0.31026878 0.12180704
v -0.11401562 -0.21665867 0.10827804
v -0.12528322 -0.17726407 0.09146436
v -0.12221844 -0.22129825 0.10105598
v -0.13531862 -0.14553586 0.07530022
v -0.14329605 -0.11005027 0.05856301
v -0.14149550 -0.15105616 0.06789011
v -0.12035567 -0.13497454 0.08935440
v -0.13040838 -0.09855393 0.07314125
v -0.12789140 -0.14022776 0.08280626
v -0.12592249 -0.05249306 0.07173266
v -0.13932175 -0.06429626 0.05712538
v -0.13294658 -0.05829876 0.06452769
v -0.14469955 -0.07037186 0.05028031
v -0.10228741 -0.25237057 0.12290520
v -0.09674105 -0.20287220 0.11984039
v -0.10837079 -0.16761073 0.10494024
v -0.10574593 -0.21210818 0.11439835
v -0.08992002 -0.34366726 0.14118865
v -0.08820459 -0.29173518 0.13876437
v -0.09717246 -0.30012242 0.13317848
v -0.07071340 -0.33277699 0.15279891
v -0.08307463 -0.24499479 0.13516439
v -0.07819555 -0.28988371 0.14530082
v -0.08972063 -0.15941895 0.11713960
v -0.08705352 -0.19885157 0.12552839
v -0.10338382 -0.12541127 0.10166042
v -0.11507372 -0.08763441 0.08614387
v -0.11199201 -0.13009011 0.09540213
v -0.09584199 -0.07755431 0.09939584
v -0.09346475 -0.12129259 0.10808771
v -0.10836961 -0.04135130 0.08628342
v -0.09985678 -0.03698218 0.09204559
v -0.11725877 -0.04628102 0.07953126
v -0.10522171 -0.41047759 0.12582378
v -0.08976599 -0.44487253 0.13275106
v -0.09091874 -0.39596406 0.13886480
v -0.09868837 -0.40535360 0.13239199
v -0.11918200 -0.42328404 0.11070605
v -0.10419158 -0.45850876 0.11903043
v -0.11248410 -0.41809095 0.11844481
v -0.10060889 -0.50854758 0.10591551
v -0.08302677 -0.54293670 0.10948319
v -0.08661686 -0.50016104 0.12031706
v -0.09295566 -0.50637487 0.11346375
v -0.06911588 -0.53093810 0.12299093
v -0.06982081 -0.48724708 0.13498017
v -0.07914973 -0.48962448 0.12879545
v -0.07411057 -0.43128266 0.14588895
v -0.07256737 -0.38275273 0.15111582
v -0.08161015 -0.39170533 0.14511918
v -0.05391439 -0.46961117 0.14842495
v -0.06364040 -0.47635192 0.14242201
v -0.05623401 -0.41911475 0.15741678
v -0.04428218 -0.46746930 0.15331205
v -0.06353711 -0.38036345 0.15623919
v -0.11522558 -0.47092630 0.10200592
v -0.11130126 -0.51905550 0.08802278
v -0.09708113 -0.55001363 0.09411074
v -0.10506616 -0.51697354 0.09629540
v -0.12873900 -0.43444355 0.09495450
v -0.12512015 -0.42481158 0.10311256
v -0.13730186 -0.44213874 0.07666708
v -0.12604513 -0.48174090 0.08438450
v -0.13362769 -0.43840622 0.08554333
v -0.12090979 -0.52677850 0.07047265
v -0.10814110 -0.55795540 0.07671284
v -0.11694428 -0.52035884 0.08041651
v -0.09481958 -0.58422281 0.08405908
v -0.07991650 -0.61023819 0.09029600
v -0.08083461 -0.58019258 0.09955333
v -0.08787936 -0.58174079 0.09246449
v -0.10589624 -0.58925807 0.06675187
v -0.09419483 -0.61275931 0.07354407
v -0.10075608 -0.58811964 0.07496843
v -0.09293231 -0.64255966 0.06268564
v -0.08077786 -0.66505180 0.06807286
v -0.08021831 -0.63843965 0.07955378
v -0.08736191 -0.63881246 0.07149441
v -0.06546654 -0.66291580 0.08361264
v -0.06343443 -0.63518397 0.09551966
v -0.07196525 -0.63645452 0.08816280
v -0.06577660 -0.60407810 0.10429780
v -0.06694421 -0.56951518 0.11351202
v -0.07411239 -0.57490849 0.10674710
v -0.05049405 -0.62861420 0.10662938
v -0.05795306 -0.63116847 0.10086184
v -0.05128364 -0.59454362 0.11660164
v -0.04285573 -0.62587172 0.11196679
v -0.05946646 -0.56391942 0.11998527
v -0.10452579 -0.61805763 0.05581762
v -0.10326799 -0.64386234 0.04507350
v -0.09303702 -0.66887303 0.05003352
v -0.09868636 -0.64327667 0.05359724
v -0.11766301 -0.56333018 0.05831092
v -0.11559172 -0.59322408 0.04707689
v -0.11125550 -0.59056106 0.05708829
v -0.12527898 -0.56668700 0.03903886
v -0.12230462 -0.59657447 0.02719325
v -0.11335833 -0.62276625 0.03546769
v -0.11876967 -0.59591734 0.03762528
v -0.11161038 -0.64760200 0.02400972
v -0.10277735 -0.67064696 0.03199405
v -0.10819219 -0.64438944 0.03462166
v -0.09453853 -0.68706724 0.04017787
v -0.08964260 -0.69768523 0.03822995
v -0.08306983 -0.68370367 0.05806381
v -0.08927744 -0.68424876 0.04983540
v -0.10396611 -0.68775602 0.02061886
v -0.09754981 -0.70133101 0.02855491
v -0.09974706 -0.68645309 0.03073475
v -0.10502817 -0.70931821 -0.00117288
v -0.09771069 -0.70297457 0.01588200
v -0.10162423 -0.70560667 0.01145620
v -0.08438001 -0.70139323 0.03491001
v -0.09208364 -0.70375433 0.02509262
v -0.07791268 -0.68983864 0.05263241
v -0.06938474 -0.68205738 0.07352236
v -0.07691507 -0.68295061 0.06554734
v -0.07137703 -0.69911594 0.04856761
v -0.07682442 -0.69945383 0.04130455
v -0.06651544 -0.68354214 0.05613920
v -0.06506934 -0.70045508 0.05503328
v -0.06204556 -0.68115780 0.08031456
v -0.11927933 -0.62659545 0.01488917
v -0.11680025 -0.65333601 0.00176641
v -0.10989995 -0.67497294 0.01090667
v -0.11438952 -0.65056879 0.01331100
v -0.12950457 -0.57523542 0.01789705
v -0.12630774 -0.60386063 0.00450127
v -0.12460867 -0.60043044 0.01598589
v -0.13244523 -0.57913182 -0.00488242
v -0.12761386 -0.60985461 -0.01786756
v -0.12327487 -0.62945631 -0.00766096
v -0.12746684 -0.60704102 -0.00702041
v -0.11958812 -0.65772814 -0.02202838
v -0.11503879 -0.67674123 -0.01186359
v -0.11892557 -0.65295287 -0.00906685
v -0.11070257 -0.68974826 -0.00128176
v -0.10555541 -0.70302919 0.00812998
v -0.10751223 -0.68999531 0.00920099
v -0.11419760 -0.69259217 -0.02491291
v -0.11115448 -0.70419761 -0.01468236
v -0.11295953 -0.69131613 -0.01360533
v -0.11104635 -0.71834846 -0.02756093
v -0.10799484 -0.71646235 -0.00725671
v -0.10931144 -0.71749712 -0.01556749
v -0.10589815 -0.71405861 -0.00179491
v -0.12407912 -0.63404038 -0.03187425
v -0.12010236 -0.65811899 -0.04602207
v -0.11688092 -0.67965788 -0.03687776
v -0.12043823 -0.65673987 -0.03318349
v -0.13226332 -0.58519419 -0.02836723
v -0.12730511 -0.61130602 -0.04208503
v -0.12827488 -0.60930237 -0.02886108
v -0.12997786 -0.58651266 -0.05116039
v -0.12381884 -0.61143123 -0.06591152
v -0.12273760 -0.63437028 -0.05617895
v -0.12625392 -0.60989973 -0.05429396
v -0.11739125 -0.65722826 -0.07117934
v -0.11571221 -0.68067677 -0.06305516
v -0.11899011 -0.65902624 -0.05891911
v -0.11526163 -0.69198324 -0.04977208
v -0.11349447 -0.70623173 -0.03912201
v -0.11487484 -0.69344897 -0.03757697
v -0.11251114 -0.69172735 -0.07630224
v -0.11277099 -0.70393739 -0.06504050
v -0.11430503 -0.69190662 -0.06373371
v -0.10907731 -0.71672108 -0.08076476
v -0.11204181 -0.71689586 -0.05367286
v -0.11121801 -0.71630125 -0.06768867
v -0.11191412 -0.71855392 -0.04057747
v -0.11773353 -0.63339449 -0.08023621
v -0.11069198 -0.65219043 -0.09647132
v -0.11151537 -0.67623266 -0.08724150
v -0.11472101 -0.65487573 -0.08330488
v -0.11718220 -0.60709904 -0.08917237
v -0.12120275 -0.60956517 -0.07669140
v -0.10877089 -0.62808963 -0.10450092
v -0.11234798 -0.60459572 -0.10028944
v -0.10253936 -0.67035327 -0.11257284
v -0.10597404 -0.64950179 -0.10790406
v -0.10578721 -0.68590453 -0.10368457
v -0.10857900 -0.69861471 -0.09159622
v -0.10985420 -0.68906555 -0.08961506
v -0.09501311 -0.67767287 -0.12646087
v -0.09893989 -0.69215251 -0.11899230
v -0.10097465 -0.68074352 -0.11538561
v -0.09002964 -0.70025056 -0.13477367
v -0.10233428 -0.70856184 -0.10845129
v -0.09704863 -0.70341105 -0.12127009
v -0.10654475 -0.71204444 -0.09432814
v -0.13875110 -0.54880813 -0.01207116
v -0.14490397 -0.51485389 -0.02024961
v -0.13758485 -0.55150451 -0.03493685
v -0.13889612 -0.54849900 -0.02323602
v -0.15218488 -0.47362604 -0.00501787
v -0.15027357 -0.47782227 -0.02699691
v -0.15179786 -0.47442037 -0.01594994
v -0.14243846 -0.51522125 -0.04104754
v -0.14864218 -0.47721675 -0.03764034
v -0.13632909 -0.55056409 -0.04594120
v -0.13749805 -0.54506737 0.00947323
v -0.14571033 -0.50857654 0.00252601
v -0.13886746 -0.54526207 -0.00156530
v -0.13501997 -0.53618689 0.03112864
v -0.14354511 -0.50302518 0.02381268
v -0.13614355 -0.54132775 0.02086773
v -0.14868712 -0.45982307 0.03702321
v -0.15643831 -0.41855338 0.02799155
v -0.15140543 -0.46811931 0.01601813
v -0.15069356 -0.46304513 0.02752800
v -0.15844984 -0.42419526 0.00681926
v -0.15240478 -0.46903145 0.00643315
v -0.16037979 -0.37342582 0.03385789
v -0.16416539 -0.33053996 0.01586627
v -0.16237053 -0.37910770 0.01466015
v -0.16160280 -0.37622611 0.02436848
v -0.16621904 -0.28067682 0.01379670
v -0.16667644 -0.28966549 -0.00344184
v -0.16676748 -0.28482032 0.00409528
v -0.16508415 -0.33920813 -0.00144540
v -0.16632176 -0.29278405 -0.01246420
v -0.16284335 -0.38226548 0.00475387
v -0.13955813 -0.49654602 0.04486994
v -0.14407638 -0.45112054 0.05742912
v -0.15404799 -0.40867186 0.04685412
v -0.14665104 -0.45585601 0.04799799
v -0.12929945 -0.52996222 0.05154390
v -0.13196200 -0.53500476 0.04171740
v -0.13315391 -0.49203886 0.06478826
v -0.12523922 -0.52930741 0.06100844
v -0.14848458 -0.40335687 0.06638622
v -0.14160024 -0.44475135 0.06670102
v -0.15705597 -0.36099361 0.05159462
v -0.16197828 -0.31934951 0.03323082
v -0.15930972 -0.36424416 0.04244484
v -0.15754289 -0.31052259 0.05003321
v -0.15415393 -0.35679053 0.05994976
v -0.16349061 -0.27246369 0.03026518
v -0.16102616 -0.26755127 0.04009491
v -0.16497666 -0.27751482 0.02289256
v -0.14613434 0.21752914 -0.10749326
v -0.14146147 0.23565109 -0.11404223
v -0.14016840 0.21626110 -0.11999405
v -0.14326795 0.19650016 -0.11041594
v -0.14323485 0.21706695 -0.11398095
v -0.14326723 0.25668046 -0.10806914
v -0.14258647 0.27941598 -0.11507223
v -0.13766634 0.25627440 -0.11986506
v -0.14059097 0.25651019 -0.11403379
v -0.13654839 0.27973546 -0.12604130
v -0.13168644 0.25422889 -0.13070619
v -0.13635337 0.23193879 -0.12586287
v -0.13457178 0.25651255 -0.12527744
v -0.13378092 0.21379297 -0.13100857
v -0.13727104 0.19527211 -0.12229239
v -0.13736447 0.21629501 -0.12589672
v -0.14079793 0.16580649 -0.11206510
v -0.14715052 0.14025860 -0.10332881
v -0.14371169 0.16704814 -0.10586373
v -0.13463724 0.16696549 -0.12304634
v -0.14129857 0.13797542 -0.11627171
v -0.13797775 0.16499603 -0.11729117
v -0.14152993 0.10275049 -0.11792377
v -0.14790508 0.10337677 -0.10610101
v -0.14508081 0.10234754 -0.11161119
v -0.15086245 0.10512498 -0.09950234
v -0.14993002 0.22810466 -0.09368037
v -0.14641459 0.24115136 -0.10111312
v -0.14795695 0.22306224 -0.10098153
v -0.15285325 0.23756939 -0.07898687
v -0.15122319 0.25389847 -0.08601265
v -0.15135170 0.23338173 -0.08657728
v -0.15547576 0.28263290 -0.07915545
v -0.15459274 0.30069792 -0.08804076
v -0.14970623 0.27118320 -0.09390148
v -0.15274090 0.27885792 -0.08765654
v -0.14881821 0.28654960 -0.10258921
v -0.14626347 0.26370790 -0.10133707
v -0.15767419 0.32167013 -0.08256531
v -0.15573542 0.33276024 -0.09264370
v -0.15211411 0.31091942 -0.09655009
v -0.15481073 0.31728763 -0.09007864
v -0.15887238 0.34964842 -0.08930816
v -0.15628818 0.36143069 -0.09979701
v -0.15296630 0.34141718 -0.10266497
v -0.15615125 0.34677103 -0.09609450
v -0.15016832 0.34989847 -0.11224229
v -0.14665553 0.32707740 -0.11296200
v -0.14955736 0.31881791 -0.10492053
v -0.14998784 0.33390134 -0.10754123
v -0.14621864 0.29558065 -0.11028946
v -0.14937789 0.30463423 -0.10314632
v -0.15601296 0.26791962 -0.07073606
v -0.16022633 0.30145433 -0.06338431
v -0.15926082 0.31555286 -0.07393844
v -0.15802276 0.29279108 -0.07172557
v -0.15638955 0.25418301 -0.06232772
v -0.15435854 0.24771421 -0.07122000
v -0.16030118 0.28716411 -0.05371733
v -0.15823335 0.26147907 -0.05292974
v -0.16465625 0.33204147 -0.05831827
v -0.16217491 0.31145008 -0.05562745
v -0.16345331 0.33736025 -0.06821323
v -0.16140533 0.34231881 -0.07837496
v -0.16066163 0.32951728 -0.07589912
v -0.16573263 0.35806464 -0.06443545
v -0.16572661 0.34592313 -0.06121284
v -0.16833136 0.37920121 -0.06790119
v -0.16376760 0.36667138 -0.07594478
v -0.16633036 0.37067643 -0.06776305
v -0.16154949 0.37126418 -0.08609393
v -0.16139032 0.35881084 -0.08332405
v -0.14766428 0.35530718 -0.11970034
v -0.14455891 0.36474844 -0.12684829
v -0.14097624 0.35539655 -0.13117511
v -0.14457136 0.34455569 -0.12242148
v -0.14462498 0.35513933 -0.12542318
v -0.14735135 0.37473168 -0.12315542
v -0.14464037 0.38215654 -0.12961959
v -0.14073065 0.37345423 -0.13339714
v -0.14414054 0.37506964 -0.12864669
v -0.13786416 0.38148095 -0.13908581
v -0.13444205 0.37160777 -0.14271439
v -0.13765610 0.36525281 -0.13725117
v -0.13767507 0.37394961 -0.13829561
v -0.13470313 0.35288554 -0.14022890
v -0.13841179 0.34294812 -0.13289749
v -0.13792094 0.35389984 -0.13543881
v -0.14079764 0.32852926 -0.12424699
v -0.14368167 0.31278945 -0.11660851
v -0.14392640 0.32835794 -0.11848377
v -0.13424405 0.32777538 -0.13445205
v -0.13763282 0.31333615 -0.12722691
v -0.13769865 0.32894525 -0.12955692
v -0.13418276 0.29422004 -0.13198058
v -0.14067381 0.29859310 -0.12140042
v -0.13769536 0.29898695 -0.12663906
v -0.14347016 0.29838703 -0.11606326
v -0.15272303 0.36705428 -0.10881566
v -0.15044574 0.37109077 -0.11584369
v -0.15050042 0.36023007 -0.11414958
v -0.15937164 0.37255712 -0.09419523
v -0.15671165 0.37967351 -0.10392035
v -0.15545250 0.37074968 -0.10235877
v -0.16102725 0.38542818 -0.09744287
v -0.15827179 0.39184478 -0.10680159
v -0.15367825 0.38295593 -0.11178897
v -0.15722841 0.38584041 -0.10563228
v -0.15126441 0.38562680 -0.11931303
v -0.15054729 0.37887623 -0.11777226
v -0.16272304 0.39277021 -0.09964886
v -0.16023828 0.39487181 -0.10804188
v -0.15511374 0.39044392 -0.11373156
v -0.15921434 0.39289942 -0.10718480
v -0.16428374 0.39512932 -0.10106665
v -0.16155550 0.39820853 -0.10987734
v -0.15676382 0.39508288 -0.11594531
v -0.16154763 0.39613919 -0.10869062
v -0.15351319 0.39270009 -0.12201338
v -0.14965390 0.38654253 -0.12617379
v -0.15217873 0.38969050 -0.12012789
v -0.15245885 0.39154181 -0.12149573
v -0.14830238 0.38299729 -0.12487796
v -0.15223857 0.38684821 -0.11941393
v -0.16384162 0.38632087 -0.08914716
v -0.16915710 0.39580547 -0.08298088
v -0.16672022 0.39729212 -0.09245401
v -0.16543473 0.39146353 -0.09086763
v -0.16626075 0.38415883 -0.07976886
v -0.16279426 0.37837448 -0.08739955
v -0.17182428 0.39256941 -0.07109255
v -0.16987828 0.38616515 -0.06994593
v -0.17573816 0.40263017 -0.07398828
v -0.17396679 0.39789810 -0.07297775
v -0.17265697 0.40241163 -0.08447803
v -0.16847401 0.40054203 -0.09413550
v -0.16717548 0.39833735 -0.09276021
v -0.17738757 0.40581063 -0.07612625
v -0.17659837 0.40389144 -0.07477345
v -0.17977426 0.40851024 -0.07716127
v -0.17284073 0.40619359 -0.08656963
v -0.17873621 0.40687878 -0.07594062
v -0.16935566 0.40408691 -0.09547378
v -0.16922635 0.40163653 -0.09501936
v -0.15154363 0.38972358 -0.12787328
v -0.14820787 0.39283146 -0.13401119
v -0.14497688 0.39065237 -0.13809377
v -0.14654300 0.39132159 -0.13272725
v -0.14727478 0.39139909 -0.13314999
v -0.15217177 0.39114938 -0.12882750
v -0.14724870 0.39733389 -0.13489075
v -0.14613958 0.39328920 -0.13902060
v -0.14896346 0.39291571 -0.13447547
v -0.14381587 0.39255141 -0.14395454
v -0.13961319 0.39082540 -0.14718881
v -0.14273464 0.39025365 -0.14256088
v -0.14338558 0.39234187 -0.14338660
v -0.13786890 0.38959508 -0.14618190
v -0.14125890 0.38912520 -0.14150474
v -0.14171420 0.38933095 -0.14205772
v -0.14304652 0.38758607 -0.13650680
v -0.14549353 0.38627752 -0.13112057
v -0.14645130 0.38758593 -0.13162839
v -0.13656477 0.38522021 -0.14482034
v -0.13885148 0.38589761 -0.14043053
v -0.13965588 0.38703601 -0.14099045
v -0.13510884 0.38241149 -0.14380264
v -0.14138778 0.38401177 -0.13524674
v -0.13838378 0.38289153 -0.13950381
v -0.14487430 0.38390131 -0.13025100
v -0.15642775 0.39839726 -0.11735068
v -0.15534245 0.39448308 -0.12322382
v -0.15440715 0.39340171 -0.12262041
v -0.16512975 0.39928383 -0.10262191
v -0.16162942 0.40123910 -0.11144472
v -0.16232461 0.39923023 -0.11056891
v -0.16706428 0.40048192 -0.10382831
v -0.16359252 0.40227878 -0.11206459
v -0.15836071 0.40067239 -0.11840291
v -0.16246083 0.40149991 -0.11219780
v -0.15699802 0.39653916 -0.12501746
v -0.15621373 0.39559453 -0.12435304
v -0.13371289 0.39603494 -0.15205041
v -0.12923601 0.39890871 -0.15680211
v -0.13202476 0.39382000 -0.15088944
v -0.13300207 0.39508490 -0.15143057
v -0.13508001 0.39879123 -0.15344104
v -0.12908423 0.40274672 -0.15774908
v -0.13440071 0.39690791 -0.15268865
v -0.12496649 0.40693306 -0.16244052
v -0.12387113 0.40426877 -0.16140027
v -0.12445702 0.40604711 -0.16193765
v -0.12232465 0.40227288 -0.16050383
v -0.12322605 0.40344543 -0.16090320
v -0.12797073 0.39490377 -0.15553009
v -0.13105868 0.38952272 -0.15003053
v -0.13197856 0.39091411 -0.15056136
v -0.11840103 0.39826158 -0.16304452
v -0.12253535 0.39686876 -0.15931590
v -0.12329051 0.39910703 -0.15999332
v -0.11742327 0.39440876 -0.16235717
v -0.12146932 0.39209311 -0.15858275
v -0.12661901 0.39137651 -0.15429671
v -0.12144445 0.39526033 -0.15918576
v -0.13086861 0.38481773 -0.14864183
v -0.13124624 0.38653960 -0.14906765
v -0.11154641 0.40669225 -0.16664397
v -0.10570669 0.41051242 -0.16999324
v -0.11092087 0.40112151 -0.16644698
v -0.11217933 0.40321124 -0.16645330
v -0.10535755 0.41608793 -0.17017241
v -0.11199484 0.40847619 -0.16709967
v -0.09906966 0.41743091 -0.17252317
v -0.09962122 0.41943532 -0.17280511
v -0.09889034 0.41272789 -0.17255085
v -0.09844808 0.41600114 -0.17239631
v -0.10545006 0.40020545 -0.16896953
v -0.11043773 0.38600865 -0.16441177
v -0.11653704 0.38521134 -0.16073799
v -0.11079588 0.39361752 -0.16509691
v -0.09297437 0.41212095 -0.17396661
v -0.10006931 0.39776187 -0.17077530
v -0.10008447 0.40445845 -0.17185873
v -0.09376671 0.39523019 -0.17229341
v -0.10004772 0.38023860 -0.16919349
v -0.10550843 0.38376530 -0.16713263
v -0.09952240 0.39060041 -0.16999617
v -0.11124586 0.36628692 -0.16341627
v -0.11663970 0.36722259 -0.16008137
v -0.11136474 0.37779664 -0.16360671
v -0.12063393 0.37826501 -0.15670621
v -0.12598865 0.38257776 -0.15261436
v -0.12080255 0.38502120 -0.15743659
v -0.12093231 0.35904143 -0.15574747
v -0.12589748 0.36537334 -0.15165019
v -0.12086316 0.36891533 -0.15624064
v -0.13056705 0.34746932 -0.14430095
v -0.13078950 0.36741430 -0.14731282
v -0.13052518 0.35798733 -0.14638664
v -0.13013290 0.37792844 -0.14789610
v -0.10666156 0.36104517 -0.16561375
v -0.11226860 0.34010130 -0.15840626
v -0.11732472 0.34489465 -0.15649247
v -0.11196502 0.35248421 -0.16173232
v -0.09450384 0.37092688 -0.17065125
v -0.10164965 0.35179927 -0.16617491
v -0.10022007 0.36672041 -0.16858611
v -0.09644853 0.33893383 -0.16543322
v -0.10188533 0.31964384 -0.16051538
v -0.10721685 0.33216098 -0.15954233
v -0.10182790 0.33617072 -0.16297860
v -0.11248868 0.30654296 -0.15401300
v -0.11714164 0.31570766 -0.15113635
v -0.11220747 0.32399812 -0.15551782
v -0.12207822 0.33206780 -0.14908908
v -0.12637499 0.33993603 -0.14676668
v -0.12149357 0.34480237 -0.15250303
v -0.12217569 0.29961629 -0.14567692
v -0.12589426 0.30860968 -0.14261602
v -0.12183079 0.31667185 -0.14693295
v -0.12983986 0.28504905 -0.13687674
v -0.13017024 0.31857210 -0.13850483
v -0.13027375 0.30384404 -0.13721509
v -0.13099776 0.33345827 -0.14033846
v -0.10722060 0.29009641 -0.15637066
v -0.11048467 0.25783841 -0.15274932
v -0.11632385 0.27656647 -0.14941448
v -0.11210713 0.28343564 -0.15319883
v -0.09659420 0.29975387 -0.16179322
v -0.10100809 0.27141272 -0.15845739
v -0.10187598 0.29782031 -0.15935985
v -0.09463041 0.24376602 -0.16225049
v -0.10157147 0.21775347 -0.16022364
v -0.10638361 0.24052990 -0.15643452
v -0.10045693 0.24375383 -0.15954390
v -0.11276761 0.21249287 -0.15295442
v -0.11697557 0.22861073 -0.15019990
v -0.11145450 0.23461876 -0.15364224
v -0.11983679 0.24970359 -0.14479843
v -0.12385401 0.26878348 -0.14056170
v -0.12019510 0.27374578 -0.14534057
v -0.12148500 0.20464161 -0.14424221
v -0.12613345 0.22118287 -0.14134721
v -0.12120065 0.22630022 -0.14595511
v -0.13027651 0.19920618 -0.13348499
v -0.12823140 0.23973321 -0.13607402
v -0.13012527 0.22040863 -0.13661424
v -0.12745369 0.26120369 -0.13600993
v -0.10681173 0.18354891 -0.15176072
v -0.11488199 0.14829165 -0.14599338
v -0.11757736 0.17743070 -0.14332445
v -0.11190569 0.18130490 -0.14791014
v -0.09445077 0.18417947 -0.15805610
v -0.10331773 0.14922335 -0.15313080
v -0.10114120 0.18183199 -0.15472024
v -0.10052161 0.11010861 -0.15387007
v -0.10920112 0.07615759 -0.14842627
v -0.11249694 0.11266316 -0.14776033
v -0.10671283 0.11096401 -0.15104321
v -0.12112221 0.07855117 -0.14069177
v -0.12358920 0.10814400 -0.13938361
v -0.11822634 0.11010251 -0.14382433
v -0.12525698 0.14208557 -0.13746848
v -0.12674556 0.17331816 -0.13384101
v -0.12231855 0.17422202 -0.13864702
v -0.13174918 0.07648659 -0.13083068
v -0.13302266 0.10660980 -0.12954015
v -0.12843069 0.10761780 -0.13467542
v -0.14101243 0.07456916 -0.11933050
v -0.13457812 0.13741314 -0.12707760
v -0.13753256 0.10684509 -0.12370867
v -0.13070537 0.16874954 -0.12853160
v -0.11673814 0.03172999 -0.14037924
v -0.12519575 -0.01130103 -0.13171490
v -0.12877530 0.03173538 -0.13019447
v -0.12300677 0.03132710 -0.13541146
v -0.10395520 0.03338903 -0.14887435
v -0.11274077 -0.01357843 -0.14163310
v -0.11056927 0.03476798 -0.14502717
v -0.10728169 -0.06036018 -0.14030373
v -0.11478741 -0.09745817 -0.13301044
v -0.12102913 -0.05951928 -0.13166175
v -0.11412011 -0.05771115 -0.13673456
v -0.12807377 -0.09505016 -0.12400874
v -0.13350042 -0.05685839 -0.12156323
v -0.12741149 -0.05850216 -0.12683968
v -0.13639799 -0.01604609 -0.11980629
v -0.13859219 0.02916483 -0.11904846
v -0.13411616 0.03034245 -0.12453363
v -0.14379536 -0.05720428 -0.10923177
v -0.13903033 -0.05697717 -0.11552999
v -0.14562172 -0.01244252 -0.10804456
v -0.14841508 -0.05581361 -0.10278396
v -0.14333768 0.02825582 -0.11244700
v -0.09824467 -0.00908638 -0.15038811
v -0.09237312 -0.05557568 -0.14823734
v -0.09923313 -0.09860431 -0.14101371
v -0.10000942 -0.05768616 -0.14427085
v -0.09566422 0.07858794 -0.15475084
v -0.08859723 0.03565183 -0.15607243
v -0.09711055 0.03429689 -0.15256298
v -0.08074471 0.07883525 -0.15955396
v -0.07300485 0.04157308 -0.16113288
v -0.08203260 -0.00413550 -0.15780643
v -0.08130965 0.03824553 -0.15862085
v -0.07478621 -0.05425072 -0.15465209
v -0.08233738 -0.09583726 -0.14746234
v -0.08340536 -0.05765776 -0.15118660
v -0.09058754 -0.13688122 -0.14309133
v -0.09853704 -0.18113035 -0.13681769
v -0.10763831 -0.14021664 -0.13455170
v -0.09870439 -0.13796485 -0.13919369
v -0.07226872 -0.13731711 -0.14923128
v -0.08026388 -0.17601683 -0.14518423
v -0.08149467 -0.13488303 -0.14654549
v -0.06982456 -0.21988925 -0.14184087
v -0.07800282 -0.26216863 -0.13172004
v -0.08874703 -0.22346607 -0.13455668
v -0.07932484 -0.22188881 -0.13864582
v -0.09806532 -0.26054294 -0.12263455
v -0.10591901 -0.22665440 -0.12599674
v -0.09758967 -0.22404788 -0.13085414
v -0.11358418 -0.18214962 -0.12820256
v -0.12145329 -0.13775313 -0.12557927
v -0.11420335 -0.14110951 -0.13033596
v -0.12060171 -0.22376051 -0.11637444
v -0.11332932 -0.22747883 -0.12099781
v -0.12776285 -0.18342923 -0.11665089
v -0.12718237 -0.22485249 -0.11048830
v -0.12820307 -0.13838757 -0.12012657
v -0.05989229 -0.17355715 -0.15090696
v -0.04725110 -0.21545608 -0.14812568
v -0.05757295 -0.25534182 -0.13793834
v -0.05853921 -0.21777155 -0.14526755
v -0.06293871 -0.09340208 -0.15307495
v -0.05150114 -0.13289275 -0.15424468
v -0.06157720 -0.13261277 -0.15222521
v -0.04194055 -0.09057064 -0.15676693
v -0.02905472 -0.12846608 -0.15686297
v -0.03793367 -0.17111324 -0.15462136
v -0.04005039 -0.13066074 -0.15586455
v -0.02477014 -0.21026065 -0.15088730
v -0.03456405 -0.24887851 -0.14368581
v -0.03558204 -0.21271178 -0.14970695
v -0.04645337 -0.29237087 -0.13495323
v -0.06090896 -0.32596950 -0.12766665
v -0.07007744 -0.29756730 -0.12854395
v -0.05861946 -0.29304402 -0.13215482
v -0.02189144 -0.28840205 -0.13996996
v -0.03635168 -0.32325766 -0.13377893
v -0.03509435 -0.28633290 -0.13772008
v -0.02347868 -0.34501488 -0.13597662
v -0.03289270 -0.38221433 -0.13904554
v -0.04847026 -0.35542250 -0.13097221
v -0.03676826 -0.35054461 -0.13392316
v -0.05712110 -0.39399625 -0.13350476
v -0.07162635 -0.36540985 -0.12369714
v -0.06084659 -0.35868291 -0.12764801
v -0.08263709 -0.33340368 -0.11988264
v -0.08963343 -0.30144662 -0.12064468
v -0.07927358 -0.30036159 -0.12550527
v -0.09248204 -0.37085526 -0.11399129
v -0.08226654 -0.36722869 -0.11934663
v -0.10268393 -0.34168137 -0.10991011
v -0.10182288 -0.37580353 -0.10877247
v -0.09977271 -0.30338930 -0.11561748
v -0.01136909 -0.31219042 -0.13743148
v 0.00204562 -0.33862945 -0.13793529
v -0.00880342 -0.37090732 -0.14182131
v -0.01124169 -0.34179758 -0.13714469
v -0.00986306 -0.24800882 -0.14571181
v 0.00109443 -0.27834055 -0.14022088
v -0.00934986 -0.28199933 -0.14111750
v 0.01436635 -0.23929866 -0.14580460
v 0.02749181 -0.27428437 -0.13926265
v 0.01384557 -0.30949735 -0.13809170
v 0.01431362 -0.27670275 -0.14018854
v 0.02770028 -0.33380503 -0.13675745
v 0.01635438 -0.36500332 -0.14219813
v 0.01478446 -0.33575167 -0.13747648
v 0.01012884 -0.40412493 -0.15193891
v 0.00477805 -0.44085305 -0.16029072
v -0.01453608 -0.41315969 -0.15017697
v -0.00285090 -0.40823717 -0.15128985
v 0.03493414 -0.39374997 -0.15009116
v 0.03050202 -0.43349333 -0.16060055
v 0.02140777 -0.39683643 -0.15085605
v 0.05173036 -0.46171854 -0.16798985
v 0.04551804 -0.49926655 -0.17753519
v 0.02481881 -0.46907207 -0.16912033
v 0.03744813 -0.46569851 -0.16893821
v 0.01905111 -0.50673471 -0.17677515
v -0.00192074 -0.47803981 -0.16702768
v 0.01100603 -0.47302463 -0.16837656
v -0.02075489 -0.45332328 -0.15711071
v -0.03978038 -0.42400857 -0.14578442
v -0.02779010 -0.41582334 -0.14780271
v -0.02655743 -0.49278955 -0.16248112
v -0.01447265 -0.48495626 -0.16505710
v -0.04534847 -0.46552944 -0.15086648
v -0.03855631 -0.49873554 -0.15876726
v -0.05203449 -0.42849588 -0.14187583
v 0.05469840 -0.42327752 -0.15726846
v 0.07592328 -0.45212506 -0.16353364
v 0.07062344 -0.48961521 -0.17427258
v 0.06359693 -0.45903843 -0.16657585
v 0.04118118 -0.35740275 -0.14023017
v 0.06035697 -0.38724611 -0.14638488
v 0.04694150 -0.39032902 -0.14863118
v 0.06746179 -0.35352135 -0.13474198
v 0.09004455 -0.38679074 -0.12513319
v 0.08074295 -0.41773523 -0.15210741
v 0.07302999 -0.38500048 -0.14333005
v 0.10292726 -0.45288804 -0.14293327
v 0.09801362 -0.48404382 -0.16900158
v 0.08847935 -0.44946246 -0.16080994
v 0.09208122 -0.51506406 -0.17963818
v 0.08587690 -0.54408677 -0.18856771
v 0.06602192 -0.52178310 -0.18356760
v 0.07891769 -0.51785892 -0.18174992
v 0.11201927 -0.51351822 -0.15409284
v 0.11149041 -0.53554420 -0.18318668
v 0.10533316 -0.51267015 -0.17653455
v 0.12288531 -0.55959287 -0.17118993
v 0.12449931 -0.58354185 -0.19462511
v 0.10485569 -0.56217803 -0.19159433
v 0.11807738 -0.55932037 -0.18908243
v 0.10009047 -0.59101927 -0.20002431
v 0.07883693 -0.56985595 -0.19577485
v 0.09313924 -0.56749313 -0.19437288
v 0.05940268 -0.55000643 -0.19069039
v 0.03928242 -0.53077916 -0.18469192
v 0.05151090 -0.52435851 -0.18394912
v 0.05310020 -0.57948850 -0.19741140
v 0.06690891 -0.57324328 -0.19675454
v 0.03298085 -0.55987764 -0.19052192
v 0.04007202 -0.58271525 -0.19674364
v 0.02644483 -0.53396983 -0.18388333
v 0.12887330 -0.59813276 -0.18229634
v 0.13511289 -0.61254463 -0.20122101
v 0.11767723 -0.60249705 -0.20112255
v 0.12885951 -0.59779125 -0.19821143
v 0.13938928 -0.62393985 -0.19310235
v 0.12792709 -0.62803158 -0.20674473
v 0.13909454 -0.62387575 -0.20363220
v 0.11199436 -0.61927218 -0.20653273
v 0.11604167 -0.63042387 -0.20908906
v 0.10572614 -0.60496091 -0.20319003
v 0.05125295 -0.33072839 -0.13441086
v 0.06469210 -0.30358194 -0.12970711
v 0.08159442 -0.33284915 -0.11489729
v 0.06474115 -0.33047068 -0.13107778
v 0.03987376 -0.30780098 -0.13537995
v 0.04178994 -0.33306841 -0.13550274
v 0.03946119 -0.23508589 -0.14242815
v 0.05002013 -0.26890589 -0.13403380
v 0.03937431 -0.27256744 -0.13729476
v 0.06291403 -0.23137408 -0.13677186
v 0.07568020 -0.27421350 -0.11370310
v 0.06347762 -0.26792682 -0.13093045
v 0.04893629 -0.19642488 -0.14514187
v 0.05687811 -0.15396115 -0.14576544
v 0.07117627 -0.19801559 -0.13082081
v 0.05978392 -0.19473046 -0.14238691
v 0.02433385 -0.19860543 -0.15008329
v 0.03412844 -0.15730893 -0.15202577
v 0.03730997 -0.19853767 -0.14795198
v 0.01900537 -0.11860147 -0.15480505
v 0.02581056 -0.07411251 -0.15154455
v 0.04255968 -0.11772879 -0.14913512
v 0.02995830 -0.11917601 -0.15248552
v 0.04808857 -0.07150101 -0.14317007
v 0.06383507 -0.11502085 -0.13943601
v 0.05372309 -0.11639592 -0.14585523
v 0.03545226 -0.03047618 -0.15171368
v 0.04443236 0.01697209 -0.15126623
v 0.05740433 -0.02835930 -0.14200288
v 0.04605639 -0.03005172 -0.14723224
v 0.01253765 -0.03198697 -0.15855818
v 0.02191210 0.01484287 -0.15916822
v 0.02342400 -0.03267195 -0.15545189
v 0.00986848 0.05698566 -0.16146502
v 0.01989221 0.09937393 -0.15807864
v 0.03245792 0.05718195 -0.15493977
v 0.02155395 0.05650960 -0.15821004
v 0.04245361 0.10076903 -0.15125037
v 0.05503897 0.05972800 -0.14682166
v 0.04311333 0.05794275 -0.15124710
v 0.02942600 0.13842932 -0.15524051
v 0.03816783 0.18098769 -0.15368489
v 0.05068685 0.13608743 -0.14848030
v 0.04057831 0.13932274 -0.15189009
v 0.00771988 0.13491930 -0.16040195
v 0.01682999 0.17903699 -0.15973629
v 0.01903825 0.13773300 -0.15798180
v 0.00336322 0.23111427 -0.16479608
v 0.02487417 0.23002063 -0.15936691
v 0.01358738 0.22859588 -0.16258568
v 0.04623112 0.23203847 -0.15263814
v 0.03463407 0.23497419 -0.15605956
v -0.00047535 0.01094427 -0.16440889
v -0.01280046 0.05586953 -0.16540487
v -0.00237711 0.09665989 -0.16269533
v -0.00091544 0.05814725 -0.16370886
v 0.00290246 -0.07874712 -0.15655704
v -0.01168551 -0.03395408 -0.16275293
v 0.00064212 -0.03660764 -0.16062356
v -0.02003753 -0.08445820 -0.15823605
v -0.03355717 -0.03900892 -0.16353029
v -0.02235113 0.00541957 -0.16639264
v -0.02185081 -0.03614315 -0.16360959
v -0.03421619 0.05068602 -0.16692718
v -0.02452531 0.09288735 -0.16518705
v -0.02419867 0.05339105 -0.16661052
v -0.01346130 0.13243780 -0.16359481
v -0.00357326 0.17677057 -0.16363800
v -0.00347119 0.13424795 -0.16231938
v -0.03473717 0.12815803 -0.16493183
v -0.02381640 0.17237614 -0.16528192
v -0.02362956 0.13069561 -0.16444183
v -0.03619273 0.21692592 -0.17083221
v -0.01607073 0.22238048 -0.16902169
v -0.02601781 0.22041062 -0.17022520
v -0.00590439 0.22440277 -0.16703213
v -0.04397302 0.00442708 -0.16601062
v -0.05440797 0.04417439 -0.16509956
v -0.04508269 0.08770702 -0.16538026
v -0.04389263 0.04776548 -0.16628657
v -0.05537114 -0.04609286 -0.16040899
v -0.04396704 -0.04224159 -0.16255264
v -0.06421143 -0.00216116 -0.16297888
v -0.06575470 -0.05196787 -0.15732310
v -0.06336086 0.08172815 -0.16321921
v -0.06341916 0.04078823 -0.16352858
v -0.05354857 0.12311977 -0.16443641
v -0.04244283 0.16783820 -0.16555855
v -0.04433341 0.12578150 -0.16491712
v -0.07166350 0.11715832 -0.16201993
v -0.05995267 0.16169520 -0.16424418
v -0.06230992 0.12040802 -0.16354798
v -0.06803759 0.19660693 -0.16706335
v -0.05234538 0.20707571 -0.17012956
v -0.06065751 0.20410536 -0.16879889
v -0.04393665 0.21030557 -0.17047398
v 0.00898106 -0.16143738 -0.15535670
v -0.00473392 -0.12424429 -0.15709490
v 0.00620468 -0.12221681 -0.15652268
v 0.00003453 -0.20536254 -0.15209051
v 0.01327031 -0.20281967 -0.15121043
v -0.01503044 -0.16611116 -0.15657960
v -0.01257722 -0.20727726 -0.15198145
v -0.01712955 -0.12629858 -0.15743926
v -0.08645314 0.11497209 -0.15852709
v -0.07582494 0.15616470 -0.16200380
v -0.07883126 0.11829230 -0.16052340
v -0.09020576 0.14943475 -0.15823167
v -0.09349521 0.11272476 -0.15654557
v -0.08968373 0.22390236 -0.16521274
v -0.08227027 0.18990906 -0.16314900
v -0.08809668 0.18730897 -0.16084083
v -0.07610723 0.23052224 -0.16864988
v -0.07552379 0.19367230 -0.16521699
v -0.09109874 0.28051308 -0.16309050
v -0.08308613 0.25773649 -0.16527196
v -0.08932725 0.24996427 -0.16380181
v -0.09136251 0.33307934 -0.16581181
v -0.08552784 0.31794919 -0.16549791
v -0.09135753 0.30895343 -0.16366293
v -0.07899295 0.35472550 -0.17101855
v -0.07947648 0.29750048 -0.16620691
v -0.07924342 0.32647011 -0.16706885
v -0.07707570 0.26369682 -0.16640413
v -0.09026397 0.36818165 -0.17133433
v -0.08484724 0.36065782 -0.17137070
v -0.09054260 0.35050566 -0.16896716
v -0.08751615 0.39907136 -0.17394245
v -0.08298808 0.39607263 -0.17433539
v -0.08892748 0.38313761 -0.17268299
v -0.07447484 0.42219763 -0.17693253
v -0.07677605 0.39274584 -0.17430636
v -0.07635123 0.40881377 -0.17556929
v -0.07915325 0.37363861 -0.17320395
v -0.08705729 0.41655239 -0.17550532
v -0.08074688 0.41926182 -0.17672018
v -0.08738384 0.40690948 -0.17482465
v -0.08112707 0.43554512 -0.17760748
v -0.08768757 0.42347815 -0.17636233
v -0.07555332 0.43791836 -0.17840908
v -0.07421607 0.44680905 -0.17862907
v -0.07470220 0.43148616 -0.17756094
v -0.17282960 0.40919992 -0.08777739
v -0.17096144 0.40532299 -0.09697140
v -0.17008986 0.40504109 -0.09625191
v -0.18472707 0.41177967 -0.06739011
v -0.18034483 0.41061026 -0.07910047
v -0.17954873 0.41011330 -0.07836975
v -0.18547405 0.41439832 -0.06969844
v -0.18214988 0.41220145 -0.07946394
v -0.17441229 0.41072817 -0.08875491
v -0.18136216 0.41184829 -0.07879843
v -0.17185303 0.40743972 -0.09760359
v -0.17076397 0.40653649 -0.09785776
v -0.07849688 -0.66861335 -0.14916017
v -0.08526681 -0.68369854 -0.14135402
v -0.08719596 -0.67428943 -0.13838475
v -0.06639250 -0.67599274 -0.16216659
v -0.06948208 -0.66520532 -0.15863745
v -0.07416590 -0.68973612 -0.15505146
v -0.06387238 -0.68596205 -0.16564346
v -0.08267961 -0.69495253 -0.14488117
v -0.19013494 0.42328166 -0.05292667
v -0.18873630 0.41976630 -0.06236102
v -0.18784789 0.41839567 -0.06097593
v -0.19279438 0.42938465 -0.04564891
v -0.19176278 0.42882154 -0.04494431
v -0.19237268 0.43111170 -0.04768158
v -0.19082630 0.42480955 -0.05478191
v -0.19198077 0.43022413 -0.04684141
v -0.18814220 0.42176118 -0.06418350
v -0.18735846 0.42062102 -0.06298787
v -0.10565066 0.59907149 -0.16214521
v -0.09828744 0.59126745 -0.16625737
v -0.10753734 0.59683293 -0.16407686
v -0.10112873 0.60336912 -0.15788176
v -0.09516504 0.59454728 -0.16362693
v -0.10341558 0.60123812 -0.16013238
v -0.08397639 0.58812079 -0.16479150
v -0.08724530 0.58482934 -0.16763540
v -0.08562010 0.58650720 -0.16619776
v -0.08950492 0.58296851 -0.16921414
v -0.12697340 0.62114128 -0.13786286
v -0.11610006 0.61825689 -0.14322127
v -0.10986967 0.61242428 -0.15031131
v -0.11745017 0.61719971 -0.14493253
v -0.13221221 0.62640439 -0.12519776
v -0.13413059 0.62557803 -0.12726956
v -0.12926826 0.62753286 -0.12165616
v -0.12149545 0.62507236 -0.13216440
v -0.13059128 0.62705215 -0.12331898
v -0.11239187 0.62144681 -0.13872191
v -0.10722892 0.61590859 -0.14581269
v -0.11312042 0.62053928 -0.14025753
v -0.09875037 0.60701821 -0.15400378
v -0.09259466 0.59877702 -0.15963065
v -0.09984070 0.60529431 -0.15588865
v -0.09768188 0.61024328 -0.15050610
v -0.09104845 0.60233961 -0.15621732
v -0.09827251 0.60899772 -0.15192736
v -0.08428804 0.59744490 -0.15815565
v -0.08397995 0.59319656 -0.16143066
v -0.08351541 0.59508656 -0.15989901
v -0.08439911 0.59107511 -0.16290166
v -0.11985439 0.62610633 -0.12936438
v -0.11136497 0.62219500 -0.13709420
v -0.10577049 0.61725696 -0.14370153
v -0.11208847 0.62201159 -0.13759931
v -0.13503773 0.62927470 -0.10793320
v -0.12659320 0.62892217 -0.11873040
v -0.12699771 0.62876225 -0.11981758
v -0.13396208 0.62957654 -0.10631070
v -0.12481961 0.63033843 -0.11624441
v -0.11904483 0.62669775 -0.12787064
v -0.12595959 0.62893135 -0.11833237
v -0.11100990 0.62291821 -0.13595384
v -0.10497613 0.61859395 -0.14206413
v -0.11061747 0.62221048 -0.13680039
v -0.09713462 0.61144089 -0.14901446
v -0.09117433 0.60534981 -0.15333358
v -0.09780421 0.61119319 -0.14938295
v -0.09763894 0.61292722 -0.14775031
v -0.09084622 0.60647548 -0.15232871
v -0.09738540 0.61220539 -0.14824689
v -0.08500575 0.60155768 -0.15513504
v -0.08410243 0.59950150 -0.15630506
v -0.08459016 0.60036635 -0.15569080
v -0.08394728 0.59794274 -0.15743587
v -0.14088836 0.62707238 -0.09584566
v -0.14623945 0.62304783 -0.08317116
v -0.13847602 0.62836785 -0.09214651
v -0.14072963 0.62706430 -0.09483750
v -0.14816226 0.62311502 -0.08456838
v -0.14154725 0.62717330 -0.09702176
v -0.15421721 0.61454022 -0.07356532
v -0.15728299 0.61353860 -0.07634393
v -0.15301586 0.61419486 -0.07262649
v -0.15311322 0.61445656 -0.07361902
v -0.18053936 0.55497669 -0.04794662
v -0.17899269 0.56545409 -0.05172068
v -0.18342312 0.56489170 -0.05341069
v -0.17377428 0.55051139 -0.03834624
v -0.17822141 0.54827727 -0.04199154
v -0.17009150 0.55858094 -0.04081282
v -0.16922170 0.55222700 -0.03566298
v -0.17329537 0.56703423 -0.04841197
v -0.00976089 0.52900648 -0.16119339
v -0.01551108 0.53743203 -0.16188029
v -0.00936828 0.53944201 -0.15965070
v -0.00941058 0.53603305 -0.15997716
v -0.01499695 0.52405989 -0.16311186
v -0.00878721 0.52053115 -0.16157206
v -0.02150338 0.53457502 -0.16312809
v -0.02156995 0.52642081 -0.16414348
v -0.02185038 0.54516456 -0.16226483
v -0.02241169 0.54026106 -0.16303599
v 0.04461722 0.51699403 0.09413442
v 0.05878993 0.52991819 0.09139793
v 0.05469390 0.54142984 0.08558044
v 0.04317159 0.52753470 0.08970844
v 0.04893286 0.52899805 0.09061634
v 0.05970921 0.52083037 0.09583504
v 0.07451816 0.52993248 0.09114718
v 0.07074007 0.53983309 0.08638548
v 0.06492091 0.53254377 0.09159380
v 0.08446662 0.54659248 0.08214461
v 0.08401830 0.55646848 0.07778575
v 0.07011235 0.55062973 0.08189553
v 0.07549312 0.55106644 0.08232740
v 0.07167851 0.56008394 0.07588135
v 0.05437362 0.55407811 0.07992869
v 0.06233198 0.55225196 0.08102904
v 0.04135415 0.54738065 0.08135635
v 0.03053269 0.53901917 0.08261235
v 0.03067422 0.51883396 0.08916449
v 0.03620241 0.53352027 0.08601846
v 0.05920943 0.56439085 0.07331671
v 0.04412339 0.55897348 0.07569824
v 0.04959017 0.55695911 0.07750754
v 0.04919723 0.56880508 0.07037228
v 0.03730919 0.56299216 0.07293328
v 0.03167895 0.55291718 0.07713099
v 0.04112531 0.56081447 0.07427790
v 0.02080822 0.54640440 0.07767472
v 0.01965665 0.53291349 0.08198444
v 0.02593594 0.54341583 0.07984216
v 0.04297423 0.49937970 0.09659610
v 0.05393556 0.49054455 0.10006730
v 0.05595590 0.50581239 0.09824142
v 0.04852379 0.50309803 0.09741882
v 0.05325767 0.47249287 0.10121582
v 0.06195266 0.46435357 0.10225296
v 0.06304685 0.48279063 0.10173558
v 0.05865056 0.47811823 0.10155890
v 0.06977317 0.47538905 0.10240785
v 0.07218743 0.48972542 0.10189450
v 0.06383387 0.49819775 0.10071002
v 0.06642797 0.48666417 0.10160433
v 0.06817038 0.51100901 0.09864753
v 0.06152282 0.50884197 0.09857996
v 0.01603746 0.51658112 0.08609769
v 0.01325398 0.49874540 0.08961522
v 0.02804084 0.50303379 0.09248631
v 0.02217577 0.50859593 0.08955807
v 0.00450330 0.53155933 0.07830242
v 0.00067964 0.51650381 0.08174423
v 0.00916741 0.52466286 0.08190438
v -0.01327511 0.51683125 0.07718572
v -0.01147437 0.49395561 0.08390208
v 0.00097559 0.49529964 0.08725417
v -0.00555201 0.50513431 0.08289088
v 0.00174424 0.47052024 0.09187042
v 0.01429529 0.47491048 0.09415777
v 0.00734249 0.48558516 0.09065956
v 0.02868451 0.47608433 0.09687639
v 0.04231867 0.47516056 0.09951473
v 0.03547448 0.48847816 0.09660306
v 0.01950495 0.44490536 0.09901794
v 0.03359888 0.44609154 0.10080464
v 0.02321590 0.46082039 0.09800555
v 0.03834153 0.41523657 0.10088353
v 0.04948774 0.41624236 0.10040971
v 0.04597647 0.44645649 0.10138854
v 0.04130509 0.43065587 0.10163826
v 0.05583697 0.44407730 0.10165167
v 0.04908982 0.46023940 0.10099231
v 0.09030637 0.43897124 -0.11731485
v 0.07955500 0.46179136 -0.12375516
v 0.08348262 0.48320471 -0.12169189
v 0.09196749 0.46736198 -0.11573145
v 0.08650305 0.46309643 -0.11968278
v 0.07570351 0.43476509 -0.12627653
v 0.06560958 0.45540965 -0.13158042
v 0.07036067 0.47762746 -0.12937162
v 0.07249450 0.45808919 -0.12803883
v 0.06311645 0.49213137 -0.13351555
v 0.06591162 0.51647072 -0.13030578
v 0.07389974 0.50038787 -0.12616642
v 0.06808050 0.49720602 -0.13036718
v 0.07554400 0.52223629 -0.12324274
v 0.08538789 0.50472106 -0.11903455
v 0.07945896 0.50267897 -0.12264381
v 0.10657399 0.41807425 -0.10678882
v 0.11733985 0.37446667 -0.09942950
v 0.11282576 0.35066575 -0.10359428
v 0.10146416 0.40423585 -0.11010098
v 0.10975971 0.38694846 -0.10463648
v 0.12084413 0.39093062 -0.09554331
v 0.12844516 0.34761988 -0.08875244
v 0.12471245 0.32851668 -0.09356559
v 0.12376300 0.36113364 -0.09431566
v 0.13463371 0.27933153 -0.08954462
v 0.13375242 0.24824962 -0.09597317
v 0.12259690 0.30012480 -0.09899087
v 0.12892103 0.29048115 -0.09379722
v 0.12079135 0.26252517 -0.10568936
v 0.10782644 0.31931111 -0.10930777
v 0.11529964 0.30908993 -0.10435370
v 0.09793291 0.36440568 -0.11381552
v 0.08627611 0.40209871 -0.12030757
v 0.09410131 0.40221441 -0.11523660
v 0.10503391 0.27041867 -0.11719551
v 0.09289751 0.32037429 -0.11979742
v 0.10117912 0.31884929 -0.11452092
v 0.08924508 0.27333138 -0.12734405
v 0.07469902 0.32169758 -0.13038025
v 0.08145887 0.36299864 -0.12382753
v 0.08399499 0.32087519 -0.12539897
v 0.06954743 0.39793660 -0.12918769
v 0.07814392 0.39988731 -0.12475910
v 0.08987205 0.50106274 -0.11628930
v 0.09502406 0.50025878 -0.11339544
v 0.09755370 0.46706336 -0.11254105
v 0.09307897 0.48472538 -0.11519378
v 0.08437103 0.53645663 -0.11555236
v 0.08924764 0.52863642 -0.11318753
v 0.08687942 0.51774748 -0.11591174
v 0.08908899 0.55776789 -0.10801033
v 0.09441613 0.55473546 -0.10500865
v 0.09465632 0.52748823 -0.11036805
v 0.09166116 0.54340782 -0.10943135
v 0.09940544 0.52992425 -0.10736921
v 0.09863343 0.50370048 -0.11085721
v 0.09636670 0.51422583 -0.11117413
v 0.10443765 0.46575335 -0.10848992
v 0.11222061 0.42548907 -0.10242855
v 0.10473044 0.44460538 -0.10778914
v 0.10453869 0.50043591 -0.10771935
v 0.11021365 0.46661824 -0.10436675
v 0.10384129 0.48435779 -0.10882058
v 0.11498654 0.46439725 -0.10042353
v 0.12260049 0.42787435 -0.09431015
v 0.11810301 0.42871884 -0.09807585
v 0.11724384 0.44582669 -0.09899197
v 0.12563369 0.39381468 -0.09118751
v 0.11994470 0.41110840 -0.09664429
v -0.02524471 0.39893331 0.09501378
v -0.04250125 0.42942771 0.08792344
v -0.04774998 0.39127555 0.09141151
v -0.03016831 0.35582134 0.09906169
v -0.03769761 0.39447318 0.09337398
v -0.03930407 0.45778151 0.08393217
v -0.05055485 0.48184683 0.07402836
v -0.05399480 0.45552570 0.07971275
v -0.04697815 0.45569734 0.08193936
v -0.06058635 0.48317152 0.06964412
v -0.05915947 0.42695047 0.08302050
v -0.06022503 0.45349226 0.07757732
v -0.05420364 0.35160546 0.09325381
v -0.05804725 0.39274779 0.08813120
v -0.00968140 0.39351505 0.09751333
v -0.01246255 0.43878498 0.09389437
v -0.02826638 0.44758887 0.08895727
v -0.02036933 0.42108623 0.09422249
v 0.00191425 0.44020654 0.09674131
v -0.01348972 0.47236151 0.08803196
v -0.00632864 0.45656862 0.09266070
v -0.02619368 0.50132165 0.07718880
v -0.02765050 0.47827607 0.08277092
v -0.01957197 0.48632110 0.08325044
v -0.03972495 0.49198980 0.07491745
v -0.03422434 0.47017997 0.08280727
v 0.00016588 0.34168243 0.10446416
v 0.01698379 0.35854865 0.10494988
v 0.00934206 0.39978162 0.09897635
v 0.00479791 0.37771231 0.09945824
v 0.02786220 0.31339302 0.10613453
v 0.04147936 0.33291363 0.10416706
v 0.03089782 0.37689479 0.09728361
v 0.02960332 0.34476184 0.10531103
v 0.04338267 0.38672343 0.09452866
v 0.02576297 0.40870410 0.10034931
v 0.03510497 0.39461919 0.09723136
v 0.01537253 0.42455106 0.10020736
v 0.09955590 0.55639776 -0.10115800
v 0.10408425 0.56274176 -0.09701963
v 0.10380201 0.53694536 -0.10352962
v 0.10195983 0.54660692 -0.10238494
v 0.09622798 0.57161148 -0.09847854
v 0.10044969 0.57464994 -0.09498221
v 0.09722455 0.56438898 -0.10029176
v 0.10169873 0.58676830 -0.08884912
v 0.10531204 0.59253106 -0.08387023
v 0.10453656 0.57947444 -0.09104737
v 0.10246956 0.58321819 -0.09053562
v 0.10782556 0.58674829 -0.08579811
v 0.10809437 0.57124888 -0.09226105
v 0.10587119 0.57473283 -0.09220782
v 0.10828679 0.55552028 -0.09705594
v 0.10958736 0.53868752 -0.10068716
v 0.10225660 0.52198044 -0.10739703
v 0.10668971 0.53806705 -0.10219593
v 0.11120631 0.58199939 -0.08606958
v 0.11285121 0.56803699 -0.09086763
v 0.11033324 0.56994315 -0.09150102
v 0.11650338 0.57812381 -0.08475703
v 0.11660216 0.56492821 -0.09009179
v 0.11259574 0.55386132 -0.09553311
v 0.11470022 0.56707266 -0.09031674
v 0.11364692 0.54063896 -0.09854478
v 0.10915142 0.52551622 -0.10349496
v 0.11133657 0.53956144 -0.09989719
v 0.10991352 0.50719682 -0.10457165
v 0.11253537 0.48831685 -0.10338056
v 0.10687868 0.50390189 -0.10632421
v 0.11421817 0.51401273 -0.10196809
v 0.11513875 0.49661827 -0.10178602
v 0.11122428 0.51146481 -0.10368533
v 0.11971766 0.48704881 -0.09858909
v 0.11971756 0.46617716 -0.09640724
v 0.11786929 0.47751381 -0.09926267
v 0.11835167 0.48293721 -0.09909055
v 0.12089397 0.44916168 -0.09541954
v 0.11633744 0.47167143 -0.09999081
v 0.09210272 0.57051596 -0.10149025
v 0.08873265 0.56314030 -0.10630281
v 0.08480143 0.55986686 -0.11013416
v 0.08869687 0.56694873 -0.10540897
v 0.08886747 0.56517341 -0.10569922
v 0.09216688 0.56606227 -0.10277365
v 0.08560536 0.55320370 -0.11123351
v 0.08868262 0.56081184 -0.10705484
v 0.08039714 0.53107233 -0.11828558
v 0.08192086 0.54906824 -0.11475176
v 0.08302666 0.54424039 -0.11476522
v 0.07852260 0.54650323 -0.11762557
v 0.08168479 0.55637195 -0.11361791
v 0.08129220 0.55375010 -0.11417781
v 0.09577177 0.57905915 -0.09616000
v 0.09870412 0.58469988 -0.09178298
v 0.09545512 0.57586585 -0.09733431
v 0.09568046 0.57752720 -0.09686108
v 0.10144582 0.59235193 -0.08605552
v 0.10414850 0.59789152 -0.08094569
v 0.10134918 0.58978461 -0.08739647
v 0.10134900 0.59117865 -0.08681373
v 0.10440278 0.59552722 -0.08240076
v 0.09891090 0.58116223 -0.09311799
v 0.10152629 0.58846700 -0.08823068
v 0.09587249 0.57410398 -0.09783169
v -0.06075441 0.49971840 0.06415937
v -0.05717657 0.50400217 0.06425362
v -0.06089168 0.50665351 0.06225716
v -0.06071843 0.50434286 0.06268821
v -0.05617440 0.49173545 0.06847209
v -0.06025725 0.49181129 0.06683489
v -0.04573644 0.49171688 0.07245436
v -0.05225693 0.49856828 0.06784387
v -0.05086268 0.49077141 0.07084264
v -0.04895531 0.50498806 0.06708355
v -0.05373312 0.50765442 0.06451778
v -0.05338811 0.50470164 0.06550528
v 0.01534579 -0.73629521 0.12973791
v -0.00691786 -0.73429244 0.13389074
v 0.00046658 -0.72071513 0.13233832
v 0.01508401 -0.73115596 0.13028064
v -0.00263039 -0.73880207 0.13470992
v 0.00634032 -0.73377308 0.13750211
v 0.00016394 -0.72463194 0.13625809
v -0.00034445 -0.73353059 0.13576185
v 0.00931523 -0.71038840 0.13920092
v 0.00247820 -0.69672010 0.13834583
v -0.00753147 -0.70736466 0.13530844
v 0.00091442 -0.70841867 0.13744515
v -0.00074822 -0.69465363 0.13331724
v -0.00026890 -0.70653049 0.13285595
v 0.03562598 0.53454035 -0.14451478
v 0.04286778 0.53204411 -0.14106509
v 0.03622246 0.52643910 -0.14527513
v 0.03581975 0.53131237 -0.14491441
v 0.04985711 0.53648769 -0.13679377
v 0.05766703 0.53421832 -0.13275364
v 0.05106210 0.52702134 -0.13724260
v 0.05015005 0.53283263 -0.13691352
v 0.05922621 0.51838680 -0.13351811
v 0.05300521 0.50984064 -0.13814244
v 0.04479068 0.51750482 -0.14206819
v 0.05248729 0.51781741 -0.13801459
v 0.03744749 0.50909038 -0.14636396
v 0.03722835 0.51708881 -0.14621063
v 0.13209245 -0.65272211 -0.18592519
v 0.14012547 -0.65888833 -0.18255885
v 0.12953143 -0.66058155 -0.18868038
v 0.13071136 -0.65725673 -0.18789412
v 0.13183400 -0.64053140 -0.18220936
v 0.14220918 -0.64986008 -0.17975022
v 0.13302109 -0.64730057 -0.18418780
v 0.15223133 -0.64517641 -0.17194743
v 0.16006957 -0.65451340 -0.16914026
v 0.14969194 -0.65681220 -0.17651426
v 0.15236829 -0.65223580 -0.17419038
v 0.15914311 -0.66209988 -0.17244678
v 0.14856076 -0.66309709 -0.17918006
v 0.14968368 -0.66054255 -0.17775030
v -0.04406534 0.50596974 0.06890524
v -0.04078548 0.51253006 0.06834595
v -0.04658257 0.51139849 0.06633015
v -0.04561776 0.50959230 0.06725870
v -0.03704935 0.50488563 0.07222872
v -0.04221231 0.50005352 0.07155523
v -0.02139086 0.51115636 0.07597746
v -0.03208368 0.51234445 0.07186467
v -0.02954989 0.50780467 0.07410689
v -0.02669735 0.51791855 0.07209754
v -0.03556342 0.51634870 0.06930757
v -0.03411070 0.51522699 0.07018303
v 0.13192376 0.52280422 -0.09504238
v 0.13307825 0.53352401 -0.09276088
v 0.13531065 0.54289187 -0.08929398
v 0.13370454 0.53316383 -0.09253931
v 0.13342557 0.53331973 -0.09263540
v 0.13130619 0.52478390 -0.09505742
v 0.13233339 0.53533190 -0.09263840
v 0.13475474 0.54457032 -0.08913206
v 0.13255489 0.53379666 -0.09295102
v 0.13705527 0.55430917 -0.08404454
v 0.14052321 0.56136194 -0.07884987
v 0.13783563 0.55246051 -0.08443528
v 0.13731684 0.55280615 -0.08453831
v 0.14182594 0.55995078 -0.07903923
v 0.13845848 0.55119956 -0.08470831
v 0.13818446 0.55140299 -0.08477232
v 0.13123962 0.51181130 -0.09605691
v 0.13291310 0.50049348 -0.09477946
v 0.13046345 0.51206948 -0.09642482
v 0.13095988 0.51191896 -0.09617413
v 0.13654022 0.49049318 -0.09151645
v 0.13693509 0.47892284 -0.08929964
v 0.13594158 0.49064921 -0.09182632
v 0.13626569 0.49054642 -0.09164746
v 0.13856233 0.47932849 -0.08846057
v 0.13502721 0.49080211 -0.09223883
v 0.13204968 0.50217525 -0.09507877
v 0.13558739 0.49077367 -0.09198947
v 0.13122449 0.51364251 -0.09551015
v 0.13180175 0.51343832 -0.09526870
v 0.03880148 0.47328548 -0.14552579
v 0.04825600 0.45353381 -0.14061872
v 0.04017595 0.43243911 -0.14383429
v 0.04001993 0.45479588 -0.14472811
v 0.04650396 0.49219482 -0.14223684
v 0.03812192 0.49135818 -0.14588481
v 0.05624310 0.47468655 -0.13762199
v 0.05480732 0.49223948 -0.13788854
v 0.05960124 0.43130846 -0.13472658
v 0.05688795 0.45417001 -0.13633709
v 0.05163362 0.39864878 -0.13780410
v 0.04362154 0.36326842 -0.14161072
v 0.04118647 0.39845018 -0.14225523
v 0.06319304 0.36103000 -0.13339523
v 0.06062226 0.39940871 -0.13360832
v 0.06956478 0.27901122 -0.13770179
v 0.05583479 0.32163883 -0.13959687
v 0.06478969 0.32144960 -0.13541549
v 0.04972551 0.27975647 -0.14689820
v 0.04561871 0.32172475 -0.14386623
v -0.00234211 0.53544284 0.07471431
v -0.01158349 0.52873365 0.07406017
v 0.00012553 0.53445504 0.07604584
v 0.00955656 0.54158313 0.07620459
v -0.00186745 0.53477482 0.07516914
v -0.02099300 0.52395879 0.07233788
v -0.01872634 0.52177065 0.07388278
v -0.01960845 0.52324503 0.07314174
v -0.00832502 0.52629640 0.07603825
v -0.01601661 0.51942857 0.07551880
v 0.01222320 0.53915504 0.07776005
v 0.00153399 0.53290335 0.07696086
v 0.01847871 0.54798042 0.07599310
v 0.02601053 0.55631572 0.07401321
v 0.01684151 0.54938399 0.07507774
v 0.01730533 0.54898583 0.07541083
v 0.02771781 0.55530639 0.07521248
v 0.01955030 0.54739323 0.07668599
v 0.04356790 0.57077018 0.06882622
v 0.03448395 0.56340500 0.07196670
v 0.03547214 0.56281654 0.07262568
v 0.04097749 0.57076782 0.06827535
v 0.03343533 0.56397644 0.07137103
v 0.03388558 0.56359781 0.07162840
v 0.04539833 0.57636146 0.06545443
v 0.05066525 0.58135419 0.06191793
v 0.04422132 0.57684177 0.06491157
v 0.04467441 0.57658933 0.06509610
v 0.05021714 0.57527254 0.06630937
v 0.05374693 0.57992510 0.06302214
v 0.04897682 0.57578831 0.06577955
v 0.05928699 0.58695972 0.05894304
v 0.06385565 0.59406680 0.05424002
v 0.05676773 0.58687245 0.05855907
v 0.05759520 0.58648647 0.05900142
v 0.06171963 0.59376192 0.05403936
v 0.05532540 0.58625130 0.05875426
v 0.05554025 0.58615482 0.05883815
v 0.05837234 0.58003542 0.06341260
v 0.06779441 0.58535705 0.06039905
v 0.07147769 0.59293436 0.05543990
v 0.06259237 0.58671526 0.05931768
v 0.05704021 0.57283565 0.06823343
v 0.05310333 0.57489167 0.06685628
v 0.06724255 0.56861735 0.07112432
v 0.06788562 0.57632760 0.06603098
v 0.06341554 0.57059751 0.06965974
v 0.07873353 0.58233632 0.06353067
v 0.07928457 0.59196501 0.05774378
v 0.07432311 0.58317407 0.06202885
v 0.07327315 0.59770776 0.05177511
v 0.07614534 0.60385902 0.04782098
v 0.06758980 0.59903594 0.05076916
v 0.06916093 0.59950452 0.05078252
v 0.08321129 0.61025554 0.04474064
v 0.08621839 0.61710597 0.03963550
v 0.08015401 0.60923966 0.04476050
v 0.08148288 0.60984704 0.04472353
v 0.08419663 0.61665378 0.03890588
v 0.07590024 0.60997471 0.04346231
v 0.07049063 0.60517142 0.04676607
v 0.07621578 0.60979810 0.04354482
v 0.06617856 0.59859959 0.05080109
v 0.06705805 0.59916441 0.05057611
v 0.08073680 0.59798403 0.05326832
v 0.08139739 0.60415346 0.04920215
v 0.07638161 0.59863491 0.05221837
v 0.09157790 0.59536017 0.05671771
v 0.09027495 0.60280990 0.05188858
v 0.08636730 0.59662015 0.05499939
v 0.10422360 0.60893510 0.04811877
v 0.10508515 0.61593970 0.04091311
v 0.09243804 0.61062489 0.04596843
v 0.09705879 0.61063590 0.04692017
v 0.09072662 0.61813915 0.03910800
v 0.08855080 0.61005574 0.04533614
v 0.10456193 0.59974341 0.05493737
v 0.11563840 0.60564620 0.05038863
v 0.11466622 0.61424795 0.04245030
v 0.11060025 0.60717819 0.04954118
v 0.09398439 0.58800524 0.06166019
v 0.10637906 0.59101758 0.06090515
v 0.09794733 0.59457874 0.05915525
v 0.10622024 0.58385642 0.06472367
v 0.11740176 0.58581452 0.06235881
v 0.11796450 0.59537275 0.05708897
v 0.11053020 0.58964628 0.06176559
v 0.12902542 0.60017793 0.05063388
v 0.12841720 0.60804594 0.04411810
v 0.12377898 0.60241218 0.05066576
v 0.11413246 0.62162130 0.03302543
v 0.10919615 0.63082209 0.02001095
v 0.10367069 0.62318478 0.03268423
v 0.10802558 0.62327573 0.03202530
v 0.12131573 0.63015365 0.00824726
v 0.11594095 0.63379143 -0.00505217
v 0.10942364 0.63421430 0.00731603
v 0.11570499 0.63226519 0.00772740
v 0.10652545 0.63716558 -0.00620740
v 0.10154240 0.63634168 0.00782004
v 0.10215252 0.63163584 0.02014958
v 0.10349718 0.63603917 0.00713620
v 0.09512244 0.62445221 0.03163156
v 0.10051881 0.62310217 0.03263147
v 0.12701438 0.61731819 0.03441873
v 0.12420249 0.62532361 0.02190411
v 0.12129041 0.61918508 0.03380461
v 0.13824098 0.61235894 0.03402107
v 0.13589524 0.62022843 0.02273283
v 0.13267058 0.61536895 0.03399731
v 0.14124447 0.62156526 0.00966640
v 0.13677417 0.62492004 -0.00247304
v 0.13256225 0.62568423 0.00940580
v 0.13750903 0.62349618 0.00999521
v 0.12586639 0.63019922 -0.00341514
v 0.12566314 0.62875980 0.00924427
v 0.14233669 0.61728819 0.02200947
v 0.14803504 0.61761209 0.00927137
v 0.14547563 0.61972866 -0.00193935
v 0.14457994 0.61967896 0.00944915
v 0.13681976 0.60476130 0.04329607
v 0.14223742 0.61071101 0.03343145
v 0.14021782 0.61159138 0.03384031
v 0.14068533 0.60245105 0.04330516
v 0.14783735 0.60769342 0.03278246
v 0.14792239 0.61384656 0.02163980
v 0.14608913 0.60842646 0.03306413
v 0.15115008 0.61564970 0.00929719
v 0.14867968 0.61768313 -0.00249434
v 0.14954603 0.61660832 0.00898373
v 0.14229660 0.61978918 -0.01589689
v 0.13568615 0.61966264 -0.02981990
v 0.13312910 0.62481210 -0.01701655
v 0.13724538 0.62289550 -0.01655959
v 0.13820162 0.61150518 -0.04098246
v 0.13114791 0.60914134 -0.05114103
v 0.13019831 0.61680360 -0.04182029
v 0.13452068 0.61461299 -0.04069385
v 0.12586984 0.61329965 -0.05132338
v 0.12347479 0.62101390 -0.04234943
v 0.12757545 0.62439885 -0.03018255
v 0.12667153 0.61949656 -0.04164693
v 0.12267014 0.62996687 -0.01842436
v 0.12668685 0.62821565 -0.01796347
v 0.14501080 0.61819069 -0.01679889
v 0.14136173 0.61592219 -0.02983362
v 0.14357676 0.61901815 -0.01650422
v 0.14822061 0.61608356 -0.01655688
v 0.14455203 0.61360517 -0.03005169
v 0.14692320 0.61684964 -0.01596876
v 0.14335895 0.60837582 -0.04015977
v 0.13801115 0.60409419 -0.05041412
v 0.14044084 0.60983646 -0.04073642
v 0.14162325 0.60925025 -0.04065198
v 0.13540913 0.60558348 -0.05138450
v 0.13949610 0.61098887 -0.04052926
v 0.14770197 0.61125241 -0.02969186
v 0.14483580 0.60699238 -0.04021883
v 0.14001822 0.60262284 -0.05052483
v 0.14386618 0.60779535 -0.04079714
v 0.15151276 0.61623157 -0.00344340
v 0.15175785 0.61376394 -0.01671862
v 0.15096993 0.61421870 -0.01610453
v 0.15559795 0.61313406 -0.00335213
v 0.15438789 0.61199569 -0.01582260
v 0.14990347 0.60988078 -0.02980577
v 0.15305688 0.61256634 -0.01597490
v 0.14740287 0.60583256 -0.03952581
v 0.14173964 0.60166695 -0.04981420
v 0.14610356 0.60636385 -0.03969938
v 0.13500644 0.59669470 -0.05999963
v 0.12984382 0.59040658 -0.06868457
v 0.13286078 0.59775074 -0.06052824
v 0.13391161 0.59726323 -0.06013135
v 0.12641184 0.58225495 -0.07603665
v 0.12174006 0.57404784 -0.08347384
v 0.12421063 0.58368809 -0.07702338
v 0.12548745 0.58273429 -0.07645419
v 0.11975487 0.57574267 -0.08398744
v 0.12223145 0.58453998 -0.07757045
v 0.12755526 0.59225364 -0.06920867
v 0.12323025 0.58413054 -0.07729573
v 0.12964696 0.60010701 -0.06104532
v 0.13071746 0.59961758 -0.06089120
v 0.13696647 0.59447853 -0.06021204
v 0.13221534 0.58909592 -0.06806362
v 0.13634646 0.59568826 -0.06001883
v 0.13900585 0.59368682 -0.05953187
v 0.13382135 0.58826047 -0.06738879
v 0.13814726 0.59393586 -0.06000437
v 0.13067960 0.57944325 -0.07480532
v 0.12510512 0.57222567 -0.08215767
v 0.12853589 0.58061562 -0.07581148
v 0.12950997 0.57994611 -0.07532867
v 0.12344704 0.57285265 -0.08284632
v 0.12731370 0.58177281 -0.07582850
v 0.12030525 0.56296457 -0.08842373
v 0.11761208 0.55289104 -0.09328739
v 0.11866999 0.56396558 -0.08914603
v 0.11957347 0.56350687 -0.08882467
v 0.11684069 0.54124720 -0.09654824
v 0.11392785 0.52817833 -0.10053172
v 0.11486620 0.54003238 -0.09796856
v 0.11621071 0.53985774 -0.09723977
v 0.11352663 0.52862593 -0.10074627
v 0.11544484 0.55366714 -0.09430295
v 0.11398138 0.54019209 -0.09846734
v 0.11749705 0.56447706 -0.08984039
v 0.12204051 0.56221036 -0.08772922
v 0.11928810 0.55209707 -0.09247227
v 0.12123669 0.56246602 -0.08814158
v 0.12384418 0.56142020 -0.08695960
v 0.12027933 0.55116150 -0.09233699
v 0.12274029 0.56201103 -0.08748732
v 0.11938988 0.53996762 -0.09571537
v 0.11748242 0.52770336 -0.09868341
v 0.11826428 0.54084413 -0.09593346
v 0.11857119 0.54019872 -0.09600318
v 0.11578146 0.52779663 -0.09948556
v 0.11730692 0.54110499 -0.09636242
v 0.11606416 0.51607639 -0.10050430
v 0.11822601 0.50220795 -0.09963267
v 0.11461516 0.51438873 -0.10145362
v 0.11508025 0.51601775 -0.10100574
v 0.11947539 0.48933270 -0.09766830
v 0.12207565 0.47551733 -0.09442944
v 0.11972139 0.48910554 -0.09797052
v 0.12030339 0.48951220 -0.09740858
v 0.12244730 0.47349714 -0.09499810
v 0.11663379 0.50144624 -0.10076077
v 0.12028743 0.48786800 -0.09789810
v 0.11363115 0.51402730 -0.10200785
v 0.11741498 0.51605532 -0.09972754
v 0.11787948 0.50222094 -0.09969121
v 0.11649282 0.51599445 -0.10027320
v 0.11910347 0.51584807 -0.09884549
v 0.11918966 0.50221859 -0.09889374
v 0.11833942 0.51598804 -0.09918757
v 0.12212011 0.49075035 -0.09639919
v 0.12501045 0.47793917 -0.09297297
v 0.12045785 0.49073426 -0.09729244
v 0.12136957 0.49079216 -0.09679707
v 0.12332292 0.47759780 -0.09379433
v 0.11989558 0.48933559 -0.09737707
v 0.12593769 0.46675341 -0.08998390
v 0.13132698 0.45610964 -0.08404552
v 0.12644000 0.46397282 -0.08978571
v 0.12541599 0.46552495 -0.08984841
v 0.13347450 0.44899341 -0.07922190
v 0.13711649 0.43666224 -0.07408382
v 0.13387782 0.44530757 -0.07949167
v 0.13253196 0.44771135 -0.07981151
v 0.13790421 0.43123264 -0.07447949
v 0.13277326 0.44172043 -0.08053403
v 0.13005298 0.45280005 -0.08521087
v 0.13324130 0.44361992 -0.08002153
v 0.12518732 0.46153560 -0.09101603
v 0.12557134 0.46264263 -0.09040349
v 0.12745505 0.46776120 -0.08906828
v 0.13083620 0.45856740 -0.08424083
v 0.12650626 0.46750153 -0.08945132
v 0.12944444 0.46859310 -0.08803194
v 0.13180165 0.46051453 -0.08356457
v 0.12825779 0.46841247 -0.08845437
v 0.13620402 0.45224419 -0.07783908
v 0.13968481 0.44108451 -0.07258224
v 0.13486945 0.45093996 -0.07819448
v 0.13512721 0.45133242 -0.07838548
v 0.13851260 0.43896818 -0.07302669
v 0.13396937 0.44989817 -0.07872466
v 0.13393844 0.46127132 -0.08254457
v 0.13777510 0.45371534 -0.07697795
v 0.14067704 0.44374899 -0.07180998
v 0.13711450 0.45295998 -0.07725719
v 0.12676770 0.47915293 -0.09206983
v 0.13128498 0.46942571 -0.08724350
v 0.13029452 0.46864029 -0.08759397
v 0.12900821 0.48062253 -0.09136740
v 0.13339645 0.47094372 -0.08658179
v 0.13510380 0.46195757 -0.08196087
v 0.13243638 0.46994183 -0.08659853
v 0.13827625 0.45519386 -0.07671621
v 0.14068770 0.44625617 -0.07151563
v 0.13736069 0.45470930 -0.07729297
v 0.14207999 0.43771703 -0.06666599
v 0.14642339 0.43257987 -0.05957684
v 0.14041491 0.43607080 -0.06766523
v 0.14127236 0.43738115 -0.06708405
v 0.14763438 0.42874537 -0.05375328
v 0.15079775 0.41766634 -0.04741542
v 0.14602208 0.42700423 -0.05471127
v 0.14681987 0.42747523 -0.05426509
v 0.14913140 0.41561810 -0.04815586
v 0.14557106 0.42369389 -0.05530840
v 0.14487340 0.43101244 -0.06052529
v 0.14521325 0.42543361 -0.05524627
v 0.13905855 0.43446850 -0.06863893
v 0.13969211 0.43561644 -0.06810165
v 0.14396515 0.43993680 -0.06555054
v 0.14505187 0.43669325 -0.05967350
v 0.14308909 0.43893091 -0.06602170
v 0.14341525 0.44277987 -0.06546456
v 0.14504596 0.43820778 -0.05958769
v 0.14238889 0.44203571 -0.06598158
v 0.14769336 0.43329380 -0.05327259
v 0.14975975 0.42593321 -0.04681607
v 0.14910170 0.43078452 -0.05289051
v 0.14688022 0.43283515 -0.05369930
v 0.15045497 0.42223707 -0.04730234
v 0.14840391 0.42984232 -0.05330360
v 0.15403064 0.42915135 -0.03995764
v 0.15505126 0.42633027 -0.03355184
v 0.15375771 0.42889154 -0.04011921
v 0.15258374 0.43187477 -0.04592375
v 0.15374790 0.42912534 -0.04008757
v 0.15505770 0.42431417 -0.02726299
v 0.15457737 0.42162491 -0.02131038
v 0.15455407 0.42443493 -0.02783333
v 0.15478230 0.42476352 -0.02725668
v 0.15398488 0.42085156 -0.02189042
v 0.15400245 0.42424801 -0.02786591
v 0.15374874 0.42695819 -0.03421828
v 0.15430506 0.42422145 -0.02789748
v 0.15593234 0.42822450 -0.03938986
v 0.15207473 0.43146174 -0.04619412
v 0.15351151 0.42910226 -0.04066369
v 0.15186822 0.42259991 -0.01737718
v 0.14714385 0.42378124 -0.01403445
v 0.15121815 0.42246585 -0.01753377
v 0.15148853 0.42282860 -0.01747629
v 0.14668579 0.42374912 -0.00849068
v 0.14899928 0.42151178 -0.00200967
v 0.14611955 0.42321682 -0.00922467
v 0.14627525 0.42390598 -0.00860860
v 0.14829142 0.42055259 -0.00270534
v 0.14694264 0.42260196 -0.00860020
v 0.15013864 0.42201650 -0.01308443
v 0.14736153 0.42235903 -0.00854276
v 0.15292093 0.42056475 -0.01705124
v 0.15336249 0.42091908 -0.01704762
v 0.14461972 0.42380940 0.00354202
v 0.14268996 0.42419331 0.01059344
v 0.14395875 0.42332798 0.00308267
v 0.14445159 0.42329784 0.00315368
v 0.13625410 0.42698432 0.01611748
v 0.13847463 0.42597048 0.02536251
v 0.13568858 0.42647978 0.01606722
v 0.13597825 0.42672389 0.01605981
v 0.13794474 0.42562924 0.02536291
v 0.13522084 0.42584674 0.01577315
v 0.14220676 0.42397599 0.01055547
v 0.13553538 0.42602396 0.01574896
v 0.14340576 0.42254530 0.00317596
v 0.14370036 0.42309444 0.00308582
v 0.13396801 0.42945139 0.03403487
v 0.12201113 0.43400969 0.03779054
v 0.13383814 0.42915993 0.03301183
v 0.13372805 0.42935720 0.03396914
v 0.12085840 0.43642007 0.04773532
v 0.11839408 0.43909628 0.05600969
v 0.12460325 0.43597281 0.04893214
v 0.12103785 0.43610189 0.04670881
v 0.12415142 0.43839006 0.05969245
v 0.12379582 0.43583888 0.04901600
v 0.12824922 0.43260780 0.04105360
v 0.12428757 0.43562005 0.04906919
v 0.13330470 0.42901620 0.03304932
v 0.13360358 0.42918136 0.03300615
v 0.11806781 0.44263220 0.06444725
v 0.12110822 0.44649212 0.07520906
v 0.12350245 0.44184982 0.06798753
v 0.11780610 0.44258946 0.06440413
v 0.11736427 0.45077379 0.08059008
v 0.11593297 0.45773089 0.08762669
v 0.11676936 0.45071538 0.08045724
v 0.11718964 0.45088914 0.08037161
v 0.11495323 0.45729138 0.08784612
v 0.11583574 0.45084581 0.08035167
v 0.12109697 0.44580592 0.07470248
v 0.11639847 0.45058642 0.08054011
v 0.12340198 0.44131651 0.06717425
v 0.12316723 0.44170171 0.06804513
v 0.11031490 0.46491260 0.09082751
v 0.10653151 0.47220634 0.09409356
v 0.10990410 0.46381138 0.09064812
v 0.11036055 0.46393196 0.09059064
v 0.10454030 0.48024997 0.09606101
v 0.10228029 0.49007162 0.09729255
v 0.10357437 0.48050294 0.09595649
v 0.10426160 0.48067039 0.09581870
v 0.10137091 0.48909464 0.09715426
v 0.10242415 0.48026514 0.09626213
v 0.10590092 0.47130649 0.09378674
v 0.10289398 0.48031973 0.09609730
v 0.10980708 0.46375937 0.09137702
v 0.10922400 0.46398244 0.09034755
v 0.10166077 0.49569798 0.09621730
v 0.10034882 0.50291281 0.09425690
v 0.10041661 0.49609128 0.09619526
v 0.10096630 0.49607288 0.09613183
v 0.10130766 0.51003325 0.09106000
v 0.10177043 0.51811499 0.08867209
v 0.10050661 0.51123815 0.09172099
v 0.10044819 0.51222513 0.09232569
v 0.10093316 0.51867920 0.08885612
v 0.09908967 0.51234537 0.09329313
v 0.09920046 0.50339144 0.09433939
v 0.09999186 0.51134254 0.09176512
v 0.09914618 0.49639041 0.09629453
v 0.09963462 0.49602979 0.09630159
v 0.10514805 0.52531800 0.08436213
v 0.10872452 0.53024663 0.08018181
v 0.10386599 0.52504673 0.08495657
v 0.10437761 0.52485847 0.08490988
v 0.11365331 0.53589262 0.07689059
v 0.11881319 0.53980530 0.07342140
v 0.11266112 0.53747255 0.07772230
v 0.11323129 0.53617849 0.07688416
v 0.11818481 0.54075408 0.07382835
v 0.11103615 0.53700362 0.07826673
v 0.10697319 0.53152289 0.08178067
v 0.11151502 0.53678041 0.07819541
v 0.10294377 0.52582411 0.08522257
v 0.10335561 0.52519861 0.08499312
v 0.12562727 0.54689296 0.07007186
v 0.13217527 0.55204688 0.06660302
v 0.12425873 0.54665207 0.07061473
v 0.12466054 0.54636540 0.07058068
v 0.13748371 0.55798171 0.06284313
v 0.14407770 0.56451503 0.05897086
v 0.13644492 0.55837838 0.06394385
v 0.13761423 0.55863875 0.06331271
v 0.14269569 0.56510291 0.05955098
v 0.13566782 0.55948734 0.06386309
v 0.13066349 0.55186501 0.06723354
v 0.13627538 0.55904192 0.06381174
v 0.12276425 0.54687762 0.07103628
v 0.12308196 0.54617124 0.07116702
v 0.15066803 0.57029335 0.05406261
v 0.15688093 0.57599403 0.04932939
v 0.14935548 0.57045050 0.05469203
v 0.15038901 0.57059553 0.05405059
v 0.16264745 0.58176658 0.04236160
v 0.16577704 0.58909972 0.03382286
v 0.16149708 0.58205904 0.04300635
v 0.16196124 0.58164534 0.04299109
v 0.16484041 0.59011811 0.03488243
v 0.15995885 0.58340088 0.04361174
v 0.15571331 0.57669146 0.04994957
v 0.16042814 0.58301323 0.04356034
v 0.14802590 0.57107947 0.05531144
v 0.14914145 0.57121367 0.05464974
v 0.16999742 0.59392872 0.02412676
v 0.17157935 0.59814329 0.01282385
v 0.16888969 0.59448172 0.02477162
v 0.16959465 0.59426741 0.02408138
v 0.17266080 0.59902629 0.00088435
v 0.17028435 0.59991068 -0.00895560
v 0.17169571 0.59976417 0.00222449
v 0.17214073 0.59941858 0.00152855
v 0.16977482 0.60122743 -0.00832733
v 0.17094231 0.60099976 0.00294706
v 0.17065339 0.59869578 0.01356215
v 0.17159788 0.60056183 0.00291483
v 0.16808086 0.59534615 0.02549906
v 0.16855613 0.59498501 0.02545256
v 0.16806178 0.59807239 -0.02089542
v 0.16401171 0.59590652 -0.03113630
v 0.16781407 0.59960064 -0.01964251
v 0.16771183 0.59859168 -0.02019895
v 0.16073599 0.59184560 -0.04066831
v 0.15751939 0.58631169 -0.04963890
v 0.16006075 0.59287177 -0.04004914
v 0.16048991 0.59256564 -0.03998136
v 0.15675506 0.58754905 -0.04901239
v 0.15951096 0.59444430 -0.03947800
v 0.16369597 0.59731597 -0.03060461
v 0.15959005 0.59318925 -0.04004544
v 0.16679455 0.60055517 -0.01888228
v 0.16736849 0.59993225 -0.01962919
v 0.15354512 0.58069908 -0.05765709
v 0.15026720 0.57498857 -0.06446349
v 0.15321051 0.58196622 -0.05705101
v 0.15365287 0.58165151 -0.05697080
v 0.14582695 0.56709710 -0.07237868
v 0.14563231 0.56861266 -0.07201510
v 0.14543321 0.56737601 -0.07246496
v 0.14443516 0.56949525 -0.07217878
v 0.14962806 0.57582630 -0.06476376
v 0.14501123 0.56905874 -0.07211208
v 0.15216416 0.58295585 -0.05731494
v 0.15286834 0.58249098 -0.05729870
v 0.14853239 0.59855829 0.04219012
v 0.14169075 0.59372100 0.04951700
v 0.13851155 0.58644610 0.05547000
v 0.14556338 0.59098421 0.04932133
v 0.14304936 0.59376996 0.04895034
v 0.14439342 0.60104440 0.04243694
v 0.13849138 0.59544099 0.04977727
v 0.13517077 0.58809581 0.05604914
v 0.14034645 0.59493575 0.04954202
v 0.12632919 0.58239161 0.06131123
v 0.12289292 0.57491361 0.06563193
v 0.13064747 0.58005268 0.06124729
v 0.12873359 0.58061174 0.06196042
v 0.12686130 0.57290582 0.06550457
v 0.13280307 0.57832285 0.06114783
v 0.13197167 0.57878896 0.06110710
v 0.15357490 0.60403263 0.03202893
v 0.15499222 0.60983708 0.02071204
v 0.15049019 0.60602724 0.03231264
v 0.15216471 0.60525408 0.03196167
v 0.15665548 0.61255009 0.00824331
v 0.15408277 0.61416085 0.00906315
v 0.15505005 0.61343986 0.00867562
v 0.15222876 0.61165644 0.02089733
v 0.15272763 0.61481019 0.00891772
v 0.14952780 0.60688349 0.03225347
v 0.11452326 0.56960669 0.06966846
v 0.11116215 0.56058251 0.07278613
v 0.11860677 0.56745482 0.06904609
v 0.11735223 0.56856774 0.06911141
v 0.10385577 0.55487822 0.07557443
v 0.09963397 0.54996683 0.07910166
v 0.10626876 0.55331968 0.07616480
v 0.10555645 0.55357186 0.07607654
v 0.10153862 0.54887531 0.07927858
v 0.10960542 0.55153695 0.07587830
v 0.11443376 0.55928261 0.07276107
v 0.10843230 0.55297053 0.07567846
v 0.12291965 0.56487746 0.06873196
v 0.11947956 0.56673301 0.06956402
v 0.12020519 0.57724792 0.06574357
v 0.11072263 0.57150928 0.06956771
v 0.10709967 0.56248211 0.07265248
v 0.11304010 0.57080342 0.06968639
v 0.11630904 0.57924213 0.06564055
v 0.10548859 0.57378850 0.06902411
v 0.10232590 0.56503600 0.07223817
v 0.10818721 0.57319337 0.06930928
v 0.09270067 0.56087080 0.07554447
v 0.09206715 0.55214477 0.07884499
v 0.09908638 0.55753032 0.07608281
v 0.09460202 0.55974072 0.07595379
v 0.09611559 0.55114291 0.07910614
v 0.10194490 0.55491071 0.07603044
v 0.13025919 0.59087310 0.05604589
v 0.12138633 0.58422899 0.06194478
v 0.12427677 0.58294993 0.06193940
v 0.13449472 0.59770039 0.05023372
v 0.13656028 0.59616067 0.05039417
v 0.12589013 0.59240643 0.05670589
v 0.13116537 0.59956041 0.05018977
v 0.11972501 0.58540120 0.06184360
v 0.09303362 0.54501979 0.08258365
v 0.08941847 0.53794860 0.08692427
v 0.09645146 0.54229707 0.08260420
v 0.09519078 0.54310520 0.08251295
v 0.08505240 0.52851123 0.09099267
v 0.08203806 0.52257066 0.09474816
v 0.08830601 0.52845795 0.09063526
v 0.08729509 0.52789881 0.09024410
v 0.08500353 0.52215306 0.09502478
v 0.09050894 0.52838208 0.09003260
v 0.09197387 0.53673556 0.08717236
v 0.08944548 0.52821135 0.09074313
v 0.09869875 0.54204020 0.08223460
v 0.09703466 0.54213001 0.08266883
v 0.08913786 0.54571333 0.08251565
v 0.08600112 0.53794538 0.08678509
v 0.09084177 0.54452901 0.08288698
v 0.08039294 0.53952920 0.08722781
v 0.08666631 0.54575532 0.08257416
v 0.07164438 0.52125723 0.09493602
v 0.07915042 0.53009198 0.09164765
v 0.07673374 0.53065945 0.09134020
v 0.07789960 0.52211072 0.09492138
v 0.08311591 0.52903578 0.09079501
v 0.07946040 0.51035654 0.09746119
v 0.08176628 0.50280916 0.10067102
v 0.08257405 0.51203444 0.09736163
v 0.08225573 0.51061967 0.09735345
v 0.08114110 0.49210473 0.10132193
v 0.08282020 0.48497357 0.10231589
v 0.08283633 0.49382059 0.10137451
v 0.08135861 0.49349945 0.10120992
v 0.08504323 0.48561224 0.10168191
v 0.08595645 0.49455017 0.10043264
v 0.08409323 0.50311496 0.09942563
v 0.08516099 0.49455445 0.10127328
v 0.08619755 0.51209860 0.09736528
v 0.08495069 0.51217045 0.09729692
v 0.07288753 0.51268651 0.09896337
v 0.07711346 0.50160651 0.10033369
v 0.07634364 0.51220284 0.09839801
v 0.07201820 0.49962754 0.10038880
v 0.07055329 0.51198847 0.09865438
v 0.07596353 0.48056533 0.10246262
v 0.07594623 0.49248444 0.10207180
v 0.07416383 0.49111521 0.10221377
v 0.07940664 0.48278197 0.10246578
v 0.07775545 0.49328104 0.10232024
v 0.08691197 0.47477012 0.10206527
v 0.09372519 0.46651918 0.09959834
v 0.08979239 0.47613106 0.10114093
v 0.08773326 0.47503319 0.10136474
v 0.09780296 0.45741685 0.09645008
v 0.10288575 0.45045785 0.09282143
v 0.09884745 0.45912105 0.09630298
v 0.09902160 0.45814954 0.09642781
v 0.10441788 0.45252380 0.09166209
v 0.10113134 0.46102028 0.09579484
v 0.09463140 0.46813628 0.09888993
v 0.09976351 0.46006539 0.09593823
v 0.09179580 0.47833383 0.10134155
v 0.08987708 0.47736121 0.10159648
v 0.08349702 0.47264612 0.10189796
v 0.08907852 0.46392686 0.09963797
v 0.08420041 0.47372125 0.10168158
v 0.07941210 0.46922943 0.10174900
v 0.08719379 0.46177596 0.09990772
v 0.08066863 0.47106169 0.10193138
v 0.09145065 0.45212581 0.09643919
v 0.09730532 0.44517914 0.09242509
v 0.09379255 0.45489051 0.09690616
v 0.09296483 0.45317377 0.09643862
v 0.10117240 0.44826104 0.09244623
v 0.09603489 0.45652411 0.09667301
v 0.10298550 0.43676100 0.08563071
v 0.10946302 0.43228740 0.07817546
v 0.10458462 0.43936465 0.08648031
v 0.10458531 0.43794500 0.08579518
v 0.11310952 0.42473126 0.07139177
v 0.11809051 0.42065926 0.06525933
v 0.11578359 0.42904280 0.07200215
v 0.11513576 0.42712103 0.07098662
v 0.12071691 0.42416155 0.06473065
v 0.11851485 0.43307043 0.07179442
v 0.11248298 0.43606071 0.07919519
v 0.11692626 0.43105991 0.07182617
v 0.10720660 0.44326263 0.08671388
v 0.10632117 0.44126813 0.08621431
v 0.09457651 0.43790815 0.09091657
v 0.09921633 0.42574621 0.08398522
v 0.10738939 0.42548642 0.07716238
v 0.10020819 0.43121067 0.08530028
v 0.09083160 0.42547902 0.08972311
v 0.09398729 0.41058948 0.08149871
v 0.10338255 0.41343915 0.07532306
v 0.09706362 0.41796798 0.08234183
v 0.10651520 0.40085068 0.06694662
v 0.11222318 0.40094122 0.06092930
v 0.11031398 0.41459222 0.06966896
v 0.10854098 0.40811312 0.06795099
v 0.11542219 0.41318506 0.06390265
v 0.11223846 0.42012032 0.06999743
v 0.08244363 0.45592971 0.09956141
v 0.08688623 0.44108058 0.09568175
v 0.08884829 0.44688034 0.09609253
v 0.07250913 0.45991474 0.10136037
v 0.07663207 0.46451872 0.10148242
v 0.06682062 0.44543356 0.10107457
v 0.07735855 0.44309292 0.09912359
v 0.06989701 0.45360132 0.10109757
v 0.08203232 0.42642339 0.09460531
v 0.08502097 0.43451231 0.09491719
v 0.08519688 0.40629657 0.08547375
v 0.09023074 0.39275631 0.07737448
v 0.09879877 0.39788246 0.07262983
v 0.09234705 0.40175656 0.07862189
v 0.08071432 0.38628962 0.08142313
v 0.08823997 0.37023158 0.07883797
v 0.09560001 0.37571970 0.07281383
v 0.08816257 0.38213358 0.07741216
v 0.10353985 0.35505362 0.07078804
v 0.10877945 0.35946353 0.06412607
v 0.10291287 0.38001567 0.06545970
v 0.10245111 0.36869917 0.06721737
v 0.10879661 0.38292206 0.06047947
v 0.10402417 0.39090129 0.06625733
v 0.07198693 0.42464425 0.09797801
v 0.07712210 0.40489192 0.08902896
v 0.07964983 0.41505590 0.09231927
v 0.06129336 0.42105359 0.09951571
v 0.06421387 0.43443098 0.10050835
v 0.05593543 0.39547469 0.09359179
v 0.06783820 0.40078823 0.09150169
v 0.05843257 0.40755580 0.09708951
v 0.07170186 0.38307214 0.08595312
v 0.07448696 0.39385612 0.08581437
v 0.07943763 0.35454726 0.08979231
v 0.08803030 0.32628752 0.08565539
v 0.09704418 0.34260808 0.07883741
v 0.08878143 0.34839548 0.08505569
v 0.08009226 0.30520009 0.09094743
v 0.09090520 0.27641761 0.08516227
v 0.09811300 0.29464115 0.07889294
v 0.08986749 0.29930116 0.08510098
v 0.10777260 0.26425355 0.07288150
v 0.11308769 0.28147448 0.06634777
v 0.10377049 0.31218666 0.07288192
v 0.10587826 0.28765835 0.07274510
v 0.11002152 0.32785685 0.06554644
v 0.10352019 0.33511939 0.07256277
v 0.06221064 0.37274146 0.09135109
v 0.07099359 0.33832573 0.09533705
v 0.07132961 0.36459569 0.09030907
v 0.05262801 0.35597560 0.10057814
v 0.05259893 0.37933764 0.09229252
v 0.05226460 0.29670038 0.10242303
v 0.06182158 0.31806318 0.09899753
v 0.05117798 0.32644418 0.10236277
v 0.07219033 0.28409222 0.09523768
v 0.07174610 0.31109169 0.09504798
v 0.08336691 0.24763406 0.09016900
v 0.09407414 0.20863874 0.08755296
v 0.10181662 0.23759204 0.07949423
v 0.09305765 0.24225422 0.08500135
v 0.08455480 0.17781107 0.09354843
v 0.09291621 0.13954519 0.09458305
v 0.10103007 0.16781435 0.08470299
v 0.09278264 0.17278269 0.08937689
v 0.11019943 0.13391120 0.08728736
v 0.11694283 0.15871774 0.07477003
v 0.11068114 0.19860646 0.07704499
v 0.10862316 0.16317553 0.08011272
v 0.11744656 0.22819570 0.06733813
v 0.10997908 0.23259478 0.07356954
v 0.06294843 0.25781982 0.09871625
v 0.07459719 0.21809728 0.09559876
v 0.07339561 0.25214433 0.09458114
v 0.04179359 0.27023301 0.10377185
v 0.05517743 0.22789718 0.10070652
v 0.05328609 0.26299223 0.10160264
v 0.04563397 0.19373386 0.10475303
v 0.05474036 0.15422132 0.10448518
v 0.06689194 0.18663144 0.10075795
v 0.05594008 0.18826359 0.10348632
v 0.07354597 0.14925161 0.09990816
v 0.07532333 0.18239597 0.09758050
v 0.04214666 0.12380494 0.11014464
v 0.05362025 0.07428889 0.12684851
v 0.06270194 0.11439003 0.11057209
v 0.05232096 0.11891461 0.11042629
v 0.04323318 0.03890689 0.13498638
v 0.05465822 0.00218711 0.13815282
v 0.06580949 0.03253190 0.13281561
v 0.05449165 0.03680798 0.13404191
v 0.07653271 -0.00714009 0.13607712
v 0.08683953 0.02344119 0.12876336
v 0.07553297 0.06376762 0.12548305
v 0.07632960 0.02777323 0.13119312
v 0.08469160 0.10310024 0.10986224
v 0.07364524 0.10900869 0.11043429
v 0.03474541 0.16255426 0.10734504
v 0.02184502 0.13072838 0.10998125
v 0.03102184 0.08372896 0.12151582
v 0.03219906 0.12697656 0.11018353
v 0.01171175 0.16923469 0.10691996
v -0.00049322 0.13550577 0.10786825
v 0.00819473 0.09149196 0.11533117
v 0.01092886 0.13348236 0.10934752
v -0.00358786 0.05284759 0.12461571
v 0.00664041 0.01218269 0.13750036
v 0.01702602 0.04666111 0.13542798
v 0.00591022 0.04955984 0.13067886
v 0.03137859 0.00973889 0.13799592
v 0.02986863 0.04395379 0.13544895
v 0.03095219 0.23979890 0.10410657
v 0.02320037 0.20570910 0.10540636
v 0.03461328 0.20165868 0.10537528
v 0.01663274 0.28865011 0.10635845
v 0.02947984 0.27675966 0.10587352
v -0.01174721 0.30843108 0.10428168
v 0.00546800 0.25483684 0.10458815
v 0.00238500 0.29725573 0.10598003
v -0.00278880 0.21789728 0.10360057
v 0.00986601 0.21396013 0.10476867
v -0.01401736 0.17400954 0.10429426
v -0.02479339 0.13839923 0.10284806
v -0.01292616 0.09962948 0.10927770
v -0.01173643 0.13704975 0.10595136
v -0.03711192 0.17484200 0.09857099
v -0.03650715 0.10121982 0.10228376
v -0.03607454 0.13879956 0.09984220
v -0.04081145 0.01335314 0.11973103
v -0.02642647 0.05534221 0.11356680
v -0.03699252 0.05551451 0.10930743
v -0.01748517 0.01248410 0.13096090
v -0.01472125 0.05449150 0.11981495
v -0.01999749 0.26120158 0.10133985
v -0.02693390 0.22020323 0.09894067
v -0.01500264 0.21995018 0.10156667
v -0.03756726 0.31000224 0.09932595
v -0.02475044 0.30573279 0.10207155
v -0.04374906 0.26180377 0.09548340
v -0.04925266 0.30940671 0.09613066
v -0.03901107 0.22062398 0.09554874
v -0.04037224 -0.05927701 0.13081456
v -0.02609341 -0.02411181 0.13129760
v -0.03838167 -0.02600982 0.12687768
v -0.04360811 -0.14213860 0.15114719
v -0.02928480 -0.09751261 0.14528742
v -0.04145975 -0.09738802 0.13934365
v -0.01977320 -0.14236748 0.15993551
v -0.00721419 -0.10186390 0.15374371
v -0.01644102 -0.05948847 0.14052115
v -0.01811786 -0.09791630 0.14958616
v -0.00377880 -0.02151058 0.13738071
v -0.01642777 -0.02161106 0.13476844
v -0.04720255 -0.22347892 0.17057930
v -0.03218896 -0.18141486 0.16577927
v -0.04425080 -0.18147134 0.16095441
v -0.05095464 -0.31234045 0.18622511
v -0.03770836 -0.26768815 0.18431860
v -0.04918495 -0.26794384 0.17990018
v -0.02862847 -0.31501939 0.19548966
v -0.01290411 -0.26790771 0.19305278
v -0.02235370 -0.22284151 0.17963660
v -0.02442555 -0.26647705 0.18841917
v -0.00942188 -0.18297240 0.17372269
v -0.02055287 -0.18162095 0.16974260
v -0.05197790 -0.40494191 0.18824648
v -0.04077568 -0.36452806 0.19370664
v -0.05259389 -0.35987675 0.18830174
v -0.04548226 -0.49328219 0.17470331
v -0.03947212 -0.44650732 0.18757994
v -0.05064079 -0.44263526 0.18603721
v -0.02243252 -0.49615405 0.18194780
v -0.01639312 -0.44877642 0.19645439
v -0.02932964 -0.40502027 0.19742260
v -0.02709056 -0.45101422 0.19225932
v -0.01722477 -0.36359768 0.20215926
v -0.02911122 -0.36475631 0.19830949
v -0.04011753 -0.56948360 0.15362324
v -0.03132074 -0.53617824 0.16512255
v -0.04209546 -0.53603817 0.16013902
v -0.03435405 -0.63572949 0.14060034
v -0.02883033 -0.60415881 0.15108595
v -0.03816699 -0.60414057 0.14661816
v -0.01634829 -0.63570647 0.14912278
v -0.00818293 -0.60415474 0.16017127
v -0.01947881 -0.57346329 0.16226656
v -0.01915571 -0.60423555 0.15553584
v -0.00962494 -0.53986872 0.17349274
v -0.02053302 -0.53634041 0.16977560
v -0.01711449 -0.66044656 0.13842978
v -0.00563564 -0.65239196 0.13930734
v -0.01464317 -0.65309851 0.13666094
v -0.00721010 -0.68130705 0.13823717
v -0.00208586 -0.67872851 0.13369553
v 0.01203335 -0.68231003 0.14374377
v 0.00371540 -0.66144243 0.14514464
v 0.00194942 -0.68269756 0.13976383
v 0.01378365 -0.65345536 0.14393118
v 0.00462512 -0.65147784 0.14196373
v 0.00450730 -0.63832108 0.15692271
v 0.01447442 -0.60733872 0.16764818
v 0.00253957 -0.57536466 0.17053124
v 0.00301381 -0.60666558 0.16388453
v 0.02703395 -0.64048631 0.16364540
v 0.03613621 -0.61348155 0.17211809
v 0.02372901 -0.58105608 0.17582038
v 0.02456861 -0.61042272 0.16984834
v 0.03407527 -0.54924962 0.18447645
v 0.02291759 -0.50923665 0.19085758
v 0.01221450 -0.54482965 0.18005621
v 0.02331741 -0.54920389 0.18196562
v 0.00062880 -0.50083751 0.18928390
v 0.00148611 -0.54366955 0.17654843
v 0.02522684 -0.66188243 0.15010219
v 0.03399758 -0.65514232 0.15103218
v 0.02224930 -0.65328409 0.14878953
v 0.02282172 -0.69797002 0.14336380
v 0.03481727 -0.68326403 0.14805816
v 0.02430355 -0.68379849 0.14622175
v 0.04576294 -0.69760228 0.14903526
v 0.05880580 -0.67831929 0.15471289
v 0.04779143 -0.66220601 0.15396493
v 0.04812496 -0.67741551 0.15337082
v 0.05660498 -0.65643383 0.15704477
v 0.04425440 -0.65681753 0.15262582
v 0.06896400 -0.70022696 0.15158703
v 0.08155380 -0.68092543 0.15780774
v 0.07188248 -0.66411545 0.16086156
v 0.07133747 -0.68006171 0.15743498
v 0.09383212 -0.70841044 0.15334056
v 0.10497189 -0.68755741 0.15859743
v 0.09329015 -0.66805677 0.16024531
v 0.09374660 -0.68418963 0.15944639
v 0.09521415 -0.66305460 0.15823473
v 0.06563120 -0.64627541 0.16985744
v 0.07696913 -0.65906439 0.15887972
v 0.08674512 -0.66073123 0.15884882
v 0.04719900 -0.64535248 0.16759446
v 0.06684134 -0.65833495 0.15842131
v 0.05541427 -0.70829512 0.14847290
v 0.06686135 -0.71961683 0.14845145
v 0.08087942 -0.71323057 0.15111307
v 0.06828903 -0.71188243 0.15111192
v 0.05279474 -0.72758264 0.14610497
v 0.06389549 -0.73012682 0.14770134
v 0.07784501 -0.72507619 0.14910319
v 0.06629232 -0.72660128 0.14814709
v 0.09068169 -0.72683568 0.14947081
v 0.10363432 -0.72463652 0.15105211
v 0.09188894 -0.72159370 0.15093742
v 0.09042722 -0.72456183 0.14950832
v 0.10468244 -0.71896504 0.15250239
v 0.09319769 -0.71674459 0.15263005
v 0.03278264 -0.70979746 0.14492861
v 0.04318012 -0.72107929 0.14574698
v 0.04478940 -0.70836780 0.14706662
v 0.02037373 -0.72361395 0.14130738
v 0.02172613 -0.71100342 0.14198512
v 0.01557357 -0.73663434 0.13874967
v 0.03011417 -0.73073877 0.14216031
v 0.01844296 -0.73230413 0.14045649
v 0.03988596 -0.73348845 0.14387994
v 0.04078366 -0.72928469 0.14419096
v 0.11110004 -0.72506713 0.15034981
v 0.11944413 -0.72184855 0.15002373
v 0.11183142 -0.72009069 0.15045922
v 0.11210946 -0.72281810 0.15031771
v 0.12745641 -0.72260834 0.14845195
v 0.13543959 -0.71920408 0.14710483
v 0.12861965 -0.71818826 0.15004319
v 0.12715022 -0.72051164 0.14847953
v 0.13748721 -0.71201699 0.14841714
v 0.12988965 -0.70727930 0.15056462
v 0.12109134 -0.71453580 0.14981317
v 0.12950858 -0.71380610 0.15046759
v 0.11382374 -0.71061785 0.15255745
v 0.11305975 -0.71635950 0.15177291
v 0.14881360 -0.71794579 0.14403037
v 0.16289869 -0.71393434 0.14014712
v 0.14972054 -0.71264857 0.14551380
v 0.14903927 -0.71720084 0.14565779
v 0.17423998 -0.71403722 0.13553125
v 0.18739405 -0.70913840 0.13129175
v 0.17567450 -0.70905631 0.13871100
v 0.17571502 -0.71226400 0.13691867
v 0.18698260 -0.70082773 0.13418690
v 0.17506683 -0.69599372 0.13889731
v 0.16321043 -0.70530987 0.14155876
v 0.17486139 -0.70329896 0.13901190
v 0.15093553 -0.70120179 0.14642032
v 0.15041625 -0.70762920 0.14618660
v 0.19896161 -0.71259405 0.12747180
v 0.20887613 -0.70924727 0.12208650
v 0.19804826 -0.70543057 0.12803091
v 0.19858782 -0.70980501 0.12768639
v 0.21965544 -0.71068500 0.11482816
v 0.22862576 -0.70925393 0.11015696
v 0.21849499 -0.70499856 0.11466074
v 0.21939518 -0.70869915 0.11506433
v 0.22867281 -0.70293589 0.11006573
v 0.21794309 -0.69748044 0.11815852
v 0.20876656 -0.70101950 0.12197749
v 0.21875265 -0.70211289 0.11770005
v 0.19751126 -0.69428740 0.12797401
v 0.19842506 -0.69985708 0.12764958
v 0.23921693 -0.70974488 0.09963687
v 0.24837448 -0.70908371 0.09354446
v 0.23887438 -0.70608126 0.10154451
v 0.23915784 -0.70841631 0.10124568
v 0.25568986 -0.70874125 0.08210898
v 0.25803002 -0.71152918 0.06961817
v 0.25354376 -0.71186049 0.07690261
v 0.25551684 -0.70752232 0.08229365
v 0.25482483 -0.70611949 0.07387422
v 0.24781757 -0.70438199 0.08569264
v 0.24769228 -0.70354790 0.09430820
v 0.25324558 -0.70909758 0.07723567
v 0.23776306 -0.69866576 0.10229044
v 0.23842265 -0.70278642 0.10186529
v 0.25935451 -0.70748790 0.06355679
v 0.26085353 -0.70085444 0.05568235
v 0.25635451 -0.70381275 0.06774755
v 0.25649838 -0.70576333 0.06751312
v 0.26574117 -0.69906632 0.04015994
v 0.26801774 -0.69448403 0.02643288
v 0.26536941 -0.69593471 0.04058656
v 0.26561151 -0.69800010 0.04028148
v 0.26678943 -0.68904574 0.02814652
v 0.26331689 -0.68877395 0.04412841
v 0.25986445 -0.69634344 0.05740611
v 0.26472411 -0.69360256 0.04211708
v 0.25366690 -0.69611981 0.07139966
v 0.25430209 -0.70027689 0.07067442
v 0.27025526 -0.69327148 0.00960237
v 0.26942297 -0.68778322 -0.00395469
v 0.26850950 -0.68878995 0.01322368
v 0.26877177 -0.69064222 0.01290658
v 0.26813324 -0.68650751 -0.01989164
v 0.26498514 -0.68175395 -0.03478392
v 0.26765176 -0.68227391 -0.01890575
v 0.26792812 -0.68463547 -0.01944990
v 0.26389864 -0.67421158 -0.03135916
v 0.26607652 -0.67393103 -0.01523305
v 0.26792265 -0.68147892 -0.00077691
v 0.26670510 -0.67791699 -0.01623492
v 0.26728130 -0.68180127 0.01598753
v 0.26789464 -0.68552537 0.01515646
v 0.26086556 -0.68077011 -0.04985245
v 0.25580359 -0.67629847 -0.06236392
v 0.26080169 -0.67609864 -0.04633078
v 0.26108447 -0.67864178 -0.04691249
v 0.24908593 -0.67621939 -0.07760216
v 0.24181968 -0.67216098 -0.08945483
v 0.24959838 -0.67071629 -0.07376827
v 0.24917322 -0.67390140 -0.07635759
v 0.24161642 -0.66508861 -0.08687610
v 0.24860842 -0.66194827 -0.07160505
v 0.25506869 -0.66937321 -0.05975755
v 0.24920395 -0.66716281 -0.07290664
v 0.25955320 -0.66633626 -0.04294321
v 0.26031058 -0.67183972 -0.04521628
v 0.23253942 -0.67252409 -0.10457172
v 0.22469929 -0.66874868 -0.11449280
v 0.23372664 -0.66702653 -0.10093354
v 0.23313745 -0.67059723 -0.10291817
v 0.21454542 -0.66941269 -0.12726073
v 0.20389762 -0.66630266 -0.13761933
v 0.21462594 -0.66397069 -0.12543778
v 0.21476546 -0.66722181 -0.12631583
v 0.20524185 -0.65916810 -0.13400115
v 0.21596079 -0.65397115 -0.12029875
v 0.22510201 -0.66175043 -0.11165628
v 0.21549043 -0.66027002 -0.12349380
v 0.23410915 -0.65823997 -0.09675510
v 0.23342279 -0.66345636 -0.09999966
v 0.19389011 -0.66720671 -0.14738965
v 0.18316217 -0.66416175 -0.15579809
v 0.19363077 -0.66216044 -0.14601215
v 0.19378537 -0.66513575 -0.14693928
v 0.17086080 -0.66529030 -0.16545547
v 0.17196856 -0.65955165 -0.16286818
v 0.17099330 -0.66294928 -0.16483634
v 0.17390225 -0.64930909 -0.15833534
v 0.18282503 -0.65603247 -0.15319166
v 0.17163541 -0.65510873 -0.16139952
v 0.19602095 -0.65157217 -0.14076081
v 0.19356640 -0.65792069 -0.14468828
v 0.18609168 -0.63539090 -0.14390489
v 0.19618971 -0.62378927 -0.12981594
v 0.20582564 -0.63731705 -0.12530787
v 0.19625690 -0.63637925 -0.13481467
v 0.16367448 -0.63240460 -0.16034741
v 0.17560034 -0.62215119 -0.14760827
v 0.17510928 -0.63306399 -0.15201162
v 0.16421117 -0.60696979 -0.15048080
v 0.17429771 -0.59374461 -0.13686491
v 0.18599249 -0.61060263 -0.13398652
v 0.17508196 -0.60763995 -0.14223059
v 0.19585327 -0.59807222 -0.11856543
v 0.20538795 -0.61406343 -0.11558995
v 0.19586719 -0.61153545 -0.12479424
v 0.21564989 -0.62807912 -0.10969942
v 0.22503466 -0.64183892 -0.10338950
v 0.21566243 -0.64007518 -0.11501225
v 0.21366475 -0.60292239 -0.09971067
v 0.22391622 -0.61766329 -0.09300581
v 0.21491586 -0.61612320 -0.10492154
v 0.23075651 -0.60830183 -0.07614500
v 0.23951983 -0.62512432 -0.06944280
v 0.23326999 -0.63298317 -0.08623900
v 0.23222797 -0.62137530 -0.08146522
v 0.24110464 -0.64594473 -0.07887225
v 0.23334930 -0.64343571 -0.09157671
v 0.22023770 -0.58203587 -0.07950905
v 0.22438488 -0.56427132 -0.06169678
v 0.23432879 -0.58875536 -0.05611583
v 0.22760702 -0.58630632 -0.06894010
v 0.20225725 -0.57556073 -0.10109585
v 0.20797641 -0.55485940 -0.08347310
v 0.21125240 -0.57769639 -0.09059723
v 0.19552246 -0.52816554 -0.08669538
v 0.20138742 -0.50554805 -0.06895176
v 0.21319480 -0.53479256 -0.06522097
v 0.20458644 -0.52975947 -0.07567182
v 0.21747840 -0.51543597 -0.04723100
v 0.22777716 -0.54495649 -0.04278938
v 0.22088301 -0.53950809 -0.05403578
v 0.24366764 -0.61439377 -0.05107381
v 0.25040597 -0.62926055 -0.04277916
v 0.24669448 -0.63668819 -0.06033236
v 0.24551819 -0.62715640 -0.05609406
v 0.25211228 -0.62022477 -0.02397860
v 0.25763049 -0.63581976 -0.01448671
v 0.25643081 -0.64272858 -0.03234450
v 0.25451193 -0.63315424 -0.02964331
v 0.26112572 -0.65520186 -0.02257690
v 0.25371911 -0.65083531 -0.05085964
v 0.25796667 -0.65315983 -0.03716038
v 0.24768955 -0.64675837 -0.06447652
v 0.23695543 -0.57150321 -0.03640885
v 0.24517496 -0.59757626 -0.03097942
v 0.24024518 -0.59304709 -0.04368522
v 0.22964171 -0.52449264 -0.02351954
v 0.23801916 -0.55290609 -0.01805332
v 0.23323255 -0.54743793 -0.03016789
v 0.23755245 -0.53333461 -0.00025842
v 0.24388042 -0.56032900 0.00624092
v 0.24504134 -0.57816081 -0.01089157
v 0.24149840 -0.55619060 -0.00523099
v 0.25157193 -0.60471672 -0.00478072
v 0.24898098 -0.60101995 -0.01835735
v 0.22880953 -0.49480894 -0.00400340
v 0.22686283 -0.46414872 0.01604006
v 0.23470607 -0.50295526 0.01985806
v 0.23254708 -0.50029353 0.00832560
v 0.21910986 -0.48666782 -0.02689237
v 0.21833332 -0.45397705 -0.00803007
v 0.22393594 -0.48881201 -0.01574105
v 0.20720046 -0.41468219 -0.01117142
v 0.20587567 -0.38174602 0.00562510
v 0.21728433 -0.42307077 0.01096357
v 0.21214105 -0.41685758 -0.00031115
v 0.21409172 -0.38966065 0.02843650
v 0.22361350 -0.43163319 0.03403621
v 0.22077102 -0.42629949 0.02354996
v 0.24137102 -0.54008276 0.02415146
v 0.24558775 -0.56478983 0.03131030
v 0.24908597 -0.58599992 0.01375964
v 0.24524349 -0.56270398 0.01939372
v 0.24127782 -0.54455855 0.04872621
v 0.24385188 -0.57242141 0.05637943
v 0.24901000 -0.59059857 0.03997016
v 0.24545921 -0.57004916 0.04362077
v 0.25179636 -0.61657812 0.04758910
v 0.25720472 -0.63490557 0.03031333
v 0.25355555 -0.60937455 0.02195053
v 0.25317720 -0.61441328 0.03610849
v 0.25693309 -0.62775233 0.00230067
v 0.25305044 -0.60703859 0.00859425
v 0.23082595 -0.47080542 0.03869407
v 0.23691984 -0.51079042 0.04229218
v 0.23644447 -0.50861829 0.03063445
v 0.21842676 -0.39467192 0.05033843
v 0.22560405 -0.43594220 0.05662661
v 0.22502059 -0.43391064 0.04541298
v 0.21897355 -0.39812449 0.07367907
v 0.22474448 -0.44368850 0.07825992
v 0.23105672 -0.47707760 0.06214448
v 0.22579293 -0.44138698 0.06734948
v 0.23510352 -0.51499442 0.06618585
v 0.23645545 -0.51302814 0.05496519
v 0.21240458 -0.35596078 0.06553712
v 0.20764434 -0.31882435 0.07126415
v 0.21222467 -0.36302269 0.08639207
v 0.21262736 -0.35980779 0.07673648
v 0.20968015 -0.35348400 0.04371416
v 0.20606257 -0.31525300 0.05054226
v 0.21141866 -0.35510604 0.05475933
v 0.20033424 -0.28071112 0.03184526
v 0.19982725 -0.23962975 0.02842532
v 0.20342057 -0.27619424 0.05133239
v 0.20252813 -0.28105459 0.04152293
v 0.20221352 -0.23655303 0.04902928
v 0.20406050 -0.27916999 0.07213263
v 0.20417260 -0.27865790 0.06173909
v 0.21677943 -0.40132953 0.09385322
v 0.22026530 -0.44649858 0.09889325
v 0.22799937 -0.48233442 0.08360859
v 0.22289720 -0.44511068 0.08880783
v 0.21081091 -0.40329664 0.11478144
v 0.21206840 -0.44878091 0.11920467
v 0.22117831 -0.48532957 0.10478543
v 0.21635632 -0.44779250 0.10991140
v 0.22086525 -0.52166304 0.10934407
v 0.23009623 -0.55221506 0.09398125
v 0.22980374 -0.51855509 0.08861004
v 0.22550886 -0.52025044 0.09965159
v 0.23743051 -0.54856451 0.07221896
v 0.23304149 -0.51674375 0.07711579
v 0.20584673 -0.31994564 0.09188271
v 0.20852599 -0.36387760 0.10625078
v 0.21081382 -0.36347187 0.09637130
v 0.20194680 -0.23501640 0.06843068
v 0.20153836 -0.27677880 0.09191187
v 0.20323138 -0.27802263 0.08210919
v 0.19828521 -0.22852607 0.08719627
v 0.19676324 -0.27342629 0.10832401
v 0.20155973 -0.31616854 0.10840221
v 0.19956585 -0.27220379 0.09897027
v 0.20204108 -0.36398410 0.12458548
v 0.20538753 -0.36080198 0.11574605
v 0.19918393 -0.18963072 0.06446110
v 0.19493089 -0.14520715 0.06175284
v 0.19477967 -0.18516691 0.08201376
v 0.19738183 -0.18676540 0.07323153
v 0.20091538 -0.19706653 0.04780003
v 0.19779524 -0.15247433 0.04513245
v 0.20027362 -0.19127785 0.05575354
v 0.19432837 -0.11082901 0.02681222
v 0.18939932 -0.06754438 0.02822990
v 0.19334282 -0.10824442 0.04529822
v 0.19416863 -0.10970426 0.03655382
v 0.18742998 -0.06315387 0.04388679
v 0.19012003 -0.10460839 0.06058427
v 0.19195870 -0.10460705 0.05175551
v 0.19279278 -0.22290833 0.10209178
v 0.18953505 -0.26430827 0.12266435
v 0.19399174 -0.31283877 0.12684640
v 0.19324589 -0.26721136 0.11551623
v 0.18510712 -0.21685827 0.11673545
v 0.18022831 -0.25852218 0.13570236
v 0.18417516 -0.30916019 0.14214492
v 0.18530415 -0.26212809 0.12960127
v 0.18053043 -0.35384278 0.15534326
v 0.19116075 -0.40237451 0.14868639
v 0.19243138 -0.35690535 0.13953323
v 0.18604964 -0.35484347 0.14821837
v 0.20277894 -0.40407552 0.13240408
v 0.19697595 -0.35871256 0.13286094
v 0.19043304 -0.14441531 0.07794572
v 0.18852853 -0.17961484 0.09749022
v 0.19211952 -0.18316250 0.08941504
v 0.18342700 -0.06150200 0.05989045
v 0.18485434 -0.10021692 0.07524957
v 0.18734669 -0.10255573 0.06900281
v 0.17748081 -0.05753515 0.07364142
v 0.17713693 -0.09523704 0.08934136
v 0.18318654 -0.13583920 0.09224759
v 0.18059536 -0.09452107 0.08223995
v 0.17952681 -0.17426020 0.11150623
v 0.18484695 -0.17780226 0.10411049
v 0.17715516 -0.02359734 0.05826559
v 0.17163588 0.01468720 0.05510278
v 0.17027589 -0.01818844 0.07112825
v 0.17399314 -0.02100517 0.06489496
v 0.18201198 -0.02737085 0.04431936
v 0.17691776 0.01055875 0.04116794
v 0.18016883 -0.02567890 0.05089320
v 0.17569403 0.04792887 0.02291221
v 0.17120668 0.09227577 0.01757475
v 0.17198318 0.05456049 0.03575996
v 0.17396530 0.05297416 0.02870692
v 0.16698453 0.09619598 0.03068341
v 0.16657832 0.05678902 0.04956329
v 0.16952791 0.05669633 0.04264894
v 0.16903553 -0.05120356 0.08629233
v 0.16709111 -0.08795229 0.10197480
v 0.17407151 -0.13233785 0.10621833
v 0.17258015 -0.09152475 0.09569452
v 0.15872261 -0.04851803 0.09866084
v 0.15583311 -0.08092629 0.11258626
v 0.16318198 -0.12569237 0.11716019
v 0.16140793 -0.08400534 0.10774363
v 0.15647714 -0.16164098 0.13477087
v 0.16334987 -0.20332174 0.14055620
v 0.16922159 -0.16810916 0.12281190
v 0.16288992 -0.16788110 0.12990531
v 0.17469026 -0.21091800 0.13003876
v 0.17484819 -0.17133254 0.11698140
v 0.16442203 0.01939232 0.06829577
v 0.16201556 -0.01707854 0.08397583
v 0.16659463 -0.01990485 0.07810729
v 0.16020274 0.10214064 0.04331029
v 0.15864528 0.06048089 0.06382936
v 0.16277683 0.05706186 0.05744639
v 0.15189352 0.10922121 0.05497210
v 0.14850996 0.06991173 0.07521074
v 0.15541373 0.02559602 0.08005880
v 0.15401600 0.06439175 0.06951717
v 0.15115054 -0.01227626 0.09664667
v 0.15637952 -0.01350641 0.09074571
v 0.15279618 0.13331019 0.04090991
v 0.14467578 0.16909030 0.04034683
v 0.14298248 0.14375085 0.05171223
v 0.14788787 0.14042958 0.04597368
v 0.16070918 0.12562996 0.02880445
v 0.15301222 0.15941026 0.02882370
v 0.15684951 0.13007515 0.03505203
v 0.15351612 0.18243439 0.01912448
v 0.15122595 0.21617138 0.01987104
v 0.14706593 0.19404947 0.03051921
v 0.15050792 0.18786960 0.02499818
v 0.14443712 0.22895149 0.03175752
v 0.14015347 0.20558614 0.04231984
v 0.14354090 0.19716973 0.03667552
v 0.14077508 0.11785039 0.06605031
v 0.13661892 0.07885661 0.08551655
v 0.14411704 0.02967931 0.09253434
v 0.14321247 0.07381065 0.08038508
v 0.12712561 0.12355528 0.07798175
v 0.12174798 0.08643776 0.09648727
v 0.12975741 0.04004297 0.10254507
v 0.12955602 0.07909710 0.09210693
v 0.12330531 0.00486685 0.11584266
v 0.13189367 -0.03545742 0.11919562
v 0.13796712 -0.00528291 0.10718094
v 0.13158154 -0.00083712 0.11127990
v 0.14640245 -0.04051098 0.10900479
v 0.14496640 -0.00560100 0.10120293
v 0.13421551 0.18039657 0.05250733
v 0.13050030 0.15267998 0.06362725
v 0.13688425 0.14830120 0.05807051
v 0.13452705 0.24263574 0.04441986
v 0.13027276 0.21640149 0.05549880
v 0.13599123 0.21178077 0.04845953
v 0.12269711 0.25593086 0.05806561
v 0.12285313 0.18921152 0.06497316
v 0.12418133 0.22406715 0.06112655
v 0.12356678 0.15738268 0.06913766
v 0.12443784 -0.06705362 0.13228146
v 0.13398067 -0.11207667 0.13788340
v 0.14074354 -0.07561662 0.12389260
v 0.13314254 -0.07145479 0.12759785
v 0.12549100 -0.14663628 0.15229012
v 0.13239165 -0.18720049 0.15948333
v 0.14140001 -0.15517890 0.14489151
v 0.13379731 -0.15097513 0.14866620
v 0.14896970 -0.19550829 0.15075587
v 0.14995619 -0.11679689 0.12780663
v 0.14901623 -0.15917565 0.14047814
v 0.14826153 -0.08019647 0.11924297
v 0.11566177 -0.02544983 0.12659290
v 0.10663203 -0.05912442 0.13826907
v 0.11604559 -0.10211862 0.14517075
v 0.11635254 -0.06520747 0.13527174
v 0.09648339 -0.01831115 0.13335175
v 0.08604052 -0.04897772 0.14265687
v 0.09599884 -0.09115893 0.15054971
v 0.09657779 -0.05362497 0.14037759
v 0.08579219 -0.12702408 0.16270295
v 0.09512887 -0.16899368 0.17114658
v 0.10633942 -0.13669328 0.15864972
v 0.09604282 -0.13169038 0.16098662
v 0.11430526 -0.17806426 0.16643915
v 0.11508646 -0.14115319 0.15611903
v 0.11372763 0.04622471 0.11235813
v 0.10606719 0.01151536 0.12360221
v 0.11414867 0.00628644 0.12080366
v 0.10502749 0.09577248 0.10425115
v 0.11411138 0.09013881 0.10083517
v 0.09598555 0.05695456 0.11940723
v 0.09498372 0.09760215 0.10811370
v 0.09639887 0.01727494 0.12663481
v 0.08320255 -0.21170534 0.18511197
v 0.08988192 -0.25597810 0.19339318
v 0.10344742 -0.22036819 0.18102356
v 0.09377728 -0.21206708 0.18229370
v 0.07780238 -0.30733140 0.20613829
v 0.08817837 -0.35508169 0.21070425
v 0.09783911 -0.31479406 0.20223151
v 0.08861862 -0.30787721 0.20393819
v 0.10785394 -0.36734463 0.20561154
v 0.11799842 -0.32264294 0.19674096
v 0.10964323 -0.26902232 0.19005848
v 0.10862682 -0.31895933 0.19957304
v 0.12189232 -0.22887742 0.17564154
v 0.11342806 -0.22501196 0.17812451
v 0.07328259 -0.16028120 0.17409426
v 0.06035065 -0.20038893 0.18543491
v 0.06927472 -0.24967265 0.19639540
v 0.07215365 -0.20375564 0.18485435
v 0.05002319 -0.15312757 0.17436644
v 0.03750212 -0.19438590 0.18460875
v 0.04667580 -0.24316138 0.19619357
v 0.04894135 -0.19723519 0.18521673
v 0.03326446 -0.28734479 0.20519738
v 0.04261671 -0.34130316 0.21238620
v 0.05547192 -0.29168535 0.20643434
v 0.04430121 -0.28826009 0.20606572
v 0.06608594 -0.34655028 0.21267275
v 0.06748160 -0.30003469 0.20643441
v 0.07589762 -0.08164154 0.15310645
v 0.06376051 -0.11872898 0.16443904
v 0.07500350 -0.12275242 0.16388671
v 0.06575141 -0.03903637 0.14453382
v 0.07672334 -0.04358745 0.14372893
v 0.04229930 -0.03099916 0.14456659
v 0.05344999 -0.07340504 0.15404082
v 0.05376998 -0.03446682 0.14491630
v 0.04099950 -0.11177506 0.16367381
v 0.05242919 -0.11504425 0.16439279
v 0.02704274 -0.14761389 0.17158797
v 0.01395672 -0.18497711 0.17951285
v 0.02353665 -0.23358337 0.19317433
v 0.02602595 -0.19191340 0.18296925
v 0.00367896 -0.14396214 0.16664630
v 0.00158530 -0.22341949 0.18650012
v 0.00276282 -0.18314076 0.17692028
v -0.00462408 -0.32095124 0.20314262
v 0.01022317 -0.27473399 0.19986737
v -0.00108557 -0.27325727 0.19720463
v 0.01848050 -0.33223993 0.20918367
v 0.02218580 -0.27620880 0.20178727
v 0.03072140 -0.06694386 0.15157228
v 0.01724059 -0.10695966 0.16013314
v 0.02945290 -0.10909730 0.16244499
v 0.01956124 -0.02463648 0.14251715
v 0.03077167 -0.02758115 0.14391307
v 0.00670097 -0.06175746 0.14787742
v 0.00800005 -0.02277878 0.13978175
v 0.00577800 -0.10501100 0.15799439
v 0.02991685 -0.38157401 0.21279834
v 0.04174842 -0.43171477 0.21023785
v 0.05299652 -0.39164030 0.21428457
v 0.04218694 -0.38316794 0.21423906
v 0.03141536 -0.46750080 0.20538990
v 0.04605114 -0.51892836 0.19240135
v 0.05557082 -0.48386971 0.20197693
v 0.04406936 -0.47682065 0.20437489
v 0.06795104 -0.52770855 0.19214050
v 0.07784964 -0.49047001 0.19923854
v 0.06477878 -0.43789095 0.21041444
v 0.06744233 -0.48579466 0.20064811
v 0.07559816 -0.39762053 0.21302756
v 0.06482469 -0.39318454 0.21387770
v 0.00578249 -0.37099454 0.20886925
v 0.01837017 -0.41882042 0.21012784
v 0.01800136 -0.37187757 0.21167264
v -0.00490529 -0.41022576 0.20552289
v -0.00507752 -0.36565989 0.20594471
v 0.00750069 -0.46082931 0.20043956
v -0.00404064 -0.45175613 0.20041981
v 0.02028015 -0.46598235 0.20318165
v 0.09087947 -0.53192084 0.18979081
v 0.10176464 -0.49807985 0.19317551
v 0.08811215 -0.45258801 0.20532143
v 0.09062606 -0.49759546 0.19514365
v 0.11308429 -0.53639136 0.18508001
v 0.12304241 -0.50287301 0.18712746
v 0.11022151 -0.45811588 0.19860832
v 0.11217300 -0.49849652 0.19080815
v 0.11831513 -0.41559856 0.20007923
v 0.09737290 -0.41017353 0.20755166
v 0.10854842 -0.41441051 0.20342884
v 0.08713966 -0.40405664 0.21010674
v 0.07813479 -0.56065202 0.18642281
v 0.08877416 -0.59367666 0.18057741
v 0.10095789 -0.56510326 0.18363827
v 0.08911275 -0.56440586 0.18517216
v 0.07477527 -0.61831909 0.17643072
v 0.08779260 -0.64817968 0.17054028
v 0.09904768 -0.62060602 0.17523419
v 0.08715060 -0.62083407 0.17599148
v 0.11159014 -0.64658255 0.16911012
v 0.12205106 -0.61860159 0.17202869
v 0.11090919 -0.59275545 0.17790333
v 0.11045454 -0.61957266 0.17391240
v 0.12315214 -0.56711223 0.17863321
v 0.11232914 -0.56375548 0.18174704
v 0.05639862 -0.55696784 0.18629883
v 0.06701950 -0.59074878 0.18129848
v 0.06750862 -0.56063218 0.18639053
v 0.04582600 -0.58432059 0.17995417
v 0.04512754 -0.55308792 0.18573411
v 0.05590422 -0.61523409 0.17525444
v 0.04573537 -0.61310849 0.17423646
v 0.06537299 -0.61869113 0.17571442
v 0.13385148 -0.64718850 0.16454531
v 0.14414447 -0.62004289 0.16562126
v 0.13274967 -0.59487855 0.17252139
v 0.13294578 -0.62108772 0.16880217
v 0.15581123 -0.64583605 0.15761496
v 0.16576925 -0.62126221 0.15669420
v 0.15465026 -0.59699311 0.16442492
v 0.15532881 -0.61926426 0.16158327
v 0.16435161 -0.56922594 0.16233637
v 0.15407213 -0.53985201 0.17035499
v 0.14498336 -0.56806121 0.17131502
v 0.15436646 -0.56958477 0.16716804
v 0.13424924 -0.53893890 0.17857577
v 0.13411132 -0.56671841 0.17544788
v 0.12145848 -0.66422235 0.16485082
v 0.15142097 -0.67613238 0.14989693
v 0.14496308 -0.66166823 0.15959300
v 0.13370468 -0.66272077 0.16253722
v 0.14177860 -0.68300231 0.15529342
v 0.16562115 -0.68250629 0.14796839
v 0.15344002 -0.68375091 0.15135344
v 0.18866883 -0.68420828 0.13231938
v 0.16117365 -0.67660741 0.15196997
v 0.17719879 -0.68574835 0.13821013
v 0.16820712 -0.66190589 0.15114504
v 0.15641967 -0.66186029 0.15585172
v 0.10972457 -0.66414545 0.16282614
v 0.13382988 -0.67679619 0.15337034
v 0.11099248 -0.66499062 0.16629850
v 0.11358134 -0.66984228 0.16004238
v 0.09914316 -0.66494409 0.16366746
v 0.12407834 -0.68428453 0.15762268
v 0.11324814 -0.68647368 0.15775298
v 0.13212835 -0.68298934 0.15583195
v 0.17688047 -0.64792171 0.14795383
v 0.18571473 -0.62496248 0.14517463
v 0.17513006 -0.59868125 0.15402176
v 0.17591378 -0.62308662 0.15136887
v 0.19677103 -0.64771957 0.13588298
v 0.20355336 -0.62788918 0.13168355
v 0.19346754 -0.59983418 0.14152693
v 0.19477455 -0.62655237 0.13872459
v 0.20022623 -0.57949876 0.13643325
v 0.19054946 -0.54906403 0.14615018
v 0.18275832 -0.57475117 0.15073970
v 0.19175175 -0.57714540 0.14383914
v 0.17278500 -0.54651485 0.15925501
v 0.17326631 -0.57206968 0.15697606
v 0.17913439 -0.67409173 0.14515814
v 0.18791875 -0.66158627 0.14088562
v 0.17830524 -0.66292624 0.14608303
v 0.20114342 -0.68794286 0.12780229
v 0.19887521 -0.68700131 0.12793054
v 0.21687967 -0.68919868 0.11804785
v 0.19864908 -0.67543690 0.13352055
v 0.20311726 -0.68699546 0.12900887
v 0.20717605 -0.66306017 0.12726952
v 0.19736042 -0.66255289 0.13475715
v 0.21479012 -0.64937706 0.12060364
v 0.22042412 -0.62720695 0.11493258
v 0.21036862 -0.60325602 0.12623789
v 0.21211169 -0.62630648 0.12388666
v 0.23151832 -0.64970623 0.10160566
v 0.23469989 -0.62840800 0.09501841
v 0.22499848 -0.60307869 0.10839114
v 0.22794492 -0.62798292 0.10529361
v 0.22843035 -0.58017872 0.10093891
v 0.21962226 -0.55518021 0.11349627
v 0.21573741 -0.58011977 0.11986434
v 0.22259338 -0.57860955 0.11053833
v 0.20566858 -0.55431642 0.13132515
v 0.20771400 -0.57840148 0.12911848
v 0.21690191 -0.67578685 0.11865773
v 0.22438163 -0.66127218 0.11097204
v 0.21626889 -0.66335571 0.11919223
v 0.22824516 -0.68606912 0.10790221
v 0.22337130 -0.68919563 0.11407533
v 0.24391101 -0.68550564 0.08708230
v 0.23427987 -0.67305150 0.09958222
v 0.23680457 -0.68509091 0.09753677
v 0.23944802 -0.66085501 0.09096936
v 0.23279852 -0.66114864 0.10074287
v 0.24336527 -0.64522173 0.08183572
v 0.24512557 -0.62136428 0.07290585
v 0.23684676 -0.60236571 0.08771003
v 0.23995208 -0.62372100 0.08508162
v 0.25292550 -0.64001012 0.05651024
v 0.24533681 -0.59776884 0.06398827
v 0.24879072 -0.61917638 0.06122341
v 0.23807829 -0.57635859 0.07919888
v 0.24127925 -0.57454212 0.06857791
v 0.23330312 -0.57861674 0.09127256
v 0.24780180 -0.66830427 0.07812518
v 0.25151577 -0.65519685 0.06670549
v 0.24571504 -0.65819488 0.07985034
v 0.25589609 -0.67800480 0.06234851
v 0.25011059 -0.68126640 0.07544679
v 0.26321898 -0.67060569 0.03427995
v 0.25762671 -0.66178876 0.05172263
v 0.26017038 -0.67345642 0.04857450
v 0.25786586 -0.64799967 0.04181220
v 0.25537181 -0.65230878 0.05413519
v 0.20934592 -0.52017123 0.12740083
v 0.19869204 -0.48418553 0.14076577
v 0.19517122 -0.51794729 0.14351494
v 0.20273175 -0.52101344 0.13536484
v 0.21102993 -0.48365218 0.12410600
v 0.21569798 -0.52275589 0.11828071
v 0.20170011 -0.44576841 0.13667635
v 0.20722334 -0.44525802 0.12819119
v 0.18851559 -0.44202201 0.15272723
v 0.19462787 -0.44390108 0.14578354
v 0.18448293 -0.48178558 0.15494009
v 0.17963769 -0.51511403 0.15696368
v 0.18776207 -0.51476057 0.15044458
v 0.17791376 -0.39777798 0.16292378
v 0.17365681 -0.43735376 0.16654656
v 0.18109968 -0.44189881 0.15988932
v 0.16161811 -0.38738341 0.17672367
v 0.15680563 -0.43054539 0.17926583
v 0.16745884 -0.47598869 0.16851023
v 0.16467582 -0.43281731 0.17384550
v 0.16209828 -0.50761076 0.16952430
v 0.17050579 -0.51213670 0.16353181
v 0.16710228 -0.34639999 0.16816235
v 0.15935657 -0.29734942 0.16651047
v 0.15297109 -0.34034177 0.17949413
v 0.16003066 -0.34414772 0.17414330
v 0.17299373 -0.30375433 0.15443028
v 0.17421454 -0.34798058 0.16115174
v 0.16789852 -0.25295346 0.14866103
v 0.17486350 -0.25603202 0.14191253
v 0.15507639 -0.24394844 0.15842170
v 0.16195262 -0.24841392 0.15356368
v 0.14600335 -0.37758004 0.18783192
v 0.13825542 -0.42583395 0.19009403
v 0.15048362 -0.46836251 0.17980386
v 0.14703230 -0.42844085 0.18495091
v 0.12752204 -0.37399968 0.19764132
v 0.13089966 -0.46734697 0.18837779
v 0.12888706 -0.41700650 0.19574298
v 0.14296569 -0.50352632 0.17942405
v 0.13329661 -0.50409589 0.18333215
v 0.15256675 -0.50747265 0.17469811
v 0.14603117 -0.28455930 0.17399812
v 0.13613016 -0.32895269 0.18798613
v 0.14512195 -0.33802842 0.18462668
v 0.13902837 -0.23810153 0.16840470
v 0.14697916 -0.24161579 0.16395134
v 0.12812324 -0.27814806 0.18318401
v 0.13168110 -0.23304055 0.17147131
v 0.12761722 -0.32668056 0.19244997
v 0.15628604 0.20864386 0.00753245
v 0.15849678 0.22521666 -0.00123750
v 0.15550025 0.24694475 0.00262127
v 0.15412906 0.22680013 0.01173138
v 0.15656946 0.22646132 0.00510913
v 0.15950333 0.20646176 -0.00430132
v 0.16131520 0.22164915 -0.01394188
v 0.15926955 0.24561031 -0.01061713
v 0.15994518 0.22450229 -0.00760649
v 0.15750333 0.26551747 -0.01762943
v 0.15194109 0.29181239 -0.01137690
v 0.15431107 0.26811447 -0.00551793
v 0.15588703 0.26796796 -0.01181169
v 0.14844693 0.29477313 0.00101514
v 0.15030739 0.26877266 0.00743897
v 0.15224459 0.26872040 0.00109138
v 0.16002279 0.15093485 0.01647344
v 0.15873894 0.17848068 0.00626877
v 0.15637315 0.17997880 0.01277145
v 0.16583660 0.12295053 0.01636007
v 0.16363872 0.12475435 0.02193950
v 0.17002595 0.11702392 0.00353510
v 0.16438024 0.14801481 0.00379787
v 0.16789091 0.12138045 0.00987789
v 0.16224033 0.17632999 -0.00687602
v 0.16068177 0.17741042 -0.00035129
v 0.14916153 0.25610256 0.01533145
v 0.14709936 0.24267291 0.02321510
v 0.15122583 0.23348780 0.01774040
v 0.14293665 0.30158391 0.01428354
v 0.14193691 0.28732895 0.02089699
v 0.14573230 0.28000685 0.01457558
v 0.13515963 0.31430426 0.02799986
v 0.13286029 0.29808140 0.03600259
v 0.14112249 0.26967354 0.02870770
v 0.13755468 0.29206544 0.02887902
v 0.13816663 0.25350469 0.03708977
v 0.14281293 0.24863938 0.02990662
v 0.13771406 0.32397595 0.01979208
v 0.13451927 0.34527016 0.02576189
v 0.13089670 0.33401998 0.03368066
v 0.13401469 0.33015245 0.02706870
v 0.14473455 0.30978034 0.00666839
v 0.14035166 0.33183460 0.01231241
v 0.14123631 0.31833506 0.01301834
v 0.14289652 0.33983698 0.00452210
v 0.14069334 0.36197781 0.00825786
v 0.13815661 0.35406077 0.01688446
v 0.14078775 0.34628693 0.01051873
v 0.13336436 0.37373153 0.02166209
v 0.13067317 0.36209469 0.03090450
v 0.13462676 0.35957196 0.02372193
v 0.12636586 0.32843818 0.04222066
v 0.12192351 0.31518165 0.05096308
v 0.13000092 0.28384093 0.04409224
v 0.12749245 0.30706266 0.04349999
v 0.11634091 0.34492580 0.05747810
v 0.11704406 0.30168698 0.05878664
v 0.11611168 0.32429793 0.05794239
v 0.12679966 0.27007437 0.05110529
v 0.12066127 0.27688012 0.05816536
v 0.13337989 0.26099220 0.04327419
v 0.12688837 0.35502969 0.04046171
v 0.12198342 0.35013247 0.04903732
v 0.12683181 0.34199742 0.04125318
v 0.12520340 0.38296732 0.03584613
v 0.12041050 0.37830575 0.04429669
v 0.12585173 0.37090494 0.03660500
v 0.11552113 0.39058522 0.05301599
v 0.11486568 0.36977793 0.05348259
v 0.11491301 0.38179678 0.05219565
v 0.11598485 0.35842266 0.05536659
v 0.14612357 0.35481552 -0.00400470
v 0.14666144 0.36569331 -0.01076074
v 0.14351566 0.37738032 -0.00606919
v 0.14284287 0.36784931 0.00124626
v 0.14486098 0.36754707 -0.00492795
v 0.14887031 0.35513534 -0.01577438
v 0.14950526 0.36280986 -0.02201893
v 0.14618476 0.37600896 -0.01710929
v 0.14786487 0.36610285 -0.01688126
v 0.14699744 0.38234531 -0.02282159
v 0.14618700 0.39275456 -0.01752496
v 0.14415846 0.38610481 -0.01204826
v 0.14556052 0.38488637 -0.01756979
v 0.14386942 0.39524272 -0.00598295
v 0.14107530 0.38574435 0.00000617
v 0.14287487 0.38615061 -0.00601553
v 0.14511559 0.32600177 -0.00059500
v 0.14670754 0.34106438 -0.00791435
v 0.14495209 0.34094154 -0.00223642
v 0.14855299 0.30978514 -0.00577945
v 0.14675066 0.30988925 0.00058973
v 0.15157042 0.30842964 -0.01779296
v 0.14812212 0.32639037 -0.01340356
v 0.15010786 0.31025521 -0.01231037
v 0.14899120 0.33758324 -0.01971033
v 0.14821276 0.33927513 -0.01386990
v 0.13835170 0.38191275 0.00665499
v 0.13600362 0.37894497 0.01377054
v 0.13972857 0.37254972 0.00767700
v 0.14047940 0.39863323 0.00594019
v 0.13693846 0.39550877 0.01375014
v 0.13932134 0.39162645 0.00650882
v 0.13671240 0.40478158 0.02087901
v 0.13146962 0.39781980 0.02895124
v 0.13369548 0.39204883 0.02052579
v 0.13500391 0.39870933 0.02097329
v 0.12936469 0.38471172 0.02797277
v 0.13288107 0.38267451 0.02058398
v 0.13962013 0.40364775 0.01356175
v 0.13791641 0.40876911 0.02128158
v 0.13373618 0.40587623 0.02899146
v 0.13670395 0.40636629 0.02110788
v 0.14259654 0.39605045 0.00018560
v 0.14215424 0.40145814 0.00661062
v 0.14150004 0.40134350 0.00630862
v 0.14454441 0.40092590 0.00022895
v 0.14353286 0.40622625 0.00672827
v 0.14055601 0.40948361 0.01304867
v 0.14223398 0.40416160 0.00628696
v 0.13970644 0.41291459 0.02132010
v 0.13603034 0.40968458 0.02924064
v 0.13858627 0.41090523 0.02052286
v 0.13087108 0.41060911 0.03726275
v 0.12635367 0.40897272 0.04552720
v 0.12743220 0.39863386 0.03689134
v 0.12935822 0.40445098 0.03695298
v 0.12225735 0.41530654 0.05573010
v 0.11915308 0.40489732 0.05452456
v 0.12139343 0.41084265 0.05462946
v 0.12265405 0.39621247 0.04442312
v 0.11741683 0.39792664 0.05316952
v 0.12623712 0.39046676 0.03545570
v 0.13293205 0.41528935 0.03695343
v 0.12902958 0.41674685 0.04625391
v 0.13209939 0.41294357 0.03734118
v 0.13375541 0.41945193 0.03689037
v 0.13078176 0.42071020 0.04667223
v 0.13416818 0.41624734 0.03700958
v 0.12682845 0.42361261 0.05645393
v 0.12544487 0.41994481 0.05571948
v 0.12539568 0.42153391 0.05654399
v 0.12391347 0.41764156 0.05580838
v 0.14758667 0.40407522 -0.00569898
v 0.14883738 0.40472208 -0.01103610
v 0.14844498 0.40685598 -0.00555097
v 0.14666758 0.40324205 0.00070349
v 0.14840853 0.40413893 -0.00536443
v 0.14950149 0.40114958 -0.01628800
v 0.15017917 0.40119900 -0.02181689
v 0.15047622 0.40408055 -0.01633816
v 0.15047767 0.40231565 -0.01600586
v 0.15209393 0.40424506 -0.02125616
v 0.15130347 0.40704443 -0.01633531
v 0.14971419 0.40732917 -0.01104867
v 0.15051851 0.40596159 -0.01638409
v 0.14939670 0.40814429 -0.00573708
v 0.14771063 0.40463502 0.00108695
v 0.14859710 0.40816431 -0.00602513
v 0.14506784 0.39943083 -0.00587008
v 0.14714827 0.39941569 -0.01147528
v 0.14605662 0.40065158 -0.00560916
v 0.14536767 0.39666528 -0.01189507
v 0.14433121 0.39673689 -0.00584716
v 0.14751417 0.39359606 -0.02261503
v 0.14735002 0.39717173 -0.01675577
v 0.14644469 0.39572373 -0.01743238
v 0.14830307 0.39852032 -0.02270925
v 0.14841253 0.39968851 -0.01675008
v 0.14552515 0.40841927 0.00721339
v 0.14175242 0.41279636 0.01273522
v 0.14445520 0.40749110 0.00701774
v 0.14597717 0.41177249 0.00649175
v 0.14323349 0.41529405 0.01327436
v 0.14673680 0.41038060 0.00720714
v 0.14191797 0.41756315 0.02166133
v 0.13882819 0.41526963 0.02965511
v 0.14024665 0.41609230 0.02060973
v 0.14135991 0.41669231 0.02072865
v 0.13669917 0.41330274 0.02966771
v 0.13936960 0.41504707 0.02053581
v 0.14941556 0.40686595 -0.02924636
v 0.14971161 0.41266543 -0.03632733
v 0.15125348 0.40933123 -0.02877083
v 0.15029942 0.40798469 -0.02911844
v 0.15004077 0.41375654 -0.04228891
v 0.15022389 0.41763066 -0.04223759
v 0.14936835 0.41682440 -0.04256892
v 0.15190106 0.42000921 -0.04148746
v 0.15030760 0.41714438 -0.03577769
v 0.15111943 0.41938904 -0.04182235
v 0.15198665 0.41176787 -0.02883678
v 0.15113896 0.41088351 -0.02900270
v 0.14864567 0.40108909 -0.02935622
v 0.14909682 0.40845402 -0.03634953
v 0.14938341 0.40370144 -0.02952728
v 0.14826450 0.39622721 -0.02978055
v 0.14864672 0.40401851 -0.03616073
v 0.14795624 0.39954241 -0.02958317
v 0.14799904 0.40499298 -0.04348737
v 0.14779651 0.40717321 -0.04913113
v 0.14906245 0.40891548 -0.04310160
v 0.14842463 0.40655899 -0.04320960
v 0.14901974 0.41088902 -0.04818316
v 0.14919171 0.41270671 -0.04257015
v 0.14513822 0.41407419 -0.05650054
v 0.14371787 0.42246400 -0.06256177
v 0.14611136 0.41879203 -0.05534303
v 0.14559765 0.41636741 -0.05578612
v 0.14055421 0.42437196 -0.06914005
v 0.14143809 0.42812391 -0.06796448
v 0.14113088 0.42727064 -0.06819757
v 0.14335766 0.42834123 -0.06170454
v 0.14014784 0.43116200 -0.06853666
v 0.14670056 0.42063947 -0.05508621
v 0.14765829 0.39699003 -0.04836992
v 0.14607954 0.39672980 -0.05545113
v 0.14386455 0.41241657 -0.06238764
v 0.14678935 0.40474612 -0.05549632
v 0.14807980 0.37848179 -0.04860331
v 0.14713234 0.37709629 -0.05488012
v 0.14413113 0.39464515 -0.06174051
v 0.14642418 0.38705286 -0.05487000
v 0.14227473 0.38998766 -0.06716791
v 0.13950381 0.40454965 -0.07334494
v 0.14225962 0.40808120 -0.06803308
v 0.14222460 0.40030526 -0.06748371
v 0.13711509 0.42300053 -0.07489559
v 0.14167691 0.41610876 -0.06853296
v 0.14817191 0.39338591 -0.03630083
v 0.14791333 0.38861792 -0.04273009
v 0.14794921 0.39697529 -0.04317199
v 0.14807657 0.37972558 -0.02956585
v 0.14758833 0.38846208 -0.02988798
v 0.15098338 0.35931882 -0.02885063
v 0.14878660 0.37549104 -0.03563373
v 0.14932382 0.37008939 -0.02920820
v 0.14981208 0.36848194 -0.04269153
v 0.14864175 0.37858883 -0.04241787
v 0.15069295 0.35389949 -0.04718295
v 0.14886567 0.34840182 -0.05243771
v 0.14620729 0.37225139 -0.06047924
v 0.14911654 0.36342593 -0.05445445
v 0.15045798 0.32527529 -0.04530742
v 0.15003924 0.31824942 -0.05090903
v 0.14709285 0.34076960 -0.05827611
v 0.14899020 0.33261547 -0.05137366
v 0.14562908 0.33037675 -0.06333174
v 0.14288414 0.34937421 -0.06995046
v 0.14538269 0.36205497 -0.06539811
v 0.14496845 0.34648604 -0.06439837
v 0.14053742 0.38043571 -0.07208903
v 0.14350184 0.37672310 -0.06632660
v 0.15097909 0.34932249 -0.03448249
v 0.15046158 0.34052757 -0.03990496
v 0.15107806 0.35397915 -0.04146339
v 0.15016377 0.33070792 -0.02607910
v 0.15024858 0.34534740 -0.02699685
v 0.15357663 0.29623732 -0.02464520
v 0.15145377 0.32093576 -0.03223193
v 0.15173099 0.31446420 -0.02510866
v 0.15250905 0.30963716 -0.03810423
v 0.15115738 0.32581150 -0.03924320
v 0.15419285 0.28620780 -0.04449289
v 0.15653252 0.26647221 -0.05023756
v 0.15018880 0.30160737 -0.05639827
v 0.15254800 0.29251121 -0.05033940
v 0.16180010 0.23695818 -0.04220737
v 0.16054419 0.21745207 -0.04571304
v 0.15818899 0.24764287 -0.05553009
v 0.16046649 0.24125407 -0.04939936
v 0.15734083 0.22189720 -0.05946613
v 0.15286909 0.25335621 -0.06762468
v 0.15085835 0.27681925 -0.06300155
v 0.15556127 0.25099927 -0.06183188
v 0.14482120 0.31078700 -0.06772909
v 0.14776789 0.30592056 -0.06219233
v 0.15615539 0.27954298 -0.03158483
v 0.15989277 0.25829901 -0.03774765
v 0.15498544 0.28408703 -0.03774474
v 0.16074426 0.24995013 -0.02330226
v 0.15703116 0.27217123 -0.02490608
v 0.16194848 0.20614259 -0.01819332
v 0.16240127 0.23252794 -0.02842120
v 0.16180525 0.22827216 -0.02103247
v 0.16225874 0.21077316 -0.03159155
v 0.16250406 0.23345912 -0.03570968
v 0.16285439 0.18197054 -0.03448731
v 0.16576620 0.15217786 -0.03694031
v 0.16000470 0.18834889 -0.04874438
v 0.16167868 0.18669670 -0.04144016
v 0.17089105 0.11868096 -0.02439365
v 0.17282147 0.09186251 -0.02655314
v 0.16815435 0.12215331 -0.03907430
v 0.16976786 0.12050031 -0.03179943
v 0.16967280 0.08692560 -0.04073356
v 0.16384944 0.11926254 -0.05320720
v 0.16195239 0.15536422 -0.05117149
v 0.16648408 0.11969642 -0.04564973
v 0.15569848 0.19226163 -0.06139183
v 0.15808253 0.19038257 -0.05504148
v 0.16336781 0.18022054 -0.02079070
v 0.16719087 0.15078308 -0.02341049
v 0.16346145 0.18073574 -0.02759375
v 0.16651207 0.15057516 -0.00965475
v 0.16282957 0.18017469 -0.01418122
v 0.17369231 0.09066497 0.00385035
v 0.17118904 0.11919880 -0.01046823
v 0.17065665 0.11955210 -0.00357757
v 0.17437036 0.09084520 -0.01120011
v 0.17125823 0.11947534 -0.01747625
v 0.17729809 0.04789388 -0.00866297
v 0.18095202 0.00659778 -0.00649884
v 0.17485565 0.05073015 -0.02592076
v 0.17646878 0.04816232 -0.01693526
v 0.18575974 -0.03542065 0.01213338
v 0.18910789 -0.07293139 0.01149167
v 0.18356739 -0.03505924 -0.00463503
v 0.18483126 -0.03352310 0.00320694
v 0.18584099 -0.07299877 -0.00585967
v 0.17950302 -0.03736745 -0.02295090
v 0.17807139 0.00745346 -0.02423895
v 0.18187920 -0.03831991 -0.01370168
v 0.17104391 0.05037501 -0.04204170
v 0.17339071 0.04805118 -0.03357792
v 0.17713504 0.05174266 0.00699983
v 0.18166990 0.00789159 0.00978551
v 0.17746636 0.04752502 0.00015340
v 0.18019337 0.00843296 0.02668038
v 0.17657135 0.05162500 0.01424219
v 0.18477466 -0.03016302 0.02877402
v 0.18369128 -0.02826729 0.03642633
v 0.18581921 -0.03494386 0.02083211
v 0.18042900 -0.07604570 -0.02444274
v 0.17260828 -0.03469304 -0.04161981
v 0.17216019 0.00884222 -0.04331671
v 0.17608176 -0.03612950 -0.03258512
v 0.17159183 -0.07539828 -0.04273299
v 0.16335726 -0.03566204 -0.05907207
v 0.16426354 0.00764484 -0.05984081
v 0.16826585 -0.03767581 -0.04983599
v 0.15560427 0.05024117 -0.07410398
v 0.15610864 0.09022080 -0.07005479
v 0.16442859 0.05026201 -0.05875878
v 0.16021567 0.05232174 -0.06676296
v 0.16396857 0.09110702 -0.05555240
v 0.16804078 0.04875239 -0.05063068
v 0.18872848 -0.11668710 -0.00806261
v 0.19022043 -0.15610586 -0.01164570
v 0.18136084 -0.11597176 -0.02804497
v 0.18577720 -0.11585942 -0.01740863
v 0.19581942 -0.20065558 0.00882272
v 0.19446371 -0.23999120 0.00953187
v 0.18861474 -0.20097375 -0.01162011
v 0.19262615 -0.19870467 -0.00238948
v 0.18630746 -0.24094817 -0.01132259
v 0.17927537 -0.20115423 -0.03073057
v 0.18178297 -0.16080094 -0.03081126
v 0.18417885 -0.20100283 -0.02098178
v 0.17256046 -0.11948956 -0.04547559
v 0.17683410 -0.11561301 -0.03768185
v 0.19320695 -0.11630088 0.00978812
v 0.19540294 -0.15626672 0.00703137
v 0.19123687 -0.11661121 0.00114478
v 0.19796169 -0.15487689 0.02654118
v 0.19373105 -0.11158265 0.01833362
v 0.19956602 -0.19924198 0.02837587
v 0.20062916 -0.19479585 0.03688904
v 0.19810941 -0.20011835 0.01823219
v 0.17359479 -0.23705935 -0.03162462
v 0.16571939 -0.20126617 -0.05129315
v 0.17036886 -0.15863685 -0.05040116
v 0.17279903 -0.20127483 -0.04147776
v 0.15916563 -0.23644674 -0.05163498
v 0.14907423 -0.20016524 -0.06965832
v 0.15616584 -0.15926953 -0.06790250
v 0.15775297 -0.20114791 -0.06078309
v 0.14330130 -0.11793610 -0.08210589
v 0.14683317 -0.07684334 -0.07904464
v 0.15883993 -0.11842402 -0.06505987
v 0.15151722 -0.11816238 -0.07338795
v 0.16060092 -0.07704487 -0.06156672
v 0.16563383 -0.11762144 -0.05562947
v 0.18322104 -0.27662639 -0.01171892
v 0.18057816 -0.30822442 -0.01457714
v 0.17016283 -0.27605587 -0.03166121
v 0.17727720 -0.27424974 -0.02137566
v 0.19293238 -0.34173233 -0.00047177
v 0.19366585 -0.37383174 -0.01590661
v 0.17977919 -0.33290035 -0.02128802
v 0.18692657 -0.33581125 -0.01072276
v 0.17776596 -0.36602575 -0.03693128
v 0.16263870 -0.32784659 -0.04157630
v 0.16512255 -0.30746679 -0.03508544
v 0.17196025 -0.33227993 -0.03175724
v 0.15350187 -0.27651745 -0.05274764
v 0.16218723 -0.27706536 -0.04254562
v 0.19346644 -0.27687492 0.00960977
v 0.19231670 -0.30954772 0.00766957
v 0.18892015 -0.27772420 -0.00168178
v 0.20122156 -0.31436399 0.02969584
v 0.19732379 -0.27694372 0.02046981
v 0.20321355 -0.34509815 0.02208416
v 0.20701527 -0.34985889 0.03242783
v 0.19797973 -0.34348903 0.00995306
v 0.16024081 -0.35795492 -0.05538807
v 0.14336409 -0.32678728 -0.06071925
v 0.14696792 -0.30277709 -0.05499760
v 0.15253700 -0.32947943 -0.05241932
v 0.14078853 -0.35580230 -0.07275511
v 0.12220668 -0.32606776 -0.07792782
v 0.12975323 -0.30417076 -0.07114668
v 0.13279397 -0.32818345 -0.06999859
v 0.11592111 -0.27332096 -0.08444220
v 0.12375750 -0.23668026 -0.08478832
v 0.13560553 -0.27396944 -0.06985290
v 0.12630032 -0.27229983 -0.07598879
v 0.14156145 -0.24100121 -0.06934459
v 0.14442879 -0.27398124 -0.06228928
v 0.17588587 -0.39906201 -0.05442632
v 0.17210048 -0.42960849 -0.07169147
v 0.15707635 -0.39450975 -0.07270187
v 0.16617966 -0.39600797 -0.06418577
v 0.18712055 -0.46820391 -0.07095026
v 0.18288812 -0.49553170 -0.08732753
v 0.16770258 -0.45995678 -0.08883457
v 0.17784064 -0.46525253 -0.08041037
v 0.16275399 -0.49304626 -0.10601000
v 0.14618702 -0.45756484 -0.10645281
v 0.15205432 -0.42638570 -0.08958901
v 0.15779470 -0.45888426 -0.09736683
v 0.13611681 -0.38871278 -0.08836974
v 0.14590491 -0.38927517 -0.08069283
v 0.19304972 -0.40594398 -0.03353953
v 0.19097847 -0.43715744 -0.05183564
v 0.18495220 -0.40383658 -0.04448983
v 0.20668526 -0.44557456 -0.03002905
v 0.20022542 -0.40824903 -0.02230746
v 0.20479646 -0.47482479 -0.04884433
v 0.21172621 -0.47933902 -0.03890842
v 0.19684878 -0.47273475 -0.05995765
v 0.14104657 -0.48801916 -0.12116042
v 0.12415393 -0.45262944 -0.12025582
v 0.13110894 -0.42058645 -0.10388422
v 0.13612111 -0.45702987 -0.11360267
v 0.11781507 -0.48695325 -0.13606903
v 0.10881992 -0.41976694 -0.11792025
v 0.11319240 -0.45231446 -0.12682472
v 0.09757874 -0.35348650 -0.10154647
v 0.11391608 -0.38665015 -0.10305179
v 0.10362178 -0.38638779 -0.10906722
v 0.11951573 -0.35424823 -0.08839877
v 0.12556891 -0.38750917 -0.09563572
v 0.15553708 -0.51820859 -0.12183376
v 0.14841722 -0.54277911 -0.13666977
v 0.13345469 -0.51597411 -0.13675398
v 0.14453208 -0.51652367 -0.12933293
v 0.16098702 -0.56569988 -0.13627982
v 0.15332725 -0.59010132 -0.15157428
v 0.13982268 -0.56355681 -0.15016886
v 0.15087378 -0.56655703 -0.14410484
v 0.13124911 -0.58710528 -0.16423417
v 0.12535968 -0.53897980 -0.15022380
v 0.12817773 -0.56328718 -0.15720152
v 0.12203620 -0.51571004 -0.14364794
v 0.17707622 -0.52234735 -0.10448485
v 0.16960898 -0.54416391 -0.12052970
v 0.16561101 -0.51796761 -0.11334917
v 0.18956878 -0.54916429 -0.10317598
v 0.18645800 -0.52355212 -0.09528349
v 0.18253140 -0.57124502 -0.12014519
v 0.19220151 -0.57224995 -0.11084920
v 0.17211524 -0.56754314 -0.12827741
v 0.14347173 -0.60391168 -0.16329458
v 0.13288523 -0.61645616 -0.17409556
v 0.13160938 -0.60132380 -0.16938697
v 0.15380519 -0.61918981 -0.16217917
v 0.15386307 -0.60432527 -0.15676440
v 0.14268628 -0.62989031 -0.17291490
v 0.15326959 -0.63024873 -0.16656046
v 0.13225253 -0.62797760 -0.17828922
v 0.08728386 -0.30956806 -0.09895842
v 0.10447961 -0.33092223 -0.09040538
v 0.09309957 -0.32935110 -0.09658040
v 0.08175918 -0.23952212 -0.11267720
v 0.09566818 -0.27529613 -0.09760785
v 0.08414925 -0.27401666 -0.10267746
v 0.10338242 -0.23831158 -0.10016023
v 0.10940254 -0.30859536 -0.08629476
v 0.10586769 -0.27494156 -0.09156163
v 0.11224793 -0.32734032 -0.08507380
v 0.07890413 -0.16080262 -0.12628579
v 0.09211749 -0.20223510 -0.11428617
v 0.08036997 -0.20269903 -0.12022832
v 0.06925429 -0.07105343 -0.13384304
v 0.08622745 -0.11866961 -0.12489619
v 0.07521140 -0.11975709 -0.13063441
v 0.09103863 -0.07053163 -0.12338474
v 0.10610632 -0.11773437 -0.11236979
v 0.10022825 -0.15958768 -0.11449767
v 0.09667625 -0.11857740 -0.11845621
v 0.11162673 -0.20079875 -0.10167929
v 0.10198481 -0.20176355 -0.10832328
v 0.06689784 0.01696532 -0.14218634
v 0.07955342 -0.02846056 -0.13290067
v 0.06793959 -0.02882748 -0.13806142
v 0.06318762 0.10130506 -0.14342244
v 0.07582244 0.05813035 -0.13808675
v 0.06509374 0.05820060 -0.14277386
v 0.08318504 0.10103120 -0.13411708
v 0.09503673 0.05779050 -0.12794533
v 0.08764774 0.01666161 -0.13201587
v 0.08566649 0.06256365 -0.13309073
v 0.09993766 -0.02690685 -0.12198819
v 0.08945361 -0.02901091 -0.12769942
v 0.05829635 0.18170843 -0.14611851
v 0.07084260 0.13985224 -0.14038427
v 0.06017473 0.13953112 -0.14491143
v 0.06427128 0.23463156 -0.14617734
v 0.05444335 0.23439625 -0.15049915
v 0.08464419 0.23315892 -0.13544609
v 0.07796119 0.18003613 -0.13703121
v 0.07434147 0.23382246 -0.14107202
v 0.09097490 0.13751738 -0.13021392
v 0.08034563 0.13934772 -0.13588563
v 0.10121507 0.09995914 -0.12368920
v 0.11352340 0.06012382 -0.11576142
v 0.10735498 0.02040799 -0.12035079
v 0.10484134 0.06111856 -0.12183099
v 0.11912228 0.09759206 -0.11105431
v 0.12988534 0.05767493 -0.10242549
v 0.12433038 0.01858884 -0.10795701
v 0.12161798 0.05919640 -0.10949700
v 0.13491069 -0.02692350 -0.09540175
v 0.12999713 -0.07274483 -0.09645888
v 0.11771068 -0.02501679 -0.11015237
v 0.12743003 -0.02596137 -0.10236875
v 0.11107694 -0.07155046 -0.11080175
v 0.10917728 -0.02462954 -0.11616832
v 0.09559084 0.17912672 -0.12742275
v 0.10778653 0.13702670 -0.11954998
v 0.09902152 0.13795390 -0.12520949
v 0.10256408 0.22558083 -0.12493972
v 0.09405087 0.22766858 -0.13033692
v 0.11860669 0.22151816 -0.11276756
v 0.11206592 0.17640382 -0.11594265
v 0.11092338 0.22298885 -0.11885879
v 0.12398726 0.13371385 -0.10696776
v 0.11545844 0.13540473 -0.11387837
v 0.13410420 0.09427810 -0.09776054
v 0.14339872 0.05439922 -0.08924967
v 0.14004228 0.01584238 -0.09359877
v 0.13693167 0.05613777 -0.09591805
v 0.14605047 0.09039894 -0.08440274
v 0.15332005 0.01173071 -0.07761667
v 0.15009005 0.05222638 -0.08123001
v 0.15003830 -0.03050423 -0.07854172
v 0.15686381 -0.03194983 -0.06858360
v 0.14299570 -0.02863893 -0.08680570
v 0.12643579 0.17284971 -0.10385716
v 0.13716110 0.12992986 -0.09399311
v 0.13075309 0.13201338 -0.10051065
v 0.13172567 0.21185552 -0.09981848
v 0.12532410 0.21412820 -0.10622680
v 0.14123759 0.20268201 -0.08745926
v 0.13941198 0.16852898 -0.09042871
v 0.13665885 0.20543810 -0.09383696
v 0.14804372 0.12574990 -0.08093271
v 0.14288324 0.12789858 -0.08747439
v 0.12552535 -0.11746795 -0.09838968
v 0.12073504 -0.15893016 -0.10012378
v 0.11679407 -0.11780260 -0.10507720
v 0.13910649 -0.15885774 -0.08526701
v 0.13549066 -0.11794844 -0.08951127
v 0.13175139 -0.20090872 -0.08650303
v 0.14136308 -0.20058672 -0.07764540
v 0.12273707 -0.20101384 -0.09373789
v 0.14878097 0.15996967 -0.07799418
v 0.15702717 0.12160935 -0.06728917
v 0.15300815 0.12381462 -0.07390501
v 0.14519511 0.23830224 -0.08408486
v 0.14942327 0.19694623 -0.07430893
v 0.14538959 0.19927943 -0.08081655
v 0.15315320 0.23139423 -0.07195879
v 0.15633541 0.15946476 -0.06469472
v 0.15256734 0.19462139 -0.06810040
v 0.16068728 0.12359606 -0.06004896
v 0.14411018 0.26679124 -0.07881927
v 0.14428482 0.28846638 -0.07370932
v 0.14861786 0.25968251 -0.07379263
v 0.13590861 0.30677227 -0.08329754
v 0.13974248 0.27334120 -0.08395047
v 0.13253208 0.36348176 -0.08559444
v 0.13727590 0.32770319 -0.07894800
v 0.13304914 0.33555298 -0.08420722
v 0.14000650 0.34296231 -0.07433017
v 0.14123572 0.31934856 -0.07331186
v 0.13587423 0.37031955 -0.08115903
v 0.13814489 0.37807521 -0.07662726
v 0.14000570 0.36005931 -0.07579551
v 0.12908106 0.40097829 -0.08750486
v 0.13074467 0.38309670 -0.08597213
v 0.12677232 0.43029468 -0.09034511
v 0.13262104 0.40523979 -0.08328668
v 0.12835885 0.41685047 -0.08880777
v 0.13588159 0.40789327 -0.07910943
v 0.13665406 0.39273100 -0.07792957
v 0.13052491 0.42847222 -0.08573912
v 0.13462609 0.42521323 -0.08026077
v 0.13577213 0.41581375 -0.07951296
v 0.12604799 0.44701004 -0.09013658
v 0.12535883 0.44049236 -0.09045586
v 0.13037002 0.44355976 -0.08530764
v 0.12529283 0.45485947 -0.09075351
v 0.13500771 0.43122666 -0.08017279
v 0.13616900 0.42173888 0.03698275
v 0.13225478 0.42394214 0.04597838
v 0.13492209 0.42021605 0.03704514
v 0.13468053 0.42390926 0.03669700
v 0.13116077 0.42597345 0.04582149
v 0.13697888 0.42263874 0.03700374
v 0.12966348 0.42825612 0.05636950
v 0.12316275 0.42967328 0.06493743
v 0.12814118 0.42611301 0.05591388
v 0.12888509 0.42730056 0.05643995
v 0.12225941 0.42699621 0.06591482
v 0.12822487 0.42556323 0.05633881
v 0.26180944 -0.65480101 0.02482837
v 0.26022566 -0.64250358 0.01243436
v 0.25959926 -0.64533080 0.02756285
v 0.26424896 -0.66206203 0.00717632
v 0.26416453 -0.66621208 0.02119570
v 0.26141219 -0.64939847 -0.00492083
v 0.26352758 -0.65949148 -0.00846056
v 0.25930706 -0.63836934 -0.00072430
v 0.11895570 0.43533824 0.07192991
v 0.11328193 0.43832948 0.07979676
v 0.11895066 0.43373966 0.07278799
v 0.12118561 0.43759053 0.07185896
v 0.11487010 0.44039863 0.07936802
v 0.12020722 0.43609176 0.07183127
v 0.11090108 0.44717626 0.08581898
v 0.10917876 0.44524357 0.08614512
v 0.10944129 0.44570604 0.08606612
v 0.10871114 0.44473276 0.08682183
v 0.12299745 0.59573549 -0.06999014
v 0.12466817 0.60391949 -0.06197024
v 0.12703862 0.60241584 -0.06132364
v 0.11696129 0.58895504 -0.07883841
v 0.11978301 0.58738134 -0.07817573
v 0.11248442 0.59258991 -0.07943594
v 0.11877123 0.59926471 -0.07042679
v 0.11465271 0.59096363 -0.07900338
v 0.11911182 0.60807586 -0.06260426
v 0.12165895 0.60642695 -0.06207310
v 0.11856057 0.61836461 -0.05154704
v 0.11637713 0.62524593 -0.04246381
v 0.12103764 0.62744390 -0.03072521
v 0.11914797 0.62362848 -0.04269688
v 0.11326675 0.62210889 -0.05083290
v 0.11059030 0.62839074 -0.04259083
v 0.11216601 0.63183067 -0.03171573
v 0.11406864 0.62624787 -0.04282512
v 0.10689873 0.63671836 -0.01943968
v 0.11229254 0.63460273 -0.01958960
v 0.10965218 0.63554346 -0.01958446
v 0.11633023 0.63287644 -0.01941122
v 0.11419911 0.60358287 -0.07024068
v 0.11412419 0.61265988 -0.06184285
v 0.11670081 0.61023275 -0.06233747
v 0.10986316 0.59773482 -0.07759326
v 0.11138105 0.59562253 -0.07835673
v 0.10771057 0.60224589 -0.07529110
v 0.11054819 0.60755271 -0.06914151
v 0.10834467 0.59990330 -0.07685875
v 0.11122684 0.61558481 -0.06070889
v 0.11268080 0.61410929 -0.06134434
v 0.11066301 0.62360039 -0.05061206
v 0.10887866 0.62916508 -0.04226200
v 0.10918120 0.63326239 -0.03087248
v 0.10973131 0.62893813 -0.04204085
v 0.10905524 0.62498458 -0.04990166
v 0.10787689 0.63002830 -0.04165821
v 0.10551326 0.63499095 -0.03087708
v 0.10822811 0.62942245 -0.04233615
v 0.10234304 0.63860525 -0.01919490
v 0.10099112 0.63860593 -0.00537393
v 0.10479670 0.63734483 -0.01918427
v 0.10282844 0.63811102 -0.01972008
v 0.10336995 0.63791869 -0.00552913
v 0.10581426 0.63701616 -0.01966085
v 0.10918404 0.61016156 -0.06772564
v 0.10988642 0.61680678 -0.06013433
v 0.11057982 0.61650328 -0.06014532
v 0.10686059 0.60398186 -0.07474599
v 0.10714786 0.60275965 -0.07539072
v 0.10660304 0.60612798 -0.07337665
v 0.10762696 0.61188638 -0.06694311
v 0.10668310 0.60490102 -0.07395884
v 0.10934738 0.61835525 -0.05895105
v 0.10954151 0.61755998 -0.05944000
v 0.09487388 0.63764392 0.00786022
v 0.09623035 0.63142571 0.02051366
v 0.09829370 0.63693664 0.00749226
v 0.09542467 0.63766622 0.00720834
v 0.09116440 0.62372111 0.03206094
v 0.09244626 0.62392483 0.03224386
v 0.09143528 0.62354705 0.03210850
v 0.09799283 0.63151254 0.02042746
v 0.09374194 0.62434900 0.03210948
v 0.10043342 0.63653890 0.00742946
v 0.09390226 0.57847227 0.06748159
v 0.09249310 0.56876515 0.07137253
v 0.09821744 0.57747407 0.06838911
v 0.07950618 0.57256997 0.06878794
v 0.08618971 0.58089655 0.06509696
v 0.08103894 0.56509183 0.07391204
v 0.07480309 0.56705837 0.07239962
v 0.08569768 0.56396219 0.07477220
v 0.06276589 0.54153347 -0.12876914
v 0.06794594 0.54104568 -0.12547374
v 0.06417057 0.53225738 -0.12890551
v 0.06325027 0.53810358 -0.12890294
v 0.07226295 0.54847899 -0.12113842
v 0.07394581 0.53716359 -0.12189358
v 0.07324619 0.54411320 -0.12131887
v 0.06914169 0.52805385 -0.12647360
v 0.07528235 0.52887238 -0.12222381
v 0.06496187 0.52446247 -0.12985485
v -0.07662140 0.53452959 -0.18453178
v -0.08082796 0.54560073 -0.18259544
v -0.07435620 0.53522499 -0.18318211
v -0.07251738 0.52407653 -0.18460934
v -0.07573606 0.53494832 -0.18391456
v -0.08787193 0.55478777 -0.18194481
v -0.09326834 0.56483312 -0.17937558
v -0.08543569 0.55592734 -0.18055687
v -0.08672006 0.55549847 -0.18122412
v -0.09084706 0.56613420 -0.17802457
v -0.07825769 0.54656411 -0.18108933
v -0.08427878 0.55662543 -0.17968623
v -0.07003844 0.52456095 -0.18322404
v -0.07313063 0.53575487 -0.18238792
v -0.06852718 0.50997843 -0.18453036
v -0.07100526 0.49733498 -0.18559973
v -0.07118408 0.51096139 -0.18586225
v -0.06981842 0.50978792 -0.18518939
v -0.06897904 0.49754884 -0.18447372
v -0.06931884 0.51055396 -0.18426441
v -0.07230626 0.48408985 -0.18473153
v -0.07096162 0.48421514 -0.18383221
v -0.07445849 0.48378049 -0.18578878
v -0.07356271 0.48420260 -0.18525415
v -0.10039707 0.43594627 -0.17868820
v -0.09601837 0.44434225 -0.18179991
v -0.08899922 0.45324113 -0.18262599
v -0.09526632 0.44479521 -0.18093375
v -0.10036843 0.43725758 -0.17953134
v -0.09530266 0.44602767 -0.18194070
v -0.09060036 0.45336516 -0.18364488
v -0.09454952 0.44573796 -0.18158328
v -0.08675744 0.46150370 -0.18580872
v -0.08128161 0.47264726 -0.18693902
v -0.08525174 0.46167304 -0.18530892
v -0.08626297 0.46162791 -0.18562184
v -0.07814251 0.47247514 -0.18508998
v -0.08432909 0.46191495 -0.18436169
v -0.10898798 0.42829058 -0.17267157
v -0.10464358 0.43220804 -0.17631769
v -0.10574613 0.43082536 -0.17613767
v -0.12141272 0.41468838 -0.16646394
v -0.11576918 0.42226297 -0.17004372
v -0.11450923 0.42200645 -0.16962875
v -0.12138202 0.41552775 -0.16716774
v -0.11697100 0.42170743 -0.17097444
v -0.11029086 0.42827346 -0.17369273
v -0.11633696 0.42215518 -0.17039135
v -0.10648139 0.43224895 -0.17705154
v -0.10523836 0.43213605 -0.17671006
v -0.12428358 0.41180589 -0.16245953
v -0.12875237 0.41039452 -0.15827814
v -0.12448871 0.41405374 -0.16282782
v -0.12390557 0.41348473 -0.16253957
v -0.12987576 0.40575145 -0.15828716
v -0.12348573 0.40998087 -0.16230066
v -0.14107684 0.39335401 -0.14859977
v -0.13311225 0.40425434 -0.15336129
v -0.13551038 0.39948721 -0.15396218
v -0.14114612 0.39664576 -0.14924831
v -0.13384422 0.40656790 -0.15442003
v -0.13348744 0.40553533 -0.15388830
v -0.14449360 0.39677388 -0.14509999
v -0.14655878 0.39933079 -0.14116768
v -0.14391179 0.39953999 -0.14616245
v -0.14352783 0.39922230 -0.14553313
v -0.14547253 0.39700800 -0.13998521
v -0.14381267 0.39579302 -0.14463592
v -0.15277850 0.39431428 -0.13008734
v -0.14830132 0.39922470 -0.13643260
v -0.14779473 0.39786292 -0.13558819
v -0.15407676 0.39714939 -0.13191884
v -0.14968748 0.40082699 -0.13744092
v -0.14885421 0.40037574 -0.13715638
v -0.15538390 0.40065338 -0.12640659
v -0.15769433 0.40577313 -0.11996628
v -0.15415670 0.40374479 -0.12627113
v -0.15356158 0.40319793 -0.12582864
v -0.15754417 0.40311474 -0.11936228
v -0.15580793 0.39890623 -0.12565386
v -0.16577157 0.40359522 -0.10469909
v -0.16351313 0.40398343 -0.11321860
v -0.16275352 0.40398998 -0.11262074
v -0.16675169 0.40529067 -0.10557513
v -0.16244278 0.40627184 -0.11306638
v -0.16291185 0.40566402 -0.11365276
v -0.17046604 0.40988417 -0.09839896
v -0.17304886 0.41444420 -0.08957561
v -0.16391797 0.41396051 -0.09765395
v -0.16546004 0.41237778 -0.09775029
v -0.17199734 0.41309375 -0.08924040
v -0.17098735 0.40904960 -0.09800244
v -0.18631603 0.41654512 -0.07070649
v -0.17922954 0.41482924 -0.08072672
v -0.18223485 0.41328658 -0.08044251
v -0.18174624 0.41886243 -0.07104680
v -0.17635729 0.41695805 -0.08016295
v -0.17813417 0.41614633 -0.07988694
v -0.18797898 0.42336441 -0.06436030
v -0.19253037 0.42807361 -0.05728209
v -0.18396733 0.42499432 -0.06539173
v -0.18521201 0.42409205 -0.06492272
v -0.19083459 0.42720567 -0.05562027
v -0.18713987 0.42286404 -0.06464955
v -0.19375795 0.43807679 -0.04009340
v -0.19417348 0.43291616 -0.04857870
v -0.19324759 0.43208163 -0.04742121
v -0.19552017 0.43895441 -0.04199771
v -0.19412503 0.43385533 -0.05033463
v -0.19449067 0.43364988 -0.04929760
v -0.19452148 0.44533009 -0.03550774
v -0.19708124 0.45388083 -0.03188986
v -0.19633047 0.44632687 -0.03801553
v -0.19546883 0.44593802 -0.03679243
v -0.19534036 0.45239103 -0.03034143
v -0.19554867 0.44508410 -0.03526154
v -0.19149073 0.46945782 -0.02249806
v -0.19521017 0.46122096 -0.02805258
v -0.19405868 0.46061403 -0.02652695
v -0.19430870 0.46977877 -0.02563022
v -0.19666771 0.46226772 -0.02925052
v -0.19618562 0.46193496 -0.02835567
v -0.19284182 0.47785195 -0.02425329
v -0.19295702 0.48555539 -0.02723507
v -0.19471969 0.47936397 -0.02658064
v -0.19411533 0.47821430 -0.02585804
v -0.19091106 0.48585534 -0.02486158
v -0.19188533 0.47810619 -0.02346817
v -0.18980271 0.50224040 -0.03114822
v -0.19198996 0.49523341 -0.02767356
v -0.19122099 0.49544977 -0.02686979
v -0.19129087 0.50316779 -0.03345644
v -0.19240729 0.49428833 -0.03100030
v -0.19267370 0.49529217 -0.02866393
v -0.19063156 0.51058321 -0.03616265
v -0.19096905 0.51752782 -0.04377277
v -0.19181427 0.51116738 -0.03808290
v -0.19125262 0.51180154 -0.03735663
v -0.19005129 0.51696627 -0.04215619
v -0.19000005 0.51110213 -0.03533959
v -0.19346746 0.52974875 -0.05487043
v -0.19158468 0.52403925 -0.04810659
v -0.19103488 0.52494537 -0.04749093
v -0.19398424 0.52876268 -0.05593612
v -0.19250623 0.52450663 -0.04976460
v -0.19186079 0.52498418 -0.04914322
v -0.19538410 0.53680470 -0.06018178
v -0.19891475 0.54296924 -0.06764890
v -0.19675424 0.53517347 -0.06181578
v -0.19649162 0.53540789 -0.06159904
v -0.19806769 0.54445079 -0.06618141
v -0.19434443 0.53706897 -0.05865404
v -0.20324716 0.55937663 -0.08017848
v -0.20118019 0.55147187 -0.07445071
v -0.20096664 0.55157719 -0.07280017
v -0.20401540 0.55778770 -0.08287895
v -0.20195396 0.54994164 -0.07578665
v -0.20179586 0.55090780 -0.07510527
v -0.20477200 0.56529961 -0.08728271
v -0.20538374 0.57277336 -0.09791737
v -0.20557275 0.56443328 -0.08942337
v -0.20497309 0.56498308 -0.08882536
v -0.20449424 0.57380974 -0.09566515
v -0.20370238 0.56617325 -0.08664029
v -0.20118173 0.58736649 -0.11216834
v -0.20447707 0.57995155 -0.10515400
v -0.20381399 0.58029435 -0.10365768
v -0.20207182 0.58596354 -0.11433156
v -0.20522705 0.57894877 -0.10724249
v -0.20484947 0.57896314 -0.10586213
v -0.19631423 0.59421652 -0.12298839
v -0.19090037 0.59727687 -0.13346527
v -0.19713830 0.59309725 -0.12503027
v -0.19684373 0.59329669 -0.12375491
v -0.18864238 0.60047473 -0.13049485
v -0.19593977 0.59480792 -0.12166476
v -0.17195938 0.60340470 -0.14745903
v -0.18231894 0.60061232 -0.14127722
v -0.18191502 0.60184112 -0.13983690
v -0.17292596 0.60157037 -0.14918115
v -0.18327184 0.59927782 -0.14324829
v -0.18303965 0.59974283 -0.14203029
v -0.16184429 0.60254858 -0.15488096
v -0.15082848 0.59842304 -0.16289837
v -0.16264066 0.60085266 -0.15625900
v -0.16199469 0.60142586 -0.15589979
v -0.14866602 0.60169182 -0.16026095
v -0.16079748 0.60339662 -0.15415306
v -0.12804419 0.59468390 -0.16798274
v -0.13876670 0.59795083 -0.16538069
v -0.13868019 0.59865506 -0.16436485
v -0.12978770 0.59196357 -0.17005977
v -0.14150025 0.59507704 -0.16744380
v -0.14038756 0.59586508 -0.16687955
v -0.11865938 0.58710840 -0.17234934
v -0.11061139 0.58033194 -0.17545168
v -0.12090185 0.58568334 -0.17393036
v -0.11975048 0.58642301 -0.17329271
v -0.10903057 0.58229063 -0.17364883
v -0.11742059 0.58777647 -0.17167654
v -0.10068300 0.57415624 -0.17664988
v -0.09945576 0.57473811 -0.17602659
v -0.10292010 0.57227078 -0.17824073
v -0.10182889 0.57339457 -0.17729027
v 0.12250345 0.52838504 -0.09646619
v 0.12196225 0.53897677 -0.09493858
v 0.12509989 0.54956486 -0.09059324
v 0.12433925 0.53843852 -0.09412746
v 0.12330113 0.53879467 -0.09443727
v 0.11996398 0.52871669 -0.09741895
v 0.12237238 0.55038294 -0.09153064
v 0.12067323 0.53954633 -0.09516775
v 0.12760333 0.57016223 -0.08167376
v 0.12629731 0.55973551 -0.08666470
v 0.12519594 0.56084940 -0.08659432
v 0.13022202 0.56883086 -0.08062978
v 0.12881661 0.55865995 -0.08561266
v 0.12756669 0.55933375 -0.08611203
v 0.12325116 0.51621479 -0.09744308
v 0.12369001 0.50374302 -0.09712583
v 0.12048157 0.51498355 -0.09859547
v 0.12201619 0.51496210 -0.09800487
v 0.12697677 0.49102276 -0.09432716
v 0.12480135 0.49104136 -0.09531964
v 0.12600125 0.49126252 -0.09470387
v 0.11994031 0.50328504 -0.09871584
v 0.12325960 0.49096096 -0.09577544
v 0.11913692 0.51514279 -0.09917561
v 0.13728254 0.46231133 -0.08110649
v 0.14036582 0.45537043 -0.07622583
v 0.14197763 0.44741178 -0.07094920
v 0.13922734 0.45556784 -0.07627737
v 0.13152394 0.48060503 -0.09045391
v 0.13378378 0.47128922 -0.08662593
v 0.13269652 0.47098929 -0.08699379
v 0.13142604 0.48050120 -0.09088724
v 0.13580984 0.47042087 -0.08591251
v 0.13922184 0.46219122 -0.08079704
v 0.13515210 0.47040888 -0.08615171
v 0.14197641 0.45525563 -0.07595257
v 0.14388983 0.44798291 -0.07048578
v 0.14116410 0.45571472 -0.07591596
v 0.14530047 0.44326796 -0.06493910
v 0.14609808 0.43946750 -0.05922552
v 0.14440825 0.44279192 -0.06524698
v 0.14712981 0.44325794 -0.06415197
v 0.14771535 0.43969858 -0.05882112
v 0.14625968 0.44331558 -0.06430053
v 0.14967420 0.43483330 -0.05252346
v 0.14955990 0.42875748 -0.04728307
v 0.14930043 0.43403735 -0.05248035
v 0.14898930 0.43448949 -0.05280879
v 0.15113182 0.42751533 -0.04634142
v 0.14846663 0.43323678 -0.05316684
v 0.15124681 0.42657631 -0.04093606
v 0.15118866 0.42226675 -0.03520628
v 0.14997663 0.42448933 -0.04168742
v 0.15059715 0.42533407 -0.04122794
v 0.15247167 0.41885293 -0.02847260
v 0.15407709 0.41038621 -0.02088924
v 0.15169420 0.41654578 -0.02855129
v 0.15228170 0.41744273 -0.02834329
v 0.15367237 0.40572939 -0.02077576
v 0.15193434 0.41908869 -0.03495577
v 0.15085740 0.41460954 -0.02918024
v 0.15150264 0.42224368 -0.04153202
v 0.15328204 0.41353099 -0.01637178
v 0.15114979 0.41354783 -0.01132439
v 0.15301041 0.40972085 -0.01565850
v 0.15382419 0.41138743 -0.01573570
v 0.15100676 0.41499606 -0.00591446
v 0.15046076 0.41148239 0.00077634
v 0.14944707 0.41309274 -0.00641181
v 0.15009487 0.41394155 -0.00625092
v 0.14851413 0.40808172 0.00094938
v 0.15156164 0.41005698 -0.01063472
v 0.14932650 0.41122358 -0.00601069
v 0.15221122 0.40786237 -0.01606387
v 0.14524244 0.41811478 0.00534040
v 0.14368313 0.42042129 0.01275242
v 0.14684016 0.41512004 0.00590247
v 0.14456296 0.41749839 0.00520210
v 0.14069753 0.42207520 0.02060338
v 0.13869478 0.42058338 0.02861543
v 0.13924688 0.42145956 0.01951929
v 0.14022314 0.42157016 0.01964197
v 0.13693543 0.41852463 0.02873334
v 0.14193405 0.41853163 0.01194569
v 0.14132550 0.41936951 0.02086373
v 0.14583351 0.41375056 0.00592675
v 0.13337800 0.42862873 0.03431463
v 0.13018574 0.43027227 0.04460684
v 0.13643055 0.42566083 0.03669541
v 0.13263403 0.42770998 0.03441813
v 0.12965992 0.43205783 0.05554417
v 0.12685171 0.43473185 0.06538480
v 0.13101391 0.43085977 0.05571728
v 0.12868202 0.43188488 0.05534844
v 0.12472179 0.43250481 0.06574972
v 0.13299852 0.42787407 0.04578105
v 0.13083244 0.42967857 0.05626242
v 0.13576162 0.42501419 0.03666954
v 0.12305233 0.44087814 0.07141674
v 0.11837830 0.44518560 0.07936808
v 0.12150799 0.43940351 0.07220308
v 0.12281097 0.44043287 0.07205876
v 0.11402175 0.45055380 0.08559344
v 0.10827593 0.45657709 0.09160872
v 0.11169366 0.44882607 0.08602848
v 0.11263955 0.44969353 0.08561662
v 0.10602850 0.45474771 0.09212119
v 0.11617833 0.44283403 0.07960848
v 0.11116455 0.44835857 0.08602861
v 0.12162253 0.43879816 0.07124223
v 0.10376415 0.46347988 0.09489611
v 0.09859544 0.47091090 0.09780031
v 0.10227006 0.46284167 0.09570733
v 0.10388341 0.46404712 0.09562731
v 0.09617290 0.48046520 0.10036251
v 0.09060465 0.48785761 0.10044979
v 0.09385639 0.47865309 0.10039180
v 0.09451370 0.48005462 0.10052900
v 0.08879057 0.48637409 0.10102511
v 0.09756421 0.46980136 0.09867609
v 0.09264786 0.47829400 0.10022385
v 0.10197811 0.46183480 0.09545824
v 0.09195473 0.49678041 0.10033344
v 0.08961621 0.50492832 0.09916422
v 0.08818149 0.49615531 0.10053153
v 0.09005958 0.49665262 0.10020718
v 0.09142808 0.51437417 0.09678722
v 0.09092560 0.52192686 0.09331319
v 0.08854191 0.51346007 0.09699184
v 0.09043482 0.51339698 0.09699030
v 0.08836244 0.52123422 0.09368461
v 0.08746969 0.50347279 0.09920019
v 0.08731316 0.51335649 0.09711231
v 0.08806804 0.49504298 0.10036525
v 0.09444588 0.52920171 0.08986125
v 0.09832780 0.53361948 0.08480391
v 0.09219863 0.52862963 0.09030865
v 0.09340028 0.52948279 0.08984977
v 0.10316744 0.53970987 0.08118950
v 0.10704077 0.54475173 0.07823396
v 0.10070195 0.54085761 0.08219480
v 0.10218437 0.54060060 0.08147788
v 0.10552767 0.54613515 0.07841270
v 0.09499900 0.53528860 0.08609270
v 0.09969798 0.54125621 0.08214830
v 0.09112102 0.52910861 0.09032553
v 0.11299602 0.54953429 0.07526680
v 0.11857901 0.55673310 0.07219991
v 0.11182880 0.55109841 0.07517984
v 0.11264478 0.54975962 0.07523960
v 0.12682012 0.56182603 0.06798961
v 0.13225737 0.56939531 0.06378703
v 0.12530644 0.56361442 0.06829519
v 0.12574275 0.56339438 0.06827253
v 0.12958252 0.57128951 0.06436396
v 0.11685921 0.55863584 0.07203470
v 0.12349411 0.56455751 0.06872507
v 0.11011188 0.55130028 0.07585577
v 0.13786113 0.57545431 0.05988710
v 0.14447900 0.58219779 0.05463147
v 0.13571825 0.57642212 0.06071842
v 0.13718851 0.57644464 0.06021189
v 0.15036345 0.58844067 0.04820562
v 0.15404422 0.59473082 0.04117828
v 0.14813407 0.58949702 0.04856224
v 0.14906975 0.58888572 0.04866685
v 0.15181999 0.59612298 0.04192423
v 0.14147899 0.58458666 0.05505216
v 0.14675434 0.59023810 0.04940683
v 0.13469784 0.57709407 0.06063950
v 0.15965203 0.60039673 0.03052089
v 0.16123521 0.60522128 0.02004104
v 0.15758782 0.60161680 0.03089743
v 0.15925408 0.59981497 0.03142857
v 0.16284107 0.60775805 0.00774290
v 0.16028028 0.60975404 -0.00378570
v 0.15991007 0.61046579 0.00783941
v 0.16177067 0.60826072 0.00834269
v 0.15823936 0.61169416 -0.00363266
v 0.15759954 0.60841518 0.02023824
v 0.15866423 0.61102972 0.00845048
v 0.15507414 0.60362252 0.03145576
v 0.15859050 0.60867233 -0.01607913
v 0.15554818 0.60547544 -0.02905052
v 0.15701080 0.61017215 -0.01579967
v 0.15750842 0.60918391 -0.01621082
v 0.15277346 0.60149266 -0.03865673
v 0.14808464 0.59668166 -0.04893126
v 0.14957489 0.60441294 -0.03958720
v 0.15158363 0.60206336 -0.03884581
v 0.14442147 0.60054118 -0.04902377
v 0.15334481 0.60775149 -0.02928879
v 0.14874221 0.60515042 -0.03901967
v 0.15572861 0.61102667 -0.01616315
v 0.14417005 0.59088517 -0.05766129
v 0.13868270 0.58504614 -0.06617179
v 0.14152323 0.59226962 -0.05845100
v 0.14293195 0.59160733 -0.05815408
v 0.13573352 0.57651864 -0.07317410
v 0.13302247 0.57850942 -0.07403375
v 0.13427339 0.57772606 -0.07348078
v 0.13641562 0.58713039 -0.06662236
v 0.13166183 0.57910913 -0.07458901
v 0.14016597 0.59292525 -0.05897393
v -0.08014649 0.53349663 -0.18706170
v -0.08434561 0.54397567 -0.18542888
v -0.07858693 0.53410220 -0.18581395
v -0.07529944 0.52270641 -0.18715607
v -0.07946347 0.53376525 -0.18651703
v -0.09062713 0.55312264 -0.18453938
v -0.09703841 0.56225644 -0.18223089
v -0.08938265 0.55383325 -0.18334829
v -0.09020847 0.55333749 -0.18409829
v -0.09553705 0.56359465 -0.18083886
v -0.08295240 0.54482367 -0.18392247
v -0.08841492 0.55406012 -0.18279335
v -0.07349199 0.52296465 -0.18581193
v -0.07794070 0.53426319 -0.18522267
v -0.07337429 0.51070583 -0.18723611
v -0.07535034 0.49705015 -0.18834241
v -0.07447572 0.50899492 -0.18836676
v -0.07377758 0.50895547 -0.18779629
v -0.07369004 0.49725414 -0.18695694
v -0.07227117 0.51084461 -0.18653513
v -0.07649200 0.48351530 -0.18721612
v -0.07561246 0.48381937 -0.18627240
v -0.07790637 0.48359187 -0.18812976
v -0.07738774 0.48362283 -0.18777402
v -0.12557050 0.41438682 -0.16373396
v -0.12898659 0.41257643 -0.15936600
v -0.12538544 0.41635126 -0.16373775
v -0.12609450 0.41413345 -0.16421064
v -0.12963291 0.41096323 -0.15924182
v -0.12492010 0.41393967 -0.16333082
v -0.14047811 0.40097076 -0.14968329
v -0.13500800 0.40699401 -0.15520357
v -0.13440964 0.40717713 -0.15485049
v -0.14055217 0.40174162 -0.15040121
v -0.13618045 0.40745797 -0.15584640
v -0.13577209 0.40756315 -0.15536653
v -0.14362676 0.40158011 -0.14633357
v -0.14415984 0.40454601 -0.14208670
v -0.14463904 0.40221913 -0.14730541
v -0.14420864 0.40219822 -0.14674960
v -0.14654899 0.40135592 -0.14186043
v -0.14301849 0.40179084 -0.14597014
v -0.15366672 0.39896421 -0.13280051
v -0.14826277 0.40363127 -0.13784914
v -0.14771039 0.40309597 -0.13737047
v -0.15312156 0.40080403 -0.13296372
v -0.14917043 0.40321730 -0.13873188
v -0.14868428 0.40350156 -0.13841540
v -0.15534163 0.40397011 -0.12747816
v -0.15657388 0.40816947 -0.12080934
v -0.15632929 0.40396343 -0.12827345
v -0.15584005 0.40430574 -0.12794243
v -0.15766049 0.40635856 -0.12065879
v -0.15471921 0.40356411 -0.12697159
v -0.16398849 0.40755152 -0.10560368
v -0.15913439 0.40893521 -0.11287670
v -0.16302564 0.40653868 -0.11365358
v -0.16534467 0.40765362 -0.10563992
v -0.15997951 0.40872846 -0.11364434
v -0.15957099 0.40910017 -0.11333236
v -0.16533992 0.41384658 -0.09759736
v -0.17314791 0.41549059 -0.09061149
v -0.16602453 0.41391484 -0.09853946
v -0.16569259 0.41390873 -0.09805089
v -0.17327068 0.41516185 -0.09047043
v -0.16484923 0.41375168 -0.09706378
v -0.18312610 0.42006145 -0.07124496
v -0.17335891 0.41814540 -0.08030958
v -0.17688025 0.41723370 -0.08074738
v -0.18232512 0.41993799 -0.07237317
v -0.17400520 0.41841898 -0.08147838
v -0.17370042 0.41830200 -0.08087179
v -0.18470193 0.42552757 -0.06627731
v -0.19173298 0.42930307 -0.05857375
v -0.18582719 0.42521796 -0.06615149
v -0.18540881 0.42558090 -0.06599753
v -0.19080687 0.42885715 -0.05857227
v -0.18427405 0.42536854 -0.06563869
v -0.19744143 0.43985725 -0.04303275
v -0.19544840 0.43384618 -0.05163998
v -0.19496480 0.43356385 -0.05092578
v -0.19799470 0.44033306 -0.04441541
v -0.19605057 0.43442392 -0.05181809
v -0.19576622 0.43424185 -0.05103419
v -0.19775542 0.44635042 -0.03957981
v -0.19880658 0.45389586 -0.03543176
v -0.19829939 0.44671177 -0.03982137
v -0.19826721 0.44606341 -0.04009456
v -0.19807833 0.45382400 -0.03395028
v -0.19732822 0.44614616 -0.03873231
v -0.19590262 0.47089492 -0.02726888
v -0.19617583 0.46097314 -0.03178180
v -0.19553140 0.46125799 -0.03109580
v -0.19555787 0.47002142 -0.02933120
v -0.19681718 0.46168362 -0.03244718
v -0.19649289 0.46112091 -0.03256051
v -0.19455442 0.47827114 -0.02887628
v -0.19452588 0.48595556 -0.03106890
v -0.19506975 0.47746584 -0.03054736
v -0.19501580 0.47803148 -0.02971475
v -0.19427550 0.48655396 -0.02902310
v -0.19537993 0.47916931 -0.02750138
v -0.19252156 0.50226814 -0.03488653
v -0.19374521 0.49366163 -0.03254233
v -0.19316411 0.49408976 -0.03193595
v -0.19326641 0.50286257 -0.03637825
v -0.19362701 0.49393049 -0.03482894
v -0.19422961 0.49407383 -0.03301802
v -0.19252848 0.51169564 -0.03945591
v -0.19235779 0.51662239 -0.04692037
v -0.19296007 0.51087024 -0.04043297
v -0.19292659 0.51100516 -0.04020535
v -0.19211615 0.51627042 -0.04520503
v -0.19239330 0.51048392 -0.03886498
v -0.19482082 0.52839242 -0.05792909
v -0.19306173 0.52304399 -0.05141228
v -0.19286017 0.52385556 -0.05076446
v -0.19532359 0.52703086 -0.05869392
v -0.19364555 0.52325383 -0.05294168
v -0.19331037 0.52364956 -0.05234702
v -0.19753336 0.53452629 -0.06396494
v -0.20065977 0.54230824 -0.07098539
v -0.19807542 0.53411485 -0.06553160
v -0.19761496 0.53375054 -0.06410905
v -0.20016615 0.54212193 -0.06950535
v -0.19709180 0.53505979 -0.06344207
v -0.20518098 0.55677216 -0.08357751
v -0.20375903 0.54892356 -0.07776072
v -0.20297082 0.54992151 -0.07700589
v -0.20548193 0.55600160 -0.08550244
v -0.20361914 0.54865655 -0.07944919
v -0.20330170 0.54833249 -0.07810706
v -0.20612984 0.56354819 -0.09144380
v -0.20736799 0.57001260 -0.10105229
v -0.20703618 0.56278571 -0.09317259
v -0.20692868 0.56304241 -0.09287626
v -0.20694675 0.57145931 -0.10003559
v -0.20607902 0.56454800 -0.09081002
v -0.20297761 0.58536452 -0.11718142
v -0.20595537 0.57832097 -0.10882168
v -0.20558137 0.57860781 -0.10760325
v -0.20402040 0.58292303 -0.11858454
v -0.20639154 0.57688574 -0.10989784
v -0.20599786 0.57740374 -0.10936951
v -0.19842760 0.59050415 -0.12739388
v -0.19210543 0.59452032 -0.13771582
v -0.19871137 0.58937845 -0.12913014
v -0.19888325 0.59000248 -0.12788546
v -0.19164353 0.59571257 -0.13621713
v -0.19835638 0.59103557 -0.12630428
v -0.17378922 0.60029799 -0.15088071
v -0.18384295 0.59818614 -0.14478030
v -0.18395627 0.59841236 -0.14393711
v -0.17474178 0.59925105 -0.15182799
v -0.18406308 0.59656810 -0.14623343
v -0.18428864 0.59739899 -0.14533757
v -0.16355931 0.59942062 -0.15794722
v -0.15313986 0.59530470 -0.16531241
v -0.16488938 0.59679916 -0.16005117
v -0.16530353 0.59764494 -0.15948199
v -0.15183194 0.59696243 -0.16445290
v -0.16341446 0.60030272 -0.15700147
v -0.13245621 0.58957719 -0.17230002
v -0.14262553 0.59343109 -0.16908390
v -0.14256680 0.59427283 -0.16802578
v -0.13299516 0.58795022 -0.17356628
v -0.14371078 0.59204808 -0.16967642
v -0.14303614 0.59316310 -0.16953750
v -0.12290048 0.58421520 -0.17494497
v -0.11428526 0.57751416 -0.17804765
v -0.12326510 0.58292346 -0.17639144
v -0.12358457 0.58374106 -0.17566635
v -0.11278572 0.57829442 -0.17703055
v -0.12190164 0.58482120 -0.17446109
v -0.10495085 0.57110267 -0.17966524
v -0.10397057 0.57155354 -0.17916234
v -0.10632502 0.57005731 -0.18086800
v -0.10565791 0.57055460 -0.18015398
v 0.12601404 0.52704317 -0.09579924
v 0.12675540 0.53802856 -0.09336485
v 0.12952096 0.54839499 -0.08934471
v 0.12841680 0.53764496 -0.09301355
v 0.12756497 0.53785421 -0.09324061
v 0.12408902 0.52741176 -0.09625683
v 0.12764384 0.54878589 -0.08960659
v 0.12564341 0.53827455 -0.09369740
v 0.13282096 0.56770384 -0.07982291
v 0.13096762 0.55750636 -0.08544339
v 0.12989220 0.55831958 -0.08541565
v 0.13504471 0.56605075 -0.07974180
v 0.13249210 0.55705193 -0.08502107
v 0.13189922 0.55724613 -0.08509064
v 0.12698794 0.51448524 -0.09648564
v 0.12674284 0.50331466 -0.09644299
v 0.12547973 0.51600584 -0.09673934
v 0.12638434 0.51453843 -0.09663693
v 0.13100552 0.49121546 -0.09318238
v 0.12941601 0.49101068 -0.09371146
v 0.13039861 0.49119807 -0.09337642
v 0.12641587 0.50391865 -0.09601099
v 0.12811105 0.49116816 -0.09378903
v 0.12422220 0.51605240 -0.09712450
v 0.15282275 0.42792704 -0.04035053
v 0.15252325 0.42475735 -0.03470450
v 0.15265312 0.42701147 -0.04058764
v 0.15329669 0.42693951 -0.04047488
v 0.15194834 0.42201819 -0.02881648
v 0.15610613 0.41429703 -0.02034799
v 0.15392617 0.41968452 -0.02815226
v 0.15125415 0.42203140 -0.02892831
v 0.15448949 0.41249908 -0.02118196
v 0.15261880 0.42368290 -0.03443815
v 0.15321951 0.41901471 -0.02838758
v 0.15191089 0.42654992 -0.04086490
v 0.15419550 0.41600493 -0.01597228
v 0.15089275 0.41732633 -0.01195857
v 0.15289736 0.41548860 -0.01631292
v 0.15356064 0.41618850 -0.01616711
v 0.15054670 0.41789071 -0.00672164
v 0.14967224 0.41552694 0.00014522
v 0.14916971 0.41790532 -0.00657675
v 0.14973115 0.41786587 -0.00680826
v 0.15018021 0.41347902 0.00003859
v 0.15137656 0.41564443 -0.01131968
v 0.14842368 0.41750423 -0.00715201
v 0.15394135 0.41337276 -0.01621679
v 0.14808359 0.41942332 0.00635555
v 0.14207738 0.42302793 0.01104500
v 0.14695798 0.41862637 0.00552359
v 0.14759838 0.41904982 0.00557041
v 0.14113876 0.42340347 0.01964076
v 0.13726485 0.42353451 0.02766720
v 0.14221415 0.42274041 0.02073536
v 0.14071290 0.42312742 0.01970012
v 0.13630556 0.42260606 0.02675671
v 0.14061415 0.42297428 0.01083264
v 0.14144788 0.42243223 0.02061850
v 0.14598654 0.41861232 0.00534585
v 0.13350107 0.42865493 0.03434914
v 0.13018009 0.43117322 0.04337294
v 0.13432716 0.42868922 0.03541494
v 0.13516183 0.42839467 0.03557834
v 0.12890918 0.43345172 0.05351128
v 0.12810012 0.43594859 0.06546301
v 0.13117619 0.43278699 0.05549873
v 0.12809739 0.43362152 0.05345484
v 0.12805255 0.43589831 0.06638049
v 0.12868566 0.43128469 0.04326612
v 0.13040356 0.43246434 0.05553855
v 0.13364836 0.42848941 0.03541487
v 0.12101578 0.44135202 0.06972104
v 0.11885417 0.44553360 0.07888220
v 0.12401834 0.44136938 0.07103172
v 0.12112222 0.44119804 0.06888018
v 0.11417619 0.45085833 0.08456008
v 0.10908665 0.45700899 0.09010482
v 0.11425021 0.45091208 0.08435576
v 0.11512689 0.45079450 0.08447842
v 0.10837234 0.45586720 0.09000898
v 0.11814583 0.44529379 0.07787859
v 0.11345135 0.45055204 0.08448903
v 0.12325975 0.44110086 0.07110424
v 0.10748574 0.46439366 0.09423708
v 0.10181569 0.47110899 0.09677093
v 0.10592271 0.46429433 0.09449285
v 0.10673027 0.46418344 0.09452454
v 0.09965642 0.47982259 0.09889172
v 0.09484417 0.48929675 0.10050834
v 0.09808076 0.47995694 0.09916479
v 0.09901168 0.47989314 0.09929695
v 0.09374936 0.48831552 0.10063178
v 0.10044871 0.47120984 0.09772736
v 0.09648634 0.47952293 0.09925804
v 0.10505241 0.46399308 0.09471158
v 0.09424024 0.49654941 0.09889471
v 0.09320127 0.50303975 0.09728823
v 0.09319687 0.49790139 0.10039825
v 0.09338780 0.49643617 0.09915679
v 0.09458907 0.51323492 0.09496061
v 0.09485446 0.52019959 0.09182104
v 0.09289273 0.51382823 0.09675797
v 0.09365741 0.51211045 0.09544688
v 0.09296814 0.52104425 0.09331430
v 0.09130704 0.50356023 0.09734457
v 0.09185755 0.51422155 0.09683757
v 0.09211720 0.49787116 0.10021244
v 0.09749052 0.52863849 0.08917785
v 0.10132684 0.53348077 0.08443938
v 0.09590539 0.52937080 0.08938273
v 0.09686523 0.52910390 0.08934409
v 0.10629543 0.53844344 0.08046529
v 0.11017357 0.54358676 0.07759188
v 0.10477142 0.53841759 0.08108304
v 0.10610311 0.53856812 0.08058462
v 0.10929593 0.54471029 0.07787176
v 0.09956485 0.53262077 0.08475657
v 0.10411330 0.53921467 0.08125000
v 0.09548159 0.52857747 0.08984350
v 0.11805151 0.54748103 0.07383543
v 0.12208443 0.55583114 0.07117737
v 0.11520888 0.54885663 0.07454465
v 0.11541566 0.54866787 0.07447180
v 0.13026305 0.56061501 0.06665834
v 0.13598385 0.56700128 0.06284657
v 0.12861498 0.56113835 0.06708502
v 0.12880792 0.56094603 0.06700929
v 0.13348979 0.56862215 0.06381755
v 0.12066859 0.55605700 0.07147329
v 0.12821852 0.56206506 0.06745816
v 0.11465180 0.54977645 0.07483145
v 0.14136405 0.57380612 0.05853730
v 0.14737682 0.58038286 0.05372457
v 0.13959096 0.57412628 0.05919799
v 0.14071162 0.57430289 0.05857145
v 0.15348280 0.58647592 0.04681251
v 0.15834936 0.59232433 0.03922088
v 0.15186759 0.58746811 0.04731465
v 0.15249642 0.58696918 0.04733643
v 0.15652059 0.59393241 0.04005074
v 0.14607692 0.58141319 0.05367142
v 0.15106404 0.58730767 0.04797149
v 0.13918012 0.57509460 0.05955748
v 0.16340870 0.59723409 0.02953249
v 0.16467147 0.60289281 0.01825993
v 0.16197611 0.59837025 0.03006608
v 0.16265220 0.59786683 0.03010651
v 0.16704912 0.60392778 0.00688567
v 0.16359457 0.60768118 -0.00484333
v 0.16447851 0.60658487 0.00721146
v 0.16522935 0.60610278 0.00727607
v 0.16224579 0.60845508 -0.00423796
v 0.16319266 0.60460430 0.01879248
v 0.16349446 0.60742153 0.00779819
v 0.16101077 0.59917135 0.03085410
v 0.16284545 0.60474140 -0.01662975
v 0.15887340 0.60238073 -0.02858695
v 0.16055866 0.60727782 -0.01640451
v 0.16275168 0.60538160 -0.01602797
v 0.15578214 0.59849885 -0.03814670
v 0.15165669 0.59378771 -0.04844834
v 0.15477021 0.59986644 -0.03879192
v 0.15497923 0.59919236 -0.03842262
v 0.15042279 0.59541550 -0.04820938
v 0.15779321 0.60387144 -0.02829165
v 0.15391946 0.60073403 -0.03821033
v 0.15970427 0.60790752 -0.01579534
v 0.14825587 0.58725730 -0.05727116
v 0.14316223 0.58236612 -0.06506710
v 0.14631912 0.58963459 -0.05700235
v 0.14793047 0.58812461 -0.05659624
v 0.13992312 0.57442963 -0.07203973
v 0.13807910 0.57531321 -0.07259012
v 0.13910183 0.57485965 -0.07244260
v 0.14131149 0.58305015 -0.06532626
v 0.13711760 0.57590257 -0.07294851
v 0.14517901 0.59008746 -0.05715257
v -0.10102908 0.43810076 -0.17995178
v -0.09690851 0.44544095 -0.18267593
v -0.09181573 0.45323147 -0.18461562
v -0.09567528 0.44559285 -0.18253664
v -0.10262616 0.43828304 -0.18042563
v -0.09783493 0.44537026 -0.18314580
v -0.09266764 0.45266130 -0.18542772
v -0.09736537 0.44530420 -0.18291951
v -0.08701265 0.46172954 -0.18668138
v -0.08367437 0.47250465 -0.18851927
v -0.08604150 0.46181808 -0.18619102
v -0.08649100 0.46167164 -0.18643125
v -0.08257401 0.47285089 -0.18759727
v -0.08564032 0.46215056 -0.18559948
v -0.11151419 0.42815982 -0.17449374
v -0.10757827 0.43267392 -0.17758241
v -0.10706234 0.43249401 -0.17733785
v -0.12180643 0.41746972 -0.16731825
v -0.11634624 0.42376490 -0.17096130
v -0.11757088 0.42227472 -0.17125085
v -0.12284850 0.41772942 -0.16806251
v -0.11761868 0.42303858 -0.17143776
v -0.11277961 0.42787775 -0.17493564
v -0.11679977 0.42314016 -0.17148218
v -0.10852863 0.43228838 -0.17836295
v -0.10808193 0.43222236 -0.17813879
v 0.14064041 0.46274343 -0.08014877
v 0.14348320 0.45548468 -0.07484958
v 0.14541689 0.44841742 -0.07008542
v 0.14294931 0.45530112 -0.07507625
v 0.13304940 0.48055489 -0.09056377
v 0.13719618 0.47056690 -0.08560362
v 0.13644696 0.47068679 -0.08561909
v 0.13435058 0.48085787 -0.08994980
v 0.13822347 0.47057949 -0.08520420
v 0.14125748 0.46269760 -0.08024374
v 0.13779944 0.47070176 -0.08531557
v 0.14462654 0.45504793 -0.07474643
v 0.14694650 0.44843170 -0.06924670
v 0.14420391 0.45517983 -0.07486026
v 0.14646358 0.44409815 -0.06455737
v 0.14908746 0.43974683 -0.05847629
v 0.14594320 0.44386132 -0.06477201
v 0.14760866 0.44393874 -0.06436585
v 0.15043956 0.43962880 -0.05765447
v 0.14715131 0.44383394 -0.06452847
v 0.15195472 0.43478717 -0.05156189
v 0.15192080 0.43022181 -0.04612943
v 0.15081418 0.43512290 -0.05224294
v 0.15133864 0.43526633 -0.05203981
v 0.15088198 0.43008220 -0.04636173
v 0.15029203 0.43461731 -0.05246910
v -0.08131968 0.53250006 -0.18839290
v -0.08588249 0.54262892 -0.18704379
v -0.08115504 0.53333684 -0.18766528
v -0.07679266 0.52188180 -0.18875943
v -0.08102660 0.53275188 -0.18809651
v -0.09267987 0.55179273 -0.18603495
v -0.09933570 0.56061362 -0.18413583
v -0.09173261 0.55258811 -0.18524488
v -0.09225364 0.55219158 -0.18560712
v -0.09805137 0.56154641 -0.18327706
v -0.08561509 0.54364980 -0.18623137
v -0.09123835 0.55297473 -0.18479742
v -0.07666761 0.52256260 -0.18807451
v -0.08061135 0.53359658 -0.18728385
v -0.07573808 0.50877795 -0.18909339
v -0.07567353 0.49645550 -0.18932246
v -0.07686036 0.50879075 -0.18986113
v -0.07617077 0.50856826 -0.18936193
v -0.07480183 0.49691384 -0.18868350
v -0.07514071 0.50890340 -0.18876014
v -0.07869415 0.48384039 -0.18894568
v -0.07855293 0.48366722 -0.18844694
v -0.07944309 0.48342866 -0.18920350
v -0.07930014 0.48380252 -0.18922322
v -0.12627632 0.41605288 -0.16443342
v -0.13111000 0.41319771 -0.16063853
v -0.12749893 0.41638880 -0.16462519
v -0.12673454 0.41617029 -0.16470472
v -0.13023894 0.41314601 -0.15994485
v -0.12583638 0.41589154 -0.16416313
v -0.14082206 0.40361417 -0.15067996
v -0.13378975 0.41054030 -0.15551377
v -0.13666999 0.40788412 -0.15615707
v -0.14144649 0.40416964 -0.15153234
v -0.13478898 0.41128182 -0.15588892
v -0.13450491 0.41106636 -0.15564607
v -0.14359175 0.40467672 -0.14729524
v -0.14593540 0.40497296 -0.14343890
v -0.14071839 0.40749317 -0.14722781
v -0.14399185 0.40508022 -0.14767639
v -0.14498503 0.40487684 -0.14301791
v -0.14293621 0.40418379 -0.14714704
v -0.15417549 0.40167901 -0.13390096
v -0.14725798 0.40612272 -0.13832755
v -0.14778911 0.40462741 -0.13877481
v -0.15232672 0.40323289 -0.13423599
v -0.14765335 0.40610169 -0.13920694
v -0.14749937 0.40581280 -0.13886371
v -0.15247260 0.40719878 -0.12727142
v -0.15815497 0.40786421 -0.12189893
v -0.15303757 0.40739700 -0.12778730
v -0.15267481 0.40742119 -0.12770513
v -0.15781270 0.40774648 -0.12105562
v -0.15724216 0.40414510 -0.12832998
v -0.16612343 0.40755786 -0.10675320
v -0.15908309 0.40955611 -0.11426822
v -0.15885963 0.40947925 -0.11380241
v -0.16570278 0.40838938 -0.10777307
v -0.15972369 0.40932037 -0.11430387
v -0.15965950 0.40926759 -0.11390164
v -0.16640233 0.41387824 -0.09949420
v -0.16950512 0.41713961 -0.09022053
v -0.16694689 0.41391958 -0.09957386
v -0.16651167 0.41384532 -0.10001080
v -0.16918498 0.41749423 -0.08903628
v -0.16624988 0.41389007 -0.09901262
v -0.18310005 0.42032713 -0.07394414
v -0.17460211 0.41875149 -0.08232456
v -0.17448439 0.41834579 -0.08225566
v -0.18351682 0.42021937 -0.07477380
v -0.17520131 0.41866330 -0.08293411
v -0.17516288 0.41831479 -0.08223163
v -0.18448225 0.42537296 -0.06727364
v -0.19101552 0.42870948 -0.06108742
v -0.18491819 0.42512891 -0.06859778
v -0.18462298 0.42575823 -0.06820659
v -0.19065264 0.42864914 -0.05973315
v -0.18438005 0.42531716 -0.06660583
v -0.19878553 0.44017564 -0.04584901
v -0.19474128 0.43389491 -0.05318664
v -0.19427787 0.43436453 -0.05258237
v -0.19937195 0.44030152 -0.04759349
v -0.19493672 0.43392436 -0.05454661
v -0.19488665 0.43428768 -0.05427402
v -0.19919364 0.44682015 -0.04174129
v -0.19770519 0.45335663 -0.03791297
v -0.19652998 0.44610027 -0.04322970
v -0.19945007 0.44639708 -0.04229568
v -0.19933223 0.45437818 -0.03598327
v -0.19846587 0.44684321 -0.04062556
v -0.19647303 0.47008751 -0.03149932
v -0.19753172 0.46164742 -0.03441598
v -0.19720629 0.46128769 -0.03313195
v -0.19670624 0.47068084 -0.03249767
v -0.19815835 0.46135463 -0.03615246
v -0.19787226 0.46116882 -0.03511313
v -0.19564016 0.47839188 -0.03206796
v -0.19586783 0.48624972 -0.03404805
v -0.19648957 0.47808313 -0.03395081
v -0.19593139 0.47835004 -0.03293087
v -0.19520339 0.48676299 -0.03260187
v -0.19559585 0.47744062 -0.03189298
v -0.19379387 0.50192977 -0.03777285
v -0.19409150 0.49329440 -0.03646112
v -0.19392751 0.49376881 -0.03562153
v -0.19424356 0.50275674 -0.03949908
v -0.19454990 0.49422794 -0.03789933
v -0.19439233 0.49310670 -0.03725496
v -0.19299593 0.50969274 -0.04381810
v -0.19328733 0.51588069 -0.05015533
v -0.19309797 0.50805086 -0.04590375
v -0.19288114 0.50825560 -0.04534802
v -0.19275286 0.51558653 -0.04824912
v -0.19306333 0.50969018 -0.04234013
v -0.19597059 0.52721410 -0.06058366
v -0.19387657 0.52223885 -0.05421957
v -0.19393982 0.52291023 -0.05356035
v -0.19663806 0.52675401 -0.06290716
v -0.19459577 0.52097453 -0.05707376
v -0.19429513 0.52272494 -0.05546924
v -0.19913621 0.53401892 -0.06726385
v -0.20209342 0.54034546 -0.07430453
v -0.19910309 0.53306889 -0.06835881
v -0.19891025 0.53329686 -0.06795753
v -0.20111429 0.54131225 -0.07343405
v -0.19836100 0.53372325 -0.06606489
v -0.20607788 0.55580356 -0.08734661
v -0.20420470 0.54786484 -0.08048022
v -0.20391633 0.54823500 -0.07996299
v -0.20611616 0.55465315 -0.08814590
v -0.20444200 0.54745014 -0.08221447
v -0.20441921 0.54746689 -0.08200708
v -0.20722914 0.56204966 -0.09527025
v -0.20792424 0.56877375 -0.10462759
v -0.20796330 0.56147751 -0.09716984
v -0.20775313 0.56169086 -0.09679150
v -0.20791627 0.56960697 -0.10280749
v -0.20694176 0.56243071 -0.09477292
v -0.20414210 0.58277409 -0.12093810
v -0.20622617 0.57656940 -0.11240541
v -0.20652916 0.57692336 -0.11111267
v -0.20394834 0.58172545 -0.12252063
v -0.20648475 0.57621211 -0.11402453
v -0.20646883 0.57595334 -0.11286898
v -0.19883412 0.58901141 -0.13050558
v -0.19240501 0.59297387 -0.14068634
v -0.19888708 0.58832137 -0.13197342
v -0.19860928 0.58856297 -0.13155477
v -0.19211886 0.59362850 -0.13916466
v -0.19884621 0.58915909 -0.12940200
v -0.17429241 0.59764046 -0.15354658
v -0.18432587 0.59584898 -0.14768589
v -0.18396429 0.59622840 -0.14721174
v -0.17571966 0.59531314 -0.15600867
v -0.18419391 0.59511674 -0.14902621
v -0.18401906 0.59566699 -0.14853974
v -0.16510804 0.59561384 -0.16140202
v -0.15419074 0.59331353 -0.16759018
v -0.16522786 0.59475813 -0.16279569
v -0.16551907 0.59518935 -0.16192221
v -0.15330380 0.59437573 -0.16667703
v -0.16530132 0.59612020 -0.16046925
v -0.13459189 0.58643579 -0.17493435
v -0.14391288 0.59094549 -0.17107131
v -0.14416524 0.59166922 -0.17020712
v -0.13553638 0.58544847 -0.17570180
v -0.14477106 0.58993907 -0.17189773
v -0.14445047 0.59026786 -0.17142925
v -0.12489111 0.58064726 -0.17782133
v -0.11672986 0.57475918 -0.18046305
v -0.12568858 0.57982967 -0.17884679
v -0.12534396 0.58019736 -0.17835641
v -0.11542284 0.57647366 -0.17903201
v -0.12431238 0.58146894 -0.17743803
v -0.10645239 0.56842330 -0.18182985
v -0.10695105 0.56969699 -0.18111932
v -0.10744663 0.56759152 -0.18254790
v -0.10695227 0.56794612 -0.18233857
v 0.12806019 0.52619252 -0.09565586
v 0.12948242 0.53753012 -0.09271479
v 0.13154432 0.54652325 -0.08958448
v 0.13012293 0.53653593 -0.09295617
v 0.13018385 0.53724813 -0.09251228
v 0.12750288 0.52700603 -0.09537867
v 0.13085489 0.54797463 -0.08907562
v 0.12890253 0.53751011 -0.09293528
v 0.13633420 0.56554528 -0.07932322
v 0.13379316 0.55636938 -0.08462546
v 0.13312232 0.55670574 -0.08474157
v 0.13783533 0.56447428 -0.07890526
v 0.13497038 0.55576894 -0.08424256
v 0.13450230 0.55595739 -0.08449575
v 0.12967566 0.51419944 -0.09559562
v 0.12932734 0.50322188 -0.09569041
v 0.12854266 0.51449478 -0.09596601
v 0.12904520 0.51433848 -0.09580821
v 0.13310150 0.49148741 -0.09269070
v 0.13204528 0.49159333 -0.09309492
v 0.13267432 0.49161964 -0.09280279
v 0.12825361 0.50336074 -0.09608340
v 0.13201507 0.49130176 -0.09302457
v 0.12772036 0.51444488 -0.09621942
v 0.15482365 0.42846103 -0.03955682
v 0.15475129 0.42528996 -0.03376518
v 0.15387111 0.42838654 -0.03997407
v 0.15438709 0.42806024 -0.03998493
v 0.15297691 0.42366731 -0.02840830
v 0.15455578 0.41844192 -0.02123652
v 0.15208676 0.42315399 -0.02897655
v 0.15259884 0.42301972 -0.02897052
v 0.15528657 0.41631783 -0.02102339
v 0.15375856 0.42530504 -0.03390586
v 0.15248377 0.42247879 -0.02866298
v 0.15336729 0.42819676 -0.04014763
v 0.15445544 0.41827599 -0.01632955
v 0.15261239 0.41892338 -0.01141477
v 0.15552917 0.41687681 -0.01539299
v 0.15393379 0.41833416 -0.01629446
v 0.15153346 0.41954927 -0.00633280
v 0.14892061 0.41809875 -0.00150744
v 0.15067606 0.41906392 -0.00657908
v 0.15117303 0.41923279 -0.00622279
v 0.15112592 0.41619059 0.00017339
v 0.15203490 0.41766118 -0.01174560
v 0.15111574 0.41814823 -0.00627875
v 0.15495408 0.41692802 -0.01598910
v 0.14255693 0.42259892 0.00297767
v 0.14091490 0.42426650 0.01011714
v 0.14182298 0.42234258 0.00288222
v 0.14229298 0.42258004 0.00272174
v 0.13806220 0.42507392 0.01774203
v 0.13653145 0.42505477 0.02562275
v 0.13758206 0.42522535 0.01725553
v 0.13774413 0.42497979 0.01801571
v 0.13858117 0.42312256 0.02767954
v 0.14151968 0.42371367 0.01111251
v 0.14168715 0.42354224 0.01953951
v 0.14562426 0.42048801 0.00496183
v 0.13277202 0.42928702 0.03328130
v 0.12729880 0.43241877 0.04129744
v 0.13236156 0.42921363 0.03288434
v 0.13267558 0.42922173 0.03317669
v 0.12966825 0.43418560 0.05339466
v 0.12639233 0.43701785 0.06229435
v 0.12926959 0.43383217 0.05308482
v 0.12941506 0.43398281 0.05327907
v 0.12526637 0.43666694 0.06305947
v 0.13076897 0.43109988 0.04416028
v 0.12876128 0.43372643 0.05339823
v 0.13190286 0.42920776 0.03312386
v 0.12213029 0.44143247 0.06803544
v 0.12182094 0.44618867 0.07766884
v 0.12232639 0.44121758 0.06934926
v 0.12173619 0.44145671 0.06841535
v 0.11646660 0.45108008 0.08293811
v 0.11207641 0.45724367 0.08902644
v 0.11541758 0.45090522 0.08365870
v 0.11581644 0.45146303 0.08292492
v 0.11068514 0.45707881 0.08976169
v 0.12019563 0.44592427 0.07827108
v 0.11460724 0.45118294 0.08371050
v 0.12159942 0.44148223 0.06939539
v 0.10838752 0.46402057 0.09215659
v 0.10427479 0.47198458 0.09597418
v 0.10693485 0.46399833 0.09285849
v 0.10759259 0.46406730 0.09243860
v 0.10180030 0.48020647 0.09737804
v 0.09830452 0.48857657 0.09824413
v 0.10089873 0.48102319 0.09863854
v 0.10100560 0.48018875 0.09792520
v 0.09604558 0.48840152 0.09873817
v 0.10236069 0.47202750 0.09643441
v 0.10019871 0.48094103 0.09898185
v 0.10717253 0.46499983 0.09436229
v 0.09724011 0.49543901 0.09695954
v 0.09685190 0.50366795 0.09634271
v 0.09640399 0.49639146 0.09855931
v 0.09665276 0.49584521 0.09706511
v 0.09738201 0.51338535 0.09392494
v 0.09770592 0.52021123 0.09065093
v 0.09600380 0.51241479 0.09452663
v 0.09682192 0.51225796 0.09429382
v 0.09635745 0.51962713 0.09144678
v 0.09543142 0.50289330 0.09671424
v 0.09523078 0.51288040 0.09484896
v 0.09558606 0.49652281 0.09858251
v 0.10056875 0.52645279 0.08679598
v 0.10394232 0.53280014 0.08316754
v 0.09945779 0.52756533 0.08733817
v 0.09997559 0.52664314 0.08695189
v 0.10892690 0.53709756 0.07902813
v 0.11510919 0.54091626 0.07548156
v 0.10743332 0.53746189 0.07998072
v 0.10861389 0.53771065 0.07938435
v 0.11189482 0.54294260 0.07676369
v 0.10253883 0.53216267 0.08396423
v 0.10679463 0.53774260 0.08012974
v 0.09878003 0.52619217 0.08784864
v 0.12036807 0.54680825 0.07252094
v 0.12469062 0.55423391 0.06950948
v 0.11964577 0.54719604 0.07275791
v 0.11992607 0.54705250 0.07260316
v 0.13329684 0.55910706 0.06520055
v 0.13849321 0.56511555 0.06170612
v 0.13169426 0.55958852 0.06638335
v 0.13287215 0.55934355 0.06527538
v 0.13769009 0.56629111 0.06232248
v 0.12405290 0.55516388 0.07014348
v 0.13108287 0.55998658 0.06646358
v 0.11805405 0.54694210 0.07333927
v 0.14467573 0.57214244 0.05674825
v 0.15037155 0.57876080 0.05203216
v 0.14290881 0.57324723 0.05795863
v 0.14454179 0.57282243 0.05726772
v 0.15638848 0.58519294 0.04497992
v 0.16123686 0.59091514 0.03783064
v 0.15486880 0.58545147 0.04575284
v 0.15546878 0.58503317 0.04569406
v 0.15975820 0.59140630 0.03855745
v 0.14869288 0.57907063 0.05277991
v 0.15407940 0.58602501 0.04679567
v 0.14231309 0.57362770 0.05803418
v 0.16574770 0.59582057 0.02780401
v 0.16715576 0.60113552 0.01669824
v 0.16467523 0.59609088 0.02860864
v 0.16549309 0.59590392 0.02789670
v 0.16936586 0.60226394 0.00465733
v 0.16738763 0.60375004 -0.00578868
v 0.16831549 0.60275656 0.00615962
v 0.16900881 0.60237058 0.00542915
v 0.16614800 0.60460355 -0.00509002
v 0.16583274 0.60230970 0.01756965
v 0.16773407 0.60355162 0.00620740
v 0.16424240 0.59704014 0.02884289
v 0.16526179 0.60265855 -0.01800832
v 0.16132041 0.60040718 -0.02908968
v 0.16408505 0.60353835 -0.01720931
v 0.16476237 0.60312477 -0.01722737
v 0.15820714 0.59639960 -0.03865245
v 0.15485038 0.59126445 -0.04766177
v 0.15699537 0.59738705 -0.03883778
v 0.15762499 0.59672009 -0.03861680
v 0.15315166 0.59276769 -0.04807015
v 0.16000974 0.60144526 -0.02927085
v 0.15647868 0.59814232 -0.03811616
v 0.16351843 0.60408265 -0.01650454
v 0.15078415 0.58513681 -0.05660146
v 0.14665945 0.57947179 -0.06432975
v 0.14960540 0.58608341 -0.05689400
v 0.15017702 0.58549816 -0.05659389
v 0.14210233 0.57194343 -0.07229930
v 0.14072637 0.57277087 -0.07239448
v 0.14145855 0.57233151 -0.07231608
v 0.14444558 0.58131730 -0.06439973
v 0.14067208 0.57405298 -0.07197830
v 0.14892870 0.58644893 -0.05692870
v -0.10349754 0.43787510 -0.18119852
v -0.09846992 0.44484087 -0.18380149
v -0.09368122 0.45273080 -0.18585738
v -0.09809532 0.44481607 -0.18364139
v -0.10410451 0.43778284 -0.18154001
v -0.09873186 0.44424346 -0.18414276
v -0.09376409 0.45296580 -0.18607790
v -0.09876361 0.44469118 -0.18401647
v -0.08832953 0.46090870 -0.18791102
v -0.08431320 0.47203383 -0.18911844
v -0.08781448 0.46154971 -0.18705225
v -0.08808218 0.46110510 -0.18763436
v -0.08358088 0.47249098 -0.18866579
v -0.08752871 0.46175160 -0.18687477
v -0.11351681 0.42775433 -0.17533215
v -0.10903280 0.43238169 -0.17858453
v -0.10893153 0.43235416 -0.17854143
v -0.12200599 0.41883061 -0.16803106
v -0.11794578 0.42339217 -0.17172240
v -0.11768048 0.42338763 -0.17157431
v -0.12294260 0.41829086 -0.16822985
v -0.11848003 0.42332318 -0.17199432
v -0.11403159 0.42739981 -0.17562045
v -0.11826457 0.42342916 -0.17184608
v -0.10962357 0.43192348 -0.17922890
v -0.10932175 0.43185813 -0.17904731
v 0.14221136 0.46285271 -0.07981554
v 0.14543850 0.45521520 -0.07433853
v 0.14624395 0.44908071 -0.06975273
v 0.14506350 0.45515301 -0.07451394
v 0.13568472 0.48056523 -0.08975627
v 0.13883406 0.47037780 -0.08482259
v 0.13849339 0.47053870 -0.08492758
v 0.13508737 0.48037900 -0.09027039
v 0.13986292 0.46993503 -0.08487438
v 0.14162477 0.46268202 -0.08051203
v 0.13972263 0.47021260 -0.08491584
v 0.14631573 0.45515320 -0.07404192
v 0.14696242 0.44927469 -0.06945270
v 0.14610671 0.45548607 -0.07400598
v 0.14831314 0.44409291 -0.06404280
v 0.15115198 0.44002588 -0.05738409
v 0.14798857 0.44403819 -0.06418288
v 0.14917434 0.44383733 -0.06398786
v 0.15173766 0.43973817 -0.05719716
v 0.14866521 0.44415985 -0.06389120
v 0.15316207 0.43488886 -0.05111800
v 0.15148931 0.43165251 -0.04621654
v 0.15260486 0.43488527 -0.05132528
v 0.15289810 0.43496071 -0.05118549
v 0.15274467 0.43051261 -0.04600392
v 0.15231928 0.43484634 -0.05142047
v -0.08724977 0.54133522 -0.18843197
v -0.08201794 0.53189473 -0.18900831
v -0.07844657 0.52062476 -0.19019124
v -0.08244558 0.53154669 -0.18946345
v -0.10059516 0.55863546 -0.18585237
v -0.09330472 0.55103556 -0.18674388
v -0.09373271 0.55085821 -0.18697200
v -0.10010954 0.55975513 -0.18490140
v -0.08661032 0.54203508 -0.18768177
v -0.09309313 0.55134086 -0.18644282
v -0.07755625 0.52125013 -0.18943117
v -0.08177257 0.53219583 -0.18874404
v -0.07712103 0.50827364 -0.19025696
v -0.07729231 0.49567525 -0.19039523
v -0.07740579 0.50803767 -0.19058971
v -0.07654036 0.49608224 -0.18982069
v -0.07665937 0.50852279 -0.18996199
v -0.08029066 0.48312450 -0.18961657
v -0.07998672 0.48333827 -0.18942665
v -0.08086828 0.48290751 -0.19032303
v -0.12798966 0.41586159 -0.16514229
v -0.12943099 0.41505375 -0.16022487
v -0.12822204 0.41573216 -0.16526788
v -0.12905866 0.41558905 -0.15978722
v -0.12775978 0.41577806 -0.16499155
v -0.14217124 0.40506322 -0.15188064
v -0.13512270 0.41105818 -0.15637285
v -0.13494592 0.41086439 -0.15620206
v -0.13909632 0.40824461 -0.15131891
v -0.13532766 0.41125808 -0.15652608
v -0.14128219 0.40758698 -0.14741365
v -0.14687772 0.40611786 -0.14422567
v -0.14148090 0.40797256 -0.14762659
v -0.14630304 0.40569229 -0.14405808
v -0.14077711 0.40732316 -0.14761380
v -0.15303491 0.40396815 -0.13448547
v -0.14823229 0.40625509 -0.13941785
v -0.14799039 0.40619611 -0.13928076
v -0.14948557 0.40609050 -0.13438842
v -0.14834273 0.40650394 -0.13965187
v -0.15328041 0.40730500 -0.12821719
v -0.15407537 0.41014720 -0.12077256
v -0.15242942 0.40795204 -0.12823851
v -0.15369505 0.40997029 -0.12088605
v -0.15308710 0.40759720 -0.12812421
v -0.16592160 0.40811526 -0.10871294
v -0.15972139 0.40947248 -0.11497314
v -0.15974047 0.40938228 -0.11466955
v -0.16634432 0.40865773 -0.10861006
v -0.16004151 0.40934025 -0.11487916
v -0.16717096 0.41354396 -0.09971745
v -0.16488782 0.41861428 -0.09039513
v -0.16715664 0.41356997 -0.10000343
v -0.16501591 0.41863210 -0.08980928
v -0.16692305 0.41384452 -0.09992586
v -0.17731139 0.42249498 -0.07326622
v -0.17533794 0.41834284 -0.08312326
v -0.17541227 0.41832883 -0.08278036
v -0.17750650 0.42309851 -0.07427902
v -0.17533674 0.41840057 -0.08345288
v -0.18471497 0.42515616 -0.06901285
v -0.19107083 0.42888644 -0.06314829
v -0.18471853 0.42540926 -0.06956480
v -0.19108834 0.42891841 -0.06237371
v -0.18476400 0.42517348 -0.06865618
v -0.19644088 0.43972033 -0.04881239
v -0.19496209 0.43387306 -0.05545577
v -0.19495962 0.43387648 -0.05505717
v -0.19641962 0.43976623 -0.04969956
v -0.19496795 0.43388787 -0.05588120
v -0.19700715 0.44556380 -0.04415012
v -0.19830460 0.45290797 -0.04025177
v -0.19711454 0.44514236 -0.04438431
v -0.19793691 0.45323947 -0.03938919
v -0.19699367 0.44558127 -0.04370653
v -0.19663503 0.46991360 -0.03453399
v -0.19842969 0.46079696 -0.03711736
v -0.19826314 0.46130342 -0.03674477
v -0.19712890 0.46960548 -0.03587492
v -0.19856688 0.46205087 -0.03732559
v -0.19679164 0.47797945 -0.03509245
v -0.19655818 0.48679437 -0.03630872
v -0.19688317 0.47876666 -0.03552290
v -0.19639705 0.48584893 -0.03575699
v -0.19665720 0.47801371 -0.03458437
v -0.19385296 0.50160788 -0.04119775
v -0.19476441 0.49362422 -0.03901880
v -0.19461138 0.49373999 -0.03856272
v -0.19407677 0.50253592 -0.04246225
v -0.19476107 0.49325749 -0.03929266
v -0.19325407 0.50754284 -0.04675129
v -0.19372202 0.51478434 -0.05330562
v -0.19342455 0.50846781 -0.04777282
v -0.19337382 0.51508479 -0.05120532
v -0.19327722 0.50785669 -0.04642313
v -0.19676061 0.52651367 -0.06351123
v -0.19452361 0.52023228 -0.05794196
v -0.19476205 0.52075152 -0.05749372
v -0.19735134 0.52624957 -0.06561162
v -0.19484399 0.52075906 -0.05895989
v -0.19945353 0.53358734 -0.06986910
v -0.20363838 0.53967910 -0.07800234
v -0.19961271 0.53336247 -0.07020945
v -0.20243257 0.54082614 -0.07585469
v -0.19930323 0.53375691 -0.06954056
v -0.20668235 0.55472159 -0.08995408
v -0.20476271 0.54784291 -0.08373298
v -0.20475051 0.54785467 -0.08354966
v -0.20693324 0.55512936 -0.09148146
v -0.20492126 0.54760990 -0.08407935
v -0.20807963 0.56196007 -0.09855469
v -0.20830145 0.56903038 -0.10752269
v -0.20837998 0.56200820 -0.09971801
v -0.20818360 0.56891850 -0.10617582
v -0.20802231 0.56195665 -0.09834046
v -0.20413221 0.58166327 -0.12404810
v -0.20658845 0.57650980 -0.11539608
v -0.20669487 0.57603227 -0.11441404
v -0.20430427 0.58168767 -0.12545899
v -0.20772786 0.57488100 -0.11643777
v -0.19901830 0.58825591 -0.13342673
v -0.19318231 0.59020708 -0.14426943
v -0.19855927 0.58787943 -0.13456946
v -0.19226893 0.59231892 -0.14198352
v -0.19878897 0.58838850 -0.13301867
v -0.17562554 0.59448109 -0.15736002
v -0.18465542 0.59316238 -0.15158998
v -0.18491241 0.59331843 -0.15067561
v -0.17521029 0.59389555 -0.15833509
v -0.18471958 0.59263025 -0.15207747
v -0.16566985 0.59395645 -0.16359392
v -0.15443147 0.59116731 -0.16935188
v -0.16524622 0.59282606 -0.16442723
v -0.15398334 0.59200746 -0.16861513
v -0.16547056 0.59419352 -0.16317591
v -0.13530345 0.58401950 -0.17657342
v -0.14447544 0.58856069 -0.17285650
v -0.14505771 0.58961788 -0.17236236
v -0.13583413 0.58335086 -0.17742626
v -0.14472023 0.58822907 -0.17329249
v -0.12639530 0.57892640 -0.17951302
v -0.11721747 0.57233622 -0.18227063
v -0.12670215 0.57855550 -0.17995848
v -0.11648675 0.57321428 -0.18162196
v -0.12601305 0.57944906 -0.17931775
v -0.10813788 0.56609235 -0.18401735
v -0.10782404 0.56650173 -0.18356690
v -0.10843239 0.56560676 -0.18428885
v 0.13022648 0.52507512 -0.09516833
v 0.13108364 0.53590993 -0.09268892
v 0.13354384 0.54524326 -0.08923288
v 0.13171658 0.53558682 -0.09262430
v 0.12932411 0.52586318 -0.09527078
v 0.13266517 0.54568041 -0.08940274
v 0.13073218 0.53618643 -0.09277402
v 0.13895932 0.56377026 -0.07857907
v 0.13610899 0.55493772 -0.08410688
v 0.13557449 0.55534484 -0.08415638
v 0.13991670 0.56308023 -0.07841490
v 0.13655966 0.55463277 -0.08414361
v 0.13121589 0.50240509 -0.09521306
v 0.13049887 0.51397374 -0.09528654
v 0.13089710 0.51366752 -0.09535179
v 0.13400842 0.49125564 -0.09232223
v 0.13461722 0.49097697 -0.09225328
v 0.13026903 0.50275010 -0.09545112
v 0.13363877 0.49144241 -0.09242470
v 0.13010266 0.51396646 -0.09545067
v 0.15597733 0.42545445 -0.03313828
v 0.15540455 0.42842327 -0.03939896
v 0.15298780 0.42951382 -0.04064982
v 0.15335686 0.42040061 -0.02194897
v 0.15353651 0.42368025 -0.02844420
v 0.15378312 0.42393222 -0.02839669
v 0.15539880 0.41900484 -0.02125877
v 0.15545629 0.42560929 -0.03361783
v 0.15329319 0.42345012 -0.02847031
v 0.15515872 0.42858310 -0.03944669
v 0.15151636 0.42071709 -0.01217391
v 0.15245754 0.42029142 -0.01705848
v 0.15267784 0.42020122 -0.01706034
v 0.15014567 0.41928376 -0.00146880
v 0.14652635 0.42214931 -0.00846583
v 0.14675141 0.42240728 -0.00855332
v 0.14951914 0.41894681 -0.00117054
v 0.15342872 0.41917460 -0.01156375
v 0.15181550 0.41987913 -0.00646889
v 0.15479029 0.41875418 -0.01638908
v 0.14178470 0.42377163 0.01066591
v 0.14311603 0.42268478 0.00290882
v 0.14326638 0.42268881 0.00317574
v 0.13748277 0.42508970 0.02557996
v 0.13849984 0.42524704 0.01720980
v 0.13859803 0.42513274 0.01756880
v 0.13679133 0.42505566 0.02597570
v 0.14136889 0.42411082 0.01017946
v 0.13832431 0.42515312 0.01747212
v 0.14282167 0.42280074 0.00276052
v 0.12798131 0.43200295 0.04080491
v 0.13299279 0.42893419 0.03338754
v 0.13319307 0.42895994 0.03317312
v 0.12349064 0.43771909 0.06014601
v 0.13015696 0.43416538 0.05279263
v 0.12367720 0.43575545 0.04916567
v 0.12362891 0.43756180 0.05960280
v 0.12783898 0.43226564 0.04071173
v 0.12996065 0.43415753 0.05307962
v 0.13281920 0.42898205 0.03362689
v 0.12110210 0.44590081 0.07535522
v 0.12270159 0.44136557 0.06742500
v 0.12325109 0.44126719 0.06730878
v 0.11418443 0.45738386 0.08786238
v 0.11721511 0.45106418 0.08228860
v 0.11542801 0.45057369 0.08058963
v 0.11350828 0.45730268 0.08844146
v 0.12054769 0.44590976 0.07589228
v 0.11691090 0.45106115 0.08256471
v 0.12245789 0.44139328 0.06770819
v 0.10660658 0.47230033 0.09538608
v 0.10922595 0.46399955 0.09155370
v 0.10959584 0.46404437 0.09128038
v 0.10017592 0.48890100 0.09750944
v 0.10274054 0.48019113 0.09682555
v 0.10340608 0.48005745 0.09674266
v 0.09884510 0.48910258 0.09786873
v 0.10587027 0.47200605 0.09554159
v 0.10232772 0.48018799 0.09709538
v 0.10885893 0.46399899 0.09183282
v 0.09833262 0.50384260 0.09459815
v 0.09832926 0.49536391 0.09647275
v 0.09913279 0.49593902 0.09673416
v 0.10001857 0.51934530 0.08909661
v 0.09841480 0.51278675 0.09350470
v 0.09888586 0.51269081 0.09333244
v 0.09912081 0.51825083 0.08969174
v 0.09746765 0.50282528 0.09499901
v 0.09794808 0.51287339 0.09365131
v 0.09784199 0.49538617 0.09668585
v 0.10610958 0.53227472 0.08198179
v 0.10207847 0.52606669 0.08538643
v 0.10253453 0.52592484 0.08525317
v 0.11692470 0.54068114 0.07427131
v 0.11027740 0.53773417 0.07835799
v 0.11065104 0.53711752 0.07827333
v 0.11541342 0.54026490 0.07491065
v 0.10478458 0.53158546 0.08261497
v 0.10936963 0.53689415 0.07890799
v 0.10110455 0.52626907 0.08665052
v 0.12932428 0.55200321 0.06765726
v 0.12168213 0.54682916 0.07203772
v 0.12266584 0.54744969 0.07143004
v 0.14121150 0.56508043 0.06024732
v 0.13423901 0.55922285 0.06459298
v 0.13464775 0.55896931 0.06450321
v 0.14005493 0.56522431 0.06090113
v 0.12597993 0.55426240 0.06902278
v 0.13408203 0.55924942 0.06470091
v 0.12132356 0.54700679 0.07210234
v 0.15272575 0.57870363 0.05058485
v 0.14687217 0.57074188 0.05605962
v 0.14812784 0.57156636 0.05584854
v 0.16329297 0.58981363 0.03600360
v 0.15847461 0.58359557 0.04443530
v 0.15912778 0.58314209 0.04433667
v 0.16234474 0.59041250 0.03707432
v 0.15156205 0.57844550 0.05134005
v 0.15780324 0.58317796 0.04516932
v 0.14683265 0.57133578 0.05658756
v 0.16992534 0.59946784 0.01450397
v 0.16692301 0.59554327 0.02632798
v 0.16739705 0.59531141 0.02625428
v 0.16881212 0.60190552 -0.00748896
v 0.17008311 0.60139585 0.00383582
v 0.17056817 0.60113581 0.00375052
v 0.16843276 0.60283862 -0.00664612
v 0.16804503 0.60038170 0.01595736
v 0.16955143 0.60157799 0.00462808
v 0.16623450 0.59545982 0.02710776
v 0.16282621 0.59823405 -0.02977777
v 0.16583671 0.60138679 -0.01795910
v 0.16646919 0.60072471 -0.01878104
v 0.15631020 0.58912381 -0.04831953
v 0.15865472 0.59496444 -0.03932104
v 0.15916285 0.59463935 -0.03938327
v 0.15529624 0.58978452 -0.04824932
v 0.16191502 0.59905815 -0.02972991
v 0.15833583 0.59566041 -0.03850600
v 0.16578651 0.60210823 -0.01801729
v 0.14800978 0.57709907 -0.06463459
v 0.15188580 0.58442622 -0.05667776
v 0.15208403 0.58380461 -0.05649474
v 0.14352310 0.57038821 -0.07225724
v 0.14387299 0.56984745 -0.07209780
v 0.14703173 0.57797459 -0.06485704
v 0.14296264 0.57079125 -0.07224324
v 0.15137965 0.58477103 -0.05664220
v -0.10483074 0.43751835 -0.18227388
v -0.09940181 0.44404052 -0.18444743
v -0.09428541 0.45229216 -0.18683392
v -0.09908537 0.44412298 -0.18432852
v -0.10543730 0.43787972 -0.18225245
v -0.10000953 0.44396760 -0.18465865
v -0.09471556 0.45199210 -0.18681738
v -0.09972675 0.44398045 -0.18453631
v -0.08993645 0.46086226 -0.18851447
v -0.08932436 0.46099014 -0.18829363
v -0.08965870 0.46089377 -0.18839738
v -0.08884147 0.46094389 -0.18814056
v -0.11477566 0.42754906 -0.17593584
v -0.11031976 0.43196238 -0.17950090
v -0.11002349 0.43201509 -0.17939039
v -0.11904353 0.42318560 -0.17225639
v -0.11878447 0.42322613 -0.17214448
v -0.11959988 0.42247985 -0.17274099
v -0.11535512 0.42748740 -0.17612644
v -0.11930501 0.42247611 -0.17260730
v -0.10890985 0.43266989 -0.17917443
v -0.10862544 0.43267258 -0.17904639
v 0.14245628 0.46261363 -0.08026611
v 0.14701389 0.45502254 -0.07373080
v 0.14773089 0.44952238 -0.06912303
v 0.14670365 0.45507225 -0.07389075
v 0.14093449 0.47056057 -0.08421265
v 0.14037526 0.47001194 -0.08463695
v 0.14152962 0.47048112 -0.08388805
v 0.14306687 0.46248284 -0.07991953
v 0.14124981 0.47050002 -0.08402528
v 0.14759529 0.45499544 -0.07340376
v 0.14856052 0.44939779 -0.06891441
v 0.14730991 0.45498493 -0.07354464
v 0.14982142 0.44392237 -0.06366053
v 0.15234851 0.43959235 -0.05698519
v 0.14954322 0.44395597 -0.06380074
v 0.15017414 0.44399109 -0.06343907
v 0.15302938 0.43917124 -0.05686721
v 0.14988830 0.44397588 -0.06356458
v 0.15439950 0.43441639 -0.05076927
v 0.15374533 0.43480788 -0.05088037
v 0.15400072 0.43482642 -0.05072406
v 0.15348377 0.43482066 -0.05099070
f 1 2389 2393
f 2389 618 2390
f 2393 2390 622
f 2392 2393 2391
f 618 2394 2397
f 2394 5 2395
f 2397 2395 619
f 2390 2397 2396
f 622 2396 2401
f 2396 619 2398
f 2401 2398 6
f 2400 2401 2399
f 621 2391 2404
f 2391 622 2400
f 2404 2400 620
f 2403 2404 2402
f 1 2405 2408
f 2405 623 2406
f 2408 2406 626
f 2389 2408 2407
f 623 2409 2412
f 2409 8 2410
f 2412 2410 624
f 2406 2412 2411
f 626 2411 2416
f 2411 624 2413
f 2416 2413 9
f 2415 2416 2414
f 618 2407 2418
f 2407 626 2415
f 2418 2415 625
f 2394 2418 2417
f 1 2392 2422
f 2392 621 2419
f 2422 2419 630
f 2421 2422 2420
f 621 2403 2425
f 2403 7 2423
f 2425 2423 627
f 2419 2425 2424
f 630 2424 2429
f 2424 627 2426
f 2429 2426 10
f 2428 2429 2427
f 629 2420 2432
f 2420 630 2428
f 2432 2428 628
f 2431 2432 2430
f 1 2433 2436
f 2433 631 2434
f 2436 2434 634
f 2405 2436 2435
f 631 2437 2440
f 2437 12 2438
f 2440 2438 632
f 2434 2440 2439
f 634 2439 2444
f 2439 632 2441
f 2444 2441 13
f 2443 2444 2442
f 623 2435 2446
f 2435 634 2443
f 2446 2443 633
f 2409 2446 2445
f 1 2421 2449
f 2421 629 2447
f 2449 2447 637
f 2433 2449 2448
f 629 2431 2452
f 2431 11 2450
f 2452 2450 635
f 2447 2452 2451
f 637 2451 2456
f 2451 635 2453
f 2456 2453 14
f 2455 2456 2454
f 631 2448 2458
f 2448 637 2455
f 2458 2455 636
f 2437 2458 2457
f 2 2459 2463
f 2459 638 2460
f 2463 2460 642
f 2462 2463 2461
f 638 2464 2467
f 2464 15 2465
f 2467 2465 639
f 2460 2467 2466
f 642 2466 2471
f 2466 639 2468
f 2471 2468 16
f 2470 2471 2469
f 641 2461 2474
f 2461 642 2470
f 2474 2470 640
f 2473 2474 2472
f 2 2475 2479
f 2475 643 2476
f 2479 2476 647
f 2478 2479 2477
f 643 2480 2483
f 2480 18 2481
f 2483 2481 644
f 2476 2483 2482
f 647 2482 2487
f 2482 644 2484
f 2487 2484 19
f 2486 2487 2485
f 646 2477 2490
f 2477 647 2486
f 2490 2486 645
f 2489 2490 2488
f 2 2462 2493
f 2462 641 2491
f 2493 2491 650
f 2475 2493 2492
f 641 2473 2496
f 2473 17 2494
f 2496 2494 648
f 2491 2496 2495
f 650 2495 2500
f 2495 648 2497
f 2500 2497 21
f 2499 2500 2498
f 643 2492 2502
f 2492 650 2499
f 2502 2499 649
f 2480 2502 2501
f 2 2503 2506
f 2503 651 2504
f 2506 2504 654
f 2459 2506 2505
f 651 2507 2510
f 2507 4 2508
f 2510 2508 652
f 2504 2510 2509
f 654 2509 2514
f 2509 652 2511
f 2514 2511 22
f 2513 2514 2512
f 638 2505 2516
f 2505 654 2513
f 2516 2513 653
f 2464 2516 2515
f 2 2478 2519
f 2478 646 2517
f 2519 2517 657
f 2503 2519 2518
f 646 2489 2522
f 2489 20 2520
f 2522 2520 655
f 2517 2522 2521
f 657 2521 2526
f 2521 655 2523
f 2526 2523 23
f 2525 2526 2524
f 651 2518 2528
f 2518 657 2525
f 2528 2525 656
f 2507 2528 2527
f 3 2529 2533
f 2529 658 2530
f 2533 2530 662
f 2532 2533 2531
f 658 2534 2537
f 2534 24 2535
f 2537 2535 659
f 2530 2537 2536
f 662 2536 2541
f 2536 659 2538
f 2541 2538 25
f 2540 2541 2539
f 661 2531 2544
f 2531 662 2540
f 2544 2540 660
f 2543 2544 2542
f 3 2532 2548
f 2532 661 2545
f 2548 2545 665
f 2547 2548 2546
f 661 2543 2551
f 2543 26 2549
f 2551 2549 663
f 2545 2551 2550
f 665 2550 2554
f 2550 663 2552
f 2554 2552 13
f 2553 2554 2441
f 664 2546 2556
f 2546 665 2553
f 2556 2553 632
f 2555 2556 2438
f 3 2547 2560
f 2547 664 2557
f 2560 2557 668
f 2559 2560 2558
f 664 2555 2562
f 2555 12 2457
f 2562 2457 636
f 2557 2562 2561
f 668 2561 2565
f 2561 636 2454
f 2565 2454 14
f 2564 2565 2563
f 667 2558 2568
f 2558 668 2564
f 2568 2564 666
f 2567 2568 2566
f 4 2569 2572
f 2569 669 2570
f 2572 2570 672
f 2508 2572 2571
f 669 2573 2576
f 2573 28 2574
f 2576 2574 670
f 2570 2576 2575
f 672 2575 2580
f 2575 670 2577
f 2580 2577 29
f 2579 2580 2578
f 652 2571 2582
f 2571 672 2579
f 2582 2579 671
f 2511 2582 2581
f 4 2583 2586
f 2583 673 2584
f 2586 2584 676
f 2569 2586 2585
f 673 2587 2590
f 2587 30 2588
f 2590 2588 674
f 2584 2590 2589
f 676 2589 2594
f 2589 674 2591
f 2594 2591 31
f 2593 2594 2592
f 669 2585 2596
f 2585 676 2593
f 2596 2593 675
f 2573 2596 2595
f 4 2527 2599
f 2527 656 2597
f 2599 2597 679
f 2583 2599 2598
f 656 2524 2602
f 2524 23 2600
f 2602 2600 677
f 2597 2602 2601
f 679 2601 2606
f 2601 677 2603
f 2606 2603 32
f 2605 2606 2604
f 673 2598 2608
f 2598 679 2605
f 2608 2605 678
f 2587 2608 2607
f 33 2609 2613
f 2609 680 2610
f 2613 2610 683
f 2612 2613 2611
f 680 2614 2617
f 2614 42 2615
f 2617 2615 681
f 2610 2617 2616
f 683 2616 2620
f 2616 681 2618
f 2620 2618 15
f 2619 2620 2515
f 682 2611 2622
f 2611 683 2619
f 2622 2619 653
f 2621 2622 2512
f 33 2612 2626
f 2612 682 2623
f 2626 2623 686
f 2625 2626 2624
f 682 2621 2628
f 2621 22 2581
f 2628 2581 671
f 2623 2628 2627
f 686 2627 2631
f 2627 671 2578
f 2631 2578 29
f 2630 2631 2629
f 685 2624 2634
f 2624 686 2630
f 2634 2630 684
f 2633 2634 2632
f 34 2635 2639
f 2635 687 2636
f 2639 2636 690
f 2638 2639 2637
f 687 2640 2643
f 2640 38 2641
f 2643 2641 688
f 2636 2643 2642
f 690 2642 2646
f 2642 688 2644
f 2646 2644 26
f 2645 2646 2542
f 689 2637 2648
f 2637 690 2645
f 2648 2645 660
f 2647 2648 2539
f 35 2649 2653
f 2649 691 2650
f 2653 2650 695
f 2652 2653 2651
f 691 2654 2657
f 2654 44 2655
f 2657 2655 692
f 2650 2657 2656
f 695 2656 2661
f 2656 692 2658
f 2661 2658 45
f 2660 2661 2659
f 694 2651 2664
f 2651 695 2660
f 2664 2660 693
f 2663 2664 2662
f 36 2665 2669
f 2665 696 2666
f 2669 2666 700
f 2668 2669 2667
f 696 2670 2673
f 2670 47 2671
f 2673 2671 697
f 2666 2673 2672
f 700 2672 2677
f 2672 697 2674
f 2677 2674 16
f 2676 2677 2675
f 699 2667 2680
f 2667 700 2676
f 2680 2676 698
f 2679 2680 2678
f 37 2681 2685
f 2681 701 2682
f 2685 2682 705
f 2684 2685 2683
f 701 2686 2689
f 2686 49 2687
f 2689 2687 702
f 2682 2689 2688
f 705 2688 2693
f 2688 702 2690
f 2693 2690 50
f 2692 2693 2691
f 704 2683 2696
f 2683 705 2692
f 2696 2692 703
f 2695 2696 2694
f 38 2697 2700
f 2697 706 2698
f 2700 2698 708
f 2641 2700 2699
f 706 2701 2704
f 2701 52 2702
f 2704 2702 707
f 2698 2704 2703
f 708 2703 2707
f 2703 707 2705
f 2707 2705 13
f 2706 2707 2552
f 688 2699 2708
f 2699 708 2706
f 2708 2706 663
f 2644 2708 2549
f 39 2709 2713
f 2709 709 2710
f 2713 2710 713
f 2712 2713 2711
f 709 2714 2717
f 2714 53 2715
f 2717 2715 710
f 2710 2717 2716
f 713 2716 2721
f 2716 710 2718
f 2721 2718 584
f 2720 2721 2719
f 712 2711 2724
f 2711 713 2720
f 2724 2720 711
f 2723 2724 2722
f 39 2712 2728
f 2712 712 2725
f 2728 2725 717
f 2727 2728 2726
f 712 2723 2731
f 2723 585 2729
f 2731 2729 714
f 2725 2731 2730
f 717 2730 2735
f 2730 714 2732
f 2735 2732 586
f 2734 2735 2733
f 716 2726 2738
f 2726 717 2734
f 2738 2734 715
f 2737 2738 2736
f 40 2739 2743
f 2739 718 2740
f 2743 2740 720
f 2742 2743 2741
f 718 2744 2746
f 2744 17 2472
f 2746 2472 640
f 2740 2746 2745
f 720 2745 2748
f 2745 640 2469
f 2748 2469 16
f 2747 2748 2674
f 719 2741 2750
f 2741 720 2747
f 2750 2747 697
f 2749 2750 2671
f 40 2751 2754
f 2751 721 2752
f 2754 2752 723
f 2739 2754 2753
f 721 2755 2758
f 2755 58 2756
f 2758 2756 722
f 2752 2758 2757
f 723 2757 2761
f 2757 722 2759
f 2761 2759 21
f 2760 2761 2497
f 718 2753 2762
f 2753 723 2760
f 2762 2760 648
f 2744 2762 2494
f 41 2763 2767
f 2763 724 2764
f 2767 2764 726
f 2766 2767 2765
f 724 2768 2770
f 2768 8 2445
f 2770 2445 633
f 2764 2770 2769
f 726 2769 2772
f 2769 633 2442
f 2772 2442 13
f 2771 2772 2705
f 725 2765 2774
f 2765 726 2771
f 2774 2771 707
f 2773 2774 2702
f 41 2775 2778
f 2775 727 2776
f 2778 2776 729
f 2763 2778 2777
f 727 2779 2782
f 2779 59 2780
f 2782 2780 728
f 2776 2782 2781
f 729 2781 2785
f 2781 728 2783
f 2785 2783 9
f 2784 2785 2413
f 724 2777 2786
f 2777 729 2784
f 2786 2784 624
f 2768 2786 2410
f 59 2787 2790
f 2787 730 2788
f 2790 2788 733
f 2780 2790 2789
f 730 2791 2794
f 2791 60 2792
f 2794 2792 731
f 2788 2794 2793
f 733 2793 2798
f 2793 731 2795
f 2798 2795 61
f 2797 2798 2796
f 728 2789 2800
f 2789 733 2797
f 2800 2797 732
f 2783 2800 2799
f 61 2801 2804
f 2801 734 2802
f 2804 2802 736
f 2796 2804 2803
f 734 2805 2808
f 2805 62 2806
f 2808 2806 735
f 2802 2808 2807
f 736 2807 2811
f 2807 735 2809
f 2811 2809 5
f 2810 2811 2417
f 732 2803 2812
f 2803 736 2810
f 2812 2810 625
f 2799 2812 2414
f 61 2795 2816
f 2795 731 2813
f 2816 2813 740
f 2815 2816 2814
f 731 2792 2819
f 2792 60 2817
f 2819 2817 737
f 2813 2819 2818
f 740 2818 2823
f 2818 737 2820
f 2823 2820 63
f 2822 2823 2821
f 739 2814 2826
f 2814 740 2822
f 2826 2822 738
f 2825 2826 2824
f 61 2815 2829
f 2815 739 2827
f 2829 2827 743
f 2801 2829 2828
f 739 2825 2832
f 2825 64 2830
f 2832 2830 741
f 2827 2832 2831
f 743 2831 2836
f 2831 741 2833
f 2836 2833 65
f 2835 2836 2834
f 734 2828 2838
f 2828 743 2835
f 2838 2835 742
f 2805 2838 2837
f 65 2839 2842
f 2839 744 2840
f 2842 2840 747
f 2834 2842 2841
f 744 2843 2846
f 2843 66 2844
f 2846 2844 745
f 2840 2846 2845
f 747 2845 2850
f 2845 745 2847
f 2850 2847 67
f 2849 2850 2848
f 742 2841 2852
f 2841 747 2849
f 2852 2849 746
f 2837 2852 2851
f 65 2833 2856
f 2833 741 2853
f 2856 2853 751
f 2855 2856 2854
f 741 2830 2859
f 2830 64 2857
f 2859 2857 748
f 2853 2859 2858
f 751 2858 2863
f 2858 748 2860
f 2863 2860 68
f 2862 2863 2861
f 750 2854 2866
f 2854 751 2862
f 2866 2862 749
f 2865 2866 2864
f 65 2855 2869
f 2855 750 2867
f 2869 2867 754
f 2839 2869 2868
f 750 2865 2872
f 2865 69 2870
f 2872 2870 752
f 2867 2872 2871
f 754 2871 2876
f 2871 752 2873
f 2876 2873 70
f 2875 2876 2874
f 744 2868 2878
f 2868 754 2875
f 2878 2875 753
f 2843 2878 2877
f 70 2879 2882
f 2879 755 2880
f 2882 2880 758
f 2874 2882 2881
f 755 2883 2886
f 2883 71 2884
f 2886 2884 756
f 2880 2886 2885
f 758 2885 2890
f 2885 756 2887
f 2890 2887 72
f 2889 2890 2888
f 753 2881 2892
f 2881 758 2889
f 2892 2889 757
f 2877 2892 2891
f 70 2873 2896
f 2873 752 2893
f 2896 2893 762
f 2895 2896 2894
f 752 2870 2899
f 2870 69 2897
f 2899 2897 759
f 2893 2899 2898
f 762 2898 2903
f 2898 759 2900
f 2903 2900 73
f 2902 2903 2901
f 761 2894 2906
f 2894 762 2902
f 2906 2902 760
f 2905 2906 2904
f 70 2895 2909
f 2895 761 2907
f 2909 2907 765
f 2879 2909 2908
f 761 2905 2912
f 2905 74 2910
f 2912 2910 763
f 2907 2912 2911
f 765 2911 2916
f 2911 763 2913
f 2916 2913 75
f 2915 2916 2914
f 755 2908 2918
f 2908 765 2915
f 2918 2915 764
f 2883 2918 2917
f 75 2919 2922
f 2919 766 2920
f 2922 2920 769
f 2914 2922 2921
f 766 2923 2926
f 2923 76 2924
f 2926 2924 767
f 2920 2926 2925
f 769 2925 2930
f 2925 767 2927
f 2930 2927 77
f 2929 2930 2928
f 764 2921 2932
f 2921 769 2929
f 2932 2929 768
f 2917 2932 2931
f 75 2913 2936
f 2913 763 2933
f 2936 2933 773
f 2935 2936 2934
f 763 2910 2939
f 2910 74 2937
f 2939 2937 770
f 2933 2939 2938
f 773 2938 2943
f 2938 770 2940
f 2943 2940 31
f 2942 2943 2941
f 772 2934 2946
f 2934 773 2942
f 2946 2942 771
f 2945 2946 2944
f 75 2935 2949
f 2935 772 2947
f 2949 2947 776
f 2919 2949 2948
f 772 2945 2952
f 2945 78 2950
f 2952 2950 774
f 2947 2952 2951
f 776 2951 2956
f 2951 774 2953
f 2956 2953 54
f 2955 2956 2954
f 766 2948 2958
f 2948 776 2955
f 2958 2955 775
f 2923 2958 2957
f 78 2944 2962
f 2944 771 2959
f 2962 2959 779
f 2961 2962 2960
f 771 2941 2964
f 2941 31 2591
f 2964 2591 674
f 2959 2964 2963
f 779 2963 2967
f 2963 674 2588
f 2967 2588 30
f 2966 2967 2965
f 778 2960 2970
f 2960 779 2966
f 2970 2966 777
f 2969 2970 2968
f 78 2961 2973
f 2961 778 2971
f 2973 2971 782
f 2950 2973 2972
f 778 2969 2976
f 2969 79 2974
f 2976 2974 780
f 2971 2976 2975
f 782 2975 2980
f 2975 780 2977
f 2980 2977 55
f 2979 2980 2978
f 774 2972 2982
f 2972 782 2979
f 2982 2979 781
f 2953 2982 2981
f 79 2968 2986
f 2968 777 2983
f 2986 2983 785
f 2985 2986 2984
f 777 2965 2988
f 2965 30 2607
f 2988 2607 678
f 2983 2988 2987
f 785 2987 2991
f 2987 678 2604
f 2991 2604 32
f 2990 2991 2989
f 784 2984 2994
f 2984 785 2990
f 2994 2990 783
f 2993 2994 2992
f 79 2985 2997
f 2985 784 2995
f 2997 2995 788
f 2974 2997 2996
f 784 2993 3000
f 2993 80 2998
f 3000 2998 786
f 2995 3000 2999
f 788 2999 3004
f 2999 786 3001
f 3004 3001 56
f 3003 3004 3002
f 780 2996 3006
f 2996 788 3003
f 3006 3003 787
f 2977 3006 3005
f 80 2992 3010
f 2992 783 3007
f 3010 3007 792
f 3009 3010 3008
f 783 2989 3013
f 2989 32 3011
f 3013 3011 789
f 3007 3013 3012
f 792 3012 3017
f 3012 789 3014
f 3017 3014 81
f 3016 3017 3015
f 791 3008 3020
f 3008 792 3016
f 3020 3016 790
f 3019 3020 3018
f 80 3009 3023
f 3009 791 3021
f 3023 3021 795
f 2998 3023 3022
f 791 3019 3026
f 3019 82 3024
f 3026 3024 793
f 3021 3026 3025
f 795 3025 3030
f 3025 793 3027
f 3030 3027 83
f 3029 3030 3028
f 786 3022 3032
f 3022 795 3029
f 3032 3029 794
f 3001 3032 3031
f 83 3033 3036
f 3033 796 3034
f 3036 3034 799
f 3028 3036 3035
f 796 3037 3040
f 3037 485 3038
f 3040 3038 797
f 3034 3040 3039
f 799 3039 3044
f 3039 797 3041
f 3044 3041 484
f 3043 3044 3042
f 794 3035 3046
f 3035 799 3043
f 3046 3043 798
f 3031 3046 3045
f 83 3027 3050
f 3027 793 3047
f 3050 3047 803
f 3049 3050 3048
f 793 3024 3053
f 3024 82 3051
f 3053 3051 800
f 3047 3053 3052
f 803 3052 3057
f 3052 800 3054
f 3057 3054 85
f 3056 3057 3055
f 802 3048 3060
f 3048 803 3056
f 3060 3056 801
f 3059 3060 3058
f 83 3049 3063
f 3049 802 3061
f 3063 3061 806
f 3033 3063 3062
f 802 3059 3066
f 3059 86 3064
f 3066 3064 804
f 3061 3066 3065
f 806 3065 3070
f 3065 804 3067
f 3070 3067 486
f 3069 3070 3068
f 796 3062 3072
f 3062 806 3069
f 3072 3069 805
f 3037 3072 3071
f 87 3073 3077
f 3073 807 3074
f 3077 3074 811
f 3076 3077 3075
f 807 3078 3081
f 3078 587 3079
f 3081 3079 808
f 3074 3081 3080
f 811 3080 3085
f 3080 808 3082
f 3085 3082 588
f 3084 3085 3083
f 810 3075 3088
f 3075 811 3084
f 3088 3084 809
f 3087 3088 3086
f 89 3086 3092
f 3086 809 3089
f 3092 3089 815
f 3091 3092 3090
f 809 3083 3095
f 3083 588 3093
f 3095 3093 812
f 3089 3095 3094
f 815 3094 3099
f 3094 812 3096
f 3099 3096 589
f 3098 3099 3097
f 814 3090 3102
f 3090 815 3098
f 3102 3098 813
f 3101 3102 3100
f 91 3100 3106
f 3100 813 3103
f 3106 3103 819
f 3105 3106 3104
f 813 3097 3109
f 3097 589 3107
f 3109 3107 816
f 3103 3109 3108
f 819 3108 3113
f 3108 816 3110
f 3113 3110 590
f 3112 3113 3111
f 818 3104 3116
f 3104 819 3112
f 3116 3112 817
f 3115 3116 3114
f 93 3114 3120
f 3114 817 3117
f 3120 3117 823
f 3119 3120 3118
f 817 3111 3123
f 3111 590 3121
f 3123 3121 820
f 3117 3123 3122
f 823 3122 3127
f 3122 820 3124
f 3127 3124 591
f 3126 3127 3125
f 822 3118 3130
f 3118 823 3126
f 3130 3126 821
f 3129 3130 3128
f 95 3128 3134
f 3128 821 3131
f 3134 3131 827
f 3133 3134 3132
f 821 3125 3137
f 3125 591 3135
f 3137 3135 824
f 3131 3137 3136
f 827 3136 3141
f 3136 824 3138
f 3141 3138 592
f 3140 3141 3139
f 826 3132 3144
f 3132 827 3140
f 3144 3140 825
f 3143 3144 3142
f 97 3142 3148
f 3142 825 3145
f 3148 3145 831
f 3147 3148 3146
f 825 3139 3151
f 3139 592 3149
f 3151 3149 828
f 3145 3151 3150
f 831 3150 3155
f 3150 828 3152
f 3155 3152 593
f 3154 3155 3153
f 830 3146 3158
f 3146 831 3154
f 3158 3154 829
f 3157 3158 3156
f 99 3156 3162
f 3156 829 3159
f 3162 3159 835
f 3161 3162 3160
f 829 3153 3165
f 3153 593 3163
f 3165 3163 832
f 3159 3165 3164
f 835 3164 3169
f 3164 832 3166
f 3169 3166 594
f 3168 3169 3167
f 834 3160 3172
f 3160 835 3168
f 3172 3168 833
f 3171 3172 3170
f 101 3170 3176
f 3170 833 3173
f 3176 3173 839
f 3175 3176 3174
f 833 3167 3179
f 3167 594 3177
f 3179 3177 836
f 3173 3179 3178
f 839 3178 3183
f 3178 836 3180
f 3183 3180 595
f 3182 3183 3181
f 838 3174 3186
f 3174 839 3182
f 3186 3182 837
f 3185 3186 3184
f 103 3184 3190
f 3184 837 3187
f 3190 3187 843
f 3189 3190 3188
f 837 3181 3193
f 3181 595 3191
f 3193 3191 840
f 3187 3193 3192
f 843 3192 3197
f 3192 840 3194
f 3197 3194 596
f 3196 3197 3195
f 842 3188 3200
f 3188 843 3196
f 3200 3196 841
f 3199 3200 3198
f 105 3198 3204
f 3198 841 3201
f 3204 3201 847
f 3203 3204 3202
f 841 3195 3207
f 3195 596 3205
f 3207 3205 844
f 3201 3207 3206
f 847 3206 3211
f 3206 844 3208
f 3211 3208 597
f 3210 3211 3209
f 846 3202 3214
f 3202 847 3210
f 3214 3210 845
f 3213 3214 3212
f 107 3212 3218
f 3212 845 3215
f 3218 3215 851
f 3217 3218 3216
f 845 3209 3221
f 3209 597 3219
f 3221 3219 848
f 3215 3221 3220
f 851 3220 3225
f 3220 848 3222
f 3225 3222 598
f 3224 3225 3223
f 850 3216 3228
f 3216 851 3224
f 3228 3224 849
f 3227 3228 3226
f 108 3226 3232
f 3226 849 3229
f 3232 3229 855
f 3231 3232 3230
f 849 3223 3235
f 3223 598 3233
f 3235 3233 852
f 3229 3235 3234
f 855 3234 3239
f 3234 852 3236
f 3239 3236 599
f 3238 3239 3237
f 854 3230 3242
f 3230 855 3238
f 3242 3238 853
f 3241 3242 3240
f 109 3240 3246
f 3240 853 3243
f 3246 3243 858
f 3245 3246 3244
f 853 3237 3249
f 3237 599 3247
f 3249 3247 856
f 3243 3249 3248
f 858 3248 3252
f 3248 856 3250
f 3252 3250 584
f 3251 3252 2718
f 857 3244 3254
f 3244 858 3251
f 3254 3251 710
f 3253 3254 2715
f 106 3255 3259
f 3255 859 3256
f 3259 3256 863
f 3258 3259 3257
f 859 3260 3263
f 3260 104 3261
f 3263 3261 860
f 3256 3263 3262
f 863 3262 3267
f 3262 860 3264
f 3267 3264 110
f 3266 3267 3265
f 862 3257 3270
f 3257 863 3266
f 3270 3266 861
f 3269 3270 3268
f 106 3258 3274
f 3258 862 3271
f 3274 3271 865
f 3273 3274 3272
f 862 3269 3276
f 3269 72 2887
f 3276 2887 756
f 3271 3276 3275
f 865 3275 3278
f 3275 756 2884
f 3278 2884 71
f 3277 3278 2931
f 864 3272 3280
f 3272 865 3277
f 3280 3277 768
f 3279 3280 2928
f 110 3264 3284
f 3264 860 3281
f 3284 3281 869
f 3283 3284 3282
f 860 3261 3287
f 3261 104 3285
f 3287 3285 866
f 3281 3287 3286
f 869 3286 3291
f 3286 866 3288
f 3291 3288 102
f 3290 3291 3289
f 868 3282 3294
f 3282 869 3290
f 3294 3290 867
f 3293 3294 3292
f 110 3283 3298
f 3283 868 3295
f 3298 3295 873
f 3297 3298 3296
f 868 3293 3301
f 3293 111 3299
f 3301 3299 870
f 3295 3301 3300
f 873 3300 3305
f 3300 870 3302
f 3305 3302 6
f 3304 3305 3303
f 872 3296 3308
f 3296 873 3304
f 3308 3304 871
f 3307 3308 3306
f 110 3297 3311
f 3297 872 3309
f 3311 3309 874
f 3265 3311 3310
f 872 3307 3313
f 3307 67 2847
f 3313 2847 745
f 3309 3313 3312
f 874 3312 3315
f 3312 745 2844
f 3315 2844 66
f 3314 3315 2891
f 861 3310 3316
f 3310 874 3314
f 3316 3314 757
f 3268 3316 2888
f 111 3292 3320
f 3292 867 3317
f 3320 3317 878
f 3319 3320 3318
f 867 3289 3323
f 3289 102 3321
f 3323 3321 875
f 3317 3323 3322
f 878 3322 3327
f 3322 875 3324
f 3327 3324 100
f 3326 3327 3325
f 877 3318 3330
f 3318 878 3326
f 3330 3326 876
f 3329 3330 3328
f 111 3319 3333
f 3319 877 3331
f 3333 3331 880
f 3299 3333 3332
f 877 3329 3336
f 3329 112 3334
f 3336 3334 879
f 3331 3336 3335
f 880 3335 3339
f 3335 879 3337
f 3339 3337 7
f 3338 3339 2402
f 870 3332 3340
f 3332 880 3338
f 3340 3338 620
f 3302 3340 2399
f 112 3328 3344
f 3328 876 3341
f 3344 3341 884
f 3343 3344 3342
f 876 3325 3347
f 3325 100 3345
f 3347 3345 881
f 3341 3347 3346
f 884 3346 3351
f 3346 881 3348
f 3351 3348 98
f 3350 3351 3349
f 883 3342 3354
f 3342 884 3350
f 3354 3350 882
f 3353 3354 3352
f 112 3343 3357
f 3343 883 3355
f 3357 3355 886
f 3334 3357 3356
f 883 3353 3360
f 3353 113 3358
f 3360 3358 885
f 3355 3360 3359
f 886 3359 3363
f 3359 885 3361
f 3363 3361 10
f 3362 3363 2426
f 879 3356 3364
f 3356 886 3362
f 3364 3362 627
f 3337 3364 2423
f 113 3352 3368
f 3352 882 3365
f 3368 3365 890
f 3367 3368 3366
f 882 3349 3371
f 3349 98 3369
f 3371 3369 887
f 3365 3371 3370
f 890 3370 3375
f 3370 887 3372
f 3375 3372 96
f 3374 3375 3373
f 889 3366 3378
f 3366 890 3374
f 3378 3374 888
f 3377 3378 3376
f 113 3367 3381
f 3367 889 3379
f 3381 3379 893
f 3358 3381 3380
f 889 3377 3384
f 3377 114 3382
f 3384 3382 891
f 3379 3384 3383
f 893 3383 3388
f 3383 891 3385
f 3388 3385 115
f 3387 3388 3386
f 885 3380 3390
f 3380 893 3387
f 3390 3387 892
f 3361 3390 3389
f 115 3385 3394
f 3385 891 3391
f 3394 3391 897
f 3393 3394 3392
f 891 3382 3397
f 3382 114 3395
f 3397 3395 894
f 3391 3397 3396
f 897 3396 3401
f 3396 894 3398
f 3401 3398 116
f 3400 3401 3399
f 896 3392 3404
f 3392 897 3400
f 3404 3400 895
f 3403 3404 3402
f 115 3393 3408
f 3393 896 3405
f 3408 3405 901
f 3407 3408 3406
f 896 3403 3411
f 3403 117 3409
f 3411 3409 898
f 3405 3411 3410
f 901 3410 3415
f 3410 898 3412
f 3415 3412 118
f 3414 3415 3413
f 900 3406 3418
f 3406 901 3414
f 3418 3414 899
f 3417 3418 3416
f 115 3407 3421
f 3407 900 3419
f 3421 3419 903
f 3386 3421 3420
f 900 3417 3424
f 3417 119 3422
f 3424 3422 902
f 3419 3424 3423
f 903 3423 3427
f 3423 902 3425
f 3427 3425 11
f 3426 3427 2430
f 892 3420 3428
f 3420 903 3426
f 3428 3426 628
f 3389 3428 2427
f 119 3416 3432
f 3416 899 3429
f 3432 3429 907
f 3431 3432 3430
f 899 3413 3435
f 3413 118 3433
f 3435 3433 904
f 3429 3435 3434
f 907 3434 3439
f 3434 904 3436
f 3439 3436 120
f 3438 3439 3437
f 906 3430 3442
f 3430 907 3438
f 3442 3438 905
f 3441 3442 3440
f 119 3431 3445
f 3431 906 3443
f 3445 3443 909
f 3422 3445 3444
f 906 3441 3448
f 3441 121 3446
f 3448 3446 908
f 3443 3448 3447
f 909 3447 3451
f 3447 908 3449
f 3451 3449 14
f 3450 3451 2453
f 902 3444 3452
f 3444 909 3450
f 3452 3450 635
f 3425 3452 2450
f 121 3440 3456
f 3440 905 3453
f 3456 3453 913
f 3455 3456 3454
f 905 3437 3459
f 3437 120 3457
f 3459 3457 910
f 3453 3459 3458
f 913 3458 3463
f 3458 910 3460
f 3463 3460 122
f 3462 3463 3461
f 912 3454 3466
f 3454 913 3462
f 3466 3462 911
f 3465 3466 3464
f 121 3455 3469
f 3455 912 3467
f 3469 3467 915
f 3446 3469 3468
f 912 3465 3472
f 3465 123 3470
f 3472 3470 914
f 3467 3472 3471
f 915 3471 3475
f 3471 914 3473
f 3475 3473 27
f 3474 3475 2566
f 908 3468 3476
f 3468 915 3474
f 3476 3474 666
f 3449 3476 2563
f 123 3464 3480
f 3464 911 3477
f 3480 3477 919
f 3479 3480 3478
f 911 3461 3483
f 3461 122 3481
f 3483 3481 916
f 3477 3483 3482
f 919 3482 3487
f 3482 916 3484
f 3487 3484 124
f 3486 3487 3485
f 918 3478 3490
f 3478 919 3486
f 3490 3486 917
f 3489 3490 3488
f 123 3479 3493
f 3479 918 3491
f 3493 3491 922
f 3470 3493 3492
f 918 3489 3496
f 3489 125 3494
f 3496 3494 920
f 3491 3496 3495
f 922 3495 3500
f 3495 920 3497
f 3500 3497 126
f 3499 3500 3498
f 914 3492 3502
f 3492 922 3499
f 3502 3499 921
f 3473 3502 3501
f 126 3497 3506
f 3497 920 3503
f 3506 3503 926
f 3505 3506 3504
f 920 3494 3509
f 3494 125 3507
f 3509 3507 923
f 3503 3509 3508
f 926 3508 3513
f 3508 923 3510
f 3513 3510 127
f 3512 3513 3511
f 925 3504 3516
f 3504 926 3512
f 3516 3512 924
f 3515 3516 3514
f 126 3505 3520
f 3505 925 3517
f 3520 3517 930
f 3519 3520 3518
f 925 3515 3523
f 3515 128 3521
f 3523 3521 927
f 3517 3523 3522
f 930 3522 3527
f 3522 927 3524
f 3527 3524 129
f 3526 3527 3525
f 929 3518 3530
f 3518 930 3526
f 3530 3526 928
f 3529 3530 3528
f 126 3519 3533
f 3519 929 3531
f 3533 3531 932
f 3498 3533 3532
f 929 3529 3536
f 3529 130 3534
f 3536 3534 931
f 3531 3536 3535
f 932 3535 3539
f 3535 931 3537
f 3539 3537 3
f 3538 3539 2559
f 921 3532 3540
f 3532 932 3538
f 3540 3538 667
f 3501 3540 2567
f 130 3528 3544
f 3528 928 3541
f 3544 3541 936
f 3543 3544 3542
f 928 3525 3547
f 3525 129 3545
f 3547 3545 933
f 3541 3547 3546
f 936 3546 3551
f 3546 933 3548
f 3551 3548 131
f 3550 3551 3549
f 935 3542 3554
f 3542 936 3550
f 3554 3550 934
f 3553 3554 3552
f 130 3543 3557
f 3543 935 3555
f 3557 3555 938
f 3534 3557 3556
f 935 3553 3560
f 3553 132 3558
f 3560 3558 937
f 3555 3560 3559
f 938 3559 3563
f 3559 937 3561
f 3563 3561 24
f 3562 3563 2534
f 931 3556 3564
f 3556 938 3562
f 3564 3562 658
f 3537 3564 2529
f 131 3548 3568
f 3548 933 3565
f 3568 3565 942
f 3567 3568 3566
f 933 3545 3571
f 3545 129 3569
f 3571 3569 939
f 3565 3571 3570
f 942 3570 3575
f 3570 939 3572
f 3575 3572 133
f 3574 3575 3573
f 941 3566 3578
f 3566 942 3574
f 3578 3574 940
f 3577 3578 3576
f 134 3576 3582
f 3576 940 3579
f 3582 3579 946
f 3581 3582 3580
f 940 3573 3585
f 3573 133 3583
f 3585 3583 943
f 3579 3585 3584
f 946 3584 3589
f 3584 943 3586
f 3589 3586 135
f 3588 3589 3587
f 945 3580 3592
f 3580 946 3588
f 3592 3588 944
f 3591 3592 3590
f 136 3590 3596
f 3590 944 3593
f 3596 3593 950
f 3595 3596 3594
f 944 3587 3599
f 3587 135 3597
f 3599 3597 947
f 3593 3599 3598
f 950 3598 3603
f 3598 947 3600
f 3603 3600 137
f 3602 3603 3601
f 949 3594 3606
f 3594 950 3602
f 3606 3602 948
f 3605 3606 3604
f 138 3604 3610
f 3604 948 3607
f 3610 3607 954
f 3609 3610 3608
f 948 3601 3613
f 3601 137 3611
f 3613 3611 951
f 3607 3613 3612
f 954 3612 3617
f 3612 951 3614
f 3617 3614 139
f 3616 3617 3615
f 953 3608 3620
f 3608 954 3616
f 3620 3616 952
f 3619 3620 3618
f 140 3618 3624
f 3618 952 3621
f 3624 3621 957
f 3623 3624 3622
f 952 3615 3627
f 3615 139 3625
f 3627 3625 955
f 3621 3627 3626
f 957 3626 3630
f 3626 955 3628
f 3630 3628 45
f 3629 3630 2658
f 956 3622 3632
f 3622 957 3629
f 3632 3629 692
f 3631 3632 2655
f 139 3614 3636
f 3614 951 3633
f 3636 3633 961
f 3635 3636 3634
f 951 3611 3639
f 3611 137 3637
f 3639 3637 958
f 3633 3639 3638
f 961 3638 3643
f 3638 958 3640
f 3643 3640 141
f 3642 3643 3641
f 960 3634 3646
f 3634 961 3642
f 3646 3642 959
f 3645 3646 3644
f 139 3635 3649
f 3635 960 3647
f 3649 3647 964
f 3625 3649 3648
f 960 3645 3652
f 3645 142 3650
f 3652 3650 962
f 3647 3652 3651
f 964 3651 3656
f 3651 962 3653
f 3656 3653 143
f 3655 3656 3654
f 955 3648 3658
f 3648 964 3655
f 3658 3655 963
f 3628 3658 3657
f 143 3653 3662
f 3653 962 3659
f 3662 3659 968
f 3661 3662 3660
f 962 3650 3665
f 3650 142 3663
f 3665 3663 965
f 3659 3665 3664
f 968 3664 3669
f 3664 965 3666
f 3669 3666 144
f 3668 3669 3667
f 967 3660 3672
f 3660 968 3668
f 3672 3668 966
f 3671 3672 3670
f 143 3661 3676
f 3661 967 3673
f 3676 3673 972
f 3675 3676 3674
f 967 3671 3679
f 3671 145 3677
f 3679 3677 969
f 3673 3679 3678
f 972 3678 3683
f 3678 969 3680
f 3683 3680 146
f 3682 3683 3681
f 971 3674 3686
f 3674 972 3682
f 3686 3682 970
f 3685 3686 3684
f 143 3675 3689
f 3675 971 3687
f 3689 3687 974
f 3654 3689 3688
f 971 3685 3692
f 3685 147 3690
f 3692 3690 973
f 3687 3692 3691
f 974 3691 3695
f 3691 973 3693
f 3695 3693 46
f 3694 3695 2662
f 963 3688 3696
f 3688 974 3694
f 3696 3694 693
f 3657 3696 2659
f 146 3680 3700
f 3680 969 3697
f 3700 3697 978
f 3699 3700 3698
f 969 3677 3703
f 3677 145 3701
f 3703 3701 975
f 3697 3703 3702
f 978 3702 3707
f 3702 975 3704
f 3707 3704 148
f 3706 3707 3705
f 977 3698 3710
f 3698 978 3706
f 3710 3706 976
f 3709 3710 3708
f 149 3708 3714
f 3708 976 3711
f 3714 3711 982
f 3713 3714 3712
f 976 3705 3717
f 3705 148 3715
f 3717 3715 979
f 3711 3717 3716
f 982 3716 3721
f 3716 979 3718
f 3721 3718 150
f 3720 3721 3719
f 981 3712 3724
f 3712 982 3720
f 3724 3720 980
f 3723 3724 3722
f 151 3722 3728
f 3722 980 3725
f 3728 3725 986
f 3727 3728 3726
f 980 3719 3731
f 3719 150 3729
f 3731 3729 983
f 3725 3731 3730
f 986 3730 3735
f 3730 983 3732
f 3735 3732 152
f 3734 3735 3733
f 985 3726 3738
f 3726 986 3734
f 3738 3734 984
f 3737 3738 3736
f 153 3736 3742
f 3736 984 3739
f 3742 3739 990
f 3741 3742 3740
f 984 3733 3745
f 3733 152 3743
f 3745 3743 987
f 3739 3745 3744
f 990 3744 3749
f 3744 987 3746
f 3749 3746 154
f 3748 3749 3747
f 989 3740 3752
f 3740 990 3748
f 3752 3748 988
f 3751 3752 3750
f 155 3750 3756
f 3750 988 3753
f 3756 3753 994
f 3755 3756 3754
f 988 3747 3759
f 3747 154 3757
f 3759 3757 991
f 3753 3759 3758
f 994 3758 3763
f 3758 991 3760
f 3763 3760 156
f 3762 3763 3761
f 993 3754 3766
f 3754 994 3762
f 3766 3762 992
f 3765 3766 3764
f 157 3764 3770
f 3764 992 3767
f 3770 3767 998
f 3769 3770 3768
f 992 3761 3773
f 3761 156 3771
f 3773 3771 995
f 3767 3773 3772
f 998 3772 3777
f 3772 995 3774
f 3777 3774 158
f 3776 3777 3775
f 997 3768 3780
f 3768 998 3776
f 3780 3776 996
f 3779 3780 3778
f 159 3778 3784
f 3778 996 3781
f 3784 3781 1002
f 3783 3784 3782
f 996 3775 3787
f 3775 158 3785
f 3787 3785 999
f 3781 3787 3786
f 1002 3786 3791
f 3786 999 3788
f 3791 3788 160
f 3790 3791 3789
f 1001 3782 3794
f 3782 1002 3790
f 3794 3790 1000
f 3793 3794 3792
f 161 3792 3798
f 3792 1000 3795
f 3798 3795 1006
f 3797 3798 3796
f 1000 3789 3801
f 3789 160 3799
f 3801 3799 1003
f 3795 3801 3800
f 1006 3800 3805
f 3800 1003 3802
f 3805 3802 162
f 3804 3805 3803
f 1005 3796 3808
f 3796 1006 3804
f 3808 3804 1004
f 3807 3808 3806
f 163 3806 3812
f 3806 1004 3809
f 3812 3809 1009
f 3811 3812 3810
f 1004 3803 3815
f 3803 162 3813
f 3815 3813 1007
f 3809 3815 3814
f 1009 3814 3818
f 3814 1007 3816
f 3818 3816 50
f 3817 3818 2690
f 1008 3810 3820
f 3810 1009 3817
f 3820 3817 702
f 3819 3820 2687
f 162 3821 3824
f 3821 1010 3822
f 3824 3822 1013
f 3813 3824 3823
f 1010 3825 3828
f 3825 164 3826
f 3828 3826 1011
f 3822 3828 3827
f 1013 3827 3832
f 3827 1011 3829
f 3832 3829 165
f 3831 3832 3830
f 1007 3823 3834
f 3823 1013 3831
f 3834 3831 1012
f 3816 3834 3833
f 162 3802 3837
f 3802 1003 3835
f 3837 3835 1016
f 3821 3837 3836
f 1003 3799 3840
f 3799 160 3838
f 3840 3838 1014
f 3835 3840 3839
f 1016 3839 3844
f 3839 1014 3841
f 3844 3841 166
f 3843 3844 3842
f 1010 3836 3846
f 3836 1016 3843
f 3846 3843 1015
f 3825 3846 3845
f 166 3847 3850
f 3847 1017 3848
f 3850 3848 1020
f 3842 3850 3849
f 1017 3851 3854
f 3851 167 3852
f 3854 3852 1018
f 3848 3854 3853
f 1020 3853 3858
f 3853 1018 3855
f 3858 3855 168
f 3857 3858 3856
f 1015 3849 3860
f 3849 1020 3857
f 3860 3857 1019
f 3845 3860 3859
f 166 3841 3864
f 3841 1014 3861
f 3864 3861 1023
f 3863 3864 3862
f 1014 3838 3866
f 3838 160 3788
f 3866 3788 999
f 3861 3866 3865
f 1023 3865 3869
f 3865 999 3785
f 3869 3785 158
f 3868 3869 3867
f 1022 3862 3872
f 3862 1023 3868
f 3872 3868 1021
f 3871 3872 3870
f 166 3863 3875
f 3863 1022 3873
f 3875 3873 1026
f 3847 3875 3874
f 1022 3871 3878
f 3871 169 3876
f 3878 3876 1024
f 3873 3878 3877
f 1026 3877 3882
f 3877 1024 3879
f 3882 3879 170
f 3881 3882 3880
f 1017 3874 3884
f 3874 1026 3881
f 3884 3881 1025
f 3851 3884 3883
f 170 3885 3888
f 3885 1027 3886
f 3888 3886 1030
f 3880 3888 3887
f 1027 3889 3892
f 3889 171 3890
f 3892 3890 1028
f 3886 3892 3891
f 1030 3891 3896
f 3891 1028 3893
f 3896 3893 172
f 3895 3896 3894
f 1025 3887 3898
f 3887 1030 3895
f 3898 3895 1029
f 3883 3898 3897
f 170 3879 3902
f 3879 1024 3899
f 3902 3899 1034
f 3901 3902 3900
f 1024 3876 3905
f 3876 169 3903
f 3905 3903 1031
f 3899 3905 3904
f 1034 3904 3909
f 3904 1031 3906
f 3909 3906 173
f 3908 3909 3907
f 1033 3900 3912
f 3900 1034 3908
f 3912 3908 1032
f 3911 3912 3910
f 170 3901 3915
f 3901 1033 3913
f 3915 3913 1037
f 3885 3915 3914
f 1033 3911 3918
f 3911 174 3916
f 3918 3916 1035
f 3913 3918 3917
f 1037 3917 3922
f 3917 1035 3919
f 3922 3919 175
f 3921 3922 3920
f 1027 3914 3924
f 3914 1037 3921
f 3924 3921 1036
f 3889 3924 3923
f 175 3925 3928
f 3925 1038 3926
f 3928 3926 1041
f 3920 3928 3927
f 1038 3929 3932
f 3929 176 3930
f 3932 3930 1039
f 3926 3932 3931
f 1041 3931 3936
f 3931 1039 3933
f 3936 3933 177
f 3935 3936 3934
f 1036 3927 3938
f 3927 1041 3935
f 3938 3935 1040
f 3923 3938 3937
f 175 3919 3942
f 3919 1035 3939
f 3942 3939 1045
f 3941 3942 3940
f 1035 3916 3945
f 3916 174 3943
f 3945 3943 1042
f 3939 3945 3944
f 1045 3944 3949
f 3944 1042 3946
f 3949 3946 178
f 3948 3949 3947
f 1044 3940 3952
f 3940 1045 3948
f 3952 3948 1043
f 3951 3952 3950
f 175 3941 3955
f 3941 1044 3953
f 3955 3953 1048
f 3925 3955 3954
f 1044 3951 3958
f 3951 179 3956
f 3958 3956 1046
f 3953 3958 3957
f 1048 3957 3962
f 3957 1046 3959
f 3962 3959 180
f 3961 3962 3960
f 1038 3954 3964
f 3954 1048 3961
f 3964 3961 1047
f 3929 3964 3963
f 180 3965 3968
f 3965 1049 3966
f 3968 3966 1052
f 3960 3968 3967
f 1049 3969 3972
f 3969 181 3970
f 3972 3970 1050
f 3966 3972 3971
f 1052 3971 3976
f 3971 1050 3973
f 3976 3973 182
f 3975 3976 3974
f 1047 3967 3978
f 3967 1052 3975
f 3978 3975 1051
f 3963 3978 3977
f 180 3959 3982
f 3959 1046 3979
f 3982 3979 1056
f 3981 3982 3980
f 1046 3956 3985
f 3956 179 3983
f 3985 3983 1053
f 3979 3985 3984
f 1056 3984 3989
f 3984 1053 3986
f 3989 3986 183
f 3988 3989 3987
f 1055 3980 3992
f 3980 1056 3988
f 3992 3988 1054
f 3991 3992 3990
f 180 3981 3995
f 3981 1055 3993
f 3995 3993 1059
f 3965 3995 3994
f 1055 3991 3998
f 3991 184 3996
f 3998 3996 1057
f 3993 3998 3997
f 1059 3997 4002
f 3997 1057 3999
f 4002 3999 185
f 4001 4002 4000
f 1049 3994 4004
f 3994 1059 4001
f 4004 4001 1058
f 3969 4004 4003
f 185 4005 4008
f 4005 1060 4006
f 4008 4006 1063
f 4000 4008 4007
f 1060 4009 4012
f 4009 186 4010
f 4012 4010 1061
f 4006 4012 4011
f 1063 4011 4016
f 4011 1061 4013
f 4016 4013 187
f 4015 4016 4014
f 1058 4007 4018
f 4007 1063 4015
f 4018 4015 1062
f 4003 4018 4017
f 185 3999 4022
f 3999 1057 4019
f 4022 4019 1067
f 4021 4022 4020
f 1057 3996 4025
f 3996 184 4023
f 4025 4023 1064
f 4019 4025 4024
f 1067 4024 4029
f 4024 1064 4026
f 4029 4026 188
f 4028 4029 4027
f 1066 4020 4032
f 4020 1067 4028
f 4032 4028 1065
f 4031 4032 4030
f 185 4021 4035
f 4021 1066 4033
f 4035 4033 1070
f 4005 4035 4034
f 1066 4031 4038
f 4031 189 4036
f 4038 4036 1068
f 4033 4038 4037
f 1070 4037 4042
f 4037 1068 4039
f 4042 4039 190
f 4041 4042 4040
f 1060 4034 4044
f 4034 1070 4041
f 4044 4041 1069
f 4009 4044 4043
f 190 4045 4048
f 4045 1071 4046
f 4048 4046 1074
f 4040 4048 4047
f 1071 4049 4052
f 4049 191 4050
f 4052 4050 1072
f 4046 4052 4051
f 1074 4051 4056
f 4051 1072 4053
f 4056 4053 192
f 4055 4056 4054
f 1069 4047 4058
f 4047 1074 4055
f 4058 4055 1073
f 4043 4058 4057
f 190 4039 4062
f 4039 1068 4059
f 4062 4059 1078
f 4061 4062 4060
f 1068 4036 4065
f 4036 189 4063
f 4065 4063 1075
f 4059 4065 4064
f 1078 4064 4069
f 4064 1075 4066
f 4069 4066 193
f 4068 4069 4067
f 1077 4060 4072
f 4060 1078 4068
f 4072 4068 1076
f 4071 4072 4070
f 190 4061 4075
f 4061 1077 4073
f 4075 4073 1080
f 4045 4075 4074
f 1077 4071 4077
f 4071 124 3484
f 4077 3484 916
f 4073 4077 4076
f 1080 4076 4080
f 4076 916 3481
f 4080 3481 122
f 4079 4080 4078
f 1071 4074 4082
f 4074 1080 4079
f 4082 4079 1079
f 4049 4082 4081
f 193 4066 4086
f 4066 1075 4083
f 4086 4083 1083
f 4085 4086 4084
f 1075 4063 4088
f 4063 189 4030
f 4088 4030 1065
f 4083 4088 4087
f 1083 4087 4091
f 4087 1065 4027
f 4091 4027 188
f 4090 4091 4089
f 1082 4084 4094
f 4084 1083 4090
f 4094 4090 1081
f 4093 4094 4092
f 193 4085 4098
f 4085 1082 4095
f 4098 4095 1087
f 4097 4098 4096
f 1082 4093 4101
f 4093 194 4099
f 4101 4099 1084
f 4095 4101 4100
f 1087 4100 4105
f 4100 1084 4102
f 4105 4102 195
f 4104 4105 4103
f 1086 4096 4108
f 4096 1087 4104
f 4108 4104 1085
f 4107 4108 4106
f 193 4097 4111
f 4097 1086 4109
f 4111 4109 1088
f 4067 4111 4110
f 1086 4107 4113
f 4107 127 3510
f 4113 3510 923
f 4109 4113 4112
f 1088 4112 4115
f 4112 923 3507
f 4115 3507 125
f 4114 4115 3488
f 1076 4110 4116
f 4110 1088 4114
f 4116 4114 917
f 4070 4116 3485
f 195 4102 4120
f 4102 1084 4117
f 4120 4117 1092
f 4119 4120 4118
f 1084 4099 4123
f 4099 194 4121
f 4123 4121 1089
f 4117 4123 4122
f 1092 4122 4127
f 4122 1089 4124
f 4127 4124 196
f 4126 4127 4125
f 1091 4118 4130
f 4118 1092 4126
f 4130 4126 1090
f 4129 4130 4128
f 195 4119 4134
f 4119 1091 4131
f 4134 4131 1096
f 4133 4134 4132
f 1091 4129 4137
f 4129 197 4135
f 4137 4135 1093
f 4131 4137 4136
f 1096 4136 4141
f 4136 1093 4138
f 4141 4138 198
f 4140 4141 4139
f 1095 4132 4144
f 4132 1096 4140
f 4144 4140 1094
f 4143 4144 4142
f 195 4133 4147
f 4133 1095 4145
f 4147 4145 1098
f 4103 4147 4146
f 1095 4143 4150
f 4143 199 4148
f 4150 4148 1097
f 4145 4150 4149
f 1098 4149 4153
f 4149 1097 4151
f 4153 4151 128
f 4152 4153 3514
f 1085 4146 4154
f 4146 1098 4152
f 4154 4152 924
f 4106 4154 3511
f 199 4142 4158
f 4142 1094 4155
f 4158 4155 1101
f 4157 4158 4156
f 1094 4139 4161
f 4139 198 4159
f 4161 4159 1099
f 4155 4161 4160
f 1101 4160 4164
f 4160 1099 4162
f 4164 4162 135
f 4163 4164 3586
f 1100 4156 4166
f 4156 1101 4163
f 4166 4163 943
f 4165 4166 3583
f 199 4157 4169
f 4157 1100 4167
f 4169 4167 1102
f 4148 4169 4168
f 1100 4165 4171
f 4165 133 3572
f 4171 3572 939
f 4167 4171 4170
f 1102 4170 4173
f 4170 939 3569
f 4173 3569 129
f 4172 4173 3524
f 1097 4168 4174
f 4168 1102 4172
f 4174 4172 927
f 4151 4174 3521
f 198 4138 4178
f 4138 1093 4175
f 4178 4175 1106
f 4177 4178 4176
f 1093 4135 4181
f 4135 197 4179
f 4181 4179 1103
f 4175 4181 4180
f 1106 4180 4185
f 4180 1103 4182
f 4185 4182 200
f 4184 4185 4183
f 1105 4176 4188
f 4176 1106 4184
f 4188 4184 1104
f 4187 4188 4186
f 198 4177 4191
f 4177 1105 4189
f 4191 4189 1107
f 4159 4191 4190
f 1105 4187 4193
f 4187 141 3640
f 4193 3640 958
f 4189 4193 4192
f 1107 4192 4195
f 4192 958 3637
f 4195 3637 137
f 4194 4195 3600
f 1099 4190 4196
f 4190 1107 4194
f 4196 4194 947
f 4162 4196 3597
f 200 4182 4200
f 4182 1103 4197
f 4200 4197 1110
f 4199 4200 4198
f 1103 4179 4202
f 4179 197 4128
f 4202 4128 1090
f 4197 4202 4201
f 1110 4201 4205
f 4201 1090 4125
f 4205 4125 196
f 4204 4205 4203
f 1109 4198 4208
f 4198 1110 4204
f 4208 4204 1108
f 4207 4208 4206
f 200 4199 4212
f 4199 1109 4209
f 4212 4209 1114
f 4211 4212 4210
f 1109 4207 4215
f 4207 201 4213
f 4215 4213 1111
f 4209 4215 4214
f 1114 4214 4219
f 4214 1111 4216
f 4219 4216 202
f 4218 4219 4217
f 1113 4210 4222
f 4210 1114 4218
f 4222 4218 1112
f 4221 4222 4220
f 200 4211 4225
f 4211 1113 4223
f 4225 4223 1115
f 4183 4225 4224
f 1113 4221 4227
f 4221 144 3666
f 4227 3666 965
f 4223 4227 4226
f 1115 4226 4229
f 4226 965 3663
f 4229 3663 142
f 4228 4229 3644
f 1104 4224 4230
f 4224 1115 4228
f 4230 4228 959
f 4186 4230 3641
f 202 4216 4234
f 4216 1111 4231
f 4234 4231 1119
f 4233 4234 4232
f 1111 4213 4237
f 4213 201 4235
f 4237 4235 1116
f 4231 4237 4236
f 1119 4236 4241
f 4236 1116 4238
f 4241 4238 203
f 4240 4241 4239
f 1118 4232 4244
f 4232 1119 4240
f 4244 4240 1117
f 4243 4244 4242
f 202 4233 4248
f 4233 1118 4245
f 4248 4245 1122
f 4247 4248 4246
f 1118 4243 4251
f 4243 204 4249
f 4251 4249 1120
f 4245 4251 4250
f 1122 4250 4254
f 4250 1120 4252
f 4254 4252 150
f 4253 4254 3718
f 1121 4246 4256
f 4246 1122 4253
f 4256 4253 979
f 4255 4256 3715
f 202 4247 4259
f 4247 1121 4257
f 4259 4257 1123
f 4217 4259 4258
f 1121 4255 4261
f 4255 148 3704
f 4261 3704 975
f 4257 4261 4260
f 1123 4260 4263
f 4260 975 3701
f 4263 3701 145
f 4262 4263 3670
f 1112 4258 4264
f 4258 1123 4262
f 4264 4262 966
f 4220 4264 3667
f 204 4242 4268
f 4242 1117 4265
f 4268 4265 1127
f 4267 4268 4266
f 1117 4239 4271
f 4239 203 4269
f 4271 4269 1124
f 4265 4271 4270
f 1127 4270 4275
f 4270 1124 4272
f 4275 4272 205
f 4274 4275 4273
f 1126 4266 4278
f 4266 1127 4274
f 4278 4274 1125
f 4277 4278 4276
f 204 4267 4281
f 4267 1126 4279
f 4281 4279 1129
f 4249 4281 4280
f 1126 4277 4284
f 4277 206 4282
f 4284 4282 1128
f 4279 4284 4283
f 1129 4283 4287
f 4283 1128 4285
f 4287 4285 152
f 4286 4287 3732
f 1120 4280 4288
f 4280 1129 4286
f 4288 4286 983
f 4252 4288 3729
f 206 4276 4292
f 4276 1125 4289
f 4292 4289 1133
f 4291 4292 4290
f 1125 4273 4295
f 4273 205 4293
f 4295 4293 1130
f 4289 4295 4294
f 1133 4294 4299
f 4294 1130 4296
f 4299 4296 178
f 4298 4299 4297
f 1132 4290 4302
f 4290 1133 4298
f 4302 4298 1131
f 4301 4302 4300
f 206 4291 4305
f 4291 1132 4303
f 4305 4303 1135
f 4282 4305 4304
f 1132 4301 4308
f 4301 207 4306
f 4308 4306 1134
f 4303 4308 4307
f 1135 4307 4311
f 4307 1134 4309
f 4311 4309 154
f 4310 4311 3746
f 1128 4304 4312
f 4304 1135 4310
f 4312 4310 987
f 4285 4312 3743
f 207 4300 4316
f 4300 1131 4313
f 4316 4313 1137
f 4315 4316 4314
f 1131 4297 4318
f 4297 178 3946
f 4318 3946 1042
f 4313 4318 4317
f 1137 4317 4320
f 4317 1042 3943
f 4320 3943 174
f 4319 4320 3910
f 1136 4314 4322
f 4314 1137 4319
f 4322 4319 1032
f 4321 4322 3907
f 207 4315 4325
f 4315 1136 4323
f 4325 4323 1139
f 4306 4325 4324
f 1136 4321 4328
f 4321 173 4326
f 4328 4326 1138
f 4323 4328 4327
f 1139 4327 4331
f 4327 1138 4329
f 4331 4329 156
f 4330 4331 3760
f 1134 4324 4332
f 4324 1139 4330
f 4332 4330 991
f 4309 4332 3757
f 205 4333 4336
f 4333 1140 4334
f 4336 4334 1141
f 4293 4336 4335
f 1140 4337 4339
f 4337 183 3986
f 4339 3986 1053
f 4334 4339 4338
f 1141 4338 4341
f 4338 1053 3983
f 4341 3983 179
f 4340 4341 3950
f 1130 4335 4342
f 4335 1141 4340
f 4342 4340 1043
f 4296 4342 3947
f 205 4272 4345
f 4272 1124 4343
f 4345 4343 1144
f 4333 4345 4344
f 1124 4269 4348
f 4269 203 4346
f 4348 4346 1142
f 4343 4348 4347
f 1144 4347 4352
f 4347 1142 4349
f 4352 4349 208
f 4351 4352 4350
f 1140 4344 4354
f 4344 1144 4351
f 4354 4351 1143
f 4337 4354 4353
f 208 4355 4358
f 4355 1145 4356
f 4358 4356 1146
f 4350 4358 4357
f 1145 4359 4361
f 4359 188 4026
f 4361 4026 1064
f 4356 4361 4360
f 1146 4360 4363
f 4360 1064 4023
f 4363 4023 184
f 4362 4363 3990
f 1143 4357 4364
f 4357 1146 4362
f 4364 4362 1054
f 4353 4364 3987
f 208 4349 4368
f 4349 1142 4365
f 4368 4365 1148
f 4367 4368 4366
f 1142 4346 4370
f 4346 203 4238
f 4370 4238 1116
f 4365 4370 4369
f 1148 4369 4372
f 4369 1116 4235
f 4372 4235 201
f 4371 4372 4206
f 1147 4366 4374
f 4366 1148 4371
f 4374 4371 1108
f 4373 4374 4203
f 208 4367 4377
f 4367 1147 4375
f 4377 4375 1149
f 4355 4377 4376
f 1147 4373 4379
f 4373 196 4124
f 4379 4124 1089
f 4375 4379 4378
f 1149 4378 4381
f 4378 1089 4121
f 4381 4121 194
f 4380 4381 4092
f 1145 4376 4382
f 4376 1149 4380
f 4382 4380 1081
f 4359 4382 4089
f 192 4383 4387
f 4383 1150 4384
f 4387 4384 1154
f 4386 4387 4385
f 1150 4388 4391
f 4388 209 4389
f 4391 4389 1151
f 4384 4391 4390
f 1154 4390 4395
f 4390 1151 4392
f 4395 4392 210
f 4394 4395 4393
f 1153 4385 4398
f 4385 1154 4394
f 4398 4394 1152
f 4397 4398 4396
f 192 4386 4401
f 4386 1153 4399
f 4401 4399 1156
f 4054 4401 4400
f 1153 4397 4404
f 4397 211 4402
f 4404 4402 1155
f 4399 4404 4403
f 1156 4403 4407
f 4403 1155 4405
f 4407 4405 187
f 4406 4407 4013
f 1073 4400 4408
f 4400 1156 4406
f 4408 4406 1061
f 4057 4408 4010
f 192 4053 4411
f 4053 1072 4409
f 4411 4409 1159
f 4383 4411 4410
f 1072 4050 4414
f 4050 191 4412
f 4414 4412 1157
f 4409 4414 4413
f 1159 4413 4418
f 4413 1157 4415
f 4418 4415 212
f 4417 4418 4416
f 1150 4410 4420
f 4410 1159 4417
f 4420 4417 1158
f 4388 4420 4419
f 212 4421 4424
f 4421 1160 4422
f 4424 4422 1163
f 4416 4424 4423
f 1160 4425 4428
f 4425 213 4426
f 4428 4426 1161
f 4422 4428 4427
f 1163 4427 4432
f 4427 1161 4429
f 4432 4429 214
f 4431 4432 4430
f 1158 4423 4434
f 4423 1163 4431
f 4434 4431 1162
f 4419 4434 4433
f 212 4415 4438
f 4415 1157 4435
f 4438 4435 1165
f 4437 4438 4436
f 1157 4412 4440
f 4412 191 4081
f 4440 4081 1079
f 4435 4440 4439
f 1165 4439 4442
f 4439 1079 4078
f 4442 4078 122
f 4441 4442 3460
f 1164 4436 4444
f 4436 1165 4441
f 4444 4441 910
f 4443 4444 3457
f 212 4437 4447
f 4437 1164 4445
f 4447 4445 1167
f 4421 4447 4446
f 1164 4443 4449
f 4443 120 3436
f 4449 3436 904
f 4445 4449 4448
f 1167 4448 4452
f 4448 904 3433
f 4452 3433 118
f 4451 4452 4450
f 1160 4446 4454
f 4446 1167 4451
f 4454 4451 1166
f 4425 4454 4453
f 214 4455 4459
f 4455 1168 4456
f 4459 4456 1172
f 4458 4459 4457
f 1168 4460 4463
f 4460 215 4461
f 4463 4461 1169
f 4456 4463 4462
f 1172 4462 4467
f 4462 1169 4464
f 4467 4464 216
f 4466 4467 4465
f 1171 4457 4470
f 4457 1172 4466
f 4470 4466 1170
f 4469 4470 4468
f 214 4458 4473
f 4458 1171 4471
f 4473 4471 1174
f 4430 4473 4472
f 1171 4469 4476
f 4469 217 4474
f 4476 4474 1173
f 4471 4476 4475
f 1174 4475 4479
f 4475 1173 4477
f 4479 4477 210
f 4478 4479 4392
f 1162 4472 4480
f 4472 1174 4478
f 4480 4478 1151
f 4433 4480 4389
f 214 4429 4483
f 4429 1161 4481
f 4483 4481 1177
f 4455 4483 4482
f 1161 4426 4486
f 4426 213 4484
f 4486 4484 1175
f 4481 4486 4485
f 1177 4485 4490
f 4485 1175 4487
f 4490 4487 218
f 4489 4490 4488
f 1168 4482 4492
f 4482 1177 4489
f 4492 4489 1176
f 4460 4492 4491
f 218 4493 4496
f 4493 1178 4494
f 4496 4494 1181
f 4488 4496 4495
f 1178 4497 4500
f 4497 219 4498
f 4500 4498 1179
f 4494 4500 4499
f 1181 4499 4504
f 4499 1179 4501
f 4504 4501 220
f 4503 4504 4502
f 1176 4495 4506
f 4495 1181 4503
f 4506 4503 1180
f 4491 4506 4505
f 218 4487 4510
f 4487 1175 4507
f 4510 4507 1183
f 4509 4510 4508
f 1175 4484 4512
f 4484 213 4453
f 4512 4453 1166
f 4507 4512 4511
f 1183 4511 4514
f 4511 1166 4450
f 4514 4450 118
f 4513 4514 3412
f 1182 4508 4516
f 4508 1183 4513
f 4516 4513 898
f 4515 4516 3409
f 218 4509 4519
f 4509 1182 4517
f 4519 4517 1185
f 4493 4519 4518
f 1182 4515 4521
f 4515 117 3402
f 4521 3402 895
f 4517 4521 4520
f 1185 4520 4524
f 4520 895 3399
f 4524 3399 116
f 4523 4524 4522
f 1178 4518 4526
f 4518 1185 4523
f 4526 4523 1184
f 4497 4526 4525
f 220 4527 4531
f 4527 1186 4528
f 4531 4528 1190
f 4530 4531 4529
f 1186 4532 4535
f 4532 90 4533
f 4535 4533 1187
f 4528 4535 4534
f 1190 4534 4539
f 4534 1187 4536
f 4539 4536 88
f 4538 4539 4537
f 1189 4529 4542
f 4529 1190 4538
f 4542 4538 1188
f 4541 4542 4540
f 220 4530 4545
f 4530 1189 4543
f 4545 4543 1192
f 4502 4545 4544
f 1189 4541 4548
f 4541 221 4546
f 4548 4546 1191
f 4543 4548 4547
f 1192 4547 4551
f 4547 1191 4549
f 4551 4549 216
f 4550 4551 4464
f 1180 4544 4552
f 4544 1192 4550
f 4552 4550 1169
f 4505 4552 4461
f 220 4501 4555
f 4501 1179 4553
f 4555 4553 1195
f 4527 4555 4554
f 1179 4498 4558
f 4498 219 4556
f 4558 4556 1193
f 4553 4558 4557
f 1195 4557 4562
f 4557 1193 4559
f 4562 4559 92
f 4561 4562 4560
f 1186 4554 4564
f 4554 1195 4561
f 4564 4561 1194
f 4532 4564 4563
f 221 4540 4568
f 4540 1188 4565
f 4568 4565 1198
f 4567 4568 4566
f 1188 4537 4571
f 4537 88 4569
f 4571 4569 1196
f 4565 4571 4570
f 1198 4570 4574
f 4570 1196 4572
f 4574 4572 86
f 4573 4574 3058
f 1197 4566 4576
f 4566 1198 4573
f 4576 4573 801
f 4575 4576 3055
f 221 4567 4579
f 4567 1197 4577
f 4579 4577 1201
f 4546 4579 4578
f 1197 4575 4582
f 4575 85 4580
f 4582 4580 1199
f 4577 4582 4581
f 1201 4581 4586
f 4581 1199 4583
f 4586 4583 222
f 4585 4586 4584
f 1191 4578 4588
f 4578 1201 4585
f 4588 4585 1200
f 4549 4588 4587
f 222 4583 4592
f 4583 1199 4589
f 4592 4589 1203
f 4591 4592 4590
f 1199 4580 4594
f 4580 85 3054
f 4594 3054 800
f 4589 4594 4593
f 1203 4593 4596
f 4593 800 3051
f 4596 3051 82
f 4595 4596 3018
f 1202 4590 4598
f 4590 1203 4595
f 4598 4595 790
f 4597 4598 3015
f 222 4591 4602
f 4591 1202 4599
f 4602 4599 1207
f 4601 4602 4600
f 1202 4597 4605
f 4597 81 4603
f 4605 4603 1204
f 4599 4605 4604
f 1207 4604 4609
f 4604 1204 4606
f 4609 4606 223
f 4608 4609 4607
f 1206 4600 4612
f 4600 1207 4608
f 4612 4608 1205
f 4611 4612 4610
f 222 4601 4615
f 4601 1206 4613
f 4615 4613 1209
f 4584 4615 4614
f 1206 4611 4618
f 4611 224 4616
f 4618 4616 1208
f 4613 4618 4617
f 1209 4617 4621
f 4617 1208 4619
f 4621 4619 217
f 4620 4621 4468
f 1200 4614 4622
f 4614 1209 4620
f 4622 4620 1170
f 4587 4622 4465
f 224 4610 4626
f 4610 1205 4623
f 4626 4623 1213
f 4625 4626 4624
f 1205 4607 4629
f 4607 223 4627
f 4629 4627 1210
f 4623 4629 4628
f 1213 4628 4633
f 4628 1210 4630
f 4633 4630 225
f 4632 4633 4631
f 1212 4624 4636
f 4624 1213 4632
f 4636 4632 1211
f 4635 4636 4634
f 224 4625 4639
f 4625 1212 4637
f 4639 4637 1215
f 4616 4639 4638
f 1212 4635 4642
f 4635 226 4640
f 4642 4640 1214
f 4637 4642 4641
f 1215 4641 4645
f 4641 1214 4643
f 4645 4643 210
f 4644 4645 4477
f 1208 4638 4646
f 4638 1215 4644
f 4646 4644 1173
f 4619 4646 4474
f 226 4634 4650
f 4634 1211 4647
f 4650 4647 1219
f 4649 4650 4648
f 1211 4631 4653
f 4631 225 4651
f 4653 4651 1216
f 4647 4653 4652
f 1219 4652 4657
f 4652 1216 4654
f 4657 4654 227
f 4656 4657 4655
f 1218 4648 4660
f 4648 1219 4656
f 4660 4656 1217
f 4659 4660 4658
f 226 4649 4663
f 4649 1218 4661
f 4663 4661 1221
f 4640 4663 4662
f 1218 4659 4666
f 4659 228 4664
f 4666 4664 1220
f 4661 4666 4665
f 1221 4665 4669
f 4665 1220 4667
f 4669 4667 211
f 4668 4669 4396
f 1214 4662 4670
f 4662 1221 4668
f 4670 4668 1152
f 4643 4670 4393
f 228 4658 4674
f 4658 1217 4671
f 4674 4671 1225
f 4673 4674 4672
f 1217 4655 4677
f 4655 227 4675
f 4677 4675 1222
f 4671 4677 4676
f 1225 4676 4681
f 4676 1222 4678
f 4681 4678 229
f 4680 4681 4679
f 1224 4672 4684
f 4672 1225 4680
f 4684 4680 1223
f 4683 4684 4682
f 228 4673 4687
f 4673 1224 4685
f 4687 4685 1227
f 4664 4687 4686
f 1224 4683 4690
f 4683 230 4688
f 4690 4688 1226
f 4685 4690 4689
f 1227 4689 4693
f 4689 1226 4691
f 4693 4691 187
f 4692 4693 4405
f 1220 4686 4694
f 4686 1227 4692
f 4694 4692 1155
f 4667 4694 4402
f 230 4682 4698
f 4682 1223 4695
f 4698 4695 1231
f 4697 4698 4696
f 1223 4679 4701
f 4679 229 4699
f 4701 4699 1228
f 4695 4701 4700
f 1231 4700 4705
f 4700 1228 4702
f 4705 4702 231
f 4704 4705 4703
f 1230 4696 4708
f 4696 1231 4704
f 4708 4704 1229
f 4707 4708 4706
f 230 4697 4711
f 4697 1230 4709
f 4711 4709 1232
f 4688 4711 4710
f 1230 4707 4713
f 4707 182 3973
f 4713 3973 1050
f 4709 4713 4712
f 1232 4712 4715
f 4712 1050 3970
f 4715 3970 181
f 4714 4715 4017
f 1226 4710 4716
f 4710 1232 4714
f 4716 4714 1062
f 4691 4716 4014
f 231 4702 4720
f 4702 1228 4717
f 4720 4717 1236
f 4719 4720 4718
f 1228 4699 4723
f 4699 229 4721
f 4723 4721 1233
f 4717 4723 4722
f 1236 4722 4727
f 4722 1233 4724
f 4727 4724 232
f 4726 4727 4725
f 1235 4718 4730
f 4718 1236 4726
f 4730 4726 1234
f 4729 4730 4728
f 231 4719 4734
f 4719 1235 4731
f 4734 4731 1240
f 4733 4734 4732
f 1235 4729 4737
f 4729 233 4735
f 4737 4735 1237
f 4731 4737 4736
f 1240 4736 4741
f 4736 1237 4738
f 4741 4738 234
f 4740 4741 4739
f 1239 4732 4744
f 4732 1240 4740
f 4744 4740 1238
f 4743 4744 4742
f 231 4733 4747
f 4733 1239 4745
f 4747 4745 1241
f 4703 4747 4746
f 1239 4743 4749
f 4743 177 3933
f 4749 3933 1039
f 4745 4749 4748
f 1241 4748 4751
f 4748 1039 3930
f 4751 3930 176
f 4750 4751 3977
f 1229 4746 4752
f 4746 1241 4750
f 4752 4750 1051
f 4706 4752 3974
f 234 4738 4756
f 4738 1237 4753
f 4756 4753 1245
f 4755 4756 4754
f 1237 4735 4759
f 4735 233 4757
f 4759 4757 1242
f 4753 4759 4758
f 1245 4758 4763
f 4758 1242 4760
f 4763 4760 235
f 4762 4763 4761
f 1244 4754 4766
f 4754 1245 4762
f 4766 4762 1243
f 4765 4766 4764
f 234 4755 4770
f 4755 1244 4767
f 4770 4767 1249
f 4769 4770 4768
f 1244 4765 4773
f 4765 236 4771
f 4773 4771 1246
f 4767 4773 4772
f 1249 4772 4777
f 4772 1246 4774
f 4777 4774 237
f 4776 4777 4775
f 1248 4768 4780
f 4768 1249 4776
f 4780 4776 1247
f 4779 4780 4778
f 234 4769 4783
f 4769 1248 4781
f 4783 4781 1250
f 4739 4783 4782
f 1248 4779 4785
f 4779 172 3893
f 4785 3893 1028
f 4781 4785 4784
f 1250 4784 4787
f 4784 1028 3890
f 4787 3890 171
f 4786 4787 3937
f 1238 4782 4788
f 4782 1250 4786
f 4788 4786 1040
f 4742 4788 3934
f 237 4774 4792
f 4774 1246 4789
f 4792 4789 1254
f 4791 4792 4790
f 1246 4771 4795
f 4771 236 4793
f 4795 4793 1251
f 4789 4795 4794
f 1254 4794 4799
f 4794 1251 4796
f 4799 4796 238
f 4798 4799 4797
f 1253 4790 4802
f 4790 1254 4798
f 4802 4798 1252
f 4801 4802 4800
f 237 4791 4806
f 4791 1253 4803
f 4806 4803 1258
f 4805 4806 4804
f 1253 4801 4809
f 4801 239 4807
f 4809 4807 1255
f 4803 4809 4808
f 1258 4808 4813
f 4808 1255 4810
f 4813 4810 240
f 4812 4813 4811
f 1257 4804 4816
f 4804 1258 4812
f 4816 4812 1256
f 4815 4816 4814
f 237 4805 4819
f 4805 1257 4817
f 4819 4817 1259
f 4775 4819 4818
f 1257 4815 4821
f 4815 168 3855
f 4821 3855 1018
f 4817 4821 4820
f 1259 4820 4823
f 4820 1018 3852
f 4823 3852 167
f 4822 4823 3897
f 1247 4818 4824
f 4818 1259 4822
f 4824 4822 1029
f 4778 4824 3894
f 240 4810 4828
f 4810 1255 4825
f 4828 4825 1263
f 4827 4828 4826
f 1255 4807 4831
f 4807 239 4829
f 4831 4829 1260
f 4825 4831 4830
f 1263 4830 4835
f 4830 1260 4832
f 4835 4832 241
f 4834 4835 4833
f 1262 4826 4838
f 4826 1263 4834
f 4838 4834 1261
f 4837 4838 4836
f 240 4827 4842
f 4827 1262 4839
f 4842 4839 1267
f 4841 4842 4840
f 1262 4837 4845
f 4837 242 4843
f 4845 4843 1264
f 4839 4845 4844
f 1267 4844 4849
f 4844 1264 4846
f 4849 4846 243
f 4848 4849 4847
f 1266 4840 4852
f 4840 1267 4848
f 4852 4848 1265
f 4851 4852 4850
f 240 4841 4855
f 4841 1266 4853
f 4855 4853 1268
f 4811 4855 4854
f 1266 4851 4857
f 4851 165 3829
f 4857 3829 1011
f 4853 4857 4856
f 1268 4856 4859
f 4856 1011 3826
f 4859 3826 164
f 4858 4859 3859
f 1256 4854 4860
f 4854 1268 4858
f 4860 4858 1019
f 4814 4860 3856
f 243 4861 4864
f 4861 1269 4862
f 4864 4862 1270
f 4847 4864 4863
f 1269 4865 4867
f 4865 51 2694
f 4867 2694 703
f 4862 4867 4866
f 1270 4866 4869
f 4866 703 2691
f 4869 2691 50
f 4868 4869 3833
f 1265 4863 4870
f 4863 1270 4868
f 4870 4868 1012
f 4850 4870 3830
f 241 4832 4874
f 4832 1260 4871
f 4874 4871 1273
f 4873 4874 4872
f 1260 4829 4876
f 4829 239 4800
f 4876 4800 1252
f 4871 4876 4875
f 1273 4875 4879
f 4875 1252 4797
f 4879 4797 238
f 4878 4879 4877
f 1272 4872 4882
f 4872 1273 4878
f 4882 4878 1271
f 4881 4882 4880
f 244 4880 4886
f 4880 1271 4883
f 4886 4883 1277
f 4885 4886 4884
f 1271 4877 4889
f 4877 238 4887
f 4889 4887 1274
f 4883 4889 4888
f 1277 4888 4893
f 4888 1274 4890
f 4893 4890 245
f 4892 4893 4891
f 1276 4884 4896
f 4884 1277 4892
f 4896 4892 1275
f 4895 4896 4894
f 246 4894 4900
f 4894 1275 4897
f 4900 4897 1281
f 4899 4900 4898
f 1275 4891 4903
f 4891 245 4901
f 4903 4901 1278
f 4897 4903 4902
f 1281 4902 4907
f 4902 1278 4904
f 4907 4904 247
f 4906 4907 4905
f 1280 4898 4910
f 4898 1281 4906
f 4910 4906 1279
f 4909 4910 4908
f 248 4908 4914
f 4908 1279 4911
f 4914 4911 1284
f 4913 4914 4912
f 1279 4905 4917
f 4905 247 4915
f 4917 4915 1282
f 4911 4917 4916
f 1284 4916 4920
f 4916 1282 4918
f 4920 4918 21
f 4919 4920 2759
f 1283 4912 4922
f 4912 1284 4919
f 4922 4919 722
f 4921 4922 2756
f 247 4904 4926
f 4904 1278 4923
f 4926 4923 1288
f 4925 4926 4924
f 1278 4901 4929
f 4901 245 4927
f 4929 4927 1285
f 4923 4929 4928
f 1288 4928 4933
f 4928 1285 4930
f 4933 4930 235
f 4932 4933 4931
f 1287 4924 4936
f 4924 1288 4932
f 4936 4932 1286
f 4935 4936 4934
f 247 4925 4939
f 4925 1287 4937
f 4939 4937 1290
f 4915 4939 4938
f 1287 4935 4942
f 4935 249 4940
f 4942 4940 1289
f 4937 4942 4941
f 1290 4941 4945
f 4941 1289 4943
f 4945 4943 18
f 4944 4945 2501
f 1282 4938 4946
f 4938 1290 4944
f 4946 4944 649
f 4918 4946 2498
f 249 4934 4950
f 4934 1286 4947
f 4950 4947 1292
f 4949 4950 4948
f 1286 4931 4952
f 4931 235 4760
f 4952 4760 1242
f 4947 4952 4951
f 1292 4951 4954
f 4951 1242 4757
f 4954 4757 233
f 4953 4954 4728
f 1291 4948 4956
f 4948 1292 4953
f 4956 4953 1234
f 4955 4956 4725
f 249 4949 4959
f 4949 1291 4957
f 4959 4957 1294
f 4940 4959 4958
f 1291 4955 4962
f 4955 232 4960
f 4962 4960 1293
f 4957 4962 4961
f 1294 4961 4965
f 4961 1293 4963
f 4965 4963 19
f 4964 4965 2484
f 1289 4958 4966
f 4958 1294 4964
f 4966 4964 644
f 4943 4966 2481
f 245 4890 4969
f 4890 1274 4967
f 4969 4967 1295
f 4927 4969 4968
f 1274 4887 4971
f 4887 238 4796
f 4971 4796 1251
f 4967 4971 4970
f 1295 4970 4973
f 4970 1251 4793
f 4973 4793 236
f 4972 4973 4764
f 1285 4968 4974
f 4968 1295 4972
f 4974 4972 1243
f 4930 4974 4761
f 232 4724 4977
f 4724 1233 4975
f 4977 4975 1297
f 4960 4977 4976
f 1233 4721 4979
f 4721 229 4678
f 4979 4678 1222
f 4975 4979 4978
f 1297 4978 4982
f 4978 1222 4675
f 4982 4675 227
f 4981 4982 4980
f 1293 4976 4984
f 4976 1297 4981
f 4984 4981 1296
f 4963 4984 4983
f 227 4654 4987
f 4654 1216 4985
f 4987 4985 1299
f 4980 4987 4986
f 1216 4651 4990
f 4651 225 4988
f 4990 4988 1298
f 4985 4990 4989
f 1299 4989 4993
f 4989 1298 4991
f 4993 4991 20
f 4992 4993 2488
f 1296 4986 4994
f 4986 1299 4992
f 4994 4992 645
f 4983 4994 2485
f 225 4630 4997
f 4630 1210 4995
f 4997 4995 1301
f 4988 4997 4996
f 1210 4627 5000
f 4627 223 4998
f 5000 4998 1300
f 4995 5000 4999
f 1301 4999 5003
f 4999 1300 5001
f 5003 5001 23
f 5002 5003 2523
f 1298 4996 5004
f 4996 1301 5002
f 5004 5002 655
f 4991 5004 2520
f 223 4606 5007
f 4606 1204 5005
f 5007 5005 1302
f 4998 5007 5006
f 1204 4603 5009
f 4603 81 3014
f 5009 3014 789
f 5005 5009 5008
f 1302 5008 5011
f 5008 789 3011
f 5011 3011 32
f 5010 5011 2603
f 1300 5006 5012
f 5006 1302 5010
f 5012 5010 677
f 5001 5012 2600
f 219 4525 5015
f 4525 1184 5013
f 5015 5013 1305
f 4556 5015 5014
f 1184 4522 5018
f 4522 116 5016
f 5018 5016 1303
f 5013 5018 5017
f 1305 5017 5022
f 5017 1303 5019
f 5022 5019 94
f 5021 5022 5020
f 1193 5014 5024
f 5014 1305 5021
f 5024 5021 1304
f 4559 5024 5023
f 173 3906 5027
f 3906 1031 5025
f 5027 5025 1306
f 4326 5027 5026
f 1031 3903 5029
f 3903 169 3870
f 5029 3870 1021
f 5025 5029 5028
f 1306 5028 5031
f 5028 1021 3867
f 5031 3867 158
f 5030 5031 3774
f 1138 5026 5032
f 5026 1306 5030
f 5032 5030 995
f 4329 5032 3771
f 116 3398 5035
f 3398 894 5033
f 5035 5033 1308
f 5016 5035 5034
f 894 3395 5037
f 3395 114 3376
f 5037 3376 888
f 5033 5037 5036
f 1308 5036 5040
f 5036 888 3373
f 5040 3373 96
f 5039 5040 5038
f 1303 5034 5042
f 5034 1308 5039
f 5042 5039 1307
f 5019 5042 5041
f 74 2904 5045
f 2904 760 5043
f 5045 5043 1310
f 2937 5045 5044
f 760 2901 5048
f 2901 73 5046
f 5048 5046 1309
f 5043 5048 5047
f 1310 5047 5051
f 5047 1309 5049
f 5051 5049 28
f 5050 5051 2595
f 770 5044 5052
f 5044 1310 5050
f 5052 5050 675
f 2940 5052 2592
f 73 2900 5056
f 2900 759 5053
f 5056 5053 1313
f 5055 5056 5054
f 759 2897 5058
f 2897 69 2864
f 5058 2864 749
f 5053 5058 5057
f 1313 5057 5061
f 5057 749 2861
f 5061 2861 68
f 5060 5061 5059
f 1312 5054 5064
f 5054 1313 5060
f 5064 5060 1311
f 5063 5064 5062
f 73 5055 5067
f 5055 1312 5065
f 5067 5065 1315
f 5046 5067 5066
f 1312 5063 5070
f 5063 250 5068
f 5070 5068 1314
f 5065 5070 5069
f 1315 5069 5073
f 5069 1314 5071
f 5073 5071 29
f 5072 5073 2577
f 1309 5066 5074
f 5066 1315 5072
f 5074 5072 670
f 5049 5074 2574
f 250 5062 5078
f 5062 1311 5075
f 5078 5075 1319
f 5077 5078 5076
f 1311 5059 5081
f 5059 68 5079
f 5081 5079 1316
f 5075 5081 5080
f 1319 5080 5085
f 5080 1316 5082
f 5085 5082 251
f 5084 5085 5083
f 1318 5076 5088
f 5076 1319 5084
f 5088 5084 1317
f 5087 5088 5086
f 250 5077 5091
f 5077 1318 5089
f 5091 5089 1321
f 5068 5091 5090
f 1318 5087 5094
f 5087 252 5092
f 5094 5092 1320
f 5089 5094 5093
f 1321 5093 5097
f 5093 1320 5095
f 5097 5095 43
f 5096 5097 2632
f 1314 5090 5098
f 5090 1321 5096
f 5098 5096 684
f 5071 5098 2629
f 251 5082 5102
f 5082 1316 5099
f 5102 5099 1323
f 5101 5102 5100
f 1316 5079 5104
f 5079 68 2860
f 5104 2860 748
f 5099 5104 5103
f 1323 5103 5106
f 5103 748 2857
f 5106 2857 64
f 5105 5106 2824
f 1322 5100 5108
f 5100 1323 5105
f 5108 5105 738
f 5107 5108 2821
f 67 3306 5111
f 3306 871 5109
f 5111 5109 1324
f 2848 5111 5110
f 871 3303 5113
f 3303 6 2398
f 5113 2398 619
f 5109 5113 5112
f 1324 5112 5115
f 5112 619 2395
f 5115 2395 5
f 5114 5115 2809
f 746 5110 5116
f 5110 1324 5114
f 5116 5114 735
f 2851 5116 2806
f 48 2678 5120
f 2678 698 5117
f 5120 5117 1326
f 5119 5120 5118
f 698 2675 5122
f 2675 16 2468
f 5122 2468 639
f 5117 5122 5121
f 1326 5121 5124
f 5121 639 2465
f 5124 2465 15
f 5123 5124 2618
f 1325 5118 5126
f 5118 1326 5123
f 5126 5123 681
f 5125 5126 2615
f 253 5127 5131
f 5127 1327 5128
f 5131 5128 1331
f 5130 5131 5129
f 1327 5132 5135
f 5132 259 5133
f 5135 5133 1328
f 5128 5135 5134
f 1331 5134 5139
f 5134 1328 5136
f 5139 5136 258
f 5138 5139 5137
f 1330 5129 5142
f 5129 1331 5138
f 5142 5138 1329
f 5141 5142 5140
f 253 5130 5146
f 5130 1330 5143
f 5146 5143 1335
f 5145 5146 5144
f 1330 5141 5149
f 5141 257 5147
f 5149 5147 1332
f 5143 5149 5148
f 1335 5148 5153
f 5148 1332 5150
f 5153 5150 261
f 5152 5153 5151
f 1334 5144 5156
f 5144 1335 5152
f 5156 5152 1333
f 5155 5156 5154
f 253 5157 5160
f 5157 1336 5158
f 5160 5158 1339
f 5127 5160 5159
f 1336 5161 5164
f 5161 263 5162
f 5164 5162 1337
f 5158 5164 5163
f 1339 5163 5168
f 5163 1337 5165
f 5168 5165 262
f 5167 5168 5166
f 1327 5159 5170
f 5159 1339 5167
f 5170 5167 1338
f 5132 5170 5169
f 253 5145 5174
f 5145 1334 5171
f 5174 5171 1343
f 5173 5174 5172
f 1334 5155 5177
f 5155 260 5175
f 5177 5175 1340
f 5171 5177 5176
f 1343 5176 5181
f 5176 1340 5178
f 5181 5178 265
f 5180 5181 5179
f 1342 5172 5184
f 5172 1343 5180
f 5184 5180 1341
f 5183 5184 5182
f 253 5173 5187
f 5173 1342 5185
f 5187 5185 1346
f 5157 5187 5186
f 1342 5183 5190
f 5183 264 5188
f 5190 5188 1344
f 5185 5190 5189
f 1346 5189 5194
f 5189 1344 5191
f 5194 5191 266
f 5193 5194 5192
f 1336 5186 5196
f 5186 1346 5193
f 5196 5193 1345
f 5161 5196 5195
f 254 5197 5201
f 5197 1347 5198
f 5201 5198 1351
f 5200 5201 5199
f 1347 5202 5205
f 5202 269 5203
f 5205 5203 1348
f 5198 5205 5204
f 1351 5204 5209
f 5204 1348 5206
f 5209 5206 268
f 5208 5209 5207
f 1350 5199 5212
f 5199 1351 5208
f 5212 5208 1349
f 5211 5212 5210
f 254 5213 5217
f 5213 1352 5214
f 5217 5214 1356
f 5216 5217 5215
f 1352 5218 5221
f 5218 272 5219
f 5221 5219 1353
f 5214 5221 5220
f 1356 5220 5225
f 5220 1353 5222
f 5225 5222 271
f 5224 5225 5223
f 1355 5215 5228
f 5215 1356 5224
f 5228 5224 1354
f 5227 5228 5226
f 254 5216 5231
f 5216 1355 5229
f 5231 5229 1359
f 5197 5231 5230
f 1355 5227 5234
f 5227 270 5232
f 5234 5232 1357
f 5229 5234 5233
f 1359 5233 5238
f 5233 1357 5235
f 5238 5235 273
f 5237 5238 5236
f 1347 5230 5240
f 5230 1359 5237
f 5240 5237 1358
f 5202 5240 5239
f 254 5200 5244
f 5200 1350 5241
f 5244 5241 1363
f 5243 5244 5242
f 1350 5211 5247
f 5211 267 5245
f 5247 5245 1360
f 5241 5247 5246
f 1363 5246 5251
f 5246 1360 5248
f 5251 5248 274
f 5250 5251 5249
f 1362 5242 5254
f 5242 1363 5250
f 5254 5250 1361
f 5253 5254 5252
f 254 5243 5257
f 5243 1362 5255
f 5257 5255 1366
f 5213 5257 5256
f 1362 5253 5260
f 5253 256 5258
f 5260 5258 1364
f 5255 5260 5259
f 1366 5259 5264
f 5259 1364 5261
f 5264 5261 275
f 5263 5264 5262
f 1352 5256 5266
f 5256 1366 5263
f 5266 5263 1365
f 5218 5266 5265
f 255 5267 5271
f 5267 1367 5268
f 5271 5268 1370
f 5270 5271 5269
f 1367 5272 5275
f 5272 276 5273
f 5275 5273 1368
f 5268 5275 5274
f 1370 5274 5278
f 5274 1368 5276
f 5278 5276 25
f 5277 5278 2538
f 1369 5269 5280
f 5269 1370 5277
f 5280 5277 659
f 5279 5280 2535
f 255 5281 5284
f 5281 1371 5282
f 5284 5282 1373
f 5267 5284 5283
f 1371 5285 5287
f 5285 264 5182
f 5287 5182 1341
f 5282 5287 5286
f 1373 5286 5290
f 5286 1341 5179
f 5290 5179 265
f 5289 5290 5288
f 1367 5283 5292
f 5283 1373 5289
f 5292 5289 1372
f 5272 5292 5291
f 255 5293 5296
f 5293 1374 5294
f 5296 5294 1376
f 5281 5296 5295
f 1374 5297 5300
f 5297 277 5298
f 5300 5298 1375
f 5294 5300 5299
f 1376 5299 5303
f 5299 1375 5301
f 5303 5301 266
f 5302 5303 5191
f 1371 5295 5304
f 5295 1376 5302
f 5304 5302 1344
f 5285 5304 5188
f 256 5252 5308
f 5252 1361 5305
f 5308 5305 1380
f 5307 5308 5306
f 1361 5249 5311
f 5249 274 5309
f 5311 5309 1377
f 5305 5311 5310
f 1380 5310 5315
f 5310 1377 5312
f 5315 5312 279
f 5314 5315 5313
f 1379 5306 5318
f 5306 1380 5314
f 5318 5314 1378
f 5317 5318 5316
f 256 5307 5322
f 5307 1379 5319
f 5322 5319 1384
f 5321 5322 5320
f 1379 5317 5325
f 5317 278 5323
f 5325 5323 1381
f 5319 5325 5324
f 1384 5324 5329
f 5324 1381 5326
f 5329 5326 281
f 5328 5329 5327
f 1383 5320 5332
f 5320 1384 5328
f 5332 5328 1382
f 5331 5332 5330
f 256 5321 5335
f 5321 1383 5333
f 5335 5333 1387
f 5258 5335 5334
f 1383 5331 5338
f 5331 280 5336
f 5338 5336 1385
f 5333 5338 5337
f 1387 5337 5342
f 5337 1385 5339
f 5342 5339 282
f 5341 5342 5340
f 1364 5334 5344
f 5334 1387 5341
f 5344 5341 1386
f 5261 5344 5343
f 283 5345 5349
f 5345 1388 5346
f 5349 5346 1391
f 5348 5349 5347
f 1388 5350 5352
f 5350 274 5248
f 5352 5248 1360
f 5346 5352 5351
f 1391 5351 5355
f 5351 1360 5245
f 5355 5245 267
f 5354 5355 5353
f 1390 5347 5358
f 5347 1391 5354
f 5358 5354 1389
f 5357 5358 5356
f 283 5359 5362
f 5359 1392 5360
f 5362 5360 1394
f 5345 5362 5361
f 1392 5363 5366
f 5363 288 5364
f 5366 5364 1393
f 5360 5366 5365
f 1394 5365 5369
f 5365 1393 5367
f 5369 5367 279
f 5368 5369 5312
f 1388 5361 5370
f 5361 1394 5368
f 5370 5368 1377
f 5350 5370 5309
f 34 2638 5374
f 2638 689 5371
f 5374 5371 1397
f 5373 5374 5372
f 689 2647 5376
f 2647 25 5276
f 5376 5276 1368
f 5371 5376 5375
f 1397 5375 5379
f 5375 1368 5273
f 5379 5273 276
f 5378 5379 5377
f 1396 5372 5382
f 5372 1397 5378
f 5382 5378 1395
f 5381 5382 5380
f 35 5383 5386
f 5383 1398 5384
f 5386 5384 1401
f 2649 5386 5385
f 1398 5387 5390
f 5387 290 5388
f 5390 5388 1399
f 5384 5390 5389
f 1401 5389 5394
f 5389 1399 5391
f 5394 5391 289
f 5393 5394 5392
f 691 5385 5396
f 5385 1401 5393
f 5396 5393 1400
f 2654 5396 5395
f 36 5397 5400
f 5397 1402 5398
f 5400 5398 1405
f 2665 5400 5399
f 1402 5401 5404
f 5401 291 5402
f 5404 5402 1403
f 5398 5404 5403
f 1405 5403 5408
f 5403 1403 5405
f 5408 5405 268
f 5407 5408 5406
f 696 5399 5410
f 5399 1405 5407
f 5410 5407 1404
f 2670 5410 5409
f 37 2684 5414
f 2684 704 5411
f 5414 5411 1409
f 5413 5414 5412
f 704 2695 5417
f 2695 51 5415
f 5417 5415 1406
f 5411 5417 5416
f 1409 5416 5421
f 5416 1406 5418
f 5421 5418 293
f 5420 5421 5419
f 1408 5412 5424
f 5412 1409 5420
f 5424 5420 1407
f 5423 5424 5422
f 284 5380 5428
f 5380 1395 5425
f 5428 5425 1412
f 5427 5428 5426
f 1395 5377 5430
f 5377 276 5291
f 5430 5291 1372
f 5425 5430 5429
f 1412 5429 5433
f 5429 1372 5288
f 5433 5288 265
f 5432 5433 5431
f 1411 5426 5436
f 5426 1412 5432
f 5436 5432 1410
f 5435 5436 5434
f 285 5437 5441
f 5437 1413 5438
f 5441 5438 1417
f 5440 5441 5439
f 1413 5442 5445
f 5442 600 5443
f 5445 5443 1414
f 5438 5445 5444
f 1417 5444 5449
f 5444 1414 5446
f 5449 5446 601
f 5448 5449 5447
f 1416 5439 5452
f 5439 1417 5448
f 5452 5448 1415
f 5451 5452 5450
f 285 5453 5456
f 5453 1418 5454
f 5456 5454 1421
f 5437 5456 5455
f 1418 5457 5460
f 5457 299 5458
f 5460 5458 1419
f 5454 5460 5459
f 1421 5459 5464
f 5459 1419 5461
f 5464 5461 602
f 5463 5464 5462
f 1413 5455 5466
f 5455 1421 5463
f 5466 5463 1420
f 5442 5466 5465
f 40 2742 5470
f 2742 719 5467
f 5470 5467 1423
f 5469 5470 5468
f 719 2749 5472
f 2749 47 5409
f 5472 5409 1404
f 5467 5472 5471
f 1423 5471 5474
f 5471 1404 5406
f 5474 5406 268
f 5473 5474 5206
f 1422 5468 5476
f 5468 1423 5473
f 5476 5473 1348
f 5475 5476 5203
f 40 5469 5479
f 5469 1422 5477
f 5479 5477 1425
f 2751 5479 5478
f 1422 5475 5481
f 5475 269 5239
f 5481 5239 1358
f 5477 5481 5480
f 1425 5480 5484
f 5480 1358 5236
f 5484 5236 273
f 5483 5484 5482
f 721 5478 5486
f 5478 1425 5483
f 5486 5483 1424
f 2755 5486 5485
f 286 5487 5491
f 5487 1426 5488
f 5491 5488 1428
f 5490 5491 5489
f 1426 5492 5494
f 5492 294 5434
f 5494 5434 1410
f 5488 5494 5493
f 1428 5493 5496
f 5493 1410 5431
f 5496 5431 265
f 5495 5496 5178
f 1427 5489 5498
f 5489 1428 5495
f 5498 5495 1340
f 5497 5498 5175
f 286 5490 5502
f 5490 1427 5499
f 5502 5499 1431
f 5501 5502 5500
f 1427 5497 5504
f 5497 260 5154
f 5504 5154 1333
f 5499 5504 5503
f 1431 5503 5507
f 5503 1333 5151
f 5507 5151 261
f 5506 5507 5505
f 1430 5500 5510
f 5500 1431 5506
f 5510 5506 1429
f 5509 5510 5508
f 300 5508 5514
f 5508 1429 5511
f 5514 5511 1435
f 5513 5514 5512
f 1429 5505 5517
f 5505 261 5515
f 5517 5515 1432
f 5511 5517 5516
f 1435 5516 5521
f 5516 1432 5518
f 5521 5518 302
f 5520 5521 5519
f 1434 5512 5524
f 5512 1435 5520
f 5524 5520 1433
f 5523 5524 5522
f 302 5518 5528
f 5518 1432 5525
f 5528 5525 1438
f 5527 5528 5526
f 1432 5515 5530
f 5515 261 5150
f 5530 5150 1332
f 5525 5530 5529
f 1438 5529 5533
f 5529 1332 5147
f 5533 5147 257
f 5532 5533 5531
f 1437 5526 5536
f 5526 1438 5532
f 5536 5532 1436
f 5535 5536 5534
f 302 5537 5540
f 5537 1439 5538
f 5540 5538 1442
f 5519 5540 5539
f 1439 5541 5544
f 5541 305 5542
f 5544 5542 1440
f 5538 5544 5543
f 1442 5543 5548
f 5543 1440 5545
f 5548 5545 304
f 5547 5548 5546
f 1433 5539 5550
f 5539 1442 5547
f 5550 5547 1441
f 5522 5550 5549
f 302 5527 5553
f 5527 1437 5551
f 5553 5551 1445
f 5537 5553 5552
f 1437 5535 5556
f 5535 303 5554
f 5556 5554 1443
f 5551 5556 5555
f 1445 5555 5560
f 5555 1443 5557
f 5560 5557 306
f 5559 5560 5558
f 1439 5552 5562
f 5552 1445 5559
f 5562 5559 1444
f 5541 5562 5561
f 306 5557 5566
f 5557 1443 5563
f 5566 5563 1449
f 5565 5566 5564
f 1443 5554 5569
f 5554 303 5567
f 5569 5567 1446
f 5563 5569 5568
f 1449 5568 5573
f 5568 1446 5570
f 5573 5570 308
f 5572 5573 5571
f 1448 5564 5576
f 5564 1449 5572
f 5576 5572 1447
f 5575 5576 5574
f 306 5577 5580
f 5577 1450 5578
f 5580 5578 1453
f 5558 5580 5579
f 1450 5581 5584
f 5581 310 5582
f 5584 5582 1451
f 5578 5584 5583
f 1453 5583 5588
f 5583 1451 5585
f 5588 5585 309
f 5587 5588 5586
f 1444 5579 5590
f 5579 1453 5587
f 5590 5587 1452
f 5561 5590 5589
f 306 5565 5593
f 5565 1448 5591
f 5593 5591 1456
f 5577 5593 5592
f 1448 5575 5596
f 5575 307 5594
f 5596 5594 1454
f 5591 5596 5595
f 1456 5595 5600
f 5595 1454 5597
f 5600 5597 311
f 5599 5600 5598
f 1450 5592 5602
f 5592 1456 5599
f 5602 5599 1455
f 5581 5602 5601
f 311 5597 5606
f 5597 1454 5603
f 5606 5603 1460
f 5605 5606 5604
f 1454 5594 5609
f 5594 307 5607
f 5609 5607 1457
f 5603 5609 5608
f 1460 5608 5613
f 5608 1457 5610
f 5613 5610 313
f 5612 5613 5611
f 1459 5604 5616
f 5604 1460 5612
f 5616 5612 1458
f 5615 5616 5614
f 311 5617 5620
f 5617 1461 5618
f 5620 5618 1464
f 5598 5620 5619
f 1461 5621 5624
f 5621 315 5622
f 5624 5622 1462
f 5618 5624 5623
f 1464 5623 5628
f 5623 1462 5625
f 5628 5625 314
f 5627 5628 5626
f 1455 5619 5630
f 5619 1464 5627
f 5630 5627 1463
f 5601 5630 5629
f 311 5605 5633
f 5605 1459 5631
f 5633 5631 1467
f 5617 5633 5632
f 1459 5615 5636
f 5615 312 5634
f 5636 5634 1465
f 5631 5636 5635
f 1467 5635 5640
f 5635 1465 5637
f 5640 5637 316
f 5639 5640 5638
f 1461 5632 5642
f 5632 1467 5639
f 5642 5639 1466
f 5621 5642 5641
f 316 5637 5646
f 5637 1465 5643
f 5646 5643 1471
f 5645 5646 5644
f 1465 5634 5649
f 5634 312 5647
f 5649 5647 1468
f 5643 5649 5648
f 1471 5648 5653
f 5648 1468 5650
f 5653 5650 318
f 5652 5653 5651
f 1470 5644 5656
f 5644 1471 5652
f 5656 5652 1469
f 5655 5656 5654
f 316 5657 5660
f 5657 1472 5658
f 5660 5658 1475
f 5638 5660 5659
f 1472 5661 5664
f 5661 319 5662
f 5664 5662 1473
f 5658 5664 5663
f 1475 5663 5668
f 5663 1473 5665
f 5668 5665 281
f 5667 5668 5666
f 1466 5659 5670
f 5659 1475 5667
f 5670 5667 1474
f 5641 5670 5669
f 316 5645 5673
f 5645 1470 5671
f 5673 5671 1478
f 5657 5673 5672
f 1470 5655 5676
f 5655 317 5674
f 5676 5674 1476
f 5671 5676 5675
f 1478 5675 5680
f 5675 1476 5677
f 5680 5677 296
f 5679 5680 5678
f 1472 5672 5682
f 5672 1478 5679
f 5682 5679 1477
f 5661 5682 5681
f 319 5683 5686
f 5683 1479 5684
f 5686 5684 1481
f 5662 5686 5685
f 1479 5687 5690
f 5687 320 5688
f 5690 5688 1480
f 5684 5690 5689
f 1481 5689 5693
f 5689 1480 5691
f 5693 5691 280
f 5692 5693 5330
f 1473 5685 5694
f 5685 1481 5692
f 5694 5692 1382
f 5665 5694 5327
f 319 5681 5697
f 5681 1477 5695
f 5697 5695 1484
f 5683 5697 5696
f 1477 5678 5700
f 5678 296 5698
f 5700 5698 1482
f 5695 5700 5699
f 1484 5699 5704
f 5699 1482 5701
f 5704 5701 297
f 5703 5704 5702
f 1479 5696 5706
f 5696 1484 5703
f 5706 5703 1483
f 5687 5706 5705
f 320 5707 5710
f 5707 1485 5708
f 5710 5708 1487
f 5688 5710 5709
f 1485 5711 5714
f 5711 321 5712
f 5714 5712 1486
f 5708 5714 5713
f 1487 5713 5717
f 5713 1486 5715
f 5717 5715 282
f 5716 5717 5339
f 1480 5709 5718
f 5709 1487 5716
f 5718 5716 1385
f 5691 5718 5336
f 320 5705 5721
f 5705 1483 5719
f 5721 5719 1490
f 5707 5721 5720
f 1483 5702 5724
f 5702 297 5722
f 5724 5722 1488
f 5719 5724 5723
f 1490 5723 5728
f 5723 1488 5725
f 5728 5725 298
f 5727 5728 5726
f 1485 5720 5730
f 5720 1490 5727
f 5730 5727 1489
f 5711 5730 5729
f 321 5731 5734
f 5731 1491 5732
f 5734 5732 1494
f 5712 5734 5733
f 1491 5735 5738
f 5735 323 5736
f 5738 5736 1492
f 5732 5738 5737
f 1494 5737 5742
f 5737 1492 5739
f 5742 5739 322
f 5741 5742 5740
f 1486 5733 5744
f 5733 1494 5741
f 5744 5741 1493
f 5715 5744 5743
f 321 5729 5747
f 5729 1489 5745
f 5747 5745 1497
f 5731 5747 5746
f 1489 5726 5750
f 5726 298 5748
f 5750 5748 1495
f 5745 5750 5749
f 1497 5749 5754
f 5749 1495 5751
f 5754 5751 324
f 5753 5754 5752
f 1491 5746 5756
f 5746 1497 5753
f 5756 5753 1496
f 5735 5756 5755
f 324 5751 5760
f 5751 1495 5757
f 5760 5757 1501
f 5759 5760 5758
f 1495 5748 5763
f 5748 298 5761
f 5763 5761 1498
f 5757 5763 5762
f 1501 5762 5767
f 5762 1498 5764
f 5767 5764 501
f 5766 5767 5765
f 1500 5758 5770
f 5758 1501 5766
f 5770 5766 1499
f 5769 5770 5768
f 324 5771 5774
f 5771 1502 5772
f 5774 5772 1505
f 5752 5774 5773
f 1502 5775 5778
f 5775 327 5776
f 5778 5776 1503
f 5772 5778 5777
f 1505 5777 5782
f 5777 1503 5779
f 5782 5779 326
f 5781 5782 5780
f 1496 5773 5784
f 5773 1505 5781
f 5784 5781 1504
f 5755 5784 5783
f 324 5759 5787
f 5759 1500 5785
f 5787 5785 1508
f 5771 5787 5786
f 1500 5769 5790
f 5769 502 5788
f 5790 5788 1506
f 5785 5790 5789
f 1508 5789 5794
f 5789 1506 5791
f 5794 5791 503
f 5793 5794 5792
f 1502 5786 5796
f 5786 1508 5793
f 5796 5793 1507
f 5775 5796 5795
f 328 5797 5801
f 5797 1509 5798
f 5801 5798 1513
f 5800 5801 5799
f 1509 5802 5805
f 5802 330 5803
f 5805 5803 1510
f 5798 5805 5804
f 1513 5804 5809
f 5804 1510 5806
f 5809 5806 603
f 5808 5809 5807
f 1512 5799 5812
f 5799 1513 5808
f 5812 5808 1511
f 5811 5812 5810
f 330 5813 5816
f 5813 1514 5814
f 5816 5814 1517
f 5803 5816 5815
f 1514 5817 5820
f 5817 332 5818
f 5820 5818 1515
f 5814 5820 5819
f 1517 5819 5824
f 5819 1515 5821
f 5824 5821 605
f 5823 5824 5822
f 1510 5815 5826
f 5815 1517 5823
f 5826 5823 1516
f 5806 5826 5825
f 332 5827 5830
f 5827 1518 5828
f 5830 5828 1521
f 5818 5830 5829
f 1518 5831 5834
f 5831 334 5832
f 5834 5832 1519
f 5828 5834 5833
f 1521 5833 5838
f 5833 1519 5835
f 5838 5835 606
f 5837 5838 5836
f 1515 5829 5840
f 5829 1521 5837
f 5840 5837 1520
f 5821 5840 5839
f 334 5841 5844
f 5841 1522 5842
f 5844 5842 1525
f 5832 5844 5843
f 1522 5845 5848
f 5845 336 5846
f 5848 5846 1523
f 5842 5848 5847
f 1525 5847 5852
f 5847 1523 5849
f 5852 5849 607
f 5851 5852 5850
f 1519 5843 5854
f 5843 1525 5851
f 5854 5851 1524
f 5835 5854 5853
f 336 5855 5858
f 5855 1526 5856
f 5858 5856 1529
f 5846 5858 5857
f 1526 5859 5862
f 5859 338 5860
f 5862 5860 1527
f 5856 5862 5861
f 1529 5861 5866
f 5861 1527 5863
f 5866 5863 608
f 5865 5866 5864
f 1523 5857 5868
f 5857 1529 5865
f 5868 5865 1528
f 5849 5868 5867
f 338 5869 5872
f 5869 1530 5870
f 5872 5870 1533
f 5860 5872 5871
f 1530 5873 5876
f 5873 340 5874
f 5876 5874 1531
f 5870 5876 5875
f 1533 5875 5880
f 5875 1531 5877
f 5880 5877 609
f 5879 5880 5878
f 1527 5871 5882
f 5871 1533 5879
f 5882 5879 1532
f 5863 5882 5881
f 340 5883 5886
f 5883 1534 5884
f 5886 5884 1537
f 5874 5886 5885
f 1534 5887 5890
f 5887 342 5888
f 5890 5888 1535
f 5884 5890 5889
f 1537 5889 5894
f 5889 1535 5891
f 5894 5891 610
f 5893 5894 5892
f 1531 5885 5896
f 5885 1537 5893
f 5896 5893 1536
f 5877 5896 5895
f 342 5897 5900
f 5897 1538 5898
f 5900 5898 1541
f 5888 5900 5899
f 1538 5901 5904
f 5901 344 5902
f 5904 5902 1539
f 5898 5904 5903
f 1541 5903 5908
f 5903 1539 5905
f 5908 5905 611
f 5907 5908 5906
f 1535 5899 5910
f 5899 1541 5907
f 5910 5907 1540
f 5891 5910 5909
f 344 5911 5914
f 5911 1542 5912
f 5914 5912 1545
f 5902 5914 5913
f 1542 5915 5918
f 5915 346 5916
f 5918 5916 1543
f 5912 5918 5917
f 1545 5917 5922
f 5917 1543 5919
f 5922 5919 612
f 5921 5922 5920
f 1539 5913 5924
f 5913 1545 5921
f 5924 5921 1544
f 5905 5924 5923
f 346 5925 5928
f 5925 1546 5926
f 5928 5926 1549
f 5916 5928 5927
f 1546 5929 5932
f 5929 348 5930
f 5932 5930 1547
f 5926 5932 5931
f 1549 5931 5936
f 5931 1547 5933
f 5936 5933 613
f 5935 5936 5934
f 1543 5927 5938
f 5927 1549 5935
f 5938 5935 1548
f 5919 5938 5937
f 348 5939 5942
f 5939 1550 5940
f 5942 5940 1553
f 5930 5942 5941
f 1550 5943 5946
f 5943 349 5944
f 5946 5944 1551
f 5940 5946 5945
f 1553 5945 5950
f 5945 1551 5947
f 5950 5947 614
f 5949 5950 5948
f 1547 5941 5952
f 5941 1553 5949
f 5952 5949 1552
f 5933 5952 5951
f 349 5953 5956
f 5953 1554 5954
f 5956 5954 1557
f 5944 5956 5955
f 1554 5957 5960
f 5957 350 5958
f 5960 5958 1555
f 5954 5960 5959
f 1557 5959 5964
f 5959 1555 5961
f 5964 5961 615
f 5963 5964 5962
f 1551 5955 5966
f 5955 1557 5963
f 5966 5963 1556
f 5947 5966 5965
f 350 5967 5970
f 5967 1558 5968
f 5970 5968 1560
f 5958 5970 5969
f 1558 5971 5973
f 5971 295 5450
f 5973 5450 1415
f 5968 5973 5972
f 1560 5972 5976
f 5972 1415 5447
f 5976 5447 601
f 5975 5976 5974
f 1555 5969 5978
f 5969 1560 5975
f 5978 5975 1559
f 5961 5978 5977
f 347 5979 5983
f 5979 1561 5980
f 5983 5980 1565
f 5982 5983 5981
f 1561 5984 5987
f 5984 313 5985
f 5987 5985 1562
f 5980 5987 5986
f 1565 5986 5991
f 5986 1562 5988
f 5991 5988 351
f 5990 5991 5989
f 1564 5981 5994
f 5981 1565 5990
f 5994 5990 1563
f 5993 5994 5992
f 347 5995 5998
f 5995 1566 5996
f 5998 5996 1567
f 5979 5998 5997
f 1566 5999 6001
f 5999 318 5650
f 6001 5650 1468
f 5996 6001 6000
f 1567 6000 6003
f 6000 1468 5647
f 6003 5647 312
f 6002 6003 5614
f 1561 5997 6004
f 5997 1567 6002
f 6004 6002 1458
f 5984 6004 5611
f 351 6005 6008
f 6005 1568 6006
f 6008 6006 1571
f 5989 6008 6007
f 1568 6009 6012
f 6009 352 6010
f 6012 6010 1569
f 6006 6012 6011
f 1571 6011 6016
f 6011 1569 6013
f 6016 6013 343
f 6015 6016 6014
f 1563 6007 6018
f 6007 1571 6015
f 6018 6015 1570
f 5992 6018 6017
f 351 6019 6022
f 6019 1572 6020
f 6022 6020 1575
f 6005 6022 6021
f 1572 6023 6026
f 6023 308 6024
f 6026 6024 1573
f 6020 6026 6025
f 1575 6025 6030
f 6025 1573 6027
f 6030 6027 258
f 6029 6030 6028
f 1568 6021 6032
f 6021 1575 6029
f 6032 6029 1574
f 6009 6032 6031
f 351 5988 6035
f 5988 1562 6033
f 6035 6033 1576
f 6019 6035 6034
f 1562 5985 6037
f 5985 313 5610
f 6037 5610 1457
f 6033 6037 6036
f 1576 6036 6039
f 6036 1457 5607
f 6039 5607 307
f 6038 6039 5574
f 1572 6034 6040
f 6034 1576 6038
f 6040 6038 1447
f 6023 6040 5571
f 352 6041 6044
f 6041 1577 6042
f 6044 6042 1580
f 6010 6044 6043
f 1577 6045 6048
f 6045 353 6046
f 6048 6046 1578
f 6042 6048 6047
f 1580 6047 6052
f 6047 1578 6049
f 6052 6049 341
f 6051 6052 6050
f 1569 6043 6054
f 6043 1580 6051
f 6054 6051 1579
f 6013 6054 6053
f 352 6031 6057
f 6031 1574 6055
f 6057 6055 1582
f 6041 6057 6056
f 1574 6028 6059
f 6028 258 5136
f 6059 5136 1328
f 6055 6059 6058
f 1582 6058 6062
f 6058 1328 5133
f 6062 5133 259
f 6061 6062 6060
f 1577 6056 6064
f 6056 1582 6061
f 6064 6061 1581
f 6045 6064 6063
f 353 6065 6068
f 6065 1583 6066
f 6068 6066 1586
f 6046 6068 6067
f 1583 6069 6072
f 6069 354 6070
f 6072 6070 1584
f 6066 6072 6071
f 1586 6071 6076
f 6071 1584 6073
f 6076 6073 339
f 6075 6076 6074
f 1578 6067 6078
f 6067 1586 6075
f 6078 6075 1585
f 6049 6078 6077
f 353 6063 6081
f 6063 1581 6079
f 6081 6079 1588
f 6065 6081 6080
f 1581 6060 6083
f 6060 259 5169
f 6083 5169 1338
f 6079 6083 6082
f 1588 6082 6086
f 6082 1338 5166
f 6086 5166 262
f 6085 6086 6084
f 1583 6080 6088
f 6080 1588 6085
f 6088 6085 1587
f 6069 6088 6087
f 354 6089 6092
f 6089 1589 6090
f 6092 6090 1592
f 6070 6092 6091
f 1589 6093 6096
f 6093 355 6094
f 6096 6094 1590
f 6090 6096 6095
f 1592 6095 6100
f 6095 1590 6097
f 6100 6097 337
f 6099 6100 6098
f 1584 6091 6102
f 6091 1592 6099
f 6102 6099 1591
f 6073 6102 6101
f 354 6087 6105
f 6087 1587 6103
f 6105 6103 1595
f 6089 6105 6104
f 1587 6084 6108
f 6084 262 6106
f 6108 6106 1593
f 6103 6108 6107
f 1595 6107 6112
f 6107 1593 6109
f 6112 6109 356
f 6111 6112 6110
f 1589 6104 6114
f 6104 1595 6111
f 6114 6111 1594
f 6093 6114 6113
f 356 6115 6118
f 6115 1596 6116
f 6118 6116 1599
f 6110 6118 6117
f 1596 6119 6122
f 6119 358 6120
f 6122 6120 1597
f 6116 6122 6121
f 1599 6121 6126
f 6121 1597 6123
f 6126 6123 357
f 6125 6126 6124
f 1594 6117 6128
f 6117 1599 6125
f 6128 6125 1598
f 6113 6128 6127
f 356 6129 6132
f 6129 1600 6130
f 6132 6130 1603
f 6115 6132 6131
f 1600 6133 6136
f 6133 360 6134
f 6136 6134 1601
f 6130 6136 6135
f 1603 6135 6140
f 6135 1601 6137
f 6140 6137 359
f 6139 6140 6138
f 1596 6131 6142
f 6131 1603 6139
f 6142 6139 1602
f 6119 6142 6141
f 356 6109 6145
f 6109 1593 6143
f 6145 6143 1605
f 6129 6145 6144
f 1593 6106 6147
f 6106 262 5165
f 6147 5165 1337
f 6143 6147 6146
f 1605 6146 6150
f 6146 1337 5162
f 6150 5162 263
f 6149 6150 6148
f 1600 6144 6152
f 6144 1605 6149
f 6152 6149 1604
f 6133 6152 6151
f 360 6153 6156
f 6153 1606 6154
f 6156 6154 1609
f 6134 6156 6155
f 1606 6157 6160
f 6157 362 6158
f 6160 6158 1607
f 6154 6160 6159
f 1609 6159 6164
f 6159 1607 6161
f 6164 6161 361
f 6163 6164 6162
f 1601 6155 6166
f 6155 1609 6163
f 6166 6163 1608
f 6137 6166 6165
f 360 6151 6169
f 6151 1604 6167
f 6169 6167 1611
f 6153 6169 6168
f 1604 6148 6171
f 6148 263 5195
f 6171 5195 1345
f 6167 6171 6170
f 1611 6170 6174
f 6170 1345 5192
f 6174 5192 266
f 6173 6174 6172
f 1606 6168 6176
f 6168 1611 6173
f 6176 6173 1610
f 6157 6176 6175
f 362 6177 6180
f 6177 1612 6178
f 6180 6178 1615
f 6158 6180 6179
f 1612 6181 6184
f 6181 364 6182
f 6184 6182 1613
f 6178 6184 6183
f 1615 6183 6188
f 6183 1613 6185
f 6188 6185 363
f 6187 6188 6186
f 1607 6179 6190
f 6179 1615 6187
f 6190 6187 1614
f 6161 6190 6189
f 362 6175 6193
f 6175 1610 6191
f 6193 6191 1617
f 6177 6193 6192
f 1610 6172 6195
f 6172 266 5301
f 6195 5301 1375
f 6191 6195 6194
f 1617 6194 6198
f 6194 1375 5298
f 6198 5298 277
f 6197 6198 6196
f 1612 6192 6200
f 6192 1617 6197
f 6200 6197 1616
f 6181 6200 6199
f 364 6201 6204
f 6201 1618 6202
f 6204 6202 1621
f 6182 6204 6203
f 1618 6205 6208
f 6205 366 6206
f 6208 6206 1619
f 6202 6208 6207
f 1621 6207 6212
f 6207 1619 6209
f 6212 6209 365
f 6211 6212 6210
f 1613 6203 6214
f 6203 1621 6211
f 6214 6211 1620
f 6185 6214 6213
f 364 6199 6217
f 6199 1616 6215
f 6217 6215 1624
f 6201 6217 6216
f 1616 6196 6220
f 6196 277 6218
f 6220 6218 1622
f 6215 6220 6219
f 1624 6219 6224
f 6219 1622 6221
f 6224 6221 367
f 6223 6224 6222
f 1618 6216 6226
f 6216 1624 6223
f 6226 6223 1623
f 6205 6226 6225
f 367 6227 6230
f 6227 1625 6228
f 6230 6228 1628
f 6222 6230 6229
f 1625 6231 6234
f 6231 369 6232
f 6234 6232 1626
f 6228 6234 6233
f 1628 6233 6238
f 6233 1626 6235
f 6238 6235 368
f 6237 6238 6236
f 1623 6229 6240
f 6229 1628 6237
f 6240 6237 1627
f 6225 6240 6239
f 367 6241 6244
f 6241 1629 6242
f 6244 6242 1632
f 6227 6244 6243
f 1629 6245 6248
f 6245 371 6246
f 6248 6246 1630
f 6242 6248 6247
f 1632 6247 6252
f 6247 1630 6249
f 6252 6249 370
f 6251 6252 6250
f 1625 6243 6254
f 6243 1632 6251
f 6254 6251 1631
f 6231 6254 6253
f 367 6221 6257
f 6221 1622 6255
f 6257 6255 1634
f 6241 6257 6256
f 1622 6218 6259
f 6218 277 5297
f 6259 5297 1374
f 6255 6259 6258
f 1634 6258 6262
f 6258 1374 5293
f 6262 5293 255
f 6261 6262 6260
f 1629 6256 6264
f 6256 1634 6261
f 6264 6261 1633
f 6245 6264 6263
f 371 6265 6268
f 6265 1635 6266
f 6268 6266 1637
f 6246 6268 6267
f 1635 6269 6271
f 6269 132 3552
f 6271 3552 934
f 6266 6271 6270
f 1637 6270 6274
f 6270 934 3549
f 6274 3549 131
f 6273 6274 6272
f 1630 6267 6276
f 6267 1637 6273
f 6276 6273 1636
f 6249 6276 6275
f 371 6263 6279
f 6263 1633 6277
f 6279 6277 1638
f 6265 6279 6278
f 1633 6260 6281
f 6260 255 5270
f 6281 5270 1369
f 6277 6281 6280
f 1638 6280 6283
f 6280 1369 5279
f 6283 5279 24
f 6282 6283 3561
f 1635 6278 6284
f 6278 1638 6282
f 6284 6282 937
f 6269 6284 3558
f 131 3567 6287
f 3567 941 6285
f 6287 6285 1641
f 6272 6287 6286
f 941 3577 6290
f 3577 134 6288
f 6290 6288 1639
f 6285 6290 6289
f 1641 6289 6294
f 6289 1639 6291
f 6294 6291 372
f 6293 6294 6292
f 1636 6286 6296
f 6286 1641 6293
f 6296 6293 1640
f 6275 6296 6295
f 134 3581 6299
f 3581 945 6297
f 6299 6297 1644
f 6288 6299 6298
f 945 3591 6302
f 3591 136 6300
f 6302 6300 1642
f 6297 6302 6301
f 1644 6301 6306
f 6301 1642 6303
f 6306 6303 373
f 6305 6306 6304
f 1639 6298 6308
f 6298 1644 6305
f 6308 6305 1643
f 6291 6308 6307
f 136 3595 6311
f 3595 949 6309
f 6311 6309 1647
f 6300 6311 6310
f 949 3605 6314
f 3605 138 6312
f 6314 6312 1645
f 6309 6314 6313
f 1647 6313 6318
f 6313 1645 6315
f 6318 6315 374
f 6317 6318 6316
f 1642 6310 6320
f 6310 1647 6317
f 6320 6317 1646
f 6303 6320 6319
f 138 3609 6323
f 3609 953 6321
f 6323 6321 1650
f 6312 6323 6322
f 953 3619 6326
f 3619 140 6324
f 6326 6324 1648
f 6321 6326 6325
f 1650 6325 6330
f 6325 1648 6327
f 6330 6327 375
f 6329 6330 6328
f 1645 6322 6332
f 6322 1650 6329
f 6332 6329 1649
f 6315 6332 6331
f 140 3623 6335
f 3623 956 6333
f 6335 6333 1652
f 6324 6335 6334
f 956 3631 6337
f 3631 44 5395
f 6337 5395 1400
f 6333 6337 6336
f 1652 6336 6340
f 6336 1400 5392
f 6340 5392 289
f 6339 6340 6338
f 1648 6334 6342
f 6334 1652 6339
f 6342 6339 1651
f 6327 6342 6341
f 375 6343 6346
f 6343 1653 6344
f 6346 6344 1656
f 6328 6346 6345
f 1653 6347 6350
f 6347 377 6348
f 6350 6348 1654
f 6344 6350 6349
f 1656 6349 6354
f 6349 1654 6351
f 6354 6351 376
f 6353 6354 6352
f 1649 6345 6356
f 6345 1656 6353
f 6356 6353 1655
f 6331 6356 6355
f 375 6341 6359
f 6341 1651 6357
f 6359 6357 1659
f 6343 6359 6358
f 1651 6338 6362
f 6338 289 6360
f 6362 6360 1657
f 6357 6362 6361
f 1659 6361 6366
f 6361 1657 6363
f 6366 6363 378
f 6365 6366 6364
f 1653 6358 6368
f 6358 1659 6365
f 6368 6365 1658
f 6347 6368 6367
f 378 6369 6372
f 6369 1660 6370
f 6372 6370 1663
f 6364 6372 6371
f 1660 6373 6376
f 6373 380 6374
f 6376 6374 1661
f 6370 6376 6375
f 1663 6375 6380
f 6375 1661 6377
f 6380 6377 379
f 6379 6380 6378
f 1658 6371 6382
f 6371 1663 6379
f 6382 6379 1662
f 6367 6382 6381
f 378 6383 6386
f 6383 1664 6384
f 6386 6384 1667
f 6369 6386 6385
f 1664 6387 6390
f 6387 382 6388
f 6390 6388 1665
f 6384 6390 6389
f 1667 6389 6394
f 6389 1665 6391
f 6394 6391 381
f 6393 6394 6392
f 1660 6385 6396
f 6385 1667 6393
f 6396 6393 1666
f 6373 6396 6395
f 378 6363 6399
f 6363 1657 6397
f 6399 6397 1669
f 6383 6399 6398
f 1657 6360 6401
f 6360 289 5391
f 6401 5391 1399
f 6397 6401 6400
f 1669 6400 6404
f 6400 1399 5388
f 6404 5388 290
f 6403 6404 6402
f 1664 6398 6406
f 6398 1669 6403
f 6406 6403 1668
f 6387 6406 6405
f 381 6407 6410
f 6407 1670 6408
f 6410 6408 1673
f 6392 6410 6409
f 1670 6411 6414
f 6411 384 6412
f 6414 6412 1671
f 6408 6414 6413
f 1673 6413 6418
f 6413 1671 6415
f 6418 6415 383
f 6417 6418 6416
f 1666 6409 6420
f 6409 1673 6417
f 6420 6417 1672
f 6395 6420 6419
f 384 6421 6424
f 6421 1674 6422
f 6424 6422 1677
f 6412 6424 6423
f 1674 6425 6428
f 6425 386 6426
f 6428 6426 1675
f 6422 6428 6427
f 1677 6427 6432
f 6427 1675 6429
f 6432 6429 385
f 6431 6432 6430
f 1671 6423 6434
f 6423 1677 6431
f 6434 6431 1676
f 6415 6434 6433
f 386 6435 6438
f 6435 1678 6436
f 6438 6436 1681
f 6426 6438 6437
f 1678 6439 6442
f 6439 388 6440
f 6442 6440 1679
f 6436 6442 6441
f 1681 6441 6446
f 6441 1679 6443
f 6446 6443 387
f 6445 6446 6444
f 1675 6437 6448
f 6437 1681 6445
f 6448 6445 1680
f 6429 6448 6447
f 388 6449 6452
f 6449 1682 6450
f 6452 6450 1685
f 6440 6452 6451
f 1682 6453 6456
f 6453 390 6454
f 6456 6454 1683
f 6450 6456 6455
f 1685 6455 6460
f 6455 1683 6457
f 6460 6457 389
f 6459 6460 6458
f 1679 6451 6462
f 6451 1685 6459
f 6462 6459 1684
f 6443 6462 6461
f 390 6463 6466
f 6463 1686 6464
f 6466 6464 1689
f 6454 6466 6465
f 1686 6467 6470
f 6467 392 6468
f 6470 6468 1687
f 6464 6470 6469
f 1689 6469 6474
f 6469 1687 6471
f 6474 6471 391
f 6473 6474 6472
f 1683 6465 6476
f 6465 1689 6473
f 6476 6473 1688
f 6457 6476 6475
f 392 6477 6480
f 6477 1690 6478
f 6480 6478 1693
f 6468 6480 6479
f 1690 6481 6484
f 6481 394 6482
f 6484 6482 1691
f 6478 6484 6483
f 1693 6483 6488
f 6483 1691 6485
f 6488 6485 393
f 6487 6488 6486
f 1687 6479 6490
f 6479 1693 6487
f 6490 6487 1692
f 6471 6490 6489
f 394 6491 6494
f 6491 1694 6492
f 6494 6492 1697
f 6482 6494 6493
f 1694 6495 6498
f 6495 396 6496
f 6498 6496 1695
f 6492 6498 6497
f 1697 6497 6502
f 6497 1695 6499
f 6502 6499 395
f 6501 6502 6500
f 1691 6493 6504
f 6493 1697 6501
f 6504 6501 1696
f 6485 6504 6503
f 396 6505 6508
f 6505 1698 6506
f 6508 6506 1701
f 6496 6508 6507
f 1698 6509 6512
f 6509 398 6510
f 6512 6510 1699
f 6506 6512 6511
f 1701 6511 6516
f 6511 1699 6513
f 6516 6513 397
f 6515 6516 6514
f 1695 6507 6518
f 6507 1701 6515
f 6518 6515 1700
f 6499 6518 6517
f 398 6519 6522
f 6519 1702 6520
f 6522 6520 1704
f 6510 6522 6521
f 1702 6523 6525
f 6523 292 5422
f 6525 5422 1407
f 6520 6525 6524
f 1704 6524 6528
f 6524 1407 5419
f 6528 5419 293
f 6527 6528 6526
f 1699 6521 6530
f 6521 1704 6527
f 6530 6527 1703
f 6513 6530 6529
f 397 6529 6534
f 6529 1703 6531
f 6534 6531 1708
f 6533 6534 6532
f 1703 6526 6537
f 6526 293 6535
f 6537 6535 1705
f 6531 6537 6536
f 1708 6536 6541
f 6536 1705 6538
f 6541 6538 400
f 6540 6541 6539
f 1707 6532 6544
f 6532 1708 6540
f 6544 6540 1706
f 6543 6544 6542
f 397 6533 6547
f 6533 1707 6545
f 6547 6545 1711
f 6514 6547 6546
f 1707 6543 6550
f 6543 399 6548
f 6550 6548 1709
f 6545 6550 6549
f 1711 6549 6554
f 6549 1709 6551
f 6554 6551 401
f 6553 6554 6552
f 1700 6546 6556
f 6546 1711 6553
f 6556 6553 1710
f 6517 6556 6555
f 401 6551 6560
f 6551 1709 6557
f 6560 6557 1715
f 6559 6560 6558
f 1709 6548 6563
f 6548 399 6561
f 6563 6561 1712
f 6557 6563 6562
f 1715 6562 6567
f 6562 1712 6564
f 6567 6564 403
f 6566 6567 6565
f 1714 6558 6570
f 6558 1715 6566
f 6570 6566 1713
f 6569 6570 6568
f 401 6571 6574
f 6571 1716 6572
f 6574 6572 1718
f 6552 6574 6573
f 1716 6575 6578
f 6575 404 6576
f 6578 6576 1717
f 6572 6578 6577
f 1718 6577 6581
f 6577 1717 6579
f 6581 6579 393
f 6580 6581 6503
f 1710 6573 6582
f 6573 1718 6580
f 6582 6580 1696
f 6555 6582 6500
f 401 6559 6585
f 6559 1714 6583
f 6585 6583 1721
f 6571 6585 6584
f 1714 6569 6588
f 6569 402 6586
f 6588 6586 1719
f 6583 6588 6587
f 1721 6587 6592
f 6587 1719 6589
f 6592 6589 405
f 6591 6592 6590
f 1716 6584 6594
f 6584 1721 6591
f 6594 6591 1720
f 6575 6594 6593
f 405 6589 6598
f 6589 1719 6595
f 6598 6595 1725
f 6597 6598 6596
f 1719 6586 6601
f 6586 402 6599
f 6601 6599 1722
f 6595 6601 6600
f 1725 6600 6605
f 6600 1722 6602
f 6605 6602 407
f 6604 6605 6603
f 1724 6596 6608
f 6596 1725 6604
f 6608 6604 1723
f 6607 6608 6606
f 405 6609 6612
f 6609 1726 6610
f 6612 6610 1729
f 6590 6612 6611
f 1726 6613 6616
f 6613 409 6614
f 6616 6614 1727
f 6610 6616 6615
f 1729 6615 6620
f 6615 1727 6617
f 6620 6617 408
f 6619 6620 6618
f 1720 6611 6622
f 6611 1729 6619
f 6622 6619 1728
f 6593 6622 6621
f 405 6597 6625
f 6597 1724 6623
f 6625 6623 1732
f 6609 6625 6624
f 1724 6607 6628
f 6607 406 6626
f 6628 6626 1730
f 6623 6628 6627
f 1732 6627 6632
f 6627 1730 6629
f 6632 6629 410
f 6631 6632 6630
f 1726 6624 6634
f 6624 1732 6631
f 6634 6631 1731
f 6613 6634 6633
f 410 6629 6638
f 6629 1730 6635
f 6638 6635 1736
f 6637 6638 6636
f 1730 6626 6641
f 6626 406 6639
f 6641 6639 1733
f 6635 6641 6640
f 1736 6640 6645
f 6640 1733 6642
f 6645 6642 412
f 6644 6645 6643
f 1735 6636 6648
f 6636 1736 6644
f 6648 6644 1734
f 6647 6648 6646
f 410 6649 6652
f 6649 1737 6650
f 6652 6650 1740
f 6630 6652 6651
f 1737 6653 6656
f 6653 414 6654
f 6656 6654 1738
f 6650 6656 6655
f 1740 6655 6660
f 6655 1738 6657
f 6660 6657 413
f 6659 6660 6658
f 1731 6651 6662
f 6651 1740 6659
f 6662 6659 1739
f 6633 6662 6661
f 410 6637 6665
f 6637 1735 6663
f 6665 6663 1743
f 6649 6665 6664
f 1735 6647 6668
f 6647 411 6666
f 6668 6666 1741
f 6663 6668 6667
f 1743 6667 6672
f 6667 1741 6669
f 6672 6669 415
f 6671 6672 6670
f 1737 6664 6674
f 6664 1743 6671
f 6674 6671 1742
f 6653 6674 6673
f 415 6669 6678
f 6669 1741 6675
f 6678 6675 1747
f 6677 6678 6676
f 1741 6666 6681
f 6666 411 6679
f 6681 6679 1744
f 6675 6681 6680
f 1747 6680 6685
f 6680 1744 6682
f 6685 6682 417
f 6684 6685 6683
f 1746 6676 6688
f 6676 1747 6684
f 6688 6684 1745
f 6687 6688 6686
f 415 6689 6692
f 6689 1748 6690
f 6692 6690 1751
f 6670 6692 6691
f 1748 6693 6696
f 6693 419 6694
f 6696 6694 1749
f 6690 6696 6695
f 1751 6695 6700
f 6695 1749 6697
f 6700 6697 418
f 6699 6700 6698
f 1742 6691 6702
f 6691 1751 6699
f 6702 6699 1750
f 6673 6702 6701
f 415 6677 6705
f 6677 1746 6703
f 6705 6703 1754
f 6689 6705 6704
f 1746 6687 6708
f 6687 416 6706
f 6708 6706 1752
f 6703 6708 6707
f 1754 6707 6712
f 6707 1752 6709
f 6712 6709 420
f 6711 6712 6710
f 1748 6704 6714
f 6704 1754 6711
f 6714 6711 1753
f 6693 6714 6713
f 420 6709 6718
f 6709 1752 6715
f 6718 6715 1758
f 6717 6718 6716
f 1752 6706 6721
f 6706 416 6719
f 6721 6719 1755
f 6715 6721 6720
f 1758 6720 6725
f 6720 1755 6722
f 6725 6722 422
f 6724 6725 6723
f 1757 6716 6728
f 6716 1758 6724
f 6728 6724 1756
f 6727 6728 6726
f 420 6729 6732
f 6729 1759 6730
f 6732 6730 1762
f 6710 6732 6731
f 1759 6733 6736
f 6733 424 6734
f 6736 6734 1760
f 6730 6736 6735
f 1762 6735 6740
f 6735 1760 6737
f 6740 6737 423
f 6739 6740 6738
f 1753 6731 6742
f 6731 1762 6739
f 6742 6739 1761
f 6713 6742 6741
f 420 6717 6745
f 6717 1757 6743
f 6745 6743 1765
f 6729 6745 6744
f 1757 6727 6748
f 6727 421 6746
f 6748 6746 1763
f 6743 6748 6747
f 1765 6747 6752
f 6747 1763 6749
f 6752 6749 425
f 6751 6752 6750
f 1759 6744 6754
f 6744 1765 6751
f 6754 6751 1764
f 6733 6754 6753
f 425 6749 6758
f 6749 1763 6755
f 6758 6755 1769
f 6757 6758 6756
f 1763 6746 6761
f 6746 421 6759
f 6761 6759 1766
f 6755 6761 6760
f 1769 6760 6765
f 6760 1766 6762
f 6765 6762 427
f 6764 6765 6763
f 1768 6756 6768
f 6756 1769 6764
f 6768 6764 1767
f 6767 6768 6766
f 425 6769 6772
f 6769 1770 6770
f 6772 6770 1773
f 6750 6772 6771
f 1770 6773 6776
f 6773 365 6774
f 6776 6774 1771
f 6770 6776 6775
f 1773 6775 6780
f 6775 1771 6777
f 6780 6777 428
f 6779 6780 6778
f 1764 6771 6782
f 6771 1773 6779
f 6782 6779 1772
f 6753 6782 6781
f 425 6757 6785
f 6757 1768 6783
f 6785 6783 1775
f 6769 6785 6784
f 1768 6767 6788
f 6767 426 6786
f 6788 6786 1774
f 6783 6788 6787
f 1775 6787 6791
f 6787 1774 6789
f 6791 6789 363
f 6790 6791 6213
f 1770 6784 6792
f 6784 1775 6790
f 6792 6790 1620
f 6773 6792 6210
f 428 6793 6796
f 6793 1776 6794
f 6796 6794 1778
f 6778 6796 6795
f 1776 6797 6800
f 6797 429 6798
f 6800 6798 1777
f 6794 6800 6799
f 1778 6799 6803
f 6799 1777 6801
f 6803 6801 423
f 6802 6803 6737
f 1772 6795 6804
f 6795 1778 6802
f 6804 6802 1760
f 6781 6804 6734
f 428 6805 6808
f 6805 1779 6806
f 6808 6806 1782
f 6793 6808 6807
f 1779 6809 6812
f 6809 368 6810
f 6812 6810 1780
f 6806 6812 6811
f 1782 6811 6816
f 6811 1780 6813
f 6816 6813 430
f 6815 6816 6814
f 1776 6807 6818
f 6807 1782 6815
f 6818 6815 1781
f 6797 6818 6817
f 428 6777 6821
f 6777 1771 6819
f 6821 6819 1783
f 6805 6821 6820
f 1771 6774 6823
f 6774 365 6209
f 6823 6209 1619
f 6819 6823 6822
f 1783 6822 6825
f 6822 1619 6206
f 6825 6206 366
f 6824 6825 6239
f 1779 6820 6826
f 6820 1783 6824
f 6826 6824 1627
f 6809 6826 6236
f 430 6827 6830
f 6827 1784 6828
f 6830 6828 1787
f 6814 6830 6829
f 1784 6831 6834
f 6831 432 6832
f 6834 6832 1785
f 6828 6834 6833
f 1787 6833 6838
f 6833 1785 6835
f 6838 6835 431
f 6837 6838 6836
f 1781 6829 6840
f 6829 1787 6837
f 6840 6837 1786
f 6817 6840 6839
f 430 6841 6844
f 6841 1788 6842
f 6844 6842 1791
f 6827 6844 6843
f 1788 6845 6848
f 6845 434 6846
f 6848 6846 1789
f 6842 6848 6847
f 1791 6847 6852
f 6847 1789 6849
f 6852 6849 433
f 6851 6852 6850
f 1784 6843 6854
f 6843 1791 6851
f 6854 6851 1790
f 6831 6854 6853
f 430 6813 6857
f 6813 1780 6855
f 6857 6855 1793
f 6841 6857 6856
f 1780 6810 6859
f 6810 368 6235
f 6859 6235 1626
f 6855 6859 6858
f 1793 6858 6862
f 6858 1626 6232
f 6862 6232 369
f 6861 6862 6860
f 1788 6856 6864
f 6856 1793 6861
f 6864 6861 1792
f 6845 6864 6863
f 434 6865 6868
f 6865 1794 6866
f 6868 6866 1796
f 6846 6868 6867
f 1794 6869 6871
f 6869 372 6307
f 6871 6307 1643
f 6866 6871 6870
f 1796 6870 6874
f 6870 1643 6304
f 6874 6304 373
f 6873 6874 6872
f 1789 6867 6876
f 6867 1796 6873
f 6876 6873 1795
f 6849 6876 6875
f 434 6863 6879
f 6863 1792 6877
f 6879 6877 1797
f 6865 6879 6878
f 1792 6860 6881
f 6860 369 6253
f 6881 6253 1631
f 6877 6881 6880
f 1797 6880 6883
f 6880 1631 6250
f 6883 6250 370
f 6882 6883 6295
f 1794 6878 6884
f 6878 1797 6882
f 6884 6882 1640
f 6869 6884 6292
f 433 6885 6888
f 6885 1798 6886
f 6888 6886 1801
f 6850 6888 6887
f 1798 6889 6892
f 6889 376 6890
f 6892 6890 1799
f 6886 6892 6891
f 1801 6891 6896
f 6891 1799 6893
f 6896 6893 435
f 6895 6896 6894
f 1790 6887 6898
f 6887 1801 6895
f 6898 6895 1800
f 6853 6898 6897
f 433 6875 6901
f 6875 1795 6899
f 6901 6899 1802
f 6885 6901 6900
f 1795 6872 6903
f 6872 373 6319
f 6903 6319 1646
f 6899 6903 6902
f 1802 6902 6905
f 6902 1646 6316
f 6905 6316 374
f 6904 6905 6355
f 1798 6900 6906
f 6900 1802 6904
f 6906 6904 1655
f 6889 6906 6352
f 435 6907 6910
f 6907 1803 6908
f 6910 6908 1805
f 6894 6910 6909
f 1803 6911 6914
f 6911 436 6912
f 6914 6912 1804
f 6908 6914 6913
f 1805 6913 6917
f 6913 1804 6915
f 6917 6915 431
f 6916 6917 6835
f 1800 6909 6918
f 6909 1805 6916
f 6918 6916 1785
f 6897 6918 6832
f 435 6919 6922
f 6919 1806 6920
f 6922 6920 1809
f 6907 6922 6921
f 1806 6923 6926
f 6923 379 6924
f 6926 6924 1807
f 6920 6926 6925
f 1809 6925 6930
f 6925 1807 6927
f 6930 6927 437
f 6929 6930 6928
f 1803 6921 6932
f 6921 1809 6929
f 6932 6929 1808
f 6911 6932 6931
f 435 6893 6935
f 6893 1799 6933
f 6935 6933 1810
f 6919 6935 6934
f 1799 6890 6937
f 6890 376 6351
f 6937 6351 1654
f 6933 6937 6936
f 1810 6936 6939
f 6936 1654 6348
f 6939 6348 377
f 6938 6939 6381
f 1806 6934 6940
f 6934 1810 6938
f 6940 6938 1662
f 6923 6940 6378
f 437 6941 6944
f 6941 1811 6942
f 6944 6942 1814
f 6928 6944 6943
f 1811 6945 6948
f 6945 439 6946
f 6948 6946 1812
f 6942 6948 6947
f 1814 6947 6952
f 6947 1812 6949
f 6952 6949 438
f 6951 6952 6950
f 1808 6943 6954
f 6943 1814 6951
f 6954 6951 1813
f 6931 6954 6953
f 437 6955 6958
f 6955 1815 6956
f 6958 6956 1817
f 6941 6958 6957
f 1815 6959 6961
f 6959 383 6433
f 6961 6433 1676
f 6956 6961 6960
f 1817 6960 6964
f 6960 1676 6430
f 6964 6430 385
f 6963 6964 6962
f 1811 6957 6966
f 6957 1817 6963
f 6966 6963 1816
f 6945 6966 6965
f 437 6927 6969
f 6927 1807 6967
f 6969 6967 1818
f 6955 6969 6968
f 1807 6924 6971
f 6924 379 6377
f 6971 6377 1661
f 6967 6971 6970
f 1818 6970 6973
f 6970 1661 6374
f 6973 6374 380
f 6972 6973 6419
f 1815 6968 6974
f 6968 1818 6972
f 6974 6972 1672
f 6959 6974 6416
f 439 6975 6978
f 6975 1819 6976
f 6978 6976 1822
f 6946 6978 6977
f 1819 6979 6982
f 6979 441 6980
f 6982 6980 1820
f 6976 6982 6981
f 1822 6981 6986
f 6981 1820 6983
f 6986 6983 440
f 6985 6986 6984
f 1812 6977 6988
f 6977 1822 6985
f 6988 6985 1821
f 6949 6988 6987
f 439 6965 6991
f 6965 1816 6989
f 6991 6989 1824
f 6975 6991 6990
f 1816 6962 6993
f 6962 385 6447
f 6993 6447 1680
f 6989 6993 6992
f 1824 6992 6996
f 6992 1680 6444
f 6996 6444 387
f 6995 6996 6994
f 1819 6990 6998
f 6990 1824 6995
f 6998 6995 1823
f 6979 6998 6997
f 441 6999 7002
f 6999 1825 7000
f 7002 7000 1828
f 6980 7002 7001
f 1825 7003 7006
f 7003 442 7004
f 7006 7004 1826
f 7000 7006 7005
f 1828 7005 7010
f 7005 1826 7007
f 7010 7007 413
f 7009 7010 7008
f 1820 7001 7012
f 7001 1828 7009
f 7012 7009 1827
f 6983 7012 7011
f 441 6997 7015
f 6997 1823 7013
f 7015 7013 1830
f 6999 7015 7014
f 1823 6994 7017
f 6994 387 6461
f 7017 6461 1684
f 7013 7017 7016
f 1830 7016 7020
f 7016 1684 6458
f 7020 6458 389
f 7019 7020 7018
f 1825 7014 7022
f 7014 1830 7019
f 7022 7019 1829
f 7003 7022 7021
f 442 7023 7026
f 7023 1831 7024
f 7026 7024 1832
f 7004 7026 7025
f 1831 7027 7029
f 7027 408 6617
f 7029 6617 1727
f 7024 7029 7028
f 1832 7028 7031
f 7028 1727 6614
f 7031 6614 409
f 7030 7031 6661
f 1826 7025 7032
f 7025 1832 7030
f 7032 7030 1739
f 7007 7032 6658
f 442 7021 7035
f 7021 1829 7033
f 7035 7033 1834
f 7023 7035 7034
f 1829 7018 7037
f 7018 389 6475
f 7037 6475 1688
f 7033 7037 7036
f 1834 7036 7040
f 7036 1688 6472
f 7040 6472 391
f 7039 7040 7038
f 1831 7034 7042
f 7034 1834 7039
f 7042 7039 1833
f 7027 7042 7041
f 440 7011 7046
f 7011 1827 7043
f 7046 7043 1836
f 7045 7046 7044
f 1827 7008 7048
f 7008 413 6657
f 7048 6657 1738
f 7043 7048 7047
f 1836 7047 7050
f 7047 1738 6654
f 7050 6654 414
f 7049 7050 6701
f 1835 7044 7052
f 7044 1836 7049
f 7052 7049 1750
f 7051 7052 6698
f 440 7045 7055
f 7045 1835 7053
f 7055 7053 1839
f 6984 7055 7054
f 1835 7051 7058
f 7051 418 7056
f 7058 7056 1837
f 7053 7058 7057
f 1839 7057 7062
f 7057 1837 7059
f 7062 7059 443
f 7061 7062 7060
f 1821 7054 7064
f 7054 1839 7061
f 7064 7061 1838
f 6987 7064 7063
f 443 7059 7068
f 7059 1837 7065
f 7068 7065 1841
f 7067 7068 7066
f 1837 7056 7070
f 7056 418 6697
f 7070 6697 1749
f 7065 7070 7069
f 1841 7069 7072
f 7069 1749 6694
f 7072 6694 419
f 7071 7072 6741
f 1840 7066 7074
f 7066 1841 7071
f 7074 7071 1761
f 7073 7074 6738
f 443 7075 7078
f 7075 1842 7076
f 7078 7076 1843
f 7060 7078 7077
f 1842 7079 7081
f 7079 431 6915
f 7081 6915 1804
f 7076 7081 7080
f 1843 7080 7083
f 7080 1804 6912
f 7083 6912 436
f 7082 7083 6953
f 1838 7077 7084
f 7077 1843 7082
f 7084 7082 1813
f 7063 7084 6950
f 443 7067 7087
f 7067 1840 7085
f 7087 7085 1844
f 7075 7087 7086
f 1840 7073 7089
f 7073 423 6801
f 7089 6801 1777
f 7085 7089 7088
f 1844 7088 7091
f 7088 1777 6798
f 7091 6798 429
f 7090 7091 6839
f 1842 7086 7092
f 7086 1844 7090
f 7092 7090 1786
f 7079 7092 6836
f 427 7093 7097
f 7093 1845 7094
f 7097 7094 1849
f 7096 7097 7095
f 1845 7098 7101
f 7098 446 7099
f 7101 7099 1846
f 7094 7101 7100
f 1849 7100 7105
f 7100 1846 7102
f 7105 7102 445
f 7104 7105 7103
f 1848 7095 7108
f 7095 1849 7104
f 7108 7104 1847
f 7107 7108 7106
f 427 6762 7111
f 6762 1766 7109
f 7111 7109 1851
f 7093 7111 7110
f 1766 6759 7113
f 6759 421 6726
f 7113 6726 1756
f 7109 7113 7112
f 1851 7112 7116
f 7112 1756 6723
f 7116 6723 422
f 7115 7116 7114
f 1845 7110 7118
f 7110 1851 7115
f 7118 7115 1850
f 7098 7118 7117
f 427 7096 7121
f 7096 1848 7119
f 7121 7119 1854
f 6763 7121 7120
f 1848 7107 7124
f 7107 444 7122
f 7124 7122 1852
f 7119 7124 7123
f 1854 7123 7128
f 7123 1852 7125
f 7128 7125 447
f 7127 7128 7126
f 1767 7120 7130
f 7120 1854 7127
f 7130 7127 1853
f 6766 7130 7129
f 447 7125 7134
f 7125 1852 7131
f 7134 7131 1858
f 7133 7134 7132
f 1852 7122 7137
f 7122 444 7135
f 7137 7135 1855
f 7131 7137 7136
f 1858 7136 7141
f 7136 1855 7138
f 7141 7138 449
f 7140 7141 7139
f 1857 7132 7144
f 7132 1858 7140
f 7144 7140 1856
f 7143 7144 7142
f 447 7145 7148
f 7145 1859 7146
f 7148 7146 1860
f 7126 7148 7147
f 1859 7149 7151
f 7149 361 6189
f 7151 6189 1614
f 7146 7151 7150
f 1860 7150 7153
f 7150 1614 6186
f 7153 6186 363
f 7152 7153 6789
f 1853 7147 7154
f 7147 1860 7152
f 7154 7152 1774
f 7129 7154 6786
f 447 7133 7157
f 7133 1857 7155
f 7157 7155 1862
f 7145 7157 7156
f 1857 7143 7160
f 7143 448 7158
f 7160 7158 1861
f 7155 7160 7159
f 1862 7159 7163
f 7159 1861 7161
f 7163 7161 359
f 7162 7163 6165
f 1859 7156 7164
f 7156 1862 7162
f 7164 7162 1608
f 7149 7164 6162
f 449 7165 7169
f 7165 1863 7166
f 7169 7166 1867
f 7168 7169 7167
f 1863 7170 7173
f 7170 452 7171
f 7173 7171 1864
f 7166 7173 7172
f 1867 7172 7177
f 7172 1864 7174
f 7177 7174 451
f 7176 7177 7175
f 1866 7167 7180
f 7167 1867 7176
f 7180 7176 1865
f 7179 7180 7178
f 449 7138 7183
f 7138 1855 7181
f 7183 7181 1869
f 7165 7183 7182
f 1855 7135 7185
f 7135 444 7106
f 7185 7106 1847
f 7181 7185 7184
f 1869 7184 7188
f 7184 1847 7103
f 7188 7103 445
f 7187 7188 7186
f 1863 7182 7190
f 7182 1869 7187
f 7190 7187 1868
f 7170 7190 7189
f 449 7168 7193
f 7168 1866 7191
f 7193 7191 1872
f 7139 7193 7192
f 1866 7179 7196
f 7179 450 7194
f 7196 7194 1870
f 7191 7196 7195
f 1872 7195 7200
f 7195 1870 7197
f 7200 7197 453
f 7199 7200 7198
f 1856 7192 7202
f 7192 1872 7199
f 7202 7199 1871
f 7142 7202 7201
f 453 7197 7206
f 7197 1870 7203
f 7206 7203 1876
f 7205 7206 7204
f 1870 7194 7209
f 7194 450 7207
f 7209 7207 1873
f 7203 7209 7208
f 1876 7208 7213
f 7208 1873 7210
f 7213 7210 455
f 7212 7213 7211
f 1875 7204 7216
f 7204 1876 7212
f 7216 7212 1874
f 7215 7216 7214
f 453 7217 7220
f 7217 1877 7218
f 7220 7218 1878
f 7198 7220 7219
f 1877 7221 7223
f 7221 358 6141
f 7223 6141 1602
f 7218 7223 7222
f 1878 7222 7225
f 7222 1602 6138
f 7225 6138 359
f 7224 7225 7161
f 1871 7219 7226
f 7219 1878 7224
f 7226 7224 1861
f 7201 7226 7158
f 453 7205 7229
f 7205 1875 7227
f 7229 7227 1880
f 7217 7229 7228
f 1875 7215 7232
f 7215 454 7230
f 7232 7230 1879
f 7227 7232 7231
f 1880 7231 7235
f 7231 1879 7233
f 7235 7233 357
f 7234 7235 6123
f 1877 7228 7236
f 7228 1880 7234
f 7236 7234 1597
f 7221 7236 6120
f 455 7237 7241
f 7237 1881 7238
f 7241 7238 1885
f 7240 7241 7239
f 1881 7242 7245
f 7242 456 7243
f 7245 7243 1882
f 7238 7245 7244
f 1885 7244 7249
f 7244 1882 7246
f 7249 7246 329
f 7248 7249 7247
f 1884 7239 7252
f 7239 1885 7248
f 7252 7248 1883
f 7251 7252 7250
f 455 7210 7255
f 7210 1873 7253
f 7255 7253 1887
f 7237 7255 7254
f 1873 7207 7257
f 7207 450 7178
f 7257 7178 1865
f 7253 7257 7256
f 1887 7256 7260
f 7256 1865 7175
f 7260 7175 451
f 7259 7260 7258
f 1881 7254 7262
f 7254 1887 7259
f 7262 7259 1886
f 7242 7262 7261
f 455 7240 7265
f 7240 1884 7263
f 7265 7263 1890
f 7211 7265 7264
f 1884 7251 7268
f 7251 331 7266
f 7268 7266 1888
f 7263 7268 7267
f 1890 7267 7272
f 7267 1888 7269
f 7272 7269 333
f 7271 7272 7270
f 1874 7264 7274
f 7264 1890 7271
f 7274 7271 1889
f 7214 7274 7273
f 456 7275 7278
f 7275 1891 7276
f 7278 7276 1893
f 7243 7278 7277
f 1891 7279 7281
f 7279 326 5779
f 7281 5779 1503
f 7276 7281 7280
f 1893 7280 7284
f 7280 1503 5776
f 7284 5776 327
f 7283 7284 7282
f 1882 7277 7286
f 7277 1893 7283
f 7286 7283 1892
f 7246 7286 7285
f 456 7261 7289
f 7261 1886 7287
f 7289 7287 1896
f 7275 7289 7288
f 1886 7258 7292
f 7258 451 7290
f 7292 7290 1894
f 7287 7292 7291
f 1896 7291 7296
f 7291 1894 7293
f 7296 7293 457
f 7295 7296 7294
f 1891 7288 7298
f 7288 1896 7295
f 7298 7295 1895
f 7279 7298 7297
f 457 7299 7302
f 7299 1897 7300
f 7302 7300 1898
f 7294 7302 7301
f 1897 7303 7305
f 7303 322 5739
f 7305 5739 1492
f 7300 7305 7304
f 1898 7304 7307
f 7304 1492 5736
f 7307 5736 323
f 7306 7307 5783
f 1895 7301 7308
f 7301 1898 7306
f 7308 7306 1504
f 7297 7308 5780
f 457 7309 7312
f 7309 1899 7310
f 7312 7310 1902
f 7299 7312 7311
f 1899 7313 7316
f 7313 459 7314
f 7316 7314 1900
f 7310 7316 7315
f 1902 7315 7320
f 7315 1900 7317
f 7320 7317 458
f 7319 7320 7318
f 1897 7311 7322
f 7311 1902 7319
f 7322 7319 1901
f 7303 7322 7321
f 457 7293 7325
f 7293 1894 7323
f 7325 7323 1904
f 7309 7325 7324
f 1894 7290 7327
f 7290 451 7174
f 7327 7174 1864
f 7323 7327 7326
f 1904 7326 7330
f 7326 1864 7171
f 7330 7171 452
f 7329 7330 7328
f 1899 7324 7332
f 7324 1904 7329
f 7332 7329 1903
f 7313 7332 7331
f 459 7333 7336
f 7333 1905 7334
f 7336 7334 1908
f 7314 7336 7335
f 1905 7337 7340
f 7337 461 7338
f 7340 7338 1906
f 7334 7340 7339
f 1908 7339 7344
f 7339 1906 7341
f 7344 7341 460
f 7343 7344 7342
f 1900 7335 7346
f 7335 1908 7343
f 7346 7343 1907
f 7317 7346 7345
f 459 7331 7349
f 7331 1903 7347
f 7349 7347 1910
f 7333 7349 7348
f 1903 7328 7351
f 7328 452 7189
f 7351 7189 1868
f 7347 7351 7350
f 1910 7350 7354
f 7350 1868 7186
f 7354 7186 445
f 7353 7354 7352
f 1905 7348 7356
f 7348 1910 7353
f 7356 7353 1909
f 7337 7356 7355
f 461 7357 7360
f 7357 1911 7358
f 7360 7358 1914
f 7338 7360 7359
f 1911 7361 7364
f 7361 463 7362
f 7364 7362 1912
f 7358 7364 7363
f 1914 7363 7368
f 7363 1912 7365
f 7368 7365 462
f 7367 7368 7366
f 1906 7359 7370
f 7359 1914 7367
f 7370 7367 1913
f 7341 7370 7369
f 461 7355 7373
f 7355 1909 7371
f 7373 7371 1916
f 7357 7373 7372
f 1909 7352 7375
f 7352 445 7102
f 7375 7102 1846
f 7371 7375 7374
f 1916 7374 7378
f 7374 1846 7099
f 7378 7099 446
f 7377 7378 7376
f 1911 7372 7380
f 7372 1916 7377
f 7380 7377 1915
f 7361 7380 7379
f 463 7381 7384
f 7381 1917 7382
f 7384 7382 1920
f 7362 7384 7383
f 1917 7385 7388
f 7385 465 7386
f 7388 7386 1918
f 7382 7388 7387
f 1920 7387 7392
f 7387 1918 7389
f 7392 7389 464
f 7391 7392 7390
f 1912 7383 7394
f 7383 1920 7391
f 7394 7391 1919
f 7365 7394 7393
f 463 7379 7397
f 7379 1915 7395
f 7397 7395 1922
f 7381 7397 7396
f 1915 7376 7399
f 7376 446 7117
f 7399 7117 1850
f 7395 7399 7398
f 1922 7398 7402
f 7398 1850 7114
f 7402 7114 422
f 7401 7402 7400
f 1917 7396 7404
f 7396 1922 7401
f 7404 7401 1921
f 7385 7404 7403
f 465 7405 7408
f 7405 1923 7406
f 7408 7406 1926
f 7386 7408 7407
f 1923 7409 7412
f 7409 417 7410
f 7412 7410 1924
f 7406 7412 7411
f 1926 7411 7416
f 7411 1924 7413
f 7416 7413 466
f 7415 7416 7414
f 1918 7407 7418
f 7407 1926 7415
f 7418 7415 1925
f 7389 7418 7417
f 465 7403 7421
f 7403 1921 7419
f 7421 7419 1927
f 7405 7421 7420
f 1921 7400 7423
f 7400 422 6722
f 7423 6722 1755
f 7419 7423 7422
f 1927 7422 7425
f 7422 1755 6719
f 7425 6719 416
f 7424 7425 6686
f 1923 7420 7426
f 7420 1927 7424
f 7426 7424 1745
f 7409 7426 6683
f 466 7427 7430
f 7427 1928 7428
f 7430 7428 1931
f 7414 7430 7429
f 1928 7431 7434
f 7431 468 7432
f 7434 7432 1929
f 7428 7434 7433
f 1931 7433 7438
f 7433 1929 7435
f 7438 7435 467
f 7437 7438 7436
f 1925 7429 7440
f 7429 1931 7437
f 7440 7437 1930
f 7417 7440 7439
f 466 7441 7444
f 7441 1932 7442
f 7444 7442 1935
f 7427 7444 7443
f 1932 7445 7448
f 7445 412 7446
f 7448 7446 1933
f 7442 7448 7447
f 1935 7447 7452
f 7447 1933 7449
f 7452 7449 469
f 7451 7452 7450
f 1928 7443 7454
f 7443 1935 7451
f 7454 7451 1934
f 7431 7454 7453
f 466 7413 7457
f 7413 1924 7455
f 7457 7455 1936
f 7441 7457 7456
f 1924 7410 7459
f 7410 417 6682
f 7459 6682 1744
f 7455 7459 7458
f 1936 7458 7461
f 7458 1744 6679
f 7461 6679 411
f 7460 7461 6646
f 1932 7456 7462
f 7456 1936 7460
f 7462 7460 1734
f 7445 7462 6643
f 469 7463 7466
f 7463 1937 7464
f 7466 7464 1940
f 7450 7466 7465
f 1937 7467 7470
f 7467 471 7468
f 7470 7468 1938
f 7464 7470 7469
f 1940 7469 7474
f 7469 1938 7471
f 7474 7471 470
f 7473 7474 7472
f 1934 7465 7476
f 7465 1940 7473
f 7476 7473 1939
f 7453 7476 7475
f 469 7477 7480
f 7477 1941 7478
f 7480 7478 1944
f 7463 7480 7479
f 1941 7481 7484
f 7481 407 7482
f 7484 7482 1942
f 7478 7484 7483
f 1944 7483 7488
f 7483 1942 7485
f 7488 7485 472
f 7487 7488 7486
f 1937 7479 7490
f 7479 1944 7487
f 7490 7487 1943
f 7467 7490 7489
f 469 7449 7493
f 7449 1933 7491
f 7493 7491 1945
f 7477 7493 7492
f 1933 7446 7495
f 7446 412 6642
f 7495 6642 1733
f 7491 7495 7494
f 1945 7494 7497
f 7494 1733 6639
f 7497 6639 406
f 7496 7497 6606
f 1941 7492 7498
f 7492 1945 7496
f 7498 7496 1723
f 7481 7498 6603
f 472 7499 7502
f 7499 1946 7500
f 7502 7500 1949
f 7486 7502 7501
f 1946 7503 7506
f 7503 474 7504
f 7506 7504 1947
f 7500 7506 7505
f 1949 7505 7510
f 7505 1947 7507
f 7510 7507 473
f 7509 7510 7508
f 1943 7501 7512
f 7501 1949 7509
f 7512 7509 1948
f 7489 7512 7511
f 472 7513 7516
f 7513 1950 7514
f 7516 7514 1953
f 7499 7516 7515
f 1950 7517 7520
f 7517 403 7518
f 7520 7518 1951
f 7514 7520 7519
f 1953 7519 7524
f 7519 1951 7521
f 7524 7521 475
f 7523 7524 7522
f 1946 7515 7526
f 7515 1953 7523
f 7526 7523 1952
f 7503 7526 7525
f 472 7485 7529
f 7485 1942 7527
f 7529 7527 1954
f 7513 7529 7528
f 1942 7482 7531
f 7482 407 6602
f 7531 6602 1722
f 7527 7531 7530
f 1954 7530 7533
f 7530 1722 6599
f 7533 6599 402
f 7532 7533 6568
f 1950 7528 7534
f 7528 1954 7532
f 7534 7532 1713
f 7517 7534 6565
f 475 7535 7538
f 7535 1955 7536
f 7538 7536 1957
f 7522 7538 7537
f 1955 7539 7541
f 7539 242 4836
f 7541 4836 1261
f 7536 7541 7540
f 1957 7540 7544
f 7540 1261 4833
f 7544 4833 241
f 7543 7544 7542
f 1952 7537 7546
f 7537 1957 7543
f 7546 7543 1956
f 7525 7546 7545
f 475 7547 7550
f 7547 1958 7548
f 7550 7548 1960
f 7535 7550 7549
f 1958 7551 7554
f 7551 400 7552
f 7554 7552 1959
f 7548 7554 7553
f 1960 7553 7557
f 7553 1959 7555
f 7557 7555 243
f 7556 7557 4846
f 1955 7549 7558
f 7549 1960 7556
f 7558 7556 1264
f 7539 7558 4843
f 475 7521 7561
f 7521 1951 7559
f 7561 7559 1961
f 7547 7561 7560
f 1951 7518 7563
f 7518 403 6564
f 7563 6564 1712
f 7559 7563 7562
f 1961 7562 7565
f 7562 1712 6561
f 7565 6561 399
f 7564 7565 6542
f 1958 7560 7566
f 7560 1961 7564
f 7566 7564 1706
f 7551 7566 6539
f 243 7555 7569
f 7555 1959 7567
f 7569 7567 1962
f 4861 7569 7568
f 1959 7552 7571
f 7552 400 6538
f 7571 6538 1705
f 7567 7571 7570
f 1962 7570 7573
f 7570 1705 6535
f 7573 6535 293
f 7572 7573 5418
f 1269 7568 7574
f 7568 1962 7572
f 7574 7572 1406
f 4865 7574 5415
f 241 4873 7577
f 4873 1272 7575
f 7577 7575 1964
f 7542 7577 7576
f 1272 4881 7580
f 4881 244 7578
f 7580 7578 1963
f 7575 7580 7579
f 1964 7579 7583
f 7579 1963 7581
f 7583 7581 473
f 7582 7583 7507
f 1956 7576 7584
f 7576 1964 7582
f 7584 7582 1947
f 7545 7584 7504
f 244 4885 7587
f 4885 1276 7585
f 7587 7585 1967
f 7578 7587 7586
f 1276 4895 7590
f 4895 246 7588
f 7590 7588 1965
f 7585 7590 7589
f 1967 7589 7594
f 7589 1965 7591
f 7594 7591 476
f 7593 7594 7592
f 1963 7586 7596
f 7586 1967 7593
f 7596 7593 1966
f 7581 7596 7595
f 246 4899 7599
f 4899 1280 7597
f 7599 7597 1970
f 7588 7599 7598
f 1280 4909 7602
f 4909 248 7600
f 7602 7600 1968
f 7597 7602 7601
f 1970 7601 7606
f 7601 1968 7603
f 7606 7603 477
f 7605 7606 7604
f 1965 7598 7608
f 7598 1970 7605
f 7608 7605 1969
f 7591 7608 7607
f 248 4913 7611
f 4913 1283 7609
f 7611 7609 1972
f 7600 7611 7610
f 1283 4921 7613
f 4921 58 5485
f 7613 5485 1424
f 7609 7613 7612
f 1972 7612 7616
f 7612 1424 5482
f 7616 5482 273
f 7615 7616 7614
f 1968 7610 7618
f 7610 1972 7615
f 7618 7615 1971
f 7603 7618 7617
f 477 7619 7622
f 7619 1973 7620
f 7622 7620 1976
f 7604 7622 7621
f 1973 7623 7626
f 7623 478 7624
f 7626 7624 1974
f 7620 7626 7625
f 1976 7625 7630
f 7625 1974 7627
f 7630 7627 470
f 7629 7630 7628
f 1969 7621 7632
f 7621 1976 7629
f 7632 7629 1975
f 7607 7632 7631
f 477 7617 7635
f 7617 1971 7633
f 7635 7633 1978
f 7619 7635 7634
f 1971 7614 7637
f 7614 273 5235
f 7637 5235 1357
f 7633 7637 7636
f 1978 7636 7640
f 7636 1357 5232
f 7640 5232 270
f 7639 7640 7638
f 1973 7634 7642
f 7634 1978 7639
f 7642 7639 1977
f 7623 7642 7641
f 478 7643 7646
f 7643 1979 7644
f 7646 7644 1980
f 7624 7646 7645
f 1979 7647 7649
f 7647 467 7435
f 7649 7435 1929
f 7644 7649 7648
f 1980 7648 7651
f 7648 1929 7432
f 7651 7432 468
f 7650 7651 7475
f 1974 7645 7652
f 7645 1980 7650
f 7652 7650 1939
f 7627 7652 7472
f 478 7641 7655
f 7641 1977 7653
f 7655 7653 1982
f 7643 7655 7654
f 1977 7638 7657
f 7638 270 5226
f 7657 5226 1354
f 7653 7657 7656
f 1982 7656 7660
f 7656 1354 5223
f 7660 5223 271
f 7659 7660 7658
f 1979 7654 7662
f 7654 1982 7659
f 7662 7659 1981
f 7647 7662 7661
f 476 7631 7665
f 7631 1975 7663
f 7665 7663 1983
f 7592 7665 7664
f 1975 7628 7667
f 7628 470 7471
f 7667 7471 1938
f 7663 7667 7666
f 1983 7666 7669
f 7666 1938 7468
f 7669 7468 471
f 7668 7669 7511
f 1966 7664 7670
f 7664 1983 7668
f 7670 7668 1948
f 7595 7670 7508
f 467 7661 7673
f 7661 1981 7671
f 7673 7671 1985
f 7436 7673 7672
f 1981 7658 7676
f 7658 271 7674
f 7676 7674 1984
f 7671 7676 7675
f 1985 7675 7679
f 7675 1984 7677
f 7679 7677 462
f 7678 7679 7393
f 1930 7672 7680
f 7672 1985 7678
f 7680 7678 1919
f 7439 7680 7390
f 462 7677 7683
f 7677 1984 7681
f 7683 7681 1987
f 7366 7683 7682
f 1984 7674 7685
f 7674 271 5222
f 7685 5222 1353
f 7681 7685 7684
f 1987 7684 7688
f 7684 1353 5219
f 7688 5219 272
f 7687 7688 7686
f 1913 7682 7690
f 7682 1987 7687
f 7690 7687 1986
f 7369 7690 7689
f 460 7689 7693
f 7689 1986 7691
f 7693 7691 1989
f 7342 7693 7692
f 1986 7686 7695
f 7686 272 5265
f 7695 5265 1365
f 7691 7695 7694
f 1989 7694 7698
f 7694 1365 5262
f 7698 5262 275
f 7697 7698 7696
f 1907 7692 7700
f 7692 1989 7697
f 7700 7697 1988
f 7345 7700 7699
f 458 7699 7703
f 7699 1988 7701
f 7703 7701 1990
f 7318 7703 7702
f 1988 7696 7705
f 7696 275 5343
f 7705 5343 1386
f 7701 7705 7704
f 1990 7704 7707
f 7704 1386 5340
f 7707 5340 282
f 7706 7707 5743
f 1901 7702 7708
f 7702 1990 7706
f 7708 7706 1493
f 7321 7708 5740
f 454 7273 7711
f 7273 1889 7709
f 7711 7709 1993
f 7230 7711 7710
f 1889 7270 7714
f 7270 333 7712
f 7714 7712 1991
f 7709 7714 7713
f 1993 7713 7718
f 7713 1991 7715
f 7718 7715 335
f 7717 7718 7716
f 1879 7710 7720
f 7710 1993 7717
f 7720 7717 1992
f 7233 7720 7719
f 408 7041 7723
f 7041 1833 7721
f 7723 7721 1994
f 6618 7723 7722
f 1833 7038 7725
f 7038 391 6489
f 7725 6489 1692
f 7721 7725 7724
f 1994 7724 7727
f 7724 1692 6486
f 7727 6486 393
f 7726 7727 6579
f 1728 7722 7728
f 7722 1994 7726
f 7728 7726 1717
f 6621 7728 6576
f 357 7719 7731
f 7719 1992 7729
f 7731 7729 1996
f 6124 7731 7730
f 1992 7716 7734
f 7716 335 7732
f 7734 7732 1995
f 7729 7734 7733
f 1996 7733 7737
f 7733 1995 7735
f 7737 7735 337
f 7736 7737 6097
f 1598 7730 7738
f 7730 1996 7736
f 7738 7736 1590
f 6127 7738 6094
f 315 5669 7741
f 5669 1474 7739
f 7741 7739 1998
f 5622 7741 7740
f 1474 5666 7743
f 5666 281 5326
f 7743 5326 1381
f 7739 7743 7742
f 1998 7742 7746
f 7742 1381 5323
f 7746 5323 278
f 7745 7746 7744
f 1462 7740 7748
f 7740 1998 7745
f 7748 7745 1997
f 5625 7748 7747
f 314 7749 7752
f 7749 1999 7750
f 7752 7750 2001
f 5626 7752 7751
f 1999 7753 7756
f 7753 479 7754
f 7756 7754 2000
f 7750 7756 7755
f 2001 7755 7759
f 7755 2000 7757
f 7759 7757 309
f 7758 7759 5585
f 1463 7751 7760
f 7751 2001 7758
f 7760 7758 1451
f 5629 7760 5582
f 314 7747 7763
f 7747 1997 7761
f 7763 7761 2003
f 7749 7763 7762
f 1997 7744 7765
f 7744 278 5316
f 7765 5316 1378
f 7761 7765 7764
f 2003 7764 7768
f 7764 1378 5313
f 7768 5313 279
f 7767 7768 7766
f 1999 7762 7770
f 7762 2003 7767
f 7770 7767 2002
f 7753 7770 7769
f 479 7771 7774
f 7771 2004 7772
f 7774 7772 2007
f 7754 7774 7773
f 2004 7775 7778
f 7775 481 7776
f 7778 7776 2005
f 7772 7778 7777
f 2007 7777 7782
f 7777 2005 7779
f 7782 7779 480
f 7781 7782 7780
f 2000 7773 7784
f 7773 2007 7781
f 7784 7781 2006
f 7757 7784 7783
f 479 7769 7787
f 7769 2002 7785
f 7787 7785 2009
f 7771 7787 7786
f 2002 7766 7789
f 7766 279 5367
f 7789 5367 1393
f 7785 7789 7788
f 2009 7788 7792
f 7788 1393 5364
f 7792 5364 288
f 7791 7792 7790
f 2004 7786 7794
f 7786 2009 7791
f 7794 7791 2008
f 7775 7794 7793
f 480 7795 7798
f 7795 2010 7796
f 7798 7796 2011
f 7780 7798 7797
f 2010 7799 7801
f 7799 304 5545
f 7801 5545 1440
f 7796 7801 7800
f 2011 7800 7803
f 7800 1440 5542
f 7803 5542 305
f 7802 7803 5589
f 2006 7797 7804
f 7797 2011 7802
f 7804 7802 1452
f 7783 7804 5586
f 308 5570 7807
f 5570 1446 7805
f 7807 7805 2012
f 6024 7807 7806
f 1446 5567 7809
f 5567 303 5534
f 7809 5534 1436
f 7805 7809 7808
f 2012 7808 7811
f 7808 1436 5531
f 7811 5531 257
f 7810 7811 5140
f 1573 7806 7812
f 7806 2012 7810
f 7812 7810 1329
f 6027 7812 5137
f 291 7813 7816
f 7813 2013 7814
f 7816 7814 2014
f 5402 7816 7815
f 2013 7817 7819
f 7817 287 5356
f 7819 5356 1389
f 7814 7819 7818
f 2014 7818 7821
f 7818 1389 5353
f 7821 5353 267
f 7820 7821 5210
f 1403 7815 7822
f 7815 2014 7820
f 7822 7820 1349
f 5405 7822 5207
f 483 7823 7827
f 7823 2015 7824
f 7827 7824 2018
f 7826 7827 7825
f 2015 7828 7831
f 7828 482 7829
f 7831 7829 2016
f 7824 7831 7830
f 2018 7830 7834
f 7830 2016 7832
f 7834 7832 54
f 7833 7834 2981
f 2017 7825 7836
f 7825 2018 7833
f 7836 7833 781
f 7835 7836 2978
f 483 7826 7840
f 7826 2017 7837
f 7840 7837 2020
f 7839 7840 7838
f 2017 7835 7842
f 7835 55 3005
f 7842 3005 787
f 7837 7842 7841
f 2020 7841 7844
f 7841 787 3002
f 7844 3002 56
f 7843 7844 3045
f 2019 7838 7846
f 7838 2020 7843
f 7846 7843 798
f 7845 7846 3042
f 485 7847 7850
f 7847 2021 7848
f 7850 7848 2024
f 3038 7850 7849
f 2021 7851 7854
f 7851 548 7852
f 7854 7852 2022
f 7848 7854 7853
f 2024 7853 7858
f 7853 2022 7855
f 7858 7855 518
f 7857 7858 7856
f 797 7849 7860
f 7849 2024 7857
f 7860 7857 2023
f 3041 7860 7859
f 485 3071 7863
f 3071 805 7861
f 7863 7861 2027
f 7847 7863 7862
f 805 3068 7866
f 3068 486 7864
f 7866 7864 2025
f 7861 7866 7865
f 2027 7865 7870
f 7865 2025 7867
f 7870 7867 519
f 7869 7870 7868
f 2021 7862 7872
f 7862 2027 7869
f 7872 7869 2026
f 7851 7872 7871
f 486 3067 7876
f 3067 804 7873
f 7876 7873 2030
f 7875 7876 7874
f 804 3064 7878
f 3064 86 4572
f 7878 4572 1196
f 7873 7878 7877
f 2030 7877 7881
f 7877 1196 4569
f 7881 4569 88
f 7880 7881 7879
f 2029 7874 7884
f 7874 2030 7880
f 7884 7880 2028
f 7883 7884 7882
f 487 7882 7888
f 7882 2028 7885
f 7888 7885 2033
f 7887 7888 7886
f 2028 7879 7890
f 7879 88 4536
f 7890 4536 1187
f 7885 7890 7889
f 2033 7889 7893
f 7889 1187 4533
f 7893 4533 90
f 7892 7893 7891
f 2032 7886 7896
f 7886 2033 7892
f 7896 7892 2031
f 7895 7896 7894
f 488 7894 7900
f 7894 2031 7897
f 7900 7897 2036
f 7899 7900 7898
f 2031 7891 7902
f 7891 90 4563
f 7902 4563 1194
f 7897 7902 7901
f 2036 7901 7905
f 7901 1194 4560
f 7905 4560 92
f 7904 7905 7903
f 2035 7898 7908
f 7898 2036 7904
f 7908 7904 2034
f 7907 7908 7906
f 489 7906 7912
f 7906 2034 7909
f 7912 7909 2039
f 7911 7912 7910
f 2034 7903 7914
f 7903 92 5023
f 7914 5023 1304
f 7909 7914 7913
f 2039 7913 7917
f 7913 1304 5020
f 7917 5020 94
f 7916 7917 7915
f 2038 7910 7920
f 7910 2039 7916
f 7920 7916 2037
f 7919 7920 7918
f 490 7918 7924
f 7918 2037 7921
f 7924 7921 2042
f 7923 7924 7922
f 2037 7915 7926
f 7915 94 5041
f 7926 5041 1307
f 7921 7926 7925
f 2042 7925 7929
f 7925 1307 5038
f 7929 5038 96
f 7928 7929 7927
f 2041 7922 7932
f 7922 2042 7928
f 7932 7928 2040
f 7931 7932 7930
f 491 7930 7936
f 7930 2040 7933
f 7936 7933 2045
f 7935 7936 7934
f 2040 7927 7938
f 7927 96 3372
f 7938 3372 887
f 7933 7938 7937
f 2045 7937 7941
f 7937 887 3369
f 7941 3369 98
f 7940 7941 7939
f 2044 7934 7944
f 7934 2045 7940
f 7944 7940 2043
f 7943 7944 7942
f 492 7942 7948
f 7942 2043 7945
f 7948 7945 2048
f 7947 7948 7946
f 2043 7939 7950
f 7939 98 3348
f 7950 3348 881
f 7945 7950 7949
f 2048 7949 7953
f 7949 881 3345
f 7953 3345 100
f 7952 7953 7951
f 2047 7946 7956
f 7946 2048 7952
f 7956 7952 2046
f 7955 7956 7954
f 493 7954 7960
f 7954 2046 7957
f 7960 7957 2051
f 7959 7960 7958
f 2046 7951 7962
f 7951 100 3324
f 7962 3324 875
f 7957 7962 7961
f 2051 7961 7965
f 7961 875 3321
f 7965 3321 102
f 7964 7965 7963
f 2050 7958 7968
f 7958 2051 7964
f 7968 7964 2049
f 7967 7968 7966
f 494 7966 7972
f 7966 2049 7969
f 7972 7969 2054
f 7971 7972 7970
f 2049 7963 7974
f 7963 102 3288
f 7974 3288 866
f 7969 7974 7973
f 2054 7973 7977
f 7973 866 3285
f 7977 3285 104
f 7976 7977 7975
f 2053 7970 7980
f 7970 2054 7976
f 7980 7976 2052
f 7979 7980 7978
f 495 7978 7984
f 7978 2052 7981
f 7984 7981 2057
f 7983 7984 7982
f 2052 7975 7986
f 7975 104 3260
f 7986 3260 859
f 7981 7986 7985
f 2057 7985 7989
f 7985 859 3255
f 7989 3255 106
f 7988 7989 7987
f 2056 7982 7992
f 7982 2057 7988
f 7992 7988 2055
f 7991 7992 7990
f 496 7990 7996
f 7990 2055 7993
f 7996 7993 2060
f 7995 7996 7994
f 2055 7987 7998
f 7987 106 3273
f 7998 3273 864
f 7993 7998 7997
f 2060 7997 8001
f 7997 864 3279
f 8001 3279 77
f 8000 8001 7999
f 2059 7994 8004
f 7994 2060 8000
f 8004 8000 2058
f 8003 8004 8002
f 497 8002 8008
f 8002 2058 8005
f 8008 8005 2063
f 8007 8008 8006
f 2058 7999 8010
f 7999 77 2927
f 8010 2927 767
f 8005 8010 8009
f 2063 8009 8013
f 8009 767 2924
f 8013 2924 76
f 8012 8013 8011
f 2062 8006 8016
f 8006 2063 8012
f 8016 8012 2061
f 8015 8016 8014
f 498 8014 8020
f 8014 2061 8017
f 8020 8017 2065
f 8019 8020 8018
f 2061 8011 8022
f 8011 76 2957
f 8022 2957 775
f 8017 8022 8021
f 2065 8021 8024
f 8021 775 2954
f 8024 2954 54
f 8023 8024 7832
f 2064 8018 8026
f 8018 2065 8023
f 8026 8023 2016
f 8025 8026 7829
f 499 8027 8031
f 8027 2066 8028
f 8031 8028 2069
f 8030 8031 8029
f 2066 8032 8034
f 8032 297 5701
f 8034 5701 1482
f 8028 8034 8033
f 2069 8033 8037
f 8033 1482 5698
f 8037 5698 296
f 8036 8037 8035
f 2068 8029 8040
f 8029 2069 8036
f 8040 8036 2067
f 8039 8040 8038
f 499 8041 8044
f 8041 2070 8042
f 8044 8042 2071
f 8027 8044 8043
f 2070 8045 8047
f 8045 501 5764
f 8047 5764 1498
f 8042 8047 8046
f 2071 8046 8049
f 8046 1498 5761
f 8049 5761 298
f 8048 8049 5725
f 2066 8043 8050
f 8043 2071 8048
f 8050 8048 1488
f 8032 8050 5722
f 502 5768 8054
f 5768 1499 8051
f 8054 8051 2075
f 8053 8054 8052
f 1499 5765 8057
f 5765 501 8055
f 8057 8055 2072
f 8051 8057 8056
f 2075 8056 8061
f 8056 2072 8058
f 8061 8058 534
f 8060 8061 8059
f 2074 8052 8064
f 8052 2075 8060
f 8064 8060 2073
f 8063 8064 8062
f 502 8053 8067
f 8053 2074 8065
f 8067 8065 2078
f 5788 8067 8066
f 2074 8063 8070
f 8063 549 8068
f 8070 8068 2076
f 8065 8070 8069
f 2078 8069 8074
f 8069 2076 8071
f 8074 8071 536
f 8073 8074 8072
f 1506 8066 8076
f 8066 2078 8073
f 8076 8073 2077
f 5791 8076 8075
f 503 8077 8080
f 8077 2079 8078
f 8080 8078 2081
f 5792 8080 8079
f 2079 8081 8084
f 8081 504 8082
f 8084 8082 2080
f 8078 8084 8083
f 2081 8083 8087
f 8083 2080 8085
f 8087 8085 329
f 8086 8087 7285
f 1507 8079 8088
f 8079 2081 8086
f 8088 8086 1892
f 5795 8088 7282
f 504 8089 8092
f 8089 2082 8090
f 8092 8090 2084
f 8082 8092 8091
f 2082 8093 8096
f 8093 505 8094
f 8096 8094 2083
f 8090 8096 8095
f 2084 8095 8099
f 8095 2083 8097
f 8099 8097 331
f 8098 8099 7250
f 2080 8091 8100
f 8091 2084 8098
f 8100 8098 1883
f 8085 8100 7247
f 505 8101 8104
f 8101 2085 8102
f 8104 8102 2087
f 8094 8104 8103
f 2085 8105 8108
f 8105 506 8106
f 8108 8106 2086
f 8102 8108 8107
f 2087 8107 8111
f 8107 2086 8109
f 8111 8109 333
f 8110 8111 7269
f 2083 8103 8112
f 8103 2087 8110
f 8112 8110 1888
f 8097 8112 7266
f 506 8113 8116
f 8113 2088 8114
f 8116 8114 2090
f 8106 8116 8115
f 2088 8117 8120
f 8117 507 8118
f 8120 8118 2089
f 8114 8120 8119
f 2090 8119 8123
f 8119 2089 8121
f 8123 8121 335
f 8122 8123 7715
f 2086 8115 8124
f 8115 2090 8122
f 8124 8122 1991
f 8109 8124 7712
f 507 8125 8128
f 8125 2091 8126
f 8128 8126 2093
f 8118 8128 8127
f 2091 8129 8132
f 8129 508 8130
f 8132 8130 2092
f 8126 8132 8131
f 2093 8131 8135
f 8131 2092 8133
f 8135 8133 337
f 8134 8135 7735
f 2089 8127 8136
f 8127 2093 8134
f 8136 8134 1995
f 8121 8136 7732
f 508 8137 8140
f 8137 2094 8138
f 8140 8138 2096
f 8130 8140 8139
f 2094 8141 8144
f 8141 509 8142
f 8144 8142 2095
f 8138 8144 8143
f 2096 8143 8147
f 8143 2095 8145
f 8147 8145 339
f 8146 8147 6101
f 2092 8139 8148
f 8139 2096 8146
f 8148 8146 1591
f 8133 8148 6098
f 509 8149 8152
f 8149 2097 8150
f 8152 8150 2099
f 8142 8152 8151
f 2097 8153 8156
f 8153 510 8154
f 8156 8154 2098
f 8150 8156 8155
f 2099 8155 8159
f 8155 2098 8157
f 8159 8157 341
f 8158 8159 6077
f 2095 8151 8160
f 8151 2099 8158
f 8160 8158 1585
f 8145 8160 6074
f 510 8161 8164
f 8161 2100 8162
f 8164 8162 2102
f 8154 8164 8163
f 2100 8165 8168
f 8165 511 8166
f 8168 8166 2101
f 8162 8168 8167
f 2102 8167 8171
f 8167 2101 8169
f 8171 8169 343
f 8170 8171 6053
f 2098 8163 8172
f 8163 2102 8170
f 8172 8170 1579
f 8157 8172 6050
f 511 8173 8176
f 8173 2103 8174
f 8176 8174 2105
f 8166 8176 8175
f 2103 8177 8180
f 8177 512 8178
f 8180 8178 2104
f 8174 8180 8179
f 2105 8179 8183
f 8179 2104 8181
f 8183 8181 345
f 8182 8183 6017
f 2101 8175 8184
f 8175 2105 8182
f 8184 8182 1570
f 8169 8184 6014
f 512 8185 8188
f 8185 2106 8186
f 8188 8186 2108
f 8178 8188 8187
f 2106 8189 8192
f 8189 513 8190
f 8192 8190 2107
f 8186 8192 8191
f 2108 8191 8195
f 8191 2107 8193
f 8195 8193 347
f 8194 8195 5982
f 2104 8187 8196
f 8187 2108 8194
f 8196 8194 1564
f 8181 8196 5993
f 513 8197 8200
f 8197 2109 8198
f 8200 8198 2111
f 8190 8200 8199
f 2109 8201 8204
f 8201 514 8202
f 8204 8202 2110
f 8198 8204 8203
f 2111 8203 8207
f 8203 2110 8205
f 8207 8205 318
f 8206 8207 5999
f 2107 8199 8208
f 8199 2111 8206
f 8208 8206 1566
f 8193 8208 5995
f 514 8209 8212
f 8209 2112 8210
f 8212 8210 2114
f 8202 8212 8211
f 2112 8213 8216
f 8213 515 8214
f 8216 8214 2113
f 8210 8216 8215
f 2114 8215 8219
f 8215 2113 8217
f 8219 8217 317
f 8218 8219 5654
f 2110 8211 8220
f 8211 2114 8218
f 8220 8218 1469
f 8205 8220 5651
f 515 8221 8224
f 8221 2115 8222
f 8224 8222 2116
f 8214 8224 8223
f 2115 8225 8227
f 8225 500 8038
f 8227 8038 2067
f 8222 8227 8226
f 2116 8226 8229
f 8226 2067 8035
f 8229 8035 296
f 8228 8229 5677
f 2113 8223 8230
f 8223 2116 8228
f 8230 8228 1476
f 8217 8230 5674
f 517 8231 8235
f 8231 2117 8232
f 8235 8232 2120
f 8234 8235 8233
f 2117 8236 8239
f 8236 516 8237
f 8239 8237 2118
f 8232 8239 8238
f 2120 8238 8242
f 8238 2118 8240
f 8242 8240 482
f 8241 8242 7828
f 2119 8233 8244
f 8233 2120 8241
f 8244 8241 2015
f 8243 8244 7823
f 517 8234 8248
f 8234 2119 8245
f 8248 8245 2122
f 8247 8248 8246
f 2119 8243 8250
f 8243 483 7839
f 8250 7839 2019
f 8245 8250 8249
f 2122 8249 8252
f 8249 2019 7845
f 8252 7845 484
f 8251 8252 7859
f 2121 8246 8254
f 8246 2122 8251
f 8254 8251 2023
f 8253 8254 7856
f 519 7867 8258
f 7867 2025 8255
f 8258 8255 2125
f 8257 8258 8256
f 2025 7864 8260
f 7864 486 7875
f 8260 7875 2029
f 8255 8260 8259
f 2125 8259 8263
f 8259 2029 7883
f 8263 7883 487
f 8262 8263 8261
f 2124 8256 8266
f 8256 2125 8262
f 8266 8262 2123
f 8265 8266 8264
f 520 8264 8270
f 8264 2123 8267
f 8270 8267 2128
f 8269 8270 8268
f 2123 8261 8272
f 8261 487 7887
f 8272 7887 2032
f 8267 8272 8271
f 2128 8271 8275
f 8271 2032 7895
f 8275 7895 488
f 8274 8275 8273
f 2127 8268 8278
f 8268 2128 8274
f 8278 8274 2126
f 8277 8278 8276
f 521 8276 8282
f 8276 2126 8279
f 8282 8279 2131
f 8281 8282 8280
f 2126 8273 8284
f 8273 488 7899
f 8284 7899 2035
f 8279 8284 8283
f 2131 8283 8287
f 8283 2035 7907
f 8287 7907 489
f 8286 8287 8285
f 2130 8280 8290
f 8280 2131 8286
f 8290 8286 2129
f 8289 8290 8288
f 522 8288 8294
f 8288 2129 8291
f 8294 8291 2134
f 8293 8294 8292
f 2129 8285 8296
f 8285 489 7911
f 8296 7911 2038
f 8291 8296 8295
f 2134 8295 8299
f 8295 2038 7919
f 8299 7919 490
f 8298 8299 8297
f 2133 8292 8302
f 8292 2134 8298
f 8302 8298 2132
f 8301 8302 8300
f 523 8300 8306
f 8300 2132 8303
f 8306 8303 2137
f 8305 8306 8304
f 2132 8297 8308
f 8297 490 7923
f 8308 7923 2041
f 8303 8308 8307
f 2137 8307 8311
f 8307 2041 7931
f 8311 7931 491
f 8310 8311 8309
f 2136 8304 8314
f 8304 2137 8310
f 8314 8310 2135
f 8313 8314 8312
f 524 8312 8318
f 8312 2135 8315
f 8318 8315 2140
f 8317 8318 8316
f 2135 8309 8320
f 8309 491 7935
f 8320 7935 2044
f 8315 8320 8319
f 2140 8319 8323
f 8319 2044 7943
f 8323 7943 492
f 8322 8323 8321
f 2139 8316 8326
f 8316 2140 8322
f 8326 8322 2138
f 8325 8326 8324
f 525 8324 8330
f 8324 2138 8327
f 8330 8327 2143
f 8329 8330 8328
f 2138 8321 8332
f 8321 492 7947
f 8332 7947 2047
f 8327 8332 8331
f 2143 8331 8335
f 8331 2047 7955
f 8335 7955 493
f 8334 8335 8333
f 2142 8328 8338
f 8328 2143 8334
f 8338 8334 2141
f 8337 8338 8336
f 526 8336 8342
f 8336 2141 8339
f 8342 8339 2146
f 8341 8342 8340
f 2141 8333 8344
f 8333 493 7959
f 8344 7959 2050
f 8339 8344 8343
f 2146 8343 8347
f 8343 2050 7967
f 8347 7967 494
f 8346 8347 8345
f 2145 8340 8350
f 8340 2146 8346
f 8350 8346 2144
f 8349 8350 8348
f 527 8348 8354
f 8348 2144 8351
f 8354 8351 2149
f 8353 8354 8352
f 2144 8345 8356
f 8345 494 7971
f 8356 7971 2053
f 8351 8356 8355
f 2149 8355 8359
f 8355 2053 7979
f 8359 7979 495
f 8358 8359 8357
f 2148 8352 8362
f 8352 2149 8358
f 8362 8358 2147
f 8361 8362 8360
f 528 8360 8366
f 8360 2147 8363
f 8366 8363 2152
f 8365 8366 8364
f 2147 8357 8368
f 8357 495 7983
f 8368 7983 2056
f 8363 8368 8367
f 2152 8367 8371
f 8367 2056 7991
f 8371 7991 496
f 8370 8371 8369
f 2151 8364 8374
f 8364 2152 8370
f 8374 8370 2150
f 8373 8374 8372
f 529 8372 8378
f 8372 2150 8375
f 8378 8375 2155
f 8377 8378 8376
f 2150 8369 8380
f 8369 496 7995
f 8380 7995 2059
f 8375 8380 8379
f 2155 8379 8383
f 8379 2059 8003
f 8383 8003 497
f 8382 8383 8381
f 2154 8376 8386
f 8376 2155 8382
f 8386 8382 2153
f 8385 8386 8384
f 530 8384 8390
f 8384 2153 8387
f 8390 8387 2158
f 8389 8390 8388
f 2153 8381 8392
f 8381 497 8007
f 8392 8007 2062
f 8387 8392 8391
f 2158 8391 8395
f 8391 2062 8015
f 8395 8015 498
f 8394 8395 8393
f 2157 8388 8398
f 8388 2158 8394
f 8398 8394 2156
f 8397 8398 8396
f 531 8396 8402
f 8396 2156 8399
f 8402 8399 2160
f 8401 8402 8400
f 2156 8393 8404
f 8393 498 8019
f 8404 8019 2064
f 8399 8404 8403
f 2160 8403 8406
f 8403 2064 8025
f 8406 8025 482
f 8405 8406 8240
f 2159 8400 8408
f 8400 2160 8405
f 8408 8405 2118
f 8407 8408 8237
f 532 8409 8413
f 8409 2161 8410
f 8413 8410 2164
f 8412 8413 8411
f 2161 8414 8416
f 8414 499 8030
f 8416 8030 2068
f 8410 8416 8415
f 2164 8415 8419
f 8415 2068 8039
f 8419 8039 500
f 8418 8419 8417
f 2163 8411 8422
f 8411 2164 8418
f 8422 8418 2162
f 8421 8422 8420
f 532 8423 8426
f 8423 2165 8424
f 8426 8424 2166
f 8409 8426 8425
f 2165 8427 8429
f 8427 534 8058
f 8429 8058 2072
f 8424 8429 8428
f 2166 8428 8431
f 8428 2072 8055
f 8431 8055 501
f 8430 8431 8045
f 2161 8425 8432
f 8425 2166 8430
f 8432 8430 2070
f 8414 8432 8041
f 536 8433 8436
f 8433 2167 8434
f 8436 8434 2169
f 8072 8436 8435
f 2167 8437 8440
f 8437 535 8438
f 8440 8438 2168
f 8434 8440 8439
f 2169 8439 8443
f 8439 2168 8441
f 8443 8441 504
f 8442 8443 8081
f 2077 8435 8444
f 8435 2169 8442
f 8444 8442 2079
f 8075 8444 8077
f 535 8445 8448
f 8445 2170 8446
f 8448 8446 2172
f 8438 8448 8447
f 2170 8449 8452
f 8449 537 8450
f 8452 8450 2171
f 8446 8452 8451
f 2172 8451 8455
f 8451 2171 8453
f 8455 8453 505
f 8454 8455 8093
f 2168 8447 8456
f 8447 2172 8454
f 8456 8454 2082
f 8441 8456 8089
f 537 8457 8460
f 8457 2173 8458
f 8460 8458 2175
f 8450 8460 8459
f 2173 8461 8464
f 8461 538 8462
f 8464 8462 2174
f 8458 8464 8463
f 2175 8463 8467
f 8463 2174 8465
f 8467 8465 506
f 8466 8467 8105
f 2171 8459 8468
f 8459 2175 8466
f 8468 8466 2085
f 8453 8468 8101
f 538 8469 8472
f 8469 2176 8470
f 8472 8470 2178
f 8462 8472 8471
f 2176 8473 8476
f 8473 539 8474
f 8476 8474 2177
f 8470 8476 8475
f 2178 8475 8479
f 8475 2177 8477
f 8479 8477 507
f 8478 8479 8117
f 2174 8471 8480
f 8471 2178 8478
f 8480 8478 2088
f 8465 8480 8113
f 539 8481 8484
f 8481 2179 8482
f 8484 8482 2181
f 8474 8484 8483
f 2179 8485 8488
f 8485 540 8486
f 8488 8486 2180
f 8482 8488 8487
f 2181 8487 8491
f 8487 2180 8489
f 8491 8489 508
f 8490 8491 8129
f 2177 8483 8492
f 8483 2181 8490
f 8492 8490 2091
f 8477 8492 8125
f 540 8493 8496
f 8493 2182 8494
f 8496 8494 2184
f 8486 8496 8495
f 2182 8497 8500
f 8497 541 8498
f 8500 8498 2183
f 8494 8500 8499
f 2184 8499 8503
f 8499 2183 8501
f 8503 8501 509
f 8502 8503 8141
f 2180 8495 8504
f 8495 2184 8502
f 8504 8502 2094
f 8489 8504 8137
f 541 8505 8508
f 8505 2185 8506
f 8508 8506 2187
f 8498 8508 8507
f 2185 8509 8512
f 8509 542 8510
f 8512 8510 2186
f 8506 8512 8511
f 2187 8511 8515
f 8511 2186 8513
f 8515 8513 510
f 8514 8515 8153
f 2183 8507 8516
f 8507 2187 8514
f 8516 8514 2097
f 8501 8516 8149
f 542 8517 8520
f 8517 2188 8518
f 8520 8518 2190
f 8510 8520 8519
f 2188 8521 8524
f 8521 543 8522
f 8524 8522 2189
f 8518 8524 8523
f 2190 8523 8527
f 8523 2189 8525
f 8527 8525 511
f 8526 8527 8165
f 2186 8519 8528
f 8519 2190 8526
f 8528 8526 2100
f 8513 8528 8161
f 543 8529 8532
f 8529 2191 8530
f 8532 8530 2193
f 8522 8532 8531
f 2191 8533 8536
f 8533 544 8534
f 8536 8534 2192
f 8530 8536 8535
f 2193 8535 8539
f 8535 2192 8537
f 8539 8537 512
f 8538 8539 8177
f 2189 8531 8540
f 8531 2193 8538
f 8540 8538 2103
f 8525 8540 8173
f 544 8541 8544
f 8541 2194 8542
f 8544 8542 2196
f 8534 8544 8543
f 2194 8545 8548
f 8545 545 8546
f 8548 8546 2195
f 8542 8548 8547
f 2196 8547 8551
f 8547 2195 8549
f 8551 8549 513
f 8550 8551 8189
f 2192 8543 8552
f 8543 2196 8550
f 8552 8550 2106
f 8537 8552 8185
f 545 8553 8556
f 8553 2197 8554
f 8556 8554 2199
f 8546 8556 8555
f 2197 8557 8560
f 8557 546 8558
f 8560 8558 2198
f 8554 8560 8559
f 2199 8559 8563
f 8559 2198 8561
f 8563 8561 514
f 8562 8563 8201
f 2195 8555 8564
f 8555 2199 8562
f 8564 8562 2109
f 8549 8564 8197
f 546 8565 8568
f 8565 2200 8566
f 8568 8566 2202
f 8558 8568 8567
f 2200 8569 8572
f 8569 547 8570
f 8572 8570 2201
f 8566 8572 8571
f 2202 8571 8575
f 8571 2201 8573
f 8575 8573 515
f 8574 8575 8213
f 2198 8567 8576
f 8567 2202 8574
f 8576 8574 2112
f 8561 8576 8209
f 547 8577 8580
f 8577 2203 8578
f 8580 8578 2204
f 8570 8580 8579
f 2203 8581 8583
f 8581 533 8420
f 8583 8420 2162
f 8578 8583 8582
f 2204 8582 8585
f 8582 2162 8417
f 8585 8417 500
f 8584 8585 8225
f 2201 8579 8586
f 8579 2204 8584
f 8586 8584 2115
f 8573 8586 8221
f 548 8587 8590
f 8587 2205 8588
f 8590 8588 2208
f 7852 8590 8589
f 2205 8591 8594
f 8591 582 8592
f 8594 8592 2206
f 8588 8594 8593
f 2208 8593 8598
f 8593 2206 8595
f 8598 8595 552
f 8597 8598 8596
f 2022 8589 8600
f 8589 2208 8597
f 8600 8597 2207
f 7855 8600 8599
f 548 7871 8603
f 7871 2026 8601
f 8603 8601 2211
f 8587 8603 8602
f 2026 7868 8606
f 7868 519 8604
f 8606 8604 2209
f 8601 8606 8605
f 2211 8605 8610
f 8605 2209 8607
f 8610 8607 553
f 8609 8610 8608
f 2205 8602 8612
f 8602 2211 8609
f 8612 8609 2210
f 8591 8612 8611
f 549 8062 8616
f 8062 2073 8613
f 8616 8613 2215
f 8615 8616 8614
f 2073 8059 8619
f 8059 534 8617
f 8619 8617 2212
f 8613 8619 8618
f 2215 8618 8623
f 8618 2212 8620
f 8623 8620 568
f 8622 8623 8621
f 2214 8614 8626
f 8614 2215 8622
f 8626 8622 2213
f 8625 8626 8624
f 549 8615 8629
f 8615 2214 8627
f 8629 8627 2218
f 8068 8629 8628
f 2214 8625 8632
f 8625 583 8630
f 8632 8630 2216
f 8627 8632 8631
f 2218 8631 8636
f 8631 2216 8633
f 8636 8633 570
f 8635 8636 8634
f 2076 8628 8638
f 8628 2218 8635
f 8638 8635 2217
f 8071 8638 8637
f 551 8639 8643
f 8639 2219 8640
f 8643 8640 2222
f 8642 8643 8641
f 2219 8644 8647
f 8644 550 8645
f 8647 8645 2220
f 8640 8647 8646
f 2222 8646 8650
f 8646 2220 8648
f 8650 8648 516
f 8649 8650 8236
f 2221 8641 8652
f 8641 2222 8649
f 8652 8649 2117
f 8651 8652 8231
f 551 8642 8656
f 8642 2221 8653
f 8656 8653 2224
f 8655 8656 8654
f 2221 8651 8658
f 8651 517 8247
f 8658 8247 2121
f 8653 8658 8657
f 2224 8657 8660
f 8657 2121 8253
f 8660 8253 518
f 8659 8660 8599
f 2223 8654 8662
f 8654 2224 8659
f 8662 8659 2207
f 8661 8662 8596
f 553 8607 8666
f 8607 2209 8663
f 8666 8663 2227
f 8665 8666 8664
f 2209 8604 8668
f 8604 519 8257
f 8668 8257 2124
f 8663 8668 8667
f 2227 8667 8671
f 8667 2124 8265
f 8671 8265 520
f 8670 8671 8669
f 2226 8664 8674
f 8664 2227 8670
f 8674 8670 2225
f 8673 8674 8672
f 554 8672 8678
f 8672 2225 8675
f 8678 8675 2230
f 8677 8678 8676
f 2225 8669 8680
f 8669 520 8269
f 8680 8269 2127
f 8675 8680 8679
f 2230 8679 8683
f 8679 2127 8277
f 8683 8277 521
f 8682 8683 8681
f 2229 8676 8686
f 8676 2230 8682
f 8686 8682 2228
f 8685 8686 8684
f 555 8684 8690
f 8684 2228 8687
f 8690 8687 2233
f 8689 8690 8688
f 2228 8681 8692
f 8681 521 8281
f 8692 8281 2130
f 8687 8692 8691
f 2233 8691 8695
f 8691 2130 8289
f 8695 8289 522
f 8694 8695 8693
f 2232 8688 8698
f 8688 2233 8694
f 8698 8694 2231
f 8697 8698 8696
f 556 8696 8702
f 8696 2231 8699
f 8702 8699 2236
f 8701 8702 8700
f 2231 8693 8704
f 8693 522 8293
f 8704 8293 2133
f 8699 8704 8703
f 2236 8703 8707
f 8703 2133 8301
f 8707 8301 523
f 8706 8707 8705
f 2235 8700 8710
f 8700 2236 8706
f 8710 8706 2234
f 8709 8710 8708
f 557 8708 8714
f 8708 2234 8711
f 8714 8711 2239
f 8713 8714 8712
f 2234 8705 8716
f 8705 523 8305
f 8716 8305 2136
f 8711 8716 8715
f 2239 8715 8719
f 8715 2136 8313
f 8719 8313 524
f 8718 8719 8717
f 2238 8712 8722
f 8712 2239 8718
f 8722 8718 2237
f 8721 8722 8720
f 558 8720 8726
f 8720 2237 8723
f 8726 8723 2242
f 8725 8726 8724
f 2237 8717 8728
f 8717 524 8317
f 8728 8317 2139
f 8723 8728 8727
f 2242 8727 8731
f 8727 2139 8325
f 8731 8325 525
f 8730 8731 8729
f 2241 8724 8734
f 8724 2242 8730
f 8734 8730 2240
f 8733 8734 8732
f 559 8732 8738
f 8732 2240 8735
f 8738 8735 2245
f 8737 8738 8736
f 2240 8729 8740
f 8729 525 8329
f 8740 8329 2142
f 8735 8740 8739
f 2245 8739 8743
f 8739 2142 8337
f 8743 8337 526
f 8742 8743 8741
f 2244 8736 8746
f 8736 2245 8742
f 8746 8742 2243
f 8745 8746 8744
f 560 8744 8750
f 8744 2243 8747
f 8750 8747 2248
f 8749 8750 8748
f 2243 8741 8752
f 8741 526 8341
f 8752 8341 2145
f 8747 8752 8751
f 2248 8751 8755
f 8751 2145 8349
f 8755 8349 527
f 8754 8755 8753
f 2247 8748 8758
f 8748 2248 8754
f 8758 8754 2246
f 8757 8758 8756
f 561 8756 8762
f 8756 2246 8759
f 8762 8759 2251
f 8761 8762 8760
f 2246 8753 8764
f 8753 527 8353
f 8764 8353 2148
f 8759 8764 8763
f 2251 8763 8767
f 8763 2148 8361
f 8767 8361 528
f 8766 8767 8765
f 2250 8760 8770
f 8760 2251 8766
f 8770 8766 2249
f 8769 8770 8768
f 562 8768 8774
f 8768 2249 8771
f 8774 8771 2254
f 8773 8774 8772
f 2249 8765 8776
f 8765 528 8365
f 8776 8365 2151
f 8771 8776 8775
f 2254 8775 8779
f 8775 2151 8373
f 8779 8373 529
f 8778 8779 8777
f 2253 8772 8782
f 8772 2254 8778
f 8782 8778 2252
f 8781 8782 8780
f 563 8780 8786
f 8780 2252 8783
f 8786 8783 2257
f 8785 8786 8784
f 2252 8777 8788
f 8777 529 8377
f 8788 8377 2154
f 8783 8788 8787
f 2257 8787 8791
f 8787 2154 8385
f 8791 8385 530
f 8790 8791 8789
f 2256 8784 8794
f 8784 2257 8790
f 8794 8790 2255
f 8793 8794 8792
f 564 8792 8798
f 8792 2255 8795
f 8798 8795 2260
f 8797 8798 8796
f 2255 8789 8800
f 8789 530 8389
f 8800 8389 2157
f 8795 8800 8799
f 2260 8799 8803
f 8799 2157 8397
f 8803 8397 531
f 8802 8803 8801
f 2259 8796 8806
f 8796 2260 8802
f 8806 8802 2258
f 8805 8806 8804
f 565 8804 8810
f 8804 2258 8807
f 8810 8807 2262
f 8809 8810 8808
f 2258 8801 8812
f 8801 531 8401
f 8812 8401 2159
f 8807 8812 8811
f 2262 8811 8814
f 8811 2159 8407
f 8814 8407 516
f 8813 8814 8648
f 2261 8808 8816
f 8808 2262 8813
f 8816 8813 2220
f 8815 8816 8645
f 566 8817 8821
f 8817 2263 8818
f 8821 8818 2266
f 8820 8821 8819
f 2263 8822 8824
f 8822 532 8412
f 8824 8412 2163
f 8818 8824 8823
f 2266 8823 8827
f 8823 2163 8421
f 8827 8421 533
f 8826 8827 8825
f 2265 8819 8830
f 8819 2266 8826
f 8830 8826 2264
f 8829 8830 8828
f 566 8831 8834
f 8831 2267 8832
f 8834 8832 2268
f 8817 8834 8833
f 2267 8835 8837
f 8835 568 8620
f 8837 8620 2212
f 8832 8837 8836
f 2268 8836 8839
f 8836 2212 8617
f 8839 8617 534
f 8838 8839 8427
f 2263 8833 8840
f 8833 2268 8838
f 8840 8838 2165
f 8822 8840 8423
f 570 8841 8844
f 8841 2269 8842
f 8844 8842 2271
f 8634 8844 8843
f 2269 8845 8848
f 8845 569 8846
f 8848 8846 2270
f 8842 8848 8847
f 2271 8847 8851
f 8847 2270 8849
f 8851 8849 535
f 8850 8851 8437
f 2217 8843 8852
f 8843 2271 8850
f 8852 8850 2167
f 8637 8852 8433
f 569 8853 8856
f 8853 2272 8854
f 8856 8854 2274
f 8846 8856 8855
f 2272 8857 8860
f 8857 571 8858
f 8860 8858 2273
f 8854 8860 8859
f 2274 8859 8863
f 8859 2273 8861
f 8863 8861 537
f 8862 8863 8449
f 2270 8855 8864
f 8855 2274 8862
f 8864 8862 2170
f 8849 8864 8445
f 571 8865 8868
f 8865 2275 8866
f 8868 8866 2277
f 8858 8868 8867
f 2275 8869 8872
f 8869 572 8870
f 8872 8870 2276
f 8866 8872 8871
f 2277 8871 8875
f 8871 2276 8873
f 8875 8873 538
f 8874 8875 8461
f 2273 8867 8876
f 8867 2277 8874
f 8876 8874 2173
f 8861 8876 8457
f 572 8877 8880
f 8877 2278 8878
f 8880 8878 2280
f 8870 8880 8879
f 2278 8881 8884
f 8881 573 8882
f 8884 8882 2279
f 8878 8884 8883
f 2280 8883 8887
f 8883 2279 8885
f 8887 8885 539
f 8886 8887 8473
f 2276 8879 8888
f 8879 2280 8886
f 8888 8886 2176
f 8873 8888 8469
f 573 8889 8892
f 8889 2281 8890
f 8892 8890 2283
f 8882 8892 8891
f 2281 8893 8896
f 8893 574 8894
f 8896 8894 2282
f 8890 8896 8895
f 2283 8895 8899
f 8895 2282 8897
f 8899 8897 540
f 8898 8899 8485
f 2279 8891 8900
f 8891 2283 8898
f 8900 8898 2179
f 8885 8900 8481
f 574 8901 8904
f 8901 2284 8902
f 8904 8902 2286
f 8894 8904 8903
f 2284 8905 8908
f 8905 575 8906
f 8908 8906 2285
f 8902 8908 8907
f 2286 8907 8911
f 8907 2285 8909
f 8911 8909 541
f 8910 8911 8497
f 2282 8903 8912
f 8903 2286 8910
f 8912 8910 2182
f 8897 8912 8493
f 575 8913 8916
f 8913 2287 8914
f 8916 8914 2289
f 8906 8916 8915
f 2287 8917 8920
f 8917 576 8918
f 8920 8918 2288
f 8914 8920 8919
f 2289 8919 8923
f 8919 2288 8921
f 8923 8921 542
f 8922 8923 8509
f 2285 8915 8924
f 8915 2289 8922
f 8924 8922 2185
f 8909 8924 8505
f 576 8925 8928
f 8925 2290 8926
f 8928 8926 2292
f 8918 8928 8927
f 2290 8929 8932
f 8929 577 8930
f 8932 8930 2291
f 8926 8932 8931
f 2292 8931 8935
f 8931 2291 8933
f 8935 8933 543
f 8934 8935 8521
f 2288 8927 8936
f 8927 2292 8934
f 8936 8934 2188
f 8921 8936 8517
f 577 8937 8940
f 8937 2293 8938
f 8940 8938 2295
f 8930 8940 8939
f 2293 8941 8944
f 8941 578 8942
f 8944 8942 2294
f 8938 8944 8943
f 2295 8943 8947
f 8943 2294 8945
f 8947 8945 544
f 8946 8947 8533
f 2291 8939 8948
f 8939 2295 8946
f 8948 8946 2191
f 8933 8948 8529
f 578 8949 8952
f 8949 2296 8950
f 8952 8950 2298
f 8942 8952 8951
f 2296 8953 8956
f 8953 579 8954
f 8956 8954 2297
f 8950 8956 8955
f 2298 8955 8959
f 8955 2297 8957
f 8959 8957 545
f 8958 8959 8545
f 2294 8951 8960
f 8951 2298 8958
f 8960 8958 2194
f 8945 8960 8541
f 579 8961 8964
f 8961 2299 8962
f 8964 8962 2301
f 8954 8964 8963
f 2299 8965 8968
f 8965 580 8966
f 8968 8966 2300
f 8962 8968 8967
f 2301 8967 8971
f 8967 2300 8969
f 8971 8969 546
f 8970 8971 8557
f 2297 8963 8972
f 8963 2301 8970
f 8972 8970 2197
f 8957 8972 8553
f 580 8973 8976
f 8973 2302 8974
f 8976 8974 2304
f 8966 8976 8975
f 2302 8977 8980
f 8977 581 8978
f 8980 8978 2303
f 8974 8980 8979
f 2304 8979 8983
f 8979 2303 8981
f 8983 8981 547
f 8982 8983 8569
f 2300 8975 8984
f 8975 2304 8982
f 8984 8982 2200
f 8969 8984 8565
f 581 8985 8988
f 8985 2305 8986
f 8988 8986 2306
f 8978 8988 8987
f 2305 8989 8991
f 8989 567 8828
f 8991 8828 2264
f 8986 8991 8990
f 2306 8990 8993
f 8990 2264 8825
f 8993 8825 533
f 8992 8993 8581
f 2303 8987 8994
f 8987 2306 8992
f 8994 8992 2203
f 8981 8994 8577
f 582 8995 8998
f 8995 2307 8996
f 8998 8996 2310
f 8592 8998 8997
f 2307 8999 9002
f 8999 616 9000
f 9002 9000 2308
f 8996 9002 9001
f 2310 9001 9006
f 9001 2308 9003
f 9006 9003 586
f 9005 9006 9004
f 2206 8997 9008
f 8997 2310 9005
f 9008 9005 2309
f 8595 9008 9007
f 582 8611 9011
f 8611 2210 9009
f 9011 9009 2313
f 8995 9011 9010
f 2210 8608 9014
f 8608 553 9012
f 9014 9012 2311
f 9009 9014 9013
f 2313 9013 9018
f 9013 2311 9015
f 9018 9015 587
f 9017 9018 9016
f 2307 9010 9020
f 9010 2313 9017
f 9020 9017 2312
f 8999 9020 9019
f 583 8624 9024
f 8624 2213 9021
f 9024 9021 2317
f 9023 9024 9022
f 2213 8621 9027
f 8621 568 9025
f 9027 9025 2314
f 9021 9027 9026
f 2317 9026 9031
f 9026 2314 9028
f 9031 9028 602
f 9030 9031 9029
f 2316 9022 9034
f 9022 2317 9030
f 9034 9030 2315
f 9033 9034 9032
f 583 9023 9037
f 9023 2316 9035
f 9037 9035 2320
f 8630 9037 9036
f 2316 9033 9040
f 9033 617 9038
f 9040 9038 2318
f 9035 9040 9039
f 2320 9039 9044
f 9039 2318 9041
f 9044 9041 604
f 9043 9044 9042
f 2216 9036 9046
f 9036 2320 9043
f 9046 9043 2319
f 8633 9046 9045
f 585 2722 9050
f 2722 711 9047
f 9050 9047 2323
f 9049 9050 9048
f 711 2719 9053
f 2719 584 9051
f 9053 9051 2321
f 9047 9053 9052
f 2323 9052 9056
f 9052 2321 9054
f 9056 9054 550
f 9055 9056 8644
f 2322 9048 9058
f 9048 2323 9055
f 9058 9055 2219
f 9057 9058 8639
f 585 9049 9061
f 9049 2322 9059
f 9061 9059 2324
f 2729 9061 9060
f 2322 9057 9063
f 9057 551 8655
f 9063 8655 2223
f 9059 9063 9062
f 2324 9062 9065
f 9062 2223 8661
f 9065 8661 552
f 9064 9065 9007
f 714 9060 9066
f 9060 2324 9064
f 9066 9064 2309
f 2732 9066 9004
f 587 9015 9069
f 9015 2311 9067
f 9069 9067 2326
f 3079 9069 9068
f 2311 9012 9071
f 9012 553 8665
f 9071 8665 2226
f 9067 9071 9070
f 2326 9070 9074
f 9070 2226 8673
f 9074 8673 554
f 9073 9074 9072
f 808 9068 9076
f 9068 2326 9073
f 9076 9073 2325
f 3082 9076 9075
f 588 9075 9079
f 9075 2325 9077
f 9079 9077 2328
f 3093 9079 9078
f 2325 9072 9081
f 9072 554 8677
f 9081 8677 2229
f 9077 9081 9080
f 2328 9080 9084
f 9080 2229 8685
f 9084 8685 555
f 9083 9084 9082
f 812 9078 9086
f 9078 2328 9083
f 9086 9083 2327
f 3096 9086 9085
f 589 9085 9089
f 9085 2327 9087
f 9089 9087 2330
f 3107 9089 9088
f 2327 9082 9091
f 9082 555 8689
f 9091 8689 2232
f 9087 9091 9090
f 2330 9090 9094
f 9090 2232 8697
f 9094 8697 556
f 9093 9094 9092
f 816 9088 9096
f 9088 2330 9093
f 9096 9093 2329
f 3110 9096 9095
f 590 9095 9099
f 9095 2329 9097
f 9099 9097 2332
f 3121 9099 9098
f 2329 9092 9101
f 9092 556 8701
f 9101 8701 2235
f 9097 9101 9100
f 2332 9100 9104
f 9100 2235 8709
f 9104 8709 557
f 9103 9104 9102
f 820 9098 9106
f 9098 2332 9103
f 9106 9103 2331
f 3124 9106 9105
f 591 9105 9109
f 9105 2331 9107
f 9109 9107 2334
f 3135 9109 9108
f 2331 9102 9111
f 9102 557 8713
f 9111 8713 2238
f 9107 9111 9110
f 2334 9110 9114
f 9110 2238 8721
f 9114 8721 558
f 9113 9114 9112
f 824 9108 9116
f 9108 2334 9113
f 9116 9113 2333
f 3138 9116 9115
f 592 9115 9119
f 9115 2333 9117
f 9119 9117 2336
f 3149 9119 9118
f 2333 9112 9121
f 9112 558 8725
f 9121 8725 2241
f 9117 9121 9120
f 2336 9120 9124
f 9120 2241 8733
f 9124 8733 559
f 9123 9124 9122
f 828 9118 9126
f 9118 2336 9123
f 9126 9123 2335
f 3152 9126 9125
f 593 9125 9129
f 9125 2335 9127
f 9129 9127 2338
f 3163 9129 9128
f 2335 9122 9131
f 9122 559 8737
f 9131 8737 2244
f 9127 9131 9130
f 2338 9130 9134
f 9130 2244 8745
f 9134 8745 560
f 9133 9134 9132
f 832 9128 9136
f 9128 2338 9133
f 9136 9133 2337
f 3166 9136 9135
f 594 9135 9139
f 9135 2337 9137
f 9139 9137 2340
f 3177 9139 9138
f 2337 9132 9141
f 9132 560 8749
f 9141 8749 2247
f 9137 9141 9140
f 2340 9140 9144
f 9140 2247 8757
f 9144 8757 561
f 9143 9144 9142
f 836 9138 9146
f 9138 2340 9143
f 9146 9143 2339
f 3180 9146 9145
f 595 9145 9149
f 9145 2339 9147
f 9149 9147 2342
f 3191 9149 9148
f 2339 9142 9151
f 9142 561 8761
f 9151 8761 2250
f 9147 9151 9150
f 2342 9150 9154
f 9150 2250 8769
f 9154 8769 562
f 9153 9154 9152
f 840 9148 9156
f 9148 2342 9153
f 9156 9153 2341
f 3194 9156 9155
f 596 9155 9159
f 9155 2341 9157
f 9159 9157 2344
f 3205 9159 9158
f 2341 9152 9161
f 9152 562 8773
f 9161 8773 2253
f 9157 9161 9160
f 2344 9160 9164
f 9160 2253 8781
f 9164 8781 563
f 9163 9164 9162
f 844 9158 9166
f 9158 2344 9163
f 9166 9163 2343
f 3208 9166 9165
f 597 9165 9169
f 9165 2343 9167
f 9169 9167 2346
f 3219 9169 9168
f 2343 9162 9171
f 9162 563 8785
f 9171 8785 2256
f 9167 9171 9170
f 2346 9170 9174
f 9170 2256 8793
f 9174 8793 564
f 9173 9174 9172
f 848 9168 9176
f 9168 2346 9173
f 9176 9173 2345
f 3222 9176 9175
f 598 9175 9179
f 9175 2345 9177
f 9179 9177 2348
f 3233 9179 9178
f 2345 9172 9181
f 9172 564 8797
f 9181 8797 2259
f 9177 9181 9180
f 2348 9180 9184
f 9180 2259 8805
f 9184 8805 565
f 9183 9184 9182
f 852 9178 9186
f 9178 2348 9183
f 9186 9183 2347
f 3236 9186 9185
f 599 9185 9189
f 9185 2347 9187
f 9189 9187 2349
f 3247 9189 9188
f 2347 9182 9191
f 9182 565 8809
f 9191 8809 2261
f 9187 9191 9190
f 2349 9190 9193
f 9190 2261 8815
f 9193 8815 550
f 9192 9193 9054
f 856 9188 9194
f 9188 2349 9192
f 9194 9192 2321
f 3250 9194 9051
f 600 9195 9198
f 9195 2350 9196
f 9198 9196 2352
f 5443 9198 9197
f 2350 9199 9201
f 9199 566 8820
f 9201 8820 2265
f 9196 9201 9200
f 2352 9200 9204
f 9200 2265 8829
f 9204 8829 567
f 9203 9204 9202
f 1414 9197 9206
f 9197 2352 9203
f 9206 9203 2351
f 5446 9206 9205
f 600 5465 9209
f 5465 1420 9207
f 9209 9207 2353
f 9195 9209 9208
f 1420 5462 9211
f 5462 602 9028
f 9211 9028 2314
f 9207 9211 9210
f 2353 9210 9213
f 9210 2314 9025
f 9213 9025 568
f 9212 9213 8835
f 2350 9208 9214
f 9208 2353 9212
f 9214 9212 2267
f 9199 9214 8831
f 604 5810 9217
f 5810 1511 9215
f 9217 9215 2355
f 9042 9217 9216
f 1511 5807 9220
f 5807 603 9218
f 9220 9218 2354
f 9215 9220 9219
f 2355 9219 9223
f 9219 2354 9221
f 9223 9221 569
f 9222 9223 8845
f 2319 9216 9224
f 9216 2355 9222
f 9224 9222 2269
f 9045 9224 8841
f 603 5825 9227
f 5825 1516 9225
f 9227 9225 2357
f 9218 9227 9226
f 1516 5822 9230
f 5822 605 9228
f 9230 9228 2356
f 9225 9230 9229
f 2357 9229 9233
f 9229 2356 9231
f 9233 9231 571
f 9232 9233 8857
f 2354 9226 9234
f 9226 2357 9232
f 9234 9232 2272
f 9221 9234 8853
f 605 5839 9237
f 5839 1520 9235
f 9237 9235 2359
f 9228 9237 9236
f 1520 5836 9240
f 5836 606 9238
f 9240 9238 2358
f 9235 9240 9239
f 2359 9239 9243
f 9239 2358 9241
f 9243 9241 572
f 9242 9243 8869
f 2356 9236 9244
f 9236 2359 9242
f 9244 9242 2275
f 9231 9244 8865
f 606 5853 9247
f 5853 1524 9245
f 9247 9245 2361
f 9238 9247 9246
f 1524 5850 9250
f 5850 607 9248
f 9250 9248 2360
f 9245 9250 9249
f 2361 9249 9253
f 9249 2360 9251
f 9253 9251 573
f 9252 9253 8881
f 2358 9246 9254
f 9246 2361 9252
f 9254 9252 2278
f 9241 9254 8877
f 607 5867 9257
f 5867 1528 9255
f 9257 9255 2363
f 9248 9257 9256
f 1528 5864 9260
f 5864 608 9258
f 9260 9258 2362
f 9255 9260 9259
f 2363 9259 9263
f 9259 2362 9261
f 9263 9261 574
f 9262 9263 8893
f 2360 9256 9264
f 9256 2363 9262
f 9264 9262 2281
f 9251 9264 8889
f 608 5881 9267
f 5881 1532 9265
f 9267 9265 2365
f 9258 9267 9266
f 1532 5878 9270
f 5878 609 9268
f 9270 9268 2364
f 9265 9270 9269
f 2365 9269 9273
f 9269 2364 9271
f 9273 9271 575
f 9272 9273 8905
f 2362 9266 9274
f 9266 2365 9272
f 9274 9272 2284
f 9261 9274 8901
f 609 5895 9277
f 5895 1536 9275
f 9277 9275 2367
f 9268 9277 9276
f 1536 5892 9280
f 5892 610 9278
f 9280 9278 2366
f 9275 9280 9279
f 2367 9279 9283
f 9279 2366 9281
f 9283 9281 576
f 9282 9283 8917
f 2364 9276 9284
f 9276 2367 9282
f 9284 9282 2287
f 9271 9284 8913
f 610 5909 9287
f 5909 1540 9285
f 9287 9285 2369
f 9278 9287 9286
f 1540 5906 9290
f 5906 611 9288
f 9290 9288 2368
f 9285 9290 9289
f 2369 9289 9293
f 9289 2368 9291
f 9293 9291 577
f 9292 9293 8929
f 2366 9286 9294
f 9286 2369 9292
f 9294 9292 2290
f 9281 9294 8925
f 611 5923 9297
f 5923 1544 9295
f 9297 9295 2371
f 9288 9297 9296
f 1544 5920 9300
f 5920 612 9298
f 9300 9298 2370
f 9295 9300 9299
f 2371 9299 9303
f 9299 2370 9301
f 9303 9301 578
f 9302 9303 8941
f 2368 9296 9304
f 9296 2371 9302
f 9304 9302 2293
f 9291 9304 8937
f 612 5937 9307
f 5937 1548 9305
f 9307 9305 2373
f 9298 9307 9306
f 1548 5934 9310
f 5934 613 9308
f 9310 9308 2372
f 9305 9310 9309
f 2373 9309 9313
f 9309 2372 9311
f 9313 9311 579
f 9312 9313 8953
f 2370 9306 9314
f 9306 2373 9312
f 9314 9312 2296
f 9301 9314 8949
f 613 5951 9317
f 5951 1552 9315
f 9317 9315 2375
f 9308 9317 9316
f 1552 5948 9320
f 5948 614 9318
f 9320 9318 2374
f 9315 9320 9319
f 2375 9319 9323
f 9319 2374 9321
f 9323 9321 580
f 9322 9323 8965
f 2372 9316 9324
f 9316 2375 9322
f 9324 9322 2299
f 9311 9324 8961
f 614 5965 9327
f 5965 1556 9325
f 9327 9325 2377
f 9318 9327 9326
f 1556 5962 9330
f 5962 615 9328
f 9330 9328 2376
f 9325 9330 9329
f 2377 9329 9333
f 9329 2376 9331
f 9333 9331 581
f 9332 9333 8977
f 2374 9326 9334
f 9326 2377 9332
f 9334 9332 2302
f 9321 9334 8973
f 615 5977 9337
f 5977 1559 9335
f 9337 9335 2378
f 9328 9337 9336
f 1559 5974 9339
f 5974 601 9205
f 9339 9205 2351
f 9335 9339 9338
f 2378 9338 9341
f 9338 2351 9202
f 9341 9202 567
f 9340 9341 8989
f 2376 9336 9342
f 9336 2378 9340
f 9342 9340 2305
f 9331 9342 8985
f 616 9343 9346
f 9343 2379 9344
f 9346 9344 2381
f 9000 9346 9345
f 2379 9347 9350
f 9347 84 9348
f 9350 9348 2380
f 9344 9350 9349
f 2381 9349 9353
f 9349 2380 9351
f 9353 9351 57
f 9352 9353 2736
f 2308 9345 9354
f 9345 2381 9352
f 9354 9352 715
f 9003 9354 2733
f 616 9019 9357
f 9019 2312 9355
f 9357 9355 2383
f 9343 9357 9356
f 2312 9016 9359
f 9016 587 3078
f 9359 3078 807
f 9355 9359 9358
f 2383 9358 9362
f 9358 807 3073
f 9362 3073 87
f 9361 9362 9360
f 2379 9356 9364
f 9356 2383 9361
f 9364 9361 2382
f 9347 9364 9363
f 617 9032 9368
f 9032 2315 9365
f 9368 9365 2386
f 9367 9368 9366
f 2315 9029 9370
f 9029 602 5461
f 9370 5461 1419
f 9365 9370 9369
f 2386 9369 9373
f 9369 1419 5458
f 9373 5458 299
f 9372 9373 9371
f 2385 9366 9376
f 9366 2386 9372
f 9376 9372 2384
f 9375 9376 9374
f 617 9367 9379
f 9367 2385 9377
f 9379 9377 2388
f 9038 9379 9378
f 2385 9375 9382
f 9375 325 9380
f 9382 9380 2387
f 9377 9382 9381
f 2388 9381 9385
f 9381 2387 9383
f 9385 9383 328
f 9384 9385 5800
f 2318 9378 9386
f 9378 2388 9384
f 9386 9384 1512
f 9041 9386 5811
f 2393 2392 1
f 2390 2393 2389
f 622 2391 2393
f 2391 621 2392
f 2397 2390 618
f 2395 2397 2394
f 619 2396 2397
f 2396 622 2390
f 2401 2400 622
f 2398 2401 2396
f 6 2399 2401
f 2399 620 2400
f 2404 2403 621
f 2400 2404 2391
f 620 2402 2404
f 2402 7 2403
f 2408 2389 1
f 2406 2408 2405
f 626 2407 2408
f 2407 618 2389
f 2412 2406 623
f 2410 2412 2409
f 624 2411 2412
f 2411 626 2406
f 2416 2415 626
f 2413 2416 2411
f 9 2414 2416
f 2414 625 2415
f 2418 2394 618
f 2415 2418 2407
f 625 2417 2418
f 2417 5 2394
f 2422 2421 1
f 2419 2422 2392
f 630 2420 2422
f 2420 629 2421
f 2425 2419 621
f 2423 2425 2403
f 627 2424 2425
f 2424 630 2419
f 2429 2428 630
f 2426 2429 2424
f 10 2427 2429
f 2427 628 2428
f 2432 2431 629
f 2428 2432 2420
f 628 2430 2432
f 2430 11 2431
f 2436 2405 1
f 2434 2436 2433
f 634 2435 2436
f 2435 623 2405
f 2440 2434 631
f 2438 2440 2437
f 632 2439 2440
f 2439 634 2434
f 2444 2443 634
f 2441 2444 2439
f 13 2442 2444
f 2442 633 2443
f 2446 2409 623
f 2443 2446 2435
f 633 2445 2446
f 2445 8 2409
f 2449 2433 1
f 2447 2449 2421
f 637 2448 2449
f 2448 631 2433
f 2452 2447 629
f 2450 2452 2431
f 635 2451 2452
f 2451 637 2447
f 2456 2455 637
f 2453 2456 2451
f 14 2454 2456
f 2454 636 2455
f 2458 2437 631
f 2455 2458 2448
f 636 2457 2458
f 2457 12 2437
f 2463 2462 2
f 2460 2463 2459
f 642 2461 2463
f 2461 641 2462
f 2467 2460 638
f 2465 2467 2464
f 639 2466 2467
f 2466 642 2460
f 2471 2470 642
f 2468 2471 2466
f 16 2469 2471
f 2469 640 2470
f 2474 2473 641
f 2470 2474 2461
f 640 2472 2474
f 2472 17 2473
f 2479 2478 2
f 2476 2479 2475
f 647 2477 2479
f 2477 646 2478
f 2483 2476 643
f 2481 2483 2480
f 644 2482 2483
f 2482 647 2476
f 2487 2486 647
f 2484 2487 2482
f 19 2485 2487
f 2485 645 2486
f 2490 2489 646
f 2486 2490 2477
f 645 2488 2490
f 2488 20 2489
f 2493 2475 2
f 2491 2493 2462
f 650 2492 2493
f 2492 643 2475
f 2496 2491 641
f 2494 2496 2473
f 648 2495 2496
f 2495 650 2491
f 2500 2499 650
f 2497 2500 2495
f 21 2498 2500
f 2498 649 2499
f 2502 2480 643
f 2499 2502 2492
f 649 2501 2502
f 2501 18 2480
f 2506 2459 2
f 2504 2506 2503
f 654 2505 2506
f 2505 638 2459
f 2510 2504 651
f 2508 2510 2507
f 652 2509 2510
f 2509 654 2504
f 2514 2513 654
f 2511 2514 2509
f 22 2512 2514
f 2512 653 2513
f 2516 2464 638
f 2513 2516 2505
f 653 2515 2516
f 2515 15 2464
f 2519 2503 2
f 2517 2519 2478
f 657 2518 2519
f 2518 651 2503
f 2522 2517 646
f 2520 2522 2489
f 655 2521 2522
f 2521 657 2517
f 2526 2525 657
f 2523 2526 2521
f 23 2524 2526
f 2524 656 2525
f 2528 2507 651
f 2525 2528 2518
f 656 2527 2528
f 2527 4 2507
f 2533 2532 3
f 2530 2533 2529
f 662 2531 2533
f 2531 661 2532
f 2537 2530 658
f 2535 2537 2534
f 659 2536 2537
f 2536 662 2530
f 2541 2540 662
f 2538 2541 2536
f 25 2539 2541
f 2539 660 2540
f 2544 2543 661
f 2540 2544 2531
f 660 2542 2544
f 2542 26 2543
f 2548 2547 3
f 2545 2548 2532
f 665 2546 2548
f 2546 664 2547
f 2551 2545 661
f 2549 2551 2543
f 663 2550 2551
f 2550 665 2545
f 2554 2553 665
f 2552 2554 2550
f 13 2441 2554
f 2441 632 2553
f 2556 2555 664
f 2553 2556 2546
f 632 2438 2556
f 2438 12 2555
f 2560 2559 3
f 2557 2560 2547
f 668 2558 2560
f 2558 667 2559
f 2562 2557 664
f 2457 2562 2555
f 636 2561 2562
f 2561 668 2557
f 2565 2564 668
f 2454 2565 2561
f 14 2563 2565
f 2563 666 2564
f 2568 2567 667
f 2564 2568 2558
f 666 2566 2568
f 2566 27 2567
f 2572 2508 4
f 2570 2572 2569
f 672 2571 2572
f 2571 652 2508
f 2576 2570 669
f 2574 2576 2573
f 670 2575 2576
f 2575 672 2570
f 2580 2579 672
f 2577 2580 2575
f 29 2578 2580
f 2578 671 2579
f 2582 2511 652
f 2579 2582 2571
f 671 2581 2582
f 2581 22 2511
f 2586 2569 4
f 2584 2586 2583
f 676 2585 2586
f 2585 669 2569
f 2590 2584 673
f 2588 2590 2587
f 674 2589 2590
f 2589 676 2584
f 2594 2593 676
f 2591 2594 2589
f 31 2592 2594
f 2592 675 2593
f 2596 2573 669
f 2593 2596 2585
f 675 2595 2596
f 2595 28 2573
f 2599 2583 4
f 2597 2599 2527
f 679 2598 2599
f 2598 673 2583
f 2602 2597 656
f 2600 2602 2524
f 677 2601 2602
f 2601 679 2597
f 2606 2605 679
f 2603 2606 2601
f 32 2604 2606
f 2604 678 2605
f 2608 2587 673
f 2605 2608 2598
f 678 2607 2608
f 2607 30 2587
f 2613 2612 33
f 2610 2613 2609
f 683 2611 2613
f 2611 682 2612
f 2617 2610 680
f 2615 2617 2614
f 681 2616 2617
f 2616 683 2610
f 2620 2619 683
f 2618 2620 2616
f 15 2515 2620
f 2515 653 2619
f 2622 2621 682
f 2619 2622 2611
f 653 2512 2622
f 2512 22 2621
f 2626 2625 33
f 2623 2626 2612
f 686 2624 2626
f 2624 685 2625
f 2628 2623 682
f 2581 2628 2621
f 671 2627 2628
f 2627 686 2623
f 2631 2630 686
f 2578 2631 2627
f 29 2629 2631
f 2629 684 2630
f 2634 2633 685
f 2630 2634 2624
f 684 2632 2634
f 2632 43 2633
f 2639 2638 34
f 2636 2639 2635
f 690 2637 2639
f 2637 689 2638
f 2643 2636 687
f 2641 2643 2640
f 688 2642 2643
f 2642 690 2636
f 2646 2645 690
f 2644 2646 2642
f 26 2542 2646
f 2542 660 2645
f 2648 2647 689
f 2645 2648 2637
f 660 2539 2648
f 2539 25 2647
f 2653 2652 35
f 2650 2653 2649
f 695 2651 2653
f 2651 694 2652
f 2657 2650 691
f 2655 2657 2654
f 692 2656 2657
f 2656 695 2650
f 2661 2660 695
f 2658 2661 2656
f 45 2659 2661
f 2659 693 2660
f 2664 2663 694
f 2660 2664 2651
f 693 2662 2664
f 2662 46 2663
f 2669 2668 36
f 2666 2669 2665
f 700 2667 2669
f 2667 699 2668
f 2673 2666 696
f 2671 2673 2670
f 697 2672 2673
f 2672 700 2666
f 2677 2676 700
f 2674 2677 2672
f 16 2675 2677
f 2675 698 2676
f 2680 2679 699
f 2676 2680 2667
f 698 2678 2680
f 2678 48 2679
f 2685 2684 37
f 2682 2685 2681
f 705 2683 2685
f 2683 704 2684
f 2689 2682 701
f 2687 2689 2686
f 702 2688 2689
f 2688 705 2682
f 2693 2692 705
f 2690 2693 2688
f 50 2691 2693
f 2691 703 2692
f 2696 2695 704
f 2692 2696 2683
f 703 2694 2696
f 2694 51 2695
f 2700 2641 38
f 2698 2700 2697
f 708 2699 2700
f 2699 688 2641
f 2704 2698 706
f 2702 2704 2701
f 707 2703 2704
f 2703 708 2698
f 2707 2706 708
f 2705 2707 2703
f 13 2552 2707
f 2552 663 2706
f 2708 2644 688
f 2706 2708 2699
f 663 2549 2708
f 2549 26 2644
f 2713 2712 39
f 2710 2713 2709
f 713 2711 2713
f 2711 712 2712
f 2717 2710 709
f 2715 2717 2714
f 710 2716 2717
f 2716 713 2710
f 2721 2720 713
f 2718 2721 2716
f 584 2719 2721
f 2719 711 2720
f 2724 2723 712
f 2720 2724 2711
f 711 2722 2724
f 2722 585 2723
f 2728 2727 39
f 2725 2728 2712
f 717 2726 2728
f 2726 716 2727
f 2731 2725 712
f 2729 2731 2723
f 714 2730 2731
f 2730 717 2725
f 2735 2734 717
f 2732 2735 2730
f 586 2733 2735
f 2733 715 2734
f 2738 2737 716
f 2734 2738 2726
f 715 2736 2738
f 2736 57 2737
f 2743 2742 40
f 2740 2743 2739
f 720 2741 2743
f 2741 719 2742
f 2746 2740 718
f 2472 2746 2744
f 640 2745 2746
f 2745 720 2740
f 2748 2747 720
f 2469 2748 2745
f 16 2674 2748
f 2674 697 2747
f 2750 2749 719
f 2747 2750 2741
f 697 2671 2750
f 2671 47 2749
f 2754 2739 40
f 2752 2754 2751
f 723 2753 2754
f 2753 718 2739
f 2758 2752 721
f 2756 2758 2755
f 722 2757 2758
f 2757 723 2752
f 2761 2760 723
f 2759 2761 2757
f 21 2497 2761
f 2497 648 2760
f 2762 2744 718
f 2760 2762 2753
f 648 2494 2762
f 2494 17 2744
f 2767 2766 41
f 2764 2767 2763
f 726 2765 2767
f 2765 725 2766
f 2770 2764 724
f 2445 2770 2768
f 633 2769 2770
f 2769 726 2764
f 2772 2771 726
f 2442 2772 2769
f 13 2705 2772
f 2705 707 2771
f 2774 2773 725
f 2771 2774 2765
f 707 2702 2774
f 2702 52 2773
f 2778 2763 41
f 2776 2778 2775
f 729 2777 2778
f 2777 724 2763
f 2782 2776 727
f 2780 2782 2779
f 728 2781 2782
f 2781 729 2776
f 2785 2784 729
f 2783 2785 2781
f 9 2413 2785
f 2413 624 2784
f 2786 2768 724
f 2784 2786 2777
f 624 2410 2786
f 2410 8 2768
f 2790 2780 59
f 2788 2790 2787
f 733 2789 2790
f 2789 728 2780
f 2794 2788 730
f 2792 2794 2791
f 731 2793 2794
f 2793 733 2788
f 2798 2797 733
f 2795 2798 2793
f 61 2796 2798
f 2796 732 2797
f 2800 2783 728
f 2797 2800 2789
f 732 2799 2800
f 2799 9 2783
f 2804 2796 61
f 2802 2804 2801
f 736 2803 2804
f 2803 732 2796
f 2808 2802 734
f 2806 2808 2805
f 735 2807 2808
f 2807 736 2802
f 2811 2810 736
f 2809 2811 2807
f 5 2417 2811
f 2417 625 2810
f 2812 2799 732
f 2810 2812 2803
f 625 2414 2812
f 2414 9 2799
f 2816 2815 61
f 2813 2816 2795
f 740 2814 2816
f 2814 739 2815
f 2819 2813 731
f 2817 2819 2792
f 737 2818 2819
f 2818 740 2813
f 2823 2822 740
f 2820 2823 2818
f 63 2821 2823
f 2821 738 2822
f 2826 2825 739
f 2822 2826 2814
f 738 2824 2826
f 2824 64 2825
f 2829 2801 61
f 2827 2829 2815
f 743 2828 2829
f 2828 734 2801
f 2832 2827 739
f 2830 2832 2825
f 741 2831 2832
f 2831 743 2827
f 2836 2835 743
f 2833 2836 2831
f 65 2834 2836
f 2834 742 2835
f 2838 2805 734
f 2835 2838 2828
f 742 2837 2838
f 2837 62 2805
f 2842 2834 65
f 2840 2842 2839
f 747 2841 2842
f 2841 742 2834
f 2846 2840 744
f 2844 2846 2843
f 745 2845 2846
f 2845 747 2840
f 2850 2849 747
f 2847 2850 2845
f 67 2848 2850
f 2848 746 2849
f 2852 2837 742
f 2849 2852 2841
f 746 2851 2852
f 2851 62 2837
f 2856 2855 65
f 2853 2856 2833
f 751 2854 2856
f 2854 750 2855
f 2859 2853 741
f 2857 2859 2830
f 748 2858 2859
f 2858 751 2853
f 2863 2862 751
f 2860 2863 2858
f 68 2861 2863
f 2861 749 2862
f 2866 2865 750
f 2862 2866 2854
f 749 2864 2866
f 2864 69 2865
f 2869 2839 65
f 2867 2869 2855
f 754 2868 2869
f 2868 744 2839
f 2872 2867 750
f 2870 2872 2865
f 752 2871 2872
f 2871 754 2867
f 2876 2875 754
f 2873 2876 2871
f 70 2874 2876
f 2874 753 2875
f 2878 2843 744
f 2875 2878 2868
f 753 2877 2878
f 2877 66 2843
f 2882 2874 70
f 2880 2882 2879
f 758 2881 2882
f 2881 753 2874
f 2886 2880 755
f 2884 2886 2883
f 756 2885 2886
f 2885 758 2880
f 2890 2889 758
f 2887 2890 2885
f 72 2888 2890
f 2888 757 2889
f 2892 2877 753
f 2889 2892 2881
f 757 2891 2892
f 2891 66 2877
f 2896 2895 70
f 2893 2896 2873
f 762 2894 2896
f 2894 761 2895
f 2899 2893 752
f 2897 2899 2870
f 759 2898 2899
f 2898 762 2893
f 2903 2902 762
f 2900 2903 2898
f 73 2901 2903
f 2901 760 2902
f 2906 2905 761
f 2902 2906 2894
f 760 2904 2906
f 2904 74 2905
f 2909 2879 70
f 2907 2909 2895
f 765 2908 2909
f 2908 755 2879
f 2912 2907 761
f 2910 2912 2905
f 763 2911 2912
f 2911 765 2907
f 2916 2915 765
f 2913 2916 2911
f 75 2914 2916
f 2914 764 2915
f 2918 2883 755
f 2915 2918 2908
f 764 2917 2918
f 2917 71 2883
f 2922 2914 75
f 2920 2922 2919
f 769 2921 2922
f 2921 764 2914
f 2926 2920 766
f 2924 2926 2923
f 767 2925 2926
f 2925 769 2920
f 2930 2929 769
f 2927 2930 2925
f 77 2928 2930
f 2928 768 2929
f 2932 2917 764
f 2929 2932 2921
f 768 2931 2932
f 2931 71 2917
f 2936 2935 75
f 2933 2936 2913
f 773 2934 2936
f 2934 772 2935
f 2939 2933 763
f 2937 2939 2910
f 770 2938 2939
f 2938 773 2933
f 2943 2942 773
f 2940 2943 2938
f 31 2941 2943
f 2941 771 2942
f 2946 2945 772
f 2942 2946 2934
f 771 2944 2946
f 2944 78 2945
f 2949 2919 75
f 2947 2949 2935
f 776 2948 2949
f 2948 766 2919
f 2952 2947 772
f 2950 2952 2945
f 774 2951 2952
f 2951 776 2947
f 2956 2955 776
f 2953 2956 2951
f 54 2954 2956
f 2954 775 2955
f 2958 2923 766
f 2955 2958 2948
f 775 2957 2958
f 2957 76 2923
f 2962 2961 78
f 2959 2962 2944
f 779 2960 2962
f 2960 778 2961
f 2964 2959 771
f 2591 2964 2941
f 674 2963 2964
f 2963 779 2959
f 2967 2966 779
f 2588 2967 2963
f 30 2965 2967
f 2965 777 2966
f 2970 2969 778
f 2966 2970 2960
f 777 2968 2970
f 2968 79 2969
f 2973 2950 78
f 2971 2973 2961
f 782 2972 2973
f 2972 774 2950
f 2976 2971 778
f 2974 2976 2969
f 780 2975 2976
f 2975 782 2971
f 2980 2979 782
f 2977 2980 2975
f 55 2978 2980
f 2978 781 2979
f 2982 2953 774
f 2979 2982 2972
f 781 2981 2982
f 2981 54 2953
f 2986 2985 79
f 2983 2986 2968
f 785 2984 2986
f 2984 784 2985
f 2988 2983 777
f 2607 2988 2965
f 678 2987 2988
f 2987 785 2983
f 2991 2990 785
f 2604 2991 2987
f 32 2989 2991
f 2989 783 2990
f 2994 2993 784
f 2990 2994 2984
f 783 2992 2994
f 2992 80 2993
f 2997 2974 79
f 2995 2997 2985
f 788 2996 2997
f 2996 780 2974
f 3000 2995 784
f 2998 3000 2993
f 786 2999 3000
f 2999 788 2995
f 3004 3003 788
f 3001 3004 2999
f 56 3002 3004
f 3002 787 3003
f 3006 2977 780
f 3003 3006 2996
f 787 3005 3006
f 3005 55 2977
f 3010 3009 80
f 3007 3010 2992
f 792 3008 3010
f 3008 791 3009
f 3013 3007 783
f 3011 3013 2989
f 789 3012 3013
f 3012 792 3007
f 3017 3016 792
f 3014 3017 3012
f 81 3015 3017
f 3015 790 3016
f 3020 3019 791
f 3016 3020 3008
f 790 3018 3020
f 3018 82 3019
f 3023 2998 80
f 3021 3023 3009
f 795 3022 3023
f 3022 786 2998
f 3026 3021 791
f 3024 3026 3019
f 793 3025 3026
f 3025 795 3021
f 3030 3029 795
f 3027 3030 3025
f 83 3028 3030
f 3028 794 3029
f 3032 3001 786
f 3029 3032 3022
f 794 3031 3032
f 3031 56 3001
f 3036 3028 83
f 3034 3036 3033
f 799 3035 3036
f 3035 794 3028
f 3040 3034 796
f 3038 3040 3037
f 797 3039 3040
f 3039 799 3034
f 3044 3043 799
f 3041 3044 3039
f 484 3042 3044
f 3042 798 3043
f 3046 3031 794
f 3043 3046 3035
f 798 3045 3046
f 3045 56 3031
f 3050 3049 83
f 3047 3050 3027
f 803 3048 3050
f 3048 802 3049
f 3053 3047 793
f 3051 3053 3024
f 800 3052 3053
f 3052 803 3047
f 3057 3056 803
f 3054 3057 3052
f 85 3055 3057
f 3055 801 3056
f 3060 3059 802
f 3056 3060 3048
f 801 3058 3060
f 3058 86 3059
f 3063 3033 83
f 3061 3063 3049
f 806 3062 3063
f 3062 796 3033
f 3066 3061 802
f 3064 3066 3059
f 804 3065 3066
f 3065 806 3061
f 3070 3069 806
f 3067 3070 3065
f 486 3068 3070
f 3068 805 3069
f 3072 3037 796
f 3069 3072 3062
f 805 3071 3072
f 3071 485 3037
f 3077 3076 87
f 3074 3077 3073
f 811 3075 3077
f 3075 810 3076
f 3081 3074 807
f 3079 3081 3078
f 808 3080 3081
f 3080 811 3074
f 3085 3084 811
f 3082 3085 3080
f 588 3083 3085
f 3083 809 3084
f 3088 3087 810
f 3084 3088 3075
f 809 3086 3088
f 3086 89 3087
f 3092 3091 89
f 3089 3092 3086
f 815 3090 3092
f 3090 814 3091
f 3095 3089 809
f 3093 3095 3083
f 812 3094 3095
f 3094 815 3089
f 3099 3098 815
f 3096 3099 3094
f 589 3097 3099
f 3097 813 3098
f 3102 3101 814
f 3098 3102 3090
f 813 3100 3102
f 3100 91 3101
f 3106 3105 91
f 3103 3106 3100
f 819 3104 3106
f 3104 818 3105
f 3109 3103 813
f 3107 3109 3097
f 816 3108 3109
f 3108 819 3103
f 3113 3112 819
f 3110 3113 3108
f 590 3111 3113
f 3111 817 3112
f 3116 3115 818
f 3112 3116 3104
f 817 3114 3116
f 3114 93 3115
f 3120 3119 93
f 3117 3120 3114
f 823 3118 3120
f 3118 822 3119
f 3123 3117 817
f 3121 3123 3111
f 820 3122 3123
f 3122 823 3117
f 3127 3126 823
f 3124 3127 3122
f 591 3125 3127
f 3125 821 3126
f 3130 3129 822
f 3126 3130 3118
f 821 3128 3130
f 3128 95 3129
f 3134 3133 95
f 3131 3134 3128
f 827 3132 3134
f 3132 826 3133
f 3137 3131 821
f 3135 3137 3125
f 824 3136 3137
f 3136 827 3131
f 3141 3140 827
f 3138 3141 3136
f 592 3139 3141
f 3139 825 3140
f 3144 3143 826
f 3140 3144 3132
f 825 3142 3144
f 3142 97 3143
f 3148 3147 97
f 3145 3148 3142
f 831 3146 3148
f 3146 830 3147
f 3151 3145 825
f 3149 3151 3139
f 828 3150 3151
f 3150 831 3145
f 3155 3154 831
f 3152 3155 3150
f 593 3153 3155
f 3153 829 3154
f 3158 3157 830
f 3154 3158 3146
f 829 3156 3158
f 3156 99 3157
f 3162 3161 99
f 3159 3162 3156
f 835 3160 3162
f 3160 834 3161
f 3165 3159 829
f 3163 3165 3153
f 832 3164 3165
f 3164 835 3159
f 3169 3168 835
f 3166 3169 3164
f 594 3167 3169
f 3167 833 3168
f 3172 3171 834
f 3168 3172 3160
f 833 3170 3172
f 3170 101 3171
f 3176 3175 101
f 3173 3176 3170
f 839 3174 3176
f 3174 838 3175
f 3179 3173 833
f 3177 3179 3167
f 836 3178 3179
f 3178 839 3173
f 3183 3182 839
f 3180 3183 3178
f 595 3181 3183
f 3181 837 3182
f 3186 3185 838
f 3182 3186 3174
f 837 3184 3186
f 3184 103 3185
f 3190 3189 103
f 3187 3190 3184
f 843 3188 3190
f 3188 842 3189
f 3193 3187 837
f 3191 3193 3181
f 840 3192 3193
f 3192 843 3187
f 3197 3196 843
f 3194 3197 3192
f 596 3195 3197
f 3195 841 3196
f 3200 3199 842
f 3196 3200 3188
f 841 3198 3200
f 3198 105 3199
f 3204 3203 105
f 3201 3204 3198
f 847 3202 3204
f 3202 846 3203
f 3207 3201 841
f 3205 3207 3195
f 844 3206 3207
f 3206 847 3201
f 3211 3210 847
f 3208 3211 3206
f 597 3209 3211
f 3209 845 3210
f 3214 3213 846
f 3210 3214 3202
f 845 3212 3214
f 3212 107 3213
f 3218 3217 107
f 3215 3218 3212
f 851 3216 3218
f 3216 850 3217
f 3221 3215 845
f 3219 3221 3209
f 848 3220 3221
f 3220 851 3215
f 3225 3224 851
f 3222 3225 3220
f 598 3223 3225
f 3223 849 3224
f 3228 3227 850
f 3224 3228 3216
f 849 3226 3228
f 3226 108 3227
f 3232 3231 108
f 3229 3232 3226
f 855 3230 3232
f 3230 854 3231
f 3235 3229 849
f 3233 3235 3223
f 852 3234 3235
f 3234 855 3229
f 3239 3238 855
f 3236 3239 3234
f 599 3237 3239
f 3237 853 3238
f 3242 3241 854
f 3238 3242 3230
f 853 3240 3242
f 3240 109 3241
f 3246 3245 109
f 3243 3246 3240
f 858 3244 3246
f 3244 857 3245
f 3249 3243 853
f 3247 3249 3237
f 856 3248 3249
f 3248 858 3243
f 3252 3251 858
f 3250 3252 3248
f 584 2718 3252
f 2718 710 3251
f 3254 3253 857
f 3251 3254 3244
f 710 2715 3254
f 2715 53 3253
f 3259 3258 106
f 3256 3259 3255
f 863 3257 3259
f 3257 862 3258
f 3263 3256 859
f 3261 3263 3260
f 860 3262 3263
f 3262 863 3256
f 3267 3266 863
f 3264 3267 3262
f 110 3265 3267
f 3265 861 3266
f 3270 3269 862
f 3266 3270 3257
f 861 3268 3270
f 3268 72 3269
f 3274 3273 106
f 3271 3274 3258
f 865 3272 3274
f 3272 864 3273
f 3276 3271 862
f 2887 3276 3269
f 756 3275 3276
f 3275 865 3271
f 3278 3277 865
f 2884 3278 3275
f 71 2931 3278
f 2931 768 3277
f 3280 3279 864
f 3277 3280 3272
f 768 2928 3280
f 2928 77 3279
f 3284 3283 110
f 3281 3284 3264
f 869 3282 3284
f 3282 868 3283
f 3287 3281 860
f 3285 3287 3261
f 866 3286 3287
f 3286 869 3281
f 3291 3290 869
f 3288 3291 3286
f 102 3289 3291
f 3289 867 3290
f 3294 3293 868
f 3290 3294 3282
f 867 3292 3294
f 3292 111 3293
f 3298 3297 110
f 3295 3298 3283
f 873 3296 3298
f 3296 872 3297
f 3301 3295 868
f 3299 3301 3293
f 870 3300 3301
f 3300 873 3295
f 3305 3304 873
f 3302 3305 3300
f 6 3303 3305
f 3303 871 3304
f 3308 3307 872
f 3304 3308 3296
f 871 3306 3308
f 3306 67 3307
f 3311 3265 110
f 3309 3311 3297
f 874 3310 3311
f 3310 861 3265
f 3313 3309 872
f 2847 3313 3307
f 745 3312 3313
f 3312 874 3309
f 3315 3314 874
f 2844 3315 3312
f 66 2891 3315
f 2891 757 3314
f 3316 3268 861
f 3314 3316 3310
f 757 2888 3316
f 2888 72 3268
f 3320 3319 111
f 3317 3320 3292
f 878 3318 3320
f 3318 877 3319
f 3323 3317 867
f 3321 3323 3289
f 875 3322 3323
f 3322 878 3317
f 3327 3326 878
f 3324 3327 3322
f 100 3325 3327
f 3325 876 3326
f 3330 3329 877
f 3326 3330 3318
f 876 3328 3330
f 3328 112 3329
f 3333 3299 111
f 3331 3333 3319
f 880 3332 3333
f 3332 870 3299
f 3336 3331 877
f 3334 3336 3329
f 879 3335 3336
f 3335 880 3331
f 3339 3338 880
f 3337 3339 3335
f 7 2402 3339
f 2402 620 3338
f 3340 3302 870
f 3338 3340 3332
f 620 2399 3340
f 2399 6 3302
f 3344 3343 112
f 3341 3344 3328
f 884 3342 3344
f 3342 883 3343
f 3347 3341 876
f 3345 3347 3325
f 881 3346 3347
f 3346 884 3341
f 3351 3350 884
f 3348 3351 3346
f 98 3349 3351
f 3349 882 3350
f 3354 3353 883
f 3350 3354 3342
f 882 3352 3354
f 3352 113 3353
f 3357 3334 112
f 3355 3357 3343
f 886 3356 3357
f 3356 879 3334
f 3360 3355 883
f 3358 3360 3353
f 885 3359 3360
f 3359 886 3355
f 3363 3362 886
f 3361 3363 3359
f 10 2426 3363
f 2426 627 3362
f 3364 3337 879
f 3362 3364 3356
f 627 2423 3364
f 2423 7 3337
f 3368 3367 113
f 3365 3368 3352
f 890 3366 3368
f 3366 889 3367
f 3371 3365 882
f 3369 3371 3349
f 887 3370 3371
f 3370 890 3365
f 3375 3374 890
f 3372 3375 3370
f 96 3373 3375
f 3373 888 3374
f 3378 3377 889
f 3374 3378 3366
f 888 3376 3378
f 3376 114 3377
f 3381 3358 113
f 3379 3381 3367
f 893 3380 3381
f 3380 885 3358
f 3384 3379 889
f 3382 3384 3377
f 891 3383 3384
f 3383 893 3379
f 3388 3387 893
f 3385 3388 3383
f 115 3386 3388
f 3386 892 3387
f 3390 3361 885
f 3387 3390 3380
f 892 3389 3390
f 3389 10 3361
f 3394 3393 115
f 3391 3394 3385
f 897 3392 3394
f 3392 896 3393
f 3397 3391 891
f 3395 3397 3382
f 894 3396 3397
f 3396 897 3391
f 3401 3400 897
f 3398 3401 3396
f 116 3399 3401
f 3399 895 3400
f 3404 3403 896
f 3400 3404 3392
f 895 3402 3404
f 3402 117 3403
f 3408 3407 115
f 3405 3408 3393
f 901 3406 3408
f 3406 900 3407
f 3411 3405 896
f 3409 3411 3403
f 898 3410 3411
f 3410 901 3405
f 3415 3414 901
f 3412 3415 3410
f 118 3413 3415
f 3413 899 3414
f 3418 3417 900
f 3414 3418 3406
f 899 3416 3418
f 3416 119 3417
f 3421 3386 115
f 3419 3421 3407
f 903 3420 3421
f 3420 892 3386
f 3424 3419 900
f 3422 3424 3417
f 902 3423 3424
f 3423 903 3419
f 3427 3426 903
f 3425 3427 3423
f 11 2430 3427
f 2430 628 3426
f 3428 3389 892
f 3426 3428 3420
f 628 2427 3428
f 2427 10 3389
f 3432 3431 119
f 3429 3432 3416
f 907 3430 3432
f 3430 906 3431
f 3435 3429 899
f 3433 3435 3413
f 904 3434 3435
f 3434 907 3429
f 3439 3438 907
f 3436 3439 3434
f 120 3437 3439
f 3437 905 3438
f 3442 3441 906
f 3438 3442 3430
f 905 3440 3442
f 3440 121 3441
f 3445 3422 119
f 3443 3445 3431
f 909 3444 3445
f 3444 902 3422
f 3448 3443 906
f 3446 3448 3441
f 908 3447 3448
f 3447 909 3443
f 3451 3450 909
f 3449 3451 3447
f 14 2453 3451
f 2453 635 3450
f 3452 3425 902
f 3450 3452 3444
f 635 2450 3452
f 2450 11 3425
f 3456 3455 121
f 3453 3456 3440
f 913 3454 3456
f 3454 912 3455
f 3459 3453 905
f 3457 3459 3437
f 910 3458 3459
f 3458 913 3453
f 3463 3462 913
f 3460 3463 3458
f 122 3461 3463
f 3461 911 3462
f 3466 3465 912
f 3462 3466 3454
f 911 3464 3466
f 3464 123 3465
f 3469 3446 121
f 3467 3469 3455
f 915 3468 3469
f 3468 908 3446
f 3472 3467 912
f 3470 3472 3465
f 914 3471 3472
f 3471 915 3467
f 3475 3474 915
f 3473 3475 3471
f 27 2566 3475
f 2566 666 3474
f 3476 3449 908
f 3474 3476 3468
f 666 2563 3476
f 2563 14 3449
f 3480 3479 123
f 3477 3480 3464
f 919 3478 3480
f 3478 918 3479
f 3483 3477 911
f 3481 3483 3461
f 916 3482 3483
f 3482 919 3477
f 3487 3486 919
f 3484 3487 3482
f 124 3485 3487
f 3485 917 3486
f 3490 3489 918
f 3486 3490 3478
f 917 3488 3490
f 3488 125 3489
f 3493 3470 123
f 3491 3493 3479
f 922 3492 3493
f 3492 914 3470
f 3496 3491 918
f 3494 3496 3489
f 920 3495 3496
f 3495 922 3491
f 3500 3499 922
f 3497 3500 3495
f 126 3498 3500
f 3498 921 3499
f 3502 3473 914
f 3499 3502 3492
f 921 3501 3502
f 3501 27 3473
f 3506 3505 126
f 3503 3506 3497
f 926 3504 3506
f 3504 925 3505
f 3509 3503 920
f 3507 3509 3494
f 923 3508 3509
f 3508 926 3503
f 3513 3512 926
f 3510 3513 3508
f 127 3511 3513
f 3511 924 3512
f 3516 3515 925
f 3512 3516 3504
f 924 3514 3516
f 3514 128 3515
f 3520 3519 126
f 3517 3520 3505
f 930 3518 3520
f 3518 929 3519
f 3523 3517 925
f 3521 3523 3515
f 927 3522 3523
f 3522 930 3517
f 3527 3526 930
f 3524 3527 3522
f 129 3525 3527
f 3525 928 3526
f 3530 3529 929
f 3526 3530 3518
f 928 3528 3530
f 3528 130 3529
f 3533 3498 126
f 3531 3533 3519
f 932 3532 3533
f 3532 921 3498
f 3536 3531 929
f 3534 3536 3529
f 931 3535 3536
f 3535 932 3531
f 3539 3538 932
f 3537 3539 3535
f 3 2559 3539
f 2559 667 3538
f 3540 3501 921
f 3538 3540 3532
f 667 2567 3540
f 2567 27 3501
f 3544 3543 130
f 3541 3544 3528
f 936 3542 3544
f 3542 935 3543
f 3547 3541 928
f 3545 3547 3525
f 933 3546 3547
f 3546 936 3541
f 3551 3550 936
f 3548 3551 3546
f 131 3549 3551
f 3549 934 3550
f 3554 3553 935
f 3550 3554 3542
f 934 3552 3554
f 3552 132 3553
f 3557 3534 130
f 3555 3557 3543
f 938 3556 3557
f 3556 931 3534
f 3560 3555 935
f 3558 3560 3553
f 937 3559 3560
f 3559 938 3555
f 3563 3562 938
f 3561 3563 3559
f 24 2534 3563
f 2534 658 3562
f 3564 3537 931
f 3562 3564 3556
f 658 2529 3564
f 2529 3 3537
f 3568 3567 131
f 3565 3568 3548
f 942 3566 3568
f 3566 941 3567
f 3571 3565 933
f 3569 3571 3545
f 939 3570 3571
f 3570 942 3565
f 3575 3574 942
f 3572 3575 3570
f 133 3573 3575
f 3573 940 3574
f 3578 3577 941
f 3574 3578 3566
f 940 3576 3578
f 3576 134 3577
f 3582 3581 134
f 3579 3582 3576
f 946 3580 3582
f 3580 945 3581
f 3585 3579 940
f 3583 3585 3573
f 943 3584 3585
f 3584 946 3579
f 3589 3588 946
f 3586 3589 3584
f 135 3587 3589
f 3587 944 3588
f 3592 3591 945
f 3588 3592 3580
f 944 3590 3592
f 3590 136 3591
f 3596 3595 136
f 3593 3596 3590
f 950 3594 3596
f 3594 949 3595
f 3599 3593 944
f 3597 3599 3587
f 947 3598 3599
f 3598 950 3593
f 3603 3602 950
f 3600 3603 3598
f 137 3601 3603
f 3601 948 3602
f 3606 3605 949
f 3602 3606 3594
f 948 3604 3606
f 3604 138 3605
f 3610 3609 138
f 3607 3610 3604
f 954 3608 3610
f 3608 953 3609
f 3613 3607 948
f 3611 3613 3601
f 951 3612 3613
f 3612 954 3607
f 3617 3616 954
f 3614 3617 3612
f 139 3615 3617
f 3615 952 3616
f 3620 3619 953
f 3616 3620 3608
f 952 3618 3620
f 3618 140 3619
f 3624 3623 140
f 3621 3624 3618
f 957 3622 3624
f 3622 956 3623
f 3627 3621 952
f 3625 3627 3615
f 955 3626 3627
f 3626 957 3621
f 3630 3629 957
f 3628 3630 3626
f 45 2658 3630
f 2658 692 3629
f 3632 3631 956
f 3629 3632 3622
f 692 2655 3632
f 2655 44 3631
f 3636 3635 139
f 3633 3636 3614
f 961 3634 3636
f 3634 960 3635
f 3639 3633 951
f 3637 3639 3611
f 958 3638 3639
f 3638 961 3633
f 3643 3642 961
f 3640 3643 3638
f 141 3641 3643
f 3641 959 3642
f 3646 3645 960
f 3642 3646 3634
f 959 3644 3646
f 3644 142 3645
f 3649 3625 139
f 3647 3649 3635
f 964 3648 3649
f 3648 955 3625
f 3652 3647 960
f 3650 3652 3645
f 962 3651 3652
f 3651 964 3647
f 3656 3655 964
f 3653 3656 3651
f 143 3654 3656
f 3654 963 3655
f 3658 3628 955
f 3655 3658 3648
f 963 3657 3658
f 3657 45 3628
f 3662 3661 143
f 3659 3662 3653
f 968 3660 3662
f 3660 967 3661
f 3665 3659 962
f 3663 3665 3650
f 965 3664 3665
f 3664 968 3659
f 3669 3668 968
f 3666 3669 3664
f 144 3667 3669
f 3667 966 3668
f 3672 3671 967
f 3668 3672 3660
f 966 3670 3672
f 3670 145 3671
f 3676 3675 143
f 3673 3676 3661
f 972 3674 3676
f 3674 971 3675
f 3679 3673 967
f 3677 3679 3671
f 969 3678 3679
f 3678 972 3673
f 3683 3682 972
f 3680 3683 3678
f 146 3681 3683
f 3681 970 3682
f 3686 3685 971
f 3682 3686 3674
f 970 3684 3686
f 3684 147 3685
f 3689 3654 143
f 3687 3689 3675
f 974 3688 3689
f 3688 963 3654
f 3692 3687 971
f 3690 3692 3685
f 973 3691 3692
f 3691 974 3687
f 3695 3694 974
f 3693 3695 3691
f 46 2662 3695
f 2662 693 3694
f 3696 3657 963
f 3694 3696 3688
f 693 2659 3696
f 2659 45 3657
f 3700 3699 146
f 3697 3700 3680
f 978 3698 3700
f 3698 977 3699
f 3703 3697 969
f 3701 3703 3677
f 975 3702 3703
f 3702 978 3697
f 3707 3706 978
f 3704 3707 3702
f 148 3705 3707
f 3705 976 3706
f 3710 3709 977
f 3706 3710 3698
f 976 3708 3710
f 3708 149 3709
f 3714 3713 149
f 3711 3714 3708
f 982 3712 3714
f 3712 981 3713
f 3717 3711 976
f 3715 3717 3705
f 979 3716 3717
f 3716 982 3711
f 3721 3720 982
f 3718 3721 3716
f 150 3719 3721
f 3719 980 3720
f 3724 3723 981
f 3720 3724 3712
f 980 3722 3724
f 3722 151 3723
f 3728 3727 151
f 3725 3728 3722
f 986 3726 3728
f 3726 985 3727
f 3731 3725 980
f 3729 3731 3719
f 983 3730 3731
f 3730 986 3725
f 3735 3734 986
f 3732 3735 3730
f 152 3733 3735
f 3733 984 3734
f 3738 3737 985
f 3734 3738 3726
f 984 3736 3738
f 3736 153 3737
f 3742 3741 153
f 3739 3742 3736
f 990 3740 3742
f 3740 989 3741
f 3745 3739 984
f 3743 3745 3733
f 987 3744 3745
f 3744 990 3739
f 3749 3748 990
f 3746 3749 3744
f 154 3747 3749
f 3747 988 3748
f 3752 3751 989
f 3748 3752 3740
f 988 3750 3752
f 3750 155 3751
f 3756 3755 155
f 3753 3756 3750
f 994 3754 3756
f 3754 993 3755
f 3759 3753 988
f 3757 3759 3747
f 991 3758 3759
f 3758 994 3753
f 3763 3762 994
f 3760 3763 3758
f 156 3761 3763
f 3761 992 3762
f 3766 3765 993
f 3762 3766 3754
f 992 3764 3766
f 3764 157 3765
f 3770 3769 157
f 3767 3770 3764
f 998 3768 3770
f 3768 997 3769
f 3773 3767 992
f 3771 3773 3761
f 995 3772 3773
f 3772 998 3767
f 3777 3776 998
f 3774 3777 3772
f 158 3775 3777
f 3775 996 3776
f 3780 3779 997
f 3776 3780 3768
f 996 3778 3780
f 3778 159 3779
f 3784 3783 159
f 3781 3784 3778
f 1002 3782 3784
f 3782 1001 3783
f 3787 3781 996
f 3785 3787 3775
f 999 3786 3787
f 3786 1002 3781
f 3791 3790 1002
f 3788 3791 3786
f 160 3789 3791
f 3789 1000 3790
f 3794 3793 1001
f 3790 3794 3782
f 1000 3792 3794
f 3792 161 3793
f 3798 3797 161
f 3795 3798 3792
f 1006 3796 3798
f 3796 1005 3797
f 3801 3795 1000
f 3799 3801 3789
f 1003 3800 3801
f 3800 1006 3795
f 3805 3804 1006
f 3802 3805 3800
f 162 3803 3805
f 3803 1004 3804
f 3808 3807 1005
f 3804 3808 3796
f 1004 3806 3808
f 3806 163 3807
f 3812 3811 163
f 3809 3812 3806
f 1009 3810 3812
f 3810 1008 3811
f 3815 3809 1004
f 3813 3815 3803
f 1007 3814 3815
f 3814 1009 3809
f 3818 3817 1009
f 3816 3818 3814
f 50 2690 3818
f 2690 702 3817
f 3820 3819 1008
f 3817 3820 3810
f 702 2687 3820
f 2687 49 3819
f 3824 3813 162
f 3822 3824 3821
f 1013 3823 3824
f 3823 1007 3813
f 3828 3822 1010
f 3826 3828 3825
f 1011 3827 3828
f 3827 1013 3822
f 3832 3831 1013
f 3829 3832 3827
f 165 3830 3832
f 3830 1012 3831
f 3834 3816 1007
f 3831 3834 3823
f 1012 3833 3834
f 3833 50 3816
f 3837 3821 162
f 3835 3837 3802
f 1016 3836 3837
f 3836 1010 3821
f 3840 3835 1003
f 3838 3840 3799
f 1014 3839 3840
f 3839 1016 3835
f 3844 3843 1016
f 3841 3844 3839
f 166 3842 3844
f 3842 1015 3843
f 3846 3825 1010
f 3843 3846 3836
f 1015 3845 3846
f 3845 164 3825
f 3850 3842 166
f 3848 3850 3847
f 1020 3849 3850
f 3849 1015 3842
f 3854 3848 1017
f 3852 3854 3851
f 1018 3853 3854
f 3853 1020 3848
f 3858 3857 1020
f 3855 3858 3853
f 168 3856 3858
f 3856 1019 3857
f 3860 3845 1015
f 3857 3860 3849
f 1019 3859 3860
f 3859 164 3845
f 3864 3863 166
f 3861 3864 3841
f 1023 3862 3864
f 3862 1022 3863
f 3866 3861 1014
f 3788 3866 3838
f 999 3865 3866
f 3865 1023 3861
f 3869 3868 1023
f 3785 3869 3865
f 158 3867 3869
f 3867 1021 3868
f 3872 3871 1022
f 3868 3872 3862
f 1021 3870 3872
f 3870 169 3871
f 3875 3847 166
f 3873 3875 3863
f 1026 3874 3875
f 3874 1017 3847
f 3878 3873 1022
f 3876 3878 3871
f 1024 3877 3878
f 3877 1026 3873
f 3882 3881 1026
f 3879 3882 3877
f 170 3880 3882
f 3880 1025 3881
f 3884 3851 1017
f 3881 3884 3874
f 1025 3883 3884
f 3883 167 3851
f 3888 3880 170
f 3886 3888 3885
f 1030 3887 3888
f 3887 1025 3880
f 3892 3886 1027
f 3890 3892 3889
f 1028 3891 3892
f 3891 1030 3886
f 3896 3895 1030
f 3893 3896 3891
f 172 3894 3896
f 3894 1029 3895
f 3898 3883 1025
f 3895 3898 3887
f 1029 3897 3898
f 3897 167 3883
f 3902 3901 170
f 3899 3902 3879
f 1034 3900 3902
f 3900 1033 3901
f 3905 3899 1024
f 3903 3905 3876
f 1031 3904 3905
f 3904 1034 3899
f 3909 3908 1034
f 3906 3909 3904
f 173 3907 3909
f 3907 1032 3908
f 3912 3911 1033
f 3908 3912 3900
f 1032 3910 3912
f 3910 174 3911
f 3915 3885 170
f 3913 3915 3901
f 1037 3914 3915
f 3914 1027 3885
f 3918 3913 1033
f 3916 3918 3911
f 1035 3917 3918
f 3917 1037 3913
f 3922 3921 1037
f 3919 3922 3917
f 175 3920 3922
f 3920 1036 3921
f 3924 3889 1027
f 3921 3924 3914
f 1036 3923 3924
f 3923 171 3889
f 3928 3920 175
f 3926 3928 3925
f 1041 3927 3928
f 3927 1036 3920
f 3932 3926 1038
f 3930 3932 3929
f 1039 3931 3932
f 3931 1041 3926
f 3936 3935 1041
f 3933 3936 3931
f 177 3934 3936
f 3934 1040 3935
f 3938 3923 1036
f 3935 3938 3927
f 1040 3937 3938
f 3937 171 3923
f 3942 3941 175
f 3939 3942 3919
f 1045 3940 3942
f 3940 1044 3941
f 3945 3939 1035
f 3943 3945 3916
f 1042 3944 3945
f 3944 1045 3939
f 3949 3948 1045
f 3946 3949 3944
f 178 3947 3949
f 3947 1043 3948
f 3952 3951 1044
f 3948 3952 3940
f 1043 3950 3952
f 3950 179 3951
f 3955 3925 175
f 3953 3955 3941
f 1048 3954 3955
f 3954 1038 3925
f 3958 3953 1044
f 3956 3958 3951
f 1046 3957 3958
f 3957 1048 3953
f 3962 3961 1048
f 3959 3962 3957
f 180 3960 3962
f 3960 1047 3961
f 3964 3929 1038
f 3961 3964 3954
f 1047 3963 3964
f 3963 176 3929
f 3968 3960 180
f 3966 3968 3965
f 1052 3967 3968
f 3967 1047 3960
f 3972 3966 1049
f 3970 3972 3969
f 1050 3971 3972
f 3971 1052 3966
f 3976 3975 1052
f 3973 3976 3971
f 182 3974 3976
f 3974 1051 3975
f 3978 3963 1047
f 3975 3978 3967
f 1051 3977 3978
f 3977 176 3963
f 3982 3981 180
f 3979 3982 3959
f 1056 3980 3982
f 3980 1055 3981
f 3985 3979 1046
f 3983 3985 3956
f 1053 3984 3985
f 3984 1056 3979
f 3989 3988 1056
f 3986 3989 3984
f 183 3987 3989
f 3987 1054 3988
f 3992 3991 1055
f 3988 3992 3980
f 1054 3990 3992
f 3990 184 3991
f 3995 3965 180
f 3993 3995 3981
f 1059 3994 3995
f 3994 1049 3965
f 3998 3993 1055
f 3996 3998 3991
f 1057 3997 3998
f 3997 1059 3993
f 4002 4001 1059
f 3999 4002 3997
f 185 4000 4002
f 4000 1058 4001
f 4004 3969 1049
f 4001 4004 3994
f 1058 4003 4004
f 4003 181 3969
f 4008 4000 185
f 4006 4008 4005
f 1063 4007 4008
f 4007 1058 4000
f 4012 4006 1060
f 4010 4012 4009
f 1061 4011 4012
f 4011 1063 4006
f 4016 4015 1063
f 4013 4016 4011
f 187 4014 4016
f 4014 1062 4015
f 4018 4003 1058
f 4015 4018 4007
f 1062 4017 4018
f 4017 181 4003
f 4022 4021 185
f 4019 4022 3999
f 1067 4020 4022
f 4020 1066 4021
f 4025 4019 1057
f 4023 4025 3996
f 1064 4024 4025
f 4024 1067 4019
f 4029 4028 1067
f 4026 4029 4024
f 188 4027 4029
f 4027 1065 4028
f 4032 4031 1066
f 4028 4032 4020
f 1065 4030 4032
f 4030 189 4031
f 4035 4005 185
f 4033 4035 4021
f 1070 4034 4035
f 4034 1060 4005
f 4038 4033 1066
f 4036 4038 4031
f 1068 4037 4038
f 4037 1070 4033
f 4042 4041 1070
f 4039 4042 4037
f 190 4040 4042
f 4040 1069 4041
f 4044 4009 1060
f 4041 4044 4034
f 1069 4043 4044
f 4043 186 4009
f 4048 4040 190
f 4046 4048 4045
f 1074 4047 4048
f 4047 1069 4040
f 4052 4046 1071
f 4050 4052 4049
f 1072 4051 4052
f 4051 1074 4046
f 4056 4055 1074
f 4053 4056 4051
f 192 4054 4056
f 4054 1073 4055
f 4058 4043 1069
f 4055 4058 4047
f 1073 4057 4058
f 4057 186 4043
f 4062 4061 190
f 4059 4062 4039
f 1078 4060 4062
f 4060 1077 4061
f 4065 4059 1068
f 4063 4065 4036
f 1075 4064 4065
f 4064 1078 4059
f 4069 4068 1078
f 4066 4069 4064
f 193 4067 4069
f 4067 1076 4068
f 4072 4071 1077
f 4068 4072 4060
f 1076 4070 4072
f 4070 124 4071
f 4075 4045 190
f 4073 4075 4061
f 1080 4074 4075
f 4074 1071 4045
f 4077 4073 1077
f 3484 4077 4071
f 916 4076 4077
f 4076 1080 4073
f 4080 4079 1080
f 3481 4080 4076
f 122 4078 4080
f 4078 1079 4079
f 4082 4049 1071
f 4079 4082 4074
f 1079 4081 4082
f 4081 191 4049
f 4086 4085 193
f 4083 4086 4066
f 1083 4084 4086
f 4084 1082 4085
f 4088 4083 1075
f 4030 4088 4063
f 1065 4087 4088
f 4087 1083 4083
f 4091 4090 1083
f 4027 4091 4087
f 188 4089 4091
f 4089 1081 4090
f 4094 4093 1082
f 4090 4094 4084
f 1081 4092 4094
f 4092 194 4093
f 4098 4097 193
f 4095 4098 4085
f 1087 4096 4098
f 4096 1086 4097
f 4101 4095 1082
f 4099 4101 4093
f 1084 4100 4101
f 4100 1087 4095
f 4105 4104 1087
f 4102 4105 4100
f 195 4103 4105
f 4103 1085 4104
f 4108 4107 1086
f 4104 4108 4096
f 1085 4106 4108
f 4106 127 4107
f 4111 4067 193
f 4109 4111 4097
f 1088 4110 4111
f 4110 1076 4067
f 4113 4109 1086
f 3510 4113 4107
f 923 4112 4113
f 4112 1088 4109
f 4115 4114 1088
f 3507 4115 4112
f 125 3488 4115
f 3488 917 4114
f 4116 4070 1076
f 4114 4116 4110
f 917 3485 4116
f 3485 124 4070
f 4120 4119 195
f 4117 4120 4102
f 1092 4118 4120
f 4118 1091 4119
f 4123 4117 1084
f 4121 4123 4099
f 1089 4122 4123
f 4122 1092 4117
f 4127 4126 1092
f 4124 4127 4122
f 196 4125 4127
f 4125 1090 4126
f 4130 4129 1091
f 4126 4130 4118
f 1090 4128 4130
f 4128 197 4129
f 4134 4133 195
f 4131 4134 4119
f 1096 4132 4134
f 4132 1095 4133
f 4137 4131 1091
f 4135 4137 4129
f 1093 4136 4137
f 4136 1096 4131
f 4141 4140 1096
f 4138 4141 4136
f 198 4139 4141
f 4139 1094 4140
f 4144 4143 1095
f 4140 4144 4132
f 1094 4142 4144
f 4142 199 4143
f 4147 4103 195
f 4145 4147 4133
f 1098 4146 4147
f 4146 1085 4103
f 4150 4145 1095
f 4148 4150 4143
f 1097 4149 4150
f 4149 1098 4145
f 4153 4152 1098
f 4151 4153 4149
f 128 3514 4153
f 3514 924 4152
f 4154 4106 1085
f 4152 4154 4146
f 924 3511 4154
f 3511 127 4106
f 4158 4157 199
f 4155 4158 4142
f 1101 4156 4158
f 4156 1100 4157
f 4161 4155 1094
f 4159 4161 4139
f 1099 4160 4161
f 4160 1101 4155
f 4164 4163 1101
f 4162 4164 4160
f 135 3586 4164
f 3586 943 4163
f 4166 4165 1100
f 4163 4166 4156
f 943 3583 4166
f 3583 133 4165
f 4169 4148 199
f 4167 4169 4157
f 1102 4168 4169
f 4168 1097 4148
f 4171 4167 1100
f 3572 4171 4165
f 939 4170 4171
f 4170 1102 4167
f 4173 4172 1102
f 3569 4173 4170
f 129 3524 4173
f 3524 927 4172
f 4174 4151 1097
f 4172 4174 4168
f 927 3521 4174
f 3521 128 4151
f 4178 4177 198
f 4175 4178 4138
f 1106 4176 4178
f 4176 1105 4177
f 4181 4175 1093
f 4179 4181 4135
f 1103 4180 4181
f 4180 1106 4175
f 4185 4184 1106
f 4182 4185 4180
f 200 4183 4185
f 4183 1104 4184
f 4188 4187 1105
f 4184 4188 4176
f 1104 4186 4188
f 4186 141 4187
f 4191 4159 198
f 4189 4191 4177
f 1107 4190 4191
f 4190 1099 4159
f 4193 4189 1105
f 3640 4193 4187
f 958 4192 4193
f 4192 1107 4189
f 4195 4194 1107
f 3637 4195 4192
f 137 3600 4195
f 3600 947 4194
f 4196 4162 1099
f 4194 4196 4190
f 947 3597 4196
f 3597 135 4162
f 4200 4199 200
f 4197 4200 4182
f 1110 4198 4200
f 4198 1109 4199
f 4202 4197 1103
f 4128 4202 4179
f 1090 4201 4202
f 4201 1110 4197
f 4205 4204 1110
f 4125 4205 4201
f 196 4203 4205
f 4203 1108 4204
f 4208 4207 1109
f 4204 4208 4198
f 1108 4206 4208
f 4206 201 4207
f 4212 4211 200
f 4209 4212 4199
f 1114 4210 4212
f 4210 1113 4211
f 4215 4209 1109
f 4213 4215 4207
f 1111 4214 4215
f 4214 1114 4209
f 4219 4218 1114
f 4216 4219 4214
f 202 4217 4219
f 4217 1112 4218
f 4222 4221 1113
f 4218 4222 4210
f 1112 4220 4222
f 4220 144 4221
f 4225 4183 200
f 4223 4225 4211
f 1115 4224 4225
f 4224 1104 4183
f 4227 4223 1113
f 3666 4227 4221
f 965 4226 4227
f 4226 1115 4223
f 4229 4228 1115
f 3663 4229 4226
f 142 3644 4229
f 3644 959 4228
f 4230 4186 1104
f 4228 4230 4224
f 959 3641 4230
f 3641 141 4186
f 4234 4233 202
f 4231 4234 4216
f 1119 4232 4234
f 4232 1118 4233
f 4237 4231 1111
f 4235 4237 4213
f 1116 4236 4237
f 4236 1119 4231
f 4241 4240 1119
f 4238 4241 4236
f 203 4239 4241
f 4239 1117 4240
f 4244 4243 1118
f 4240 4244 4232
f 1117 4242 4244
f 4242 204 4243
f 4248 4247 202
f 4245 4248 4233
f 1122 4246 4248
f 4246 1121 4247
f 4251 4245 1118
f 4249 4251 4243
f 1120 4250 4251
f 4250 1122 4245
f 4254 4253 1122
f 4252 4254 4250
f 150 3718 4254
f 3718 979 4253
f 4256 4255 1121
f 4253 4256 4246
f 979 3715 4256
f 3715 148 4255
f 4259 4217 202
f 4257 4259 4247
f 1123 4258 4259
f 4258 1112 4217
f 4261 4257 1121
f 3704 4261 4255
f 975 4260 4261
f 4260 1123 4257
f 4263 4262 1123
f 3701 4263 4260
f 145 3670 4263
f 3670 966 4262
f 4264 4220 1112
f 4262 4264 4258
f 966 3667 4264
f 3667 144 4220
f 4268 4267 204
f 4265 4268 4242
f 1127 4266 4268
f 4266 1126 4267
f 4271 4265 1117
f 4269 4271 4239
f 1124 4270 4271
f 4270 1127 4265
f 4275 4274 1127
f 4272 4275 4270
f 205 4273 4275
f 4273 1125 4274
f 4278 4277 1126
f 4274 4278 4266
f 1125 4276 4278
f 4276 206 4277
f 4281 4249 204
f 4279 4281 4267
f 1129 4280 4281
f 4280 1120 4249
f 4284 4279 1126
f 4282 4284 4277
f 1128 4283 4284
f 4283 1129 4279
f 4287 4286 1129
f 4285 4287 4283
f 152 3732 4287
f 3732 983 4286
f 4288 4252 1120
f 4286 4288 4280
f 983 3729 4288
f 3729 150 4252
f 4292 4291 206
f 4289 4292 4276
f 1133 4290 4292
f 4290 1132 4291
f 4295 4289 1125
f 4293 4295 4273
f 1130 4294 4295
f 4294 1133 4289
f 4299 4298 1133
f 4296 4299 4294
f 178 4297 4299
f 4297 1131 4298
f 4302 4301 1132
f 4298 4302 4290
f 1131 4300 4302
f 4300 207 4301
f 4305 4282 206
f 4303 4305 4291
f 1135 4304 4305
f 4304 1128 4282
f 4308 4303 1132
f 4306 4308 4301
f 1134 4307 4308
f 4307 1135 4303
f 4311 4310 1135
f 4309 4311 4307
f 154 3746 4311
f 3746 987 4310
f 4312 4285 1128
f 4310 4312 4304
f 987 3743 4312
f 3743 152 4285
f 4316 4315 207
f 4313 4316 4300
f 1137 4314 4316
f 4314 1136 4315
f 4318 4313 1131
f 3946 4318 4297
f 1042 4317 4318
f 4317 1137 4313
f 4320 4319 1137
f 3943 4320 4317
f 174 3910 4320
f 3910 1032 4319
f 4322 4321 1136
f 4319 4322 4314
f 1032 3907 4322
f 3907 173 4321
f 4325 4306 207
f 4323 4325 4315
f 1139 4324 4325
f 4324 1134 4306
f 4328 4323 1136
f 4326 4328 4321
f 1138 4327 4328
f 4327 1139 4323
f 4331 4330 1139
f 4329 4331 4327
f 156 3760 4331
f 3760 991 4330
f 4332 4309 1134
f 4330 4332 4324
f 991 3757 4332
f 3757 154 4309
f 4336 4293 205
f 4334 4336 4333
f 1141 4335 4336
f 4335 1130 4293
f 4339 4334 1140
f 3986 4339 4337
f 1053 4338 4339
f 4338 1141 4334
f 4341 4340 1141
f 3983 4341 4338
f 179 3950 4341
f 3950 1043 4340
f 4342 4296 1130
f 4340 4342 4335
f 1043 3947 4342
f 3947 178 4296
f 4345 4333 205
f 4343 4345 4272
f 1144 4344 4345
f 4344 1140 4333
f 4348 4343 1124
f 4346 4348 4269
f 1142 4347 4348
f 4347 1144 4343
f 4352 4351 1144
f 4349 4352 4347
f 208 4350 4352
f 4350 1143 4351
f 4354 4337 1140
f 4351 4354 4344
f 1143 4353 4354
f 4353 183 4337
f 4358 4350 208
f 4356 4358 4355
f 1146 4357 4358
f 4357 1143 4350
f 4361 4356 1145
f 4026 4361 4359
f 1064 4360 4361
f 4360 1146 4356
f 4363 4362 1146
f 4023 4363 4360
f 184 3990 4363
f 3990 1054 4362
f 4364 4353 1143
f 4362 4364 4357
f 1054 3987 4364
f 3987 183 4353
f 4368 4367 208
f 4365 4368 4349
f 1148 4366 4368
f 4366 1147 4367
f 4370 4365 1142
f 4238 4370 4346
f 1116 4369 4370
f 4369 1148 4365
f 4372 4371 1148
f 4235 4372 4369
f 201 4206 4372
f 4206 1108 4371
f 4374 4373 1147
f 4371 4374 4366
f 1108 4203 4374
f 4203 196 4373
f 4377 4355 208
f 4375 4377 4367
f 1149 4376 4377
f 4376 1145 4355
f 4379 4375 1147
f 4124 4379 4373
f 1089 4378 4379
f 4378 1149 4375
f 4381 4380 1149
f 4121 4381 4378
f 194 4092 4381
f 4092 1081 4380
f 4382 4359 1145
f 4380 4382 4376
f 1081 4089 4382
f 4089 188 4359
f 4387 4386 192
f 4384 4387 4383
f 1154 4385 4387
f 4385 1153 4386
f 4391 4384 1150
f 4389 4391 4388
f 1151 4390 4391
f 4390 1154 4384
f 4395 4394 1154
f 4392 4395 4390
f 210 4393 4395
f 4393 1152 4394
f 4398 4397 1153
f 4394 4398 4385
f 1152 4396 4398
f 4396 211 4397
f 4401 4054 192
f 4399 4401 4386
f 1156 4400 4401
f 4400 1073 4054
f 4404 4399 1153
f 4402 4404 4397
f 1155 4403 4404
f 4403 1156 4399
f 4407 4406 1156
f 4405 4407 4403
f 187 4013 4407
f 4013 1061 4406
f 4408 4057 1073
f 4406 4408 4400
f 1061 4010 4408
f 4010 186 4057
f 4411 4383 192
f 4409 4411 4053
f 1159 4410 4411
f 4410 1150 4383
f 4414 4409 1072
f 4412 4414 4050
f 1157 4413 4414
f 4413 1159 4409
f 4418 4417 1159
f 4415 4418 4413
f 212 4416 4418
f 4416 1158 4417
f 4420 4388 1150
f 4417 4420 4410
f 1158 4419 4420
f 4419 209 4388
f 4424 4416 212
f 4422 4424 4421
f 1163 4423 4424
f 4423 1158 4416
f 4428 4422 1160
f 4426 4428 4425
f 1161 4427 4428
f 4427 1163 4422
f 4432 4431 1163
f 4429 4432 4427
f 214 4430 4432
f 4430 1162 4431
f 4434 4419 1158
f 4431 4434 4423
f 1162 4433 4434
f 4433 209 4419
f 4438 4437 212
f 4435 4438 4415
f 1165 4436 4438
f 4436 1164 4437
f 4440 4435 1157
f 4081 4440 4412
f 1079 4439 4440
f 4439 1165 4435
f 4442 4441 1165
f 4078 4442 4439
f 122 3460 4442
f 3460 910 4441
f 4444 4443 1164
f 4441 4444 4436
f 910 3457 4444
f 3457 120 4443
f 4447 4421 212
f 4445 4447 4437
f 1167 4446 4447
f 4446 1160 4421
f 4449 4445 1164
f 3436 4449 4443
f 904 4448 4449
f 4448 1167 4445
f 4452 4451 1167
f 3433 4452 4448
f 118 4450 4452
f 4450 1166 4451
f 4454 4425 1160
f 4451 4454 4446
f 1166 4453 4454
f 4453 213 4425
f 4459 4458 214
f 4456 4459 4455
f 1172 4457 4459
f 4457 1171 4458
f 4463 4456 1168
f 4461 4463 4460
f 1169 4462 4463
f 4462 1172 4456
f 4467 4466 1172
f 4464 4467 4462
f 216 4465 4467
f 4465 1170 4466
f 4470 4469 1171
f 4466 4470 4457
f 1170 4468 4470
f 4468 217 4469
f 4473 4430 214
f 4471 4473 4458
f 1174 4472 4473
f 4472 1162 4430
f 4476 4471 1171
f 4474 4476 4469
f 1173 4475 4476
f 4475 1174 4471
f 4479 4478 1174
f 4477 4479 4475
f 210 4392 4479
f 4392 1151 4478
f 4480 4433 1162
f 4478 4480 4472
f 1151 4389 4480
f 4389 209 4433
f 4483 4455 214
f 4481 4483 4429
f 1177 4482 4483
f 4482 1168 4455
f 4486 4481 1161
f 4484 4486 4426
f 1175 4485 4486
f 4485 1177 4481
f 4490 4489 1177
f 4487 4490 4485
f 218 4488 4490
f 4488 1176 4489
f 4492 4460 1168
f 4489 4492 4482
f 1176 4491 4492
f 4491 215 4460
f 4496 4488 218
f 4494 4496 4493
f 1181 4495 4496
f 4495 1176 4488
f 4500 4494 1178
f 4498 4500 4497
f 1179 4499 4500
f 4499 1181 4494
f 4504 4503 1181
f 4501 4504 4499
f 220 4502 4504
f 4502 1180 4503
f 4506 4491 1176
f 4503 4506 4495
f 1180 4505 4506
f 4505 215 4491
f 4510 4509 218
f 4507 4510 4487
f 1183 4508 4510
f 4508 1182 4509
f 4512 4507 1175
f 4453 4512 4484
f 1166 4511 4512
f 4511 1183 4507
f 4514 4513 1183
f 4450 4514 4511
f 118 3412 4514
f 3412 898 4513
f 4516 4515 1182
f 4513 4516 4508
f 898 3409 4516
f 3409 117 4515
f 4519 4493 218
f 4517 4519 4509
f 1185 4518 4519
f 4518 1178 4493
f 4521 4517 1182
f 3402 4521 4515
f 895 4520 4521
f 4520 1185 4517
f 4524 4523 1185
f 3399 4524 4520
f 116 4522 4524
f 4522 1184 4523
f 4526 4497 1178
f 4523 4526 4518
f 1184 4525 4526
f 4525 219 4497
f 4531 4530 220
f 4528 4531 4527
f 1190 4529 4531
f 4529 1189 4530
f 4535 4528 1186
f 4533 4535 4532
f 1187 4534 4535
f 4534 1190 4528
f 4539 4538 1190
f 4536 4539 4534
f 88 4537 4539
f 4537 1188 4538
f 4542 4541 1189
f 4538 4542 4529
f 1188 4540 4542
f 4540 221 4541
f 4545 4502 220
f 4543 4545 4530
f 1192 4544 4545
f 4544 1180 4502
f 4548 4543 1189
f 4546 4548 4541
f 1191 4547 4548
f 4547 1192 4543
f 4551 4550 1192
f 4549 4551 4547
f 216 4464 4551
f 4464 1169 4550
f 4552 4505 1180
f 4550 4552 4544
f 1169 4461 4552
f 4461 215 4505
f 4555 4527 220
f 4553 4555 4501
f 1195 4554 4555
f 4554 1186 4527
f 4558 4553 1179
f 4556 4558 4498
f 1193 4557 4558
f 4557 1195 4553
f 4562 4561 1195
f 4559 4562 4557
f 92 4560 4562
f 4560 1194 4561
f 4564 4532 1186
f 4561 4564 4554
f 1194 4563 4564
f 4563 90 4532
f 4568 4567 221
f 4565 4568 4540
f 1198 4566 4568
f 4566 1197 4567
f 4571 4565 1188
f 4569 4571 4537
f 1196 4570 4571
f 4570 1198 4565
f 4574 4573 1198
f 4572 4574 4570
f 86 3058 4574
f 3058 801 4573
f 4576 4575 1197
f 4573 4576 4566
f 801 3055 4576
f 3055 85 4575
f 4579 4546 221
f 4577 4579 4567
f 1201 4578 4579
f 4578 1191 4546
f 4582 4577 1197
f 4580 4582 4575
f 1199 4581 4582
f 4581 1201 4577
f 4586 4585 1201
f 4583 4586 4581
f 222 4584 4586
f 4584 1200 4585
f 4588 4549 1191
f 4585 4588 4578
f 1200 4587 4588
f 4587 216 4549
f 4592 4591 222
f 4589 4592 4583
f 1203 4590 4592
f 4590 1202 4591
f 4594 4589 1199
f 3054 4594 4580
f 800 4593 4594
f 4593 1203 4589
f 4596 4595 1203
f 3051 4596 4593
f 82 3018 4596
f 3018 790 4595
f 4598 4597 1202
f 4595 4598 4590
f 790 3015 4598
f 3015 81 4597
f 4602 4601 222
f 4599 4602 4591
f 1207 4600 4602
f 4600 1206 4601
f 4605 4599 1202
f 4603 4605 4597
f 1204 4604 4605
f 4604 1207 4599
f 4609 4608 1207
f 4606 4609 4604
f 223 4607 4609
f 4607 1205 4608
f 4612 4611 1206
f 4608 4612 4600
f 1205 4610 4612
f 4610 224 4611
f 4615 4584 222
f 4613 4615 4601
f 1209 4614 4615
f 4614 1200 4584
f 4618 4613 1206
f 4616 4618 4611
f 1208 4617 4618
f 4617 1209 4613
f 4621 4620 1209
f 4619 4621 4617
f 217 4468 4621
f 4468 1170 4620
f 4622 4587 1200
f 4620 4622 4614
f 1170 4465 4622
f 4465 216 4587
f 4626 4625 224
f 4623 4626 4610
f 1213 4624 4626
f 4624 1212 4625
f 4629 4623 1205
f 4627 4629 4607
f 1210 4628 4629
f 4628 1213 4623
f 4633 4632 1213
f 4630 4633 4628
f 225 4631 4633
f 4631 1211 4632
f 4636 4635 1212
f 4632 4636 4624
f 1211 4634 4636
f 4634 226 4635
f 4639 4616 224
f 4637 4639 4625
f 1215 4638 4639
f 4638 1208 4616
f 4642 4637 1212
f 4640 4642 4635
f 1214 4641 4642
f 4641 1215 4637
f 4645 4644 1215
f 4643 4645 4641
f 210 4477 4645
f 4477 1173 4644
f 4646 4619 1208
f 4644 4646 4638
f 1173 4474 4646
f 4474 217 4619
f 4650 4649 226
f 4647 4650 4634
f 1219 4648 4650
f 4648 1218 4649
f 4653 4647 1211
f 4651 4653 4631
f 1216 4652 4653
f 4652 1219 4647
f 4657 4656 1219
f 4654 4657 4652
f 227 4655 4657
f 4655 1217 4656
f 4660 4659 1218
f 4656 4660 4648
f 1217 4658 4660
f 4658 228 4659
f 4663 4640 226
f 4661 4663 4649
f 1221 4662 4663
f 4662 1214 4640
f 4666 4661 1218
f 4664 4666 4659
f 1220 4665 4666
f 4665 1221 4661
f 4669 4668 1221
f 4667 4669 4665
f 211 4396 4669
f 4396 1152 4668
f 4670 4643 1214
f 4668 4670 4662
f 1152 4393 4670
f 4393 210 4643
f 4674 4673 228
f 4671 4674 4658
f 1225 4672 4674
f 4672 1224 4673
f 4677 4671 1217
f 4675 4677 4655
f 1222 4676 4677
f 4676 1225 4671
f 4681 4680 1225
f 4678 4681 4676
f 229 4679 4681
f 4679 1223 4680
f 4684 4683 1224
f 4680 4684 4672
f 1223 4682 4684
f 4682 230 4683
f 4687 4664 228
f 4685 4687 4673
f 1227 4686 4687
f 4686 1220 4664
f 4690 4685 1224
f 4688 4690 4683
f 1226 4689 4690
f 4689 1227 4685
f 4693 4692 1227
f 4691 4693 4689
f 187 4405 4693
f 4405 1155 4692
f 4694 4667 1220
f 4692 4694 4686
f 1155 4402 4694
f 4402 211 4667
f 4698 4697 230
f 4695 4698 4682
f 1231 4696 4698
f 4696 1230 4697
f 4701 4695 1223
f 4699 4701 4679
f 1228 4700 4701
f 4700 1231 4695
f 4705 4704 1231
f 4702 4705 4700
f 231 4703 4705
f 4703 1229 4704
f 4708 4707 1230
f 4704 4708 4696
f 1229 4706 4708
f 4706 182 4707
f 4711 4688 230
f 4709 4711 4697
f 1232 4710 4711
f 4710 1226 4688
f 4713 4709 1230
f 3973 4713 4707
f 1050 4712 4713
f 4712 1232 4709
f 4715 4714 1232
f 3970 4715 4712
f 181 4017 4715
f 4017 1062 4714
f 4716 4691 1226
f 4714 4716 4710
f 1062 4014 4716
f 4014 187 4691
f 4720 4719 231
f 4717 4720 4702
f 1236 4718 4720
f 4718 1235 4719
f 4723 4717 1228
f 4721 4723 4699
f 1233 4722 4723
f 4722 1236 4717
f 4727 4726 1236
f 4724 4727 4722
f 232 4725 4727
f 4725 1234 4726
f 4730 4729 1235
f 4726 4730 4718
f 1234 4728 4730
f 4728 233 4729
f 4734 4733 231
f 4731 4734 4719
f 1240 4732 4734
f 4732 1239 4733
f 4737 4731 1235
f 4735 4737 4729
f 1237 4736 4737
f 4736 1240 4731
f 4741 4740 1240
f 4738 4741 4736
f 234 4739 4741
f 4739 1238 4740
f 4744 4743 1239
f 4740 4744 4732
f 1238 4742 4744
f 4742 177 4743
f 4747 4703 231
f 4745 4747 4733
f 1241 4746 4747
f 4746 1229 4703
f 4749 4745 1239
f 3933 4749 4743
f 1039 4748 4749
f 4748 1241 4745
f 4751 4750 1241
f 3930 4751 4748
f 176 3977 4751
f 3977 1051 4750
f 4752 4706 1229
f 4750 4752 4746
f 1051 3974 4752
f 3974 182 4706
f 4756 4755 234
f 4753 4756 4738
f 1245 4754 4756
f 4754 1244 4755
f 4759 4753 1237
f 4757 4759 4735
f 1242 4758 4759
f 4758 1245 4753
f 4763 4762 1245
f 4760 4763 4758
f 235 4761 4763
f 4761 1243 4762
f 4766 4765 1244
f 4762 4766 4754
f 1243 4764 4766
f 4764 236 4765
f 4770 4769 234
f 4767 4770 4755
f 1249 4768 4770
f 4768 1248 4769
f 4773 4767 1244
f 4771 4773 4765
f 1246 4772 4773
f 4772 1249 4767
f 4777 4776 1249
f 4774 4777 4772
f 237 4775 4777
f 4775 1247 4776
f 4780 4779 1248
f 4776 4780 4768
f 1247 4778 4780
f 4778 172 4779
f 4783 4739 234
f 4781 4783 4769
f 1250 4782 4783
f 4782 1238 4739
f 4785 4781 1248
f 3893 4785 4779
f 1028 4784 4785
f 4784 1250 4781
f 4787 4786 1250
f 3890 4787 4784
f 171 3937 4787
f 3937 1040 4786
f 4788 4742 1238
f 4786 4788 4782
f 1040 3934 4788
f 3934 177 4742
f 4792 4791 237
f 4789 4792 4774
f 1254 4790 4792
f 4790 1253 4791
f 4795 4789 1246
f 4793 4795 4771
f 1251 4794 4795
f 4794 1254 4789
f 4799 4798 1254
f 4796 4799 4794
f 238 4797 4799
f 4797 1252 4798
f 4802 4801 1253
f 4798 4802 4790
f 1252 4800 4802
f 4800 239 4801
f 4806 4805 237
f 4803 4806 4791
f 1258 4804 4806
f 4804 1257 4805
f 4809 4803 1253
f 4807 4809 4801
f 1255 4808 4809
f 4808 1258 4803
f 4813 4812 1258
f 4810 4813 4808
f 240 4811 4813
f 4811 1256 4812
f 4816 4815 1257
f 4812 4816 4804
f 1256 4814 4816
f 4814 168 4815
f 4819 4775 237
f 4817 4819 4805
f 1259 4818 4819
f 4818 1247 4775
f 4821 4817 1257
f 3855 4821 4815
f 1018 4820 4821
f 4820 1259 4817
f 4823 4822 1259
f 3852 4823 4820
f 167 3897 4823
f 3897 1029 4822
f 4824 4778 1247
f 4822 4824 4818
f 1029 3894 4824
f 3894 172 4778
f 4828 4827 240
f 4825 4828 4810
f 1263 4826 4828
f 4826 1262 4827
f 4831 4825 1255
f 4829 4831 4807
f 1260 4830 4831
f 4830 1263 4825
f 4835 4834 1263
f 4832 4835 4830
f 241 4833 4835
f 4833 1261 4834
f 4838 4837 1262
f 4834 4838 4826
f 1261 4836 4838
f 4836 242 4837
f 4842 4841 240
f 4839 4842 4827
f 1267 4840 4842
f 4840 1266 4841
f 4845 4839 1262
f 4843 4845 4837
f 1264 4844 4845
f 4844 1267 4839
f 4849 4848 1267
f 4846 4849 4844
f 243 4847 4849
f 4847 1265 4848
f 4852 4851 1266
f 4848 4852 4840
f 1265 4850 4852
f 4850 165 4851
f 4855 4811 240
f 4853 4855 4841
f 1268 4854 4855
f 4854 1256 4811
f 4857 4853 1266
f 3829 4857 4851
f 1011 4856 4857
f 4856 1268 4853
f 4859 4858 1268
f 3826 4859 4856
f 164 3859 4859
f 3859 1019 4858
f 4860 4814 1256
f 4858 4860 4854
f 1019 3856 4860
f 3856 168 4814
f 4864 4847 243
f 4862 4864 4861
f 1270 4863 4864
f 4863 1265 4847
f 4867 4862 1269
f 2694 4867 4865
f 703 4866 4867
f 4866 1270 4862
f 4869 4868 1270
f 2691 4869 4866
f 50 3833 4869
f 3833 1012 4868
f 4870 4850 1265
f 4868 4870 4863
f 1012 3830 4870
f 3830 165 4850
f 4874 4873 241
f 4871 4874 4832
f 1273 4872 4874
f 4872 1272 4873
f 4876 4871 1260
f 4800 4876 4829
f 1252 4875 4876
f 4875 1273 4871
f 4879 4878 1273
f 4797 4879 4875
f 238 4877 4879
f 4877 1271 4878
f 4882 4881 1272
f 4878 4882 4872
f 1271 4880 4882
f 4880 244 4881
f 4886 4885 244
f 4883 4886 4880
f 1277 4884 4886
f 4884 1276 4885
f 4889 4883 1271
f 4887 4889 4877
f 1274 4888 4889
f 4888 1277 4883
f 4893 4892 1277
f 4890 4893 4888
f 245 4891 4893
f 4891 1275 4892
f 4896 4895 1276
f 4892 4896 4884
f 1275 4894 4896
f 4894 246 4895
f 4900 4899 246
f 4897 4900 4894
f 1281 4898 4900
f 4898 1280 4899
f 4903 4897 1275
f 4901 4903 4891
f 1278 4902 4903
f 4902 1281 4897
f 4907 4906 1281
f 4904 4907 4902
f 247 4905 4907
f 4905 1279 4906
f 4910 4909 1280
f 4906 4910 4898
f 1279 4908 4910
f 4908 248 4909
f 4914 4913 248
f 4911 4914 4908
f 1284 4912 4914
f 4912 1283 4913
f 4917 4911 1279
f 4915 4917 4905
f 1282 4916 4917
f 4916 1284 4911
f 4920 4919 1284
f 4918 4920 4916
f 21 2759 4920
f 2759 722 4919
f 4922 4921 1283
f 4919 4922 4912
f 722 2756 4922
f 2756 58 4921
f 4926 4925 247
f 4923 4926 4904
f 1288 4924 4926
f 4924 1287 4925
f 4929 4923 1278
f 4927 4929 4901
f 1285 4928 4929
f 4928 1288 4923
f 4933 4932 1288
f 4930 4933 4928
f 235 4931 4933
f 4931 1286 4932
f 4936 4935 1287
f 4932 4936 4924
f 1286 4934 4936
f 4934 249 4935
f 4939 4915 247
f 4937 4939 4925
f 1290 4938 4939
f 4938 1282 4915
f 4942 4937 1287
f 4940 4942 4935
f 1289 4941 4942
f 4941 1290 4937
f 4945 4944 1290
f 4943 4945 4941
f 18 2501 4945
f 2501 649 4944
f 4946 4918 1282
f 4944 4946 4938
f 649 2498 4946
f 2498 21 4918
f 4950 4949 249
f 4947 4950 4934
f 1292 4948 4950
f 4948 1291 4949
f 4952 4947 1286
f 4760 4952 4931
f 1242 4951 4952
f 4951 1292 4947
f 4954 4953 1292
f 4757 4954 4951
f 233 4728 4954
f 4728 1234 4953
f 4956 4955 1291
f 4953 4956 4948
f 1234 4725 4956
f 4725 232 4955
f 4959 4940 249
f 4957 4959 4949
f 1294 4958 4959
f 4958 1289 4940
f 4962 4957 1291
f 4960 4962 4955
f 1293 4961 4962
f 4961 1294 4957
f 4965 4964 1294
f 4963 4965 4961
f 19 2484 4965
f 2484 644 4964
f 4966 4943 1289
f 4964 4966 4958
f 644 2481 4966
f 2481 18 4943
f 4969 4927 245
f 4967 4969 4890
f 1295 4968 4969
f 4968 1285 4927
f 4971 4967 1274
f 4796 4971 4887
f 1251 4970 4971
f 4970 1295 4967
f 4973 4972 1295
f 4793 4973 4970
f 236 4764 4973
f 4764 1243 4972
f 4974 4930 1285
f 4972 4974 4968
f 1243 4761 4974
f 4761 235 4930
f 4977 4960 232
f 4975 4977 4724
f 1297 4976 4977
f 4976 1293 4960
f 4979 4975 1233
f 4678 4979 4721
f 1222 4978 4979
f 4978 1297 4975
f 4982 4981 1297
f 4675 4982 4978
f 227 4980 4982
f 4980 1296 4981
f 4984 4963 1293
f 4981 4984 4976
f 1296 4983 4984
f 4983 19 4963
f 4987 4980 227
f 4985 4987 4654
f 1299 4986 4987
f 4986 1296 4980
f 4990 4985 1216
f 4988 4990 4651
f 1298 4989 4990
f 4989 1299 4985
f 4993 4992 1299
f 4991 4993 4989
f 20 2488 4993
f 2488 645 4992
f 4994 4983 1296
f 4992 4994 4986
f 645 2485 4994
f 2485 19 4983
f 4997 4988 225
f 4995 4997 4630
f 1301 4996 4997
f 4996 1298 4988
f 5000 4995 1210
f 4998 5000 4627
f 1300 4999 5000
f 4999 1301 4995
f 5003 5002 1301
f 5001 5003 4999
f 23 2523 5003
f 2523 655 5002
f 5004 4991 1298
f 5002 5004 4996
f 655 2520 5004
f 2520 20 4991
f 5007 4998 223
f 5005 5007 4606
f 1302 5006 5007
f 5006 1300 4998
f 5009 5005 1204
f 3014 5009 4603
f 789 5008 5009
f 5008 1302 5005
f 5011 5010 1302
f 3011 5011 5008
f 32 2603 5011
f 2603 677 5010
f 5012 5001 1300
f 5010 5012 5006
f 677 2600 5012
f 2600 23 5001
f 5015 4556 219
f 5013 5015 4525
f 1305 5014 5015
f 5014 1193 4556
f 5018 5013 1184
f 5016 5018 4522
f 1303 5017 5018
f 5017 1305 5013
f 5022 5021 1305
f 5019 5022 5017
f 94 5020 5022
f 5020 1304 5021
f 5024 4559 1193
f 5021 5024 5014
f 1304 5023 5024
f 5023 92 4559
f 5027 4326 173
f 5025 5027 3906
f 1306 5026 5027
f 5026 1138 4326
f 5029 5025 1031
f 3870 5029 3903
f 1021 5028 5029
f 5028 1306 5025
f 5031 5030 1306
f 3867 5031 5028
f 158 3774 5031
f 3774 995 5030
f 5032 4329 1138
f 5030 5032 5026
f 995 3771 5032
f 3771 156 4329
f 5035 5016 116
f 5033 5035 3398
f 1308 5034 5035
f 5034 1303 5016
f 5037 5033 894
f 3376 5037 3395
f 888 5036 5037
f 5036 1308 5033
f 5040 5039 1308
f 3373 5040 5036
f 96 5038 5040
f 5038 1307 5039
f 5042 5019 1303
f 5039 5042 5034
f 1307 5041 5042
f 5041 94 5019
f 5045 2937 74
f 5043 5045 2904
f 1310 5044 5045
f 5044 770 2937
f 5048 5043 760
f 5046 5048 2901
f 1309 5047 5048
f 5047 1310 5043
f 5051 5050 1310
f 5049 5051 5047
f 28 2595 5051
f 2595 675 5050
f 5052 2940 770
f 5050 5052 5044
f 675 2592 5052
f 2592 31 2940
f 5056 5055 73
f 5053 5056 2900
f 1313 5054 5056
f 5054 1312 5055
f 5058 5053 759
f 2864 5058 2897
f 749 5057 5058
f 5057 1313 5053
f 5061 5060 1313
f 2861 5061 5057
f 68 5059 5061
f 5059 1311 5060
f 5064 5063 1312
f 5060 5064 5054
f 1311 5062 5064
f 5062 250 5063
f 5067 5046 73
f 5065 5067 5055
f 1315 5066 5067
f 5066 1309 5046
f 5070 5065 1312
f 5068 5070 5063
f 1314 5069 5070
f 5069 1315 5065
f 5073 5072 1315
f 5071 5073 5069
f 29 2577 5073
f 2577 670 5072
f 5074 5049 1309
f 5072 5074 5066
f 670 2574 5074
f 2574 28 5049
f 5078 5077 250
f 5075 5078 5062
f 1319 5076 5078
f 5076 1318 5077
f 5081 5075 1311
f 5079 5081 5059
f 1316 5080 5081
f 5080 1319 5075
f 5085 5084 1319
f 5082 5085 5080
f 251 5083 5085
f 5083 1317 5084
f 5088 5087 1318
f 5084 5088 5076
f 1317 5086 5088
f 5086 252 5087
f 5091 5068 250
f 5089 5091 5077
f 1321 5090 5091
f 5090 1314 5068
f 5094 5089 1318
f 5092 5094 5087
f 1320 5093 5094
f 5093 1321 5089
f 5097 5096 1321
f 5095 5097 5093
f 43 2632 5097
f 2632 684 5096
f 5098 5071 1314
f 5096 5098 5090
f 684 2629 5098
f 2629 29 5071
f 5102 5101 251
f 5099 5102 5082
f 1323 5100 5102
f 5100 1322 5101
f 5104 5099 1316
f 2860 5104 5079
f 748 5103 5104
f 5103 1323 5099
f 5106 5105 1323
f 2857 5106 5103
f 64 2824 5106
f 2824 738 5105
f 5108 5107 1322
f 5105 5108 5100
f 738 2821 5108
f 2821 63 5107
f 5111 2848 67
f 5109 5111 3306
f 1324 5110 5111
f 5110 746 2848
f 5113 5109 871
f 2398 5113 3303
f 619 5112 5113
f 5112 1324 5109
f 5115 5114 1324
f 2395 5115 5112
f 5 2809 5115
f 2809 735 5114
f 5116 2851 746
f 5114 5116 5110
f 735 2806 5116
f 2806 62 2851
f 5120 5119 48
f 5117 5120 2678
f 1326 5118 5120
f 5118 1325 5119
f 5122 5117 698
f 2468 5122 2675
f 639 5121 5122
f 5121 1326 5117
f 5124 5123 1326
f 2465 5124 5121
f 15 2618 5124
f 2618 681 5123
f 5126 5125 1325
f 5123 5126 5118
f 681 2615 5126
f 2615 42 5125
f 5131 5130 253
f 5128 5131 5127
f 1331 5129 5131
f 5129 1330 5130
f 5135 5128 1327
f 5133 5135 5132
f 1328 5134 5135
f 5134 1331 5128
f 5139 5138 1331
f 5136 5139 5134
f 258 5137 5139
f 5137 1329 5138
f 5142 5141 1330
f 5138 5142 5129
f 1329 5140 5142
f 5140 257 5141
f 5146 5145 253
f 5143 5146 5130
f 1335 5144 5146
f 5144 1334 5145
f 5149 5143 1330
f 5147 5149 5141
f 1332 5148 5149
f 5148 1335 5143
f 5153 5152 1335
f 5150 5153 5148
f 261 5151 5153
f 5151 1333 5152
f 5156 5155 1334
f 5152 5156 5144
f 1333 5154 5156
f 5154 260 5155
f 5160 5127 253
f 5158 5160 5157
f 1339 5159 5160
f 5159 1327 5127
f 5164 5158 1336
f 5162 5164 5161
f 1337 5163 5164
f 5163 1339 5158
f 5168 5167 1339
f 5165 5168 5163
f 262 5166 5168
f 5166 1338 5167
f 5170 5132 1327
f 5167 5170 5159
f 1338 5169 5170
f 5169 259 5132
f 5174 5173 253
f 5171 5174 5145
f 1343 5172 5174
f 5172 1342 5173
f 5177 5171 1334
f 5175 5177 5155
f 1340 5176 5177
f 5176 1343 5171
f 5181 5180 1343
f 5178 5181 5176
f 265 5179 5181
f 5179 1341 5180
f 5184 5183 1342
f 5180 5184 5172
f 1341 5182 5184
f 5182 264 5183
f 5187 5157 253
f 5185 5187 5173
f 1346 5186 5187
f 5186 1336 5157
f 5190 5185 1342
f 5188 5190 5183
f 1344 5189 5190
f 5189 1346 5185
f 5194 5193 1346
f 5191 5194 5189
f 266 5192 5194
f 5192 1345 5193
f 5196 5161 1336
f 5193 5196 5186
f 1345 5195 5196
f 5195 263 5161
f 5201 5200 254
f 5198 5201 5197
f 1351 5199 5201
f 5199 1350 5200
f 5205 5198 1347
f 5203 5205 5202
f 1348 5204 5205
f 5204 1351 5198
f 5209 5208 1351
f 5206 5209 5204
f 268 5207 5209
f 5207 1349 5208
f 5212 5211 1350
f 5208 5212 5199
f 1349 5210 5212
f 5210 267 5211
f 5217 5216 254
f 5214 5217 5213
f 1356 5215 5217
f 5215 1355 5216
f 5221 5214 1352
f 5219 5221 5218
f 1353 5220 5221
f 5220 1356 5214
f 5225 5224 1356
f 5222 5225 5220
f 271 5223 5225
f 5223 1354 5224
f 5228 5227 1355
f 5224 5228 5215
f 1354 5226 5228
f 5226 270 5227
f 5231 5197 254
f 5229 5231 5216
f 1359 5230 5231
f 5230 1347 5197
f 5234 5229 1355
f 5232 5234 5227
f 1357 5233 5234
f 5233 1359 5229
f 5238 5237 1359
f 5235 5238 5233
f 273 5236 5238
f 5236 1358 5237
f 5240 5202 1347
f 5237 5240 5230
f 1358 5239 5240
f 5239 269 5202
f 5244 5243 254
f 5241 5244 5200
f 1363 5242 5244
f 5242 1362 5243
f 5247 5241 1350
f 5245 5247 5211
f 1360 5246 5247
f 5246 1363 5241
f 5251 5250 1363
f 5248 5251 5246
f 274 5249 5251
f 5249 1361 5250
f 5254 5253 1362
f 5250 5254 5242
f 1361 5252 5254
f 5252 256 5253
f 5257 5213 254
f 5255 5257 5243
f 1366 5256 5257
f 5256 1352 5213
f 5260 5255 1362
f 5258 5260 5253
f 1364 5259 5260
f 5259 1366 5255
f 5264 5263 1366
f 5261 5264 5259
f 275 5262 5264
f 5262 1365 5263
f 5266 5218 1352
f 5263 5266 5256
f 1365 5265 5266
f 5265 272 5218
f 5271 5270 255
f 5268 5271 5267
f 1370 5269 5271
f 5269 1369 5270
f 5275 5268 1367
f 5273 5275 5272
f 1368 5274 5275
f 5274 1370 5268
f 5278 5277 1370
f 5276 5278 5274
f 25 2538 5278
f 2538 659 5277
f 5280 5279 1369
f 5277 5280 5269
f 659 2535 5280
f 2535 24 5279
f 5284 5267 255
f 5282 5284 5281
f 1373 5283 5284
f 5283 1367 5267
f 5287 5282 1371
f 5182 5287 5285
f 1341 5286 5287
f 5286 1373 5282
f 5290 5289 1373
f 5179 5290 5286
f 265 5288 5290
f 5288 1372 5289
f 5292 5272 1367
f 5289 5292 5283
f 1372 5291 5292
f 5291 276 5272
f 5296 5281 255
f 5294 5296 5293
f 1376 5295 5296
f 5295 1371 5281
f 5300 5294 1374
f 5298 5300 5297
f 1375 5299 5300
f 5299 1376 5294
f 5303 5302 1376
f 5301 5303 5299
f 266 5191 5303
f 5191 1344 5302
f 5304 5285 1371
f 5302 5304 5295
f 1344 5188 5304
f 5188 264 5285
f 5308 5307 256
f 5305 5308 5252
f 1380 5306 5308
f 5306 1379 5307
f 5311 5305 1361
f 5309 5311 5249
f 1377 5310 5311
f 5310 1380 5305
f 5315 5314 1380
f 5312 5315 5310
f 279 5313 5315
f 5313 1378 5314
f 5318 5317 1379
f 5314 5318 5306
f 1378 5316 5318
f 5316 278 5317
f 5322 5321 256
f 5319 5322 5307
f 1384 5320 5322
f 5320 1383 5321
f 5325 5319 1379
f 5323 5325 5317
f 1381 5324 5325
f 5324 1384 5319
f 5329 5328 1384
f 5326 5329 5324
f 281 5327 5329
f 5327 1382 5328
f 5332 5331 1383
f 5328 5332 5320
f 1382 5330 5332
f 5330 280 5331
f 5335 5258 256
f 5333 5335 5321
f 1387 5334 5335
f 5334 1364 5258
f 5338 5333 1383
f 5336 5338 5331
f 1385 5337 5338
f 5337 1387 5333
f 5342 5341 1387
f 5339 5342 5337
f 282 5340 5342
f 5340 1386 5341
f 5344 5261 1364
f 5341 5344 5334
f 1386 5343 5344
f 5343 275 5261
f 5349 5348 283
f 5346 5349 5345
f 1391 5347 5349
f 5347 1390 5348
f 5352 5346 1388
f 5248 5352 5350
f 1360 5351 5352
f 5351 1391 5346
f 5355 5354 1391
f 5245 5355 5351
f 267 5353 5355
f 5353 1389 5354
f 5358 5357 1390
f 5354 5358 5347
f 1389 5356 5358
f 5356 287 5357
f 5362 5345 283
f 5360 5362 5359
f 1394 5361 5362
f 5361 1388 5345
f 5366 5360 1392
f 5364 5366 5363
f 1393 5365 5366
f 5365 1394 5360
f 5369 5368 1394
f 5367 5369 5365
f 279 5312 5369
f 5312 1377 5368
f 5370 5350 1388
f 5368 5370 5361
f 1377 5309 5370
f 5309 274 5350
f 5374 5373 34
f 5371 5374 2638
f 1397 5372 5374
f 5372 1396 5373
f 5376 5371 689
f 5276 5376 2647
f 1368 5375 5376
f 5375 1397 5371
f 5379 5378 1397
f 5273 5379 5375
f 276 5377 5379
f 5377 1395 5378
f 5382 5381 1396
f 5378 5382 5372
f 1395 5380 5382
f 5380 284 5381
f 5386 2649 35
f 5384 5386 5383
f 1401 5385 5386
f 5385 691 2649
f 5390 5384 1398
f 5388 5390 5387
f 1399 5389 5390
f 5389 1401 5384
f 5394 5393 1401
f 5391 5394 5389
f 289 5392 5394
f 5392 1400 5393
f 5396 2654 691
f 5393 5396 5385
f 1400 5395 5396
f 5395 44 2654
f 5400 2665 36
f 5398 5400 5397
f 1405 5399 5400
f 5399 696 2665
f 5404 5398 1402
f 5402 5404 5401
f 1403 5403 5404
f 5403 1405 5398
f 5408 5407 1405
f 5405 5408 5403
f 268 5406 5408
f 5406 1404 5407
f 5410 2670 696
f 5407 5410 5399
f 1404 5409 5410
f 5409 47 2670
f 5414 5413 37
f 5411 5414 2684
f 1409 5412 5414
f 5412 1408 5413
f 5417 5411 704
f 5415 5417 2695
f 1406 5416 5417
f 5416 1409 5411
f 5421 5420 1409
f 5418 5421 5416
f 293 5419 5421
f 5419 1407 5420
f 5424 5423 1408
f 5420 5424 5412
f 1407 5422 5424
f 5422 292 5423
f 5428 5427 284
f 5425 5428 5380
f 1412 5426 5428
f 5426 1411 5427
f 5430 5425 1395
f 5291 5430 5377
f 1372 5429 5430
f 5429 1412 5425
f 5433 5432 1412
f 5288 5433 5429
f 265 5431 5433
f 5431 1410 5432
f 5436 5435 1411
f 5432 5436 5426
f 1410 5434 5436
f 5434 294 5435
f 5441 5440 285
f 5438 5441 5437
f 1417 5439 5441
f 5439 1416 5440
f 5445 5438 1413
f 5443 5445 5442
f 1414 5444 5445
f 5444 1417 5438
f 5449 5448 1417
f 5446 5449 5444
f 601 5447 5449
f 5447 1415 5448
f 5452 5451 1416
f 5448 5452 5439
f 1415 5450 5452
f 5450 295 5451
f 5456 5437 285
f 5454 5456 5453
f 1421 5455 5456
f 5455 1413 5437
f 5460 5454 1418
f 5458 5460 5457
f 1419 5459 5460
f 5459 1421 5454
f 5464 5463 1421
f 5461 5464 5459
f 602 5462 5464
f 5462 1420 5463
f 5466 5442 1413
f 5463 5466 5455
f 1420 5465 5466
f 5465 600 5442
f 5470 5469 40
f 5467 5470 2742
f 1423 5468 5470
f 5468 1422 5469
f 5472 5467 719
f 5409 5472 2749
f 1404 5471 5472
f 5471 1423 5467
f 5474 5473 1423
f 5406 5474 5471
f 268 5206 5474
f 5206 1348 5473
f 5476 5475 1422
f 5473 5476 5468
f 1348 5203 5476
f 5203 269 5475
f 5479 2751 40
f 5477 5479 5469
f 1425 5478 5479
f 5478 721 2751
f 5481 5477 1422
f 5239 5481 5475
f 1358 5480 5481
f 5480 1425 5477
f 5484 5483 1425
f 5236 5484 5480
f 273 5482 5484
f 5482 1424 5483
f 5486 2755 721
f 5483 5486 5478
f 1424 5485 5486
f 5485 58 2755
f 5491 5490 286
f 5488 5491 5487
f 1428 5489 5491
f 5489 1427 5490
f 5494 5488 1426
f 5434 5494 5492
f 1410 5493 5494
f 5493 1428 5488
f 5496 5495 1428
f 5431 5496 5493
f 265 5178 5496
f 5178 1340 5495
f 5498 5497 1427
f 5495 5498 5489
f 1340 5175 5498
f 5175 260 5497
f 5502 5501 286
f 5499 5502 5490
f 1431 5500 5502
f 5500 1430 5501
f 5504 5499 1427
f 5154 5504 5497
f 1333 5503 5504
f 5503 1431 5499
f 5507 5506 1431
f 5151 5507 5503
f 261 5505 5507
f 5505 1429 5506
f 5510 5509 1430
f 5506 5510 5500
f 1429 5508 5510
f 5508 300 5509
f 5514 5513 300
f 5511 5514 5508
f 1435 5512 5514
f 5512 1434 5513
f 5517 5511 1429
f 5515 5517 5505
f 1432 5516 5517
f 5516 1435 5511
f 5521 5520 1435
f 5518 5521 5516
f 302 5519 5521
f 5519 1433 5520
f 5524 5523 1434
f 5520 5524 5512
f 1433 5522 5524
f 5522 301 5523
f 5528 5527 302
f 5525 5528 5518
f 1438 5526 5528
f 5526 1437 5527
f 5530 5525 1432
f 5150 5530 5515
f 1332 5529 5530
f 5529 1438 5525
f 5533 5532 1438
f 5147 5533 5529
f 257 5531 5533
f 5531 1436 5532
f 5536 5535 1437
f 5532 5536 5526
f 1436 5534 5536
f 5534 303 5535
f 5540 5519 302
f 5538 5540 5537
f 1442 5539 5540
f 5539 1433 5519
f 5544 5538 1439
f 5542 5544 5541
f 1440 5543 5544
f 5543 1442 5538
f 5548 5547 1442
f 5545 5548 5543
f 304 5546 5548
f 5546 1441 5547
f 5550 5522 1433
f 5547 5550 5539
f 1441 5549 5550
f 5549 301 5522
f 5553 5537 302
f 5551 5553 5527
f 1445 5552 5553
f 5552 1439 5537
f 5556 5551 1437
f 5554 5556 5535
f 1443 5555 5556
f 5555 1445 5551
f 5560 5559 1445
f 5557 5560 5555
f 306 5558 5560
f 5558 1444 5559
f 5562 5541 1439
f 5559 5562 5552
f 1444 5561 5562
f 5561 305 5541
f 5566 5565 306
f 5563 5566 5557
f 1449 5564 5566
f 5564 1448 5565
f 5569 5563 1443
f 5567 5569 5554
f 1446 5568 5569
f 5568 1449 5563
f 5573 5572 1449
f 5570 5573 5568
f 308 5571 5573
f 5571 1447 5572
f 5576 5575 1448
f 5572 5576 5564
f 1447 5574 5576
f 5574 307 5575
f 5580 5558 306
f 5578 5580 5577
f 1453 5579 5580
f 5579 1444 5558
f 5584 5578 1450
f 5582 5584 5581
f 1451 5583 5584
f 5583 1453 5578
f 5588 5587 1453
f 5585 5588 5583
f 309 5586 5588
f 5586 1452 5587
f 5590 5561 1444
f 5587 5590 5579
f 1452 5589 5590
f 5589 305 5561
f 5593 5577 306
f 5591 5593 5565
f 1456 5592 5593
f 5592 1450 5577
f 5596 5591 1448
f 5594 5596 5575
f 1454 5595 5596
f 5595 1456 5591
f 5600 5599 1456
f 5597 5600 5595
f 311 5598 5600
f 5598 1455 5599
f 5602 5581 1450
f 5599 5602 5592
f 1455 5601 5602
f 5601 310 5581
f 5606 5605 311
f 5603 5606 5597
f 1460 5604 5606
f 5604 1459 5605
f 5609 5603 1454
f 5607 5609 5594
f 1457 5608 5609
f 5608 1460 5603
f 5613 5612 1460
f 5610 5613 5608
f 313 5611 5613
f 5611 1458 5612
f 5616 5615 1459
f 5612 5616 5604
f 1458 5614 5616
f 5614 312 5615
f 5620 5598 311
f 5618 5620 5617
f 1464 5619 5620
f 5619 1455 5598
f 5624 5618 1461
f 5622 5624 5621
f 1462 5623 5624
f 5623 1464 5618
f 5628 5627 1464
f 5625 5628 5623
f 314 5626 5628
f 5626 1463 5627
f 5630 5601 1455
f 5627 5630 5619
f 1463 5629 5630
f 5629 310 5601
f 5633 5617 311
f 5631 5633 5605
f 1467 5632 5633
f 5632 1461 5617
f 5636 5631 1459
f 5634 5636 5615
f 1465 5635 5636
f 5635 1467 5631
f 5640 5639 1467
f 5637 5640 5635
f 316 5638 5640
f 5638 1466 5639
f 5642 5621 1461
f 5639 5642 5632
f 1466 5641 5642
f 5641 315 5621
f 5646 5645 316
f 5643 5646 5637
f 1471 5644 5646
f 5644 1470 5645
f 5649 5643 1465
f 5647 5649 5634
f 1468 5648 5649
f 5648 1471 5643
f 5653 5652 1471
f 5650 5653 5648
f 318 5651 5653
f 5651 1469 5652
f 5656 5655 1470
f 5652 5656 5644
f 1469 5654 5656
f 5654 317 5655
f 5660 5638 316
f 5658 5660 5657
f 1475 5659 5660
f 5659 1466 5638
f 5664 5658 1472
f 5662 5664 5661
f 1473 5663 5664
f 5663 1475 5658
f 5668 5667 1475
f 5665 5668 5663
f 281 5666 5668
f 5666 1474 5667
f 5670 5641 1466
f 5667 5670 5659
f 1474 5669 5670
f 5669 315 5641
f 5673 5657 316
f 5671 5673 5645
f 1478 5672 5673
f 5672 1472 5657
f 5676 5671 1470
f 5674 5676 5655
f 1476 5675 5676
f 5675 1478 5671
f 5680 5679 1478
f 5677 5680 5675
f 296 5678 5680
f 5678 1477 5679
f 5682 5661 1472
f 5679 5682 5672
f 1477 5681 5682
f 5681 319 5661
f 5686 5662 319
f 5684 5686 5683
f 1481 5685 5686
f 5685 1473 5662
f 5690 5684 1479
f 5688 5690 5687
f 1480 5689 5690
f 5689 1481 5684
f 5693 5692 1481
f 5691 5693 5689
f 280 5330 5693
f 5330 1382 5692
f 5694 5665 1473
f 5692 5694 5685
f 1382 5327 5694
f 5327 281 5665
f 5697 5683 319
f 5695 5697 5681
f 1484 5696 5697
f 5696 1479 5683
f 5700 5695 1477
f 5698 5700 5678
f 1482 5699 5700
f 5699 1484 5695
f 5704 5703 1484
f 5701 5704 5699
f 297 5702 5704
f 5702 1483 5703
f 5706 5687 1479
f 5703 5706 5696
f 1483 5705 5706
f 5705 320 5687
f 5710 5688 320
f 5708 5710 5707
f 1487 5709 5710
f 5709 1480 5688
f 5714 5708 1485
f 5712 5714 5711
f 1486 5713 5714
f 5713 1487 5708
f 5717 5716 1487
f 5715 5717 5713
f 282 5339 5717
f 5339 1385 5716
f 5718 5691 1480
f 5716 5718 5709
f 1385 5336 5718
f 5336 280 5691
f 5721 5707 320
f 5719 5721 5705
f 1490 5720 5721
f 5720 1485 5707
f 5724 5719 1483
f 5722 5724 5702
f 1488 5723 5724
f 5723 1490 5719
f 5728 5727 1490
f 5725 5728 5723
f 298 5726 5728
f 5726 1489 5727
f 5730 5711 1485
f 5727 5730 5720
f 1489 5729 5730
f 5729 321 5711
f 5734 5712 321
f 5732 5734 5731
f 1494 5733 5734
f 5733 1486 5712
f 5738 5732 1491
f 5736 5738 5735
f 1492 5737 5738
f 5737 1494 5732
f 5742 5741 1494
f 5739 5742 5737
f 322 5740 5742
f 5740 1493 5741
f 5744 5715 1486
f 5741 5744 5733
f 1493 5743 5744
f 5743 282 5715
f 5747 5731 321
f 5745 5747 5729
f 1497 5746 5747
f 5746 1491 5731
f 5750 5745 1489
f 5748 5750 5726
f 1495 5749 5750
f 5749 1497 5745
f 5754 5753 1497
f 5751 5754 5749
f 324 5752 5754
f 5752 1496 5753
f 5756 5735 1491
f 5753 5756 5746
f 1496 5755 5756
f 5755 323 5735
f 5760 5759 324
f 5757 5760 5751
f 1501 5758 5760
f 5758 1500 5759
f 5763 5757 1495
f 5761 5763 5748
f 1498 5762 5763
f 5762 1501 5757
f 5767 5766 1501
f 5764 5767 5762
f 501 5765 5767
f 5765 1499 5766
f 5770 5769 1500
f 5766 5770 5758
f 1499 5768 5770
f 5768 502 5769
f 5774 5752 324
f 5772 5774 5771
f 1505 5773 5774
f 5773 1496 5752
f 5778 5772 1502
f 5776 5778 5775
f 1503 5777 5778
f 5777 1505 5772
f 5782 5781 1505
f 5779 5782 5777
f 326 5780 5782
f 5780 1504 5781
f 5784 5755 1496
f 5781 5784 5773
f 1504 5783 5784
f 5783 323 5755
f 5787 5771 324
f 5785 5787 5759
f 1508 5786 5787
f 5786 1502 5771
f 5790 5785 1500
f 5788 5790 5769
f 1506 5789 5790
f 5789 1508 5785
f 5794 5793 1508
f 5791 5794 5789
f 503 5792 5794
f 5792 1507 5793
f 5796 5775 1502
f 5793 5796 5786
f 1507 5795 5796
f 5795 327 5775
f 5801 5800 328
f 5798 5801 5797
f 1513 5799 5801
f 5799 1512 5800
f 5805 5798 1509
f 5803 5805 5802
f 1510 5804 5805
f 5804 1513 5798
f 5809 5808 1513
f 5806 5809 5804
f 603 5807 5809
f 5807 1511 5808
f 5812 5811 1512
f 5808 5812 5799
f 1511 5810 5812
f 5810 604 5811
f 5816 5803 330
f 5814 5816 5813
f 1517 5815 5816
f 5815 1510 5803
f 5820 5814 1514
f 5818 5820 5817
f 1515 5819 5820
f 5819 1517 5814
f 5824 5823 1517
f 5821 5824 5819
f 605 5822 5824
f 5822 1516 5823
f 5826 5806 1510
f 5823 5826 5815
f 1516 5825 5826
f 5825 603 5806
f 5830 5818 332
f 5828 5830 5827
f 1521 5829 5830
f 5829 1515 5818
f 5834 5828 1518
f 5832 5834 5831
f 1519 5833 5834
f 5833 1521 5828
f 5838 5837 1521
f 5835 5838 5833
f 606 5836 5838
f 5836 1520 5837
f 5840 5821 1515
f 5837 5840 5829
f 1520 5839 5840
f 5839 605 5821
f 5844 5832 334
f 5842 5844 5841
f 1525 5843 5844
f 5843 1519 5832
f 5848 5842 1522
f 5846 5848 5845
f 1523 5847 5848
f 5847 1525 5842
f 5852 5851 1525
f 5849 5852 5847
f 607 5850 5852
f 5850 1524 5851
f 5854 5835 1519
f 5851 5854 5843
f 1524 5853 5854
f 5853 606 5835
f 5858 5846 336
f 5856 5858 5855
f 1529 5857 5858
f 5857 1523 5846
f 5862 5856 1526
f 5860 5862 5859
f 1527 5861 5862
f 5861 1529 5856
f 5866 5865 1529
f 5863 5866 5861
f 608 5864 5866
f 5864 1528 5865
f 5868 5849 1523
f 5865 5868 5857
f 1528 5867 5868
f 5867 607 5849
f 5872 5860 338
f 5870 5872 5869
f 1533 5871 5872
f 5871 1527 5860
f 5876 5870 1530
f 5874 5876 5873
f 1531 5875 5876
f 5875 1533 5870
f 5880 5879 1533
f 5877 5880 5875
f 609 5878 5880
f 5878 1532 5879
f 5882 5863 1527
f 5879 5882 5871
f 1532 5881 5882
f 5881 608 5863
f 5886 5874 340
f 5884 5886 5883
f 1537 5885 5886
f 5885 1531 5874
f 5890 5884 1534
f 5888 5890 5887
f 1535 5889 5890
f 5889 1537 5884
f 5894 5893 1537
f 5891 5894 5889
f 610 5892 5894
f 5892 1536 5893
f 5896 5877 1531
f 5893 5896 5885
f 1536 5895 5896
f 5895 609 5877
f 5900 5888 342
f 5898 5900 5897
f 1541 5899 5900
f 5899 1535 5888
f 5904 5898 1538
f 5902 5904 5901
f 1539 5903 5904
f 5903 1541 5898
f 5908 5907 1541
f 5905 5908 5903
f 611 5906 5908
f 5906 1540 5907
f 5910 5891 1535
f 5907 5910 5899
f 1540 5909 5910
f 5909 610 5891
f 5914 5902 344
f 5912 5914 5911
f 1545 5913 5914
f 5913 1539 5902
f 5918 5912 1542
f 5916 5918 5915
f 1543 5917 5918
f 5917 1545 5912
f 5922 5921 1545
f 5919 5922 5917
f 612 5920 5922
f 5920 1544 5921
f 5924 5905 1539
f 5921 5924 5913
f 1544 5923 5924
f 5923 611 5905
f 5928 5916 346
f 5926 5928 5925
f 1549 5927 5928
f 5927 1543 5916
f 5932 5926 1546
f 5930 5932 5929
f 1547 5931 5932
f 5931 1549 5926
f 5936 5935 1549
f 5933 5936 5931
f 613 5934 5936
f 5934 1548 5935
f 5938 5919 1543
f 5935 5938 5927
f 1548 5937 5938
f 5937 612 5919
f 5942 5930 348
f 5940 5942 5939
f 1553 5941 5942
f 5941 1547 5930
f 5946 5940 1550
f 5944 5946 5943
f 1551 5945 5946
f 5945 1553 5940
f 5950 5949 1553
f 5947 5950 5945
f 614 5948 5950
f 5948 1552 5949
f 5952 5933 1547
f 5949 5952 5941
f 1552 5951 5952
f 5951 613 5933
f 5956 5944 349
f 5954 5956 5953
f 1557 5955 5956
f 5955 1551 5944
f 5960 5954 1554
f 5958 5960 5957
f 1555 5959 5960
f 5959 1557 5954
f 5964 5963 1557
f 5961 5964 5959
f 615 5962 5964
f 5962 1556 5963
f 5966 5947 1551
f 5963 5966 5955
f 1556 5965 5966
f 5965 614 5947
f 5970 5958 350
f 5968 5970 5967
f 1560 5969 5970
f 5969 1555 5958
f 5973 5968 1558
f 5450 5973 5971
f 1415 5972 5973
f 5972 1560 5968
f 5976 5975 1560
f 5447 5976 5972
f 601 5974 5976
f 5974 1559 5975
f 5978 5961 1555
f 5975 5978 5969
f 1559 5977 5978
f 5977 615 5961
f 5983 5982 347
f 5980 5983 5979
f 1565 5981 5983
f 5981 1564 5982
f 5987 5980 1561
f 5985 5987 5984
f 1562 5986 5987
f 5986 1565 5980
f 5991 5990 1565
f 5988 5991 5986
f 351 5989 5991
f 5989 1563 5990
f 5994 5993 1564
f 5990 5994 5981
f 1563 5992 5994
f 5992 345 5993
f 5998 5979 347
f 5996 5998 5995
f 1567 5997 5998
f 5997 1561 5979
f 6001 5996 1566
f 5650 6001 5999
f 1468 6000 6001
f 6000 1567 5996
f 6003 6002 1567
f 5647 6003 6000
f 312 5614 6003
f 5614 1458 6002
f 6004 5984 1561
f 6002 6004 5997
f 1458 5611 6004
f 5611 313 5984
f 6008 5989 351
f 6006 6008 6005
f 1571 6007 6008
f 6007 1563 5989
f 6012 6006 1568
f 6010 6012 6009
f 1569 6011 6012
f 6011 1571 6006
f 6016 6015 1571
f 6013 6016 6011
f 343 6014 6016
f 6014 1570 6015
f 6018 5992 1563
f 6015 6018 6007
f 1570 6017 6018
f 6017 345 5992
f 6022 6005 351
f 6020 6022 6019
f 1575 6021 6022
f 6021 1568 6005
f 6026 6020 1572
f 6024 6026 6023
f 1573 6025 6026
f 6025 1575 6020
f 6030 6029 1575
f 6027 6030 6025
f 258 6028 6030
f 6028 1574 6029
f 6032 6009 1568
f 6029 6032 6021
f 1574 6031 6032
f 6031 352 6009
f 6035 6019 351
f 6033 6035 5988
f 1576 6034 6035
f 6034 1572 6019
f 6037 6033 1562
f 5610 6037 5985
f 1457 6036 6037
f 6036 1576 6033
f 6039 6038 1576
f 5607 6039 6036
f 307 5574 6039
f 5574 1447 6038
f 6040 6023 1572
f 6038 6040 6034
f 1447 5571 6040
f 5571 308 6023
f 6044 6010 352
f 6042 6044 6041
f 1580 6043 6044
f 6043 1569 6010
f 6048 6042 1577
f 6046 6048 6045
f 1578 6047 6048
f 6047 1580 6042
f 6052 6051 1580
f 6049 6052 6047
f 341 6050 6052
f 6050 1579 6051
f 6054 6013 1569
f 6051 6054 6043
f 1579 6053 6054
f 6053 343 6013
f 6057 6041 352
f 6055 6057 6031
f 1582 6056 6057
f 6056 1577 6041
f 6059 6055 1574
f 5136 6059 6028
f 1328 6058 6059
f 6058 1582 6055
f 6062 6061 1582
f 5133 6062 6058
f 259 6060 6062
f 6060 1581 6061
f 6064 6045 1577
f 6061 6064 6056
f 1581 6063 6064
f 6063 353 6045
f 6068 6046 353
f 6066 6068 6065
f 1586 6067 6068
f 6067 1578 6046
f 6072 6066 1583
f 6070 6072 6069
f 1584 6071 6072
f 6071 1586 6066
f 6076 6075 1586
f 6073 6076 6071
f 339 6074 6076
f 6074 1585 6075
f 6078 6049 1578
f 6075 6078 6067
f 1585 6077 6078
f 6077 341 6049
f 6081 6065 353
f 6079 6081 6063
f 1588 6080 6081
f 6080 1583 6065
f 6083 6079 1581
f 5169 6083 6060
f 1338 6082 6083
f 6082 1588 6079
f 6086 6085 1588
f 5166 6086 6082
f 262 6084 6086
f 6084 1587 6085
f 6088 6069 1583
f 6085 6088 6080
f 1587 6087 6088
f 6087 354 6069
f 6092 6070 354
f 6090 6092 6089
f 1592 6091 6092
f 6091 1584 6070
f 6096 6090 1589
f 6094 6096 6093
f 1590 6095 6096
f 6095 1592 6090
f 6100 6099 1592
f 6097 6100 6095
f 337 6098 6100
f 6098 1591 6099
f 6102 6073 1584
f 6099 6102 6091
f 1591 6101 6102
f 6101 339 6073
f 6105 6089 354
f 6103 6105 6087
f 1595 6104 6105
f 6104 1589 6089
f 6108 6103 1587
f 6106 6108 6084
f 1593 6107 6108
f 6107 1595 6103
f 6112 6111 1595
f 6109 6112 6107
f 356 6110 6112
f 6110 1594 6111
f 6114 6093 1589
f 6111 6114 6104
f 1594 6113 6114
f 6113 355 6093
f 6118 6110 356
f 6116 6118 6115
f 1599 6117 6118
f 6117 1594 6110
f 6122 6116 1596
f 6120 6122 6119
f 1597 6121 6122
f 6121 1599 6116
f 6126 6125 1599
f 6123 6126 6121
f 357 6124 6126
f 6124 1598 6125
f 6128 6113 1594
f 6125 6128 6117
f 1598 6127 6128
f 6127 355 6113
f 6132 6115 356
f 6130 6132 6129
f 1603 6131 6132
f 6131 1596 6115
f 6136 6130 1600
f 6134 6136 6133
f 1601 6135 6136
f 6135 1603 6130
f 6140 6139 1603
f 6137 6140 6135
f 359 6138 6140
f 6138 1602 6139
f 6142 6119 1596
f 6139 6142 6131
f 1602 6141 6142
f 6141 358 6119
f 6145 6129 356
f 6143 6145 6109
f 1605 6144 6145
f 6144 1600 6129
f 6147 6143 1593
f 5165 6147 6106
f 1337 6146 6147
f 6146 1605 6143
f 6150 6149 1605
f 5162 6150 6146
f 263 6148 6150
f 6148 1604 6149
f 6152 6133 1600
f 6149 6152 6144
f 1604 6151 6152
f 6151 360 6133
f 6156 6134 360
f 6154 6156 6153
f 1609 6155 6156
f 6155 1601 6134
f 6160 6154 1606
f 6158 6160 6157
f 1607 6159 6160
f 6159 1609 6154
f 6164 6163 1609
f 6161 6164 6159
f 361 6162 6164
f 6162 1608 6163
f 6166 6137 1601
f 6163 6166 6155
f 1608 6165 6166
f 6165 359 6137
f 6169 6153 360
f 6167 6169 6151
f 1611 6168 6169
f 6168 1606 6153
f 6171 6167 1604
f 5195 6171 6148
f 1345 6170 6171
f 6170 1611 6167
f 6174 6173 1611
f 5192 6174 6170
f 266 6172 6174
f 6172 1610 6173
f 6176 6157 1606
f 6173 6176 6168
f 1610 6175 6176
f 6175 362 6157
f 6180 6158 362
f 6178 6180 6177
f 1615 6179 6180
f 6179 1607 6158
f 6184 6178 1612
f 6182 6184 6181
f 1613 6183 6184
f 6183 1615 6178
f 6188 6187 1615
f 6185 6188 6183
f 363 6186 6188
f 6186 1614 6187
f 6190 6161 1607
f 6187 6190 6179
f 1614 6189 6190
f 6189 361 6161
f 6193 6177 362
f 6191 6193 6175
f 1617 6192 6193
f 6192 1612 6177
f 6195 6191 1610
f 5301 6195 6172
f 1375 6194 6195
f 6194 1617 6191
f 6198 6197 1617
f 5298 6198 6194
f 277 6196 6198
f 6196 1616 6197
f 6200 6181 1612
f 6197 6200 6192
f 1616 6199 6200
f 6199 364 6181
f 6204 6182 364
f 6202 6204 6201
f 1621 6203 6204
f 6203 1613 6182
f 6208 6202 1618
f 6206 6208 6205
f 1619 6207 6208
f 6207 1621 6202
f 6212 6211 1621
f 6209 6212 6207
f 365 6210 6212
f 6210 1620 6211
f 6214 6185 1613
f 6211 6214 6203
f 1620 6213 6214
f 6213 363 6185
f 6217 6201 364
f 6215 6217 6199
f 1624 6216 6217
f 6216 1618 6201
f 6220 6215 1616
f 6218 6220 6196
f 1622 6219 6220
f 6219 1624 6215
f 6224 6223 1624
f 6221 6224 6219
f 367 6222 6224
f 6222 1623 6223
f 6226 6205 1618
f 6223 6226 6216
f 1623 6225 6226
f 6225 366 6205
f 6230 6222 367
f 6228 6230 6227
f 1628 6229 6230
f 6229 1623 6222
f 6234 6228 1625
f 6232 6234 6231
f 1626 6233 6234
f 6233 1628 6228
f 6238 6237 1628
f 6235 6238 6233
f 368 6236 6238
f 6236 1627 6237
f 6240 6225 1623
f 6237 6240 6229
f 1627 6239 6240
f 6239 366 6225
f 6244 6227 367
f 6242 6244 6241
f 1632 6243 6244
f 6243 1625 6227
f 6248 6242 1629
f 6246 6248 6245
f 1630 6247 6248
f 6247 1632 6242
f 6252 6251 1632
f 6249 6252 6247
f 370 6250 6252
f 6250 1631 6251
f 6254 6231 1625
f 6251 6254 6243
f 1631 6253 6254
f 6253 369 6231
f 6257 6241 367
f 6255 6257 6221
f 1634 6256 6257
f 6256 1629 6241
f 6259 6255 1622
f 5297 6259 6218
f 1374 6258 6259
f 6258 1634 6255
f 6262 6261 1634
f 5293 6262 6258
f 255 6260 6262
f 6260 1633 6261
f 6264 6245 1629
f 6261 6264 6256
f 1633 6263 6264
f 6263 371 6245
f 6268 6246 371
f 6266 6268 6265
f 1637 6267 6268
f 6267 1630 6246
f 6271 6266 1635
f 3552 6271 6269
f 934 6270 6271
f 6270 1637 6266
f 6274 6273 1637
f 3549 6274 6270
f 131 6272 6274
f 6272 1636 6273
f 6276 6249 1630
f 6273 6276 6267
f 1636 6275 6276
f 6275 370 6249
f 6279 6265 371
f 6277 6279 6263
f 1638 6278 6279
f 6278 1635 6265
f 6281 6277 1633
f 5270 6281 6260
f 1369 6280 6281
f 6280 1638 6277
f 6283 6282 1638
f 5279 6283 6280
f 24 3561 6283
f 3561 937 6282
f 6284 6269 1635
f 6282 6284 6278
f 937 3558 6284
f 3558 132 6269
f 6287 6272 131
f 6285 6287 3567
f 1641 6286 6287
f 6286 1636 6272
f 6290 6285 941
f 6288 6290 3577
f 1639 6289 6290
f 6289 1641 6285
f 6294 6293 1641
f 6291 6294 6289
f 372 6292 6294
f 6292 1640 6293
f 6296 6275 1636
f 6293 6296 6286
f 1640 6295 6296
f 6295 370 6275
f 6299 6288 134
f 6297 6299 3581
f 1644 6298 6299
f 6298 1639 6288
f 6302 6297 945
f 6300 6302 3591
f 1642 6301 6302
f 6301 1644 6297
f 6306 6305 1644
f 6303 6306 6301
f 373 6304 6306
f 6304 1643 6305
f 6308 6291 1639
f 6305 6308 6298
f 1643 6307 6308
f 6307 372 6291
f 6311 6300 136
f 6309 6311 3595
f 1647 6310 6311
f 6310 1642 6300
f 6314 6309 949
f 6312 6314 3605
f 1645 6313 6314
f 6313 1647 6309
f 6318 6317 1647
f 6315 6318 6313
f 374 6316 6318
f 6316 1646 6317
f 6320 6303 1642
f 6317 6320 6310
f 1646 6319 6320
f 6319 373 6303
f 6323 6312 138
f 6321 6323 3609
f 1650 6322 6323
f 6322 1645 6312
f 6326 6321 953
f 6324 6326 3619
f 1648 6325 6326
f 6325 1650 6321
f 6330 6329 1650
f 6327 6330 6325
f 375 6328 6330
f 6328 1649 6329
f 6332 6315 1645
f 6329 6332 6322
f 1649 6331 6332
f 6331 374 6315
f 6335 6324 140
f 6333 6335 3623
f 1652 6334 6335
f 6334 1648 6324
f 6337 6333 956
f 5395 6337 3631
f 1400 6336 6337
f 6336 1652 6333
f 6340 6339 1652
f 5392 6340 6336
f 289 6338 6340
f 6338 1651 6339
f 6342 6327 1648
f 6339 6342 6334
f 1651 6341 6342
f 6341 375 6327
f 6346 6328 375
f 6344 6346 6343
f 1656 6345 6346
f 6345 1649 6328
f 6350 6344 1653
f 6348 6350 6347
f 1654 6349 6350
f 6349 1656 6344
f 6354 6353 1656
f 6351 6354 6349
f 376 6352 6354
f 6352 1655 6353
f 6356 6331 1649
f 6353 6356 6345
f 1655 6355 6356
f 6355 374 6331
f 6359 6343 375
f 6357 6359 6341
f 1659 6358 6359
f 6358 1653 6343
f 6362 6357 1651
f 6360 6362 6338
f 1657 6361 6362
f 6361 1659 6357
f 6366 6365 1659
f 6363 6366 6361
f 378 6364 6366
f 6364 1658 6365
f 6368 6347 1653
f 6365 6368 6358
f 1658 6367 6368
f 6367 377 6347
f 6372 6364 378
f 6370 6372 6369
f 1663 6371 6372
f 6371 1658 6364
f 6376 6370 1660
f 6374 6376 6373
f 1661 6375 6376
f 6375 1663 6370
f 6380 6379 1663
f 6377 6380 6375
f 379 6378 6380
f 6378 1662 6379
f 6382 6367 1658
f 6379 6382 6371
f 1662 6381 6382
f 6381 377 6367
f 6386 6369 378
f 6384 6386 6383
f 1667 6385 6386
f 6385 1660 6369
f 6390 6384 1664
f 6388 6390 6387
f 1665 6389 6390
f 6389 1667 6384
f 6394 6393 1667
f 6391 6394 6389
f 381 6392 6394
f 6392 1666 6393
f 6396 6373 1660
f 6393 6396 6385
f 1666 6395 6396
f 6395 380 6373
f 6399 6383 378
f 6397 6399 6363
f 1669 6398 6399
f 6398 1664 6383
f 6401 6397 1657
f 5391 6401 6360
f 1399 6400 6401
f 6400 1669 6397
f 6404 6403 1669
f 5388 6404 6400
f 290 6402 6404
f 6402 1668 6403
f 6406 6387 1664
f 6403 6406 6398
f 1668 6405 6406
f 6405 382 6387
f 6410 6392 381
f 6408 6410 6407
f 1673 6409 6410
f 6409 1666 6392
f 6414 6408 1670
f 6412 6414 6411
f 1671 6413 6414
f 6413 1673 6408
f 6418 6417 1673
f 6415 6418 6413
f 383 6416 6418
f 6416 1672 6417
f 6420 6395 1666
f 6417 6420 6409
f 1672 6419 6420
f 6419 380 6395
f 6424 6412 384
f 6422 6424 6421
f 1677 6423 6424
f 6423 1671 6412
f 6428 6422 1674
f 6426 6428 6425
f 1675 6427 6428
f 6427 1677 6422
f 6432 6431 1677
f 6429 6432 6427
f 385 6430 6432
f 6430 1676 6431
f 6434 6415 1671
f 6431 6434 6423
f 1676 6433 6434
f 6433 383 6415
f 6438 6426 386
f 6436 6438 6435
f 1681 6437 6438
f 6437 1675 6426
f 6442 6436 1678
f 6440 6442 6439
f 1679 6441 6442
f 6441 1681 6436
f 6446 6445 1681
f 6443 6446 6441
f 387 6444 6446
f 6444 1680 6445
f 6448 6429 1675
f 6445 6448 6437
f 1680 6447 6448
f 6447 385 6429
f 6452 6440 388
f 6450 6452 6449
f 1685 6451 6452
f 6451 1679 6440
f 6456 6450 1682
f 6454 6456 6453
f 1683 6455 6456
f 6455 1685 6450
f 6460 6459 1685
f 6457 6460 6455
f 389 6458 6460
f 6458 1684 6459
f 6462 6443 1679
f 6459 6462 6451
f 1684 6461 6462
f 6461 387 6443
f 6466 6454 390
f 6464 6466 6463
f 1689 6465 6466
f 6465 1683 6454
f 6470 6464 1686
f 6468 6470 6467
f 1687 6469 6470
f 6469 1689 6464
f 6474 6473 1689
f 6471 6474 6469
f 391 6472 6474
f 6472 1688 6473
f 6476 6457 1683
f 6473 6476 6465
f 1688 6475 6476
f 6475 389 6457
f 6480 6468 392
f 6478 6480 6477
f 1693 6479 6480
f 6479 1687 6468
f 6484 6478 1690
f 6482 6484 6481
f 1691 6483 6484
f 6483 1693 6478
f 6488 6487 1693
f 6485 6488 6483
f 393 6486 6488
f 6486 1692 6487
f 6490 6471 1687
f 6487 6490 6479
f 1692 6489 6490
f 6489 391 6471
f 6494 6482 394
f 6492 6494 6491
f 1697 6493 6494
f 6493 1691 6482
f 6498 6492 1694
f 6496 6498 6495
f 1695 6497 6498
f 6497 1697 6492
f 6502 6501 1697
f 6499 6502 6497
f 395 6500 6502
f 6500 1696 6501
f 6504 6485 1691
f 6501 6504 6493
f 1696 6503 6504
f 6503 393 6485
f 6508 6496 396
f 6506 6508 6505
f 1701 6507 6508
f 6507 1695 6496
f 6512 6506 1698
f 6510 6512 6509
f 1699 6511 6512
f 6511 1701 6506
f 6516 6515 1701
f 6513 6516 6511
f 397 6514 6516
f 6514 1700 6515
f 6518 6499 1695
f 6515 6518 6507
f 1700 6517 6518
f 6517 395 6499
f 6522 6510 398
f 6520 6522 6519
f 1704 6521 6522
f 6521 1699 6510
f 6525 6520 1702
f 5422 6525 6523
f 1407 6524 6525
f 6524 1704 6520
f 6528 6527 1704
f 5419 6528 6524
f 293 6526 6528
f 6526 1703 6527
f 6530 6513 1699
f 6527 6530 6521
f 1703 6529 6530
f 6529 397 6513
f 6534 6533 397
f 6531 6534 6529
f 1708 6532 6534
f 6532 1707 6533
f 6537 6531 1703
f 6535 6537 6526
f 1705 6536 6537
f 6536 1708 6531
f 6541 6540 1708
f 6538 6541 6536
f 400 6539 6541
f 6539 1706 6540
f 6544 6543 1707
f 6540 6544 6532
f 1706 6542 6544
f 6542 399 6543
f 6547 6514 397
f 6545 6547 6533
f 1711 6546 6547
f 6546 1700 6514
f 6550 6545 1707
f 6548 6550 6543
f 1709 6549 6550
f 6549 1711 6545
f 6554 6553 1711
f 6551 6554 6549
f 401 6552 6554
f 6552 1710 6553
f 6556 6517 1700
f 6553 6556 6546
f 1710 6555 6556
f 6555 395 6517
f 6560 6559 401
f 6557 6560 6551
f 1715 6558 6560
f 6558 1714 6559
f 6563 6557 1709
f 6561 6563 6548
f 1712 6562 6563
f 6562 1715 6557
f 6567 6566 1715
f 6564 6567 6562
f 403 6565 6567
f 6565 1713 6566
f 6570 6569 1714
f 6566 6570 6558
f 1713 6568 6570
f 6568 402 6569
f 6574 6552 401
f 6572 6574 6571
f 1718 6573 6574
f 6573 1710 6552
f 6578 6572 1716
f 6576 6578 6575
f 1717 6577 6578
f 6577 1718 6572
f 6581 6580 1718
f 6579 6581 6577
f 393 6503 6581
f 6503 1696 6580
f 6582 6555 1710
f 6580 6582 6573
f 1696 6500 6582
f 6500 395 6555
f 6585 6571 401
f 6583 6585 6559
f 1721 6584 6585
f 6584 1716 6571
f 6588 6583 1714
f 6586 6588 6569
f 1719 6587 6588
f 6587 1721 6583
f 6592 6591 1721
f 6589 6592 6587
f 405 6590 6592
f 6590 1720 6591
f 6594 6575 1716
f 6591 6594 6584
f 1720 6593 6594
f 6593 404 6575
f 6598 6597 405
f 6595 6598 6589
f 1725 6596 6598
f 6596 1724 6597
f 6601 6595 1719
f 6599 6601 6586
f 1722 6600 6601
f 6600 1725 6595
f 6605 6604 1725
f 6602 6605 6600
f 407 6603 6605
f 6603 1723 6604
f 6608 6607 1724
f 6604 6608 6596
f 1723 6606 6608
f 6606 406 6607
f 6612 6590 405
f 6610 6612 6609
f 1729 6611 6612
f 6611 1720 6590
f 6616 6610 1726
f 6614 6616 6613
f 1727 6615 6616
f 6615 1729 6610
f 6620 6619 1729
f 6617 6620 6615
f 408 6618 6620
f 6618 1728 6619
f 6622 6593 1720
f 6619 6622 6611
f 1728 6621 6622
f 6621 404 6593
f 6625 6609 405
f 6623 6625 6597
f 1732 6624 6625
f 6624 1726 6609
f 6628 6623 1724
f 6626 6628 6607
f 1730 6627 6628
f 6627 1732 6623
f 6632 6631 1732
f 6629 6632 6627
f 410 6630 6632
f 6630 1731 6631
f 6634 6613 1726
f 6631 6634 6624
f 1731 6633 6634
f 6633 409 6613
f 6638 6637 410
f 6635 6638 6629
f 1736 6636 6638
f 6636 1735 6637
f 6641 6635 1730
f 6639 6641 6626
f 1733 6640 6641
f 6640 1736 6635
f 6645 6644 1736
f 6642 6645 6640
f 412 6643 6645
f 6643 1734 6644
f 6648 6647 1735
f 6644 6648 6636
f 1734 6646 6648
f 6646 411 6647
f 6652 6630 410
f 6650 6652 6649
f 1740 6651 6652
f 6651 1731 6630
f 6656 6650 1737
f 6654 6656 6653
f 1738 6655 6656
f 6655 1740 6650
f 6660 6659 1740
f 6657 6660 6655
f 413 6658 6660
f 6658 1739 6659
f 6662 6633 1731
f 6659 6662 6651
f 1739 6661 6662
f 6661 409 6633
f 6665 6649 410
f 6663 6665 6637
f 1743 6664 6665
f 6664 1737 6649
f 6668 6663 1735
f 6666 6668 6647
f 1741 6667 6668
f 6667 1743 6663
f 6672 6671 1743
f 6669 6672 6667
f 415 6670 6672
f 6670 1742 6671
f 6674 6653 1737
f 6671 6674 6664
f 1742 6673 6674
f 6673 414 6653
f 6678 6677 415
f 6675 6678 6669
f 1747 6676 6678
f 6676 1746 6677
f 6681 6675 1741
f 6679 6681 6666
f 1744 6680 6681
f 6680 1747 6675
f 6685 6684 1747
f 6682 6685 6680
f 417 6683 6685
f 6683 1745 6684
f 6688 6687 1746
f 6684 6688 6676
f 1745 6686 6688
f 6686 416 6687
f 6692 6670 415
f 6690 6692 6689
f 1751 6691 6692
f 6691 1742 6670
f 6696 6690 1748
f 6694 6696 6693
f 1749 6695 6696
f 6695 1751 6690
f 6700 6699 1751
f 6697 6700 6695
f 418 6698 6700
f 6698 1750 6699
f 6702 6673 1742
f 6699 6702 6691
f 1750 6701 6702
f 6701 414 6673
f 6705 6689 415
f 6703 6705 6677
f 1754 6704 6705
f 6704 1748 6689
f 6708 6703 1746
f 6706 6708 6687
f 1752 6707 6708
f 6707 1754 6703
f 6712 6711 1754
f 6709 6712 6707
f 420 6710 6712
f 6710 1753 6711
f 6714 6693 1748
f 6711 6714 6704
f 1753 6713 6714
f 6713 419 6693
f 6718 6717 420
f 6715 6718 6709
f 1758 6716 6718
f 6716 1757 6717
f 6721 6715 1752
f 6719 6721 6706
f 1755 6720 6721
f 6720 1758 6715
f 6725 6724 1758
f 6722 6725 6720
f 422 6723 6725
f 6723 1756 6724
f 6728 6727 1757
f 6724 6728 6716
f 1756 6726 6728
f 6726 421 6727
f 6732 6710 420
f 6730 6732 6729
f 1762 6731 6732
f 6731 1753 6710
f 6736 6730 1759
f 6734 6736 6733
f 1760 6735 6736
f 6735 1762 6730
f 6740 6739 1762
f 6737 6740 6735
f 423 6738 6740
f 6738 1761 6739
f 6742 6713 1753
f 6739 6742 6731
f 1761 6741 6742
f 6741 419 6713
f 6745 6729 420
f 6743 6745 6717
f 1765 6744 6745
f 6744 1759 6729
f 6748 6743 1757
f 6746 6748 6727
f 1763 6747 6748
f 6747 1765 6743
f 6752 6751 1765
f 6749 6752 6747
f 425 6750 6752
f 6750 1764 6751
f 6754 6733 1759
f 6751 6754 6744
f 1764 6753 6754
f 6753 424 6733
f 6758 6757 425
f 6755 6758 6749
f 1769 6756 6758
f 6756 1768 6757
f 6761 6755 1763
f 6759 6761 6746
f 1766 6760 6761
f 6760 1769 6755
f 6765 6764 1769
f 6762 6765 6760
f 427 6763 6765
f 6763 1767 6764
f 6768 6767 1768
f 6764 6768 6756
f 1767 6766 6768
f 6766 426 6767
f 6772 6750 425
f 6770 6772 6769
f 1773 6771 6772
f 6771 1764 6750
f 6776 6770 1770
f 6774 6776 6773
f 1771 6775 6776
f 6775 1773 6770
f 6780 6779 1773
f 6777 6780 6775
f 428 6778 6780
f 6778 1772 6779
f 6782 6753 1764
f 6779 6782 6771
f 1772 6781 6782
f 6781 424 6753
f 6785 6769 425
f 6783 6785 6757
f 1775 6784 6785
f 6784 1770 6769
f 6788 6783 1768
f 6786 6788 6767
f 1774 6787 6788
f 6787 1775 6783
f 6791 6790 1775
f 6789 6791 6787
f 363 6213 6791
f 6213 1620 6790
f 6792 6773 1770
f 6790 6792 6784
f 1620 6210 6792
f 6210 365 6773
f 6796 6778 428
f 6794 6796 6793
f 1778 6795 6796
f 6795 1772 6778
f 6800 6794 1776
f 6798 6800 6797
f 1777 6799 6800
f 6799 1778 6794
f 6803 6802 1778
f 6801 6803 6799
f 423 6737 6803
f 6737 1760 6802
f 6804 6781 1772
f 6802 6804 6795
f 1760 6734 6804
f 6734 424 6781
f 6808 6793 428
f 6806 6808 6805
f 1782 6807 6808
f 6807 1776 6793
f 6812 6806 1779
f 6810 6812 6809
f 1780 6811 6812
f 6811 1782 6806
f 6816 6815 1782
f 6813 6816 6811
f 430 6814 6816
f 6814 1781 6815
f 6818 6797 1776
f 6815 6818 6807
f 1781 6817 6818
f 6817 429 6797
f 6821 6805 428
f 6819 6821 6777
f 1783 6820 6821
f 6820 1779 6805
f 6823 6819 1771
f 6209 6823 6774
f 1619 6822 6823
f 6822 1783 6819
f 6825 6824 1783
f 6206 6825 6822
f 366 6239 6825
f 6239 1627 6824
f 6826 6809 1779
f 6824 6826 6820
f 1627 6236 6826
f 6236 368 6809
f 6830 6814 430
f 6828 6830 6827
f 1787 6829 6830
f 6829 1781 6814
f 6834 6828 1784
f 6832 6834 6831
f 1785 6833 6834
f 6833 1787 6828
f 6838 6837 1787
f 6835 6838 6833
f 431 6836 6838
f 6836 1786 6837
f 6840 6817 1781
f 6837 6840 6829
f 1786 6839 6840
f 6839 429 6817
f 6844 6827 430
f 6842 6844 6841
f 1791 6843 6844
f 6843 1784 6827
f 6848 6842 1788
f 6846 6848 6845
f 1789 6847 6848
f 6847 1791 6842
f 6852 6851 1791
f 6849 6852 6847
f 433 6850 6852
f 6850 1790 6851
f 6854 6831 1784
f 6851 6854 6843
f 1790 6853 6854
f 6853 432 6831
f 6857 6841 430
f 6855 6857 6813
f 1793 6856 6857
f 6856 1788 6841
f 6859 6855 1780
f 6235 6859 6810
f 1626 6858 6859
f 6858 1793 6855
f 6862 6861 1793
f 6232 6862 6858
f 369 6860 6862
f 6860 1792 6861
f 6864 6845 1788
f 6861 6864 6856
f 1792 6863 6864
f 6863 434 6845
f 6868 6846 434
f 6866 6868 6865
f 1796 6867 6868
f 6867 1789 6846
f 6871 6866 1794
f 6307 6871 6869
f 1643 6870 6871
f 6870 1796 6866
f 6874 6873 1796
f 6304 6874 6870
f 373 6872 6874
f 6872 1795 6873
f 6876 6849 1789
f 6873 6876 6867
f 1795 6875 6876
f 6875 433 6849
f 6879 6865 434
f 6877 6879 6863
f 1797 6878 6879
f 6878 1794 6865
f 6881 6877 1792
f 6253 6881 6860
f 1631 6880 6881
f 6880 1797 6877
f 6883 6882 1797
f 6250 6883 6880
f 370 6295 6883
f 6295 1640 6882
f 6884 6869 1794
f 6882 6884 6878
f 1640 6292 6884
f 6292 372 6869
f 6888 6850 433
f 6886 6888 6885
f 1801 6887 6888
f 6887 1790 6850
f 6892 6886 1798
f 6890 6892 6889
f 1799 6891 6892
f 6891 1801 6886
f 6896 6895 1801
f 6893 6896 6891
f 435 6894 6896
f 6894 1800 6895
f 6898 6853 1790
f 6895 6898 6887
f 1800 6897 6898
f 6897 432 6853
f 6901 6885 433
f 6899 6901 6875
f 1802 6900 6901
f 6900 1798 6885
f 6903 6899 1795
f 6319 6903 6872
f 1646 6902 6903
f 6902 1802 6899
f 6905 6904 1802
f 6316 6905 6902
f 374 6355 6905
f 6355 1655 6904
f 6906 6889 1798
f 6904 6906 6900
f 1655 6352 6906
f 6352 376 6889
f 6910 6894 435
f 6908 6910 6907
f 1805 6909 6910
f 6909 1800 6894
f 6914 6908 1803
f 6912 6914 6911
f 1804 6913 6914
f 6913 1805 6908
f 6917 6916 1805
f 6915 6917 6913
f 431 6835 6917
f 6835 1785 6916
f 6918 6897 1800
f 6916 6918 6909
f 1785 6832 6918
f 6832 432 6897
f 6922 6907 435
f 6920 6922 6919
f 1809 6921 6922
f 6921 1803 6907
f 6926 6920 1806
f 6924 6926 6923
f 1807 6925 6926
f 6925 1809 6920
f 6930 6929 1809
f 6927 6930 6925
f 437 6928 6930
f 6928 1808 6929
f 6932 6911 1803
f 6929 6932 6921
f 1808 6931 6932
f 6931 436 6911
f 6935 6919 435
f 6933 6935 6893
f 1810 6934 6935
f 6934 1806 6919
f 6937 6933 1799
f 6351 6937 6890
f 1654 6936 6937
f 6936 1810 6933
f 6939 6938 1810
f 6348 6939 6936
f 377 6381 6939
f 6381 1662 6938
f 6940 6923 1806
f 6938 6940 6934
f 1662 6378 6940
f 6378 379 6923
f 6944 6928 437
f 6942 6944 6941
f 1814 6943 6944
f 6943 1808 6928
f 6948 6942 1811
f 6946 6948 6945
f 1812 6947 6948
f 6947 1814 6942
f 6952 6951 1814
f 6949 6952 6947
f 438 6950 6952
f 6950 1813 6951
f 6954 6931 1808
f 6951 6954 6943
f 1813 6953 6954
f 6953 436 6931
f 6958 6941 437
f 6956 6958 6955
f 1817 6957 6958
f 6957 1811 6941
f 6961 6956 1815
f 6433 6961 6959
f 1676 6960 6961
f 6960 1817 6956
f 6964 6963 1817
f 6430 6964 6960
f 385 6962 6964
f 6962 1816 6963
f 6966 6945 1811
f 6963 6966 6957
f 1816 6965 6966
f 6965 439 6945
f 6969 6955 437
f 6967 6969 6927
f 1818 6968 6969
f 6968 1815 6955
f 6971 6967 1807
f 6377 6971 6924
f 1661 6970 6971
f 6970 1818 6967
f 6973 6972 1818
f 6374 6973 6970
f 380 6419 6973
f 6419 1672 6972
f 6974 6959 1815
f 6972 6974 6968
f 1672 6416 6974
f 6416 383 6959
f 6978 6946 439
f 6976 6978 6975
f 1822 6977 6978
f 6977 1812 6946
f 6982 6976 1819
f 6980 6982 6979
f 1820 6981 6982
f 6981 1822 6976
f 6986 6985 1822
f 6983 6986 6981
f 440 6984 6986
f 6984 1821 6985
f 6988 6949 1812
f 6985 6988 6977
f 1821 6987 6988
f 6987 438 6949
f 6991 6975 439
f 6989 6991 6965
f 1824 6990 6991
f 6990 1819 6975
f 6993 6989 1816
f 6447 6993 6962
f 1680 6992 6993
f 6992 1824 6989
f 6996 6995 1824
f 6444 6996 6992
f 387 6994 6996
f 6994 1823 6995
f 6998 6979 1819
f 6995 6998 6990
f 1823 6997 6998
f 6997 441 6979
f 7002 6980 441
f 7000 7002 6999
f 1828 7001 7002
f 7001 1820 6980
f 7006 7000 1825
f 7004 7006 7003
f 1826 7005 7006
f 7005 1828 7000
f 7010 7009 1828
f 7007 7010 7005
f 413 7008 7010
f 7008 1827 7009
f 7012 6983 1820
f 7009 7012 7001
f 1827 7011 7012
f 7011 440 6983
f 7015 6999 441
f 7013 7015 6997
f 1830 7014 7015
f 7014 1825 6999
f 7017 7013 1823
f 6461 7017 6994
f 1684 7016 7017
f 7016 1830 7013
f 7020 7019 1830
f 6458 7020 7016
f 389 7018 7020
f 7018 1829 7019
f 7022 7003 1825
f 7019 7022 7014
f 1829 7021 7022
f 7021 442 7003
f 7026 7004 442
f 7024 7026 7023
f 1832 7025 7026
f 7025 1826 7004
f 7029 7024 1831
f 6617 7029 7027
f 1727 7028 7029
f 7028 1832 7024
f 7031 7030 1832
f 6614 7031 7028
f 409 6661 7031
f 6661 1739 7030
f 7032 7007 1826
f 7030 7032 7025
f 1739 6658 7032
f 6658 413 7007
f 7035 7023 442
f 7033 7035 7021
f 1834 7034 7035
f 7034 1831 7023
f 7037 7033 1829
f 6475 7037 7018
f 1688 7036 7037
f 7036 1834 7033
f 7040 7039 1834
f 6472 7040 7036
f 391 7038 7040
f 7038 1833 7039
f 7042 7027 1831
f 7039 7042 7034
f 1833 7041 7042
f 7041 408 7027
f 7046 7045 440
f 7043 7046 7011
f 1836 7044 7046
f 7044 1835 7045
f 7048 7043 1827
f 6657 7048 7008
f 1738 7047 7048
f 7047 1836 7043
f 7050 7049 1836
f 6654 7050 7047
f 414 6701 7050
f 6701 1750 7049
f 7052 7051 1835
f 7049 7052 7044
f 1750 6698 7052
f 6698 418 7051
f 7055 6984 440
f 7053 7055 7045
f 1839 7054 7055
f 7054 1821 6984
f 7058 7053 1835
f 7056 7058 7051
f 1837 7057 7058
f 7057 1839 7053
f 7062 7061 1839
f 7059 7062 7057
f 443 7060 7062
f 7060 1838 7061
f 7064 6987 1821
f 7061 7064 7054
f 1838 7063 7064
f 7063 438 6987
f 7068 7067 443
f 7065 7068 7059
f 1841 7066 7068
f 7066 1840 7067
f 7070 7065 1837
f 6697 7070 7056
f 1749 7069 7070
f 7069 1841 7065
f 7072 7071 1841
f 6694 7072 7069
f 419 6741 7072
f 6741 1761 7071
f 7074 7073 1840
f 7071 7074 7066
f 1761 6738 7074
f 6738 423 7073
f 7078 7060 443
f 7076 7078 7075
f 1843 7077 7078
f 7077 1838 7060
f 7081 7076 1842
f 6915 7081 7079
f 1804 7080 7081
f 7080 1843 7076
f 7083 7082 1843
f 6912 7083 7080
f 436 6953 7083
f 6953 1813 7082
f 7084 7063 1838
f 7082 7084 7077
f 1813 6950 7084
f 6950 438 7063
f 7087 7075 443
f 7085 7087 7067
f 1844 7086 7087
f 7086 1842 7075
f 7089 7085 1840
f 6801 7089 7073
f 1777 7088 7089
f 7088 1844 7085
f 7091 7090 1844
f 6798 7091 7088
f 429 6839 7091
f 6839 1786 7090
f 7092 7079 1842
f 7090 7092 7086
f 1786 6836 7092
f 6836 431 7079
f 7097 7096 427
f 7094 7097 7093
f 1849 7095 7097
f 7095 1848 7096
f 7101 7094 1845
f 7099 7101 7098
f 1846 7100 7101
f 7100 1849 7094
f 7105 7104 1849
f 7102 7105 7100
f 445 7103 7105
f 7103 1847 7104
f 7108 7107 1848
f 7104 7108 7095
f 1847 7106 7108
f 7106 444 7107
f 7111 7093 427
f 7109 7111 6762
f 1851 7110 7111
f 7110 1845 7093
f 7113 7109 1766
f 6726 7113 6759
f 1756 7112 7113
f 7112 1851 7109
f 7116 7115 1851
f 6723 7116 7112
f 422 7114 7116
f 7114 1850 7115
f 7118 7098 1845
f 7115 7118 7110
f 1850 7117 7118
f 7117 446 7098
f 7121 6763 427
f 7119 7121 7096
f 1854 7120 7121
f 7120 1767 6763
f 7124 7119 1848
f 7122 7124 7107
f 1852 7123 7124
f 7123 1854 7119
f 7128 7127 1854
f 7125 7128 7123
f 447 7126 7128
f 7126 1853 7127
f 7130 6766 1767
f 7127 7130 7120
f 1853 7129 7130
f 7129 426 6766
f 7134 7133 447
f 7131 7134 7125
f 1858 7132 7134
f 7132 1857 7133
f 7137 7131 1852
f 7135 7137 7122
f 1855 7136 7137
f 7136 1858 7131
f 7141 7140 1858
f 7138 7141 7136
f 449 7139 7141
f 7139 1856 7140
f 7144 7143 1857
f 7140 7144 7132
f 1856 7142 7144
f 7142 448 7143
f 7148 7126 447
f 7146 7148 7145
f 1860 7147 7148
f 7147 1853 7126
f 7151 7146 1859
f 6189 7151 7149
f 1614 7150 7151
f 7150 1860 7146
f 7153 7152 1860
f 6186 7153 7150
f 363 6789 7153
f 6789 1774 7152
f 7154 7129 1853
f 7152 7154 7147
f 1774 6786 7154
f 6786 426 7129
f 7157 7145 447
f 7155 7157 7133
f 1862 7156 7157
f 7156 1859 7145
f 7160 7155 1857
f 7158 7160 7143
f 1861 7159 7160
f 7159 1862 7155
f 7163 7162 1862
f 7161 7163 7159
f 359 6165 7163
f 6165 1608 7162
f 7164 7149 1859
f 7162 7164 7156
f 1608 6162 7164
f 6162 361 7149
f 7169 7168 449
f 7166 7169 7165
f 1867 7167 7169
f 7167 1866 7168
f 7173 7166 1863
f 7171 7173 7170
f 1864 7172 7173
f 7172 1867 7166
f 7177 7176 1867
f 7174 7177 7172
f 451 7175 7177
f 7175 1865 7176
f 7180 7179 1866
f 7176 7180 7167
f 1865 7178 7180
f 7178 450 7179
f 7183 7165 449
f 7181 7183 7138
f 1869 7182 7183
f 7182 1863 7165
f 7185 7181 1855
f 7106 7185 7135
f 1847 7184 7185
f 7184 1869 7181
f 7188 7187 1869
f 7103 7188 7184
f 445 7186 7188
f 7186 1868 7187
f 7190 7170 1863
f 7187 7190 7182
f 1868 7189 7190
f 7189 452 7170
f 7193 7139 449
f 7191 7193 7168
f 1872 7192 7193
f 7192 1856 7139
f 7196 7191 1866
f 7194 7196 7179
f 1870 7195 7196
f 7195 1872 7191
f 7200 7199 1872
f 7197 7200 7195
f 453 7198 7200
f 7198 1871 7199
f 7202 7142 1856
f 7199 7202 7192
f 1871 7201 7202
f 7201 448 7142
f 7206 7205 453
f 7203 7206 7197
f 1876 7204 7206
f 7204 1875 7205
f 7209 7203 1870
f 7207 7209 7194
f 1873 7208 7209
f 7208 1876 7203
f 7213 7212 1876
f 7210 7213 7208
f 455 7211 7213
f 7211 1874 7212
f 7216 7215 1875
f 7212 7216 7204
f 1874 7214 7216
f 7214 454 7215
f 7220 7198 453
f 7218 7220 7217
f 1878 7219 7220
f 7219 1871 7198
f 7223 7218 1877
f 6141 7223 7221
f 1602 7222 7223
f 7222 1878 7218
f 7225 7224 1878
f 6138 7225 7222
f 359 7161 7225
f 7161 1861 7224
f 7226 7201 1871
f 7224 7226 7219
f 1861 7158 7226
f 7158 448 7201
f 7229 7217 453
f 7227 7229 7205
f 1880 7228 7229
f 7228 1877 7217
f 7232 7227 1875
f 7230 7232 7215
f 1879 7231 7232
f 7231 1880 7227
f 7235 7234 1880
f 7233 7235 7231
f 357 6123 7235
f 6123 1597 7234
f 7236 7221 1877
f 7234 7236 7228
f 1597 6120 7236
f 6120 358 7221
f 7241 7240 455
f 7238 7241 7237
f 1885 7239 7241
f 7239 1884 7240
f 7245 7238 1881
f 7243 7245 7242
f 1882 7244 7245
f 7244 1885 7238
f 7249 7248 1885
f 7246 7249 7244
f 329 7247 7249
f 7247 1883 7248
f 7252 7251 1884
f 7248 7252 7239
f 1883 7250 7252
f 7250 331 7251
f 7255 7237 455
f 7253 7255 7210
f 1887 7254 7255
f 7254 1881 7237
f 7257 7253 1873
f 7178 7257 7207
f 1865 7256 7257
f 7256 1887 7253
f 7260 7259 1887
f 7175 7260 7256
f 451 7258 7260
f 7258 1886 7259
f 7262 7242 1881
f 7259 7262 7254
f 1886 7261 7262
f 7261 456 7242
f 7265 7211 455
f 7263 7265 7240
f 1890 7264 7265
f 7264 1874 7211
f 7268 7263 1884
f 7266 7268 7251
f 1888 7267 7268
f 7267 1890 7263
f 7272 7271 1890
f 7269 7272 7267
f 333 7270 7272
f 7270 1889 7271
f 7274 7214 1874
f 7271 7274 7264
f 1889 7273 7274
f 7273 454 7214
f 7278 7243 456
f 7276 7278 7275
f 1893 7277 7278
f 7277 1882 7243
f 7281 7276 1891
f 5779 7281 7279
f 1503 7280 7281
f 7280 1893 7276
f 7284 7283 1893
f 5776 7284 7280
f 327 7282 7284
f 7282 1892 7283
f 7286 7246 1882
f 7283 7286 7277
f 1892 7285 7286
f 7285 329 7246
f 7289 7275 456
f 7287 7289 7261
f 1896 7288 7289
f 7288 1891 7275
f 7292 7287 1886
f 7290 7292 7258
f 1894 7291 7292
f 7291 1896 7287
f 7296 7295 1896
f 7293 7296 7291
f 457 7294 7296
f 7294 1895 7295
f 7298 7279 1891
f 7295 7298 7288
f 1895 7297 7298
f 7297 326 7279
f 7302 7294 457
f 7300 7302 7299
f 1898 7301 7302
f 7301 1895 7294
f 7305 7300 1897
f 5739 7305 7303
f 1492 7304 7305
f 7304 1898 7300
f 7307 7306 1898
f 5736 7307 7304
f 323 5783 7307
f 5783 1504 7306
f 7308 7297 1895
f 7306 7308 7301
f 1504 5780 7308
f 5780 326 7297
f 7312 7299 457
f 7310 7312 7309
f 1902 7311 7312
f 7311 1897 7299
f 7316 7310 1899
f 7314 7316 7313
f 1900 7315 7316
f 7315 1902 7310
f 7320 7319 1902
f 7317 7320 7315
f 458 7318 7320
f 7318 1901 7319
f 7322 7303 1897
f 7319 7322 7311
f 1901 7321 7322
f 7321 322 7303
f 7325 7309 457
f 7323 7325 7293
f 1904 7324 7325
f 7324 1899 7309
f 7327 7323 1894
f 7174 7327 7290
f 1864 7326 7327
f 7326 1904 7323
f 7330 7329 1904
f 7171 7330 7326
f 452 7328 7330
f 7328 1903 7329
f 7332 7313 1899
f 7329 7332 7324
f 1903 7331 7332
f 7331 459 7313
f 7336 7314 459
f 7334 7336 7333
f 1908 7335 7336
f 7335 1900 7314
f 7340 7334 1905
f 7338 7340 7337
f 1906 7339 7340
f 7339 1908 7334
f 7344 7343 1908
f 7341 7344 7339
f 460 7342 7344
f 7342 1907 7343
f 7346 7317 1900
f 7343 7346 7335
f 1907 7345 7346
f 7345 458 7317
f 7349 7333 459
f 7347 7349 7331
f 1910 7348 7349
f 7348 1905 7333
f 7351 7347 1903
f 7189 7351 7328
f 1868 7350 7351
f 7350 1910 7347
f 7354 7353 1910
f 7186 7354 7350
f 445 7352 7354
f 7352 1909 7353
f 7356 7337 1905
f 7353 7356 7348
f 1909 7355 7356
f 7355 461 7337
f 7360 7338 461
f 7358 7360 7357
f 1914 7359 7360
f 7359 1906 7338
f 7364 7358 1911
f 7362 7364 7361
f 1912 7363 7364
f 7363 1914 7358
f 7368 7367 1914
f 7365 7368 7363
f 462 7366 7368
f 7366 1913 7367
f 7370 7341 1906
f 7367 7370 7359
f 1913 7369 7370
f 7369 460 7341
f 7373 7357 461
f 7371 7373 7355
f 1916 7372 7373
f 7372 1911 7357
f 7375 7371 1909
f 7102 7375 7352
f 1846 7374 7375
f 7374 1916 7371
f 7378 7377 1916
f 7099 7378 7374
f 446 7376 7378
f 7376 1915 7377
f 7380 7361 1911
f 7377 7380 7372
f 1915 7379 7380
f 7379 463 7361
f 7384 7362 463
f 7382 7384 7381
f 1920 7383 7384
f 7383 1912 7362
f 7388 7382 1917
f 7386 7388 7385
f 1918 7387 7388
f 7387 1920 7382
f 7392 7391 1920
f 7389 7392 7387
f 464 7390 7392
f 7390 1919 7391
f 7394 7365 1912
f 7391 7394 7383
f 1919 7393 7394
f 7393 462 7365
f 7397 7381 463
f 7395 7397 7379
f 1922 7396 7397
f 7396 1917 7381
f 7399 7395 1915
f 7117 7399 7376
f 1850 7398 7399
f 7398 1922 7395
f 7402 7401 1922
f 7114 7402 7398
f 422 7400 7402
f 7400 1921 7401
f 7404 7385 1917
f 7401 7404 7396
f 1921 7403 7404
f 7403 465 7385
f 7408 7386 465
f 7406 7408 7405
f 1926 7407 7408
f 7407 1918 7386
f 7412 7406 1923
f 7410 7412 7409
f 1924 7411 7412
f 7411 1926 7406
f 7416 7415 1926
f 7413 7416 7411
f 466 7414 7416
f 7414 1925 7415
f 7418 7389 1918
f 7415 7418 7407
f 1925 7417 7418
f 7417 464 7389
f 7421 7405 465
f 7419 7421 7403
f 1927 7420 7421
f 7420 1923 7405
f 7423 7419 1921
f 6722 7423 7400
f 1755 7422 7423
f 7422 1927 7419
f 7425 7424 1927
f 6719 7425 7422
f 416 6686 7425
f 6686 1745 7424
f 7426 7409 1923
f 7424 7426 7420
f 1745 6683 7426
f 6683 417 7409
f 7430 7414 466
f 7428 7430 7427
f 1931 7429 7430
f 7429 1925 7414
f 7434 7428 1928
f 7432 7434 7431
f 1929 7433 7434
f 7433 1931 7428
f 7438 7437 1931
f 7435 7438 7433
f 467 7436 7438
f 7436 1930 7437
f 7440 7417 1925
f 7437 7440 7429
f 1930 7439 7440
f 7439 464 7417
f 7444 7427 466
f 7442 7444 7441
f 1935 7443 7444
f 7443 1928 7427
f 7448 7442 1932
f 7446 7448 7445
f 1933 7447 7448
f 7447 1935 7442
f 7452 7451 1935
f 7449 7452 7447
f 469 7450 7452
f 7450 1934 7451
f 7454 7431 1928
f 7451 7454 7443
f 1934 7453 7454
f 7453 468 7431
f 7457 7441 466
f 7455 7457 7413
f 1936 7456 7457
f 7456 1932 7441
f 7459 7455 1924
f 6682 7459 7410
f 1744 7458 7459
f 7458 1936 7455
f 7461 7460 1936
f 6679 7461 7458
f 411 6646 7461
f 6646 1734 7460
f 7462 7445 1932
f 7460 7462 7456
f 1734 6643 7462
f 6643 412 7445
f 7466 7450 469
f 7464 7466 7463
f 1940 7465 7466
f 7465 1934 7450
f 7470 7464 1937
f 7468 7470 7467
f 1938 7469 7470
f 7469 1940 7464
f 7474 7473 1940
f 7471 7474 7469
f 470 7472 7474
f 7472 1939 7473
f 7476 7453 1934
f 7473 7476 7465
f 1939 7475 7476
f 7475 468 7453
f 7480 7463 469
f 7478 7480 7477
f 1944 7479 7480
f 7479 1937 7463
f 7484 7478 1941
f 7482 7484 7481
f 1942 7483 7484
f 7483 1944 7478
f 7488 7487 1944
f 7485 7488 7483
f 472 7486 7488
f 7486 1943 7487
f 7490 7467 1937
f 7487 7490 7479
f 1943 7489 7490
f 7489 471 7467
f 7493 7477 469
f 7491 7493 7449
f 1945 7492 7493
f 7492 1941 7477
f 7495 7491 1933
f 6642 7495 7446
f 1733 7494 7495
f 7494 1945 7491
f 7497 7496 1945
f 6639 7497 7494
f 406 6606 7497
f 6606 1723 7496
f 7498 7481 1941
f 7496 7498 7492
f 1723 6603 7498
f 6603 407 7481
f 7502 7486 472
f 7500 7502 7499
f 1949 7501 7502
f 7501 1943 7486
f 7506 7500 1946
f 7504 7506 7503
f 1947 7505 7506
f 7505 1949 7500
f 7510 7509 1949
f 7507 7510 7505
f 473 7508 7510
f 7508 1948 7509
f 7512 7489 1943
f 7509 7512 7501
f 1948 7511 7512
f 7511 471 7489
f 7516 7499 472
f 7514 7516 7513
f 1953 7515 7516
f 7515 1946 7499
f 7520 7514 1950
f 7518 7520 7517
f 1951 7519 7520
f 7519 1953 7514
f 7524 7523 1953
f 7521 7524 7519
f 475 7522 7524
f 7522 1952 7523
f 7526 7503 1946
f 7523 7526 7515
f 1952 7525 7526
f 7525 474 7503
f 7529 7513 472
f 7527 7529 7485
f 1954 7528 7529
f 7528 1950 7513
f 7531 7527 1942
f 6602 7531 7482
f 1722 7530 7531
f 7530 1954 7527
f 7533 7532 1954
f 6599 7533 7530
f 402 6568 7533
f 6568 1713 7532
f 7534 7517 1950
f 7532 7534 7528
f 1713 6565 7534
f 6565 403 7517
f 7538 7522 475
f 7536 7538 7535
f 1957 7537 7538
f 7537 1952 7522
f 7541 7536 1955
f 4836 7541 7539
f 1261 7540 7541
f 7540 1957 7536
f 7544 7543 1957
f 4833 7544 7540
f 241 7542 7544
f 7542 1956 7543
f 7546 7525 1952
f 7543 7546 7537
f 1956 7545 7546
f 7545 474 7525
f 7550 7535 475
f 7548 7550 7547
f 1960 7549 7550
f 7549 1955 7535
f 7554 7548 1958
f 7552 7554 7551
f 1959 7553 7554
f 7553 1960 7548
f 7557 7556 1960
f 7555 7557 7553
f 243 4846 7557
f 4846 1264 7556
f 7558 7539 1955
f 7556 7558 7549
f 1264 4843 7558
f 4843 242 7539
f 7561 7547 475
f 7559 7561 7521
f 1961 7560 7561
f 7560 1958 7547
f 7563 7559 1951
f 6564 7563 7518
f 1712 7562 7563
f 7562 1961 7559
f 7565 7564 1961
f 6561 7565 7562
f 399 6542 7565
f 6542 1706 7564
f 7566 7551 1958
f 7564 7566 7560
f 1706 6539 7566
f 6539 400 7551
f 7569 4861 243
f 7567 7569 7555
f 1962 7568 7569
f 7568 1269 4861
f 7571 7567 1959
f 6538 7571 7552
f 1705 7570 7571
f 7570 1962 7567
f 7573 7572 1962
f 6535 7573 7570
f 293 5418 7573
f 5418 1406 7572
f 7574 4865 1269
f 7572 7574 7568
f 1406 5415 7574
f 5415 51 4865
f 7577 7542 241
f 7575 7577 4873
f 1964 7576 7577
f 7576 1956 7542
f 7580 7575 1272
f 7578 7580 4881
f 1963 7579 7580
f 7579 1964 7575
f 7583 7582 1964
f 7581 7583 7579
f 473 7507 7583
f 7507 1947 7582
f 7584 7545 1956
f 7582 7584 7576
f 1947 7504 7584
f 7504 474 7545
f 7587 7578 244
f 7585 7587 4885
f 1967 7586 7587
f 7586 1963 7578
f 7590 7585 1276
f 7588 7590 4895
f 1965 7589 7590
f 7589 1967 7585
f 7594 7593 1967
f 7591 7594 7589
f 476 7592 7594
f 7592 1966 7593
f 7596 7581 1963
f 7593 7596 7586
f 1966 7595 7596
f 7595 473 7581
f 7599 7588 246
f 7597 7599 4899
f 1970 7598 7599
f 7598 1965 7588
f 7602 7597 1280
f 7600 7602 4909
f 1968 7601 7602
f 7601 1970 7597
f 7606 7605 1970
f 7603 7606 7601
f 477 7604 7606
f 7604 1969 7605
f 7608 7591 1965
f 7605 7608 7598
f 1969 7607 7608
f 7607 476 7591
f 7611 7600 248
f 7609 7611 4913
f 1972 7610 7611
f 7610 1968 7600
f 7613 7609 1283
f 5485 7613 4921
f 1424 7612 7613
f 7612 1972 7609
f 7616 7615 1972
f 5482 7616 7612
f 273 7614 7616
f 7614 1971 7615
f 7618 7603 1968
f 7615 7618 7610
f 1971 7617 7618
f 7617 477 7603
f 7622 7604 477
f 7620 7622 7619
f 1976 7621 7622
f 7621 1969 7604
f 7626 7620 1973
f 7624 7626 7623
f 1974 7625 7626
f 7625 1976 7620
f 7630 7629 1976
f 7627 7630 7625
f 470 7628 7630
f 7628 1975 7629
f 7632 7607 1969
f 7629 7632 7621
f 1975 7631 7632
f 7631 476 7607
f 7635 7619 477
f 7633 7635 7617
f 1978 7634 7635
f 7634 1973 7619
f 7637 7633 1971
f 5235 7637 7614
f 1357 7636 7637
f 7636 1978 7633
f 7640 7639 1978
f 5232 7640 7636
f 270 7638 7640
f 7638 1977 7639
f 7642 7623 1973
f 7639 7642 7634
f 1977 7641 7642
f 7641 478 7623
f 7646 7624 478
f 7644 7646 7643
f 1980 7645 7646
f 7645 1974 7624
f 7649 7644 1979
f 7435 7649 7647
f 1929 7648 7649
f 7648 1980 7644
f 7651 7650 1980
f 7432 7651 7648
f 468 7475 7651
f 7475 1939 7650
f 7652 7627 1974
f 7650 7652 7645
f 1939 7472 7652
f 7472 470 7627
f 7655 7643 478
f 7653 7655 7641
f 1982 7654 7655
f 7654 1979 7643
f 7657 7653 1977
f 5226 7657 7638
f 1354 7656 7657
f 7656 1982 7653
f 7660 7659 1982
f 5223 7660 7656
f 271 7658 7660
f 7658 1981 7659
f 7662 7647 1979
f 7659 7662 7654
f 1981 7661 7662
f 7661 467 7647
f 7665 7592 476
f 7663 7665 7631
f 1983 7664 7665
f 7664 1966 7592
f 7667 7663 1975
f 7471 7667 7628
f 1938 7666 7667
f 7666 1983 7663
f 7669 7668 1983
f 7468 7669 7666
f 471 7511 7669
f 7511 1948 7668
f 7670 7595 1966
f 7668 7670 7664
f 1948 7508 7670
f 7508 473 7595
f 7673 7436 467
f 7671 7673 7661
f 1985 7672 7673
f 7672 1930 7436
f 7676 7671 1981
f 7674 7676 7658
f 1984 7675 7676
f 7675 1985 7671
f 7679 7678 1985
f 7677 7679 7675
f 462 7393 7679
f 7393 1919 7678
f 7680 7439 1930
f 7678 7680 7672
f 1919 7390 7680
f 7390 464 7439
f 7683 7366 462
f 7681 7683 7677
f 1987 7682 7683
f 7682 1913 7366
f 7685 7681 1984
f 5222 7685 7674
f 1353 7684 7685
f 7684 1987 7681
f 7688 7687 1987
f 5219 7688 7684
f 272 7686 7688
f 7686 1986 7687
f 7690 7369 1913
f 7687 7690 7682
f 1986 7689 7690
f 7689 460 7369
f 7693 7342 460
f 7691 7693 7689
f 1989 7692 7693
f 7692 1907 7342
f 7695 7691 1986
f 5265 7695 7686
f 1365 7694 7695
f 7694 1989 7691
f 7698 7697 1989
f 5262 7698 7694
f 275 7696 7698
f 7696 1988 7697
f 7700 7345 1907
f 7697 7700 7692
f 1988 7699 7700
f 7699 458 7345
f 7703 7318 458
f 7701 7703 7699
f 1990 7702 7703
f 7702 1901 7318
f 7705 7701 1988
f 5343 7705 7696
f 1386 7704 7705
f 7704 1990 7701
f 7707 7706 1990
f 5340 7707 7704
f 282 5743 7707
f 5743 1493 7706
f 7708 7321 1901
f 7706 7708 7702
f 1493 5740 7708
f 5740 322 7321
f 7711 7230 454
f 7709 7711 7273
f 1993 7710 7711
f 7710 1879 7230
f 7714 7709 1889
f 7712 7714 7270
f 1991 7713 7714
f 7713 1993 7709
f 7718 7717 1993
f 7715 7718 7713
f 335 7716 7718
f 7716 1992 7717
f 7720 7233 1879
f 7717 7720 7710
f 1992 7719 7720
f 7719 357 7233
f 7723 6618 408
f 7721 7723 7041
f 1994 7722 7723
f 7722 1728 6618
f 7725 7721 1833
f 6489 7725 7038
f 1692 7724 7725
f 7724 1994 7721
f 7727 7726 1994
f 6486 7727 7724
f 393 6579 7727
f 6579 1717 7726
f 7728 6621 1728
f 7726 7728 7722
f 1717 6576 7728
f 6576 404 6621
f 7731 6124 357
f 7729 7731 7719
f 1996 7730 7731
f 7730 1598 6124
f 7734 7729 1992
f 7732 7734 7716
f 1995 7733 7734
f 7733 1996 7729
f 7737 7736 1996
f 7735 7737 7733
f 337 6097 7737
f 6097 1590 7736
f 7738 6127 1598
f 7736 7738 7730
f 1590 6094 7738
f 6094 355 6127
f 7741 5622 315
f 7739 7741 5669
f 1998 7740 7741
f 7740 1462 5622
f 7743 7739 1474
f 5326 7743 5666
f 1381 7742 7743
f 7742 1998 7739
f 7746 7745 1998
f 5323 7746 7742
f 278 7744 7746
f 7744 1997 7745
f 7748 5625 1462
f 7745 7748 7740
f 1997 7747 7748
f 7747 314 5625
f 7752 5626 314
f 7750 7752 7749
f 2001 7751 7752
f 7751 1463 5626
f 7756 7750 1999
f 7754 7756 7753
f 2000 7755 7756
f 7755 2001 7750
f 7759 7758 2001
f 7757 7759 7755
f 309 5585 7759
f 5585 1451 7758
f 7760 5629 1463
f 7758 7760 7751
f 1451 5582 7760
f 5582 310 5629
f 7763 7749 314
f 7761 7763 7747
f 2003 7762 7763
f 7762 1999 7749
f 7765 7761 1997
f 5316 7765 7744
f 1378 7764 7765
f 7764 2003 7761
f 7768 7767 2003
f 5313 7768 7764
f 279 7766 7768
f 7766 2002 7767
f 7770 7753 1999
f 7767 7770 7762
f 2002 7769 7770
f 7769 479 7753
f 7774 7754 479
f 7772 7774 7771
f 2007 7773 7774
f 7773 2000 7754
f 7778 7772 2004
f 7776 7778 7775
f 2005 7777 7778
f 7777 2007 7772
f 7782 7781 2007
f 7779 7782 7777
f 480 7780 7782
f 7780 2006 7781
f 7784 7757 2000
f 7781 7784 7773
f 2006 7783 7784
f 7783 309 7757
f 7787 7771 479
f 7785 7787 7769
f 2009 7786 7787
f 7786 2004 7771
f 7789 7785 2002
f 5367 7789 7766
f 1393 7788 7789
f 7788 2009 7785
f 7792 7791 2009
f 5364 7792 7788
f 288 7790 7792
f 7790 2008 7791
f 7794 7775 2004
f 7791 7794 7786
f 2008 7793 7794
f 7793 481 7775
f 7798 7780 480
f 7796 7798 7795
f 2011 7797 7798
f 7797 2006 7780
f 7801 7796 2010
f 5545 7801 7799
f 1440 7800 7801
f 7800 2011 7796
f 7803 7802 2011
f 5542 7803 7800
f 305 5589 7803
f 5589 1452 7802
f 7804 7783 2006
f 7802 7804 7797
f 1452 5586 7804
f 5586 309 7783
f 7807 6024 308
f 7805 7807 5570
f 2012 7806 7807
f 7806 1573 6024
f 7809 7805 1446
f 5534 7809 5567
f 1436 7808 7809
f 7808 2012 7805
f 7811 7810 2012
f 5531 7811 7808
f 257 5140 7811
f 5140 1329 7810
f 7812 6027 1573
f 7810 7812 7806
f 1329 5137 7812
f 5137 258 6027
f 7816 5402 291
f 7814 7816 7813
f 2014 7815 7816
f 7815 1403 5402
f 7819 7814 2013
f 5356 7819 7817
f 1389 7818 7819
f 7818 2014 7814
f 7821 7820 2014
f 5353 7821 7818
f 267 5210 7821
f 5210 1349 7820
f 7822 5405 1403
f 7820 7822 7815
f 1349 5207 7822
f 5207 268 5405
f 7827 7826 483
f 7824 7827 7823
f 2018 7825 7827
f 7825 2017 7826
f 7831 7824 2015
f 7829 7831 7828
f 2016 7830 7831
f 7830 2018 7824
f 7834 7833 2018
f 7832 7834 7830
f 54 2981 7834
f 2981 781 7833
f 7836 7835 2017
f 7833 7836 7825
f 781 2978 7836
f 2978 55 7835
f 7840 7839 483
f 7837 7840 7826
f 2020 7838 7840
f 7838 2019 7839
f 7842 7837 2017
f 3005 7842 7835
f 787 7841 7842
f 7841 2020 7837
f 7844 7843 2020
f 3002 7844 7841
f 56 3045 7844
f 3045 798 7843
f 7846 7845 2019
f 7843 7846 7838
f 798 3042 7846
f 3042 484 7845
f 7850 3038 485
f 7848 7850 7847
f 2024 7849 7850
f 7849 797 3038
f 7854 7848 2021
f 7852 7854 7851
f 2022 7853 7854
f 7853 2024 7848
f 7858 7857 2024
f 7855 7858 7853
f 518 7856 7858
f 7856 2023 7857
f 7860 3041 797
f 7857 7860 7849
f 2023 7859 7860
f 7859 484 3041
f 7863 7847 485
f 7861 7863 3071
f 2027 7862 7863
f 7862 2021 7847
f 7866 7861 805
f 7864 7866 3068
f 2025 7865 7866
f 7865 2027 7861
f 7870 7869 2027
f 7867 7870 7865
f 519 7868 7870
f 7868 2026 7869
f 7872 7851 2021
f 7869 7872 7862
f 2026 7871 7872
f 7871 548 7851
f 7876 7875 486
f 7873 7876 3067
f 2030 7874 7876
f 7874 2029 7875
f 7878 7873 804
f 4572 7878 3064
f 1196 7877 7878
f 7877 2030 7873
f 7881 7880 2030
f 4569 7881 7877
f 88 7879 7881
f 7879 2028 7880
f 7884 7883 2029
f 7880 7884 7874
f 2028 7882 7884
f 7882 487 7883
f 7888 7887 487
f 7885 7888 7882
f 2033 7886 7888
f 7886 2032 7887
f 7890 7885 2028
f 4536 7890 7879
f 1187 7889 7890
f 7889 2033 7885
f 7893 7892 2033
f 4533 7893 7889
f 90 7891 7893
f 7891 2031 7892
f 7896 7895 2032
f 7892 7896 7886
f 2031 7894 7896
f 7894 488 7895
f 7900 7899 488
f 7897 7900 7894
f 2036 7898 7900
f 7898 2035 7899
f 7902 7897 2031
f 4563 7902 7891
f 1194 7901 7902
f 7901 2036 7897
f 7905 7904 2036
f 4560 7905 7901
f 92 7903 7905
f 7903 2034 7904
f 7908 7907 2035
f 7904 7908 7898
f 2034 7906 7908
f 7906 489 7907
f 7912 7911 489
f 7909 7912 7906
f 2039 7910 7912
f 7910 2038 7911
f 7914 7909 2034
f 5023 7914 7903
f 1304 7913 7914
f 7913 2039 7909
f 7917 7916 2039
f 5020 7917 7913
f 94 7915 7917
f 7915 2037 7916
f 7920 7919 2038
f 7916 7920 7910
f 2037 7918 7920
f 7918 490 7919
f 7924 7923 490
f 7921 7924 7918
f 2042 7922 7924
f 7922 2041 7923
f 7926 7921 2037
f 5041 7926 7915
f 1307 7925 7926
f 7925 2042 7921
f 7929 7928 2042
f 5038 7929 7925
f 96 7927 7929
f 7927 2040 7928
f 7932 7931 2041
f 7928 7932 7922
f 2040 7930 7932
f 7930 491 7931
f 7936 7935 491
f 7933 7936 7930
f 2045 7934 7936
f 7934 2044 7935
f 7938 7933 2040
f 3372 7938 7927
f 887 7937 7938
f 7937 2045 7933
f 7941 7940 2045
f 3369 7941 7937
f 98 7939 7941
f 7939 2043 7940
f 7944 7943 2044
f 7940 7944 7934
f 2043 7942 7944
f 7942 492 7943
f 7948 7947 492
f 7945 7948 7942
f 2048 7946 7948
f 7946 2047 7947
f 7950 7945 2043
f 3348 7950 7939
f 881 7949 7950
f 7949 2048 7945
f 7953 7952 2048
f 3345 7953 7949
f 100 7951 7953
f 7951 2046 7952
f 7956 7955 2047
f 7952 7956 7946
f 2046 7954 7956
f 7954 493 7955
f 7960 7959 493
f 7957 7960 7954
f 2051 7958 7960
f 7958 2050 7959
f 7962 7957 2046
f 3324 7962 7951
f 875 7961 7962
f 7961 2051 7957
f 7965 7964 2051
f 3321 7965 7961
f 102 7963 7965
f 7963 2049 7964
f 7968 7967 2050
f 7964 7968 7958
f 2049 7966 7968
f 7966 494 7967
f 7972 7971 494
f 7969 7972 7966
f 2054 7970 7972
f 7970 2053 7971
f 7974 7969 2049
f 3288 7974 7963
f 866 7973 7974
f 7973 2054 7969
f 7977 7976 2054
f 3285 7977 7973
f 104 7975 7977
f 7975 2052 7976
f 7980 7979 2053
f 7976 7980 7970
f 2052 7978 7980
f 7978 495 7979
f 7984 7983 495
f 7981 7984 7978
f 2057 7982 7984
f 7982 2056 7983
f 7986 7981 2052
f 3260 7986 7975
f 859 7985 7986
f 7985 2057 7981
f 7989 7988 2057
f 3255 7989 7985
f 106 7987 7989
f 7987 2055 7988
f 7992 7991 2056
f 7988 7992 7982
f 2055 7990 7992
f 7990 496 7991
f 7996 7995 496
f 7993 7996 7990
f 2060 7994 7996
f 7994 2059 7995
f 7998 7993 2055
f 3273 7998 7987
f 864 7997 7998
f 7997 2060 7993
f 8001 8000 2060
f 3279 8001 7997
f 77 7999 8001
f 7999 2058 8000
f 8004 8003 2059
f 8000 8004 7994
f 2058 8002 8004
f 8002 497 8003
f 8008 8007 497
f 8005 8008 8002
f 2063 8006 8008
f 8006 2062 8007
f 8010 8005 2058
f 2927 8010 7999
f 767 8009 8010
f 8009 2063 8005
f 8013 8012 2063
f 2924 8013 8009
f 76 8011 8013
f 8011 2061 8012
f 8016 8015 2062
f 8012 8016 8006
f 2061 8014 8016
f 8014 498 8015
f 8020 8019 498
f 8017 8020 8014
f 2065 8018 8020
f 8018 2064 8019
f 8022 8017 2061
f 2957 8022 8011
f 775 8021 8022
f 8021 2065 8017
f 8024 8023 2065
f 2954 8024 8021
f 54 7832 8024
f 7832 2016 8023
f 8026 8025 2064
f 8023 8026 8018
f 2016 7829 8026
f 7829 482 8025
f 8031 8030 499
f 8028 8031 8027
f 2069 8029 8031
f 8029 2068 8030
f 8034 8028 2066
f 5701 8034 8032
f 1482 8033 8034
f 8033 2069 8028
f 8037 8036 2069
f 5698 8037 8033
f 296 8035 8037
f 8035 2067 8036
f 8040 8039 2068
f 8036 8040 8029
f 2067 8038 8040
f 8038 500 8039
f 8044 8027 499
f 8042 8044 8041
f 2071 8043 8044
f 8043 2066 8027
f 8047 8042 2070
f 5764 8047 8045
f 1498 8046 8047
f 8046 2071 8042
f 8049 8048 2071
f 5761 8049 8046
f 298 5725 8049
f 5725 1488 8048
f 8050 8032 2066
f 8048 8050 8043
f 1488 5722 8050
f 5722 297 8032
f 8054 8053 502
f 8051 8054 5768
f 2075 8052 8054
f 8052 2074 8053
f 8057 8051 1499
f 8055 8057 5765
f 2072 8056 8057
f 8056 2075 8051
f 8061 8060 2075
f 8058 8061 8056
f 534 8059 8061
f 8059 2073 8060
f 8064 8063 2074
f 8060 8064 8052
f 2073 8062 8064
f 8062 549 8063
f 8067 5788 502
f 8065 8067 8053
f 2078 8066 8067
f 8066 1506 5788
f 8070 8065 2074
f 8068 8070 8063
f 2076 8069 8070
f 8069 2078 8065
f 8074 8073 2078
f 8071 8074 8069
f 536 8072 8074
f 8072 2077 8073
f 8076 5791 1506
f 8073 8076 8066
f 2077 8075 8076
f 8075 503 5791
f 8080 5792 503
f 8078 8080 8077
f 2081 8079 8080
f 8079 1507 5792
f 8084 8078 2079
f 8082 8084 8081
f 2080 8083 8084
f 8083 2081 8078
f 8087 8086 2081
f 8085 8087 8083
f 329 7285 8087
f 7285 1892 8086
f 8088 5795 1507
f 8086 8088 8079
f 1892 7282 8088
f 7282 327 5795
f 8092 8082 504
f 8090 8092 8089
f 2084 8091 8092
f 8091 2080 8082
f 8096 8090 2082
f 8094 8096 8093
f 2083 8095 8096
f 8095 2084 8090
f 8099 8098 2084
f 8097 8099 8095
f 331 7250 8099
f 7250 1883 8098
f 8100 8085 2080
f 8098 8100 8091
f 1883 7247 8100
f 7247 329 8085
f 8104 8094 505
f 8102 8104 8101
f 2087 8103 8104
f 8103 2083 8094
f 8108 8102 2085
f 8106 8108 8105
f 2086 8107 8108
f 8107 2087 8102
f 8111 8110 2087
f 8109 8111 8107
f 333 7269 8111
f 7269 1888 8110
f 8112 8097 2083
f 8110 8112 8103
f 1888 7266 8112
f 7266 331 8097
f 8116 8106 506
f 8114 8116 8113
f 2090 8115 8116
f 8115 2086 8106
f 8120 8114 2088
f 8118 8120 8117
f 2089 8119 8120
f 8119 2090 8114
f 8123 8122 2090
f 8121 8123 8119
f 335 7715 8123
f 7715 1991 8122
f 8124 8109 2086
f 8122 8124 8115
f 1991 7712 8124
f 7712 333 8109
f 8128 8118 507
f 8126 8128 8125
f 2093 8127 8128
f 8127 2089 8118
f 8132 8126 2091
f 8130 8132 8129
f 2092 8131 8132
f 8131 2093 8126
f 8135 8134 2093
f 8133 8135 8131
f 337 7735 8135
f 7735 1995 8134
f 8136 8121 2089
f 8134 8136 8127
f 1995 7732 8136
f 7732 335 8121
f 8140 8130 508
f 8138 8140 8137
f 2096 8139 8140
f 8139 2092 8130
f 8144 8138 2094
f 8142 8144 8141
f 2095 8143 8144
f 8143 2096 8138
f 8147 8146 2096
f 8145 8147 8143
f 339 6101 8147
f 6101 1591 8146
f 8148 8133 2092
f 8146 8148 8139
f 1591 6098 8148
f 6098 337 8133
f 8152 8142 509
f 8150 8152 8149
f 2099 8151 8152
f 8151 2095 8142
f 8156 8150 2097
f 8154 8156 8153
f 2098 8155 8156
f 8155 2099 8150
f 8159 8158 2099
f 8157 8159 8155
f 341 6077 8159
f 6077 1585 8158
f 8160 8145 2095
f 8158 8160 8151
f 1585 6074 8160
f 6074 339 8145
f 8164 8154 510
f 8162 8164 8161
f 2102 8163 8164
f 8163 2098 8154
f 8168 8162 2100
f 8166 8168 8165
f 2101 8167 8168
f 8167 2102 8162
f 8171 8170 2102
f 8169 8171 8167
f 343 6053 8171
f 6053 1579 8170
f 8172 8157 2098
f 8170 8172 8163
f 1579 6050 8172
f 6050 341 8157
f 8176 8166 511
f 8174 8176 8173
f 2105 8175 8176
f 8175 2101 8166
f 8180 8174 2103
f 8178 8180 8177
f 2104 8179 8180
f 8179 2105 8174
f 8183 8182 2105
f 8181 8183 8179
f 345 6017 8183
f 6017 1570 8182
f 8184 8169 2101
f 8182 8184 8175
f 1570 6014 8184
f 6014 343 8169
f 8188 8178 512
f 8186 8188 8185
f 2108 8187 8188
f 8187 2104 8178
f 8192 8186 2106
f 8190 8192 8189
f 2107 8191 8192
f 8191 2108 8186
f 8195 8194 2108
f 8193 8195 8191
f 347 5982 8195
f 5982 1564 8194
f 8196 8181 2104
f 8194 8196 8187
f 1564 5993 8196
f 5993 345 8181
f 8200 8190 513
f 8198 8200 8197
f 2111 8199 8200
f 8199 2107 8190
f 8204 8198 2109
f 8202 8204 8201
f 2110 8203 8204
f 8203 2111 8198
f 8207 8206 2111
f 8205 8207 8203
f 318 5999 8207
f 5999 1566 8206
f 8208 8193 2107
f 8206 8208 8199
f 1566 5995 8208
f 5995 347 8193
f 8212 8202 514
f 8210 8212 8209
f 2114 8211 8212
f 8211 2110 8202
f 8216 8210 2112
f 8214 8216 8213
f 2113 8215 8216
f 8215 2114 8210
f 8219 8218 2114
f 8217 8219 8215
f 317 5654 8219
f 5654 1469 8218
f 8220 8205 2110
f 8218 8220 8211
f 1469 5651 8220
f 5651 318 8205
f 8224 8214 515
f 8222 8224 8221
f 2116 8223 8224
f 8223 2113 8214
f 8227 8222 2115
f 8038 8227 8225
f 2067 8226 8227
f 8226 2116 8222
f 8229 8228 2116
f 8035 8229 8226
f 296 5677 8229
f 5677 1476 8228
f 8230 8217 2113
f 8228 8230 8223
f 1476 5674 8230
f 5674 317 8217
f 8235 8234 517
f 8232 8235 8231
f 2120 8233 8235
f 8233 2119 8234
f 8239 8232 2117
f 8237 8239 8236
f 2118 8238 8239
f 8238 2120 8232
f 8242 8241 2120
f 8240 8242 8238
f 482 7828 8242
f 7828 2015 8241
f 8244 8243 2119
f 8241 8244 8233
f 2015 7823 8244
f 7823 483 8243
f 8248 8247 517
f 8245 8248 8234
f 2122 8246 8248
f 8246 2121 8247
f 8250 8245 2119
f 7839 8250 8243
f 2019 8249 8250
f 8249 2122 8245
f 8252 8251 2122
f 7845 8252 8249
f 484 7859 8252
f 7859 2023 8251
f 8254 8253 2121
f 8251 8254 8246
f 2023 7856 8254
f 7856 518 8253
f 8258 8257 519
f 8255 8258 7867
f 2125 8256 8258
f 8256 2124 8257
f 8260 8255 2025
f 7875 8260 7864
f 2029 8259 8260
f 8259 2125 8255
f 8263 8262 2125
f 7883 8263 8259
f 487 8261 8263
f 8261 2123 8262
f 8266 8265 2124
f 8262 8266 8256
f 2123 8264 8266
f 8264 520 8265
f 8270 8269 520
f 8267 8270 8264
f 2128 8268 8270
f 8268 2127 8269
f 8272 8267 2123
f 7887 8272 8261
f 2032 8271 8272
f 8271 2128 8267
f 8275 8274 2128
f 7895 8275 8271
f 488 8273 8275
f 8273 2126 8274
f 8278 8277 2127
f 8274 8278 8268
f 2126 8276 8278
f 8276 521 8277
f 8282 8281 521
f 8279 8282 8276
f 2131 8280 8282
f 8280 2130 8281
f 8284 8279 2126
f 7899 8284 8273
f 2035 8283 8284
f 8283 2131 8279
f 8287 8286 2131
f 7907 8287 8283
f 489 8285 8287
f 8285 2129 8286
f 8290 8289 2130
f 8286 8290 8280
f 2129 8288 8290
f 8288 522 8289
f 8294 8293 522
f 8291 8294 8288
f 2134 8292 8294
f 8292 2133 8293
f 8296 8291 2129
f 7911 8296 8285
f 2038 8295 8296
f 8295 2134 8291
f 8299 8298 2134
f 7919 8299 8295
f 490 8297 8299
f 8297 2132 8298
f 8302 8301 2133
f 8298 8302 8292
f 2132 8300 8302
f 8300 523 8301
f 8306 8305 523
f 8303 8306 8300
f 2137 8304 8306
f 8304 2136 8305
f 8308 8303 2132
f 7923 8308 8297
f 2041 8307 8308
f 8307 2137 8303
f 8311 8310 2137
f 7931 8311 8307
f 491 8309 8311
f 8309 2135 8310
f 8314 8313 2136
f 8310 8314 8304
f 2135 8312 8314
f 8312 524 8313
f 8318 8317 524
f 8315 8318 8312
f 2140 8316 8318
f 8316 2139 8317
f 8320 8315 2135
f 7935 8320 8309
f 2044 8319 8320
f 8319 2140 8315
f 8323 8322 2140
f 7943 8323 8319
f 492 8321 8323
f 8321 2138 8322
f 8326 8325 2139
f 8322 8326 8316
f 2138 8324 8326
f 8324 525 8325
f 8330 8329 525
f 8327 8330 8324
f 2143 8328 8330
f 8328 2142 8329
f 8332 8327 2138
f 7947 8332 8321
f 2047 8331 8332
f 8331 2143 8327
f 8335 8334 2143
f 7955 8335 8331
f 493 8333 8335
f 8333 2141 8334
f 8338 8337 2142
f 8334 8338 8328
f 2141 8336 8338
f 8336 526 8337
f 8342 8341 526
f 8339 8342 8336
f 2146 8340 8342
f 8340 2145 8341
f 8344 8339 2141
f 7959 8344 8333
f 2050 8343 8344
f 8343 2146 8339
f 8347 8346 2146
f 7967 8347 8343
f 494 8345 8347
f 8345 2144 8346
f 8350 8349 2145
f 8346 8350 8340
f 2144 8348 8350
f 8348 527 8349
f 8354 8353 527
f 8351 8354 8348
f 2149 8352 8354
f 8352 2148 8353
f 8356 8351 2144
f 7971 8356 8345
f 2053 8355 8356
f 8355 2149 8351
f 8359 8358 2149
f 7979 8359 8355
f 495 8357 8359
f 8357 2147 8358
f 8362 8361 2148
f 8358 8362 8352
f 2147 8360 8362
f 8360 528 8361
f 8366 8365 528
f 8363 8366 8360
f 2152 8364 8366
f 8364 2151 8365
f 8368 8363 2147
f 7983 8368 8357
f 2056 8367 8368
f 8367 2152 8363
f 8371 8370 2152
f 7991 8371 8367
f 496 8369 8371
f 8369 2150 8370
f 8374 8373 2151
f 8370 8374 8364
f 2150 8372 8374
f 8372 529 8373
f 8378 8377 529
f 8375 8378 8372
f 2155 8376 8378
f 8376 2154 8377
f 8380 8375 2150
f 7995 8380 8369
f 2059 8379 8380
f 8379 2155 8375
f 8383 8382 2155
f 8003 8383 8379
f 497 8381 8383
f 8381 2153 8382
f 8386 8385 2154
f 8382 8386 8376
f 2153 8384 8386
f 8384 530 8385
f 8390 8389 530
f 8387 8390 8384
f 2158 8388 8390
f 8388 2157 8389
f 8392 8387 2153
f 8007 8392 8381
f 2062 8391 8392
f 8391 2158 8387
f 8395 8394 2158
f 8015 8395 8391
f 498 8393 8395
f 8393 2156 8394
f 8398 8397 2157
f 8394 8398 8388
f 2156 8396 8398
f 8396 531 8397
f 8402 8401 531
f 8399 8402 8396
f 2160 8400 8402
f 8400 2159 8401
f 8404 8399 2156
f 8019 8404 8393
f 2064 8403 8404
f 8403 2160 8399
f 8406 8405 2160
f 8025 8406 8403
f 482 8240 8406
f 8240 2118 8405
f 8408 8407 2159
f 8405 8408 8400
f 2118 8237 8408
f 8237 516 8407
f 8413 8412 532
f 8410 8413 8409
f 2164 8411 8413
f 8411 2163 8412
f 8416 8410 2161
f 8030 8416 8414
f 2068 8415 8416
f 8415 2164 8410
f 8419 8418 2164
f 8039 8419 8415
f 500 8417 8419
f 8417 2162 8418
f 8422 8421 2163
f 8418 8422 8411
f 2162 8420 8422
f 8420 533 8421
f 8426 8409 532
f 8424 8426 8423
f 2166 8425 8426
f 8425 2161 8409
f 8429 8424 2165
f 8058 8429 8427
f 2072 8428 8429
f 8428 2166 8424
f 8431 8430 2166
f 8055 8431 8428
f 501 8045 8431
f 8045 2070 8430
f 8432 8414 2161
f 8430 8432 8425
f 2070 8041 8432
f 8041 499 8414
f 8436 8072 536
f 8434 8436 8433
f 2169 8435 8436
f 8435 2077 8072
f 8440 8434 2167
f 8438 8440 8437
f 2168 8439 8440
f 8439 2169 8434
f 8443 8442 2169
f 8441 8443 8439
f 504 8081 8443
f 8081 2079 8442
f 8444 8075 2077
f 8442 8444 8435
f 2079 8077 8444
f 8077 503 8075
f 8448 8438 535
f 8446 8448 8445
f 2172 8447 8448
f 8447 2168 8438
f 8452 8446 2170
f 8450 8452 8449
f 2171 8451 8452
f 8451 2172 8446
f 8455 8454 2172
f 8453 8455 8451
f 505 8093 8455
f 8093 2082 8454
f 8456 8441 2168
f 8454 8456 8447
f 2082 8089 8456
f 8089 504 8441
f 8460 8450 537
f 8458 8460 8457
f 2175 8459 8460
f 8459 2171 8450
f 8464 8458 2173
f 8462 8464 8461
f 2174 8463 8464
f 8463 2175 8458
f 8467 8466 2175
f 8465 8467 8463
f 506 8105 8467
f 8105 2085 8466
f 8468 8453 2171
f 8466 8468 8459
f 2085 8101 8468
f 8101 505 8453
f 8472 8462 538
f 8470 8472 8469
f 2178 8471 8472
f 8471 2174 8462
f 8476 8470 2176
f 8474 8476 8473
f 2177 8475 8476
f 8475 2178 8470
f 8479 8478 2178
f 8477 8479 8475
f 507 8117 8479
f 8117 2088 8478
f 8480 8465 2174
f 8478 8480 8471
f 2088 8113 8480
f 8113 506 8465
f 8484 8474 539
f 8482 8484 8481
f 2181 8483 8484
f 8483 2177 8474
f 8488 8482 2179
f 8486 8488 8485
f 2180 8487 8488
f 8487 2181 8482
f 8491 8490 2181
f 8489 8491 8487
f 508 8129 8491
f 8129 2091 8490
f 8492 8477 2177
f 8490 8492 8483
f 2091 8125 8492
f 8125 507 8477
f 8496 8486 540
f 8494 8496 8493
f 2184 8495 8496
f 8495 2180 8486
f 8500 8494 2182
f 8498 8500 8497
f 2183 8499 8500
f 8499 2184 8494
f 8503 8502 2184
f 8501 8503 8499
f 509 8141 8503
f 8141 2094 8502
f 8504 8489 2180
f 8502 8504 8495
f 2094 8137 8504
f 8137 508 8489
f 8508 8498 541
f 8506 8508 8505
f 2187 8507 8508
f 8507 2183 8498
f 8512 8506 2185
f 8510 8512 8509
f 2186 8511 8512
f 8511 2187 8506
f 8515 8514 2187
f 8513 8515 8511
f 510 8153 8515
f 8153 2097 8514
f 8516 8501 2183
f 8514 8516 8507
f 2097 8149 8516
f 8149 509 8501
f 8520 8510 542
f 8518 8520 8517
f 2190 8519 8520
f 8519 2186 8510
f 8524 8518 2188
f 8522 8524 8521
f 2189 8523 8524
f 8523 2190 8518
f 8527 8526 2190
f 8525 8527 8523
f 511 8165 8527
f 8165 2100 8526
f 8528 8513 2186
f 8526 8528 8519
f 2100 8161 8528
f 8161 510 8513
f 8532 8522 543
f 8530 8532 8529
f 2193 8531 8532
f 8531 2189 8522
f 8536 8530 2191
f 8534 8536 8533
f 2192 8535 8536
f 8535 2193 8530
f 8539 8538 2193
f 8537 8539 8535
f 512 8177 8539
f 8177 2103 8538
f 8540 8525 2189
f 8538 8540 8531
f 2103 8173 8540
f 8173 511 8525
f 8544 8534 544
f 8542 8544 8541
f 2196 8543 8544
f 8543 2192 8534
f 8548 8542 2194
f 8546 8548 8545
f 2195 8547 8548
f 8547 2196 8542
f 8551 8550 2196
f 8549 8551 8547
f 513 8189 8551
f 8189 2106 8550
f 8552 8537 2192
f 8550 8552 8543
f 2106 8185 8552
f 8185 512 8537
f 8556 8546 545
f 8554 8556 8553
f 2199 8555 8556
f 8555 2195 8546
f 8560 8554 2197
f 8558 8560 8557
f 2198 8559 8560
f 8559 2199 8554
f 8563 8562 2199
f 8561 8563 8559
f 514 8201 8563
f 8201 2109 8562
f 8564 8549 2195
f 8562 8564 8555
f 2109 8197 8564
f 8197 513 8549
f 8568 8558 546
f 8566 8568 8565
f 2202 8567 8568
f 8567 2198 8558
f 8572 8566 2200
f 8570 8572 8569
f 2201 8571 8572
f 8571 2202 8566
f 8575 8574 2202
f 8573 8575 8571
f 515 8213 8575
f 8213 2112 8574
f 8576 8561 2198
f 8574 8576 8567
f 2112 8209 8576
f 8209 514 8561
f 8580 8570 547
f 8578 8580 8577
f 2204 8579 8580
f 8579 2201 8570
f 8583 8578 2203
f 8420 8583 8581
f 2162 8582 8583
f 8582 2204 8578
f 8585 8584 2204
f 8417 8585 8582
f 500 8225 8585
f 8225 2115 8584
f 8586 8573 2201
f 8584 8586 8579
f 2115 8221 8586
f 8221 515 8573
f 8590 7852 548
f 8588 8590 8587
f 2208 8589 8590
f 8589 2022 7852
f 8594 8588 2205
f 8592 8594 8591
f 2206 8593 8594
f 8593 2208 8588
f 8598 8597 2208
f 8595 8598 8593
f 552 8596 8598
f 8596 2207 8597
f 8600 7855 2022
f 8597 8600 8589
f 2207 8599 8600
f 8599 518 7855
f 8603 8587 548
f 8601 8603 7871
f 2211 8602 8603
f 8602 2205 8587
f 8606 8601 2026
f 8604 8606 7868
f 2209 8605 8606
f 8605 2211 8601
f 8610 8609 2211
f 8607 8610 8605
f 553 8608 8610
f 8608 2210 8609
f 8612 8591 2205
f 8609 8612 8602
f 2210 8611 8612
f 8611 582 8591
f 8616 8615 549
f 8613 8616 8062
f 2215 8614 8616
f 8614 2214 8615
f 8619 8613 2073
f 8617 8619 8059
f 2212 8618 8619
f 8618 2215 8613
f 8623 8622 2215
f 8620 8623 8618
f 568 8621 8623
f 8621 2213 8622
f 8626 8625 2214
f 8622 8626 8614
f 2213 8624 8626
f 8624 583 8625
f 8629 8068 549
f 8627 8629 8615
f 2218 8628 8629
f 8628 2076 8068
f 8632 8627 2214
f 8630 8632 8625
f 2216 8631 8632
f 8631 2218 8627
f 8636 8635 2218
f 8633 8636 8631
f 570 8634 8636
f 8634 2217 8635
f 8638 8071 2076
f 8635 8638 8628
f 2217 8637 8638
f 8637 536 8071
f 8643 8642 551
f 8640 8643 8639
f 2222 8641 8643
f 8641 2221 8642
f 8647 8640 2219
f 8645 8647 8644
f 2220 8646 8647
f 8646 2222 8640
f 8650 8649 2222
f 8648 8650 8646
f 516 8236 8650
f 8236 2117 8649
f 8652 8651 2221
f 8649 8652 8641
f 2117 8231 8652
f 8231 517 8651
f 8656 8655 551
f 8653 8656 8642
f 2224 8654 8656
f 8654 2223 8655
f 8658 8653 2221
f 8247 8658 8651
f 2121 8657 8658
f 8657 2224 8653
f 8660 8659 2224
f 8253 8660 8657
f 518 8599 8660
f 8599 2207 8659
f 8662 8661 2223
f 8659 8662 8654
f 2207 8596 8662
f 8596 552 8661
f 8666 8665 553
f 8663 8666 8607
f 2227 8664 8666
f 8664 2226 8665
f 8668 8663 2209
f 8257 8668 8604
f 2124 8667 8668
f 8667 2227 8663
f 8671 8670 2227
f 8265 8671 8667
f 520 8669 8671
f 8669 2225 8670
f 8674 8673 2226
f 8670 8674 8664
f 2225 8672 8674
f 8672 554 8673
f 8678 8677 554
f 8675 8678 8672
f 2230 8676 8678
f 8676 2229 8677
f 8680 8675 2225
f 8269 8680 8669
f 2127 8679 8680
f 8679 2230 8675
f 8683 8682 2230
f 8277 8683 8679
f 521 8681 8683
f 8681 2228 8682
f 8686 8685 2229
f 8682 8686 8676
f 2228 8684 8686
f 8684 555 8685
f 8690 8689 555
f 8687 8690 8684
f 2233 8688 8690
f 8688 2232 8689
f 8692 8687 2228
f 8281 8692 8681
f 2130 8691 8692
f 8691 2233 8687
f 8695 8694 2233
f 8289 8695 8691
f 522 8693 8695
f 8693 2231 8694
f 8698 8697 2232
f 8694 8698 8688
f 2231 8696 8698
f 8696 556 8697
f 8702 8701 556
f 8699 8702 8696
f 2236 8700 8702
f 8700 2235 8701
f 8704 8699 2231
f 8293 8704 8693
f 2133 8703 8704
f 8703 2236 8699
f 8707 8706 2236
f 8301 8707 8703
f 523 8705 8707
f 8705 2234 8706
f 8710 8709 2235
f 8706 8710 8700
f 2234 8708 8710
f 8708 557 8709
f 8714 8713 557
f 8711 8714 8708
f 2239 8712 8714
f 8712 2238 8713
f 8716 8711 2234
f 8305 8716 8705
f 2136 8715 8716
f 8715 2239 8711
f 8719 8718 2239
f 8313 8719 8715
f 524 8717 8719
f 8717 2237 8718
f 8722 8721 2238
f 8718 8722 8712
f 2237 8720 8722
f 8720 558 8721
f 8726 8725 558
f 8723 8726 8720
f 2242 8724 8726
f 8724 2241 8725
f 8728 8723 2237
f 8317 8728 8717
f 2139 8727 8728
f 8727 2242 8723
f 8731 8730 2242
f 8325 8731 8727
f 525 8729 8731
f 8729 2240 8730
f 8734 8733 2241
f 8730 8734 8724
f 2240 8732 8734
f 8732 559 8733
f 8738 8737 559
f 8735 8738 8732
f 2245 8736 8738
f 8736 2244 8737
f 8740 8735 2240
f 8329 8740 8729
f 2142 8739 8740
f 8739 2245 8735
f 8743 8742 2245
f 8337 8743 8739
f 526 8741 8743
f 8741 2243 8742
f 8746 8745 2244
f 8742 8746 8736
f 2243 8744 8746
f 8744 560 8745
f 8750 8749 560
f 8747 8750 8744
f 2248 8748 8750
f 8748 2247 8749
f 8752 8747 2243
f 8341 8752 8741
f 2145 8751 8752
f 8751 2248 8747
f 8755 8754 2248
f 8349 8755 8751
f 527 8753 8755
f 8753 2246 8754
f 8758 8757 2247
f 8754 8758 8748
f 2246 8756 8758
f 8756 561 8757
f 8762 8761 561
f 8759 8762 8756
f 2251 8760 8762
f 8760 2250 8761
f 8764 8759 2246
f 8353 8764 8753
f 2148 8763 8764
f 8763 2251 8759
f 8767 8766 2251
f 8361 8767 8763
f 528 8765 8767
f 8765 2249 8766
f 8770 8769 2250
f 8766 8770 8760
f 2249 8768 8770
f 8768 562 8769
f 8774 8773 562
f 8771 8774 8768
f 2254 8772 8774
f 8772 2253 8773
f 8776 8771 2249
f 8365 8776 8765
f 2151 8775 8776
f 8775 2254 8771
f 8779 8778 2254
f 8373 8779 8775
f 529 8777 8779
f 8777 2252 8778
f 8782 8781 2253
f 8778 8782 8772
f 2252 8780 8782
f 8780 563 8781
f 8786 8785 563
f 8783 8786 8780
f 2257 8784 8786
f 8784 2256 8785
f 8788 8783 2252
f 8377 8788 8777
f 2154 8787 8788
f 8787 2257 8783
f 8791 8790 2257
f 8385 8791 8787
f 530 8789 8791
f 8789 2255 8790
f 8794 8793 2256
f 8790 8794 8784
f 2255 8792 8794
f 8792 564 8793
f 8798 8797 564
f 8795 8798 8792
f 2260 8796 8798
f 8796 2259 8797
f 8800 8795 2255
f 8389 8800 8789
f 2157 8799 8800
f 8799 2260 8795
f 8803 8802 2260
f 8397 8803 8799
f 531 8801 8803
f 8801 2258 8802
f 8806 8805 2259
f 8802 8806 8796
f 2258 8804 8806
f 8804 565 8805
f 8810 8809 565
f 8807 8810 8804
f 2262 8808 8810
f 8808 2261 8809
f 8812 8807 2258
f 8401 8812 8801
f 2159 8811 8812
f 8811 2262 8807
f 8814 8813 2262
f 8407 8814 8811
f 516 8648 8814
f 8648 2220 8813
f 8816 8815 2261
f 8813 8816 8808
f 2220 8645 8816
f 8645 550 8815
f 8821 8820 566
f 8818 8821 8817
f 2266 8819 8821
f 8819 2265 8820
f 8824 8818 2263
f 8412 8824 8822
f 2163 8823 8824
f 8823 2266 8818
f 8827 8826 2266
f 8421 8827 8823
f 533 8825 8827
f 8825 2264 8826
f 8830 8829 2265
f 8826 8830 8819
f 2264 8828 8830
f 8828 567 8829
f 8834 8817 566
f 8832 8834 8831
f 2268 8833 8834
f 8833 2263 8817
f 8837 8832 2267
f 8620 8837 8835
f 2212 8836 8837
f 8836 2268 8832
f 8839 8838 2268
f 8617 8839 8836
f 534 8427 8839
f 8427 2165 8838
f 8840 8822 2263
f 8838 8840 8833
f 2165 8423 8840
f 8423 532 8822
f 8844 8634 570
f 8842 8844 8841
f 2271 8843 8844
f 8843 2217 8634
f 8848 8842 2269
f 8846 8848 8845
f 2270 8847 8848
f 8847 2271 8842
f 8851 8850 2271
f 8849 8851 8847
f 535 8437 8851
f 8437 2167 8850
f 8852 8637 2217
f 8850 8852 8843
f 2167 8433 8852
f 8433 536 8637
f 8856 8846 569
f 8854 8856 8853
f 2274 8855 8856
f 8855 2270 8846
f 8860 8854 2272
f 8858 8860 8857
f 2273 8859 8860
f 8859 2274 8854
f 8863 8862 2274
f 8861 8863 8859
f 537 8449 8863
f 8449 2170 8862
f 8864 8849 2270
f 8862 8864 8855
f 2170 8445 8864
f 8445 535 8849
f 8868 8858 571
f 8866 8868 8865
f 2277 8867 8868
f 8867 2273 8858
f 8872 8866 2275
f 8870 8872 8869
f 2276 8871 8872
f 8871 2277 8866
f 8875 8874 2277
f 8873 8875 8871
f 538 8461 8875
f 8461 2173 8874
f 8876 8861 2273
f 8874 8876 8867
f 2173 8457 8876
f 8457 537 8861
f 8880 8870 572
f 8878 8880 8877
f 2280 8879 8880
f 8879 2276 8870
f 8884 8878 2278
f 8882 8884 8881
f 2279 8883 8884
f 8883 2280 8878
f 8887 8886 2280
f 8885 8887 8883
f 539 8473 8887
f 8473 2176 8886
f 8888 8873 2276
f 8886 8888 8879
f 2176 8469 8888
f 8469 538 8873
f 8892 8882 573
f 8890 8892 8889
f 2283 8891 8892
f 8891 2279 8882
f 8896 8890 2281
f 8894 8896 8893
f 2282 8895 8896
f 8895 2283 8890
f 8899 8898 2283
f 8897 8899 8895
f 540 8485 8899
f 8485 2179 8898
f 8900 8885 2279
f 8898 8900 8891
f 2179 8481 8900
f 8481 539 8885
f 8904 8894 574
f 8902 8904 8901
f 2286 8903 8904
f 8903 2282 8894
f 8908 8902 2284
f 8906 8908 8905
f 2285 8907 8908
f 8907 2286 8902
f 8911 8910 2286
f 8909 8911 8907
f 541 8497 8911
f 8497 2182 8910
f 8912 8897 2282
f 8910 8912 8903
f 2182 8493 8912
f 8493 540 8897
f 8916 8906 575
f 8914 8916 8913
f 2289 8915 8916
f 8915 2285 8906
f 8920 8914 2287
f 8918 8920 8917
f 2288 8919 8920
f 8919 2289 8914
f 8923 8922 2289
f 8921 8923 8919
f 542 8509 8923
f 8509 2185 8922
f 8924 8909 2285
f 8922 8924 8915
f 2185 8505 8924
f 8505 541 8909
f 8928 8918 576
f 8926 8928 8925
f 2292 8927 8928
f 8927 2288 8918
f 8932 8926 2290
f 8930 8932 8929
f 2291 8931 8932
f 8931 2292 8926
f 8935 8934 2292
f 8933 8935 8931
f 543 8521 8935
f 8521 2188 8934
f 8936 8921 2288
f 8934 8936 8927
f 2188 8517 8936
f 8517 542 8921
f 8940 8930 577
f 8938 8940 8937
f 2295 8939 8940
f 8939 2291 8930
f 8944 8938 2293
f 8942 8944 8941
f 2294 8943 8944
f 8943 2295 8938
f 8947 8946 2295
f 8945 8947 8943
f 544 8533 8947
f 8533 2191 8946
f 8948 8933 2291
f 8946 8948 8939
f 2191 8529 8948
f 8529 543 8933
f 8952 8942 578
f 8950 8952 8949
f 2298 8951 8952
f 8951 2294 8942
f 8956 8950 2296
f 8954 8956 8953
f 2297 8955 8956
f 8955 2298 8950
f 8959 8958 2298
f 8957 8959 8955
f 545 8545 8959
f 8545 2194 8958
f 8960 8945 2294
f 8958 8960 8951
f 2194 8541 8960
f 8541 544 8945
f 8964 8954 579
f 8962 8964 8961
f 2301 8963 8964
f 8963 2297 8954
f 8968 8962 2299
f 8966 8968 8965
f 2300 8967 8968
f 8967 2301 8962
f 8971 8970 2301
f 8969 8971 8967
f 546 8557 8971
f 8557 2197 8970
f 8972 8957 2297
f 8970 8972 8963
f 2197 8553 8972
f 8553 545 8957
f 8976 8966 580
f 8974 8976 8973
f 2304 8975 8976
f 8975 2300 8966
f 8980 8974 2302
f 8978 8980 8977
f 2303 8979 8980
f 8979 2304 8974
f 8983 8982 2304
f 8981 8983 8979
f 547 8569 8983
f 8569 2200 8982
f 8984 8969 2300
f 8982 8984 8975
f 2200 8565 8984
f 8565 546 8969
f 8988 8978 581
f 8986 8988 8985
f 2306 8987 8988
f 8987 2303 8978
f 8991 8986 2305
f 8828 8991 8989
f 2264 8990 8991
f 8990 2306 8986
f 8993 8992 2306
f 8825 8993 8990
f 533 8581 8993
f 8581 2203 8992
f 8994 8981 2303
f 8992 8994 8987
f 2203 8577 8994
f 8577 547 8981
f 8998 8592 582
f 8996 8998 8995
f 2310 8997 8998
f 8997 2206 8592
f 9002 8996 2307
f 9000 9002 8999
f 2308 9001 9002
f 9001 2310 8996
f 9006 9005 2310
f 9003 9006 9001
f 586 9004 9006
f 9004 2309 9005
f 9008 8595 2206
f 9005 9008 8997
f 2309 9007 9008
f 9007 552 8595
f 9011 8995 582
f 9009 9011 8611
f 2313 9010 9011
f 9010 2307 8995
f 9014 9009 2210
f 9012 9014 8608
f 2311 9013 9014
f 9013 2313 9009
f 9018 9017 2313
f 9015 9018 9013
f 587 9016 9018
f 9016 2312 9017
f 9020 8999 2307
f 9017 9020 9010
f 2312 9019 9020
f 9019 616 8999
f 9024 9023 583
f 9021 9024 8624
f 2317 9022 9024
f 9022 2316 9023
f 9027 9021 2213
f 9025 9027 8621
f 2314 9026 9027
f 9026 2317 9021
f 9031 9030 2317
f 9028 9031 9026
f 602 9029 9031
f 9029 2315 9030
f 9034 9033 2316
f 9030 9034 9022
f 2315 9032 9034
f 9032 617 9033
f 9037 8630 583
f 9035 9037 9023
f 2320 9036 9037
f 9036 2216 8630
f 9040 9035 2316
f 9038 9040 9033
f 2318 9039 9040
f 9039 2320 9035
f 9044 9043 2320
f 9041 9044 9039
f 604 9042 9044
f 9042 2319 9043
f 9046 8633 2216
f 9043 9046 9036
f 2319 9045 9046
f 9045 570 8633
f 9050 9049 585
f 9047 9050 2722
f 2323 9048 9050
f 9048 2322 9049
f 9053 9047 711
f 9051 9053 2719
f 2321 9052 9053
f 9052 2323 9047
f 9056 9055 2323
f 9054 9056 9052
f 550 8644 9056
f 8644 2219 9055
f 9058 9057 2322
f 9055 9058 9048
f 2219 8639 9058
f 8639 551 9057
f 9061 2729 585
f 9059 9061 9049
f 2324 9060 9061
f 9060 714 2729
f 9063 9059 2322
f 8655 9063 9057
f 2223 9062 9063
f 9062 2324 9059
f 9065 9064 2324
f 8661 9065 9062
f 552 9007 9065
f 9007 2309 9064
f 9066 2732 714
f 9064 9066 9060
f 2309 9004 9066
f 9004 586 2732
f 9069 3079 587
f 9067 9069 9015
f 2326 9068 9069
f 9068 808 3079
f 9071 9067 2311
f 8665 9071 9012
f 2226 9070 9071
f 9070 2326 9067
f 9074 9073 2326
f 8673 9074 9070
f 554 9072 9074
f 9072 2325 9073
f 9076 3082 808
f 9073 9076 9068
f 2325 9075 9076
f 9075 588 3082
f 9079 3093 588
f 9077 9079 9075
f 2328 9078 9079
f 9078 812 3093
f 9081 9077 2325
f 8677 9081 9072
f 2229 9080 9081
f 9080 2328 9077
f 9084 9083 2328
f 8685 9084 9080
f 555 9082 9084
f 9082 2327 9083
f 9086 3096 812
f 9083 9086 9078
f 2327 9085 9086
f 9085 589 3096
f 9089 3107 589
f 9087 9089 9085
f 2330 9088 9089
f 9088 816 3107
f 9091 9087 2327
f 8689 9091 9082
f 2232 9090 9091
f 9090 2330 9087
f 9094 9093 2330
f 8697 9094 9090
f 556 9092 9094
f 9092 2329 9093
f 9096 3110 816
f 9093 9096 9088
f 2329 9095 9096
f 9095 590 3110
f 9099 3121 590
f 9097 9099 9095
f 2332 9098 9099
f 9098 820 3121
f 9101 9097 2329
f 8701 9101 9092
f 2235 9100 9101
f 9100 2332 9097
f 9104 9103 2332
f 8709 9104 9100
f 557 9102 9104
f 9102 2331 9103
f 9106 3124 820
f 9103 9106 9098
f 2331 9105 9106
f 9105 591 3124
f 9109 3135 591
f 9107 9109 9105
f 2334 9108 9109
f 9108 824 3135
f 9111 9107 2331
f 8713 9111 9102
f 2238 9110 9111
f 9110 2334 9107
f 9114 9113 2334
f 8721 9114 9110
f 558 9112 9114
f 9112 2333 9113
f 9116 3138 824
f 9113 9116 9108
f 2333 9115 9116
f 9115 592 3138
f 9119 3149 592
f 9117 9119 9115
f 2336 9118 9119
f 9118 828 3149
f 9121 9117 2333
f 8725 9121 9112
f 2241 9120 9121
f 9120 2336 9117
f 9124 9123 2336
f 8733 9124 9120
f 559 9122 9124
f 9122 2335 9123
f 9126 3152 828
f 9123 9126 9118
f 2335 9125 9126
f 9125 593 3152
f 9129 3163 593
f 9127 9129 9125
f 2338 9128 9129
f 9128 832 3163
f 9131 9127 2335
f 8737 9131 9122
f 2244 9130 9131
f 9130 2338 9127
f 9134 9133 2338
f 8745 9134 9130
f 560 9132 9134
f 9132 2337 9133
f 9136 3166 832
f 9133 9136 9128
f 2337 9135 9136
f 9135 594 3166
f 9139 3177 594
f 9137 9139 9135
f 2340 9138 9139
f 9138 836 3177
f 9141 9137 2337
f 8749 9141 9132
f 2247 9140 9141
f 9140 2340 9137
f 9144 9143 2340
f 8757 9144 9140
f 561 9142 9144
f 9142 2339 9143
f 9146 3180 836
f 9143 9146 9138
f 2339 9145 9146
f 9145 595 3180
f 9149 3191 595
f 9147 9149 9145
f 2342 9148 9149
f 9148 840 3191
f 9151 9147 2339
f 8761 9151 9142
f 2250 9150 9151
f 9150 2342 9147
f 9154 9153 2342
f 8769 9154 9150
f 562 9152 9154
f 9152 2341 9153
f 9156 3194 840
f 9153 9156 9148
f 2341 9155 9156
f 9155 596 3194
f 9159 3205 596
f 9157 9159 9155
f 2344 9158 9159
f 9158 844 3205
f 9161 9157 2341
f 8773 9161 9152
f 2253 9160 9161
f 9160 2344 9157
f 9164 9163 2344
f 8781 9164 9160
f 563 9162 9164
f 9162 2343 9163
f 9166 3208 844
f 9163 9166 9158
f 2343 9165 9166
f 9165 597 3208
f 9169 3219 597
f 9167 9169 9165
f 2346 9168 9169
f 9168 848 3219
f 9171 9167 2343
f 8785 9171 9162
f 2256 9170 9171
f 9170 2346 9167
f 9174 9173 2346
f 8793 9174 9170
f 564 9172 9174
f 9172 2345 9173
f 9176 3222 848
f 9173 9176 9168
f 2345 9175 9176
f 9175 598 3222
f 9179 3233 598
f 9177 9179 9175
f 2348 9178 9179
f 9178 852 3233
f 9181 9177 2345
f 8797 9181 9172
f 2259 9180 9181
f 9180 2348 9177
f 9184 9183 2348
f 8805 9184 9180
f 565 9182 9184
f 9182 2347 9183
f 9186 3236 852
f 9183 9186 9178
f 2347 9185 9186
f 9185 599 3236
f 9189 3247 599
f 9187 9189 9185
f 2349 9188 9189
f 9188 856 3247
f 9191 9187 2347
f 8809 9191 9182
f 2261 9190 9191
f 9190 2349 9187
f 9193 9192 2349
f 8815 9193 9190
f 550 9054 9193
f 9054 2321 9192
f 9194 3250 856
f 9192 9194 9188
f 2321 9051 9194
f 9051 584 3250
f 9198 5443 600
f 9196 9198 9195
f 2352 9197 9198
f 9197 1414 5443
f 9201 9196 2350
f 8820 9201 9199
f 2265 9200 9201
f 9200 2352 9196
f 9204 9203 2352
f 8829 9204 9200
f 567 9202 9204
f 9202 2351 9203
f 9206 5446 1414
f 9203 9206 9197
f 2351 9205 9206
f 9205 601 5446
f 9209 9195 600
f 9207 9209 5465
f 2353 9208 9209
f 9208 2350 9195
f 9211 9207 1420
f 9028 9211 5462
f 2314 9210 9211
f 9210 2353 9207
f 9213 9212 2353
f 9025 9213 9210
f 568 8835 9213
f 8835 2267 9212
f 9214 9199 2350
f 9212 9214 9208
f 2267 8831 9214
f 8831 566 9199
f 9217 9042 604
f 9215 9217 5810
f 2355 9216 9217
f 9216 2319 9042
f 9220 9215 1511
f 9218 9220 5807
f 2354 9219 9220
f 9219 2355 9215
f 9223 9222 2355
f 9221 9223 9219
f 569 8845 9223
f 8845 2269 9222
f 9224 9045 2319
f 9222 9224 9216
f 2269 8841 9224
f 8841 570 9045
f 9227 9218 603
f 9225 9227 5825
f 2357 9226 9227
f 9226 2354 9218
f 9230 9225 1516
f 9228 9230 5822
f 2356 9229 9230
f 9229 2357 9225
f 9233 9232 2357
f 9231 9233 9229
f 571 8857 9233
f 8857 2272 9232
f 9234 9221 2354
f 9232 9234 9226
f 2272 8853 9234
f 8853 569 9221
f 9237 9228 605
f 9235 9237 5839
f 2359 9236 9237
f 9236 2356 9228
f 9240 9235 1520
f 9238 9240 5836
f 2358 9239 9240
f 9239 2359 9235
f 9243 9242 2359
f 9241 9243 9239
f 572 8869 9243
f 8869 2275 9242
f 9244 9231 2356
f 9242 9244 9236
f 2275 8865 9244
f 8865 571 9231
f 9247 9238 606
f 9245 9247 5853
f 2361 9246 9247
f 9246 2358 9238
f 9250 9245 1524
f 9248 9250 5850
f 2360 9249 9250
f 9249 2361 9245
f 9253 9252 2361
f 9251 9253 9249
f 573 8881 9253
f 8881 2278 9252
f 9254 9241 2358
f 9252 9254 9246
f 2278 8877 9254
f 8877 572 9241
f 9257 9248 607
f 9255 9257 5867
f 2363 9256 9257
f 9256 2360 9248
f 9260 9255 1528
f 9258 9260 5864
f 2362 9259 9260
f 9259 2363 9255
f 9263 9262 2363
f 9261 9263 9259
f 574 8893 9263
f 8893 2281 9262
f 9264 9251 2360
f 9262 9264 9256
f 2281 8889 9264
f 8889 573 9251
f 9267 9258 608
f 9265 9267 5881
f 2365 9266 9267
f 9266 2362 9258
f 9270 9265 1532
f 9268 9270 5878
f 2364 9269 9270
f 9269 2365 9265
f 9273 9272 2365
f 9271 9273 9269
f 575 8905 9273
f 8905 2284 9272
f 9274 9261 2362
f 9272 9274 9266
f 2284 8901 9274
f 8901 574 9261
f 9277 9268 609
f 9275 9277 5895
f 2367 9276 9277
f 9276 2364 9268
f 9280 9275 1536
f 9278 9280 5892
f 2366 9279 9280
f 9279 2367 9275
f 9283 9282 2367
f 9281 9283 9279
f 576 8917 9283
f 8917 2287 9282
f 9284 9271 2364
f 9282 9284 9276
f 2287 8913 9284
f 8913 575 9271
f 9287 9278 610
f 9285 9287 5909
f 2369 9286 9287
f 9286 2366 9278
f 9290 9285 1540
f 9288 9290 5906
f 2368 9289 9290
f 9289 2369 9285
f 9293 9292 2369
f 9291 9293 9289
f 577 8929 9293
f 8929 2290 9292
f 9294 9281 2366
f 9292 9294 9286
f 2290 8925 9294
f 8925 576 9281
f 9297 9288 611
f 9295 9297 5923
f 2371 9296 9297
f 9296 2368 9288
f 9300 9295 1544
f 9298 9300 5920
f 2370 9299 9300
f 9299 2371 9295
f 9303 9302 2371
f 9301 9303 9299
f 578 8941 9303
f 8941 2293 9302
f 9304 9291 2368
f 9302 9304 9296
f 2293 8937 9304
f 8937 577 9291
f 9307 9298 612
f 9305 9307 5937
f 2373 9306 9307
f 9306 2370 9298
f 9310 9305 1548
f 9308 9310 5934
f 2372 9309 9310
f 9309 2373 9305
f 9313 9312 2373
f 9311 9313 9309
f 579 8953 9313
f 8953 2296 9312
f 9314 9301 2370
f 9312 9314 9306
f 2296 8949 9314
f 8949 578 9301
f 9317 9308 613
f 9315 9317 5951
f 2375 9316 9317
f 9316 2372 9308
f 9320 9315 1552
f 9318 9320 5948
f 2374 9319 9320
f 9319 2375 9315
f 9323 9322 2375
f 9321 9323 9319
f 580 8965 9323
f 8965 2299 9322
f 9324 9311 2372
f 9322 9324 9316
f 2299 8961 9324
f 8961 579 9311
f 9327 9318 614
f 9325 9327 5965
f 2377 9326 9327
f 9326 2374 9318
f 9330 9325 1556
f 9328 9330 5962
f 2376 9329 9330
f 9329 2377 9325
f 9333 9332 2377
f 9331 9333 9329
f 581 8977 9333
f 8977 2302 9332
f 9334 9321 2374
f 9332 9334 9326
f 2302 8973 9334
f 8973 580 9321
f 9337 9328 615
f 9335 9337 5977
f 2378 9336 9337
f 9336 2376 9328
f 9339 9335 1559
f 9205 9339 5974
f 2351 9338 9339
f 9338 2378 9335
f 9341 9340 2378
f 9202 9341 9338
f 567 8989 9341
f 8989 2305 9340
f 9342 9331 2376
f 9340 9342 9336
f 2305 8985 9342
f 8985 581 9331
f 9346 9000 616
f 9344 9346 9343
f 2381 9345 9346
f 9345 2308 9000
f 9350 9344 2379
f 9348 9350 9347
f 2380 9349 9350
f 9349 2381 9344
f 9353 9352 2381
f 9351 9353 9349
f 57 2736 9353
f 2736 715 9352
f 9354 9003 2308
f 9352 9354 9345
f 715 2733 9354
f 2733 586 9003
f 9357 9343 616
f 9355 9357 9019
f 2383 9356 9357
f 9356 2379 9343
f 9359 9355 2312
f 3078 9359 9016
f 807 9358 9359
f 9358 2383 9355
f 9362 9361 2383
f 3073 9362 9358
f 87 9360 9362
f 9360 2382 9361
f 9364 9347 2379
f 9361 9364 9356
f 2382 9363 9364
f 9363 84 9347
f 9368 9367 617
f 9365 9368 9032
f 2386 9366 9368
f 9366 2385 9367
f 9370 9365 2315
f 5461 9370 9029
f 1419 9369 9370
f 9369 2386 9365
f 9373 9372 2386
f 5458 9373 9369
f 299 9371 9373
f 9371 2384 9372
f 9376 9375 2385
f 9372 9376 9366
f 2384 9374 9376
f 9374 325 9375
f 9379 9038 617
f 9377 9379 9367
f 2388 9378 9379
f 9378 2318 9038
f 9382 9377 2385
f 9380 9382 9375
f 2387 9381 9382
f 9381 2388 9377
f 9385 9384 2388
f 9383 9385 9381
f 328 5800 9385
f 5800 1512 9384
f 9386 9041 2318
f 9384 9386 9378
f 1512 5811 9386
f 5811 604 9041

