# 9386 vertices, 9216 faces
v -0.102424 0.172032 0.108863
v -0.081167 0.082933 -0.121578
v -0.053299 0.029706 0.156502
v -0.091662 0.163513 -0.120658
v -0.112472 0.227371 0.073023
v -0.132728 0.228831 0.069699
v -0.131412 0.187292 0.095760
v -0.076068 0.193831 0.101738
v -0.095168 0.228372 0.074390
v -0.145672 0.140475 0.109702
v -0.131345 0.115033 0.122672
v -0.081370 0.119871 0.135771
v -0.047184 0.163233 0.121592
v -0.121875 0.063809 0.133006
v -0.065969 0.164268 -0.124988
v -0.037507 0.150760 -0.131918
v -0.042308 0.075904 -0.128220
v -0.088436 -0.073498 -0.111801
v -0.120712 -0.093251 -0.096375
v -0.111043 0.022351 -0.107024
v -0.046025 -0.064266 -0.120472
v -0.078926 0.205729 -0.116601
v -0.112001 0.086170 -0.113706
v 0.002301 0.027242 0.165379
v 0.001414 0.142587 0.135151
v -0.022665 0.141983 0.133692
v -0.106423 -0.026658 0.140603
v -0.098084 0.231344 -0.105201
v -0.091573 0.239964 -0.100828
v -0.106680 0.175315 -0.117974
v -0.110092 0.227713 -0.105735
v -0.117808 0.118157 -0.114222
v -0.079014 0.214715 -0.113803
v 0.001814 0.165864 0.124699
v -0.004879 -1.048029 0.183920
v 0.002340 0.172077 -0.133303
v 0.002555 -1.043878 -0.177679
v -0.012921 0.167152 0.122957
v -0.134921 0.177484 -0.115407
v 0.001277 0.075613 -0.131849
v -0.069427 0.196919 0.100549
v -0.060846 0.190556 -0.123945
v -0.090340 0.244871 -0.098055
v -0.005454 -1.004705 0.181934
v -0.049099 -1.008791 0.180317
v -0.037669 -1.046868 0.182972
v 0.002045 0.148396 -0.134711
v -0.033848 0.176797 -0.131360
v -0.047833 -1.048208 -0.174005
v -0.051169 -1.029584 -0.172137
v 0.003597 -1.021594 -0.175764
v -0.035139 0.175942 0.116510
v -0.139539 0.222816 -0.106283
v -0.119625 0.226394 -0.105135
v -0.116351 0.178641 -0.115788
v -0.124882 0.125355 -0.112525
v -0.141698 0.128785 -0.111920
v 0.001235 -0.061550 -0.122136
v -0.090663 0.228425 0.074832
v -0.094969 0.253344 0.052099
v -0.098558 0.254875 0.050531
v -0.111875 0.257813 0.046665
v -0.097546 0.277712 0.024089
v -0.100965 0.279332 0.021467
v -0.112420 0.282844 0.014445
v -0.129865 0.285211 0.007176
v -0.130158 0.260556 0.042126
v -0.101582 0.294662 -0.032240
v -0.112121 0.293362 -0.036765
v -0.127116 0.290906 -0.041375
v -0.133160 0.290087 -0.043824
v -0.137081 0.286111 0.004399
v -0.107604 0.269790 -0.079399
v -0.119567 0.266261 -0.081620
v -0.124993 0.264966 -0.082431
v -0.129563 0.264315 -0.083167
v -0.138292 0.289777 -0.045593
v -0.114969 0.226670 -0.105379
v -0.112001 0.176563 -0.116546
v -0.120787 0.123066 -0.113344
v -0.138341 0.073166 -0.098119
v -0.141456 0.082255 -0.097822
v -0.144959 0.088176 -0.097762
v -0.160359 0.097997 -0.096995
v -0.158637 0.060093 -0.075002
v -0.163030 0.066083 -0.075275
v -0.176096 0.079309 -0.074598
v -0.173117 0.053041 -0.048954
v -0.185481 0.069594 -0.050125
v -0.179763 0.054297 -0.023853
v -0.191248 0.068896 -0.027568
v -0.186400 0.066096 0.010683
v -0.196519 0.075053 0.007726
v -0.186538 0.083113 0.058593
v -0.196082 0.093439 0.052115
v -0.177112 0.111578 0.091787
v -0.187051 0.120318 0.081232
v -0.157418 0.151410 0.101225
v -0.170485 0.161613 0.089097
v -0.147195 0.194979 0.088139
v -0.161243 0.199448 0.079495
v -0.145378 0.231055 0.066160
v -0.158055 0.235117 0.058563
v -0.143196 0.262270 0.038659
v -0.156445 0.266677 0.029811
v -0.142555 0.286700 0.002396
v -0.155905 0.288937 -0.008982
v -0.152084 0.286086 -0.054877
v -0.146397 0.259183 -0.087895
v -0.137894 0.261810 0.039961
v -0.140400 0.230372 0.067538
v -0.141255 0.191363 0.091574
v -0.152772 0.147142 0.105036
v -0.173474 0.106922 0.095341
v -0.168460 0.099342 0.098167
v -0.182947 0.077945 0.061153
v -0.178435 0.070836 0.061727
v -0.169036 0.046560 0.061656
v -0.159003 0.074231 0.103483
v -0.161971 0.005349 0.062658
v -0.147058 0.031902 0.099558
v -0.161052 -0.077282 0.071917
v -0.139650 -0.054024 0.109464
v -0.168337 -0.212626 0.082997
v -0.143183 -0.196975 0.119569
v -0.106084 -0.176990 0.151647
v -0.143628 -0.361732 0.132470
v -0.104189 -0.343692 0.159802
v -0.055252 -0.331094 0.178151
v -0.056491 -0.157236 0.173059
v 0.002101 -0.321971 0.183436
v 0.002095 -0.148853 0.181924
v -0.053444 -0.502267 0.176685
v 0.000956 -0.495229 0.181557
v -0.055121 -0.657190 0.171301
v 0.000353 -0.654653 0.174973
v -0.055287 -0.803821 0.174162
v -0.001612 -0.799612 0.177013
v -0.052033 -0.936600 0.177652
v -0.005435 -0.934989 0.178670
v -0.099141 -0.820602 0.165184
v -0.096368 -0.944714 0.170269
v -0.091449 -1.009015 0.173908
v -0.131508 -0.953121 0.158965
v -0.135596 -1.028039 0.161668
v -0.132377 -1.041987 0.163539
v -0.083532 -1.044655 0.176901
v -0.163509 -1.024283 0.146858
v -0.161245 -1.040512 0.149298
v -0.199695 -1.019390 0.115235
v -0.200045 -1.039380 0.117609
v -0.224266 -1.030477 0.076218
v -0.225226 -1.042664 0.077568
v -0.237887 -1.035852 0.022769
v -0.239140 -1.045063 0.021583
v -0.231024 -1.033910 -0.036287
v -0.230881 -1.044953 -0.039014
v -0.201706 -1.031006 -0.088220
v -0.201114 -1.045082 -0.089995
v -0.157657 -1.031568 -0.129917
v -0.155426 -1.046574 -0.132299
v -0.105015 -1.032624 -0.158378
v -0.103512 -1.047893 -0.159835
v -0.110805 -0.974589 -0.151779
v -0.057655 -0.969402 -0.166472
v -0.160792 -0.979652 -0.123134
v -0.159777 -0.881472 -0.115730
v -0.111596 -0.869634 -0.144589
v -0.200607 -0.983748 -0.083550
v -0.196872 -0.891541 -0.078058
v -0.188392 -0.741281 -0.077350
v -0.153936 -0.730417 -0.110080
v -0.226552 -0.984528 -0.035988
v -0.219458 -0.893470 -0.035524
v -0.210446 -0.740978 -0.038898
v -0.202707 -0.573786 -0.042776
v -0.180779 -0.571641 -0.076594
v -0.225836 -0.887557 0.010786
v -0.218444 -0.737951 0.002494
v -0.211976 -0.567179 -0.005359
v -0.204101 -0.398989 -0.010530
v -0.194055 -0.399731 -0.044825
v -0.212954 -0.728153 0.043400
v -0.208836 -0.560905 0.034725
v -0.203383 -0.393432 0.024083
v -0.191218 -0.236337 0.010327
v -0.190106 -0.242946 -0.020744
v -0.195825 -0.554234 0.072579
v -0.193524 -0.386862 0.060377
v -0.184142 -0.225590 0.045441
v -0.172240 -0.105509 0.032460
v -0.177329 -0.127920 -0.001544
v -0.173134 -0.376218 0.098529
v -0.174351 -0.538229 0.107756
v -0.142926 -0.527239 0.139434
v -0.173404 -0.700864 0.113213
v -0.141958 -0.686658 0.140331
v -0.102191 -0.670082 0.159488
v -0.101621 -0.509963 0.162380
v -0.138944 -0.836154 0.149382
v -0.172234 -0.845780 0.124968
v -0.169919 -0.957545 0.136713
v -0.199029 -0.859853 0.092338
v -0.199260 -0.963119 0.106487
v -0.217688 -0.876413 0.053994
v -0.221445 -0.973998 0.067251
v -0.233058 -0.983127 0.017870
v -0.196732 -0.715555 0.080875
v -0.170565 -0.049418 -0.010187
v -0.166433 -0.053252 -0.038262
v -0.173841 -0.130287 -0.030948
v -0.168832 -0.023166 0.022021
v -0.170852 0.026584 0.016404
v -0.167921 0.007138 -0.018605
v -0.171449 0.043123 -0.022092
v -0.164570 0.039788 -0.047860
v -0.162630 0.003756 -0.045600
v -0.178028 0.054648 0.013542
v -0.182332 0.060969 0.012537
v -0.175403 0.049737 -0.023225
v -0.168749 0.048554 -0.048458
v -0.154480 0.051976 -0.074881
v -0.132786 0.041330 -0.095581
v -0.150813 0.017844 -0.072966
v -0.134515 -0.018343 -0.091141
v -0.154243 -0.035945 -0.067679
v -0.144055 -0.107162 -0.078488
v -0.161509 -0.117006 -0.056751
v -0.161931 -0.238832 -0.075499
v -0.180218 -0.237867 -0.050116
v -0.173525 -0.404138 -0.074248
v -0.134865 -0.237450 -0.097589
v -0.142735 -0.401179 -0.099336
v -0.146985 -0.566815 -0.105594
v -0.101220 -0.392917 -0.120700
v -0.101440 -0.560161 -0.129580
v -0.106027 -0.719246 -0.137225
v -0.050265 -0.554411 -0.143449
v -0.053943 -0.715388 -0.152011
v -0.057205 -0.860526 -0.160644
v 0.003001 -0.715283 -0.156352
v 0.007268 -0.858829 -0.166028
v 0.007127 -0.964684 -0.171770
v 0.003482 -0.553357 -0.147556
v -0.051140 -0.389204 -0.134409
v 0.003888 -0.387954 -0.138577
v -0.050756 -0.225734 -0.129369
v 0.001192 -0.223353 -0.132762
v -0.097366 -0.230970 -0.117050
v -0.098902 0.273181 -0.075933
v -0.098760 0.295020 -0.029794
v -0.096309 0.274889 -0.074111
v 0.107057 0.171562 0.108475
v 0.085756 0.081747 -0.122981
v 0.059173 0.029077 0.154245
v 0.095901 0.162605 -0.121334
v 0.116475 0.226915 0.073987
v 0.136612 0.228672 0.070475
v 0.134089 0.187545 0.095586
v 0.079180 0.193533 0.101840
v 0.098983 0.227988 0.075255
v 0.147552 0.141252 0.109100
v 0.134051 0.115417 0.122656
v 0.082142 0.117997 0.136059
v 0.048516 0.163028 0.121669
v 0.124817 0.062018 0.131828
v 0.070666 0.164969 -0.125101
v 0.041597 0.149964 -0.131829
v 0.045948 0.075118 -0.129219
v 0.091372 -0.073230 -0.114165
v 0.124356 -0.092521 -0.099982
v 0.115904 0.020670 -0.108978
v 0.049379 -0.064697 -0.121461
v 0.083437 0.204865 -0.116506
v 0.116741 0.085059 -0.115237
v 0.025167 0.141399 0.133623
v 0.111359 -0.027286 0.136664
v 0.102984 0.230634 -0.104782
v 0.096628 0.239198 -0.100369
v 0.110919 0.174828 -0.118546
v 0.114937 0.227330 -0.105470
v 0.122483 0.117577 -0.115476
v 0.083729 0.213856 -0.113571
v 0.016214 0.166740 0.122949
v 0.138790 0.177244 -0.116128
v 0.072664 0.196668 0.100716
v 0.065278 0.189628 -0.123645
v 0.095649 0.244097 -0.097550
v 0.040172 -1.010280 0.181456
v 0.028245 -1.047995 0.184017
v 0.038158 0.176280 -0.130759
v 0.050826 -1.047974 -0.176059
v 0.055539 -1.030279 -0.173945
v 0.038233 0.175435 0.116638
v 0.143942 0.222821 -0.106065
v 0.124283 0.226100 -0.105160
v 0.120383 0.178084 -0.116631
v 0.129182 0.124574 -0.113781
v 0.145854 0.128286 -0.113132
v 0.094586 0.228123 0.075541
v 0.099898 0.252897 0.053502
v 0.103279 0.254330 0.052033
v 0.116798 0.257049 0.048337
v 0.103057 0.277149 0.026055
v 0.106118 0.278749 0.023570
v 0.117517 0.282041 0.016917
v 0.134817 0.284516 0.009430
v 0.134983 0.259940 0.043661
v 0.107121 0.294496 -0.029440
v 0.116742 0.293219 -0.033797
v 0.131306 0.290862 -0.039381
v 0.137759 0.290048 -0.042057
v 0.141864 0.285469 0.006477
v 0.112506 0.269437 -0.078133
v 0.124342 0.266146 -0.080555
v 0.129614 0.264944 -0.081680
v 0.134037 0.264298 -0.082442
v 0.142778 0.289770 -0.043893
v 0.119761 0.226370 -0.105364
v 0.116165 0.176054 -0.117342
v 0.125199 0.122346 -0.114578
v 0.142503 0.072160 -0.100144
v 0.145599 0.082441 -0.099603
v 0.148874 0.087391 -0.099456
v 0.164090 0.097720 -0.098581
v 0.162665 0.059397 -0.077427
v 0.166874 0.065622 -0.077574
v 0.179767 0.079543 -0.076704
v 0.177631 0.053227 -0.051115
v 0.189289 0.070609 -0.052808
v 0.184413 0.057513 -0.026848
v 0.195145 0.070989 -0.029648
v 0.190772 0.069105 0.008728
v 0.200183 0.077678 0.006089
v 0.190104 0.085098 0.057203
v 0.199087 0.095643 0.050861
v 0.179677 0.113063 0.091002
v 0.189464 0.122059 0.080480
v 0.159400 0.152208 0.100572
v 0.173160 0.162496 0.088475
v 0.150076 0.195210 0.088167
v 0.164676 0.199811 0.079631
v 0.149288 0.230894 0.067042
v 0.162247 0.234974 0.059579
v 0.147897 0.261650 0.040195
v 0.161259 0.265959 0.031392
v 0.147270 0.286094 0.004442
v 0.160633 0.288322 -0.006982
v 0.156463 0.286040 -0.053264
v 0.150760 0.259146 -0.087083
v 0.142613 0.261157 0.041473
v 0.144281 0.230192 0.068343
v 0.145140 0.191799 0.091039
v 0.154689 0.147962 0.104393
v 0.176223 0.108311 0.094580
v 0.171600 0.100401 0.097359
v 0.186685 0.079751 0.059648
v 0.182383 0.072275 0.060030
v 0.172644 0.046763 0.059320
v 0.163615 0.073124 0.100821
v 0.164983 0.004469 0.058078
v 0.149648 0.030925 0.096517
v 0.167118 -0.077482 0.067597
v 0.145008 -0.054413 0.105306
v 0.175506 -0.211412 0.080479
v 0.149231 -0.196190 0.116633
v 0.111342 -0.176755 0.150171
v 0.148332 -0.360077 0.130124
v 0.108015 -0.342287 0.159066
v 0.058143 -0.330115 0.178288
v 0.060313 -0.157226 0.173622
v 0.053732 -0.502118 0.176556
v 0.051421 -0.657849 0.170905
v 0.048944 -0.805060 0.173404
v 0.043196 -0.937744 0.177958
v 0.094313 -0.818136 0.164595
v 0.088799 -0.946624 0.171016
v 0.083588 -1.011141 0.175495
v 0.124092 -0.955090 0.159991
v 0.127867 -1.030196 0.163431
v 0.125981 -1.044050 0.164978
v 0.075779 -1.046572 0.178647
v 0.158572 -1.024769 0.146469
v 0.155074 -1.042319 0.149874
v 0.198189 -1.020454 0.112548
v 0.197986 -1.040315 0.115105
v 0.225178 -1.031231 0.074336
v 0.225812 -1.043401 0.075634
v 0.239896 -1.036563 0.023591
v 0.241018 -1.045709 0.022520
v 0.233779 -1.034374 -0.034943
v 0.234058 -1.045345 -0.036558
v 0.205571 -1.030743 -0.089336
v 0.204974 -1.044736 -0.091220
v 0.162185 -1.030739 -0.132483
v 0.159954 -1.045739 -0.134822
v 0.109362 -1.031843 -0.160396
v 0.107850 -1.047132 -0.161949
v 0.115183 -0.973669 -0.153472
v 0.060538 -0.968693 -0.168094
v 0.165548 -0.978771 -0.125504
v 0.165261 -0.880570 -0.118060
v 0.115303 -0.868657 -0.146828
v 0.204839 -0.983467 -0.084206
v 0.201354 -0.891220 -0.079538
v 0.193868 -0.740859 -0.078272
v 0.159289 -0.729743 -0.112805
v 0.230235 -0.984846 -0.032652
v 0.223919 -0.893615 -0.033239
v 0.215657 -0.745053 -0.037250
v 0.208117 -0.573753 -0.041286
v 0.186238 -0.571408 -0.077483
v 0.230145 -0.887799 0.012759
v 0.223204 -0.737999 0.004078
v 0.217435 -0.571515 -0.003376
v 0.209350 -0.398256 -0.009529
v 0.199281 -0.403426 -0.043262
v 0.217676 -0.728271 0.042879
v 0.214592 -0.560887 0.033662
v 0.209197 -0.392465 0.024986
v 0.198179 -0.238735 0.010714
v 0.196203 -0.241460 -0.021341
v 0.201048 -0.553962 0.070199
v 0.199592 -0.385837 0.059242
v 0.191237 -0.224144 0.044080
v 0.178308 -0.104560 0.030280
v 0.183465 -0.126577 -0.003186
v 0.178922 -0.374840 0.095982
v 0.178719 -0.537996 0.104223
v 0.145705 -0.527177 0.136819
v 0.175469 -0.701782 0.109521
v 0.141566 -0.687890 0.137778
v 0.099711 -0.671163 0.158798
v 0.102896 -0.509766 0.161829
v 0.136451 -0.834083 0.147828
v 0.172922 -0.847336 0.122039
v 0.166245 -0.959258 0.135896
v 0.201666 -0.860564 0.090601
v 0.199949 -0.964347 0.104015
v 0.222068 -0.876812 0.053489
v 0.224202 -0.974826 0.066037
v 0.236106 -0.983731 0.020666
v 0.200880 -0.716018 0.078098
v 0.175261 -0.051528 -0.012060
v 0.171203 -0.055401 -0.040678
v 0.180511 -0.132759 -0.032370
v 0.172180 -0.023331 0.018816
v 0.173930 0.026340 0.013183
v 0.171133 0.006886 -0.020572
v 0.175518 0.043915 -0.024663
v 0.168720 0.039587 -0.050386
v 0.166284 0.001199 -0.047909
v 0.182406 0.055890 0.011726
v 0.186912 0.063676 0.010110
v 0.179824 0.050517 -0.025126
v 0.173035 0.047110 -0.050263
v 0.158639 0.049662 -0.077270
v 0.137366 0.039597 -0.097836
v 0.155115 0.014659 -0.074869
v 0.138830 -0.019325 -0.093471
v 0.158364 -0.038450 -0.070231
v 0.149001 -0.109739 -0.082539
v 0.167859 -0.121556 -0.060007
v 0.166295 -0.241067 -0.077970
v 0.185930 -0.240940 -0.051093
v 0.178244 -0.403327 -0.074800
v 0.136980 -0.239795 -0.101237
v 0.146362 -0.399974 -0.101911
v 0.151239 -0.566279 -0.108935
v 0.103153 -0.391799 -0.122664
v 0.105269 -0.558951 -0.131585
v 0.110896 -0.718813 -0.139067
v 0.054078 -0.555692 -0.144269
v 0.058572 -0.715184 -0.153090
v 0.062050 -0.859772 -0.161719
v 0.054257 -0.385790 -0.134477
v 0.051929 -0.222109 -0.129736
v 0.098062 -0.229507 -0.119337
v 0.104077 0.272820 -0.074757
v 0.104840 0.294746 -0.027745
v 0.101738 0.274488 -0.072939
v -0.126206 0.226076 -0.104989
v -0.122615 0.179178 -0.115292
v -0.130047 0.128245 -0.112234
v -0.149659 0.093261 -0.097330
v -0.166984 0.073864 -0.075149
v -0.176763 0.059617 -0.050003
v -0.183729 0.061742 -0.025761
v -0.189913 0.070829 0.009617
v -0.189884 0.088849 0.056612
v -0.180166 0.116718 0.088556
v -0.161827 0.156055 0.097110
v -0.151881 0.196724 0.085729
v -0.148992 0.231769 0.064872
v -0.147555 0.263409 0.036704
v -0.146852 0.287457 -0.000367
v -0.142831 0.289293 -0.047267
v -0.135292 0.263498 -0.084096
v 0.126553 0.178663 -0.116101
v 0.130764 0.225809 -0.104960
v 0.134264 0.127518 -0.113468
v 0.153507 0.092618 -0.098963
v 0.170672 0.073686 -0.077297
v 0.180986 0.059088 -0.051977
v 0.187974 0.063330 -0.027745
v 0.193874 0.073193 0.007940
v 0.193196 0.091048 0.055247
v 0.182536 0.118292 0.087778
v 0.163947 0.156794 0.096508
v 0.154830 0.196867 0.085770
v 0.152918 0.231495 0.065736
v 0.152266 0.262687 0.038203
v 0.151563 0.286802 0.001662
v 0.147281 0.289221 -0.045569
v 0.139692 0.263406 -0.083331
v -0.131015 0.225897 -0.105291
v -0.127152 0.179570 -0.115413
v -0.134364 0.129260 -0.112385
v -0.170169 0.075551 -0.075538
v -0.180040 0.062179 -0.050285
v -0.186937 0.063252 -0.025961
v -0.192902 0.071840 0.009468
v -0.192303 0.089890 0.056310
v -0.182253 0.118421 0.087066
v -0.164310 0.157927 0.095106
v -0.154672 0.197637 0.084142
v -0.151960 0.232034 0.063615
v -0.150415 0.263560 0.035547
v -0.149851 0.287644 -0.002112
v -0.146036 0.288659 -0.048859
v -0.139392 0.262719 -0.084944
v 0.131033 0.179161 -0.116178
v 0.135466 0.225715 -0.105193
v 0.138536 0.128580 -0.113595
v 0.184301 0.062958 -0.052415
v 0.173823 0.075498 -0.077634
v 0.191107 0.065044 -0.027959
v 0.196800 0.074362 0.007884
v 0.195498 0.092240 0.054972
v 0.184547 0.120131 0.086353
v 0.166463 0.158734 0.094457
v 0.158277 0.197940 0.083958
v 0.156387 0.231756 0.064418
v 0.155508 0.262800 0.036994
v 0.154514 0.286993 -0.000143
v 0.150425 0.288599 -0.047253
v 0.143723 0.262656 -0.084186
v -0.153581 0.095074 -0.097568
v 0.157494 0.095116 -0.099139
v -0.134575 0.225276 -0.105491
v -0.130137 0.179567 -0.115340
v -0.136971 0.129666 -0.112342
v -0.172878 0.078193 -0.075373
v -0.182410 0.064910 -0.050643
v -0.188848 0.064903 -0.027198
v -0.194575 0.072759 0.007763
v -0.194166 0.091366 0.053574
v -0.184448 0.119473 0.083937
v -0.166839 0.159767 0.092162
v -0.157645 0.198611 0.081776
v -0.154717 0.232565 0.061872
v -0.153082 0.264774 0.033185
v -0.152260 0.288166 -0.004952
v -0.148516 0.287932 -0.050647
v -0.142030 0.261657 -0.085941
v 0.134010 0.179244 -0.116088
v 0.138995 0.225191 -0.105358
v 0.141134 0.129039 -0.113585
v 0.186602 0.065956 -0.052790
v 0.176538 0.078313 -0.077466
v 0.193065 0.066955 -0.028573
v 0.198431 0.075868 0.006020
v 0.197287 0.093756 0.052234
v 0.186766 0.121213 0.083231
v 0.169137 0.160573 0.091592
v 0.160734 0.198890 0.081904
v 0.158735 0.232394 0.062794
v 0.157820 0.264067 0.034691
v 0.156946 0.287542 -0.002973
v 0.152901 0.287877 -0.049010
v 0.146581 0.261564 -0.085175
v -0.156855 0.096901 -0.097145
v 0.160626 0.096511 -0.098731
v -0.137088 0.224627 -0.105912
v -0.132469 0.179063 -0.115590
v -0.139063 0.129571 -0.112440
v -0.174480 0.078860 -0.075028
v -0.183783 0.067219 -0.050781
v -0.189837 0.066468 -0.027540
v -0.195253 0.073767 0.007407
v -0.194646 0.092067 0.053206
v -0.185423 0.119493 0.082417
v -0.168756 0.160078 0.090379
v -0.158820 0.199591 0.080337
v -0.155911 0.233450 0.060513
v -0.154378 0.265545 0.031805
v -0.153968 0.288853 -0.007121
v -0.150135 0.287310 -0.052646
v -0.144351 0.261122 -0.086596
v 0.136360 0.178790 -0.116307
v 0.141522 0.224579 -0.105725
v 0.143230 0.129022 -0.113664
v 0.187848 0.067855 -0.052874
v 0.178151 0.079035 -0.077123
v 0.193783 0.067995 -0.029512
v 0.198950 0.076401 0.005745
v 0.197714 0.094438 0.051910
v 0.187784 0.121254 0.081665
v 0.171136 0.160899 0.089831
v 0.162321 0.199927 0.080425
v 0.160012 0.233308 0.061493
v 0.159158 0.264850 0.033376
v 0.158676 0.288251 -0.005135
v 0.154524 0.287275 -0.051042
v 0.148698 0.261084 -0.085765
v -0.158561 0.097196 -0.097167
v 0.162328 0.096868 -0.098761
v -0.106169 0.203185 0.091011
v -0.123271 0.228118 0.071414
v -0.131647 0.210793 0.082405
v -0.116816 0.179379 0.103110
v -0.119444 0.207066 0.086817
v -0.088985 0.182776 0.105596
v -0.086928 0.211116 0.088917
v -0.101546 0.227762 0.073962
v -0.092967 0.208215 0.089881
v -0.137716 0.163588 0.104398
v -0.139462 0.128783 0.115883
v -0.117993 0.144513 0.117215
v -0.128308 0.154739 0.110739
v -0.090259 0.148692 0.122018
v -0.063938 0.140535 0.130118
v -0.058280 0.181005 0.111601
v -0.074880 0.163767 0.117927
v -0.126754 0.091003 0.129142
v -0.104719 0.090867 0.138285
v -0.110312 0.121793 0.127814
v -0.073325 0.128861 -0.124554
v -0.051970 0.159690 -0.128981
v -0.039455 0.116557 -0.131072
v -0.061792 0.079467 -0.125392
v -0.057180 0.123690 -0.128201
v -0.081485 0.011204 -0.116229
v -0.105464 -0.084569 -0.104824
v -0.114166 -0.032973 -0.102919
v -0.096849 0.047209 -0.114314
v -0.099023 -0.011577 -0.109963
v -0.041713 0.009419 -0.123148
v -0.068121 -0.069962 -0.117162
v -0.062270 0.010697 -0.120211
v -0.086261 0.128858 -0.122384
v -0.086599 0.185185 -0.118964
v -0.072112 0.189871 -0.121407
v -0.081119 0.156407 -0.122337
v -0.111282 0.057117 -0.110273
v -0.103662 0.127383 -0.118776
v -0.100232 0.090538 -0.117531
v -0.024224 0.025821 0.163534
v 0.001031 0.089936 0.153937
v -0.009512 0.141163 0.135314
v -0.037150 0.095030 0.149530
v -0.017141 0.089768 0.153142
v -0.031258 0.155886 0.126835
v -0.069392 0.082322 0.148692
v -0.048805 0.119435 0.140516
v -0.112048 0.025885 0.132706
v -0.083868 -0.002051 0.150545
v -0.093327 0.047335 0.143352
v -0.097537 0.202657 -0.114372
v -0.094484 0.236475 -0.102776
v -0.086814 0.223590 -0.109141
v -0.091916 0.214154 -0.111902
v -0.099785 0.168823 -0.119286
v -0.109086 0.203919 -0.113285
v -0.103464 0.229587 -0.105601
v -0.103466 0.203523 -0.113852
v -0.114307 0.101733 -0.114208
v -0.112243 0.145357 -0.117541
v -0.108156 0.137124 -0.118190
v -0.070279 0.202400 -0.119500
v -0.062479 0.180259 -0.124541
v -0.079013 0.211116 -0.114747
v -0.070170 0.197940 -0.120239
v -0.090711 0.242528 -0.099248
v -0.085334 0.228926 -0.107037
v -0.086031 0.226962 -0.107622
v -0.005076 0.166202 0.124216
v -0.016614 0.158516 0.126615
v 0.001769 0.159367 0.127651
v -0.006986 0.158840 0.127500
v -0.004936 -1.030178 0.183245
v -0.031133 -1.005284 0.181566
v -0.043309 -1.033147 0.182123
v -0.023721 -1.047415 0.183620
v -0.027098 -1.032461 0.182948
v 0.002269 0.163537 -0.133742
v -0.017815 0.149330 -0.134288
v -0.035971 0.166374 -0.131581
v -0.015897 0.173627 -0.133334
v -0.016891 0.164715 -0.133664
v -0.026069 -1.046975 -0.176101
v -0.049466 -1.041795 -0.173414
v -0.027483 -1.025649 -0.174252
v 0.002355 -1.033972 -0.176821
v -0.027582 -1.038400 -0.175391
v -0.021399 0.171691 0.120077
v -0.039343 0.172317 0.117900
v -0.024596 0.167399 0.121850
v -0.136488 0.201352 -0.112184
v -0.138470 0.223090 -0.106303
v -0.134339 0.203090 -0.112042
v -0.133827 0.177472 -0.115563
v -0.135548 0.201484 -0.112277
v -0.134176 0.152988 -0.115601
v -0.140629 0.128498 -0.112096
v -0.136461 0.151570 -0.115305
v -0.135701 0.151636 -0.115402
v -0.019971 0.076466 -0.130794
v 0.001589 0.115309 -0.134129
v -0.019748 0.115652 -0.133338
v 0.001442 0.011200 -0.126713
v -0.023117 -0.062787 -0.122228
v -0.020296 0.011960 -0.125527
v -0.072442 0.196174 0.100652
v -0.051290 0.185060 0.109912
v -0.053734 0.184102 0.110245
v -0.083163 0.212343 0.088289
v -0.092357 0.228970 0.074109
v -0.084354 0.211925 0.088518
v -0.093113 0.240361 0.064323
v -0.096169 0.254090 0.051258
v -0.096883 0.240826 0.063675
v -0.094280 0.240154 0.064375
v -0.104253 0.256942 0.048015
v -0.110933 0.241523 0.061856
v -0.102406 0.240933 0.062994
v -0.096338 0.265174 0.039767
v -0.098743 0.278748 0.022422
v -0.099714 0.266601 0.038051
v -0.097467 0.265836 0.038958
v -0.105747 0.281277 0.017861
v -0.111530 0.270178 0.032943
v -0.104610 0.268582 0.035393
v -0.121400 0.284042 0.010955
v -0.129537 0.273638 0.026597
v -0.121748 0.259497 0.044197
v -0.120768 0.271752 0.030148
v -0.101656 0.291653 -0.004012
v -0.105892 0.294180 -0.034074
v -0.112549 0.292679 -0.010829
v -0.106333 0.292321 -0.007467
v -0.119766 0.292101 -0.039117
v -0.128638 0.292332 -0.017072
v -0.120868 0.292448 -0.013590
v -0.130086 0.290572 -0.042219
v -0.135582 0.292413 -0.020410
v -0.133641 0.285836 0.005428
v -0.132252 0.292335 -0.018706
v -0.111207 0.284058 -0.061388
v -0.114017 0.267919 -0.080674
v -0.123626 0.280185 -0.065335
v -0.117553 0.282303 -0.063137
v -0.122461 0.265174 -0.082291
v -0.129379 0.278847 -0.066952
v -0.126514 0.279465 -0.066115
v -0.127244 0.264213 -0.083092
v -0.133854 0.278513 -0.067907
v -0.135646 0.289931 -0.044619
v -0.131459 0.278891 -0.067103
v -0.114920 0.247657 -0.095408
v -0.112087 0.227193 -0.105583
v -0.120098 0.246971 -0.095310
v -0.117182 0.247394 -0.095308
v -0.117341 0.226416 -0.105263
v -0.124604 0.246845 -0.095315
v -0.121858 0.246961 -0.095298
v -0.109733 0.176093 -0.117146
v -0.113933 0.203694 -0.112326
v -0.111816 0.203720 -0.112754
v -0.113843 0.176818 -0.116253
v -0.118475 0.203739 -0.111794
v -0.115716 0.203738 -0.112114
v -0.119442 0.120308 -0.113561
v -0.115332 0.148870 -0.116497
v -0.113379 0.147860 -0.117064
v -0.122746 0.124576 -0.112887
v -0.119051 0.151389 -0.115911
v -0.117025 0.149415 -0.116169
v -0.128729 0.096011 -0.107237
v -0.139722 0.077393 -0.098005
v -0.132069 0.102971 -0.106285
v -0.130387 0.100225 -0.106698
v -0.142731 0.085083 -0.098011
v -0.135097 0.106297 -0.106020
v -0.132895 0.104701 -0.106351
v -0.147352 0.090900 -0.097572
v -0.140407 0.109400 -0.105490
v -0.127053 0.127145 -0.112566
v -0.137847 0.108215 -0.105742
v -0.151956 0.076438 -0.087459
v -0.160803 0.062653 -0.075108
v -0.155956 0.081880 -0.087137
v -0.153918 0.079328 -0.087294
v -0.165330 0.070709 -0.075051
v -0.159788 0.086273 -0.086862
v -0.157880 0.084060 -0.087020
v -0.175215 0.079430 -0.075083
v -0.179609 0.074089 -0.063792
v -0.184623 0.068491 -0.050501
v -0.181033 0.074207 -0.063366
v -0.180413 0.074102 -0.063385
v -0.187163 0.067637 -0.039770
v -0.190614 0.067775 -0.027319
v -0.188569 0.069434 -0.039582
v -0.187933 0.068565 -0.039449
v -0.193157 0.071491 -0.011293
v -0.195822 0.074075 0.007118
v -0.194424 0.072121 -0.010793
v -0.193735 0.071813 -0.011522
v -0.196376 0.082838 0.028967
v -0.195361 0.092705 0.052606
v -0.197444 0.083299 0.029664
v -0.196873 0.083120 0.029774
v -0.191694 0.104240 0.069504
v -0.186185 0.119917 0.081732
v -0.192799 0.105582 0.069452
v -0.192045 0.105160 0.069875
v -0.176816 0.139609 0.089092
v -0.169255 0.161384 0.089686
v -0.178606 0.140181 0.087911
v -0.177696 0.139932 0.088400
v -0.163022 0.179842 0.087104
v -0.160177 0.199549 0.079812
v -0.165056 0.181121 0.085781
v -0.164276 0.179926 0.086499
v -0.157149 0.217183 0.071218
v -0.157055 0.234315 0.059463
v -0.159315 0.218022 0.069886
v -0.158158 0.217074 0.070855
v -0.155119 0.250232 0.047027
v -0.155524 0.266129 0.030741
v -0.157095 0.251694 0.045016
v -0.156210 0.250983 0.045968
v -0.154062 0.279593 0.013191
v -0.154965 0.288897 -0.008147
v -0.156161 0.280199 0.011248
v -0.155215 0.279899 0.012157
v -0.152313 0.291986 -0.031148
v -0.151138 0.286852 -0.053520
v -0.154442 0.291466 -0.033519
v -0.153468 0.291762 -0.032068
v -0.147145 0.275305 -0.072784
v -0.145570 0.260108 -0.087329
v -0.149334 0.274341 -0.073659
v -0.148328 0.274545 -0.073615
v -0.140790 0.243552 -0.097701
v -0.143036 0.242101 -0.098293
v -0.142198 0.243233 -0.097836
v -0.142938 0.276170 0.021556
v -0.140840 0.262419 0.038978
v -0.136998 0.275290 0.023606
v -0.139747 0.286428 0.003422
v -0.139953 0.275768 0.022620
v -0.140876 0.292522 -0.022263
v -0.138211 0.292465 -0.021313
v -0.144109 0.246339 0.054010
v -0.142691 0.230265 0.067299
v -0.138980 0.245811 0.055285
v -0.141262 0.245697 0.055123
v -0.136893 0.229632 0.068638
v -0.130621 0.243504 0.058268
v -0.134557 0.261231 0.041029
v -0.135494 0.245182 0.056360
v -0.133741 0.274810 0.024660
v -0.146059 0.213949 0.077722
v -0.144479 0.193242 0.089837
v -0.141249 0.212802 0.079410
v -0.144233 0.212746 0.078894
v -0.136216 0.188774 0.094098
v -0.137296 0.211689 0.080825
v -0.151495 0.172493 0.096567
v -0.154889 0.149104 0.103483
v -0.146986 0.168754 0.099628
v -0.149200 0.171396 0.097906
v -0.149731 0.143457 0.107373
v -0.142779 0.166156 0.101910
v -0.168153 0.130843 0.099363
v -0.175702 0.109716 0.093216
v -0.164673 0.125578 0.102965
v -0.166091 0.128458 0.101586
v -0.171284 0.103651 0.096448
v -0.158019 0.118824 0.107570
v -0.161962 0.121787 0.105070
v -0.180459 0.092207 0.079750
v -0.180561 0.073959 0.061775
v -0.175659 0.084094 0.081655
v -0.178156 0.088245 0.080697
v -0.173635 0.058995 0.062063
v -0.166906 0.061594 0.082264
v -0.163868 0.087895 0.101306
v -0.171866 0.074352 0.082056
v -0.148398 0.094905 0.115645
v -0.153856 0.107873 0.111177
v -0.164201 0.026408 0.060781
v -0.156050 0.019330 0.080791
v -0.153138 0.053012 0.101184
v -0.160971 0.042135 0.079144
v -0.136665 0.046336 0.117380
v -0.144498 0.071772 0.117889
v -0.160525 -0.032988 0.068268
v -0.152043 -0.064215 0.090938
v -0.141670 -0.005875 0.104502
v -0.152965 -0.018411 0.085850
v -0.125225 -0.039698 0.125286
v -0.127858 0.008767 0.120325
v -0.164837 -0.144245 0.076051
v -0.157368 -0.204092 0.100928
v -0.139962 -0.122720 0.113417
v -0.153503 -0.133401 0.095113
v -0.126272 -0.189421 0.136834
v -0.105026 -0.096980 0.145583
v -0.123606 -0.108973 0.130663
v -0.144579 -0.282113 0.125358
v -0.125194 -0.352155 0.147189
v -0.106796 -0.260251 0.154782
v -0.127054 -0.271947 0.141162
v -0.080806 -0.336545 0.169934
v -0.056789 -0.241702 0.177401
v -0.082522 -0.166412 0.163830
v -0.082615 -0.253196 0.167206
v -0.055131 -0.066141 0.168226
v -0.080372 -0.081844 0.159446
v -0.026283 -0.326815 0.182149
v 0.001666 -0.238323 0.185660
v -0.027114 -0.151654 0.179590
v -0.027203 -0.236667 0.183706
v 0.003419 -0.056752 0.176530
v -0.025029 -0.060648 0.174847
v -0.053753 -0.418008 0.177758
v -0.028194 -0.499534 0.180747
v 0.001716 -0.410471 0.182440
v -0.027500 -0.415092 0.181545
v -0.054523 -0.579977 0.174688
v -0.030095 -0.653185 0.175168
v 0.002210 -0.576648 0.178538
v -0.028067 -0.577832 0.178566
v -0.055361 -0.730608 0.171274
v -0.031178 -0.801764 0.177340
v -0.000545 -0.726613 0.173884
v -0.030429 -0.729426 0.174587
v -0.052031 -0.873557 0.176529
v -0.031327 -0.936696 0.178963
v -0.001021 -0.872126 0.178135
v -0.030226 -0.873988 0.179024
v -0.050853 -0.975724 0.178789
v -0.006467 -0.972555 0.180386
v -0.031214 -0.976177 0.180211
v -0.077747 -0.811190 0.170317
v -0.096996 -0.885114 0.168531
v -0.075522 -0.942086 0.174502
v -0.076262 -0.877531 0.172940
v -0.094457 -0.981649 0.172105
v -0.071111 -1.009912 0.177662
v -0.074489 -0.980066 0.175872
v -0.115053 -0.948724 0.165015
v -0.133966 -0.989566 0.160223
v -0.114682 -1.018343 0.168378
v -0.114729 -0.985221 0.166843
v -0.133577 -1.037299 0.162945
v -0.109878 -1.043313 0.170684
v -0.087562 -1.032501 0.175820
v -0.112498 -1.035342 0.169798
v -0.061467 -1.045978 0.180433
v -0.066985 -1.033453 0.179379
v -0.150069 -1.026044 0.154836
v -0.162084 -1.035126 0.148610
v -0.147348 -1.041126 0.156932
v -0.148354 -1.036473 0.156264
v -0.183455 -1.021196 0.131962
v -0.200280 -1.031948 0.116537
v -0.182117 -1.039534 0.134914
v -0.182603 -1.032950 0.134015
v -0.213059 -1.024637 0.097161
v -0.225355 -1.038337 0.076332
v -0.214156 -1.041173 0.098583
v -0.214285 -1.034868 0.097465
v -0.233226 -1.033547 0.050047
v -0.238855 -1.042459 0.021521
v -0.234527 -1.044575 0.050218
v -0.234158 -1.040504 0.050181
v -0.237553 -1.034871 -0.007434
v -0.231165 -1.041413 -0.037724
v -0.238387 -1.045037 -0.008766
v -0.238149 -1.041947 -0.008748
v -0.218188 -1.032361 -0.064245
v -0.201090 -1.040025 -0.089803
v -0.218692 -1.045017 -0.064689
v -0.218609 -1.040678 -0.064574
v -0.181295 -1.030672 -0.110309
v -0.156645 -1.040848 -0.131251
v -0.180509 -1.045843 -0.111980
v -0.180522 -1.040101 -0.111782
v -0.132443 -1.032090 -0.145719
v -0.104942 -1.042634 -0.159091
v -0.131149 -1.047171 -0.147251
v -0.131196 -1.042189 -0.147049
v -0.078645 -1.031732 -0.166739
v -0.076986 -1.048235 -0.168211
v -0.077110 -1.042236 -0.167952
v -0.107573 -1.003323 -0.155284
v -0.084793 -0.971810 -0.160578
v -0.053930 -1.000208 -0.169375
v -0.081370 -1.001992 -0.163776
v -0.159644 -1.005303 -0.126565
v -0.137519 -0.976419 -0.138639
v -0.134735 -1.003303 -0.142484
v -0.160566 -0.931631 -0.119192
v -0.137436 -0.873927 -0.131092
v -0.111409 -0.922588 -0.148163
v -0.137750 -0.928990 -0.134891
v -0.201400 -1.004608 -0.085677
v -0.182209 -0.979981 -0.104165
v -0.182635 -1.003746 -0.106568
v -0.198787 -0.936911 -0.080548
v -0.180241 -0.885024 -0.097293
v -0.181739 -0.934516 -0.100243
v -0.193141 -0.819322 -0.076831
v -0.172992 -0.736165 -0.094041
v -0.157165 -0.810723 -0.112669
v -0.176403 -0.815296 -0.095784
v -0.215986 -0.982997 -0.059905
v -0.223302 -0.941110 -0.034601
v -0.209390 -0.890987 -0.058475
v -0.212861 -0.939028 -0.058767
v -0.214923 -0.822282 -0.036985
v -0.200744 -0.741430 -0.059333
v -0.205458 -0.819132 -0.057950
v -0.206599 -0.661337 -0.040910
v -0.193080 -0.568746 -0.060373
v -0.184625 -0.656278 -0.076668
v -0.197091 -0.657094 -0.059414
v -0.224544 -0.889088 -0.013806
v -0.221947 -0.819216 0.006922
v -0.216042 -0.739915 -0.019665
v -0.220292 -0.821003 -0.015934
v -0.215713 -0.654554 -0.001061
v -0.208672 -0.568792 -0.025232
v -0.212766 -0.656234 -0.021523
v -0.208252 -0.487029 -0.007939
v -0.200455 -0.400056 -0.028158
v -0.198114 -0.488529 -0.044480
v -0.204553 -0.484042 -0.026832
v -0.217317 -0.731421 0.022443
v -0.211848 -0.648497 0.039675
v -0.211902 -0.564521 0.015128
v -0.215380 -0.652000 0.018696
v -0.206642 -0.481228 0.029614
v -0.204956 -0.396711 0.005832
v -0.208755 -0.480177 0.010380
v -0.198472 -0.314934 0.017993
v -0.191720 -0.241560 -0.005201
v -0.198236 -0.321825 -0.015351
v -0.199486 -0.319813 0.001127
v -0.203588 -0.556704 0.053162
v -0.195114 -0.472392 0.066906
v -0.199348 -0.387837 0.042571
v -0.202168 -0.476334 0.047661
v -0.189785 -0.308510 0.054029
v -0.188854 -0.233476 0.028105
v -0.195231 -0.311233 0.035709
v -0.179755 -0.164378 0.037609
v -0.175163 -0.115712 0.014954
v -0.185619 -0.183696 0.004064
v -0.183244 -0.171709 0.020597
v -0.184328 -0.383041 0.080311
v -0.171878 -0.297603 0.090612
v -0.177485 -0.219254 0.063614
v -0.181858 -0.301444 0.072274
v -0.167567 -0.089558 0.051463
v -0.173504 -0.153768 0.056453
v -0.185770 -0.544867 0.091101
v -0.173887 -0.457398 0.103798
v -0.185679 -0.463579 0.085678
v -0.159300 -0.535120 0.125121
v -0.143067 -0.444069 0.136733
v -0.159884 -0.366115 0.115540
v -0.160001 -0.452334 0.120734
v -0.158917 -0.287351 0.108769
v -0.174443 -0.623534 0.111069
v -0.158674 -0.691117 0.127742
v -0.142363 -0.607794 0.140683
v -0.159776 -0.617246 0.126456
v -0.123598 -0.677237 0.150700
v -0.102376 -0.591182 0.161656
v -0.123311 -0.516012 0.152179
v -0.123891 -0.600864 0.151973
v -0.103617 -0.428868 0.160993
v -0.124925 -0.435952 0.149660
v -0.079315 -0.665708 0.166136
v -0.078325 -0.505120 0.170383
v -0.079156 -0.587149 0.169033
v -0.080252 -0.422866 0.170446
v -0.139953 -0.761338 0.144596
v -0.120354 -0.826229 0.157909
v -0.100281 -0.748366 0.161477
v -0.122079 -0.754201 0.153612
v -0.078286 -0.740424 0.167037
v -0.172365 -0.774493 0.119382
v -0.157478 -0.839010 0.137413
v -0.157961 -0.770372 0.132341
v -0.170438 -0.904100 0.131702
v -0.151555 -0.953573 0.149087
v -0.134523 -0.897242 0.155181
v -0.153967 -0.899874 0.144202
v -0.117523 -0.889288 0.162115
v -0.186931 -0.852782 0.109019
v -0.198569 -0.912468 0.100313
v -0.185136 -0.958920 0.122924
v -0.185794 -0.907148 0.116425
v -0.200121 -0.992768 0.110497
v -0.167424 -0.989949 0.141653
v -0.184542 -0.990978 0.127564
v -0.151435 -0.989551 0.151776
v -0.209164 -0.866534 0.074370
v -0.219455 -0.926740 0.061003
v -0.211233 -0.967402 0.088268
v -0.210122 -0.918235 0.081514
v -0.223232 -1.001317 0.071272
v -0.212577 -0.995881 0.092358
v -0.223286 -0.882277 0.032743
v -0.229493 -0.939013 0.014947
v -0.229017 -0.979989 0.043655
v -0.225866 -0.931591 0.039288
v -0.235713 -1.008223 0.020064
v -0.231222 -1.004168 0.046718
v -0.232545 -0.983862 -0.008552
v -0.228590 -0.940206 -0.011263
v -0.228855 -1.007023 -0.036455
v -0.235198 -1.006583 -0.007608
v -0.215034 -0.806402 0.048553
v -0.220061 -0.813187 0.027301
v -0.197657 -0.791537 0.087074
v -0.206044 -0.720017 0.062399
v -0.207821 -0.799368 0.067721
v -0.197445 -0.634369 0.077096
v -0.206069 -0.640207 0.058013
v -0.186254 -0.706321 0.097080
v -0.186657 -0.783397 0.103057
v -0.186552 -0.629365 0.095219
v -0.173086 -0.094522 -0.003169
v -0.168896 -0.050561 -0.024973
v -0.168428 -0.094374 -0.032901
v -0.176239 -0.129161 -0.016441
v -0.170998 -0.091495 -0.019005
v -0.183227 -0.186747 -0.026142
v -0.184833 -0.183019 -0.011727
v -0.170833 -0.065146 0.029456
v -0.170127 -0.035916 0.005622
v -0.172611 -0.079572 0.012636
v -0.168874 0.002410 0.018762
v -0.169770 0.020150 -0.002664
v -0.168480 -0.019348 -0.014487
v -0.168941 -0.006499 0.000569
v -0.166524 -0.006309 0.040726
v -0.166623 -0.047351 0.048335
v -0.171942 0.040270 0.037006
v -0.167880 0.018842 0.037991
v -0.168819 0.026820 -0.020736
v -0.168461 0.043285 -0.035865
v -0.162656 0.023298 -0.046974
v -0.165586 0.007317 -0.032846
v -0.166065 0.026093 -0.034187
v -0.164044 -0.023524 -0.043008
v -0.166653 -0.021419 -0.029386
v -0.174015 0.041831 0.014826
v -0.175678 0.052642 -0.006289
v -0.172044 0.037330 -0.004281
v -0.179900 0.057377 0.013243
v -0.180121 0.060682 -0.008054
v -0.173216 0.047303 -0.023047
v -0.177680 0.056377 -0.007084
v -0.180396 0.065480 0.036240
v -0.176363 0.054682 0.036444
v -0.185084 0.073768 0.033680
v -0.182747 0.069618 0.034386
v -0.177802 0.053133 -0.023651
v -0.176895 0.054851 -0.037597
v -0.170825 0.050049 -0.048620
v -0.172512 0.050133 -0.036698
v -0.174721 0.052562 -0.037238
v -0.166247 0.044354 -0.048387
v -0.170091 0.046233 -0.036277
v -0.184511 0.064191 0.011693
v -0.184176 0.065378 -0.009015
v -0.182085 0.062658 -0.008800
v -0.169450 0.063808 -0.063457
v -0.164805 0.057454 -0.063285
v -0.167314 0.060694 -0.063171
v -0.156360 0.056099 -0.074719
v -0.160787 0.049562 -0.062404
v -0.162516 0.053692 -0.062821
v -0.147831 0.064981 -0.087736
v -0.149432 0.070095 -0.087870
v -0.135674 0.058566 -0.096683
v -0.142504 0.032418 -0.085028
v -0.151639 0.035614 -0.073596
v -0.145236 0.051922 -0.086017
v -0.157138 0.015512 -0.060456
v -0.158003 0.034159 -0.061126
v -0.133038 0.013122 -0.093117
v -0.144928 -0.024136 -0.080684
v -0.151762 -0.009501 -0.071461
v -0.142923 0.006903 -0.083203
v -0.160594 -0.041537 -0.054405
v -0.158453 -0.013112 -0.057980
v -0.139761 -0.062762 -0.084419
v -0.153350 -0.111965 -0.068374
v -0.157465 -0.079152 -0.060381
v -0.149285 -0.067905 -0.073512
v -0.168183 -0.121925 -0.044047
v -0.163603 -0.084240 -0.046872
v -0.154021 -0.173681 -0.078507
v -0.172190 -0.238880 -0.063369
v -0.172527 -0.179029 -0.054321
v -0.163764 -0.174223 -0.067294
v -0.186178 -0.239032 -0.035632
v -0.178393 -0.179727 -0.040908
v -0.169357 -0.320494 -0.073417
v -0.185134 -0.402516 -0.060092
v -0.188521 -0.321694 -0.046616
v -0.179659 -0.319405 -0.061066
v -0.194412 -0.318183 -0.031214
v -0.149532 -0.238458 -0.086811
v -0.139558 -0.320217 -0.097562
v -0.159281 -0.400654 -0.087275
v -0.155333 -0.320479 -0.086166
v -0.144764 -0.483436 -0.102766
v -0.164621 -0.564911 -0.092142
v -0.177374 -0.485341 -0.075250
v -0.161868 -0.482269 -0.089971
v -0.188727 -0.487365 -0.060948
v -0.123111 -0.396970 -0.110761
v -0.101765 -0.476523 -0.124930
v -0.124550 -0.559140 -0.118799
v -0.124314 -0.479933 -0.114712
v -0.104202 -0.642647 -0.132755
v -0.131184 -0.724262 -0.124929
v -0.150326 -0.648402 -0.107501
v -0.127754 -0.645826 -0.121587
v -0.169301 -0.654814 -0.092458
v -0.076466 -0.553667 -0.137677
v -0.050691 -0.634803 -0.147421
v -0.080515 -0.716162 -0.146059
v -0.077540 -0.636732 -0.141644
v -0.055467 -0.790350 -0.156742
v -0.085118 -0.865265 -0.154241
v -0.108562 -0.797566 -0.141396
v -0.082592 -0.795004 -0.150744
v -0.134071 -0.801596 -0.128297
v -0.026445 -0.714049 -0.155104
v 0.005702 -0.790220 -0.161845
v -0.028764 -0.860576 -0.164142
v -0.027740 -0.789290 -0.159938
v 0.007324 -0.914142 -0.169000
v -0.029714 -0.966888 -0.169698
v -0.057694 -0.920172 -0.163778
v -0.030032 -0.915779 -0.166998
v -0.084563 -0.922360 -0.157758
v 0.006977 -0.996631 -0.174107
v -0.028890 -0.998341 -0.171973
v -0.023596 -0.550681 -0.146191
v 0.003370 -0.632740 -0.151490
v -0.024399 -0.634548 -0.150392
v -0.050820 -0.469192 -0.138617
v -0.025212 -0.385209 -0.137376
v 0.004171 -0.468092 -0.142744
v -0.024509 -0.469983 -0.141690
v -0.051263 -0.305912 -0.131406
v -0.025338 -0.221241 -0.131977
v 0.002457 -0.303984 -0.135517
v -0.025345 -0.306143 -0.134518
v -0.048914 -0.140687 -0.125453
v 0.001323 -0.140352 -0.128948
v -0.025134 -0.142577 -0.128175
v -0.077606 -0.389373 -0.128566
v -0.100287 -0.310618 -0.117851
v -0.074925 -0.226560 -0.124363
v -0.075952 -0.310878 -0.125996
v -0.093889 -0.148339 -0.114406
v -0.072520 -0.147886 -0.121426
v -0.116767 -0.236028 -0.108281
v -0.120396 -0.315154 -0.108675
v -0.128462 -0.163041 -0.097979
v -0.111326 -0.157132 -0.107414
v -0.076241 -0.473419 -0.133307
v -0.133014 -0.101897 -0.087909
v -0.141809 -0.168389 -0.088838
v -0.123483 0.001707 -0.099439
v -0.128245 -0.046652 -0.094368
v -0.123980 0.065202 -0.105652
v -0.122472 0.035440 -0.101996
v -0.127124 0.081004 -0.106489
v -0.184966 0.081111 0.059664
v -0.188618 0.078407 0.032594
v -0.186990 0.076787 0.033398
v -0.217389 -1.005839 -0.061880
v -0.184041 0.097746 0.076281
v -0.182392 0.095109 0.078003
v -0.103140 0.251574 -0.093848
v -0.108997 0.249836 -0.094668
v -0.100868 0.286490 -0.057977
v -0.102752 0.271912 -0.077316
v -0.105131 0.285214 -0.059933
v -0.095764 0.257077 -0.089827
v -0.098792 0.254527 -0.091849
v -0.099678 0.294839 -0.030561
v -0.097964 0.287564 -0.056244
v -0.097228 0.274033 -0.074859
v -0.098995 0.287001 -0.057004
v -0.093819 0.260159 -0.087551
v -0.094380 0.258274 -0.088795
v -0.098669 0.290996 -0.001449
v -0.099765 0.291389 -0.003045
v -0.121244 0.242629 0.060112
v -0.048273 0.183663 -0.128073
v -0.049584 0.174653 -0.128429
v 0.119549 0.179570 0.102948
v 0.135917 0.210657 0.082595
v 0.127335 0.227882 0.072286
v 0.109526 0.203014 0.091388
v 0.122892 0.207119 0.087070
v 0.105322 0.227291 0.074915
v 0.090346 0.210895 0.089340
v 0.091813 0.182456 0.105748
v 0.096795 0.207538 0.090418
v 0.120251 0.144751 0.116910
v 0.141550 0.129531 0.115449
v 0.139890 0.164047 0.103904
v 0.130495 0.155209 0.110261
v 0.061260 0.180511 0.111695
v 0.066016 0.139870 0.129892
v 0.092398 0.148336 0.121859
v 0.077416 0.163232 0.117957
v 0.107444 0.089936 0.138686
v 0.130256 0.090208 0.129773
v 0.112556 0.121664 0.127733
v 0.066006 0.078453 -0.126645
v 0.044662 0.116098 -0.131420
v 0.056170 0.158712 -0.128972
v 0.077617 0.127800 -0.125362
v 0.061344 0.122728 -0.128907
v 0.102069 0.047938 -0.116283
v 0.118722 -0.033562 -0.105387
v 0.109691 -0.084302 -0.107369
v 0.086207 0.009958 -0.117898
v 0.102888 -0.012295 -0.112393
v 0.071864 -0.070261 -0.118666
v 0.045511 0.008547 -0.124375
v 0.066606 0.009645 -0.121721
v 0.076484 0.188925 -0.121477
v 0.090927 0.184330 -0.119335
v 0.090560 0.127871 -0.123307
v 0.085392 0.155333 -0.122993
v 0.108054 0.126514 -0.119896
v 0.116157 0.055617 -0.112267
v 0.104993 0.089374 -0.118991
v 0.038967 0.094007 0.149099
v 0.012996 0.140899 0.135118
v 0.028524 0.025398 0.162458
v 0.020295 0.089254 0.152598
v 0.071533 0.081118 0.148422
v 0.034074 0.155265 0.126816
v 0.050654 0.118596 0.140182
v 0.088591 -0.002961 0.148033
v 0.114421 0.022084 0.130005
v 0.095711 0.045751 0.141127
v 0.091580 0.222775 -0.108824
v 0.099407 0.235723 -0.102301
v 0.103053 0.202562 -0.114167
v 0.096546 0.213395 -0.111774
v 0.108337 0.229011 -0.105220
v 0.113639 0.203542 -0.113346
v 0.104013 0.168119 -0.119938
v 0.108030 0.202976 -0.113889
v 0.116491 0.144716 -0.118548
v 0.119111 0.100938 -0.115543
v 0.112484 0.136351 -0.119236
v 0.083656 0.210249 -0.114567
v 0.066821 0.179217 -0.124426
v 0.074805 0.201548 -0.119285
v 0.074657 0.197035 -0.120122
v 0.090294 0.228092 -0.106648
v 0.095927 0.241742 -0.098758
v 0.090930 0.226123 -0.107258
v 0.019744 0.158017 0.126571
v 0.008538 0.165937 0.124177
v 0.010305 0.158525 0.127444
v 0.014491 -1.048197 0.184553
v 0.034022 -1.034445 0.183189
v 0.021306 -1.008486 0.182508
v 0.019008 -1.033475 0.183906
v 0.020353 0.172968 -0.132881
v 0.040237 0.165539 -0.131145
v 0.021730 0.148720 -0.134173
v 0.021167 0.164066 -0.133315
v 0.031811 -1.025123 -0.176052
v 0.052450 -1.042023 -0.175486
v 0.029052 -1.046418 -0.178121
v 0.030580 -1.038830 -0.177441
v 0.042390 0.171743 0.117999
v 0.024599 0.171231 0.120094
v 0.027722 0.166895 0.121858
v 0.137698 0.177212 -0.116294
v 0.138510 0.202982 -0.112258
v 0.142887 0.223076 -0.106112
v 0.140624 0.201276 -0.112406
v 0.139695 0.201395 -0.112506
v 0.140291 0.151038 -0.116364
v 0.144813 0.128004 -0.113308
v 0.138011 0.152422 -0.116675
v 0.139533 0.151105 -0.116460
v 0.022977 0.076124 -0.131428
v 0.023131 0.115284 -0.133631
v 0.026175 -0.063091 -0.122702
v 0.023537 0.011315 -0.126337
v 0.054348 0.184601 0.110089
v 0.075640 0.195902 0.100775
v 0.056769 0.183655 0.110407
v 0.096295 0.228653 0.074926
v 0.086708 0.212173 0.088606
v 0.087865 0.211743 0.088874
v 0.101139 0.240357 0.064849
v 0.101043 0.253644 0.052716
v 0.097523 0.239937 0.065389
v 0.098635 0.239737 0.065474
v 0.115434 0.240919 0.063146
v 0.108976 0.256298 0.049670
v 0.106675 0.240375 0.064299
v 0.104707 0.266007 0.039809
v 0.104138 0.278198 0.024440
v 0.101614 0.264646 0.041418
v 0.102642 0.265313 0.040635
v 0.117246 0.269207 0.035004
v 0.110748 0.280614 0.020193
v 0.109527 0.267868 0.037354
v 0.126761 0.258800 0.045830
v 0.134506 0.272900 0.028504
v 0.126515 0.283277 0.013343
v 0.125925 0.270947 0.032127
v 0.117654 0.292076 -0.008242
v 0.110831 0.293965 -0.031912
v 0.107100 0.291265 -0.001603
v 0.111470 0.291847 -0.004953
v 0.133548 0.291873 -0.014820
v 0.124750 0.291842 -0.036888
v 0.125942 0.291872 -0.011118
v 0.138504 0.285193 0.007574
v 0.140274 0.292038 -0.018349
v 0.134791 0.290504 -0.040355
v 0.137049 0.291928 -0.016547
v 0.128310 0.280146 -0.063797
v 0.118866 0.267653 -0.079440
v 0.116084 0.283814 -0.059543
v 0.122363 0.282117 -0.061355
v 0.133871 0.278894 -0.065682
v 0.127167 0.265155 -0.081421
v 0.131106 0.279504 -0.064746
v 0.140177 0.289919 -0.042948
v 0.138213 0.278574 -0.066693
v 0.131780 0.264196 -0.082384
v 0.135872 0.278956 -0.065861
v 0.124922 0.246800 -0.095003
v 0.116918 0.226897 -0.105478
v 0.119869 0.247382 -0.094860
v 0.122091 0.247206 -0.094909
v 0.129281 0.246685 -0.095044
v 0.122045 0.226106 -0.105263
v 0.126598 0.246764 -0.095030
v 0.118455 0.203365 -0.112640
v 0.113944 0.175684 -0.117830
v 0.116362 0.203439 -0.112966
v 0.122851 0.203395 -0.112174
v 0.117925 0.176279 -0.117069
v 0.120156 0.203386 -0.112451
v 0.119387 0.148075 -0.117604
v 0.123987 0.119656 -0.114845
v 0.117534 0.147245 -0.118136
v 0.122974 0.150513 -0.117050
v 0.127079 0.123807 -0.114120
v 0.121463 0.148888 -0.117192
v 0.136470 0.102493 -0.107680
v 0.143910 0.077650 -0.099906
v 0.133339 0.095465 -0.108729
v 0.134884 0.099737 -0.108153
v 0.139610 0.106374 -0.107351
v 0.146676 0.084233 -0.099750
v 0.137483 0.104855 -0.107693
v 0.131290 0.126375 -0.113802
v 0.144611 0.108913 -0.106835
v 0.151203 0.090192 -0.099234
v 0.142107 0.107695 -0.107096
v 0.159601 0.081363 -0.089079
v 0.164791 0.062052 -0.077480
v 0.155661 0.075778 -0.089509
v 0.157584 0.078748 -0.089285
v 0.163394 0.085843 -0.088731
v 0.168583 0.068801 -0.077599
v 0.161490 0.083580 -0.088900
v 0.184870 0.074893 -0.065569
v 0.188639 0.069297 -0.052624
v 0.183430 0.074544 -0.065953
v 0.178845 0.079641 -0.077173
v 0.184252 0.074798 -0.065574
v 0.192486 0.071121 -0.041739
v 0.194520 0.069868 -0.029395
v 0.191144 0.068895 -0.041841
v 0.191723 0.069952 -0.042129
v 0.198150 0.074558 -0.012706
v 0.199513 0.076710 0.005465
v 0.196879 0.073918 -0.013196
v 0.197445 0.074234 -0.013470
v 0.200834 0.085910 0.028222
v 0.198363 0.094866 0.051401
v 0.199727 0.085266 0.027553
v 0.200260 0.085735 0.028336
v 0.195514 0.107617 0.068357
v 0.188582 0.121673 0.080960
v 0.194424 0.106300 0.068421
v 0.195109 0.106717 0.067812
v 0.180841 0.141513 0.087330
v 0.172312 0.161166 0.089114
v 0.179619 0.140098 0.088152
v 0.179783 0.141132 0.087969
v 0.167915 0.181642 0.085622
v 0.163393 0.199867 0.080007
v 0.166074 0.180437 0.086799
v 0.167089 0.180465 0.086328
v 0.163000 0.218093 0.070543
v 0.161206 0.234160 0.060473
v 0.160725 0.217281 0.071791
v 0.161780 0.217187 0.071467
v 0.161710 0.251263 0.046359
v 0.160319 0.265422 0.032317
v 0.159660 0.249809 0.048328
v 0.160792 0.250551 0.047286
v 0.160963 0.279466 0.013124
v 0.159688 0.288303 -0.006151
v 0.158853 0.278857 0.015071
v 0.160009 0.279169 0.014031
v 0.159022 0.291190 -0.031652
v 0.155534 0.286811 -0.051914
v 0.156886 0.291691 -0.029232
v 0.158058 0.291488 -0.030193
v 0.153588 0.274376 -0.072429
v 0.149927 0.260085 -0.086508
v 0.151406 0.275321 -0.071558
v 0.152585 0.274573 -0.072387
v 0.147514 0.242050 -0.097814
v 0.145273 0.243480 -0.097246
v 0.146686 0.243177 -0.097354
v 0.144474 0.285814 0.005475
v 0.142448 0.274471 0.025430
v 0.145560 0.261786 0.040473
v 0.147712 0.275475 0.023388
v 0.144745 0.275041 0.024428
v 0.145496 0.292201 -0.020273
v 0.142857 0.292113 -0.019298
v 0.143338 0.245394 0.056454
v 0.147284 0.229988 0.068067
v 0.148483 0.245955 0.055243
v 0.145612 0.245306 0.056284
v 0.139313 0.260582 0.042549
v 0.135014 0.243134 0.059379
v 0.140759 0.229440 0.069455
v 0.139859 0.244769 0.057507
v 0.138613 0.274076 0.026506
v 0.144461 0.212879 0.079835
v 0.147325 0.193526 0.089838
v 0.149402 0.214037 0.078189
v 0.147571 0.212864 0.079323
v 0.140029 0.189462 0.093343
v 0.140588 0.211743 0.081205
v 0.149271 0.169238 0.099114
v 0.156819 0.149933 0.102817
v 0.153839 0.172924 0.096124
v 0.151546 0.171885 0.097479
v 0.151614 0.144256 0.106736
v 0.145024 0.166616 0.101414
v 0.166742 0.126832 0.102309
v 0.177984 0.110387 0.093054
v 0.170146 0.132103 0.098724
v 0.169231 0.129382 0.100013
v 0.160307 0.119882 0.107057
v 0.173814 0.103957 0.096337
v 0.164157 0.122949 0.104519
v 0.179174 0.085401 0.080131
v 0.184421 0.075559 0.060086
v 0.184283 0.094064 0.076961
v 0.181517 0.089746 0.079316
v 0.167628 0.088374 0.100316
v 0.170157 0.060423 0.080271
v 0.177604 0.059706 0.060050
v 0.175238 0.073940 0.080629
v 0.152188 0.095005 0.115638
v 0.156730 0.108674 0.110849
v 0.156299 0.052103 0.098329
v 0.159150 0.018194 0.076467
v 0.167092 0.026042 0.058022
v 0.164266 0.041650 0.076632
v 0.139030 0.045030 0.114203
v 0.148484 0.070483 0.116865
v 0.145489 -0.006663 0.100338
v 0.157572 -0.067262 0.087510
v 0.164528 -0.033282 0.063972
v 0.156897 -0.018884 0.081481
v 0.129274 -0.042239 0.122320
v 0.131297 0.007559 0.116599
v 0.145890 -0.122436 0.110406
v 0.164155 -0.207126 0.098460
v 0.171749 -0.143318 0.073322
v 0.160003 -0.132901 0.092310
v 0.110668 -0.096630 0.142567
v 0.131721 -0.188909 0.134285
v 0.129345 -0.108666 0.127354
v 0.111295 -0.258978 0.153707
v 0.129453 -0.350590 0.145492
v 0.149959 -0.280523 0.122795
v 0.132042 -0.270551 0.139037
v 0.087102 -0.166296 0.163854
v 0.060441 -0.241298 0.177304
v 0.084063 -0.335260 0.170062
v 0.086375 -0.252142 0.166971
v 0.061170 -0.065956 0.166624
v 0.086053 -0.081561 0.157376
v 0.030599 -0.151747 0.179789
v 0.029561 -0.326606 0.182699
v 0.032039 -0.236923 0.183617
v 0.031452 -0.060477 0.173651
v 0.028369 -0.499342 0.180312
v 0.055564 -0.417355 0.177879
v 0.029547 -0.414732 0.181453
v 0.026140 -0.653167 0.173739
v 0.053356 -0.579956 0.174233
v 0.027797 -0.577773 0.177413
v 0.023923 -0.802464 0.175703
v 0.049753 -0.731665 0.170559
v 0.025641 -0.730194 0.173295
v 0.023156 -0.937846 0.179127
v 0.045154 -0.874610 0.175704
v 0.022350 -0.870764 0.177302
v 0.041700 -0.977146 0.179677
v 0.022710 -0.977415 0.180858
v 0.067209 -0.943695 0.175086
v 0.091418 -0.883196 0.168231
v 0.072107 -0.812691 0.169791
v 0.070097 -0.879036 0.172576
v 0.062703 -1.011770 0.179075
v 0.086333 -0.981295 0.173274
v 0.065725 -0.979350 0.176949
v 0.107482 -1.020699 0.170021
v 0.125977 -0.991767 0.161597
v 0.108223 -0.950748 0.165798
v 0.107356 -0.987553 0.168105
v 0.079872 -1.034562 0.177509
v 0.101581 -1.045582 0.172924
v 0.127118 -1.039379 0.164341
v 0.105443 -1.037635 0.171584
v 0.053043 -1.047550 0.181960
v 0.057263 -1.035173 0.181033
v 0.141551 -1.043057 0.157716
v 0.157125 -1.036930 0.148360
v 0.144356 -1.028040 0.155368
v 0.142547 -1.037748 0.156929
v 0.178525 -1.040837 0.133329
v 0.198418 -1.032914 0.113957
v 0.179212 -1.022500 0.130943
v 0.179130 -1.034270 0.132302
v 0.213571 -1.041960 0.095997
v 0.226061 -1.039078 0.074497
v 0.212888 -1.025459 0.094568
v 0.213881 -1.035663 0.094868
v 0.236005 -1.045331 0.049700
v 0.240617 -1.043105 0.023660
v 0.234905 -1.034244 0.049572
v 0.235716 -1.041232 0.049691
v 0.240606 -1.045594 -0.007166
v 0.233900 -1.041840 -0.036471
v 0.239867 -1.035551 -0.005775
v 0.240489 -1.042597 -0.005912
v 0.221950 -1.045079 -0.064612
v 0.204976 -1.039703 -0.091017
v 0.221569 -1.032422 -0.063963
v 0.221913 -1.040734 -0.064392
v 0.184812 -1.045185 -0.114168
v 0.161146 -1.040765 -0.133843
v 0.185604 -1.030066 -0.112541
v 0.184813 -1.040178 -0.114040
v 0.135564 -1.046346 -0.149649
v 0.107932 -1.041846 -0.161713
v 0.136911 -1.031233 -0.148081
v 0.135636 -1.040626 -0.149406
v 0.079870 -1.047580 -0.170514
v 0.082910 -1.031046 -0.168544
v 0.081404 -1.041592 -0.169838
v 0.058155 -0.999631 -0.170913
v 0.089079 -0.971003 -0.161990
v 0.111856 -1.002529 -0.157142
v 0.085551 -1.001301 -0.165392
v 0.140890 -0.975432 -0.141504
v 0.164236 -1.004507 -0.129068
v 0.139185 -1.002438 -0.144764
v 0.114888 -0.924716 -0.150411
v 0.141503 -0.872903 -0.134060
v 0.165692 -0.930700 -0.121461
v 0.141519 -0.927947 -0.137663
v 0.186903 -0.981663 -0.106162
v 0.205447 -1.004403 -0.086557
v 0.186115 -1.005078 -0.109745
v 0.184816 -0.884360 -0.099991
v 0.203417 -0.939514 -0.081428
v 0.186803 -0.933868 -0.101954
v 0.162737 -0.809851 -0.115192
v 0.178478 -0.735552 -0.096136
v 0.197831 -0.818921 -0.078416
v 0.182006 -0.814638 -0.097645
v 0.214274 -0.890963 -0.057401
v 0.227204 -0.941352 -0.032326
v 0.219716 -0.983054 -0.058980
v 0.217207 -0.939064 -0.057688
v 0.206075 -0.741212 -0.058930
v 0.219811 -0.822330 -0.034966
v 0.210665 -0.819008 -0.057019
v 0.189938 -0.656118 -0.077739
v 0.198097 -0.572992 -0.060872
v 0.211734 -0.661478 -0.039605
v 0.202330 -0.657118 -0.059179
v 0.220923 -0.739907 -0.017717
v 0.226703 -0.819330 0.008795
v 0.228817 -0.889290 -0.011232
v 0.225022 -0.821100 -0.013559
v 0.214021 -0.568748 -0.023213
v 0.220741 -0.659049 0.000538
v 0.217882 -0.660711 -0.019632
v 0.203362 -0.488139 -0.042751
v 0.205423 -0.399409 -0.027132
v 0.213568 -0.486463 -0.005683
v 0.209941 -0.488014 -0.024422
v 0.217422 -0.564506 0.015165
v 0.217168 -0.648823 0.037999
v 0.222046 -0.731484 0.023134
v 0.220379 -0.652160 0.019321
v 0.210550 -0.395802 0.007524
v 0.212325 -0.476748 0.029129
v 0.214203 -0.479684 0.011077
v 0.204080 -0.320709 -0.014007
v 0.198188 -0.240008 -0.004972
v 0.204800 -0.313576 0.018535
v 0.205576 -0.318549 0.002195
v 0.205646 -0.387196 0.041416
v 0.200746 -0.471610 0.065433
v 0.209051 -0.556440 0.052033
v 0.207829 -0.475598 0.047318
v 0.195720 -0.231933 0.027499
v 0.196372 -0.307278 0.052907
v 0.201794 -0.309923 0.035470
v 0.192053 -0.182201 0.003169
v 0.181317 -0.114518 0.013006
v 0.186451 -0.162923 0.035696
v 0.190226 -0.174023 0.019570
v 0.184761 -0.217927 0.061598
v 0.178138 -0.296176 0.088199
v 0.190330 -0.381822 0.078275
v 0.188392 -0.300149 0.070333
v 0.173335 -0.088945 0.048894
v 0.180391 -0.152511 0.054046
v 0.179043 -0.456495 0.100963
v 0.191306 -0.544967 0.086878
v 0.191219 -0.462714 0.083279
v 0.165242 -0.364549 0.112910
v 0.147014 -0.443098 0.134361
v 0.162899 -0.534992 0.121765
v 0.164566 -0.451365 0.117882
v 0.164856 -0.285804 0.106176
v 0.143705 -0.608399 0.137983
v 0.159591 -0.692251 0.124368
v 0.177911 -0.623972 0.107240
v 0.162249 -0.617804 0.122891
v 0.125354 -0.515920 0.150650
v 0.102003 -0.591642 0.160746
v 0.122129 -0.678438 0.149132
v 0.124335 -0.601460 0.150169
v 0.106254 -0.427863 0.160276
v 0.128231 -0.434920 0.148061
v 0.078932 -0.504845 0.170322
v 0.076103 -0.661932 0.166001
v 0.078123 -0.587479 0.168644
v 0.082512 -0.422027 0.170122
v 0.096196 -0.745654 0.160820
v 0.116757 -0.828020 0.157138
v 0.139315 -0.762888 0.141792
v 0.119147 -0.755966 0.152345
v 0.073300 -0.737414 0.166647
v 0.156666 -0.840771 0.135071
v 0.173668 -0.775708 0.115938
v 0.157866 -0.771913 0.129419
v 0.130838 -0.895813 0.154463
v 0.147240 -0.955665 0.148530
v 0.169950 -0.905940 0.129486
v 0.151808 -0.898432 0.142625
v 0.111795 -0.891240 0.162313
v 0.184231 -0.960456 0.120648
v 0.201058 -0.913637 0.097725
v 0.188322 -0.853456 0.106799
v 0.186963 -0.908652 0.113776
v 0.163204 -0.991739 0.140606
v 0.199444 -0.993883 0.107951
v 0.182053 -0.992415 0.125460
v 0.145908 -0.991598 0.151740
v 0.213210 -0.968404 0.086069
v 0.223279 -0.927273 0.060283
v 0.213213 -0.867158 0.072544
v 0.213070 -0.922116 0.080605
v 0.224911 -1.002057 0.069801
v 0.213325 -0.996834 0.089887
v 0.232133 -0.980702 0.043880
v 0.233228 -0.939369 0.016824
v 0.227728 -0.882562 0.033583
v 0.229977 -0.934989 0.039570
v 0.238152 -1.009149 0.022274
v 0.233623 -1.005029 0.046400
v 0.235693 -0.984320 -0.006168
v 0.232404 -0.940511 -0.007473
v 0.231956 -1.007427 -0.034685
v 0.238027 -1.007269 -0.005620
v 0.219770 -0.806522 0.048101
v 0.224914 -0.813293 0.028181
v 0.210676 -0.720273 0.060690
v 0.201363 -0.792053 0.084176
v 0.212198 -0.799609 0.065953
v 0.202273 -0.639030 0.074228
v 0.211102 -0.644709 0.056370
v 0.189521 -0.706974 0.093628
v 0.188604 -0.784005 0.100547
v 0.190821 -0.629684 0.091577
v 0.182196 -0.127999 -0.018767
v 0.174900 -0.096328 -0.034542
v 0.173741 -0.052689 -0.026751
v 0.178881 -0.092098 -0.006116
v 0.177306 -0.093553 -0.021033
v 0.189529 -0.188481 -0.027232
v 0.191620 -0.185488 -0.011978
v 0.173982 -0.035825 0.002838
v 0.175680 -0.064753 0.026516
v 0.178039 -0.078731 0.010432
v 0.172130 -0.020525 -0.017564
v 0.172833 0.020125 -0.004696
v 0.171627 0.002236 0.016102
v 0.172184 -0.008684 -0.001569
v 0.169369 -0.006611 0.037371
v 0.170786 -0.047399 0.044455
v 0.175521 0.040549 0.034661
v 0.170630 0.018603 0.035380
v 0.169104 0.005012 -0.034489
v 0.166535 0.021030 -0.048520
v 0.172378 0.042107 -0.038173
v 0.172298 0.026797 -0.022496
v 0.169782 0.025886 -0.035872
v 0.168312 -0.025998 -0.044948
v 0.170476 -0.021603 -0.031636
v 0.179762 0.052566 -0.008386
v 0.177756 0.042372 0.012799
v 0.175758 0.037741 -0.006218
v 0.177543 0.047968 -0.024901
v 0.184460 0.062441 -0.009981
v 0.184310 0.058776 0.011417
v 0.182059 0.057843 -0.009038
v 0.184636 0.067195 0.034381
v 0.180546 0.055692 0.034400
v 0.189146 0.076901 0.031698
v 0.186891 0.071625 0.032678
v 0.177041 0.050605 -0.038668
v 0.175357 0.050088 -0.050707
v 0.181401 0.055603 -0.039668
v 0.182271 0.054133 -0.025642
v 0.179250 0.053161 -0.039292
v 0.170447 0.042720 -0.050128
v 0.174472 0.046525 -0.038186
v 0.188374 0.068268 -0.011107
v 0.188839 0.066149 0.009952
v 0.186428 0.065491 -0.010948
v 0.169106 0.057249 -0.065639
v 0.173532 0.063938 -0.065779
v 0.171539 0.060697 -0.065499
v 0.164877 0.047891 -0.065119
v 0.160586 0.055311 -0.077168
v 0.166879 0.053366 -0.065192
v 0.151807 0.064025 -0.090132
v 0.153205 0.069269 -0.090063
v 0.156182 0.034391 -0.075799
v 0.146933 0.030788 -0.087200
v 0.140130 0.057144 -0.098968
v 0.149397 0.049037 -0.088414
v 0.161253 0.012697 -0.062200
v 0.162085 0.031820 -0.063551
v 0.155847 -0.010403 -0.073533
v 0.149330 -0.027197 -0.082840
v 0.137523 0.011498 -0.095172
v 0.147192 0.003403 -0.085165
v 0.165202 -0.044002 -0.056232
v 0.162478 -0.015747 -0.060579
v 0.162623 -0.078623 -0.062678
v 0.159324 -0.114771 -0.071443
v 0.144183 -0.062580 -0.087105
v 0.154097 -0.070520 -0.075669
v 0.174538 -0.124434 -0.046736
v 0.169259 -0.086464 -0.049359
v 0.177791 -0.178807 -0.056265
v 0.177233 -0.241539 -0.065094
v 0.158626 -0.176588 -0.081717
v 0.169444 -0.177286 -0.069213
v 0.192336 -0.241722 -0.036142
v 0.184493 -0.182432 -0.042257
v 0.194114 -0.324986 -0.045826
v 0.190027 -0.401774 -0.059510
v 0.173599 -0.323370 -0.075193
v 0.184400 -0.322465 -0.062026
v 0.200063 -0.321409 -0.030759
v 0.163038 -0.399543 -0.089488
v 0.142765 -0.318669 -0.100328
v 0.153218 -0.241053 -0.089806
v 0.158897 -0.318935 -0.088695
v 0.181888 -0.489240 -0.076681
v 0.170166 -0.569039 -0.094270
v 0.148815 -0.482657 -0.105526
v 0.166978 -0.481753 -0.091518
v 0.193937 -0.486966 -0.060235
v 0.129730 -0.558709 -0.121122
v 0.104191 -0.475832 -0.127089
v 0.125349 -0.395612 -0.113603
v 0.128176 -0.479255 -0.117187
v 0.155514 -0.648014 -0.110428
v 0.136306 -0.723675 -0.127440
v 0.107810 -0.641486 -0.135219
v 0.132840 -0.645425 -0.124288
v 0.173669 -0.654375 -0.095666
v 0.085196 -0.715880 -0.147351
v 0.055723 -0.634535 -0.148346
v 0.080235 -0.553342 -0.138859
v 0.082418 -0.636468 -0.142894
v 0.113615 -0.796751 -0.143141
v 0.088583 -0.864366 -0.155862
v 0.060171 -0.789764 -0.157886
v 0.087395 -0.794307 -0.152011
v 0.139492 -0.804704 -0.130776
v 0.033862 -0.859908 -0.165339
v 0.031446 -0.713873 -0.156325
v 0.032864 -0.788808 -0.161269
v 0.060848 -0.917954 -0.165110
v 0.034383 -0.966281 -0.171128
v 0.035057 -0.918289 -0.168348
v 0.089169 -0.921491 -0.158974
v 0.033369 -0.997818 -0.173614
v 0.028955 -0.550526 -0.146802
v 0.029791 -0.634263 -0.151522
v 0.029775 -0.385062 -0.137287
v 0.054349 -0.470532 -0.139036
v 0.029700 -0.469897 -0.141782
v 0.026216 -0.220892 -0.132091
v 0.053402 -0.306774 -0.131612
v 0.028922 -0.305841 -0.134383
v 0.051417 -0.140683 -0.125921
v 0.026018 -0.142606 -0.128416
v 0.076415 -0.225640 -0.125437
v 0.101585 -0.309131 -0.119985
v 0.079297 -0.388617 -0.129650
v 0.078184 -0.305433 -0.126777
v 0.096042 -0.147719 -0.116628
v 0.074099 -0.147471 -0.122754
v 0.119123 -0.234506 -0.110865
v 0.123241 -0.313672 -0.111111
v 0.131661 -0.162107 -0.101423
v 0.114924 -0.156578 -0.109896
v 0.079795 -0.473092 -0.134185
v 0.137785 -0.101330 -0.091330
v 0.145846 -0.171382 -0.092465
v 0.128118 0.000257 -0.101523
v 0.132124 -0.049232 -0.097303
v 0.128550 0.063753 -0.107637
v 0.127203 0.033688 -0.104114
v 0.131594 0.080004 -0.108102
v 0.192359 0.080804 0.031116
v 0.188608 0.083045 0.058199
v 0.190807 0.079167 0.031861
v 0.220921 -1.005951 -0.061233
v 0.187074 0.099533 0.075155
v 0.185524 0.096851 0.076778
v 0.108233 0.251005 -0.093120
v 0.114024 0.249375 -0.093942
v 0.107693 0.271555 -0.076076
v 0.106252 0.286205 -0.056322
v 0.110214 0.285328 -0.057595
v 0.100994 0.256501 -0.089077
v 0.103855 0.253937 -0.091078
v 0.102586 0.273640 -0.073692
v 0.103717 0.287239 -0.054637
v 0.105651 0.294569 -0.028462
v 0.104639 0.286688 -0.055387
v 0.099244 0.259576 -0.086752
v 0.099740 0.257682 -0.088036
v 0.104511 0.290597 0.000856
v 0.105470 0.290755 0.000055
v 0.125843 0.242192 0.061279
v 0.052662 0.182697 -0.127541
v 0.053914 0.173678 -0.128033
v -0.124497 0.203779 -0.111499
v -0.122876 0.226263 -0.105050
v -0.119698 0.178915 -0.115494
v -0.121231 0.203791 -0.111672
v -0.124951 0.152425 -0.115395
v -0.122159 0.152039 -0.115608
v -0.151883 0.094463 -0.097453
v -0.144554 0.110544 -0.105662
v -0.132502 0.128755 -0.112252
v -0.142672 0.109776 -0.105556
v -0.168685 0.075072 -0.075427
v -0.163183 0.087263 -0.087152
v -0.161642 0.086968 -0.087063
v -0.175118 0.056624 -0.049289
v -0.172923 0.070717 -0.063690
v -0.171147 0.067385 -0.063808
v -0.181896 0.058381 -0.024688
v -0.180662 0.062170 -0.038996
v -0.178969 0.058867 -0.038156
v -0.188239 0.068820 0.010561
v -0.187686 0.070023 -0.009954
v -0.185958 0.068266 -0.010072
v -0.188063 0.086152 0.058226
v -0.191772 0.082180 0.031711
v -0.190313 0.081032 0.031315
v -0.178453 0.114965 0.090238
v -0.186923 0.102383 0.074180
v -0.185074 0.100022 0.076014
v -0.158840 0.154149 0.099477
v -0.171757 0.136081 0.095185
v -0.169479 0.133983 0.097557
v -0.149593 0.195304 0.087151
v -0.155462 0.176983 0.093065
v -0.153840 0.175092 0.094491
v -0.146993 0.230930 0.065883
v -0.149756 0.214995 0.076158
v -0.148356 0.213905 0.077133
v -0.145555 0.262815 0.037615
v -0.148406 0.247728 0.052018
v -0.146432 0.247024 0.052950
v -0.144861 0.287223 0.000576
v -0.146895 0.277081 0.019533
v -0.145360 0.276572 0.020455
v -0.140742 0.289546 -0.046460
v -0.145372 0.292496 -0.024822
v -0.143183 0.292523 -0.023944
v -0.132389 0.263602 -0.083930
v -0.139224 0.277982 -0.068891
v -0.136674 0.278050 -0.068712
v -0.130665 0.245710 -0.095974
v -0.127513 0.245851 -0.095891
v 0.123678 0.178342 -0.116344
v 0.127492 0.225977 -0.105074
v 0.128766 0.203442 -0.111852
v 0.125558 0.203435 -0.112063
v 0.128794 0.151624 -0.116522
v 0.126037 0.151165 -0.116749
v 0.136694 0.128055 -0.113536
v 0.148711 0.110117 -0.106967
v 0.155697 0.093900 -0.099085
v 0.146977 0.109669 -0.106894
v 0.166812 0.087265 -0.088977
v 0.172275 0.074269 -0.077512
v 0.165229 0.086593 -0.088897
v 0.176767 0.070453 -0.065832
v 0.179529 0.056981 -0.051484
v 0.175132 0.067652 -0.066008
v 0.184871 0.062453 -0.040895
v 0.186271 0.059745 -0.026688
v 0.183344 0.059870 -0.040233
v 0.191580 0.072271 -0.011762
v 0.192366 0.071049 0.008926
v 0.189969 0.070450 -0.011847
v 0.195326 0.084694 0.030336
v 0.191496 0.088195 0.056826
v 0.193911 0.083490 0.029884
v 0.189785 0.104264 0.073123
v 0.180588 0.115788 0.090016
v 0.188030 0.101796 0.074902
v 0.173377 0.136832 0.095072
v 0.160890 0.154883 0.098854
v 0.172435 0.134752 0.096100
v 0.157941 0.177341 0.092728
v 0.152502 0.195490 0.087213
v 0.156262 0.175479 0.094116
v 0.153792 0.214921 0.076459
v 0.150885 0.230712 0.066761
v 0.151701 0.213926 0.077613
v 0.152803 0.247233 0.053232
v 0.150265 0.262124 0.039183
v 0.150814 0.246570 0.054192
v 0.152125 0.276221 0.021373
v 0.149554 0.286591 0.002659
v 0.150136 0.275812 0.022339
v 0.149966 0.292121 -0.022848
v 0.145206 0.289510 -0.044760
v 0.147781 0.292189 -0.021936
v 0.143530 0.277958 -0.067674
v 0.136835 0.263559 -0.083223
v 0.141010 0.278083 -0.067526
v 0.135260 0.245512 -0.095646
v 0.132168 0.245670 -0.095636
v -0.128902 0.203959 -0.111694
v -0.129120 0.225922 -0.105106
v -0.125216 0.179353 -0.115284
v -0.127025 0.203895 -0.111548
v -0.129307 0.153164 -0.115514
v -0.127455 0.152808 -0.115369
v -0.178635 0.061669 -0.050058
v -0.175853 0.071941 -0.064095
v -0.174402 0.071077 -0.063934
v -0.185327 0.062132 -0.026106
v -0.183875 0.064376 -0.039257
v -0.182438 0.063362 -0.038875
v -0.191581 0.071679 0.008974
v -0.190668 0.070899 -0.010848
v -0.189316 0.070576 -0.010427
v -0.191118 0.089370 0.057210
v -0.194451 0.082687 0.030594
v -0.193281 0.082559 0.031145
v -0.181058 0.117964 0.088256
v -0.189043 0.103490 0.073565
v -0.188371 0.102954 0.073302
v -0.162753 0.157518 0.096262
v -0.173718 0.137700 0.093533
v -0.173315 0.136689 0.094068
v -0.153486 0.197819 0.084669
v -0.159244 0.177414 0.091167
v -0.157547 0.177272 0.092156
v -0.150940 0.231314 0.064702
v -0.152936 0.215550 0.074643
v -0.151860 0.214686 0.075767
v -0.149369 0.263872 0.035770
v -0.151249 0.247943 0.050831
v -0.149759 0.247416 0.051916
v -0.148691 0.287590 -0.001186
v -0.150220 0.277607 0.017666
v -0.148738 0.277380 0.018649
v -0.144400 0.289041 -0.048026
v -0.148208 0.292251 -0.026457
v -0.146952 0.292421 -0.025600
v -0.137485 0.263510 -0.084205
v -0.142636 0.277407 -0.069815
v -0.141101 0.277487 -0.069618
v -0.135225 0.245601 -0.096326
v -0.133027 0.245719 -0.096075
v 0.129124 0.178897 -0.116125
v 0.133617 0.225726 -0.105079
v 0.133075 0.203724 -0.111979
v 0.131234 0.203616 -0.111902
v 0.133124 0.152457 -0.116606
v 0.131288 0.152054 -0.116537
v 0.179741 0.072437 -0.066243
v 0.182807 0.061430 -0.052048
v 0.178299 0.071503 -0.066079
v 0.188003 0.065032 -0.041181
v 0.189558 0.063763 -0.028095
v 0.186631 0.064665 -0.040928
v 0.194485 0.073263 -0.012654
v 0.195561 0.074314 0.008287
v 0.193148 0.072870 -0.012267
v 0.197929 0.085298 0.029222
v 0.194364 0.091635 0.055863
v 0.196783 0.085117 0.029783
v 0.191802 0.105506 0.072531
v 0.183353 0.119613 0.087513
v 0.191173 0.104942 0.072214
v 0.176528 0.138442 0.092272
v 0.164872 0.158280 0.095653
v 0.175277 0.138021 0.093430
v 0.161757 0.177889 0.090828
v 0.156452 0.198000 0.084707
v 0.160031 0.177666 0.091795
v 0.156887 0.215546 0.074974
v 0.154854 0.231079 0.065520
v 0.155220 0.214687 0.076168
v 0.155636 0.247496 0.051994
v 0.154070 0.263150 0.037224
v 0.154632 0.247800 0.052276
v 0.154962 0.276841 0.019424
v 0.153369 0.286924 0.000788
v 0.153483 0.276597 0.020422
v 0.152762 0.291910 -0.024567
v 0.148816 0.288980 -0.046414
v 0.151527 0.292068 -0.023692
v 0.147200 0.277370 -0.068609
v 0.141845 0.263448 -0.083466
v 0.145382 0.277493 -0.068439
v 0.139708 0.245456 -0.095939
v 0.137572 0.245577 -0.095774
v -0.155010 0.096008 -0.097605
v -0.147115 0.111094 -0.105667
v -0.135692 0.129557 -0.112383
v -0.145798 0.110779 -0.105693
v -0.171766 0.077268 -0.075260
v -0.165953 0.088146 -0.086812
v -0.164458 0.087936 -0.087211
v 0.139858 0.128908 -0.113589
v 0.151243 0.110724 -0.106988
v 0.159460 0.095984 -0.098716
v 0.149961 0.110398 -0.106997
v 0.169535 0.087914 -0.088647
v 0.175438 0.077334 -0.077345
v 0.168425 0.087636 -0.088598
v -0.131773 0.203699 -0.111739
v -0.132695 0.225672 -0.105386
v -0.128813 0.179677 -0.115359
v -0.130477 0.203891 -0.111696
v -0.131904 0.153318 -0.115475
v -0.130611 0.153334 -0.115511
v -0.181515 0.063885 -0.050237
v -0.178233 0.073530 -0.064029
v -0.177263 0.072853 -0.063823
v -0.188058 0.064116 -0.026506
v -0.186020 0.065920 -0.039546
v -0.185158 0.065190 -0.039065
v -0.193900 0.072361 0.008676
v -0.192482 0.071209 -0.011155
v -0.191801 0.071195 -0.010558
v -0.193356 0.090783 0.054922
v -0.195891 0.082820 0.030070
v -0.195289 0.082972 0.030841
v -0.183517 0.119094 0.085374
v -0.190933 0.104346 0.070814
v -0.190103 0.104073 0.072104
v -0.166102 0.158487 0.093410
v -0.176187 0.138572 0.090403
v -0.175025 0.138281 0.091854
v -0.156745 0.197581 0.083022
v -0.161995 0.178808 0.088537
v -0.160283 0.178725 0.089777
v -0.153287 0.231749 0.063114
v -0.155523 0.216265 0.072680
v -0.154336 0.215315 0.073959
v -0.152086 0.264051 0.034384
v -0.153611 0.249430 0.048417
v -0.152541 0.248631 0.049618
v -0.151246 0.287699 -0.003152
v -0.152617 0.278381 0.015424
v -0.151547 0.277929 0.016554
v -0.147324 0.288289 -0.049725
v -0.150681 0.291953 -0.029048
v -0.149501 0.292061 -0.028085
v -0.140959 0.262530 -0.085223
v -0.145310 0.276117 -0.071515
v -0.144041 0.276787 -0.070664
v -0.138632 0.245075 -0.096708
v -0.136843 0.245418 -0.096513
v 0.132685 0.179335 -0.116104
v 0.137421 0.225462 -0.105259
v 0.135935 0.203557 -0.112005
v 0.134641 0.203708 -0.111972
v 0.135727 0.152698 -0.116572
v 0.134438 0.152674 -0.116595
v 0.182068 0.073831 -0.066165
v 0.185745 0.064837 -0.052374
v 0.181123 0.073433 -0.065976
v 0.190126 0.067506 -0.041652
v 0.192188 0.066010 -0.028545
v 0.189288 0.066709 -0.041161
v 0.196237 0.073635 -0.013072
v 0.197747 0.074916 0.007061
v 0.195585 0.073593 -0.012423
v 0.199322 0.085450 0.028623
v 0.196505 0.093153 0.053570
v 0.198739 0.085590 0.029468
v 0.193546 0.106083 0.070006
v 0.185818 0.120838 0.084691
v 0.192844 0.106105 0.071074
v 0.178275 0.139925 0.089838
v 0.168326 0.159331 0.092831
v 0.177072 0.139637 0.091271
v 0.164658 0.179312 0.088312
v 0.159767 0.197886 0.083092
v 0.162864 0.179236 0.089495
v 0.159004 0.216329 0.073190
v 0.157241 0.231583 0.063985
v 0.158240 0.215368 0.074335
v 0.158404 0.248945 0.049684
v 0.156808 0.263369 0.035876
v 0.156976 0.248195 0.050840
v 0.157381 0.277633 0.017238
v 0.155918 0.287075 -0.001180
v 0.156285 0.277170 0.018351
v 0.155254 0.291635 -0.027159
v 0.151712 0.288237 -0.048089
v 0.154055 0.291741 -0.026178
v 0.149553 0.276136 -0.070318
v 0.145266 0.262475 -0.084432
v 0.148273 0.276799 -0.069431
v 0.143091 0.244978 -0.096306
v 0.141289 0.245292 -0.096090
v -0.157852 0.097206 -0.097095
v -0.149082 0.111167 -0.105733
v -0.138062 0.129621 -0.112276
v -0.148058 0.111042 -0.105616
v -0.173843 0.078608 -0.075009
v -0.167353 0.087743 -0.086844
v -0.166690 0.087964 -0.086822
v 0.142226 0.129024 -0.113527
v 0.153217 0.110871 -0.107050
v 0.161615 0.096849 -0.098696
v 0.152187 0.110704 -0.106955
v 0.170931 0.087554 -0.088698
v 0.177260 0.078674 -0.077534
v 0.170269 0.087754 -0.088669
v -0.135743 0.224951 -0.105673
v -0.131320 0.179304 -0.115310
v -0.133158 0.203343 -0.111735
v -0.133040 0.153161 -0.115405
v -0.183277 0.066365 -0.050542
v -0.179065 0.073861 -0.063703
v -0.189436 0.065729 -0.027122
v -0.186707 0.067076 -0.039465
v -0.194972 0.073325 0.007915
v -0.192780 0.071241 -0.011691
v -0.194276 0.091483 0.054022
v -0.196134 0.082609 0.029464
v -0.185046 0.119406 0.083056
v -0.191336 0.104187 0.070061
v -0.167800 0.159791 0.091233
v -0.176793 0.138504 0.089543
v -0.158614 0.198507 0.081172
v -0.162207 0.179834 0.087668
v -0.155375 0.233502 0.060758
v -0.156391 0.216145 0.072196
v -0.153836 0.265531 0.032050
v -0.154378 0.249350 0.048098
v -0.153178 0.288541 -0.006073
v -0.153404 0.278999 0.014277
v -0.149221 0.287666 -0.051656
v -0.151585 0.292025 -0.030102
v -0.143253 0.261378 -0.086275
v -0.146371 0.275961 -0.071844
v -0.139528 0.243883 -0.097415
v 0.135205 0.179008 -0.116047
v 0.140172 0.224885 -0.105522
v 0.137327 0.203217 -0.111983
v 0.136877 0.152561 -0.116512
v 0.187371 0.066867 -0.052602
v 0.182904 0.074270 -0.065860
v 0.193458 0.067753 -0.029182
v 0.190559 0.068220 -0.042116
v 0.198713 0.075940 0.006266
v 0.196623 0.073829 -0.012847
v 0.197377 0.093865 0.052726
v 0.199547 0.085216 0.027995
v 0.187386 0.121156 0.082331
v 0.194058 0.106236 0.068979
v 0.170470 0.160793 0.090463
v 0.178923 0.139859 0.088970
v 0.161726 0.198793 0.081323
v 0.164932 0.180330 0.087499
v 0.159448 0.233333 0.061726
v 0.159872 0.217311 0.072121
v 0.158604 0.264824 0.033610
v 0.159098 0.249820 0.048560
v 0.157874 0.287918 -0.004073
v 0.158186 0.278259 0.016131
v 0.153597 0.287629 -0.050022
v 0.156160 0.291711 -0.028214
v 0.147589 0.261338 -0.085487
v 0.150612 0.275991 -0.070641
v 0.143998 0.243799 -0.096990
v -0.159618 0.097764 -0.097083
v -0.150678 0.111055 -0.105595
v -0.149953 0.111048 -0.105688
v -0.168747 0.087746 -0.086749
v -0.168068 0.087680 -0.086816
v 0.154807 0.110777 -0.106918
v 0.163355 0.097481 -0.098673
v 0.154081 0.110770 -0.107008
v 0.172314 0.087569 -0.088619
v 0.171637 0.087497 -0.088675
v -0.106191 0.187296 0.100172
v -0.113676 0.204584 0.088981
v -0.119840 0.192980 0.094994
v -0.110434 0.176165 0.105674
v -0.111236 0.189667 0.098380
v -0.108749 0.215584 0.082307
v -0.117297 0.227814 0.072304
v -0.121651 0.217705 0.079329
v -0.115117 0.216589 0.080853
v -0.128146 0.228608 0.070500
v -0.132748 0.220187 0.075913
v -0.125202 0.208362 0.085179
v -0.126943 0.219120 0.077684
v -0.131711 0.198597 0.089631
v -0.124173 0.182672 0.099922
v -0.125366 0.196618 0.092086
v -0.096015 0.177174 0.107188
v -0.091464 0.197052 0.097081
v -0.099386 0.206383 0.089928
v -0.098616 0.191905 0.098814
v -0.082762 0.189658 0.102961
v -0.081375 0.202405 0.095678
v -0.089506 0.209907 0.089353
v -0.086611 0.200331 0.095984
v -0.091956 0.220278 0.081324
v -0.098320 0.228567 0.073708
v -0.097741 0.218186 0.081971
v -0.094655 0.219239 0.081629
v -0.106320 0.227648 0.073453
v -0.103359 0.217318 0.081687
v -0.123488 0.166620 0.107175
v -0.123695 0.150213 0.113570
v -0.111241 0.158122 0.113250
v -0.116484 0.162787 0.110392
v -0.134035 0.174671 0.100970
v -0.132753 0.158804 0.107937
v -0.128437 0.170510 0.104400
v -0.140646 0.152373 0.107680
v -0.142150 0.134524 0.113171
v -0.134191 0.141976 0.113579
v -0.137389 0.147515 0.110620
v -0.134970 0.122867 0.119328
v -0.125005 0.131363 0.120010
v -0.130120 0.137329 0.116383
v -0.095653 0.161254 0.115251
v -0.080924 0.156525 0.120300
v -0.081684 0.173946 0.111692
v -0.088995 0.166554 0.113944
v -0.084413 0.133901 0.129614
v -0.071802 0.129618 0.133537
v -0.068497 0.153134 0.123948
v -0.076095 0.143797 0.126855
v -0.055503 0.151620 0.126213
v -0.051241 0.173453 0.116261
v -0.065774 0.173308 0.114591
v -0.060460 0.162361 0.120613
v -0.067853 0.187454 0.106720
v -0.073551 0.181262 0.109290
v -0.113404 0.134317 0.122358
v -0.099169 0.135337 0.125707
v -0.104909 0.147097 0.119410
v -0.129720 0.103590 0.125548
v -0.119474 0.106369 0.129199
v -0.122915 0.120617 0.123972
v -0.124035 0.076826 0.132166
v -0.112751 0.076548 0.137565
v -0.106786 0.106569 0.133732
v -0.115511 0.091587 0.134092
v -0.092358 0.105823 0.138063
v -0.094997 0.120769 0.132439
v -0.076822 0.109979 -0.123866
v -0.065950 0.126311 -0.126310
v -0.059207 0.104228 -0.127385
v -0.070873 0.082177 -0.123864
v -0.068258 0.106032 -0.125640
v -0.069800 0.148003 -0.124820
v -0.059647 0.162076 -0.126910
v -0.055653 0.141845 -0.128437
v -0.062848 0.144682 -0.126690
v -0.045058 0.156980 -0.130581
v -0.039858 0.134182 -0.131400
v -0.048388 0.119914 -0.129749
v -0.047059 0.139036 -0.130260
v -0.041039 0.097950 -0.129974
v -0.051494 0.078573 -0.127067
v -0.049401 0.100836 -0.128882
v -0.080518 0.049131 -0.119014
v -0.090491 -0.000878 -0.113178
v -0.097456 0.021226 -0.112207
v -0.088836 0.062582 -0.118086
v -0.089165 0.033136 -0.115480
v -0.084394 -0.031805 -0.113568
v -0.096796 -0.078832 -0.108710
v -0.101860 -0.047363 -0.107573
v -0.092747 -0.039142 -0.110937
v -0.113453 -0.090519 -0.100685
v -0.118367 -0.065871 -0.099273
v -0.106265 -0.021955 -0.106797
v -0.110476 -0.055790 -0.103757
v -0.112272 -0.004379 -0.105120
v -0.104436 0.037013 -0.110747
v -0.105062 0.008596 -0.108794
v -0.061337 0.047842 -0.122960
v -0.072673 0.012049 -0.118298
v -0.072202 0.047593 -0.120780
v -0.041204 0.043409 -0.125637
v -0.052721 0.008941 -0.121641
v -0.051353 0.045633 -0.124416
v -0.043035 -0.026350 -0.121369
v -0.057396 -0.068584 -0.119038
v -0.064484 -0.028371 -0.118165
v -0.053921 -0.027255 -0.119924
v -0.078445 -0.071628 -0.114779
v -0.074646 -0.029791 -0.116055
v -0.083622 0.110229 -0.122585
v -0.082864 0.143421 -0.122771
v -0.076568 0.143835 -0.123792
v -0.079793 0.127514 -0.123522
v -0.088823 0.146801 -0.121779
v -0.090154 0.173750 -0.119732
v -0.083846 0.170447 -0.120987
v -0.085915 0.157500 -0.121667
v -0.082500 0.197739 -0.117615
v -0.074856 0.198169 -0.119323
v -0.077451 0.170728 -0.122048
v -0.080320 0.185798 -0.120108
v -0.070091 0.177337 -0.123267
v -0.074329 0.159624 -0.123384
v -0.097984 0.069437 -0.116338
v -0.092451 0.109773 -0.120615
v -0.090940 0.088069 -0.119765
v -0.111293 0.040095 -0.108229
v -0.106195 0.073110 -0.114187
v -0.105335 0.056564 -0.112463
v -0.112359 0.072608 -0.111999
v -0.108484 0.108109 -0.116461
v -0.101151 0.110474 -0.118591
v -0.107391 0.090625 -0.115496
v -0.097403 0.144297 -0.120316
v -0.093964 0.127998 -0.120837
v -0.038731 0.027110 0.160512
v -0.021065 0.057933 0.159008
v -0.027507 0.092656 0.151326
v -0.045883 0.063405 0.154370
v -0.032325 0.060101 0.156992
v -0.010857 0.025007 0.165321
v 0.001517 0.058575 0.160330
v -0.008067 0.091398 0.153438
v -0.009001 0.060052 0.159934
v 0.001074 0.116740 0.145427
v -0.004277 0.143453 0.134755
v -0.013948 0.116889 0.144914
v -0.006573 0.115557 0.145759
v -0.015872 0.141132 0.134738
v -0.030126 0.118092 0.142771
v -0.021852 0.116683 0.144179
v -0.042510 0.108928 0.144920
v -0.059534 0.100330 0.145534
v -0.062500 0.057035 0.152354
v -0.051660 0.083961 0.150627
v -0.025990 0.150404 0.129819
v -0.040478 0.136895 0.134384
v -0.034617 0.129709 0.138003
v -0.039208 0.158657 0.124670
v -0.055875 0.131238 0.135127
v -0.047876 0.144224 0.130433
v -0.076537 0.100839 0.142811
v -0.064613 0.116506 0.139621
v -0.083868 0.064736 0.147869
v -0.087494 0.023141 0.145963
v -0.070077 0.011761 0.154049
v -0.076055 0.040352 0.149104
v -0.099898 0.070834 0.142865
v -0.089189 0.086919 0.143731
v -0.116295 0.045184 0.132194
v -0.102305 0.036568 0.138379
v -0.108647 0.055054 0.138378
v -0.109097 -0.000610 0.136246
v -0.095540 -0.016482 0.146454
v -0.098955 0.011036 0.141491
v -0.096917 0.182640 -0.117786
v -0.094872 0.208959 -0.113160
v -0.089499 0.201002 -0.115691
v -0.093519 0.191894 -0.116911
v -0.098508 0.218661 -0.109897
v -0.095954 0.233488 -0.104312
v -0.093200 0.225546 -0.107755
v -0.095354 0.221651 -0.109226
v -0.092646 0.238452 -0.101773
v -0.089207 0.231601 -0.105296
v -0.088903 0.219333 -0.110501
v -0.090372 0.228460 -0.106762
v -0.083851 0.215062 -0.112743
v -0.085716 0.208421 -0.114444
v -0.094761 0.166230 -0.120180
v -0.103600 0.185746 -0.116921
v -0.100861 0.203049 -0.114039
v -0.099903 0.184168 -0.117439
v -0.103610 0.171431 -0.118646
v -0.108776 0.189064 -0.116046
v -0.106482 0.202767 -0.113794
v -0.106253 0.187410 -0.116550
v -0.109775 0.216330 -0.109838
v -0.107058 0.228576 -0.105695
v -0.104622 0.217007 -0.109982
v -0.107025 0.217238 -0.109847
v -0.100853 0.230344 -0.105405
v -0.101268 0.218202 -0.109846
v -0.105404 0.132959 -0.118644
v -0.103181 0.151931 -0.119337
v -0.099849 0.148165 -0.119909
v -0.114028 0.093516 -0.113638
v -0.112126 0.122587 -0.116432
v -0.110494 0.116379 -0.116451
v -0.115573 0.110577 -0.114399
v -0.114889 0.132652 -0.116296
v -0.109755 0.141898 -0.118037
v -0.113784 0.128129 -0.116345
v -0.109152 0.159942 -0.118254
v -0.106178 0.156957 -0.118854
v -0.074871 0.208564 -0.116772
v -0.070091 0.200350 -0.119903
v -0.074689 0.204713 -0.117624
v -0.078911 0.213007 -0.114279
v -0.074779 0.206599 -0.117189
v -0.065238 0.196276 -0.121996
v -0.061303 0.186145 -0.124274
v -0.065960 0.189288 -0.122581
v -0.065210 0.193533 -0.122345
v -0.065032 0.172038 -0.124524
v -0.070974 0.194099 -0.120661
v -0.068198 0.184931 -0.122636
v -0.079437 0.208773 -0.115321
v -0.075058 0.202062 -0.118141
v -0.082905 0.219120 -0.111301
v -0.085396 0.227430 -0.107547
v -0.082742 0.222394 -0.110292
v -0.082841 0.220692 -0.110769
v -0.086374 0.225333 -0.108300
v -0.083185 0.217281 -0.111942
v -0.091152 0.241269 -0.099950
v -0.088400 0.234544 -0.103765
v -0.088770 0.233111 -0.104470
v -0.090551 0.243623 -0.098625
v -0.087841 0.236175 -0.103111
v -0.088218 0.235820 -0.103185
v -0.001513 0.166263 0.124470
v -0.005570 0.163643 0.125330
v -0.002155 0.159828 0.127421
v 0.001797 0.163788 0.125563
v -0.001757 0.164102 0.125362
v -0.008421 0.166614 0.123701
v -0.014441 0.163964 0.124291
v -0.011581 0.158029 0.127381
v -0.009685 0.163930 0.124799
v -0.019452 0.150600 0.130043
v -0.008041 0.151398 0.130886
v -0.012918 0.151317 0.130406
v 0.001648 0.152374 0.130897
v -0.002681 0.152968 0.130586
v -0.004875 -1.042214 0.183723
v -0.019546 -1.031198 0.183235
v -0.025384 -1.042464 0.183354
v -0.017683 -1.047595 0.183770
v -0.017593 -1.042537 0.183656
v -0.004973 -1.015090 0.182532
v -0.021085 -1.005600 0.181907
v -0.029213 -1.017097 0.182234
v -0.019843 -1.015441 0.182391
v -0.040385 -1.007093 0.181095
v -0.045878 -1.019995 0.181318
v -0.035270 -1.032248 0.182639
v -0.037670 -1.018606 0.181892
v -0.040504 -1.041984 0.182684
v -0.030935 -1.047104 0.183288
v -0.033790 -1.042241 0.183105
v 0.002334 0.169152 -0.133435
v -0.007261 0.165114 -0.133864
v -0.016268 0.170069 -0.133445
v -0.006791 0.172678 -0.133488
v -0.006958 0.169896 -0.133621
v 0.002159 0.156315 -0.134302
v -0.008261 0.149570 -0.134722
v -0.017628 0.157255 -0.134031
v -0.007749 0.157198 -0.134373
v -0.028417 0.149881 -0.133262
v -0.036932 0.158034 -0.131747
v -0.026387 0.165652 -0.132892
v -0.027363 0.156772 -0.133150
v -0.034660 0.172611 -0.131452
v -0.024921 0.174892 -0.132631
v -0.025455 0.171303 -0.132736
v -0.014535 -1.045377 -0.176623
v -0.027483 -1.043037 -0.175731
v -0.016058 -1.036356 -0.175870
v 0.002582 -1.039453 -0.177282
v -0.015973 -1.041422 -0.176248
v -0.036707 -1.047662 -0.175325
v -0.047894 -1.045970 -0.173950
v -0.038338 -1.040188 -0.174675
v -0.036795 -1.044319 -0.175169
v -0.050992 -1.036941 -0.172764
v -0.039898 -1.028334 -0.173445
v -0.027684 -1.032623 -0.174871
v -0.038420 -1.034846 -0.174210
v -0.015747 -1.024220 -0.174763
v 0.001877 -1.028704 -0.176240
v -0.016167 -1.030129 -0.175319
v -0.016495 0.169727 0.121473
v -0.022657 0.170210 0.120610
v -0.019611 0.164229 0.123786
v -0.017717 0.167882 0.122203
v -0.027928 0.173521 0.118479
v -0.036857 0.174613 0.116963
v -0.031611 0.169540 0.120093
v -0.029333 0.172284 0.118949
v -0.043066 0.168039 0.119645
v -0.027463 0.162639 0.123902
v -0.034911 0.165008 0.121975
v -0.022401 0.158423 0.126341
v -0.135386 0.189615 -0.114213
v -0.136146 0.201413 -0.112203
v -0.134618 0.189741 -0.114284
v -0.134422 0.177431 -0.115487
v -0.135044 0.189671 -0.114239
v -0.137933 0.212448 -0.109499
v -0.139050 0.222972 -0.106274
v -0.137010 0.212621 -0.109568
v -0.137591 0.212517 -0.109521
v -0.137672 0.223278 -0.106310
v -0.135684 0.214216 -0.109253
v -0.134901 0.201600 -0.112300
v -0.136379 0.212752 -0.109570
v -0.133355 0.191344 -0.114171
v -0.133226 0.178981 -0.115535
v -0.133978 0.189824 -0.114325
v -0.134269 0.165073 -0.115945
v -0.136121 0.151588 -0.115339
v -0.135218 0.165055 -0.115816
v -0.134879 0.165075 -0.115850
v -0.133090 0.165211 -0.116043
v -0.135247 0.151721 -0.115441
v -0.133812 0.165167 -0.115980
v -0.136564 0.140290 -0.114244
v -0.140195 0.128566 -0.112141
v -0.137693 0.140262 -0.114172
v -0.137248 0.140339 -0.114214
v -0.141201 0.128658 -0.111992
v -0.138447 0.140207 -0.114073
v -0.138108 0.140214 -0.114105
v -0.009355 0.076202 -0.131510
v -0.019845 0.096106 -0.132238
v -0.009098 0.115065 -0.133893
v 0.001416 0.097265 -0.133290
v -0.009737 0.097336 -0.133015
v -0.031874 0.075266 -0.129483
v -0.030337 0.115263 -0.132220
v -0.030488 0.096877 -0.131260
v -0.019120 0.133493 -0.133962
v -0.029525 0.133569 -0.132917
v 0.001803 0.132707 -0.134589
v -0.008673 0.132663 -0.134451
v 0.001283 0.044038 -0.129612
v -0.010036 0.012003 -0.126244
v -0.020715 0.044955 -0.128157
v -0.009002 0.044825 -0.129098
v 0.001296 -0.022993 -0.123540
v -0.011449 -0.062299 -0.122515
v -0.021761 -0.025364 -0.123173
v -0.010251 -0.025008 -0.123613
v -0.034631 -0.063442 -0.121535
v -0.031744 0.009582 -0.124291
v -0.031852 -0.025790 -0.122465
v -0.030998 0.043117 -0.126895
v -0.071179 0.197062 0.100193
v -0.063121 0.189873 0.105758
v -0.051656 0.184700 0.110157
v -0.060348 0.190819 0.105541
v -0.060965 0.190160 0.105850
v -0.074239 0.194933 0.101221
v -0.055212 0.182529 0.111010
v -0.064598 0.188698 0.106373
v -0.045082 0.178056 0.114416
v -0.047988 0.175913 0.115287
v -0.042389 0.180212 0.113514
v -0.044036 0.179519 0.113740
v -0.076879 0.204592 0.094635
v -0.083454 0.212253 0.088362
v -0.078507 0.203669 0.095036
v -0.077448 0.204217 0.094775
v -0.087610 0.220410 0.081679
v -0.091074 0.228270 0.074869
v -0.088735 0.220107 0.081821
v -0.088021 0.220226 0.081722
v -0.093633 0.228757 0.074232
v -0.085540 0.211588 0.088709
v -0.089931 0.219830 0.081995
v -0.079805 0.203126 0.095329
v -0.092015 0.234498 0.069610
v -0.093496 0.240242 0.064341
v -0.093221 0.234258 0.069678
v -0.092545 0.234291 0.069633
v -0.093975 0.246065 0.059043
v -0.095562 0.254074 0.051256
v -0.095118 0.246855 0.058248
v -0.094231 0.246011 0.059045
v -0.097491 0.254891 0.050474
v -0.097760 0.247585 0.057469
v -0.095211 0.240149 0.064429
v -0.096193 0.246804 0.058288
v -0.096170 0.234720 0.069015
v -0.094759 0.234981 0.068945
v -0.101436 0.256308 0.048820
v -0.103062 0.248812 0.055914
v -0.099556 0.241347 0.062875
v -0.099925 0.248276 0.056667
v -0.107600 0.257499 0.047256
v -0.111366 0.249504 0.054709
v -0.106091 0.241349 0.062363
v -0.107013 0.249217 0.055252
v -0.110556 0.233972 0.068210
v -0.102045 0.234541 0.068458
v -0.107132 0.234458 0.067925
v -0.099028 0.235110 0.068306
v -0.096871 0.260145 0.045131
v -0.098532 0.266599 0.038104
v -0.099186 0.260942 0.044292
v -0.098146 0.260909 0.044336
v -0.095710 0.259436 0.045966
v -0.096778 0.265843 0.038956
v -0.096278 0.260129 0.045139
v -0.096941 0.271179 0.032730
v -0.098046 0.278189 0.023271
v -0.098014 0.271762 0.031892
v -0.097294 0.271092 0.032723
v -0.099765 0.279337 0.021569
v -0.100475 0.273094 0.030161
v -0.099052 0.272463 0.031036
v -0.102074 0.267962 0.036321
v -0.104698 0.262956 0.041753
v -0.101638 0.262384 0.042585
v -0.102919 0.280371 0.019672
v -0.105439 0.275436 0.026623
v -0.102525 0.274330 0.028394
v -0.109206 0.282581 0.015300
v -0.112327 0.277383 0.023242
v -0.107628 0.269123 0.034535
v -0.108980 0.276436 0.024873
v -0.111373 0.263953 0.040232
v -0.107934 0.263502 0.040951
v -0.116797 0.283819 0.012091
v -0.120690 0.278720 0.020391
v -0.115997 0.271104 0.031425
v -0.116750 0.278113 0.021680
v -0.126020 0.284502 0.009305
v -0.129282 0.280178 0.016888
v -0.125620 0.272882 0.028121
v -0.125448 0.279597 0.018389
v -0.129838 0.266396 0.035603
v -0.125277 0.260189 0.043233
v -0.121660 0.265422 0.037689
v -0.125061 0.266057 0.036681
v -0.116619 0.258901 0.045257
v -0.115965 0.265000 0.038760
v -0.105929 0.287162 0.006945
v -0.109498 0.292523 -0.009225
v -0.112839 0.288468 0.002724
v -0.109219 0.288052 0.004376
v -0.101438 0.286146 0.009694
v -0.103706 0.292021 -0.005721
v -0.103309 0.286500 0.008716
v -0.101735 0.294640 -0.018502
v -0.103470 0.294446 -0.033084
v -0.106231 0.294567 -0.021133
v -0.103715 0.294598 -0.019413
v -0.108778 0.293877 -0.035113
v -0.112156 0.294293 -0.024478
v -0.108770 0.294501 -0.022847
v -0.116557 0.292623 -0.012431
v -0.121242 0.289116 -0.000811
v -0.116642 0.288759 0.001116
v -0.115787 0.292819 -0.037620
v -0.120122 0.293491 -0.026782
v -0.116663 0.293841 -0.026017
v -0.123134 0.291596 -0.039897
v -0.127643 0.292723 -0.029774
v -0.124482 0.292436 -0.015349
v -0.124298 0.293064 -0.028267
v -0.129361 0.289675 -0.004448
v -0.125745 0.289553 -0.003185
v -0.128640 0.290629 -0.042151
v -0.131256 0.292412 -0.031401
v -0.130160 0.292349 -0.017848
v -0.129148 0.292583 -0.030556
v -0.131550 0.290331 -0.043049
v -0.134279 0.292286 -0.032359
v -0.133639 0.292397 -0.019544
v -0.132729 0.292318 -0.032229
v -0.136366 0.290343 -0.007906
v -0.135220 0.285810 0.005318
v -0.132618 0.290030 -0.006138
v -0.134798 0.290161 -0.007031
v -0.131804 0.285516 0.006310
v -0.131014 0.289832 -0.005281
v -0.118460 0.288285 -0.051611
v -0.120238 0.281067 -0.064506
v -0.125404 0.286888 -0.053270
v -0.122317 0.287522 -0.052439
v -0.111642 0.289729 -0.049902
v -0.114621 0.283154 -0.062315
v -0.115299 0.288986 -0.050815
v -0.109372 0.276771 -0.071759
v -0.110727 0.269186 -0.079792
v -0.115495 0.275213 -0.072957
v -0.112669 0.276226 -0.072107
v -0.116762 0.266758 -0.081447
v -0.121914 0.273622 -0.073957
v -0.119078 0.274605 -0.073188
v -0.124951 0.280054 -0.065388
v -0.128071 0.286090 -0.054694
v -0.126733 0.286483 -0.053950
v -0.120696 0.265431 -0.082208
v -0.124345 0.272810 -0.074653
v -0.123178 0.273477 -0.074002
v -0.123703 0.265055 -0.082357
v -0.127493 0.272542 -0.074885
v -0.127859 0.279385 -0.066230
v -0.125649 0.272704 -0.074739
v -0.131401 0.285599 -0.055620
v -0.130032 0.285959 -0.054844
v -0.126014 0.264247 -0.083044
v -0.129357 0.272021 -0.075566
v -0.130618 0.278830 -0.067055
v -0.128080 0.272045 -0.075501
v -0.128098 0.264287 -0.083113
v -0.132108 0.272035 -0.075753
v -0.132896 0.278428 -0.067817
v -0.130703 0.272018 -0.075649
v -0.136337 0.285372 -0.056633
v -0.136849 0.289750 -0.045447
v -0.133495 0.285330 -0.056396
v -0.134907 0.285343 -0.056509
v -0.134155 0.289926 -0.044567
v -0.132694 0.285590 -0.055701
v -0.119869 0.256143 -0.089490
v -0.118355 0.247259 -0.095290
v -0.122322 0.255886 -0.089579
v -0.121069 0.256009 -0.089522
v -0.116944 0.256550 -0.089501
v -0.116051 0.247528 -0.095351
v -0.118129 0.256414 -0.089476
v -0.112064 0.237603 -0.101063
v -0.111128 0.227415 -0.105688
v -0.114309 0.237435 -0.100826
v -0.113186 0.237533 -0.100941
v -0.113782 0.226819 -0.105469
v -0.117216 0.237018 -0.100705
v -0.116020 0.237161 -0.100734
v -0.121171 0.246891 -0.095320
v -0.124447 0.254985 -0.090150
v -0.123429 0.255834 -0.089613
v -0.116039 0.226540 -0.105326
v -0.119474 0.236809 -0.100651
v -0.118285 0.236901 -0.100682
v -0.118155 0.226490 -0.105203
v -0.121746 0.236799 -0.100583
v -0.123179 0.246895 -0.095300
v -0.120801 0.236720 -0.100611
v -0.126702 0.255026 -0.090197
v -0.125761 0.254940 -0.090179
v -0.112466 0.215845 -0.109491
v -0.112893 0.203719 -0.112507
v -0.114590 0.215648 -0.109168
v -0.113546 0.215751 -0.109303
v -0.110145 0.203870 -0.113089
v -0.110820 0.216174 -0.109708
v -0.108585 0.175774 -0.117495
v -0.110959 0.189382 -0.115461
v -0.109876 0.189213 -0.115779
v -0.110786 0.176368 -0.116822
v -0.113251 0.191112 -0.114745
v -0.112072 0.189534 -0.115170
v -0.115073 0.203659 -0.112187
v -0.116893 0.215464 -0.108963
v -0.115729 0.215540 -0.109066
v -0.113201 0.176713 -0.116353
v -0.115035 0.191254 -0.114485
v -0.113845 0.191165 -0.114668
v -0.115220 0.177022 -0.116015
v -0.117323 0.191427 -0.114190
v -0.117025 0.203742 -0.111950
v -0.116354 0.191345 -0.114285
v -0.119154 0.215472 -0.108774
v -0.117699 0.215550 -0.108877
v -0.111314 0.161004 -0.117547
v -0.114374 0.148442 -0.116741
v -0.113319 0.163321 -0.116983
v -0.111673 0.162779 -0.117362
v -0.112394 0.147199 -0.117420
v -0.110236 0.160495 -0.117912
v -0.118593 0.119270 -0.113870
v -0.116676 0.134377 -0.115584
v -0.115788 0.133558 -0.115927
v -0.120324 0.121180 -0.113296
v -0.118863 0.136045 -0.114952
v -0.118028 0.135549 -0.115191
v -0.116387 0.149279 -0.116292
v -0.115087 0.163713 -0.116665
v -0.113908 0.163384 -0.116882
v -0.121691 0.123824 -0.113119
v -0.119743 0.137599 -0.114906
v -0.119437 0.136141 -0.114829
v -0.123548 0.124705 -0.112737
v -0.121904 0.138210 -0.114542
v -0.118281 0.149850 -0.115928
v -0.120942 0.138120 -0.114666
v -0.117366 0.164094 -0.116310
v -0.116396 0.164016 -0.116425
v -0.124757 0.109727 -0.110390
v -0.131035 0.101244 -0.106516
v -0.125743 0.112399 -0.110309
v -0.125511 0.110653 -0.110169
v -0.123028 0.106643 -0.111031
v -0.129570 0.098186 -0.106934
v -0.123730 0.107800 -0.110707
v -0.134085 0.085731 -0.102983
v -0.139134 0.075957 -0.098088
v -0.135605 0.090368 -0.102593
v -0.134856 0.088108 -0.102759
v -0.140576 0.079910 -0.097934
v -0.137372 0.094362 -0.102240
v -0.136409 0.092449 -0.102434
v -0.131979 0.103812 -0.106538
v -0.127559 0.114057 -0.109896
v -0.126579 0.113231 -0.110110
v -0.141819 0.083926 -0.098134
v -0.138350 0.096466 -0.102340
v -0.138088 0.095321 -0.102059
v -0.143734 0.086207 -0.097886
v -0.140447 0.098223 -0.102055
v -0.133948 0.105525 -0.106173
v -0.139350 0.097387 -0.102190
v -0.129613 0.114909 -0.109576
v -0.128663 0.114795 -0.109694
v -0.146078 0.089164 -0.097676
v -0.143010 0.100381 -0.101822
v -0.136552 0.107586 -0.105849
v -0.141790 0.099668 -0.101918
v -0.148603 0.092482 -0.097453
v -0.145516 0.102198 -0.101559
v -0.139137 0.108847 -0.105647
v -0.144351 0.101615 -0.101706
v -0.134602 0.118324 -0.109349
v -0.128586 0.127691 -0.112422
v -0.132374 0.116223 -0.109295
v -0.133779 0.116857 -0.109186
v -0.126328 0.125952 -0.112360
v -0.130969 0.115589 -0.109427
v -0.148351 0.080963 -0.092891
v -0.154873 0.080273 -0.087201
v -0.150485 0.083909 -0.092692
v -0.149454 0.082917 -0.092790
v -0.146391 0.077681 -0.093106
v -0.152890 0.077490 -0.087372
v -0.147434 0.079861 -0.093007
v -0.155790 0.068953 -0.081499
v -0.159661 0.061371 -0.075075
v -0.157909 0.072151 -0.081484
v -0.156788 0.070104 -0.081476
v -0.162033 0.064940 -0.075249
v -0.159971 0.075038 -0.081435
v -0.158902 0.073191 -0.081429
v -0.156891 0.082685 -0.087069
v -0.152761 0.087206 -0.092553
v -0.151615 0.085631 -0.092616
v -0.164048 0.068142 -0.075365
v -0.161851 0.078276 -0.081420
v -0.160947 0.076736 -0.081425
v -0.166184 0.072405 -0.075088
v -0.163560 0.080235 -0.081341
v -0.158824 0.085280 -0.086934
v -0.162744 0.079655 -0.081363
v -0.154852 0.089277 -0.092349
v -0.153758 0.087983 -0.092448
v -0.175521 0.079480 -0.075053
v -0.177847 0.076564 -0.069528
v -0.180700 0.074165 -0.063384
v -0.178478 0.076657 -0.069501
v -0.178140 0.076622 -0.069514
v -0.174891 0.079242 -0.075068
v -0.177001 0.076808 -0.069960
v -0.179944 0.074243 -0.063829
v -0.177345 0.076755 -0.069977
v -0.181944 0.071452 -0.057365
v -0.184313 0.068078 -0.050427
v -0.182561 0.071899 -0.057464
v -0.182279 0.071675 -0.057416
v -0.184926 0.068946 -0.050564
v -0.183381 0.072343 -0.057014
v -0.183053 0.072279 -0.057032
v -0.186319 0.068412 -0.045117
v -0.188242 0.069128 -0.039560
v -0.186958 0.069415 -0.045270
v -0.186613 0.068796 -0.045193
v -0.185531 0.067285 -0.045378
v -0.187468 0.067975 -0.039866
v -0.185856 0.067696 -0.045498
v -0.188687 0.067947 -0.033772
v -0.190150 0.066921 -0.027702
v -0.189281 0.068820 -0.034038
v -0.188975 0.068250 -0.033900
v -0.190930 0.068527 -0.027516
v -0.190072 0.069758 -0.033594
v -0.189742 0.069352 -0.033552
v -0.192159 0.069698 -0.020098
v -0.194012 0.071891 -0.011562
v -0.192931 0.070576 -0.019590
v -0.192475 0.070213 -0.020268
v -0.191594 0.068864 -0.019738
v -0.193470 0.071660 -0.011411
v -0.191897 0.069443 -0.019978
v -0.194346 0.072693 -0.002403
v -0.195574 0.074085 0.007182
v -0.195040 0.073258 -0.001838
v -0.194670 0.072889 -0.002564
v -0.196132 0.074458 0.006962
v -0.195657 0.073841 -0.002002
v -0.195344 0.073535 -0.001945
v -0.196698 0.078866 0.017300
v -0.197153 0.083194 0.029703
v -0.197321 0.079325 0.018225
v -0.197037 0.079209 0.018251
v -0.196143 0.078712 0.017531
v -0.196627 0.083138 0.029842
v -0.196448 0.078879 0.017359
v -0.195831 0.086803 0.041152
v -0.194998 0.092263 0.052943
v -0.196463 0.087368 0.040645
v -0.196182 0.087197 0.040796
v -0.195703 0.092976 0.052408
v -0.196987 0.088148 0.041455
v -0.196697 0.088053 0.041500
v -0.194040 0.098635 0.061640
v -0.192407 0.105374 0.069653
v -0.194756 0.099084 0.061255
v -0.194453 0.099016 0.061305
v -0.193314 0.098121 0.062250
v -0.191991 0.104346 0.069236
v -0.193724 0.098491 0.061828
v -0.189010 0.111576 0.076596
v -0.185856 0.119793 0.081940
v -0.189654 0.111802 0.076114
v -0.189320 0.111675 0.076314
v -0.186577 0.120074 0.081515
v -0.190424 0.112187 0.075677
v -0.190023 0.111995 0.075887
v -0.181787 0.129877 0.086107
v -0.178142 0.140067 0.088143
v -0.182759 0.130321 0.085483
v -0.182186 0.130041 0.085836
v -0.181572 0.128707 0.086321
v -0.177181 0.139690 0.088784
v -0.182013 0.128964 0.085852
v -0.172597 0.150177 0.090293
v -0.168555 0.161172 0.090110
v -0.173553 0.150479 0.089569
v -0.172991 0.150246 0.089977
v -0.169943 0.161562 0.089276
v -0.174506 0.150675 0.089093
v -0.174151 0.150695 0.089163
v -0.166702 0.170647 0.088437
v -0.164506 0.181127 0.085953
v -0.167946 0.170778 0.087894
v -0.167223 0.170677 0.088222
v -0.165507 0.170472 0.089101
v -0.163779 0.179909 0.086701
v -0.165998 0.170507 0.088794
v -0.161187 0.189272 0.084201
v -0.159656 0.199567 0.079999
v -0.161960 0.190424 0.083319
v -0.161449 0.190440 0.083508
v -0.160708 0.199509 0.079621
v -0.163050 0.190367 0.082978
v -0.162497 0.190403 0.083128
v -0.159043 0.208474 0.075592
v -0.158586 0.218112 0.070026
v -0.159977 0.209518 0.074674
v -0.159573 0.208427 0.075412
v -0.157699 0.208551 0.076049
v -0.157652 0.217109 0.071019
v -0.158519 0.208501 0.075755
v -0.156496 0.225458 0.066018
v -0.156546 0.234373 0.059586
v -0.157627 0.226394 0.064950
v -0.157008 0.225381 0.065851
v -0.157588 0.234218 0.059352
v -0.158640 0.226211 0.064762
v -0.158129 0.226309 0.064826
v -0.156666 0.242893 0.052880
v -0.156773 0.251787 0.045044
v -0.157560 0.243641 0.051951
v -0.157136 0.242791 0.052778
v -0.155574 0.242071 0.053931
v -0.155742 0.251036 0.046066
v -0.156059 0.241979 0.053788
v -0.154689 0.258676 0.039053
v -0.155050 0.266180 0.030848
v -0.155812 0.258515 0.038806
v -0.155344 0.258569 0.038919
v -0.156108 0.266758 0.029830
v -0.156720 0.259151 0.037880
v -0.156392 0.259241 0.037902
v -0.155323 0.273393 0.021825
v -0.155800 0.279783 0.012077
v -0.156256 0.273819 0.020874
v -0.155912 0.273923 0.020888
v -0.154191 0.272935 0.022894
v -0.154733 0.279478 0.013072
v -0.154854 0.273461 0.021940
v -0.154103 0.284302 0.004468
v -0.154507 0.288747 -0.007264
v -0.155181 0.284871 0.002651
v -0.154665 0.284577 0.003576
v -0.155537 0.289002 -0.008969
v -0.156116 0.285057 0.001764
v -0.155698 0.284771 0.002574
v -0.154331 0.291375 -0.020001
v -0.154005 0.291596 -0.032802
v -0.155388 0.291258 -0.020811
v -0.154929 0.291259 -0.020064
v -0.153374 0.291374 -0.018327
v -0.152980 0.291857 -0.031959
v -0.153883 0.291367 -0.019161
v -0.151182 0.290409 -0.042727
v -0.150630 0.286960 -0.053429
v -0.152345 0.290055 -0.043622
v -0.151907 0.290315 -0.042857
v -0.151663 0.286442 -0.054210
v -0.153284 0.289490 -0.045037
v -0.152766 0.289766 -0.044349
v -0.149869 0.281635 -0.063760
v -0.148835 0.274440 -0.073637
v -0.150685 0.280650 -0.065073
v -0.150269 0.281133 -0.064421
v -0.148717 0.282245 -0.062918
v -0.147899 0.275169 -0.072928
v -0.149353 0.281740 -0.063662
v -0.145819 0.268831 -0.079863
v -0.144903 0.260252 -0.087261
v -0.147009 0.267966 -0.080654
v -0.146472 0.268080 -0.080586
v -0.145958 0.259269 -0.087876
v -0.147904 0.267123 -0.081264
v -0.147525 0.267854 -0.080672
v -0.143905 0.251789 -0.093042
v -0.142739 0.243132 -0.097826
v -0.144748 0.250745 -0.093548
v -0.144436 0.251685 -0.093043
v -0.142530 0.252084 -0.092875
v -0.141613 0.243366 -0.097789
v -0.143334 0.251912 -0.092986
v -0.138918 0.234027 -0.102199
v -0.140364 0.233668 -0.102264
v -0.139612 0.233837 -0.102238
v -0.141203 0.232384 -0.102654
v -0.140729 0.232490 -0.102672
v -0.142616 0.282198 0.011879
v -0.141483 0.276285 0.021681
v -0.139610 0.281872 0.012935
v -0.141092 0.286759 0.002522
v -0.141135 0.281810 0.012827
v -0.142766 0.268729 0.031352
v -0.142325 0.262301 0.038858
v -0.140389 0.268874 0.031614
v -0.141316 0.268866 0.031505
v -0.139344 0.261708 0.039888
v -0.137435 0.268312 0.032614
v -0.138458 0.275830 0.022706
v -0.138876 0.268233 0.032519
v -0.137249 0.281413 0.013918
v -0.138263 0.286461 0.003517
v -0.138690 0.281852 0.013019
v -0.138724 0.290563 -0.008839
v -0.139395 0.292535 -0.022132
v -0.141729 0.290698 -0.009849
v -0.140242 0.290732 -0.009711
v -0.136450 0.292452 -0.020492
v -0.137783 0.290531 -0.008752
v -0.137092 0.292210 -0.033228
v -0.135628 0.292216 -0.033124
v -0.139487 0.292193 -0.034114
v -0.138015 0.292182 -0.033982
v -0.141405 0.254366 0.047113
v -0.140454 0.245688 0.055193
v -0.138461 0.253700 0.048116
v -0.139914 0.254488 0.047196
v -0.143670 0.255068 0.046022
v -0.142743 0.246507 0.054185
v -0.142261 0.254349 0.047002
v -0.144254 0.237978 0.061001
v -0.144088 0.230127 0.067137
v -0.141732 0.237224 0.062108
v -0.143579 0.238019 0.061146
v -0.141974 0.230246 0.067374
v -0.139482 0.237344 0.062287
v -0.140969 0.237217 0.062188
v -0.137261 0.245013 0.056241
v -0.134329 0.253234 0.049195
v -0.136240 0.261945 0.040074
v -0.136788 0.253857 0.048234
v -0.138741 0.229429 0.068474
v -0.135377 0.236798 0.063408
v -0.137209 0.236596 0.063275
v -0.134865 0.228693 0.069600
v -0.131495 0.236068 0.064337
v -0.132770 0.244459 0.057311
v -0.133569 0.235901 0.064291
v -0.130534 0.252396 0.050282
v -0.132063 0.261387 0.041146
v -0.132496 0.253293 0.049309
v -0.133430 0.267123 0.034521
v -0.135375 0.275374 0.023724
v -0.135789 0.267697 0.033546
v -0.131348 0.274289 0.025615
v -0.131699 0.267155 0.034632
v -0.133413 0.281101 0.014957
v -0.131730 0.280628 0.015862
v -0.135021 0.281059 0.014848
v -0.143044 0.221865 0.073250
v -0.142785 0.212775 0.079156
v -0.140777 0.221933 0.073528
v -0.142373 0.221835 0.073320
v -0.145687 0.222790 0.071989
v -0.144791 0.212770 0.078785
v -0.144419 0.221749 0.073029
v -0.146892 0.204632 0.083047
v -0.145927 0.193441 0.089338
v -0.144412 0.203223 0.084509
v -0.145821 0.203306 0.084102
v -0.142905 0.193021 0.090342
v -0.142547 0.201776 0.085617
v -0.142892 0.203130 0.084913
v -0.139342 0.211587 0.080514
v -0.137139 0.221070 0.074736
v -0.139052 0.220900 0.074503
v -0.138069 0.190812 0.092705
v -0.137659 0.200232 0.087513
v -0.139485 0.201622 0.086420
v -0.133854 0.188140 0.094893
v -0.135012 0.210480 0.081970
v -0.135202 0.200165 0.088043
v -0.134985 0.220065 0.075737
v -0.146299 0.182383 0.094414
v -0.148463 0.169426 0.098902
v -0.143754 0.179997 0.096134
v -0.145364 0.180511 0.095464
v -0.149680 0.183447 0.092700
v -0.150376 0.171959 0.097219
v -0.147611 0.182798 0.093804
v -0.154511 0.162033 0.099041
v -0.155830 0.149996 0.102650
v -0.151711 0.160095 0.101102
v -0.152791 0.160850 0.100375
v -0.153851 0.148161 0.104237
v -0.149234 0.158351 0.102675
v -0.150576 0.159277 0.101878
v -0.144595 0.167191 0.101042
v -0.138275 0.177113 0.099034
v -0.141073 0.178810 0.097461
v -0.150996 0.144956 0.106545
v -0.145671 0.154788 0.105186
v -0.147238 0.156197 0.104264
v -0.147052 0.142500 0.108747
v -0.140279 0.163735 0.103666
v -0.144059 0.153204 0.106193
v -0.136190 0.175990 0.099952
v -0.161793 0.138828 0.102303
v -0.166305 0.127214 0.101461
v -0.158986 0.136491 0.104616
v -0.160204 0.137346 0.103778
v -0.162901 0.141572 0.100829
v -0.167404 0.130020 0.100140
v -0.161488 0.140165 0.102261
v -0.173416 0.121610 0.095586
v -0.176429 0.110652 0.092489
v -0.171570 0.119150 0.097680
v -0.172323 0.120061 0.096947
v -0.174400 0.107938 0.094596
v -0.170248 0.116310 0.098814
v -0.170279 0.117472 0.099116
v -0.163391 0.124650 0.103779
v -0.156027 0.132773 0.106955
v -0.156965 0.134895 0.106159
v -0.172635 0.104755 0.095660
v -0.166704 0.112660 0.101790
v -0.168595 0.114549 0.100286
v -0.169508 0.101586 0.097882
v -0.164209 0.109511 0.103037
v -0.160351 0.120752 0.105938
v -0.165794 0.110626 0.102162
v -0.151688 0.129988 0.109524
v -0.153564 0.131018 0.108594
v -0.174977 0.094853 0.089720
v -0.177248 0.086329 0.080380
v -0.172739 0.091648 0.090419
v -0.173650 0.093665 0.090483
v -0.177710 0.099722 0.087856
v -0.179657 0.090359 0.079442
v -0.176602 0.096942 0.088379
v -0.182982 0.086300 0.068638
v -0.182005 0.076233 0.060732
v -0.180202 0.082136 0.070830
v -0.181630 0.084276 0.069759
v -0.179406 0.072685 0.062334
v -0.178023 0.078748 0.071234
v -0.179189 0.079968 0.070601
v -0.173975 0.079028 0.081391
v -0.168498 0.080525 0.092292
v -0.166637 0.093915 0.099135
v -0.170253 0.086169 0.092181
v -0.176018 0.065427 0.062550
v -0.173610 0.067419 0.071718
v -0.175981 0.072799 0.071045
v -0.171604 0.053435 0.061102
v -0.168690 0.053952 0.070474
v -0.169400 0.067263 0.081893
v -0.171301 0.061101 0.071129
v -0.163613 0.067380 0.093296
v -0.162074 0.081580 0.101845
v -0.166095 0.073177 0.092630
v -0.160353 0.098581 0.105769
v -0.155949 0.113527 0.109437
v -0.161954 0.103576 0.104911
v -0.155279 0.085137 0.109623
v -0.150405 0.101719 0.114049
v -0.157921 0.091328 0.107698
v -0.140762 0.103924 0.119815
v -0.146250 0.118051 0.114950
v -0.143864 0.111859 0.117099
v -0.149362 0.124674 0.111914
v -0.163822 0.052029 0.080595
v -0.157581 0.047554 0.089981
v -0.156545 0.064495 0.102596
v -0.160310 0.056785 0.091929
v -0.166414 0.036621 0.060396
v -0.162918 0.034308 0.069203
v -0.165469 0.044689 0.070214
v -0.162681 0.015310 0.061749
v -0.159420 0.011831 0.071247
v -0.157951 0.030579 0.079712
v -0.160828 0.023525 0.069926
v -0.152309 0.025812 0.089454
v -0.149630 0.041490 0.099419
v -0.154158 0.036942 0.089895
v -0.149636 0.062311 0.110241
v -0.145757 0.083503 0.117905
v -0.152772 0.074400 0.110323
v -0.142073 0.038663 0.108325
v -0.141220 0.058792 0.117833
v -0.146152 0.050039 0.108814
v -0.129750 0.053785 0.126022
v -0.135856 0.081053 0.125023
v -0.132949 0.067281 0.126484
v -0.138495 0.093813 0.122212
v -0.154522 0.002249 0.082498
v -0.147642 -0.011045 0.095576
v -0.143264 0.013444 0.102466
v -0.149440 0.007913 0.092596
v -0.160966 -0.011799 0.065288
v -0.156990 -0.025968 0.077204
v -0.157979 -0.004978 0.074000
v -0.160933 -0.056568 0.070436
v -0.156980 -0.072469 0.081715
v -0.152316 -0.041661 0.088567
v -0.156899 -0.049538 0.079693
v -0.146335 -0.058574 0.100239
v -0.140007 -0.029559 0.107672
v -0.146357 -0.035743 0.098859
v -0.135196 0.001088 0.112673
v -0.131851 0.029370 0.116954
v -0.138445 0.021705 0.109134
v -0.132394 -0.045922 0.117942
v -0.126140 -0.015775 0.123046
v -0.133846 -0.023148 0.115069
v -0.116148 -0.034932 0.133565
v -0.120832 0.017026 0.126317
v -0.117568 -0.007391 0.130343
v -0.124165 0.036546 0.124618
v -0.152117 -0.098587 0.093034
v -0.147018 -0.127594 0.104276
v -0.139470 -0.086336 0.111763
v -0.146322 -0.092817 0.102532
v -0.161543 -0.109081 0.073601
v -0.159472 -0.138960 0.085733
v -0.157151 -0.104022 0.083361
v -0.167462 -0.181807 0.079158
v -0.162863 -0.208810 0.092568
v -0.156369 -0.172018 0.097967
v -0.161790 -0.176932 0.089481
v -0.150645 -0.202685 0.110597
v -0.142163 -0.159667 0.115977
v -0.149653 -0.166218 0.107226
v -0.132170 -0.115378 0.122127
v -0.123373 -0.073748 0.129203
v -0.131828 -0.080371 0.120644
v -0.135034 -0.191108 0.128214
v -0.125628 -0.148240 0.132516
v -0.133509 -0.153767 0.125230
v -0.116675 -0.183470 0.144576
v -0.105124 -0.138761 0.148214
v -0.115205 -0.103195 0.137933
v -0.115983 -0.141957 0.140364
v -0.105279 -0.058936 0.144073
v -0.115184 -0.067544 0.136518
v -0.126198 -0.228039 0.139381
v -0.117257 -0.267003 0.148327
v -0.106254 -0.217018 0.154003
v -0.116510 -0.222715 0.146905
v -0.143602 -0.238841 0.122990
v -0.136170 -0.277017 0.133485
v -0.135263 -0.233444 0.131379
v -0.144475 -0.320241 0.128850
v -0.134758 -0.356619 0.140046
v -0.126638 -0.311846 0.143916
v -0.135958 -0.316554 0.136531
v -0.115029 -0.347848 0.153785
v -0.106299 -0.304813 0.156955
v -0.116643 -0.307180 0.150778
v -0.095602 -0.257883 0.160923
v -0.083395 -0.207587 0.166718
v -0.094650 -0.171880 0.158131
v -0.095256 -0.212496 0.160634
v -0.092701 -0.339954 0.165171
v -0.082357 -0.294458 0.168516
v -0.094085 -0.298277 0.163228
v -0.068364 -0.333598 0.174381
v -0.056824 -0.288310 0.177213
v -0.070124 -0.249539 0.172564
v -0.069972 -0.291082 0.173271
v -0.057424 -0.199358 0.176538
v -0.069753 -0.161437 0.168821
v -0.070739 -0.203150 0.172101
v -0.082060 -0.123384 0.160126
v -0.092537 -0.088746 0.153326
v -0.094136 -0.129369 0.154291
v -0.054686 -0.108638 0.169731
v -0.067340 -0.071088 0.164447
v -0.068119 -0.113224 0.165397
v -0.054251 -0.017536 0.163834
v -0.082086 -0.038940 0.156199
v -0.068610 -0.029202 0.160692
v -0.094121 -0.051628 0.151033
v -0.042868 -0.243676 0.180820
v -0.027748 -0.193942 0.183043
v -0.041198 -0.153711 0.176951
v -0.043633 -0.196325 0.180076
v -0.041673 -0.328836 0.180526
v -0.027221 -0.284219 0.182846
v -0.042737 -0.286163 0.180287
v -0.012113 -0.325623 0.183008
v 0.002029 -0.282533 0.184400
v -0.012825 -0.235433 0.185190
v -0.012845 -0.282974 0.184130
v 0.001698 -0.190998 0.185221
v -0.012886 -0.150560 0.181422
v -0.013233 -0.192814 0.184711
v -0.026881 -0.103389 0.176272
v -0.039314 -0.062331 0.172192
v -0.040884 -0.105386 0.173379
v 0.002900 -0.103172 0.178815
v -0.010867 -0.059915 0.176558
v -0.012857 -0.102462 0.178283
v 0.003193 -0.015242 0.171929
v -0.024837 -0.014178 0.170025
v -0.010749 -0.014027 0.171510
v -0.039413 -0.019028 0.167943
v -0.026076 -0.371104 0.182314
v -0.012524 -0.414030 0.182318
v 0.001925 -0.366013 0.183023
v -0.012265 -0.369674 0.182592
v -0.054460 -0.374452 0.178064
v -0.040746 -0.416383 0.180154
v -0.040894 -0.372846 0.180632
v -0.053260 -0.460256 0.177415
v -0.040881 -0.500426 0.178956
v -0.027721 -0.454745 0.181426
v -0.040719 -0.455908 0.179781
v -0.013924 -0.498884 0.181845
v 0.001231 -0.454960 0.181975
v -0.013123 -0.453726 0.182148
v -0.027389 -0.538880 0.179832
v -0.015371 -0.577474 0.179426
v 0.000844 -0.534850 0.180274
v -0.014546 -0.538451 0.180816
v -0.053899 -0.541336 0.175856
v -0.042070 -0.578539 0.176822
v -0.041381 -0.539720 0.178121
v -0.055374 -0.617803 0.172801
v -0.042600 -0.653422 0.173374
v -0.029044 -0.615993 0.176807
v -0.042919 -0.616575 0.175055
v -0.017722 -0.653130 0.176255
v 0.000597 -0.617180 0.176601
v -0.016429 -0.615717 0.177684
v -0.030892 -0.693992 0.173933
v -0.019108 -0.729347 0.175348
v -0.000049 -0.691071 0.173784
v -0.018604 -0.689412 0.175315
v -0.054640 -0.695434 0.170916
v -0.042937 -0.729728 0.173290
v -0.043529 -0.694335 0.172534
v -0.055941 -0.769245 0.172715
v -0.042513 -0.801774 0.175888
v -0.030956 -0.764012 0.176147
v -0.043339 -0.768400 0.174351
v -0.018066 -0.802066 0.178678
v -0.001197 -0.766001 0.175699
v -0.019434 -0.763885 0.176783
v -0.030653 -0.837295 0.178305
v -0.017107 -0.870698 0.179677
v -0.001460 -0.835164 0.177506
v -0.018474 -0.837628 0.179261
v -0.053704 -0.840521 0.175457
v -0.041699 -0.873801 0.177800
v -0.042037 -0.841199 0.176857
v -0.050870 -0.904303 0.177241
v -0.041804 -0.936574 0.178312
v -0.030413 -0.904810 0.179101
v -0.040570 -0.904598 0.178234
v -0.021530 -0.936833 0.178947
v -0.002514 -0.903035 0.178449
v -0.018759 -0.905207 0.179440
v -0.032237 -0.956009 0.179379
v -0.021067 -0.973869 0.180465
v -0.006034 -0.954793 0.179629
v -0.020901 -0.956113 0.179417
v -0.051784 -0.958509 0.177894
v -0.041937 -0.976009 0.179697
v -0.041575 -0.958759 0.178964
v -0.049703 -0.993492 0.179672
v -0.031276 -0.991652 0.181044
v -0.040667 -0.993751 0.180560
v -0.005472 -0.988539 0.181232
v -0.021382 -0.989555 0.181150
v -0.063724 -0.877912 0.175113
v -0.075818 -0.911327 0.174007
v -0.063881 -0.939302 0.176188
v -0.064009 -0.906962 0.175786
v -0.066603 -0.806294 0.172338
v -0.076391 -0.845484 0.171663
v -0.065129 -0.844117 0.173741
v -0.088661 -0.815818 0.167864
v -0.098085 -0.853906 0.166768
v -0.086163 -0.881280 0.171090
v -0.087389 -0.849711 0.169415
v -0.096774 -0.914573 0.169496
v -0.086829 -0.944878 0.172377
v -0.085550 -0.911139 0.172131
v -0.075254 -0.960682 0.175000
v -0.062744 -0.977916 0.177506
v -0.063660 -0.961063 0.176671
v -0.096415 -0.962577 0.170796
v -0.084514 -0.979625 0.174171
v -0.085310 -0.963044 0.173263
v -0.093595 -0.996149 0.172957
v -0.081388 -1.009474 0.175965
v -0.072071 -0.994988 0.176942
v -0.083566 -0.994457 0.174989
v -0.059662 -1.008411 0.179147
v -0.061604 -0.995401 0.178390
v -0.105373 -0.983644 0.169489
v -0.115301 -1.001350 0.167414
v -0.103065 -1.013991 0.171331
v -0.104602 -0.997856 0.170306
v -0.105891 -0.947502 0.167779
v -0.115254 -0.969323 0.165769
v -0.105956 -0.965077 0.168387
v -0.122922 -0.952216 0.162334
v -0.133046 -0.972386 0.159401
v -0.125136 -0.986865 0.163485
v -0.124265 -0.969148 0.162684
v -0.134651 -1.006355 0.160909
v -0.125412 -1.024252 0.165248
v -0.124677 -1.002430 0.164460
v -0.113619 -1.027310 0.169124
v -0.100144 -1.034042 0.173005
v -0.090120 -1.021489 0.174790
v -0.101384 -1.025299 0.172269
v -0.134678 -1.033697 0.162353
v -0.123218 -1.036702 0.166579
v -0.124356 -1.031240 0.165979
v -0.133591 -1.040241 0.163062
v -0.121975 -1.042451 0.167129
v -0.111174 -1.040613 0.170342
v -0.123210 -1.040107 0.166745
v -0.097500 -1.043990 0.173793
v -0.086245 -1.040795 0.176311
v -0.098837 -1.040778 0.173500
v -0.077387 -1.033009 0.177751
v -0.068209 -1.020844 0.178640
v -0.079936 -1.020352 0.176787
v -0.073388 -1.045128 0.178784
v -0.064222 -1.041778 0.180009
v -0.076051 -1.041270 0.178251
v -0.049729 -1.046431 0.181942
v -0.055081 -1.033896 0.180860
v -0.052345 -1.042224 0.181447
v -0.057687 -1.021217 0.179999
v -0.141132 -1.036837 0.159775
v -0.148447 -1.038992 0.156366
v -0.140061 -1.041512 0.160381
v -0.141205 -1.039357 0.159853
v -0.142975 -1.027536 0.158398
v -0.149250 -1.031891 0.155629
v -0.142096 -1.032293 0.159144
v -0.156929 -1.024669 0.150979
v -0.162890 -1.030389 0.147803
v -0.155300 -1.035380 0.152550
v -0.156193 -1.030657 0.151861
v -0.161121 -1.038350 0.149262
v -0.154437 -1.040810 0.153258
v -0.155480 -1.038693 0.152626
v -0.172695 -1.034358 0.141684
v -0.182884 -1.036915 0.134093
v -0.172019 -1.040062 0.142483
v -0.172893 -1.037817 0.141760
v -0.173822 -1.022165 0.139778
v -0.183150 -1.027716 0.132994
v -0.173341 -1.028481 0.140760
v -0.191477 -1.020196 0.124383
v -0.199689 -1.026243 0.116370
v -0.191823 -1.032418 0.125606
v -0.192200 -1.026980 0.124575
v -0.200617 -1.036324 0.116662
v -0.191431 -1.039424 0.126595
v -0.192086 -1.036568 0.125756
v -0.207275 -1.033352 0.107800
v -0.213965 -1.038598 0.098540
v -0.207811 -1.040258 0.107942
v -0.207607 -1.037436 0.107917
v -0.206749 -1.022739 0.106479
v -0.213797 -1.030754 0.097360
v -0.207439 -1.028026 0.106645
v -0.218759 -1.027665 0.087467
v -0.224901 -1.034821 0.076289
v -0.219939 -1.037029 0.087631
v -0.219426 -1.032371 0.087565
v -0.225059 -1.040827 0.077537
v -0.220365 -1.041804 0.087718
v -0.220212 -1.039798 0.087697
v -0.230268 -1.039479 0.063489
v -0.234375 -1.043000 0.050218
v -0.230708 -1.043893 0.063490
v -0.230533 -1.041874 0.063483
v -0.229291 -1.032110 0.063317
v -0.233787 -1.037458 0.050098
v -0.229868 -1.036211 0.063396
v -0.236138 -1.034824 0.036477
v -0.238373 -1.039374 0.022745
v -0.236992 -1.041333 0.036621
v -0.236648 -1.038505 0.036536
v -0.239030 -1.044150 0.021563
v -0.237591 -1.044880 0.035408
v -0.237442 -1.043642 0.035407
v -0.239223 -1.042031 0.007679
v -0.238310 -1.043795 -0.008753
v -0.239493 -1.045074 0.006455
v -0.239416 -1.044163 0.006430
v -0.238464 -1.035039 0.007637
v -0.237967 -1.038614 -0.007490
v -0.238925 -1.039397 0.007660
v -0.234960 -1.033813 -0.022495
v -0.230934 -1.037780 -0.037650
v -0.235319 -1.041366 -0.023909
v -0.235327 -1.038512 -0.022631
v -0.231268 -1.043411 -0.037740
v -0.235513 -1.044914 -0.023936
v -0.235450 -1.043699 -0.023927
v -0.225537 -1.040448 -0.051314
v -0.218693 -1.043030 -0.064610
v -0.225695 -1.044780 -0.051376
v -0.225655 -1.043197 -0.051338
v -0.225588 -1.032097 -0.049813
v -0.218496 -1.036536 -0.064385
v -0.225375 -1.037152 -0.051190
v -0.210081 -1.031621 -0.077020
v -0.201002 -1.035466 -0.089584
v -0.210486 -1.040315 -0.077400
v -0.210305 -1.035996 -0.077246
v -0.201154 -1.042804 -0.089883
v -0.210482 -1.045028 -0.077609
v -0.210450 -1.042946 -0.077542
v -0.191677 -1.040442 -0.100606
v -0.180536 -1.043585 -0.111933
v -0.190755 -1.045453 -0.101762
v -0.191687 -1.043213 -0.100721
v -0.191414 -1.030223 -0.100072
v -0.180408 -1.036339 -0.111615
v -0.191616 -1.035886 -0.100356
v -0.169308 -1.031106 -0.120926
v -0.156591 -1.037100 -0.131063
v -0.169494 -1.040501 -0.121426
v -0.169437 -1.036738 -0.121229
v -0.156643 -1.044312 -0.131395
v -0.168414 -1.046231 -0.122533
v -0.168426 -1.043975 -0.122477
v -0.144208 -1.041904 -0.139533
v -0.131156 -1.045387 -0.147149
v -0.144150 -1.046899 -0.139722
v -0.144185 -1.044638 -0.139626
v -0.145370 -1.031804 -0.138168
v -0.132468 -1.037717 -0.146108
v -0.145419 -1.037433 -0.138538
v -0.118991 -1.032323 -0.152492
v -0.104992 -1.038172 -0.158811
v -0.117628 -1.042419 -0.153783
v -0.118961 -1.037960 -0.152911
v -0.103533 -1.045797 -0.159774
v -0.117579 -1.047704 -0.154035
v -0.117593 -1.045609 -0.153907
v -0.090518 -1.042795 -0.164152
v -0.077043 -1.045662 -0.168190
v -0.090411 -1.048066 -0.164320
v -0.090429 -1.045973 -0.164332
v -0.092000 -1.031546 -0.162874
v -0.078590 -1.037584 -0.167213
v -0.091954 -1.038361 -0.163387
v -0.064953 -1.031359 -0.169826
v -0.063381 -1.042343 -0.171045
v -0.064884 -1.037330 -0.170336
v -0.061798 -1.048148 -0.171664
v -0.063286 -1.045804 -0.171310
v -0.106389 -1.016589 -0.156745
v -0.094625 -1.001857 -0.159838
v -0.080082 -1.015336 -0.165142
v -0.093420 -1.015173 -0.161251
v -0.109924 -0.989653 -0.153292
v -0.097928 -0.971753 -0.156474
v -0.083816 -0.986636 -0.161951
v -0.097068 -0.988799 -0.158008
v -0.071350 -0.971867 -0.163925
v -0.056537 -0.986811 -0.167854
v -0.067755 -1.002117 -0.166966
v -0.070299 -0.986720 -0.165244
v -0.053700 -1.013967 -0.170480
v -0.066455 -1.013774 -0.168195
v -0.133476 -1.016233 -0.144116
v -0.121428 -1.003393 -0.149322
v -0.119880 -1.016286 -0.150992
v -0.158471 -1.016476 -0.128320
v -0.147488 -1.004964 -0.134971
v -0.146327 -1.015953 -0.136562
v -0.160322 -0.992005 -0.124812
v -0.148898 -0.978610 -0.131679
v -0.135633 -0.990564 -0.140958
v -0.148340 -0.992495 -0.133358
v -0.124407 -0.976564 -0.145710
v -0.123661 -0.990765 -0.147236
v -0.160729 -0.955628 -0.121042
v -0.149978 -0.928640 -0.126902
v -0.137402 -0.952733 -0.136875
v -0.149779 -0.952638 -0.128920
v -0.160244 -0.909148 -0.117537
v -0.148311 -0.876634 -0.124081
v -0.137712 -0.902671 -0.132972
v -0.149858 -0.905106 -0.125107
v -0.124715 -0.870000 -0.138202
v -0.111514 -0.895481 -0.146340
v -0.124895 -0.925837 -0.141936
v -0.124899 -0.899121 -0.140071
v -0.110861 -0.949294 -0.150097
v -0.124035 -0.949958 -0.144062
v -0.171018 -1.004209 -0.117349
v -0.182049 -0.993484 -0.105921
v -0.171901 -0.980357 -0.113936
v -0.171596 -0.993906 -0.115706
v -0.182031 -1.014766 -0.108327
v -0.170246 -1.015215 -0.119010
v -0.201444 -1.015282 -0.087091
v -0.192449 -1.004907 -0.096348
v -0.192057 -1.015913 -0.098088
v -0.201513 -0.994630 -0.084075
v -0.191793 -0.981212 -0.094018
v -0.192669 -0.994518 -0.094743
v -0.181927 -0.957289 -0.102187
v -0.171716 -0.934763 -0.109904
v -0.171754 -0.957613 -0.111901
v -0.199991 -0.961913 -0.081642
v -0.190933 -0.936506 -0.090322
v -0.191379 -0.960817 -0.092205
v -0.197720 -0.915250 -0.079494
v -0.189323 -0.887940 -0.087383
v -0.180972 -0.912473 -0.098920
v -0.190131 -0.913295 -0.088889
v -0.170433 -0.885029 -0.106810
v -0.170945 -0.909374 -0.108432
v -0.194887 -0.855003 -0.077531
v -0.185528 -0.816917 -0.086081
v -0.178398 -0.851512 -0.096559
v -0.187504 -0.854613 -0.086734
v -0.190958 -0.781292 -0.076800
v -0.181773 -0.737260 -0.084972
v -0.174716 -0.776807 -0.094890
v -0.183585 -0.777679 -0.085560
v -0.163284 -0.731216 -0.102636
v -0.155565 -0.771691 -0.111429
v -0.167606 -0.811130 -0.103909
v -0.165922 -0.772293 -0.102896
v -0.158911 -0.847439 -0.113943
v -0.169398 -0.847684 -0.105018
v -0.206243 -0.939397 -0.070039
v -0.211035 -0.914530 -0.058679
v -0.203522 -0.891298 -0.068409
v -0.205142 -0.914864 -0.068704
v -0.208456 -0.983374 -0.072501
v -0.214388 -0.961077 -0.059249
v -0.207673 -0.961459 -0.070636
v -0.221774 -0.982641 -0.048066
v -0.224806 -0.962901 -0.035524
v -0.218454 -0.938643 -0.047161
v -0.220687 -0.963276 -0.046387
v -0.221207 -0.916870 -0.035447
v -0.214908 -0.890604 -0.047147
v -0.216727 -0.917284 -0.047212
v -0.207434 -0.858283 -0.058338
v -0.199682 -0.819308 -0.067542
v -0.201488 -0.854921 -0.068079
v -0.216989 -0.857575 -0.036780
v -0.210827 -0.820860 -0.047206
v -0.212925 -0.857942 -0.047170
v -0.212526 -0.784790 -0.038434
v -0.206257 -0.740779 -0.048780
v -0.203269 -0.781319 -0.058286
v -0.208252 -0.780582 -0.048515
v -0.194908 -0.741400 -0.068525
v -0.197508 -0.781410 -0.067689
v -0.208374 -0.703771 -0.039891
v -0.202260 -0.660280 -0.050300
v -0.199025 -0.699861 -0.058717
v -0.204394 -0.701630 -0.048775
v -0.204879 -0.617865 -0.041949
v -0.198282 -0.572208 -0.051739
v -0.195314 -0.613300 -0.060011
v -0.200510 -0.616572 -0.051134
v -0.187374 -0.572547 -0.068632
v -0.182792 -0.612158 -0.076812
v -0.191243 -0.656775 -0.068191
v -0.189417 -0.612827 -0.068583
v -0.186687 -0.699357 -0.076364
v -0.193248 -0.699698 -0.067678
v -0.218050 -0.821663 -0.026569
v -0.218043 -0.779550 -0.017762
v -0.213791 -0.740501 -0.028785
v -0.215786 -0.784202 -0.028163
v -0.222418 -0.889664 -0.024737
v -0.222485 -0.856280 -0.014214
v -0.220120 -0.856943 -0.026183
v -0.225751 -0.888381 -0.001515
v -0.223860 -0.854602 0.008904
v -0.221656 -0.820159 -0.003950
v -0.223703 -0.855469 -0.002084
v -0.220028 -0.777699 0.004739
v -0.217806 -0.739032 -0.008025
v -0.219578 -0.778687 -0.005992
v -0.214184 -0.698686 -0.020938
v -0.210146 -0.661086 -0.031280
v -0.211833 -0.703457 -0.030036
v -0.217016 -0.696971 0.000280
v -0.214689 -0.656818 -0.011333
v -0.216163 -0.698957 -0.009638
v -0.214118 -0.611155 -0.002684
v -0.210940 -0.569398 -0.014295
v -0.211098 -0.612824 -0.022929
v -0.213072 -0.613425 -0.012821
v -0.206266 -0.573561 -0.033540
v -0.208459 -0.617677 -0.032501
v -0.209988 -0.527145 -0.006899
v -0.206736 -0.484081 -0.017542
v -0.206623 -0.528685 -0.025970
v -0.208645 -0.527411 -0.016707
v -0.206379 -0.442726 -0.009223
v -0.202488 -0.395903 -0.019574
v -0.202732 -0.444019 -0.027455
v -0.204808 -0.439730 -0.018510
v -0.197600 -0.400091 -0.036675
v -0.196201 -0.443897 -0.044590
v -0.201758 -0.488649 -0.035771
v -0.199827 -0.444127 -0.036191
v -0.200087 -0.528979 -0.044265
v -0.203756 -0.528981 -0.035227
v -0.215944 -0.653408 0.008212
v -0.213828 -0.608564 0.016973
v -0.212351 -0.565985 0.004857
v -0.214357 -0.610001 0.006546
v -0.218322 -0.736956 0.011961
v -0.216293 -0.694312 0.021259
v -0.217066 -0.695700 0.010767
v -0.215541 -0.728557 0.032884
v -0.212594 -0.686764 0.041047
v -0.214022 -0.650373 0.029166
v -0.214758 -0.691689 0.031445
v -0.210619 -0.605137 0.036798
v -0.210794 -0.562963 0.024397
v -0.212472 -0.606855 0.027461
v -0.210330 -0.524727 0.012054
v -0.208780 -0.481663 0.000529
v -0.210532 -0.526031 0.003100
v -0.207769 -0.521408 0.031554
v -0.208101 -0.479958 0.019344
v -0.209374 -0.524175 0.022277
v -0.205362 -0.437518 0.026368
v -0.204335 -0.391427 0.015176
v -0.207168 -0.440488 0.007722
v -0.206487 -0.435660 0.017356
v -0.204809 -0.397986 -0.002453
v -0.207078 -0.441770 -0.000800
v -0.201253 -0.353821 0.020707
v -0.199210 -0.317469 0.010021
v -0.202501 -0.357916 0.003856
v -0.202147 -0.356164 0.012157
v -0.195229 -0.277544 0.015071
v -0.191745 -0.239837 0.003210
v -0.195690 -0.278156 -0.001667
v -0.195615 -0.276504 0.006003
v -0.191218 -0.242470 -0.012525
v -0.194288 -0.279994 -0.017604
v -0.199176 -0.320951 -0.006757
v -0.195199 -0.279325 -0.010196
v -0.201358 -0.360156 -0.013140
v -0.202243 -0.359151 -0.004246
v -0.204678 -0.478736 0.038614
v -0.200974 -0.431792 0.045193
v -0.201779 -0.390681 0.032795
v -0.203339 -0.434277 0.036320
v -0.206499 -0.558940 0.043975
v -0.202625 -0.516370 0.050985
v -0.205647 -0.519003 0.040701
v -0.199726 -0.553221 0.063388
v -0.195665 -0.512981 0.069203
v -0.198711 -0.473063 0.057844
v -0.199385 -0.513528 0.060054
v -0.194239 -0.427632 0.064226
v -0.196744 -0.389302 0.051567
v -0.198062 -0.428990 0.054105
v -0.197697 -0.353416 0.039586
v -0.197087 -0.313799 0.027350
v -0.199969 -0.356283 0.029950
v -0.191877 -0.346400 0.057174
v -0.192893 -0.308388 0.044101
v -0.195119 -0.350594 0.048247
v -0.186917 -0.267038 0.049936
v -0.186966 -0.230682 0.036178
v -0.191994 -0.269809 0.031978
v -0.189780 -0.266979 0.040210
v -0.190408 -0.236214 0.019210
v -0.193885 -0.272633 0.022812
v -0.182505 -0.196175 0.041092
v -0.181701 -0.168658 0.029586
v -0.186618 -0.205980 0.024783
v -0.184638 -0.199175 0.032602
v -0.175687 -0.131960 0.034421
v -0.173727 -0.109618 0.023527
v -0.179548 -0.142640 0.017705
v -0.177748 -0.136416 0.025323
v -0.176296 -0.121449 0.006575
v -0.181754 -0.154177 0.001247
v -0.184706 -0.178132 0.012225
v -0.180965 -0.148847 0.009322
v -0.188786 -0.212468 0.007653
v -0.187903 -0.208643 0.015977
v -0.185893 -0.305120 0.063706
v -0.179612 -0.259904 0.067872
v -0.181285 -0.223518 0.054106
v -0.183292 -0.263635 0.059440
v -0.189243 -0.382637 0.070191
v -0.183613 -0.344195 0.076333
v -0.188006 -0.343805 0.066612
v -0.179371 -0.379293 0.088878
v -0.173224 -0.335272 0.094042
v -0.176800 -0.297054 0.081766
v -0.178290 -0.339889 0.085977
v -0.169847 -0.253431 0.087149
v -0.173301 -0.218756 0.073573
v -0.174948 -0.255424 0.077384
v -0.175820 -0.187653 0.060340
v -0.176839 -0.158005 0.046767
v -0.179407 -0.191925 0.050784
v -0.169495 -0.149183 0.066283
v -0.171604 -0.183028 0.070048
v -0.164833 -0.082488 0.060709
v -0.169406 -0.121526 0.054426
v -0.165490 -0.113769 0.063825
v -0.169868 -0.096357 0.042321
v -0.172495 -0.125554 0.044727
v -0.185155 -0.423041 0.083108
v -0.180364 -0.464580 0.094526
v -0.173639 -0.416522 0.101315
v -0.180034 -0.419376 0.091746
v -0.190984 -0.467326 0.075745
v -0.190239 -0.426904 0.073260
v -0.191365 -0.548306 0.081300
v -0.185991 -0.508949 0.088171
v -0.190859 -0.512137 0.079359
v -0.180323 -0.541648 0.099544
v -0.173888 -0.500336 0.106277
v -0.179975 -0.505177 0.097769
v -0.167577 -0.456716 0.111991
v -0.159916 -0.411067 0.118458
v -0.167133 -0.370807 0.106614
v -0.167482 -0.411113 0.109317
v -0.167136 -0.534425 0.116589
v -0.160265 -0.494018 0.122370
v -0.167140 -0.497730 0.114730
v -0.151887 -0.526965 0.132007
v -0.143422 -0.485780 0.137741
v -0.151831 -0.447909 0.128985
v -0.151994 -0.489815 0.130472
v -0.143219 -0.402515 0.134692
v -0.151983 -0.365852 0.124360
v -0.151847 -0.406507 0.126812
v -0.160216 -0.331074 0.112168
v -0.165680 -0.292304 0.099801
v -0.166490 -0.335351 0.104244
v -0.152434 -0.282904 0.116548
v -0.152581 -0.326187 0.120799
v -0.158290 -0.245243 0.104778
v -0.151269 -0.244184 0.114214
v -0.164694 -0.250374 0.095587
v -0.159565 -0.576541 0.126196
v -0.151313 -0.613988 0.133812
v -0.143117 -0.569385 0.140165
v -0.151111 -0.572952 0.133864
v -0.174016 -0.583375 0.110357
v -0.166922 -0.620193 0.119442
v -0.166610 -0.579763 0.118963
v -0.173761 -0.662503 0.112459
v -0.165817 -0.697989 0.121146
v -0.158902 -0.656680 0.127329
v -0.166983 -0.659733 0.119682
v -0.151021 -0.688716 0.133911
v -0.143235 -0.648785 0.139649
v -0.151289 -0.654053 0.133662
v -0.133920 -0.603669 0.146258
v -0.123596 -0.558785 0.152523
v -0.133393 -0.519454 0.146142
v -0.133637 -0.561922 0.146613
v -0.132492 -0.683686 0.146037
v -0.124095 -0.641886 0.150988
v -0.134037 -0.644394 0.145561
v -0.113147 -0.675198 0.155322
v -0.103165 -0.633787 0.160062
v -0.113411 -0.598281 0.157040
v -0.113280 -0.634867 0.156122
v -0.101952 -0.553235 0.162450
v -0.112665 -0.512857 0.157629
v -0.113030 -0.555889 0.157780
v -0.124193 -0.478348 0.150995
v -0.134809 -0.439797 0.143072
v -0.134144 -0.482002 0.144658
v -0.102724 -0.471832 0.161808
v -0.114531 -0.432289 0.155586
v -0.113724 -0.474953 0.156688
v -0.104484 -0.386381 0.160215
v -0.125497 -0.394045 0.148046
v -0.115279 -0.390113 0.154364
v -0.135144 -0.398089 0.141222
v -0.090916 -0.589036 0.165611
v -0.078679 -0.543850 0.170039
v -0.090129 -0.507395 0.166633
v -0.090443 -0.550860 0.166513
v -0.090959 -0.667157 0.163038
v -0.079822 -0.624626 0.167489
v -0.091539 -0.631031 0.163971
v -0.067375 -0.659803 0.169032
v -0.067107 -0.585485 0.171908
v -0.067819 -0.623155 0.170288
v -0.065990 -0.503250 0.173890
v -0.066394 -0.542164 0.173194
v -0.079365 -0.466444 0.170452
v -0.092225 -0.425724 0.165888
v -0.091278 -0.468988 0.166318
v -0.066448 -0.420063 0.174684
v -0.067024 -0.464305 0.174173
v -0.079855 -0.379311 0.170708
v -0.067409 -0.376592 0.174658
v -0.091837 -0.382458 0.166075
v -0.122058 -0.716018 0.151909
v -0.111361 -0.748505 0.157714
v -0.101660 -0.707998 0.159682
v -0.112616 -0.714467 0.155827
v -0.141774 -0.726509 0.141545
v -0.131234 -0.760047 0.149432
v -0.132193 -0.722400 0.147029
v -0.140599 -0.798219 0.146441
v -0.129837 -0.831149 0.153896
v -0.121667 -0.791311 0.155728
v -0.130685 -0.796700 0.151774
v -0.110444 -0.821359 0.161507
v -0.100221 -0.785382 0.163285
v -0.111069 -0.786366 0.159693
v -0.090048 -0.741420 0.164178
v -0.078672 -0.701347 0.165957
v -0.090338 -0.707073 0.162999
v -0.077927 -0.774190 0.168676
v -0.089838 -0.779363 0.166010
v -0.067608 -0.735251 0.169120
v -0.067031 -0.773557 0.170890
v -0.068086 -0.700455 0.168264
v -0.149233 -0.766774 0.138748
v -0.158044 -0.805856 0.134901
v -0.148456 -0.837066 0.143678
v -0.149462 -0.804070 0.141052
v -0.157656 -0.733267 0.130165
v -0.149944 -0.726456 0.135931
v -0.172648 -0.738140 0.116149
v -0.165382 -0.772433 0.126101
v -0.165801 -0.735833 0.122987
v -0.173135 -0.813460 0.121686
v -0.165112 -0.844257 0.131455
v -0.165528 -0.807559 0.128662
v -0.155223 -0.871002 0.141251
v -0.144431 -0.897873 0.150029
v -0.137247 -0.867845 0.152089
v -0.145934 -0.868906 0.147222
v -0.171284 -0.875907 0.128427
v -0.162777 -0.899780 0.137826
v -0.163994 -0.874782 0.134733
v -0.169979 -0.930497 0.134493
v -0.160926 -0.954155 0.143155
v -0.152843 -0.926672 0.146795
v -0.161762 -0.926665 0.140742
v -0.141837 -0.953274 0.154273
v -0.132129 -0.924823 0.157641
v -0.142374 -0.925223 0.152702
v -0.126165 -0.893179 0.158845
v -0.118369 -0.858723 0.160259
v -0.127993 -0.863226 0.156401
v -0.115567 -0.919696 0.163992
v -0.124712 -0.921374 0.160663
v -0.107385 -0.885336 0.165474
v -0.106448 -0.917892 0.166883
v -0.108342 -0.854336 0.163661
v -0.178342 -0.905386 0.124329
v -0.184782 -0.932237 0.120429
v -0.178138 -0.958151 0.129712
v -0.177987 -0.931338 0.127302
v -0.179869 -0.850066 0.117227
v -0.186313 -0.880628 0.112770
v -0.179006 -0.877400 0.120833
v -0.192793 -0.854536 0.101309
v -0.198709 -0.885374 0.096374
v -0.192864 -0.911340 0.108061
v -0.192403 -0.883879 0.105269
v -0.198989 -0.937522 0.103283
v -0.192372 -0.960492 0.115025
v -0.192256 -0.933433 0.111821
v -0.185598 -0.977181 0.124716
v -0.176266 -0.990367 0.134862
v -0.168940 -0.973539 0.138922
v -0.177422 -0.974070 0.132124
v -0.199921 -0.978757 0.108285
v -0.193079 -0.992096 0.118884
v -0.192974 -0.976890 0.116722
v -0.199708 -1.003629 0.112978
v -0.183884 -1.003189 0.129781
v -0.191800 -1.003700 0.122028
v -0.165929 -1.003887 0.143903
v -0.175521 -1.004590 0.136984
v -0.159065 -0.989610 0.147242
v -0.151448 -0.972719 0.150362
v -0.160916 -0.973081 0.144572
v -0.150775 -1.004142 0.153204
v -0.158590 -1.004167 0.148732
v -0.142327 -0.989484 0.156438
v -0.143085 -1.006108 0.157209
v -0.142466 -0.972499 0.155088
v -0.204691 -0.916971 0.091166
v -0.210716 -0.945466 0.085064
v -0.205634 -0.966585 0.097583
v -0.205091 -0.941542 0.094433
v -0.204113 -0.865003 0.084117
v -0.209968 -0.895129 0.077521
v -0.204600 -0.890327 0.087155
v -0.213733 -0.871579 0.064379
v -0.218357 -0.904209 0.058403
v -0.215099 -0.922563 0.071468
v -0.214703 -0.899807 0.067552
v -0.220619 -0.953014 0.063992
v -0.216969 -0.970840 0.077419
v -0.215653 -0.946456 0.075162
v -0.212037 -0.982541 0.090210
v -0.206694 -0.995165 0.101681
v -0.206362 -0.981807 0.099441
v -0.222404 -0.988383 0.069241
v -0.218545 -0.998711 0.081486
v -0.217862 -0.985566 0.079391
v -0.223824 -1.014082 0.073509
v -0.212936 -1.009401 0.094606
v -0.218790 -1.011789 0.084211
v -0.206997 -1.006987 0.103571
v -0.223143 -0.930762 0.050134
v -0.227484 -0.957254 0.041438
v -0.225647 -0.977094 0.055600
v -0.224139 -0.953762 0.053453
v -0.220913 -0.881193 0.043546
v -0.224717 -0.909641 0.035811
v -0.221694 -0.905306 0.047768
v -0.225035 -0.886694 0.021857
v -0.227695 -0.914518 0.012510
v -0.228250 -0.935408 0.026654
v -0.226682 -0.910571 0.023570
v -0.231203 -0.961112 0.016813
v -0.231725 -0.982737 0.030273
v -0.229887 -0.960557 0.029211
v -0.229934 -0.991544 0.045767
v -0.227547 -1.003778 0.059748
v -0.226682 -0.991153 0.057599
v -0.234343 -0.996314 0.020075
v -0.234007 -1.006274 0.033485
v -0.232769 -0.994043 0.032423
v -0.236865 -1.021664 0.021794
v -0.232203 -1.016687 0.048350
v -0.235165 -1.018596 0.034547
v -0.228406 -1.016213 0.061463
v -0.229645 -0.939631 0.002480
v -0.230557 -0.962086 -0.009533
v -0.233396 -0.983504 0.005290
v -0.231476 -0.961618 0.004259
v -0.226591 -0.915864 -0.012313
v -0.227719 -0.915196 0.001305
v -0.226359 -0.940695 -0.023636
v -0.224299 -0.916411 -0.024567
v -0.230294 -0.984201 -0.022340
v -0.228453 -0.962509 -0.022022
v -0.233933 -0.996772 -0.008787
v -0.236047 -1.006428 0.006290
v -0.234831 -0.996541 0.006311
v -0.228064 -0.995326 -0.035037
v -0.232695 -1.006779 -0.022739
v -0.231486 -0.995030 -0.022587
v -0.229926 -1.018795 -0.036639
v -0.236488 -1.020050 -0.008007
v -0.233860 -1.018588 -0.022847
v -0.237376 -1.020148 0.007022
v -0.216086 -0.842479 0.051912
v -0.217907 -0.810302 0.038091
v -0.221526 -0.848846 0.030632
v -0.219106 -0.843854 0.041311
v -0.213844 -0.768151 0.045970
v -0.218546 -0.775397 0.025021
v -0.216544 -0.770387 0.035511
v -0.221260 -0.814297 0.017663
v -0.219711 -0.776667 0.014321
v -0.223038 -0.849959 0.019739
v -0.208460 -0.835880 0.071257
v -0.211495 -0.800930 0.058689
v -0.212726 -0.837457 0.061124
v -0.198629 -0.825006 0.089156
v -0.203003 -0.793010 0.077425
v -0.203493 -0.830868 0.080975
v -0.197340 -0.752281 0.083390
v -0.201396 -0.717189 0.072219
v -0.206792 -0.760565 0.065127
v -0.202033 -0.755588 0.074895
v -0.210021 -0.722129 0.052340
v -0.210410 -0.762323 0.056101
v -0.197306 -0.678019 0.078744
v -0.201825 -0.640674 0.068305
v -0.206090 -0.682764 0.060472
v -0.201884 -0.680673 0.069900
v -0.196366 -0.594807 0.075693
v -0.204704 -0.600811 0.056515
v -0.201048 -0.597764 0.065632
v -0.209275 -0.646634 0.048968
v -0.207829 -0.602968 0.047258
v -0.209877 -0.684973 0.050247
v -0.192339 -0.785435 0.095136
v -0.185876 -0.747419 0.100561
v -0.191715 -0.708812 0.089021
v -0.191504 -0.749733 0.092610
v -0.186765 -0.817327 0.106107
v -0.192654 -0.823011 0.098329
v -0.179796 -0.781037 0.111539
v -0.180251 -0.816210 0.114093
v -0.179691 -0.703456 0.105764
v -0.179844 -0.740776 0.107981
v -0.186713 -0.668369 0.095982
v -0.192000 -0.632174 0.086787
v -0.192131 -0.671046 0.087748
v -0.180709 -0.626482 0.103294
v -0.180840 -0.665616 0.103922
v -0.186460 -0.589913 0.093099
v -0.180142 -0.586510 0.102370
v -0.191666 -0.592821 0.084509
v -0.174253 -0.108246 -0.002312
v -0.171974 -0.090733 -0.011554
v -0.172826 -0.109761 -0.017756
v -0.176871 -0.128158 -0.008719
v -0.173653 -0.108876 -0.010248
v -0.171882 -0.070172 -0.006814
v -0.169878 -0.049999 -0.017746
v -0.170155 -0.071456 -0.021819
v -0.171141 -0.070803 -0.014488
v -0.167636 -0.050777 -0.031984
v -0.167546 -0.074467 -0.035343
v -0.170137 -0.095027 -0.025591
v -0.168878 -0.071726 -0.028895
v -0.170530 -0.112539 -0.031881
v -0.175179 -0.129728 -0.023811
v -0.171652 -0.110221 -0.024991
v -0.181107 -0.157328 -0.014765
v -0.185252 -0.181852 -0.003655
v -0.181697 -0.156229 -0.006917
v -0.178568 -0.156072 -0.029008
v -0.183991 -0.183778 -0.019542
v -0.180249 -0.157923 -0.021536
v -0.186747 -0.214477 -0.023498
v -0.188579 -0.213790 -0.008325
v -0.187965 -0.214598 -0.015466
v -0.188842 -0.212509 -0.000057
v -0.173240 -0.096957 0.014068
v -0.172769 -0.084786 0.003986
v -0.173795 -0.102403 0.005783
v -0.171267 -0.086230 0.031752
v -0.171885 -0.071120 0.021083
v -0.172396 -0.091139 0.022752
v -0.169626 -0.043677 0.026560
v -0.169560 -0.028944 0.014024
v -0.171422 -0.055138 0.009270
v -0.170609 -0.047755 0.016865
v -0.170491 -0.042631 -0.002471
v -0.171889 -0.062572 0.001024
v -0.168633 -0.009449 0.020743
v -0.169039 -0.000477 0.009544
v -0.169263 -0.020550 0.003421
v -0.169012 -0.014148 0.011680
v -0.169558 0.015064 0.016888
v -0.170556 0.024713 0.006309
v -0.169120 0.006624 -0.001052
v -0.169487 0.011985 0.007952
v -0.168903 0.013305 -0.010775
v -0.168017 -0.007556 -0.016408
v -0.168829 -0.014430 -0.006847
v -0.168660 -0.000806 -0.008407
v -0.169563 -0.035576 -0.012585
v -0.169434 -0.026818 -0.004531
v -0.168981 -0.056526 0.038878
v -0.166151 -0.025672 0.044610
v -0.167729 -0.014147 0.031570
v -0.167985 -0.034132 0.035260
v -0.167329 -0.069036 0.050029
v -0.169462 -0.075671 0.040562
v -0.163763 -0.037552 0.057729
v -0.164240 -0.061570 0.060610
v -0.164738 0.001988 0.051018
v -0.164033 -0.016236 0.053733
v -0.166896 0.005837 0.039377
v -0.168430 0.009652 0.028394
v -0.167988 -0.001968 0.029405
v -0.166609 0.023732 0.048945
v -0.165468 0.013781 0.049609
v -0.170757 0.043047 0.049671
v -0.169647 0.030722 0.037122
v -0.168794 0.034920 0.048288
v -0.171701 0.034351 0.025646
v -0.169748 0.023396 0.026173
v -0.168285 0.017962 -0.019365
v -0.167572 0.026409 -0.027217
v -0.165571 0.017081 -0.033850
v -0.166937 0.007733 -0.025553
v -0.167011 0.017419 -0.026764
v -0.170013 0.036051 -0.021466
v -0.170027 0.043488 -0.029197
v -0.166903 0.034391 -0.035176
v -0.168579 0.036115 -0.028631
v -0.166633 0.042096 -0.042067
v -0.163281 0.031935 -0.047648
v -0.164472 0.026190 -0.040787
v -0.165226 0.034548 -0.041687
v -0.162491 0.013907 -0.046336
v -0.164129 0.005408 -0.039639
v -0.164198 0.015342 -0.039853
v -0.165848 -0.007471 -0.031149
v -0.167691 -0.020941 -0.022366
v -0.167070 -0.006971 -0.023627
v -0.163024 -0.009360 -0.044469
v -0.165411 -0.021571 -0.036110
v -0.164386 -0.007563 -0.038366
v -0.165237 -0.039019 -0.041059
v -0.167581 -0.034291 -0.027564
v -0.166363 -0.034449 -0.034381
v -0.168576 -0.033781 -0.020422
v -0.170716 0.029095 -0.003414
v -0.170522 0.032860 -0.012453
v -0.169447 0.022700 -0.011500
v -0.172378 0.035235 0.015362
v -0.173505 0.041691 0.004452
v -0.171752 0.032882 0.005520
v -0.175794 0.047927 0.014279
v -0.177150 0.054459 0.003157
v -0.173660 0.044785 -0.005156
v -0.175227 0.048201 0.003706
v -0.173458 0.047533 -0.014833
v -0.171837 0.040555 -0.013934
v -0.178944 0.056065 0.013352
v -0.179273 0.058356 0.002653
v -0.176344 0.052874 -0.006321
v -0.178102 0.055947 0.003138
v -0.180997 0.058701 0.013197
v -0.181772 0.062755 0.001694
v -0.178889 0.058594 -0.007482
v -0.180549 0.060654 0.002541
v -0.177854 0.055175 -0.015713
v -0.174311 0.048500 -0.022717
v -0.175528 0.051633 -0.014867
v -0.176701 0.053990 -0.015588
v -0.172180 0.044632 -0.022378
v -0.174375 0.049072 -0.014554
v -0.175589 0.049107 0.025080
v -0.178330 0.059693 0.035967
v -0.179791 0.061086 0.023646
v -0.177575 0.054808 0.024538
v -0.174034 0.047248 0.036326
v -0.173400 0.041167 0.025011
v -0.175279 0.056518 0.049642
v -0.173025 0.049815 0.049131
v -0.179687 0.067832 0.049303
v -0.177604 0.062203 0.049016
v -0.181552 0.067628 0.035339
v -0.182117 0.065695 0.022734
v -0.180724 0.062477 0.023746
v -0.182070 0.071349 0.047872
v -0.180730 0.069106 0.048837
v -0.184312 0.075025 0.047455
v -0.183936 0.071876 0.034509
v -0.183072 0.072949 0.048384
v -0.184468 0.069862 0.021922
v -0.183123 0.066786 0.022150
v -0.176646 0.051989 -0.023623
v -0.176676 0.054806 -0.030964
v -0.173779 0.052512 -0.037220
v -0.174476 0.052568 -0.030658
v -0.175357 0.052608 -0.030680
v -0.178704 0.053183 -0.023704
v -0.178971 0.057856 -0.031405
v -0.176043 0.054812 -0.037537
v -0.177591 0.054854 -0.031016
v -0.175122 0.054057 -0.043388
v -0.171972 0.051521 -0.048785
v -0.172966 0.051673 -0.042948
v -0.174280 0.054004 -0.043345
v -0.169882 0.049972 -0.048625
v -0.170863 0.050372 -0.042966
v -0.171757 0.050429 -0.042967
v -0.171315 0.048846 -0.036592
v -0.171871 0.047688 -0.029838
v -0.172912 0.049019 -0.029996
v -0.167201 0.045825 -0.048632
v -0.168385 0.046454 -0.042627
v -0.169425 0.047825 -0.042787
v -0.165425 0.042839 -0.048209
v -0.169218 0.044823 -0.036069
v -0.167358 0.043668 -0.042251
v -0.170820 0.045012 -0.029431
v -0.181090 0.061680 -0.008409
v -0.179989 0.057416 -0.016100
v -0.178910 0.056320 -0.015853
v -0.183539 0.063185 0.012240
v -0.183816 0.065599 0.000563
v -0.182731 0.063782 0.001299
v -0.185518 0.065176 0.011164
v -0.185720 0.067376 0.000702
v -0.183274 0.064549 -0.008681
v -0.184752 0.066482 0.000190
v -0.182143 0.060410 -0.017013
v -0.181179 0.059461 -0.016657
v -0.169290 0.055799 -0.056256
v -0.166218 0.059568 -0.063077
v -0.167072 0.053325 -0.055924
v -0.168182 0.054575 -0.056097
v -0.171518 0.059156 -0.056769
v -0.168479 0.062782 -0.063398
v -0.170393 0.056978 -0.056426
v -0.166466 0.066746 -0.070077
v -0.164349 0.063651 -0.069902
v -0.165524 0.065706 -0.070042
v -0.162266 0.061364 -0.069787
v -0.163275 0.062522 -0.069862
v -0.163500 0.055025 -0.062970
v -0.164527 0.049493 -0.055885
v -0.165516 0.050892 -0.056090
v -0.157315 0.057527 -0.074795
v -0.159871 0.056550 -0.069284
v -0.161015 0.059024 -0.069557
v -0.155124 0.053566 -0.074962
v -0.157762 0.051638 -0.069316
v -0.161451 0.051037 -0.062486
v -0.158662 0.054398 -0.069544
v -0.162782 0.045146 -0.055375
v -0.163491 0.046705 -0.055533
v -0.153745 0.064302 -0.081332
v -0.148602 0.067605 -0.087810
v -0.151718 0.059346 -0.081489
v -0.152858 0.061756 -0.081172
v -0.150343 0.072452 -0.087891
v -0.154759 0.066698 -0.081440
v -0.144576 0.072900 -0.093204
v -0.145473 0.075364 -0.093182
v -0.143226 0.068800 -0.093233
v -0.143970 0.071497 -0.093235
v -0.146413 0.058031 -0.086851
v -0.148373 0.043874 -0.080048
v -0.152965 0.044119 -0.073873
v -0.150086 0.051942 -0.080442
v -0.137181 0.066921 -0.097553
v -0.140487 0.054539 -0.091584
v -0.141759 0.061324 -0.092429
v -0.134457 0.051004 -0.095888
v -0.138232 0.037134 -0.090138
v -0.143324 0.041615 -0.085614
v -0.139365 0.047080 -0.090818
v -0.146622 0.024753 -0.079386
v -0.150834 0.026297 -0.073510
v -0.147579 0.036350 -0.079399
v -0.155092 0.037111 -0.067811
v -0.159172 0.042273 -0.061658
v -0.156028 0.044297 -0.068671
v -0.153828 0.018421 -0.067416
v -0.157328 0.025215 -0.060753
v -0.154211 0.028175 -0.067559
v -0.159937 0.008472 -0.053557
v -0.160263 0.027723 -0.054467
v -0.159931 0.018487 -0.054028
v -0.161429 0.037611 -0.054625
v -0.142471 0.019802 -0.084146
v -0.147688 -0.000696 -0.077327
v -0.151114 0.004693 -0.072387
v -0.146980 0.011487 -0.078440
v -0.132863 0.027578 -0.094024
v -0.138255 0.009858 -0.088294
v -0.137939 0.023976 -0.089175
v -0.133775 -0.002378 -0.092088
v -0.139900 -0.020110 -0.086154
v -0.143842 -0.008493 -0.081987
v -0.138559 -0.004935 -0.087687
v -0.149806 -0.031261 -0.074536
v -0.152717 -0.022251 -0.070180
v -0.148428 -0.015564 -0.076306
v -0.155036 -0.006966 -0.065097
v -0.157703 0.000785 -0.059376
v -0.154222 0.004970 -0.066661
v -0.157364 -0.036022 -0.061516
v -0.159544 -0.027861 -0.056708
v -0.155990 -0.020923 -0.063670
v -0.163606 -0.047452 -0.046863
v -0.161278 -0.018483 -0.051052
v -0.162438 -0.031283 -0.049059
v -0.160514 -0.004517 -0.052163
v -0.147160 -0.046262 -0.077427
v -0.153643 -0.073141 -0.067098
v -0.155932 -0.056055 -0.064652
v -0.151823 -0.051166 -0.071209
v -0.137172 -0.038553 -0.088068
v -0.144800 -0.061860 -0.079216
v -0.141951 -0.040249 -0.083369
v -0.141724 -0.086967 -0.080430
v -0.148921 -0.109706 -0.073521
v -0.151091 -0.089221 -0.069502
v -0.146442 -0.086677 -0.075314
v -0.157758 -0.114200 -0.062400
v -0.159052 -0.099387 -0.057611
v -0.155034 -0.094524 -0.063929
v -0.160691 -0.079909 -0.053901
v -0.162336 -0.061647 -0.051066
v -0.159326 -0.057997 -0.058130
v -0.165140 -0.120778 -0.050905
v -0.165503 -0.105800 -0.044924
v -0.162149 -0.101246 -0.051683
v -0.171154 -0.126073 -0.037617
v -0.166001 -0.088167 -0.040237
v -0.167766 -0.106531 -0.038539
v -0.165164 -0.068199 -0.043338
v -0.158584 -0.140274 -0.067974
v -0.168063 -0.172590 -0.060670
v -0.167293 -0.146104 -0.055790
v -0.162795 -0.142240 -0.062354
v -0.148702 -0.139105 -0.079137
v -0.158921 -0.172079 -0.072970
v -0.154491 -0.141813 -0.073479
v -0.158862 -0.209613 -0.076860
v -0.167512 -0.241191 -0.069479
v -0.168434 -0.206114 -0.065207
v -0.163934 -0.208207 -0.071156
v -0.176411 -0.237608 -0.056924
v -0.176758 -0.209881 -0.052253
v -0.172883 -0.208469 -0.058905
v -0.175650 -0.178934 -0.047761
v -0.173607 -0.149965 -0.043044
v -0.170848 -0.149050 -0.049563
v -0.183492 -0.238484 -0.043014
v -0.182680 -0.210898 -0.038234
v -0.179970 -0.210246 -0.045408
v -0.188298 -0.239180 -0.027999
v -0.181110 -0.183812 -0.033634
v -0.184797 -0.210826 -0.030808
v -0.176495 -0.154187 -0.036135
v -0.176450 -0.280993 -0.061680
v -0.184274 -0.318740 -0.054096
v -0.184783 -0.279340 -0.047879
v -0.180946 -0.280472 -0.054950
v -0.165785 -0.281501 -0.074229
v -0.174611 -0.322134 -0.067697
v -0.171301 -0.279284 -0.068131
v -0.171639 -0.364262 -0.073802
v -0.179607 -0.401251 -0.067298
v -0.182722 -0.362926 -0.060403
v -0.177296 -0.361530 -0.067351
v -0.189889 -0.399164 -0.052595
v -0.191687 -0.360541 -0.045148
v -0.187315 -0.361972 -0.053362
v -0.191927 -0.322175 -0.039011
v -0.190584 -0.280316 -0.033649
v -0.188110 -0.279964 -0.040484
v -0.197654 -0.360994 -0.029976
v -0.195130 -0.360908 -0.037254
v -0.196548 -0.318056 -0.023008
v -0.199782 -0.360052 -0.021668
v -0.192728 -0.280359 -0.025747
v -0.162319 -0.320265 -0.080224
v -0.158121 -0.360538 -0.086179
v -0.166666 -0.401880 -0.080918
v -0.165016 -0.361787 -0.080186
v -0.156099 -0.239611 -0.081191
v -0.152127 -0.281191 -0.086520
v -0.159653 -0.281384 -0.080128
v -0.142599 -0.240148 -0.092241
v -0.137595 -0.276516 -0.097027
v -0.147658 -0.318194 -0.091930
v -0.145520 -0.279029 -0.091573
v -0.141719 -0.360601 -0.098176
v -0.151302 -0.398734 -0.093359
v -0.150038 -0.362769 -0.092485
v -0.160663 -0.441160 -0.088514
v -0.170373 -0.485325 -0.082444
v -0.175845 -0.444604 -0.074279
v -0.168197 -0.442294 -0.081922
v -0.143853 -0.441975 -0.100921
v -0.153628 -0.480636 -0.096399
v -0.152512 -0.439369 -0.094782
v -0.146081 -0.525140 -0.104168
v -0.156159 -0.568152 -0.099054
v -0.163530 -0.528156 -0.091127
v -0.155103 -0.526713 -0.097812
v -0.173421 -0.566207 -0.084148
v -0.179055 -0.530824 -0.076192
v -0.171665 -0.528287 -0.083767
v -0.182978 -0.486365 -0.068703
v -0.186914 -0.442492 -0.060431
v -0.181400 -0.445765 -0.067919
v -0.190510 -0.528048 -0.061348
v -0.184830 -0.531673 -0.069334
v -0.193761 -0.488100 -0.052909
v -0.195744 -0.529385 -0.052877
v -0.191875 -0.443360 -0.052701
v -0.134321 -0.479113 -0.109112
v -0.124542 -0.521829 -0.116918
v -0.136076 -0.563223 -0.112462
v -0.135492 -0.523503 -0.110820
v -0.132728 -0.396519 -0.105425
v -0.123682 -0.438127 -0.112517
v -0.133521 -0.437474 -0.107094
v -0.111817 -0.394796 -0.116234
v -0.101420 -0.434451 -0.122593
v -0.112665 -0.478101 -0.120341
v -0.112176 -0.436154 -0.118041
v -0.101601 -0.518586 -0.127363
v -0.113778 -0.557733 -0.124108
v -0.112708 -0.520118 -0.122668
v -0.126183 -0.605120 -0.120390
v -0.139313 -0.645103 -0.114755
v -0.148692 -0.607990 -0.106729
v -0.137677 -0.604521 -0.113766
v -0.102691 -0.601696 -0.131280
v -0.116828 -0.644663 -0.127186
v -0.115155 -0.599321 -0.125725
v -0.105246 -0.678723 -0.134488
v -0.118907 -0.723245 -0.131504
v -0.129833 -0.685528 -0.122765
v -0.117650 -0.684364 -0.129147
v -0.142964 -0.729585 -0.117850
v -0.152174 -0.692153 -0.108568
v -0.141406 -0.687762 -0.115839
v -0.159576 -0.649377 -0.100576
v -0.166586 -0.610218 -0.092923
v -0.157936 -0.609118 -0.099985
v -0.170992 -0.693847 -0.093008
v -0.161436 -0.692966 -0.101388
v -0.177296 -0.655615 -0.084762
v -0.179416 -0.695446 -0.084613
v -0.175468 -0.611318 -0.084648
v -0.091019 -0.637475 -0.137512
v -0.079297 -0.676906 -0.143462
v -0.094059 -0.717317 -0.141760
v -0.092949 -0.677868 -0.139178
v -0.088508 -0.559125 -0.134259
v -0.077469 -0.595629 -0.139634
v -0.089588 -0.596355 -0.135921
v -0.062820 -0.552588 -0.140970
v -0.049387 -0.593391 -0.145713
v -0.064962 -0.635961 -0.144720
v -0.063609 -0.594653 -0.143054
v -0.052945 -0.676741 -0.149377
v -0.068009 -0.715458 -0.149228
v -0.066816 -0.676174 -0.146594
v -0.081557 -0.758635 -0.148685
v -0.095071 -0.795623 -0.146704
v -0.107310 -0.761494 -0.139597
v -0.095247 -0.759644 -0.144280
v -0.054698 -0.753671 -0.154561
v -0.068480 -0.794438 -0.154380
v -0.068874 -0.753759 -0.151721
v -0.054961 -0.828439 -0.159190
v -0.070656 -0.864935 -0.158097
v -0.082796 -0.829333 -0.152885
v -0.069910 -0.828939 -0.156233
v -0.097823 -0.865588 -0.150020
v -0.110095 -0.831411 -0.142939
v -0.096757 -0.829830 -0.148289
v -0.121600 -0.800927 -0.135273
v -0.132669 -0.766006 -0.126847
v -0.120222 -0.760940 -0.133506
v -0.135726 -0.839087 -0.129800
v -0.123099 -0.834742 -0.136786
v -0.145973 -0.806200 -0.120777
v -0.147638 -0.841339 -0.122096
v -0.144403 -0.766814 -0.119394
v -0.042321 -0.789546 -0.158581
v -0.028527 -0.824079 -0.162071
v -0.043731 -0.860765 -0.162683
v -0.042681 -0.828284 -0.160941
v -0.040957 -0.714380 -0.153780
v -0.027240 -0.752511 -0.157753
v -0.041712 -0.752803 -0.156402
v -0.013173 -0.713943 -0.155596
v 0.004103 -0.753564 -0.159285
v -0.014418 -0.789180 -0.160450
v -0.013902 -0.752347 -0.158221
v 0.006461 -0.825915 -0.164082
v -0.015130 -0.860470 -0.164668
v -0.015145 -0.823933 -0.162576
v -0.029527 -0.891009 -0.165678
v -0.043950 -0.919033 -0.165762
v -0.056809 -0.892425 -0.162406
v -0.043208 -0.891107 -0.164348
v 0.007447 -0.889224 -0.167640
v -0.016306 -0.915772 -0.167608
v -0.015732 -0.890971 -0.166258
v 0.007336 -0.938954 -0.170403
v -0.017315 -0.966955 -0.170245
v -0.030430 -0.941358 -0.168281
v -0.016544 -0.941394 -0.168925
v -0.043736 -0.969437 -0.168472
v -0.057981 -0.943552 -0.164993
v -0.043587 -0.944268 -0.167137
v -0.071208 -0.919108 -0.161041
v -0.084900 -0.895036 -0.156018
v -0.071671 -0.891410 -0.159349
v -0.085455 -0.947114 -0.158913
v -0.070638 -0.944203 -0.162564
v -0.098870 -0.922487 -0.153112
v -0.098477 -0.947126 -0.154750
v -0.097739 -0.895235 -0.151838
v 0.007163 -0.980315 -0.172854
v -0.016169 -0.998371 -0.172598
v -0.030008 -0.984620 -0.170800
v -0.017469 -0.982318 -0.171251
v 0.006984 -1.009023 -0.175142
v -0.028843 -1.012347 -0.173103
v -0.016199 -1.010567 -0.173606
v -0.041375 -1.000318 -0.171026
v -0.041247 -1.012235 -0.172000
v -0.042562 -0.984564 -0.169658
v -0.025918 -0.674782 -0.152513
v -0.010207 -0.634433 -0.150916
v 0.003225 -0.671812 -0.153459
v -0.011497 -0.674668 -0.153123
v -0.037603 -0.634842 -0.149222
v -0.039070 -0.675088 -0.151274
v -0.036261 -0.551113 -0.145174
v -0.023587 -0.592962 -0.148534
v -0.036465 -0.593350 -0.147462
v -0.009924 -0.550465 -0.146685
v 0.003542 -0.595677 -0.149693
v -0.009758 -0.592760 -0.149013
v -0.023912 -0.512558 -0.144177
v -0.012259 -0.469734 -0.142347
v 0.003543 -0.510762 -0.145172
v -0.011556 -0.512343 -0.144699
v -0.050360 -0.511723 -0.141193
v -0.036980 -0.470449 -0.140596
v -0.036469 -0.513039 -0.143148
v -0.051026 -0.426669 -0.136471
v -0.038958 -0.385893 -0.136077
v -0.024847 -0.427353 -0.139607
v -0.038652 -0.428019 -0.138324
v -0.012929 -0.384930 -0.138118
v 0.003882 -0.425587 -0.140647
v -0.012527 -0.427084 -0.140305
v -0.025576 -0.347959 -0.136018
v -0.012883 -0.305717 -0.135208
v 0.003548 -0.345793 -0.137126
v -0.013165 -0.347614 -0.136840
v -0.051550 -0.347497 -0.132760
v -0.039099 -0.307020 -0.133185
v -0.039375 -0.348714 -0.134590
v -0.050964 -0.265307 -0.130272
v -0.037565 -0.222065 -0.131004
v -0.025281 -0.265339 -0.133242
v -0.037540 -0.266120 -0.132134
v -0.011469 -0.220639 -0.132555
v 0.001659 -0.263000 -0.134052
v -0.012816 -0.264829 -0.133875
v -0.025280 -0.182980 -0.130793
v -0.011373 -0.141902 -0.128832
v 0.001052 -0.185017 -0.131696
v -0.011359 -0.182350 -0.131366
v -0.050483 -0.186342 -0.128345
v -0.037225 -0.143483 -0.127230
v -0.037440 -0.183831 -0.129850
v -0.047893 -0.100386 -0.121361
v -0.023346 -0.101732 -0.123969
v -0.036485 -0.102721 -0.123013
v 0.001418 -0.099634 -0.124406
v -0.011361 -0.097713 -0.124030
v -0.064415 -0.309351 -0.128843
v -0.075384 -0.265957 -0.125053
v -0.062422 -0.224699 -0.127270
v -0.062689 -0.264164 -0.128081
v -0.064590 -0.387858 -0.131778
v -0.077729 -0.347818 -0.126812
v -0.064792 -0.350815 -0.130169
v -0.088994 -0.390950 -0.125120
v -0.101073 -0.351585 -0.118920
v -0.088375 -0.312865 -0.122241
v -0.088969 -0.349489 -0.123344
v -0.098231 -0.270223 -0.117514
v -0.085772 -0.228503 -0.121192
v -0.087643 -0.268074 -0.121358
v -0.073601 -0.188291 -0.123700
v -0.060356 -0.146018 -0.124072
v -0.062510 -0.186576 -0.126224
v -0.095653 -0.192751 -0.116692
v -0.082947 -0.149831 -0.118552
v -0.084268 -0.190258 -0.120665
v -0.091027 -0.110968 -0.111690
v -0.069992 -0.106815 -0.117877
v -0.080250 -0.108640 -0.115213
v -0.059220 -0.105216 -0.120074
v -0.110579 -0.312823 -0.113461
v -0.119138 -0.275400 -0.107914
v -0.107315 -0.233417 -0.112869
v -0.108374 -0.272593 -0.113200
v -0.122624 -0.356003 -0.109126
v -0.111503 -0.353628 -0.114481
v -0.130780 -0.317820 -0.102945
v -0.132764 -0.359628 -0.103655
v -0.125704 -0.238731 -0.103356
v -0.128213 -0.277996 -0.102886
v -0.114594 -0.197906 -0.108304
v -0.102374 -0.154487 -0.111476
v -0.105370 -0.195244 -0.112677
v -0.132331 -0.203811 -0.098130
v -0.119755 -0.159897 -0.103085
v -0.123299 -0.200682 -0.103614
v -0.123930 -0.128355 -0.097209
v -0.107919 -0.119199 -0.105118
v -0.116035 -0.121891 -0.101047
v -0.099317 -0.116660 -0.108933
v -0.064280 -0.472279 -0.136191
v -0.076254 -0.431092 -0.131009
v -0.064443 -0.429859 -0.133941
v -0.076152 -0.515805 -0.135776
v -0.062699 -0.514627 -0.139005
v -0.089197 -0.474882 -0.129438
v -0.089217 -0.516549 -0.131816
v -0.089081 -0.432678 -0.127108
v -0.146309 -0.205011 -0.087966
v -0.134957 -0.165584 -0.093751
v -0.139290 -0.202289 -0.093214
v -0.148163 -0.171115 -0.083768
v -0.152819 -0.207558 -0.082564
v -0.138758 -0.104614 -0.083246
v -0.137570 -0.133985 -0.088197
v -0.143013 -0.136462 -0.084008
v -0.126811 -0.099129 -0.092479
v -0.130993 -0.131177 -0.092768
v -0.134678 -0.054807 -0.089296
v -0.130769 -0.075673 -0.090510
v -0.136807 -0.081643 -0.085242
v -0.129314 -0.008529 -0.095240
v -0.125079 -0.022645 -0.097589
v -0.131332 -0.030608 -0.093048
v -0.117360 0.010821 -0.103348
v -0.121620 -0.041932 -0.098708
v -0.118409 -0.015338 -0.101691
v -0.124749 -0.069996 -0.095140
v -0.128169 0.025003 -0.097389
v -0.122914 0.017432 -0.100488
v -0.128429 0.007667 -0.096419
v -0.129028 0.053980 -0.100464
v -0.123414 0.051068 -0.103433
v -0.127908 0.039407 -0.098917
v -0.118507 0.075341 -0.109901
v -0.117234 0.047056 -0.106174
v -0.118424 0.062360 -0.107912
v -0.117309 0.029661 -0.104413
v -0.131652 0.070218 -0.102114
v -0.125127 0.073037 -0.106394
v -0.130220 0.061712 -0.101302
v -0.128250 0.088657 -0.106748
v -0.132872 0.077831 -0.102653
v -0.121553 0.091031 -0.110334
v -0.122132 0.099282 -0.110789
v -0.120617 0.084005 -0.110048
v -0.186177 0.075552 0.032832
v -0.186321 0.071749 0.021007
v -0.185441 0.070825 0.021438
v -0.183852 0.079101 0.060635
v -0.186335 0.078010 0.046003
v -0.185495 0.076989 0.046509
v -0.185781 0.082122 0.059126
v -0.187853 0.080265 0.046109
v -0.187825 0.077624 0.032985
v -0.187067 0.079359 0.046570
v -0.188162 0.074405 0.020851
v -0.187315 0.073363 0.020263
v -0.216414 -0.993947 -0.061433
v -0.223922 -1.005515 -0.048764
v -0.222972 -0.995647 -0.048463
v -0.209611 -1.006195 -0.074577
v -0.209436 -0.994319 -0.072950
v -0.218093 -1.016284 -0.062501
v -0.210210 -1.016656 -0.075294
v -0.224595 -1.017547 -0.049818
v -0.181330 0.093257 0.079118
v -0.184437 0.089153 0.068451
v -0.183397 0.087315 0.069493
v -0.179385 0.101746 0.086494
v -0.178590 0.100750 0.087182
v -0.181082 0.104375 0.084628
v -0.183119 0.096064 0.077379
v -0.180412 0.103473 0.085296
v -0.186078 0.091796 0.066900
v -0.185168 0.090129 0.067897
v -0.110897 0.258536 -0.088657
v -0.111047 0.248888 -0.095122
v -0.114189 0.257383 -0.089186
v -0.105366 0.259924 -0.087864
v -0.105865 0.250866 -0.094210
v -0.108242 0.259272 -0.088245
v -0.100298 0.241236 -0.100116
v -0.105494 0.239642 -0.100751
v -0.102930 0.240396 -0.100434
v -0.108831 0.238941 -0.100807
v -0.107920 0.284861 -0.060350
v -0.104134 0.278578 -0.069695
v -0.105258 0.270856 -0.078374
v -0.106337 0.277744 -0.070729
v -0.105618 0.290841 -0.047919
v -0.108405 0.290326 -0.048951
v -0.101328 0.291726 -0.046011
v -0.102803 0.285878 -0.058918
v -0.103247 0.291305 -0.046925
v -0.099984 0.279708 -0.068308
v -0.100638 0.272874 -0.076268
v -0.101538 0.278964 -0.069256
v -0.100396 0.262542 -0.085847
v -0.101086 0.253040 -0.092891
v -0.102733 0.261274 -0.086876
v -0.097254 0.264711 -0.083828
v -0.096979 0.255884 -0.090819
v -0.098768 0.263645 -0.084796
v -0.094068 0.249363 -0.095134
v -0.096801 0.245510 -0.097674
v -0.094984 0.247127 -0.096653
v -0.098627 0.243853 -0.098725
v -0.099879 0.286928 -0.057144
v -0.098196 0.280393 -0.067308
v -0.098024 0.273930 -0.075030
v -0.099045 0.280298 -0.067458
v -0.100538 0.294762 -0.031344
v -0.099447 0.292034 -0.045033
v -0.100294 0.291787 -0.045808
v -0.099195 0.294838 -0.030488
v -0.098505 0.292401 -0.044253
v -0.098429 0.287396 -0.056296
v -0.098835 0.292065 -0.044956
v -0.097198 0.281114 -0.066542
v -0.096756 0.274685 -0.074190
v -0.097497 0.280482 -0.067215
v -0.095775 0.265730 -0.082807
v -0.095096 0.258104 -0.088977
v -0.096518 0.265603 -0.082976
v -0.095142 0.267387 -0.081514
v -0.094014 0.259165 -0.088173
v -0.095373 0.266512 -0.082153
v -0.092281 0.252877 -0.092879
v -0.092749 0.250764 -0.094094
v -0.092537 0.251742 -0.093458
v -0.093253 0.249672 -0.094795
v -0.099791 0.294491 -0.016825
v -0.099123 0.291152 -0.002254
v -0.098861 0.294399 -0.015294
v -0.099195 0.294397 -0.016053
v -0.100555 0.291418 -0.003128
v -0.100679 0.294575 -0.017612
v -0.099160 0.285329 0.011441
v -0.100269 0.285750 0.010583
v -0.098165 0.284988 0.012294
v -0.098638 0.285316 0.011473
v -0.125475 0.243138 0.059299
v -0.121794 0.251233 0.052338
v -0.125450 0.251988 0.051378
v -0.122497 0.234856 0.066305
v -0.126331 0.235506 0.065496
v -0.115506 0.241812 0.061311
v -0.116777 0.234932 0.066820
v -0.116423 0.250632 0.053325
v -0.043190 0.171806 -0.130030
v -0.048010 0.180026 -0.128407
v -0.041090 0.180549 -0.129910
v -0.041820 0.177210 -0.129979
v -0.050209 0.167551 -0.128829
v -0.043715 0.163738 -0.130410
v -0.056070 0.177189 -0.126588
v -0.058377 0.169330 -0.126595
v -0.054149 0.186672 -0.126275
v -0.055370 0.182852 -0.126282
v 0.113192 0.176221 0.105632
v 0.122930 0.193139 0.095040
v 0.115104 0.204112 0.090095
v 0.109176 0.187189 0.100331
v 0.114333 0.189684 0.098499
v 0.126831 0.182905 0.099748
v 0.136082 0.198876 0.089237
v 0.128547 0.208462 0.085413
v 0.128414 0.196825 0.092124
v 0.136312 0.220147 0.076490
v 0.132116 0.228445 0.071286
v 0.125373 0.217629 0.079868
v 0.130571 0.219098 0.078202
v 0.121393 0.227458 0.073253
v 0.112387 0.215286 0.082944
v 0.118870 0.216395 0.081469
v 0.102670 0.206123 0.090330
v 0.095307 0.196123 0.097539
v 0.098673 0.176925 0.107338
v 0.101603 0.191691 0.099065
v 0.110893 0.226926 0.074449
v 0.101248 0.217806 0.082665
v 0.106905 0.216951 0.082351
v 0.102124 0.228122 0.074662
v 0.095551 0.219988 0.081964
v 0.092855 0.209648 0.089759
v 0.098187 0.218911 0.082269
v 0.084633 0.202181 0.095902
v 0.085787 0.189333 0.103079
v 0.089801 0.200060 0.096234
v 0.113641 0.158180 0.113047
v 0.125968 0.150615 0.113183
v 0.125914 0.166933 0.106835
v 0.118975 0.162985 0.110148
v 0.127280 0.131754 0.119728
v 0.137343 0.123466 0.119101
v 0.136224 0.142616 0.113064
v 0.132277 0.137897 0.115946
v 0.144113 0.135295 0.112636
v 0.144340 0.152083 0.106623
v 0.134892 0.159295 0.107417
v 0.139361 0.148142 0.110055
v 0.136434 0.175005 0.100623
v 0.130806 0.170858 0.104038
v 0.084389 0.173530 0.111821
v 0.083233 0.156049 0.120234
v 0.098034 0.161003 0.115203
v 0.091448 0.166196 0.113992
v 0.070888 0.187066 0.106774
v 0.068628 0.172763 0.114721
v 0.076490 0.180820 0.109353
v 0.054172 0.172875 0.116353
v 0.057937 0.150937 0.126196
v 0.070827 0.152507 0.123875
v 0.063134 0.161713 0.120723
v 0.073666 0.128981 0.133206
v 0.086357 0.133408 0.129354
v 0.078176 0.143251 0.126678
v 0.101246 0.135070 0.125517
v 0.115607 0.134381 0.122170
v 0.107124 0.147019 0.119206
v 0.094470 0.105223 0.137975
v 0.109191 0.106126 0.133838
v 0.096996 0.120333 0.132251
v 0.115772 0.075062 0.137579
v 0.127402 0.075364 0.132164
v 0.122200 0.106163 0.129447
v 0.118576 0.090711 0.134620
v 0.132841 0.103537 0.125875
v 0.124456 0.119605 0.124746
v 0.075278 0.081067 -0.125179
v 0.063377 0.103249 -0.128395
v 0.070199 0.125278 -0.127080
v 0.081229 0.108937 -0.124898
v 0.072565 0.104993 -0.126690
v 0.055416 0.077675 -0.128197
v 0.044780 0.097227 -0.130803
v 0.052412 0.119067 -0.130384
v 0.053357 0.099982 -0.129808
v 0.043801 0.133417 -0.131633
v 0.049225 0.156069 -0.130481
v 0.059809 0.140857 -0.128821
v 0.051121 0.138155 -0.130548
v 0.062983 0.161932 -0.127239
v 0.074042 0.146925 -0.125385
v 0.067054 0.143645 -0.127167
v 0.093679 0.061318 -0.119777
v 0.102357 0.019723 -0.114000
v 0.095274 -0.002018 -0.115056
v 0.085310 0.047897 -0.120611
v 0.094062 0.031714 -0.117154
v 0.109374 0.035388 -0.112652
v 0.117026 -0.005622 -0.107237
v 0.110965 -0.022784 -0.109090
v 0.109882 0.007163 -0.110716
v 0.121983 -0.064869 -0.102491
v 0.116907 -0.089845 -0.103994
v 0.106277 -0.047690 -0.109967
v 0.114862 -0.055881 -0.106316
v 0.100941 -0.078734 -0.110939
v 0.087754 -0.030383 -0.115937
v 0.097227 -0.039611 -0.113140
v 0.077259 0.010903 -0.119887
v 0.065693 0.046835 -0.124231
v 0.075590 0.046514 -0.122479
v 0.081202 -0.071630 -0.116822
v 0.068661 -0.029033 -0.119917
v 0.079009 -0.030433 -0.117960
v 0.060933 -0.068963 -0.120271
v 0.046690 -0.027009 -0.122721
v 0.056849 0.010285 -0.123171
v 0.057856 -0.027905 -0.121483
v 0.044949 0.042539 -0.126664
v 0.055407 0.044724 -0.125553
v 0.080826 0.142747 -0.124472
v 0.087125 0.142387 -0.123523
v 0.088056 0.109213 -0.123676
v 0.084100 0.126489 -0.124377
v 0.074357 0.176313 -0.123468
v 0.081770 0.169659 -0.122517
v 0.078602 0.158518 -0.123911
v 0.079950 0.198483 -0.118933
v 0.086919 0.196886 -0.117723
v 0.088141 0.169435 -0.121558
v 0.084633 0.184876 -0.120404
v 0.094452 0.172845 -0.120309
v 0.093064 0.145828 -0.122567
v 0.090180 0.156496 -0.122348
v 0.096975 0.108762 -0.121771
v 0.102811 0.068116 -0.118082
v 0.095612 0.086883 -0.121184
v 0.101638 0.143406 -0.121245
v 0.105775 0.109510 -0.119818
v 0.098324 0.127051 -0.121862
v 0.113211 0.107197 -0.117773
v 0.117077 0.071300 -0.113767
v 0.110961 0.071797 -0.115921
v 0.112165 0.089530 -0.116982
v 0.116199 0.038442 -0.110227
v 0.110228 0.055100 -0.114406
v 0.048250 0.062235 0.153484
v 0.029324 0.091747 0.150910
v 0.023889 0.057299 0.158141
v 0.042790 0.026420 0.159113
v 0.034915 0.059186 0.156075
v 0.032061 0.117363 0.142469
v 0.018417 0.140629 0.134635
v 0.015936 0.116382 0.144662
v 0.023786 0.116037 0.143897
v 0.007099 0.143213 0.134683
v 0.010055 0.090967 0.153207
v 0.008670 0.115256 0.145600
v 0.015408 0.024796 0.164670
v 0.011891 0.059658 0.159455
v 0.064994 0.055705 0.151189
v 0.061422 0.099349 0.145191
v 0.044289 0.108014 0.144510
v 0.053606 0.082785 0.150195
v 0.076342 0.100490 0.142852
v 0.057841 0.130497 0.134833
v 0.066448 0.115707 0.139243
v 0.042019 0.158001 0.124719
v 0.042662 0.136181 0.134216
v 0.050198 0.143513 0.130312
v 0.028709 0.149812 0.129769
v 0.036669 0.129003 0.137765
v 0.074481 0.010821 0.152072
v 0.091137 0.021723 0.143532
v 0.085073 0.061037 0.146953
v 0.079054 0.038863 0.147200
v 0.100432 -0.017251 0.143152
v 0.113379 -0.001731 0.132779
v 0.104956 0.034862 0.135772
v 0.102964 0.009740 0.138593
v 0.118474 0.043632 0.129256
v 0.102528 0.069261 0.142464
v 0.110998 0.053328 0.136287
v 0.091593 0.085800 0.143878
v 0.093958 0.200215 -0.115797
v 0.099467 0.208241 -0.113112
v 0.101288 0.181931 -0.118238
v 0.097949 0.191134 -0.117182
v 0.088501 0.214214 -0.112553
v 0.093623 0.218511 -0.110273
v 0.090279 0.207579 -0.114395
v 0.094099 0.230803 -0.104897
v 0.097600 0.237680 -0.101294
v 0.097976 0.224787 -0.107414
v 0.095197 0.227649 -0.106395
v 0.100851 0.232747 -0.103860
v 0.103236 0.217999 -0.109665
v 0.100094 0.220927 -0.108938
v 0.105439 0.202450 -0.114108
v 0.107966 0.185218 -0.117284
v 0.098999 0.165416 -0.120834
v 0.104283 0.183556 -0.117851
v 0.105215 0.229882 -0.105022
v 0.109350 0.216482 -0.109762
v 0.106006 0.217590 -0.109630
v 0.111931 0.228112 -0.105381
v 0.114477 0.215967 -0.109685
v 0.111026 0.202302 -0.113837
v 0.111752 0.216790 -0.109644
v 0.113160 0.188680 -0.116385
v 0.107832 0.170842 -0.119267
v 0.110608 0.186936 -0.116883
v 0.107407 0.151166 -0.120229
v 0.109745 0.132112 -0.119730
v 0.104075 0.147340 -0.120800
v 0.113335 0.159378 -0.119083
v 0.114052 0.141198 -0.119060
v 0.110384 0.156296 -0.119694
v 0.119285 0.132019 -0.117426
v 0.120352 0.109928 -0.115689
v 0.116724 0.121855 -0.117610
v 0.118267 0.127465 -0.117491
v 0.118792 0.092555 -0.115062
v 0.115154 0.115556 -0.117691
v 0.083594 0.212143 -0.114068
v 0.079222 0.203833 -0.117489
v 0.074606 0.199466 -0.119724
v 0.079475 0.207716 -0.116562
v 0.079258 0.205879 -0.117036
v 0.084005 0.207907 -0.115190
v 0.075419 0.193190 -0.120621
v 0.079318 0.201511 -0.118084
v 0.069309 0.170995 -0.124628
v 0.070398 0.188310 -0.122470
v 0.072541 0.183948 -0.122666
v 0.065724 0.185156 -0.124038
v 0.069714 0.195380 -0.121742
v 0.069669 0.192605 -0.122138
v 0.087590 0.221549 -0.109984
v 0.090736 0.227614 -0.106708
v 0.087676 0.218265 -0.111029
v 0.087658 0.219842 -0.110480
v 0.093289 0.236328 -0.102182
v 0.095826 0.242842 -0.098128
v 0.093443 0.233724 -0.103344
v 0.093309 0.234986 -0.102756
v 0.096299 0.240496 -0.099475
v 0.091202 0.224504 -0.107963
v 0.093734 0.232301 -0.104039
v 0.087877 0.216434 -0.111709
v 0.005605 0.159634 0.127363
v 0.008990 0.163360 0.125278
v 0.005059 0.166100 0.124429
v 0.005292 0.163929 0.125333
v 0.011108 0.151041 0.130803
v 0.006694 0.151636 0.130951
v 0.022284 0.150068 0.129993
v 0.014773 0.157613 0.127306
v 0.016883 0.149701 0.130723
v 0.017674 0.163519 0.124278
v 0.012420 0.166355 0.123570
v 0.013003 0.163568 0.124759
v 0.008889 -1.048290 0.184616
v 0.017574 -1.043412 0.184400
v 0.010502 -1.032031 0.183979
v 0.008819 -1.043258 0.184432
v 0.021467 -1.048135 0.184327
v 0.031167 -1.043859 0.183783
v 0.025846 -1.034584 0.183671
v 0.024390 -1.043321 0.184130
v 0.036586 -1.021399 0.182362
v 0.030914 -1.008446 0.182029
v 0.019606 -1.018204 0.183113
v 0.028176 -1.019885 0.182797
v 0.011726 -1.006584 0.182651
v 0.011109 -1.018155 0.183275
v 0.011323 0.172481 -0.133274
v 0.020615 0.169926 -0.133023
v 0.011657 0.164694 -0.133676
v 0.011449 0.169474 -0.133408
v 0.029325 0.174129 -0.132050
v 0.038873 0.172395 -0.130903
v 0.030657 0.164896 -0.132458
v 0.029818 0.170534 -0.132204
v 0.041116 0.157180 -0.131483
v 0.032430 0.149170 -0.133132
v 0.021727 0.156606 -0.133785
v 0.031522 0.157139 -0.132856
v 0.012204 0.149120 -0.134664
v 0.011923 0.156763 -0.134223
v 0.019671 -1.036895 -0.177841
v 0.030511 -1.043218 -0.177787
v 0.018280 -1.045445 -0.178564
v 0.018260 -1.041705 -0.178254
v 0.019313 -1.023713 -0.176601
v 0.030643 -1.033265 -0.176917
v 0.019750 -1.030893 -0.177280
v 0.042995 -1.027789 -0.175300
v 0.053959 -1.037361 -0.174833
v 0.041506 -1.040531 -0.176663
v 0.042974 -1.035415 -0.176010
v 0.052357 -1.045434 -0.175760
v 0.039890 -1.047139 -0.177268
v 0.041408 -1.044441 -0.176978
v 0.022755 0.163742 0.123780
v 0.025827 0.169742 0.120651
v 0.019729 0.169312 0.121491
v 0.020926 0.167434 0.122210
v 0.030473 0.162079 0.123903
v 0.025391 0.157885 0.126312
v 0.046042 0.167419 0.119741
v 0.034709 0.168987 0.120162
v 0.037902 0.164407 0.122025
v 0.039932 0.174098 0.117091
v 0.031073 0.173026 0.118562
v 0.032456 0.171785 0.118990
v 0.138295 0.177184 -0.116209
v 0.138619 0.189600 -0.114769
v 0.140284 0.201332 -0.112433
v 0.139387 0.189479 -0.114688
v 0.139047 0.189529 -0.114721
v 0.137118 0.178728 -0.116242
v 0.137375 0.191181 -0.114640
v 0.139228 0.202847 -0.112241
v 0.137978 0.189665 -0.114820
v 0.139995 0.214156 -0.109222
v 0.142093 0.223240 -0.106126
v 0.141288 0.212581 -0.109560
v 0.140664 0.212705 -0.109572
v 0.143458 0.222968 -0.106069
v 0.142209 0.212413 -0.109478
v 0.141869 0.212490 -0.109498
v 0.139032 0.164669 -0.116712
v 0.139953 0.151055 -0.116398
v 0.138084 0.164678 -0.116851
v 0.138692 0.164691 -0.116749
v 0.142408 0.139638 -0.115229
v 0.145367 0.128152 -0.113203
v 0.141655 0.139689 -0.115325
v 0.142069 0.139644 -0.115261
v 0.144385 0.128057 -0.113351
v 0.140536 0.139688 -0.115407
v 0.138716 0.152442 -0.116638
v 0.141215 0.139757 -0.115366
v 0.136906 0.164793 -0.116959
v 0.137627 0.164766 -0.116885
v 0.012304 0.114812 -0.134070
v 0.023012 0.095841 -0.132710
v 0.012101 0.076086 -0.131890
v 0.012686 0.097209 -0.133274
v 0.022738 0.132958 -0.134063
v 0.012217 0.132276 -0.134535
v 0.033918 0.116232 -0.132768
v 0.033297 0.132938 -0.133044
v 0.035191 0.074646 -0.130312
v 0.033930 0.096391 -0.131915
v 0.023817 0.044398 -0.128823
v 0.013094 0.011530 -0.126824
v 0.011795 0.044519 -0.129515
v 0.035268 0.008788 -0.125361
v 0.034462 0.044454 -0.127923
v 0.037804 -0.063857 -0.122286
v 0.025024 -0.025796 -0.124068
v 0.035264 -0.026349 -0.123600
v 0.014485 -0.062443 -0.122703
v 0.013378 -0.025278 -0.124128
v 0.063478 0.190451 0.105706
v 0.054695 0.184235 0.110314
v 0.066229 0.189524 0.105926
v 0.074422 0.196815 0.100368
v 0.064075 0.189806 0.106005
v 0.045464 0.179710 0.113754
v 0.048110 0.177558 0.114597
v 0.047085 0.179029 0.113919
v 0.058237 0.182064 0.111169
v 0.050963 0.175369 0.115379
v 0.077400 0.194651 0.101335
v 0.067670 0.188326 0.106486
v 0.081854 0.203462 0.095250
v 0.087003 0.212079 0.088703
v 0.080255 0.204407 0.094806
v 0.080808 0.204031 0.094975
v 0.088998 0.211398 0.089103
v 0.083112 0.202909 0.095536
v 0.097501 0.228403 0.075081
v 0.092409 0.219868 0.082370
v 0.093533 0.219588 0.082537
v 0.094982 0.227974 0.075589
v 0.091311 0.220181 0.082157
v 0.091728 0.220003 0.082255
v 0.097494 0.233790 0.070639
v 0.097893 0.239823 0.065417
v 0.096187 0.234118 0.070497
v 0.096688 0.233920 0.070536
v 0.100194 0.234263 0.070060
v 0.099507 0.239710 0.065549
v 0.098834 0.234567 0.069929
v 0.102252 0.247090 0.058788
v 0.102303 0.254396 0.051964
v 0.099750 0.246431 0.059538
v 0.100742 0.246355 0.059572
v 0.100494 0.253626 0.052687
v 0.098640 0.245638 0.060246
v 0.098877 0.245586 0.060265
v 0.103814 0.240825 0.064151
v 0.107595 0.248223 0.057379
v 0.106145 0.255738 0.050392
v 0.104406 0.247747 0.058059
v 0.106071 0.234017 0.069595
v 0.103051 0.234610 0.069407
v 0.114772 0.233444 0.069332
v 0.111052 0.240577 0.063715
v 0.111239 0.233906 0.069089
v 0.116110 0.248818 0.056181
v 0.112397 0.256763 0.048938
v 0.111615 0.248551 0.056763
v 0.104076 0.260381 0.045927
v 0.103619 0.266054 0.039836
v 0.101906 0.259653 0.046731
v 0.103109 0.260388 0.045943
v 0.105553 0.272483 0.032073
v 0.104984 0.278210 0.024438
v 0.103331 0.271213 0.033736
v 0.104240 0.271894 0.032931
v 0.103516 0.277627 0.025250
v 0.102350 0.270608 0.034531
v 0.102032 0.265314 0.040613
v 0.102669 0.270524 0.034534
v 0.100833 0.258950 0.047495
v 0.101391 0.259635 0.046698
v 0.109532 0.262263 0.043544
v 0.107012 0.267321 0.038192
v 0.106483 0.261756 0.044322
v 0.116389 0.263134 0.042081
v 0.112590 0.268323 0.036528
v 0.112821 0.262719 0.042781
v 0.117457 0.276535 0.025526
v 0.114203 0.281840 0.017709
v 0.110413 0.274728 0.028768
v 0.113982 0.275636 0.027117
v 0.107995 0.279760 0.021881
v 0.107534 0.273670 0.030416
v 0.121169 0.270257 0.033456
v 0.125864 0.277922 0.022594
v 0.121937 0.283009 0.014549
v 0.121929 0.277257 0.023966
v 0.121653 0.258137 0.046946
v 0.126749 0.264641 0.039488
v 0.121816 0.264033 0.040640
v 0.130198 0.259566 0.044780
v 0.134750 0.265697 0.037301
v 0.130677 0.272108 0.030057
v 0.130079 0.265356 0.038411
v 0.134945 0.279413 0.018890
v 0.131061 0.283779 0.011589
v 0.130506 0.278840 0.020552
v 0.117908 0.287733 0.005348
v 0.114079 0.292046 -0.006646
v 0.110980 0.286578 0.009409
v 0.114225 0.287398 0.006931
v 0.117304 0.293857 -0.022001
v 0.113499 0.293639 -0.032833
v 0.111115 0.294253 -0.018732
v 0.113923 0.294104 -0.020383
v 0.108698 0.294219 -0.030952
v 0.107346 0.294245 -0.015456
v 0.108996 0.291613 -0.003270
v 0.108878 0.294306 -0.017085
v 0.106703 0.285655 0.012021
v 0.108473 0.285988 0.011115
v 0.126333 0.288408 0.001678
v 0.121666 0.292004 -0.009850
v 0.121763 0.288043 0.003691
v 0.134292 0.289062 -0.002152
v 0.129495 0.291920 -0.012979
v 0.130758 0.288907 -0.000795
v 0.132515 0.292451 -0.027628
v 0.128053 0.291407 -0.037748
v 0.125171 0.293095 -0.024400
v 0.129260 0.292735 -0.026016
v 0.120838 0.292505 -0.035327
v 0.121113 0.293466 -0.022840
v 0.135011 0.291925 -0.015666
v 0.136016 0.292210 -0.029397
v 0.133367 0.290720 -0.039569
v 0.133969 0.292365 -0.028508
v 0.136694 0.284845 0.008523
v 0.137435 0.289470 -0.003944
v 0.135881 0.289258 -0.003039
v 0.140044 0.285172 0.007424
v 0.141109 0.289805 -0.005763
v 0.138378 0.292006 -0.017442
v 0.139585 0.289613 -0.004873
v 0.138926 0.292104 -0.030405
v 0.136205 0.290278 -0.041233
v 0.137433 0.292129 -0.030245
v 0.130145 0.286854 -0.051461
v 0.125234 0.281358 -0.062244
v 0.123368 0.288104 -0.049637
v 0.127140 0.287416 -0.050546
v 0.126607 0.273564 -0.072652
v 0.121588 0.266559 -0.080283
v 0.120312 0.274997 -0.071480
v 0.123834 0.274476 -0.071770
v 0.115603 0.268876 -0.078505
v 0.114232 0.276488 -0.070242
v 0.118833 0.283017 -0.060478
v 0.117496 0.275961 -0.070564
v 0.116097 0.289545 -0.047819
v 0.119619 0.288828 -0.048726
v 0.132700 0.286117 -0.053077
v 0.129596 0.280064 -0.063944
v 0.131421 0.286479 -0.052253
v 0.135923 0.285633 -0.054063
v 0.132407 0.279430 -0.064907
v 0.134613 0.285991 -0.053283
v 0.132020 0.272572 -0.073867
v 0.128371 0.265041 -0.081562
v 0.128972 0.272832 -0.073538
v 0.130231 0.272741 -0.073676
v 0.125446 0.265370 -0.081266
v 0.127841 0.273472 -0.072799
v 0.135061 0.278886 -0.065792
v 0.133800 0.272060 -0.074598
v 0.130576 0.264222 -0.082301
v 0.132565 0.272072 -0.074523
v 0.138710 0.289910 -0.042869
v 0.137943 0.285386 -0.054905
v 0.137181 0.285644 -0.054186
v 0.141356 0.289735 -0.043765
v 0.140748 0.285428 -0.055145
v 0.137277 0.278485 -0.066605
v 0.139345 0.285396 -0.055030
v 0.136500 0.272079 -0.074789
v 0.132606 0.264279 -0.082412
v 0.135125 0.272059 -0.074696
v 0.127047 0.255794 -0.089057
v 0.123231 0.247079 -0.094946
v 0.124685 0.256045 -0.088888
v 0.125848 0.255913 -0.088977
v 0.122076 0.236763 -0.100584
v 0.118595 0.226545 -0.105400
v 0.119234 0.237180 -0.100621
v 0.120912 0.236927 -0.100574
v 0.115963 0.227083 -0.105500
v 0.117013 0.237255 -0.100700
v 0.120985 0.247303 -0.094895
v 0.118127 0.237235 -0.100664
v 0.121831 0.256342 -0.088719
v 0.122982 0.256267 -0.088790
v 0.129096 0.254882 -0.089691
v 0.125951 0.246709 -0.095036
v 0.128099 0.255731 -0.089100
v 0.131292 0.254933 -0.089739
v 0.127887 0.246722 -0.095043
v 0.130375 0.254848 -0.089720
v 0.126948 0.236428 -0.100502
v 0.122829 0.226178 -0.105218
v 0.124247 0.236544 -0.100560
v 0.125541 0.236483 -0.100523
v 0.120787 0.226228 -0.105321
v 0.123109 0.236640 -0.100574
v 0.119259 0.215346 -0.109277
v 0.117436 0.203417 -0.112793
v 0.117158 0.215577 -0.109483
v 0.118231 0.215473 -0.109369
v 0.117615 0.190752 -0.115279
v 0.114971 0.175928 -0.117567
v 0.115332 0.189075 -0.115935
v 0.117011 0.189217 -0.115605
v 0.112814 0.175355 -0.118124
v 0.114698 0.203540 -0.113228
v 0.114251 0.188889 -0.116174
v 0.115526 0.215852 -0.109641
v 0.121479 0.215136 -0.109099
v 0.119559 0.203309 -0.112519
v 0.120362 0.215209 -0.109201
v 0.123686 0.215165 -0.108919
v 0.121430 0.203390 -0.112305
v 0.122259 0.215213 -0.109032
v 0.121532 0.191011 -0.114813
v 0.119264 0.176473 -0.116865
v 0.119314 0.190862 -0.115053
v 0.120587 0.190953 -0.114884
v 0.117323 0.176195 -0.117146
v 0.118169 0.190773 -0.115219
v 0.117371 0.162670 -0.117940
v 0.118490 0.147724 -0.117842
v 0.115438 0.160483 -0.118462
v 0.116380 0.162451 -0.118166
v 0.123035 0.135228 -0.116137
v 0.124805 0.120486 -0.114542
v 0.121432 0.134217 -0.116661
v 0.122246 0.134756 -0.116390
v 0.123217 0.118697 -0.115146
v 0.116609 0.146594 -0.118448
v 0.120146 0.132945 -0.117078
v 0.114410 0.159976 -0.118771
v 0.119058 0.163020 -0.117642
v 0.120408 0.148467 -0.117395
v 0.117909 0.162698 -0.117853
v 0.121276 0.163361 -0.117340
v 0.122239 0.148979 -0.117073
v 0.120342 0.163314 -0.117431
v 0.125944 0.137309 -0.115752
v 0.127864 0.123914 -0.113984
v 0.123843 0.136732 -0.116075
v 0.125003 0.137229 -0.115862
v 0.126058 0.123084 -0.114344
v 0.123579 0.135307 -0.116016
v 0.130272 0.111851 -0.111606
v 0.135716 0.101571 -0.107891
v 0.129374 0.109201 -0.111736
v 0.130066 0.110119 -0.111487
v 0.141571 0.093767 -0.103800
v 0.144739 0.080131 -0.099763
v 0.139864 0.089725 -0.104228
v 0.140650 0.091822 -0.104022
v 0.143218 0.075026 -0.100028
v 0.138471 0.085001 -0.104668
v 0.134134 0.097684 -0.108408
v 0.139179 0.087437 -0.104425
v 0.127769 0.106163 -0.112378
v 0.128415 0.107298 -0.112065
v 0.132003 0.113459 -0.111188
v 0.136600 0.104033 -0.107875
v 0.131069 0.112663 -0.111399
v 0.134274 0.114879 -0.110800
v 0.138489 0.105638 -0.107508
v 0.133074 0.114190 -0.110983
v 0.144726 0.098347 -0.103538
v 0.147831 0.086336 -0.099595
v 0.143318 0.096406 -0.103414
v 0.143503 0.096779 -0.103722
v 0.146447 0.083633 -0.099445
v 0.142284 0.094710 -0.103618
v 0.140836 0.107048 -0.107221
v 0.147047 0.099829 -0.103292
v 0.150104 0.089262 -0.099336
v 0.145878 0.099119 -0.103417
v 0.130597 0.125172 -0.113620
v 0.136716 0.115636 -0.110577
v 0.135322 0.114983 -0.110716
v 0.132813 0.126945 -0.113660
v 0.138909 0.117742 -0.110627
v 0.143367 0.108344 -0.106982
v 0.138113 0.116283 -0.110460
v 0.149518 0.101684 -0.103018
v 0.152452 0.091811 -0.099069
v 0.148377 0.101097 -0.103157
v 0.154210 0.083175 -0.094533
v 0.158536 0.079703 -0.089178
v 0.152101 0.080177 -0.094780
v 0.153219 0.082179 -0.094644
v 0.163607 0.074610 -0.083545
v 0.165786 0.063316 -0.077491
v 0.161591 0.071637 -0.083668
v 0.162566 0.072707 -0.083600
v 0.163648 0.060731 -0.077465
v 0.159540 0.068314 -0.083759
v 0.156560 0.076859 -0.089394
v 0.160539 0.069513 -0.083699
v 0.150325 0.077868 -0.095051
v 0.151196 0.079038 -0.094913
v 0.156467 0.086563 -0.094315
v 0.160598 0.082861 -0.088986
v 0.155339 0.084950 -0.094427
v 0.158546 0.088681 -0.094094
v 0.162440 0.084809 -0.088779
v 0.157444 0.087346 -0.094191
v 0.167143 0.079912 -0.083349
v 0.169870 0.072187 -0.077243
v 0.165468 0.077919 -0.083427
v 0.166248 0.078665 -0.083346
v 0.167832 0.067763 -0.077629
v 0.164579 0.076346 -0.083499
v 0.182223 0.077083 -0.071667
v 0.184536 0.074853 -0.065577
v 0.181592 0.076991 -0.071685
v 0.179151 0.079689 -0.077148
v 0.181886 0.077039 -0.071675
v 0.187293 0.073304 -0.059234
v 0.188938 0.069795 -0.052728
v 0.186496 0.072848 -0.059649
v 0.186965 0.073250 -0.059245
v 0.188161 0.068400 -0.052970
v 0.185881 0.072136 -0.059515
v 0.183771 0.074702 -0.066000
v 0.186219 0.072625 -0.059591
v 0.180762 0.077191 -0.072090
v 0.178518 0.079226 -0.077162
v 0.181105 0.077144 -0.072108
v 0.190943 0.070595 -0.047389
v 0.192166 0.070578 -0.041685
v 0.190326 0.069883 -0.047270
v 0.190612 0.070267 -0.047358
v 0.193930 0.071644 -0.035753
v 0.194833 0.070590 -0.029593
v 0.193182 0.070427 -0.036122
v 0.193612 0.071231 -0.035688
v 0.194096 0.068974 -0.029823
v 0.192620 0.069816 -0.035892
v 0.191456 0.069635 -0.042038
v 0.192914 0.070120 -0.036005
v 0.189564 0.068233 -0.047463
v 0.189881 0.069144 -0.047668
v 0.196727 0.072895 -0.021594
v 0.197727 0.074312 -0.013519
v 0.195988 0.071939 -0.022110
v 0.196285 0.072458 -0.022273
v 0.199309 0.076402 -0.003819
v 0.199825 0.077081 0.005304
v 0.198724 0.075823 -0.003602
v 0.199010 0.076099 -0.003742
v 0.199261 0.076718 0.005536
v 0.198048 0.075246 -0.004185
v 0.197187 0.074076 -0.013351
v 0.198358 0.075449 -0.004343
v 0.195436 0.071134 -0.021740
v 0.195710 0.071695 -0.021987
v 0.200822 0.081977 0.016663
v 0.200546 0.085810 0.028258
v 0.200230 0.081515 0.015803
v 0.200536 0.081859 0.016701
v 0.200219 0.090661 0.040020
v 0.198744 0.095348 0.051026
v 0.199700 0.089900 0.039211
v 0.200019 0.090150 0.039044
v 0.198054 0.094662 0.051615
v 0.199079 0.089348 0.039742
v 0.200012 0.085762 0.028422
v 0.199381 0.089529 0.039481
v 0.199672 0.081350 0.016049
v 0.199975 0.081528 0.015883
v 0.197643 0.101301 0.060010
v 0.195134 0.107404 0.068558
v 0.196927 0.100840 0.060413
v 0.197338 0.101228 0.060068
v 0.192996 0.114090 0.074725
v 0.188988 0.121820 0.080756
v 0.192208 0.113725 0.075179
v 0.192588 0.113909 0.074930
v 0.188138 0.121391 0.081364
v 0.191555 0.113480 0.075690
v 0.194716 0.106420 0.068147
v 0.191874 0.113589 0.075403
v 0.196545 0.100181 0.059763
v 0.196615 0.100687 0.060604
v 0.185035 0.131881 0.084859
v 0.180363 0.141394 0.087548
v 0.184607 0.130677 0.084945
v 0.185044 0.130822 0.084718
v 0.176845 0.151720 0.088537
v 0.172456 0.162362 0.088816
v 0.175866 0.151529 0.088993
v 0.176491 0.151742 0.088610
v 0.171839 0.161091 0.089351
v 0.174843 0.151230 0.089699
v 0.179980 0.140169 0.087851
v 0.175251 0.151301 0.089378
v 0.183782 0.130295 0.085681
v 0.184244 0.130554 0.085193
v 0.170623 0.171424 0.087569
v 0.167846 0.180530 0.085997
v 0.169342 0.171287 0.088098
v 0.169870 0.171327 0.087855
v 0.166312 0.190830 0.082886
v 0.163951 0.199832 0.079830
v 0.164993 0.190844 0.083349
v 0.165548 0.190819 0.083138
v 0.162856 0.199876 0.080188
v 0.164154 0.189694 0.084194
v 0.166581 0.180433 0.086538
v 0.164472 0.190843 0.083536
v 0.168102 0.171105 0.088762
v 0.168611 0.171141 0.088467
v 0.163442 0.209717 0.075115
v 0.162260 0.218201 0.070679
v 0.162444 0.208698 0.075992
v 0.162989 0.208652 0.075822
v 0.162566 0.226178 0.065595
v 0.161747 0.234071 0.060359
v 0.161547 0.226366 0.065784
v 0.162054 0.226284 0.065665
v 0.160684 0.234222 0.060599
v 0.160348 0.225460 0.066806
v 0.161261 0.217218 0.071603
v 0.160865 0.225380 0.066631
v 0.161371 0.208759 0.076360
v 0.161910 0.208705 0.076156
v 0.161978 0.243350 0.053148
v 0.161389 0.251350 0.046385
v 0.161053 0.242594 0.054051
v 0.161526 0.242504 0.053953
v 0.161462 0.258562 0.039333
v 0.160924 0.266054 0.031410
v 0.160527 0.257941 0.040250
v 0.161132 0.258660 0.039348
v 0.159841 0.265483 0.032432
v 0.159389 0.258095 0.040498
v 0.160322 0.250607 0.047392
v 0.160059 0.257997 0.040364
v 0.159903 0.241788 0.055084
v 0.160408 0.241706 0.054944
v 0.161088 0.273050 0.022630
v 0.160606 0.279053 0.013942
v 0.160140 0.272644 0.023545
v 0.160742 0.273158 0.022643
v 0.160873 0.284375 0.003747
v 0.160267 0.288413 -0.006968
v 0.159931 0.284194 0.004621
v 0.160464 0.284088 0.004538
v 0.159213 0.288392 -0.006034
v 0.158903 0.283996 0.005637
v 0.159526 0.278741 0.014940
v 0.159413 0.283899 0.005514
v 0.158999 0.272180 0.024594
v 0.159666 0.272715 0.023657
v 0.160062 0.290793 -0.018853
v 0.158470 0.291339 -0.030947
v 0.158997 0.290917 -0.018038
v 0.159565 0.290886 -0.018837
v 0.157755 0.289371 -0.043283
v 0.156053 0.286407 -0.052593
v 0.156836 0.289919 -0.041871
v 0.157248 0.289642 -0.042595
v 0.155016 0.286915 -0.051811
v 0.155662 0.290273 -0.040968
v 0.157563 0.291587 -0.030086
v 0.156406 0.290177 -0.041107
v 0.157994 0.291004 -0.017080
v 0.158546 0.290900 -0.017197
v 0.154973 0.280641 -0.063660
v 0.153088 0.274467 -0.072408
v 0.154162 0.281637 -0.062317
v 0.154561 0.281134 -0.062983
v 0.152205 0.267143 -0.080261
v 0.150317 0.259235 -0.087063
v 0.151306 0.267970 -0.079641
v 0.151820 0.267869 -0.079644
v 0.149257 0.260212 -0.086439
v 0.150114 0.268835 -0.078858
v 0.152157 0.275199 -0.071684
v 0.150763 0.268083 -0.079561
v 0.153010 0.282252 -0.061468
v 0.153647 0.281748 -0.062236
v 0.149167 0.250683 -0.092897
v 0.147222 0.243078 -0.097337
v 0.148325 0.251736 -0.092388
v 0.148855 0.251630 -0.092384
v 0.145684 0.232377 -0.102324
v 0.144856 0.233631 -0.101933
v 0.145208 0.232471 -0.102345
v 0.143416 0.233974 -0.101906
v 0.146100 0.243298 -0.097325
v 0.144111 0.233795 -0.101929
v 0.146944 0.252012 -0.092245
v 0.147753 0.251849 -0.092349
v 0.145802 0.286153 0.004562
v 0.144931 0.281121 0.014877
v 0.146267 0.275585 0.023511
v 0.147357 0.281526 0.013868
v 0.145895 0.281612 0.013984
v 0.143014 0.285840 0.005585
v 0.142053 0.280718 0.015909
v 0.143858 0.275024 0.024518
v 0.143471 0.281169 0.014991
v 0.142228 0.267602 0.034261
v 0.144055 0.261071 0.041373
v 0.145163 0.268169 0.033241
v 0.143659 0.267511 0.034165
v 0.147039 0.261685 0.040354
v 0.147518 0.268036 0.033012
v 0.146660 0.268085 0.033123
v 0.146385 0.290204 -0.007789
v 0.144021 0.292206 -0.020144
v 0.143412 0.290052 -0.006759
v 0.144914 0.290238 -0.007656
v 0.143990 0.291986 -0.032970
v 0.141687 0.292037 -0.031331
v 0.142589 0.292039 -0.032141
v 0.141390 0.292129 -0.019170
v 0.140249 0.292047 -0.031214
v 0.142502 0.290009 -0.006650
v 0.143027 0.253166 0.049457
v 0.144814 0.245280 0.056361
v 0.145985 0.253854 0.048461
v 0.144507 0.253948 0.048559
v 0.143586 0.237053 0.063250
v 0.145854 0.230080 0.068185
v 0.145822 0.236976 0.063063
v 0.145063 0.236942 0.063142
v 0.147970 0.229992 0.067985
v 0.149031 0.237599 0.062008
v 0.147760 0.246008 0.055355
v 0.147713 0.237767 0.062160
v 0.148831 0.254465 0.047401
v 0.146829 0.253847 0.048361
v 0.140985 0.261294 0.041610
v 0.139649 0.252571 0.050512
v 0.141599 0.244600 0.057383
v 0.141379 0.253315 0.049604
v 0.137573 0.260638 0.042649
v 0.135157 0.251876 0.051605
v 0.137137 0.244062 0.058444
v 0.137101 0.252766 0.050657
v 0.135628 0.235795 0.065268
v 0.138703 0.228532 0.070367
v 0.140269 0.236334 0.064327
v 0.137666 0.235638 0.065225
v 0.142586 0.229246 0.069281
v 0.142049 0.236150 0.064178
v 0.140231 0.274630 0.025591
v 0.138250 0.266428 0.036165
v 0.140593 0.266980 0.035186
v 0.138280 0.280393 0.017009
v 0.140480 0.280278 0.016846
v 0.136956 0.273474 0.027464
v 0.136640 0.279910 0.017937
v 0.136546 0.266458 0.036299
v 0.144370 0.221888 0.074135
v 0.146117 0.212872 0.079563
v 0.147390 0.221742 0.073747
v 0.145963 0.221811 0.073930
v 0.145609 0.201951 0.085723
v 0.145750 0.193300 0.090321
v 0.148447 0.203459 0.084411
v 0.146956 0.203351 0.084768
v 0.148767 0.193723 0.089313
v 0.150025 0.204796 0.083286
v 0.148933 0.212836 0.079036
v 0.149810 0.203527 0.084028
v 0.149319 0.222740 0.072702
v 0.148008 0.221752 0.073659
v 0.140698 0.221005 0.075330
v 0.142626 0.211660 0.080882
v 0.142607 0.220845 0.075091
v 0.138286 0.210538 0.082336
v 0.138524 0.220002 0.076329
v 0.136548 0.188388 0.094751
v 0.140690 0.200393 0.087613
v 0.138229 0.200326 0.088170
v 0.142032 0.191322 0.092087
v 0.143599 0.201830 0.086196
v 0.146261 0.180355 0.095831
v 0.150785 0.169935 0.098441
v 0.148861 0.182759 0.094147
v 0.148836 0.181242 0.094665
v 0.152617 0.158503 0.101594
v 0.155802 0.148995 0.103614
v 0.153830 0.160756 0.100517
v 0.152694 0.159935 0.101280
v 0.157799 0.150796 0.102012
v 0.156683 0.162645 0.098441
v 0.152726 0.172412 0.096780
v 0.155664 0.162027 0.099183
v 0.152278 0.183778 0.092498
v 0.151075 0.183444 0.093091
v 0.140675 0.177432 0.098640
v 0.146847 0.167668 0.100538
v 0.143554 0.179134 0.097119
v 0.142449 0.164210 0.103152
v 0.138597 0.176309 0.099593
v 0.149606 0.142029 0.108212
v 0.147694 0.155413 0.104589
v 0.146046 0.153817 0.105584
v 0.152886 0.145758 0.105920
v 0.149284 0.156822 0.103675
v 0.160909 0.137540 0.104000
v 0.168349 0.128504 0.100801
v 0.163691 0.139923 0.101658
v 0.162119 0.138418 0.103146
v 0.172643 0.117706 0.098216
v 0.177113 0.109359 0.093828
v 0.173863 0.120572 0.097110
v 0.173632 0.118678 0.097384
v 0.179038 0.112142 0.091699
v 0.175631 0.123026 0.094989
v 0.169405 0.131283 0.099507
v 0.174583 0.121471 0.096339
v 0.164795 0.142600 0.100139
v 0.163381 0.141205 0.101583
v 0.157946 0.133767 0.106356
v 0.164938 0.125079 0.103872
v 0.158873 0.135905 0.105556
v 0.154421 0.129754 0.108861
v 0.162554 0.121867 0.105385
v 0.155535 0.131958 0.108032
v 0.166894 0.110639 0.102428
v 0.172519 0.102741 0.097107
v 0.169242 0.113882 0.101198
v 0.168419 0.111814 0.101549
v 0.175479 0.106083 0.094885
v 0.171059 0.115864 0.099684
v 0.176102 0.092824 0.089245
v 0.180659 0.087779 0.078949
v 0.178195 0.096172 0.088650
v 0.177385 0.094085 0.088467
v 0.181365 0.079174 0.070048
v 0.183297 0.074201 0.060637
v 0.183728 0.083821 0.069367
v 0.182779 0.081592 0.069043
v 0.185776 0.077984 0.059080
v 0.186356 0.088199 0.067222
v 0.182946 0.091968 0.078147
v 0.185077 0.086082 0.068292
v 0.180412 0.100329 0.087411
v 0.179735 0.098361 0.087335
v 0.170070 0.094756 0.098216
v 0.172289 0.081174 0.090751
v 0.177653 0.080160 0.079717
v 0.173845 0.087043 0.090823
v 0.166037 0.081781 0.100576
v 0.166934 0.065884 0.091416
v 0.173280 0.067842 0.079842
v 0.170040 0.073463 0.090765
v 0.172502 0.054261 0.068266
v 0.175452 0.053915 0.058970
v 0.177525 0.068373 0.069898
v 0.175203 0.061757 0.069065
v 0.180039 0.066495 0.060686
v 0.179799 0.074077 0.069312
v 0.158507 0.114493 0.108965
v 0.163245 0.098116 0.106018
v 0.164979 0.104528 0.104369
v 0.148648 0.118840 0.114604
v 0.152286 0.124409 0.111289
v 0.144027 0.104222 0.119940
v 0.154512 0.101044 0.113433
v 0.146587 0.112525 0.116885
v 0.158857 0.083558 0.109534
v 0.161725 0.091626 0.107119
v 0.159698 0.062137 0.100577
v 0.160771 0.046929 0.087373
v 0.167481 0.051886 0.078225
v 0.163914 0.056393 0.089361
v 0.152397 0.040478 0.096629
v 0.154996 0.025046 0.086374
v 0.160800 0.029939 0.076886
v 0.157003 0.036136 0.087148
v 0.162114 0.011391 0.067817
v 0.165364 0.014922 0.058595
v 0.166050 0.033874 0.066562
v 0.163568 0.023028 0.066946
v 0.169716 0.036417 0.057849
v 0.168998 0.044558 0.067804
v 0.149970 0.082761 0.117700
v 0.153304 0.061077 0.107965
v 0.156321 0.072039 0.109571
v 0.139763 0.079872 0.125093
v 0.142275 0.093426 0.122615
v 0.132276 0.052189 0.123294
v 0.144414 0.057263 0.115401
v 0.136380 0.065602 0.125444
v 0.144547 0.037498 0.105298
v 0.148900 0.048894 0.105784
v 0.146231 0.012549 0.098793
v 0.151496 -0.011652 0.091338
v 0.157583 0.001715 0.078589
v 0.152517 0.007214 0.088744
v 0.144751 -0.030151 0.103308
v 0.151718 -0.058893 0.096189
v 0.157060 -0.042036 0.084272
v 0.151789 -0.036635 0.093406
v 0.162513 -0.072418 0.078166
v 0.165865 -0.056666 0.066476
v 0.160944 -0.026361 0.072771
v 0.161728 -0.049796 0.075517
v 0.164536 -0.012601 0.060196
v 0.161124 -0.005418 0.069965
v 0.134369 0.027991 0.113703
v 0.138845 0.000128 0.108669
v 0.141178 0.020566 0.105659
v 0.123967 0.015626 0.122849
v 0.126507 0.034981 0.121598
v 0.121157 -0.035468 0.129331
v 0.130613 -0.016591 0.118883
v 0.121911 -0.008396 0.126485
v 0.137527 -0.049247 0.114075
v 0.138483 -0.023826 0.110758
v 0.145154 -0.086391 0.108182
v 0.153215 -0.127234 0.101395
v 0.158078 -0.098306 0.089981
v 0.152127 -0.092694 0.099248
v 0.148514 -0.159193 0.113193
v 0.157011 -0.201740 0.107657
v 0.163253 -0.171180 0.095074
v 0.156232 -0.165569 0.104369
v 0.169830 -0.207658 0.089829
v 0.174744 -0.180651 0.076550
v 0.166249 -0.138266 0.082896
v 0.168880 -0.175920 0.086685
v 0.167837 -0.108438 0.070964
v 0.163280 -0.103547 0.080574
v 0.128855 -0.073908 0.125249
v 0.137973 -0.115091 0.118894
v 0.137408 -0.080515 0.116879
v 0.110581 -0.059111 0.140009
v 0.120910 -0.102856 0.134648
v 0.120554 -0.067725 0.132437
v 0.110603 -0.138398 0.146513
v 0.121975 -0.183082 0.142452
v 0.131536 -0.147834 0.129861
v 0.121047 -0.145094 0.139087
v 0.140814 -0.190485 0.125429
v 0.139602 -0.153362 0.122440
v 0.110800 -0.216233 0.152450
v 0.122003 -0.265659 0.146676
v 0.131460 -0.226920 0.137014
v 0.121440 -0.221740 0.144903
v 0.110511 -0.303397 0.156195
v 0.119073 -0.346372 0.152560
v 0.131307 -0.310257 0.142122
v 0.121125 -0.305697 0.149449
v 0.139225 -0.354992 0.137927
v 0.149665 -0.318521 0.126433
v 0.141334 -0.275514 0.131038
v 0.140859 -0.314851 0.134396
v 0.149392 -0.237513 0.120110
v 0.140821 -0.232221 0.128697
v 0.099626 -0.171703 0.157444
v 0.087642 -0.207444 0.166247
v 0.099779 -0.256676 0.160365
v 0.099598 -0.212020 0.159653
v 0.073948 -0.161384 0.169236
v 0.061021 -0.199510 0.176941
v 0.073810 -0.248725 0.172306
v 0.074688 -0.203179 0.172153
v 0.059981 -0.287385 0.177417
v 0.071341 -0.332393 0.174526
v 0.085850 -0.293336 0.168555
v 0.073220 -0.290116 0.173432
v 0.096289 -0.338597 0.164932
v 0.097919 -0.296998 0.162991
v 0.098178 -0.088414 0.150809
v 0.087178 -0.123072 0.159574
v 0.099441 -0.129000 0.153131
v 0.087546 -0.039181 0.153075
v 0.099515 -0.051799 0.147321
v 0.059711 -0.017837 0.161859
v 0.073249 -0.070846 0.162559
v 0.074111 -0.029472 0.158169
v 0.059855 -0.108441 0.169486
v 0.073256 -0.112940 0.165077
v 0.044771 -0.153788 0.177361
v 0.030730 -0.194170 0.183400
v 0.046284 -0.238839 0.181010
v 0.046827 -0.196573 0.180628
v 0.016332 -0.150587 0.181361
v 0.016057 -0.235524 0.185304
v 0.016225 -0.192942 0.184826
v 0.015894 -0.325708 0.183350
v 0.030487 -0.284068 0.182776
v 0.016593 -0.283033 0.184028
v 0.044572 -0.328148 0.181016
v 0.046172 -0.285517 0.180476
v 0.045563 -0.062180 0.170822
v 0.032049 -0.103269 0.175742
v 0.046081 -0.105277 0.173022
v 0.030760 -0.014288 0.168795
v 0.045176 -0.019171 0.166292
v 0.017436 -0.059642 0.175624
v 0.016942 -0.014083 0.170809
v 0.018026 -0.102227 0.177650
v 0.015020 -0.414004 0.182369
v 0.030295 -0.370942 0.182232
v 0.015500 -0.369916 0.183230
v 0.014067 -0.498770 0.181327
v 0.028884 -0.454516 0.181417
v 0.014446 -0.453715 0.182231
v 0.041041 -0.500283 0.178704
v 0.054320 -0.459858 0.177558
v 0.042649 -0.415838 0.180093
v 0.041837 -0.455497 0.179784
v 0.056975 -0.373383 0.178084
v 0.043564 -0.371981 0.180585
v 0.013790 -0.577273 0.178316
v 0.028022 -0.538762 0.178882
v 0.013944 -0.538278 0.179977
v 0.013400 -0.652924 0.174486
v 0.026355 -0.615952 0.175637
v 0.013658 -0.615658 0.176514
v 0.038912 -0.653739 0.172752
v 0.053093 -0.618066 0.172433
v 0.040523 -0.578506 0.176119
v 0.040404 -0.616592 0.174180
v 0.053540 -0.541196 0.175535
v 0.040737 -0.539607 0.177525
v 0.012715 -0.729974 0.174131
v 0.025883 -0.694556 0.173007
v 0.013026 -0.689519 0.173486
v 0.010518 -0.802341 0.176419
v 0.023952 -0.764656 0.174361
v 0.012226 -0.764575 0.175329
v 0.035811 -0.802735 0.174715
v 0.048450 -0.767454 0.172047
v 0.037024 -0.730597 0.172125
v 0.036911 -0.769435 0.173437
v 0.051092 -0.694438 0.170020
v 0.038585 -0.695143 0.171726
v 0.011547 -0.870711 0.177714
v 0.023150 -0.837883 0.176494
v 0.010990 -0.837780 0.177095
v 0.012219 -0.937743 0.179177
v 0.021852 -0.905403 0.178258
v 0.011008 -0.905521 0.178517
v 0.032504 -0.937753 0.178678
v 0.044810 -0.905488 0.176945
v 0.034518 -0.874687 0.176593
v 0.032710 -0.905475 0.177823
v 0.047103 -0.841657 0.174497
v 0.035188 -0.838065 0.175595
v 0.011463 -0.974939 0.180988
v 0.022300 -0.957214 0.179906
v 0.012693 -0.957262 0.180166
v 0.021571 -0.992895 0.181746
v 0.011782 -0.990665 0.181851
v 0.040683 -0.995021 0.180649
v 0.032264 -0.977367 0.180352
v 0.031190 -0.995124 0.181338
v 0.042618 -0.960009 0.178708
v 0.033190 -0.957211 0.179325
v 0.055323 -0.940676 0.176688
v 0.068617 -0.909265 0.173978
v 0.058419 -0.876789 0.174270
v 0.056811 -0.908266 0.175668
v 0.078792 -0.943559 0.173079
v 0.090559 -0.916377 0.169709
v 0.080259 -0.882908 0.170801
v 0.078973 -0.912795 0.172187
v 0.092984 -0.851743 0.166327
v 0.083334 -0.813291 0.167314
v 0.070557 -0.846951 0.171154
v 0.081947 -0.851275 0.169004
v 0.060556 -0.807725 0.171769
v 0.058942 -0.845397 0.173000
v 0.053847 -0.979621 0.178487
v 0.066580 -0.962498 0.175943
v 0.054683 -0.959849 0.177478
v 0.051008 -1.010101 0.180436
v 0.063587 -0.996870 0.178197
v 0.052965 -0.997108 0.179527
v 0.073186 -1.011456 0.177435
v 0.085661 -0.998311 0.174390
v 0.076195 -0.981623 0.175304
v 0.075364 -0.996476 0.176315
v 0.088313 -0.964680 0.171941
v 0.076946 -0.965024 0.174325
v 0.095595 -1.016206 0.173051
v 0.106667 -1.001754 0.169183
v 0.097626 -0.983517 0.170717
v 0.096959 -1.000181 0.171821
v 0.118514 -1.025140 0.166729
v 0.127991 -1.008569 0.162023
v 0.118023 -0.989088 0.164571
v 0.117613 -1.004709 0.165803
v 0.125122 -0.974540 0.160543
v 0.116243 -0.951350 0.163034
v 0.107798 -0.968939 0.166719
v 0.117216 -0.971376 0.163598
v 0.098675 -0.949448 0.168628
v 0.098192 -0.967263 0.169553
v 0.082340 -1.023568 0.176432
v 0.092837 -1.036281 0.174827
v 0.106552 -1.029642 0.170875
v 0.093958 -1.027497 0.174083
v 0.078562 -1.042777 0.178061
v 0.088834 -1.046164 0.175951
v 0.102872 -1.042868 0.172566
v 0.091557 -1.042948 0.175357
v 0.115229 -1.044840 0.168935
v 0.127205 -1.042301 0.164424
v 0.116461 -1.038885 0.168293
v 0.115223 -1.042567 0.168857
v 0.128225 -1.035817 0.163686
v 0.117553 -1.033448 0.167607
v 0.059844 -1.022615 0.180070
v 0.069398 -1.034871 0.179319
v 0.071884 -1.022336 0.178287
v 0.046417 -1.035424 0.182240
v 0.049047 -1.022889 0.181342
v 0.040660 -1.047806 0.183173
v 0.055882 -1.043415 0.181517
v 0.043569 -1.043652 0.182817
v 0.065282 -1.047239 0.180431
v 0.066633 -1.043123 0.180075
v 0.133888 -1.043526 0.161505
v 0.141472 -1.040931 0.157641
v 0.134960 -1.038869 0.160819
v 0.135059 -1.041358 0.160899
v 0.149027 -1.042648 0.153605
v 0.156109 -1.040137 0.149163
v 0.149932 -1.037271 0.152788
v 0.148919 -1.040540 0.153517
v 0.157955 -1.032168 0.147513
v 0.151567 -1.026527 0.151056
v 0.143518 -1.033891 0.156203
v 0.150834 -1.032577 0.151965
v 0.136837 -1.028424 0.159266
v 0.135989 -1.034335 0.160106
v 0.167724 -1.041299 0.141572
v 0.179410 -1.038203 0.132426
v 0.168460 -1.035086 0.140671
v 0.167584 -1.039266 0.141564
v 0.188596 -1.040460 0.124468
v 0.198705 -1.037268 0.114099
v 0.189149 -1.033532 0.123359
v 0.189413 -1.037644 0.123500
v 0.197952 -1.027276 0.113744
v 0.189068 -1.021381 0.122007
v 0.179776 -1.029044 0.131212
v 0.188710 -1.028064 0.123104
v 0.169708 -1.023734 0.138630
v 0.169145 -1.030040 0.139717
v 0.206584 -1.041117 0.105289
v 0.213405 -1.039389 0.095971
v 0.206145 -1.034228 0.105110
v 0.206416 -1.038306 0.105230
v 0.220422 -1.042549 0.085430
v 0.225684 -1.041565 0.075587
v 0.220103 -1.037775 0.085348
v 0.220308 -1.040541 0.085442
v 0.225716 -1.035543 0.074443
v 0.219150 -1.028427 0.085167
v 0.213495 -1.031558 0.094726
v 0.219687 -1.033110 0.085215
v 0.205925 -1.023638 0.103748
v 0.206502 -1.028943 0.103930
v 0.231792 -1.044638 0.062300
v 0.235886 -1.043778 0.049665
v 0.231496 -1.040254 0.062240
v 0.231664 -1.042611 0.062272
v 0.239039 -1.045594 0.036820
v 0.240915 -1.044801 0.022492
v 0.238759 -1.042033 0.036819
v 0.238915 -1.044362 0.036816
v 0.240330 -1.040047 0.023623
v 0.238010 -1.035492 0.036726
v 0.235399 -1.038154 0.049647
v 0.238468 -1.039175 0.036787
v 0.230640 -1.032833 0.062093
v 0.231146 -1.036942 0.062194
v 0.241512 -1.045747 0.007777
v 0.240538 -1.044384 -0.007155
v 0.241276 -1.042725 0.008970
v 0.241410 -1.044858 0.008980
v 0.238011 -1.045441 -0.022423
v 0.234007 -1.043821 -0.036511
v 0.237834 -1.041926 -0.022359
v 0.237946 -1.044244 -0.022413
v 0.233713 -1.038212 -0.036333
v 0.237525 -1.034446 -0.020879
v 0.240228 -1.039263 -0.005868
v 0.237844 -1.039097 -0.021039
v 0.240599 -1.035648 0.009087
v 0.240999 -1.040055 0.009000
v 0.228658 -1.045303 -0.050690
v 0.221963 -1.043107 -0.064497
v 0.228566 -1.041274 -0.050532
v 0.228638 -1.043448 -0.050617
v 0.214066 -1.044884 -0.078164
v 0.204958 -1.042973 -0.091174
v 0.213997 -1.040224 -0.077996
v 0.214049 -1.042799 -0.078083
v 0.204877 -1.035160 -0.090797
v 0.213741 -1.031520 -0.077454
v 0.221772 -1.036646 -0.064214
v 0.213934 -1.035891 -0.077732
v 0.228658 -1.033390 -0.048905
v 0.228920 -1.037436 -0.049112
v 0.194870 -1.044938 -0.103558
v 0.184852 -1.042927 -0.114133
v 0.195771 -1.039944 -0.102367
v 0.195812 -1.042696 -0.102435
v 0.172846 -1.045470 -0.124977
v 0.161132 -1.043498 -0.133945
v 0.173938 -1.039741 -0.123893
v 0.172883 -1.043203 -0.124920
v 0.161099 -1.036268 -0.133630
v 0.173778 -1.030355 -0.123414
v 0.184731 -1.035678 -0.113837
v 0.173885 -1.035967 -0.123707
v 0.195581 -1.029760 -0.101798
v 0.195735 -1.035420 -0.102125
v 0.147414 -1.046050 -0.142973
v 0.135594 -1.044078 -0.149519
v 0.148702 -1.040324 -0.142018
v 0.148674 -1.043797 -0.142136
v 0.121981 -1.046601 -0.156287
v 0.107872 -1.045030 -0.161879
v 0.122041 -1.040873 -0.155981
v 0.121985 -1.044328 -0.156139
v 0.109329 -1.037376 -0.160877
v 0.123397 -1.030314 -0.154605
v 0.135637 -1.036858 -0.149171
v 0.122045 -1.037118 -0.155730
v 0.149868 -1.030962 -0.140711
v 0.148684 -1.036563 -0.141802
v 0.094730 -1.047361 -0.166329
v 0.081328 -1.045498 -0.170128
v 0.094822 -1.042084 -0.166119
v 0.094752 -1.045258 -0.166328
v 0.066128 -1.047829 -0.173530
v 0.067719 -1.041761 -0.172875
v 0.066194 -1.045432 -0.173470
v 0.069258 -1.030738 -0.171581
v 0.081457 -1.036903 -0.169448
v 0.067780 -1.037034 -0.172463
v 0.096279 -1.030812 -0.164761
v 0.094874 -1.037615 -0.165779
v 0.084321 -1.014654 -0.166830
v 0.098881 -1.001101 -0.161540
v 0.110687 -1.014134 -0.158553
v 0.097667 -1.014435 -0.163024
v 0.056491 -1.013343 -0.172339
v 0.071957 -1.001488 -0.168544
v 0.070711 -1.013132 -0.169812
v 0.059370 -0.986145 -0.169563
v 0.074194 -0.971102 -0.165642
v 0.086686 -0.988121 -0.163985
v 0.073092 -0.986000 -0.167035
v 0.102324 -0.973388 -0.158114
v 0.112893 -0.989289 -0.155646
v 0.099930 -0.987966 -0.160101
v 0.125778 -1.002554 -0.151393
v 0.137960 -1.015401 -0.146431
v 0.124273 -1.015472 -0.153099
v 0.127594 -0.975598 -0.148273
v 0.140138 -0.989652 -0.143157
v 0.126767 -0.989814 -0.149864
v 0.153605 -0.977659 -0.133987
v 0.165030 -0.993297 -0.127378
v 0.152078 -1.004110 -0.137406
v 0.152934 -0.991602 -0.135747
v 0.163046 -1.015674 -0.130882
v 0.150866 -1.015131 -0.139057
v 0.142190 -0.951726 -0.138934
v 0.153876 -0.930946 -0.130123
v 0.165662 -0.954693 -0.123331
v 0.153716 -0.954377 -0.131989
v 0.115441 -0.948341 -0.151673
v 0.128492 -0.924803 -0.144389
v 0.128727 -0.948984 -0.145865
v 0.115191 -0.897870 -0.148625
v 0.128720 -0.872566 -0.140912
v 0.141630 -0.901645 -0.135859
v 0.128647 -0.898089 -0.142621
v 0.153793 -0.879204 -0.126528
v 0.165555 -0.908226 -0.119831
v 0.153970 -0.904606 -0.128233
v 0.176638 -0.979573 -0.116168
v 0.186592 -0.992893 -0.107893
v 0.175595 -1.003506 -0.119734
v 0.176225 -0.993192 -0.118037
v 0.196237 -0.980744 -0.095379
v 0.205621 -0.994396 -0.084805
v 0.196699 -1.004536 -0.097881
v 0.196129 -0.994412 -0.097242
v 0.205381 -1.015094 -0.088118
v 0.186424 -1.015837 -0.110570
v 0.196258 -1.015522 -0.099735
v 0.174764 -1.014511 -0.121468
v 0.176851 -0.933948 -0.111997
v 0.186808 -0.959279 -0.104114
v 0.176694 -0.956787 -0.114048
v 0.175929 -0.884235 -0.108924
v 0.186273 -0.911835 -0.100592
v 0.176282 -0.908577 -0.110538
v 0.193947 -0.888953 -0.089509
v 0.202739 -0.914939 -0.079908
v 0.195868 -0.936026 -0.091450
v 0.195313 -0.912823 -0.089966
v 0.204468 -0.961617 -0.082203
v 0.196060 -0.960323 -0.093441
v 0.183972 -0.850833 -0.098291
v 0.191062 -0.816416 -0.087290
v 0.200258 -0.854656 -0.077939
v 0.193007 -0.854099 -0.087810
v 0.164466 -0.846537 -0.116334
v 0.172228 -0.810294 -0.107130
v 0.174001 -0.846841 -0.108123
v 0.161030 -0.770831 -0.114094
v 0.168829 -0.734804 -0.105241
v 0.180273 -0.776114 -0.096911
v 0.170465 -0.771431 -0.106245
v 0.186558 -0.739037 -0.087425
v 0.196446 -0.780873 -0.077507
v 0.189149 -0.777118 -0.086945
v 0.208592 -0.891145 -0.068042
v 0.215680 -0.914529 -0.057598
v 0.210787 -0.939275 -0.069744
v 0.209973 -0.914733 -0.068315
v 0.219589 -0.890696 -0.045377
v 0.225419 -0.917067 -0.033148
v 0.222576 -0.938800 -0.045417
v 0.221116 -0.917415 -0.045442
v 0.228416 -0.963160 -0.033302
v 0.225388 -0.985074 -0.046560
v 0.218421 -0.961115 -0.058225
v 0.224447 -0.963449 -0.044627
v 0.212455 -0.983266 -0.072424
v 0.211933 -0.961342 -0.070387
v 0.205020 -0.819095 -0.067323
v 0.212488 -0.858213 -0.057307
v 0.206829 -0.858343 -0.067763
v 0.200356 -0.741083 -0.068755
v 0.208557 -0.781123 -0.057569
v 0.202897 -0.781106 -0.067672
v 0.211495 -0.740659 -0.047684
v 0.217511 -0.784738 -0.036641
v 0.215869 -0.820841 -0.045618
v 0.213495 -0.784490 -0.047145
v 0.221711 -0.857673 -0.034621
v 0.217807 -0.857973 -0.045459
v 0.204273 -0.699766 -0.058444
v 0.207451 -0.660374 -0.049491
v 0.213444 -0.703789 -0.038559
v 0.209557 -0.701606 -0.047863
v 0.192072 -0.699074 -0.077404
v 0.196524 -0.656710 -0.068594
v 0.198569 -0.699516 -0.068045
v 0.188323 -0.616384 -0.077774
v 0.192169 -0.572270 -0.069818
v 0.200626 -0.613320 -0.059680
v 0.194920 -0.617140 -0.068845
v 0.203708 -0.572149 -0.050733
v 0.210128 -0.618005 -0.040563
v 0.205787 -0.616672 -0.050254
v 0.218506 -0.740506 -0.028108
v 0.222964 -0.783546 -0.015496
v 0.222858 -0.821739 -0.024247
v 0.220661 -0.784191 -0.026091
v 0.222608 -0.739053 -0.006171
v 0.224881 -0.781716 0.006660
v 0.226368 -0.820258 -0.001754
v 0.224438 -0.782694 -0.003788
v 0.228444 -0.854807 0.010819
v 0.230008 -0.888596 0.000859
v 0.227032 -0.856434 -0.011726
v 0.228242 -0.855656 0.000191
v 0.226775 -0.889852 -0.022224
v 0.224726 -0.857084 -0.023778
v 0.215226 -0.661245 -0.029659
v 0.219343 -0.702941 -0.018182
v 0.216825 -0.703508 -0.028373
v 0.211300 -0.573573 -0.032819
v 0.216392 -0.617341 -0.020943
v 0.213658 -0.617847 -0.030836
v 0.216282 -0.569333 -0.012273
v 0.219393 -0.615659 -0.000934
v 0.219666 -0.657025 -0.009686
v 0.218224 -0.613601 -0.011050
v 0.221845 -0.701297 0.001943
v 0.220987 -0.699059 -0.007943
v 0.211983 -0.528396 -0.023776
v 0.212022 -0.483576 -0.015218
v 0.215343 -0.526782 -0.004782
v 0.213987 -0.527077 -0.014466
v 0.205873 -0.533185 -0.041958
v 0.207015 -0.488253 -0.033689
v 0.209111 -0.528709 -0.033235
v 0.201389 -0.443363 -0.042875
v 0.202789 -0.399432 -0.034826
v 0.208010 -0.443454 -0.025156
v 0.205051 -0.443588 -0.034122
v 0.207648 -0.396658 -0.018412
v 0.211601 -0.442099 -0.008020
v 0.209963 -0.440632 -0.017205
v 0.217745 -0.565842 0.006382
v 0.219088 -0.608623 0.017718
v 0.220911 -0.653589 0.009342
v 0.219560 -0.610105 0.007769
v 0.216283 -0.562718 0.025046
v 0.215944 -0.605132 0.036420
v 0.219038 -0.650499 0.029232
v 0.217968 -0.607083 0.026570
v 0.217236 -0.691120 0.040971
v 0.220250 -0.732827 0.033214
v 0.221183 -0.694574 0.020806
v 0.219522 -0.691818 0.031481
v 0.223060 -0.736996 0.013237
v 0.221836 -0.695819 0.011883
v 0.214230 -0.485443 0.002770
v 0.215735 -0.524260 0.013586
v 0.215893 -0.525762 0.003886
v 0.210302 -0.397114 -0.000519
v 0.212661 -0.439699 0.009521
v 0.212488 -0.441030 0.001259
v 0.210262 -0.394666 0.015671
v 0.211040 -0.436669 0.027286
v 0.213573 -0.479254 0.020642
v 0.212064 -0.434825 0.018754
v 0.213262 -0.520904 0.032081
v 0.214947 -0.523327 0.022204
v 0.208250 -0.356844 0.005289
v 0.205505 -0.316780 0.009896
v 0.207288 -0.352704 0.021527
v 0.208038 -0.355064 0.013325
v 0.206891 -0.359218 -0.011382
v 0.205068 -0.319878 -0.006415
v 0.207842 -0.358289 -0.003576
v 0.200588 -0.282828 -0.017366
v 0.197489 -0.241048 -0.013098
v 0.201961 -0.276820 -0.001954
v 0.201411 -0.277868 -0.009416
v 0.198338 -0.238645 0.002377
v 0.201708 -0.275318 0.014293
v 0.202017 -0.274970 0.006496
v 0.207684 -0.389715 0.033237
v 0.206835 -0.430940 0.045043
v 0.210289 -0.478013 0.038843
v 0.209363 -0.433728 0.035628
v 0.202755 -0.388318 0.050958
v 0.200599 -0.425647 0.061824
v 0.204798 -0.472882 0.055785
v 0.203967 -0.428108 0.053437
v 0.201088 -0.512456 0.067360
v 0.205562 -0.553693 0.060545
v 0.208514 -0.516192 0.049203
v 0.204888 -0.517538 0.058927
v 0.211983 -0.558673 0.043430
v 0.211171 -0.518517 0.040603
v 0.203721 -0.312747 0.026569
v 0.204222 -0.352660 0.038403
v 0.206114 -0.355176 0.030317
v 0.197166 -0.234654 0.018872
v 0.198960 -0.272458 0.031985
v 0.200734 -0.275231 0.023181
v 0.193961 -0.229181 0.035194
v 0.193781 -0.265651 0.048804
v 0.199506 -0.307105 0.043439
v 0.196816 -0.269661 0.039848
v 0.198398 -0.348942 0.056249
v 0.201486 -0.349476 0.047591
v 0.193390 -0.204456 0.023772
v 0.188508 -0.167523 0.026924
v 0.189507 -0.194770 0.039399
v 0.191500 -0.197706 0.031210
v 0.195359 -0.210928 0.007226
v 0.191190 -0.176617 0.011111
v 0.194561 -0.207118 0.015220
v 0.187908 -0.152651 -0.000042
v 0.182460 -0.120175 0.004757
v 0.185871 -0.141529 0.014982
v 0.187179 -0.147590 0.006949
v 0.179805 -0.108557 0.021430
v 0.181990 -0.130772 0.032187
v 0.184611 -0.138694 0.023673
v 0.188478 -0.222124 0.052439
v 0.186493 -0.258479 0.066018
v 0.192921 -0.304331 0.061122
v 0.190612 -0.262682 0.056909
v 0.180555 -0.217472 0.071260
v 0.176537 -0.251971 0.084727
v 0.183231 -0.295684 0.079562
v 0.181866 -0.258093 0.075630
v 0.179325 -0.333758 0.091560
v 0.185296 -0.377993 0.086590
v 0.189905 -0.342867 0.074351
v 0.185118 -0.338953 0.082641
v 0.195351 -0.381533 0.068511
v 0.194399 -0.342568 0.065012
v 0.183611 -0.156637 0.044601
v 0.183116 -0.186360 0.058077
v 0.186592 -0.190574 0.048777
v 0.175780 -0.095612 0.039982
v 0.175880 -0.120592 0.051965
v 0.179239 -0.124904 0.041322
v 0.170527 -0.082060 0.057803
v 0.176474 -0.148069 0.063662
v 0.171881 -0.112995 0.061305
v 0.178955 -0.181802 0.067569
v 0.179147 -0.415353 0.098707
v 0.185708 -0.463725 0.091845
v 0.190960 -0.421981 0.080958
v 0.185758 -0.418275 0.089295
v 0.179299 -0.501790 0.102294
v 0.184932 -0.541371 0.096144
v 0.191181 -0.508402 0.085363
v 0.185643 -0.505035 0.093713
v 0.196451 -0.548017 0.078535
v 0.196594 -0.466497 0.073801
v 0.196158 -0.511594 0.076988
v 0.196144 -0.425927 0.071499
v 0.172735 -0.369331 0.104018
v 0.164959 -0.409777 0.115769
v 0.172459 -0.455806 0.109091
v 0.172710 -0.414413 0.106921
v 0.157023 -0.364232 0.121786
v 0.147625 -0.401120 0.132414
v 0.156078 -0.446931 0.126324
v 0.156586 -0.405146 0.124266
v 0.146823 -0.485285 0.135290
v 0.155177 -0.526819 0.128957
v 0.164419 -0.493500 0.119324
v 0.155753 -0.489311 0.127682
v 0.171176 -0.534229 0.113088
v 0.171592 -0.497203 0.111569
v 0.171800 -0.290809 0.097202
v 0.165852 -0.329393 0.109489
v 0.172313 -0.333722 0.101602
v 0.164584 -0.243803 0.102050
v 0.171241 -0.248919 0.092984
v 0.158161 -0.281319 0.113892
v 0.157284 -0.242758 0.111311
v 0.157996 -0.324464 0.118199
v 0.145292 -0.569653 0.137341
v 0.153334 -0.609962 0.130674
v 0.162646 -0.576748 0.122651
v 0.154790 -0.568899 0.129733
v 0.143839 -0.649694 0.136940
v 0.151328 -0.689906 0.130903
v 0.160597 -0.657544 0.123914
v 0.153017 -0.650567 0.130260
v 0.167216 -0.699054 0.117541
v 0.176609 -0.663197 0.108713
v 0.169871 -0.620707 0.115678
v 0.169289 -0.660520 0.116038
v 0.177905 -0.583480 0.106488
v 0.170972 -0.580328 0.114249
v 0.135830 -0.519374 0.144025
v 0.124850 -0.559052 0.150754
v 0.134820 -0.604274 0.143986
v 0.135363 -0.562170 0.144341
v 0.114343 -0.512702 0.156603
v 0.102430 -0.553465 0.161612
v 0.113357 -0.598846 0.155705
v 0.113860 -0.556143 0.156549
v 0.101735 -0.634540 0.159161
v 0.111092 -0.676360 0.154241
v 0.123317 -0.638035 0.149610
v 0.112299 -0.635669 0.154916
v 0.132765 -0.680694 0.143377
v 0.134055 -0.645289 0.143298
v 0.138454 -0.438787 0.141036
v 0.126842 -0.477807 0.149457
v 0.137198 -0.481470 0.142600
v 0.129256 -0.392592 0.146437
v 0.139241 -0.396665 0.139224
v 0.106454 -0.384616 0.159991
v 0.117504 -0.431246 0.154476
v 0.117538 -0.388248 0.153885
v 0.104697 -0.471252 0.161190
v 0.116019 -0.474387 0.155650
v 0.091061 -0.507124 0.166405
v 0.078544 -0.543939 0.169924
v 0.090199 -0.589432 0.165013
v 0.090603 -0.551026 0.166035
v 0.066629 -0.502890 0.173629
v 0.065830 -0.580874 0.171853
v 0.066220 -0.542037 0.172982
v 0.063828 -0.660578 0.168664
v 0.077781 -0.625215 0.167037
v 0.065481 -0.623683 0.169946
v 0.088016 -0.668158 0.162620
v 0.089843 -0.626975 0.163547
v 0.094597 -0.424748 0.165464
v 0.080826 -0.465877 0.170320
v 0.092954 -0.468374 0.166076
v 0.082672 -0.378258 0.170577
v 0.094829 -0.381291 0.165598
v 0.068498 -0.419379 0.174697
v 0.070008 -0.375588 0.174781
v 0.068358 -0.463825 0.174068
v 0.098290 -0.709390 0.159060
v 0.107864 -0.750259 0.156879
v 0.119699 -0.717561 0.150543
v 0.109826 -0.711477 0.154804
v 0.095686 -0.782799 0.162556
v 0.106287 -0.823084 0.160930
v 0.117154 -0.792874 0.155224
v 0.107159 -0.788191 0.158979
v 0.126812 -0.832991 0.152810
v 0.137445 -0.799700 0.145308
v 0.128839 -0.757457 0.147549
v 0.128250 -0.794284 0.150064
v 0.139627 -0.724424 0.139649
v 0.130469 -0.719552 0.145004
v 0.074427 -0.702494 0.165664
v 0.085494 -0.743032 0.163865
v 0.086535 -0.703830 0.162614
v 0.062226 -0.736550 0.168733
v 0.063553 -0.696909 0.167893
v 0.072481 -0.775755 0.168304
v 0.061163 -0.770608 0.170251
v 0.084889 -0.781132 0.165609
v 0.146844 -0.838899 0.141781
v 0.157638 -0.807398 0.132191
v 0.148227 -0.768446 0.136237
v 0.148230 -0.805717 0.138840
v 0.165074 -0.845936 0.128761
v 0.174245 -0.814750 0.118419
v 0.165978 -0.773787 0.122830
v 0.165850 -0.808990 0.125672
v 0.174215 -0.739246 0.112503
v 0.157787 -0.734661 0.126964
v 0.166703 -0.737064 0.119490
v 0.149455 -0.727940 0.133052
v 0.134295 -0.866072 0.150911
v 0.141626 -0.900002 0.148950
v 0.153819 -0.872935 0.139325
v 0.143737 -0.870916 0.145753
v 0.127437 -0.923616 0.157549
v 0.136533 -0.955296 0.154344
v 0.148896 -0.928325 0.146329
v 0.138463 -0.927289 0.152267
v 0.157440 -0.956027 0.142158
v 0.168079 -0.929040 0.132861
v 0.160577 -0.901579 0.136624
v 0.158629 -0.928628 0.139926
v 0.171457 -0.877631 0.125777
v 0.163317 -0.872951 0.132297
v 0.114374 -0.860652 0.159718
v 0.122140 -0.895277 0.158429
v 0.124542 -0.865170 0.155636
v 0.102373 -0.887237 0.165297
v 0.103817 -0.856185 0.163286
v 0.109839 -0.919043 0.164273
v 0.100245 -0.916413 0.167163
v 0.118573 -0.923326 0.161210
v 0.175500 -0.959804 0.128490
v 0.185214 -0.933875 0.117859
v 0.177756 -0.906921 0.122662
v 0.176659 -0.933095 0.125801
v 0.192290 -0.961832 0.112525
v 0.200857 -0.938777 0.100723
v 0.193919 -0.912486 0.106344
v 0.193488 -0.934890 0.109183
v 0.201642 -0.886392 0.093736
v 0.195618 -0.855582 0.098298
v 0.188044 -0.881988 0.109848
v 0.194753 -0.885087 0.102412
v 0.181332 -0.851459 0.114148
v 0.180005 -0.878933 0.117964
v 0.164293 -0.975379 0.138514
v 0.172896 -0.992011 0.133262
v 0.183633 -0.976295 0.122526
v 0.174764 -0.975777 0.130332
v 0.160253 -1.005704 0.143941
v 0.181058 -1.004551 0.127812
v 0.170773 -1.006086 0.136377
v 0.198657 -1.004764 0.110326
v 0.190624 -0.993096 0.117300
v 0.189805 -1.004977 0.119630
v 0.199795 -0.979925 0.105800
v 0.192031 -0.978271 0.114276
v 0.146111 -0.974760 0.150253
v 0.154163 -0.991571 0.146782
v 0.155402 -0.974959 0.144578
v 0.136117 -0.991610 0.156956
v 0.136428 -0.974604 0.155397
v 0.145064 -1.006194 0.153430
v 0.135683 -1.008193 0.158473
v 0.152277 -1.006055 0.149100
v 0.206971 -0.967696 0.095194
v 0.213502 -0.946366 0.083114
v 0.207693 -0.917967 0.088858
v 0.207481 -0.942622 0.092066
v 0.219418 -0.971686 0.075728
v 0.223486 -0.953598 0.064135
v 0.218762 -0.923215 0.070093
v 0.218855 -0.950036 0.073792
v 0.222441 -0.904693 0.057726
v 0.218005 -0.872086 0.063186
v 0.213128 -0.895712 0.076727
v 0.218143 -0.900273 0.067363
v 0.207811 -0.865749 0.081797
v 0.207360 -0.891042 0.085823
v 0.206680 -0.994123 0.099063
v 0.213415 -0.983561 0.087866
v 0.207029 -0.982887 0.096951
v 0.213236 -1.010281 0.092076
v 0.205918 -1.007890 0.101896
v 0.225115 -1.014839 0.071792
v 0.219247 -0.999466 0.080505
v 0.219219 -1.010880 0.082553
v 0.224704 -0.989345 0.067733
v 0.219204 -0.986446 0.078520
v 0.228651 -0.977845 0.055069
v 0.231018 -0.957775 0.041910
v 0.227039 -0.931190 0.050101
v 0.227678 -0.954368 0.053161
v 0.234913 -0.983471 0.031175
v 0.234774 -0.964163 0.018554
v 0.232094 -0.935769 0.027983
v 0.233405 -0.961017 0.030382
v 0.231735 -0.914803 0.014475
v 0.229399 -0.886949 0.023322
v 0.228881 -0.909963 0.036594
v 0.230807 -0.910854 0.025054
v 0.224980 -0.881427 0.044833
v 0.225872 -0.905701 0.047783
v 0.229590 -1.004531 0.058822
v 0.232721 -0.992312 0.045718
v 0.229262 -0.991994 0.056820
v 0.234229 -1.017377 0.048027
v 0.230101 -1.016975 0.060375
v 0.239120 -1.022392 0.022794
v 0.236534 -1.007141 0.033889
v 0.237343 -1.019271 0.034988
v 0.237214 -0.997131 0.021286
v 0.235631 -0.994867 0.032991
v 0.236546 -0.984049 0.007411
v 0.233987 -0.962451 -0.007012
v 0.233358 -0.939982 0.004774
v 0.234921 -0.961999 0.006532
v 0.233486 -0.984587 -0.020000
v 0.230135 -0.940982 -0.021115
v 0.231944 -0.962833 -0.019514
v 0.230582 -0.916128 -0.009738
v 0.228615 -0.916638 -0.020826
v 0.231710 -0.915477 0.003640
v 0.238715 -1.007311 0.009068
v 0.236931 -0.997335 -0.006578
v 0.237750 -0.997218 0.008187
v 0.239041 -1.020818 -0.006253
v 0.239747 -1.020991 0.008461
v 0.232935 -1.019215 -0.034993
v 0.235681 -1.007285 -0.020653
v 0.236663 -1.019215 -0.021004
v 0.231262 -0.995681 -0.033066
v 0.234670 -0.997500 -0.020426
v 0.226244 -0.849072 0.031482
v 0.222430 -0.811064 0.039498
v 0.220742 -0.842764 0.051378
v 0.223943 -0.847871 0.041572
v 0.226071 -0.814398 0.019052
v 0.227812 -0.853839 0.021317
v 0.223339 -0.775394 0.025850
v 0.224495 -0.776670 0.015685
v 0.218525 -0.768208 0.045439
v 0.221038 -0.771576 0.036796
v 0.216106 -0.805054 0.057737
v 0.212730 -0.836295 0.069472
v 0.217249 -0.837783 0.059982
v 0.214708 -0.726548 0.051413
v 0.211200 -0.760774 0.063298
v 0.214990 -0.766565 0.055093
v 0.205861 -0.717543 0.069951
v 0.201231 -0.752776 0.080565
v 0.206535 -0.795880 0.076155
v 0.206247 -0.755942 0.072453
v 0.202217 -0.825616 0.086385
v 0.207447 -0.831396 0.078581
v 0.210914 -0.682992 0.058642
v 0.206775 -0.640852 0.065859
v 0.201823 -0.678356 0.076002
v 0.206618 -0.680964 0.067549
v 0.214326 -0.646751 0.047742
v 0.214690 -0.685157 0.049085
v 0.209966 -0.600829 0.054798
v 0.213471 -0.603193 0.045143
v 0.201874 -0.594418 0.071834
v 0.206185 -0.597759 0.063409
v 0.195464 -0.709355 0.085898
v 0.188807 -0.748247 0.097066
v 0.195597 -0.786097 0.091906
v 0.194928 -0.750401 0.089354
v 0.182328 -0.704237 0.102158
v 0.181863 -0.782094 0.108014
v 0.182168 -0.741734 0.104368
v 0.189310 -0.818257 0.102772
v 0.182076 -0.817353 0.110720
v 0.195709 -0.823801 0.095219
v 0.197195 -0.632746 0.082462
v 0.190549 -0.668864 0.092446
v 0.196501 -0.675948 0.084180
v 0.191029 -0.589948 0.089490
v 0.196448 -0.592830 0.081262
v 0.184599 -0.626847 0.099497
v 0.185098 -0.586942 0.097610
v 0.184266 -0.666202 0.100233
v 0.182918 -0.126973 -0.011185
v 0.179567 -0.111889 -0.019430
v 0.178210 -0.092786 -0.013613
v 0.181001 -0.110499 -0.003919
v 0.180357 -0.110965 -0.011882
v 0.181231 -0.128540 -0.025351
v 0.177290 -0.114840 -0.033677
v 0.176039 -0.093935 -0.028212
v 0.178396 -0.112404 -0.026747
v 0.173166 -0.076373 -0.036994
v 0.172526 -0.052927 -0.033698
v 0.175682 -0.073470 -0.023415
v 0.174438 -0.073770 -0.030458
v 0.174256 -0.049623 -0.020004
v 0.177347 -0.072407 -0.008410
v 0.176636 -0.072806 -0.016102
v 0.192077 -0.184372 -0.004930
v 0.187172 -0.155908 -0.015775
v 0.187798 -0.154732 -0.008018
v 0.195012 -0.212293 -0.008440
v 0.195326 -0.211098 -0.001251
v 0.193243 -0.216828 -0.023894
v 0.190693 -0.186333 -0.019764
v 0.194213 -0.213234 -0.016386
v 0.184724 -0.157391 -0.030657
v 0.186126 -0.156651 -0.023355
v 0.178431 -0.083803 0.001969
v 0.179159 -0.095939 0.012121
v 0.180379 -0.104513 0.004029
v 0.174564 -0.042414 -0.005020
v 0.175928 -0.054978 0.005660
v 0.176712 -0.061979 -0.001387
v 0.173127 -0.029003 0.010981
v 0.173558 -0.043637 0.023192
v 0.177062 -0.070781 0.017551
v 0.175026 -0.050078 0.014380
v 0.176844 -0.085460 0.029394
v 0.178108 -0.090260 0.020590
v 0.172735 -0.020830 -0.000181
v 0.171951 -0.000603 0.007000
v 0.171701 -0.010260 0.016913
v 0.172188 -0.014280 0.008833
v 0.173483 -0.035401 -0.015016
v 0.172232 -0.014574 -0.009356
v 0.173070 -0.026965 -0.007986
v 0.171427 -0.007801 -0.018659
v 0.171960 0.013146 -0.012768
v 0.172052 0.006457 -0.003305
v 0.171755 -0.001138 -0.011483
v 0.173692 0.024728 0.004182
v 0.172306 0.014969 0.014474
v 0.172303 0.011869 0.005575
v 0.170802 -0.014374 0.028338
v 0.169622 -0.025958 0.040809
v 0.173477 -0.056366 0.035473
v 0.171649 -0.034299 0.031759
v 0.167403 0.001622 0.047605
v 0.167705 -0.037767 0.053526
v 0.167253 -0.016606 0.049794
v 0.172497 -0.068736 0.046800
v 0.169551 -0.062003 0.055885
v 0.175101 -0.078209 0.037695
v 0.171095 0.009466 0.025694
v 0.169560 0.005597 0.036389
v 0.170763 -0.002194 0.026420
v 0.175107 0.034501 0.023383
v 0.172791 0.030696 0.034536
v 0.172622 0.023306 0.023681
v 0.174346 0.043288 0.047288
v 0.169461 0.023460 0.046244
v 0.172101 0.034864 0.045753
v 0.168106 0.013486 0.046612
v 0.170220 0.005486 -0.027953
v 0.169085 0.014980 -0.035368
v 0.171036 0.026248 -0.029648
v 0.171489 0.017799 -0.021252
v 0.170338 0.017175 -0.028555
v 0.167709 0.004870 -0.041448
v 0.166298 0.011466 -0.047899
v 0.168227 0.024158 -0.042364
v 0.167617 0.014876 -0.042197
v 0.167319 0.029878 -0.049243
v 0.170597 0.040678 -0.044376
v 0.170908 0.034328 -0.036948
v 0.169198 0.032749 -0.043277
v 0.174288 0.043920 -0.031076
v 0.173651 0.034745 -0.022993
v 0.172369 0.034698 -0.030152
v 0.171413 -0.021104 -0.024734
v 0.169439 -0.007830 -0.033258
v 0.170455 -0.007352 -0.026553
v 0.171960 -0.036507 -0.029391
v 0.172829 -0.035981 -0.022386
v 0.169494 -0.038897 -0.043185
v 0.169162 -0.021805 -0.039019
v 0.170643 -0.036705 -0.036944
v 0.167040 -0.011962 -0.046342
v 0.168268 -0.010060 -0.040202
v 0.173943 0.031507 -0.014041
v 0.174062 0.029241 -0.005451
v 0.172644 0.022672 -0.013430
v 0.177702 0.048410 -0.016739
v 0.177734 0.045576 -0.007031
v 0.175752 0.041063 -0.015823
v 0.181526 0.055842 0.001258
v 0.179870 0.048743 0.012389
v 0.177369 0.042277 0.002438
v 0.179422 0.049166 0.001802
v 0.175855 0.035481 0.013288
v 0.175229 0.033107 0.003458
v 0.180711 0.054083 -0.008233
v 0.183687 0.059957 0.000808
v 0.183354 0.057349 0.011550
v 0.182507 0.057388 0.001292
v 0.176371 0.045175 -0.024168
v 0.179610 0.051343 -0.016947
v 0.178889 0.051252 -0.016959
v 0.178870 0.050473 -0.025093
v 0.182303 0.056472 -0.017631
v 0.183256 0.060230 -0.009423
v 0.180897 0.053946 -0.017506
v 0.186110 0.064680 -0.000117
v 0.185608 0.061243 0.010578
v 0.184843 0.062366 -0.000253
v 0.184127 0.062689 0.021789
v 0.182620 0.060999 0.034054
v 0.179646 0.049943 0.023077
v 0.181854 0.055971 0.022618
v 0.183539 0.068250 0.047989
v 0.179393 0.057353 0.047678
v 0.181803 0.063400 0.047115
v 0.177911 0.047860 0.034162
v 0.176871 0.050369 0.046942
v 0.177070 0.041604 0.022879
v 0.186371 0.067631 0.020965
v 0.185756 0.069508 0.033629
v 0.185233 0.065188 0.021195
v 0.188564 0.072087 0.020215
v 0.188005 0.074013 0.032875
v 0.187369 0.068804 0.020449
v 0.188243 0.077041 0.045859
v 0.186128 0.073156 0.046170
v 0.187077 0.074839 0.046746
v 0.184843 0.070769 0.047108
v 0.178976 0.053383 -0.032671
v 0.178300 0.053115 -0.039276
v 0.181161 0.055758 -0.033027
v 0.181105 0.052910 -0.025589
v 0.179860 0.053417 -0.032691
v 0.175139 0.049370 -0.044914
v 0.174149 0.048597 -0.050495
v 0.177512 0.052016 -0.045030
v 0.176290 0.050700 -0.045012
v 0.176532 0.051607 -0.050915
v 0.179641 0.054536 -0.045492
v 0.180549 0.055566 -0.039631
v 0.178530 0.053310 -0.045597
v 0.183043 0.056952 -0.033547
v 0.183180 0.054169 -0.025699
v 0.182189 0.056920 -0.033503
v 0.176275 0.048246 -0.031749
v 0.175565 0.047922 -0.038404
v 0.177388 0.049613 -0.031910
v 0.173579 0.045099 -0.037960
v 0.175113 0.045467 -0.031272
v 0.169628 0.041173 -0.049935
v 0.172603 0.045175 -0.044391
v 0.171716 0.043693 -0.044179
v 0.171676 0.045658 -0.050588
v 0.173910 0.047965 -0.044790
v 0.184388 0.058858 -0.018078
v 0.185391 0.063525 -0.010303
v 0.183335 0.057685 -0.017839
v 0.186445 0.062058 -0.019008
v 0.187437 0.066586 -0.010539
v 0.185518 0.061055 -0.018654
v 0.189837 0.069576 -0.001022
v 0.189830 0.067179 0.009478
v 0.188006 0.067734 -0.001201
v 0.188900 0.068655 -0.001571
v 0.187914 0.065039 0.010476
v 0.187104 0.066735 -0.000831
v 0.171544 0.053251 -0.058169
v 0.170119 0.058516 -0.065760
v 0.173710 0.055839 -0.058548
v 0.172590 0.054564 -0.058376
v 0.166250 0.059888 -0.072030
v 0.168360 0.063417 -0.072258
v 0.167351 0.062243 -0.072207
v 0.170352 0.066635 -0.072382
v 0.172633 0.062861 -0.065720
v 0.169456 0.065570 -0.072353
v 0.175718 0.058276 -0.058879
v 0.174767 0.057078 -0.058717
v 0.168813 0.047902 -0.057856
v 0.167833 0.054714 -0.065344
v 0.170016 0.050682 -0.058299
v 0.166880 0.043503 -0.057875
v 0.165927 0.050634 -0.064860
v 0.168010 0.046418 -0.057667
v 0.162188 0.050990 -0.071815
v 0.159458 0.052698 -0.077457
v 0.163716 0.055251 -0.072123
v 0.162768 0.052514 -0.071862
v 0.161457 0.056742 -0.077244
v 0.165203 0.058582 -0.071951
v 0.155835 0.058450 -0.084035
v 0.152466 0.066740 -0.090102
v 0.157654 0.063542 -0.083692
v 0.156853 0.060950 -0.083640
v 0.147232 0.067792 -0.095449
v 0.149022 0.072762 -0.094831
v 0.148506 0.071400 -0.094941
v 0.154616 0.072653 -0.089576
v 0.149277 0.074461 -0.095152
v 0.158582 0.066000 -0.083740
v 0.157469 0.043044 -0.076286
v 0.152889 0.042551 -0.082482
v 0.150625 0.056874 -0.089391
v 0.154485 0.050819 -0.083043
v 0.155240 0.024984 -0.075474
v 0.150973 0.023261 -0.081370
v 0.147790 0.040081 -0.087942
v 0.151936 0.033148 -0.081563
v 0.142732 0.035439 -0.092361
v 0.139011 0.049414 -0.098206
v 0.144913 0.053132 -0.094022
v 0.143840 0.045515 -0.093191
v 0.141457 0.065751 -0.099712
v 0.146013 0.060104 -0.094810
v 0.163300 0.040244 -0.064237
v 0.159255 0.035028 -0.070422
v 0.160546 0.043429 -0.071050
v 0.164419 0.027031 -0.056286
v 0.165497 0.035635 -0.057000
v 0.163827 0.007700 -0.055336
v 0.161533 0.022564 -0.062501
v 0.163906 0.017755 -0.055748
v 0.158093 0.015421 -0.069211
v 0.158534 0.025313 -0.069438
v 0.155324 0.001502 -0.074236
v 0.151928 -0.003957 -0.079258
v 0.146807 0.018210 -0.086135
v 0.151261 0.010146 -0.080328
v 0.157115 -0.025127 -0.072288
v 0.153956 -0.031806 -0.076863
v 0.147716 -0.011453 -0.084567
v 0.152792 -0.018644 -0.078414
v 0.144125 -0.021036 -0.088433
v 0.138140 -0.003720 -0.094201
v 0.142634 0.008324 -0.090273
v 0.142856 -0.006202 -0.089759
v 0.137385 0.025796 -0.096138
v 0.142348 0.022273 -0.091236
v 0.161513 -0.001965 -0.061758
v 0.159004 -0.010681 -0.067604
v 0.158399 0.001944 -0.068455
v 0.165281 -0.018933 -0.053242
v 0.164390 -0.005208 -0.054117
v 0.168379 -0.049782 -0.048647
v 0.163692 -0.028237 -0.058960
v 0.166915 -0.033719 -0.050942
v 0.161627 -0.039063 -0.064006
v 0.160192 -0.024293 -0.066299
v 0.160724 -0.058534 -0.066561
v 0.158660 -0.075718 -0.069205
v 0.151341 -0.046422 -0.079784
v 0.156426 -0.053750 -0.073221
v 0.164601 -0.100696 -0.060702
v 0.163513 -0.116763 -0.065838
v 0.156015 -0.091653 -0.072688
v 0.160351 -0.096943 -0.067105
v 0.154165 -0.112275 -0.077403
v 0.146540 -0.086502 -0.083478
v 0.149115 -0.066627 -0.081791
v 0.151081 -0.089140 -0.078656
v 0.141455 -0.038897 -0.090524
v 0.146403 -0.043069 -0.085546
v 0.167457 -0.063947 -0.052773
v 0.165977 -0.082334 -0.056460
v 0.164261 -0.060367 -0.059897
v 0.172097 -0.090403 -0.042067
v 0.170522 -0.070388 -0.044931
v 0.177613 -0.128569 -0.040057
v 0.171189 -0.104810 -0.047729
v 0.174323 -0.108885 -0.040516
v 0.171700 -0.123463 -0.053154
v 0.168107 -0.103656 -0.054630
v 0.173274 -0.150134 -0.058174
v 0.173972 -0.179160 -0.062879
v 0.163989 -0.143114 -0.071054
v 0.168844 -0.145247 -0.064489
v 0.182496 -0.213224 -0.053507
v 0.181735 -0.239632 -0.058323
v 0.173558 -0.208825 -0.067260
v 0.178240 -0.210803 -0.060583
v 0.172209 -0.243825 -0.071585
v 0.162689 -0.210890 -0.080130
v 0.163816 -0.174964 -0.075927
v 0.168714 -0.210911 -0.073558
v 0.153762 -0.138495 -0.082060
v 0.159108 -0.140911 -0.076702
v 0.179687 -0.152657 -0.044930
v 0.181544 -0.181687 -0.049337
v 0.176792 -0.151800 -0.051650
v 0.186893 -0.182739 -0.035027
v 0.182106 -0.153124 -0.037995
v 0.194668 -0.241871 -0.028326
v 0.188824 -0.213584 -0.039026
v 0.191172 -0.213758 -0.031461
v 0.189404 -0.241174 -0.043749
v 0.185902 -0.212936 -0.046414
v 0.190259 -0.282392 -0.048379
v 0.189784 -0.321982 -0.053707
v 0.181084 -0.279474 -0.063165
v 0.186047 -0.282293 -0.055912
v 0.196582 -0.364036 -0.044799
v 0.194996 -0.402790 -0.051500
v 0.187568 -0.361995 -0.060181
v 0.192317 -0.361076 -0.052669
v 0.184413 -0.400470 -0.067268
v 0.175540 -0.362991 -0.075340
v 0.179494 -0.321004 -0.068367
v 0.181727 -0.364780 -0.068164
v 0.169915 -0.279608 -0.076532
v 0.175912 -0.281953 -0.069917
v 0.196440 -0.278997 -0.033055
v 0.197109 -0.321154 -0.038905
v 0.193821 -0.282848 -0.040675
v 0.202393 -0.321258 -0.022453
v 0.198525 -0.279016 -0.025885
v 0.202987 -0.360169 -0.028321
v 0.205229 -0.359181 -0.019929
v 0.200219 -0.364394 -0.036592
v 0.171337 -0.401013 -0.081987
v 0.161670 -0.359081 -0.088460
v 0.166140 -0.319796 -0.082464
v 0.168558 -0.360834 -0.082359
v 0.154973 -0.397564 -0.095836
v 0.144911 -0.359115 -0.100754
v 0.151164 -0.321029 -0.094685
v 0.153411 -0.361281 -0.095004
v 0.139744 -0.278637 -0.100653
v 0.145791 -0.238473 -0.095351
v 0.155665 -0.279312 -0.089461
v 0.147893 -0.276805 -0.095238
v 0.159960 -0.238661 -0.084007
v 0.162840 -0.281038 -0.083414
v 0.180086 -0.443845 -0.075519
v 0.174648 -0.482747 -0.084263
v 0.164609 -0.440325 -0.090731
v 0.173073 -0.441678 -0.082959
v 0.183688 -0.530364 -0.077707
v 0.178163 -0.570251 -0.086573
v 0.167956 -0.527572 -0.093695
v 0.176221 -0.526626 -0.085757
v 0.161541 -0.567735 -0.101485
v 0.150310 -0.524520 -0.107143
v 0.157791 -0.484460 -0.099214
v 0.159423 -0.526110 -0.100657
v 0.147647 -0.441091 -0.103520
v 0.156393 -0.438530 -0.097247
v 0.192133 -0.446342 -0.059755
v 0.188197 -0.485956 -0.068567
v 0.186408 -0.445187 -0.067842
v 0.198986 -0.487710 -0.051612
v 0.197037 -0.442786 -0.051434
v 0.196067 -0.532241 -0.060731
v 0.201148 -0.529112 -0.051646
v 0.190217 -0.531380 -0.069395
v 0.140188 -0.561543 -0.115653
v 0.128601 -0.521245 -0.119549
v 0.138243 -0.479469 -0.111852
v 0.139298 -0.522835 -0.113917
v 0.117693 -0.557173 -0.126625
v 0.104243 -0.517480 -0.129624
v 0.116411 -0.477506 -0.122448
v 0.116648 -0.519618 -0.124925
v 0.103727 -0.433664 -0.124684
v 0.115062 -0.393753 -0.118155
v 0.126235 -0.437192 -0.115417
v 0.115801 -0.435479 -0.120073
v 0.136202 -0.396383 -0.107964
v 0.137262 -0.437744 -0.109679
v 0.152942 -0.607512 -0.110269
v 0.144452 -0.644708 -0.117678
v 0.131354 -0.604720 -0.122977
v 0.142932 -0.604112 -0.116557
v 0.157438 -0.691643 -0.111499
v 0.148187 -0.728913 -0.120570
v 0.134918 -0.685067 -0.125513
v 0.146569 -0.687269 -0.118793
v 0.123911 -0.722707 -0.133685
v 0.110081 -0.678391 -0.136583
v 0.120570 -0.644164 -0.130148
v 0.122612 -0.683964 -0.131579
v 0.106457 -0.600515 -0.133550
v 0.119182 -0.603320 -0.128642
v 0.171964 -0.609882 -0.095172
v 0.164836 -0.649006 -0.103303
v 0.163278 -0.608734 -0.102604
v 0.182604 -0.655360 -0.086518
v 0.180855 -0.611053 -0.086309
v 0.176408 -0.693407 -0.095284
v 0.184251 -0.697352 -0.087056
v 0.166771 -0.692479 -0.104116
v 0.098831 -0.716961 -0.143308
v 0.084032 -0.676682 -0.144895
v 0.094605 -0.637280 -0.139510
v 0.096289 -0.677486 -0.141384
v 0.072617 -0.715237 -0.150374
v 0.056752 -0.673713 -0.150531
v 0.069940 -0.635711 -0.145759
v 0.070133 -0.675903 -0.148139
v 0.054569 -0.593155 -0.146400
v 0.067948 -0.552419 -0.141589
v 0.081155 -0.595271 -0.141035
v 0.068710 -0.594419 -0.143860
v 0.092285 -0.558928 -0.135819
v 0.093291 -0.596168 -0.137708
v 0.112285 -0.760832 -0.141342
v 0.100015 -0.794870 -0.148162
v 0.086327 -0.758115 -0.149941
v 0.098772 -0.758782 -0.146215
v 0.114213 -0.834739 -0.145246
v 0.102745 -0.864700 -0.151419
v 0.087702 -0.828557 -0.154077
v 0.101244 -0.832864 -0.150052
v 0.075475 -0.864098 -0.159187
v 0.059774 -0.827765 -0.160250
v 0.073205 -0.793805 -0.155548
v 0.074730 -0.828193 -0.157318
v 0.059389 -0.753265 -0.155668
v 0.072204 -0.753256 -0.153176
v 0.137861 -0.765180 -0.129284
v 0.126801 -0.800052 -0.137357
v 0.125368 -0.764393 -0.135750
v 0.151413 -0.805290 -0.123332
v 0.149730 -0.765958 -0.122049
v 0.141096 -0.838128 -0.132058
v 0.152036 -0.841164 -0.125305
v 0.128433 -0.837661 -0.138890
v 0.048609 -0.860054 -0.163770
v 0.033548 -0.823508 -0.163338
v 0.047160 -0.789019 -0.159777
v 0.047486 -0.827632 -0.162049
v 0.020688 -0.859852 -0.166153
v 0.020011 -0.788718 -0.162069
v 0.020557 -0.823410 -0.164117
v 0.018734 -0.713725 -0.157084
v 0.032193 -0.752128 -0.159005
v 0.019451 -0.752010 -0.159744
v 0.045673 -0.714194 -0.154904
v 0.046418 -0.752426 -0.157542
v 0.061620 -0.891599 -0.163458
v 0.048625 -0.918269 -0.166906
v 0.034569 -0.890264 -0.166857
v 0.048057 -0.890329 -0.165440
v 0.061086 -0.941996 -0.166423
v 0.048167 -0.968790 -0.169857
v 0.035191 -0.940670 -0.169592
v 0.048130 -0.943538 -0.168380
v 0.022138 -0.966355 -0.171883
v 0.021539 -0.915080 -0.169074
v 0.021538 -0.940736 -0.170472
v 0.021248 -0.890251 -0.167695
v 0.089647 -0.894131 -0.157217
v 0.075784 -0.918264 -0.162188
v 0.074993 -0.890507 -0.160788
v 0.102162 -0.921538 -0.154961
v 0.102544 -0.894295 -0.153202
v 0.088483 -0.946236 -0.160617
v 0.101619 -0.946190 -0.156635
v 0.075028 -0.943392 -0.163790
v 0.034562 -0.984061 -0.172317
v 0.021043 -0.997888 -0.174309
v 0.020896 -0.981769 -0.173002
v 0.045740 -0.999774 -0.172576
v 0.046937 -0.983965 -0.171113
v 0.031871 -1.011829 -0.174884
v 0.044279 -1.011710 -0.173786
v 0.019675 -1.010134 -0.175412
v 0.015778 -0.634073 -0.152335
v 0.031088 -0.674589 -0.153773
v 0.016981 -0.674411 -0.154659
v 0.015313 -0.550221 -0.147447
v 0.029007 -0.592705 -0.149392
v 0.015211 -0.592434 -0.150100
v 0.041445 -0.550974 -0.145695
v 0.042777 -0.634564 -0.150193
v 0.041708 -0.593115 -0.148186
v 0.044002 -0.674901 -0.152410
v 0.016177 -0.469607 -0.142544
v 0.029138 -0.512587 -0.144524
v 0.015577 -0.512292 -0.145145
v 0.016196 -0.384803 -0.138119
v 0.029702 -0.427376 -0.139544
v 0.016116 -0.427110 -0.140369
v 0.042024 -0.385582 -0.136115
v 0.054348 -0.428030 -0.136723
v 0.042053 -0.470373 -0.140648
v 0.042048 -0.427849 -0.138362
v 0.054049 -0.513155 -0.141809
v 0.041549 -0.513045 -0.143447
v 0.015206 -0.305486 -0.135198
v 0.029775 -0.347556 -0.135636
v 0.016089 -0.347260 -0.136592
v 0.013818 -0.220500 -0.132549
v 0.028153 -0.264906 -0.133120
v 0.014425 -0.264514 -0.133786
v 0.039935 -0.221629 -0.131116
v 0.052566 -0.265992 -0.130627
v 0.041246 -0.306430 -0.133213
v 0.040431 -0.261066 -0.132068
v 0.055537 -0.346958 -0.132565
v 0.042017 -0.348095 -0.134436
v 0.013759 -0.142002 -0.128898
v 0.027357 -0.182854 -0.130916
v 0.013497 -0.182321 -0.131418
v 0.025997 -0.098584 -0.123798
v 0.014040 -0.097875 -0.124087
v 0.050855 -0.100557 -0.122112
v 0.039586 -0.143538 -0.127513
v 0.037840 -0.099445 -0.123183
v 0.052811 -0.186040 -0.128718
v 0.039614 -0.183632 -0.130079
v 0.063715 -0.223906 -0.127975
v 0.077177 -0.264922 -0.126031
v 0.066579 -0.304028 -0.129300
v 0.065660 -0.263418 -0.128461
v 0.087440 -0.227461 -0.122621
v 0.100324 -0.268838 -0.119280
v 0.089475 -0.307069 -0.123814
v 0.088344 -0.266654 -0.123107
v 0.102635 -0.350266 -0.120886
v 0.092038 -0.390198 -0.126217
v 0.079065 -0.346785 -0.127864
v 0.091667 -0.348509 -0.124473
v 0.067545 -0.387414 -0.132198
v 0.067425 -0.345484 -0.130424
v 0.062948 -0.145898 -0.124765
v 0.074975 -0.187638 -0.124865
v 0.063700 -0.186036 -0.127048
v 0.073267 -0.106688 -0.119230
v 0.062304 -0.105245 -0.121069
v 0.093643 -0.110363 -0.114133
v 0.084761 -0.149302 -0.120287
v 0.083735 -0.108390 -0.116896
v 0.097534 -0.191823 -0.118692
v 0.085876 -0.189489 -0.122201
v 0.109425 -0.232025 -0.115098
v 0.120502 -0.273337 -0.111011
v 0.112089 -0.311186 -0.116030
v 0.110645 -0.271007 -0.115340
v 0.128348 -0.237124 -0.106219
v 0.132758 -0.316022 -0.106221
v 0.130944 -0.276092 -0.105726
v 0.124472 -0.354414 -0.111926
v 0.135008 -0.355621 -0.106543
v 0.114362 -0.352391 -0.116406
v 0.104709 -0.153747 -0.114053
v 0.117015 -0.196686 -0.110980
v 0.107517 -0.194161 -0.115034
v 0.111943 -0.118708 -0.107926
v 0.103121 -0.116214 -0.111386
v 0.127453 -0.127530 -0.100902
v 0.123566 -0.159307 -0.105814
v 0.119589 -0.124770 -0.104940
v 0.134407 -0.202120 -0.101854
v 0.125985 -0.199370 -0.106580
v 0.079642 -0.430705 -0.131789
v 0.067851 -0.472028 -0.136777
v 0.067774 -0.429577 -0.134408
v 0.092759 -0.474471 -0.130734
v 0.092491 -0.432182 -0.128321
v 0.079885 -0.515576 -0.136799
v 0.093045 -0.516584 -0.133254
v 0.067743 -0.514586 -0.139490
v 0.138700 -0.168601 -0.097454
v 0.149666 -0.207564 -0.091529
v 0.142312 -0.204876 -0.096835
v 0.131413 -0.098576 -0.095801
v 0.141560 -0.133134 -0.091974
v 0.134766 -0.130321 -0.096569
v 0.143712 -0.104029 -0.086665
v 0.152112 -0.170071 -0.087156
v 0.147894 -0.135870 -0.087153
v 0.156684 -0.206183 -0.085581
v 0.135252 -0.075340 -0.093444
v 0.138578 -0.057296 -0.092303
v 0.140797 -0.080961 -0.088805
v 0.126047 -0.042270 -0.101277
v 0.129169 -0.069752 -0.097994
v 0.122121 0.009241 -0.105353
v 0.129559 -0.023510 -0.100037
v 0.123048 -0.016369 -0.104002
v 0.133771 -0.009745 -0.097444
v 0.135714 -0.031216 -0.095542
v 0.127665 0.015752 -0.102529
v 0.132779 0.023235 -0.099483
v 0.132992 0.006099 -0.098477
v 0.122050 0.045418 -0.108264
v 0.122142 0.027922 -0.106437
v 0.123134 0.074079 -0.111615
v 0.128106 0.049433 -0.105600
v 0.123131 0.060892 -0.109906
v 0.133617 0.052363 -0.102691
v 0.132541 0.037649 -0.101123
v 0.129625 0.071774 -0.108177
v 0.136021 0.069003 -0.104051
v 0.134721 0.060243 -0.103434
v 0.126243 0.090183 -0.111781
v 0.125233 0.082964 -0.111581
v 0.132806 0.087908 -0.108291
v 0.126889 0.098664 -0.112182
v 0.136949 0.075498 -0.104424
v 0.190438 0.074914 0.019095
v 0.190060 0.077892 0.031268
v 0.189505 0.073125 0.019812
v 0.192056 0.076812 0.019347
v 0.191605 0.080021 0.031478
v 0.191245 0.075770 0.018717
v 0.191561 0.082462 0.044688
v 0.189369 0.084107 0.057706
v 0.190148 0.080174 0.044488
v 0.190834 0.081553 0.045141
v 0.187571 0.080939 0.059148
v 0.189344 0.079143 0.044977
v 0.227223 -1.005773 -0.047428
v 0.220109 -0.996082 -0.060808
v 0.226351 -0.995876 -0.047020
v 0.221530 -1.016428 -0.061998
v 0.227852 -1.017802 -0.048601
v 0.213408 -1.006151 -0.074741
v 0.213938 -1.016611 -0.075508
v 0.213310 -0.994257 -0.072943
v 0.187727 0.091108 0.067115
v 0.184524 0.094932 0.077842
v 0.186743 0.089185 0.068084
v 0.189284 0.093766 0.065639
v 0.186215 0.097819 0.076184
v 0.188443 0.092075 0.066587
v 0.183911 0.105993 0.083671
v 0.182326 0.103315 0.085514
v 0.183006 0.104278 0.084852
v 0.181572 0.102294 0.086182
v 0.116073 0.248493 -0.094494
v 0.115878 0.258153 -0.087718
v 0.118654 0.257689 -0.087947
v 0.110507 0.239094 -0.100239
v 0.113821 0.238498 -0.100374
v 0.105342 0.240562 -0.099590
v 0.110938 0.250343 -0.093470
v 0.107976 0.239771 -0.099902
v 0.110389 0.259462 -0.086898
v 0.113238 0.258841 -0.087254
v 0.110153 0.270508 -0.077099
v 0.108712 0.278332 -0.068229
v 0.112849 0.284619 -0.058576
v 0.111209 0.277454 -0.069247
v 0.105690 0.272523 -0.075043
v 0.105015 0.279414 -0.066926
v 0.107982 0.285604 -0.057237
v 0.106610 0.278654 -0.067849
v 0.106907 0.291469 -0.044135
v 0.110788 0.290602 -0.045965
v 0.108612 0.291058 -0.045012
v 0.113028 0.290130 -0.046920
v 0.106148 0.252466 -0.092129
v 0.105420 0.262061 -0.084877
v 0.107726 0.260807 -0.085897
v 0.101841 0.244818 -0.097073
v 0.103667 0.243173 -0.098144
v 0.099269 0.248675 -0.094542
v 0.102096 0.255304 -0.090052
v 0.100090 0.246431 -0.096061
v 0.102454 0.264248 -0.082891
v 0.103859 0.263171 -0.083846
v 0.103307 0.273551 -0.073841
v 0.103647 0.280043 -0.065934
v 0.105418 0.286631 -0.055503
v 0.104402 0.279965 -0.066071
v 0.102166 0.274294 -0.073012
v 0.102743 0.280760 -0.065181
v 0.104152 0.287076 -0.054686
v 0.102992 0.280119 -0.065847
v 0.104465 0.292116 -0.042412
v 0.105233 0.294565 -0.028406
v 0.105299 0.291755 -0.043183
v 0.104749 0.291775 -0.043123
v 0.106380 0.294507 -0.029241
v 0.106017 0.291515 -0.043967
v 0.100404 0.257524 -0.088210
v 0.101127 0.265241 -0.081854
v 0.101808 0.265128 -0.082019
v 0.098097 0.250066 -0.093488
v 0.098529 0.248978 -0.094205
v 0.097692 0.252189 -0.092235
v 0.099420 0.258572 -0.087393
v 0.097925 0.251050 -0.092834
v 0.100549 0.266902 -0.080549
v 0.100761 0.266023 -0.081195
v 0.104860 0.294068 -0.013022
v 0.104929 0.290753 0.000078
v 0.105695 0.294171 -0.014549
v 0.105176 0.294074 -0.013803
v 0.103808 0.284491 0.014492
v 0.104801 0.284825 0.013705
v 0.104106 0.284407 0.014481
v 0.106150 0.291044 -0.000752
v 0.105670 0.285279 0.012872
v 0.106455 0.294273 -0.015331
v 0.126622 0.250661 0.053723
v 0.129974 0.242779 0.060399
v 0.130196 0.251490 0.052693
v 0.120124 0.241260 0.062593
v 0.121289 0.249970 0.054804
v 0.126828 0.234523 0.067326
v 0.121138 0.234468 0.067936
v 0.130571 0.235236 0.066457
v 0.045472 0.179615 -0.129301
v 0.052379 0.179063 -0.127919
v 0.047494 0.170889 -0.129587
v 0.046188 0.176279 -0.129423
v 0.058542 0.185713 -0.125834
v 0.060399 0.176167 -0.126312
v 0.059757 0.181879 -0.125910
v 0.054445 0.166544 -0.128599
v 0.062635 0.168290 -0.126538
v 0.047758 0.163859 -0.130123
v -0.123451 0.191659 -0.113806
v -0.122882 0.203822 -0.111586
v -0.120574 0.191546 -0.113949
v -0.120947 0.179013 -0.115456
v -0.122221 0.191648 -0.113846
v -0.125612 0.215234 -0.108547
v -0.124558 0.226156 -0.105046
v -0.122348 0.215354 -0.108650
v -0.124006 0.215330 -0.108606
v -0.121215 0.226301 -0.105091
v -0.119577 0.203807 -0.111747
v -0.120711 0.215422 -0.108693
v -0.117995 0.178769 -0.115633
v -0.118913 0.191490 -0.114045
v -0.120597 0.164563 -0.116011
v -0.123390 0.152164 -0.115558
v -0.123381 0.166364 -0.115813
v -0.122235 0.164841 -0.115880
v -0.120573 0.151724 -0.115742
v -0.118948 0.164333 -0.116149
v -0.124869 0.139028 -0.114237
v -0.123351 0.138631 -0.114383
v -0.127547 0.139557 -0.114012
v -0.126365 0.139434 -0.114120
v -0.150865 0.093893 -0.097335
v -0.147815 0.102981 -0.101630
v -0.141626 0.109813 -0.105429
v -0.146665 0.102624 -0.101521
v -0.152892 0.095064 -0.097534
v -0.149513 0.103402 -0.101751
v -0.143642 0.110166 -0.105647
v -0.148629 0.103001 -0.101735
v -0.139304 0.118357 -0.109187
v -0.133416 0.128855 -0.112383
v -0.136976 0.118758 -0.109392
v -0.138524 0.118281 -0.109137
v -0.131244 0.128326 -0.112182
v -0.135693 0.118358 -0.109305
v -0.160701 0.086634 -0.086944
v -0.156862 0.090281 -0.092502
v -0.155850 0.089790 -0.092386
v -0.167835 0.074494 -0.075298
v -0.165708 0.081857 -0.081136
v -0.164400 0.080714 -0.081437
v -0.169458 0.074999 -0.075474
v -0.167223 0.082151 -0.081233
v -0.162443 0.087289 -0.087123
v -0.166431 0.081802 -0.081195
v -0.159074 0.091236 -0.092150
v -0.157634 0.090270 -0.092590
v -0.168577 0.071356 -0.069909
v -0.172166 0.069481 -0.063557
v -0.170027 0.073336 -0.070037
v -0.169320 0.072762 -0.069979
v -0.170356 0.065670 -0.063654
v -0.167403 0.068579 -0.070194
v -0.174061 0.054653 -0.049353
v -0.173491 0.062957 -0.056819
v -0.172348 0.060224 -0.056917
v -0.175882 0.057693 -0.049558
v -0.175067 0.066138 -0.057299
v -0.174294 0.064651 -0.057056
v -0.177188 0.058228 -0.044008
v -0.179825 0.060613 -0.038544
v -0.178778 0.060826 -0.044643
v -0.178024 0.060060 -0.044381
v -0.178167 0.057926 -0.037928
v -0.176405 0.057241 -0.043785
v -0.180895 0.056424 -0.024196
v -0.180736 0.060606 -0.032201
v -0.179857 0.058815 -0.031692
v -0.182782 0.060149 -0.025299
v -0.182349 0.062883 -0.032856
v -0.181596 0.062242 -0.032578
v -0.184018 0.063821 -0.018172
v -0.186902 0.069584 -0.009800
v -0.185792 0.065910 -0.018155
v -0.184998 0.065345 -0.017966
v -0.185102 0.066900 -0.009586
v -0.183110 0.062199 -0.017615
v -0.187452 0.068043 0.010921
v -0.187408 0.069556 -0.000180
v -0.186639 0.068870 0.000093
v -0.189109 0.070255 0.009901
v -0.189133 0.071361 -0.000072
v -0.188251 0.070773 -0.000722
v -0.189772 0.076408 0.019889
v -0.191008 0.081835 0.031980
v -0.191432 0.078391 0.018884
v -0.190588 0.077511 0.019323
v -0.189483 0.079795 0.031900
v -0.189025 0.075799 0.020183
v -0.187328 0.085320 0.058738
v -0.189636 0.083307 0.044534
v -0.188756 0.081873 0.045281
v -0.189008 0.087610 0.057372
v -0.191041 0.084779 0.044792
v -0.190291 0.084315 0.045204
v -0.187252 0.094051 0.066817
v -0.185992 0.101269 0.075021
v -0.189043 0.096376 0.065186
v -0.188142 0.095291 0.065951
v -0.184405 0.099271 0.076579
v -0.186949 0.093314 0.065942
v -0.177445 0.113543 0.091465
v -0.182299 0.107418 0.083623
v -0.181349 0.105990 0.084738
v -0.179140 0.115602 0.089623
v -0.183972 0.109129 0.082075
v -0.183002 0.108006 0.083043
v -0.174260 0.124078 0.094612
v -0.170625 0.135143 0.096317
v -0.176378 0.126275 0.092347
v -0.175322 0.125302 0.093443
v -0.169314 0.132242 0.098025
v -0.174092 0.122401 0.094886
v -0.157257 0.152993 0.100785
v -0.165486 0.144042 0.098200
v -0.164210 0.142871 0.099471
v -0.160349 0.155159 0.098237
v -0.166517 0.146138 0.096993
v -0.165701 0.145738 0.097600
v -0.155928 0.164442 0.097502
v -0.154856 0.175463 0.093907
v -0.158017 0.166930 0.095571
v -0.157538 0.165346 0.096338
v -0.152057 0.174334 0.095584
v -0.154934 0.163932 0.098133
v -0.148426 0.195160 0.087629
v -0.151549 0.185388 0.091159
v -0.150429 0.185128 0.091705
v -0.150758 0.196716 0.086079
v -0.153388 0.187035 0.089750
v -0.152627 0.185628 0.090626
v -0.149239 0.204758 0.082308
v -0.148670 0.215122 0.076307
v -0.151235 0.205969 0.081072
v -0.150154 0.206033 0.081327
v -0.147231 0.213935 0.077394
v -0.148094 0.204704 0.082652
v -0.146544 0.230938 0.065978
v -0.147944 0.222621 0.071574
v -0.146852 0.222699 0.071767
v -0.148013 0.230827 0.065733
v -0.149345 0.223594 0.070635
v -0.148319 0.223746 0.070734
v -0.146859 0.238684 0.059908
v -0.147445 0.246922 0.052843
v -0.148306 0.238515 0.059808
v -0.147885 0.238577 0.059802
v -0.145326 0.247158 0.053050
v -0.145466 0.237842 0.060822
v -0.144454 0.262940 0.037675
v -0.145986 0.255707 0.044930
v -0.144892 0.254934 0.045868
v -0.147129 0.263431 0.036722
v -0.147971 0.255472 0.044844
v -0.147007 0.255607 0.044839
v -0.145185 0.269226 0.030259
v -0.146400 0.277081 0.019604
v -0.147193 0.269752 0.029348
v -0.146233 0.269832 0.029405
v -0.144226 0.276657 0.020574
v -0.144049 0.269322 0.030370
v -0.143776 0.286958 0.001477
v -0.145094 0.282475 0.010817
v -0.143932 0.282086 0.011743
v -0.145889 0.287179 0.000487
v -0.147107 0.282817 0.009869
v -0.146135 0.282413 0.010775
v -0.144249 0.290926 -0.011581
v -0.144294 0.292492 -0.024037
v -0.146321 0.291031 -0.012483
v -0.145328 0.290887 -0.011665
v -0.141884 0.292549 -0.023104
v -0.143077 0.290812 -0.010729
v -0.139457 0.289584 -0.046360
v -0.142027 0.291952 -0.035741
v -0.140826 0.292088 -0.034942
v -0.141745 0.289308 -0.047208
v -0.144179 0.291808 -0.036615
v -0.143165 0.291921 -0.035847
v -0.138996 0.285037 -0.057482
v -0.137996 0.277987 -0.068839
v -0.140919 0.284692 -0.058276
v -0.140146 0.284653 -0.058244
v -0.135282 0.278537 -0.068025
v -0.137657 0.285059 -0.057382
v -0.131036 0.264324 -0.083256
v -0.134461 0.271567 -0.076507
v -0.133540 0.272054 -0.075865
v -0.133932 0.263556 -0.084017
v -0.137198 0.271473 -0.076671
v -0.135874 0.271503 -0.076620
v -0.129764 0.254990 -0.090357
v -0.129116 0.245825 -0.095912
v -0.132814 0.254866 -0.090488
v -0.131326 0.254967 -0.090391
v -0.126113 0.246809 -0.095351
v -0.128210 0.255011 -0.090272
v -0.124929 0.236661 -0.100606
v -0.123300 0.236735 -0.100583
v -0.128181 0.236485 -0.100622
v -0.126577 0.236619 -0.100601
v 0.124905 0.178458 -0.116282
v 0.124714 0.191116 -0.114571
v 0.127190 0.203484 -0.111953
v 0.127546 0.191263 -0.114391
v 0.126339 0.191234 -0.114448
v 0.121983 0.178205 -0.116480
v 0.123931 0.203445 -0.112145
v 0.123088 0.191064 -0.114690
v 0.125844 0.226012 -0.105121
v 0.126841 0.215052 -0.108817
v 0.125227 0.215111 -0.108867
v 0.129151 0.225882 -0.105026
v 0.130039 0.214970 -0.108654
v 0.128462 0.215052 -0.108718
v 0.127217 0.165697 -0.116798
v 0.127259 0.151308 -0.116685
v 0.124459 0.163820 -0.117029
v 0.126089 0.164120 -0.116886
v 0.131531 0.138747 -0.115219
v 0.128877 0.138145 -0.115454
v 0.130357 0.138583 -0.115322
v 0.124472 0.150842 -0.116896
v 0.127373 0.137726 -0.115592
v 0.122825 0.163590 -0.117179
v 0.145797 0.109326 -0.106801
v 0.151772 0.102515 -0.103103
v 0.154694 0.093271 -0.098980
v 0.150646 0.102141 -0.103007
v 0.135448 0.127614 -0.113453
v 0.141252 0.118189 -0.110702
v 0.139987 0.117779 -0.110618
v 0.137596 0.128160 -0.113628
v 0.143567 0.117835 -0.110432
v 0.147793 0.109729 -0.106978
v 0.142789 0.117759 -0.110413
v 0.153466 0.102984 -0.103175
v 0.156685 0.094526 -0.099135
v 0.152691 0.102926 -0.103150
v 0.160530 0.089750 -0.094250
v 0.164290 0.086221 -0.088795
v 0.159524 0.089228 -0.094146
v 0.162715 0.090786 -0.093864
v 0.166015 0.086951 -0.088946
v 0.161878 0.090347 -0.093851
v 0.170806 0.081987 -0.083193
v 0.173116 0.074922 -0.077567
v 0.169228 0.081161 -0.083104
v 0.170010 0.081604 -0.083158
v 0.171498 0.074347 -0.077444
v 0.167983 0.080416 -0.083440
v 0.173804 0.073460 -0.072199
v 0.175781 0.068441 -0.066072
v 0.172317 0.070669 -0.072043
v 0.173050 0.072189 -0.072092
v 0.179098 0.065858 -0.059396
v 0.180246 0.058105 -0.051747
v 0.177681 0.063362 -0.059012
v 0.178364 0.064245 -0.059135
v 0.178336 0.053261 -0.051094
v 0.174375 0.065876 -0.065925
v 0.176618 0.060467 -0.059182
v 0.171253 0.068546 -0.072440
v 0.183066 0.061671 -0.046775
v 0.184134 0.061707 -0.040614
v 0.181472 0.057889 -0.045883
v 0.182273 0.059875 -0.046321
v 0.186568 0.064343 -0.034897
v 0.187094 0.061633 -0.027268
v 0.185046 0.061954 -0.034251
v 0.185779 0.062770 -0.034435
v 0.185326 0.057658 -0.026215
v 0.182614 0.058881 -0.039988
v 0.184210 0.060058 -0.033783
v 0.180457 0.055712 -0.045885
v 0.189851 0.067898 -0.020067
v 0.190831 0.071830 -0.011563
v 0.188178 0.065686 -0.020092
v 0.189079 0.067297 -0.019874
v 0.193023 0.073733 -0.001755
v 0.193122 0.072571 0.008248
v 0.191454 0.072583 -0.002083
v 0.192173 0.073120 -0.002396
v 0.191616 0.070211 0.009244
v 0.189187 0.069025 -0.011399
v 0.190675 0.071161 -0.001617
v 0.187349 0.063959 -0.019585
v 0.195104 0.080941 0.017477
v 0.194587 0.084311 0.030595
v 0.193546 0.078882 0.018449
v 0.194304 0.080026 0.017935
v 0.194543 0.087139 0.043444
v 0.192376 0.089745 0.056002
v 0.193210 0.085590 0.043133
v 0.193802 0.086631 0.043791
v 0.190783 0.087361 0.057359
v 0.193152 0.082220 0.030478
v 0.192399 0.084117 0.043919
v 0.192845 0.078255 0.018742
v 0.192071 0.098478 0.063931
v 0.188896 0.103096 0.073936
v 0.190365 0.096033 0.065549
v 0.191212 0.097321 0.064664
v 0.186612 0.110867 0.081178
v 0.181567 0.117121 0.088829
v 0.184754 0.108376 0.083188
v 0.185674 0.109679 0.082115
v 0.179945 0.115021 0.090681
v 0.187167 0.100269 0.075901
v 0.184114 0.107611 0.083807
v 0.190085 0.095328 0.064690
v 0.178157 0.127202 0.092194
v 0.172603 0.136390 0.095712
v 0.176409 0.125468 0.094003
v 0.177447 0.126720 0.092803
v 0.168502 0.147133 0.096340
v 0.162428 0.155885 0.097626
v 0.166942 0.144528 0.098111
v 0.167181 0.146211 0.097508
v 0.160973 0.153440 0.099248
v 0.171299 0.133494 0.097344
v 0.166129 0.143906 0.098793
v 0.176299 0.123805 0.094283
v 0.161399 0.166570 0.094820
v 0.157293 0.175833 0.093529
v 0.158144 0.164995 0.096929
v 0.159796 0.165884 0.095823
v 0.156820 0.187458 0.089262
v 0.153697 0.196873 0.086142
v 0.154197 0.185672 0.090986
v 0.156048 0.186087 0.090110
v 0.151320 0.195369 0.087676
v 0.155665 0.173788 0.094995
v 0.153062 0.185433 0.091517
v 0.158360 0.163693 0.097227
v 0.154402 0.206035 0.081303
v 0.152749 0.215054 0.076646
v 0.152375 0.204875 0.082553
v 0.153322 0.206111 0.081587
v 0.152998 0.223448 0.071300
v 0.151910 0.230593 0.066598
v 0.151564 0.222525 0.072271
v 0.151966 0.223609 0.071437
v 0.150446 0.230753 0.066859
v 0.150583 0.213984 0.077891
v 0.150478 0.222631 0.072471
v 0.151230 0.204838 0.082905
v 0.152434 0.238143 0.060801
v 0.151828 0.246445 0.054070
v 0.150999 0.238353 0.060962
v 0.152023 0.238220 0.060842
v 0.152562 0.254860 0.046221
v 0.151854 0.262716 0.038258
v 0.151136 0.255022 0.046364
v 0.151604 0.254993 0.046257
v 0.149714 0.262197 0.039228
v 0.149711 0.246731 0.054310
v 0.149465 0.254399 0.047285
v 0.149574 0.237553 0.061879
v 0.151960 0.268960 0.030983
v 0.151182 0.276298 0.021485
v 0.149945 0.268469 0.031958
v 0.150997 0.269050 0.031097
v 0.151855 0.282085 0.011838
v 0.150597 0.286523 0.002556
v 0.149828 0.281770 0.012832
v 0.150874 0.281677 0.012767
v 0.148473 0.286351 0.003562
v 0.149005 0.275937 0.022453
v 0.148661 0.281416 0.013736
v 0.148805 0.268607 0.032053
v 0.150989 0.290489 -0.010441
v 0.148901 0.292129 -0.022035
v 0.148906 0.290415 -0.009510
v 0.149989 0.290350 -0.009607
v 0.148703 0.291606 -0.034762
v 0.146196 0.289249 -0.045501
v 0.146560 0.291807 -0.033901
v 0.147702 0.291741 -0.033988
v 0.143922 0.289584 -0.044663
v 0.146491 0.292242 -0.021115
v 0.145367 0.291951 -0.033083
v 0.147729 0.290327 -0.008661
v 0.145271 0.284679 -0.056813
v 0.142311 0.277992 -0.067606
v 0.143370 0.285057 -0.055986
v 0.144104 0.284691 -0.056733
v 0.141528 0.271436 -0.075689
v 0.138357 0.263467 -0.083278
v 0.138829 0.271585 -0.075562
v 0.140229 0.271467 -0.075645
v 0.135489 0.264301 -0.082545
v 0.139622 0.278601 -0.066819
v 0.137915 0.272097 -0.074910
v 0.142046 0.285109 -0.055911
v 0.137312 0.254708 -0.089940
v 0.133753 0.245633 -0.095594
v 0.134308 0.254871 -0.089881
v 0.135860 0.254825 -0.089868
v 0.132816 0.236247 -0.100464
v 0.129617 0.236423 -0.100510
v 0.131242 0.236375 -0.100462
v 0.130779 0.246639 -0.095092
v 0.128002 0.236493 -0.100512
v 0.132774 0.254913 -0.089811
v -0.128194 0.192004 -0.113887
v -0.128248 0.203921 -0.111612
v -0.126000 0.191852 -0.113805
v -0.126401 0.179513 -0.115336
v -0.127234 0.191941 -0.113853
v -0.129988 0.215317 -0.108775
v -0.130279 0.225876 -0.105189
v -0.128107 0.215303 -0.108623
v -0.129342 0.215287 -0.108687
v -0.127703 0.225977 -0.105006
v -0.125710 0.203830 -0.111497
v -0.126809 0.215272 -0.108562
v -0.124146 0.179291 -0.115183
v -0.125044 0.191735 -0.113712
v -0.125933 0.166678 -0.115779
v -0.128359 0.152907 -0.115501
v -0.127900 0.165480 -0.115908
v -0.127233 0.165413 -0.115829
v -0.126371 0.152765 -0.115265
v -0.124512 0.166424 -0.115763
v -0.130005 0.139911 -0.114011
v -0.128926 0.139867 -0.113900
v -0.131832 0.140315 -0.114159
v -0.131148 0.140229 -0.114092
v -0.171584 0.074293 -0.070303
v -0.175128 0.071531 -0.064012
v -0.173387 0.075613 -0.070017
v -0.172338 0.074717 -0.070377
v -0.173642 0.071207 -0.063870
v -0.170762 0.073833 -0.070180
v -0.177801 0.060942 -0.049827
v -0.176565 0.066591 -0.057543
v -0.175812 0.066740 -0.057495
v -0.179364 0.061503 -0.050100
v -0.178263 0.068235 -0.057393
v -0.177530 0.067749 -0.057270
v -0.180559 0.062141 -0.044561
v -0.183144 0.063895 -0.039059
v -0.182052 0.063327 -0.044919
v -0.181283 0.062770 -0.044745
v -0.181582 0.062773 -0.038666
v -0.179802 0.062316 -0.044508
v -0.184481 0.061502 -0.025891
v -0.184184 0.064634 -0.032849
v -0.183347 0.064121 -0.032634
v -0.186191 0.062759 -0.025714
v -0.185544 0.064834 -0.033112
v -0.184882 0.065093 -0.033065
v -0.187424 0.066798 -0.018713
v -0.190005 0.070756 -0.010627
v -0.188783 0.066843 -0.019003
v -0.188131 0.067149 -0.018945
v -0.188490 0.070311 -0.010231
v -0.186573 0.066369 -0.018490
v -0.190769 0.071269 0.009271
v -0.190771 0.071952 -0.000617
v -0.189941 0.071670 -0.000379
v -0.192247 0.071542 0.009827
v -0.192054 0.071822 -0.000910
v -0.191441 0.072157 -0.000847
v -0.192965 0.078540 0.019581
v -0.193877 0.082642 0.030899
v -0.194177 0.078687 0.019048
v -0.193571 0.078645 0.019332
v -0.192524 0.082406 0.031441
v -0.192171 0.078381 0.019842
v -0.190338 0.089034 0.057671
v -0.192573 0.085395 0.044143
v -0.191805 0.085120 0.044473
v -0.191713 0.089662 0.056799
v -0.193745 0.085758 0.043362
v -0.193163 0.085602 0.043778
v -0.190489 0.096920 0.064422
v -0.188461 0.103326 0.074084
v -0.191263 0.097367 0.064757
v -0.190693 0.097230 0.065228
v -0.187636 0.102719 0.073737
v -0.189758 0.096704 0.064808
v -0.180364 0.117647 0.088785
v -0.185427 0.109767 0.081111
v -0.184686 0.109447 0.081571
v -0.181719 0.118227 0.087659
v -0.186008 0.110437 0.081148
v -0.185411 0.110254 0.081744
v -0.177855 0.126909 0.091223
v -0.173915 0.136915 0.093499
v -0.178283 0.127825 0.090898
v -0.178456 0.127143 0.090708
v -0.172525 0.136451 0.094640
v -0.177093 0.126667 0.091809
v -0.161875 0.157252 0.096824
v -0.168609 0.147177 0.095369
v -0.167873 0.146908 0.095923
v -0.163613 0.157745 0.095677
v -0.169028 0.148256 0.094734
v -0.169260 0.147385 0.094820
v -0.160015 0.167366 0.094557
v -0.158483 0.177357 0.091679
v -0.161626 0.167662 0.093471
v -0.160901 0.167537 0.094017
v -0.156598 0.177139 0.092593
v -0.159094 0.167167 0.095039
v -0.152985 0.196690 0.085416
v -0.155570 0.187115 0.088948
v -0.154578 0.187082 0.089348
v -0.154398 0.197770 0.084314
v -0.157013 0.188384 0.087638
v -0.156521 0.187133 0.088506
v -0.152560 0.206968 0.080097
v -0.152157 0.215703 0.074919
v -0.153727 0.206716 0.079639
v -0.153538 0.206832 0.079795
v -0.150898 0.214846 0.075964
v -0.152375 0.205879 0.080806
v -0.149963 0.231565 0.064809
v -0.151357 0.223203 0.070359
v -0.150450 0.223396 0.070513
v -0.151212 0.231178 0.064599
v -0.152429 0.223981 0.069244
v -0.151690 0.224162 0.069488
v -0.150403 0.239078 0.058833
v -0.150478 0.248142 0.051001
v -0.151563 0.239713 0.057758
v -0.150664 0.238942 0.058733
v -0.149422 0.247533 0.051971
v -0.149541 0.239292 0.058927
v -0.148484 0.263291 0.036618
v -0.149767 0.255981 0.043913
v -0.148957 0.256176 0.043980
v -0.150073 0.263687 0.035690
v -0.150773 0.256526 0.042854
v -0.150029 0.255851 0.043829
v -0.149015 0.270154 0.028442
v -0.149458 0.277220 0.018580
v -0.150077 0.270549 0.027411
v -0.149720 0.270672 0.027543
v -0.147913 0.277524 0.018675
v -0.148199 0.270328 0.028479
v -0.147842 0.287692 -0.001152
v -0.148557 0.283072 0.009018
v -0.147690 0.282766 0.009836
v -0.149160 0.287485 -0.001253
v -0.150081 0.282772 0.008844
v -0.149307 0.282923 0.008957
v -0.147836 0.291073 -0.013312
v -0.147743 0.292336 -0.026366
v -0.149416 0.290974 -0.014189
v -0.148635 0.290952 -0.013363
v -0.146030 0.292492 -0.025565
v -0.146959 0.291001 -0.012530
v -0.143735 0.289058 -0.047973
v -0.145760 0.291638 -0.037359
v -0.145270 0.291776 -0.036661
v -0.145279 0.288974 -0.048101
v -0.147387 0.291344 -0.038187
v -0.146606 0.291552 -0.037412
v -0.143011 0.284283 -0.059036
v -0.142040 0.277430 -0.069713
v -0.144383 0.283834 -0.059824
v -0.143909 0.284217 -0.059110
v -0.140042 0.277523 -0.069546
v -0.142097 0.284668 -0.058344
v -0.136608 0.263500 -0.084101
v -0.139495 0.270841 -0.077396
v -0.138503 0.271443 -0.076735
v -0.138429 0.262752 -0.084854
v -0.141101 0.270764 -0.077603
v -0.140145 0.270848 -0.077485
v -0.135481 0.254795 -0.090612
v -0.134156 0.245681 -0.096192
v -0.137074 0.253944 -0.091344
v -0.136559 0.254752 -0.090731
v -0.132146 0.245634 -0.096022
v -0.134257 0.254806 -0.090542
v -0.131037 0.236380 -0.100733
v -0.129736 0.236403 -0.100656
v -0.133260 0.236258 -0.100956
v -0.132181 0.236337 -0.100837
v 0.130285 0.179078 -0.116139
v 0.130387 0.191528 -0.114356
v 0.132435 0.203670 -0.111933
v 0.132212 0.191718 -0.114427
v 0.131260 0.191621 -0.114437
v 0.128073 0.178825 -0.116031
v 0.130310 0.203491 -0.111819
v 0.129115 0.191372 -0.114333
v 0.132223 0.225756 -0.105007
v 0.132479 0.215078 -0.108749
v 0.131199 0.215041 -0.108702
v 0.134754 0.225697 -0.105134
v 0.134312 0.215108 -0.108840
v 0.133681 0.215072 -0.108783
v 0.131685 0.164914 -0.116874
v 0.132451 0.152352 -0.116570
v 0.129750 0.166068 -0.116803
v 0.131019 0.164821 -0.116834
v 0.135778 0.139566 -0.115334
v 0.133979 0.139125 -0.115250
v 0.135094 0.139464 -0.115300
v 0.130216 0.151995 -0.116424
v 0.132901 0.139088 -0.115129
v 0.128339 0.165786 -0.116782
v 0.177139 0.075883 -0.072124
v 0.179006 0.072006 -0.066157
v 0.175359 0.074455 -0.072408
v 0.176088 0.074926 -0.072473
v 0.182299 0.068967 -0.059543
v 0.183618 0.062226 -0.052241
v 0.180614 0.067194 -0.059714
v 0.181560 0.068447 -0.059417
v 0.181758 0.059983 -0.052266
v 0.177477 0.070995 -0.065991
v 0.179813 0.066532 -0.059591
v 0.174527 0.073977 -0.072329
v 0.186210 0.063624 -0.046873
v 0.187324 0.065247 -0.041131
v 0.184824 0.063125 -0.046631
v 0.185527 0.063815 -0.046823
v 0.189675 0.066496 -0.035127
v 0.190394 0.064490 -0.027693
v 0.188310 0.066226 -0.034873
v 0.188971 0.066007 -0.034909
v 0.188728 0.063090 -0.027886
v 0.185817 0.064023 -0.040737
v 0.187494 0.065668 -0.034686
v 0.183743 0.061495 -0.046874
v 0.192944 0.069677 -0.020364
v 0.193810 0.073089 -0.012452
v 0.191437 0.068833 -0.020613
v 0.192116 0.069238 -0.020856
v 0.195898 0.074816 -0.002764
v 0.196204 0.074689 0.007985
v 0.194593 0.074380 -0.002280
v 0.195241 0.074630 -0.002530
v 0.194690 0.073665 0.007598
v 0.192347 0.072576 -0.012050
v 0.193781 0.074075 -0.002063
v 0.190626 0.068365 -0.020394
v 0.197784 0.081325 0.017617
v 0.197350 0.085232 0.029505
v 0.196573 0.081129 0.018117
v 0.197188 0.081249 0.017896
v 0.197124 0.088270 0.042011
v 0.194931 0.091971 0.055444
v 0.195993 0.087834 0.042754
v 0.196552 0.088083 0.042400
v 0.193612 0.091242 0.056271
v 0.196056 0.084929 0.030059
v 0.195261 0.087531 0.043116
v 0.195828 0.080933 0.018389
v 0.194210 0.099557 0.063571
v 0.191230 0.105317 0.073052
v 0.193456 0.099097 0.063194
v 0.193997 0.099294 0.062781
v 0.188540 0.112285 0.080278
v 0.184019 0.119905 0.086934
v 0.188012 0.111590 0.080205
v 0.188560 0.111834 0.079697
v 0.183319 0.118719 0.087224
v 0.190472 0.104662 0.072671
v 0.187292 0.111239 0.080661
v 0.192759 0.098848 0.063575
v 0.181150 0.128889 0.089482
v 0.175906 0.138262 0.092877
v 0.179947 0.128464 0.090611
v 0.180537 0.128705 0.090046
v 0.171954 0.148624 0.093588
v 0.165745 0.158524 0.095060
v 0.170599 0.148226 0.094724
v 0.171277 0.148453 0.094203
v 0.164947 0.157126 0.095931
v 0.174138 0.137269 0.094495
v 0.169433 0.147494 0.095753
v 0.179199 0.128178 0.091164
v 0.163950 0.168275 0.092950
v 0.160970 0.177779 0.091314
v 0.162312 0.167930 0.094040
v 0.163213 0.168115 0.093496
v 0.159777 0.188729 0.087511
v 0.157368 0.197981 0.084351
v 0.158274 0.187420 0.088794
v 0.159252 0.187457 0.088360
v 0.155928 0.196857 0.085440
v 0.159078 0.177507 0.092255
v 0.157278 0.187358 0.089179
v 0.161410 0.167695 0.094546
v 0.157498 0.206875 0.079700
v 0.156136 0.215683 0.075236
v 0.155738 0.207048 0.080328
v 0.156718 0.206960 0.080022
v 0.156093 0.223896 0.069916
v 0.155109 0.230959 0.065415
v 0.154991 0.223093 0.070978
v 0.155897 0.223986 0.070068
v 0.153888 0.231306 0.065643
v 0.154260 0.214819 0.076384
v 0.154088 0.223266 0.071146
v 0.155538 0.205963 0.081010
v 0.156180 0.239322 0.058716
v 0.154873 0.247680 0.052173
v 0.154539 0.238733 0.059809
v 0.154785 0.238613 0.059708
v 0.155777 0.255886 0.044164
v 0.154766 0.262969 0.037132
v 0.154353 0.255378 0.045248
v 0.154596 0.255262 0.045151
v 0.153192 0.262571 0.038088
v 0.153815 0.247059 0.053148
v 0.153553 0.255559 0.045325
v 0.153690 0.238920 0.059918
v 0.155210 0.269726 0.029003
v 0.154199 0.276442 0.020340
v 0.153756 0.269360 0.030033
v 0.154459 0.269894 0.029125
v 0.154802 0.282484 0.009940
v 0.153817 0.287128 -0.000048
v 0.153275 0.282354 0.010909
v 0.154005 0.282210 0.010831
v 0.152534 0.287034 0.000845
v 0.152672 0.276737 0.020483
v 0.152849 0.281987 0.011761
v 0.152953 0.269521 0.030088
v 0.154036 0.290455 -0.012252
v 0.152304 0.291993 -0.024478
v 0.152468 0.290538 -0.011336
v 0.153261 0.290419 -0.011405
v 0.151866 0.291167 -0.036420
v 0.149559 0.288693 -0.047163
v 0.150264 0.291462 -0.035581
v 0.151096 0.291378 -0.035647
v 0.148168 0.288990 -0.046356
v 0.150610 0.292131 -0.023627
v 0.149388 0.291605 -0.034832
v 0.151604 0.290455 -0.010517
v 0.148669 0.283833 -0.058396
v 0.146307 0.277431 -0.068520
v 0.147334 0.284278 -0.057598
v 0.148219 0.284227 -0.057688
v 0.145372 0.270752 -0.076600
v 0.142785 0.262696 -0.084116
v 0.143799 0.270818 -0.076421
v 0.144427 0.270831 -0.076479
v 0.140981 0.263424 -0.083361
v 0.144743 0.277940 -0.067760
v 0.142815 0.271426 -0.075772
v 0.146437 0.284663 -0.056890
v 0.141487 0.253823 -0.090789
v 0.138668 0.245541 -0.095845
v 0.139937 0.254695 -0.090098
v 0.140989 0.254653 -0.090181
v 0.137767 0.236095 -0.100725
v 0.135603 0.236214 -0.100604
v 0.136719 0.236178 -0.100667
v 0.136708 0.245473 -0.095710
v 0.134331 0.236203 -0.100525
v 0.138722 0.254679 -0.090011
v -0.154362 0.095578 -0.097581
v -0.151508 0.103749 -0.101328
v -0.145269 0.110826 -0.105666
v -0.150203 0.103709 -0.101760
v -0.156297 0.096691 -0.097129
v -0.152664 0.103807 -0.101330
v -0.146517 0.110963 -0.105665
v -0.152097 0.103672 -0.101329
v -0.141990 0.119017 -0.109148
v -0.136280 0.129492 -0.112374
v -0.140761 0.118936 -0.109165
v -0.141351 0.118864 -0.109158
v -0.134941 0.129289 -0.112413
v -0.140065 0.118686 -0.109176
v -0.163878 0.087795 -0.087181
v -0.160344 0.091801 -0.092198
v -0.159747 0.091555 -0.092182
v -0.171183 0.076926 -0.075190
v -0.168458 0.082967 -0.081318
v -0.167898 0.082779 -0.081280
v -0.172411 0.078000 -0.075320
v -0.169848 0.083130 -0.080951
v -0.165467 0.088159 -0.086783
v -0.169060 0.083105 -0.081348
v -0.161519 0.092122 -0.092218
v -0.160988 0.092000 -0.092202
v 0.149429 0.110427 -0.106965
v 0.155430 0.103391 -0.102749
v 0.158281 0.095610 -0.099152
v 0.154807 0.103160 -0.102740
v 0.139113 0.128621 -0.113621
v 0.145016 0.118449 -0.110405
v 0.144330 0.118184 -0.110418
v 0.140642 0.129118 -0.113548
v 0.146236 0.118569 -0.110410
v 0.150653 0.110593 -0.106974
v 0.145747 0.118660 -0.110371
v 0.156592 0.103473 -0.102777
v 0.160068 0.096283 -0.098714
v 0.156113 0.103586 -0.102737
v 0.164006 0.091413 -0.093912
v 0.167457 0.087492 -0.089014
v 0.163392 0.091131 -0.093890
v 0.165155 0.091768 -0.093952
v 0.169058 0.087915 -0.088602
v 0.164625 0.091630 -0.093919
v 0.173464 0.083067 -0.082910
v 0.176029 0.077669 -0.077385
v 0.172063 0.082835 -0.083272
v 0.172665 0.083005 -0.083301
v 0.174843 0.076951 -0.077284
v 0.171456 0.082291 -0.083229
v -0.130787 0.191860 -0.113919
v -0.131290 0.203795 -0.111681
v -0.129479 0.192020 -0.113909
v -0.129384 0.179614 -0.115353
v -0.130298 0.191961 -0.113873
v -0.133150 0.214880 -0.108882
v -0.133845 0.225425 -0.105410
v -0.131605 0.215144 -0.108832
v -0.132434 0.215016 -0.108840
v -0.131889 0.225783 -0.105349
v -0.129725 0.203939 -0.111696
v -0.130832 0.215236 -0.108810
v -0.128028 0.179644 -0.115390
v -0.128730 0.192016 -0.113932
v -0.129475 0.165702 -0.115862
v -0.131414 0.153415 -0.115451
v -0.130770 0.165624 -0.115831
v -0.130050 0.165637 -0.115849
v -0.130110 0.153352 -0.115498
v -0.128732 0.165621 -0.115895
v -0.133119 0.140534 -0.114157
v -0.132608 0.140545 -0.114143
v -0.134368 0.140543 -0.114131
v -0.133876 0.140644 -0.114107
v -0.174543 0.076072 -0.070131
v -0.177830 0.073410 -0.063934
v -0.175795 0.076549 -0.069823
v -0.175102 0.076229 -0.070193
v -0.176697 0.072615 -0.063759
v -0.174005 0.075874 -0.070058
v -0.180895 0.063334 -0.050032
v -0.179416 0.069050 -0.057618
v -0.178869 0.068674 -0.057502
v -0.182013 0.064413 -0.050429
v -0.180630 0.070498 -0.057494
v -0.180235 0.070271 -0.057379
v -0.183410 0.064980 -0.044870
v -0.185673 0.065574 -0.039312
v -0.184323 0.065793 -0.045300
v -0.183942 0.065403 -0.045083
v -0.184481 0.064802 -0.039435
v -0.182664 0.063847 -0.045087
v -0.187553 0.063689 -0.026202
v -0.186842 0.066052 -0.033018
v -0.186145 0.065212 -0.033305
v -0.188477 0.064527 -0.026848
v -0.187634 0.066646 -0.033562
v -0.187319 0.066365 -0.033300
v -0.190030 0.068019 -0.018987
v -0.192216 0.071219 -0.010884
v -0.190755 0.068406 -0.019602
v -0.190470 0.068233 -0.019301
v -0.191341 0.071147 -0.010292
v -0.189546 0.067794 -0.018676
v -0.193439 0.072115 0.009104
v -0.193082 0.072516 -0.001664
v -0.192636 0.072424 -0.001339
v -0.194325 0.072574 0.008187
v -0.193803 0.072383 -0.001392
v -0.193555 0.072339 -0.001056
v -0.195074 0.078668 0.018377
v -0.195677 0.082913 0.030423
v -0.195691 0.078813 0.018544
v -0.195459 0.078626 0.017973
v -0.194826 0.082655 0.031440
v -0.194663 0.078678 0.018733
v -0.192920 0.090645 0.055484
v -0.194717 0.086401 0.042186
v -0.194313 0.086339 0.042674
v -0.193783 0.090893 0.054312
v -0.195307 0.086790 0.042353
v -0.194975 0.086455 0.042994
v -0.192145 0.097505 0.063704
v -0.190526 0.104092 0.071544
v -0.192948 0.097827 0.062450
v -0.192685 0.097888 0.062903
v -0.189510 0.103612 0.073019
v -0.191723 0.097458 0.064253
v -0.182827 0.118577 0.086404
v -0.187131 0.111080 0.079579
v -0.186688 0.111016 0.080187
v -0.183903 0.119143 0.084774
v -0.188050 0.111406 0.078185
v -0.187743 0.111456 0.078644
v -0.179504 0.128416 0.089234
v -0.175533 0.138313 0.091226
v -0.180543 0.128722 0.087798
v -0.179961 0.128445 0.088615
v -0.174235 0.137843 0.092878
v -0.178792 0.127948 0.090245
v -0.165410 0.158401 0.094034
v -0.170476 0.148798 0.093105
v -0.169604 0.148380 0.094111
v -0.165888 0.159478 0.093036
v -0.171801 0.149074 0.091687
v -0.171054 0.148837 0.092479
v -0.162558 0.169041 0.092107
v -0.161018 0.178699 0.089227
v -0.164248 0.169264 0.090739
v -0.163270 0.169067 0.091502
v -0.159596 0.178705 0.090328
v -0.162789 0.168013 0.092527
v -0.156050 0.197630 0.083470
v -0.158435 0.188322 0.086676
v -0.157740 0.188355 0.087143
v -0.157071 0.198678 0.082141
v -0.159465 0.189436 0.085335
v -0.159173 0.188269 0.086185
v -0.155061 0.207728 0.078210
v -0.154988 0.216341 0.072946
v -0.156373 0.207561 0.077522
v -0.155818 0.207628 0.077837
v -0.153663 0.215418 0.074308
v -0.155026 0.206633 0.079080
v -0.152637 0.231878 0.063371
v -0.153781 0.223707 0.068668
v -0.153127 0.223836 0.068951
v -0.154265 0.232629 0.062079
v -0.154919 0.224603 0.067424
v -0.154419 0.224677 0.067657
v -0.152924 0.240434 0.056509
v -0.153194 0.248532 0.049402
v -0.154049 0.240266 0.056092
v -0.153585 0.240326 0.056274
v -0.151897 0.248737 0.049832
v -0.152247 0.239559 0.057547
v -0.151458 0.264149 0.034564
v -0.152106 0.256292 0.042485
v -0.151455 0.256387 0.042678
v -0.152312 0.264030 0.034209
v -0.153178 0.257053 0.041285
v -0.153049 0.257021 0.041437
v -0.151763 0.270950 0.026265
v -0.152172 0.277841 0.016386
v -0.152812 0.271543 0.025108
v -0.152389 0.271542 0.025260
v -0.150892 0.277473 0.017535
v -0.151126 0.271048 0.026442
v -0.150555 0.287805 -0.003058
v -0.151457 0.283379 0.006999
v -0.150783 0.283075 0.007931
v -0.151800 0.287893 -0.004048
v -0.152583 0.283710 0.005870
v -0.152083 0.283293 0.006844
v -0.150395 0.290934 -0.015157
v -0.150197 0.291969 -0.028204
v -0.151578 0.290978 -0.016177
v -0.151057 0.290975 -0.016037
v -0.148875 0.292158 -0.027259
v -0.149752 0.290897 -0.014292
v -0.146649 0.288356 -0.049599
v -0.148674 0.291064 -0.039078
v -0.148014 0.291135 -0.038964
v -0.147960 0.287958 -0.050498
v -0.149590 0.290863 -0.040028
v -0.149033 0.290864 -0.039897
v -0.145722 0.283340 -0.060698
v -0.144806 0.276679 -0.070788
v -0.146950 0.282835 -0.061592
v -0.146461 0.283248 -0.060812
v -0.143317 0.276857 -0.070541
v -0.145105 0.283761 -0.059938
v -0.140215 0.262609 -0.085095
v -0.142495 0.270037 -0.078407
v -0.141872 0.270703 -0.077709
v -0.141662 0.262412 -0.085318
v -0.143902 0.269830 -0.078654
v -0.143277 0.269917 -0.078515
v -0.138978 0.253700 -0.091571
v -0.137683 0.245267 -0.096597
v -0.140450 0.253454 -0.091806
v -0.139781 0.253568 -0.091669
v -0.136065 0.245519 -0.096416
v -0.137911 0.253862 -0.091465
v -0.134687 0.235011 -0.101542
v -0.134107 0.236161 -0.101032
v -0.136247 0.234712 -0.101695
v -0.135524 0.234856 -0.101591
v 0.133259 0.179285 -0.116104
v 0.133489 0.191769 -0.114436
v 0.135445 0.203644 -0.111956
v 0.134796 0.191656 -0.114438
v 0.134306 0.191743 -0.114401
v 0.131905 0.179271 -0.116147
v 0.133897 0.203729 -0.111980
v 0.132744 0.191744 -0.114469
v 0.136320 0.225633 -0.105245
v 0.135906 0.215012 -0.108872
v 0.135143 0.215072 -0.108858
v 0.138261 0.225328 -0.105285
v 0.137454 0.214778 -0.108914
v 0.136734 0.214897 -0.108873
v 0.134559 0.165161 -0.116782
v 0.135233 0.152788 -0.116541
v 0.133261 0.165181 -0.116804
v 0.133839 0.165144 -0.116798
v 0.138332 0.139881 -0.115310
v 0.137066 0.139819 -0.115331
v 0.137836 0.139960 -0.115279
v 0.133933 0.152665 -0.116581
v 0.136556 0.139812 -0.115310
v 0.132516 0.165070 -0.116847
v 0.179557 0.076911 -0.071950
v 0.181671 0.073674 -0.066076
v 0.178306 0.076377 -0.072231
v 0.178870 0.076566 -0.072304
v 0.184588 0.070963 -0.059613
v 0.186199 0.065418 -0.052588
v 0.183438 0.069851 -0.059783
v 0.183975 0.070240 -0.059915
v 0.184904 0.063647 -0.052601
v 0.180581 0.073165 -0.065899
v 0.182902 0.069441 -0.059654
v 0.177748 0.076172 -0.072176
v 0.188415 0.066504 -0.047335
v 0.189781 0.067130 -0.041421
v 0.187535 0.065524 -0.046885
v 0.188046 0.066043 -0.047115
v 0.191689 0.068465 -0.035644
v 0.192574 0.066465 -0.028893
v 0.190893 0.067823 -0.035100
v 0.191367 0.068168 -0.035375
v 0.191674 0.065549 -0.028249
v 0.188575 0.065555 -0.041407
v 0.190252 0.066919 -0.035356
v 0.186854 0.065017 -0.047231
v 0.194681 0.070638 -0.021571
v 0.196004 0.073635 -0.012743
v 0.193960 0.070220 -0.020914
v 0.194405 0.070445 -0.021260
v 0.197564 0.074949 -0.003118
v 0.198195 0.075706 0.006420
v 0.196846 0.075028 -0.003395
v 0.197340 0.074885 -0.002740
v 0.197299 0.074659 0.007492
v 0.195131 0.073532 -0.012151
v 0.196399 0.074944 -0.003079
v 0.193485 0.069962 -0.020625
v 0.199262 0.081476 0.017087
v 0.199115 0.085551 0.029016
v 0.198639 0.081327 0.016883
v 0.199050 0.081562 0.016380
v 0.198592 0.089336 0.040950
v 0.196925 0.093282 0.052980
v 0.198063 0.088930 0.040851
v 0.198302 0.088966 0.041609
v 0.196079 0.093006 0.054129
v 0.198284 0.085272 0.030010
v 0.197662 0.088858 0.041336
v 0.198250 0.081340 0.017273
v 0.195867 0.100048 0.061227
v 0.193267 0.106115 0.070510
v 0.195093 0.099708 0.062543
v 0.195608 0.100114 0.061716
v 0.190576 0.113297 0.077334
v 0.186233 0.120869 0.084071
v 0.189659 0.112947 0.078723
v 0.190266 0.113345 0.077811
v 0.185112 0.120298 0.085700
v 0.192265 0.105623 0.071949
v 0.189225 0.112885 0.079342
v 0.194671 0.099656 0.063045
v 0.182708 0.130300 0.087172
v 0.177610 0.139668 0.090653
v 0.181627 0.129994 0.088630
v 0.182106 0.130027 0.087998
v 0.173967 0.150143 0.091084
v 0.169377 0.159654 0.091932
v 0.172571 0.149887 0.092519
v 0.173181 0.149911 0.091876
v 0.167624 0.159244 0.093489
v 0.176260 0.139188 0.092282
v 0.172021 0.149816 0.093093
v 0.180880 0.129527 0.089654
v 0.166729 0.169892 0.090336
v 0.164094 0.179368 0.088708
v 0.165817 0.168728 0.091510
v 0.166148 0.169921 0.090761
v 0.162358 0.189816 0.085310
v 0.160137 0.198959 0.082245
v 0.161238 0.188728 0.086556
v 0.162003 0.188672 0.086097
v 0.159041 0.197916 0.083515
v 0.163022 0.178155 0.090014
v 0.160531 0.188740 0.087048
v 0.165150 0.168669 0.092042
v 0.159642 0.207737 0.077825
v 0.158453 0.216405 0.073455
v 0.158305 0.207905 0.078506
v 0.159058 0.207805 0.078125
v 0.158680 0.224548 0.068169
v 0.158272 0.232453 0.062990
v 0.157462 0.223661 0.069363
v 0.158163 0.224619 0.068392
v 0.156592 0.231693 0.064230
v 0.157589 0.215458 0.074658
v 0.156796 0.223767 0.069650
v 0.158230 0.206818 0.079330
v 0.158286 0.239977 0.057171
v 0.157635 0.248094 0.050631
v 0.157534 0.240080 0.057533
v 0.157809 0.240030 0.057332
v 0.158114 0.256433 0.042673
v 0.157354 0.263301 0.035705
v 0.156712 0.255733 0.043836
v 0.157685 0.256453 0.042815
v 0.156162 0.263455 0.036025
v 0.156722 0.248233 0.051018
v 0.156049 0.255820 0.044010
v 0.156408 0.239261 0.058534
v 0.157600 0.270769 0.026778
v 0.156931 0.277088 0.018198
v 0.156509 0.270184 0.027885
v 0.157157 0.270769 0.026925
v 0.157318 0.283009 0.007807
v 0.156476 0.287274 -0.002084
v 0.156160 0.282688 0.008905
v 0.156801 0.282596 0.008746
v 0.155218 0.287181 -0.001102
v 0.155628 0.276721 0.019295
v 0.155472 0.282364 0.009827
v 0.155871 0.270276 0.028047
v 0.156209 0.290470 -0.014194
v 0.154765 0.291639 -0.026321
v 0.155342 0.290407 -0.013203
v 0.155976 0.290447 -0.014053
v 0.153993 0.290561 -0.038916
v 0.152341 0.287899 -0.048849
v 0.153155 0.290895 -0.037293
v 0.153780 0.290686 -0.038109
v 0.151026 0.288302 -0.047990
v 0.153423 0.291819 -0.025346
v 0.152486 0.290975 -0.037186
v 0.154687 0.290501 -0.013085
v 0.151237 0.282838 -0.060163
v 0.149034 0.276686 -0.069543
v 0.149997 0.283338 -0.059225
v 0.150737 0.283245 -0.059359
v 0.148167 0.269827 -0.077652
v 0.145971 0.262362 -0.084526
v 0.146757 0.270032 -0.077412
v 0.147532 0.269909 -0.077514
v 0.144528 0.262558 -0.084318
v 0.147553 0.276869 -0.069326
v 0.146131 0.270696 -0.076699
v 0.149398 0.283768 -0.058487
v 0.144831 0.253363 -0.091190
v 0.142397 0.245096 -0.096191
v 0.143355 0.253601 -0.090990
v 0.144155 0.253473 -0.091075
v 0.140725 0.234623 -0.101458
v 0.139161 0.234897 -0.101303
v 0.139998 0.234759 -0.101359
v 0.140521 0.245387 -0.096022
v 0.138592 0.236016 -0.100810
v 0.142609 0.253680 -0.090898
v -0.157432 0.097079 -0.097100
v -0.153641 0.104039 -0.101265
v -0.147674 0.111196 -0.105614
v -0.153196 0.103958 -0.101285
v -0.158202 0.097065 -0.097132
v -0.154430 0.103763 -0.101395
v -0.148589 0.111131 -0.105651
v -0.154055 0.103925 -0.101311
v -0.144002 0.118911 -0.109243
v -0.138700 0.129708 -0.112313
v -0.143001 0.118977 -0.109093
v -0.143589 0.119074 -0.109132
v -0.137644 0.129777 -0.112268
v -0.142599 0.119135 -0.109087
v -0.166376 0.088127 -0.086811
v -0.162362 0.092312 -0.092204
v -0.161986 0.092240 -0.092212
v -0.173277 0.078395 -0.075399
v -0.170579 0.083244 -0.080995
v -0.170253 0.083207 -0.080975
v -0.174182 0.078730 -0.074998
v -0.171231 0.083241 -0.081004
v -0.167041 0.087832 -0.086814
v -0.170942 0.083324 -0.080974
v -0.163154 0.092495 -0.092245
v -0.162785 0.092392 -0.092205
v 0.151800 0.110847 -0.106947
v 0.157568 0.103718 -0.102722
v 0.161192 0.096720 -0.098701
v 0.157122 0.103622 -0.102737
v 0.141806 0.129168 -0.113514
v 0.147246 0.118560 -0.110371
v 0.146843 0.118696 -0.110360
v 0.142865 0.129138 -0.113549
v 0.148250 0.118506 -0.110503
v 0.152722 0.110809 -0.106980
v 0.147838 0.118650 -0.110404
v 0.158357 0.103469 -0.102841
v 0.162035 0.096975 -0.098715
v 0.157982 0.103619 -0.102770
v 0.166000 0.091983 -0.093936
v 0.169955 0.087909 -0.088644
v 0.165614 0.091902 -0.093937
v 0.166789 0.092208 -0.093969
v 0.170620 0.087634 -0.088668
v 0.166418 0.092079 -0.093936
v 0.174838 0.083223 -0.082976
v 0.177864 0.078899 -0.077107
v 0.174203 0.083195 -0.082952
v 0.174549 0.083289 -0.082944
v 0.176945 0.078516 -0.077501
v 0.173882 0.083144 -0.082926
v -0.133675 0.203203 -0.111865
v -0.131968 0.191564 -0.113909
v -0.132033 0.179201 -0.115388
v -0.132687 0.191436 -0.113998
v -0.136461 0.224744 -0.105751
v -0.134314 0.214529 -0.108981
v -0.135028 0.214349 -0.109084
v -0.135301 0.225090 -0.105559
v -0.132503 0.203527 -0.111716
v -0.133866 0.214688 -0.108906
v -0.130646 0.179415 -0.115326
v -0.131518 0.191734 -0.113871
v -0.131926 0.165417 -0.115785
v -0.133726 0.153143 -0.115467
v -0.132430 0.165286 -0.115891
v -0.132604 0.153315 -0.115399
v -0.131271 0.165494 -0.115806
v -0.135469 0.140435 -0.114058
v -0.135040 0.140584 -0.114058
v -0.136126 0.140452 -0.114117
v -0.176431 0.076781 -0.069923
v -0.179363 0.073979 -0.063745
v -0.176723 0.076673 -0.069925
v -0.178798 0.073788 -0.063648
v -0.176148 0.076677 -0.069876
v -0.182960 0.065908 -0.050384
v -0.181214 0.070946 -0.057679
v -0.180964 0.070746 -0.057584
v -0.183504 0.066836 -0.050659
v -0.181484 0.071157 -0.057747
v -0.185011 0.066565 -0.045134
v -0.186944 0.067398 -0.039640
v -0.185266 0.066973 -0.045279
v -0.186311 0.066282 -0.039767
v -0.184630 0.066209 -0.045500
v -0.189254 0.065332 -0.026841
v -0.188255 0.067518 -0.033477
v -0.187903 0.066924 -0.033814
v -0.189591 0.066142 -0.027363
v -0.188472 0.067763 -0.033658
v -0.191248 0.068839 -0.019479
v -0.193034 0.071463 -0.011181
v -0.191437 0.069021 -0.019704
v -0.192671 0.071211 -0.011436
v -0.190975 0.068587 -0.019896
v -0.194771 0.072938 0.007371
v -0.194094 0.072503 -0.002005
v -0.193983 0.072430 -0.001717
v -0.195132 0.073558 0.007596
v -0.194234 0.072608 -0.002273
v -0.195938 0.078656 0.017949
v -0.196268 0.082608 0.029200
v -0.196067 0.078664 0.017688
v -0.196049 0.082687 0.029763
v -0.195853 0.078711 0.018230
v -0.194128 0.091424 0.054425
v -0.195586 0.086701 0.041630
v -0.195492 0.086720 0.041967
v -0.194548 0.091931 0.053467
v -0.195739 0.086744 0.041332
v -0.193302 0.097681 0.061727
v -0.191532 0.104174 0.069727
v -0.193542 0.097917 0.061216
v -0.191177 0.104251 0.070416
v -0.193168 0.097726 0.062060
v -0.184821 0.119426 0.083447
v -0.188521 0.111315 0.077402
v -0.188325 0.111337 0.077751
v -0.185229 0.119433 0.082656
v -0.188731 0.111311 0.077029
v -0.181112 0.128638 0.086946
v -0.177071 0.138517 0.089160
v -0.181349 0.128657 0.086576
v -0.176533 0.138523 0.089934
v -0.180879 0.128670 0.087327
v -0.167326 0.159766 0.091666
v -0.172484 0.149019 0.090827
v -0.172200 0.149032 0.091225
v -0.168407 0.160008 0.090618
v -0.172314 0.150113 0.090537
v -0.165128 0.169227 0.089906
v -0.162642 0.179801 0.087349
v -0.165148 0.170427 0.089336
v -0.162472 0.178758 0.088123
v -0.164739 0.169231 0.090278
v -0.158181 0.198536 0.081455
v -0.160388 0.189324 0.084686
v -0.159978 0.189368 0.084976
v -0.158715 0.199622 0.080387
v -0.160799 0.189274 0.084381
v -0.157287 0.207451 0.076974
v -0.156739 0.217183 0.071335
v -0.157586 0.208554 0.076106
v -0.155998 0.216181 0.072411
v -0.156874 0.207486 0.077216
v -0.154808 0.232538 0.061693
v -0.155758 0.224475 0.067021
v -0.155377 0.224516 0.067208
v -0.155769 0.233420 0.060589
v -0.156113 0.225465 0.066128
v -0.154819 0.241161 0.054962
v -0.154740 0.250217 0.047124
v -0.155225 0.241080 0.054811
v -0.154022 0.249376 0.048239
v -0.154454 0.241196 0.055118
v -0.153504 0.264731 0.033043
v -0.153933 0.257853 0.040161
v -0.153828 0.257825 0.040300
v -0.154187 0.265513 0.031869
v -0.154334 0.257790 0.040011
v -0.153349 0.272273 0.023958
v -0.153644 0.279018 0.014142
v -0.153983 0.272866 0.023027
v -0.153027 0.278394 0.015248
v -0.153208 0.272199 0.024101
v -0.152738 0.288200 -0.005170
v -0.153247 0.284240 0.004761
v -0.153005 0.283735 0.005703
v -0.153570 0.288556 -0.006221
v -0.153696 0.284252 0.004635
v -0.152470 0.291217 -0.017263
v -0.152079 0.292008 -0.030270
v -0.152925 0.291332 -0.018168
v -0.151195 0.291988 -0.029227
v -0.152036 0.291147 -0.017084
v -0.148969 0.287654 -0.051482
v -0.150444 0.290601 -0.041732
v -0.150047 0.290731 -0.040885
v -0.149657 0.287353 -0.052475
v -0.150946 0.290575 -0.041899
v -0.147967 0.282739 -0.061944
v -0.146908 0.275860 -0.072014
v -0.148391 0.282284 -0.062749
v -0.145882 0.276041 -0.071678
v -0.147501 0.282789 -0.061761
v -0.142695 0.261502 -0.086122
v -0.144900 0.269027 -0.079542
v -0.144499 0.269733 -0.078810
v -0.143824 0.261265 -0.086389
v -0.145457 0.268898 -0.079696
v -0.141680 0.253166 -0.092078
v -0.140187 0.243702 -0.097524
v -0.142300 0.253027 -0.092199
v -0.138905 0.244038 -0.097285
v -0.141100 0.253317 -0.091936
v -0.137610 0.234364 -0.101908
v -0.136964 0.234540 -0.101794
v -0.138299 0.234182 -0.102001
v 0.135920 0.178931 -0.116119
v 0.135988 0.191378 -0.114413
v 0.137847 0.203093 -0.112101
v 0.136710 0.191258 -0.114487
v 0.134752 0.179167 -0.116027
v 0.136671 0.203394 -0.111984
v 0.135534 0.191532 -0.114390
v 0.139728 0.225020 -0.105428
v 0.138828 0.214415 -0.108964
v 0.138180 0.214605 -0.108929
v 0.140898 0.224685 -0.105586
v 0.139344 0.214271 -0.109074
v 0.137560 0.152561 -0.116553
v 0.135729 0.164968 -0.116727
v 0.136240 0.164840 -0.116823
v 0.139435 0.139789 -0.115259
v 0.140097 0.139831 -0.115295
v 0.136432 0.152710 -0.116507
v 0.138999 0.139933 -0.115244
v 0.135068 0.165024 -0.116758
v 0.183182 0.074414 -0.065907
v 0.180185 0.076881 -0.072026
v 0.180511 0.077052 -0.072048
v 0.187584 0.067395 -0.052752
v 0.185172 0.071493 -0.059806
v 0.185440 0.071753 -0.059882
v 0.186908 0.066503 -0.052968
v 0.182413 0.074004 -0.066245
v 0.184916 0.071258 -0.059714
v 0.179925 0.077043 -0.071991
v 0.190932 0.068606 -0.041710
v 0.189109 0.067957 -0.047264
v 0.189328 0.067861 -0.047341
v 0.193597 0.068150 -0.029449
v 0.192228 0.069368 -0.035568
v 0.192433 0.069622 -0.035758
v 0.193296 0.067359 -0.028902
v 0.190383 0.067880 -0.041903
v 0.191922 0.068775 -0.035908
v 0.188709 0.066976 -0.047566
v 0.196778 0.073875 -0.013072
v 0.195112 0.071097 -0.021447
v 0.195280 0.071283 -0.021702
v 0.198861 0.076180 0.005959
v 0.197808 0.075060 -0.003784
v 0.197958 0.075156 -0.004040
v 0.198622 0.075758 0.006644
v 0.196417 0.073639 -0.013341
v 0.197731 0.074997 -0.003470
v 0.194875 0.070819 -0.021888
v 0.199657 0.085215 0.027703
v 0.199487 0.081302 0.016482
v 0.199607 0.081305 0.016209
v 0.197548 0.093994 0.052334
v 0.198862 0.089242 0.040222
v 0.199003 0.089276 0.039929
v 0.197490 0.093758 0.051803
v 0.199474 0.085322 0.028297
v 0.198771 0.089269 0.040557
v 0.199407 0.081381 0.016761
v 0.194251 0.106239 0.068619
v 0.196222 0.099912 0.060467
v 0.196444 0.100144 0.059946
v 0.187580 0.121192 0.081929
v 0.191046 0.113203 0.076463
v 0.191250 0.113215 0.076083
v 0.187152 0.121177 0.082717
v 0.193906 0.106307 0.069313
v 0.190860 0.113233 0.076829
v 0.196079 0.099972 0.060812
v 0.179200 0.139878 0.088591
v 0.183298 0.130220 0.086315
v 0.183553 0.130240 0.085925
v 0.170797 0.160824 0.090109
v 0.174682 0.150090 0.090239
v 0.175189 0.150274 0.089677
v 0.169645 0.160579 0.091113
v 0.178642 0.139882 0.089358
v 0.174379 0.150107 0.090636
v 0.183046 0.130247 0.086705
v 0.165689 0.180410 0.086996
v 0.167657 0.169863 0.089524
v 0.168344 0.169998 0.088989
v 0.161891 0.199915 0.080582
v 0.163319 0.189723 0.084670
v 0.163749 0.189681 0.084372
v 0.161278 0.198822 0.081579
v 0.165164 0.179252 0.087920
v 0.162887 0.189752 0.084944
v 0.167242 0.169863 0.089884
v 0.160315 0.217273 0.071916
v 0.160502 0.208780 0.076735
v 0.160951 0.208744 0.076495
v 0.159858 0.233270 0.061564
v 0.159519 0.225504 0.067088
v 0.159944 0.225447 0.066907
v 0.158837 0.232362 0.062629
v 0.159501 0.216248 0.072946
v 0.159141 0.224464 0.067956
v 0.160172 0.207663 0.077551
v 0.159269 0.249785 0.048417
v 0.159111 0.240867 0.056088
v 0.159518 0.241774 0.055174
v 0.158964 0.264809 0.033429
v 0.158595 0.257280 0.041559
v 0.159014 0.257237 0.041410
v 0.158254 0.264041 0.034566
v 0.158516 0.248937 0.049516
v 0.158483 0.257251 0.041695
v 0.158734 0.240887 0.056219
v 0.158430 0.278284 0.016007
v 0.158371 0.271487 0.025657
v 0.158781 0.272109 0.024723
v 0.158273 0.287945 -0.004207
v 0.157980 0.283540 0.006714
v 0.158434 0.283555 0.006578
v 0.157434 0.287576 -0.003200
v 0.157801 0.277652 0.017066
v 0.157740 0.283033 0.007643
v 0.158008 0.271431 0.025794
v 0.156597 0.291683 -0.029083
v 0.157081 0.290843 -0.016032
v 0.157569 0.290844 -0.016192
v 0.154032 0.287313 -0.050866
v 0.154916 0.290454 -0.039961
v 0.155425 0.290424 -0.040131
v 0.153338 0.287620 -0.049857
v 0.155772 0.291670 -0.027335
v 0.154526 0.290571 -0.039100
v 0.156682 0.290644 -0.015114
v 0.151157 0.275886 -0.070807
v 0.152250 0.282747 -0.060507
v 0.152678 0.282292 -0.061312
v 0.148167 0.261231 -0.085583
v 0.149176 0.269025 -0.078562
v 0.149744 0.268905 -0.078706
v 0.147026 0.261458 -0.085347
v 0.150124 0.276063 -0.070487
v 0.148761 0.269732 -0.077802
v 0.151784 0.282798 -0.060337
v 0.144669 0.243632 -0.097088
v 0.146069 0.253099 -0.091451
v 0.146692 0.252949 -0.091559
v 0.142099 0.234293 -0.101652
v 0.142794 0.234116 -0.101734
v 0.143367 0.243951 -0.096878
v 0.141447 0.234467 -0.101551
v 0.145493 0.253237 -0.091333
v -0.159192 0.097569 -0.097138
v -0.155266 0.103655 -0.101350
v -0.149552 0.111094 -0.105733
v -0.154885 0.103691 -0.101392
v -0.160027 0.097960 -0.097006
v -0.155978 0.103675 -0.101263
v -0.150339 0.111027 -0.105616
v -0.155638 0.103645 -0.101280
v -0.145908 0.119167 -0.109042
v -0.145171 0.119182 -0.109138
v -0.145569 0.119147 -0.109068
v -0.144621 0.119042 -0.109217
v -0.167744 0.087688 -0.086837
v -0.163950 0.092627 -0.092195
v -0.163606 0.092641 -0.092228
v -0.171913 0.083174 -0.080985
v -0.171606 0.083181 -0.080999
v -0.172575 0.083255 -0.080935
v -0.168402 0.087704 -0.086755
v -0.172229 0.083212 -0.080940
v -0.164640 0.092682 -0.092120
v -0.164297 0.092641 -0.092130
v 0.153685 0.110811 -0.107051
v 0.159182 0.103389 -0.102805
v 0.162937 0.097292 -0.098726
v 0.158807 0.103413 -0.102840
v 0.149402 0.118795 -0.110402
v 0.148867 0.118647 -0.110477
v 0.150136 0.118788 -0.110313
v 0.154465 0.110752 -0.106943
v 0.149798 0.118774 -0.110339
v 0.159893 0.103417 -0.102721
v 0.163758 0.097690 -0.098588
v 0.159553 0.103381 -0.102742
v 0.167576 0.092352 -0.093921
v 0.171316 0.087509 -0.088693
v 0.167236 0.092363 -0.093948
v 0.168261 0.092403 -0.093852
v 0.171968 0.087532 -0.088627
v 0.167921 0.092365 -0.093858
v 0.176174 0.083253 -0.082926
v 0.175511 0.083168 -0.082974
v 0.175826 0.083206 -0.082931
v 0.175208 0.083168 -0.082976
f 1 2389 2393 2392
f 2389 618 2390 2393
f 2393 2390 622 2391
f 2392 2393 2391 621
f 618 2394 2397 2390
f 2394 5 2395 2397
f 2397 2395 619 2396
f 2390 2397 2396 622
f 622 2396 2401 2400
f 2396 619 2398 2401
f 2401 2398 6 2399
f 2400 2401 2399 620
f 621 2391 2404 2403
f 2391 622 2400 2404
f 2404 2400 620 2402
f 2403 2404 2402 7
f 1 2405 2408 2389
f 2405 623 2406 2408
f 2408 2406 626 2407
f 2389 2408 2407 618
f 623 2409 2412 2406
f 2409 8 2410 2412
f 2412 2410 624 2411
f 2406 2412 2411 626
f 626 2411 2416 2415
f 2411 624 2413 2416
f 2416 2413 9 2414
f 2415 2416 2414 625
f 618 2407 2418 2394
f 2407 626 2415 2418
f 2418 2415 625 2417
f 2394 2418 2417 5
f 1 2392 2422 2421
f 2392 621 2419 2422
f 2422 2419 630 2420
f 2421 2422 2420 629
f 621 2403 2425 2419
f 2403 7 2423 2425
f 2425 2423 627 2424
f 2419 2425 2424 630
f 630 2424 2429 2428
f 2424 627 2426 2429
f 2429 2426 10 2427
f 2428 2429 2427 628
f 629 2420 2432 2431
f 2420 630 2428 2432
f 2432 2428 628 2430
f 2431 2432 2430 11
f 1 2433 2436 2405
f 2433 631 2434 2436
f 2436 2434 634 2435
f 2405 2436 2435 623
f 631 2437 2440 2434
f 2437 12 2438 2440
f 2440 2438 632 2439
f 2434 2440 2439 634
f 634 2439 2444 2443
f 2439 632 2441 2444
f 2444 2441 13 2442
f 2443 2444 2442 633
f 623 2435 2446 2409
f 2435 634 2443 2446
f 2446 2443 633 2445
f 2409 2446 2445 8
f 1 2421 2449 2433
f 2421 629 2447 2449
f 2449 2447 637 2448
f 2433 2449 2448 631
f 629 2431 2452 2447
f 2431 11 2450 2452
f 2452 2450 635 2451
f 2447 2452 2451 637
f 637 2451 2456 2455
f 2451 635 2453 2456
f 2456 2453 14 2454
f 2455 2456 2454 636
f 631 2448 2458 2437
f 2448 637 2455 2458
f 2458 2455 636 2457
f 2437 2458 2457 12
f 2 2459 2463 2462
f 2459 638 2460 2463
f 2463 2460 642 2461
f 2462 2463 2461 641
f 638 2464 2467 2460
f 2464 15 2465 2467
f 2467 2465 639 2466
f 2460 2467 2466 642
f 642 2466 2471 2470
f 2466 639 2468 2471
f 2471 2468 16 2469
f 2470 2471 2469 640
f 641 2461 2474 2473
f 2461 642 2470 2474
f 2474 2470 640 2472
f 2473 2474 2472 17
f 2 2475 2479 2478
f 2475 643 2476 2479
f 2479 2476 647 2477
f 2478 2479 2477 646
f 643 2480 2483 2476
f 2480 18 2481 2483
f 2483 2481 644 2482
f 2476 2483 2482 647
f 647 2482 2487 2486
f 2482 644 2484 2487
f 2487 2484 19 2485
f 2486 2487 2485 645
f 646 2477 2490 2489
f 2477 647 2486 2490
f 2490 2486 645 2488
f 2489 2490 2488 20
f 2 2462 2493 2475
f 2462 641 2491 2493
f 2493 2491 650 2492
f 2475 2493 2492 643
f 641 2473 2496 2491
f 2473 17 2494 2496
f 2496 2494 648 2495
f 2491 2496 2495 650
f 650 2495 2500 2499
f 2495 648 2497 2500
f 2500 2497 21 2498
f 2499 2500 2498 649
f 643 2492 2502 2480
f 2492 650 2499 2502
f 2502 2499 649 2501
f 2480 2502 2501 18
f 2 2503 2506 2459
f 2503 651 2504 2506
f 2506 2504 654 2505
f 2459 2506 2505 638
f 651 2507 2510 2504
f 2507 4 2508 2510
f 2510 2508 652 2509
f 2504 2510 2509 654
f 654 2509 2514 2513
f 2509 652 2511 2514
f 2514 2511 22 2512
f 2513 2514 2512 653
f 638 2505 2516 2464
f 2505 654 2513 2516
f 2516 2513 653 2515
f 2464 2516 2515 15
f 2 2478 2519 2503
f 2478 646 2517 2519
f 2519 2517 657 2518
f 2503 2519 2518 651
f 646 2489 2522 2517
f 2489 20 2520 2522
f 2522 2520 655 2521
f 2517 2522 2521 657
f 657 2521 2526 2525
f 2521 655 2523 2526
f 2526 2523 23 2524
f 2525 2526 2524 656
f 651 2518 2528 2507
f 2518 657 2525 2528
f 2528 2525 656 2527
f 2507 2528 2527 4
f 3 2529 2533 2532
f 2529 658 2530 2533
f 2533 2530 662 2531
f 2532 2533 2531 661
f 658 2534 2537 2530
f 2534 24 2535 2537
f 2537 2535 659 2536
f 2530 2537 2536 662
f 662 2536 2541 2540
f 2536 659 2538 2541
f 2541 2538 25 2539
f 2540 2541 2539 660
f 661 2531 2544 2543
f 2531 662 2540 2544
f 2544 2540 660 2542
f 2543 2544 2542 26
f 3 2532 2548 2547
f 2532 661 2545 2548
f 2548 2545 665 2546
f 2547 2548 2546 664
f 661 2543 2551 2545
f 2543 26 2549 2551
f 2551 2549 663 2550
f 2545 2551 2550 665
f 665 2550 2554 2553
f 2550 663 2552 2554
f 2554 2552 13 2441
f 2553 2554 2441 632
f 664 2546 2556 2555
f 2546 665 2553 2556
f 2556 2553 632 2438
f 2555 2556 2438 12
f 3 2547 2560 2559
f 2547 664 2557 2560
f 2560 2557 668 2558
f 2559 2560 2558 667
f 664 2555 2562 2557
f 2555 12 2457 2562
f 2562 2457 636 2561
f 2557 2562 2561 668
f 668 2561 2565 2564
f 2561 636 2454 2565
f 2565 2454 14 2563
f 2564 2565 2563 666
f 667 2558 2568 2567
f 2558 668 2564 2568
f 2568 2564 666 2566
f 2567 2568 2566 27
f 4 2569 2572 2508
f 2569 669 2570 2572
f 2572 2570 672 2571
f 2508 2572 2571 652
f 669 2573 2576 2570
f 2573 28 2574 2576
f 2576 2574 670 2575
f 2570 2576 2575 672
f 672 2575 2580 2579
f 2575 670 2577 2580
f 2580 2577 29 2578
f 2579 2580 2578 671
f 652 2571 2582 2511
f 2571 672 2579 2582
f 2582 2579 671 2581
f 2511 2582 2581 22
f 4 2583 2586 2569
f 2583 673 2584 2586
f 2586 2584 676 2585
f 2569 2586 2585 669
f 673 2587 2590 2584
f 2587 30 2588 2590
f 2590 2588 674 2589
f 2584 2590 2589 676
f 676 2589 2594 2593
f 2589 674 2591 2594
f 2594 2591 31 2592
f 2593 2594 2592 675
f 669 2585 2596 2573
f 2585 676 2593 2596
f 2596 2593 675 2595
f 2573 2596 2595 28
f 4 2527 2599 2583
f 2527 656 2597 2599
f 2599 2597 679 2598
f 2583 2599 2598 673
f 656 2524 2602 2597
f 2524 23 2600 2602
f 2602 2600 677 2601
f 2597 2602 2601 679
f 679 2601 2606 2605
f 2601 677 2603 2606
f 2606 2603 32 2604
f 2605 2606 2604 678
f 673 2598 2608 2587
f 2598 679 2605 2608
f 2608 2605 678 2607
f 2587 2608 2607 30
f 33 2609 2613 2612
f 2609 680 2610 2613
f 2613 2610 683 2611
f 2612 2613 2611 682
f 680 2614 2617 2610
f 2614 42 2615 2617
f 2617 2615 681 2616
f 2610 2617 2616 683
f 683 2616 2620 2619
f 2616 681 2618 2620
f 2620 2618 15 2515
f 2619 2620 2515 653
f 682 2611 2622 2621
f 2611 683 2619 2622
f 2622 2619 653 2512
f 2621 2622 2512 22
f 33 2612 2626 2625
f 2612 682 2623 2626
f 2626 2623 686 2624
f 2625 2626 2624 685
f 682 2621 2628 2623
f 2621 22 2581 2628
f 2628 2581 671 2627
f 2623 2628 2627 686
f 686 2627 2631 2630
f 2627 671 2578 2631
f 2631 2578 29 2629
f 2630 2631 2629 684
f 685 2624 2634 2633
f 2624 686 2630 2634
f 2634 2630 684 2632
f 2633 2634 2632 43
f 34 2635 2639 2638
f 2635 687 2636 2639
f 2639 2636 690 2637
f 2638 2639 2637 689
f 687 2640 2643 2636
f 2640 38 2641 2643
f 2643 2641 688 2642
f 2636 2643 2642 690
f 690 2642 2646 2645
f 2642 688 2644 2646
f 2646 2644 26 2542
f 2645 2646 2542 660
f 689 2637 2648 2647
f 2637 690 2645 2648
f 2648 2645 660 2539
f 2647 2648 2539 25
f 35 2649 2653 2652
f 2649 691 2650 2653
f 2653 2650 695 2651
f 2652 2653 2651 694
f 691 2654 2657 2650
f 2654 44 2655 2657
f 2657 2655 692 2656
f 2650 2657 2656 695
f 695 2656 2661 2660
f 2656 692 2658 2661
f 2661 2658 45 2659
f 2660 2661 2659 693
f 694 2651 2664 2663
f 2651 695 2660 2664
f 2664 2660 693 2662
f 2663 2664 2662 46
f 36 2665 2669 2668
f 2665 696 2666 2669
f 2669 2666 700 2667
f 2668 2669 2667 699
f 696 2670 2673 2666
f 2670 47 2671 2673
f 2673 2671 697 2672
f 2666 2673 2672 700
f 700 2672 2677 2676
f 2672 697 2674 2677
f 2677 2674 16 2675
f 2676 2677 2675 698
f 699 2667 2680 2679
f 2667 700 2676 2680
f 2680 2676 698 2678
f 2679 2680 2678 48
f 37 2681 2685 2684
f 2681 701 2682 2685
f 2685 2682 705 2683
f 2684 2685 2683 704
f 701 2686 2689 2682
f 2686 49 2687 2689
f 2689 2687 702 2688
f 2682 2689 2688 705
f 705 2688 2693 2692
f 2688 702 2690 2693
f 2693 2690 50 2691
f 2692 2693 2691 703
f 704 2683 2696 2695
f 2683 705 2692 2696
f 2696 2692 703 2694
f 2695 2696 2694 51
f 38 2697 2700 2641
f 2697 706 2698 2700
f 2700 2698 708 2699
f 2641 2700 2699 688
f 706 2701 2704 2698
f 2701 52 2702 2704
f 2704 2702 707 2703
f 2698 2704 2703 708
f 708 2703 2707 2706
f 2703 707 2705 2707
f 2707 2705 13 2552
f 2706 2707 2552 663
f 688 2699 2708 2644
f 2699 708 2706 2708
f 2708 2706 663 2549
f 2644 2708 2549 26
f 39 2709 2713 2712
f 2709 709 2710 2713
f 2713 2710 713 2711
f 2712 2713 2711 712
f 709 2714 2717 2710
f 2714 53 2715 2717
f 2717 2715 710 2716
f 2710 2717 2716 713
f 713 2716 2721 2720
f 2716 710 2718 2721
f 2721 2718 584 2719
f 2720 2721 2719 711
f 712 2711 2724 2723
f 2711 713 2720 2724
f 2724 2720 711 2722
f 2723 2724 2722 585
f 39 2712 2728 2727
f 2712 712 2725 2728
f 2728 2725 717 2726
f 2727 2728 2726 716
f 712 2723 2731 2725
f 2723 585 2729 2731
f 2731 2729 714 2730
f 2725 2731 2730 717
f 717 2730 2735 2734
f 2730 714 2732 2735
f 2735 2732 586 2733
f 2734 2735 2733 715
f 716 2726 2738 2737
f 2726 717 2734 2738
f 2738 2734 715 2736
f 2737 2738 2736 57
f 40 2739 2743 2742
f 2739 718 2740 2743
f 2743 2740 720 2741
f 2742 2743 2741 719
f 718 2744 2746 2740
f 2744 17 2472 2746
f 2746 2472 640 2745
f 2740 2746 2745 720
f 720 2745 2748 2747
f 2745 640 2469 2748
f 2748 2469 16 2674
f 2747 2748 2674 697
f 719 2741 2750 2749
f 2741 720 2747 2750
f 2750 2747 697 2671
f 2749 2750 2671 47
f 40 2751 2754 2739
f 2751 721 2752 2754
f 2754 2752 723 2753
f 2739 2754 2753 718
f 721 2755 2758 2752
f 2755 58 2756 2758
f 2758 2756 722 2757
f 2752 2758 2757 723
f 723 2757 2761 2760
f 2757 722 2759 2761
f 2761 2759 21 2497
f 2760 2761 2497 648
f 718 2753 2762 2744
f 2753 723 2760 2762
f 2762 2760 648 2494
f 2744 2762 2494 17
f 41 2763 2767 2766
f 2763 724 2764 2767
f 2767 2764 726 2765
f 2766 2767 2765 725
f 724 2768 2770 2764
f 2768 8 2445 2770
f 2770 2445 633 2769
f 2764 2770 2769 726
f 726 2769 2772 2771
f 2769 633 2442 2772
f 2772 2442 13 2705
f 2771 2772 2705 707
f 725 2765 2774 2773
f 2765 726 2771 2774
f 2774 2771 707 2702
f 2773 2774 2702 52
f 41 2775 2778 2763
f 2775 727 2776 2778
f 2778 2776 729 2777
f 2763 2778 2777 724
f 727 2779 2782 2776
f 2779 59 2780 2782
f 2782 2780 728 2781
f 2776 2782 2781 729
f 729 2781 2785 2784
f 2781 728 2783 2785
f 2785 2783 9 2413
f 2784 2785 2413 624
f 724 2777 2786 2768
f 2777 729 2784 2786
f 2786 2784 624 2410
f 2768 2786 2410 8
f 59 2787 2790 2780
f 2787 730 2788 2790
f 2790 2788 733 2789
f 2780 2790 2789 728
f 730 2791 2794 2788
f 2791 60 2792 2794
f 2794 2792 731 2793
f 2788 2794 2793 733
f 733 2793 2798 2797
f 2793 731 2795 2798
f 2798 2795 61 2796
f 2797 2798 2796 732
f 728 2789 2800 2783
f 2789 733 2797 2800
f 2800 2797 732 2799
f 2783 2800 2799 9
f 61 2801 2804 2796
f 2801 734 2802 2804
f 2804 2802 736 2803
f 2796 2804 2803 732
f 734 2805 2808 2802
f 2805 62 2806 2808
f 2808 2806 735 2807
f 2802 2808 2807 736
f 736 2807 2811 2810
f 2807 735 2809 2811
f 2811 2809 5 2417
f 2810 2811 2417 625
f 732 2803 2812 2799
f 2803 736 2810 2812
f 2812 2810 625 2414
f 2799 2812 2414 9
f 61 2795 2816 2815
f 2795 731 2813 2816
f 2816 2813 740 2814
f 2815 2816 2814 739
f 731 2792 2819 2813
f 2792 60 2817 2819
f 2819 2817 737 2818
f 2813 2819 2818 740
f 740 2818 2823 2822
f 2818 737 2820 2823
f 2823 2820 63 2821
f 2822 2823 2821 738
f 739 2814 2826 2825
f 2814 740 2822 2826
f 2826 2822 738 2824
f 2825 2826 2824 64
f 61 2815 2829 2801
f 2815 739 2827 2829
f 2829 2827 743 2828
f 2801 2829 2828 734
f 739 2825 2832 2827
f 2825 64 2830 2832
f 2832 2830 741 2831
f 2827 2832 2831 743
f 743 2831 2836 2835
f 2831 741 2833 2836
f 2836 2833 65 2834
f 2835 2836 2834 742
f 734 2828 2838 2805
f 2828 743 2835 2838
f 2838 2835 742 2837
f 2805 2838 2837 62
f 65 2839 2842 2834
f 2839 744 2840 2842
f 2842 2840 747 2841
f 2834 2842 2841 742
f 744 2843 2846 2840
f 2843 66 2844 2846
f 2846 2844 745 2845
f 2840 2846 2845 747
f 747 2845 2850 2849
f 2845 745 2847 2850
f 2850 2847 67 2848
f 2849 2850 2848 746
f 742 2841 2852 2837
f 2841 747 2849 2852
f 2852 2849 746 2851
f 2837 2852 2851 62
f 65 2833 2856 2855
f 2833 741 2853 2856
f 2856 2853 751 2854
f 2855 2856 2854 750
f 741 2830 2859 2853
f 2830 64 2857 2859
f 2859 2857 748 2858
f 2853 2859 2858 751
f 751 2858 2863 2862
f 2858 748 2860 2863
f 2863 2860 68 2861
f 2862 2863 2861 749
f 750 2854 2866 2865
f 2854 751 2862 2866
f 2866 2862 749 2864
f 2865 2866 2864 69
f 65 2855 2869 2839
f 2855 750 2867 2869
f 2869 2867 754 2868
f 2839 2869 2868 744
f 750 2865 2872 2867
f 2865 69 2870 2872
f 2872 2870 752 2871
f 2867 2872 2871 754
f 754 2871 2876 2875
f 2871 752 2873 2876
f 2876 2873 70 2874
f 2875 2876 2874 753
f 744 2868 2878 2843
f 2868 754 2875 2878
f 2878 2875 753 2877
f 2843 2878 2877 66
f 70 2879 2882 2874
f 2879 755 2880 2882
f 2882 2880 758 2881
f 2874 2882 2881 753
f 755 2883 2886 2880
f 2883 71 2884 2886
f 2886 2884 756 2885
f 2880 2886 2885 758
f 758 2885 2890 2889
f 2885 756 2887 2890
f 2890 2887 72 2888
f 2889 2890 2888 757
f 753 2881 2892 2877
f 2881 758 2889 2892
f 2892 2889 757 2891
f 2877 2892 2891 66
f 70 2873 2896 2895
f 2873 752 2893 2896
f 2896 2893 762 2894
f 2895 2896 2894 761
f 752 2870 2899 2893
f 2870 69 2897 2899
f 2899 2897 759 2898
f 2893 2899 2898 762
f 762 2898 2903 2902
f 2898 759 2900 2903
f 2903 2900 73 2901
f 2902 2903 2901 760
f 761 2894 2906 2905
f 2894 762 2902 2906
f 2906 2902 760 2904
f 2905 2906 2904 74
f 70 2895 2909 2879
f 2895 761 2907 2909
f 2909 2907 765 2908
f 2879 2909 2908 755
f 761 2905 2912 2907
f 2905 74 2910 2912
f 2912 2910 763 2911
f 2907 2912 2911 765
f 765 2911 2916 2915
f 2911 763 2913 2916
f 2916 2913 75 2914
f 2915 2916 2914 764
f 755 2908 2918 2883
f 2908 765 2915 2918
f 2918 2915 764 2917
f 2883 2918 2917 71
f 75 2919 2922 2914
f 2919 766 2920 2922
f 2922 2920 769 2921
f 2914 2922 2921 764
f 766 2923 2926 2920
f 2923 76 2924 2926
f 2926 2924 767 2925
f 2920 2926 2925 769
f 769 2925 2930 2929
f 2925 767 2927 2930
f 2930 2927 77 2928
f 2929 2930 2928 768
f 764 2921 2932 2917
f 2921 769 2929 2932
f 2932 2929 768 2931
f 2917 2932 2931 71
f 75 2913 2936 2935
f 2913 763 2933 2936
f 2936 2933 773 2934
f 2935 2936 2934 772
f 763 2910 2939 2933
f 2910 74 2937 2939
f 2939 2937 770 2938
f 2933 2939 2938 773
f 773 2938 2943 2942
f 2938 770 2940 2943
f 2943 2940 31 2941
f 2942 2943 2941 771
f 772 2934 2946 2945
f 2934 773 2942 2946
f 2946 2942 771 2944
f 2945 2946 2944 78
f 75 2935 2949 2919
f 2935 772 2947 2949
f 2949 2947 776 2948
f 2919 2949 2948 766
f 772 2945 2952 2947
f 2945 78 2950 2952
f 2952 2950 774 2951
f 2947 2952 2951 776
f 776 2951 2956 2955
f 2951 774 2953 2956
f 2956 2953 54 2954
f 2955 2956 2954 775
f 766 2948 2958 2923
f 2948 776 2955 2958
f 2958 2955 775 2957
f 2923 2958 2957 76
f 78 2944 2962 2961
f 2944 771 2959 2962
f 2962 2959 779 2960
f 2961 2962 2960 778
f 771 2941 2964 2959
f 2941 31 2591 2964
f 2964 2591 674 2963
f 2959 2964 2963 779
f 779 2963 2967 2966
f 2963 674 2588 2967
f 2967 2588 30 2965
f 2966 2967 2965 777
f 778 2960 2970 2969
f 2960 779 2966 2970
f 2970 2966 777 2968
f 2969 2970 2968 79
f 78 2961 2973 2950
f 2961 778 2971 2973
f 2973 2971 782 2972
f 2950 2973 2972 774
f 778 2969 2976 2971
f 2969 79 2974 2976
f 2976 2974 780 2975
f 2971 2976 2975 782
f 782 2975 2980 2979
f 2975 780 2977 2980
f 2980 2977 55 2978
f 2979 2980 2978 781
f 774 2972 2982 2953
f 2972 782 2979 2982
f 2982 2979 781 2981
f 2953 2982 2981 54
f 79 2968 2986 2985
f 2968 777 2983 2986
f 2986 2983 785 2984
f 2985 2986 2984 784
f 777 2965 2988 2983
f 2965 30 2607 2988
f 2988 2607 678 2987
f 2983 2988 2987 785
f 785 2987 2991 2990
f 2987 678 2604 2991
f 2991 2604 32 2989
f 2990 2991 2989 783
f 784 2984 2994 2993
f 2984 785 2990 2994
f 2994 2990 783 2992
f 2993 2994 2992 80
f 79 2985 2997 2974
f 2985 784 2995 2997
f 2997 2995 788 2996
f 2974 2997 2996 780
f 784 2993 3000 2995
f 2993 80 2998 3000
f 3000 2998 786 2999
f 2995 3000 2999 788
f 788 2999 3004 3003
f 2999 786 3001 3004
f 3004 3001 56 3002
f 3003 3004 3002 787
f 780 2996 3006 2977
f 2996 788 3003 3006
f 3006 3003 787 3005
f 2977 3006 3005 55
f 80 2992 3010 3009
f 2992 783 3007 3010
f 3010 3007 792 3008
f 3009 3010 3008 791
f 783 2989 3013 3007
f 2989 32 3011 3013
f 3013 3011 789 3012
f 3007 3013 3012 792
f 792 3012 3017 3016
f 3012 789 3014 3017
f 3017 3014 81 3015
f 3016 3017 3015 790
f 791 3008 3020 3019
f 3008 792 3016 3020
f 3020 3016 790 3018
f 3019 3020 3018 82
f 80 3009 3023 2998
f 3009 791 3021 3023
f 3023 3021 795 3022
f 2998 3023 3022 786
f 791 3019 3026 3021
f 3019 82 3024 3026
f 3026 3024 793 3025
f 3021 3026 3025 795
f 795 3025 3030 3029
f 3025 793 3027 3030
f 3030 3027 83 3028
f 3029 3030 3028 794
f 786 3022 3032 3001
f 3022 795 3029 3032
f 3032 3029 794 3031
f 3001 3032 3031 56
f 83 3033 3036 3028
f 3033 796 3034 3036
f 3036 3034 799 3035
f 3028 3036 3035 794
f 796 3037 3040 3034
f 3037 485 3038 3040
f 3040 3038 797 3039
f 3034 3040 3039 799
f 799 3039 3044 3043
f 3039 797 3041 3044
f 3044 3041 484 3042
f 3043 3044 3042 798
f 794 3035 3046 3031
f 3035 799 3043 3046
f 3046 3043 798 3045
f 3031 3046 3045 56
f 83 3027 3050 3049
f 3027 793 3047 3050
f 3050 3047 803 3048
f 3049 3050 3048 802
f 793 3024 3053 3047
f 3024 82 3051 3053
f 3053 3051 800 3052
f 3047 3053 3052 803
f 803 3052 3057 3056
f 3052 800 3054 3057
f 3057 3054 85 3055
f 3056 3057 3055 801
f 802 3048 3060 3059
f 3048 803 3056 3060
f 3060 3056 801 3058
f 3059 3060 3058 86
f 83 3049 3063 3033
f 3049 802 3061 3063
f 3063 3061 806 3062
f 3033 3063 3062 796
f 802 3059 3066 3061
f 3059 86 3064 3066
f 3066 3064 804 3065
f 3061 3066 3065 806
f 806 3065 3070 3069
f 3065 804 3067 3070
f 3070 3067 486 3068
f 3069 3070 3068 805
f 796 3062 3072 3037
f 3062 806 3069 3072
f 3072 3069 805 3071
f 3037 3072 3071 485
f 87 3073 3077 3076
f 3073 807 3074 3077
f 3077 3074 811 3075
f 3076 3077 3075 810
f 807 3078 3081 3074
f 3078 587 3079 3081
f 3081 3079 808 3080
f 3074 3081 3080 811
f 811 3080 3085 3084
f 3080 808 3082 3085
f 3085 3082 588 3083
f 3084 3085 3083 809
f 810 3075 3088 3087
f 3075 811 3084 3088
f 3088 3084 809 3086
f 3087 3088 3086 89
f 89 3086 3092 3091
f 3086 809 3089 3092
f 3092 3089 815 3090
f 3091 3092 3090 814
f 809 3083 3095 3089
f 3083 588 3093 3095
f 3095 3093 812 3094
f 3089 3095 3094 815
f 815 3094 3099 3098
f 3094 812 3096 3099
f 3099 3096 589 3097
f 3098 3099 3097 813
f 814 3090 3102 3101
f 3090 815 3098 3102
f 3102 3098 813 3100
f 3101 3102 3100 91
f 91 3100 3106 3105
f 3100 813 3103 3106
f 3106 3103 819 3104
f 3105 3106 3104 818
f 813 3097 3109 3103
f 3097 589 3107 3109
f 3109 3107 816 3108
f 3103 3109 3108 819
f 819 3108 3113 3112
f 3108 816 3110 3113
f 3113 3110 590 3111
f 3112 3113 3111 817
f 818 3104 3116 3115
f 3104 819 3112 3116
f 3116 3112 817 3114
f 3115 3116 3114 93
f 93 3114 3120 3119
f 3114 817 3117 3120
f 3120 3117 823 3118
f 3119 3120 3118 822
f 817 3111 3123 3117
f 3111 590 3121 3123
f 3123 3121 820 3122
f 3117 3123 3122 823
f 823 3122 3127 3126
f 3122 820 3124 3127
f 3127 3124 591 3125
f 3126 3127 3125 821
f 822 3118 3130 3129
f 3118 823 3126 3130
f 3130 3126 821 3128
f 3129 3130 3128 95
f 95 3128 3134 3133
f 3128 821 3131 3134
f 3134 3131 827 3132
f 3133 3134 3132 826
f 821 3125 3137 3131
f 3125 591 3135 3137
f 3137 3135 824 3136
f 3131 3137 3136 827
f 827 3136 3141 3140
f 3136 824 3138 3141
f 3141 3138 592 3139
f 3140 3141 3139 825
f 826 3132 3144 3143
f 3132 827 3140 3144
f 3144 3140 825 3142
f 3143 3144 3142 97
f 97 3142 3148 3147
f 3142 825 3145 3148
f 3148 3145 831 3146
f 3147 3148 3146 830
f 825 3139 3151 3145
f 3139 592 3149 3151
f 3151 3149 828 3150
f 3145 3151 3150 831
f 831 3150 3155 3154
f 3150 828 3152 3155
f 3155 3152 593 3153
f 3154 3155 3153 829
f 830 3146 3158 3157
f 3146 831 3154 3158
f 3158 3154 829 3156
f 3157 3158 3156 99
f 99 3156 3162 3161
f 3156 829 3159 3162
f 3162 3159 835 3160
f 3161 3162 3160 834
f 829 3153 3165 3159
f 3153 593 3163 3165
f 3165 3163 832 3164
f 3159 3165 3164 835
f 835 3164 3169 3168
f 3164 832 3166 3169
f 3169 3166 594 3167
f 3168 3169 3167 833
f 834 3160 3172 3171
f 3160 835 3168 3172
f 3172 3168 833 3170
f 3171 3172 3170 101
f 101 3170 3176 3175
f 3170 833 3173 3176
f 3176 3173 839 3174
f 3175 3176 3174 838
f 833 3167 3179 3173
f 3167 594 3177 3179
f 3179 3177 836 3178
f 3173 3179 3178 839
f 839 3178 3183 3182
f 3178 836 3180 3183
f 3183 3180 595 3181
f 3182 3183 3181 837
f 838 3174 3186 3185
f 3174 839 3182 3186
f 3186 3182 837 3184
f 3185 3186 3184 103
f 103 3184 3190 3189
f 3184 837 3187 3190
f 3190 3187 843 3188
f 3189 3190 3188 842
f 837 3181 3193 3187
f 3181 595 3191 3193
f 3193 3191 840 3192
f 3187 3193 3192 843
f 843 3192 3197 3196
f 3192 840 3194 3197
f 3197 3194 596 3195
f 3196 3197 3195 841
f 842 3188 3200 3199
f 3188 843 3196 3200
f 3200 3196 841 3198
f 3199 3200 3198 105
f 105 3198 3204 3203
f 3198 841 3201 3204
f 3204 3201 847 3202
f 3203 3204 3202 846
f 841 3195 3207 3201
f 3195 596 3205 3207
f 3207 3205 844 3206
f 3201 3207 3206 847
f 847 3206 3211 3210
f 3206 844 3208 3211
f 3211 3208 597 3209
f 3210 3211 3209 845
f 846 3202 3214 3213
f 3202 847 3210 3214
f 3214 3210 845 3212
f 3213 3214 3212 107
f 107 3212 3218 3217
f 3212 845 3215 3218
f 3218 3215 851 3216
f 3217 3218 3216 850
f 845 3209 3221 3215
f 3209 597 3219 3221
f 3221 3219 848 3220
f 3215 3221 3220 851
f 851 3220 3225 3224
f 3220 848 3222 3225
f 3225 3222 598 3223
f 3224 3225 3223 849
f 850 3216 3228 3227
f 3216 851 3224 3228
f 3228 3224 849 3226
f 3227 3228 3226 108
f 108 3226 3232 3231
f 3226 849 3229 3232
f 3232 3229 855 3230
f 3231 3232 3230 854
f 849 3223 3235 3229
f 3223 598 3233 3235
f 3235 3233 852 3234
f 3229 3235 3234 855
f 855 3234 3239 3238
f 3234 852 3236 3239
f 3239 3236 599 3237
f 3238 3239 3237 853
f 854 3230 3242 3241
f 3230 855 3238 3242
f 3242 3238 853 3240
f 3241 3242 3240 109
f 109 3240 3246 3245
f 3240 853 3243 3246
f 3246 3243 858 3244
f 3245 3246 3244 857
f 853 3237 3249 3243
f 3237 599 3247 3249
f 3249 3247 856 3248
f 3243 3249 3248 858
f 858 3248 3252 3251
f 3248 856 3250 3252
f 3252 3250 584 2718
f 3251 3252 2718 710
f 857 3244 3254 3253
f 3244 858 3251 3254
f 3254 3251 710 2715
f 3253 3254 2715 53
f 106 3255 3259 3258
f 3255 859 3256 3259
f 3259 3256 863 3257
f 3258 3259 3257 862
f 859 3260 3263 3256
f 3260 104 3261 3263
f 3263 3261 860 3262
f 3256 3263 3262 863
f 863 3262 3267 3266
f 3262 860 3264 3267
f 3267 3264 110 3265
f 3266 3267 3265 861
f 862 3257 3270 3269
f 3257 863 3266 3270
f 3270 3266 861 3268
f 3269 3270 3268 72
f 106 3258 3274 3273
f 3258 862 3271 3274
f 3274 3271 865 3272
f 3273 3274 3272 864
f 862 3269 3276 3271
f 3269 72 2887 3276
f 3276 2887 756 3275
f 3271 3276 3275 865
f 865 3275 3278 3277
f 3275 756 2884 3278
f 3278 2884 71 2931
f 3277 3278 2931 768
f 864 3272 3280 3279
f 3272 865 3277 3280
f 3280 3277 768 2928
f 3279 3280 2928 77
f 110 3264 3284 3283
f 3264 860 3281 3284
f 3284 3281 869 3282
f 3283 3284 3282 868
f 860 3261 3287 3281
f 3261 104 3285 3287
f 3287 3285 866 3286
f 3281 3287 3286 869
f 869 3286 3291 3290
f 3286 866 3288 3291
f 3291 3288 102 3289
f 3290 3291 3289 867
f 868 3282 3294 3293
f 3282 869 3290 3294
f 3294 3290 867 3292
f 3293 3294 3292 111
f 110 3283 3298 3297
f 3283 868 3295 3298
f 3298 3295 873 3296
f 3297 3298 3296 872
f 868 3293 3301 3295
f 3293 111 3299 3301
f 3301 3299 870 3300
f 3295 3301 3300 873
f 873 3300 3305 3304
f 3300 870 3302 3305
f 3305 3302 6 3303
f 3304 3305 3303 871
f 872 3296 3308 3307
f 3296 873 3304 3308
f 3308 3304 871 3306
f 3307 3308 3306 67
f 110 3297 3311 3265
f 3297 872 3309 3311
f 3311 3309 874 3310
f 3265 3311 3310 861
f 872 3307 3313 3309
f 3307 67 2847 3313
f 3313 2847 745 3312
f 3309 3313 3312 874
f 874 3312 3315 3314
f 3312 745 2844 3315
f 3315 2844 66 2891
f 3314 3315 2891 757
f 861 3310 3316 3268
f 3310 874 3314 3316
f 3316 3314 757 2888
f 3268 3316 2888 72
f 111 3292 3320 3319
f 3292 867 3317 3320
f 3320 3317 878 3318
f 3319 3320 3318 877
f 867 3289 3323 3317
f 3289 102 3321 3323
f 3323 3321 875 3322
f 3317 3323 3322 878
f 878 3322 3327 3326
f 3322 875 3324 3327
f 3327 3324 100 3325
f 3326 3327 3325 876
f 877 3318 3330 3329
f 3318 878 3326 3330
f 3330 3326 876 3328
f 3329 3330 3328 112
f 111 3319 3333 3299
f 3319 877 3331 3333
f 3333 3331 880 3332
f 3299 3333 3332 870
f 877 3329 3336 3331
f 3329 112 3334 3336
f 3336 3334 879 3335
f 3331 3336 3335 880
f 880 3335 3339 3338
f 3335 879 3337 3339
f 3339 3337 7 2402
f 3338 3339 2402 620
f 870 3332 3340 3302
f 3332 880 3338 3340
f 3340 3338 620 2399
f 3302 3340 2399 6
f 112 3328 3344 3343
f 3328 876 3341 3344
f 3344 3341 884 3342
f 3343 3344 3342 883
f 876 3325 3347 3341
f 3325 100 3345 3347
f 3347 3345 881 3346
f 3341 3347 3346 884
f 884 3346 3351 3350
f 3346 881 3348 3351
f 3351 3348 98 3349
f 3350 3351 3349 882
f 883 3342 3354 3353
f 3342 884 3350 3354
f 3354 3350 882 3352
f 3353 3354 3352 113
f 112 3343 3357 3334
f 3343 883 3355 3357
f 3357 3355 886 3356
f 3334 3357 3356 879
f 883 3353 3360 3355
f 3353 113 3358 3360
f 3360 3358 885 3359
f 3355 3360 3359 886
f 886 3359 3363 3362
f 3359 885 3361 3363
f 3363 3361 10 2426
f 3362 3363 2426 627
f 879 3356 3364 3337
f 3356 886 3362 3364
f 3364 3362 627 2423
f 3337 3364 2423 7
f 113 3352 3368 3367
f 3352 882 3365 3368
f 3368 3365 890 3366
f 3367 3368 3366 889
f 882 3349 3371 3365
f 3349 98 3369 3371
f 3371 3369 887 3370
f 3365 3371 3370 890
f 890 3370 3375 3374
f 3370 887 3372 3375
f 3375 3372 96 3373
f 3374 3375 3373 888
f 889 3366 3378 3377
f 3366 890 3374 3378
f 3378 3374 888 3376
f 3377 3378 3376 114
f 113 3367 3381 3358
f 3367 889 3379 3381
f 3381 3379 893 3380
f 3358 3381 3380 885
f 889 3377 3384 3379
f 3377 114 3382 3384
f 3384 3382 891 3383
f 3379 3384 3383 893
f 893 3383 3388 3387
f 3383 891 3385 3388
f 3388 3385 115 3386
f 3387 3388 3386 892
f 885 3380 3390 3361
f 3380 893 3387 3390
f 3390 3387 892 3389
f 3361 3390 3389 10
f 115 3385 3394 3393
f 3385 891 3391 3394
f 3394 3391 897 3392
f 3393 3394 3392 896
f 891 3382 3397 3391
f 3382 114 3395 3397
f 3397 3395 894 3396
f 3391 3397 3396 897
f 897 3396 3401 3400
f 3396 894 3398 3401
f 3401 3398 116 3399
f 3400 3401 3399 895
f 896 3392 3404 3403
f 3392 897 3400 3404
f 3404 3400 895 3402
f 3403 3404 3402 117
f 115 3393 3408 3407
f 3393 896 3405 3408
f 3408 3405 901 3406
f 3407 3408 3406 900
f 896 3403 3411 3405
f 3403 117 3409 3411
f 3411 3409 898 3410
f 3405 3411 3410 901
f 901 3410 3415 3414
f 3410 898 3412 3415
f 3415 3412 118 3413
f 3414 3415 3413 899
f 900 3406 3418 3417
f 3406 901 3414 3418
f 3418 3414 899 3416
f 3417 3418 3416 119
f 115 3407 3421 3386
f 3407 900 3419 3421
f 3421 3419 903 3420
f 3386 3421 3420 892
f 900 3417 3424 3419
f 3417 119 3422 3424
f 3424 3422 902 3423
f 3419 3424 3423 903
f 903 3423 3427 3426
f 3423 902 3425 3427
f 3427 3425 11 2430
f 3426 3427 2430 628
f 892 3420 3428 3389
f 3420 903 3426 3428
f 3428 3426 628 2427
f 3389 3428 2427 10
f 119 3416 3432 3431
f 3416 899 3429 3432
f 3432 3429 907 3430
f 3431 3432 3430 906
f 899 3413 3435 3429
f 3413 118 3433 3435
f 3435 3433 904 3434
f 3429 3435 3434 907
f 907 3434 3439 3438
f 3434 904 3436 3439
f 3439 3436 120 3437
f 3438 3439 3437 905
f 906 3430 3442 3441
f 3430 907 3438 3442
f 3442 3438 905 3440
f 3441 3442 3440 121
f 119 3431 3445 3422
f 3431 906 3443 3445
f 3445 3443 909 3444
f 3422 3445 3444 902
f 906 3441 3448 3443
f 3441 121 3446 3448
f 3448 3446 908 3447
f 3443 3448 3447 909
f 909 3447 3451 3450
f 3447 908 3449 3451
f 3451 3449 14 2453
f 3450 3451 2453 635
f 902 3444 3452 3425
f 3444 909 3450 3452
f 3452 3450 635 2450
f 3425 3452 2450 11
f 121 3440 3456 3455
f 3440 905 3453 3456
f 3456 3453 913 3454
f 3455 3456 3454 912
f 905 3437 3459 3453
f 3437 120 3457 3459
f 3459 3457 910 3458
f 3453 3459 3458 913
f 913 3458 3463 3462
f 3458 910 3460 3463
f 3463 3460 122 3461
f 3462 3463 3461 911
f 912 3454 3466 3465
f 3454 913 3462 3466
f 3466 3462 911 3464
f 3465 3466 3464 123
f 121 3455 3469 3446
f 3455 912 3467 3469
f 3469 3467 915 3468
f 3446 3469 3468 908
f 912 3465 3472 3467
f 3465 123 3470 3472
f 3472 3470 914 3471
f 3467 3472 3471 915
f 915 3471 3475 3474
f 3471 914 3473 3475
f 3475 3473 27 2566
f 3474 3475 2566 666
f 908 3468 3476 3449
f 3468 915 3474 3476
f 3476 3474 666 2563
f 3449 3476 2563 14
f 123 3464 3480 3479
f 3464 911 3477 3480
f 3480 3477 919 3478
f 3479 3480 3478 918
f 911 3461 3483 3477
f 3461 122 3481 3483
f 3483 3481 916 3482
f 3477 3483 3482 919
f 919 3482 3487 3486
f 3482 916 3484 3487
f 3487 3484 124 3485
f 3486 3487 3485 917
f 918 3478 3490 3489
f 3478 919 3486 3490
f 3490 3486 917 3488
f 3489 3490 3488 125
f 123 3479 3493 3470
f 3479 918 3491 3493
f 3493 3491 922 3492
f 3470 3493 3492 914
f 918 3489 3496 3491
f 3489 125 3494 3496
f 3496 3494 920 3495
f 3491 3496 3495 922
f 922 3495 3500 3499
f 3495 920 3497 3500
f 3500 3497 126 3498
f 3499 3500 3498 921
f 914 3492 3502 3473
f 3492 922 3499 3502
f 3502 3499 921 3501
f 3473 3502 3501 27
f 126 3497 3506 3505
f 3497 920 3503 3506
f 3506 3503 926 3504
f 3505 3506 3504 925
f 920 3494 3509 3503
f 3494 125 3507 3509
f 3509 3507 923 3508
f 3503 3509 3508 926
f 926 3508 3513 3512
f 3508 923 3510 3513
f 3513 3510 127 3511
f 3512 3513 3511 924
f 925 3504 3516 3515
f 3504 926 3512 3516
f 3516 3512 924 3514
f 3515 3516 3514 128
f 126 3505 3520 3519
f 3505 925 3517 3520
f 3520 3517 930 3518
f 3519 3520 3518 929
f 925 3515 3523 3517
f 3515 128 3521 3523
f 3523 3521 927 3522
f 3517 3523 3522 930
f 930 3522 3527 3526
f 3522 927 3524 3527
f 3527 3524 129 3525
f 3526 3527 3525 928
f 929 3518 3530 3529
f 3518 930 3526 3530
f 3530 3526 928 3528
f 3529 3530 3528 130
f 126 3519 3533 3498
f 3519 929 3531 3533
f 3533 3531 932 3532
f 3498 3533 3532 921
f 929 3529 3536 3531
f 3529 130 3534 3536
f 3536 3534 931 3535
f 3531 3536 3535 932
f 932 3535 3539 3538
f 3535 931 3537 3539
f 3539 3537 3 2559
f 3538 3539 2559 667
f 921 3532 3540 3501
f 3532 932 3538 3540
f 3540 3538 667 2567
f 3501 3540 2567 27
f 130 3528 3544 3543
f 3528 928 3541 3544
f 3544 3541 936 3542
f 3543 3544 3542 935
f 928 3525 3547 3541
f 3525 129 3545 3547
f 3547 3545 933 3546
f 3541 3547 3546 936
f 936 3546 3551 3550
f 3546 933 3548 3551
f 3551 3548 131 3549
f 3550 3551 3549 934
f 935 3542 3554 3553
f 3542 936 3550 3554
f 3554 3550 934 3552
f 3553 3554 3552 132
f 130 3543 3557 3534
f 3543 935 3555 3557
f 3557 3555 938 3556
f 3534 3557 3556 931
f 935 3553 3560 3555
f 3553 132 3558 3560
f 3560 3558 937 3559
f 3555 3560 3559 938
f 938 3559 3563 3562
f 3559 937 3561 3563
f 3563 3561 24 2534
f 3562 3563 2534 658
f 931 3556 3564 3537
f 3556 938 3562 3564
f 3564 3562 658 2529
f 3537 3564 2529 3
f 131 3548 3568 3567
f 3548 933 3565 3568
f 3568 3565 942 3566
f 3567 3568 3566 941
f 933 3545 3571 3565
f 3545 129 3569 3571
f 3571 3569 939 3570
f 3565 3571 3570 942
f 942 3570 3575 3574
f 3570 939 3572 3575
f 3575 3572 133 3573
f 3574 3575 3573 940
f 941 3566 3578 3577
f 3566 942 3574 3578
f 3578 3574 940 3576
f 3577 3578 3576 134
f 134 3576 3582 3581
f 3576 940 3579 3582
f 3582 3579 946 3580
f 3581 3582 3580 945
f 940 3573 3585 3579
f 3573 133 3583 3585
f 3585 3583 943 3584
f 3579 3585 3584 946
f 946 3584 3589 3588
f 3584 943 3586 3589
f 3589 3586 135 3587
f 3588 3589 3587 944
f 945 3580 3592 3591
f 3580 946 3588 3592
f 3592 3588 944 3590
f 3591 3592 3590 136
f 136 3590 3596 3595
f 3590 944 3593 3596
f 3596 3593 950 3594
f 3595 3596 3594 949
f 944 3587 3599 3593
f 3587 135 3597 3599
f 3599 3597 947 3598
f 3593 3599 3598 950
f 950 3598 3603 3602
f 3598 947 3600 3603
f 3603 3600 137 3601
f 3602 3603 3601 948
f 949 3594 3606 3605
f 3594 950 3602 3606
f 3606 3602 948 3604
f 3605 3606 3604 138
f 138 3604 3610 3609
f 3604 948 3607 3610
f 3610 3607 954 3608
f 3609 3610 3608 953
f 948 3601 3613 3607
f 3601 137 3611 3613
f 3613 3611 951 3612
f 3607 3613 3612 954
f 954 3612 3617 3616
f 3612 951 3614 3617
f 3617 3614 139 3615
f 3616 3617 3615 952
f 953 3608 3620 3619
f 3608 954 3616 3620
f 3620 3616 952 3618
f 3619 3620 3618 140
f 140 3618 3624 3623
f 3618 952 3621 3624
f 3624 3621 957 3622
f 3623 3624 3622 956
f 952 3615 3627 3621
f 3615 139 3625 3627
f 3627 3625 955 3626
f 3621 3627 3626 957
f 957 3626 3630 3629
f 3626 955 3628 3630
f 3630 3628 45 2658
f 3629 3630 2658 692
f 956 3622 3632 3631
f 3622 957 3629 3632
f 3632 3629 692 2655
f 3631 3632 2655 44
f 139 3614 3636 3635
f 3614 951 3633 3636
f 3636 3633 961 3634
f 3635 3636 3634 960
f 951 3611 3639 3633
f 3611 137 3637 3639
f 3639 3637 958 3638
f 3633 3639 3638 961
f 961 3638 3643 3642
f 3638 958 3640 3643
f 3643 3640 141 3641
f 3642 3643 3641 959
f 960 3634 3646 3645
f 3634 961 3642 3646
f 3646 3642 959 3644
f 3645 3646 3644 142
f 139 3635 3649 3625
f 3635 960 3647 3649
f 3649 3647 964 3648
f 3625 3649 3648 955
f 960 3645 3652 3647
f 3645 142 3650 3652
f 3652 3650 962 3651
f 3647 3652 3651 964
f 964 3651 3656 3655
f 3651 962 3653 3656
f 3656 3653 143 3654
f 3655 3656 3654 963
f 955 3648 3658 3628
f 3648 964 3655 3658
f 3658 3655 963 3657
f 3628 3658 3657 45
f 143 3653 3662 3661
f 3653 962 3659 3662
f 3662 3659 968 3660
f 3661 3662 3660 967
f 962 3650 3665 3659
f 3650 142 3663 3665
f 3665 3663 965 3664
f 3659 3665 3664 968
f 968 3664 3669 3668
f 3664 965 3666 3669
f 3669 3666 144 3667
f 3668 3669 3667 966
f 967 3660 3672 3671
f 3660 968 3668 3672
f 3672 3668 966 3670
f 3671 3672 3670 145
f 143 3661 3676 3675
f 3661 967 3673 3676
f 3676 3673 972 3674
f 3675 3676 3674 971
f 967 3671 3679 3673
f 3671 145 3677 3679
f 3679 3677 969 3678
f 3673 3679 3678 972
f 972 3678 3683 3682
f 3678 969 3680 3683
f 3683 3680 146 3681
f 3682 3683 3681 970
f 971 3674 3686 3685
f 3674 972 3682 3686
f 3686 3682 970 3684
f 3685 3686 3684 147
f 143 3675 3689 3654
f 3675 971 3687 3689
f 3689 3687 974 3688
f 3654 3689 3688 963
f 971 3685 3692 3687
f 3685 147 3690 3692
f 3692 3690 973 3691
f 3687 3692 3691 974
f 974 3691 3695 3694
f 3691 973 3693 3695
f 3695 3693 46 2662
f 3694 3695 2662 693
f 963 3688 3696 3657
f 3688 974 3694 3696
f 3696 3694 693 2659
f 3657 3696 2659 45
f 146 3680 3700 3699
f 3680 969 3697 3700
f 3700 3697 978 3698
f 3699 3700 3698 977
f 969 3677 3703 3697
f 3677 145 3701 3703
f 3703 3701 975 3702
f 3697 3703 3702 978
f 978 3702 3707 3706
f 3702 975 3704 3707
f 3707 3704 148 3705
f 3706 3707 3705 976
f 977 3698 3710 3709
f 3698 978 3706 3710
f 3710 3706 976 3708
f 3709 3710 3708 149
f 149 3708 3714 3713
f 3708 976 3711 3714
f 3714 3711 982 3712
f 3713 3714 3712 981
f 976 3705 3717 3711
f 3705 148 3715 3717
f 3717 3715 979 3716
f 3711 3717 3716 982
f 982 3716 3721 3720
f 3716 979 3718 3721
f 3721 3718 150 3719
f 3720 3721 3719 980
f 981 3712 3724 3723
f 3712 982 3720 3724
f 3724 3720 980 3722
f 3723 3724 3722 151
f 151 3722 3728 3727
f 3722 980 3725 3728
f 3728 3725 986 3726
f 3727 3728 3726 985
f 980 3719 3731 3725
f 3719 150 3729 3731
f 3731 3729 983 3730
f 3725 3731 3730 986
f 986 3730 3735 3734
f 3730 983 3732 3735
f 3735 3732 152 3733
f 3734 3735 3733 984
f 985 3726 3738 3737
f 3726 986 3734 3738
f 3738 3734 984 3736
f 3737 3738 3736 153
f 153 3736 3742 3741
f 3736 984 3739 3742
f 3742 3739 990 3740
f 3741 3742 3740 989
f 984 3733 3745 3739
f 3733 152 3743 3745
f 3745 3743 987 3744
f 3739 3745 3744 990
f 990 3744 3749 3748
f 3744 987 3746 3749
f 3749 3746 154 3747
f 3748 3749 3747 988
f 989 3740 3752 3751
f 3740 990 3748 3752
f 3752 3748 988 3750
f 3751 3752 3750 155
f 155 3750 3756 3755
f 3750 988 3753 3756
f 3756 3753 994 3754
f 3755 3756 3754 993
f 988 3747 3759 3753
f 3747 154 3757 3759
f 3759 3757 991 3758
f 3753 3759 3758 994
f 994 3758 3763 3762
f 3758 991 3760 3763
f 3763 3760 156 3761
f 3762 3763 3761 992
f 993 3754 3766 3765
f 3754 994 3762 3766
f 3766 3762 992 3764
f 3765 3766 3764 157
f 157 3764 3770 3769
f 3764 992 3767 3770
f 3770 3767 998 3768
f 3769 3770 3768 997
f 992 3761 3773 3767
f 3761 156 3771 3773
f 3773 3771 995 3772
f 3767 3773 3772 998
f 998 3772 3777 3776
f 3772 995 3774 3777
f 3777 3774 158 3775
f 3776 3777 3775 996
f 997 3768 3780 3779
f 3768 998 3776 3780
f 3780 3776 996 3778
f 3779 3780 3778 159
f 159 3778 3784 3783
f 3778 996 3781 3784
f 3784 3781 1002 3782
f 3783 3784 3782 1001
f 996 3775 3787 3781
f 3775 158 3785 3787
f 3787 3785 999 3786
f 3781 3787 3786 1002
f 1002 3786 3791 3790
f 3786 999 3788 3791
f 3791 3788 160 3789
f 3790 3791 3789 1000
f 1001 3782 3794 3793
f 3782 1002 3790 3794
f 3794 3790 1000 3792
f 3793 3794 3792 161
f 161 3792 3798 3797
f 3792 1000 3795 3798
f 3798 3795 1006 3796
f 3797 3798 3796 1005
f 1000 3789 3801 3795
f 3789 160 3799 3801
f 3801 3799 1003 3800
f 3795 3801 3800 1006
f 1006 3800 3805 3804
f 3800 1003 3802 3805
f 3805 3802 162 3803
f 3804 3805 3803 1004
f 1005 3796 3808 3807
f 3796 1006 3804 3808
f 3808 3804 1004 3806
f 3807 3808 3806 163
f 163 3806 3812 3811
f 3806 1004 3809 3812
f 3812 3809 1009 3810
f 3811 3812 3810 1008
f 1004 3803 3815 3809
f 3803 162 3813 3815
f 3815 3813 1007 3814
f 3809 3815 3814 1009
f 1009 3814 3818 3817
f 3814 1007 3816 3818
f 3818 3816 50 2690
f 3817 3818 2690 702
f 1008 3810 3820 3819
f 3810 1009 3817 3820
f 3820 3817 702 2687
f 3819 3820 2687 49
f 162 3821 3824 3813
f 3821 1010 3822 3824
f 3824 3822 1013 3823
f 3813 3824 3823 1007
f 1010 3825 3828 3822
f 3825 164 3826 3828
f 3828 3826 1011 3827
f 3822 3828 3827 1013
f 1013 3827 3832 3831
f 3827 1011 3829 3832
f 3832 3829 165 3830
f 3831 3832 3830 1012
f 1007 3823 3834 3816
f 3823 1013 3831 3834
f 3834 3831 1012 3833
f 3816 3834 3833 50
f 162 3802 3837 3821
f 3802 1003 3835 3837
f 3837 3835 1016 3836
f 3821 3837 3836 1010
f 1003 3799 3840 3835
f 3799 160 3838 3840
f 3840 3838 1014 3839
f 3835 3840 3839 1016
f 1016 3839 3844 3843
f 3839 1014 3841 3844
f 3844 3841 166 3842
f 3843 3844 3842 1015
f 1010 3836 3846 3825
f 3836 1016 3843 3846
f 3846 3843 1015 3845
f 3825 3846 3845 164
f 166 3847 3850 3842
f 3847 1017 3848 3850
f 3850 3848 1020 3849
f 3842 3850 3849 1015
f 1017 3851 3854 3848
f 3851 167 3852 3854
f 3854 3852 1018 3853
f 3848 3854 3853 1020
f 1020 3853 3858 3857
f 3853 1018 3855 3858
f 3858 3855 168 3856
f 3857 3858 3856 1019
f 1015 3849 3860 3845
f 3849 1020 3857 3860
f 3860 3857 1019 3859
f 3845 3860 3859 164
f 166 3841 3864 3863
f 3841 1014 3861 3864
f 3864 3861 1023 3862
f 3863 3864 3862 1022
f 1014 3838 3866 3861
f 3838 160 3788 3866
f 3866 3788 999 3865
f 3861 3866 3865 1023
f 1023 3865 3869 3868
f 3865 999 3785 3869
f 3869 3785 158 3867
f 3868 3869 3867 1021
f 1022 3862 3872 3871
f 3862 1023 3868 3872
f 3872 3868 1021 3870
f 3871 3872 3870 169
f 166 3863 3875 3847
f 3863 1022 3873 3875
f 3875 3873 1026 3874
f 3847 3875 3874 1017
f 1022 3871 3878 3873
f 3871 169 3876 3878
f 3878 3876 1024 3877
f 3873 3878 3877 1026
f 1026 3877 3882 3881
f 3877 1024 3879 3882
f 3882 3879 170 3880
f 3881 3882 3880 1025
f 1017 3874 3884 3851
f 3874 1026 3881 3884
f 3884 3881 1025 3883
f 3851 3884 3883 167
f 170 3885 3888 3880
f 3885 1027 3886 3888
f 3888 3886 1030 3887
f 3880 3888 3887 1025
f 1027 3889 3892 3886
f 3889 171 3890 3892
f 3892 3890 1028 3891
f 3886 3892 3891 1030
f 1030 3891 3896 3895
f 3891 1028 3893 3896
f 3896 3893 172 3894
f 3895 3896 3894 1029
f 1025 3887 3898 3883
f 3887 1030 3895 3898
f 3898 3895 1029 3897
f 3883 3898 3897 167
f 170 3879 3902 3901
f 3879 1024 3899 3902
f 3902 3899 1034 3900
f 3901 3902 3900 1033
f 1024 3876 3905 3899
f 3876 169 3903 3905
f 3905 3903 1031 3904
f 3899 3905 3904 1034
f 1034 3904 3909 3908
f 3904 1031 3906 3909
f 3909 3906 173 3907
f 3908 3909 3907 1032
f 1033 3900 3912 3911
f 3900 1034 3908 3912
f 3912 3908 1032 3910
f 3911 3912 3910 174
f 170 3901 3915 3885
f 3901 1033 3913 3915
f 3915 3913 1037 3914
f 3885 3915 3914 1027
f 1033 3911 3918 3913
f 3911 174 3916 3918
f 3918 3916 1035 3917
f 3913 3918 3917 1037
f 1037 3917 3922 3921
f 3917 1035 3919 3922
f 3922 3919 175 3920
f 3921 3922 3920 1036
f 1027 3914 3924 3889
f 3914 1037 3921 3924
f 3924 3921 1036 3923
f 3889 3924 3923 171
f 175 3925 3928 3920
f 3925 1038 3926 3928
f 3928 3926 1041 3927
f 3920 3928 3927 1036
f 1038 3929 3932 3926
f 3929 176 3930 3932
f 3932 3930 1039 3931
f 3926 3932 3931 1041
f 1041 3931 3936 3935
f 3931 1039 3933 3936
f 3936 3933 177 3934
f 3935 3936 3934 1040
f 1036 3927 3938 3923
f 3927 1041 3935 3938
f 3938 3935 1040 3937
f 3923 3938 3937 171
f 175 3919 3942 3941
f 3919 1035 3939 3942
f 3942 3939 1045 3940
f 3941 3942 3940 1044
f 1035 3916 3945 3939
f 3916 174 3943 3945
f 3945 3943 1042 3944
f 3939 3945 3944 1045
f 1045 3944 3949 3948
f 3944 1042 3946 3949
f 3949 3946 178 3947
f 3948 3949 3947 1043
f 1044 3940 3952 3951
f 3940 1045 3948 3952
f 3952 3948 1043 3950
f 3951 3952 3950 179
f 175 3941 3955 3925
f 3941 1044 3953 3955
f 3955 3953 1048 3954
f 3925 3955 3954 1038
f 1044 3951 3958 3953
f 3951 179 3956 3958
f 3958 3956 1046 3957
f 3953 3958 3957 1048
f 1048 3957 3962 3961
f 3957 1046 3959 3962
f 3962 3959 180 3960
f 3961 3962 3960 1047
f 1038 3954 3964 3929
f 3954 1048 3961 3964
f 3964 3961 1047 3963
f 3929 3964 3963 176
f 180 3965 3968 3960
f 3965 1049 3966 3968
f 3968 3966 1052 3967
f 3960 3968 3967 1047
f 1049 3969 3972 3966
f 3969 181 3970 3972
f 3972 3970 1050 3971
f 3966 3972 3971 1052
f 1052 3971 3976 3975
f 3971 1050 3973 3976
f 3976 3973 182 3974
f 3975 3976 3974 1051
f 1047 3967 3978 3963
f 3967 1052 3975 3978
f 3978 3975 1051 3977
f 3963 3978 3977 176
f 180 3959 3982 3981
f 3959 1046 3979 3982
f 3982 3979 1056 3980
f 3981 3982 3980 1055
f 1046 3956 3985 3979
f 3956 179 3983 3985
f 3985 3983 1053 3984
f 3979 3985 3984 1056
f 1056 3984 3989 3988
f 3984 1053 3986 3989
f 3989 3986 183 3987
f 3988 3989 3987 1054
f 1055 3980 3992 3991
f 3980 1056 3988 3992
f 3992 3988 1054 3990
f 3991 3992 3990 184
f 180 3981 3995 3965
f 3981 1055 3993 3995
f 3995 3993 1059 3994
f 3965 3995 3994 1049
f 1055 3991 3998 3993
f 3991 184 3996 3998
f 3998 3996 1057 3997
f 3993 3998 3997 1059
f 1059 3997 4002 4001
f 3997 1057 3999 4002
f 4002 3999 185 4000
f 4001 4002 4000 1058
f 1049 3994 4004 3969
f 3994 1059 4001 4004
f 4004 4001 1058 4003
f 3969 4004 4003 181
f 185 4005 4008 4000
f 4005 1060 4006 4008
f 4008 4006 1063 4007
f 4000 4008 4007 1058
f 1060 4009 4012 4006
f 4009 186 4010 4012
f 4012 4010 1061 4011
f 4006 4012 4011 1063
f 1063 4011 4016 4015
f 4011 1061 4013 4016
f 4016 4013 187 4014
f 4015 4016 4014 1062
f 1058 4007 4018 4003
f 4007 1063 4015 4018
f 4018 4015 1062 4017
f 4003 4018 4017 181
f 185 3999 4022 4021
f 3999 1057 4019 4022
f 4022 4019 1067 4020
f 4021 4022 4020 1066
f 1057 3996 4025 4019
f 3996 184 4023 4025
f 4025 4023 1064 4024
f 4019 4025 4024 1067
f 1067 4024 4029 4028
f 4024 1064 4026 4029
f 4029 4026 188 4027
f 4028 4029 4027 1065
f 1066 4020 4032 4031
f 4020 1067 4028 4032
f 4032 4028 1065 4030
f 4031 4032 4030 189
f 185 4021 4035 4005
f 4021 1066 4033 4035
f 4035 4033 1070 4034
f 4005 4035 4034 1060
f 1066 4031 4038 4033
f 4031 189 4036 4038
f 4038 4036 1068 4037
f 4033 4038 4037 1070
f 1070 4037 4042 4041
f 4037 1068 4039 4042
f 4042 4039 190 4040
f 4041 4042 4040 1069
f 1060 4034 4044 4009
f 4034 1070 4041 4044
f 4044 4041 1069 4043
f 4009 4044 4043 186
f 190 4045 4048 4040
f 4045 1071 4046 4048
f 4048 4046 1074 4047
f 4040 4048 4047 1069
f 1071 4049 4052 4046
f 4049 191 4050 4052
f 4052 4050 1072 4051
f 4046 4052 4051 1074
f 1074 4051 4056 4055
f 4051 1072 4053 4056
f 4056 4053 192 4054
f 4055 4056 4054 1073
f 1069 4047 4058 4043
f 4047 1074 4055 4058
f 4058 4055 1073 4057
f 4043 4058 4057 186
f 190 4039 4062 4061
f 4039 1068 4059 4062
f 4062 4059 1078 4060
f 4061 4062 4060 1077
f 1068 4036 4065 4059
f 4036 189 4063 4065
f 4065 4063 1075 4064
f 4059 4065 4064 1078
f 1078 4064 4069 4068
f 4064 1075 4066 4069
f 4069 4066 193 4067
f 4068 4069 4067 1076
f 1077 4060 4072 4071
f 4060 1078 4068 4072
f 4072 4068 1076 4070
f 4071 4072 4070 124
f 190 4061 4075 4045
f 4061 1077 4073 4075
f 4075 4073 1080 4074
f 4045 4075 4074 1071
f 1077 4071 4077 4073
f 4071 124 3484 4077
f 4077 3484 916 4076
f 4073 4077 4076 1080
f 1080 4076 4080 4079
f 4076 916 3481 4080
f 4080 3481 122 4078
f 4079 4080 4078 1079
f 1071 4074 4082 4049
f 4074 1080 4079 4082
f 4082 4079 1079 4081
f 4049 4082 4081 191
f 193 4066 4086 4085
f 4066 1075 4083 4086
f 4086 4083 1083 4084
f 4085 4086 4084 1082
f 1075 4063 4088 4083
f 4063 189 4030 4088
f 4088 4030 1065 4087
f 4083 4088 4087 1083
f 1083 4087 4091 4090
f 4087 1065 4027 4091
f 4091 4027 188 4089
f 4090 4091 4089 1081
f 1082 4084 4094 4093
f 4084 1083 4090 4094
f 4094 4090 1081 4092
f 4093 4094 4092 194
f 193 4085 4098 4097
f 4085 1082 4095 4098
f 4098 4095 1087 4096
f 4097 4098 4096 1086
f 1082 4093 4101 4095
f 4093 194 4099 4101
f 4101 4099 1084 4100
f 4095 4101 4100 1087
f 1087 4100 4105 4104
f 4100 1084 4102 4105
f 4105 4102 195 4103
f 4104 4105 4103 1085
f 1086 4096 4108 4107
f 4096 1087 4104 4108
f 4108 4104 1085 4106
f 4107 4108 4106 127
f 193 4097 4111 4067
f 4097 1086 4109 4111
f 4111 4109 1088 4110
f 4067 4111 4110 1076
f 1086 4107 4113 4109
f 4107 127 3510 4113
f 4113 3510 923 4112
f 4109 4113 4112 1088
f 1088 4112 4115 4114
f 4112 923 3507 4115
f 4115 3507 125 3488
f 4114 4115 3488 917
f 1076 4110 4116 4070
f 4110 1088 4114 4116
f 4116 4114 917 3485
f 4070 4116 3485 124
f 195 4102 4120 4119
f 4102 1084 4117 4120
f 4120 4117 1092 4118
f 4119 4120 4118 1091
f 1084 4099 4123 4117
f 4099 194 4121 4123
f 4123 4121 1089 4122
f 4117 4123 4122 1092
f 1092 4122 4127 4126
f 4122 1089 4124 4127
f 4127 4124 196 4125
f 4126 4127 4125 1090
f 1091 4118 4130 4129
f 4118 1092 4126 4130
f 4130 4126 1090 4128
f 4129 4130 4128 197
f 195 4119 4134 4133
f 4119 1091 4131 4134
f 4134 4131 1096 4132
f 4133 4134 4132 1095
f 1091 4129 4137 4131
f 4129 197 4135 4137
f 4137 4135 1093 4136
f 4131 4137 4136 1096
f 1096 4136 4141 4140
f 4136 1093 4138 4141
f 4141 4138 198 4139
f 4140 4141 4139 1094
f 1095 4132 4144 4143
f 4132 1096 4140 4144
f 4144 4140 1094 4142
f 4143 4144 4142 199
f 195 4133 4147 4103
f 4133 1095 4145 4147
f 4147 4145 1098 4146
f 4103 4147 4146 1085
f 1095 4143 4150 4145
f 4143 199 4148 4150
f 4150 4148 1097 4149
f 4145 4150 4149 1098
f 1098 4149 4153 4152
f 4149 1097 4151 4153
f 4153 4151 128 3514
f 4152 4153 3514 924
f 1085 4146 4154 4106
f 4146 1098 4152 4154
f 4154 4152 924 3511
f 4106 4154 3511 127
f 199 4142 4158 4157
f 4142 1094 4155 4158
f 4158 4155 1101 4156
f 4157 4158 4156 1100
f 1094 4139 4161 4155
f 4139 198 4159 4161
f 4161 4159 1099 4160
f 4155 4161 4160 1101
f 1101 4160 4164 4163
f 4160 1099 4162 4164
f 4164 4162 135 3586
f 4163 4164 3586 943
f 1100 4156 4166 4165
f 4156 1101 4163 4166
f 4166 4163 943 3583
f 4165 4166 3583 133
f 199 4157 4169 4148
f 4157 1100 4167 4169
f 4169 4167 1102 4168
f 4148 4169 4168 1097
f 1100 4165 4171 4167
f 4165 133 3572 4171
f 4171 3572 939 4170
f 4167 4171 4170 1102
f 1102 4170 4173 4172
f 4170 939 3569 4173
f 4173 3569 129 3524
f 4172 4173 3524 927
f 1097 4168 4174 4151
f 4168 1102 4172 4174
f 4174 4172 927 3521
f 4151 4174 3521 128
f 198 4138 4178 4177
f 4138 1093 4175 4178
f 4178 4175 1106 4176
f 4177 4178 4176 1105
f 1093 4135 4181 4175
f 4135 197 4179 4181
f 4181 4179 1103 4180
f 4175 4181 4180 1106
f 1106 4180 4185 4184
f 4180 1103 4182 4185
f 4185 4182 200 4183
f 4184 4185 4183 1104
f 1105 4176 4188 4187
f 4176 1106 4184 4188
f 4188 4184 1104 4186
f 4187 4188 4186 141
f 198 4177 4191 4159
f 4177 1105 4189 4191
f 4191 4189 1107 4190
f 4159 4191 4190 1099
f 1105 4187 4193 4189
f 4187 141 3640 4193
f 4193 3640 958 4192
f 4189 4193 4192 1107
f 1107 4192 4195 4194
f 4192 958 3637 4195
f 4195 3637 137 3600
f 4194 4195 3600 947
f 1099 4190 4196 4162
f 4190 1107 4194 4196
f 4196 4194 947 3597
f 4162 4196 3597 135
f 200 4182 4200 4199
f 4182 1103 4197 4200
f 4200 4197 1110 4198
f 4199 4200 4198 1109
f 1103 4179 4202 4197
f 4179 197 4128 4202
f 4202 4128 1090 4201
f 4197 4202 4201 1110
f 1110 4201 4205 4204
f 4201 1090 4125 4205
f 4205 4125 196 4203
f 4204 4205 4203 1108
f 1109 4198 4208 4207
f 4198 1110 4204 4208
f 4208 4204 1108 4206
f 4207 4208 4206 201
f 200 4199 4212 4211
f 4199 1109 4209 4212
f 4212 4209 1114 4210
f 4211 4212 4210 1113
f 1109 4207 4215 4209
f 4207 201 4213 4215
f 4215 4213 1111 4214
f 4209 4215 4214 1114
f 1114 4214 4219 4218
f 4214 1111 4216 4219
f 4219 4216 202 4217
f 4218 4219 4217 1112
f 1113 4210 4222 4221
f 4210 1114 4218 4222
f 4222 4218 1112 4220
f 4221 4222 4220 144
f 200 4211 4225 4183
f 4211 1113 4223 4225
f 4225 4223 1115 4224
f 4183 4225 4224 1104
f 1113 4221 4227 4223
f 4221 144 3666 4227
f 4227 3666 965 4226
f 4223 4227 4226 1115
f 1115 4226 4229 4228
f 4226 965 3663 4229
f 4229 3663 142 3644
f 4228 4229 3644 959
f 1104 4224 4230 4186
f 4224 1115 4228 4230
f 4230 4228 959 3641
f 4186 4230 3641 141
f 202 4216 4234 4233
f 4216 1111 4231 4234
f 4234 4231 1119 4232
f 4233 4234 4232 1118
f 1111 4213 4237 4231
f 4213 201 4235 4237
f 4237 4235 1116 4236
f 4231 4237 4236 1119
f 1119 4236 4241 4240
f 4236 1116 4238 4241
f 4241 4238 203 4239
f 4240 4241 4239 1117
f 1118 4232 4244 4243
f 4232 1119 4240 4244
f 4244 4240 1117 4242
f 4243 4244 4242 204
f 202 4233 4248 4247
f 4233 1118 4245 4248
f 4248 4245 1122 4246
f 4247 4248 4246 1121
f 1118 4243 4251 4245
f 4243 204 4249 4251
f 4251 4249 1120 4250
f 4245 4251 4250 1122
f 1122 4250 4254 4253
f 4250 1120 4252 4254
f 4254 4252 150 3718
f 4253 4254 3718 979
f 1121 4246 4256 4255
f 4246 1122 4253 4256
f 4256 4253 979 3715
f 4255 4256 3715 148
f 202 4247 4259 4217
f 4247 1121 4257 4259
f 4259 4257 1123 4258
f 4217 4259 4258 1112
f 1121 4255 4261 4257
f 4255 148 3704 4261
f 4261 3704 975 4260
f 4257 4261 4260 1123
f 1123 4260 4263 4262
f 4260 975 3701 4263
f 4263 3701 145 3670
f 4262 4263 3670 966
f 1112 4258 4264 4220
f 4258 1123 4262 4264
f 4264 4262 966 3667
f 4220 4264 3667 144
f 204 4242 4268 4267
f 4242 1117 4265 4268
f 4268 4265 1127 4266
f 4267 4268 4266 1126
f 1117 4239 4271 4265
f 4239 203 4269 4271
f 4271 4269 1124 4270
f 4265 4271 4270 1127
f 1127 4270 4275 4274
f 4270 1124 4272 4275
f 4275 4272 205 4273
f 4274 4275 4273 1125
f 1126 4266 4278 4277
f 4266 1127 4274 4278
f 4278 4274 1125 4276
f 4277 4278 4276 206
f 204 4267 4281 4249
f 4267 1126 4279 4281
f 4281 4279 1129 4280
f 4249 4281 4280 1120
f 1126 4277 4284 4279
f 4277 206 4282 4284
f 4284 4282 1128 4283
f 4279 4284 4283 1129
f 1129 4283 4287 4286
f 4283 1128 4285 4287
f 4287 4285 152 3732
f 4286 4287 3732 983
f 1120 4280 4288 4252
f 4280 1129 4286 4288
f 4288 4286 983 3729
f 4252 4288 3729 150
f 206 4276 4292 4291
f 4276 1125 4289 4292
f 4292 4289 1133 4290
f 4291 4292 4290 1132
f 1125 4273 4295 4289
f 4273 205 4293 4295
f 4295 4293 1130 4294
f 4289 4295 4294 1133
f 1133 4294 4299 4298
f 4294 1130 4296 4299
f 4299 4296 178 4297
f 4298 4299 4297 1131
f 1132 4290 4302 4301
f 4290 1133 4298 4302
f 4302 4298 1131 4300
f 4301 4302 4300 207
f 206 4291 4305 4282
f 4291 1132 4303 4305
f 4305 4303 1135 4304
f 4282 4305 4304 1128
f 1132 4301 4308 4303
f 4301 207 4306 4308
f 4308 4306 1134 4307
f 4303 4308 4307 1135
f 1135 4307 4311 4310
f 4307 1134 4309 4311
f 4311 4309 154 3746
f 4310 4311 3746 987
f 1128 4304 4312 4285
f 4304 1135 4310 4312
f 4312 4310 987 3743
f 4285 4312 3743 152
f 207 4300 4316 4315
f 4300 1131 4313 4316
f 4316 4313 1137 4314
f 4315 4316 4314 1136
f 1131 4297 4318 4313
f 4297 178 3946 4318
f 4318 3946 1042 4317
f 4313 4318 4317 1137
f 1137 4317 4320 4319
f 4317 1042 3943 4320
f 4320 3943 174 3910
f 4319 4320 3910 1032
f 1136 4314 4322 4321
f 4314 1137 4319 4322
f 4322 4319 1032 3907
f 4321 4322 3907 173
f 207 4315 4325 4306
f 4315 1136 4323 4325
f 4325 4323 1139 4324
f 4306 4325 4324 1134
f 1136 4321 4328 4323
f 4321 173 4326 4328
f 4328 4326 1138 4327
f 4323 4328 4327 1139
f 1139 4327 4331 4330
f 4327 1138 4329 4331
f 4331 4329 156 3760
f 4330 4331 3760 991
f 1134 4324 4332 4309
f 4324 1139 4330 4332
f 4332 4330 991 3757
f 4309 4332 3757 154
f 205 4333 4336 4293
f 4333 1140 4334 4336
f 4336 4334 1141 4335
f 4293 4336 4335 1130
f 1140 4337 4339 4334
f 4337 183 3986 4339
f 4339 3986 1053 4338
f 4334 4339 4338 1141
f 1141 4338 4341 4340
f 4338 1053 3983 4341
f 4341 3983 179 3950
f 4340 4341 3950 1043
f 1130 4335 4342 4296
f 4335 1141 4340 4342
f 4342 4340 1043 3947
f 4296 4342 3947 178
f 205 4272 4345 4333
f 4272 1124 4343 4345
f 4345 4343 1144 4344
f 4333 4345 4344 1140
f 1124 4269 4348 4343
f 4269 203 4346 4348
f 4348 4346 1142 4347
f 4343 4348 4347 1144
f 1144 4347 4352 4351
f 4347 1142 4349 4352
f 4352 4349 208 4350
f 4351 4352 4350 1143
f 1140 4344 4354 4337
f 4344 1144 4351 4354
f 4354 4351 1143 4353
f 4337 4354 4353 183
f 208 4355 4358 4350
f 4355 1145 4356 4358
f 4358 4356 1146 4357
f 4350 4358 4357 1143
f 1145 4359 4361 4356
f 4359 188 4026 4361
f 4361 4026 1064 4360
f 4356 4361 4360 1146
f 1146 4360 4363 4362
f 4360 1064 4023 4363
f 4363 4023 184 3990
f 4362 4363 3990 1054
f 1143 4357 4364 4353
f 4357 1146 4362 4364
f 4364 4362 1054 3987
f 4353 4364 3987 183
f 208 4349 4368 4367
f 4349 1142 4365 4368
f 4368 4365 1148 4366
f 4367 4368 4366 1147
f 1142 4346 4370 4365
f 4346 203 4238 4370
f 4370 4238 1116 4369
f 4365 4370 4369 1148
f 1148 4369 4372 4371
f 4369 1116 4235 4372
f 4372 4235 201 4206
f 4371 4372 4206 1108
f 1147 4366 4374 4373
f 4366 1148 4371 4374
f 4374 4371 1108 4203
f 4373 4374 4203 196
f 208 4367 4377 4355
f 4367 1147 4375 4377
f 4377 4375 1149 4376
f 4355 4377 4376 1145
f 1147 4373 4379 4375
f 4373 196 4124 4379
f 4379 4124 1089 4378
f 4375 4379 4378 1149
f 1149 4378 4381 4380
f 4378 1089 4121 4381
f 4381 4121 194 4092
f 4380 4381 4092 1081
f 1145 4376 4382 4359
f 4376 1149 4380 4382
f 4382 4380 1081 4089
f 4359 4382 4089 188
f 192 4383 4387 4386
f 4383 1150 4384 4387
f 4387 4384 1154 4385
f 4386 4387 4385 1153
f 1150 4388 4391 4384
f 4388 209 4389 4391
f 4391 4389 1151 4390
f 4384 4391 4390 1154
f 1154 4390 4395 4394
f 4390 1151 4392 4395
f 4395 4392 210 4393
f 4394 4395 4393 1152
f 1153 4385 4398 4397
f 4385 1154 4394 4398
f 4398 4394 1152 4396
f 4397 4398 4396 211
f 192 4386 4401 4054
f 4386 1153 4399 4401
f 4401 4399 1156 4400
f 4054 4401 4400 1073
f 1153 4397 4404 4399
f 4397 211 4402 4404
f 4404 4402 1155 4403
f 4399 4404 4403 1156
f 1156 4403 4407 4406
f 4403 1155 4405 4407
f 4407 4405 187 4013
f 4406 4407 4013 1061
f 1073 4400 4408 4057
f 4400 1156 4406 4408
f 4408 4406 1061 4010
f 4057 4408 4010 186
f 192 4053 4411 4383
f 4053 1072 4409 4411
f 4411 4409 1159 4410
f 4383 4411 4410 1150
f 1072 4050 4414 4409
f 4050 191 4412 4414
f 4414 4412 1157 4413
f 4409 4414 4413 1159
f 1159 4413 4418 4417
f 4413 1157 4415 4418
f 4418 4415 212 4416
f 4417 4418 4416 1158
f 1150 4410 4420 4388
f 4410 1159 4417 4420
f 4420 4417 1158 4419
f 4388 4420 4419 209
f 212 4421 4424 4416
f 4421 1160 4422 4424
f 4424 4422 1163 4423
f 4416 4424 4423 1158
f 1160 4425 4428 4422
f 4425 213 4426 4428
f 4428 4426 1161 4427
f 4422 4428 4427 1163
f 1163 4427 4432 4431
f 4427 1161 4429 4432
f 4432 4429 214 4430
f 4431 4432 4430 1162
f 1158 4423 4434 4419
f 4423 1163 4431 4434
f 4434 4431 1162 4433
f 4419 4434 4433 209
f 212 4415 4438 4437
f 4415 1157 4435 4438
f 4438 4435 1165 4436
f 4437 4438 4436 1164
f 1157 4412 4440 4435
f 4412 191 4081 4440
f 4440 4081 1079 4439
f 4435 4440 4439 1165
f 1165 4439 4442 4441
f 4439 1079 4078 4442
f 4442 4078 122 3460
f 4441 4442 3460 910
f 1164 4436 4444 4443
f 4436 1165 4441 4444
f 4444 4441 910 3457
f 4443 4444 3457 120
f 212 4437 4447 4421
f 4437 1164 4445 4447
f 4447 4445 1167 4446
f 4421 4447 4446 1160
f 1164 4443 4449 4445
f 4443 120 3436 4449
f 4449 3436 904 4448
f 4445 4449 4448 1167
f 1167 4448 4452 4451
f 4448 904 3433 4452
f 4452 3433 118 4450
f 4451 4452 4450 1166
f 1160 4446 4454 4425
f 4446 1167 4451 4454
f 4454 4451 1166 4453
f 4425 4454 4453 213
f 214 4455 4459 4458
f 4455 1168 4456 4459
f 4459 4456 1172 4457
f 4458 4459 4457 1171
f 1168 4460 4463 4456
f 4460 215 4461 4463
f 4463 4461 1169 4462
f 4456 4463 4462 1172
f 1172 4462 4467 4466
f 4462 1169 4464 4467
f 4467 4464 216 4465
f 4466 4467 4465 1170
f 1171 4457 4470 4469
f 4457 1172 4466 4470
f 4470 4466 1170 4468
f 4469 4470 4468 217
f 214 4458 4473 4430
f 4458 1171 4471 4473
f 4473 4471 1174 4472
f 4430 4473 4472 1162
f 1171 4469 4476 4471
f 4469 217 4474 4476
f 4476 4474 1173 4475
f 4471 4476 4475 1174
f 1174 4475 4479 4478
f 4475 1173 4477 4479
f 4479 4477 210 4392
f 4478 4479 4392 1151
f 1162 4472 4480 4433
f 4472 1174 4478 4480
f 4480 4478 1151 4389
f 4433 4480 4389 209
f 214 4429 4483 4455
f 4429 1161 4481 4483
f 4483 4481 1177 4482
f 4455 4483 4482 1168
f 1161 4426 4486 4481
f 4426 213 4484 4486
f 4486 4484 1175 4485
f 4481 4486 4485 1177
f 1177 4485 4490 4489
f 4485 1175 4487 4490
f 4490 4487 218 4488
f 4489 4490 4488 1176
f 1168 4482 4492 4460
f 4482 1177 4489 4492
f 4492 4489 1176 4491
f 4460 4492 4491 215
f 218 4493 4496 4488
f 4493 1178 4494 4496
f 4496 4494 1181 4495
f 4488 4496 4495 1176
f 1178 4497 4500 4494
f 4497 219 4498 4500
f 4500 4498 1179 4499
f 4494 4500 4499 1181
f 1181 4499 4504 4503
f 4499 1179 4501 4504
f 4504 4501 220 4502
f 4503 4504 4502 1180
f 1176 4495 4506 4491
f 4495 1181 4503 4506
f 4506 4503 1180 4505
f 4491 4506 4505 215
f 218 4487 4510 4509
f 4487 1175 4507 4510
f 4510 4507 1183 4508
f 4509 4510 4508 1182
f 1175 4484 4512 4507
f 4484 213 4453 4512
f 4512 4453 1166 4511
f 4507 4512 4511 1183
f 1183 4511 4514 4513
f 4511 1166 4450 4514
f 4514 4450 118 3412
f 4513 4514 3412 898
f 1182 4508 4516 4515
f 4508 1183 4513 4516
f 4516 4513 898 3409
f 4515 4516 3409 117
f 218 4509 4519 4493
f 4509 1182 4517 4519
f 4519 4517 1185 4518
f 4493 4519 4518 1178
f 1182 4515 4521 4517
f 4515 117 3402 4521
f 4521 3402 895 4520
f 4517 4521 4520 1185
f 1185 4520 4524 4523
f 4520 895 3399 4524
f 4524 3399 116 4522
f 4523 4524 4522 1184
f 1178 4518 4526 4497
f 4518 1185 4523 4526
f 4526 4523 1184 4525
f 4497 4526 4525 219
f 220 4527 4531 4530
f 4527 1186 4528 4531
f 4531 4528 1190 4529
f 4530 4531 4529 1189
f 1186 4532 4535 4528
f 4532 90 4533 4535
f 4535 4533 1187 4534
f 4528 4535 4534 1190
f 1190 4534 4539 4538
f 4534 1187 4536 4539
f 4539 4536 88 4537
f 4538 4539 4537 1188
f 1189 4529 4542 4541
f 4529 1190 4538 4542
f 4542 4538 1188 4540
f 4541 4542 4540 221
f 220 4530 4545 4502
f 4530 1189 4543 4545
f 4545 4543 1192 4544
f 4502 4545 4544 1180
f 1189 4541 4548 4543
f 4541 221 4546 4548
f 4548 4546 1191 4547
f 4543 4548 4547 1192
f 1192 4547 4551 4550
f 4547 1191 4549 4551
f 4551 4549 216 4464
f 4550 4551 4464 1169
f 1180 4544 4552 4505
f 4544 1192 4550 4552
f 4552 4550 1169 4461
f 4505 4552 4461 215
f 220 4501 4555 4527
f 4501 1179 4553 4555
f 4555 4553 1195 4554
f 4527 4555 4554 1186
f 1179 4498 4558 4553
f 4498 219 4556 4558
f 4558 4556 1193 4557
f 4553 4558 4557 1195
f 1195 4557 4562 4561
f 4557 1193 4559 4562
f 4562 4559 92 4560
f 4561 4562 4560 1194
f 1186 4554 4564 4532
f 4554 1195 4561 4564
f 4564 4561 1194 4563
f 4532 4564 4563 90
f 221 4540 4568 4567
f 4540 1188 4565 4568
f 4568 4565 1198 4566
f 4567 4568 4566 1197
f 1188 4537 4571 4565
f 4537 88 4569 4571
f 4571 4569 1196 4570
f 4565 4571 4570 1198
f 1198 4570 4574 4573
f 4570 1196 4572 4574
f 4574 4572 86 3058
f 4573 4574 3058 801
f 1197 4566 4576 4575
f 4566 1198 4573 4576
f 4576 4573 801 3055
f 4575 4576 3055 85
f 221 4567 4579 4546
f 4567 1197 4577 4579
f 4579 4577 1201 4578
f 4546 4579 4578 1191
f 1197 4575 4582 4577
f 4575 85 4580 4582
f 4582 4580 1199 4581
f 4577 4582 4581 1201
f 1201 4581 4586 4585
f 4581 1199 4583 4586
f 4586 4583 222 4584
f 4585 4586 4584 1200
f 1191 4578 4588 4549
f 4578 1201 4585 4588
f 4588 4585 1200 4587
f 4549 4588 4587 216
f 222 4583 4592 4591
f 4583 1199 4589 4592
f 4592 4589 1203 4590
f 4591 4592 4590 1202
f 1199 4580 4594 4589
f 4580 85 3054 4594
f 4594 3054 800 4593
f 4589 4594 4593 1203
f 1203 4593 4596 4595
f 4593 800 3051 4596
f 4596 3051 82 3018
f 4595 4596 3018 790
f 1202 4590 4598 4597
f 4590 1203 4595 4598
f 4598 4595 790 3015
f 4597 4598 3015 81
f 222 4591 4602 4601
f 4591 1202 4599 4602
f 4602 4599 1207 4600
f 4601 4602 4600 1206
f 1202 4597 4605 4599
f 4597 81 4603 4605
f 4605 4603 1204 4604
f 4599 4605 4604 1207
f 1207 4604 4609 4608
f 4604 1204 4606 4609
f 4609 4606 223 4607
f 4608 4609 4607 1205
f 1206 4600 4612 4611
f 4600 1207 4608 4612
f 4612 4608 1205 4610
f 4611 4612 4610 224
f 222 4601 4615 4584
f 4601 1206 4613 4615
f 4615 4613 1209 4614
f 4584 4615 4614 1200
f 1206 4611 4618 4613
f 4611 224 4616 4618
f 4618 4616 1208 4617
f 4613 4618 4617 1209
f 1209 4617 4621 4620
f 4617 1208 4619 4621
f 4621 4619 217 4468
f 4620 4621 4468 1170
f 1200 4614 4622 4587
f 4614 1209 4620 4622
f 4622 4620 1170 4465
f 4587 4622 4465 216
f 224 4610 4626 4625
f 4610 1205 4623 4626
f 4626 4623 1213 4624
f 4625 4626 4624 1212
f 1205 4607 4629 4623
f 4607 223 4627 4629
f 4629 4627 1210 4628
f 4623 4629 4628 1213
f 1213 4628 4633 4632
f 4628 1210 4630 4633
f 4633 4630 225 4631
f 4632 4633 4631 1211
f 1212 4624 4636 4635
f 4624 1213 4632 4636
f 4636 4632 1211 4634
f 4635 4636 4634 226
f 224 4625 4639 4616
f 4625 1212 4637 4639
f 4639 4637 1215 4638
f 4616 4639 4638 1208
f 1212 4635 4642 4637
f 4635 226 4640 4642
f 4642 4640 1214 4641
f 4637 4642 4641 1215
f 1215 4641 4645 4644
f 4641 1214 4643 4645
f 4645 4643 210 4477
f 4644 4645 4477 1173
f 1208 4638 4646 4619
f 4638 1215 4644 4646
f 4646 4644 1173 4474
f 4619 4646 4474 217
f 226 4634 4650 4649
f 4634 1211 4647 4650
f 4650 4647 1219 4648
f 4649 4650 4648 1218
f 1211 4631 4653 4647
f 4631 225 4651 4653
f 4653 4651 1216 4652
f 4647 4653 4652 1219
f 1219 4652 4657 4656
f 4652 1216 4654 4657
f 4657 4654 227 4655
f 4656 4657 4655 1217
f 1218 4648 4660 4659
f 4648 1219 4656 4660
f 4660 4656 1217 4658
f 4659 4660 4658 228
f 226 4649 4663 4640
f 4649 1218 4661 4663
f 4663 4661 1221 4662
f 4640 4663 4662 1214
f 1218 4659 4666 4661
f 4659 228 4664 4666
f 4666 4664 1220 4665
f 4661 4666 4665 1221
f 1221 4665 4669 4668
f 4665 1220 4667 4669
f 4669 4667 211 4396
f 4668 4669 4396 1152
f 1214 4662 4670 4643
f 4662 1221 4668 4670
f 4670 4668 1152 4393
f 4643 4670 4393 210
f 228 4658 4674 4673
f 4658 1217 4671 4674
f 4674 4671 1225 4672
f 4673 4674 4672 1224
f 1217 4655 4677 4671
f 4655 227 4675 4677
f 4677 4675 1222 4676
f 4671 4677 4676 1225
f 1225 4676 4681 4680
f 4676 1222 4678 4681
f 4681 4678 229 4679
f 4680 4681 4679 1223
f 1224 4672 4684 4683
f 4672 1225 4680 4684
f 4684 4680 1223 4682
f 4683 4684 4682 230
f 228 4673 4687 4664
f 4673 1224 4685 4687
f 4687 4685 1227 4686
f 4664 4687 4686 1220
f 1224 4683 4690 4685
f 4683 230 4688 4690
f 4690 4688 1226 4689
f 4685 4690 4689 1227
f 1227 4689 4693 4692
f 4689 1226 4691 4693
f 4693 4691 187 4405
f 4692 4693 4405 1155
f 1220 4686 4694 4667
f 4686 1227 4692 4694
f 4694 4692 1155 4402
f 4667 4694 4402 211
f 230 4682 4698 4697
f 4682 1223 4695 4698
f 4698 4695 1231 4696
f 4697 4698 4696 1230
f 1223 4679 4701 4695
f 4679 229 4699 4701
f 4701 4699 1228 4700
f 4695 4701 4700 1231
f 1231 4700 4705 4704
f 4700 1228 4702 4705
f 4705 4702 231 4703
f 4704 4705 4703 1229
f 1230 4696 4708 4707
f 4696 1231 4704 4708
f 4708 4704 1229 4706
f 4707 4708 4706 182
f 230 4697 4711 4688
f 4697 1230 4709 4711
f 4711 4709 1232 4710
f 4688 4711 4710 1226
f 1230 4707 4713 4709
f 4707 182 3973 4713
f 4713 3973 1050 4712
f 4709 4713 4712 1232
f 1232 4712 4715 4714
f 4712 1050 3970 4715
f 4715 3970 181 4017
f 4714 4715 4017 1062
f 1226 4710 4716 4691
f 4710 1232 4714 4716
f 4716 4714 1062 4014
f 4691 4716 4014 187
f 231 4702 4720 4719
f 4702 1228 4717 4720
f 4720 4717 1236 4718
f 4719 4720 4718 1235
f 1228 4699 4723 4717
f 4699 229 4721 4723
f 4723 4721 1233 4722
f 4717 4723 4722 1236
f 1236 4722 4727 4726
f 4722 1233 4724 4727
f 4727 4724 232 4725
f 4726 4727 4725 1234
f 1235 4718 4730 4729
f 4718 1236 4726 4730
f 4730 4726 1234 4728
f 4729 4730 4728 233
f 231 4719 4734 4733
f 4719 1235 4731 4734
f 4734 4731 1240 4732
f 4733 4734 4732 1239
f 1235 4729 4737 4731
f 4729 233 4735 4737
f 4737 4735 1237 4736
f 4731 4737 4736 1240
f 1240 4736 4741 4740
f 4736 1237 4738 4741
f 4741 4738 234 4739
f 4740 4741 4739 1238
f 1239 4732 4744 4743
f 4732 1240 4740 4744
f 4744 4740 1238 4742
f 4743 4744 4742 177
f 231 4733 4747 4703
f 4733 1239 4745 4747
f 4747 4745 1241 4746
f 4703 4747 4746 1229
f 1239 4743 4749 4745
f 4743 177 3933 4749
f 4749 3933 1039 4748
f 4745 4749 4748 1241
f 1241 4748 4751 4750
f 4748 1039 3930 4751
f 4751 3930 176 3977
f 4750 4751 3977 1051
f 1229 4746 4752 4706
f 4746 1241 4750 4752
f 4752 4750 1051 3974
f 4706 4752 3974 182
f 234 4738 4756 4755
f 4738 1237 4753 4756
f 4756 4753 1245 4754
f 4755 4756 4754 1244
f 1237 4735 4759 4753
f 4735 233 4757 4759
f 4759 4757 1242 4758
f 4753 4759 4758 1245
f 1245 4758 4763 4762
f 4758 1242 4760 4763
f 4763 4760 235 4761
f 4762 4763 4761 1243
f 1244 4754 4766 4765
f 4754 1245 4762 4766
f 4766 4762 1243 4764
f 4765 4766 4764 236
f 234 4755 4770 4769
f 4755 1244 4767 4770
f 4770 4767 1249 4768
f 4769 4770 4768 1248
f 1244 4765 4773 4767
f 4765 236 4771 4773
f 4773 4771 1246 4772
f 4767 4773 4772 1249
f 1249 4772 4777 4776
f 4772 1246 4774 4777
f 4777 4774 237 4775
f 4776 4777 4775 1247
f 1248 4768 4780 4779
f 4768 1249 4776 4780
f 4780 4776 1247 4778
f 4779 4780 4778 172
f 234 4769 4783 4739
f 4769 1248 4781 4783
f 4783 4781 1250 4782
f 4739 4783 4782 1238
f 1248 4779 4785 4781
f 4779 172 3893 4785
f 4785 3893 1028 4784
f 4781 4785 4784 1250
f 1250 4784 4787 4786
f 4784 1028 3890 4787
f 4787 3890 171 3937
f 4786 4787 3937 1040
f 1238 4782 4788 4742
f 4782 1250 4786 4788
f 4788 4786 1040 3934
f 4742 4788 3934 177
f 237 4774 4792 4791
f 4774 1246 4789 4792
f 4792 4789 1254 4790
f 4791 4792 4790 1253
f 1246 4771 4795 4789
f 4771 236 4793 4795
f 4795 4793 1251 4794
f 4789 4795 4794 1254
f 1254 4794 4799 4798
f 4794 1251 4796 4799
f 4799 4796 238 4797
f 4798 4799 4797 1252
f 1253 4790 4802 4801
f 4790 1254 4798 4802
f 4802 4798 1252 4800
f 4801 4802 4800 239
f 237 4791 4806 4805
f 4791 1253 4803 4806
f 4806 4803 1258 4804
f 4805 4806 4804 1257
f 1253 4801 4809 4803
f 4801 239 4807 4809
f 4809 4807 1255 4808
f 4803 4809 4808 1258
f 1258 4808 4813 4812
f 4808 1255 4810 4813
f 4813 4810 240 4811
f 4812 4813 4811 1256
f 1257 4804 4816 4815
f 4804 1258 4812 4816
f 4816 4812 1256 4814
f 4815 4816 4814 168
f 237 4805 4819 4775
f 4805 1257 4817 4819
f 4819 4817 1259 4818
f 4775 4819 4818 1247
f 1257 4815 4821 4817
f 4815 168 3855 4821
f 4821 3855 1018 4820
f 4817 4821 4820 1259
f 1259 4820 4823 4822
f 4820 1018 3852 4823
f 4823 3852 167 3897
f 4822 4823 3897 1029
f 1247 4818 4824 4778
f 4818 1259 4822 4824
f 4824 4822 1029 3894
f 4778 4824 3894 172
f 240 4810 4828 4827
f 4810 1255 4825 4828
f 4828 4825 1263 4826
f 4827 4828 4826 1262
f 1255 4807 4831 4825
f 4807 239 4829 4831
f 4831 4829 1260 4830
f 4825 4831 4830 1263
f 1263 4830 4835 4834
f 4830 1260 4832 4835
f 4835 4832 241 4833
f 4834 4835 4833 1261
f 1262 4826 4838 4837
f 4826 1263 4834 4838
f 4838 4834 1261 4836
f 4837 4838 4836 242
f 240 4827 4842 4841
f 4827 1262 4839 4842
f 4842 4839 1267 4840
f 4841 4842 4840 1266
f 1262 4837 4845 4839
f 4837 242 4843 4845
f 4845 4843 1264 4844
f 4839 4845 4844 1267
f 1267 4844 4849 4848
f 4844 1264 4846 4849
f 4849 4846 243 4847
f 4848 4849 4847 1265
f 1266 4840 4852 4851
f 4840 1267 4848 4852
f 4852 4848 1265 4850
f 4851 4852 4850 165
f 240 4841 4855 4811
f 4841 1266 4853 4855
f 4855 4853 1268 4854
f 4811 4855 4854 1256
f 1266 4851 4857 4853
f 4851 165 3829 4857
f 4857 3829 1011 4856
f 4853 4857 4856 1268
f 1268 4856 4859 4858
f 4856 1011 3826 4859
f 4859 3826 164 3859
f 4858 4859 3859 1019
f 1256 4854 4860 4814
f 4854 1268 4858 4860
f 4860 4858 1019 3856
f 4814 4860 3856 168
f 243 4861 4864 4847
f 4861 1269 4862 4864
f 4864 4862 1270 4863
f 4847 4864 4863 1265
f 1269 4865 4867 4862
f 4865 51 2694 4867
f 4867 2694 703 4866
f 4862 4867 4866 1270
f 1270 4866 4869 4868
f 4866 703 2691 4869
f 4869 2691 50 3833
f 4868 4869 3833 1012
f 1265 4863 4870 4850
f 4863 1270 4868 4870
f 4870 4868 1012 3830
f 4850 4870 3830 165
f 241 4832 4874 4873
f 4832 1260 4871 4874
f 4874 4871 1273 4872
f 4873 4874 4872 1272
f 1260 4829 4876 4871
f 4829 239 4800 4876
f 4876 4800 1252 4875
f 4871 4876 4875 1273
f 1273 4875 4879 4878
f 4875 1252 4797 4879
f 4879 4797 238 4877
f 4878 4879 4877 1271
f 1272 4872 4882 4881
f 4872 1273 4878 4882
f 4882 4878 1271 4880
f 4881 4882 4880 244
f 244 4880 4886 4885
f 4880 1271 4883 4886
f 4886 4883 1277 4884
f 4885 4886 4884 1276
f 1271 4877 4889 4883
f 4877 238 4887 4889
f 4889 4887 1274 4888
f 4883 4889 4888 1277
f 1277 4888 4893 4892
f 4888 1274 4890 4893
f 4893 4890 245 4891
f 4892 4893 4891 1275
f 1276 4884 4896 4895
f 4884 1277 4892 4896
f 4896 4892 1275 4894
f 4895 4896 4894 246
f 246 4894 4900 4899
f 4894 1275 4897 4900
f 4900 4897 1281 4898
f 4899 4900 4898 1280
f 1275 4891 4903 4897
f 4891 245 4901 4903
f 4903 4901 1278 4902
f 4897 4903 4902 1281
f 1281 4902 4907 4906
f 4902 1278 4904 4907
f 4907 4904 247 4905
f 4906 4907 4905 1279
f 1280 4898 4910 4909
f 4898 1281 4906 4910
f 4910 4906 1279 4908
f 4909 4910 4908 248
f 248 4908 4914 4913
f 4908 1279 4911 4914
f 4914 4911 1284 4912
f 4913 4914 4912 1283
f 1279 4905 4917 4911
f 4905 247 4915 4917
f 4917 4915 1282 4916
f 4911 4917 4916 1284
f 1284 4916 4920 4919
f 4916 1282 4918 4920
f 4920 4918 21 2759
f 4919 4920 2759 722
f 1283 4912 4922 4921
f 4912 1284 4919 4922
f 4922 4919 722 2756
f 4921 4922 2756 58
f 247 4904 4926 4925
f 4904 1278 4923 4926
f 4926 4923 1288 4924
f 4925 4926 4924 1287
f 1278 4901 4929 4923
f 4901 245 4927 4929
f 4929 4927 1285 4928
f 4923 4929 4928 1288
f 1288 4928 4933 4932
f 4928 1285 4930 4933
f 4933 4930 235 4931
f 4932 4933 4931 1286
f 1287 4924 4936 4935
f 4924 1288 4932 4936
f 4936 4932 1286 4934
f 4935 4936 4934 249
f 247 4925 4939 4915
f 4925 1287 4937 4939
f 4939 4937 1290 4938
f 4915 4939 4938 1282
f 1287 4935 4942 4937
f 4935 249 4940 4942
f 4942 4940 1289 4941
f 4937 4942 4941 1290
f 1290 4941 4945 4944
f 4941 1289 4943 4945
f 4945 4943 18 2501
f 4944 4945 2501 649
f 1282 4938 4946 4918
f 4938 1290 4944 4946
f 4946 4944 649 2498
f 4918 4946 2498 21
f 249 4934 4950 4949
f 4934 1286 4947 4950
f 4950 4947 1292 4948
f 4949 4950 4948 1291
f 1286 4931 4952 4947
f 4931 235 4760 4952
f 4952 4760 1242 4951
f 4947 4952 4951 1292
f 1292 4951 4954 4953
f 4951 1242 4757 4954
f 4954 4757 233 4728
f 4953 4954 4728 1234
f 1291 4948 4956 4955
f 4948 1292 4953 4956
f 4956 4953 1234 4725
f 4955 4956 4725 232
f 249 4949 4959 4940
f 4949 1291 4957 4959
f 4959 4957 1294 4958
f 4940 4959 4958 1289
f 1291 4955 4962 4957
f 4955 232 4960 4962
f 4962 4960 1293 4961
f 4957 4962 4961 1294
f 1294 4961 4965 4964
f 4961 1293 4963 4965
f 4965 4963 19 2484
f 4964 4965 2484 644
f 1289 4958 4966 4943
f 4958 1294 4964 4966
f 4966 4964 644 2481
f 4943 4966 2481 18
f 245 4890 4969 4927
f 4890 1274 4967 4969
f 4969 4967 1295 4968
f 4927 4969 4968 1285
f 1274 4887 4971 4967
f 4887 238 4796 4971
f 4971 4796 1251 4970
f 4967 4971 4970 1295
f 1295 4970 4973 4972
f 4970 1251 4793 4973
f 4973 4793 236 4764
f 4972 4973 4764 1243
f 1285 4968 4974 4930
f 4968 1295 4972 4974
f 4974 4972 1243 4761
f 4930 4974 4761 235
f 232 4724 4977 4960
f 4724 1233 4975 4977
f 4977 4975 1297 4976
f 4960 4977 4976 1293
f 1233 4721 4979 4975
f 4721 229 4678 4979
f 4979 4678 1222 4978
f 4975 4979 4978 1297
f 1297 4978 4982 4981
f 4978 1222 4675 4982
f 4982 4675 227 4980
f 4981 4982 4980 1296
f 1293 4976 4984 4963
f 4976 1297 4981 4984
f 4984 4981 1296 4983
f 4963 4984 4983 19
f 227 4654 4987 4980
f 4654 1216 4985 4987
f 4987 4985 1299 4986
f 4980 4987 4986 1296
f 1216 4651 4990 4985
f 4651 225 4988 4990
f 4990 4988 1298 4989
f 4985 4990 4989 1299
f 1299 4989 4993 4992
f 4989 1298 4991 4993
f 4993 4991 20 2488
f 4992 4993 2488 645
f 1296 4986 4994 4983
f 4986 1299 4992 4994
f 4994 4992 645 2485
f 4983 4994 2485 19
f 225 4630 4997 4988
f 4630 1210 4995 4997
f 4997 4995 1301 4996
f 4988 4997 4996 1298
f 1210 4627 5000 4995
f 4627 223 4998 5000
f 5000 4998 1300 4999
f 4995 5000 4999 1301
f 1301 4999 5003 5002
f 4999 1300 5001 5003
f 5003 5001 23 2523
f 5002 5003 2523 655
f 1298 4996 5004 4991
f 4996 1301 5002 5004
f 5004 5002 655 2520
f 4991 5004 2520 20
f 223 4606 5007 4998
f 4606 1204 5005 5007
f 5007 5005 1302 5006
f 4998 5007 5006 1300
f 1204 4603 5009 5005
f 4603 81 3014 5009
f 5009 3014 789 5008
f 5005 5009 5008 1302
f 1302 5008 5011 5010
f 5008 789 3011 5011
f 5011 3011 32 2603
f 5010 5011 2603 677
f 1300 5006 5012 5001
f 5006 1302 5010 5012
f 5012 5010 677 2600
f 5001 5012 2600 23
f 219 4525 5015 4556
f 4525 1184 5013 5015
f 5015 5013 1305 5014
f 4556 5015 5014 1193
f 1184 4522 5018 5013
f 4522 116 5016 5018
f 5018 5016 1303 5017
f 5013 5018 5017 1305
f 1305 5017 5022 5021
f 5017 1303 5019 5022
f 5022 5019 94 5020
f 5021 5022 5020 1304
f 1193 5014 5024 4559
f 5014 1305 5021 5024
f 5024 5021 1304 5023
f 4559 5024 5023 92
f 173 3906 5027 4326
f 3906 1031 5025 5027
f 5027 5025 1306 5026
f 4326 5027 5026 1138
f 1031 3903 5029 5025
f 3903 169 3870 5029
f 5029 3870 1021 5028
f 5025 5029 5028 1306
f 1306 5028 5031 5030
f 5028 1021 3867 5031
f 5031 3867 158 3774
f 5030 5031 3774 995
f 1138 5026 5032 4329
f 5026 1306 5030 5032
f 5032 5030 995 3771
f 4329 5032 3771 156
f 116 3398 5035 5016
f 3398 894 5033 5035
f 5035 5033 1308 5034
f 5016 5035 5034 1303
f 894 3395 5037 5033
f 3395 114 3376 5037
f 5037 3376 888 5036
f 5033 5037 5036 1308
f 1308 5036 5040 5039
f 5036 888 3373 5040
f 5040 3373 96 5038
f 5039 5040 5038 1307
f 1303 5034 5042 5019
f 5034 1308 5039 5042
f 5042 5039 1307 5041
f 5019 5042 5041 94
f 74 2904 5045 2937
f 2904 760 5043 5045
f 5045 5043 1310 5044
f 2937 5045 5044 770
f 760 2901 5048 5043
f 2901 73 5046 5048
f 5048 5046 1309 5047
f 5043 5048 5047 1310
f 1310 5047 5051 5050
f 5047 1309 5049 5051
f 5051 5049 28 2595
f 5050 5051 2595 675
f 770 5044 5052 2940
f 5044 1310 5050 5052
f 5052 5050 675 2592
f 2940 5052 2592 31
f 73 2900 5056 5055
f 2900 759 5053 5056
f 5056 5053 1313 5054
f 5055 5056 5054 1312
f 759 2897 5058 5053
f 2897 69 2864 5058
f 5058 2864 749 5057
f 5053 5058 5057 1313
f 1313 5057 5061 5060
f 5057 749 2861 5061
f 5061 2861 68 5059
f 5060 5061 5059 1311
f 1312 5054 5064 5063
f 5054 1313 5060 5064
f 5064 5060 1311 5062
f 5063 5064 5062 250
f 73 5055 5067 5046
f 5055 1312 5065 5067
f 5067 5065 1315 5066
f 5046 5067 5066 1309
f 1312 5063 5070 5065
f 5063 250 5068 5070
f 5070 5068 1314 5069
f 5065 5070 5069 1315
f 1315 5069 5073 5072
f 5069 1314 5071 5073
f 5073 5071 29 2577
f 5072 5073 2577 670
f 1309 5066 5074 5049
f 5066 1315 5072 5074
f 5074 5072 670 2574
f 5049 5074 2574 28
f 250 5062 5078 5077
f 5062 1311 5075 5078
f 5078 5075 1319 5076
f 5077 5078 5076 1318
f 1311 5059 5081 5075
f 5059 68 5079 5081
f 5081 5079 1316 5080
f 5075 5081 5080 1319
f 1319 5080 5085 5084
f 5080 1316 5082 5085
f 5085 5082 251 5083
f 5084 5085 5083 1317
f 1318 5076 5088 5087
f 5076 1319 5084 5088
f 5088 5084 1317 5086
f 5087 5088 5086 252
f 250 5077 5091 5068
f 5077 1318 5089 5091
f 5091 5089 1321 5090
f 5068 5091 5090 1314
f 1318 5087 5094 5089
f 5087 252 5092 5094
f 5094 5092 1320 5093
f 5089 5094 5093 1321
f 1321 5093 5097 5096
f 5093 1320 5095 5097
f 5097 5095 43 2632
f 5096 5097 2632 684
f 1314 5090 5098 5071
f 5090 1321 5096 5098
f 5098 5096 684 2629
f 5071 5098 2629 29
f 251 5082 5102 5101
f 5082 1316 5099 5102
f 5102 5099 1323 5100
f 5101 5102 5100 1322
f 1316 5079 5104 5099
f 5079 68 2860 5104
f 5104 2860 748 5103
f 5099 5104 5103 1323
f 1323 5103 5106 5105
f 5103 748 2857 5106
f 5106 2857 64 2824
f 5105 5106 2824 738
f 1322 5100 5108 5107
f 5100 1323 5105 5108
f 5108 5105 738 2821
f 5107 5108 2821 63
f 67 3306 5111 2848
f 3306 871 5109 5111
f 5111 5109 1324 5110
f 2848 5111 5110 746
f 871 3303 5113 5109
f 3303 6 2398 5113
f 5113 2398 619 5112
f 5109 5113 5112 1324
f 1324 5112 5115 5114
f 5112 619 2395 5115
f 5115 2395 5 2809
f 5114 5115 2809 735
f 746 5110 5116 2851
f 5110 1324 5114 5116
f 5116 5114 735 2806
f 2851 5116 2806 62
f 48 2678 5120 5119
f 2678 698 5117 5120
f 5120 5117 1326 5118
f 5119 5120 5118 1325
f 698 2675 5122 5117
f 2675 16 2468 5122
f 5122 2468 639 5121
f 5117 5122 5121 1326
f 1326 5121 5124 5123
f 5121 639 2465 5124
f 5124 2465 15 2618
f 5123 5124 2618 681
f 1325 5118 5126 5125
f 5118 1326 5123 5126
f 5126 5123 681 2615
f 5125 5126 2615 42
f 253 5127 5131 5130
f 5127 1327 5128 5131
f 5131 5128 1331 5129
f 5130 5131 5129 1330
f 1327 5132 5135 5128
f 5132 259 5133 5135
f 5135 5133 1328 5134
f 5128 5135 5134 1331
f 1331 5134 5139 5138
f 5134 1328 5136 5139
f 5139 5136 258 5137
f 5138 5139 5137 1329
f 1330 5129 5142 5141
f 5129 1331 5138 5142
f 5142 5138 1329 5140
f 5141 5142 5140 257
f 253 5130 5146 5145
f 5130 1330 5143 5146
f 5146 5143 1335 5144
f 5145 5146 5144 1334
f 1330 5141 5149 5143
f 5141 257 5147 5149
f 5149 5147 1332 5148
f 5143 5149 5148 1335
f 1335 5148 5153 5152
f 5148 1332 5150 5153
f 5153 5150 261 5151
f 5152 5153 5151 1333
f 1334 5144 5156 5155
f 5144 1335 5152 5156
f 5156 5152 1333 5154
f 5155 5156 5154 260
f 253 5157 5160 5127
f 5157 1336 5158 5160
f 5160 5158 1339 5159
f 5127 5160 5159 1327
f 1336 5161 5164 5158
f 5161 263 5162 5164
f 5164 5162 1337 5163
f 5158 5164 5163 1339
f 1339 5163 5168 5167
f 5163 1337 5165 5168
f 5168 5165 262 5166
f 5167 5168 5166 1338
f 1327 5159 5170 5132
f 5159 1339 5167 5170
f 5170 5167 1338 5169
f 5132 5170 5169 259
f 253 5145 5174 5173
f 5145 1334 5171 5174
f 5174 5171 1343 5172
f 5173 5174 5172 1342
f 1334 5155 5177 5171
f 5155 260 5175 5177
f 5177 5175 1340 5176
f 5171 5177 5176 1343
f 1343 5176 5181 5180
f 5176 1340 5178 5181
f 5181 5178 265 5179
f 5180 5181 5179 1341
f 1342 5172 5184 5183
f 5172 1343 5180 5184
f 5184 5180 1341 5182
f 5183 5184 5182 264
f 253 5173 5187 5157
f 5173 1342 5185 5187
f 5187 5185 1346 5186
f 5157 5187 5186 1336
f 1342 5183 5190 5185
f 5183 264 5188 5190
f 5190 5188 1344 5189
f 5185 5190 5189 1346
f 1346 5189 5194 5193
f 5189 1344 5191 5194
f 5194 5191 266 5192
f 5193 5194 5192 1345
f 1336 5186 5196 5161
f 5186 1346 5193 5196
f 5196 5193 1345 5195
f 5161 5196 5195 263
f 254 5197 5201 5200
f 5197 1347 5198 5201
f 5201 5198 1351 5199
f 5200 5201 5199 1350
f 1347 5202 5205 5198
f 5202 269 5203 5205
f 5205 5203 1348 5204
f 5198 5205 5204 1351
f 1351 5204 5209 5208
f 5204 1348 5206 5209
f 5209 5206 268 5207
f 5208 5209 5207 1349
f 1350 5199 5212 5211
f 5199 1351 5208 5212
f 5212 5208 1349 5210
f 5211 5212 5210 267
f 254 5213 5217 5216
f 5213 1352 5214 5217
f 5217 5214 1356 5215
f 5216 5217 5215 1355
f 1352 5218 5221 5214
f 5218 272 5219 5221
f 5221 5219 1353 5220
f 5214 5221 5220 1356
f 1356 5220 5225 5224
f 5220 1353 5222 5225
f 5225 5222 271 5223
f 5224 5225 5223 1354
f 1355 5215 5228 5227
f 5215 1356 5224 5228
f 5228 5224 1354 5226
f 5227 5228 5226 270
f 254 5216 5231 5197
f 5216 1355 5229 5231
f 5231 5229 1359 5230
f 5197 5231 5230 1347
f 1355 5227 5234 5229
f 5227 270 5232 5234
f 5234 5232 1357 5233
f 5229 5234 5233 1359
f 1359 5233 5238 5237
f 5233 1357 5235 5238
f 5238 5235 273 5236
f 5237 5238 5236 1358
f 1347 5230 5240 5202
f 5230 1359 5237 5240
f 5240 5237 1358 5239
f 5202 5240 5239 269
f 254 5200 5244 5243
f 5200 1350 5241 5244
f 5244 5241 1363 5242
f 5243 5244 5242 1362
f 1350 5211 5247 5241
f 5211 267 5245 5247
f 5247 5245 1360 5246
f 5241 5247 5246 1363
f 1363 5246 5251 5250
f 5246 1360 5248 5251
f 5251 5248 274 5249
f 5250 5251 5249 1361
f 1362 5242 5254 5253
f 5242 1363 5250 5254
f 5254 5250 1361 5252
f 5253 5254 5252 256
f 254 5243 5257 5213
f 5243 1362 5255 5257
f 5257 5255 1366 5256
f 5213 5257 5256 1352
f 1362 5253 5260 5255
f 5253 256 5258 5260
f 5260 5258 1364 5259
f 5255 5260 5259 1366
f 1366 5259 5264 5263
f 5259 1364 5261 5264
f 5264 5261 275 5262
f 5263 5264 5262 1365
f 1352 5256 5266 5218
f 5256 1366 5263 5266
f 5266 5263 1365 5265
f 5218 5266 5265 272
f 255 5267 5271 5270
f 5267 1367 5268 5271
f 5271 5268 1370 5269
f 5270 5271 5269 1369
f 1367 5272 5275 5268
f 5272 276 5273 5275
f 5275 5273 1368 5274
f 5268 5275 5274 1370
f 1370 5274 5278 5277
f 5274 1368 5276 5278
f 5278 5276 25 2538
f 5277 5278 2538 659
f 1369 5269 5280 5279
f 5269 1370 5277 5280
f 5280 5277 659 2535
f 5279 5280 2535 24
f 255 5281 5284 5267
f 5281 1371 5282 5284
f 5284 5282 1373 5283
f 5267 5284 5283 1367
f 1371 5285 5287 5282
f 5285 264 5182 5287
f 5287 5182 1341 5286
f 5282 5287 5286 1373
f 1373 5286 5290 5289
f 5286 1341 5179 5290
f 5290 5179 265 5288
f 5289 5290 5288 1372
f 1367 5283 5292 5272
f 5283 1373 5289 5292
f 5292 5289 1372 5291
f 5272 5292 5291 276
f 255 5293 5296 5281
f 5293 1374 5294 5296
f 5296 5294 1376 5295
f 5281 5296 5295 1371
f 1374 5297 5300 5294
f 5297 277 5298 5300
f 5300 5298 1375 5299
f 5294 5300 5299 1376
f 1376 5299 5303 5302
f 5299 1375 5301 5303
f 5303 5301 266 5191
f 5302 5303 5191 1344
f 1371 5295 5304 5285
f 5295 1376 5302 5304
f 5304 5302 1344 5188
f 5285 5304 5188 264
f 256 5252 5308 5307
f 5252 1361 5305 5308
f 5308 5305 1380 5306
f 5307 5308 5306 1379
f 1361 5249 5311 5305
f 5249 274 5309 5311
f 5311 5309 1377 5310
f 5305 5311 5310 1380
f 1380 5310 5315 5314
f 5310 1377 5312 5315
f 5315 5312 279 5313
f 5314 5315 5313 1378
f 1379 5306 5318 5317
f 5306 1380 5314 5318
f 5318 5314 1378 5316
f 5317 5318 5316 278
f 256 5307 5322 5321
f 5307 1379 5319 5322
f 5322 5319 1384 5320
f 5321 5322 5320 1383
f 1379 5317 5325 5319
f 5317 278 5323 5325
f 5325 5323 1381 5324
f 5319 5325 5324 1384
f 1384 5324 5329 5328
f 5324 1381 5326 5329
f 5329 5326 281 5327
f 5328 5329 5327 1382
f 1383 5320 5332 5331
f 5320 1384 5328 5332
f 5332 5328 1382 5330
f 5331 5332 5330 280
f 256 5321 5335 5258
f 5321 1383 5333 5335
f 5335 5333 1387 5334
f 5258 5335 5334 1364
f 1383 5331 5338 5333
f 5331 280 5336 5338
f 5338 5336 1385 5337
f 5333 5338 5337 1387
f 1387 5337 5342 5341
f 5337 1385 5339 5342
f 5342 5339 282 5340
f 5341 5342 5340 1386
f 1364 5334 5344 5261
f 5334 1387 5341 5344
f 5344 5341 1386 5343
f 5261 5344 5343 275
f 283 5345 5349 5348
f 5345 1388 5346 5349
f 5349 5346 1391 5347
f 5348 5349 5347 1390
f 1388 5350 5352 5346
f 5350 274 5248 5352
f 5352 5248 1360 5351
f 5346 5352 5351 1391
f 1391 5351 5355 5354
f 5351 1360 5245 5355
f 5355 5245 267 5353
f 5354 5355 5353 1389
f 1390 5347 5358 5357
f 5347 1391 5354 5358
f 5358 5354 1389 5356
f 5357 5358 5356 287
f 283 5359 5362 5345
f 5359 1392 5360 5362
f 5362 5360 1394 5361
f 5345 5362 5361 1388
f 1392 5363 5366 5360
f 5363 288 5364 5366
f 5366 5364 1393 5365
f 5360 5366 5365 1394
f 1394 5365 5369 5368
f 5365 1393 5367 5369
f 5369 5367 279 5312
f 5368 5369 5312 1377
f 1388 5361 5370 5350
f 5361 1394 5368 5370
f 5370 5368 1377 5309
f 5350 5370 5309 274
f 34 2638 5374 5373
f 2638 689 5371 5374
f 5374 5371 1397 5372
f 5373 5374 5372 1396
f 689 2647 5376 5371
f 2647 25 5276 5376
f 5376 5276 1368 5375
f 5371 5376 5375 1397
f 1397 5375 5379 5378
f 5375 1368 5273 5379
f 5379 5273 276 5377
f 5378 5379 5377 1395
f 1396 5372 5382 5381
f 5372 1397 5378 5382
f 5382 5378 1395 5380
f 5381 5382 5380 284
f 35 5383 5386 2649
f 5383 1398 5384 5386
f 5386 5384 1401 5385
f 2649 5386 5385 691
f 1398 5387 5390 5384
f 5387 290 5388 5390
f 5390 5388 1399 5389
f 5384 5390 5389 1401
f 1401 5389 5394 5393
f 5389 1399 5391 5394
f 5394 5391 289 5392
f 5393 5394 5392 1400
f 691 5385 5396 2654
f 5385 1401 5393 5396
f 5396 5393 1400 5395
f 2654 5396 5395 44
f 36 5397 5400 2665
f 5397 1402 5398 5400
f 5400 5398 1405 5399
f 2665 5400 5399 696
f 1402 5401 5404 5398
f 5401 291 5402 5404
f 5404 5402 1403 5403
f 5398 5404 5403 1405
f 1405 5403 5408 5407
f 5403 1403 5405 5408
f 5408 5405 268 5406
f 5407 5408 5406 1404
f 696 5399 5410 2670
f 5399 1405 5407 5410
f 5410 5407 1404 5409
f 2670 5410 5409 47
f 37 2684 5414 5413
f 2684 704 5411 5414
f 5414 5411 1409 5412
f 5413 5414 5412 1408
f 704 2695 5417 5411
f 2695 51 5415 5417
f 5417 5415 1406 5416
f 5411 5417 5416 1409
f 1409 5416 5421 5420
f 5416 1406 5418 5421
f 5421 5418 293 5419
f 5420 5421 5419 1407
f 1408 5412 5424 5423
f 5412 1409 5420 5424
f 5424 5420 1407 5422
f 5423 5424 5422 292
f 284 5380 5428 5427
f 5380 1395 5425 5428
f 5428 5425 1412 5426
f 5427 5428 5426 1411
f 1395 5377 5430 5425
f 5377 276 5291 5430
f 5430 5291 1372 5429
f 5425 5430 5429 1412
f 1412 5429 5433 5432
f 5429 1372 5288 5433
f 5433 5288 265 5431
f 5432 5433 5431 1410
f 1411 5426 5436 5435
f 5426 1412 5432 5436
f 5436 5432 1410 5434
f 5435 5436 5434 294
f 285 5437 5441 5440
f 5437 1413 5438 5441
f 5441 5438 1417 5439
f 5440 5441 5439 1416
f 1413 5442 5445 5438
f 5442 600 5443 5445
f 5445 5443 1414 5444
f 5438 5445 5444 1417
f 1417 5444 5449 5448
f 5444 1414 5446 5449
f 5449 5446 601 5447
f 5448 5449 5447 1415
f 1416 5439 5452 5451
f 5439 1417 5448 5452
f 5452 5448 1415 5450
f 5451 5452 5450 295
f 285 5453 5456 5437
f 5453 1418 5454 5456
f 5456 5454 1421 5455
f 5437 5456 5455 1413
f 1418 5457 5460 5454
f 5457 299 5458 5460
f 5460 5458 1419 5459
f 5454 5460 5459 1421
f 1421 5459 5464 5463
f 5459 1419 5461 5464
f 5464 5461 602 5462
f 5463 5464 5462 1420
f 1413 5455 5466 5442
f 5455 1421 5463 5466
f 5466 5463 1420 5465
f 5442 5466 5465 600
f 40 2742 5470 5469
f 2742 719 5467 5470
f 5470 5467 1423 5468
f 5469 5470 5468 1422
f 719 2749 5472 5467
f 2749 47 5409 5472
f 5472 5409 1404 5471
f 5467 5472 5471 1423
f 1423 5471 5474 5473
f 5471 1404 5406 5474
f 5474 5406 268 5206
f 5473 5474 5206 1348
f 1422 5468 5476 5475
f 5468 1423 5473 5476
f 5476 5473 1348 5203
f 5475 5476 5203 269
f 40 5469 5479 2751
f 5469 1422 5477 5479
f 5479 5477 1425 5478
f 2751 5479 5478 721
f 1422 5475 5481 5477
f 5475 269 5239 5481
f 5481 5239 1358 5480
f 5477 5481 5480 1425
f 1425 5480 5484 5483
f 5480 1358 5236 5484
f 5484 5236 273 5482
f 5483 5484 5482 1424
f 721 5478 5486 2755
f 5478 1425 5483 5486
f 5486 5483 1424 5485
f 2755 5486 5485 58
f 286 5487 5491 5490
f 5487 1426 5488 5491
f 5491 5488 1428 5489
f 5490 5491 5489 1427
f 1426 5492 5494 5488
f 5492 294 5434 5494
f 5494 5434 1410 5493
f 5488 5494 5493 1428
f 1428 5493 5496 5495
f 5493 1410 5431 5496
f 5496 5431 265 5178
f 5495 5496 5178 1340
f 1427 5489 5498 5497
f 5489 1428 5495 5498
f 5498 5495 1340 5175
f 5497 5498 5175 260
f 286 5490 5502 5501
f 5490 1427 5499 5502
f 5502 5499 1431 5500
f 5501 5502 5500 1430
f 1427 5497 5504 5499
f 5497 260 5154 5504
f 5504 5154 1333 5503
f 5499 5504 5503 1431
f 1431 5503 5507 5506
f 5503 1333 5151 5507
f 5507 5151 261 5505
f 5506 5507 5505 1429
f 1430 5500 5510 5509
f 5500 1431 5506 5510
f 5510 5506 1429 5508
f 5509 5510 5508 300
f 300 5508 5514 5513
f 5508 1429 5511 5514
f 5514 5511 1435 5512
f 5513 5514 5512 1434
f 1429 5505 5517 5511
f 5505 261 5515 5517
f 5517 5515 1432 5516
f 5511 5517 5516 1435
f 1435 5516 5521 5520
f 5516 1432 5518 5521
f 5521 5518 302 5519
f 5520 5521 5519 1433
f 1434 5512 5524 5523
f 5512 1435 5520 5524
f 5524 5520 1433 5522
f 5523 5524 5522 301
f 302 5518 5528 5527
f 5518 1432 5525 5528
f 5528 5525 1438 5526
f 5527 5528 5526 1437
f 1432 5515 5530 5525
f 5515 261 5150 5530
f 5530 5150 1332 5529
f 5525 5530 5529 1438
f 1438 5529 5533 5532
f 5529 1332 5147 5533
f 5533 5147 257 5531
f 5532 5533 5531 1436
f 1437 5526 5536 5535
f 5526 1438 5532 5536
f 5536 5532 1436 5534
f 5535 5536 5534 303
f 302 5537 5540 5519
f 5537 1439 5538 5540
f 5540 5538 1442 5539
f 5519 5540 5539 1433
f 1439 5541 5544 5538
f 5541 305 5542 5544
f 5544 5542 1440 5543
f 5538 5544 5543 1442
f 1442 5543 5548 5547
f 5543 1440 5545 5548
f 5548 5545 304 5546
f 5547 5548 5546 1441
f 1433 5539 5550 5522
f 5539 1442 5547 5550
f 5550 5547 1441 5549
f 5522 5550 5549 301
f 302 5527 5553 5537
f 5527 1437 5551 5553
f 5553 5551 1445 5552
f 5537 5553 5552 1439
f 1437 5535 5556 5551
f 5535 303 5554 5556
f 5556 5554 1443 5555
f 5551 5556 5555 1445
f 1445 5555 5560 5559
f 5555 1443 5557 5560
f 5560 5557 306 5558
f 5559 5560 5558 1444
f 1439 5552 5562 5541
f 5552 1445 5559 5562
f 5562 5559 1444 5561
f 5541 5562 5561 305
f 306 5557 5566 5565
f 5557 1443 5563 5566
f 5566 5563 1449 5564
f 5565 5566 5564 1448
f 1443 5554 5569 5563
f 5554 303 5567 5569
f 5569 5567 1446 5568
f 5563 5569 5568 1449
f 1449 5568 5573 5572
f 5568 1446 5570 5573
f 5573 5570 308 5571
f 5572 5573 5571 1447
f 1448 5564 5576 5575
f 5564 1449 5572 5576
f 5576 5572 1447 5574
f 5575 5576 5574 307
f 306 5577 5580 5558
f 5577 1450 5578 5580
f 5580 5578 1453 5579
f 5558 5580 5579 1444
f 1450 5581 5584 5578
f 5581 310 5582 5584
f 5584 5582 1451 5583
f 5578 5584 5583 1453
f 1453 5583 5588 5587
f 5583 1451 5585 5588
f 5588 5585 309 5586
f 5587 5588 5586 1452
f 1444 5579 5590 5561
f 5579 1453 5587 5590
f 5590 5587 1452 5589
f 5561 5590 5589 305
f 306 5565 5593 5577
f 5565 1448 5591 5593
f 5593 5591 1456 5592
f 5577 5593 5592 1450
f 1448 5575 5596 5591
f 5575 307 5594 5596
f 5596 5594 1454 5595
f 5591 5596 5595 1456
f 1456 5595 5600 5599
f 5595 1454 5597 5600
f 5600 5597 311 5598
f 5599 5600 5598 1455
f 1450 5592 5602 5581
f 5592 1456 5599 5602
f 5602 5599 1455 5601
f 5581 5602 5601 310
f 311 5597 5606 5605
f 5597 1454 5603 5606
f 5606 5603 1460 5604
f 5605 5606 5604 1459
f 1454 5594 5609 5603
f 5594 307 5607 5609
f 5609 5607 1457 5608
f 5603 5609 5608 1460
f 1460 5608 5613 5612
f 5608 1457 5610 5613
f 5613 5610 313 5611
f 5612 5613 5611 1458
f 1459 5604 5616 5615
f 5604 1460 5612 5616
f 5616 5612 1458 5614
f 5615 5616 5614 312
f 311 5617 5620 5598
f 5617 1461 5618 5620
f 5620 5618 1464 5619
f 5598 5620 5619 1455
f 1461 5621 5624 5618
f 5621 315 5622 5624
f 5624 5622 1462 5623
f 5618 5624 5623 1464
f 1464 5623 5628 5627
f 5623 1462 5625 5628
f 5628 5625 314 5626
f 5627 5628 5626 1463
f 1455 5619 5630 5601
f 5619 1464 5627 5630
f 5630 5627 1463 5629
f 5601 5630 5629 310
f 311 5605 5633 5617
f 5605 1459 5631 5633
f 5633 5631 1467 5632
f 5617 5633 5632 1461
f 1459 5615 5636 5631
f 5615 312 5634 5636
f 5636 5634 1465 5635
f 5631 5636 5635 1467
f 1467 5635 5640 5639
f 5635 1465 5637 5640
f 5640 5637 316 5638
f 5639 5640 5638 1466
f 1461 5632 5642 5621
f 5632 1467 5639 5642
f 5642 5639 1466 5641
f 5621 5642 5641 315
f 316 5637 5646 5645
f 5637 1465 5643 5646
f 5646 5643 1471 5644
f 5645 5646 5644 1470
f 1465 5634 5649 5643
f 5634 312 5647 5649
f 5649 5647 1468 5648
f 5643 5649 5648 1471
f 1471 5648 5653 5652
f 5648 1468 5650 5653
f 5653 5650 318 5651
f 5652 5653 5651 1469
f 1470 5644 5656 5655
f 5644 1471 5652 5656
f 5656 5652 1469 5654
f 5655 5656 5654 317
f 316 5657 5660 5638
f 5657 1472 5658 5660
f 5660 5658 1475 5659
f 5638 5660 5659 1466
f 1472 5661 5664 5658
f 5661 319 5662 5664
f 5664 5662 1473 5663
f 5658 5664 5663 1475
f 1475 5663 5668 5667
f 5663 1473 5665 5668
f 5668 5665 281 5666
f 5667 5668 5666 1474
f 1466 5659 5670 5641
f 5659 1475 5667 5670
f 5670 5667 1474 5669
f 5641 5670 5669 315
f 316 5645 5673 5657
f 5645 1470 5671 5673
f 5673 5671 1478 5672
f 5657 5673 5672 1472
f 1470 5655 5676 5671
f 5655 317 5674 5676
f 5676 5674 1476 5675
f 5671 5676 5675 1478
f 1478 5675 5680 5679
f 5675 1476 5677 5680
f 5680 5677 296 5678
f 5679 5680 5678 1477
f 1472 5672 5682 5661
f 5672 1478 5679 5682
f 5682 5679 1477 5681
f 5661 5682 5681 319
f 319 5683 5686 5662
f 5683 1479 5684 5686
f 5686 5684 1481 5685
f 5662 5686 5685 1473
f 1479 5687 5690 5684
f 5687 320 5688 5690
f 5690 5688 1480 5689
f 5684 5690 5689 1481
f 1481 5689 5693 5692
f 5689 1480 5691 5693
f 5693 5691 280 5330
f 5692 5693 5330 1382
f 1473 5685 5694 5665
f 5685 1481 5692 5694
f 5694 5692 1382 5327
f 5665 5694 5327 281
f 319 5681 5697 5683
f 5681 1477 5695 5697
f 5697 5695 1484 5696
f 5683 5697 5696 1479
f 1477 5678 5700 5695
f 5678 296 5698 5700
f 5700 5698 1482 5699
f 5695 5700 5699 1484
f 1484 5699 5704 5703
f 5699 1482 5701 5704
f 5704 5701 297 5702
f 5703 5704 5702 1483
f 1479 5696 5706 5687
f 5696 1484 5703 5706
f 5706 5703 1483 5705
f 5687 5706 5705 320
f 320 5707 5710 5688
f 5707 1485 5708 5710
f 5710 5708 1487 5709
f 5688 5710 5709 1480
f 1485 5711 5714 5708
f 5711 321 5712 5714
f 5714 5712 1486 5713
f 5708 5714 5713 1487
f 1487 5713 5717 5716
f 5713 1486 5715 5717
f 5717 5715 282 5339
f 5716 5717 5339 1385
f 1480 5709 5718 5691
f 5709 1487 5716 5718
f 5718 5716 1385 5336
f 5691 5718 5336 280
f 320 5705 5721 5707
f 5705 1483 5719 5721
f 5721 5719 1490 5720
f 5707 5721 5720 1485
f 1483 5702 5724 5719
f 5702 297 5722 5724
f 5724 5722 1488 5723
f 5719 5724 5723 1490
f 1490 5723 5728 5727
f 5723 1488 5725 5728
f 5728 5725 298 5726
f 5727 5728 5726 1489
f 1485 5720 5730 5711
f 5720 1490 5727 5730
f 5730 5727 1489 5729
f 5711 5730 5729 321
f 321 5731 5734 5712
f 5731 1491 5732 5734
f 5734 5732 1494 5733
f 5712 5734 5733 1486
f 1491 5735 5738 5732
f 5735 323 5736 5738
f 5738 5736 1492 5737
f 5732 5738 5737 1494
f 1494 5737 5742 5741
f 5737 1492 5739 5742
f 5742 5739 322 5740
f 5741 5742 5740 1493
f 1486 5733 5744 5715
f 5733 1494 5741 5744
f 5744 5741 1493 5743
f 5715 5744 5743 282
f 321 5729 5747 5731
f 5729 1489 5745 5747
f 5747 5745 1497 5746
f 5731 5747 5746 1491
f 1489 5726 5750 5745
f 5726 298 5748 5750
f 5750 5748 1495 5749
f 5745 5750 5749 1497
f 1497 5749 5754 5753
f 5749 1495 5751 5754
f 5754 5751 324 5752
f 5753 5754 5752 1496
f 1491 5746 5756 5735
f 5746 1497 5753 5756
f 5756 5753 1496 5755
f 5735 5756 5755 323
f 324 5751 5760 5759
f 5751 1495 5757 5760
f 5760 5757 1501 5758
f 5759 5760 5758 1500
f 1495 5748 5763 5757
f 5748 298 5761 5763
f 5763 5761 1498 5762
f 5757 5763 5762 1501
f 1501 5762 5767 5766
f 5762 1498 5764 5767
f 5767 5764 501 5765
f 5766 5767 5765 1499
f 1500 5758 5770 5769
f 5758 1501 5766 5770
f 5770 5766 1499 5768
f 5769 5770 5768 502
f 324 5771 5774 5752
f 5771 1502 5772 5774
f 5774 5772 1505 5773
f 5752 5774 5773 1496
f 1502 5775 5778 5772
f 5775 327 5776 5778
f 5778 5776 1503 5777
f 5772 5778 5777 1505
f 1505 5777 5782 5781
f 5777 1503 5779 5782
f 5782 5779 326 5780
f 5781 5782 5780 1504
f 1496 5773 5784 5755
f 5773 1505 5781 5784
f 5784 5781 1504 5783
f 5755 5784 5783 323
f 324 5759 5787 5771
f 5759 1500 5785 5787
f 5787 5785 1508 5786
f 5771 5787 5786 1502
f 1500 5769 5790 5785
f 5769 502 5788 5790
f 5790 5788 1506 5789
f 5785 5790 5789 1508
f 1508 5789 5794 5793
f 5789 1506 5791 5794
f 5794 5791 503 5792
f 5793 5794 5792 1507
f 1502 5786 5796 5775
f 5786 1508 5793 5796
f 5796 5793 1507 5795
f 5775 5796 5795 327
f 328 5797 5801 5800
f 5797 1509 5798 5801
f 5801 5798 1513 5799
f 5800 5801 5799 1512
f 1509 5802 5805 5798
f 5802 330 5803 5805
f 5805 5803 1510 5804
f 5798 5805 5804 1513
f 1513 5804 5809 5808
f 5804 1510 5806 5809
f 5809 5806 603 5807
f 5808 5809 5807 1511
f 1512 5799 5812 5811
f 5799 1513 5808 5812
f 5812 5808 1511 5810
f 5811 5812 5810 604
f 330 5813 5816 5803
f 5813 1514 5814 5816
f 5816 5814 1517 5815
f 5803 5816 5815 1510
f 1514 5817 5820 5814
f 5817 332 5818 5820
f 5820 5818 1515 5819
f 5814 5820 5819 1517
f 1517 5819 5824 5823
f 5819 1515 5821 5824
f 5824 5821 605 5822
f 5823 5824 5822 1516
f 1510 5815 5826 5806
f 5815 1517 5823 5826
f 5826 5823 1516 5825
f 5806 5826 5825 603
f 332 5827 5830 5818
f 5827 1518 5828 5830
f 5830 5828 1521 5829
f 5818 5830 5829 1515
f 1518 5831 5834 5828
f 5831 334 5832 5834
f 5834 5832 1519 5833
f 5828 5834 5833 1521
f 1521 5833 5838 5837
f 5833 1519 5835 5838
f 5838 5835 606 5836
f 5837 5838 5836 1520
f 1515 5829 5840 5821
f 5829 1521 5837 5840
f 5840 5837 1520 5839
f 5821 5840 5839 605
f 334 5841 5844 5832
f 5841 1522 5842 5844
f 5844 5842 1525 5843
f 5832 5844 5843 1519
f 1522 5845 5848 5842
f 5845 336 5846 5848
f 5848 5846 1523 5847
f 5842 5848 5847 1525
f 1525 5847 5852 5851
f 5847 1523 5849 5852
f 5852 5849 607 5850
f 5851 5852 5850 1524
f 1519 5843 5854 5835
f 5843 1525 5851 5854
f 5854 5851 1524 5853
f 5835 5854 5853 606
f 336 5855 5858 5846
f 5855 1526 5856 5858
f 5858 5856 1529 5857
f 5846 5858 5857 1523
f 1526 5859 5862 5856
f 5859 338 5860 5862
f 5862 5860 1527 5861
f 5856 5862 5861 1529
f 1529 5861 5866 5865
f 5861 1527 5863 5866
f 5866 5863 608 5864
f 5865 5866 5864 1528
f 1523 5857 5868 5849
f 5857 1529 5865 5868
f 5868 5865 1528 5867
f 5849 5868 5867 607
f 338 5869 5872 5860
f 5869 1530 5870 5872
f 5872 5870 1533 5871
f 5860 5872 5871 1527
f 1530 5873 5876 5870
f 5873 340 5874 5876
f 5876 5874 1531 5875
f 5870 5876 5875 1533
f 1533 5875 5880 5879
f 5875 1531 5877 5880
f 5880 5877 609 5878
f 5879 5880 5878 1532
f 1527 5871 5882 5863
f 5871 1533 5879 5882
f 5882 5879 1532 5881
f 5863 5882 5881 608
f 340 5883 5886 5874
f 5883 1534 5884 5886
f 5886 5884 1537 5885
f 5874 5886 5885 1531
f 1534 5887 5890 5884
f 5887 342 5888 5890
f 5890 5888 1535 5889
f 5884 5890 5889 1537
f 1537 5889 5894 5893
f 5889 1535 5891 5894
f 5894 5891 610 5892
f 5893 5894 5892 1536
f 1531 5885 5896 5877
f 5885 1537 5893 5896
f 5896 5893 1536 5895
f 5877 5896 5895 609
f 342 5897 5900 5888
f 5897 1538 5898 5900
f 5900 5898 1541 5899
f 5888 5900 5899 1535
f 1538 5901 5904 5898
f 5901 344 5902 5904
f 5904 5902 1539 5903
f 5898 5904 5903 1541
f 1541 5903 5908 5907
f 5903 1539 5905 5908
f 5908 5905 611 5906
f 5907 5908 5906 1540
f 1535 5899 5910 5891
f 5899 1541 5907 5910
f 5910 5907 1540 5909
f 5891 5910 5909 610
f 344 5911 5914 5902
f 5911 1542 5912 5914
f 5914 5912 1545 5913
f 5902 5914 5913 1539
f 1542 5915 5918 5912
f 5915 346 5916 5918
f 5918 5916 1543 5917
f 5912 5918 5917 1545
f 1545 5917 5922 5921
f 5917 1543 5919 5922
f 5922 5919 612 5920
f 5921 5922 5920 1544
f 1539 5913 5924 5905
f 5913 1545 5921 5924
f 5924 5921 1544 5923
f 5905 5924 5923 611
f 346 5925 5928 5916
f 5925 1546 5926 5928
f 5928 5926 1549 5927
f 5916 5928 5927 1543
f 1546 5929 5932 5926
f 5929 348 5930 5932
f 5932 5930 1547 5931
f 5926 5932 5931 1549
f 1549 5931 5936 5935
f 5931 1547 5933 5936
f 5936 5933 613 5934
f 5935 5936 5934 1548
f 1543 5927 5938 5919
f 5927 1549 5935 5938
f 5938 5935 1548 5937
f 5919 5938 5937 612
f 348 5939 5942 5930
f 5939 1550 5940 5942
f 5942 5940 1553 5941
f 5930 5942 5941 1547
f 1550 5943 5946 5940
f 5943 349 5944 5946
f 5946 5944 1551 5945
f 5940 5946 5945 1553
f 1553 5945 5950 5949
f 5945 1551 5947 5950
f 5950 5947 614 5948
f 5949 5950 5948 1552
f 1547 5941 5952 5933
f 5941 1553 5949 5952
f 5952 5949 1552 5951
f 5933 5952 5951 613
f 349 5953 5956 5944
f 5953 1554 5954 5956
f 5956 5954 1557 5955
f 5944 5956 5955 1551
f 1554 5957 5960 5954
f 5957 350 5958 5960
f 5960 5958 1555 5959
f 5954 5960 5959 1557
f 1557 5959 5964 5963
f 5959 1555 5961 5964
f 5964 5961 615 5962
f 5963 5964 5962 1556
f 1551 5955 5966 5947
f 5955 1557 5963 5966
f 5966 5963 1556 5965
f 5947 5966 5965 614
f 350 5967 5970 5958
f 5967 1558 5968 5970
f 5970 5968 1560 5969
f 5958 5970 5969 1555
f 1558 5971 5973 5968
f 5971 295 5450 5973
f 5973 5450 1415 5972
f 5968 5973 5972 1560
f 1560 5972 5976 5975
f 5972 1415 5447 5976
f 5976 5447 601 5974
f 5975 5976 5974 1559
f 1555 5969 5978 5961
f 5969 1560 5975 5978
f 5978 5975 1559 5977
f 5961 5978 5977 615
f 347 5979 5983 5982
f 5979 1561 5980 5983
f 5983 5980 1565 5981
f 5982 5983 5981 1564
f 1561 5984 5987 5980
f 5984 313 5985 5987
f 5987 5985 1562 5986
f 5980 5987 5986 1565
f 1565 5986 5991 5990
f 5986 1562 5988 5991
f 5991 5988 351 5989
f 5990 5991 5989 1563
f 1564 5981 5994 5993
f 5981 1565 5990 5994
f 5994 5990 1563 5992
f 5993 5994 5992 345
f 347 5995 5998 5979
f 5995 1566 5996 5998
f 5998 5996 1567 5997
f 5979 5998 5997 1561
f 1566 5999 6001 5996
f 5999 318 5650 6001
f 6001 5650 1468 6000
f 5996 6001 6000 1567
f 1567 6000 6003 6002
f 6000 1468 5647 6003
f 6003 5647 312 5614
f 6002 6003 5614 1458
f 1561 5997 6004 5984
f 5997 1567 6002 6004
f 6004 6002 1458 5611
f 5984 6004 5611 313
f 351 6005 6008 5989
f 6005 1568 6006 6008
f 6008 6006 1571 6007
f 5989 6008 6007 1563
f 1568 6009 6012 6006
f 6009 352 6010 6012
f 6012 6010 1569 6011
f 6006 6012 6011 1571
f 1571 6011 6016 6015
f 6011 1569 6013 6016
f 6016 6013 343 6014
f 6015 6016 6014 1570
f 1563 6007 6018 5992
f 6007 1571 6015 6018
f 6018 6015 1570 6017
f 5992 6018 6017 345
f 351 6019 6022 6005
f 6019 1572 6020 6022
f 6022 6020 1575 6021
f 6005 6022 6021 1568
f 1572 6023 6026 6020
f 6023 308 6024 6026
f 6026 6024 1573 6025
f 6020 6026 6025 1575
f 1575 6025 6030 6029
f 6025 1573 6027 6030
f 6030 6027 258 6028
f 6029 6030 6028 1574
f 1568 6021 6032 6009
f 6021 1575 6029 6032
f 6032 6029 1574 6031
f 6009 6032 6031 352
f 351 5988 6035 6019
f 5988 1562 6033 6035
f 6035 6033 1576 6034
f 6019 6035 6034 1572
f 1562 5985 6037 6033
f 5985 313 5610 6037
f 6037 5610 1457 6036
f 6033 6037 6036 1576
f 1576 6036 6039 6038
f 6036 1457 5607 6039
f 6039 5607 307 5574
f 6038 6039 5574 1447
f 1572 6034 6040 6023
f 6034 1576 6038 6040
f 6040 6038 1447 5571
f 6023 6040 5571 308
f 352 6041 6044 6010
f 6041 1577 6042 6044
f 6044 6042 1580 6043
f 6010 6044 6043 1569
f 1577 6045 6048 6042
f 6045 353 6046 6048
f 6048 6046 1578 6047
f 6042 6048 6047 1580
f 1580 6047 6052 6051
f 6047 1578 6049 6052
f 6052 6049 341 6050
f 6051 6052 6050 1579
f 1569 6043 6054 6013
f 6043 1580 6051 6054
f 6054 6051 1579 6053
f 6013 6054 6053 343
f 352 6031 6057 6041
f 6031 1574 6055 6057
f 6057 6055 1582 6056
f 6041 6057 6056 1577
f 1574 6028 6059 6055
f 6028 258 5136 6059
f 6059 5136 1328 6058
f 6055 6059 6058 1582
f 1582 6058 6062 6061
f 6058 1328 5133 6062
f 6062 5133 259 6060
f 6061 6062 6060 1581
f 1577 6056 6064 6045
f 6056 1582 6061 6064
f 6064 6061 1581 6063
f 6045 6064 6063 353
f 353 6065 6068 6046
f 6065 1583 6066 6068
f 6068 6066 1586 6067
f 6046 6068 6067 1578
f 1583 6069 6072 6066
f 6069 354 6070 6072
f 6072 6070 1584 6071
f 6066 6072 6071 1586
f 1586 6071 6076 6075
f 6071 1584 6073 6076
f 6076 6073 339 6074
f 6075 6076 6074 1585
f 1578 6067 6078 6049
f 6067 1586 6075 6078
f 6078 6075 1585 6077
f 6049 6078 6077 341
f 353 6063 6081 6065
f 6063 1581 6079 6081
f 6081 6079 1588 6080
f 6065 6081 6080 1583
f 1581 6060 6083 6079
f 6060 259 5169 6083
f 6083 5169 1338 6082
f 6079 6083 6082 1588
f 1588 6082 6086 6085
f 6082 1338 5166 6086
f 6086 5166 262 6084
f 6085 6086 6084 1587
f 1583 6080 6088 6069
f 6080 1588 6085 6088
f 6088 6085 1587 6087
f 6069 6088 6087 354
f 354 6089 6092 6070
f 6089 1589 6090 6092
f 6092 6090 1592 6091
f 6070 6092 6091 1584
f 1589 6093 6096 6090
f 6093 355 6094 6096
f 6096 6094 1590 6095
f 6090 6096 6095 1592
f 1592 6095 6100 6099
f 6095 1590 6097 6100
f 6100 6097 337 6098
f 6099 6100 6098 1591
f 1584 6091 6102 6073
f 6091 1592 6099 6102
f 6102 6099 1591 6101
f 6073 6102 6101 339
f 354 6087 6105 6089
f 6087 1587 6103 6105
f 6105 6103 1595 6104
f 6089 6105 6104 1589
f 1587 6084 6108 6103
f 6084 262 6106 6108
f 6108 6106 1593 6107
f 6103 6108 6107 1595
f 1595 6107 6112 6111
f 6107 1593 6109 6112
f 6112 6109 356 6110
f 6111 6112 6110 1594
f 1589 6104 6114 6093
f 6104 1595 6111 6114
f 6114 6111 1594 6113
f 6093 6114 6113 355
f 356 6115 6118 6110
f 6115 1596 6116 6118
f 6118 6116 1599 6117
f 6110 6118 6117 1594
f 1596 6119 6122 6116
f 6119 358 6120 6122
f 6122 6120 1597 6121
f 6116 6122 6121 1599
f 1599 6121 6126 6125
f 6121 1597 6123 6126
f 6126 6123 357 6124
f 6125 6126 6124 1598
f 1594 6117 6128 6113
f 6117 1599 6125 6128
f 6128 6125 1598 6127
f 6113 6128 6127 355
f 356 6129 6132 6115
f 6129 1600 6130 6132
f 6132 6130 1603 6131
f 6115 6132 6131 1596
f 1600 6133 6136 6130
f 6133 360 6134 6136
f 6136 6134 1601 6135
f 6130 6136 6135 1603
f 1603 6135 6140 6139
f 6135 1601 6137 6140
f 6140 6137 359 6138
f 6139 6140 6138 1602
f 1596 6131 6142 6119
f 6131 1603 6139 6142
f 6142 6139 1602 6141
f 6119 6142 6141 358
f 356 6109 6145 6129
f 6109 1593 6143 6145
f 6145 6143 1605 6144
f 6129 6145 6144 1600
f 1593 6106 6147 6143
f 6106 262 5165 6147
f 6147 5165 1337 6146
f 6143 6147 6146 1605
f 1605 6146 6150 6149
f 6146 1337 5162 6150
f 6150 5162 263 6148
f 6149 6150 6148 1604
f 1600 6144 6152 6133
f 6144 1605 6149 6152
f 6152 6149 1604 6151
f 6133 6152 6151 360
f 360 6153 6156 6134
f 6153 1606 6154 6156
f 6156 6154 1609 6155
f 6134 6156 6155 1601
f 1606 6157 6160 6154
f 6157 362 6158 6160
f 6160 6158 1607 6159
f 6154 6160 6159 1609
f 1609 6159 6164 6163
f 6159 1607 6161 6164
f 6164 6161 361 6162
f 6163 6164 6162 1608
f 1601 6155 6166 6137
f 6155 1609 6163 6166
f 6166 6163 1608 6165
f 6137 6166 6165 359
f 360 6151 6169 6153
f 6151 1604 6167 6169
f 6169 6167 1611 6168
f 6153 6169 6168 1606
f 1604 6148 6171 6167
f 6148 263 5195 6171
f 6171 5195 1345 6170
f 6167 6171 6170 1611
f 1611 6170 6174 6173
f 6170 1345 5192 6174
f 6174 5192 266 6172
f 6173 6174 6172 1610
f 1606 6168 6176 6157
f 6168 1611 6173 6176
f 6176 6173 1610 6175
f 6157 6176 6175 362
f 362 6177 6180 6158
f 6177 1612 6178 6180
f 6180 6178 1615 6179
f 6158 6180 6179 1607
f 1612 6181 6184 6178
f 6181 364 6182 6184
f 6184 6182 1613 6183
f 6178 6184 6183 1615
f 1615 6183 6188 6187
f 6183 1613 6185 6188
f 6188 6185 363 6186
f 6187 6188 6186 1614
f 1607 6179 6190 6161
f 6179 1615 6187 6190
f 6190 6187 1614 6189
f 6161 6190 6189 361
f 362 6175 6193 6177
f 6175 1610 6191 6193
f 6193 6191 1617 6192
f 6177 6193 6192 1612
f 1610 6172 6195 6191
f 6172 266 5301 6195
f 6195 5301 1375 6194
f 6191 6195 6194 1617
f 1617 6194 6198 6197
f 6194 1375 5298 6198
f 6198 5298 277 6196
f 6197 6198 6196 1616
f 1612 6192 6200 6181
f 6192 1617 6197 6200
f 6200 6197 1616 6199
f 6181 6200 6199 364
f 364 6201 6204 6182
f 6201 1618 6202 6204
f 6204 6202 1621 6203
f 6182 6204 6203 1613
f 1618 6205 6208 6202
f 6205 366 6206 6208
f 6208 6206 1619 6207
f 6202 6208 6207 1621
f 1621 6207 6212 6211
f 6207 1619 6209 6212
f 6212 6209 365 6210
f 6211 6212 6210 1620
f 1613 6203 6214 6185
f 6203 1621 6211 6214
f 6214 6211 1620 6213
f 6185 6214 6213 363
f 364 6199 6217 6201
f 6199 1616 6215 6217
f 6217 6215 1624 6216
f 6201 6217 6216 1618
f 1616 6196 6220 6215
f 6196 277 6218 6220
f 6220 6218 1622 6219
f 6215 6220 6219 1624
f 1624 6219 6224 6223
f 6219 1622 6221 6224
f 6224 6221 367 6222
f 6223 6224 6222 1623
f 1618 6216 6226 6205
f 6216 1624 6223 6226
f 6226 6223 1623 6225
f 6205 6226 6225 366
f 367 6227 6230 6222
f 6227 1625 6228 6230
f 6230 6228 1628 6229
f 6222 6230 6229 1623
f 1625 6231 6234 6228
f 6231 369 6232 6234
f 6234 6232 1626 6233
f 6228 6234 6233 1628
f 1628 6233 6238 6237
f 6233 1626 6235 6238
f 6238 6235 368 6236
f 6237 6238 6236 1627
f 1623 6229 6240 6225
f 6229 1628 6237 6240
f 6240 6237 1627 6239
f 6225 6240 6239 366
f 367 6241 6244 6227
f 6241 1629 6242 6244
f 6244 6242 1632 6243
f 6227 6244 6243 1625
f 1629 6245 6248 6242
f 6245 371 6246 6248
f 6248 6246 1630 6247
f 6242 6248 6247 1632
f 1632 6247 6252 6251
f 6247 1630 6249 6252
f 6252 6249 370 6250
f 6251 6252 6250 1631
f 1625 6243 6254 6231
f 6243 1632 6251 6254
f 6254 6251 1631 6253
f 6231 6254 6253 369
f 367 6221 6257 6241
f 6221 1622 6255 6257
f 6257 6255 1634 6256
f 6241 6257 6256 1629
f 1622 6218 6259 6255
f 6218 277 5297 6259
f 6259 5297 1374 6258
f 6255 6259 6258 1634
f 1634 6258 6262 6261
f 6258 1374 5293 6262
f 6262 5293 255 6260
f 6261 6262 6260 1633
f 1629 6256 6264 6245
f 6256 1634 6261 6264
f 6264 6261 1633 6263
f 6245 6264 6263 371
f 371 6265 6268 6246
f 6265 1635 6266 6268
f 6268 6266 1637 6267
f 6246 6268 6267 1630
f 1635 6269 6271 6266
f 6269 132 3552 6271
f 6271 3552 934 6270
f 6266 6271 6270 1637
f 1637 6270 6274 6273
f 6270 934 3549 6274
f 6274 3549 131 6272
f 6273 6274 6272 1636
f 1630 6267 6276 6249
f 6267 1637 6273 6276
f 6276 6273 1636 6275
f 6249 6276 6275 370
f 371 6263 6279 6265
f 6263 1633 6277 6279
f 6279 6277 1638 6278
f 6265 6279 6278 1635
f 1633 6260 6281 6277
f 6260 255 5270 6281
f 6281 5270 1369 6280
f 6277 6281 6280 1638
f 1638 6280 6283 6282
f 6280 1369 5279 6283
f 6283 5279 24 3561
f 6282 6283 3561 937
f 1635 6278 6284 6269
f 6278 1638 6282 6284
f 6284 6282 937 3558
f 6269 6284 3558 132
f 131 3567 6287 6272
f 3567 941 6285 6287
f 6287 6285 1641 6286
f 6272 6287 6286 1636
f 941 3577 6290 6285
f 3577 134 6288 6290
f 6290 6288 1639 6289
f 6285 6290 6289 1641
f 1641 6289 6294 6293
f 6289 1639 6291 6294
f 6294 6291 372 6292
f 6293 6294 6292 1640
f 1636 6286 6296 6275
f 6286 1641 6293 6296
f 6296 6293 1640 6295
f 6275 6296 6295 370
f 134 3581 6299 6288
f 3581 945 6297 6299
f 6299 6297 1644 6298
f 6288 6299 6298 1639
f 945 3591 6302 6297
f 3591 136 6300 6302
f 6302 6300 1642 6301
f 6297 6302 6301 1644
f 1644 6301 6306 6305
f 6301 1642 6303 6306
f 6306 6303 373 6304
f 6305 6306 6304 1643
f 1639 6298 6308 6291
f 6298 1644 6305 6308
f 6308 6305 1643 6307
f 6291 6308 6307 372
f 136 3595 6311 6300
f 3595 949 6309 6311
f 6311 6309 1647 6310
f 6300 6311 6310 1642
f 949 3605 6314 6309
f 3605 138 6312 6314
f 6314 6312 1645 6313
f 6309 6314 6313 1647
f 1647 6313 6318 6317
f 6313 1645 6315 6318
f 6318 6315 374 6316
f 6317 6318 6316 1646
f 1642 6310 6320 6303
f 6310 1647 6317 6320
f 6320 6317 1646 6319
f 6303 6320 6319 373
f 138 3609 6323 6312
f 3609 953 6321 6323
f 6323 6321 1650 6322
f 6312 6323 6322 1645
f 953 3619 6326 6321
f 3619 140 6324 6326
f 6326 6324 1648 6325
f 6321 6326 6325 1650
f 1650 6325 6330 6329
f 6325 1648 6327 6330
f 6330 6327 375 6328
f 6329 6330 6328 1649
f 1645 6322 6332 6315
f 6322 1650 6329 6332
f 6332 6329 1649 6331
f 6315 6332 6331 374
f 140 3623 6335 6324
f 3623 956 6333 6335
f 6335 6333 1652 6334
f 6324 6335 6334 1648
f 956 3631 6337 6333
f 3631 44 5395 6337
f 6337 5395 1400 6336
f 6333 6337 6336 1652
f 1652 6336 6340 6339
f 6336 1400 5392 6340
f 6340 5392 289 6338
f 6339 6340 6338 1651
f 1648 6334 6342 6327
f 6334 1652 6339 6342
f 6342 6339 1651 6341
f 6327 6342 6341 375
f 375 6343 6346 6328
f 6343 1653 6344 6346
f 6346 6344 1656 6345
f 6328 6346 6345 1649
f 1653 6347 6350 6344
f 6347 377 6348 6350
f 6350 6348 1654 6349
f 6344 6350 6349 1656
f 1656 6349 6354 6353
f 6349 1654 6351 6354
f 6354 6351 376 6352
f 6353 6354 6352 1655
f 1649 6345 6356 6331
f 6345 1656 6353 6356
f 6356 6353 1655 6355
f 6331 6356 6355 374
f 375 6341 6359 6343
f 6341 1651 6357 6359
f 6359 6357 1659 6358
f 6343 6359 6358 1653
f 1651 6338 6362 6357
f 6338 289 6360 6362
f 6362 6360 1657 6361
f 6357 6362 6361 1659
f 1659 6361 6366 6365
f 6361 1657 6363 6366
f 6366 6363 378 6364
f 6365 6366 6364 1658
f 1653 6358 6368 6347
f 6358 1659 6365 6368
f 6368 6365 1658 6367
f 6347 6368 6367 377
f 378 6369 6372 6364
f 6369 1660 6370 6372
f 6372 6370 1663 6371
f 6364 6372 6371 1658
f 1660 6373 6376 6370
f 6373 380 6374 6376
f 6376 6374 1661 6375
f 6370 6376 6375 1663
f 1663 6375 6380 6379
f 6375 1661 6377 6380
f 6380 6377 379 6378
f 6379 6380 6378 1662
f 1658 6371 6382 6367
f 6371 1663 6379 6382
f 6382 6379 1662 6381
f 6367 6382 6381 377
f 378 6383 6386 6369
f 6383 1664 6384 6386
f 6386 6384 1667 6385
f 6369 6386 6385 1660
f 1664 6387 6390 6384
f 6387 382 6388 6390
f 6390 6388 1665 6389
f 6384 6390 6389 1667
f 1667 6389 6394 6393
f 6389 1665 6391 6394
f 6394 6391 381 6392
f 6393 6394 6392 1666
f 1660 6385 6396 6373
f 6385 1667 6393 6396
f 6396 6393 1666 6395
f 6373 6396 6395 380
f 378 6363 6399 6383
f 6363 1657 6397 6399
f 6399 6397 1669 6398
f 6383 6399 6398 1664
f 1657 6360 6401 6397
f 6360 289 5391 6401
f 6401 5391 1399 6400
f 6397 6401 6400 1669
f 1669 6400 6404 6403
f 6400 1399 5388 6404
f 6404 5388 290 6402
f 6403 6404 6402 1668
f 1664 6398 6406 6387
f 6398 1669 6403 6406
f 6406 6403 1668 6405
f 6387 6406 6405 382
f 381 6407 6410 6392
f 6407 1670 6408 6410
f 6410 6408 1673 6409
f 6392 6410 6409 1666
f 1670 6411 6414 6408
f 6411 384 6412 6414
f 6414 6412 1671 6413
f 6408 6414 6413 1673
f 1673 6413 6418 6417
f 6413 1671 6415 6418
f 6418 6415 383 6416
f 6417 6418 6416 1672
f 1666 6409 6420 6395
f 6409 1673 6417 6420
f 6420 6417 1672 6419
f 6395 6420 6419 380
f 384 6421 6424 6412
f 6421 1674 6422 6424
f 6424 6422 1677 6423
f 6412 6424 6423 1671
f 1674 6425 6428 6422
f 6425 386 6426 6428
f 6428 6426 1675 6427
f 6422 6428 6427 1677
f 1677 6427 6432 6431
f 6427 1675 6429 6432
f 6432 6429 385 6430
f 6431 6432 6430 1676
f 1671 6423 6434 6415
f 6423 1677 6431 6434
f 6434 6431 1676 6433
f 6415 6434 6433 383
f 386 6435 6438 6426
f 6435 1678 6436 6438
f 6438 6436 1681 6437
f 6426 6438 6437 1675
f 1678 6439 6442 6436
f 6439 388 6440 6442
f 6442 6440 1679 6441
f 6436 6442 6441 1681
f 1681 6441 6446 6445
f 6441 1679 6443 6446
f 6446 6443 387 6444
f 6445 6446 6444 1680
f 1675 6437 6448 6429
f 6437 1681 6445 6448
f 6448 6445 1680 6447
f 6429 6448 6447 385
f 388 6449 6452 6440
f 6449 1682 6450 6452
f 6452 6450 1685 6451
f 6440 6452 6451 1679
f 1682 6453 6456 6450
f 6453 390 6454 6456
f 6456 6454 1683 6455
f 6450 6456 6455 1685
f 1685 6455 6460 6459
f 6455 1683 6457 6460
f 6460 6457 389 6458
f 6459 6460 6458 1684
f 1679 6451 6462 6443
f 6451 1685 6459 6462
f 6462 6459 1684 6461
f 6443 6462 6461 387
f 390 6463 6466 6454
f 6463 1686 6464 6466
f 6466 6464 1689 6465
f 6454 6466 6465 1683
f 1686 6467 6470 6464
f 6467 392 6468 6470
f 6470 6468 1687 6469
f 6464 6470 6469 1689
f 1689 6469 6474 6473
f 6469 1687 6471 6474
f 6474 6471 391 6472
f 6473 6474 6472 1688
f 1683 6465 6476 6457
f 6465 1689 6473 6476
f 6476 6473 1688 6475
f 6457 6476 6475 389
f 392 6477 6480 6468
f 6477 1690 6478 6480
f 6480 6478 1693 6479
f 6468 6480 6479 1687
f 1690 6481 6484 6478
f 6481 394 6482 6484
f 6484 6482 1691 6483
f 6478 6484 6483 1693
f 1693 6483 6488 6487
f 6483 1691 6485 6488
f 6488 6485 393 6486
f 6487 6488 6486 1692
f 1687 6479 6490 6471
f 6479 1693 6487 6490
f 6490 6487 1692 6489
f 6471 6490 6489 391
f 394 6491 6494 6482
f 6491 1694 6492 6494
f 6494 6492 1697 6493
f 6482 6494 6493 1691
f 1694 6495 6498 6492
f 6495 396 6496 6498
f 6498 6496 1695 6497
f 6492 6498 6497 1697
f 1697 6497 6502 6501
f 6497 1695 6499 6502
f 6502 6499 395 6500
f 6501 6502 6500 1696
f 1691 6493 6504 6485
f 6493 1697 6501 6504
f 6504 6501 1696 6503
f 6485 6504 6503 393
f 396 6505 6508 6496
f 6505 1698 6506 6508
f 6508 6506 1701 6507
f 6496 6508 6507 1695
f 1698 6509 6512 6506
f 6509 398 6510 6512
f 6512 6510 1699 6511
f 6506 6512 6511 1701
f 1701 6511 6516 6515
f 6511 1699 6513 6516
f 6516 6513 397 6514
f 6515 6516 6514 1700
f 1695 6507 6518 6499
f 6507 1701 6515 6518
f 6518 6515 1700 6517
f 6499 6518 6517 395
f 398 6519 6522 6510
f 6519 1702 6520 6522
f 6522 6520 1704 6521
f 6510 6522 6521 1699
f 1702 6523 6525 6520
f 6523 292 5422 6525
f 6525 5422 1407 6524
f 6520 6525 6524 1704
f 1704 6524 6528 6527
f 6524 1407 5419 6528
f 6528 5419 293 6526
f 6527 6528 6526 1703
f 1699 6521 6530 6513
f 6521 1704 6527 6530
f 6530 6527 1703 6529
f 6513 6530 6529 397
f 397 6529 6534 6533
f 6529 1703 6531 6534
f 6534 6531 1708 6532
f 6533 6534 6532 1707
f 1703 6526 6537 6531
f 6526 293 6535 6537
f 6537 6535 1705 6536
f 6531 6537 6536 1708
f 1708 6536 6541 6540
f 6536 1705 6538 6541
f 6541 6538 400 6539
f 6540 6541 6539 1706
f 1707 6532 6544 6543
f 6532 1708 6540 6544
f 6544 6540 1706 6542
f 6543 6544 6542 399
f 397 6533 6547 6514
f 6533 1707 6545 6547
f 6547 6545 1711 6546
f 6514 6547 6546 1700
f 1707 6543 6550 6545
f 6543 399 6548 6550
f 6550 6548 1709 6549
f 6545 6550 6549 1711
f 1711 6549 6554 6553
f 6549 1709 6551 6554
f 6554 6551 401 6552
f 6553 6554 6552 1710
f 1700 6546 6556 6517
f 6546 1711 6553 6556
f 6556 6553 1710 6555
f 6517 6556 6555 395
f 401 6551 6560 6559
f 6551 1709 6557 6560
f 6560 6557 1715 6558
f 6559 6560 6558 1714
f 1709 6548 6563 6557
f 6548 399 6561 6563
f 6563 6561 1712 6562
f 6557 6563 6562 1715
f 1715 6562 6567 6566
f 6562 1712 6564 6567
f 6567 6564 403 6565
f 6566 6567 6565 1713
f 1714 6558 6570 6569
f 6558 1715 6566 6570
f 6570 6566 1713 6568
f 6569 6570 6568 402
f 401 6571 6574 6552
f 6571 1716 6572 6574
f 6574 6572 1718 6573
f 6552 6574 6573 1710
f 1716 6575 6578 6572
f 6575 404 6576 6578
f 6578 6576 1717 6577
f 6572 6578 6577 1718
f 1718 6577 6581 6580
f 6577 1717 6579 6581
f 6581 6579 393 6503
f 6580 6581 6503 1696
f 1710 6573 6582 6555
f 6573 1718 6580 6582
f 6582 6580 1696 6500
f 6555 6582 6500 395
f 401 6559 6585 6571
f 6559 1714 6583 6585
f 6585 6583 1721 6584
f 6571 6585 6584 1716
f 1714 6569 6588 6583
f 6569 402 6586 6588
f 6588 6586 1719 6587
f 6583 6588 6587 1721
f 1721 6587 6592 6591
f 6587 1719 6589 6592
f 6592 6589 405 6590
f 6591 6592 6590 1720
f 1716 6584 6594 6575
f 6584 1721 6591 6594
f 6594 6591 1720 6593
f 6575 6594 6593 404
f 405 6589 6598 6597
f 6589 1719 6595 6598
f 6598 6595 1725 6596
f 6597 6598 6596 1724
f 1719 6586 6601 6595
f 6586 402 6599 6601
f 6601 6599 1722 6600
f 6595 6601 6600 1725
f 1725 6600 6605 6604
f 6600 1722 6602 6605
f 6605 6602 407 6603
f 6604 6605 6603 1723
f 1724 6596 6608 6607
f 6596 1725 6604 6608
f 6608 6604 1723 6606
f 6607 6608 6606 406
f 405 6609 6612 6590
f 6609 1726 6610 6612
f 6612 6610 1729 6611
f 6590 6612 6611 1720
f 1726 6613 6616 6610
f 6613 409 6614 6616
f 6616 6614 1727 6615
f 6610 6616 6615 1729
f 1729 6615 6620 6619
f 6615 1727 6617 6620
f 6620 6617 408 6618
f 6619 6620 6618 1728
f 1720 6611 6622 6593
f 6611 1729 6619 6622
f 6622 6619 1728 6621
f 6593 6622 6621 404
f 405 6597 6625 6609
f 6597 1724 6623 6625
f 6625 6623 1732 6624
f 6609 6625 6624 1726
f 1724 6607 6628 6623
f 6607 406 6626 6628
f 6628 6626 1730 6627
f 6623 6628 6627 1732
f 1732 6627 6632 6631
f 6627 1730 6629 6632
f 6632 6629 410 6630
f 6631 6632 6630 1731
f 1726 6624 6634 6613
f 6624 1732 6631 6634
f 6634 6631 1731 6633
f 6613 6634 6633 409
f 410 6629 6638 6637
f 6629 1730 6635 6638
f 6638 6635 1736 6636
f 6637 6638 6636 1735
f 1730 6626 6641 6635
f 6626 406 6639 6641
f 6641 6639 1733 6640
f 6635 6641 6640 1736
f 1736 6640 6645 6644
f 6640 1733 6642 6645
f 6645 6642 412 6643
f 6644 6645 6643 1734
f 1735 6636 6648 6647
f 6636 1736 6644 6648
f 6648 6644 1734 6646
f 6647 6648 6646 411
f 410 6649 6652 6630
f 6649 1737 6650 6652
f 6652 6650 1740 6651
f 6630 6652 6651 1731
f 1737 6653 6656 6650
f 6653 414 6654 6656
f 6656 6654 1738 6655
f 6650 6656 6655 1740
f 1740 6655 6660 6659
f 6655 1738 6657 6660
f 6660 6657 413 6658
f 6659 6660 6658 1739
f 1731 6651 6662 6633
f 6651 1740 6659 6662
f 6662 6659 1739 6661
f 6633 6662 6661 409
f 410 6637 6665 6649
f 6637 1735 6663 6665
f 6665 6663 1743 6664
f 6649 6665 6664 1737
f 1735 6647 6668 6663
f 6647 411 6666 6668
f 6668 6666 1741 6667
f 6663 6668 6667 1743
f 1743 6667 6672 6671
f 6667 1741 6669 6672
f 6672 6669 415 6670
f 6671 6672 6670 1742
f 1737 6664 6674 6653
f 6664 1743 6671 6674
f 6674 6671 1742 6673
f 6653 6674 6673 414
f 415 6669 6678 6677
f 6669 1741 6675 6678
f 6678 6675 1747 6676
f 6677 6678 6676 1746
f 1741 6666 6681 6675
f 6666 411 6679 6681
f 6681 6679 1744 6680
f 6675 6681 6680 1747
f 1747 6680 6685 6684
f 6680 1744 6682 6685
f 6685 6682 417 6683
f 6684 6685 6683 1745
f 1746 6676 6688 6687
f 6676 1747 6684 6688
f 6688 6684 1745 6686
f 6687 6688 6686 416
f 415 6689 6692 6670
f 6689 1748 6690 6692
f 6692 6690 1751 6691
f 6670 6692 6691 1742
f 1748 6693 6696 6690
f 6693 419 6694 6696
f 6696 6694 1749 6695
f 6690 6696 6695 1751
f 1751 6695 6700 6699
f 6695 1749 6697 6700
f 6700 6697 418 6698
f 6699 6700 6698 1750
f 1742 6691 6702 6673
f 6691 1751 6699 6702
f 6702 6699 1750 6701
f 6673 6702 6701 414
f 415 6677 6705 6689
f 6677 1746 6703 6705
f 6705 6703 1754 6704
f 6689 6705 6704 1748
f 1746 6687 6708 6703
f 6687 416 6706 6708
f 6708 6706 1752 6707
f 6703 6708 6707 1754
f 1754 6707 6712 6711
f 6707 1752 6709 6712
f 6712 6709 420 6710
f 6711 6712 6710 1753
f 1748 6704 6714 6693
f 6704 1754 6711 6714
f 6714 6711 1753 6713
f 6693 6714 6713 419
f 420 6709 6718 6717
f 6709 1752 6715 6718
f 6718 6715 1758 6716
f 6717 6718 6716 1757
f 1752 6706 6721 6715
f 6706 416 6719 6721
f 6721 6719 1755 6720
f 6715 6721 6720 1758
f 1758 6720 6725 6724
f 6720 1755 6722 6725
f 6725 6722 422 6723
f 6724 6725 6723 1756
f 1757 6716 6728 6727
f 6716 1758 6724 6728
f 6728 6724 1756 6726
f 6727 6728 6726 421
f 420 6729 6732 6710
f 6729 1759 6730 6732
f 6732 6730 1762 6731
f 6710 6732 6731 1753
f 1759 6733 6736 6730
f 6733 424 6734 6736
f 6736 6734 1760 6735
f 6730 6736 6735 1762
f 1762 6735 6740 6739
f 6735 1760 6737 6740
f 6740 6737 423 6738
f 6739 6740 6738 1761
f 1753 6731 6742 6713
f 6731 1762 6739 6742
f 6742 6739 1761 6741
f 6713 6742 6741 419
f 420 6717 6745 6729
f 6717 1757 6743 6745
f 6745 6743 1765 6744
f 6729 6745 6744 1759
f 1757 6727 6748 6743
f 6727 421 6746 6748
f 6748 6746 1763 6747
f 6743 6748 6747 1765
f 1765 6747 6752 6751
f 6747 1763 6749 6752
f 6752 6749 425 6750
f 6751 6752 6750 1764
f 1759 6744 6754 6733
f 6744 1765 6751 6754
f 6754 6751 1764 6753
f 6733 6754 6753 424
f 425 6749 6758 6757
f 6749 1763 6755 6758
f 6758 6755 1769 6756
f 6757 6758 6756 1768
f 1763 6746 6761 6755
f 6746 421 6759 6761
f 6761 6759 1766 6760
f 6755 6761 6760 1769
f 1769 6760 6765 6764
f 6760 1766 6762 6765
f 6765 6762 427 6763
f 6764 6765 6763 1767
f 1768 6756 6768 6767
f 6756 1769 6764 6768
f 6768 6764 1767 6766
f 6767 6768 6766 426
f 425 6769 6772 6750
f 6769 1770 6770 6772
f 6772 6770 1773 6771
f 6750 6772 6771 1764
f 1770 6773 6776 6770
f 6773 365 6774 6776
f 6776 6774 1771 6775
f 6770 6776 6775 1773
f 1773 6775 6780 6779
f 6775 1771 6777 6780
f 6780 6777 428 6778
f 6779 6780 6778 1772
f 1764 6771 6782 6753
f 6771 1773 6779 6782
f 6782 6779 1772 6781
f 6753 6782 6781 424
f 425 6757 6785 6769
f 6757 1768 6783 6785
f 6785 6783 1775 6784
f 6769 6785 6784 1770
f 1768 6767 6788 6783
f 6767 426 6786 6788
f 6788 6786 1774 6787
f 6783 6788 6787 1775
f 1775 6787 6791 6790
f 6787 1774 6789 6791
f 6791 6789 363 6213
f 6790 6791 6213 1620
f 1770 6784 6792 6773
f 6784 1775 6790 6792
f 6792 6790 1620 6210
f 6773 6792 6210 365
f 428 6793 6796 6778
f 6793 1776 6794 6796
f 6796 6794 1778 6795
f 6778 6796 6795 1772
f 1776 6797 6800 6794
f 6797 429 6798 6800
f 6800 6798 1777 6799
f 6794 6800 6799 1778
f 1778 6799 6803 6802
f 6799 1777 6801 6803
f 6803 6801 423 6737
f 6802 6803 6737 1760
f 1772 6795 6804 6781
f 6795 1778 6802 6804
f 6804 6802 1760 6734
f 6781 6804 6734 424
f 428 6805 6808 6793
f 6805 1779 6806 6808
f 6808 6806 1782 6807
f 6793 6808 6807 1776
f 1779 6809 6812 6806
f 6809 368 6810 6812
f 6812 6810 1780 6811
f 6806 6812 6811 1782
f 1782 6811 6816 6815
f 6811 1780 6813 6816
f 6816 6813 430 6814
f 6815 6816 6814 1781
f 1776 6807 6818 6797
f 6807 1782 6815 6818
f 6818 6815 1781 6817
f 6797 6818 6817 429
f 428 6777 6821 6805
f 6777 1771 6819 6821
f 6821 6819 1783 6820
f 6805 6821 6820 1779
f 1771 6774 6823 6819
f 6774 365 6209 6823
f 6823 6209 1619 6822
f 6819 6823 6822 1783
f 1783 6822 6825 6824
f 6822 1619 6206 6825
f 6825 6206 366 6239
f 6824 6825 6239 1627
f 1779 6820 6826 6809
f 6820 1783 6824 6826
f 6826 6824 1627 6236
f 6809 6826 6236 368
f 430 6827 6830 6814
f 6827 1784 6828 6830
f 6830 6828 1787 6829
f 6814 6830 6829 1781
f 1784 6831 6834 6828
f 6831 432 6832 6834
f 6834 6832 1785 6833
f 6828 6834 6833 1787
f 1787 6833 6838 6837
f 6833 1785 6835 6838
f 6838 6835 431 6836
f 6837 6838 6836 1786
f 1781 6829 6840 6817
f 6829 1787 6837 6840
f 6840 6837 1786 6839
f 6817 6840 6839 429
f 430 6841 6844 6827
f 6841 1788 6842 6844
f 6844 6842 1791 6843
f 6827 6844 6843 1784
f 1788 6845 6848 6842
f 6845 434 6846 6848
f 6848 6846 1789 6847
f 6842 6848 6847 1791
f 1791 6847 6852 6851
f 6847 1789 6849 6852
f 6852 6849 433 6850
f 6851 6852 6850 1790
f 1784 6843 6854 6831
f 6843 1791 6851 6854
f 6854 6851 1790 6853
f 6831 6854 6853 432
f 430 6813 6857 6841
f 6813 1780 6855 6857
f 6857 6855 1793 6856
f 6841 6857 6856 1788
f 1780 6810 6859 6855
f 6810 368 6235 6859
f 6859 6235 1626 6858
f 6855 6859 6858 1793
f 1793 6858 6862 6861
f 6858 1626 6232 6862
f 6862 6232 369 6860
f 6861 6862 6860 1792
f 1788 6856 6864 6845
f 6856 1793 6861 6864
f 6864 6861 1792 6863
f 6845 6864 6863 434
f 434 6865 6868 6846
f 6865 1794 6866 6868
f 6868 6866 1796 6867
f 6846 6868 6867 1789
f 1794 6869 6871 6866
f 6869 372 6307 6871
f 6871 6307 1643 6870
f 6866 6871 6870 1796
f 1796 6870 6874 6873
f 6870 1643 6304 6874
f 6874 6304 373 6872
f 6873 6874 6872 1795
f 1789 6867 6876 6849
f 6867 1796 6873 6876
f 6876 6873 1795 6875
f 6849 6876 6875 433
f 434 6863 6879 6865
f 6863 1792 6877 6879
f 6879 6877 1797 6878
f 6865 6879 6878 1794
f 1792 6860 6881 6877
f 6860 369 6253 6881
f 6881 6253 1631 6880
f 6877 6881 6880 1797
f 1797 6880 6883 6882
f 6880 1631 6250 6883
f 6883 6250 370 6295
f 6882 6883 6295 1640
f 1794 6878 6884 6869
f 6878 1797 6882 6884
f 6884 6882 1640 6292
f 6869 6884 6292 372
f 433 6885 6888 6850
f 6885 1798 6886 6888
f 6888 6886 1801 6887
f 6850 6888 6887 1790
f 1798 6889 6892 6886
f 6889 376 6890 6892
f 6892 6890 1799 6891
f 6886 6892 6891 1801
f 1801 6891 6896 6895
f 6891 1799 6893 6896
f 6896 6893 435 6894
f 6895 6896 6894 1800
f 1790 6887 6898 6853
f 6887 1801 6895 6898
f 6898 6895 1800 6897
f 6853 6898 6897 432
f 433 6875 6901 6885
f 6875 1795 6899 6901
f 6901 6899 1802 6900
f 6885 6901 6900 1798
f 1795 6872 6903 6899
f 6872 373 6319 6903
f 6903 6319 1646 6902
f 6899 6903 6902 1802
f 1802 6902 6905 6904
f 6902 1646 6316 6905
f 6905 6316 374 6355
f 6904 6905 6355 1655
f 1798 6900 6906 6889
f 6900 1802 6904 6906
f 6906 6904 1655 6352
f 6889 6906 6352 376
f 435 6907 6910 6894
f 6907 1803 6908 6910
f 6910 6908 1805 6909
f 6894 6910 6909 1800
f 1803 6911 6914 6908
f 6911 436 6912 6914
f 6914 6912 1804 6913
f 6908 6914 6913 1805
f 1805 6913 6917 6916
f 6913 1804 6915 6917
f 6917 6915 431 6835
f 6916 6917 6835 1785
f 1800 6909 6918 6897
f 6909 1805 6916 6918
f 6918 6916 1785 6832
f 6897 6918 6832 432
f 435 6919 6922 6907
f 6919 1806 6920 6922
f 6922 6920 1809 6921
f 6907 6922 6921 1803
f 1806 6923 6926 6920
f 6923 379 6924 6926
f 6926 6924 1807 6925
f 6920 6926 6925 1809
f 1809 6925 6930 6929
f 6925 1807 6927 6930
f 6930 6927 437 6928
f 6929 6930 6928 1808
f 1803 6921 6932 6911
f 6921 1809 6929 6932
f 6932 6929 1808 6931
f 6911 6932 6931 436
f 435 6893 6935 6919
f 6893 1799 6933 6935
f 6935 6933 1810 6934
f 6919 6935 6934 1806
f 1799 6890 6937 6933
f 6890 376 6351 6937
f 6937 6351 1654 6936
f 6933 6937 6936 1810
f 1810 6936 6939 6938
f 6936 1654 6348 6939
f 6939 6348 377 6381
f 6938 6939 6381 1662
f 1806 6934 6940 6923
f 6934 1810 6938 6940
f 6940 6938 1662 6378
f 6923 6940 6378 379
f 437 6941 6944 6928
f 6941 1811 6942 6944
f 6944 6942 1814 6943
f 6928 6944 6943 1808
f 1811 6945 6948 6942
f 6945 439 6946 6948
f 6948 6946 1812 6947
f 6942 6948 6947 1814
f 1814 6947 6952 6951
f 6947 1812 6949 6952
f 6952 6949 438 6950
f 6951 6952 6950 1813
f 1808 6943 6954 6931
f 6943 1814 6951 6954
f 6954 6951 1813 6953
f 6931 6954 6953 436
f 437 6955 6958 6941
f 6955 1815 6956 6958
f 6958 6956 1817 6957
f 6941 6958 6957 1811
f 1815 6959 6961 6956
f 6959 383 6433 6961
f 6961 6433 1676 6960
f 6956 6961 6960 1817
f 1817 6960 6964 6963
f 6960 1676 6430 6964
f 6964 6430 385 6962
f 6963 6964 6962 1816
f 1811 6957 6966 6945
f 6957 1817 6963 6966
f 6966 6963 1816 6965
f 6945 6966 6965 439
f 437 6927 6969 6955
f 6927 1807 6967 6969
f 6969 6967 1818 6968
f 6955 6969 6968 1815
f 1807 6924 6971 6967
f 6924 379 6377 6971
f 6971 6377 1661 6970
f 6967 6971 6970 1818
f 1818 6970 6973 6972
f 6970 1661 6374 6973
f 6973 6374 380 6419
f 6972 6973 6419 1672
f 1815 6968 6974 6959
f 6968 1818 6972 6974
f 6974 6972 1672 6416
f 6959 6974 6416 383
f 439 6975 6978 6946
f 6975 1819 6976 6978
f 6978 6976 1822 6977
f 6946 6978 6977 1812
f 1819 6979 6982 6976
f 6979 441 6980 6982
f 6982 6980 1820 6981
f 6976 6982 6981 1822
f 1822 6981 6986 6985
f 6981 1820 6983 6986
f 6986 6983 440 6984
f 6985 6986 6984 1821
f 1812 6977 6988 6949
f 6977 1822 6985 6988
f 6988 6985 1821 6987
f 6949 6988 6987 438
f 439 6965 6991 6975
f 6965 1816 6989 6991
f 6991 6989 1824 6990
f 6975 6991 6990 1819
f 1816 6962 6993 6989
f 6962 385 6447 6993
f 6993 6447 1680 6992
f 6989 6993 6992 1824
f 1824 6992 6996 6995
f 6992 1680 6444 6996
f 6996 6444 387 6994
f 6995 6996 6994 1823
f 1819 6990 6998 6979
f 6990 1824 6995 6998
f 6998 6995 1823 6997
f 6979 6998 6997 441
f 441 6999 7002 6980
f 6999 1825 7000 7002
f 7002 7000 1828 7001
f 6980 7002 7001 1820
f 1825 7003 7006 7000
f 7003 442 7004 7006
f 7006 7004 1826 7005
f 7000 7006 7005 1828
f 1828 7005 7010 7009
f 7005 1826 7007 7010
f 7010 7007 413 7008
f 7009 7010 7008 1827
f 1820 7001 7012 6983
f 7001 1828 7009 7012
f 7012 7009 1827 7011
f 6983 7012 7011 440
f 441 6997 7015 6999
f 6997 1823 7013 7015
f 7015 7013 1830 7014
f 6999 7015 7014 1825
f 1823 6994 7017 7013
f 6994 387 6461 7017
f 7017 6461 1684 7016
f 7013 7017 7016 1830
f 1830 7016 7020 7019
f 7016 1684 6458 7020
f 7020 6458 389 7018
f 7019 7020 7018 1829
f 1825 7014 7022 7003
f 7014 1830 7019 7022
f 7022 7019 1829 7021
f 7003 7022 7021 442
f 442 7023 7026 7004
f 7023 1831 7024 7026
f 7026 7024 1832 7025
f 7004 7026 7025 1826
f 1831 7027 7029 7024
f 7027 408 6617 7029
f 7029 6617 1727 7028
f 7024 7029 7028 1832
f 1832 7028 7031 7030
f 7028 1727 6614 7031
f 7031 6614 409 6661
f 7030 7031 6661 1739
f 1826 7025 7032 7007
f 7025 1832 7030 7032
f 7032 7030 1739 6658
f 7007 7032 6658 413
f 442 7021 7035 7023
f 7021 1829 7033 7035
f 7035 7033 1834 7034
f 7023 7035 7034 1831
f 1829 7018 7037 7033
f 7018 389 6475 7037
f 7037 6475 1688 7036
f 7033 7037 7036 1834
f 1834 7036 7040 7039
f 7036 1688 6472 7040
f 7040 6472 391 7038
f 7039 7040 7038 1833
f 1831 7034 7042 7027
f 7034 1834 7039 7042
f 7042 7039 1833 7041
f 7027 7042 7041 408
f 440 7011 7046 7045
f 7011 1827 7043 7046
f 7046 7043 1836 7044
f 7045 7046 7044 1835
f 1827 7008 7048 7043
f 7008 413 6657 7048
f 7048 6657 1738 7047
f 7043 7048 7047 1836
f 1836 7047 7050 7049
f 7047 1738 6654 7050
f 7050 6654 414 6701
f 7049 7050 6701 1750
f 1835 7044 7052 7051
f 7044 1836 7049 7052
f 7052 7049 1750 6698
f 7051 7052 6698 418
f 440 7045 7055 6984
f 7045 1835 7053 7055
f 7055 7053 1839 7054
f 6984 7055 7054 1821
f 1835 7051 7058 7053
f 7051 418 7056 7058
f 7058 7056 1837 7057
f 7053 7058 7057 1839
f 1839 7057 7062 7061
f 7057 1837 7059 7062
f 7062 7059 443 7060
f 7061 7062 7060 1838
f 1821 7054 7064 6987
f 7054 1839 7061 7064
f 7064 7061 1838 7063
f 6987 7064 7063 438
f 443 7059 7068 7067
f 7059 1837 7065 7068
f 7068 7065 1841 7066
f 7067 7068 7066 1840
f 1837 7056 7070 7065
f 7056 418 6697 7070
f 7070 6697 1749 7069
f 7065 7070 7069 1841
f 1841 7069 7072 7071
f 7069 1749 6694 7072
f 7072 6694 419 6741
f 7071 7072 6741 1761
f 1840 7066 7074 7073
f 7066 1841 7071 7074
f 7074 7071 1761 6738
f 7073 7074 6738 423
f 443 7075 7078 7060
f 7075 1842 7076 7078
f 7078 7076 1843 7077
f 7060 7078 7077 1838
f 1842 7079 7081 7076
f 7079 431 6915 7081
f 7081 6915 1804 7080
f 7076 7081 7080 1843
f 1843 7080 7083 7082
f 7080 1804 6912 7083
f 7083 6912 436 6953
f 7082 7083 6953 1813
f 1838 7077 7084 7063
f 7077 1843 7082 7084
f 7084 7082 1813 6950
f 7063 7084 6950 438
f 443 7067 7087 7075
f 7067 1840 7085 7087
f 7087 7085 1844 7086
f 7075 7087 7086 1842
f 1840 7073 7089 7085
f 7073 423 6801 7089
f 7089 6801 1777 7088
f 7085 7089 7088 1844
f 1844 7088 7091 7090
f 7088 1777 6798 7091
f 7091 6798 429 6839
f 7090 7091 6839 1786
f 1842 7086 7092 7079
f 7086 1844 7090 7092
f 7092 7090 1786 6836
f 7079 7092 6836 431
f 427 7093 7097 7096
f 7093 1845 7094 7097
f 7097 7094 1849 7095
f 7096 7097 7095 1848
f 1845 7098 7101 7094
f 7098 446 7099 7101
f 7101 7099 1846 7100
f 7094 7101 7100 1849
f 1849 7100 7105 7104
f 7100 1846 7102 7105
f 7105 7102 445 7103
f 7104 7105 7103 1847
f 1848 7095 7108 7107
f 7095 1849 7104 7108
f 7108 7104 1847 7106
f 7107 7108 7106 444
f 427 6762 7111 7093
f 6762 1766 7109 7111
f 7111 7109 1851 7110
f 7093 7111 7110 1845
f 1766 6759 7113 7109
f 6759 421 6726 7113
f 7113 6726 1756 7112
f 7109 7113 7112 1851
f 1851 7112 7116 7115
f 7112 1756 6723 7116
f 7116 6723 422 7114
f 7115 7116 7114 1850
f 1845 7110 7118 7098
f 7110 1851 7115 7118
f 7118 7115 1850 7117
f 7098 7118 7117 446
f 427 7096 7121 6763
f 7096 1848 7119 7121
f 7121 7119 1854 7120
f 6763 7121 7120 1767
f 1848 7107 7124 7119
f 7107 444 7122 7124
f 7124 7122 1852 7123
f 7119 7124 7123 1854
f 1854 7123 7128 7127
f 7123 1852 7125 7128
f 7128 7125 447 7126
f 7127 7128 7126 1853
f 1767 7120 7130 6766
f 7120 1854 7127 7130
f 7130 7127 1853 7129
f 6766 7130 7129 426
f 447 7125 7134 7133
f 7125 1852 7131 7134
f 7134 7131 1858 7132
f 7133 7134 7132 1857
f 1852 7122 7137 7131
f 7122 444 7135 7137
f 7137 7135 1855 7136
f 7131 7137 7136 1858
f 1858 7136 7141 7140
f 7136 1855 7138 7141
f 7141 7138 449 7139
f 7140 7141 7139 1856
f 1857 7132 7144 7143
f 7132 1858 7140 7144
f 7144 7140 1856 7142
f 7143 7144 7142 448
f 447 7145 7148 7126
f 7145 1859 7146 7148
f 7148 7146 1860 7147
f 7126 7148 7147 1853
f 1859 7149 7151 7146
f 7149 361 6189 7151
f 7151 6189 1614 7150
f 7146 7151 7150 1860
f 1860 7150 7153 7152
f 7150 1614 6186 7153
f 7153 6186 363 6789
f 7152 7153 6789 1774
f 1853 7147 7154 7129
f 7147 1860 7152 7154
f 7154 7152 1774 6786
f 7129 7154 6786 426
f 447 7133 7157 7145
f 7133 1857 7155 7157
f 7157 7155 1862 7156
f 7145 7157 7156 1859
f 1857 7143 7160 7155
f 7143 448 7158 7160
f 7160 7158 1861 7159
f 7155 7160 7159 1862
f 1862 7159 7163 7162
f 7159 1861 7161 7163
f 7163 7161 359 6165
f 7162 7163 6165 1608
f 1859 7156 7164 7149
f 7156 1862 7162 7164
f 7164 7162 1608 6162
f 7149 7164 6162 361
f 449 7165 7169 7168
f 7165 1863 7166 7169
f 7169 7166 1867 7167
f 7168 7169 7167 1866
f 1863 7170 7173 7166
f 7170 452 7171 7173
f 7173 7171 1864 7172
f 7166 7173 7172 1867
f 1867 7172 7177 7176
f 7172 1864 7174 7177
f 7177 7174 451 7175
f 7176 7177 7175 1865
f 1866 7167 7180 7179
f 7167 1867 7176 7180
f 7180 7176 1865 7178
f 7179 7180 7178 450
f 449 7138 7183 7165
f 7138 1855 7181 7183
f 7183 7181 1869 7182
f 7165 7183 7182 1863
f 1855 7135 7185 7181
f 7135 444 7106 7185
f 7185 7106 1847 7184
f 7181 7185 7184 1869
f 1869 7184 7188 7187
f 7184 1847 7103 7188
f 7188 7103 445 7186
f 7187 7188 7186 1868
f 1863 7182 7190 7170
f 7182 1869 7187 7190
f 7190 7187 1868 7189
f 7170 7190 7189 452
f 449 7168 7193 7139
f 7168 1866 7191 7193
f 7193 7191 1872 7192
f 7139 7193 7192 1856
f 1866 7179 7196 7191
f 7179 450 7194 7196
f 7196 7194 1870 7195
f 7191 7196 7195 1872
f 1872 7195 7200 7199
f 7195 1870 7197 7200
f 7200 7197 453 7198
f 7199 7200 7198 1871
f 1856 7192 7202 7142
f 7192 1872 7199 7202
f 7202 7199 1871 7201
f 7142 7202 7201 448
f 453 7197 7206 7205
f 7197 1870 7203 7206
f 7206 7203 1876 7204
f 7205 7206 7204 1875
f 1870 7194 7209 7203
f 7194 450 7207 7209
f 7209 7207 1873 7208
f 7203 7209 7208 1876
f 1876 7208 7213 7212
f 7208 1873 7210 7213
f 7213 7210 455 7211
f 7212 7213 7211 1874
f 1875 7204 7216 7215
f 7204 1876 7212 7216
f 7216 7212 1874 7214
f 7215 7216 7214 454
f 453 7217 7220 7198
f 7217 1877 7218 7220
f 7220 7218 1878 7219
f 7198 7220 7219 1871
f 1877 7221 7223 7218
f 7221 358 6141 7223
f 7223 6141 1602 7222
f 7218 7223 7222 1878
f 1878 7222 7225 7224
f 7222 1602 6138 7225
f 7225 6138 359 7161
f 7224 7225 7161 1861
f 1871 7219 7226 7201
f 7219 1878 7224 7226
f 7226 7224 1861 7158
f 7201 7226 7158 448
f 453 7205 7229 7217
f 7205 1875 7227 7229
f 7229 7227 1880 7228
f 7217 7229 7228 1877
f 1875 7215 7232 7227
f 7215 454 7230 7232
f 7232 7230 1879 7231
f 7227 7232 7231 1880
f 1880 7231 7235 7234
f 7231 1879 7233 7235
f 7235 7233 357 6123
f 7234 7235 6123 1597
f 1877 7228 7236 7221
f 7228 1880 7234 7236
f 7236 7234 1597 6120
f 7221 7236 6120 358
f 455 7237 7241 7240
f 7237 1881 7238 7241
f 7241 7238 1885 7239
f 7240 7241 7239 1884
f 1881 7242 7245 7238
f 7242 456 7243 7245
f 7245 7243 1882 7244
f 7238 7245 7244 1885
f 1885 7244 7249 7248
f 7244 1882 7246 7249
f 7249 7246 329 7247
f 7248 7249 7247 1883
f 1884 7239 7252 7251
f 7239 1885 7248 7252
f 7252 7248 1883 7250
f 7251 7252 7250 331
f 455 7210 7255 7237
f 7210 1873 7253 7255
f 7255 7253 1887 7254
f 7237 7255 7254 1881
f 1873 7207 7257 7253
f 7207 450 7178 7257
f 7257 7178 1865 7256
f 7253 7257 7256 1887
f 1887 7256 7260 7259
f 7256 1865 7175 7260
f 7260 7175 451 7258
f 7259 7260 7258 1886
f 1881 7254 7262 7242
f 7254 1887 7259 7262
f 7262 7259 1886 7261
f 7242 7262 7261 456
f 455 7240 7265 7211
f 7240 1884 7263 7265
f 7265 7263 1890 7264
f 7211 7265 7264 1874
f 1884 7251 7268 7263
f 7251 331 7266 7268
f 7268 7266 1888 7267
f 7263 7268 7267 1890
f 1890 7267 7272 7271
f 7267 1888 7269 7272
f 7272 7269 333 7270
f 7271 7272 7270 1889
f 1874 7264 7274 7214
f 7264 1890 7271 7274
f 7274 7271 1889 7273
f 7214 7274 7273 454
f 456 7275 7278 7243
f 7275 1891 7276 7278
f 7278 7276 1893 7277
f 7243 7278 7277 1882
f 1891 7279 7281 7276
f 7279 326 5779 7281
f 7281 5779 1503 7280
f 7276 7281 7280 1893
f 1893 7280 7284 7283
f 7280 1503 5776 7284
f 7284 5776 327 7282
f 7283 7284 7282 1892
f 1882 7277 7286 7246
f 7277 1893 7283 7286
f 7286 7283 1892 7285
f 7246 7286 7285 329
f 456 7261 7289 7275
f 7261 1886 7287 7289
f 7289 7287 1896 7288
f 7275 7289 7288 1891
f 1886 7258 7292 7287
f 7258 451 7290 7292
f 7292 7290 1894 7291
f 7287 7292 7291 1896
f 1896 7291 7296 7295
f 7291 1894 7293 7296
f 7296 7293 457 7294
f 7295 7296 7294 1895
f 1891 7288 7298 7279
f 7288 1896 7295 7298
f 7298 7295 1895 7297
f 7279 7298 7297 326
f 457 7299 7302 7294
f 7299 1897 7300 7302
f 7302 7300 1898 7301
f 7294 7302 7301 1895
f 1897 7303 7305 7300
f 7303 322 5739 7305
f 7305 5739 1492 7304
f 7300 7305 7304 1898
f 1898 7304 7307 7306
f 7304 1492 5736 7307
f 7307 5736 323 5783
f 7306 7307 5783 1504
f 1895 7301 7308 7297
f 7301 1898 7306 7308
f 7308 7306 1504 5780
f 7297 7308 5780 326
f 457 7309 7312 7299
f 7309 1899 7310 7312
f 7312 7310 1902 7311
f 7299 7312 7311 1897
f 1899 7313 7316 7310
f 7313 459 7314 7316
f 7316 7314 1900 7315
f 7310 7316 7315 1902
f 1902 7315 7320 7319
f 7315 1900 7317 7320
f 7320 7317 458 7318
f 7319 7320 7318 1901
f 1897 7311 7322 7303
f 7311 1902 7319 7322
f 7322 7319 1901 7321
f 7303 7322 7321 322
f 457 7293 7325 7309
f 7293 1894 7323 7325
f 7325 7323 1904 7324
f 7309 7325 7324 1899
f 1894 7290 7327 7323
f 7290 451 7174 7327
f 7327 7174 1864 7326
f 7323 7327 7326 1904
f 1904 7326 7330 7329
f 7326 1864 7171 7330
f 7330 7171 452 7328
f 7329 7330 7328 1903
f 1899 7324 7332 7313
f 7324 1904 7329 7332
f 7332 7329 1903 7331
f 7313 7332 7331 459
f 459 7333 7336 7314
f 7333 1905 7334 7336
f 7336 7334 1908 7335
f 7314 7336 7335 1900
f 1905 7337 7340 7334
f 7337 461 7338 7340
f 7340 7338 1906 7339
f 7334 7340 7339 1908
f 1908 7339 7344 7343
f 7339 1906 7341 7344
f 7344 7341 460 7342
f 7343 7344 7342 1907
f 1900 7335 7346 7317
f 7335 1908 7343 7346
f 7346 7343 1907 7345
f 7317 7346 7345 458
f 459 7331 7349 7333
f 7331 1903 7347 7349
f 7349 7347 1910 7348
f 7333 7349 7348 1905
f 1903 7328 7351 7347
f 7328 452 7189 7351
f 7351 7189 1868 7350
f 7347 7351 7350 1910
f 1910 7350 7354 7353
f 7350 1868 7186 7354
f 7354 7186 445 7352
f 7353 7354 7352 1909
f 1905 7348 7356 7337
f 7348 1910 7353 7356
f 7356 7353 1909 7355
f 7337 7356 7355 461
f 461 7357 7360 7338
f 7357 1911 7358 7360
f 7360 7358 1914 7359
f 7338 7360 7359 1906
f 1911 7361 7364 7358
f 7361 463 7362 7364
f 7364 7362 1912 7363
f 7358 7364 7363 1914
f 1914 7363 7368 7367
f 7363 1912 7365 7368
f 7368 7365 462 7366
f 7367 7368 7366 1913
f 1906 7359 7370 7341
f 7359 1914 7367 7370
f 7370 7367 1913 7369
f 7341 7370 7369 460
f 461 7355 7373 7357
f 7355 1909 7371 7373
f 7373 7371 1916 7372
f 7357 7373 7372 1911
f 1909 7352 7375 7371
f 7352 445 7102 7375
f 7375 7102 1846 7374
f 7371 7375 7374 1916
f 1916 7374 7378 7377
f 7374 1846 7099 7378
f 7378 7099 446 7376
f 7377 7378 7376 1915
f 1911 7372 7380 7361
f 7372 1916 7377 7380
f 7380 7377 1915 7379
f 7361 7380 7379 463
f 463 7381 7384 7362
f 7381 1917 7382 7384
f 7384 7382 1920 7383
f 7362 7384 7383 1912
f 1917 7385 7388 7382
f 7385 465 7386 7388
f 7388 7386 1918 7387
f 7382 7388 7387 1920
f 1920 7387 7392 7391
f 7387 1918 7389 7392
f 7392 7389 464 7390
f 7391 7392 7390 1919
f 1912 7383 7394 7365
f 7383 1920 7391 7394
f 7394 7391 1919 7393
f 7365 7394 7393 462
f 463 7379 7397 7381
f 7379 1915 7395 7397
f 7397 7395 1922 7396
f 7381 7397 7396 1917
f 1915 7376 7399 7395
f 7376 446 7117 7399
f 7399 7117 1850 7398
f 7395 7399 7398 1922
f 1922 7398 7402 7401
f 7398 1850 7114 7402
f 7402 7114 422 7400
f 7401 7402 7400 1921
f 1917 7396 7404 7385
f 7396 1922 7401 7404
f 7404 7401 1921 7403
f 7385 7404 7403 465
f 465 7405 7408 7386
f 7405 1923 7406 7408
f 7408 7406 1926 7407
f 7386 7408 7407 1918
f 1923 7409 7412 7406
f 7409 417 7410 7412
f 7412 7410 1924 7411
f 7406 7412 7411 1926
f 1926 7411 7416 7415
f 7411 1924 7413 7416
f 7416 7413 466 7414
f 7415 7416 7414 1925
f 1918 7407 7418 7389
f 7407 1926 7415 7418
f 7418 7415 1925 7417
f 7389 7418 7417 464
f 465 7403 7421 7405
f 7403 1921 7419 7421
f 7421 7419 1927 7420
f 7405 7421 7420 1923
f 1921 7400 7423 7419
f 7400 422 6722 7423
f 7423 6722 1755 7422
f 7419 7423 7422 1927
f 1927 7422 7425 7424
f 7422 1755 6719 7425
f 7425 6719 416 6686
f 7424 7425 6686 1745
f 1923 7420 7426 7409
f 7420 1927 7424 7426
f 7426 7424 1745 6683
f 7409 7426 6683 417
f 466 7427 7430 7414
f 7427 1928 7428 7430
f 7430 7428 1931 7429
f 7414 7430 7429 1925
f 1928 7431 7434 7428
f 7431 468 7432 7434
f 7434 7432 1929 7433
f 7428 7434 7433 1931
f 1931 7433 7438 7437
f 7433 1929 7435 7438
f 7438 7435 467 7436
f 7437 7438 7436 1930
f 1925 7429 7440 7417
f 7429 1931 7437 7440
f 7440 7437 1930 7439
f 7417 7440 7439 464
f 466 7441 7444 7427
f 7441 1932 7442 7444
f 7444 7442 1935 7443
f 7427 7444 7443 1928
f 1932 7445 7448 7442
f 7445 412 7446 7448
f 7448 7446 1933 7447
f 7442 7448 7447 1935
f 1935 7447 7452 7451
f 7447 1933 7449 7452
f 7452 7449 469 7450
f 7451 7452 7450 1934
f 1928 7443 7454 7431
f 7443 1935 7451 7454
f 7454 7451 1934 7453
f 7431 7454 7453 468
f 466 7413 7457 7441
f 7413 1924 7455 7457
f 7457 7455 1936 7456
f 7441 7457 7456 1932
f 1924 7410 7459 7455
f 7410 417 6682 7459
f 7459 6682 1744 7458
f 7455 7459 7458 1936
f 1936 7458 7461 7460
f 7458 1744 6679 7461
f 7461 6679 411 6646
f 7460 7461 6646 1734
f 1932 7456 7462 7445
f 7456 1936 7460 7462
f 7462 7460 1734 6643
f 7445 7462 6643 412
f 469 7463 7466 7450
f 7463 1937 7464 7466
f 7466 7464 1940 7465
f 7450 7466 7465 1934
f 1937 7467 7470 7464
f 7467 471 7468 7470
f 7470 7468 1938 7469
f 7464 7470 7469 1940
f 1940 7469 7474 7473
f 7469 1938 7471 7474
f 7474 7471 470 7472
f 7473 7474 7472 1939
f 1934 7465 7476 7453
f 7465 1940 7473 7476
f 7476 7473 1939 7475
f 7453 7476 7475 468
f 469 7477 7480 7463
f 7477 1941 7478 7480
f 7480 7478 1944 7479
f 7463 7480 7479 1937
f 1941 7481 7484 7478
f 7481 407 7482 7484
f 7484 7482 1942 7483
f 7478 7484 7483 1944
f 1944 7483 7488 7487
f 7483 1942 7485 7488
f 7488 7485 472 7486
f 7487 7488 7486 1943
f 1937 7479 7490 7467
f 7479 1944 7487 7490
f 7490 7487 1943 7489
f 7467 7490 7489 471
f 469 7449 7493 7477
f 7449 1933 7491 7493
f 7493 7491 1945 7492
f 7477 7493 7492 1941
f 1933 7446 7495 7491
f 7446 412 6642 7495
f 7495 6642 1733 7494
f 7491 7495 7494 1945
f 1945 7494 7497 7496
f 7494 1733 6639 7497
f 7497 6639 406 6606
f 7496 7497 6606 1723
f 1941 7492 7498 7481
f 7492 1945 7496 7498
f 7498 7496 1723 6603
f 7481 7498 6603 407
f 472 7499 7502 7486
f 7499 1946 7500 7502
f 7502 7500 1949 7501
f 7486 7502 7501 1943
f 1946 7503 7506 7500
f 7503 474 7504 7506
f 7506 7504 1947 7505
f 7500 7506 7505 1949
f 1949 7505 7510 7509
f 7505 1947 7507 7510
f 7510 7507 473 7508
f 7509 7510 7508 1948
f 1943 7501 7512 7489
f 7501 1949 7509 7512
f 7512 7509 1948 7511
f 7489 7512 7511 471
f 472 7513 7516 7499
f 7513 1950 7514 7516
f 7516 7514 1953 7515
f 7499 7516 7515 1946
f 1950 7517 7520 7514
f 7517 403 7518 7520
f 7520 7518 1951 7519
f 7514 7520 7519 1953
f 1953 7519 7524 7523
f 7519 1951 7521 7524
f 7524 7521 475 7522
f 7523 7524 7522 1952
f 1946 7515 7526 7503
f 7515 1953 7523 7526
f 7526 7523 1952 7525
f 7503 7526 7525 474
f 472 7485 7529 7513
f 7485 1942 7527 7529
f 7529 7527 1954 7528
f 7513 7529 7528 1950
f 1942 7482 7531 7527
f 7482 407 6602 7531
f 7531 6602 1722 7530
f 7527 7531 7530 1954
f 1954 7530 7533 7532
f 7530 1722 6599 7533
f 7533 6599 402 6568
f 7532 7533 6568 1713
f 1950 7528 7534 7517
f 7528 1954 7532 7534
f 7534 7532 1713 6565
f 7517 7534 6565 403
f 475 7535 7538 7522
f 7535 1955 7536 7538
f 7538 7536 1957 7537
f 7522 7538 7537 1952
f 1955 7539 7541 7536
f 7539 242 4836 7541
f 7541 4836 1261 7540
f 7536 7541 7540 1957
f 1957 7540 7544 7543
f 7540 1261 4833 7544
f 7544 4833 241 7542
f 7543 7544 7542 1956
f 1952 7537 7546 7525
f 7537 1957 7543 7546
f 7546 7543 1956 7545
f 7525 7546 7545 474
f 475 7547 7550 7535
f 7547 1958 7548 7550
f 7550 7548 1960 7549
f 7535 7550 7549 1955
f 1958 7551 7554 7548
f 7551 400 7552 7554
f 7554 7552 1959 7553
f 7548 7554 7553 1960
f 1960 7553 7557 7556
f 7553 1959 7555 7557
f 7557 7555 243 4846
f 7556 7557 4846 1264
f 1955 7549 7558 7539
f 7549 1960 7556 7558
f 7558 7556 1264 4843
f 7539 7558 4843 242
f 475 7521 7561 7547
f 7521 1951 7559 7561
f 7561 7559 1961 7560
f 7547 7561 7560 1958
f 1951 7518 7563 7559
f 7518 403 6564 7563
f 7563 6564 1712 7562
f 7559 7563 7562 1961
f 1961 7562 7565 7564
f 7562 1712 6561 7565
f 7565 6561 399 6542
f 7564 7565 6542 1706
f 1958 7560 7566 7551
f 7560 1961 7564 7566
f 7566 7564 1706 6539
f 7551 7566 6539 400
f 243 7555 7569 4861
f 7555 1959 7567 7569
f 7569 7567 1962 7568
f 4861 7569 7568 1269
f 1959 7552 7571 7567
f 7552 400 6538 7571
f 7571 6538 1705 7570
f 7567 7571 7570 1962
f 1962 7570 7573 7572
f 7570 1705 6535 7573
f 7573 6535 293 5418
f 7572 7573 5418 1406
f 1269 7568 7574 4865
f 7568 1962 7572 7574
f 7574 7572 1406 5415
f 4865 7574 5415 51
f 241 4873 7577 7542
f 4873 1272 7575 7577
f 7577 7575 1964 7576
f 7542 7577 7576 1956
f 1272 4881 7580 7575
f 4881 244 7578 7580
f 7580 7578 1963 7579
f 7575 7580 7579 1964
f 1964 7579 7583 7582
f 7579 1963 7581 7583
f 7583 7581 473 7507
f 7582 7583 7507 1947
f 1956 7576 7584 7545
f 7576 1964 7582 7584
f 7584 7582 1947 7504
f 7545 7584 7504 474
f 244 4885 7587 7578
f 4885 1276 7585 7587
f 7587 7585 1967 7586
f 7578 7587 7586 1963
f 1276 4895 7590 7585
f 4895 246 7588 7590
f 7590 7588 1965 7589
f 7585 7590 7589 1967
f 1967 7589 7594 7593
f 7589 1965 7591 7594
f 7594 7591 476 7592
f 7593 7594 7592 1966
f 1963 7586 7596 7581
f 7586 1967 7593 7596
f 7596 7593 1966 7595
f 7581 7596 7595 473
f 246 4899 7599 7588
f 4899 1280 7597 7599
f 7599 7597 1970 7598
f 7588 7599 7598 1965
f 1280 4909 7602 7597
f 4909 248 7600 7602
f 7602 7600 1968 7601
f 7597 7602 7601 1970
f 1970 7601 7606 7605
f 7601 1968 7603 7606
f 7606 7603 477 7604
f 7605 7606 7604 1969
f 1965 7598 7608 7591
f 7598 1970 7605 7608
f 7608 7605 1969 7607
f 7591 7608 7607 476
f 248 4913 7611 7600
f 4913 1283 7609 7611
f 7611 7609 1972 7610
f 7600 7611 7610 1968
f 1283 4921 7613 7609
f 4921 58 5485 7613
f 7613 5485 1424 7612
f 7609 7613 7612 1972
f 1972 7612 7616 7615
f 7612 1424 5482 7616
f 7616 5482 273 7614
f 7615 7616 7614 1971
f 1968 7610 7618 7603
f 7610 1972 7615 7618
f 7618 7615 1971 7617
f 7603 7618 7617 477
f 477 7619 7622 7604
f 7619 1973 7620 7622
f 7622 7620 1976 7621
f 7604 7622 7621 1969
f 1973 7623 7626 7620
f 7623 478 7624 7626
f 7626 7624 1974 7625
f 7620 7626 7625 1976
f 1976 7625 7630 7629
f 7625 1974 7627 7630
f 7630 7627 470 7628
f 7629 7630 7628 1975
f 1969 7621 7632 7607
f 7621 1976 7629 7632
f 7632 7629 1975 7631
f 7607 7632 7631 476
f 477 7617 7635 7619
f 7617 1971 7633 7635
f 7635 7633 1978 7634
f 7619 7635 7634 1973
f 1971 7614 7637 7633
f 7614 273 5235 7637
f 7637 5235 1357 7636
f 7633 7637 7636 1978
f 1978 7636 7640 7639
f 7636 1357 5232 7640
f 7640 5232 270 7638
f 7639 7640 7638 1977
f 1973 7634 7642 7623
f 7634 1978 7639 7642
f 7642 7639 1977 7641
f 7623 7642 7641 478
f 478 7643 7646 7624
f 7643 1979 7644 7646
f 7646 7644 1980 7645
f 7624 7646 7645 1974
f 1979 7647 7649 7644
f 7647 467 7435 7649
f 7649 7435 1929 7648
f 7644 7649 7648 1980
f 1980 7648 7651 7650
f 7648 1929 7432 7651
f 7651 7432 468 7475
f 7650 7651 7475 1939
f 1974 7645 7652 7627
f 7645 1980 7650 7652
f 7652 7650 1939 7472
f 7627 7652 7472 470
f 478 7641 7655 7643
f 7641 1977 7653 7655
f 7655 7653 1982 7654
f 7643 7655 7654 1979
f 1977 7638 7657 7653
f 7638 270 5226 7657
f 7657 5226 1354 7656
f 7653 7657 7656 1982
f 1982 7656 7660 7659
f 7656 1354 5223 7660
f 7660 5223 271 7658
f 7659 7660 7658 1981
f 1979 7654 7662 7647
f 7654 1982 7659 7662
f 7662 7659 1981 7661
f 7647 7662 7661 467
f 476 7631 7665 7592
f 7631 1975 7663 7665
f 7665 7663 1983 7664
f 7592 7665 7664 1966
f 1975 7628 7667 7663
f 7628 470 7471 7667
f 7667 7471 1938 7666
f 7663 7667 7666 1983
f 1983 7666 7669 7668
f 7666 1938 7468 7669
f 7669 7468 471 7511
f 7668 7669 7511 1948
f 1966 7664 7670 7595
f 7664 1983 7668 7670
f 7670 7668 1948 7508
f 7595 7670 7508 473
f 467 7661 7673 7436
f 7661 1981 7671 7673
f 7673 7671 1985 7672
f 7436 7673 7672 1930
f 1981 7658 7676 7671
f 7658 271 7674 7676
f 7676 7674 1984 7675
f 7671 7676 7675 1985
f 1985 7675 7679 7678
f 7675 1984 7677 7679
f 7679 7677 462 7393
f 7678 7679 7393 1919
f 1930 7672 7680 7439
f 7672 1985 7678 7680
f 7680 7678 1919 7390
f 7439 7680 7390 464
f 462 7677 7683 7366
f 7677 1984 7681 7683
f 7683 7681 1987 7682
f 7366 7683 7682 1913
f 1984 7674 7685 7681
f 7674 271 5222 7685
f 7685 5222 1353 7684
f 7681 7685 7684 1987
f 1987 7684 7688 7687
f 7684 1353 5219 7688
f 7688 5219 272 7686
f 7687 7688 7686 1986
f 1913 7682 7690 7369
f 7682 1987 7687 7690
f 7690 7687 1986 7689
f 7369 7690 7689 460
f 460 7689 7693 7342
f 7689 1986 7691 7693
f 7693 7691 1989 7692
f 7342 7693 7692 1907
f 1986 7686 7695 7691
f 7686 272 5265 7695
f 7695 5265 1365 7694
f 7691 7695 7694 1989
f 1989 7694 7698 7697
f 7694 1365 5262 7698
f 7698 5262 275 7696
f 7697 7698 7696 1988
f 1907 7692 7700 7345
f 7692 1989 7697 7700
f 7700 7697 1988 7699
f 7345 7700 7699 458
f 458 7699 7703 7318
f 7699 1988 7701 7703
f 7703 7701 1990 7702
f 7318 7703 7702 1901
f 1988 7696 7705 7701
f 7696 275 5343 7705
f 7705 5343 1386 7704
f 7701 7705 7704 1990
f 1990 7704 7707 7706
f 7704 1386 5340 7707
f 7707 5340 282 5743
f 7706 7707 5743 1493
f 1901 7702 7708 7321
f 7702 1990 7706 7708
f 7708 7706 1493 5740
f 7321 7708 5740 322
f 454 7273 7711 7230
f 7273 1889 7709 7711
f 7711 7709 1993 7710
f 7230 7711 7710 1879
f 1889 7270 7714 7709
f 7270 333 7712 7714
f 7714 7712 1991 7713
f 7709 7714 7713 1993
f 1993 7713 7718 7717
f 7713 1991 7715 7718
f 7718 7715 335 7716
f 7717 7718 7716 1992
f 1879 7710 7720 7233
f 7710 1993 7717 7720
f 7720 7717 1992 7719
f 7233 7720 7719 357
f 408 7041 7723 6618
f 7041 1833 7721 7723
f 7723 7721 1994 7722
f 6618 7723 7722 1728
f 1833 7038 7725 7721
f 7038 391 6489 7725
f 7725 6489 1692 7724
f 7721 7725 7724 1994
f 1994 7724 7727 7726
f 7724 1692 6486 7727
f 7727 6486 393 6579
f 7726 7727 6579 1717
f 1728 7722 7728 6621
f 7722 1994 7726 7728
f 7728 7726 1717 6576
f 6621 7728 6576 404
f 357 7719 7731 6124
f 7719 1992 7729 7731
f 7731 7729 1996 7730
f 6124 7731 7730 1598
f 1992 7716 7734 7729
f 7716 335 7732 7734
f 7734 7732 1995 7733
f 7729 7734 7733 1996
f 1996 7733 7737 7736
f 7733 1995 7735 7737
f 7737 7735 337 6097
f 7736 7737 6097 1590
f 1598 7730 7738 6127
f 7730 1996 7736 7738
f 7738 7736 1590 6094
f 6127 7738 6094 355
f 315 5669 7741 5622
f 5669 1474 7739 7741
f 7741 7739 1998 7740
f 5622 7741 7740 1462
f 1474 5666 7743 7739
f 5666 281 5326 7743
f 7743 5326 1381 7742
f 7739 7743 7742 1998
f 1998 7742 7746 7745
f 7742 1381 5323 7746
f 7746 5323 278 7744
f 7745 7746 7744 1997
f 1462 7740 7748 5625
f 7740 1998 7745 7748
f 7748 7745 1997 7747
f 5625 7748 7747 314
f 314 7749 7752 5626
f 7749 1999 7750 7752
f 7752 7750 2001 7751
f 5626 7752 7751 1463
f 1999 7753 7756 7750
f 7753 479 7754 7756
f 7756 7754 2000 7755
f 7750 7756 7755 2001
f 2001 7755 7759 7758
f 7755 2000 7757 7759
f 7759 7757 309 5585
f 7758 7759 5585 1451
f 1463 7751 7760 5629
f 7751 2001 7758 7760
f 7760 7758 1451 5582
f 5629 7760 5582 310
f 314 7747 7763 7749
f 7747 1997 7761 7763
f 7763 7761 2003 7762
f 7749 7763 7762 1999
f 1997 7744 7765 7761
f 7744 278 5316 7765
f 7765 5316 1378 7764
f 7761 7765 7764 2003
f 2003 7764 7768 7767
f 7764 1378 5313 7768
f 7768 5313 279 7766
f 7767 7768 7766 2002
f 1999 7762 7770 7753
f 7762 2003 7767 7770
f 7770 7767 2002 7769
f 7753 7770 7769 479
f 479 7771 7774 7754
f 7771 2004 7772 7774
f 7774 7772 2007 7773
f 7754 7774 7773 2000
f 2004 7775 7778 7772
f 7775 481 7776 7778
f 7778 7776 2005 7777
f 7772 7778 7777 2007
f 2007 7777 7782 7781
f 7777 2005 7779 7782
f 7782 7779 480 7780
f 7781 7782 7780 2006
f 2000 7773 7784 7757
f 7773 2007 7781 7784
f 7784 7781 2006 7783
f 7757 7784 7783 309
f 479 7769 7787 7771
f 7769 2002 7785 7787
f 7787 7785 2009 7786
f 7771 7787 7786 2004
f 2002 7766 7789 7785
f 7766 279 5367 7789
f 7789 5367 1393 7788
f 7785 7789 7788 2009
f 2009 7788 7792 7791
f 7788 1393 5364 7792
f 7792 5364 288 7790
f 7791 7792 7790 2008
f 2004 7786 7794 7775
f 7786 2009 7791 7794
f 7794 7791 2008 7793
f 7775 7794 7793 481
f 480 7795 7798 7780
f 7795 2010 7796 7798
f 7798 7796 2011 7797
f 7780 7798 7797 2006
f 2010 7799 7801 7796
f 7799 304 5545 7801
f 7801 5545 1440 7800
f 7796 7801 7800 2011
f 2011 7800 7803 7802
f 7800 1440 5542 7803
f 7803 5542 305 5589
f 7802 7803 5589 1452
f 2006 7797 7804 7783
f 7797 2011 7802 7804
f 7804 7802 1452 5586
f 7783 7804 5586 309
f 308 5570 7807 6024
f 5570 1446 7805 7807
f 7807 7805 2012 7806
f 6024 7807 7806 1573
f 1446 5567 7809 7805
f 5567 303 5534 7809
f 7809 5534 1436 7808
f 7805 7809 7808 2012
f 2012 7808 7811 7810
f 7808 1436 5531 7811
f 7811 5531 257 5140
f 7810 7811 5140 1329
f 1573 7806 7812 6027
f 7806 2012 7810 7812
f 7812 7810 1329 5137
f 6027 7812 5137 258
f 291 7813 7816 5402
f 7813 2013 7814 7816
f 7816 7814 2014 7815
f 5402 7816 7815 1403
f 2013 7817 7819 7814
f 7817 287 5356 7819
f 7819 5356 1389 7818
f 7814 7819 7818 2014
f 2014 7818 7821 7820
f 7818 1389 5353 7821
f 7821 5353 267 5210
f 7820 7821 5210 1349
f 1403 7815 7822 5405
f 7815 2014 7820 7822
f 7822 7820 1349 5207
f 5405 7822 5207 268
f 483 7823 7827 7826
f 7823 2015 7824 7827
f 7827 7824 2018 7825
f 7826 7827 7825 2017
f 2015 7828 7831 7824
f 7828 482 7829 7831
f 7831 7829 2016 7830
f 7824 7831 7830 2018
f 2018 7830 7834 7833
f 7830 2016 7832 7834
f 7834 7832 54 2981
f 7833 7834 2981 781
f 2017 7825 7836 7835
f 7825 2018 7833 7836
f 7836 7833 781 2978
f 7835 7836 2978 55
f 483 7826 7840 7839
f 7826 2017 7837 7840
f 7840 7837 2020 7838
f 7839 7840 7838 2019
f 2017 7835 7842 7837
f 7835 55 3005 7842
f 7842 3005 787 7841
f 7837 7842 7841 2020
f 2020 7841 7844 7843
f 7841 787 3002 7844
f 7844 3002 56 3045
f 7843 7844 3045 798
f 2019 7838 7846 7845
f 7838 2020 7843 7846
f 7846 7843 798 3042
f 7845 7846 3042 484
f 485 7847 7850 3038
f 7847 2021 7848 7850
f 7850 7848 2024 7849
f 3038 7850 7849 797
f 2021 7851 7854 7848
f 7851 548 7852 7854
f 7854 7852 2022 7853
f 7848 7854 7853 2024
f 2024 7853 7858 7857
f 7853 2022 7855 7858
f 7858 7855 518 7856
f 7857 7858 7856 2023
f 797 7849 7860 3041
f 7849 2024 7857 7860
f 7860 7857 2023 7859
f 3041 7860 7859 484
f 485 3071 7863 7847
f 3071 805 7861 7863
f 7863 7861 2027 7862
f 7847 7863 7862 2021
f 805 3068 7866 7861
f 3068 486 7864 7866
f 7866 7864 2025 7865
f 7861 7866 7865 2027
f 2027 7865 7870 7869
f 7865 2025 7867 7870
f 7870 7867 519 7868
f 7869 7870 7868 2026
f 2021 7862 7872 7851
f 7862 2027 7869 7872
f 7872 7869 2026 7871
f 7851 7872 7871 548
f 486 3067 7876 7875
f 3067 804 7873 7876
f 7876 7873 2030 7874
f 7875 7876 7874 2029
f 804 3064 7878 7873
f 3064 86 4572 7878
f 7878 4572 1196 7877
f 7873 7878 7877 2030
f 2030 7877 7881 7880
f 7877 1196 4569 7881
f 7881 4569 88 7879
f 7880 7881 7879 2028
f 2029 7874 7884 7883
f 7874 2030 7880 7884
f 7884 7880 2028 7882
f 7883 7884 7882 487
f 487 7882 7888 7887
f 7882 2028 7885 7888
f 7888 7885 2033 7886
f 7887 7888 7886 2032
f 2028 7879 7890 7885
f 7879 88 4536 7890
f 7890 4536 1187 7889
f 7885 7890 7889 2033
f 2033 7889 7893 7892
f 7889 1187 4533 7893
f 7893 4533 90 7891
f 7892 7893 7891 2031
f 2032 7886 7896 7895
f 7886 2033 7892 7896
f 7896 7892 2031 7894
f 7895 7896 7894 488
f 488 7894 7900 7899
f 7894 2031 7897 7900
f 7900 7897 2036 7898
f 7899 7900 7898 2035
f 2031 7891 7902 7897
f 7891 90 4563 7902
f 7902 4563 1194 7901
f 7897 7902 7901 2036
f 2036 7901 7905 7904
f 7901 1194 4560 7905
f 7905 4560 92 7903
f 7904 7905 7903 2034
f 2035 7898 7908 7907
f 7898 2036 7904 7908
f 7908 7904 2034 7906
f 7907 7908 7906 489
f 489 7906 7912 7911
f 7906 2034 7909 7912
f 7912 7909 2039 7910
f 7911 7912 7910 2038
f 2034 7903 7914 7909
f 7903 92 5023 7914
f 7914 5023 1304 7913
f 7909 7914 7913 2039
f 2039 7913 7917 7916
f 7913 1304 5020 7917
f 7917 5020 94 7915
f 7916 7917 7915 2037
f 2038 7910 7920 7919
f 7910 2039 7916 7920
f 7920 7916 2037 7918
f 7919 7920 7918 490
f 490 7918 7924 7923
f 7918 2037 7921 7924
f 7924 7921 2042 7922
f 7923 7924 7922 2041
f 2037 7915 7926 7921
f 7915 94 5041 7926
f 7926 5041 1307 7925
f 7921 7926 7925 2042
f 2042 7925 7929 7928
f 7925 1307 5038 7929
f 7929 5038 96 7927
f 7928 7929 7927 2040
f 2041 7922 7932 7931
f 7922 2042 7928 7932
f 7932 7928 2040 7930
f 7931 7932 7930 491
f 491 7930 7936 7935
f 7930 2040 7933 7936
f 7936 7933 2045 7934
f 7935 7936 7934 2044
f 2040 7927 7938 7933
f 7927 96 3372 7938
f 7938 3372 887 7937
f 7933 7938 7937 2045
f 2045 7937 7941 7940
f 7937 887 3369 7941
f 7941 3369 98 7939
f 7940 7941 7939 2043
f 2044 7934 7944 7943
f 7934 2045 7940 7944
f 7944 7940 2043 7942
f 7943 7944 7942 492
f 492 7942 7948 7947
f 7942 2043 7945 7948
f 7948 7945 2048 7946
f 7947 7948 7946 2047
f 2043 7939 7950 7945
f 7939 98 3348 7950
f 7950 3348 881 7949
f 7945 7950 7949 2048
f 2048 7949 7953 7952
f 7949 881 3345 7953
f 7953 3345 100 7951
f 7952 7953 7951 2046
f 2047 7946 7956 7955
f 7946 2048 7952 7956
f 7956 7952 2046 7954
f 7955 7956 7954 493
f 493 7954 7960 7959
f 7954 2046 7957 7960
f 7960 7957 2051 7958
f 7959 7960 7958 2050
f 2046 7951 7962 7957
f 7951 100 3324 7962
f 7962 3324 875 7961
f 7957 7962 7961 2051
f 2051 7961 7965 7964
f 7961 875 3321 7965
f 7965 3321 102 7963
f 7964 7965 7963 2049
f 2050 7958 7968 7967
f 7958 2051 7964 7968
f 7968 7964 2049 7966
f 7967 7968 7966 494
f 494 7966 7972 7971
f 7966 2049 7969 7972
f 7972 7969 2054 7970
f 7971 7972 7970 2053
f 2049 7963 7974 7969
f 7963 102 3288 7974
f 7974 3288 866 7973
f 7969 7974 7973 2054
f 2054 7973 7977 7976
f 7973 866 3285 7977
f 7977 3285 104 7975
f 7976 7977 7975 2052
f 2053 7970 7980 7979
f 7970 2054 7976 7980
f 7980 7976 2052 7978
f 7979 7980 7978 495
f 495 7978 7984 7983
f 7978 2052 7981 7984
f 7984 7981 2057 7982
f 7983 7984 7982 2056
f 2052 7975 7986 7981
f 7975 104 3260 7986
f 7986 3260 859 7985
f 7981 7986 7985 2057
f 2057 7985 7989 7988
f 7985 859 3255 7989
f 7989 3255 106 7987
f 7988 7989 7987 2055
f 2056 7982 7992 7991
f 7982 2057 7988 7992
f 7992 7988 2055 7990
f 7991 7992 7990 496
f 496 7990 7996 7995
f 7990 2055 7993 7996
f 7996 7993 2060 7994
f 7995 7996 7994 2059
f 2055 7987 7998 7993
f 7987 106 3273 7998
f 7998 3273 864 7997
f 7993 7998 7997 2060
f 2060 7997 8001 8000
f 7997 864 3279 8001
f 8001 3279 77 7999
f 8000 8001 7999 2058
f 2059 7994 8004 8003
f 7994 2060 8000 8004
f 8004 8000 2058 8002
f 8003 8004 8002 497
f 497 8002 8008 8007
f 8002 2058 8005 8008
f 8008 8005 2063 8006
f 8007 8008 8006 2062
f 2058 7999 8010 8005
f 7999 77 2927 8010
f 8010 2927 767 8009
f 8005 8010 8009 2063
f 2063 8009 8013 8012
f 8009 767 2924 8013
f 8013 2924 76 8011
f 8012 8013 8011 2061
f 2062 8006 8016 8015
f 8006 2063 8012 8016
f 8016 8012 2061 8014
f 8015 8016 8014 498
f 498 8014 8020 8019
f 8014 2061 8017 8020
f 8020 8017 2065 8018
f 8019 8020 8018 2064
f 2061 8011 8022 8017
f 8011 76 2957 8022
f 8022 2957 775 8021
f 8017 8022 8021 2065
f 2065 8021 8024 8023
f 8021 775 2954 8024
f 8024 2954 54 7832
f 8023 8024 7832 2016
f 2064 8018 8026 8025
f 8018 2065 8023 8026
f 8026 8023 2016 7829
f 8025 8026 7829 482
f 499 8027 8031 8030
f 8027 2066 8028 8031
f 8031 8028 2069 8029
f 8030 8031 8029 2068
f 2066 8032 8034 8028
f 8032 297 5701 8034
f 8034 5701 1482 8033
f 8028 8034 8033 2069
f 2069 8033 8037 8036
f 8033 1482 5698 8037
f 8037 5698 296 8035
f 8036 8037 8035 2067
f 2068 8029 8040 8039
f 8029 2069 8036 8040
f 8040 8036 2067 8038
f 8039 8040 8038 500
f 499 8041 8044 8027
f 8041 2070 8042 8044
f 8044 8042 2071 8043
f 8027 8044 8043 2066
f 2070 8045 8047 8042
f 8045 501 5764 8047
f 8047 5764 1498 8046
f 8042 8047 8046 2071
f 2071 8046 8049 8048
f 8046 1498 5761 8049
f 8049 5761 298 5725
f 8048 8049 5725 1488
f 2066 8043 8050 8032
f 8043 2071 8048 8050
f 8050 8048 1488 5722
f 8032 8050 5722 297
f 502 5768 8054 8053
f 5768 1499 8051 8054
f 8054 8051 2075 8052
f 8053 8054 8052 2074
f 1499 5765 8057 8051
f 5765 501 8055 8057
f 8057 8055 2072 8056
f 8051 8057 8056 2075
f 2075 8056 8061 8060
f 8056 2072 8058 8061
f 8061 8058 534 8059
f 8060 8061 8059 2073
f 2074 8052 8064 8063
f 8052 2075 8060 8064
f 8064 8060 2073 8062
f 8063 8064 8062 549
f 502 8053 8067 5788
f 8053 2074 8065 8067
f 8067 8065 2078 8066
f 5788 8067 8066 1506
f 2074 8063 8070 8065
f 8063 549 8068 8070
f 8070 8068 2076 8069
f 8065 8070 8069 2078
f 2078 8069 8074 8073
f 8069 2076 8071 8074
f 8074 8071 536 8072
f 8073 8074 8072 2077
f 1506 8066 8076 5791
f 8066 2078 8073 8076
f 8076 8073 2077 8075
f 5791 8076 8075 503
f 503 8077 8080 5792
f 8077 2079 8078 8080
f 8080 8078 2081 8079
f 5792 8080 8079 1507
f 2079 8081 8084 8078
f 8081 504 8082 8084
f 8084 8082 2080 8083
f 8078 8084 8083 2081
f 2081 8083 8087 8086
f 8083 2080 8085 8087
f 8087 8085 329 7285
f 8086 8087 7285 1892
f 1507 8079 8088 5795
f 8079 2081 8086 8088
f 8088 8086 1892 7282
f 5795 8088 7282 327
f 504 8089 8092 8082
f 8089 2082 8090 8092
f 8092 8090 2084 8091
f 8082 8092 8091 2080
f 2082 8093 8096 8090
f 8093 505 8094 8096
f 8096 8094 2083 8095
f 8090 8096 8095 2084
f 2084 8095 8099 8098
f 8095 2083 8097 8099
f 8099 8097 331 7250
f 8098 8099 7250 1883
f 2080 8091 8100 8085
f 8091 2084 8098 8100
f 8100 8098 1883 7247
f 8085 8100 7247 329
f 505 8101 8104 8094
f 8101 2085 8102 8104
f 8104 8102 2087 8103
f 8094 8104 8103 2083
f 2085 8105 8108 8102
f 8105 506 8106 8108
f 8108 8106 2086 8107
f 8102 8108 8107 2087
f 2087 8107 8111 8110
f 8107 2086 8109 8111
f 8111 8109 333 7269
f 8110 8111 7269 1888
f 2083 8103 8112 8097
f 8103 2087 8110 8112
f 8112 8110 1888 7266
f 8097 8112 7266 331
f 506 8113 8116 8106
f 8113 2088 8114 8116
f 8116 8114 2090 8115
f 8106 8116 8115 2086
f 2088 8117 8120 8114
f 8117 507 8118 8120
f 8120 8118 2089 8119
f 8114 8120 8119 2090
f 2090 8119 8123 8122
f 8119 2089 8121 8123
f 8123 8121 335 7715
f 8122 8123 7715 1991
f 2086 8115 8124 8109
f 8115 2090 8122 8124
f 8124 8122 1991 7712
f 8109 8124 7712 333
f 507 8125 8128 8118
f 8125 2091 8126 8128
f 8128 8126 2093 8127
f 8118 8128 8127 2089
f 2091 8129 8132 8126
f 8129 508 8130 8132
f 8132 8130 2092 8131
f 8126 8132 8131 2093
f 2093 8131 8135 8134
f 8131 2092 8133 8135
f 8135 8133 337 7735
f 8134 8135 7735 1995
f 2089 8127 8136 8121
f 8127 2093 8134 8136
f 8136 8134 1995 7732
f 8121 8136 7732 335
f 508 8137 8140 8130
f 8137 2094 8138 8140
f 8140 8138 2096 8139
f 8130 8140 8139 2092
f 2094 8141 8144 8138
f 8141 509 8142 8144
f 8144 8142 2095 8143
f 8138 8144 8143 2096
f 2096 8143 8147 8146
f 8143 2095 8145 8147
f 8147 8145 339 6101
f 8146 8147 6101 1591
f 2092 8139 8148 8133
f 8139 2096 8146 8148
f 8148 8146 1591 6098
f 8133 8148 6098 337
f 509 8149 8152 8142
f 8149 2097 8150 8152
f 8152 8150 2099 8151
f 8142 8152 8151 2095
f 2097 8153 8156 8150
f 8153 510 8154 8156
f 8156 8154 2098 8155
f 8150 8156 8155 2099
f 2099 8155 8159 8158
f 8155 2098 8157 8159
f 8159 8157 341 6077
f 8158 8159 6077 1585
f 2095 8151 8160 8145
f 8151 2099 8158 8160
f 8160 8158 1585 6074
f 8145 8160 6074 339
f 510 8161 8164 8154
f 8161 2100 8162 8164
f 8164 8162 2102 8163
f 8154 8164 8163 2098
f 2100 8165 8168 8162
f 8165 511 8166 8168
f 8168 8166 2101 8167
f 8162 8168 8167 2102
f 2102 8167 8171 8170
f 8167 2101 8169 8171
f 8171 8169 343 6053
f 8170 8171 6053 1579
f 2098 8163 8172 8157
f 8163 2102 8170 8172
f 8172 8170 1579 6050
f 8157 8172 6050 341
f 511 8173 8176 8166
f 8173 2103 8174 8176
f 8176 8174 2105 8175
f 8166 8176 8175 2101
f 2103 8177 8180 8174
f 8177 512 8178 8180
f 8180 8178 2104 8179
f 8174 8180 8179 2105
f 2105 8179 8183 8182
f 8179 2104 8181 8183
f 8183 8181 345 6017
f 8182 8183 6017 1570
f 2101 8175 8184 8169
f 8175 2105 8182 8184
f 8184 8182 1570 6014
f 8169 8184 6014 343
f 512 8185 8188 8178
f 8185 2106 8186 8188
f 8188 8186 2108 8187
f 8178 8188 8187 2104
f 2106 8189 8192 8186
f 8189 513 8190 8192
f 8192 8190 2107 8191
f 8186 8192 8191 2108
f 2108 8191 8195 8194
f 8191 2107 8193 8195
f 8195 8193 347 5982
f 8194 8195 5982 1564
f 2104 8187 8196 8181
f 8187 2108 8194 8196
f 8196 8194 1564 5993
f 8181 8196 5993 345
f 513 8197 8200 8190
f 8197 2109 8198 8200
f 8200 8198 2111 8199
f 8190 8200 8199 2107
f 2109 8201 8204 8198
f 8201 514 8202 8204
f 8204 8202 2110 8203
f 8198 8204 8203 2111
f 2111 8203 8207 8206
f 8203 2110 8205 8207
f 8207 8205 318 5999
f 8206 8207 5999 1566
f 2107 8199 8208 8193
f 8199 2111 8206 8208
f 8208 8206 1566 5995
f 8193 8208 5995 347
f 514 8209 8212 8202
f 8209 2112 8210 8212
f 8212 8210 2114 8211
f 8202 8212 8211 2110
f 2112 8213 8216 8210
f 8213 515 8214 8216
f 8216 8214 2113 8215
f 8210 8216 8215 2114
f 2114 8215 8219 8218
f 8215 2113 8217 8219
f 8219 8217 317 5654
f 8218 8219 5654 1469
f 2110 8211 8220 8205
f 8211 2114 8218 8220
f 8220 8218 1469 5651
f 8205 8220 5651 318
f 515 8221 8224 8214
f 8221 2115 8222 8224
f 8224 8222 2116 8223
f 8214 8224 8223 2113
f 2115 8225 8227 8222
f 8225 500 8038 8227
f 8227 8038 2067 8226
f 8222 8227 8226 2116
f 2116 8226 8229 8228
f 8226 2067 8035 8229
f 8229 8035 296 5677
f 8228 8229 5677 1476
f 2113 8223 8230 8217
f 8223 2116 8228 8230
f 8230 8228 1476 5674
f 8217 8230 5674 317
f 517 8231 8235 8234
f 8231 2117 8232 8235
f 8235 8232 2120 8233
f 8234 8235 8233 2119
f 2117 8236 8239 8232
f 8236 516 8237 8239
f 8239 8237 2118 8238
f 8232 8239 8238 2120
f 2120 8238 8242 8241
f 8238 2118 8240 8242
f 8242 8240 482 7828
f 8241 8242 7828 2015
f 2119 8233 8244 8243
f 8233 2120 8241 8244
f 8244 8241 2015 7823
f 8243 8244 7823 483
f 517 8234 8248 8247
f 8234 2119 8245 8248
f 8248 8245 2122 8246
f 8247 8248 8246 2121
f 2119 8243 8250 8245
f 8243 483 7839 8250
f 8250 7839 2019 8249
f 8245 8250 8249 2122
f 2122 8249 8252 8251
f 8249 2019 7845 8252
f 8252 7845 484 7859
f 8251 8252 7859 2023
f 2121 8246 8254 8253
f 8246 2122 8251 8254
f 8254 8251 2023 7856
f 8253 8254 7856 518
f 519 7867 8258 8257
f 7867 2025 8255 8258
f 8258 8255 2125 8256
f 8257 8258 8256 2124
f 2025 7864 8260 8255
f 7864 486 7875 8260
f 8260 7875 2029 8259
f 8255 8260 8259 2125
f 2125 8259 8263 8262
f 8259 2029 7883 8263
f 8263 7883 487 8261
f 8262 8263 8261 2123
f 2124 8256 8266 8265
f 8256 2125 8262 8266
f 8266 8262 2123 8264
f 8265 8266 8264 520
f 520 8264 8270 8269
f 8264 2123 8267 8270
f 8270 8267 2128 8268
f 8269 8270 8268 2127
f 2123 8261 8272 8267
f 8261 487 7887 8272
f 8272 7887 2032 8271
f 8267 8272 8271 2128
f 2128 8271 8275 8274
f 8271 2032 7895 8275
f 8275 7895 488 8273
f 8274 8275 8273 2126
f 2127 8268 8278 8277
f 8268 2128 8274 8278
f 8278 8274 2126 8276
f 8277 8278 8276 521
f 521 8276 8282 8281
f 8276 2126 8279 8282
f 8282 8279 2131 8280
f 8281 8282 8280 2130
f 2126 8273 8284 8279
f 8273 488 7899 8284
f 8284 7899 2035 8283
f 8279 8284 8283 2131
f 2131 8283 8287 8286
f 8283 2035 7907 8287
f 8287 7907 489 8285
f 8286 8287 8285 2129
f 2130 8280 8290 8289
f 8280 2131 8286 8290
f 8290 8286 2129 8288
f 8289 8290 8288 522
f 522 8288 8294 8293
f 8288 2129 8291 8294
f 8294 8291 2134 8292
f 8293 8294 8292 2133
f 2129 8285 8296 8291
f 8285 489 7911 8296
f 8296 7911 2038 8295
f 8291 8296 8295 2134
f 2134 8295 8299 8298
f 8295 2038 7919 8299
f 8299 7919 490 8297
f 8298 8299 8297 2132
f 2133 8292 8302 8301
f 8292 2134 8298 8302
f 8302 8298 2132 8300
f 8301 8302 8300 523
f 523 8300 8306 8305
f 8300 2132 8303 8306
f 8306 8303 2137 8304
f 8305 8306 8304 2136
f 2132 8297 8308 8303
f 8297 490 7923 8308
f 8308 7923 2041 8307
f 8303 8308 8307 2137
f 2137 8307 8311 8310
f 8307 2041 7931 8311
f 8311 7931 491 8309
f 8310 8311 8309 2135
f 2136 8304 8314 8313
f 8304 2137 8310 8314
f 8314 8310 2135 8312
f 8313 8314 8312 524
f 524 8312 8318 8317
f 8312 2135 8315 8318
f 8318 8315 2140 8316
f 8317 8318 8316 2139
f 2135 8309 8320 8315
f 8309 491 7935 8320
f 8320 7935 2044 8319
f 8315 8320 8319 2140
f 2140 8319 8323 8322
f 8319 2044 7943 8323
f 8323 7943 492 8321
f 8322 8323 8321 2138
f 2139 8316 8326 8325
f 8316 2140 8322 8326
f 8326 8322 2138 8324
f 8325 8326 8324 525
f 525 8324 8330 8329
f 8324 2138 8327 8330
f 8330 8327 2143 8328
f 8329 8330 8328 2142
f 2138 8321 8332 8327
f 8321 492 7947 8332
f 8332 7947 2047 8331
f 8327 8332 8331 2143
f 2143 8331 8335 8334
f 8331 2047 7955 8335
f 8335 7955 493 8333
f 8334 8335 8333 2141
f 2142 8328 8338 8337
f 8328 2143 8334 8338
f 8338 8334 2141 8336
f 8337 8338 8336 526
f 526 8336 8342 8341
f 8336 2141 8339 8342
f 8342 8339 2146 8340
f 8341 8342 8340 2145
f 2141 8333 8344 8339
f 8333 493 7959 8344
f 8344 7959 2050 8343
f 8339 8344 8343 2146
f 2146 8343 8347 8346
f 8343 2050 7967 8347
f 8347 7967 494 8345
f 8346 8347 8345 2144
f 2145 8340 8350 8349
f 8340 2146 8346 8350
f 8350 8346 2144 8348
f 8349 8350 8348 527
f 527 8348 8354 8353
f 8348 2144 8351 8354
f 8354 8351 2149 8352
f 8353 8354 8352 2148
f 2144 8345 8356 8351
f 8345 494 7971 8356
f 8356 7971 2053 8355
f 8351 8356 8355 2149
f 2149 8355 8359 8358
f 8355 2053 7979 8359
f 8359 7979 495 8357
f 8358 8359 8357 2147
f 2148 8352 8362 8361
f 8352 2149 8358 8362
f 8362 8358 2147 8360
f 8361 8362 8360 528
f 528 8360 8366 8365
f 8360 2147 8363 8366
f 8366 8363 2152 8364
f 8365 8366 8364 2151
f 2147 8357 8368 8363
f 8357 495 7983 8368
f 8368 7983 2056 8367
f 8363 8368 8367 2152
f 2152 8367 8371 8370
f 8367 2056 7991 8371
f 8371 7991 496 8369
f 8370 8371 8369 2150
f 2151 8364 8374 8373
f 8364 2152 8370 8374
f 8374 8370 2150 8372
f 8373 8374 8372 529
f 529 8372 8378 8377
f 8372 2150 8375 8378
f 8378 8375 2155 8376
f 8377 8378 8376 2154
f 2150 8369 8380 8375
f 8369 496 7995 8380
f 8380 7995 2059 8379
f 8375 8380 8379 2155
f 2155 8379 8383 8382
f 8379 2059 8003 8383
f 8383 8003 497 8381
f 8382 8383 8381 2153
f 2154 8376 8386 8385
f 8376 2155 8382 8386
f 8386 8382 2153 8384
f 8385 8386 8384 530
f 530 8384 8390 8389
f 8384 2153 8387 8390
f 8390 8387 2158 8388
f 8389 8390 8388 2157
f 2153 8381 8392 8387
f 8381 497 8007 8392
f 8392 8007 2062 8391
f 8387 8392 8391 2158
f 2158 8391 8395 8394
f 8391 2062 8015 8395
f 8395 8015 498 8393
f 8394 8395 8393 2156
f 2157 8388 8398 8397
f 8388 2158 8394 8398
f 8398 8394 2156 8396
f 8397 8398 8396 531
f 531 8396 8402 8401
f 8396 2156 8399 8402
f 8402 8399 2160 8400
f 8401 8402 8400 2159
f 2156 8393 8404 8399
f 8393 498 8019 8404
f 8404 8019 2064 8403
f 8399 8404 8403 2160
f 2160 8403 8406 8405
f 8403 2064 8025 8406
f 8406 8025 482 8240
f 8405 8406 8240 2118
f 2159 8400 8408 8407
f 8400 2160 8405 8408
f 8408 8405 2118 8237
f 8407 8408 8237 516
f 532 8409 8413 8412
f 8409 2161 8410 8413
f 8413 8410 2164 8411
f 8412 8413 8411 2163
f 2161 8414 8416 8410
f 8414 499 8030 8416
f 8416 8030 2068 8415
f 8410 8416 8415 2164
f 2164 8415 8419 8418
f 8415 2068 8039 8419
f 8419 8039 500 8417
f 8418 8419 8417 2162
f 2163 8411 8422 8421
f 8411 2164 8418 8422
f 8422 8418 2162 8420
f 8421 8422 8420 533
f 532 8423 8426 8409
f 8423 2165 8424 8426
f 8426 8424 2166 8425
f 8409 8426 8425 2161
f 2165 8427 8429 8424
f 8427 534 8058 8429
f 8429 8058 2072 8428
f 8424 8429 8428 2166
f 2166 8428 8431 8430
f 8428 2072 8055 8431
f 8431 8055 501 8045
f 8430 8431 8045 2070
f 2161 8425 8432 8414
f 8425 2166 8430 8432
f 8432 8430 2070 8041
f 8414 8432 8041 499
f 536 8433 8436 8072
f 8433 2167 8434 8436
f 8436 8434 2169 8435
f 8072 8436 8435 2077
f 2167 8437 8440 8434
f 8437 535 8438 8440
f 8440 8438 2168 8439
f 8434 8440 8439 2169
f 2169 8439 8443 8442
f 8439 2168 8441 8443
f 8443 8441 504 8081
f 8442 8443 8081 2079
f 2077 8435 8444 8075
f 8435 2169 8442 8444
f 8444 8442 2079 8077
f 8075 8444 8077 503
f 535 8445 8448 8438
f 8445 2170 8446 8448
f 8448 8446 2172 8447
f 8438 8448 8447 2168
f 2170 8449 8452 8446
f 8449 537 8450 8452
f 8452 8450 2171 8451
f 8446 8452 8451 2172
f 2172 8451 8455 8454
f 8451 2171 8453 8455
f 8455 8453 505 8093
f 8454 8455 8093 2082
f 2168 8447 8456 8441
f 8447 2172 8454 8456
f 8456 8454 2082 8089
f 8441 8456 8089 504
f 537 8457 8460 8450
f 8457 2173 8458 8460
f 8460 8458 2175 8459
f 8450 8460 8459 2171
f 2173 8461 8464 8458
f 8461 538 8462 8464
f 8464 8462 2174 8463
f 8458 8464 8463 2175
f 2175 8463 8467 8466
f 8463 2174 8465 8467
f 8467 8465 506 8105
f 8466 8467 8105 2085
f 2171 8459 8468 8453
f 8459 2175 8466 8468
f 8468 8466 2085 8101
f 8453 8468 8101 505
f 538 8469 8472 8462
f 8469 2176 8470 8472
f 8472 8470 2178 8471
f 8462 8472 8471 2174
f 2176 8473 8476 8470
f 8473 539 8474 8476
f 8476 8474 2177 8475
f 8470 8476 8475 2178
f 2178 8475 8479 8478
f 8475 2177 8477 8479
f 8479 8477 507 8117
f 8478 8479 8117 2088
f 2174 8471 8480 8465
f 8471 2178 8478 8480
f 8480 8478 2088 8113
f 8465 8480 8113 506
f 539 8481 8484 8474
f 8481 2179 8482 8484
f 8484 8482 2181 8483
f 8474 8484 8483 2177
f 2179 8485 8488 8482
f 8485 540 8486 8488
f 8488 8486 2180 8487
f 8482 8488 8487 2181
f 2181 8487 8491 8490
f 8487 2180 8489 8491
f 8491 8489 508 8129
f 8490 8491 8129 2091
f 2177 8483 8492 8477
f 8483 2181 8490 8492
f 8492 8490 2091 8125
f 8477 8492 8125 507
f 540 8493 8496 8486
f 8493 2182 8494 8496
f 8496 8494 2184 8495
f 8486 8496 8495 2180
f 2182 8497 8500 8494
f 8497 541 8498 8500
f 8500 8498 2183 8499
f 8494 8500 8499 2184
f 2184 8499 8503 8502
f 8499 2183 8501 8503
f 8503 8501 509 8141
f 8502 8503 8141 2094
f 2180 8495 8504 8489
f 8495 2184 8502 8504
f 8504 8502 2094 8137
f 8489 8504 8137 508
f 541 8505 8508 8498
f 8505 2185 8506 8508
f 8508 8506 2187 8507
f 8498 8508 8507 2183
f 2185 8509 8512 8506
f 8509 542 8510 8512
f 8512 8510 2186 8511
f 8506 8512 8511 2187
f 2187 8511 8515 8514
f 8511 2186 8513 8515
f 8515 8513 510 8153
f 8514 8515 8153 2097
f 2183 8507 8516 8501
f 8507 2187 8514 8516
f 8516 8514 2097 8149
f 8501 8516 8149 509
f 542 8517 8520 8510
f 8517 2188 8518 8520
f 8520 8518 2190 8519
f 8510 8520 8519 2186
f 2188 8521 8524 8518
f 8521 543 8522 8524
f 8524 8522 2189 8523
f 8518 8524 8523 2190
f 2190 8523 8527 8526
f 8523 2189 8525 8527
f 8527 8525 511 8165
f 8526 8527 8165 2100
f 2186 8519 8528 8513
f 8519 2190 8526 8528
f 8528 8526 2100 8161
f 8513 8528 8161 510
f 543 8529 8532 8522
f 8529 2191 8530 8532
f 8532 8530 2193 8531
f 8522 8532 8531 2189
f 2191 8533 8536 8530
f 8533 544 8534 8536
f 8536 8534 2192 8535
f 8530 8536 8535 2193
f 2193 8535 8539 8538
f 8535 2192 8537 8539
f 8539 8537 512 8177
f 8538 8539 8177 2103
f 2189 8531 8540 8525
f 8531 2193 8538 8540
f 8540 8538 2103 8173
f 8525 8540 8173 511
f 544 8541 8544 8534
f 8541 2194 8542 8544
f 8544 8542 2196 8543
f 8534 8544 8543 2192
f 2194 8545 8548 8542
f 8545 545 8546 8548
f 8548 8546 2195 8547
f 8542 8548 8547 2196
f 2196 8547 8551 8550
f 8547 2195 8549 8551
f 8551 8549 513 8189
f 8550 8551 8189 2106
f 2192 8543 8552 8537
f 8543 2196 8550 8552
f 8552 8550 2106 8185
f 8537 8552 8185 512
f 545 8553 8556 8546
f 8553 2197 8554 8556
f 8556 8554 2199 8555
f 8546 8556 8555 2195
f 2197 8557 8560 8554
f 8557 546 8558 8560
f 8560 8558 2198 8559
f 8554 8560 8559 2199
f 2199 8559 8563 8562
f 8559 2198 8561 8563
f 8563 8561 514 8201
f 8562 8563 8201 2109
f 2195 8555 8564 8549
f 8555 2199 8562 8564
f 8564 8562 2109 8197
f 8549 8564 8197 513
f 546 8565 8568 8558
f 8565 2200 8566 8568
f 8568 8566 2202 8567
f 8558 8568 8567 2198
f 2200 8569 8572 8566
f 8569 547 8570 8572
f 8572 8570 2201 8571
f 8566 8572 8571 2202
f 2202 8571 8575 8574
f 8571 2201 8573 8575
f 8575 8573 515 8213
f 8574 8575 8213 2112
f 2198 8567 8576 8561
f 8567 2202 8574 8576
f 8576 8574 2112 8209
f 8561 8576 8209 514
f 547 8577 8580 8570
f 8577 2203 8578 8580
f 8580 8578 2204 8579
f 8570 8580 8579 2201
f 2203 8581 8583 8578
f 8581 533 8420 8583
f 8583 8420 2162 8582
f 8578 8583 8582 2204
f 2204 8582 8585 8584
f 8582 2162 8417 8585
f 8585 8417 500 8225
f 8584 8585 8225 2115
f 2201 8579 8586 8573
f 8579 2204 8584 8586
f 8586 8584 2115 8221
f 8573 8586 8221 515
f 548 8587 8590 7852
f 8587 2205 8588 8590
f 8590 8588 2208 8589
f 7852 8590 8589 2022
f 2205 8591 8594 8588
f 8591 582 8592 8594
f 8594 8592 2206 8593
f 8588 8594 8593 2208
f 2208 8593 8598 8597
f 8593 2206 8595 8598
f 8598 8595 552 8596
f 8597 8598 8596 2207
f 2022 8589 8600 7855
f 8589 2208 8597 8600
f 8600 8597 2207 8599
f 7855 8600 8599 518
f 548 7871 8603 8587
f 7871 2026 8601 8603
f 8603 8601 2211 8602
f 8587 8603 8602 2205
f 2026 7868 8606 8601
f 7868 519 8604 8606
f 8606 8604 2209 8605
f 8601 8606 8605 2211
f 2211 8605 8610 8609
f 8605 2209 8607 8610
f 8610 8607 553 8608
f 8609 8610 8608 2210
f 2205 8602 8612 8591
f 8602 2211 8609 8612
f 8612 8609 2210 8611
f 8591 8612 8611 582
f 549 8062 8616 8615
f 8062 2073 8613 8616
f 8616 8613 2215 8614
f 8615 8616 8614 2214
f 2073 8059 8619 8613
f 8059 534 8617 8619
f 8619 8617 2212 8618
f 8613 8619 8618 2215
f 2215 8618 8623 8622
f 8618 2212 8620 8623
f 8623 8620 568 8621
f 8622 8623 8621 2213
f 2214 8614 8626 8625
f 8614 2215 8622 8626
f 8626 8622 2213 8624
f 8625 8626 8624 583
f 549 8615 8629 8068
f 8615 2214 8627 8629
f 8629 8627 2218 8628
f 8068 8629 8628 2076
f 2214 8625 8632 8627
f 8625 583 8630 8632
f 8632 8630 2216 8631
f 8627 8632 8631 2218
f 2218 8631 8636 8635
f 8631 2216 8633 8636
f 8636 8633 570 8634
f 8635 8636 8634 2217
f 2076 8628 8638 8071
f 8628 2218 8635 8638
f 8638 8635 2217 8637
f 8071 8638 8637 536
f 551 8639 8643 8642
f 8639 2219 8640 8643
f 8643 8640 2222 8641
f 8642 8643 8641 2221
f 2219 8644 8647 8640
f 8644 550 8645 8647
f 8647 8645 2220 8646
f 8640 8647 8646 2222
f 2222 8646 8650 8649
f 8646 2220 8648 8650
f 8650 8648 516 8236
f 8649 8650 8236 2117
f 2221 8641 8652 8651
f 8641 2222 8649 8652
f 8652 8649 2117 8231
f 8651 8652 8231 517
f 551 8642 8656 8655
f 8642 2221 8653 8656
f 8656 8653 2224 8654
f 8655 8656 8654 2223
f 2221 8651 8658 8653
f 8651 517 8247 8658
f 8658 8247 2121 8657
f 8653 8658 8657 2224
f 2224 8657 8660 8659
f 8657 2121 8253 8660
f 8660 8253 518 8599
f 8659 8660 8599 2207
f 2223 8654 8662 8661
f 8654 2224 8659 8662
f 8662 8659 2207 8596
f 8661 8662 8596 552
f 553 8607 8666 8665
f 8607 2209 8663 8666
f 8666 8663 2227 8664
f 8665 8666 8664 2226
f 2209 8604 8668 8663
f 8604 519 8257 8668
f 8668 8257 2124 8667
f 8663 8668 8667 2227
f 2227 8667 8671 8670
f 8667 2124 8265 8671
f 8671 8265 520 8669
f 8670 8671 8669 2225
f 2226 8664 8674 8673
f 8664 2227 8670 8674
f 8674 8670 2225 8672
f 8673 8674 8672 554
f 554 8672 8678 8677
f 8672 2225 8675 8678
f 8678 8675 2230 8676
f 8677 8678 8676 2229
f 2225 8669 8680 8675
f 8669 520 8269 8680
f 8680 8269 2127 8679
f 8675 8680 8679 2230
f 2230 8679 8683 8682
f 8679 2127 8277 8683
f 8683 8277 521 8681
f 8682 8683 8681 2228
f 2229 8676 8686 8685
f 8676 2230 8682 8686
f 8686 8682 2228 8684
f 8685 8686 8684 555
f 555 8684 8690 8689
f 8684 2228 8687 8690
f 8690 8687 2233 8688
f 8689 8690 8688 2232
f 2228 8681 8692 8687
f 8681 521 8281 8692
f 8692 8281 2130 8691
f 8687 8692 8691 2233
f 2233 8691 8695 8694
f 8691 2130 8289 8695
f 8695 8289 522 8693
f 8694 8695 8693 2231
f 2232 8688 8698 8697
f 8688 2233 8694 8698
f 8698 8694 2231 8696
f 8697 8698 8696 556
f 556 8696 8702 8701
f 8696 2231 8699 8702
f 8702 8699 2236 8700
f 8701 8702 8700 2235
f 2231 8693 8704 8699
f 8693 522 8293 8704
f 8704 8293 2133 8703
f 8699 8704 8703 2236
f 2236 8703 8707 8706
f 8703 2133 8301 8707
f 8707 8301 523 8705
f 8706 8707 8705 2234
f 2235 8700 8710 8709
f 8700 2236 8706 8710
f 8710 8706 2234 8708
f 8709 8710 8708 557
f 557 8708 8714 8713
f 8708 2234 8711 8714
f 8714 8711 2239 8712
f 8713 8714 8712 2238
f 2234 8705 8716 8711
f 8705 523 8305 8716
f 8716 8305 2136 8715
f 8711 8716 8715 2239
f 2239 8715 8719 8718
f 8715 2136 8313 8719
f 8719 8313 524 8717
f 8718 8719 8717 2237
f 2238 8712 8722 8721
f 8712 2239 8718 8722
f 8722 8718 2237 8720
f 8721 8722 8720 558
f 558 8720 8726 8725
f 8720 2237 8723 8726
f 8726 8723 2242 8724
f 8725 8726 8724 2241
f 2237 8717 8728 8723
f 8717 524 8317 8728
f 8728 8317 2139 8727
f 8723 8728 8727 2242
f 2242 8727 8731 8730
f 8727 2139 8325 8731
f 8731 8325 525 8729
f 8730 8731 8729 2240
f 2241 8724 8734 8733
f 8724 2242 8730 8734
f 8734 8730 2240 8732
f 8733 8734 8732 559
f 559 8732 8738 8737
f 8732 2240 8735 8738
f 8738 8735 2245 8736
f 8737 8738 8736 2244
f 2240 8729 8740 8735
f 8729 525 8329 8740
f 8740 8329 2142 8739
f 8735 8740 8739 2245
f 2245 8739 8743 8742
f 8739 2142 8337 8743
f 8743 8337 526 8741
f 8742 8743 8741 2243
f 2244 8736 8746 8745
f 8736 2245 8742 8746
f 8746 8742 2243 8744
f 8745 8746 8744 560
f 560 8744 8750 8749
f 8744 2243 8747 8750
f 8750 8747 2248 8748
f 8749 8750 8748 2247
f 2243 8741 8752 8747
f 8741 526 8341 8752
f 8752 8341 2145 8751
f 8747 8752 8751 2248
f 2248 8751 8755 8754
f 8751 2145 8349 8755
f 8755 8349 527 8753
f 8754 8755 8753 2246
f 2247 8748 8758 8757
f 8748 2248 8754 8758
f 8758 8754 2246 8756
f 8757 8758 8756 561
f 561 8756 8762 8761
f 8756 2246 8759 8762
f 8762 8759 2251 8760
f 8761 8762 8760 2250
f 2246 8753 8764 8759
f 8753 527 8353 8764
f 8764 8353 2148 8763
f 8759 8764 8763 2251
f 2251 8763 8767 8766
f 8763 2148 8361 8767
f 8767 8361 528 8765
f 8766 8767 8765 2249
f 2250 8760 8770 8769
f 8760 2251 8766 8770
f 8770 8766 2249 8768
f 8769 8770 8768 562
f 562 8768 8774 8773
f 8768 2249 8771 8774
f 8774 8771 2254 8772
f 8773 8774 8772 2253
f 2249 8765 8776 8771
f 8765 528 8365 8776
f 8776 8365 2151 8775
f 8771 8776 8775 2254
f 2254 8775 8779 8778
f 8775 2151 8373 8779
f 8779 8373 529 8777
f 8778 8779 8777 2252
f 2253 8772 8782 8781
f 8772 2254 8778 8782
f 8782 8778 2252 8780
f 8781 8782 8780 563
f 563 8780 8786 8785
f 8780 2252 8783 8786
f 8786 8783 2257 8784
f 8785 8786 8784 2256
f 2252 8777 8788 8783
f 8777 529 8377 8788
f 8788 8377 2154 8787
f 8783 8788 8787 2257
f 2257 8787 8791 8790
f 8787 2154 8385 8791
f 8791 8385 530 8789
f 8790 8791 8789 2255
f 2256 8784 8794 8793
f 8784 2257 8790 8794
f 8794 8790 2255 8792
f 8793 8794 8792 564
f 564 8792 8798 8797
f 8792 2255 8795 8798
f 8798 8795 2260 8796
f 8797 8798 8796 2259
f 2255 8789 8800 8795
f 8789 530 8389 8800
f 8800 8389 2157 8799
f 8795 8800 8799 2260
f 2260 8799 8803 8802
f 8799 2157 8397 8803
f 8803 8397 531 8801
f 8802 8803 8801 2258
f 2259 8796 8806 8805
f 8796 2260 8802 8806
f 8806 8802 2258 8804
f 8805 8806 8804 565
f 565 8804 8810 8809
f 8804 2258 8807 8810
f 8810 8807 2262 8808
f 8809 8810 8808 2261
f 2258 8801 8812 8807
f 8801 531 8401 8812
f 8812 8401 2159 8811
f 8807 8812 8811 2262
f 2262 8811 8814 8813
f 8811 2159 8407 8814
f 8814 8407 516 8648
f 8813 8814 8648 2220
f 2261 8808 8816 8815
f 8808 2262 8813 8816
f 8816 8813 2220 8645
f 8815 8816 8645 550
f 566 8817 8821 8820
f 8817 2263 8818 8821
f 8821 8818 2266 8819
f 8820 8821 8819 2265
f 2263 8822 8824 8818
f 8822 532 8412 8824
f 8824 8412 2163 8823
f 8818 8824 8823 2266
f 2266 8823 8827 8826
f 8823 2163 8421 8827
f 8827 8421 533 8825
f 8826 8827 8825 2264
f 2265 8819 8830 8829
f 8819 2266 8826 8830
f 8830 8826 2264 8828
f 8829 8830 8828 567
f 566 8831 8834 8817
f 8831 2267 8832 8834
f 8834 8832 2268 8833
f 8817 8834 8833 2263
f 2267 8835 8837 8832
f 8835 568 8620 8837
f 8837 8620 2212 8836
f 8832 8837 8836 2268
f 2268 8836 8839 8838
f 8836 2212 8617 8839
f 8839 8617 534 8427
f 8838 8839 8427 2165
f 2263 8833 8840 8822
f 8833 2268 8838 8840
f 8840 8838 2165 8423
f 8822 8840 8423 532
f 570 8841 8844 8634
f 8841 2269 8842 8844
f 8844 8842 2271 8843
f 8634 8844 8843 2217
f 2269 8845 8848 8842
f 8845 569 8846 8848
f 8848 8846 2270 8847
f 8842 8848 8847 2271
f 2271 8847 8851 8850
f 8847 2270 8849 8851
f 8851 8849 535 8437
f 8850 8851 8437 2167
f 2217 8843 8852 8637
f 8843 2271 8850 8852
f 8852 8850 2167 8433
f 8637 8852 8433 536
f 569 8853 8856 8846
f 8853 2272 8854 8856
f 8856 8854 2274 8855
f 8846 8856 8855 2270
f 2272 8857 8860 8854
f 8857 571 8858 8860
f 8860 8858 2273 8859
f 8854 8860 8859 2274
f 2274 8859 8863 8862
f 8859 2273 8861 8863
f 8863 8861 537 8449
f 8862 8863 8449 2170
f 2270 8855 8864 8849
f 8855 2274 8862 8864
f 8864 8862 2170 8445
f 8849 8864 8445 535
f 571 8865 8868 8858
f 8865 2275 8866 8868
f 8868 8866 2277 8867
f 8858 8868 8867 2273
f 2275 8869 8872 8866
f 8869 572 8870 8872
f 8872 8870 2276 8871
f 8866 8872 8871 2277
f 2277 8871 8875 8874
f 8871 2276 8873 8875
f 8875 8873 538 8461
f 8874 8875 8461 2173
f 2273 8867 8876 8861
f 8867 2277 8874 8876
f 8876 8874 2173 8457
f 8861 8876 8457 537
f 572 8877 8880 8870
f 8877 2278 8878 8880
f 8880 8878 2280 8879
f 8870 8880 8879 2276
f 2278 8881 8884 8878
f 8881 573 8882 8884
f 8884 8882 2279 8883
f 8878 8884 8883 2280
f 2280 8883 8887 8886
f 8883 2279 8885 8887
f 8887 8885 539 8473
f 8886 8887 8473 2176
f 2276 8879 8888 8873
f 8879 2280 8886 8888
f 8888 8886 2176 8469
f 8873 8888 8469 538
f 573 8889 8892 8882
f 8889 2281 8890 8892
f 8892 8890 2283 8891
f 8882 8892 8891 2279
f 2281 8893 8896 8890
f 8893 574 8894 8896
f 8896 8894 2282 8895
f 8890 8896 8895 2283
f 2283 8895 8899 8898
f 8895 2282 8897 8899
f 8899 8897 540 8485
f 8898 8899 8485 2179
f 2279 8891 8900 8885
f 8891 2283 8898 8900
f 8900 8898 2179 8481
f 8885 8900 8481 539
f 574 8901 8904 8894
f 8901 2284 8902 8904
f 8904 8902 2286 8903
f 8894 8904 8903 2282
f 2284 8905 8908 8902
f 8905 575 8906 8908
f 8908 8906 2285 8907
f 8902 8908 8907 2286
f 2286 8907 8911 8910
f 8907 2285 8909 8911
f 8911 8909 541 8497
f 8910 8911 8497 2182
f 2282 8903 8912 8897
f 8903 2286 8910 8912
f 8912 8910 2182 8493
f 8897 8912 8493 540
f 575 8913 8916 8906
f 8913 2287 8914 8916
f 8916 8914 2289 8915
f 8906 8916 8915 2285
f 2287 8917 8920 8914
f 8917 576 8918 8920
f 8920 8918 2288 8919
f 8914 8920 8919 2289
f 2289 8919 8923 8922
f 8919 2288 8921 8923
f 8923 8921 542 8509
f 8922 8923 8509 2185
f 2285 8915 8924 8909
f 8915 2289 8922 8924
f 8924 8922 2185 8505
f 8909 8924 8505 541
f 576 8925 8928 8918
f 8925 2290 8926 8928
f 8928 8926 2292 8927
f 8918 8928 8927 2288
f 2290 8929 8932 8926
f 8929 577 8930 8932
f 8932 8930 2291 8931
f 8926 8932 8931 2292
f 2292 8931 8935 8934
f 8931 2291 8933 8935
f 8935 8933 543 8521
f 8934 8935 8521 2188
f 2288 8927 8936 8921
f 8927 2292 8934 8936
f 8936 8934 2188 8517
f 8921 8936 8517 542
f 577 8937 8940 8930
f 8937 2293 8938 8940
f 8940 8938 2295 8939
f 8930 8940 8939 2291
f 2293 8941 8944 8938
f 8941 578 8942 8944
f 8944 8942 2294 8943
f 8938 8944 8943 2295
f 2295 8943 8947 8946
f 8943 2294 8945 8947
f 8947 8945 544 8533
f 8946 8947 8533 2191
f 2291 8939 8948 8933
f 8939 2295 8946 8948
f 8948 8946 2191 8529
f 8933 8948 8529 543
f 578 8949 8952 8942
f 8949 2296 8950 8952
f 8952 8950 2298 8951
f 8942 8952 8951 2294
f 2296 8953 8956 8950
f 8953 579 8954 8956
f 8956 8954 2297 8955
f 8950 8956 8955 2298
f 2298 8955 8959 8958
f 8955 2297 8957 8959
f 8959 8957 545 8545
f 8958 8959 8545 2194
f 2294 8951 8960 8945
f 8951 2298 8958 8960
f 8960 8958 2194 8541
f 8945 8960 8541 544
f 579 8961 8964 8954
f 8961 2299 8962 8964
f 8964 8962 2301 8963
f 8954 8964 8963 2297
f 2299 8965 8968 8962
f 8965 580 8966 8968
f 8968 8966 2300 8967
f 8962 8968 8967 2301
f 2301 8967 8971 8970
f 8967 2300 8969 8971
f 8971 8969 546 8557
f 8970 8971 8557 2197
f 2297 8963 8972 8957
f 8963 2301 8970 8972
f 8972 8970 2197 8553
f 8957 8972 8553 545
f 580 8973 8976 8966
f 8973 2302 8974 8976
f 8976 8974 2304 8975
f 8966 8976 8975 2300
f 2302 8977 8980 8974
f 8977 581 8978 8980
f 8980 8978 2303 8979
f 8974 8980 8979 2304
f 2304 8979 8983 8982
f 8979 2303 8981 8983
f 8983 8981 547 8569
f 8982 8983 8569 2200
f 2300 8975 8984 8969
f 8975 2304 8982 8984
f 8984 8982 2200 8565
f 8969 8984 8565 546
f 581 8985 8988 8978
f 8985 2305 8986 8988
f 8988 8986 2306 8987
f 8978 8988 8987 2303
f 2305 8989 8991 8986
f 8989 567 8828 8991
f 8991 8828 2264 8990
f 8986 8991 8990 2306
f 2306 8990 8993 8992
f 8990 2264 8825 8993
f 8993 8825 533 8581
f 8992 8993 8581 2203
f 2303 8987 8994 8981
f 8987 2306 8992 8994
f 8994 8992 2203 8577
f 8981 8994 8577 547
f 582 8995 8998 8592
f 8995 2307 8996 8998
f 8998 8996 2310 8997
f 8592 8998 8997 2206
f 2307 8999 9002 8996
f 8999 616 9000 9002
f 9002 9000 2308 9001
f 8996 9002 9001 2310
f 2310 9001 9006 9005
f 9001 2308 9003 9006
f 9006 9003 586 9004
f 9005 9006 9004 2309
f 2206 8997 9008 8595
f 8997 2310 9005 9008
f 9008 9005 2309 9007
f 8595 9008 9007 552
f 582 8611 9011 8995
f 8611 2210 9009 9011
f 9011 9009 2313 9010
f 8995 9011 9010 2307
f 2210 8608 9014 9009
f 8608 553 9012 9014
f 9014 9012 2311 9013
f 9009 9014 9013 2313
f 2313 9013 9018 9017
f 9013 2311 9015 9018
f 9018 9015 587 9016
f 9017 9018 9016 2312
f 2307 9010 9020 8999
f 9010 2313 9017 9020
f 9020 9017 2312 9019
f 8999 9020 9019 616
f 583 8624 9024 9023
f 8624 2213 9021 9024
f 9024 9021 2317 9022
f 9023 9024 9022 2316
f 2213 8621 9027 9021
f 8621 568 9025 9027
f 9027 9025 2314 9026
f 9021 9027 9026 2317
f 2317 9026 9031 9030
f 9026 2314 9028 9031
f 9031 9028 602 9029
f 9030 9031 9029 2315
f 2316 9022 9034 9033
f 9022 2317 9030 9034
f 9034 9030 2315 9032
f 9033 9034 9032 617
f 583 9023 9037 8630
f 9023 2316 9035 9037
f 9037 9035 2320 9036
f 8630 9037 9036 2216
f 2316 9033 9040 9035
f 9033 617 9038 9040
f 9040 9038 2318 9039
f 9035 9040 9039 2320
f 2320 9039 9044 9043
f 9039 2318 9041 9044
f 9044 9041 604 9042
f 9043 9044 9042 2319
f 2216 9036 9046 8633
f 9036 2320 9043 9046
f 9046 9043 2319 9045
f 8633 9046 9045 570
f 585 2722 9050 9049
f 2722 711 9047 9050
f 9050 9047 2323 9048
f 9049 9050 9048 2322
f 711 2719 9053 9047
f 2719 584 9051 9053
f 9053 9051 2321 9052
f 9047 9053 9052 2323
f 2323 9052 9056 9055
f 9052 2321 9054 9056
f 9056 9054 550 8644
f 9055 9056 8644 2219
f 2322 9048 9058 9057
f 9048 2323 9055 9058
f 9058 9055 2219 8639
f 9057 9058 8639 551
f 585 9049 9061 2729
f 9049 2322 9059 9061
f 9061 9059 2324 9060
f 2729 9061 9060 714
f 2322 9057 9063 9059
f 9057 551 8655 9063
f 9063 8655 2223 9062
f 9059 9063 9062 2324
f 2324 9062 9065 9064
f 9062 2223 8661 9065
f 9065 8661 552 9007
f 9064 9065 9007 2309
f 714 9060 9066 2732
f 9060 2324 9064 9066
f 9066 9064 2309 9004
f 2732 9066 9004 586
f 587 9015 9069 3079
f 9015 2311 9067 9069
f 9069 9067 2326 9068
f 3079 9069 9068 808
f 2311 9012 9071 9067
f 9012 553 8665 9071
f 9071 8665 2226 9070
f 9067 9071 9070 2326
f 2326 9070 9074 9073
f 9070 2226 8673 9074
f 9074 8673 554 9072
f 9073 9074 9072 2325
f 808 9068 9076 3082
f 9068 2326 9073 9076
f 9076 9073 2325 9075
f 3082 9076 9075 588
f 588 9075 9079 3093
f 9075 2325 9077 9079
f 9079 9077 2328 9078
f 3093 9079 9078 812
f 2325 9072 9081 9077
f 9072 554 8677 9081
f 9081 8677 2229 9080
f 9077 9081 9080 2328
f 2328 9080 9084 9083
f 9080 2229 8685 9084
f 9084 8685 555 9082
f 9083 9084 9082 2327
f 812 9078 9086 3096
f 9078 2328 9083 9086
f 9086 9083 2327 9085
f 3096 9086 9085 589
f 589 9085 9089 3107
f 9085 2327 9087 9089
f 9089 9087 2330 9088
f 3107 9089 9088 816
f 2327 9082 9091 9087
f 9082 555 8689 9091
f 9091 8689 2232 9090
f 9087 9091 9090 2330
f 2330 9090 9094 9093
f 9090 2232 8697 9094
f 9094 8697 556 9092
f 9093 9094 9092 2329
f 816 9088 9096 3110
f 9088 2330 9093 9096
f 9096 9093 2329 9095
f 3110 9096 9095 590
f 590 9095 9099 3121
f 9095 2329 9097 9099
f 9099 9097 2332 9098
f 3121 9099 9098 820
f 2329 9092 9101 9097
f 9092 556 8701 9101
f 9101 8701 2235 9100
f 9097 9101 9100 2332
f 2332 9100 9104 9103
f 9100 2235 8709 9104
f 9104 8709 557 9102
f 9103 9104 9102 2331
f 820 9098 9106 3124
f 9098 2332 9103 9106
f 9106 9103 2331 9105
f 3124 9106 9105 591
f 591 9105 9109 3135
f 9105 2331 9107 9109
f 9109 9107 2334 9108
f 3135 9109 9108 824
f 2331 9102 9111 9107
f 9102 557 8713 9111
f 9111 8713 2238 9110
f 9107 9111 9110 2334
f 2334 9110 9114 9113
f 9110 2238 8721 9114
f 9114 8721 558 9112
f 9113 9114 9112 2333
f 824 9108 9116 3138
f 9108 2334 9113 9116
f 9116 9113 2333 9115
f 3138 9116 9115 592
f 592 9115 9119 3149
f 9115 2333 9117 9119
f 9119 9117 2336 9118
f 3149 9119 9118 828
f 2333 9112 9121 9117
f 9112 558 8725 9121
f 9121 8725 2241 9120
f 9117 9121 9120 2336
f 2336 9120 9124 9123
f 9120 2241 8733 9124
f 9124 8733 559 9122
f 9123 9124 9122 2335
f 828 9118 9126 3152
f 9118 2336 9123 9126
f 9126 9123 2335 9125
f 3152 9126 9125 593
f 593 9125 9129 3163
f 9125 2335 9127 9129
f 9129 9127 2338 9128
f 3163 9129 9128 832
f 2335 9122 9131 9127
f 9122 559 8737 9131
f 9131 8737 2244 9130
f 9127 9131 9130 2338
f 2338 9130 9134 9133
f 9130 2244 8745 9134
f 9134 8745 560 9132
f 9133 9134 9132 2337
f 832 9128 9136 3166
f 9128 2338 9133 9136
f 9136 9133 2337 9135
f 3166 9136 9135 594
f 594 9135 9139 3177
f 9135 2337 9137 9139
f 9139 9137 2340 9138
f 3177 9139 9138 836
f 2337 9132 9141 9137
f 9132 560 8749 9141
f 9141 8749 2247 9140
f 9137 9141 9140 2340
f 2340 9140 9144 9143
f 9140 2247 8757 9144
f 9144 8757 561 9142
f 9143 9144 9142 2339
f 836 9138 9146 3180
f 9138 2340 9143 9146
f 9146 9143 2339 9145
f 3180 9146 9145 595
f 595 9145 9149 3191
f 9145 2339 9147 9149
f 9149 9147 2342 9148
f 3191 9149 9148 840
f 2339 9142 9151 9147
f 9142 561 8761 9151
f 9151 8761 2250 9150
f 9147 9151 9150 2342
f 2342 9150 9154 9153
f 9150 2250 8769 9154
f 9154 8769 562 9152
f 9153 9154 9152 2341
f 840 9148 9156 3194
f 9148 2342 9153 9156
f 9156 9153 2341 9155
f 3194 9156 9155 596
f 596 9155 9159 3205
f 9155 2341 9157 9159
f 9159 9157 2344 9158
f 3205 9159 9158 844
f 2341 9152 9161 9157
f 9152 562 8773 9161
f 9161 8773 2253 9160
f 9157 9161 9160 2344
f 2344 9160 9164 9163
f 9160 2253 8781 9164
f 9164 8781 563 9162
f 9163 9164 9162 2343
f 844 9158 9166 3208
f 9158 2344 9163 9166
f 9166 9163 2343 9165
f 3208 9166 9165 597
f 597 9165 9169 3219
f 9165 2343 9167 9169
f 9169 9167 2346 9168
f 3219 9169 9168 848
f 2343 9162 9171 9167
f 9162 563 8785 9171
f 9171 8785 2256 9170
f 9167 9171 9170 2346
f 2346 9170 9174 9173
f 9170 2256 8793 9174
f 9174 8793 564 9172
f 9173 9174 9172 2345
f 848 9168 9176 3222
f 9168 2346 9173 9176
f 9176 9173 2345 9175
f 3222 9176 9175 598
f 598 9175 9179 3233
f 9175 2345 9177 9179
f 9179 9177 2348 9178
f 3233 9179 9178 852
f 2345 9172 9181 9177
f 9172 564 8797 9181
f 9181 8797 2259 9180
f 9177 9181 9180 2348
f 2348 9180 9184 9183
f 9180 2259 8805 9184
f 9184 8805 565 9182
f 9183 9184 9182 2347
f 852 9178 9186 3236
f 9178 2348 9183 9186
f 9186 9183 2347 9185
f 3236 9186 9185 599
f 599 9185 9189 3247
f 9185 2347 9187 9189
f 9189 9187 2349 9188
f 3247 9189 9188 856
f 2347 9182 9191 9187
f 9182 565 8809 9191
f 9191 8809 2261 9190
f 9187 9191 9190 2349
f 2349 9190 9193 9192
f 9190 2261 8815 9193
f 9193 8815 550 9054
f 9192 9193 9054 2321
f 856 9188 9194 3250
f 9188 2349 9192 9194
f 9194 9192 2321 9051
f 3250 9194 9051 584
f 600 9195 9198 5443
f 9195 2350 9196 9198
f 9198 9196 2352 9197
f 5443 9198 9197 1414
f 2350 9199 9201 9196
f 9199 566 8820 9201
f 9201 8820 2265 9200
f 9196 9201 9200 2352
f 2352 9200 9204 9203
f 9200 2265 8829 9204
f 9204 8829 567 9202
f 9203 9204 9202 2351
f 1414 9197 9206 5446
f 9197 2352 9203 9206
f 9206 9203 2351 9205
f 5446 9206 9205 601
f 600 5465 9209 9195
f 5465 1420 9207 9209
f 9209 9207 2353 9208
f 9195 9209 9208 2350
f 1420 5462 9211 9207
f 5462 602 9028 9211
f 9211 9028 2314 9210
f 9207 9211 9210 2353
f 2353 9210 9213 9212
f 9210 2314 9025 9213
f 9213 9025 568 8835
f 9212 9213 8835 2267
f 2350 9208 9214 9199
f 9208 2353 9212 9214
f 9214 9212 2267 8831
f 9199 9214 8831 566
f 604 5810 9217 9042
f 5810 1511 9215 9217
f 9217 9215 2355 9216
f 9042 9217 9216 2319
f 1511 5807 9220 9215
f 5807 603 9218 9220
f 9220 9218 2354 9219
f 9215 9220 9219 2355
f 2355 9219 9223 9222
f 9219 2354 9221 9223
f 9223 9221 569 8845
f 9222 9223 8845 2269
f 2319 9216 9224 9045
f 9216 2355 9222 9224
f 9224 9222 2269 8841
f 9045 9224 8841 570
f 603 5825 9227 9218
f 5825 1516 9225 9227
f 9227 9225 2357 9226
f 9218 9227 9226 2354
f 1516 5822 9230 9225
f 5822 605 9228 9230
f 9230 9228 2356 9229
f 9225 9230 9229 2357
f 2357 9229 9233 9232
f 9229 2356 9231 9233
f 9233 9231 571 8857
f 9232 9233 8857 2272
f 2354 9226 9234 9221
f 9226 2357 9232 9234
f 9234 9232 2272 8853
f 9221 9234 8853 569
f 605 5839 9237 9228
f 5839 1520 9235 9237
f 9237 9235 2359 9236
f 9228 9237 9236 2356
f 1520 5836 9240 9235
f 5836 606 9238 9240
f 9240 9238 2358 9239
f 9235 9240 9239 2359
f 2359 9239 9243 9242
f 9239 2358 9241 9243
f 9243 9241 572 8869
f 9242 9243 8869 2275
f 2356 9236 9244 9231
f 9236 2359 9242 9244
f 9244 9242 2275 8865
f 9231 9244 8865 571
f 606 5853 9247 9238
f 5853 1524 9245 9247
f 9247 9245 2361 9246
f 9238 9247 9246 2358
f 1524 5850 9250 9245
f 5850 607 9248 9250
f 9250 9248 2360 9249
f 9245 9250 9249 2361
f 2361 9249 9253 9252
f 9249 2360 9251 9253
f 9253 9251 573 8881
f 9252 9253 8881 2278
f 2358 9246 9254 9241
f 9246 2361 9252 9254
f 9254 9252 2278 8877
f 9241 9254 8877 572
f 607 5867 9257 9248
f 5867 1528 9255 9257
f 9257 9255 2363 9256
f 9248 9257 9256 2360
f 1528 5864 9260 9255
f 5864 608 9258 9260
f 9260 9258 2362 9259
f 9255 9260 9259 2363
f 2363 9259 9263 9262
f 9259 2362 9261 9263
f 9263 9261 574 8893
f 9262 9263 8893 2281
f 2360 9256 9264 9251
f 9256 2363 9262 9264
f 9264 9262 2281 8889
f 9251 9264 8889 573
f 608 5881 9267 9258
f 5881 1532 9265 9267
f 9267 9265 2365 9266
f 9258 9267 9266 2362
f 1532 5878 9270 9265
f 5878 609 9268 9270
f 9270 9268 2364 9269
f 9265 9270 9269 2365
f 2365 9269 9273 9272
f 9269 2364 9271 9273
f 9273 9271 575 8905
f 9272 9273 8905 2284
f 2362 9266 9274 9261
f 9266 2365 9272 9274
f 9274 9272 2284 8901
f 9261 9274 8901 574
f 609 5895 9277 9268
f 5895 1536 9275 9277
f 9277 9275 2367 9276
f 9268 9277 9276 2364
f 1536 5892 9280 9275
f 5892 610 9278 9280
f 9280 9278 2366 9279
f 9275 9280 9279 2367
f 2367 9279 9283 9282
f 9279 2366 9281 9283
f 9283 9281 576 8917
f 9282 9283 8917 2287
f 2364 9276 9284 9271
f 9276 2367 9282 9284
f 9284 9282 2287 8913
f 9271 9284 8913 575
f 610 5909 9287 9278
f 5909 1540 9285 9287
f 9287 9285 2369 9286
f 9278 9287 9286 2366
f 1540 5906 9290 9285
f 5906 611 9288 9290
f 9290 9288 2368 9289
f 9285 9290 9289 2369
f 2369 9289 9293 9292
f 9289 2368 9291 9293
f 9293 9291 577 8929
f 9292 9293 8929 2290
f 2366 9286 9294 9281
f 9286 2369 9292 9294
f 9294 9292 2290 8925
f 9281 9294 8925 576
f 611 5923 9297 9288
f 5923 1544 9295 9297
f 9297 9295 2371 9296
f 9288 9297 9296 2368
f 1544 5920 9300 9295
f 5920 612 9298 9300
f 9300 9298 2370 9299
f 9295 9300 9299 2371
f 2371 9299 9303 9302
f 9299 2370 9301 9303
f 9303 9301 578 8941
f 9302 9303 8941 2293
f 2368 9296 9304 9291
f 9296 2371 9302 9304
f 9304 9302 2293 8937
f 9291 9304 8937 577
f 612 5937 9307 9298
f 5937 1548 9305 9307
f 9307 9305 2373 9306
f 9298 9307 9306 2370
f 1548 5934 9310 9305
f 5934 613 9308 9310
f 9310 9308 2372 9309
f 9305 9310 9309 2373
f 2373 9309 9313 9312
f 9309 2372 9311 9313
f 9313 9311 579 8953
f 9312 9313 8953 2296
f 2370 9306 9314 9301
f 9306 2373 9312 9314
f 9314 9312 2296 8949
f 9301 9314 8949 578
f 613 5951 9317 9308
f 5951 1552 9315 9317
f 9317 9315 2375 9316
f 9308 9317 9316 2372
f 1552 5948 9320 9315
f 5948 614 9318 9320
f 9320 9318 2374 9319
f 9315 9320 9319 2375
f 2375 9319 9323 9322
f 9319 2374 9321 9323
f 9323 9321 580 8965
f 9322 9323 8965 2299
f 2372 9316 9324 9311
f 9316 2375 9322 9324
f 9324 9322 2299 8961
f 9311 9324 8961 579
f 614 5965 9327 9318
f 5965 1556 9325 9327
f 9327 9325 2377 9326
f 9318 9327 9326 2374
f 1556 5962 9330 9325
f 5962 615 9328 9330
f 9330 9328 2376 9329
f 9325 9330 9329 2377
f 2377 9329 9333 9332
f 9329 2376 9331 9333
f 9333 9331 581 8977
f 9332 9333 8977 2302
f 2374 9326 9334 9321
f 9326 2377 9332 9334
f 9334 9332 2302 8973
f 9321 9334 8973 580
f 615 5977 9337 9328
f 5977 1559 9335 9337
f 9337 9335 2378 9336
f 9328 9337 9336 2376
f 1559 5974 9339 9335
f 5974 601 9205 9339
f 9339 9205 2351 9338
f 9335 9339 9338 2378
f 2378 9338 9341 9340
f 9338 2351 9202 9341
f 9341 9202 567 8989
f 9340 9341 8989 2305
f 2376 9336 9342 9331
f 9336 2378 9340 9342
f 9342 9340 2305 8985
f 9331 9342 8985 581
f 616 9343 9346 9000
f 9343 2379 9344 9346
f 9346 9344 2381 9345
f 9000 9346 9345 2308
f 2379 9347 9350 9344
f 9347 84 9348 9350
f 9350 9348 2380 9349
f 9344 9350 9349 2381
f 2381 9349 9353 9352
f 9349 2380 9351 9353
f 9353 9351 57 2736
f 9352 9353 2736 715
f 2308 9345 9354 9003
f 9345 2381 9352 9354
f 9354 9352 715 2733
f 9003 9354 2733 586
f 616 9019 9357 9343
f 9019 2312 9355 9357
f 9357 9355 2383 9356
f 9343 9357 9356 2379
f 2312 9016 9359 9355
f 9016 587 3078 9359
f 9359 3078 807 9358
f 9355 9359 9358 2383
f 2383 9358 9362 9361
f 9358 807 3073 9362
f 9362 3073 87 9360
f 9361 9362 9360 2382
f 2379 9356 9364 9347
f 9356 2383 9361 9364
f 9364 9361 2382 9363
f 9347 9364 9363 84
f 617 9032 9368 9367
f 9032 2315 9365 9368
f 9368 9365 2386 9366
f 9367 9368 9366 2385
f 2315 9029 9370 9365
f 9029 602 5461 9370
f 9370 5461 1419 9369
f 9365 9370 9369 2386
f 2386 9369 9373 9372
f 9369 1419 5458 9373
f 9373 5458 299 9371
f 9372 9373 9371 2384
f 2385 9366 9376 9375
f 9366 2386 9372 9376
f 9376 9372 2384 9374
f 9375 9376 9374 325
f 617 9367 9379 9038
f 9367 2385 9377 9379
f 9379 9377 2388 9378
f 9038 9379 9378 2318
f 2385 9375 9382 9377
f 9375 325 9380 9382
f 9382 9380 2387 9381
f 9377 9382 9381 2388
f 2388 9381 9385 9384
f 9381 2387 9383 9385
f 9385 9383 328 5800
f 9384 9385 5800 1512
f 2318 9378 9386 9041
f 9378 2388 9384 9386
f 9386 9384 1512 5811
f 9041 9386 5811 604
