# https://github.com/mikedh/trimesh
v -0.01387672 0.83412784 0.12130233
v -0.02002490 0.81941372 0.12566386
v -0.00821802 0.81716108 0.11785872
v -0.00162290 0.82820153 0.11084785
v -0.01210800 0.80792755 0.12205614
v -0.02288955 0.80826181 0.12758006
v 0.00023848 0.81230760 0.10786828
v 0.00670468 0.81923008 0.09951515
v 0.00820737 0.77799833 0.09404325
v 0.01373438 0.77433378 0.08521346
v 0.01308854 0.78659689 0.08765060
v 0.00681295 0.78709131 0.09572734
v 0.00840876 0.75204188 0.08862003
v 0.00149476 0.74183983 0.09459122
v 0.00539305 0.73361272 0.08502603
v 0.01157938 0.74351960 0.07802477
v -0.03342704 0.75278980 0.11413682
v -0.02771371 0.74643010 0.11316376
v -0.02421859 0.75348121 0.11325564
v -0.03051018 0.75898123 0.11376247
v -0.04329512 0.76186717 0.12088682
v -0.04206226 0.76774865 0.11789258
v -0.04727405 0.77096933 0.12326301
v -0.04787158 0.76420635 0.12729061
v -0.03837464 0.74711370 0.11377792
v -0.03217880 0.74041349 0.11236764
v -0.03834969 0.75827754 0.11598694
v -0.04038183 0.75350869 0.11796686
v -0.04389318 0.74608123 0.12824857
v -0.04256762 0.75103986 0.12726541
v -0.04658261 0.75135970 0.13412099
v -0.04750218 0.74589449 0.13285293
v -0.04007304 0.74637133 0.11875366
v -0.04012971 0.74919212 0.12198146
v -0.04242445 0.74499893 0.12387897
v -0.04322680 0.74294966 0.12021391
v -0.04411882 0.75710756 0.12356579
v -0.04768717 0.75823778 0.13080558
v -0.05232598 0.75876772 0.13774914
v -0.05163481 0.75006825 0.14056093
v -0.01578872 0.73352742 0.10705870
v -0.02145858 0.74009579 0.11118556
v -0.02609382 0.73464465 0.11086318
v -0.02085425 0.72935462 0.10815343
v -0.04168628 0.74015599 0.11649904
v -0.03748202 0.72394621 0.11527455
v -0.03736822 0.72793061 0.11604438
v -0.04357873 0.72818464 0.11924069
v -0.04309801 0.72449857 0.11832631
v -0.00932190 0.71956462 0.09783097
v -0.01499839 0.71771103 0.10171711
v -0.01400986 0.71086091 0.09831231
v -0.00871055 0.71146530 0.09308039
v -0.01587722 0.70473737 0.09629954
v -0.00929572 0.70350486 0.08906143
v -0.01746290 0.68831420 0.08706031
v -0.01324924 0.69522876 0.08754430
v -0.01946011 0.69867051 0.09586237
v -0.02454071 0.69265556 0.09785827
v -0.03724866 0.69670266 0.10482130
v -0.04310320 0.69509500 0.10661229
v -0.03783947 0.68293554 0.10395807
v -0.03125523 0.68674660 0.10143543
v -0.03711522 0.71826524 0.10996366
v -0.03306464 0.71869993 0.10773081
v -0.03309525 0.72008401 0.11022194
v -0.03739793 0.72069871 0.11306703
v -0.02934229 0.71880299 0.10611161
v -0.02764014 0.71875167 0.10551502
v -0.02806907 0.71998030 0.10694484
v -0.02951400 0.71962267 0.10683620
v -0.03139847 0.71903539 0.10714824
v -0.03231684 0.71688849 0.10719317
v -0.03018523 0.71782196 0.10635416
v -0.03586822 0.71548396 0.10949444
v -0.04880411 0.71244067 0.11511055
v -0.04490211 0.71293700 0.11438476
v -0.04649650 0.71768832 0.11370417
v -0.04975935 0.71745098 0.11442379
v -0.02997558 0.72175908 0.10893527
v -0.02752040 0.72340786 0.10897195
v -0.03149252 0.72566891 0.11243124
v -0.03255961 0.72279239 0.11125848
v -0.02484244 0.72561085 0.10913788
v -0.02580467 0.72139966 0.10670330
v -0.02274084 0.72240067 0.10652861
v -0.02810498 0.71684140 0.10515956
v -0.02519906 0.71548951 0.10371337
v -0.02485857 0.71817547 0.10516443
v -0.02703811 0.71192408 0.10358024
v -0.03045192 0.71459830 0.10576216
v -0.03392357 0.71212780 0.10791848
v -0.03859934 0.70995235 0.11054543
v -0.03577881 0.70548379 0.10701347
v -0.03073758 0.70844126 0.10500048
v -0.02971399 0.73002487 0.11220851
v -0.02055301 0.71784365 0.10378008
v -0.01754009 0.72440517 0.10491905
v -0.02030848 0.71304333 0.10195529
v -0.02206719 0.70835382 0.10079573
v -0.02609536 0.70362723 0.10114422
v -0.03143386 0.69976014 0.10300860
v -0.03415713 0.67546630 0.09189868
v -0.02607507 0.68075490 0.09022890
v -0.02448359 0.80138576 0.12355032
v -0.01558653 0.80115628 0.12136777
v -0.01458209 0.79377532 0.11565149
v -0.01280393 0.79625940 0.11593442
v -0.01837624 0.79733604 0.11873788
v -0.01868585 0.79418427 0.11781504
v 0.00053758 0.78837883 0.10128658
v -0.00463209 0.78953892 0.10552246
v -0.00421468 0.78587705 0.10357019
v 0.00212197 0.78178352 0.09982637
v -0.01222738 0.77700377 0.10846098
v -0.00770543 0.77887046 0.10579745
v -0.01154640 0.78510422 0.10911004
v -0.01486105 0.78382963 0.11102318
v -0.01882171 0.78308171 0.11242045
v -0.02319419 0.78285122 0.11321171
v -0.02280893 0.77759647 0.11192247
v -0.01753880 0.77690554 0.11055002
v -0.02483498 0.79814738 0.11959932
v -0.03198577 0.79701066 0.11854178
v -0.03036565 0.79414731 0.11745766
v -0.02442706 0.79481244 0.11872619
v -0.03999169 0.78780711 0.11034363
v -0.03890831 0.79022193 0.11188838
v -0.04264183 0.79138839 0.11308526
v -0.04327964 0.78684235 0.11155421
v -0.04094252 0.78384769 0.11136775
v -0.03873029 0.78607696 0.11065991
v -0.02324103 0.85458750 0.12128215
v -0.02859460 0.83785313 0.12677844
v -0.00685221 0.84943229 0.10987046
v 0.00391438 0.84032243 0.09871189
v 0.01296321 0.82789844 0.08880864
v -0.00217978 0.72516835 0.09204767
v -0.00005507 0.71664703 0.08507190
v 0.00857576 0.72577912 0.07550225
v 0.00764993 0.71526611 0.06930323
v -0.00127695 0.70632541 0.07994308
v -0.01362325 0.68754762 0.07404337
v -0.00564317 0.69614756 0.07626298
v 0.00377814 0.70504850 0.06243428
v 0.01271729 0.71970648 0.05005537
v 0.01456391 0.72706443 0.05936226
v 0.01693597 0.73651230 0.03908941
v 0.00858234 0.71295542 0.03770234
v 0.01488786 0.73603570 0.03023889
v -0.00753518 0.67622316 0.03521588
v -0.00447727 0.66476852 0.03122502
v 0.00941684 0.67244637 0.02136152
v 0.00678671 0.68390101 0.02558016
v 0.01437210 0.73510104 0.06803248
v 0.01576713 0.79699188 0.08194417
v 0.01027540 0.79644305 0.09200234
v 0.01756505 0.78508472 0.07692129
v 0.01769776 0.85619855 0.07063099
v 0.01118782 0.85030717 0.08656655
v 0.01921718 0.83628005 0.07904354
v 0.02487097 0.84385943 0.06516360
v -0.01190239 0.88847804 0.08021887
v -0.01586509 0.87392014 0.10299505
v -0.00262550 0.86420602 0.09562396
v 0.00235468 0.87513685 0.07742516
v 0.02751387 0.84641695 0.05246861
v 0.03016473 0.84960330 0.03469164
v 0.02644655 0.86607426 0.02989212
v 0.02197103 0.86364669 0.05158095
v 0.01467280 0.88681448 0.02391710
v 0.00952475 0.88455439 0.05067827
v 0.01491793 0.72392118 0.01962239
v 0.01546119 0.74148387 0.01850041
v 0.00415909 0.69710499 0.03193086
v 0.01422905 0.70634371 0.01851740
v -0.00247852 0.90334302 0.01835515
v -0.00829177 0.90074259 0.05050729
v 0.02679681 0.83215225 -0.01746951
v 0.02744857 0.84938556 -0.00681673
v 0.03177939 0.83480674 0.00753691
v 0.03085854 0.82080513 -0.00424280
v 0.01782539 0.84271604 -0.03192261
v 0.01890190 0.86304110 -0.01988466
v 0.01638895 0.77461338 -0.02852205
v 0.00933559 0.75626922 -0.02487262
v 0.00434144 0.75888771 -0.03832499
v 0.01008320 0.77780747 -0.04328124
v -0.00412201 0.80539048 0.11479583
v -0.00885338 0.79933244 0.11724371
v -0.00420497 0.79681200 0.11177486
v 0.00083544 0.80124921 0.10712527
v 0.00600249 0.80517721 0.09951984
v 0.01199615 0.80961204 0.08934329
v 0.02226490 0.82338113 0.07070090
v 0.02735110 0.83225113 0.05859740
v 0.03172019 0.83577383 0.03502879
v 0.02981842 0.83417493 0.04896570
v 0.03296013 0.82134777 0.01341815
v 0.03212758 0.81229216 0.00596630
v 0.01812709 0.75235677 0.00448508
v 0.01498760 0.73089129 0.00384969
v 0.01049350 0.73497325 -0.00999461
v 0.01322097 0.75537634 -0.01166226
v -0.00077562 0.73890811 -0.03416365
v 0.00488887 0.73734510 -0.02253923
v 0.01461854 0.69566298 0.00003672
v 0.01719478 0.68103051 -0.00514270
v 0.01559654 0.68549550 -0.01900428
v 0.01136076 0.69892293 -0.01338670
v 0.01161240 0.68650866 -0.03121296
v 0.00446649 0.68732691 -0.04106256
v 0.00017266 0.70420754 -0.03644495
v 0.00593549 0.70286930 -0.02625640
v -0.02888944 0.65393424 0.04168317
v -0.02761647 0.64448357 0.03634544
v -0.01507663 0.64884216 0.03322850
v -0.01809943 0.65878826 0.03708190
v 0.02166902 0.66997051 -0.01019655
v 0.02102925 0.67593741 -0.02383430
v 0.02013105 0.77189064 -0.01265560
v 0.02228860 0.77175468 -0.00094095
v 0.01791032 0.67600304 -0.03606313
v 0.00431141 0.71857756 -0.02250837
v 0.00976695 0.71565109 -0.00972930
v -0.00837297 0.74135190 -0.04340103
v -0.00437190 0.76118380 -0.04911188
v -0.03641709 0.76381934 0.11466059
v -0.03300915 0.78009588 0.11207703
v -0.03230775 0.78411633 0.11271110
v -0.03613711 0.78512734 0.11170002
v -0.03738102 0.78179651 0.11170636
v -0.04662904 0.81788242 0.13168550
v -0.04775652 0.80153656 0.12862790
v -0.03475437 0.80623460 0.13001154
v -0.03318597 0.81949300 0.13067150
v -0.00442628 0.75267756 0.10467843
v -0.01457444 0.75722170 0.11077864
v -0.01732905 0.74752587 0.11107661
v -0.01060491 0.74106622 0.10616913
v -0.00796794 0.79018968 0.10802101
v -0.00628628 0.79227674 0.10873159
v -0.00926845 0.79160541 0.11056393
v -0.01242048 0.72700828 0.10294648
v -0.00576973 0.73297679 0.09938541
v 0.01788882 0.77076691 0.07402116
v 0.00422845 0.79515207 0.10050379
v -0.03410608 0.89907885 0.08299652
v -0.03736539 0.88061726 0.10864516
v -0.02267394 0.91543549 0.01458076
v -0.02892643 0.91091615 0.04997615
v 0.00392970 0.87422901 -0.03247726
v 0.00208688 0.85245913 -0.04580581
v -0.01300922 0.85679084 -0.05760504
v -0.01639676 0.88485998 -0.04114474
v 0.00007686 0.78050840 -0.05538000
v -0.00426892 0.68824470 -0.04792217
v -0.00766796 0.70585012 -0.04523674
v -0.03975163 0.85730851 0.12409877
v -0.04390555 0.83686489 0.12969786
v 0.01753813 0.81602824 0.07915084
v 0.00740095 0.76821047 0.09567178
v 0.00205557 0.77474070 0.10104928
v -0.00053761 0.76970005 0.10398061
v 0.00444561 0.76054233 0.09832608
v 0.01163630 0.76139438 0.08619137
v 0.01541442 0.75584054 0.07374238
v 0.01961128 0.75063699 0.05862681
v 0.01885738 0.74087477 0.04819940
v 0.03117336 0.84650618 0.01824079
v 0.02713146 0.86221433 0.00850145
v 0.01812637 0.87971038 -0.00157694
v 0.00269548 0.89474910 -0.01068363
v 0.03251979 0.83505923 0.02168804
v -0.01797231 0.90479618 -0.01752891
v -0.04437689 0.73293918 0.11921756
v -0.03717631 0.73410642 0.11526629
v -0.04625915 0.73717654 0.11987945
v -0.04343215 0.70842236 0.11227841
v -0.04772580 0.70766348 0.11293566
v -0.04622228 0.70278382 0.10865019
v -0.04125068 0.70376641 0.10819157
v -0.03249748 0.67539996 0.07645115
v -0.02326292 0.68060279 0.07471125
v -0.02974802 0.66285723 0.04796549
v -0.02002313 0.66842651 0.04257593
v -0.04747622 0.74485528 0.12631285
v -0.04915512 0.74497259 0.12658973
v -0.04901114 0.74445283 0.12407918
v -0.04692671 0.74455482 0.12397122
v -0.03122877 0.71988529 0.10837502
v -0.04804982 0.72395200 0.11974688
v -0.05112198 0.72348756 0.11989181
v -0.05051599 0.72042078 0.11742902
v -0.04741082 0.72080350 0.11729812
v -0.00625955 0.69337124 0.05491548
v -0.00860321 0.68636858 0.04231568
v 0.01585493 0.67512000 0.01017156
v 0.01445023 0.68994898 0.01433118
v 0.01399025 0.71271038 0.00344066
v -0.00200574 0.72241896 -0.03466920
v -0.00812217 0.72213250 -0.04412322
v -0.02995868 0.72762126 -0.05358937
v -0.03235710 0.74562955 -0.05491457
v -0.01929179 0.74302179 -0.05168737
v -0.01937846 0.72582668 -0.05015538
v -0.02096212 0.68088722 0.06044431
v -0.03077024 0.67593753 0.06321552
v -0.02989837 0.67189449 0.05450318
v -0.02067626 0.67716539 0.05007029
v -0.05258241 0.74146241 0.12618203
v -0.05406770 0.74002331 0.12731595
v -0.05303388 0.73849899 0.12403822
v -0.05131041 0.74088264 0.12407409
v -0.04575327 0.74318194 0.12167398
v -0.04796164 0.74208874 0.12130024
v -0.04739713 0.74021202 0.12072531
v -0.04617088 0.74469322 0.12699358
v -0.04523896 0.74407560 0.12393776
v -0.05147284 0.74414444 0.13147034
v -0.04842053 0.74448282 0.13009021
v -0.05203569 0.74312234 0.13643113
v -0.05091140 0.74281651 0.12525429
v -0.05004003 0.74202764 0.12337986
v -0.04695958 0.74392432 0.12232070
v -0.04861787 0.74345630 0.12226731
v -0.05083868 0.74464357 0.12942527
v -0.04884541 0.74476629 0.12832484
v -0.05258210 0.76628959 0.13357633
v -0.05892517 0.76654726 0.13572788
v -0.05922492 0.75846213 0.13967972
v -0.05934428 0.74928576 0.14259367
v -0.05857292 0.74198312 0.13861638
v -0.03859013 0.66859883 0.05595490
v -0.03856054 0.65953010 0.05009840
v -0.05997797 0.83571070 0.12793010
v -0.05965226 0.81589454 0.12971644
v -0.03018872 0.71901059 0.10651554
v -0.03333730 0.79988706 0.12261997
v -0.00713816 0.76660269 0.10792654
v -0.02903700 0.76577538 0.11278863
v -0.02235204 0.76166958 0.11232513
v -0.02234678 0.76991761 0.11177576
v -0.02846351 0.77250862 0.11220670
v -0.04219629 0.79675204 0.12106279
v -0.05163812 0.79142970 0.12430087
v -0.04723187 0.79154593 0.11757409
v -0.04771825 0.78491253 0.11565012
v -0.05126815 0.78221494 0.12382122
v -0.04632056 0.77640182 0.11847568
v -0.04432004 0.78032053 0.11337293
v -0.01155837 0.79310846 0.11319327
v -0.00907840 0.79478741 0.11273187
v -0.04094100 0.77276105 0.11475366
v -0.03518190 0.76938081 0.11304213
v -0.03417445 0.77498776 0.11192711
v -0.03947541 0.77731889 0.11213455
v -0.01531900 0.76757252 0.11042553
v -0.00138582 0.79348713 0.10602826
v -0.00514195 0.78205311 0.10389320
v 0.02337951 0.77630430 0.00942720
v 0.01957480 0.76356453 0.01267966
v 0.02508140 0.75055462 0.03131397
v 0.02261401 0.74642998 0.03295247
v 0.01722592 0.74932802 0.02830491
v 0.02275013 0.75337547 0.02646931
v 0.03341793 0.80704659 0.02798663
v 0.03320993 0.81509233 0.02627176
v 0.03272559 0.81447905 0.03360685
v 0.03262799 0.80750042 0.03076047
v 0.03131844 0.80940169 0.03734860
v 0.03073184 0.81152040 0.04074260
v 0.03026582 0.80367887 0.03978445
v 0.03097265 0.80470747 0.03655618
v 0.03073957 0.82218802 0.04467220
v 0.02794447 0.81778544 0.05345196
v 0.02797164 0.80758113 0.04691127
v 0.02077227 0.79943442 0.06844247
v 0.02295496 0.79150581 0.05398316
v 0.02489129 0.80068386 0.05135984
v 0.02338154 0.81065124 0.06126838
v 0.02214614 0.75080532 0.03821109
v 0.02142207 0.75782633 0.04386389
v 0.01697160 0.75425756 0.02027341
v -0.03466386 0.86257702 -0.06132888
v -0.03850141 0.88967091 -0.04506199
v 0.02502109 0.81329620 -0.02503339
v 0.01572695 0.82106501 -0.03854706
v 0.02876604 0.80569190 -0.01065791
v 0.02959532 0.80034816 0.00144287
v 0.00304021 0.82827944 -0.05249959
v -0.01152726 0.83212817 -0.06390433
v 0.02152346 0.78267097 0.06468862
v 0.02197695 0.78002036 0.05231502
v 0.02101612 0.79381925 -0.02871312
v 0.01305125 0.79935217 -0.04294639
v 0.02533768 0.78898829 -0.01351073
v 0.02665900 0.78695577 -0.00109371
v 0.00131918 0.80471843 -0.05536770
v -0.01630552 0.78239739 -0.06311080
v -0.01543587 0.80548596 -0.06420771
v 0.02562190 0.76218241 0.03320675
v 0.02328468 0.76008123 0.03732298
v 0.02322299 0.75421000 0.03406392
v 0.02700952 0.75641853 0.03357475
v 0.02107266 0.76820093 0.06110636
v 0.02217178 0.76850742 0.04811756
v -0.05186727 0.77382898 0.12962624
v -0.05873304 0.78272730 0.12831688
v -0.05869747 0.77468938 0.13213940
v -0.05893983 0.79129809 0.12650673
v -0.05201665 0.91326934 0.04919562
v -0.05656466 0.90145439 0.08180720
v -0.04338472 0.90969139 -0.01949325
v -0.04747964 0.91755050 0.01329675
v -0.04840387 0.69442195 0.10728930
v -0.04500848 0.68138880 0.10442677
v -0.04936197 0.73215407 0.12117737
v -0.05230857 0.73119903 0.12104432
v -0.05165028 0.72712666 0.12064721
v -0.04859473 0.72786051 0.12070917
v -0.03843183 0.79480851 0.11597368
v -0.01784879 0.76307023 -0.05658454
v -0.01786012 0.70756990 -0.05067202
v -0.01433594 0.68992972 -0.05300581
v 0.01058198 0.67507076 -0.04633641
v 0.00104452 0.67382145 -0.05357268
v -0.05286558 0.73500013 0.12211926
v -0.05016375 0.73595601 0.12176724
v -0.05135567 0.74427980 0.12766649
v -0.04269682 0.72106791 0.11584545
v -0.05042958 0.73890561 0.12236800
v -0.04984504 0.74105936 0.12271377
v -0.05512289 0.73766601 0.12406818
v -0.05441422 0.73458421 0.12171704
v -0.02807568 0.77870297 0.11243189
v -0.02771760 0.78329712 0.11314698
v -0.05390761 0.74085140 0.13160406
v -0.05286792 0.74253315 0.12939090
v -0.05734434 0.73965472 0.13146195
v -0.00052660 0.65360945 0.02740382
v 0.01224857 0.65966970 0.01736174
v -0.05317828 0.72326082 0.11960431
v -0.05266060 0.72000486 0.11726891
v -0.05977030 0.88192523 0.10822599
v -0.03565658 0.77946138 -0.06547712
v -0.03448321 0.80277574 -0.06995780
v 0.02485887 0.78589523 0.04510459
v 0.02741607 0.78274983 0.03933271
v 0.02834792 0.79040736 0.03902764
v 0.02609910 0.79359663 0.04480752
v -0.03782909 0.65058208 0.04367483
v 0.01900936 0.66412497 0.00394840
v -0.01008664 0.67444062 -0.05961951
v -0.00805598 0.78846973 0.10715979
v -0.00933287 0.78663784 0.10757304
v -0.03545970 0.79264015 0.11457418
v -0.03467245 0.83048135 -0.06876785
v -0.04040074 0.71380681 0.11241607
v -0.04225505 0.71792829 0.11241829
v -0.02833579 0.70988494 -0.05357104
v -0.03912711 0.67261678 0.06418223
v -0.05565946 0.73915207 0.12767676
v -0.03389239 0.76205611 -0.05914007
v 0.03167978 0.79820484 0.03295867
v 0.03284600 0.79592633 0.03588082
v 0.03233522 0.79264206 0.03494004
v 0.03125389 0.79354799 0.03363150
v 0.03321113 0.79813683 0.04085411
v 0.03445951 0.79515541 0.03838011
v 0.03633706 0.79837489 0.03790417
v 0.03496512 0.80178726 0.03965009
v 0.02863041 0.79953158 0.04321516
v 0.03115456 0.79418558 0.04084478
v 0.03757853 0.80084401 0.03668757
v 0.03740365 0.80320299 0.03840705
v 0.03507268 0.80518579 0.03744910
v 0.03199288 0.80638790 0.03360558
v 0.04010740 0.80499852 0.03555061
v 0.03696475 0.80749679 0.03385409
v 0.04330969 0.80553001 0.03106317
v 0.03908974 0.80820608 0.02886079
v 0.04522152 0.80402631 0.02496193
v 0.04002097 0.80604762 0.02262577
v 0.02462213 0.76718283 0.04005111
v 0.02656471 0.76860821 0.03367722
v 0.04649736 0.79944921 0.02052930
v 0.03990421 0.80035836 0.01791121
v 0.04620672 0.79301792 0.01711508
v 0.03996889 0.79375350 0.01465607
v 0.04453327 0.78596824 0.01584059
v 0.03988979 0.78561693 0.01347847
v 0.04321459 0.77849454 0.01591207
v 0.03830342 0.77726090 0.01352095
v 0.04099534 0.77093709 0.01789532
v 0.03576063 0.76757109 0.01485670
v 0.04006230 0.80380172 0.02918776
v 0.04181021 0.80168921 0.02486520
v 0.03137708 0.80361038 0.02481697
v 0.03838743 0.80357653 0.03367172
v 0.03214859 0.78922850 0.02702627
v 0.03003933 0.79270840 0.02639114
v 0.03032395 0.79117346 0.02647111
v 0.03017026 0.79008347 0.02381217
v 0.02734653 0.77554649 0.03708256
v 0.02891354 0.77630079 0.03336532
v 0.02856141 0.78142452 0.03526070
v 0.02769335 0.77234739 0.03179629
v 0.02668059 0.77399939 0.03091478
v 0.02605635 0.77744126 0.03205515
v 0.02543390 0.78175509 0.03303200
v 0.02738060 0.77307457 0.02840808
v 0.02849343 0.77112770 0.02898112
v 0.02603730 0.77425903 0.02855949
v 0.02548664 0.77477980 0.02980823
v 0.02453745 0.77732664 0.02946774
v 0.02542271 0.78133506 0.02801294
v 0.02488513 0.77658027 0.04329803
v 0.02664211 0.77865010 0.01743776
v 0.02418082 0.76876849 0.01853423
v 0.03735744 0.76481050 0.02154062
v 0.03397116 0.75866610 0.01929693
v 0.03113020 0.75321668 0.03083406
v 0.03353178 0.75268418 0.02504822
v 0.03021339 0.79885620 0.02128177
v 0.03033388 0.79295951 0.01793362
v 0.02278209 0.76079398 0.02268084
v 0.02965047 0.78639114 0.01615702
v 0.03874925 0.77452105 0.01947564
v 0.03543739 0.77058774 0.02199318
v 0.04093632 0.78006369 0.01791350
v 0.02946720 0.76757514 0.02975973
v 0.03037003 0.76119936 0.03017132
v 0.03452495 0.76183200 0.02593299
v 0.03221548 0.76819569 0.02533838
v 0.03725141 0.77687579 0.02216793
v 0.03376200 0.77412677 0.02312089
v 0.03422081 0.77948135 0.02224159
v 0.03079274 0.77731389 0.02325279
v 0.02842746 0.77451235 0.02589010
v 0.03046553 0.77210522 0.02556609
v 0.02672367 0.77996087 0.02308683
v 0.03036021 0.78310484 0.02290219
v 0.02584276 0.77623129 0.02630443
v 0.03673633 0.78259236 0.02283802
v 0.03874451 0.78666520 0.02321445
v 0.03618208 0.78843468 0.02630619
v 0.03340224 0.78556544 0.02433576
v 0.04192178 0.78628862 0.01758932
v 0.04134456 0.78593171 0.02077140
v 0.03955333 0.78117442 0.02104628
v 0.04190930 0.79146332 0.02136218
v 0.04243871 0.79280537 0.01853598
v 0.03980083 0.79104412 0.02335572
v 0.03806103 0.79150641 0.02548326
v 0.04094608 0.79942346 0.02618391
v 0.04181952 0.79609042 0.02337567
v 0.04290511 0.79814911 0.02134481
v 0.04032426 0.79432011 0.02531168
v 0.03935343 0.79698116 0.02716650
v 0.03793647 0.79509807 0.02716365
v 0.03884845 0.79386479 0.02582113
v 0.03588989 0.80086571 0.03504788
v 0.03436726 0.79893291 0.03611242
v 0.03723688 0.80163229 0.03259367
v 0.03507185 0.80256355 0.03302673
v 0.03585853 0.79969054 0.03173381
v 0.03346236 0.80150175 0.03294910
v 0.03473947 0.79758734 0.03168575
v 0.03283665 0.79433310 0.03131715
v -0.02276846 0.62230098 0.02907791
v -0.02545837 0.63393372 0.03211788
v -0.03741992 0.63064408 0.03234600
v -0.03600782 0.62026453 0.02679723
v 0.03644617 0.79605532 0.02957061
v 0.03758427 0.79853576 0.02934786
v 0.03901415 0.80140358 0.02909289
v 0.03419054 0.79139060 0.02845158
v 0.03577271 0.79084641 0.02754603
v 0.03665344 0.79269892 0.02744373
v 0.03484660 0.79350245 0.02925208
v 0.02850941 0.78569353 0.03559947
v 0.02763587 0.78507149 0.03153698
v 0.02843298 0.78398627 0.02722678
v 0.01923022 0.61049712 0.02259454
v 0.03762211 0.61711174 0.01599862
v 0.03004395 0.62625295 0.01172069
v 0.01449086 0.62018031 0.01922293
v 0.02417463 0.58654082 0.03912962
v 0.02118937 0.56808901 0.04661283
v 0.04381440 0.57036477 0.04832735
v 0.05365270 0.59111834 0.03351380
v 0.03613772 0.55234617 0.05818779
v 0.01692410 0.55057800 0.05388054
v 0.02113591 0.50172466 0.07825590
v 0.02555770 0.51789641 0.07222258
v 0.00856936 0.51754308 0.06798316
v 0.00489033 0.50113678 0.07420363
v 0.03306234 0.42223963 0.09595843
v 0.02159098 0.42331874 0.09639238
v 0.01588628 0.40775639 0.09186515
v 0.02908489 0.40501985 0.08994373
v 0.09503835 0.50948358 0.07071199
v 0.10196787 0.49787357 0.06778868
v 0.10704541 0.51045525 0.06192824
v 0.10095964 0.52379853 0.06401823
v 0.08727819 0.62594181 0.00410321
v 0.07441568 0.63216925 -0.00258222
v 0.06186120 0.61851245 0.01118857
v 0.07394439 0.61039478 0.01994272
v 0.08192514 0.43914959 0.07136568
v 0.07534727 0.44767714 0.07952979
v 0.06979822 0.43543166 0.08204192
v 0.07537422 0.42657736 0.07512037
v 0.06124386 0.34297338 0.07208330
v 0.04412552 0.34086162 0.07886141
v 0.04393174 0.31769603 0.07789136
v 0.06152356 0.31993732 0.07041414
v 0.11054508 0.37206656 0.02892367
v 0.11138391 0.35210004 0.03106295
v 0.11998675 0.35421482 0.00885809
v 0.12036160 0.37178442 0.00776066
v 0.05080917 0.49980146 0.08305482
v 0.05669093 0.51472050 0.07755120
v 0.04179577 0.51691175 0.07570866
v 0.03667996 0.50133628 0.08120906
v 0.16182652 0.36144948 0.03029823
v 0.15562016 0.38486740 0.03252610
v 0.14282098 0.38081694 0.02639131
v 0.14900117 0.35807651 0.02374589
v 0.11022062 0.25244537 0.03437876
v 0.11210842 0.23423660 0.03734326
v 0.12163259 0.23897187 0.01680211
v 0.11818890 0.25728092 0.01516148
v 0.15766867 0.50683612 0.04831734
v 0.17447875 0.51511359 0.03967702
v 0.17256442 0.53482252 0.04146303
v 0.15648074 0.52441782 0.05238876
v 0.09177361 0.48011711 0.07355449
v 0.09671525 0.48895323 0.07157204
v 0.08963811 0.49799225 0.07506152
v 0.08426423 0.48730171 0.07817619
v 0.12363499 0.40373448 0.00542914
v 0.12657255 0.41872805 0.00368927
v 0.11962359 0.41976243 0.01862543
v 0.11561479 0.40472320 0.02228251
v 0.11238186 0.38894802 0.02537761
v 0.12101825 0.38823658 0.00647678
v 0.07472767 0.49261060 0.08127693
v 0.08078195 0.50567758 0.07652441
v 0.06983124 0.51081747 0.07769381
v 0.06362291 0.49685559 0.08308326
v 0.01003189 0.39379808 0.08631617
v 0.02581200 0.39123297 0.08434946
v 0.09722298 0.22807482 0.05566568
v 0.09658907 0.24694467 0.05233983
v 0.07868876 0.24040212 0.06586231
v 0.07846250 0.22113615 0.06925981
v 0.02644456 0.36054659 0.08104893
v 0.04308020 0.36141223 0.07788775
v 0.04017007 0.37900537 0.07779662
v 0.02534734 0.37818992 0.08076198
v 0.05690647 0.21467225 0.07778001
v 0.05875187 0.23426318 0.07439439
v 0.03896208 0.22997843 0.07901043
v 0.03865296 0.20924829 0.08232322
v 0.03059296 0.53480738 0.06572095
v 0.01272270 0.53400767 0.06121461
v 0.05266519 0.42339015 0.09008089
v 0.04360396 0.42231959 0.09357706
v 0.04093885 0.40542385 0.08737271
v 0.05092516 0.40733987 0.08441579
v 0.10981419 0.47363532 0.04999577
v 0.11229290 0.47911796 0.04376876
v 0.11186125 0.49456850 0.05496725
v 0.10684601 0.48552170 0.06102430
v 0.12465547 0.22072910 0.02032827
v 0.11399788 0.21632433 0.04148822
v 0.05814143 0.19585213 0.07976028
v 0.03970570 0.18938385 0.08435999
v 0.12951586 0.47265297 -0.00925490
v 0.12531099 0.47404599 0.00042501
v 0.12566960 0.47047463 0.00382157
v 0.13116880 0.47014576 -0.00636739
v -0.01453285 0.42483577 0.08814038
v -0.00495380 0.40456060 0.08744374
v 0.00441339 0.41757265 0.09324114
v -0.00166454 0.43426657 0.09320886
v 0.05063177 0.39405242 0.07773882
v 0.03932495 0.39190111 0.08134036
v 0.05320275 0.38184944 0.07399315
v -0.02634735 0.41414931 0.07969698
v -0.01523485 0.38803327 0.07948315
v -0.00505061 0.53107828 0.05610010
v -0.00852623 0.51545745 0.06288464
v -0.00308564 0.54752880 0.05022548
v -0.00100704 0.56457907 0.04448225
v -0.02170090 0.56133747 0.04096828
v -0.02219111 0.54432654 0.04592106
v -0.00004172 0.58188361 0.03936764
v -0.02090253 0.57798523 0.03706025
v -0.00098423 0.60504770 0.02530554
v -0.00385477 0.61528766 0.02316667
v 0.10229219 0.47860533 0.06397723
v 0.09790885 0.47094586 0.06542174
v 0.07857807 0.20307322 0.07195798
v 0.11218786 0.56181097 -0.08357919
v 0.12541398 0.56024677 -0.07150409
v 0.12140191 0.54514766 -0.07881697
v 0.10958077 0.54518825 -0.09002758
v 0.09071431 0.60697627 0.02868824
v 0.10068155 0.62266743 0.01016896
v 0.13998798 0.48443478 -0.04754089
v 0.13777223 0.47875249 -0.04308736
v 0.13671173 0.47566506 -0.04563387
v 0.13820343 0.48342609 -0.05189142
v 0.13566716 0.47227341 -0.02645353
v 0.13733496 0.47264773 -0.03325303
v 0.13563408 0.46137285 -0.03921046
v 0.13305692 0.45956057 -0.03320826
v 0.12578179 0.24335076 -0.00399482
v 0.12037840 0.26156214 -0.00585134
v 0.12138141 0.38835543 -0.05192326
v 0.12617274 0.40534052 -0.04850291
v 0.12810539 0.39702123 -0.03053767
v 0.12521501 0.38032261 -0.03293919
v 0.02862343 0.54036367 -0.11566979
v 0.04608551 0.54526025 -0.11304228
v 0.04733080 0.52878976 -0.11567154
v 0.02965378 0.52422345 -0.11880201
v 0.08209816 0.57288182 -0.09816393
v 0.06435239 0.56735432 -0.10533487
v 0.06363355 0.58234632 -0.10092293
v 0.08233698 0.58875310 -0.09189285
v 0.09720626 0.56033659 -0.09426440
v 0.09639709 0.54296595 -0.10032930
v 0.12870938 0.40698060 -0.01145366
v 0.13128780 0.42100531 -0.01132166
v 0.13344619 0.44057086 -0.01148832
v 0.13447751 0.44793561 -0.01141275
v 0.13079359 0.44678545 0.00068974
v 0.13023168 0.43917847 0.00159952
v 0.06308562 0.63929409 -0.00802863
v 0.08161806 0.64081967 -0.02068617
v 0.06815422 0.64759958 -0.02646692
v 0.04802709 0.63091177 -0.07831904
v 0.05644337 0.63496572 -0.07043587
v 0.06303713 0.62911379 -0.07381878
v 0.05059632 0.62476844 -0.08289649
v 0.05469116 0.45486608 -0.11839863
v 0.05750244 0.43178380 -0.11476369
v 0.03678449 0.43164504 -0.12114287
v 0.03574259 0.45393845 -0.12364265
v 0.13649909 0.45856312 -0.02255942
v 0.13622805 0.46297187 -0.03150552
v 0.13548781 0.46929315 -0.03139739
v 0.13509166 0.46456102 -0.02363170
v 0.13690418 0.45639482 -0.03321109
v 0.13644534 0.45105496 -0.02252130
v 0.13540360 0.44369844 -0.02345264
v 0.13599046 0.44913033 -0.03439672
v 0.12930951 0.42076778 -0.04402427
v 0.13143443 0.43408558 -0.03894695
v 0.13232969 0.42728046 -0.02493453
v 0.13073233 0.41296801 -0.02769897
v 0.03740678 0.35701609 -0.10903370
v 0.03754112 0.38217744 -0.11343754
v 0.05674382 0.38090363 -0.10827936
v 0.05586418 0.35505003 -0.10489678
v 0.11794608 0.46644235 0.01486140
v 0.11706980 0.45203346 0.00752638
v 0.11372480 0.45438960 0.01939565
v 0.11429081 0.46611735 0.02518127
v 0.15046534 0.46333343 -0.04802283
v 0.15550186 0.46657920 -0.04810569
v 0.15939008 0.45747989 -0.04783382
v 0.15436508 0.45504412 -0.04873201
v 0.11958624 0.43007070 -0.00902991
v 0.12065952 0.41093099 -0.01361114
v 0.11926056 0.41430351 -0.00171975
v 0.11685545 0.43446815 0.00223752
v 0.12125237 0.62209243 -0.00939670
v 0.10854144 0.62852943 -0.01261808
v 0.11511502 0.61911404 0.01662602
v 0.12484796 0.44472331 -0.02306548
v 0.12733439 0.44555321 -0.03242829
v 0.12750597 0.43005058 -0.03890062
v 0.12314232 0.42796046 -0.03001849
v 0.17694938 0.36512077 0.02937268
v 0.17095315 0.38859874 0.03088281
v 0.12561150 0.38886812 -0.02803690
v 0.12128036 0.40847430 -0.02485270
v 0.12473118 0.40914539 -0.03498879
v 0.13070816 0.38929558 -0.03859739
v 0.12302171 0.36283118 -0.03393627
v 0.11767425 0.37033778 -0.05382698
v 0.11718979 0.24808489 -0.04509985
v 0.11035524 0.26878640 -0.04590606
v 0.11742110 0.26582897 -0.02679954
v 0.12423480 0.24654205 -0.02539711
v 0.12919079 0.22446093 -0.00165696
v 0.12131169 0.22638799 -0.04292442
v 0.12802637 0.22619815 -0.02308563
v 0.04251287 0.65850598 -0.02882153
v 0.05529057 0.65301198 -0.02862044
v 0.04930635 0.65303099 -0.04639683
v 0.03740676 0.66016173 -0.04382844
v 0.14876594 0.11182418 0.00885805
v 0.14314526 0.11169448 0.03542795
v 0.14759488 0.08375200 0.03638243
v 0.15120772 0.08229770 0.00832113
v 0.02406553 0.64406991 -0.07239190
v 0.01491190 0.65319514 -0.06587087
v 0.02711104 0.65716553 -0.05633202
v 0.03776141 0.64879376 -0.06093721
v 0.14451674 0.13716653 0.00830976
v 0.13767272 0.13538785 0.03328990
v 0.03914128 0.65214318 -0.01342263
v 0.05174670 0.64520931 -0.01121760
v 0.03247669 0.64257783 -0.00082913
v 0.04274703 0.63429809 0.00074659
v 0.02231839 0.63624310 0.01088737
v 0.13341865 0.10682775 0.05941780
v 0.13918208 0.07915933 0.06305267
v 0.02565444 0.66787982 -0.04055991
v 0.01747832 0.66563898 -0.05206442
v 0.00773212 0.66297358 -0.06024584
v -0.00495275 0.66299897 -0.06643384
v -0.01817732 0.66264540 -0.07188679
v -0.02184078 0.67504400 -0.06508330
v 0.12447932 0.20333512 0.02433311
v 0.13069466 0.20582709 0.00169783
v 0.13800059 -0.02876402 -0.05389475
v 0.13548523 -0.04607835 -0.03964403
v 0.11335063 -0.04803380 -0.06088764
v 0.11814275 -0.03263006 -0.07160585
v 0.06303068 -0.02188792 -0.09892543
v 0.09271993 -0.03026823 -0.08715165
v 0.08631521 -0.04202946 -0.07603700
v 0.05569439 -0.03189651 -0.08657829
v 0.07285608 0.09514523 -0.11935512
v 0.06938878 0.11683916 -0.11500964
v 0.09242614 0.11828845 -0.10465600
v 0.09659896 0.09613001 -0.10978787
v 0.12960149 0.20695685 -0.02017520
v 0.12327213 0.20590283 -0.04006072
v 0.11285987 0.19926059 0.04417441
v 0.13692133 -0.05714504 0.09524888
v 0.13758624 -0.09066531 0.09726689
v 0.15245840 -0.08924593 0.06515499
v 0.15491045 -0.05368583 0.06308691
v 0.14572728 -0.09027483 0.00237712
v 0.12679413 -0.09131053 -0.02245100
v 0.13064839 -0.06722197 -0.03023570
v 0.14975576 -0.06131601 -0.00402064
v 0.02122389 0.18381321 0.08871645
v 0.02138375 0.16403766 0.08634779
v 0.03982634 0.17099714 0.08362587
v -0.03125516 0.17012177 0.08644154
v -0.02989638 0.15054664 0.08245738
v -0.01398307 0.15397118 0.08626679
v -0.01408641 0.17407168 0.09088262
v -0.02015254 0.04682650 0.07869091
v -0.01635448 0.07121351 0.07601124
v -0.02836091 0.06843499 0.07321668
v -0.03010873 0.04582252 0.07548591
v 0.11821423 0.09978685 0.07885574
v 0.11092483 0.12293950 0.07291718
v 0.08936471 0.11425259 0.08348626
v 0.09464815 0.09174075 0.09099090
v 0.07742623 -0.05471982 -0.06541125
v 0.04808763 -0.03943234 -0.07116358
v 0.11041345 -0.05629144 0.11801466
v 0.11148640 -0.09052921 0.12119805
v 0.07869209 -0.08944461 0.13180870
v 0.07848026 -0.05549648 0.12808612
v 0.04902435 -0.05662226 0.12214109
v 0.04846742 -0.08821883 0.12481368
v -0.01133768 -0.03552382 0.05035513
v -0.00770525 -0.04042349 0.04611811
v -0.00493842 -0.02361593 0.06914633
v -0.01454502 -0.01333014 0.07295173
v 0.07083742 0.00968729 -0.11667613
v 0.09850397 0.00530972 -0.10687441
v 0.09660538 -0.01389844 -0.09859986
v 0.06777555 -0.00746078 -0.10890292
v 0.11278660 0.20412385 -0.05733958
v 0.10991638 0.22554751 -0.05979503
v 0.09591631 0.22483097 -0.07357977
v 0.09153204 0.24974231 -0.07436921
v 0.10572064 0.24861304 -0.06118949
v 0.09298792 0.39075390 -0.08665527
v 0.09966478 0.41034770 -0.08646895
v 0.11291800 0.39740458 -0.06985632
v 0.10726330 0.37995848 -0.07099027
v 0.06466509 0.55097198 -0.10987350
v 0.06493396 0.53386235 -0.11364910
v 0.10050134 -0.08577233 -0.04171702
v 0.10216202 -0.11582835 -0.03153158
v 0.07239446 -0.10993801 -0.03906214
v 0.06350802 -0.07293499 -0.05129689
v 0.14314036 -0.12055381 0.00841177
v 0.15543903 -0.08777522 0.03235717
v 0.15106650 -0.12050519 0.03504935
v 0.13496777 -0.12345459 0.09991731
v 0.14869012 -0.12186876 0.06766120
v 0.07747783 -0.12285003 0.13481371
v 0.04767288 -0.12071016 0.12666966
v 0.00295020 -0.09034347 0.05098904
v 0.00599466 -0.11583184 0.04888589
v 0.01387726 -0.11710239 0.07650147
v 0.01228109 -0.09001554 0.07734624
v 0.01186213 0.04500483 0.08784231
v 0.02199281 0.02285832 0.09429952
v 0.04604546 0.04347094 0.09846606
v 0.04240479 0.06613476 0.09172182
v -0.01436097 0.19634560 0.09104497
v -0.02874207 0.19188537 0.08787061
v 0.02023020 0.20490557 0.08684691
v 0.00205463 0.20077856 0.09080998
v 0.00290243 0.17849916 0.09139036
v -0.01711799 0.28974587 0.08663511
v -0.01780135 0.26654112 0.08647917
v 0.00187162 0.26845372 0.08649950
v 0.00346800 0.29131216 0.08716061
v 0.00487191 0.31513834 0.08687668
v -0.01591481 0.31348169 0.08579966
v -0.01439270 0.36254421 0.07810382
v 0.00713463 0.36124468 0.08097036
v 0.00648939 0.37981722 0.08149654
v -0.02360603 0.52737474 0.05075004
v -0.02581263 0.51122689 0.05611627
v 0.12293300 0.07197711 0.08538026
v 0.03022691 -0.07782900 -0.03640002
v 0.04103770 -0.10857056 -0.03258784
v 0.01871090 -0.11016551 -0.01648952
v 0.01027694 -0.08349157 -0.01663404
v 0.12640889 0.12973627 0.05490801
v 0.09812281 0.21023929 0.05907925
v 0.09716615 0.19329517 0.06057230
v 0.09214577 0.37613723 0.04955838
v 0.09616575 0.35105944 0.05008539
v 0.01225294 0.42715156 0.09614167
v 0.01136847 0.43981025 0.09617313
v 0.15941659 -0.05519649 0.02764351
v 0.07545561 -0.15461348 0.13581435
v 0.04677904 -0.15272896 0.12680864
v 0.04544902 -0.18388505 0.12593788
v 0.07282087 -0.18509912 0.13546872
v 0.01026339 -0.14313819 0.02493943
v 0.01802391 -0.17399691 0.02699921
v 0.01579134 -0.17373449 0.04941636
v 0.01047627 -0.14423247 0.04824242
v 0.02451053 -0.20475800 0.03111353
v 0.02894191 -0.23487189 0.03414011
v 0.02274962 -0.23667023 0.05418314
v 0.02024379 -0.20569493 0.05247332
v 0.10915165 -0.12383556 0.12472812
v 0.12510684 -0.18509936 0.10785677
v 0.12956038 -0.15488490 0.10461216
v 0.10571925 -0.15589952 0.12689531
v 0.10233759 -0.18652037 0.12854816
v 0.12560304 -0.11966693 -0.01461067
v -0.00086319 -0.09014119 0.02717378
v 0.00395530 -0.11476817 0.02521660
v 0.03870949 -0.17487270 -0.00705967
v 0.02893611 -0.14212388 -0.01291742
v 0.05069743 -0.14305584 -0.02699242
v 0.05956946 -0.17603369 -0.01931004
v 0.13901766 -0.17815529 0.02190782
v 0.14061424 -0.14992948 0.01482567
v 0.14677903 -0.15003493 0.04219206
v 0.14363034 -0.17885813 0.04843914
v 0.14280735 -0.15219693 0.07343899
v 0.13778912 -0.18188231 0.07854681
v 0.11515065 -0.24390176 0.11276194
v 0.12049997 -0.21498759 0.11045805
v 0.09774509 -0.21679094 0.12923598
v 0.09213425 -0.24580932 0.12991957
v 0.12948716 -0.23989956 0.08647953
v 0.13343881 -0.21064629 0.08270454
v 0.13652210 -0.23499225 0.06054796
v 0.13988814 -0.20678905 0.05481333
v 0.13313945 -0.23221526 0.03715490
v 0.13636160 -0.20511338 0.02968982
v 0.12400252 -0.23091446 0.01822653
v 0.12510777 -0.20486225 0.00918940
v 0.10807711 -0.20490639 -0.00507042
v 0.10889883 -0.23110977 0.00486724
v 0.09072847 -0.23121107 -0.00112817
v 0.08750018 -0.20446303 -0.01180009
v 0.05317267 -0.23295239 0.00591288
v 0.04685551 -0.20500851 0.00003330
v 0.06594311 -0.20493168 -0.01047901
v 0.07103357 -0.23193102 -0.00138025
v 0.07599117 -0.33748493 0.01757630
v 0.06914091 -0.31174088 0.01431806
v 0.08551133 -0.30852622 0.01631772
v 0.09095623 -0.33403093 0.01915829
v 0.10553185 -0.33070424 0.02207719
v 0.10020969 -0.30634362 0.01972440
v 0.11386815 -0.30533066 0.02600642
v 0.11853254 -0.32907414 0.02889645
v 0.13032542 -0.30893630 0.05483746
v 0.13531657 -0.33382288 0.05683765
v 0.12881428 -0.33003429 0.04030956
v 0.12418681 -0.30589601 0.03801225
v 0.13444683 -0.31338328 0.07534900
v 0.13761385 -0.33918247 0.07726868
v 0.12578972 -0.32030663 0.09749801
v 0.12540303 -0.34757069 0.09715068
v 0.10539502 -0.32863781 0.11618768
v 0.10645687 -0.35612446 0.11601244
v 0.03551903 -0.32338026 0.04728399
v 0.04110968 -0.31958669 0.03062563
v 0.04904342 -0.34540325 0.02871741
v 0.04171120 -0.35007107 0.04394570
v 0.03592857 -0.33178782 0.09276186
v 0.04380317 -0.35911432 0.08546814
v 0.04443328 -0.36158276 0.11187760
v 0.03873930 -0.33449671 0.12040818
v 0.11079234 -0.27253208 0.11416434
v 0.12599073 -0.26710656 0.09001890
v 0.13330404 -0.26164472 0.06595878
v 0.12949608 -0.25804636 0.04451176
v 0.05853483 -0.25966972 0.00948695
v 0.07641465 -0.25796565 0.00537247
v 0.02620792 -0.26695961 0.05378161
v 0.03234452 -0.26417711 0.03466398
v 0.05898419 -0.30667332 0.13673705
v 0.08454032 -0.30485767 0.13350053
v 0.08728489 -0.27515048 0.13065532
v 0.06140089 -0.27639949 0.13442940
v 0.12526153 -0.29365736 0.09435006
v 0.13250554 -0.28750208 0.07103137
v 0.12806509 -0.28337798 0.05084727
v 0.11113315 -0.28092641 0.02081129
v 0.12199265 -0.28079930 0.03356101
v 0.09714066 -0.28195634 0.01436702
v 0.06382560 -0.28567660 0.01199968
v 0.08125317 -0.28340986 0.01070101
v 0.03096980 -0.29605746 0.05123890
v 0.03603765 -0.29235581 0.03311571
v 0.06277616 -0.36279544 0.13240406
v 0.08743688 -0.36190054 0.13348308
v 0.08531198 -0.33444774 0.13634062
v 0.05897874 -0.33623153 0.13835295
v 0.06982473 -0.38569057 0.11849853
v 0.05619240 -0.38425815 0.10151905
v 0.12601829 -0.35224062 0.02769249
v 0.11316816 -0.35361436 0.01900582
v 0.13611811 -0.35486242 0.03927184
v 0.12723483 -0.37586820 0.09686037
v 0.14152208 -0.36576629 0.07702227
v 0.10756061 -0.38416445 0.11310395
v 0.08840634 -0.38542596 0.12374754
v 0.06937971 -0.39588636 0.02347562
v 0.06175441 -0.40099645 0.03715895
v 0.05123017 -0.37359399 0.04217512
v 0.05964434 -0.36974090 0.02839397
v 0.09322560 -0.38673556 0.00857438
v 0.08400937 -0.36172619 0.01782289
v 0.09856734 -0.35747024 0.01615240
v 0.10822551 -0.38132912 0.00506545
v 0.13755888 -0.37811732 0.01895157
v 0.12392271 -0.37823689 0.00918112
v 0.14845267 -0.38007402 0.03322442
v 0.14675494 -0.39492932 0.07421137
v 0.15387627 -0.38550133 0.05276955
v 0.14325841 -0.35843346 0.05637941
v 0.13097866 -0.40567693 0.09602608
v 0.11202051 -0.44505590 0.09649348
v 0.13702542 -0.43638128 0.09116548
v 0.10541292 -0.41528884 0.10588050
v 0.10735026 -0.53946078 0.05384446
v 0.11332693 -0.57200664 0.04077606
v 0.13056089 -0.57021683 0.05025842
v 0.12696871 -0.53810364 0.06460666
v 0.07432912 -0.42354241 0.01259165
v 0.06806637 -0.42857417 0.02874925
v 0.11703061 -0.40752444 -0.00795151
v 0.09973679 -0.41279009 -0.00576072
v 0.16442709 -0.45471895 0.06226288
v 0.17314833 -0.44475007 0.03931966
v 0.16425087 -0.41455221 0.04760111
v 0.15587264 -0.42450109 0.07012075
v 0.07872622 -0.52133560 -0.00490750
v 0.07195461 -0.48955622 0.00497168
v 0.08038550 -0.48352855 -0.01288377
v 0.08630839 -0.51575202 -0.02178154
v 0.12322991 -0.43680301 -0.02063956
v 0.12859875 -0.46825445 -0.03099695
v 0.10941045 -0.47272047 -0.03068812
v 0.10433225 -0.44145977 -0.01913463
v 0.17045924 -0.52111995 0.04085319
v 0.17959365 -0.51288790 0.01970465
v 0.17861751 -0.47732702 0.02960379
v 0.16931775 -0.48697612 0.05217463
v 0.11807793 -0.47491184 0.08782102
v 0.12359016 -0.50607073 0.07706895
v 0.14863719 -0.49744031 0.07129169
v 0.14382905 -0.46641397 0.08216182
v 0.09710496 -0.47612923 0.07630594
v 0.10216179 -0.50722247 0.06618122
v 0.10628198 -0.58606517 -0.03025778
v 0.09971058 -0.59308112 -0.01825765
v 0.08928031 -0.55650598 -0.01138515
v 0.09654976 -0.54985201 -0.02573498
v 0.13390949 -0.50259364 -0.03694829
v 0.13808902 -0.53926980 -0.03960333
v 0.12166304 -0.54187512 -0.03997920
v 0.11518770 -0.50605589 -0.03798041
v 0.17030144 -0.59365672 0.01681497
v 0.17622843 -0.58747864 -0.00101058
v 0.17819503 -0.54998809 0.00947287
v 0.17063095 -0.55666202 0.02848898
v 0.13460220 -0.60484743 0.03516341
v 0.15528359 -0.60028940 0.03191908
v 0.15364888 -0.56432062 0.04647006
v 0.11909023 -0.60641932 0.02732321
v 0.12387275 -0.64086241 0.01611587
v 0.13699335 -0.63952178 0.02269072
v 0.11391137 -0.62135559 -0.03601789
v 0.10914861 -0.62722445 -0.02367449
v 0.13093936 -0.61418825 -0.04834482
v 0.12731084 -0.57866800 -0.04281727
v 0.14129893 -0.57601148 -0.04322070
v 0.14365062 -0.61121041 -0.04937592
v 0.16840629 -0.57978511 -0.02904650
v 0.16814634 -0.61506718 -0.03556564
v 0.15709451 -0.61153889 -0.04465459
v 0.15611492 -0.57629609 -0.03844253
v 0.17384548 -0.62175453 -0.01051678
v 0.17302024 -0.61798131 -0.02436552
v 0.17562337 -0.58281732 -0.01671970
v 0.16910352 -0.62732023 0.00633484
v 0.15506692 -0.63467520 0.01976102
v 0.01044902 -0.05091390 -0.02659477
v 0.02035306 -0.05664182 -0.03279057
v 0.00489205 -0.06554956 -0.01168708
v -0.00132672 -0.05685183 -0.00494785
v 0.01869408 -0.17734616 0.07784001
v 0.01605531 -0.14628066 0.07701494
v 0.02113285 -0.24047907 0.07811418
v 0.01984473 -0.20963317 0.07886684
v 0.02487104 -0.27054593 0.07714307
v 0.03541814 -0.32818043 0.06864662
v 0.02980023 -0.29991361 0.07397602
v 0.04186180 -0.35470912 0.06410407
v 0.05102171 -0.38049352 0.05994739
v 0.06104792 -0.40754557 0.05520058
v 0.07272997 -0.46332979 0.03820140
v 0.06993409 -0.43420961 0.04768388
v 0.06981917 -0.45865646 0.01729942
v 0.08083798 -0.52837026 0.01704955
v 0.07530329 -0.49504873 0.02762240
v 0.10066642 -0.59983689 -0.00202101
v 0.08989521 -0.56404519 0.00741990
v 0.11062323 -0.63343710 -0.00899646
v 0.02795617 -0.03556073 0.10132722
v 0.02779766 -0.01436105 0.10018220
v 0.01028782 -0.02787714 0.08366238
v 0.01109675 -0.04448448 0.08108263
v -0.00758049 -0.04434107 0.02146866
v -0.00728837 -0.04571987 0.01684905
v -0.00823423 -0.04554578 0.03044694
v -0.00924868 -0.04365445 0.03394528
v 0.10707911 -0.30039692 0.11536800
v 0.12265622 -0.25614390 0.02674434
v 0.09401317 -0.25675756 0.00771310
v 0.10977502 -0.25622556 0.01409674
v 0.02786424 -0.30448332 0.09981582
v 0.03839784 -0.30594739 0.12337574
v 0.03878112 -0.27630204 0.12386111
v 0.02757473 -0.27447847 0.10229590
v 0.09166731 -0.44913355 0.08595403
v 0.07808988 -0.44205439 0.06753866
v 0.08455408 -0.46992114 0.05694884
v 0.08526260 -0.42511252 0.09676015
v 0.16125627 -0.40736327 0.02596729
v 0.15008157 -0.40433183 0.00899355
v 0.14294100 -0.43349844 -0.01438953
v 0.13468483 -0.40461591 -0.00234181
v 0.16016126 -0.43343702 -0.00203045
v 0.02613484 -0.21417026 0.10467655
v 0.02655091 -0.24474853 0.10315790
v 0.04158187 -0.24594876 0.12385393
v 0.04329807 -0.21510123 0.12488618
v 0.10528800 0.28917524 -0.04688646
v 0.11145438 0.28499195 -0.02842437
v 0.07163494 0.40532956 0.06956742
v 0.06134531 0.39849073 0.07383159
v 0.06631766 0.38607010 0.06839247
v 0.07899772 0.39342415 0.06092941
v 0.08867853 0.40440273 0.05519702
v 0.08097505 0.41520163 0.06561450
v 0.09601475 0.41771683 0.05059602
v 0.08813088 0.42808443 0.06138784
v 0.11220773 0.46603245 0.03596454
v 0.11383007 0.47019416 0.03198455
v -0.03449995 0.35900187 0.07248635
v -0.03540363 0.33468395 0.07700694
v -0.01510387 0.33728513 0.08276270
v 0.00304983 0.15821099 0.08756316
v 0.01650780 0.07986793 0.08126100
v -0.00194916 0.07430278 0.07824557
v -0.00739179 0.04658320 0.08208589
v -0.02435911 -0.01811303 0.06524145
v -0.02336003 -0.03026239 0.05190450
v -0.01517187 -0.04163070 0.03494650
v -0.01091910 -0.04458750 0.02378075
v 0.07276458 0.35108364 -0.09569843
v 0.07425714 0.37658218 -0.09851047
v 0.02724495 0.55582565 -0.11232243
v 0.04586420 0.56072611 -0.10841397
v 0.04294055 0.58882660 -0.10070913
v 0.02384345 0.58342588 -0.10396580
v 0.02094281 0.59593344 -0.10021719
v 0.04008985 0.60097569 -0.09694673
v -0.00029646 0.65256292 -0.07359757
v 0.00616970 0.64022636 -0.08014598
v -0.00332445 -0.04303533 0.00105995
v -0.00093017 -0.04456959 -0.00691289
v -0.00709862 -0.04763480 0.01136607
v 0.00072377 -0.06815102 0.05395775
v -0.00067380 -0.05204774 0.05852747
v -0.00648063 -0.05706617 0.03605872
v -0.00433387 -0.07050107 0.03159313
v 0.15384080 -0.01913055 0.06198644
v 0.13460486 -0.02225892 0.09407428
v 0.10624224 -0.06550459 -0.05113290
v 0.14749342 0.34694549 -0.04169938
v 0.13888225 0.36862239 -0.04057634
v 0.14877106 0.36971110 -0.04854953
v 0.15726325 0.34785444 -0.04822773
v 0.07440174 0.45691973 -0.11146328
v 0.08123512 0.42944327 -0.10305197
v 0.05191966 0.62681735 0.00483170
v 0.14354385 0.60318649 0.03142191
v 0.12954481 0.61307937 0.02408501
v 0.12097342 0.59750432 0.04427626
v 0.13188942 0.58978087 0.05080866
v 0.14076011 0.57048351 -0.04988710
v 0.13023834 0.57563370 -0.06121658
v 0.13426454 0.59095687 -0.04681189
v 0.14403918 0.58354449 -0.03535372
v 0.09885178 0.07271595 -0.11439077
v 0.07437323 0.07243831 -0.12354606
v 0.05637069 0.27783605 -0.09671321
v 0.05525151 0.30363411 -0.09939194
v 0.07129756 0.30011407 -0.09024092
v 0.07300524 0.27538314 -0.08718365
v 0.09876234 0.44378635 -0.09485233
v 0.10959508 0.42680782 -0.08114034
v -0.03149094 0.43969530 0.07800954
v -0.01755305 0.44684228 0.08551248
v -0.01673300 0.46602455 0.08049774
v -0.03238617 0.46115431 0.07335396
v 0.16329986 0.40606886 -0.05032476
v 0.15180238 0.39560470 -0.05172111
v 0.14171404 0.41533047 -0.04935975
v 0.15033633 0.42304575 -0.05056855
v 0.15357856 -0.03519734 -0.01477779
v 0.16252081 -0.01730238 0.01971374
v 0.11673063 0.31996712 -0.01127984
v 0.11504185 0.29974881 -0.01001391
v 0.11194068 0.30526519 -0.03090610
v 0.11410309 0.32550305 -0.03247293
v 0.12521118 0.37489608 -0.01303719
v 0.12361026 0.35769668 -0.01293733
v 0.12602115 0.39149958 -0.01234441
v 0.13304695 0.47251284 -0.01903475
v 0.13415593 0.47241187 -0.01574152
v 0.13569561 0.47507206 -0.02356637
v 0.01120977 -0.06448417 0.07918746
v 0.00452517 -0.00078602 0.08649212
v -0.00524843 0.01144935 0.08566053
v -0.00436514 -0.04189784 0.00752612
v -0.00549757 -0.04283454 0.00978903
v 0.01610339 0.64828730 0.01334425
v 0.02403007 0.65307748 0.00029910
v 0.12115394 0.42818907 -0.01942300
v 0.12295707 0.44610190 -0.01296269
v 0.13149314 0.45358869 -0.00033774
v 0.13143627 0.46046612 -0.00375181
v 0.12558967 0.46112978 0.00793596
v 0.12508290 0.45516959 0.01145607
v 0.13506694 0.45488107 -0.01172229
v 0.13434869 0.46166161 -0.01438755
v 0.08613624 0.51880002 0.07102566
v 0.09237932 0.53366905 0.06453556
v 0.08225069 0.54082072 0.06320152
v 0.07563654 0.52532971 0.07064759
v 0.06286129 0.53022373 0.07050872
v 0.06955237 0.54637378 0.06211334
v 0.05462632 0.55058688 0.06062986
v 0.04781350 0.53336561 0.06878066
v 0.04470812 0.60874569 0.02436615
v 0.02304999 0.60177112 0.03198991
v 0.00008843 0.59562761 0.03290094
v -0.02082394 0.59064043 0.03167078
v 0.01392733 0.62855858 -0.08563437
v 0.03490357 0.63374913 -0.07917239
v 0.03474090 0.62192601 -0.08748057
v 0.01720045 0.61755550 -0.09113473
v -0.00220605 0.61431938 -0.09520043
v -0.00572342 0.62641418 -0.09038059
v 0.00909861 0.63158679 0.01970655
v -0.00717873 0.62656987 0.02563936
v -0.02096499 0.61112463 0.02616840
v 0.19057921 0.36755443 0.02088713
v 0.18485118 0.39046001 0.02159782
v 0.02937950 0.66681498 -0.02726678
v 0.02861621 0.66046119 -0.01320823
v 0.20025240 0.36890796 0.00751441
v 0.19478695 0.39243069 0.00840190
v 0.09314776 0.58301836 0.04712657
v 0.10765436 0.57856274 0.05396189
v 0.10709807 0.60310316 0.03660103
v 0.00395816 0.64313042 0.02313989
v -0.01105458 0.63791293 0.02982842
v 0.14996713 0.01476322 0.06382681
v 0.13096794 0.01089537 0.09228336
v 0.10816044 0.27099460 0.03255729
v 0.09604275 0.26582035 0.05006479
v -0.05390175 0.28623295 0.07459383
v -0.05274011 0.26446077 0.07500654
v -0.03585184 0.26465917 0.08248413
v -0.03615548 0.28815919 0.08214975
v -0.05418271 0.35466364 0.06300354
v -0.05445530 0.33212626 0.06762920
v -0.03756538 0.64074099 0.03804642
v -0.01600716 0.22034428 0.08816796
v -0.01723029 0.24400716 0.08627128
v -0.03468353 0.24062420 0.08154759
v -0.03391663 0.21514831 0.08326644
v -0.03883924 0.18894659 0.08243550
v -0.03969117 0.17774571 0.08322567
v -0.02451646 0.02735282 0.08052266
v -0.03139208 0.02676109 0.07764845
v 0.14346977 0.44788352 0.03896946
v 0.15996613 0.45309764 0.03750084
v 0.15867805 0.47244686 0.04106499
v 0.14245315 0.46512654 0.04232086
v 0.01999968 0.22717397 0.08396561
v 0.00140976 0.22434470 0.08803909
v 0.10565417 0.46782839 0.05188699
v 0.10994221 0.45999065 0.03809406
v -0.03568596 0.38251102 0.07042452
v -0.00261043 0.45207331 0.09052858
v -0.00126002 0.46904901 0.08582374
v 0.01191266 0.45502594 0.09334479
v 0.01399696 0.47059515 0.08915512
v -0.00008314 -0.03776297 -0.00517861
v -0.00166404 -0.04022447 -0.00071917
v 0.17790380 0.47384870 -0.03390507
v 0.17359258 0.46902376 -0.03868747
v 0.17060459 0.48081559 -0.04137509
v 0.17552283 0.48597249 -0.03618161
v 0.00035271 -0.08750051 0.00604090
v -0.00366843 -0.07023176 0.01022848
v 0.03651128 -0.04494538 -0.05267439
v 0.01928066 -0.04314783 -0.04429216
v 0.01898822 -0.03520565 -0.05078775
v 0.02268985 -0.03025107 -0.06311522
v 0.02688162 -0.11990678 0.10455006
v 0.02696662 -0.08894058 0.10403796
v 0.02715363 -0.15129173 0.10480983
v 0.02703293 -0.18295263 0.10485023
v 0.05442059 -0.38438720 0.07992452
v 0.06792584 -0.41312277 0.07880575
v 0.08898269 -0.50133121 0.04655211
v 0.09393354 -0.53448397 0.03612374
v 0.10131116 -0.56911314 0.02437881
v 0.11529999 -0.63809186 0.00553735
v 0.10913600 -0.60476094 0.01318491
v 0.20367621 0.36727393 -0.00754917
v 0.20186618 0.36361852 -0.02177439
v 0.19675128 0.38843268 -0.02199292
v 0.19868471 0.39262733 -0.00694190
v 0.12455035 0.39096528 -0.01638409
v 0.13102567 0.37103817 -0.01852486
v 0.13052700 0.37290451 -0.00682966
v 0.12452182 0.39375365 -0.00449757
v 0.13767497 0.35004389 -0.02093586
v 0.13311620 0.36958563 -0.02993836
v 0.14094169 0.34822240 -0.03184956
v 0.16901237 0.35114384 -0.05024078
v 0.16082713 0.37289435 -0.05135139
v 0.17269228 0.37835848 -0.04941015
v 0.18050663 0.35416877 -0.04886226
v 0.19715446 0.36021852 -0.03395053
v 0.19012755 0.35697111 -0.04337820
v 0.18373303 0.38111278 -0.04331452
v 0.19133817 0.38378870 -0.03391759
v 0.14026698 0.35542661 0.01375532
v 0.13451354 0.37742901 0.01634871
v 0.13088295 0.37485334 0.00477735
v 0.13674392 0.35365358 0.00241241
v 0.17526165 0.45784381 0.02942054
v 0.17520855 0.47775272 0.03397446
v 0.11351356 0.48190230 0.03748040
v 0.11423197 0.47925144 0.03075447
v 0.11645771 0.48031440 0.04175736
v 0.11565374 0.48915246 0.04738819
v 0.16485146 0.41246042 0.03219293
v 0.17932242 0.41413450 0.02275253
v 0.17586716 0.43663394 0.02581246
v 0.16108958 0.43377858 0.03434372
v 0.12852181 0.39978221 0.01878835
v 0.12200519 0.42108527 0.02196116
v 0.11864115 0.41764936 0.01071221
v 0.12483896 0.39634299 0.00712279
v 0.13195516 0.41209054 -0.04331181
v 0.13941666 0.39156526 -0.04711318
v 0.12704623 0.45954204 0.03822051
v 0.12861305 0.44326162 0.03483732
v 0.10203538 0.46080992 0.05289544
v 0.12438349 0.44875956 0.01321981
v 0.12413239 0.44090912 0.01479371
v 0.05943618 0.41097435 0.08119176
v 0.06011302 0.42466307 0.08642782
v 0.11077044 0.42413101 0.03317493
v 0.10581370 0.40964049 0.03796080
v 0.06567121 0.42603150 0.08303567
v 0.06770132 0.41679481 0.07811063
v 0.02628651 0.33962345 0.08319363
v -0.02016914 0.60063595 0.02647362
v 0.13154466 0.42560318 0.03146521
v 0.14546433 0.42956296 0.03641916
v 0.14234826 0.43751457 -0.04808592
v 0.13476813 0.43302181 -0.04494557
v 0.13180444 0.44831777 -0.03948960
v 0.13718115 0.45026910 -0.04433858
v 0.12096468 0.46482491 -0.07647648
v 0.12488379 0.45305851 -0.06478117
v 0.11737014 0.43999317 -0.07392426
v 0.11094410 0.45385784 -0.08633676
v 0.18562496 0.47506461 -0.02149376
v 0.18386938 0.49013308 -0.02167267
v 0.18741718 0.48977742 -0.01003680
v 0.18827604 0.47195080 -0.01143075
v 0.18876182 0.48742732 0.00391634
v 0.18637110 0.48327518 0.01981556
v 0.18590833 0.46210656 0.01563965
v 0.18879306 0.46733320 0.00068647
v 0.15203854 0.05185149 0.03590149
v 0.15414344 0.05448125 0.00645154
v 0.05846259 0.17806236 0.07920200
v 0.07828627 0.18545252 0.07232501
v 0.04011954 0.09130105 0.08516077
v -0.00789833 -0.04470653 0.04366609
v -0.00346464 -0.03257873 0.06712625
v 0.00674096 -0.11317175 0.00355011
v 0.14382178 0.04791242 0.06317144
v 0.02537758 -0.17410263 0.00902801
v 0.01610680 -0.14249533 0.00519727
v 0.08396108 -0.17652376 -0.02185728
v 0.07853638 -0.14534175 -0.03061088
v 0.10425875 -0.14752963 -0.02302437
v 0.10665199 -0.17727342 -0.01491473
v 0.12604351 -0.14947385 -0.00755736
v 0.12601976 -0.17799354 0.00027027
v 0.06476787 -0.24459761 0.13387348
v 0.14870648 -0.46600640 -0.02440169
v 0.16771229 -0.50282753 -0.01855258
v 0.15229852 -0.50156218 -0.03052549
v 0.16585717 -0.46633437 -0.01164794
v 0.17103399 -0.43719003 0.01669830
v 0.17638114 -0.47012815 0.00741111
v 0.15089019 -0.53026217 0.05984878
v 0.15459353 -0.53880161 -0.03399812
v 0.16817541 -0.54150641 -0.02322293
v 0.17755671 -0.50653327 -0.00033229
v 0.17697139 -0.54470962 -0.00806868
v -0.00689823 -0.05890563 0.01569695
v 0.02755609 -0.02765570 -0.07592750
v 0.10462727 0.00601876 0.11115525
v 0.10810564 -0.02424438 0.11466680
v 0.02651989 0.00404621 0.09743378
v 0.04892571 0.01951414 0.10513128
v 0.06034726 0.25378054 0.07249919
v 0.04062784 0.25027233 0.07780431
v 0.06207432 0.29705754 0.07082282
v 0.06172732 0.27484006 0.07154916
v 0.07968605 0.28029078 0.06217581
v 0.07969640 0.30123800 0.06089848
v 0.10792121 0.31014544 0.03125122
v 0.10696683 0.29033327 0.03137668
v 0.11335722 0.29468265 0.01147734
v 0.11483403 0.31461698 0.01034445
v 0.11557250 0.28005725 -0.00797322
v 0.11479963 0.27550441 0.01287937
v 0.08545896 0.32090262 -0.08075663
v 0.08698428 0.34549698 -0.08307128
v 0.09847934 0.33914924 -0.06818170
v 0.09673070 0.31584612 -0.06602318
v -0.01547741 0.02194776 0.08302693
v -0.00899377 -0.04794237 0.02635079
v 0.02717550 -0.06028551 0.10361961
v 0.05011384 -0.02860777 0.11645583
v 0.07851455 -0.02624830 0.12263667
v 0.12063517 0.44885245 -0.00274502
v 0.13585405 0.47112301 -0.04944095
v 0.13541645 0.48077169 -0.05610959
v 0.18676271 0.44075710 0.01233931
v 0.19032973 0.44668630 -0.00271939
v 0.11739217 0.43986490 0.02704189
v 0.15788536 0.48972407 0.04470211
v 0.13989966 0.49756190 0.04991253
v 0.14133747 0.48176628 0.04564888
v 0.06887981 0.08117743 0.09315106
v 0.07207796 0.05572467 0.10128369
v 0.09853933 0.06447427 0.09845803
v 0.01146849 -0.04238851 -0.03252247
v 0.01492488 -0.03668975 -0.03837548
v 0.00844352 -0.01422685 0.08659068
v 0.03861450 -0.23414268 0.01768073
v 0.03222856 -0.20478585 0.01378787
v 0.04306843 -0.26174980 0.01910471
v 0.04775092 -0.28868511 0.01920448
v 0.05317015 -0.31546894 0.01892626
v 0.06112268 -0.34069794 0.01938930
v 0.07102410 -0.36487094 0.02069956
v 0.08058948 -0.39118910 0.01450023
v 0.07678679 -0.45285952 -0.00071657
v 0.08530561 -0.41790465 0.00196734
v 0.08912645 -0.44692829 -0.01209748
v 0.09338262 -0.47794935 -0.02440262
v 0.10797963 -0.54535317 -0.03536766
v 0.09931134 -0.51014298 -0.03286704
v 0.11580895 -0.58114350 -0.03826473
v 0.12150194 -0.61686379 -0.04319982
v 0.00175386 -0.04001898 -0.01083448
v 0.00629115 -0.04097807 -0.02141693
v 0.07628285 0.58616209 0.03942464
v 0.11785480 0.46028051 0.02307800
v 0.11845627 0.46495512 0.01976697
v 0.11617992 0.45528218 0.03212692
v 0.03199816 -0.02035080 -0.08824825
v 0.03697823 -0.01118431 -0.10067222
v 0.18459103 0.40609381 -0.03456134
v 0.19124725 0.41212156 -0.02398656
v 0.11462428 0.43813500 0.01489246
v 0.11556666 0.47700405 0.02506245
v 0.11631382 0.47912264 0.01958626
v 0.24809562 0.21644123 0.06166368
v 0.25003150 0.20066519 0.07281512
v 0.25724939 0.19718108 0.06499591
v 0.25525367 0.21275274 0.05280694
v 0.23751527 0.21723743 0.06690124
v 0.23974940 0.20115261 0.07686453
v 0.19412671 0.19002748 0.04418603
v 0.20205000 0.17300157 0.05328180
v 0.20483793 0.18159990 0.06204896
v 0.19767129 0.19891092 0.05309745
v 0.23218314 0.18342455 0.08678223
v 0.22880656 0.19945106 0.07727458
v 0.21902701 0.19531703 0.07397491
v 0.22364381 0.17874064 0.08308941
v 0.20304601 0.17585936 0.02215073
v 0.19390112 0.19185728 0.01239188
v 0.20468250 0.19034006 0.00396457
v 0.21368229 0.17521523 0.01484173
v 0.16954850 0.26196286 0.01124509
v 0.16552912 0.27586529 0.00782164
v 0.16087328 0.26822442 -0.00097799
v 0.16523339 0.25353235 0.00244205
v 0.24333556 0.24938612 0.03984269
v 0.24596162 0.23272525 0.05059262
v 0.25255322 0.22895311 0.04041235
v 0.24881886 0.24534923 0.02792748
v 0.20550749 0.24737130 0.04716006
v 0.20088720 0.26476008 0.03688570
v 0.18941145 0.25912216 0.03082100
v 0.19384983 0.24165647 0.04099435
v 0.24367140 0.26109585 0.01544712
v 0.24043322 0.26661232 0.02827624
v 0.21424805 0.21266481 0.06526544
v 0.20989068 0.22996379 0.05669354
v 0.19901210 0.22434556 0.05075799
v 0.20494077 0.20662361 0.05953757
v 0.22034673 0.14675069 0.04458735
v 0.21197759 0.16101933 0.03301184
v 0.22240120 0.16091260 0.02672193
v 0.23014532 0.14719297 0.03939820
v 0.21681762 0.17271627 0.07780456
v 0.21117249 0.18932711 0.06844568
v 0.21154715 0.16513973 0.07121015
v 0.26165965 0.16918373 0.05796580
v 0.25850472 0.18372875 0.04364620
v 0.25972104 0.19118905 0.05453293
v 0.26214740 0.17630996 0.06796109
v 0.17901672 0.22625914 0.02651791
v 0.18578678 0.20799866 0.03551780
v 0.19076619 0.21683986 0.04384901
v 0.18480082 0.23464397 0.03435957
v 0.23214899 0.25127161 0.04671415
v 0.23490253 0.23416878 0.05666964
v 0.25466233 0.19869272 0.02917674
v 0.24969862 0.21406475 0.01477655
v 0.25294304 0.22249040 0.02788735
v 0.25664145 0.20676839 0.04129766
v 0.23382796 0.22021660 -0.00928227
v 0.24166708 0.20527396 0.00431718
v 0.22979587 0.19829063 -0.00044967
v 0.22108702 0.21302825 -0.01325831
v 0.17141607 0.23585340 0.00822073
v 0.17404619 0.24469660 0.01788990
v 0.18450373 0.20905936 0.00346538
v 0.17524223 0.22691983 -0.00459580
v 0.18536220 0.22304507 -0.01605068
v 0.19527248 0.20633315 -0.00645648
v 0.20999512 0.29762429 0.02634132
v 0.21188080 0.28494832 0.03189747
v 0.22674236 0.28527009 0.02813893
v 0.22490250 0.29827201 0.02110435
v 0.23714216 0.28185129 0.01745709
v 0.23368409 0.29515159 0.00875751
v 0.22323905 0.30896762 -0.01676913
v 0.22723958 0.30020458 -0.01225877
v 0.21815284 0.29598445 -0.02507395
v 0.21498473 0.30482784 -0.02943546
v 0.21564117 0.24850391 -0.03734558
v 0.22511736 0.23464854 -0.02341598
v 0.21113341 0.22799350 -0.02604651
v 0.20030288 0.24324512 -0.03877432
v 0.17666313 0.25464714 -0.04219094
v 0.18690079 0.24052687 -0.03408450
v 0.17522439 0.24000549 -0.02409944
v 0.16634598 0.25471696 -0.02952114
v 0.15413429 0.30999961 -0.03757951
v 0.15829839 0.29476497 -0.03967308
v 0.15190142 0.29650259 -0.02830402
v 0.14890526 0.31112885 -0.02679868
v 0.15151823 0.30474466 -0.00279050
v 0.15628622 0.30839586 0.00757607
v 0.15177134 0.31986579 0.00882176
v 0.14770111 0.31737059 -0.00206146
v 0.20284654 0.32984939 0.01816530
v 0.20574078 0.32213959 0.01866213
v 0.21833542 0.32307464 0.00873229
v 0.21365517 0.33137691 0.00584328
v 0.20695370 0.26091081 -0.04825651
v 0.18916650 0.25813651 -0.05101624
v 0.15470995 0.29339015 -0.00274067
v 0.15700209 0.28141785 -0.00302397
v 0.16173358 0.28855240 0.00656980
v 0.15960173 0.29875270 0.00704355
v 0.17954655 0.30809945 0.01722441
v 0.18172200 0.29863679 0.01710860
v 0.19420391 0.30329716 0.02104644
v 0.19240829 0.31150857 0.02019574
v 0.20793842 0.31538552 0.02021427
v 0.20929959 0.30700588 0.02268598
v 0.22366452 0.30792260 0.01642164
v 0.22144362 0.31628266 0.01244647
v 0.20175189 0.26954779 -0.05312544
v 0.19604103 0.27837494 -0.05520114
v 0.20520175 0.28560057 -0.04826766
v 0.21149647 0.27806637 -0.04582487
v 0.15956010 0.26840651 -0.03122776
v 0.16871659 0.26766726 -0.04381345
v 0.18325135 0.28805733 0.01774234
v 0.17024459 0.29427788 0.01349874
v 0.17296599 0.28259096 0.01379043
v 0.23059149 0.30503568 0.00310051
v 0.16172911 0.30995390 -0.04525615
v 0.15559226 0.32573184 -0.04322869
v 0.16458902 0.32710078 -0.04884081
v 0.17033626 0.31098685 -0.05058374
v 0.14841844 0.32568017 -0.03490888
v 0.14439359 0.32715940 -0.02410839
v 0.14664051 0.33494616 0.01112430
v 0.14322202 0.33271390 0.00020120
v 0.15522146 0.33727545 0.02023888
v 0.16052631 0.32200968 0.01732958
v 0.17214519 0.32454711 0.02181333
v 0.16694844 0.34002692 0.02617385
v 0.19665937 0.34654486 0.01906515
v 0.20643331 0.34777570 0.00625911
v 0.21528494 0.32956177 -0.00859655
v 0.20845629 0.34511986 -0.00858487
v 0.15033466 0.30027202 -0.01469530
v 0.15310715 0.28741816 -0.01556390
v 0.24823493 0.19028957 0.01864410
v 0.25353748 0.17590085 0.03349685
v 0.24411415 0.16942300 0.02714062
v 0.23747073 0.18365909 0.01301470
v 0.23337507 0.16423908 0.02477208
v 0.24035417 0.15065195 0.03848954
v 0.22253902 0.23311479 0.05908469
v 0.22569177 0.21612096 0.06831505
v 0.24198447 0.18607396 0.08747291
v 0.19501972 0.29341945 0.02312855
v 0.19722356 0.28071862 0.02788073
v 0.20807244 0.29992735 -0.04034042
v 0.20485687 0.30886039 -0.04210525
v 0.21147744 0.31329787 -0.03183895
v 0.21904193 0.27022713 -0.03849117
v 0.22334586 0.28409621 -0.02260307
v 0.23235568 0.26909101 -0.01043727
v 0.22765486 0.25883263 -0.02661045
v 0.19016522 0.28867197 -0.05466416
v 0.18555096 0.30011982 -0.05356225
v 0.19615762 0.30441791 -0.04999201
v 0.20015471 0.29412681 -0.04936037
v 0.18693496 0.32737479 0.02238525
v 0.18999623 0.31879038 0.02032396
v 0.20283186 0.33857307 -0.03420863
v 0.20674169 0.34097502 -0.02247898
v 0.21229847 0.32640478 -0.02167618
v 0.20757325 0.32352549 -0.03301260
v 0.21804795 0.31707621 -0.01985985
v 0.19616336 0.33600369 -0.04352411
v 0.20119360 0.32040152 -0.04309247
v 0.18194522 0.34343022 0.02705079
v 0.18103114 0.31368217 -0.05246463
v 0.17545371 0.33001238 -0.05131609
v 0.18702309 0.33289000 -0.04945383
v 0.19190288 0.31696585 -0.04981314
v 0.22562292 0.17854492 0.01183396
v 0.21701832 0.19332404 -0.00022506
v 0.16022262 0.25964472 -0.01436349
v 0.16606469 0.24431989 -0.01081648
v 0.15581834 0.27369764 -0.01598161
v 0.19555810 0.18137309 0.03296611
v 0.20442994 0.16534562 0.04261333
v 0.17821206 0.21679062 0.01591985
v 0.18682548 0.19863409 0.02419125
v 0.24342605 0.22936125 0.00068168
v 0.17140301 0.28149900 -0.04984782
v 0.17733163 0.26947397 -0.05289236
v 0.16286480 0.28054118 -0.04224861
v 0.14263183 0.33049887 -0.01151161
v 0.14682823 0.31395829 -0.01419267
v 0.19179444 0.26727858 -0.05649195
v 0.13666217 0.35144100 -0.00936600
v 0.23156154 0.28942415 -0.00638734
v 0.22155958 0.32056275 -0.00575600
v 0.22658412 0.31333050 -0.00156500
v 0.25951028 0.18251988 0.07755045
v 0.21885148 0.25051925 0.04943394
v 0.18585692 0.27531162 0.02189132
v 0.17651853 0.26910698 0.01725530
v 0.16676454 0.29493821 -0.04705942
v 0.17516041 0.29639360 -0.05230843
v 0.17964849 0.28411964 -0.05445179
v 0.16495150 0.31173158 0.01548950
v 0.17616510 0.31525040 0.01867426
v 0.21289682 0.15045130 0.05304901
v 0.16843241 0.30333656 0.01436060
v 0.23740506 0.27586484 0.00379524
v 0.02599569 0.56996137 -0.10799587
v 0.01117693 0.55268949 -0.11710341
v 0.00923443 0.56699395 -0.11336989
v 0.09977029 0.39392105 0.04253063
v 0.05818380 0.36459756 0.07217200
v 0.07389624 0.36883870 0.06378096
v 0.11683552 0.45394495 0.02541047
v 0.11598200 0.44590893 0.02763950
v 0.12025709 0.47627366 0.00965067
v 0.11960038 0.47297478 0.01459591
v 0.10153287 0.43096209 0.04562792
v 0.03237229 0.81197500 0.01953143
v 0.03111925 0.80601072 0.01393984
v 0.03329349 0.82505369 0.02373223
v -0.04036996 0.20153785 0.07973994
v -0.04829076 0.17524979 0.07767227
v -0.04740236 0.16337723 0.07824578
v 0.03195371 0.79158229 0.02986833
v 0.03060042 0.78758454 0.02297548
v 0.03406471 0.78945017 0.02724286
v 0.03167637 0.79280680 0.03244151
v 0.03138978 0.79194570 0.03182108
v 0.03285992 0.82470989 0.03451883
v 0.02850371 0.79751885 0.01114837
v 0.02656972 0.78774077 0.00954024
v 0.03194337 0.81027806 0.03537956
v 0.06714640 0.19742081 -0.09042735
v 0.07239258 0.17863202 -0.09134594
v 0.05282563 0.17641434 -0.10043548
v 0.04802649 0.19513306 -0.09778205
v 0.03449902 0.15996696 -0.11376370
v 0.03068472 0.17636099 -0.10905901
v 0.05834773 0.15785125 -0.10484885
v 0.14257611 0.12991977 -0.04115647
v 0.13667989 0.15182270 -0.04022280
v 0.14040326 0.15541697 -0.01679415
v 0.14647438 0.13393912 -0.01669921
v 0.13413125 0.17370778 0.00659546
v 0.13905056 0.15632279 0.00788936
v 0.13502698 0.17367961 -0.01707009
v 0.12654309 0.17133605 0.02930689
v 0.13167857 0.15442550 0.03105626
v 0.11460588 0.16627750 0.04799911
v 0.11980333 0.14848638 0.05093805
v 0.10464376 0.14165531 0.06723749
v 0.08456547 0.13389789 0.07801348
v 0.06504446 0.10409600 0.08582087
v 0.06133132 0.12428844 0.08196737
v 0.03897149 0.11505354 0.08212745
v 0.01801409 0.10628756 0.08018095
v 0.00011794 0.10039840 0.07830589
v -0.01494709 0.09574001 0.07574335
v -0.02794258 0.09242002 0.07316597
v -0.03882959 0.08983000 0.06864487
v -0.03814805 0.06601771 0.06931405
v 0.06340822 0.56799811 0.05054362
v 0.07933223 0.63919908 -0.04198557
v 0.09515544 0.63481688 -0.01547437
v 0.09276231 0.63279289 -0.03882448
v 0.11634441 0.57858330 -0.07476877
v 0.10014145 0.57761168 -0.08820941
v 0.10216496 0.59391046 -0.07922872
v 0.11978732 0.59500599 -0.06112007
v 0.07326058 0.63364822 -0.05975645
v 0.06473606 0.63777047 -0.06002402
v 0.08362976 0.62760741 -0.06036669
v 0.07124204 0.62197638 -0.07716294
v 0.05470679 0.61691076 -0.08717736
v 0.14826338 0.60546613 0.00599519
v 0.16084881 0.59387046 0.01362639
v 0.15735130 0.58754414 -0.00980757
v 0.14806589 0.59699202 -0.01776106
v 0.13690756 0.55696023 -0.06091922
v 0.14540528 0.55233186 -0.05251304
v 0.14202186 0.53997672 -0.06093585
v 0.13315392 0.54340744 -0.06875622
v 0.18113822 0.54243022 0.02380676
v 0.18465187 0.52153480 0.02409284
v 0.18577313 0.52551252 0.00535569
v 0.18156235 0.54456645 0.00433505
v 0.14825180 0.56419277 -0.04088016
v 0.09196500 0.46272489 -0.10472532
v 0.10570823 0.46971124 -0.09637558
v 0.11634125 0.47753099 -0.08621159
v 0.13572443 0.49108148 -0.06183687
v 0.13250187 0.47611079 -0.06162687
v 0.13147797 0.48889250 -0.06756724
v 0.13976425 0.49250326 -0.05713284
v 0.14273208 0.49262077 -0.05163401
v 0.13817577 0.51331598 0.05485083
v 0.12291847 0.50031120 0.05423609
v 0.12520570 0.48841745 0.04758909
v 0.14438856 0.48229098 -0.04377960
v 0.14157927 0.47858572 -0.04158525
v 0.14001811 0.48345193 -0.04136583
v 0.14217186 0.48719251 -0.04419651
v 0.13413365 0.61510515 -0.00243765
v 0.18323703 0.52476221 -0.01003707
v 0.17816335 0.51991433 -0.02304312
v 0.17201124 0.53449559 -0.02445721
v 0.17739144 0.54122078 -0.01171617
v 0.17355031 0.51648849 -0.03319183
v 0.16859883 0.51183450 -0.04059933
v 0.16330230 0.52167076 -0.04328466
v 0.16802450 0.52873015 -0.03548408
v 0.14875352 0.48526269 -0.04606473
v 0.14475970 0.49218130 -0.04695784
v 0.17491803 0.49678081 0.03686228
v 0.16380775 0.57396531 0.04237972
v 0.15541343 0.59042221 0.03832009
v 0.14118887 0.57747138 0.05551613
v 0.14776288 0.56241024 0.05603545
v 0.12159616 0.46487567 0.00449479
v 0.12507705 0.46214604 -0.00581256
v 0.12804371 0.45991027 -0.01640729
v 0.13701300 0.47786483 -0.03095141
v 0.13017781 0.45860609 -0.02556477
v 0.11579971 0.46815407 0.03636482
v 0.12671252 0.47392601 0.04325673
v 0.12462919 0.55905592 0.06039651
v 0.13048898 0.54477835 0.06007068
v 0.18615192 0.50221044 0.02284542
v 0.18815750 0.50625283 0.00526755
v 0.14591408 0.45948538 -0.04717539
v 0.14259937 0.46790439 -0.04440027
v 0.14663851 0.47204131 -0.04592318
v 0.13622290 0.47381631 -0.03788920
v 0.13777590 0.48001456 -0.03696073
v 0.17053172 0.57914734 0.01958328
v 0.18197910 0.50524783 -0.02221025
v 0.18588263 0.50714451 -0.00960393
v 0.16104141 0.53849781 -0.03872998
v 0.15327893 0.54630321 -0.04484887
v 0.15668835 0.55653018 -0.03322560
v 0.16446634 0.54688346 -0.02822209
v 0.16790661 0.49250486 -0.04335358
v 0.17320257 0.49915916 -0.03911706
v 0.14897057 0.53572750 -0.05330810
v 0.15651213 0.52968907 -0.04750638
v 0.15115957 0.47646162 -0.04688194
v 0.11796753 0.57056898 0.05827924
v 0.09355300 0.55812550 0.05658247
v 0.10384523 0.55109459 0.05923700
v 0.11089841 0.54016602 0.06048129
v 0.11652526 0.52719921 0.05940344
v 0.12037060 0.51259905 0.05724648
v 0.07964408 0.56341285 0.05370699
v 0.18550865 0.27394882 -0.05728343
v 0.14172627 0.45421985 -0.04680541
v 0.15055896 0.44975656 -0.04932064
v 0.14699611 0.44354117 -0.04899929
v 0.17655987 0.40443265 -0.04336191
v -0.05086070 0.70732617 0.11289625
v -0.04995403 0.70238227 0.10883289
v -0.05386814 0.73057711 0.12051915
v -0.05352391 0.72681224 0.12012318
v 0.21209322 0.29211184 -0.03795625
v 0.21615635 0.28497091 -0.03625285
v 0.23575516 0.24444149 -0.01282854
v 0.24089637 0.25389734 0.00198043
v 0.24769495 0.23817025 0.01469051
v 0.22933313 0.26853117 0.03735626
v 0.21504536 0.26804018 0.04010225
v 0.18034714 0.25218126 0.02510455
v 0.19792913 0.22415143 -0.02299075
v 0.25625873 0.15758272 0.10910488
v 0.25821954 0.14302190 0.12125484
v 0.26683059 0.14066894 0.11630126
v 0.26402482 0.15445565 0.10320753
v 0.26014003 0.12969051 0.13436221
v 0.24905698 0.14150937 0.12148773
v 0.25074261 0.12758678 0.13330245
v 0.24147046 0.13761587 0.11758505
v 0.24359277 0.12363205 0.12898864
v 0.23867270 0.11839134 0.12286650
v 0.23579687 0.13226436 0.11224984
v 0.23183838 0.12609822 0.10692311
v 0.23565376 0.11238241 0.11716104
v 0.22409871 0.13419721 0.09036647
v 0.22409917 0.12762414 0.08274134
v 0.23126134 0.11403107 0.09375433
v 0.23033251 0.11973133 0.10085732
v 0.24673927 0.09559177 0.09244212
v 0.24151076 0.10733394 0.08060286
v 0.25002554 0.10878602 0.07841095
v 0.25454327 0.09682770 0.09064517
v 0.26119378 0.12945703 0.06977604
v 0.26709256 0.11607548 0.08268119
v 0.25906265 0.11180134 0.07958588
v 0.25305337 0.12480939 0.06592761
v 0.27285299 0.10306535 0.09356645
v 0.27074018 0.12120435 0.08982926
v 0.27580592 0.10909013 0.10133348
v 0.24433424 0.17148836 0.09890549
v 0.25419718 0.17174445 0.09652954
v 0.25185749 0.18589267 0.08417786
v 0.23161082 0.14760450 0.10243960
v 0.23811935 0.15293869 0.10731660
v 0.23508570 0.16811924 0.09686075
v 0.22749612 0.16323225 0.09255949
v 0.20970370 0.15706462 0.06231321
v 0.21722445 0.14201376 0.07242069
v 0.21786828 0.14945871 0.08037335
v 0.22709158 0.14122629 0.09668504
v 0.22184649 0.15677044 0.08696647
v 0.22784461 0.12235404 0.07470238
v 0.23489468 0.10922810 0.08618027
v 0.26704842 0.14810050 0.09449330
v 0.27026320 0.13442898 0.10766695
v 0.27123415 0.12749842 0.09869244
v 0.26759622 0.14126989 0.08568592
v 0.22072062 0.13605340 0.06374168
v 0.26434833 0.16202940 0.08135351
v 0.26458183 0.15499553 0.07207690
v 0.26620749 0.13473764 0.07688819
v 0.26217943 0.14816077 0.06304601
v 0.27444220 0.12216465 0.12020842
v 0.26957297 0.12762877 0.12915999
v 0.26173779 0.16843002 0.09019081
v 0.23491533 0.11990711 0.06809015
v 0.22785102 0.13311423 0.05625245
v 0.23710416 0.13398151 0.05214850
v 0.24381195 0.12120409 0.06491505
v 0.25013000 0.15558274 0.04138920
v 0.25553447 0.14233419 0.05597390
v 0.24658908 0.13757412 0.05226856
v 0.26404485 0.09873221 0.09076992
v 0.25787804 0.16178024 0.04849295
v 0.25745019 0.05530778 0.17439172
v 0.25558463 0.05654076 0.18445677
v 0.24864702 0.06217223 0.18004704
v 0.25106275 0.06102737 0.16927984
v 0.23310314 0.07786540 0.17215663
v 0.23477690 0.07771169 0.18453127
v 0.23469235 0.08809977 0.18499866
v 0.23264752 0.08979713 0.17238227
v 0.25598624 0.05956289 0.19320838
v 0.24829255 0.06434919 0.18896043
v 0.25928941 0.06554607 0.19714592
v 0.26297221 0.05581956 0.19745855
v 0.26880941 0.06088413 0.20067024
v 0.27420273 0.05594867 0.20486556
v 0.28309101 0.05785571 0.20170417
v 0.27836230 0.06776758 0.19679634
v 0.29259223 0.06160236 0.17452511
v 0.29384187 0.05043142 0.18402874
v 0.29637411 0.04600869 0.17393158
v 0.29391861 0.05717449 0.16463405
v 0.29268867 0.03948168 0.15409857
v 0.29016995 0.05109747 0.14672410
v 0.29226980 0.05386709 0.15574364
v 0.29465142 0.04190769 0.16469595
v 0.26145464 0.05262872 0.15945369
v 0.25988042 0.05436206 0.16519853
v 0.25456825 0.05978837 0.15925221
v 0.25649679 0.05833750 0.15284908
v 0.25940993 0.07391775 0.20370159
v 0.25681192 0.07077637 0.20319328
v 0.26564315 0.06993309 0.19866474
v 0.26696676 0.07593834 0.19610958
v 0.24325521 0.06652635 0.12730993
v 0.24228150 0.07152823 0.13297588
v 0.24036744 0.08132084 0.12837906
v 0.24124645 0.07655680 0.12118690
v 0.23360305 0.09252689 0.15151720
v 0.24170227 0.10416373 0.15522836
v 0.24188650 0.10606806 0.14733413
v 0.23696800 0.09289958 0.14273383
v 0.23247148 0.09129915 0.16110313
v 0.24078779 0.09861348 0.17420201
v 0.24094844 0.10175262 0.16384366
v 0.24185136 0.09490795 0.18657109
v 0.24530146 0.07339752 0.11251445
v 0.24688926 0.06420957 0.11504185
v 0.27070892 0.01658575 0.23037775
v 0.27090457 0.02094117 0.22727071
v 0.27050522 0.01673019 0.22362337
v 0.27069166 0.01240741 0.22695416
v 0.26550177 0.06777285 0.10886679
v 0.26186147 0.07327213 0.10609371
v 0.27029920 0.07616641 0.10837793
v 0.27350697 0.07149565 0.11296276
v 0.27023557 0.05972232 0.11239973
v 0.27748051 0.06468271 0.11847050
v 0.28328800 0.01778848 0.23495685
v 0.28446031 0.02210717 0.23112325
v 0.27943876 0.02376229 0.23145419
v 0.27821103 0.01936533 0.23494935
v 0.26185220 0.05033945 0.18040943
v 0.26022011 0.05194361 0.18984117
v 0.26627409 0.03913265 0.19907093
v 0.26636854 0.04420810 0.20312527
v 0.26360703 0.04796311 0.19651677
v 0.26502785 0.04390447 0.18799309
v 0.26863900 0.03820580 0.16861553
v 0.26783711 0.03916522 0.17666212
v 0.26545340 0.04661541 0.17002758
v 0.26608607 0.04514732 0.16191278
v 0.26462105 0.03981839 0.15125623
v 0.26365855 0.03577510 0.14683850
v 0.26665810 0.02945485 0.15177767
v 0.26785406 0.03299278 0.15728429
v 0.27230060 0.02194237 0.17437935
v 0.27278379 0.01962435 0.16961651
v 0.27662310 0.01385115 0.17570041
v 0.27603960 0.01552681 0.17994830
v 0.25964224 0.07832886 0.10271843
v 0.26842293 0.08134560 0.10391518
v 0.28595862 0.03411058 0.13557686
v 0.28766766 0.02479932 0.13995786
v 0.28111446 0.02187223 0.13231346
v 0.27875215 0.03138088 0.12794887
v 0.27942643 0.07546742 0.12054631
v 0.27701449 0.08045056 0.11529978
v 0.28684816 0.01394309 0.23266228
v 0.28826547 0.01835359 0.22876751
v 0.25223625 0.09621236 0.18759169
v 0.25279692 0.10027460 0.17441048
v 0.25307694 0.10391100 0.16356990
v 0.25332865 0.10705800 0.15589669
v 0.25317955 0.11116388 0.15054616
v 0.26713493 0.03765758 0.18756516
v 0.26259968 0.05042214 0.17136914
v 0.26179829 0.05131010 0.15497243
v 0.25812119 0.03573663 0.13066705
v 0.25847685 0.03842472 0.13783520
v 0.25447205 0.04433580 0.13498341
v 0.25522399 0.04100549 0.12523672
v 0.27024448 0.02860576 0.12615667
v 0.27293098 0.02026063 0.13109174
v 0.26717573 0.02061833 0.13515955
v 0.26426336 0.02760777 0.13037458
v 0.26032561 0.07835107 0.20501235
v 0.26470691 0.08238440 0.19503711
v 0.25654438 0.06452674 0.10903031
v 0.25376862 0.07148484 0.10714829
v 0.25127143 0.07881880 0.10510223
v 0.24901731 0.06450775 0.14238949
v 0.24838948 0.06554496 0.14670655
v 0.23929358 0.07640541 0.14213963
v 0.24145275 0.07448597 0.13678147
v 0.24197938 0.06708644 0.16383982
v 0.24020372 0.06812522 0.17553093
v 0.23406315 0.07749698 0.15964124
v 0.23892535 0.08608330 0.13431060
v 0.23907404 0.09444357 0.13087991
v 0.24036905 0.08918142 0.12419482
v 0.24160209 0.08390289 0.11672564
v 0.24520187 0.08016358 0.10946992
v 0.23823422 0.10174606 0.12542066
v 0.23883714 0.09629431 0.11884780
v 0.24067257 0.09094883 0.11143714
v 0.24430875 0.08705750 0.10476088
v 0.27460638 0.09370222 0.10270353
v 0.27536049 0.08628036 0.10954922
v 0.26679322 0.08860820 0.09820981
v 0.24361821 0.11316925 0.13975835
v 0.24000603 0.10747314 0.13231039
v 0.23938070 0.10036747 0.13836183
v 0.25200498 0.11699034 0.14395274
v 0.23658925 0.07790667 0.19395785
v 0.24210416 0.07127065 0.19406915
v 0.24232261 0.07089878 0.20140699
v 0.23773131 0.07641543 0.20223397
v 0.26763839 0.05232317 0.20207840
v 0.27047139 0.04814121 0.20715246
v 0.27724382 0.05029682 0.20905252
v 0.24977513 0.05536537 0.11741707
v 0.24689977 0.05754534 0.12830745
v 0.26789725 0.03424879 0.19638310
v 0.28517500 0.02726335 0.22642022
v 0.28548640 0.03634416 0.21851122
v 0.27909097 0.03797599 0.21897739
v 0.27966693 0.02887958 0.22708108
v 0.27366367 0.02711722 0.20013568
v 0.27563247 0.02290842 0.20631494
v 0.27090937 0.02660744 0.20752108
v 0.26986146 0.03142610 0.20199597
v 0.27236834 0.01684321 0.16364311
v 0.27570403 0.01223215 0.16854130
v 0.29092827 0.03776171 0.19278656
v 0.29128912 0.05603685 0.19361611
v 0.29096884 0.04603527 0.20062584
v 0.26858282 0.03581375 0.16239220
v 0.27023062 0.02603576 0.16347076
v 0.27027375 0.02865218 0.16838323
v 0.26834542 0.03387586 0.18799229
v 0.26905191 0.03361919 0.18186921
v 0.27079022 0.02906093 0.18777238
v 0.26968816 0.03081402 0.19369872
v 0.26517725 0.03782077 0.12001819
v 0.27636877 0.04164015 0.12244342
v 0.27441809 0.02332271 0.23003505
v 0.27375710 0.01892937 0.23321149
v 0.25759235 0.08600391 0.09830076
v 0.24998677 0.08543429 0.10049605
v 0.26565874 0.04301085 0.15622860
v 0.28858370 0.06581975 0.18520789
v 0.26100501 0.04950433 0.15029754
v 0.28951606 0.01790775 0.15918040
v 0.29109344 0.01177884 0.16388822
v 0.28512582 0.00979690 0.16189346
v 0.28387746 0.01413094 0.15637740
v 0.27776682 0.01520536 0.21484236
v 0.27891839 0.01028639 0.21985182
v 0.27374649 0.01269858 0.22095607
v 0.27246854 0.01806959 0.21614310
v 0.26813701 0.03589230 0.20443664
v 0.26856601 0.03079228 0.21028450
v 0.26919833 0.03489507 0.21396351
v 0.26848379 0.04054171 0.20797786
v 0.27247581 0.04356188 0.21133836
v 0.27344635 0.03732213 0.21709946
v 0.28448182 0.01481328 0.21600680
v 0.28293341 0.02239731 0.20797066
v 0.28892300 0.02662008 0.21071514
v 0.28918093 0.01848960 0.21955310
v 0.28725195 0.06237607 0.13981676
v 0.28730518 0.04765575 0.13786279
v 0.28459725 0.05880896 0.13164248
v 0.29334760 0.02836414 0.16156313
v 0.28829673 0.02517641 0.15146226
v 0.28958726 0.03643423 0.14440870
v 0.28352246 0.04488538 0.13017946
v 0.28344998 0.02693064 0.19616054
v 0.28944799 0.02820374 0.19501048
v 0.28766257 0.03201301 0.20162858
v 0.25927961 0.04578989 0.14434747
v 0.27438515 0.02856301 0.22550292
v 0.27399766 0.10302088 0.15174620
v 0.27519241 0.09701624 0.15767863
v 0.28383386 0.09014089 0.14890218
v 0.28108889 0.09782553 0.14365242
v 0.26977989 0.02219218 0.21919583
v 0.27015510 0.02615202 0.22284655
v 0.27359495 0.01329994 0.15884815
v 0.27709925 0.00982219 0.15681572
v 0.27968621 0.00780653 0.16136697
v 0.27686220 0.00998324 0.16383649
v 0.28099877 0.05550259 0.12423726
v 0.28883147 0.01732048 0.14269653
v 0.28274724 0.01397915 0.13613372
v 0.28209695 0.06840163 0.12566511
v 0.28301194 0.08009557 0.12920283
v 0.28490114 0.07245489 0.13379459
v 0.29317743 0.02847258 0.17475322
v 0.28938231 0.06515932 0.14775607
v 0.28666028 0.07583135 0.14158185
v 0.28457263 0.08507794 0.13756499
v 0.28277233 0.09188381 0.13338560
v 0.28098756 0.08622602 0.12459936
v 0.28925189 0.02352357 0.22373876
v 0.28862080 0.01351362 0.22469842
v 0.27751204 0.10007811 0.11119444
v 0.27907288 0.09259243 0.11875857
v 0.27831790 0.10608067 0.12032878
v 0.28087258 0.09844429 0.12783779
v 0.28588989 0.08254341 0.15813227
v 0.28742427 0.07889409 0.14985307
v 0.28942743 0.07196699 0.16569799
v 0.29072705 0.06823540 0.15614253
v 0.29629752 0.03495389 0.18285035
v 0.28369334 0.00072855 0.23173657
v 0.27955028 -0.00024068 0.22973990
v 0.27934042 0.00561308 0.22403604
v 0.28430000 0.00621534 0.22609805
v 0.28466049 0.01041114 0.22132903
v 0.28759351 0.00931571 0.22906524
v 0.28408131 0.07579766 0.17655902
v 0.27398077 0.02495225 0.19349633
v 0.27675775 0.08797583 0.16899197
v 0.27143040 0.08584602 0.18436509
v 0.27722144 0.07740685 0.18876740
v 0.26477319 0.09749752 0.17328909
v 0.26485035 0.10250405 0.16259111
v 0.26333392 0.11138386 0.15059473
v 0.26417404 0.10683740 0.15530413
v 0.26189819 0.11813897 0.14436243
v 0.26265621 0.09321375 0.18594827
v 0.27075374 0.00620354 0.23087947
v 0.27004719 0.01038832 0.23449652
v 0.27275452 0.10861316 0.14673497
v 0.27131942 0.11636201 0.13954082
v 0.24063405 0.06937476 0.18619964
v 0.25564009 0.05591493 0.14491250
v 0.25336137 0.05344753 0.13996845
v 0.25070533 0.05039623 0.13181055
v 0.25242177 0.04762550 0.12101058
v 0.27768534 0.11222515 0.13056839
v 0.23537080 0.10638677 0.11117589
v 0.23756927 0.10109635 0.10404072
v 0.27532762 0.11534120 0.11054368
v 0.27259567 0.01278034 0.23746142
v 0.28314963 0.01339892 0.17936063
v 0.28253117 0.01343848 0.18147662
v 0.23625535 0.08604853 0.19439481
v 0.23798682 0.08284198 0.20339775
v 0.25076085 0.08664556 0.20786370
v 0.25123465 0.09229144 0.19844197
v 0.24204516 0.09163843 0.19659089
v 0.24304271 0.08645521 0.20574564
v 0.24876638 0.06274858 0.13918653
v 0.24809538 0.06017602 0.13501821
v 0.27351192 0.05129830 0.11715411
v 0.26269346 0.04738451 0.11471233
v 0.27872995 0.04464840 0.21306077
v 0.28525248 0.04312134 0.21167016
v 0.28498363 0.04959822 0.20675105
v 0.28975752 0.03218942 0.21483248
v 0.28092608 0.02673990 0.20159845
v 0.27895629 0.02532175 0.19715540
v 0.24579437 0.06637767 0.15382256
v 0.23656134 0.07702681 0.14972961
v 0.25073376 0.06873823 0.20110160
v 0.24936838 0.06754924 0.19501343
v 0.26980391 0.03170787 0.17455500
v 0.29417935 0.02065163 0.18438180
v 0.29591420 0.02640713 0.18987979
v 0.27161562 0.02604582 0.18021457
v 0.27666500 0.01304394 0.23954132
v 0.28164166 0.01156925 0.23976141
v 0.29016113 0.03898604 0.20717040
v 0.26937476 0.02268679 0.15761158
v 0.28894970 0.01597139 0.18273167
v 0.29082608 0.01932740 0.17645179
v 0.27500916 0.01449604 0.13505343
v 0.27949759 0.10404527 0.13823563
v 0.27398807 0.00813159 0.22422349
v 0.27409405 0.00200045 0.22869912
v 0.28592610 0.00373722 0.23409487
v 0.28539670 0.00810974 0.23718500
v 0.25944147 0.05663143 0.11145262
v 0.25680703 0.05710922 0.14882950
v 0.24119540 0.09715481 0.09729805
v 0.25999200 0.08903427 0.19696084
v 0.25765803 0.08336369 0.20707509
v 0.27410704 0.02091787 0.18525052
v 0.28742468 0.01713967 0.15081108
v 0.29262123 0.01492123 0.17730400
v 0.29518113 0.01430518 0.17041822
v 0.29426330 0.02041320 0.16654341
v 0.28790304 0.01279287 0.17977534
v 0.28450578 0.00290460 0.24144721
v 0.28504354 -0.00120871 0.23833983
v 0.28074884 0.00624635 0.24415858
v 0.27590832 0.00793610 0.24317002
v 0.27227879 0.00806982 0.24075681
v 0.28300652 -0.00395391 0.23592053
v 0.27928397 -0.00456816 0.23383616
v 0.27428675 -0.00219631 0.23250781
v 0.28221205 -0.00817266 0.23922755
v 0.28408271 -0.00627049 0.24243084
v 0.27786350 -0.00349693 0.25195229
v 0.28032967 -0.00551680 0.25181752
v 0.28115219 -0.00298865 0.24952348
v 0.28018531 0.00042576 0.24865356
v 0.27686504 -0.00775240 0.25418177
v 0.27967685 -0.00928922 0.25418764
v 0.28269669 -0.00798270 0.24980499
v 0.28301799 -0.00444208 0.24740638
v 0.28229889 -0.01195555 0.25241101
v 0.28263223 -0.01437496 0.24949789
v 0.28284553 -0.01048773 0.24699034
v 0.28329226 -0.00702009 0.24546817
v 0.28366444 -0.00165137 0.24520910
v 0.27688408 -0.01210089 0.25527894
v 0.27866906 -0.01652808 0.25400221
v 0.28139177 -0.01522252 0.25438520
v 0.27938351 -0.01215869 0.25548416
v 0.27543244 0.00301659 0.24680236
v 0.27446201 -0.00247429 0.25016871
v 0.27371764 -0.00751988 0.25255233
v 0.27413207 -0.01233637 0.25355729
v 0.27142262 -0.00335424 0.24820645
v 0.27155295 -0.00864903 0.25052965
v 0.27229396 -0.01269527 0.25130033
v 0.26978973 -0.00563295 0.24559693
v 0.27071831 -0.01060628 0.24842627
v 0.27188540 0.00330969 0.24407384
v 0.26990777 0.00155022 0.24094787
v 0.27172729 -0.01301052 0.24951625
v 0.27617797 -0.01665897 0.25222680
v 0.28262553 -0.01186656 0.24441612
v 0.28162006 -0.01590570 0.24719083
v 0.28093404 -0.01283700 0.24240935
v 0.27982113 -0.01660544 0.24562310
v 0.28231832 -0.01689703 0.25151107
v 0.28068751 -0.01826256 0.25034669
v 0.27005684 0.00617380 0.23753798
v 0.27106142 0.00193477 0.23401149
v 0.27079239 -0.00229373 0.23749709
v 0.27049288 -0.00917049 0.24215376
v 0.27411777 -0.00618163 0.23596476
v 0.27874240 -0.00874229 0.23728561
v 0.27820027 -0.01317736 0.24114311
v 0.27411917 -0.01202810 0.24039651
v 0.27711776 -0.01648834 0.24452998
v 0.27417785 -0.01543005 0.24435261
v 0.27163628 -0.01332433 0.24598081
v 0.27596682 -0.01760568 0.24748603
v 0.27834761 -0.01833553 0.24874958
v 0.27417940 -0.01597891 0.25005707
v 0.27279142 -0.01506712 0.24818905
v 0.27422112 -0.01646401 0.24675368
v 0.27887657 -0.00768756 0.21234260
v 0.27908343 -0.00130968 0.20870461
v 0.27933684 -0.00454173 0.20464759
v 0.27936491 -0.01113828 0.20827766
v 0.29064155 -0.00361886 0.21730512
v 0.29183647 0.00205536 0.21356387
v 0.28594929 0.00226778 0.21363339
v 0.28475544 -0.00372133 0.21715280
v 0.29478338 -0.00675776 0.21324426
v 0.29617327 -0.00108679 0.20944200
v 0.29233989 0.00886132 0.20904481
v 0.29095435 0.01972255 0.20090376
v 0.28465441 0.01911716 0.20066163
v 0.28625455 0.00881827 0.20910132
v 0.28360406 0.00761157 0.18661319
v 0.27904087 0.01006784 0.18747386
v 0.28158784 0.00081844 0.21157503
v 0.28067464 -0.00531818 0.21528319
v 0.28535590 -0.00291743 0.19474643
v 0.28612658 -0.00998728 0.19963923
v 0.28176540 -0.00785614 0.20127341
v 0.28082302 -0.00086264 0.19631781
v 0.27676466 0.01390329 0.19134003
v 0.27636102 0.01729627 0.19654395
v 0.27972013 0.01862002 0.19960871
v 0.29115716 -0.00281995 0.19562039
v 0.29020384 0.00793321 0.18807474
v 0.29538855 0.01165547 0.19148500
v 0.29570231 0.00039524 0.19937210
v 0.28127199 0.00776631 0.20727623
v 0.27843395 0.00270477 0.19989647
v 0.27816743 0.00591183 0.20431092
v 0.29683441 0.00561904 0.20467901
v 0.29517189 -0.00619662 0.20409921
v 0.29074091 -0.02229983 0.21096022
v 0.28659150 -0.02390475 0.20938459
v 0.28630939 -0.01626370 0.20362036
v 0.29095671 -0.01524919 0.20511946
v 0.29100585 -0.00948520 0.20081308
v 0.29436386 -0.01158298 0.20836759
v 0.27929866 -0.02033800 0.21345544
v 0.27843463 -0.01648111 0.21739951
v 0.27990651 -0.01403250 0.22038816
v 0.29679337 0.01694658 0.19688456
v 0.28358316 -0.01237803 0.22195075
v 0.28924444 -0.01177011 0.22219472
v 0.28180820 -0.01450971 0.20490028
v 0.28190333 -0.02302330 0.21014278
v 0.29344949 -0.01889727 0.21377279
v 0.29360709 -0.01434438 0.21817409
v 0.29255959 -0.02130651 0.22228798
v 0.29254034 -0.02524691 0.21801312
v 0.28864536 -0.01874097 0.22628982
v 0.28331801 -0.01855806 0.22566395
v 0.27995601 -0.01957853 0.22367710
v 0.29044950 -0.02805768 0.21548758
v 0.28684029 -0.02922476 0.21381055
v 0.28231496 -0.02801361 0.21388111
v 0.29006612 -0.03375074 0.21944268
v 0.29206771 -0.03220586 0.22247969
v 0.28613633 -0.03611687 0.23558398
v 0.28924674 -0.03708803 0.23538309
v 0.28937852 -0.03284081 0.23278715
v 0.28691092 -0.03093648 0.23350005
v 0.29014197 -0.03001084 0.23069429
v 0.28869221 -0.02609254 0.23034620
v 0.29233378 -0.03531905 0.23044799
v 0.29166198 -0.03140743 0.22810563
v 0.29226470 -0.03970409 0.23322544
v 0.29226983 -0.04175039 0.22988546
v 0.29170555 -0.03672197 0.22722203
v 0.29173455 -0.03350124 0.22562538
v 0.28680429 -0.04119605 0.23687737
v 0.28933522 -0.04060661 0.23702389
v 0.29215938 -0.02767048 0.22593983
v 0.28364426 -0.02412384 0.22879596
v 0.28322655 -0.03035830 0.23227528
v 0.28318423 -0.03654532 0.23465469
v 0.28406435 -0.04167609 0.23550980
v 0.27986801 -0.03114872 0.23006299
v 0.28068441 -0.03729720 0.23275578
v 0.28220674 -0.04172300 0.23316044
v 0.27827176 -0.03337540 0.22677067
v 0.27979654 -0.03913132 0.22992234
v 0.28004399 -0.02451737 0.22637646
v 0.27845567 -0.02628918 0.22289585
v 0.28141582 -0.04182565 0.23111771
v 0.28642771 -0.04533442 0.23382306
v 0.28920573 -0.04524561 0.23545182
v 0.29225463 -0.04378230 0.23596488
v 0.29079011 -0.03784004 0.22509122
v 0.29055256 -0.04285961 0.22829144
v 0.28969046 -0.03938179 0.22312538
v 0.28918746 -0.04394132 0.22683579
v 0.29253176 -0.04510960 0.23224612
v 0.29061350 -0.04606306 0.23155218
v 0.27862024 -0.02185417 0.22046210
v 0.27947390 -0.02508989 0.21672677
v 0.27927127 -0.02942568 0.21918501
v 0.27953699 -0.03645561 0.22301400
v 0.28250161 -0.03244958 0.21664365
v 0.28706092 -0.03423205 0.21733312
v 0.28712869 -0.03967699 0.22142799
v 0.28320849 -0.03877417 0.22083379
v 0.28693077 -0.04380482 0.22557126
v 0.28398615 -0.04305824 0.22504398
v 0.28092250 -0.04145766 0.22670130
v 0.28619754 -0.04567104 0.22883438
v 0.28835750 -0.04636320 0.23028407
v 0.28423232 -0.04474997 0.23159182
v 0.28255475 -0.04366080 0.22942935
v 0.28431126 -0.04459102 0.22766873
v 0.28165752 -0.01389817 0.19009188
v 0.28188384 -0.00860706 0.18714154
v 0.28049079 -0.01050519 0.18266833
v 0.28019956 -0.01597952 0.18554237
v 0.29335305 -0.01286054 0.19206297
v 0.29418716 -0.00644395 0.18911879
v 0.28983125 -0.00669900 0.19062842
v 0.28954178 -0.01253957 0.19337040
v 0.29559937 -0.01487638 0.18806553
v 0.29646811 -0.00839850 0.18435681
v 0.29419446 -0.00013791 0.18582274
v 0.29345581 0.00833275 0.18074307
v 0.28808740 0.00739464 0.18231358
v 0.28930113 -0.00079334 0.18762387
v 0.28548580 -0.00752505 0.18987554
v 0.28537524 -0.01298186 0.19276346
v 0.28360593 -0.00780352 0.17224559
v 0.28479272 -0.01398951 0.17632125
v 0.28174916 -0.01261519 0.17863858
v 0.28071776 -0.00632739 0.17479010
v 0.27794090 0.00574794 0.17295106
v 0.27923337 0.00701708 0.17804258
v 0.28304115 0.00707536 0.18096612
v 0.28898728 -0.00789449 0.17197216
v 0.28714550 0.00212623 0.16628413
v 0.29310060 0.00381995 0.16884337
v 0.29451314 -0.00538284 0.17480460
v 0.28460178 -0.00186155 0.18668079
v 0.27921593 -0.00444016 0.17907326
v 0.28072473 -0.00277931 0.18385682
v 0.29647538 -0.00188425 0.18043204
v 0.29454026 -0.01158250 0.17902558
v 0.29063594 -0.02808652 0.18577948
v 0.28636074 -0.02865374 0.18480238
v 0.28518301 -0.01998530 0.17932262
v 0.29013115 -0.01977710 0.17992069
v 0.28963965 -0.01398590 0.17598923
v 0.29425883 -0.01777854 0.18322739
v 0.28060445 -0.02434126 0.18987657
v 0.28125739 -0.02199193 0.19407965
v 0.28475013 -0.02096838 0.19664173
v 0.29603845 0.00680087 0.17509736
v 0.28156489 0.00225291 0.16633931
v 0.28831437 -0.02077403 0.19747150
v 0.29205835 -0.02129550 0.19668984
v 0.28178599 -0.01830109 0.18145579
v 0.28240934 -0.02690860 0.18601480
v 0.29402646 -0.02595659 0.18873075
v 0.29483268 -0.02305786 0.19298482
v 0.29432636 -0.02909435 0.19658056
v 0.29394978 -0.03185490 0.19223163
v 0.29154646 -0.02743187 0.20040740
v 0.28763261 -0.02681173 0.20060992
v 0.28430238 -0.02659058 0.19935280
v 0.29065162 -0.03371149 0.18955313
v 0.28694904 -0.03408249 0.18873465
v 0.28304324 -0.03188874 0.18927620
v 0.29044092 -0.03822784 0.19204825
v 0.29316401 -0.03724987 0.19552620
v 0.28901738 -0.04246512 0.20884010
v 0.29109359 -0.04337481 0.20802177
v 0.29084811 -0.03935669 0.20563461
v 0.28933054 -0.03805703 0.20682670
v 0.29161519 -0.03644296 0.20382495
v 0.29108247 -0.03323054 0.20354044
v 0.29329190 -0.04085407 0.20310791
v 0.29328856 -0.03713138 0.20117471
v 0.29341298 -0.04511592 0.20521902
v 0.29283574 -0.04645074 0.20142986
v 0.29262066 -0.04210941 0.19942725
v 0.29320601 -0.03874346 0.19841839
v 0.28957334 -0.04678176 0.20959635
v 0.29144555 -0.04648999 0.20905255
v 0.29352492 -0.03392053 0.19930439
v 0.28734070 -0.03152117 0.20316038
v 0.28649759 -0.03713126 0.20628516
v 0.28629023 -0.04214325 0.20836084
v 0.28666231 -0.04654900 0.20857805
v 0.28365669 -0.03702114 0.20446362
v 0.28389123 -0.04221466 0.20652895
v 0.28437743 -0.04598153 0.20666465
v 0.28143153 -0.03756645 0.20188124
v 0.28230873 -0.04281090 0.20417684
v 0.28404549 -0.03123102 0.20145659
v 0.28159252 -0.03148269 0.19860528
v 0.28337792 -0.04549349 0.20486304
v 0.28788981 -0.05000857 0.20571581
v 0.29103509 -0.05015301 0.20697603
v 0.29346913 -0.04878225 0.20701440
v 0.29177618 -0.04269001 0.19674683
v 0.29140934 -0.04715993 0.19925249
v 0.28966659 -0.04299020 0.19483033
v 0.28940102 -0.04743768 0.19802853
v 0.29316020 -0.04918727 0.20348752
v 0.29163748 -0.05007041 0.20256735
v 0.28174326 -0.02707562 0.19664420
v 0.28119126 -0.02902168 0.19267446
v 0.28121516 -0.03314739 0.19503050
v 0.28134358 -0.03956007 0.19835888
v 0.28329694 -0.03571926 0.19166638
v 0.28694138 -0.03775069 0.19116704
v 0.28671840 -0.04268206 0.19422765
v 0.28362823 -0.04125903 0.19508933
v 0.28675824 -0.04699256 0.19757548
v 0.28420773 -0.04588635 0.19833350
v 0.28234270 -0.04437174 0.20102596
v 0.28656587 -0.04908672 0.20070450
v 0.28920752 -0.04996468 0.20139439
v 0.28543937 -0.04863077 0.20435598
v 0.28382921 -0.04701146 0.20294137
v 0.28470132 -0.04782723 0.20053640
v 0.27911499 0.00409438 0.16879770
v 0.28033707 -0.01339056 0.15825287
v 0.28018087 -0.00851885 0.15692478
v 0.27876028 -0.00930162 0.15339176
v 0.27889407 -0.01409824 0.15462779
v 0.29118466 -0.01372068 0.15826795
v 0.29145741 -0.00804706 0.15673788
v 0.28774971 -0.00775565 0.15932436
v 0.28769639 -0.01332366 0.16078234
v 0.29207069 -0.01472297 0.15341358
v 0.29245487 -0.00904785 0.15146334
v 0.29070055 -0.00141722 0.15490064
v 0.28920856 0.00918542 0.15226899
v 0.28502756 0.00765234 0.15519013
v 0.28681892 -0.00139440 0.15759340
v 0.27665854 0.01007699 0.13814248
v 0.27797538 0.00375583 0.14093694
v 0.27571461 0.00389383 0.14463885
v 0.27316928 0.01069810 0.14166744
v 0.28351924 -0.00796867 0.15917616
v 0.28367713 -0.01326845 0.16044307
v 0.27998310 -0.00525135 0.14440665
v 0.28121305 -0.01096187 0.14639509
v 0.27913257 -0.01028284 0.14968629
v 0.27774945 -0.00494970 0.14793113
v 0.27239183 0.01092809 0.14665282
v 0.27539995 0.00441975 0.14885834
v 0.27694854 0.00551879 0.15248825
v 0.27330819 0.01101461 0.15193529
v 0.28009722 0.00614676 0.15475588
v 0.28404564 -0.00482086 0.14273545
v 0.28190467 0.00453535 0.13925478
v 0.28684038 0.00646135 0.13992405
v 0.28886372 -0.00391628 0.14425731
v 0.28251100 -0.00220360 0.15745710
v 0.27755502 -0.00408421 0.15168473
v 0.27907854 -0.00307487 0.15528528
v 0.29180673 -0.00206506 0.14944448
v 0.28963199 -0.01035292 0.14680752
v 0.28548259 -0.02298849 0.14894922
v 0.28219357 -0.02259913 0.14967962
v 0.28159231 -0.01612667 0.14777890
v 0.28549373 -0.01639417 0.14661121
v 0.28520912 -0.01104056 0.14491887
v 0.28958803 -0.01594267 0.14871830
v 0.27916425 -0.02028797 0.15621418
v 0.28045827 -0.01993352 0.16003229
v 0.28353798 -0.01974778 0.16215946
v 0.29067147 0.00910950 0.14585824
v 0.28713334 -0.02014305 0.16263330
v 0.29036239 -0.02066343 0.16052736
v 0.27935594 -0.01516929 0.15089552
v 0.27993491 -0.02146287 0.15255895
v 0.28917965 -0.02265067 0.15104757
v 0.29139540 -0.02143024 0.15570354
v 0.29134294 -0.02685640 0.15771990
v 0.28929982 -0.02810067 0.15311824
v 0.29000247 -0.02589325 0.16232555
v 0.28701958 -0.02512379 0.16411996
v 0.28341699 -0.02435673 0.16311854
v 0.28538513 -0.02794888 0.15086548
v 0.28262118 -0.02717021 0.15155318
v 0.28069994 -0.02577831 0.15403934
v 0.28573143 -0.03270938 0.15285248
v 0.28927127 -0.03338781 0.15546010
v 0.28746554 -0.03885214 0.16766070
v 0.28916258 -0.03914228 0.16637655
v 0.28909528 -0.03614884 0.16521432
v 0.28791723 -0.03489543 0.16655542
v 0.28986233 -0.03333350 0.16358700
v 0.28938073 -0.03077458 0.16405584
v 0.29059717 -0.03680728 0.16207841
v 0.29054683 -0.03362780 0.16068248
v 0.29073596 -0.04060222 0.16337010
v 0.28900447 -0.04161673 0.15960202
v 0.28935221 -0.03808418 0.15825009
v 0.28996885 -0.03507810 0.15786391
v 0.28754458 -0.04264527 0.16760007
v 0.28930557 -0.04206540 0.16695298
v 0.29090586 -0.03092932 0.15949151
v 0.28665817 -0.02930279 0.16530956
v 0.28591663 -0.03407129 0.16711611
v 0.28527054 -0.03917010 0.16830966
v 0.28507721 -0.04306811 0.16721283
v 0.28342065 -0.03339443 0.16600795
v 0.28305793 -0.03845988 0.16682795
v 0.28309259 -0.04192680 0.16602890
v 0.28137392 -0.03260678 0.16381955
v 0.28153622 -0.03765941 0.16493209
v 0.28384128 -0.02821524 0.16445456
v 0.28146577 -0.02738786 0.16211608
v 0.28202197 -0.04052497 0.16497411
v 0.28533772 -0.04467411 0.16430594
v 0.28784525 -0.04502151 0.16456282
v 0.29042161 -0.04391663 0.16433680
v 0.28785169 -0.03820436 0.15615563
v 0.28719333 -0.04217022 0.15810214
v 0.28536457 -0.03732176 0.15494032
v 0.28492075 -0.04192524 0.15787993
v 0.28926501 -0.04406077 0.16118787
v 0.28742501 -0.04463666 0.16090378
v 0.28089547 -0.02419983 0.16096853
v 0.27985585 -0.02458131 0.15776217
v 0.28016049 -0.02788193 0.15877625
v 0.28029034 -0.03287899 0.16074386
v 0.28089893 -0.02937100 0.15531750
v 0.28287271 -0.03108899 0.15314940
v 0.28290111 -0.03608761 0.15544502
v 0.28086925 -0.03440184 0.15739962
v 0.28283945 -0.04066760 0.15843330
v 0.28136858 -0.03923802 0.16002233
v 0.28082061 -0.03799405 0.16254891
v 0.28322327 -0.04303096 0.16140424
v 0.28505656 -0.04429522 0.16099548
v 0.28332898 -0.04326855 0.16391863
v 0.28197908 -0.04130298 0.16348536
v 0.28211024 -0.04159957 0.16175339
v 0.28027102 0.01002160 0.13700767
v 0.25954911 0.07331422 0.21529540
v 0.25830436 0.06929573 0.21321729
v 0.24850062 0.06575861 0.21043894
v 0.24194404 0.06809815 0.21069266
v 0.23820190 0.07322951 0.21231560
v 0.23982295 0.07785224 0.21462637
v 0.24429880 0.08058558 0.21687680
v 0.25466144 0.06636737 0.21168467
v 0.25745365 0.07820188 0.21730822
v 0.25100192 0.08107116 0.21803160
v 0.25128528 0.07615512 0.22775029
v 0.25786844 0.07373586 0.22641438
v 0.24433109 0.07597449 0.22667126
v 0.23954721 0.07363681 0.22343718
v 0.23801473 0.06985524 0.21963719
v 0.26009521 0.06928077 0.22327133
v 0.25862089 0.06544381 0.22018312
v 0.25388345 0.06310381 0.21774276
v 0.26039436 0.06533922 0.23116913
v 0.25843978 0.06787574 0.23705770
v 0.24357955 0.06453424 0.24613878
v 0.24716082 0.06627053 0.24768159
v 0.24671666 0.06822697 0.24354394
v 0.24302524 0.06728154 0.24156354
v 0.24757293 0.06944261 0.24070860
v 0.24482846 0.07063840 0.23670511
v 0.25267041 0.06837511 0.24493578
v 0.25239226 0.06917643 0.24164666
v 0.25808465 0.06619439 0.24467014
v 0.25680643 0.06807061 0.24190865
v 0.25304672 0.06689753 0.24940330
v 0.24819320 0.06444392 0.25108594
v 0.25266531 0.06419948 0.25251946
v 0.24616803 0.06213039 0.25067401
v 0.25191203 0.07103097 0.23712601
v 0.23986128 0.06940961 0.23148276
v 0.24017231 0.06537730 0.23842660
v 0.24160086 0.06185286 0.24423462
v 0.24532732 0.05892631 0.24869664
v 0.23951344 0.06174295 0.23516071
v 0.24224758 0.05856828 0.24170588
v 0.24596281 0.05678394 0.24571003
v 0.24238034 0.05864974 0.23221110
v 0.24499151 0.05654612 0.23958983
v 0.23797131 0.06621065 0.22632261
v 0.24108998 0.06282450 0.22266343
v 0.24706891 0.05570597 0.24358498
v 0.25106913 0.05732531 0.25069144
v 0.25173581 0.06035785 0.25334328
v 0.26013801 0.06370833 0.24232969
v 0.25802088 0.06479973 0.24878484
v 0.25966060 0.06145283 0.24716641
v 0.26045048 0.06118412 0.23857570
v 0.25921595 0.05840430 0.24469271
v 0.25685778 0.06336360 0.25187975
v 0.25725323 0.06022720 0.25129569
v 0.24131908 0.06573299 0.21674089
v 0.24738476 0.06306491 0.21633586
v 0.24734475 0.06053297 0.22204311
v 0.24839284 0.05680008 0.23118807
v 0.25406611 0.06016585 0.22384298
v 0.25919676 0.06218337 0.22707202
v 0.25872046 0.05863677 0.23550369
v 0.25450101 0.05677548 0.23253720
v 0.25711820 0.05633166 0.24206559
v 0.25389448 0.05536709 0.23991723
v 0.24936295 0.05530471 0.23923782
v 0.25451508 0.05566910 0.24590528
v 0.25618267 0.05719737 0.24900888
v 0.25044653 0.05586203 0.24718884
v 0.25009930 0.05525700 0.24381901
v 0.25303054 0.05518767 0.24354295
v 0.26977018 0.01520692 0.13882229
v 0.26855266 0.01632559 0.14467795
v 0.26581272 0.02250562 0.14063734
v 0.26198551 0.02919487 0.13570003
v 0.26124156 0.03349173 0.12621045
v 0.26251805 0.03211440 0.14176080
v 0.26612014 0.02517785 0.14636643
v 0.26965526 0.01748226 0.15184991
v 0.26048377 0.04014812 0.14314610
v -0.01878519 0.79268879 0.11595984
v -0.01526564 0.79254150 0.11435223
v -0.01323191 0.78743321 0.11045501
v -0.01601210 0.78659159 0.11175570
v -0.01936525 0.78594536 0.11277545
v -0.02335203 0.78575146 0.11320072
v -0.02917992 0.79252154 0.11598254
v -0.02370257 0.79302895 0.11704217
v -0.03830721 0.78778219 0.11014681
v -0.03644489 0.78915203 0.11086104
v -0.03754973 0.78678656 0.11032479
v -0.03167327 0.78618824 0.11231637
v -0.03524521 0.78675079 0.11092115
v -0.01092128 0.79136866 0.11062159
v -0.00985965 0.79054517 0.10929435
v -0.01275848 0.79190636 0.11241143
v -0.02758907 0.78587574 0.11308099
v -0.00994307 0.78949088 0.10873643
v -0.01113987 0.78843027 0.10916470
v -0.03359376 0.79127872 0.11352333
v -0.01904633 0.78819847 0.11358441
v -0.02317133 0.78795689 0.11426796
v -0.02819123 0.79037148 0.11524188
v -0.02319418 0.79053044 0.11578452
v -0.03139494 0.78806275 0.11314221
v -0.03375623 0.78798920 0.11199503
v -0.01594721 0.78849792 0.11254375
v -0.02756384 0.78805190 0.11407550
v -0.01876226 0.79074335 0.11490479
v -0.03430150 0.78882676 0.11216802
v -0.03226405 0.78983843 0.11377709
v -0.01064492 0.79005694 0.10937638
v -0.01079135 0.78968996 0.10930499
v -0.03851540 0.55726075 0.03521445
v -0.03927255 0.54010296 0.04052614
v -0.01560720 0.79058212 0.11321077
v -0.01187768 0.78920406 0.10990714
v -0.01364768 0.78885520 0.11104676
v -0.01340549 0.79041159 0.11164262
v -0.01170366 0.79027081 0.11034959
v 0.14942628 0.40827513 0.03406791
v 0.13702002 0.40392274 0.02846420
v 0.19006810 0.41743001 0.00954022
v 0.19409736 0.42252833 -0.00876730
v 0.00109416 0.24679227 0.08611111
v 0.10547438 0.31055531 -0.04950643
v 0.10749321 0.33212239 -0.05149968
v 0.05531095 0.32886133 -0.10179613
v 0.07170866 0.32555321 -0.09300102
v 0.09555195 0.30598474 0.04813110
v 0.09540543 0.28569287 0.04842835
v 0.04368514 0.29464328 0.07826374
v 0.04237654 0.27140951 0.07784696
v 0.07939582 0.25982389 0.06351497
v 0.08778516 0.27352658 -0.07565445
v 0.08502430 0.29689443 -0.07796587
v 0.09637920 0.29343829 -0.06335709
v 0.10030707 0.27130383 -0.06248045
v 0.03679907 0.30591840 -0.10330076
v 0.03691394 0.33079159 -0.10595398
v 0.10925620 0.33112672 0.03103728
v 0.11668541 0.33509859 0.00939156
v 0.11789259 0.34512207 -0.03342647
v 0.11224990 0.35221601 -0.05299074
v 0.08987588 0.36913976 -0.08525351
v 0.10270317 0.36082673 -0.07002261
v 0.02537927 0.31632590 0.08383938
v 0.00637609 0.33849546 0.08453637
v 0.09576032 0.32776901 0.04873180
v -0.03589142 0.31178948 0.08041659
v 0.05739721 0.40651605 -0.11189114
v 0.07627589 0.40195885 -0.10163622
v 0.11911957 0.33963925 -0.01233475
v -0.02856001 0.49571174 0.06236382
v -0.03057790 0.47910494 0.06767122
v -0.01444986 0.48329845 0.07468799
v -0.01175511 0.49958959 0.06895686
v 0.00161603 0.48516384 0.08013706
v 0.01711756 0.48612198 0.08403722
v 0.03195485 0.48610833 0.08637364
v 0.06858021 0.47981891 0.08460259
v 0.05776714 0.48297393 0.08676447
v 0.08667314 0.47013944 0.07529447
v 0.07811907 0.47573227 0.08097398
v 0.09308176 0.46154252 0.06623755
v 0.09822414 0.45194194 0.05411036
v 0.10500320 0.44242322 0.04236203
v 0.10798073 0.45238176 0.03998080
v 0.09372118 0.44084042 0.05687648
v 0.08780456 0.45134667 0.06800401
v 0.08114138 0.45907411 0.07731779
v -0.04387933 0.43311617 0.06842814
v -0.03964540 0.40755078 0.06931635
v -0.03791250 0.57381505 0.03040749
v 0.20780852 0.20855537 -0.01193330
v 0.24675396 0.15650617 0.11028568
v 0.03772888 0.61144352 -0.09244338
v 0.01761883 0.60738218 -0.09659060
v 0.00537033 0.59227830 -0.10379302
v 0.00302147 0.60338831 -0.09942248
v 0.10550077 0.62530440 -0.03860831
v 0.09330466 0.61967528 -0.06268714
v 0.07656444 0.61371022 -0.08121553
v 0.05825203 0.60730767 -0.09193113
v 0.07869899 0.34669191 0.06321011
v 0.04480287 0.57545537 -0.10476750
v 0.06146223 0.59598380 -0.09670953
v 0.08112501 0.60278457 -0.08613122
v 0.10099696 0.60886884 -0.06850203
v 0.12054153 0.61357212 -0.04112862
v 0.13694930 0.60654396 -0.02765997
v 0.15267827 0.57646108 -0.02724842
v 0.16107333 0.56691760 -0.01996659
v 0.16756599 0.57567728 -0.00307981
v 0.17530537 0.56135494 0.00163845
v 0.16991620 0.55528313 -0.01507414
v 0.18933563 0.45501968 -0.01498870
v 0.18973014 0.44024947 -0.02008052
v 0.18683590 0.43059456 -0.02861837
v 0.18055874 0.42440948 -0.03634086
v 0.17256419 0.42248431 -0.04313666
v 0.16313158 0.42568043 -0.04763019
v 0.15421583 0.43377021 -0.04939153
v 0.13852353 0.46376458 -0.04293533
v 0.13844244 0.47469234 -0.03880852
v 0.13656619 0.46883455 -0.03925651
v 0.13667752 0.46296731 -0.04144782
v 0.12443449 0.42980608 -0.05924399
v 0.12845223 0.44240132 -0.05228541
v 0.11896779 0.41436660 -0.06566491
v 0.11043485 0.16467331 -0.07298938
v 0.10366715 0.18329452 -0.07075121
v 0.11592989 0.18613555 -0.05594887
v 0.12224117 0.16758586 -0.05821453
v 0.04461615 0.22086950 -0.09873975
v 0.06351452 0.22233889 -0.09278680
v 0.12330405 0.18719842 0.02802840
v 0.13075174 0.18920584 0.00460968
v 0.13104841 0.18920495 -0.01794092
v 0.12561122 0.18824944 -0.03839312
v 0.11130882 0.18334703 0.04565903
v 0.02022634 0.14625086 0.08415668
v 0.03863249 0.15314111 0.08219784
v -0.02924678 0.13311733 0.07925587
v -0.01433395 0.13634640 0.08233840
v 0.09592443 0.17677040 0.06024708
v 0.00223791 0.14063577 0.08408145
v 0.05800686 0.16071753 0.07841838
v 0.07786369 0.16886967 0.07134307
v 0.09934373 0.20227456 -0.07149576
v 0.08367306 0.20032519 -0.08203328
v 0.08025590 0.22372764 -0.08429303
v 0.05181619 0.47555080 -0.12191694
v 0.07006201 0.47794938 -0.11699154
v 0.08683342 0.48153603 -0.11150009
v 0.09840888 0.50593477 -0.10455863
v 0.11034589 0.51087332 -0.09485771
v 0.11273083 0.49346235 -0.09242832
v 0.10182668 0.48776171 -0.10209865
v 0.12893066 0.51502347 -0.07418754
v 0.13709889 0.51471716 -0.06743811
v 0.13549942 0.50253445 -0.06574787
v 0.12952629 0.50169277 -0.07219968
v 0.14198485 0.50245196 -0.06023154
v 0.14580521 0.50113726 -0.05373440
v 0.14860582 0.49739510 -0.04872365
v 0.15323335 0.48985311 -0.04764701
v 0.16394614 0.50414121 -0.04547776
v 0.15839407 0.51357847 -0.04836720
v 0.13048489 0.52905798 -0.07340606
v 0.11974615 0.52929384 -0.08301766
v 0.04825533 0.51102024 -0.11891299
v 0.03111135 0.50710475 -0.12105107
v 0.11380112 0.43566641 0.03007595
v 0.12254543 0.43097749 0.01665874
v 0.12878175 0.42972812 0.00281861
v 0.13194698 0.43168494 -0.01090960
v 0.13360156 0.43606216 -0.02385955
v 0.13361089 0.44201845 -0.03631064
v 0.13267152 0.45009619 -0.04797330
v 0.13535604 0.45689094 -0.04468650
v 0.13074364 0.45921859 -0.05895544
v 0.13401574 0.46518019 -0.05407682
v 0.12803420 0.47080919 -0.06847246
v 0.12484819 0.48381853 -0.07636588
v 0.12114826 0.49857128 -0.08182156
v 0.11942486 0.51374274 -0.08369827
v 0.09674525 0.52443069 -0.10395687
v 0.10918355 0.52797145 -0.09382995
v 0.08160596 0.53916419 -0.10928917
v 0.08187125 0.55652499 -0.10380853
v 0.08368251 0.50011516 -0.11411233
v 0.08231739 0.51986414 -0.11259168
v 0.06332740 0.64461625 -0.04866618
v 0.04866641 0.64110768 -0.06577291
v 0.16269420 0.44800201 -0.04695678
v 0.16362882 0.43807608 -0.04696150
v 0.15660650 0.44244900 -0.04885730
v 0.15779036 0.44872168 -0.04857890
v 0.17042856 0.43705964 -0.04352389
v 0.17298767 0.45186090 -0.04080522
v 0.17684957 0.43922678 -0.03874147
v 0.16805081 0.44872224 -0.04445545
v 0.18214846 0.44454142 -0.03287210
v 0.17788583 0.45655927 -0.03602828
v 0.18500423 0.45245454 -0.02727316
v 0.18136668 0.46234775 -0.03132483
v 0.18350676 0.46688566 -0.02752940
v 0.18624340 0.46219012 -0.02270798
v 0.17766255 0.50329471 -0.03175819
v 0.18039964 0.48972908 -0.02978034
v 0.18231060 0.47648063 -0.02856310
v 0.15690432 0.48052630 -0.04757458
v 0.16147731 0.47021210 -0.04697906
v 0.16526233 0.45950675 -0.04579972
v 0.17012894 0.46360141 -0.04269563
v 0.16634123 0.47497106 -0.04461216
v 0.16255759 0.48606613 -0.04649291
v 0.04973799 0.49337378 -0.12156951
v 0.06678626 0.49636778 -0.11889785
v 0.14389825 0.51321197 -0.06076956
v 0.14905107 0.51050127 -0.05467682
v 0.15360613 0.50585026 -0.04989769
v 0.15837874 0.49683735 -0.04763763
v 0.15308826 0.51995671 -0.05298714
v 0.14674798 0.52457833 -0.05869957
v 0.13924439 0.52737778 -0.06572363
v 0.06539579 0.51531094 -0.11718286
v 0.03279744 0.49039787 -0.12398399
v 0.13505852 0.52939618 0.05687021
v 0.15268056 0.54407573 0.05394746
v 0.16901366 0.55504042 0.04204943
v 0.17674316 0.56095082 0.02298924
v -0.01016437 0.63881326 -0.08542768
v 0.15513070 0.28245920 -0.03019776
v 0.01996034 0.43146357 -0.12683630
v 0.01969230 0.45288792 -0.12967278
v 0.01882161 0.35811394 -0.11152262
v 0.01963215 0.38277760 -0.11741386
v 0.05943957 0.25076512 -0.09435733
v 0.04095825 0.25190285 -0.10005682
v 0.03845795 0.27943537 -0.10187767
v 0.02732852 0.19416782 -0.10484391
v 0.02347931 0.22096041 -0.10211898
v 0.01959626 0.28032237 -0.10394422
v 0.01899452 0.30722404 -0.10598602
v 0.03765244 0.40779710 -0.11745721
v 0.03501985 0.47357041 -0.12623191
v 0.01799181 0.48872048 -0.12896159
v 0.01650568 0.50549072 -0.12624708
v 0.01535637 0.52207220 -0.12339340
v 0.03767539 0.45526949 0.09490660
v 0.04107931 0.47018158 0.09126077
v 0.02826519 0.47087681 0.09095906
v 0.02550200 0.45577955 0.09515467
v 0.05864480 0.45402610 0.08973505
v 0.06314979 0.46740314 0.08729364
v 0.05286926 0.46918774 0.09000288
v 0.04884116 0.45477721 0.09283054
v 0.07245409 0.46399096 0.08328430
v 0.06755289 0.45190293 0.08541231
v 0.03507214 0.43930981 0.09732804
v 0.04577696 0.43933803 0.09491850
v 0.02342016 0.43973389 0.09753380
v 0.06328031 0.43831185 0.08716822
v 0.05511435 0.43909642 0.09140942
v -0.04020406 0.67275107 0.07673318
v -0.04215095 0.67361140 0.09160289
v -0.05165789 0.71209288 0.11520860
v -0.05208860 0.71705371 0.11443395
v -0.04618437 0.66705388 0.05519127
v -0.04619911 0.65825719 0.04986685
v -0.05275633 0.69412851 0.10683249
v -0.05157877 0.68064761 0.10326958
v -0.05615489 0.73747975 0.12377564
v -0.05567873 0.73437214 0.12127873
v -0.05481582 0.72318113 0.11924794
v -0.05430536 0.71974128 0.11690404
v -0.04631979 0.64876103 0.04323679
v -0.04641113 0.67169654 0.06294171
v -0.04772567 0.62882745 0.03001549
v -0.04733763 0.61842573 0.02297428
v -0.03498544 0.60941941 0.02274681
v -0.03495276 0.59823006 0.02224257
v -0.04563856 0.45516393 0.06475028
v -0.04113714 0.50392395 0.04792845
v -0.04404939 0.48955110 0.05454637
v -0.04043152 0.52204281 0.04423150
v -0.03604269 0.58698660 0.02610225
v -0.04708960 0.63890874 0.03651841
v -0.05345036 0.70745140 0.11266844
v -0.05301424 0.70240706 0.10847539
v -0.05533601 0.73051172 0.12011451
v -0.05510989 0.72686499 0.11968367
v -0.05324042 0.55448586 0.02881476
v -0.05479351 0.53715008 0.03420405
v -0.04546601 0.47364369 0.05986425
v -0.05596179 0.42874384 0.05942732
v -0.05458282 0.40253097 0.05972607
v -0.05204553 0.57066011 0.02427863
v -0.05466667 0.37802103 0.06035264
v 0.15895259 0.00066705 -0.01187310
v 0.15241954 -0.01721996 -0.03289725
v 0.14921029 -0.00224698 -0.04918693
v 0.15489796 0.01147232 -0.03438575
v 0.15259306 0.05497823 -0.02066435
v 0.15091638 0.08134400 -0.01816604
v 0.14901915 0.10824437 -0.01713728
v 0.13734858 -0.01096699 -0.06628820
v 0.12100295 0.00464881 -0.09253810
v 0.12062623 -0.01519485 -0.08320636
v 0.14577413 0.10471016 -0.04180468
v 0.14771695 0.07852107 -0.04315593
v 0.15148629 0.01763206 -0.04701888
v 0.15211610 0.03142613 -0.04613188
v 0.15639073 0.03073975 -0.02559650
v 0.13712452 0.00691662 -0.07578831
v 0.14674151 0.01174482 -0.05918287
v 0.08001570 0.15917397 -0.09464078
v 0.08691538 0.13925053 -0.09880204
v 0.06462584 0.13773334 -0.10916749
v 0.13065755 0.17132446 -0.03876325
v 0.12859346 0.14868428 -0.05985588
v 0.04132554 0.00088795 -0.11138315
v 0.14636019 0.02911557 -0.06414114
v 0.12047712 0.02647778 -0.09854331
v 0.13622168 0.02739969 -0.08182051
v 0.11559348 0.09756091 -0.09689862
v 0.12937807 0.09874999 -0.08144087
v 0.13232857 0.07439472 -0.08401525
v 0.11818653 0.07398443 -0.10052326
v 0.13926204 0.10063840 -0.06331670
v 0.13497615 0.12630349 -0.06196413
v 0.11060470 0.12032805 -0.09280428
v 0.12440397 0.12289853 -0.07849791
v 0.11739881 0.14534093 -0.07535700
v 0.14186266 0.07491750 -0.06527808
v 0.11973786 0.04961851 -0.10174904
v 0.09871105 0.04859109 -0.11609056
v 0.07351322 0.04960954 -0.12424695
v 0.04805165 0.04852378 -0.13069253
v 0.04798152 0.07127391 -0.13232128
v 0.10391968 0.14193070 -0.08807530
v 0.08847517 0.18130912 -0.08163819
v 0.09608646 0.16212603 -0.08400941
v 0.07615619 0.25049448 -0.08509730
v 0.06946250 -0.21626581 0.13328430
v 0.00313725 -0.04783460 -0.01611232
v -0.00551339 -0.05119950 0.00407615
v 0.12683848 0.04229302 0.08931559
v 0.15798634 0.01987142 0.03116045
v 0.15741783 0.02701779 0.00097679
v -0.00786292 -0.04937822 0.04077020
v -0.00230212 -0.04072167 0.06316844
v 0.10122368 0.03631707 0.10590437
v 0.05020989 -0.00341363 0.11169302
v -0.00886930 -0.05214841 0.02148000
v 0.15022393 0.05387287 -0.04428438
v 0.14456664 0.05050936 -0.06549738
v 0.13469104 0.04987214 -0.08425871
v 0.09920511 0.02627497 -0.11331552
v 0.07266390 0.02795611 -0.12231245
v 0.04657134 0.02886246 -0.12678038
v -0.02252325 0.00464180 0.07907095
v -0.03142959 0.01210670 0.07778928
v -0.02718903 0.01492731 0.07987545
v -0.03729870 0.02493208 0.07359432
v -0.03555166 0.00944661 0.07311942
v -0.02836541 -0.00258998 0.07394875
v -0.03217182 -0.00495488 0.06880003
v -0.02853601 -0.01855565 0.06252834
v 0.01902677 0.12805399 0.08188301
v 0.03821452 0.13475868 0.08123060
v -0.02875856 0.11457826 0.07616593
v -0.01479877 0.11806895 0.07895656
v 0.09902238 0.15922688 0.06275252
v 0.00109800 0.12246515 0.08098870
v 0.05852799 0.14248128 0.07879101
v 0.08016764 0.15112369 0.07332020
v 0.04262668 0.11642059 -0.12565485
v 0.03812821 0.13905334 -0.11928109
v -0.04099519 0.11189607 0.07115695
v -0.04952019 0.67308664 0.09062338
v -0.04752806 0.67228866 0.07534619
v -0.06036532 0.85787642 0.12251060
v -0.02570666 0.69159073 -0.05688134
v -0.05937606 0.80151838 0.12848900
v -0.05385751 0.71681589 0.11392532
v -0.05670936 0.73893476 0.12731908
v -0.04611000 0.60762316 0.01682778
v -0.04604543 0.59520191 0.01469179
v 0.00440393 -0.03686749 -0.01537410
v -0.04879817 0.58391058 0.01931639
v 0.00938255 -0.03710772 -0.02529334
v 0.01875903 0.33143696 -0.10875946
v 0.11567257 -0.65851659 -0.02667927
v 0.11968575 -0.65335107 -0.03938923
v 0.12289327 -0.68288243 -0.04055435
v 0.11608905 -0.68671888 -0.02873745
v 0.14477925 -0.64329588 -0.05505173
v 0.13285814 -0.64646912 -0.05335976
v 0.15749812 -0.64313155 -0.05100659
v 0.16650158 -0.64575446 -0.04167528
v 0.16323580 -0.67506617 -0.04716177
v 0.15713480 -0.67251009 -0.05748345
v 0.17056543 -0.64909577 -0.03047348
v 0.17076974 -0.68123764 -0.02518580
v 0.17159636 -0.65266949 -0.01886940
v 0.16603076 -0.65753287 -0.00261175
v 0.16381399 -0.68482280 -0.01024044
v 0.15336500 -0.66527879 0.01048147
v 0.15179858 -0.69146067 0.00366922
v 0.13714340 -0.67001700 0.01455195
v 0.11517403 -0.66418219 -0.01203284
v 0.11309416 -0.69167948 -0.01385073
v 0.14584121 -0.67268372 -0.06125032
v 0.13569100 -0.67634779 -0.05732415
v 0.12876874 -0.67980832 -0.04865450
v 0.12564036 -0.64973098 -0.04786539
v 0.12106464 -0.71091872 -0.04272541
v 0.11001051 -0.71375895 -0.03080256
v 0.14610453 -0.70106632 -0.06855349
v 0.13717024 -0.70530921 -0.05794122
v 0.16023935 -0.70308524 -0.05324614
v 0.15775843 -0.69991332 -0.06558197
v 0.17380734 -0.70778930 -0.03015149
v 0.16826405 -0.70531958 -0.04207809
v 0.16801499 -0.67784697 -0.03664969
v 0.16626821 -0.71149081 -0.01535761
v 0.15217963 -0.71647882 0.00206452
v 0.10846010 -0.71761495 -0.01302551
v 0.12943129 -0.70863801 -0.05030143
v 0.11730276 -0.83648860 0.13053906
v 0.11624148 -0.83184749 0.13043550
v 0.11170284 -0.83171600 0.12972192
v 0.11033025 -0.83708078 0.12906119
v 0.07502457 -0.83921784 0.12845048
v 0.07240254 -0.82884860 0.13218825
v 0.06484947 -0.82988328 0.12695228
v 0.06492028 -0.84156704 0.12193915
v 0.09231961 -0.83938354 0.13229467
v 0.09476669 -0.84217590 0.12904534
v 0.09966494 -0.84219974 0.13022244
v 0.10026133 -0.83929515 0.13487175
v 0.14683464 -0.82811987 0.10961019
v 0.14775780 -0.83219612 0.10658260
v 0.15238877 -0.83163989 0.10658136
v 0.15297915 -0.82814634 0.10875466
v 0.12839389 -0.83430350 0.12174746
v 0.12947971 -0.83809257 0.11829354
v 0.13385981 -0.83726418 0.11846521
v 0.13503569 -0.83442378 0.12106656
v 0.08200601 -0.82096493 0.11127722
v 0.06962181 -0.81853014 0.10506643
v 0.06603736 -0.82610095 0.11747773
v 0.07726886 -0.82483250 0.12383828
v 0.06130078 -0.83422196 0.11026205
v 0.06550932 -0.82808179 0.09666462
v 0.07278037 -0.83564180 0.09603501
v 0.06900822 -0.83865982 0.10907287
v 0.08351337 -0.83680743 0.10275430
v 0.07930686 -0.83950430 0.11413737
v 0.08835617 -0.83140558 0.11012724
v 0.08548201 -0.83378839 0.12360360
v 0.10717136 -0.83063817 0.11733392
v 0.10254711 -0.82334340 0.11799423
v 0.10051048 -0.82921106 0.12931013
v 0.10666975 -0.83558655 0.12913707
v 0.09171495 -0.82404590 0.11606085
v 0.09254373 -0.82965529 0.12759663
v 0.08857301 -0.83375812 0.11216249
v 0.09482399 -0.83790326 0.10937076
v 0.09386895 -0.84068775 0.12175004
v 0.08743312 -0.83652580 0.12459603
v 0.10372502 -0.83729935 0.11180448
v 0.10283536 -0.84076315 0.12384991
v 0.12146030 -0.82230556 0.11650477
v 0.11092086 -0.82346910 0.11530212
v 0.11120335 -0.82905310 0.12409982
v 0.11852124 -0.82855195 0.12573485
v 0.10706320 -0.83663499 0.12133685
v 0.10809912 -0.83303273 0.11220808
v 0.11394680 -0.83680964 0.11041996
v 0.11271511 -0.83937401 0.12055200
v 0.12294628 -0.83578163 0.11228501
v 0.12004302 -0.83949071 0.12223643
v 0.12627390 -0.82862324 0.11667830
v 0.12311467 -0.83413237 0.12603831
v 0.14438967 -0.82582831 0.10876594
v 0.14056562 -0.81916243 0.10956094
v 0.13708855 -0.82559544 0.11754533
v 0.14051287 -0.83156800 0.11610050
v 0.13224299 -0.82043213 0.11034054
v 0.13073543 -0.82556534 0.11769393
v 0.12630342 -0.83012217 0.11602460
v 0.12878242 -0.82627881 0.11006320
v 0.13214365 -0.83374119 0.10571622
v 0.12910810 -0.83698022 0.11282408
v 0.14063446 -0.83306813 0.10532977
v 0.13695063 -0.83688319 0.11332995
v 0.15881024 -0.81596738 0.09879781
v 0.15540893 -0.82044762 0.10595621
v 0.15761456 -0.82591093 0.10393021
v 0.16055584 -0.82179534 0.09542213
v 0.15124036 -0.81639558 0.10116754
v 0.14951843 -0.82054323 0.10619056
v 0.14585613 -0.82538062 0.10417872
v 0.14808583 -0.82206351 0.10069187
v 0.14938471 -0.82968646 0.09598738
v 0.14728761 -0.83206433 0.10127097
v 0.15653262 -0.82813203 0.09433009
v 0.15486252 -0.83159751 0.10139649
v 0.09053832 -0.81756991 0.09962149
v 0.07468968 -0.81136835 0.09281217
v 0.06848106 -0.84067678 0.11826675
v 0.07125901 -0.82241619 0.08427931
v 0.07436656 -0.84111345 0.12114377
v 0.09218986 -0.83399850 0.09345854
v 0.07924098 -0.83139992 0.08381739
v 0.08973244 -0.82957327 0.10451085
v 0.09850210 -0.83334219 0.13499978
v 0.11145038 -0.83397007 0.09793111
v 0.10872427 -0.83008170 0.10747091
v 0.09349322 -0.83340168 0.13383476
v 0.10894614 -0.81793898 0.10374779
v 0.12827444 -0.81743443 0.10090182
v 0.11279796 -0.84050030 0.12656166
v 0.11695033 -0.84057480 0.12733172
v 0.13077806 -0.83242691 0.09740682
v 0.12942693 -0.82511824 0.10855920
v 0.13420291 -0.82960892 0.12187922
v 0.14797297 -0.82953787 0.09204050
v 0.14828004 -0.82192296 0.10091852
v 0.13068759 -0.82959616 0.12155752
v 0.14721368 -0.81349552 0.09607482
v 0.15235762 -0.82475471 0.10825337
v 0.16059498 -0.82616138 0.08490048
v 0.16589616 -0.81763482 0.08511217
v 0.14906396 -0.82441670 0.10908687
v 0.16158691 -0.81063116 0.08959221
v 0.11667522 -0.69578952 -0.00009289
v 0.11785594 -0.66901344 0.00084716
v 0.12510848 -0.67148089 0.00985903
v 0.12475316 -0.69777173 0.00842044
v 0.13672185 -0.69625854 0.01010677
v 0.11432264 -0.72007328 0.00261741
v 0.12393218 -0.72090918 0.01114951
v 0.13659585 -0.72019249 0.01019957
v 0.17032689 -0.73241782 -0.02026619
v 0.17793562 -0.72786123 -0.03607923
v 0.16764930 -0.72616708 -0.04811455
v 0.16270541 -0.72402185 -0.06118492
v 0.16030771 -0.72093314 -0.07477754
v 0.10962258 -0.74119127 -0.01223106
v 0.11193739 -0.74108601 0.00806859
v 0.12215987 -0.74041313 0.01922068
v 0.13836798 -0.73993760 0.01712211
v 0.07665373 -0.80210924 0.07778068
v 0.09344048 -0.80127954 0.08466092
v 0.09600117 -0.78795594 0.06818930
v 0.08470950 -0.79734653 0.05909808
v 0.11136529 -0.80479324 0.08622298
v 0.11434714 -0.78847432 0.07041791
v 0.12985852 -0.80544347 0.08393427
v 0.13238566 -0.79091072 0.06766514
v 0.14808726 -0.80455154 0.07987365
v 0.14946839 -0.79354858 0.06302992
v 0.16429858 -0.80428588 0.07623176
v 0.16570404 -0.79706728 0.05852989
v 0.17283836 -0.81220883 0.07300751
v 0.17661186 -0.80574453 0.05534642
v 0.07419793 -0.81751162 0.06839180
v 0.08360886 -0.81161183 0.05048900
v 0.08467211 -0.82850689 0.06672050
v 0.09355861 -0.82423234 0.04889249
v 0.10039219 -0.82912499 0.07086673
v 0.10844328 -0.82435036 0.05197293
v 0.17202917 -0.81818366 0.05348521
v 0.16641349 -0.82357234 0.07116972
v 0.11884443 -0.82836694 0.07292467
v 0.12610205 -0.82261693 0.05380119
v 0.13684843 -0.82805330 0.07283809
v 0.14336374 -0.82267499 0.05363786
v 0.15282139 -0.82677817 0.07166357
v 0.15894426 -0.82177573 0.05319485
v 0.10010833 -0.77623069 0.04660551
v 0.11686834 -0.77083760 0.05278286
v 0.13465324 -0.77410972 0.04917122
v 0.15205050 -0.77902669 0.04325247
v 0.16770521 -0.78761250 0.03663120
v 0.17971559 -0.79775411 0.03356672
v 0.15994900 -0.76087302 0.01983520
v 0.17131938 -0.77992266 0.01179362
v 0.17995936 -0.79261392 0.00963330
v 0.18141958 -0.78735274 -0.01395504
v 0.17626414 -0.77336842 -0.01230480
v 0.18174368 -0.76578730 -0.05260562
v 0.17960140 -0.76837170 -0.03455337
v 0.18570590 -0.78233224 -0.03624807
v 0.18878300 -0.78118563 -0.05572508
v 0.16957855 -0.75597686 -0.00622151
v 0.17357199 -0.75050163 -0.02809668
v 0.17345385 -0.74677181 -0.04454945
v 0.18112548 -0.77783561 -0.08311123
v 0.17856546 -0.76053512 -0.07991973
v 0.18166493 -0.76356578 -0.06653319
v 0.18766759 -0.77971798 -0.07043019
v 0.16718179 -0.77872467 -0.09351246
v 0.16625051 -0.76070791 -0.09211343
v 0.14761949 -0.76472920 -0.08843450
v 0.14837997 -0.78146029 -0.09137283
v 0.17071970 -0.74124312 -0.07049851
v 0.17129308 -0.74450135 -0.05760165
v 0.16315031 -0.73978239 -0.08270514
v 0.14630967 -0.74303371 -0.08006328
v 0.13558435 -0.76882750 -0.07364667
v 0.13690183 -0.74806488 -0.06714918
v 0.13492429 -0.78513986 -0.07766626
v 0.09340317 -0.79131579 0.03689105
v 0.09562924 -0.80322343 0.03072698
v 0.13789196 -0.75552636 0.03256997
v 0.11912387 -0.75439829 0.03484447
v 0.10519897 -0.76106256 0.02004146
v 0.10019942 -0.78331220 0.01176454
v 0.10657171 -0.79695928 0.00740349
v 0.10760773 -0.77965164 -0.01255607
v 0.11489321 -0.79237175 -0.01475182
v 0.10488597 -0.81283826 0.02942555
v 0.11637488 -0.80356818 0.00717276
v 0.12361580 -0.79877150 -0.01515450
v 0.11468566 -0.77638447 -0.03294083
v 0.12016287 -0.78953618 -0.03507614
v 0.12260708 -0.77291924 -0.04796120
v 0.12488619 -0.78773087 -0.05107550
v 0.12876630 -0.78665048 -0.06427858
v 0.12909429 -0.77090937 -0.06001933
v 0.12240881 -0.75348002 -0.04537905
v 0.12926835 -0.75057024 -0.05578613
v 0.11392783 -0.75723052 -0.03041600
v 0.10712881 -0.76064843 -0.00989063
v 0.17663987 -0.81095457 0.03188751
v 0.17896032 -0.80407202 0.00853803
v 0.18006805 -0.79789793 -0.01484379
v 0.18372911 -0.79513061 -0.03769281
v 0.18454070 -0.79406637 -0.05670703
v 0.18260702 -0.79264712 -0.06963827
v 0.17703284 -0.79060894 -0.08060709
v 0.16485804 -0.78971452 -0.08747947
v 0.15130286 -0.79157567 -0.08649804
v 0.14112774 -0.79539430 -0.07597762
v 0.13529253 -0.79807562 -0.06452697
v 0.12805583 -0.79812020 -0.03578359
v 0.13121264 -0.79887378 -0.05194752
v 0.11076473 -0.73767769 -0.03092589
v 0.11967272 -0.73372060 -0.04506714
v 0.12791583 -0.73063576 -0.05331824
v 0.14603807 -0.72308177 -0.07262377
v 0.13709015 -0.72760910 -0.06065777
v 0.11844770 -0.81612879 0.03051317
v 0.13497107 -0.81545806 0.03195891
v 0.15124407 -0.81585866 0.03187959
v 0.16549192 -0.81523758 0.03156893
v 0.17013462 -0.80874228 0.00819292
v 0.15766293 -0.80956775 0.00788358
v 0.14262311 -0.80958015 0.00734756
v 0.12787089 -0.80741119 0.00743015
v 0.17209184 -0.80385447 -0.01515278
v 0.16099295 -0.80534714 -0.01520168
v 0.14733295 -0.80552018 -0.01650575
v 0.13419046 -0.80357486 -0.01565934
v 0.13768323 -0.80332410 -0.03678257
v 0.14972830 -0.80389237 -0.03822286
v 0.16225845 -0.80300999 -0.03686778
v 0.17329052 -0.80088353 -0.03753167
v 0.17377207 -0.79870021 -0.05511757
v 0.16299975 -0.80053228 -0.05367254
v 0.15144885 -0.80181795 -0.05422671
v 0.14110453 -0.80208987 -0.05284105
v 0.17291081 -0.79694688 -0.06598960
v 0.16306442 -0.79460472 -0.08045790
v 0.16982229 -0.79545319 -0.07444654
v 0.15434384 -0.79608911 -0.08063053
v 0.14823017 -0.79849792 -0.07277171
v 0.14421239 -0.80059069 -0.06350827
v 0.15490347 -0.79829419 -0.07065546
v 0.15316667 -0.79996306 -0.06349485
v 0.16340984 -0.79864401 -0.06355110
v 0.16288288 -0.79711062 -0.07071264
v 0.15693924 -0.79674613 -0.07581351
v 0.16101338 -0.79617208 -0.07571948
v 0.15443039 -0.73938692 0.00124773
v -0.01560608 0.65223491 -0.07899670
v 0.00714346 0.58015269 -0.10881320
v 0.06855801 -0.40022346 0.09564741
v 0.07828925 -0.40463972 0.10653390
v 0.09040681 -0.40342224 0.11437895
v 0.07370870 0.03004356 0.11079186
v 0.02068524 0.24876904 0.08251988
v 0.02423292 0.29294163 0.08382361
v 0.02238856 0.26987135 0.08280530
v 0.07643854 0.00238446 0.11791851
v 0.07903225 0.32342321 0.06131549
v 0.04443214 0.01367706 -0.11944315
v 0.01303410 0.53818977 -0.12067255
v 0.04565574 0.48512989 0.08727249
v 0.04596713 0.09421268 -0.13022195
v 0.03228384 0.79257041 0.03757862
v 0.03018128 0.79165572 0.03521703
v 0.02992359 0.78840560 0.03341927
v 0.02935982 0.78824961 0.02870379
v 0.02931988 0.78751689 0.02489054
v 0.03000592 0.78703356 0.02226411
v 0.03141705 0.78955978 0.03149510
v 0.03002401 0.79305136 0.02906467
v 0.03105524 0.79157943 0.03260674
v 0.03170339 0.79074585 0.03362029
v -0.05547715 0.51840806 0.03741266
v -0.05568596 0.50010347 0.04086425
v -0.05733348 0.48580295 0.04786210
v -0.05760182 0.46954513 0.05269922
v -0.05383150 0.71192455 0.11486410
v -0.04881078 0.18820004 0.07518559
v -0.04829936 0.20229840 0.07149257
v 0.02089493 0.25286952 -0.10178568
v -0.04508873 0.14741635 0.07631245
v -0.05028207 0.21911788 0.07275595
v 0.01997223 0.40806472 -0.12255999
v -0.05705211 0.45070219 0.05666135
v -0.04266792 0.13047709 0.07382551
v 0.01938700 0.47206461 -0.13111612
v -0.05154494 0.24144396 0.07313565
v -0.03778125 0.04396124 0.07209282
v -0.05475386 0.30946535 0.07189430
v -0.09964105 0.83056456 0.10493476
v -0.10931598 0.82333833 0.09257378
v -0.10465670 0.81289572 0.10125469
v -0.09528232 0.81671810 0.11236297
v -0.10221698 0.80364358 0.10773525
v -0.09374648 0.80502743 0.11636133
v -0.11352060 0.81523263 0.08004541
v -0.10991482 0.80733293 0.09037321
v -0.11303888 0.77325940 0.07652128
v -0.11178586 0.78237569 0.07824351
v -0.11576042 0.78118455 0.06897026
v -0.11581630 0.76919585 0.06614494
v -0.11001467 0.74716872 0.07128977
v -0.10976581 0.74003476 0.05922811
v -0.10513244 0.73052257 0.06892029
v -0.10432048 0.73866838 0.07921168
v -0.07749267 0.75142676 0.10751478
v -0.08088128 0.75758624 0.10609747
v -0.08595283 0.75188231 0.10379067
v -0.08189049 0.74497992 0.10498209
v -0.07049500 0.76141280 0.11626376
v -0.06746057 0.76408982 0.12384562
v -0.06788012 0.77040929 0.11959849
v -0.07164852 0.76686758 0.11293477
v -0.07233319 0.74589354 0.10847396
v -0.07664559 0.73926580 0.10540749
v -0.07203718 0.75235325 0.11309105
v -0.07383438 0.75718355 0.11047696
v -0.07024387 0.74526435 0.12422623
v -0.06801201 0.74525350 0.12954524
v -0.06917462 0.75082046 0.13047200
v -0.07125911 0.75031054 0.12312742
v -0.07200735 0.74515569 0.11373013
v -0.06871218 0.74185675 0.11612474
v -0.07054490 0.74406260 0.11935642
v -0.07238179 0.74815387 0.11719895
v -0.07000627 0.75580055 0.11970829
v -0.06794878 0.75765741 0.12764232
v -0.06505073 0.75827694 0.13531196
v -0.06568821 0.74978596 0.13777602
v -0.09029208 0.73187011 0.09657644
v -0.08543956 0.72796756 0.09911159
v -0.08145014 0.73337871 0.10266301
v -0.08647675 0.73834360 0.10147262
v -0.06870080 0.73924845 0.11183401
v -0.07081143 0.72277266 0.11066443
v -0.06598999 0.72366095 0.11493409
v -0.06621011 0.72776669 0.11544041
v -0.07162891 0.72702301 0.11091720
v -0.09357966 0.71806842 0.08520265
v -0.09259357 0.71020317 0.08022141
v -0.08744791 0.70973909 0.08739404
v -0.08853109 0.71619755 0.09070698
v -0.08442110 0.70343757 0.08578773
v -0.08902765 0.70195329 0.07703812
v -0.07928792 0.68605840 0.07857275
v -0.07567880 0.69171453 0.08960439
v -0.08022707 0.69765818 0.08650257
v -0.08464438 0.69397128 0.07655978
v -0.06603492 0.69648075 0.09995881
v -0.07033509 0.68644881 0.09429079
v -0.06444708 0.68264860 0.09910088
v -0.06109269 0.69479287 0.10317423
v -0.06888135 0.71721280 0.10587760
v -0.06970575 0.71955478 0.10870794
v -0.07314713 0.71891344 0.10498263
v -0.07229324 0.71715689 0.10296138
v -0.07607736 0.71702576 0.09974784
v -0.07620144 0.71764904 0.10062679
v -0.07790354 0.71834350 0.10043779
v -0.07778657 0.71693426 0.09871358
v -0.07437076 0.71708792 0.10105278
v -0.07500398 0.71601862 0.09997639
v -0.07297830 0.71499854 0.10148738
v -0.07014664 0.71393323 0.10458560
v -0.05857287 0.71191156 0.11309039
v -0.05783799 0.71684611 0.11282749
v -0.06066164 0.71690440 0.11125468
v -0.06209041 0.71215862 0.11142690
v -0.07666997 0.71973789 0.10287251
v -0.07446845 0.72129273 0.10612967
v -0.07605539 0.72461563 0.10647081
v -0.07894225 0.72187316 0.10274921
v -0.08180214 0.72459638 0.10155846
v -0.08354690 0.72053605 0.09786651
v -0.08033506 0.71920699 0.09973557
v -0.07652823 0.71508944 0.09823968
v -0.08034102 0.71659851 0.09717518
v -0.07900421 0.71369839 0.09560749
v -0.07678542 0.71055263 0.09636143
v -0.07446564 0.71307510 0.09961248
v -0.07153733 0.71103513 0.10251621
v -0.07357555 0.70750499 0.09875099
v -0.06909123 0.70488989 0.10196303
v -0.06750876 0.70897841 0.10622378
v -0.07817052 0.72872704 0.10535425
v -0.08389307 0.71628582 0.09454244
v -0.08752046 0.72245306 0.09486887
v -0.08275792 0.71159303 0.09203696
v -0.08021960 0.70716023 0.09189232
v -0.07175408 0.69925249 0.09659582
v -0.07662205 0.70287776 0.09362992
v -0.07272315 0.67913395 0.08263723
v -0.06479638 0.67459428 0.08658781
v -0.09877889 0.79693085 0.10850449
v -0.09102008 0.79857957 0.11289909
v -0.09812586 0.79012078 0.10311790
v -0.09485855 0.79091841 0.10598802
v -0.09578437 0.79358351 0.10677056
v -0.09984114 0.79237545 0.10283424
v -0.10732306 0.78405756 0.08503647
v -0.10859282 0.77738827 0.08347354
v -0.10397422 0.78150207 0.08888185
v -0.10376051 0.78538048 0.09061585
v -0.09747408 0.77320933 0.09548223
v -0.09599642 0.78000313 0.09871624
v -0.09869494 0.78091806 0.09615495
v -0.10115898 0.77458423 0.09223920
v -0.09272268 0.77952832 0.10098466
v -0.09345275 0.77324533 0.09869528
v -0.08912733 0.77432668 0.10139902
v -0.08896323 0.77985066 0.10285292
v -0.08951690 0.79482740 0.10963875
v -0.08975875 0.79155976 0.10830747
v -0.08344464 0.79177076 0.10831657
v -0.08206744 0.79508716 0.11016104
v -0.07256603 0.78598124 0.10450428
v -0.06980264 0.78553605 0.10665826
v -0.07061514 0.78962779 0.10786413
v -0.07369271 0.78828675 0.10534759
v -0.07395843 0.78380746 0.10442971
v -0.07210513 0.78205830 0.10568244
v -0.09313009 0.85311729 0.10662251
v -0.10504426 0.84510535 0.09445706
v -0.08798747 0.83466691 0.11572918
v -0.11484979 0.83411664 0.08165945
v -0.11739519 0.82278037 0.06893766
v -0.10480782 0.72207028 0.05987741
v -0.09855504 0.71437657 0.07082812
v -0.09917840 0.72303718 0.07770076
v -0.10176275 0.71230131 0.05309523
v -0.09505717 0.70466906 0.06607886
v -0.08113710 0.68579793 0.06237857
v -0.08933359 0.69464076 0.06264893
v -0.10657818 0.72411543 0.03862682
v -0.10139120 0.71652955 0.03055360
v -0.09509147 0.70252037 0.04618360
v -0.10462207 0.73223692 0.01879696
v -0.10077631 0.73004043 0.01046339
v -0.09346224 0.70929778 0.01906811
v -0.07939448 0.67123151 0.01997587
v -0.08889659 0.67742574 0.00664654
v -0.08897883 0.66463447 -0.00062504
v -0.08126881 0.65898293 0.01378942
v -0.10920411 0.73255038 0.04705124
v -0.11672670 0.79338676 0.06224332
v -0.11827019 0.77973872 0.05667320
v -0.11374318 0.79217511 0.07365369
v -0.12064824 0.85645825 0.04876355
v -0.12413210 0.83904707 0.04173446
v -0.12090504 0.83117807 0.05576321
v -0.11753937 0.84618574 0.06654187
v -0.09610669 0.88881969 0.06741334
v -0.11147750 0.87443131 0.05816340
v -0.10905007 0.86049801 0.07879017
v -0.09608214 0.87270391 0.09097701
v -0.12609507 0.84394646 0.02596972
v -0.12152704 0.86245686 0.02885743
v -0.12078331 0.86175877 0.00672656
v -0.12531812 0.84433901 0.00969012
v -0.11107109 0.88195461 0.03188210
v -0.10965183 0.88216400 0.00426049
v -0.09985268 0.73524183 -0.00033817
v -0.09681779 0.71677828 -0.00015365
v -0.09432343 0.69969237 -0.00275283
v -0.08878919 0.69254720 0.01337281
v -0.09212425 0.89873320 0.00342409
v -0.09447533 0.89791906 0.03652135
v -0.10610478 0.82587552 -0.03668747
v -0.11248232 0.81474191 -0.02469974
v -0.11870319 0.82776827 -0.01461514
v -0.11216765 0.84250796 -0.02658059
v -0.09511259 0.83691353 -0.04844510
v -0.10004792 0.85734105 -0.03752646
v -0.08906543 0.77046359 -0.04159790
v -0.07780758 0.77522719 -0.05187112
v -0.07173748 0.75669092 -0.04695894
v -0.08225218 0.75210977 -0.03733164
v -0.10763563 0.80055577 0.09870697
v -0.10996193 0.79613835 0.09001810
v -0.10566656 0.79272699 0.09574421
v -0.10351842 0.79525739 0.10223357
v -0.11524831 0.80497253 0.07028106
v -0.11206035 0.80046266 0.08080690
v -0.12212914 0.81733340 0.04676336
v -0.12460537 0.82406050 0.03586832
v -0.12617417 0.82996356 0.01032385
v -0.12632211 0.82865286 0.02324262
v -0.11634007 0.80602866 -0.01580114
v -0.12013268 0.81466824 -0.00951254
v -0.09869831 0.74598312 -0.01346013
v -0.09062804 0.74890608 -0.02705367
v -0.08584642 0.72934622 -0.02577157
v -0.09443487 0.72420233 -0.01473772
v -0.06776543 0.73703009 -0.04427893
v -0.07609829 0.73359400 -0.03575623
v -0.08957943 0.68973255 -0.02328868
v -0.08102988 0.69522250 -0.03420454
v -0.08151469 0.67965817 -0.04272696
v -0.08795020 0.67527235 -0.03027332
v -0.07113579 0.68297166 -0.05179206
v -0.07125965 0.69931126 -0.04276467
v -0.06144097 0.70218694 -0.05005719
v -0.06044240 0.68478346 -0.05794095
v -0.06218676 0.65115875 0.03387940
v -0.07076947 0.65485555 0.02491811
v -0.07287273 0.64392799 0.01872308
v -0.06304473 0.64140099 0.02730028
v -0.08737377 0.66192979 -0.03971964
v -0.08253645 0.66845781 -0.05276532
v -0.09595973 0.76680654 -0.02973862
v -0.10404661 0.76557648 -0.01897708
v -0.07269447 0.67078972 -0.06269197
v -0.08230688 0.71167541 -0.02816496
v -0.07289706 0.71568924 -0.03733219
v -0.05789943 0.73972350 -0.05096831
v -0.06084262 0.76031345 -0.05424085
v -0.07605357 0.76257247 0.10841698
v -0.07989794 0.77779394 0.10444959
v -0.07565027 0.77968633 0.10512826
v -0.07673679 0.78269905 0.10473791
v -0.08053399 0.78149271 0.10464036
v -0.07218622 0.81605160 0.12717670
v -0.08442763 0.81778413 0.12216043
v -0.08296974 0.80390525 0.12226591
v -0.06998362 0.80044025 0.12454829
v -0.10192192 0.74950135 0.09049234
v -0.09599622 0.73860335 0.09369935
v -0.09120504 0.74553299 0.10004661
v -0.09434925 0.75480402 0.09854604
v -0.10157795 0.78614789 0.09416714
v -0.10115547 0.78773618 0.09696361
v -0.10309033 0.78845817 0.09426092
v -0.09265455 0.72533828 0.09094624
v -0.09833107 0.73087239 0.08574276
v -0.11657409 0.76564163 0.05263416
v -0.11067922 0.79040051 0.08297199
v -0.07729708 0.89750147 0.07556081
v -0.07923780 0.87896776 0.10070836
v -0.07361017 0.90805084 0.04210249
v -0.07033067 0.91004688 0.00659710
v -0.08520745 0.87112975 -0.04523780
v -0.06514902 0.88017654 -0.05008977
v -0.05885473 0.85691488 -0.06185213
v -0.07987525 0.84741688 -0.05718789
v -0.06551688 0.77973545 -0.06113506
v -0.05091036 0.70452398 -0.05471257
v -0.04937019 0.68687123 -0.05960652
v -0.07763435 0.85666478 0.11537188
v -0.07511126 0.83559692 0.12333815
v -0.11795465 0.80994284 0.05784483
v -0.11241250 0.76430839 0.07767285
v -0.10890619 0.75606668 0.08223015
v -0.10618477 0.76574433 0.08872121
v -0.10848390 0.77103376 0.08472081
v -0.11368734 0.75764525 0.06633109
v -0.11313558 0.75199193 0.05228873
v -0.11246514 0.74674726 0.03611605
v -0.10916834 0.73723388 0.02678646
v -0.11631682 0.85634941 -0.01298821
v -0.12222399 0.84025413 -0.00490555
v -0.08981743 0.88934660 -0.02508798
v -0.10713472 0.87392735 -0.02051156
v -0.12343270 0.82868379 -0.00194910
v -0.06775144 0.90243530 -0.02596530
v -0.06608061 0.73237795 0.11551604
v -0.06491913 0.73673558 0.11646762
v -0.07221532 0.73320073 0.10972387
v -0.06318282 0.70769840 0.10904980
v -0.06425405 0.70309079 0.10463286
v -0.05946912 0.70239055 0.10635256
v -0.05896303 0.70731115 0.11082447
v -0.06256496 0.67378348 0.07111668
v -0.07154267 0.67863137 0.06664664
v -0.06181868 0.66066468 0.04127114
v -0.07022188 0.66512567 0.03183042
v -0.06600770 0.74408185 0.12306820
v -0.06594370 0.74381876 0.12067488
v -0.06422009 0.74416435 0.12162968
v -0.06457965 0.74432027 0.12378507
v -0.07525921 0.71847737 0.10240107
v -0.06157339 0.72353595 0.11741760
v -0.06123855 0.72024089 0.11498019
v -0.05827412 0.71995789 0.11601357
v -0.05859022 0.72317511 0.11842095
v -0.08393489 0.69056129 0.04053869
v -0.07969563 0.68268216 0.02772659
v -0.09054907 0.66938192 -0.01599949
v -0.09266191 0.68387717 -0.00870130
v -0.09184743 0.70632178 -0.01758064
v -0.06468701 0.71873534 -0.04594064
v -0.05422432 0.72176474 -0.05178520
v -0.04296995 0.72465032 -0.05416554
v -0.04617319 0.74295896 -0.05471192
v -0.07103968 0.67888546 0.05109614
v -0.07025476 0.67386830 0.03979511
v -0.06132960 0.66907197 0.04788074
v -0.06108528 0.67383951 0.05740703
v -0.06065183 0.74122208 0.12483972
v -0.06125137 0.74054545 0.12222338
v -0.05928193 0.73817784 0.12268136
v -0.05936389 0.73975635 0.12625419
v -0.06652783 0.74238664 0.11848108
v -0.06442626 0.73963499 0.11778319
v -0.06424139 0.74168372 0.11844959
v -0.06763638 0.74321848 0.12030233
v -0.06754386 0.74393117 0.12345556
v -0.06361233 0.74374515 0.12903242
v -0.06386536 0.74325109 0.13420294
v -0.06625328 0.74397445 0.12693645
v -0.06232480 0.74294776 0.12343029
v -0.06230010 0.74209690 0.12117828
v -0.06396075 0.74329650 0.11945273
v -0.06564897 0.74340367 0.11924385
v -0.06361337 0.74410158 0.12680711
v -0.06517252 0.74418181 0.12523437
v -0.06417854 0.76577097 0.13123514
v -0.05355326 0.65879655 0.04662290
v -0.05333062 0.66735911 0.05221349
v -0.07546621 0.71727467 0.10034873
v -0.08175663 0.79868591 0.11500736
v -0.10097490 0.76332241 0.09392563
v -0.08289208 0.76394868 0.10436957
v -0.08392654 0.77003974 0.10334914
v -0.08913162 0.76723617 0.10100240
v -0.08813807 0.75952458 0.10195406
v -0.07294892 0.79555017 0.11546963
v -0.06732766 0.79033923 0.11348891
v -0.06469236 0.79051971 0.12120848
v -0.06685706 0.78409600 0.11196268
v -0.06939537 0.77920961 0.10874310
v -0.06833719 0.77555287 0.11437320
v -0.06474557 0.78143620 0.12096606
v -0.10179368 0.79068637 0.09850937
v -0.09998213 0.78907508 0.10000522
v -0.07255720 0.77153915 0.10940364
v -0.07379832 0.77580732 0.10648543
v -0.07881614 0.77301103 0.10503662
v -0.07758834 0.76774228 0.10631609
v -0.09461845 0.76466542 0.09793895
v -0.10659819 0.78912109 0.08952653
v -0.10319176 0.77754444 0.08958966
v -0.10533682 0.75781065 -0.00543984
v -0.10921858 0.76982933 -0.01006922
v -0.10883843 0.74756283 0.01147458
v -0.10814188 0.75029510 0.00842211
v -0.10259740 0.74412304 0.00861872
v -0.10568300 0.74335259 0.01314964
v -0.12160980 0.80249059 0.00298439
v -0.12130342 0.80192763 0.00722486
v -0.12246159 0.80791396 0.00941238
v -0.12124703 0.80877346 0.00205133
v -0.12259547 0.80305248 0.01423072
v -0.12186381 0.79981023 0.01354322
v -0.12199961 0.79881066 0.01658821
v -0.12263579 0.80558628 0.01699403
v -0.12183439 0.80185658 0.02397882
v -0.12329941 0.81146622 0.02977751
v -0.12474814 0.81566709 0.02028676
v -0.11849660 0.79466808 0.04632396
v -0.12060739 0.80480486 0.03794485
v -0.11915276 0.79546851 0.02843936
v -0.11643440 0.78709507 0.03104237
v -0.11174821 0.75219071 0.02308333
v -0.11021102 0.74493718 0.01808977
v -0.10237911 0.74920404 0.00172941
v -0.09024564 0.81662416 -0.05352830
v -0.10039812 0.80778664 -0.04167632
v -0.10800757 0.80007023 -0.03014743
v -0.11226942 0.79428059 -0.01945734
v -0.07619099 0.82494992 -0.06334402
v -0.05617537 0.82880843 -0.06757992
v -0.11814999 0.77766979 0.04289595
v -0.11622228 0.77430934 0.02948828
v -0.09549246 0.78918684 -0.04357107
v -0.08522195 0.79584795 -0.05564893
v -0.10290775 0.78355050 -0.03151210
v -0.10824206 0.78083593 -0.02056259
v -0.07036106 0.80309945 -0.06397095
v -0.05289817 0.80435371 -0.07016574
v -0.05085005 0.78144342 -0.06456871
v -0.11589003 0.75499147 0.01280752
v -0.11577538 0.74918413 0.01243999
v -0.11267673 0.74805617 0.01385714
v -0.11362849 0.75312120 0.01654527
v -0.11432222 0.76261711 0.02645215
v -0.11566409 0.76279736 0.03847660
v -0.06460608 0.77337623 0.12700374
v -0.05802534 0.68111521 0.10191760
v -0.05688884 0.69411433 0.10554708
v -0.06156463 0.73158461 0.11874551
v -0.06178112 0.72749013 0.11830626
v -0.05864845 0.72682887 0.11920934
v -0.05858938 0.73083133 0.11976196
v -0.07529574 0.79347187 0.10925751
v -0.04860472 0.76216918 -0.05785286
v -0.03967929 0.70729947 -0.05520156
v -0.03783697 0.68947053 -0.05928117
v -0.06027073 0.67048699 -0.06770313
v -0.04808477 0.67099369 -0.06836159
v -0.05861656 0.73478967 0.12081117
v -0.06129101 0.73545903 0.11945645
v -0.06281589 0.74379021 0.12553830
v -0.06536344 0.72008014 0.11262299
v -0.06223967 0.74079484 0.12029856
v -0.06146719 0.73850465 0.12016384
v -0.05721673 0.73752284 0.12355141
v -0.05695445 0.73442686 0.12122179
v -0.08463653 0.77611148 0.10351033
v -0.08487165 0.78059316 0.10406934
v -0.06157142 0.74241430 0.12763420
v -0.06076113 0.74088442 0.13017537
v -0.08277935 0.64701897 0.00661980
v -0.08894684 0.65154517 -0.00913928
v -0.05614753 0.71988046 0.11657732
v -0.05654854 0.72301841 0.11890429
v -0.11622351 0.78118175 0.02143190
v -0.11808012 0.78888649 0.02101085
v -0.11894436 0.78470647 0.01459102
v -0.11699904 0.77826309 0.01488421
v -0.05396645 0.64933324 0.03982066
v -0.08941811 0.65618688 -0.02520737
v -0.03555338 0.67395556 -0.06732900
v -0.10041768 0.78230995 0.09399686
v -0.10142097 0.78421605 0.09327203
v -0.07767782 0.79090303 0.10680232
v -0.06629913 0.71287704 0.10865063
v -0.06468808 0.71709281 0.10919652
v -0.05348648 0.67190176 0.06097212
v -0.05777594 0.73901385 0.12720636
v -0.11928444 0.79410523 0.00803628
v -0.11872052 0.79069012 0.00781332
v -0.12166002 0.78910601 0.00927634
v -0.12219709 0.79206133 0.01064095
v -0.12446973 0.79454565 0.01623461
v -0.12593007 0.79794472 0.01554083
v -0.12662423 0.79487723 0.01273106
v -0.12491204 0.79211140 0.01277435
v -0.12138943 0.79496706 0.01946398
v -0.12185076 0.79061002 0.01588898
v -0.12816086 0.79960203 0.01381007
v -0.12751511 0.79723501 0.01180837
v -0.12176909 0.80081213 0.01131408
v -0.12513906 0.80127954 0.01340871
v -0.12598996 0.80381435 0.00925143
v -0.13052119 0.80129308 0.01014282
v -0.12762254 0.80475610 0.00289859
v -0.13260071 0.80155545 0.00442548
v -0.12753759 0.80140013 -0.00323594
v -0.13306496 0.79914737 -0.00199923
v -0.11427147 0.76176298 0.01851722
v -0.11359375 0.76353180 0.01202327
v -0.12690471 0.79579568 -0.00700245
v -0.13262880 0.79450238 -0.00672495
v -0.12556759 0.78848600 -0.00971731
v -0.13146251 0.78788751 -0.00948275
v -0.12413253 0.78086674 -0.01067524
v -0.12960024 0.78041023 -0.01036277
v -0.12228411 0.77183008 -0.01025565
v -0.12766230 0.77264327 -0.00916660
v -0.12013868 0.76169121 -0.00712042
v -0.12556945 0.76476741 -0.00579234
v -0.12911606 0.79704994 -0.00116520
v -0.12837321 0.79946178 0.00349280
v -0.12028131 0.79887038 0.00050829
v -0.12781578 0.79936230 0.00848851
v -0.11644903 0.78642952 -0.00056898
v -0.11601530 0.78310531 0.00053707
v -0.11938442 0.78325850 0.00333758
v -0.11683986 0.78595245 0.00244107
v -0.11758794 0.77711821 0.01069111
v -0.11762806 0.77145666 0.00954617
v -0.11641422 0.77080029 0.01392428
v -0.11551923 0.76750135 0.00860669
v -0.11468397 0.77238411 0.00825804
v -0.11481893 0.76926786 0.00740578
v -0.11381102 0.77616078 0.00888832
v -0.11499734 0.76772434 0.00591766
v -0.11581624 0.76571161 0.00679861
v -0.11396795 0.76896369 0.00555297
v -0.11363517 0.76986080 0.00650026
v -0.11274012 0.77171701 0.00617934
v -0.11224827 0.77475983 0.00466337
v -0.11591522 0.77154195 0.02021847
v -0.11057812 0.76387984 -0.00137396
v -0.11438917 0.77229619 -0.00395382
v -0.12272943 0.75831509 -0.00088481
v -0.11843462 0.75307262 -0.00150230
v -0.11677271 0.74683952 0.01022483
v -0.11835145 0.74772578 0.00495621
v -0.11890990 0.79391956 -0.00156149
v -0.11828783 0.78788137 -0.00474255
v -0.10847427 0.75656819 0.00472241
v -0.11650067 0.78065544 -0.00530261
v -0.12387474 0.76846164 -0.00371889
v -0.12135235 0.76378345 -0.00012383
v -0.12657550 0.77414161 -0.00626751
v -0.11643191 0.76168579 0.00849543
v -0.11905511 0.76146775 0.00426638
v -0.12063143 0.75555694 0.00506949
v -0.11838502 0.75462556 0.00969612
v -0.11922253 0.76771325 0.00084646
v -0.12241520 0.77119380 -0.00136178
v -0.11587846 0.77031368 0.00049515
v -0.11888481 0.77370220 -0.00136975
v -0.11526033 0.76823121 0.00355018
v -0.11689150 0.76571906 0.00389737
v -0.11233091 0.77223670 0.00085119
v -0.11468360 0.77708697 -0.00149017
v -0.11329861 0.76987135 0.00392644
v -0.12200256 0.77698743 -0.00124680
v -0.11866286 0.78032559 -0.00126591
v -0.12260537 0.78312325 0.00111514
v -0.12492882 0.78073668 -0.00052779
v -0.12526795 0.77534121 -0.00290694
v -0.12742059 0.78009284 -0.00373397
v -0.12738079 0.78058571 -0.00716425
v -0.12817812 0.78558457 -0.00359922
v -0.12833104 0.78722429 -0.00655799
v -0.12631731 0.78479177 -0.00088811
v -0.12500970 0.78534806 0.00162558
v -0.12908363 0.79310256 -0.00454185
v -0.12822962 0.79057139 -0.00211375
v -0.12798437 0.79434443 0.00037881
v -0.12701942 0.78864110 0.00014974
v -0.12659709 0.79163468 0.00211376
v -0.12584461 0.78761601 0.00170522
v -0.12533943 0.78912395 0.00327273
v -0.12440003 0.79679799 0.01028460
v -0.12327266 0.79462534 0.01124641
v -0.12565857 0.79731101 0.00739169
v -0.12413017 0.79476488 0.00701559
v -0.12318916 0.79551113 0.00873518
v -0.12181788 0.79437912 0.00880572
v -0.12305620 0.79235041 0.00705991
v -0.12056536 0.79118609 0.00527596
v -0.06653185 0.61880350 0.01528020
v -0.05639818 0.61859435 0.02016067
v -0.05566797 0.62928045 0.02685187
v -0.06469293 0.63046044 0.02122189
v -0.12529002 0.79354101 0.00451331
v -0.12434904 0.79054862 0.00550351
v -0.12672073 0.79665458 0.00375154
v -0.12156712 0.78765815 0.00203819
v -0.12266482 0.78878021 0.00407281
v -0.12406162 0.78695947 0.00319647
v -0.12287206 0.78592259 0.00212816
v -0.11734907 0.78114879 0.01042892
v -0.11479794 0.78028959 0.00700744
v -0.11411978 0.77817363 0.00276033
v -0.09548296 0.60077852 -0.02173555
v -0.08964334 0.61134958 -0.01800454
v -0.09963319 0.61573792 -0.03574422
v -0.10694978 0.60645968 -0.04034983
v -0.11207897 0.57576692 -0.01794008
v -0.12957841 0.57850647 -0.04357756
v -0.13179305 0.55641931 -0.02696192
v -0.11437341 0.55702281 -0.01141380
v -0.13152352 0.53805017 -0.01432573
v -0.11509137 0.53963786 -0.00314760
v -0.12952356 0.49041244 0.01084790
v -0.11586206 0.49245447 0.01979733
v -0.11563586 0.50780135 0.01262864
v -0.13016768 0.50569797 0.00344550
v -0.14205402 0.41294935 0.01708551
v -0.13446073 0.39679959 0.01732216
v -0.12690841 0.40063712 0.02695069
v -0.13466957 0.41558686 0.02498431
v -0.17658603 0.48938975 -0.05116194
v -0.17729889 0.50409329 -0.06096104
v -0.17899497 0.49146116 -0.06809910
v -0.17761211 0.47855404 -0.05874240
v -0.13702786 0.61363530 -0.08898674
v -0.13656048 0.59771729 -0.06807648
v -0.12190291 0.60607100 -0.06462458
v -0.12478319 0.61972940 -0.08393311
v -0.16066369 0.42575043 -0.03387652
v -0.15741462 0.41384110 -0.02685414
v -0.15866987 0.42228484 -0.01862643
v -0.16158845 0.43384075 -0.02417689
v -0.13392411 0.33372918 -0.01437810
v -0.13126671 0.31231755 -0.01536175
v -0.12415559 0.31042859 0.00201595
v -0.12676451 0.33189034 0.00213067
v -0.14446305 0.36158344 -0.08002363
v -0.13969508 0.36115605 -0.10305037
v -0.13749619 0.34417886 -0.10008288
v -0.14362934 0.34207720 -0.07755738
v -0.15198588 0.48390892 -0.00803450
v -0.14177409 0.48758525 0.00149594
v -0.14325467 0.50210285 -0.00626564
v -0.15403244 0.49745935 -0.01632483
v -0.17257002 0.35384235 -0.14028417
v -0.15927011 0.35204533 -0.13459794
v -0.16034847 0.37368140 -0.12755057
v -0.17271699 0.37604386 -0.13346303
v -0.13597429 0.24267650 -0.07368498
v -0.12842920 0.24875386 -0.09177322
v -0.13238358 0.23080423 -0.09306231
v -0.13961786 0.22425397 -0.07268412
v -0.20179139 0.49674118 -0.11902414
v -0.20538285 0.51337063 -0.11371607
v -0.20976831 0.52532780 -0.13217266
v -0.20765330 0.50692403 -0.13714825
v -0.17236184 0.46121487 -0.04344242
v -0.17076707 0.46858805 -0.03498740
v -0.17412442 0.47822458 -0.04287681
v -0.17542888 0.46928594 -0.05042879
v -0.14384040 0.39133215 -0.10964438
v -0.14746444 0.39338475 -0.09195811
v -0.14852639 0.40620476 -0.09838195
v -0.14529419 0.40489894 -0.11466327
v -0.14601676 0.37766260 -0.08609702
v -0.14188080 0.37645277 -0.10623962
v -0.16666101 0.47491649 -0.02636738
v -0.16030647 0.47967416 -0.01726459
v -0.16317903 0.49208310 -0.02610078
v -0.16992792 0.48605981 -0.03502610
v -0.12692130 0.38250148 0.01631211
v -0.11770802 0.38739866 0.02810693
v -0.14138864 0.21769461 -0.05123926
v -0.13807736 0.21112809 -0.02988092
v -0.13679834 0.23137809 -0.03186984
v -0.13920702 0.23714942 -0.05313527
v -0.11897215 0.35196996 0.01570212
v -0.12126371 0.36959407 0.01548397
v -0.12906565 0.36821887 0.00253764
v -0.12732847 0.35141501 0.00141502
v -0.13027374 0.20498851 -0.00888469
v -0.12057583 0.20059523 0.01136239
v -0.11952624 0.22247969 0.00871991
v -0.12963092 0.22605136 -0.01092114
v -0.13085790 0.52132922 -0.00486644
v -0.11540151 0.52348268 0.00512802
v -0.15142021 0.41162014 -0.00079229
v -0.14576991 0.39622185 -0.00236102
v -0.14075200 0.39565262 0.00730351
v -0.14757235 0.41189173 0.00819220
v -0.16746189 0.45551524 -0.07589933
v -0.17452508 0.46661928 -0.06698339
v -0.17624268 0.47663251 -0.07722095
v -0.16532142 0.46121582 -0.08362638
v -0.13567236 0.21193482 -0.09204571
v -0.14262830 0.20584251 -0.07093213
v -0.13048789 0.18481773 -0.00673899
v -0.12019150 0.17968334 0.01332680
v -0.13547862 0.46088818 -0.13906626
v -0.13866112 0.45651194 -0.13440207
v -0.14433025 0.45483801 -0.12189979
v -0.14070316 0.46205598 -0.12676544
v -0.10501998 0.41947529 0.04427127
v -0.11834977 0.42782921 0.03793240
v -0.12085914 0.41088167 0.03470119
v -0.10919128 0.39909136 0.03845664
v -0.13998982 0.38230878 -0.00599654
v -0.13562272 0.36981979 -0.01008795
v -0.13435793 0.38141698 0.00488354
v -0.08945922 0.41021228 0.04867423
v -0.09483075 0.38362485 0.04195748
v -0.10010371 0.52356684 0.01396269
v -0.10087455 0.50829667 0.02136835
v -0.09942453 0.53970772 0.00812391
v -0.08414573 0.53885865 0.01871217
v -0.08175716 0.55592257 0.01452320
v -0.09734119 0.55658400 0.00269821
v -0.07871532 0.57267642 0.01218290
v -0.09445407 0.57387251 -0.00011931
v -0.08146860 0.59784168 -0.00542215
v -0.07750536 0.60913932 -0.00246265
v -0.17296247 0.45925787 -0.05912893
v -0.17054069 0.45246142 -0.05308900
v -0.13935129 0.19148371 -0.02747838
v -0.07909806 0.55743295 -0.16693668
v -0.07081375 0.54123652 -0.17028897
v -0.08721562 0.54019314 -0.17287457
v -0.09614152 0.55528027 -0.17029181
v -0.15078709 0.61003941 -0.09439460
v -0.15450844 0.59312809 -0.07444146
v -0.11778160 0.47801301 -0.17447852
v -0.11290454 0.47546282 -0.17389563
v -0.11679111 0.46545264 -0.16815734
v -0.11927334 0.47086567 -0.16914289
v -0.12660760 0.46257871 -0.15500976
v -0.11881074 0.45289606 -0.15729770
v -0.11754239 0.45541668 -0.16409209
v -0.12417022 0.46561918 -0.16101548
v -0.12071223 0.23551552 -0.10951213
v -0.11592288 0.25377601 -0.10740665
v -0.10141145 0.37926814 -0.15056202
v -0.11769724 0.37022811 -0.13829812
v -0.12256852 0.38595077 -0.13939099
v -0.10806141 0.39511058 -0.15137687
v -0.00082583 0.53900063 -0.12787060
v 0.00147705 0.52293116 -0.13082087
v -0.01266454 0.52589208 -0.14076045
v -0.01536979 0.54259270 -0.13800925
v -0.04979913 0.57064795 -0.15305921
v -0.05614308 0.58579016 -0.14865068
v -0.03781041 0.57917684 -0.14116597
v -0.03342789 0.56438416 -0.14524303
v -0.06123029 0.55688494 -0.16212158
v -0.05457942 0.53988993 -0.16591743
v -0.13913336 0.40745732 -0.12968977
v -0.13702048 0.39440715 -0.12612024
v -0.13992280 0.42428485 -0.13562350
v -0.14606279 0.42293450 -0.12280066
v -0.14576073 0.42909285 -0.12543395
v -0.13865882 0.43140334 -0.13804142
v -0.11493128 0.62684298 -0.07877768
v -0.10721470 0.63502276 -0.09583186
v -0.11817367 0.62776357 -0.10238529
v -0.05265513 0.62633967 -0.11496910
v -0.04977095 0.62040997 -0.11972783
v -0.06498730 0.62257349 -0.12238577
v -0.06457798 0.62818432 -0.11588043
v -0.01189831 0.45192641 -0.14785631
v 0.00518510 0.45221734 -0.13846309
v 0.00519398 0.43026260 -0.13736232
v -0.01364811 0.42833695 -0.14726947
v -0.13150802 0.44269508 -0.14863050
v -0.13031438 0.45047382 -0.15002683
v -0.12540267 0.45709053 -0.15709543
v -0.12586813 0.44893339 -0.15576996
v -0.12592874 0.44150239 -0.15506664
v -0.12460945 0.43470529 -0.15408555
v -0.13257742 0.42848456 -0.14566025
v -0.13288628 0.43531707 -0.14739656
v -0.11499165 0.40891594 -0.15171766
v -0.12759805 0.40106297 -0.14017765
v -0.13019513 0.41288680 -0.14204276
v -0.11916494 0.42016575 -0.15206137
v 0.00515221 0.35547337 -0.12492659
v -0.01110246 0.35213161 -0.13573216
v -0.01211759 0.37792590 -0.13993807
v 0.00518586 0.38086468 -0.12922838
v -0.14712828 0.45530513 -0.10899457
v -0.15161841 0.45551080 -0.09981371
v -0.14594001 0.44458038 -0.10467019
v -0.13929905 0.44304585 -0.11571390
v -0.12152445 0.45720920 -0.18211095
v -0.12277309 0.44892368 -0.18518054
v -0.12643823 0.45106968 -0.18815973
v -0.12495882 0.46024179 -0.18545868
v -0.12516536 0.42564407 -0.13207890
v -0.13340816 0.42852032 -0.12211897
v -0.12923369 0.41085157 -0.12857391
v -0.12007635 0.40855986 -0.13821460
v -0.14799224 0.60998487 -0.12291427
v -0.16456948 0.60555148 -0.10063633
v -0.13864540 0.61609566 -0.11544500
v -0.11859222 0.43883047 -0.14483902
v -0.11115689 0.42581746 -0.14985341
v -0.10801874 0.42781907 -0.15906285
v -0.11356185 0.44057676 -0.15346213
v -0.18219312 0.35694686 -0.15280047
v -0.18142176 0.37927416 -0.14590999
v -0.11031048 0.38919806 -0.15372248
v -0.10658035 0.38961288 -0.16401529
v -0.10606401 0.40774259 -0.15622032
v -0.11145559 0.40708795 -0.14735903
v -0.09596202 0.36186957 -0.14834987
v -0.11295265 0.35409296 -0.13567285
v -0.08578625 0.24245824 -0.13214603
v -0.10481417 0.23970827 -0.12330980
v -0.10004909 0.25902340 -0.11942728
v -0.08237791 0.26317790 -0.12823088
v -0.12413418 0.21641384 -0.11047986
v -0.08849443 0.22063409 -0.13304590
v -0.10812984 0.21907014 -0.12449438
v -0.09086967 0.64950049 -0.07719088
v -0.07766477 0.65253550 -0.08604705
v -0.08146273 0.64502233 -0.09590472
v -0.09817865 0.64255869 -0.08727781
v -0.13638279 0.09450590 -0.10649668
v -0.13435596 0.06368572 -0.10667612
v -0.15071037 0.06047899 -0.08417617
v -0.15075813 0.09195735 -0.08391453
v -0.04447128 0.64090949 -0.09704140
v -0.06295615 0.64347690 -0.09835327
v -0.06166596 0.65124041 -0.08867054
v -0.04541500 0.64998132 -0.08682863
v -0.14826269 0.11939059 -0.08421654
v -0.13536872 0.12456492 -0.10731953
v -0.09727491 0.64061373 -0.06203361
v -0.10616440 0.63323784 -0.07168924
v -0.10443206 0.62352151 -0.05377772
v -0.09625859 0.63209158 -0.04517602
v -0.09310973 0.62641674 -0.02784674
v -0.16202986 0.05347314 -0.06080060
v -0.15950656 0.08291420 -0.06096248
v -0.07393952 0.66089904 -0.07433663
v -0.05999526 0.65999937 -0.07779151
v -0.04629345 0.65956610 -0.07757007
v -0.03310998 0.66112381 -0.07566804
v -0.12446522 0.19794708 -0.10732383
v -0.13616015 0.19378223 -0.08844153
v -0.06344520 -0.04322255 -0.14051056
v -0.03729764 -0.04374401 -0.14003228
v -0.03897317 -0.05986176 -0.12722571
v -0.06770375 -0.06226080 -0.12839602
v 0.01882500 -0.02331567 -0.11852241
v 0.01542292 -0.03442297 -0.10398605
v -0.00949172 -0.04978345 -0.11859007
v -0.00915545 -0.03775776 -0.13309439
v 0.01825991 0.09361123 -0.14125545
v -0.00746760 0.09276639 -0.15157630
v -0.01040284 0.11500575 -0.14474946
v 0.01460649 0.11564827 -0.13614668
v -0.08963647 0.20064206 -0.13106877
v -0.10874674 0.19982642 -0.12206607
v -0.14201258 0.18780071 -0.06718935
v -0.15633693 -0.08379514 -0.03274662
v -0.14872268 -0.08002697 -0.06741103
v -0.14163084 -0.11430517 -0.06272058
v -0.15050112 -0.11829741 -0.02987652
v -0.09546836 -0.10921036 -0.10369119
v -0.09855907 -0.08157947 -0.11248664
v -0.06698737 -0.08361939 -0.11856537
v -0.06553537 -0.10630727 -0.10904907
v -0.10944827 0.17521390 0.03236078
v -0.11773689 0.16009539 0.01417578
v -0.10558526 0.15490985 0.03207941
v -0.06642772 0.16753742 0.07119166
v -0.08368631 0.16927615 0.06103126
v -0.07727885 0.14936729 0.06005441
v -0.06147391 0.14787087 0.06925266
v -0.05607367 0.04247659 0.06010857
v -0.04656127 0.04312832 0.06634830
v -0.04765073 0.06549838 0.06299406
v -0.05827367 0.06496783 0.05475432
v -0.16029803 0.07370985 -0.03692470
v -0.15036665 0.06704324 -0.01366905
v -0.14685799 0.09165715 -0.01702517
v -0.15602584 0.10009048 -0.03890873
v 0.01106747 -0.04206290 -0.08922289
v -0.00878239 -0.06130749 -0.10455830
v -0.14810459 -0.12063659 0.00436965
v -0.15236895 -0.08478934 0.00141622
v -0.13249964 -0.11827151 0.03472177
v -0.10598978 -0.11042964 0.04989925
v -0.11134622 -0.07894957 0.04721367
v -0.13683586 -0.08478943 0.03054579
v -0.02751266 -0.03610007 0.03853027
v -0.04399418 -0.01701627 0.05262404
v -0.04642618 -0.02706536 0.04396858
v -0.02684857 -0.03925743 0.03104016
v 0.02337778 0.00876920 -0.13728845
v 0.02173897 -0.00854264 -0.12973423
v -0.00498130 -0.01969139 -0.14378354
v -0.00251470 0.00021886 -0.15127183
v -0.06770653 0.22115067 -0.13591968
v -0.06870449 0.19990385 -0.13424815
v -0.04781866 0.22130056 -0.13441408
v -0.06612290 0.24414513 -0.13577311
v -0.04721520 0.24569787 -0.13425055
v -0.05594763 0.38494042 -0.15545918
v -0.07673351 0.37258428 -0.15478624
v -0.08260904 0.39034268 -0.15826790
v -0.06232196 0.40479714 -0.16024525
v -0.02624198 0.53111696 -0.15190960
v -0.02959128 0.54807514 -0.14871591
v -0.03355858 -0.09639239 -0.10575693
v -0.00368412 -0.07752372 -0.08725571
v -0.01144009 -0.11632832 -0.08373576
v -0.03752835 -0.12622964 -0.09789626
v -0.09133969 -0.13893512 -0.09704010
v -0.11513487 -0.14206147 -0.08284456
v -0.12233132 -0.11060973 -0.08906588
v -0.13345385 -0.14707397 -0.05764228
v -0.14389627 -0.15206742 -0.02515251
v -0.12610029 -0.15012094 0.03886003
v -0.09943949 -0.14206353 0.05249528
v -0.02512765 -0.09320951 0.02789636
v -0.04850224 -0.09863109 0.04005628
v -0.04314930 -0.12440934 0.03869976
v -0.02017164 -0.11842328 0.02406869
v -0.08367744 0.03422181 0.04177643
v -0.11056305 0.04909037 0.02323989
v -0.11317450 0.02464904 0.02542163
v -0.08915346 0.01075840 0.03843684
v -0.07287043 0.18899132 0.06850719
v -0.08721461 0.19191420 0.05991140
v -0.09688976 0.17196716 0.04879311
v -0.09946539 0.19476001 0.04765350
v -0.11050922 0.19749853 0.03067724
v -0.08902335 0.28668472 0.05381044
v -0.10320403 0.28634492 0.03888037
v -0.10013625 0.26411492 0.04065774
v -0.08625263 0.26388028 0.05532647
v -0.09123005 0.31016651 0.05104541
v -0.10562611 0.30986428 0.03634524
v -0.09246694 0.35826513 0.04228931
v -0.11006912 0.37344182 0.02862780
v -0.10748792 0.35438260 0.02951872
v -0.08490392 0.52256978 0.02342140
v -0.08572322 0.50677085 0.02915379
v -0.16336058 0.04487193 -0.03427450
v 0.00864349 -0.07773438 -0.05466055
v 0.01098341 -0.08217596 -0.02754100
v 0.01043670 -0.10982001 -0.03316721
v 0.00518907 -0.11020299 -0.05957938
v -0.15499923 0.11014801 -0.06162214
v -0.14374559 0.19888155 -0.04890346
v -0.14221977 0.18073736 -0.04603023
v -0.14567359 0.36547941 -0.05334694
v -0.14409834 0.34102947 -0.05382729
v -0.12937585 0.43255061 0.03064062
v -0.12904035 0.42005497 0.03053584
v -0.12830736 -0.07899991 -0.09647170
v -0.11817876 -0.18099856 0.04096072
v -0.10852788 -0.21075368 0.04293997
v -0.08263833 -0.20304525 0.05515756
v -0.09123112 -0.17236529 0.05453079
v -0.00303629 -0.14424577 0.00328760
v -0.01692847 -0.14685851 0.02031525
v -0.01520711 -0.17745239 0.01672207
v -0.00315607 -0.17566976 -0.00087881
v -0.00374168 -0.20662877 -0.00203219
v -0.01306440 -0.20944782 0.01658884
v -0.00820703 -0.24029106 0.01642279
v -0.00138694 -0.23690130 -0.00316911
v -0.14215191 -0.15449256 0.00987024
v -0.12879033 -0.21403722 -0.01315133
v -0.12608206 -0.21539821 0.01796596
v -0.13459134 -0.18581903 0.01356435
v -0.13626416 -0.18368681 -0.01866656
v -0.06542917 -0.13532226 -0.10204194
v -0.00359912 -0.11508095 0.00846159
v -0.00656583 -0.09043697 0.01385354
v 0.00312562 -0.17629021 -0.03976820
v -0.00388404 -0.17899884 -0.06137885
v 0.00071558 -0.14545560 -0.06179472
v 0.00749002 -0.14305772 -0.03744724
v -0.08629029 -0.19793797 -0.08460854
v -0.10510166 -0.20204423 -0.06777626
v -0.11023481 -0.17271940 -0.07499836
v -0.08907936 -0.16900779 -0.09089477
v -0.12595133 -0.17767540 -0.04957608
v -0.11896016 -0.20780389 -0.04239664
v -0.11326244 -0.27148935 -0.00174421
v -0.10681771 -0.27246228 0.02618567
v -0.11690562 -0.24401098 0.02215145
v -0.12124352 -0.24308726 -0.00742451
v -0.10703627 -0.26509836 -0.02949107
v -0.11271054 -0.23643722 -0.03557775
v -0.10039605 -0.23029599 -0.06025079
v -0.09641041 -0.25833556 -0.05282408
v -0.07994147 -0.25178853 -0.06765984
v -0.08354247 -0.22459956 -0.07642563
v -0.06241516 -0.22033948 -0.08414523
v -0.06144257 -0.24673502 -0.07602855
v -0.04100918 -0.21594697 -0.08318047
v -0.02232215 -0.21156183 -0.07342804
v -0.02585768 -0.23891413 -0.06779332
v -0.04248730 -0.24290571 -0.07589895
v -0.00308065 -0.23547226 -0.03901401
v -0.01155850 -0.23660555 -0.05532936
v -0.00806896 -0.20867950 -0.05822606
v -0.00116761 -0.20714930 -0.03965916
v -0.00521305 -0.34244359 -0.04165834
v -0.01783170 -0.34235129 -0.05022962
v -0.01687886 -0.31618294 -0.04959811
v -0.00331483 -0.31591472 -0.04078784
v -0.03057039 -0.34279022 -0.05856978
v -0.04564422 -0.34415585 -0.06228231
v -0.04490368 -0.31941223 -0.06100775
v -0.02992569 -0.31745386 -0.05733716
v -0.07525415 -0.32878485 -0.05016825
v -0.06036098 -0.32317328 -0.05927734
v -0.06103834 -0.34791371 -0.06048257
v -0.07565098 -0.35409203 -0.05153871
v -0.08963706 -0.36194432 -0.03864385
v -0.09147957 -0.33656517 -0.03859196
v -0.09263397 -0.37001109 -0.01710678
v -0.09756444 -0.34468669 -0.01798514
v -0.09199186 -0.35100901 0.00971512
v -0.08822004 -0.37720636 0.01000912
v 0.00446670 -0.32541177 0.00365740
v 0.00710398 -0.35214925 -0.00098002
v 0.01021331 -0.34655213 -0.01677406
v 0.00967295 -0.32004249 -0.01109098
v -0.02316048 -0.33769181 0.03755167
v -0.04099986 -0.34423578 0.05854597
v -0.03490934 -0.37094122 0.04913191
v -0.01905240 -0.36435565 0.02969090
v -0.10241728 -0.29190764 -0.02435346
v -0.10467121 -0.29826126 0.00316465
v -0.07704570 -0.27787960 -0.05951820
v -0.09322650 -0.28488231 -0.04606614
v -0.00338550 -0.26259211 -0.03907599
v -0.01392372 -0.26340953 -0.05283973
v -0.00402007 -0.26978889 0.01447745
v 0.00239412 -0.26560837 -0.00411077
v -0.07368863 -0.32448098 0.05708600
v -0.08005804 -0.29640698 0.05229802
v -0.09706670 -0.29932767 0.03125678
v -0.09165813 -0.32716027 0.03650094
v -0.10054705 -0.31870952 -0.02059042
v -0.09175324 -0.31072018 -0.04157754
v -0.07559017 -0.30357322 -0.05340772
v -0.06005936 -0.29790074 -0.06227327
v -0.04425413 -0.29432929 -0.06344022
v -0.02967003 -0.29159293 -0.05856168
v -0.01591758 -0.28965810 -0.05079241
v -0.00340005 -0.28932688 -0.03951100
v 0.00625700 -0.29314461 -0.00717468
v -0.00005266 -0.29862842 0.00956898
v -0.06083935 -0.37790388 0.05238488
v -0.06766591 -0.35283202 0.05905146
v -0.08788387 -0.35567728 0.03931470
v -0.08151132 -0.38171834 0.03638930
v -0.05356350 -0.39951769 0.03899876
v -0.03274152 -0.39366278 0.03461041
v -0.02964380 -0.36604622 -0.06375965
v -0.04548340 -0.36755791 -0.06659259
v -0.06097370 -0.37215561 -0.06494830
v -0.08781166 -0.38724938 -0.04169479
v -0.08809876 -0.39661241 -0.01755738
v -0.08209687 -0.40330663 0.00882296
v -0.07282697 -0.40274253 0.03005112
v 0.00887588 -0.39822567 -0.02947541
v 0.00818453 -0.37180236 -0.02197725
v 0.00553518 -0.37729111 -0.00753231
v 0.00551452 -0.40362784 -0.01575539
v -0.00219395 -0.39242202 -0.05614114
v -0.01236674 -0.39015540 -0.06811505
v -0.01677761 -0.36641309 -0.05589781
v -0.00606070 -0.36713672 -0.04553639
v -0.02726418 -0.39013427 -0.07570639
v -0.04408536 -0.39278272 -0.07732744
v -0.06095646 -0.39706483 -0.07451094
v -0.08571175 -0.41496819 -0.04648639
v -0.07660364 -0.37816954 -0.05613806
v -0.07691139 -0.40485543 -0.06497073
v -0.08516268 -0.42585739 -0.01838206
v -0.06467398 -0.46169084 -0.00033581
v -0.07112299 -0.43236557 0.00847392
v -0.08204475 -0.45609018 -0.02404031
v -0.01674905 -0.54977024 -0.02254333
v -0.04051264 -0.55300581 -0.02855812
v -0.02780893 -0.58405387 -0.04021706
v -0.00712228 -0.58157867 -0.03519496
v 0.01069773 -0.43054369 -0.02481676
v 0.01609535 -0.42481157 -0.04017540
v 0.00677493 -0.41794392 -0.06960315
v -0.00600736 -0.41572857 -0.08209848
v -0.07984592 -0.47487757 -0.06277519
v -0.08403781 -0.44479024 -0.05283081
v -0.07594793 -0.43414849 -0.07414900
v -0.07148114 -0.46406817 -0.08467040
v 0.03963269 -0.52047193 -0.05169557
v 0.04425029 -0.51519310 -0.06825393
v 0.03754489 -0.48274422 -0.05945402
v 0.03248258 -0.48864502 -0.04178403
v 0.00318826 -0.44396606 -0.09439459
v 0.01688728 -0.44588414 -0.08088470
v 0.02582846 -0.47611904 -0.09109842
v 0.01142733 -0.47498682 -0.10407279
v -0.05917918 -0.53968292 -0.07860539
v -0.07160055 -0.50662225 -0.07146592
v -0.06408428 -0.49640575 -0.09357676
v -0.05284544 -0.53091913 -0.09963568
v -0.05901753 -0.49109238 -0.00856025
v -0.07708841 -0.48575982 -0.03350792
v -0.06827964 -0.51608461 -0.04277705
v -0.05175302 -0.52189487 -0.01865494
v -0.03373569 -0.48690346 -0.00314584
v -0.02635755 -0.51756507 -0.01213997
v 0.04819178 -0.58791685 -0.08405937
v 0.04602537 -0.55073476 -0.07635947
v 0.04242641 -0.55656439 -0.06168162
v 0.04547944 -0.59437072 -0.07185144
v 0.01725859 -0.50947887 -0.11026882
v 0.03203181 -0.50945562 -0.09777527
v 0.03525757 -0.54640830 -0.10274835
v 0.02268109 -0.54645830 -0.11334456
v -0.03031806 -0.61036646 -0.09131318
v -0.04520587 -0.57436895 -0.08523645
v -0.03903580 -0.56701261 -0.10490058
v -0.02360247 -0.60291147 -0.10962311
v -0.01452425 -0.61780560 -0.05278556
v -0.04305432 -0.58134651 -0.06010925
v -0.02853752 -0.61634713 -0.06987818
v -0.00123922 -0.65186644 -0.06160880
v 0.01404775 -0.65014005 -0.05763225
v 0.00362945 -0.61538768 -0.04804220
v 0.04820841 -0.63005114 -0.08140929
v 0.05212840 -0.62446368 -0.09198968
v 0.04727635 -0.61935526 -0.11099887
v 0.03770373 -0.61803472 -0.12002250
v 0.02941134 -0.58291954 -0.11646603
v 0.04022998 -0.58344793 -0.10685244
v 0.00024972 -0.59144670 -0.12473921
v 0.01524212 -0.58578086 -0.12287672
v 0.02488943 -0.62055176 -0.12578571
v 0.01148401 -0.62587333 -0.12674193
v -0.00856944 -0.63585764 -0.11268888
v -0.01322386 -0.59678984 -0.12060390
v 0.00018671 -0.63038671 -0.12260872
v -0.01562916 -0.64260602 -0.09650727
v -0.01421764 -0.64985764 -0.07627364
v 0.00982532 -0.04837361 -0.03308055
v 0.00453543 -0.05377545 -0.01035389
v 0.00755784 -0.06363189 -0.02006886
v 0.00912960 -0.05529081 -0.04541285
v -0.03351782 -0.18461725 0.03689669
v -0.03856574 -0.15309009 0.03752968
v -0.02216819 -0.24655364 0.03670968
v -0.02859415 -0.21660078 0.03732599
v -0.01708299 -0.27635971 0.03343652
v -0.01292013 -0.30463821 0.02743931
v -0.00747069 -0.33205333 0.02028580
v -0.00390206 -0.35888398 0.01380511
v -0.00392996 -0.38462389 0.00661411
v -0.00389063 -0.41159928 -0.00126003
v 0.00720146 -0.46641716 -0.01875433
v 0.02133672 -0.45875382 -0.03370645
v -0.00124588 -0.43878189 -0.01113034
v 0.02540074 -0.52980947 -0.03534162
v 0.01727065 -0.49665585 -0.02599560
v 0.03154083 -0.56564695 -0.04772123
v 0.03577536 -0.60260850 -0.05980582
v 0.03914791 -0.63753563 -0.07005094
v -0.08724373 -0.04973101 0.04629092
v -0.05991684 -0.05257920 0.04225592
v -0.06459275 -0.03629361 0.04371981
v -0.09032536 -0.02825733 0.04417488
v -0.01076254 -0.04272408 0.01654436
v -0.01737098 -0.04228853 0.02648054
v -0.01565762 -0.04280359 0.02109423
v -0.00792305 -0.04256191 0.01118427
v -0.09821980 -0.32409379 0.00744419
v -0.06085762 -0.27268806 -0.06814186
v -0.04386733 -0.26883048 -0.06812275
v -0.02844039 -0.26556575 -0.06210219
v -0.02705355 -0.31144607 0.04724726
v -0.03413351 -0.28372258 0.05058472
v -0.05581591 -0.29015446 0.05932823
v -0.04843452 -0.31778264 0.05989901
v -0.03916945 -0.46061596 0.00565439
v -0.01234167 -0.47683564 -0.01015317
v -0.01834831 -0.44986644 -0.00033391
v -0.04509417 -0.43729261 0.01590147
v -0.04200319 -0.41963288 -0.09133120
v -0.06072903 -0.42508143 -0.08719996
v -0.01635355 -0.44479999 -0.10257323
v -0.03733046 -0.44821769 -0.10553446
v -0.02331503 -0.41622204 -0.08833317
v -0.04917790 -0.22574580 0.05267831
v -0.07367416 -0.23298611 0.05582030
v -0.06442338 -0.26187295 0.05667927
v -0.04135923 -0.25458935 0.05229146
v -0.09732434 0.27765128 -0.11932673
v -0.08031220 0.28352284 -0.12710103
v -0.15026192 0.39300081 -0.02724506
v -0.14727692 0.38129872 -0.03785269
v -0.14209446 0.37377259 -0.02341875
v -0.14520743 0.38605770 -0.01669783
v -0.15161328 0.39228770 -0.04886444
v -0.15443075 0.40299347 -0.03644890
v -0.15740609 0.41557902 -0.04479267
v -0.15417670 0.40573561 -0.05735788
v -0.15962663 0.44780707 -0.08795842
v -0.15655322 0.45300895 -0.09360517
v -0.09233411 0.33399993 0.04733706
v -0.07428937 0.33330378 0.05903824
v -0.07445639 0.35657227 0.05382152
v -0.09214414 0.15113482 0.04778254
v -0.08723021 0.06601672 0.03353849
v -0.06624226 0.03831854 0.05200182
v -0.07064349 0.06468437 0.04491296
v -0.03232317 -0.01915163 0.05835734
v -0.03014234 0.34642744 -0.14211313
v -0.03209434 0.37199137 -0.14666133
v -0.01876758 0.55800617 -0.13479109
v -0.00385479 0.55416411 -0.12473843
v -0.02459683 0.58596933 -0.12740730
v -0.02702378 0.59842801 -0.12271673
v -0.01138880 0.59410590 -0.11276186
v -0.00858712 0.58182889 -0.11728457
v -0.02986332 0.64998662 -0.08339826
v -0.02650715 0.64001888 -0.09136866
v -0.00103826 -0.04115628 -0.00128847
v -0.00423464 -0.04461947 0.00601785
v 0.00280713 -0.04213320 -0.00935267
v -0.03054111 -0.07152482 0.03113811
v -0.01199867 -0.07094041 0.01801330
v -0.01733715 -0.05679797 0.02180610
v -0.03602790 -0.05538021 0.03393138
v -0.15983745 -0.04972382 -0.03318926
v -0.15475580 -0.04437204 -0.06910259
v -0.03612411 -0.07617821 -0.11604248
v -0.11088478 0.34746784 -0.18100211
v -0.11272209 0.34794325 -0.19233671
v -0.10935573 0.36955780 -0.18467815
v -0.10814620 0.36917618 -0.17264144
v -0.03008658 0.45253131 -0.15747485
v -0.03905460 0.42465720 -0.15696071
v -0.11243083 0.61565554 -0.05981522
v -0.18946290 0.58855128 -0.11245894
v -0.19535416 0.57347691 -0.09113739
v -0.18406980 0.58159220 -0.08636924
v -0.17751780 0.59836841 -0.10663030
v -0.12304661 0.56400013 -0.16722564
v -0.13720304 0.57581651 -0.15928920
v -0.12280682 0.58397859 -0.15821382
v -0.10822266 0.56992537 -0.16563831
v 0.02180431 0.07146236 -0.14405319
v -0.00356397 0.07025590 -0.15602587
v -0.00988066 0.27443740 -0.12474369
v -0.02760216 0.27140644 -0.13068759
v -0.02673054 0.29589525 -0.13426100
v -0.00927281 0.29998940 -0.12770797
v -0.05798552 0.43818384 -0.16582501
v -0.07427540 0.42037570 -0.16397831
v -0.08852467 0.43614084 0.05001315
v -0.08773922 0.45713294 0.04634051
v -0.10307791 0.45999229 0.03948884
v -0.10365391 0.44127771 0.04348040
v -0.12119880 0.40338027 -0.19555044
v -0.11384867 0.41997573 -0.18443994
v -0.10893732 0.41340452 -0.17776310
v -0.11201526 0.39453048 -0.18798792
v -0.13132307 -0.03977532 -0.10451733
v -0.09916572 -0.05513405 -0.12248455
v -0.11899696 0.31190592 -0.11285118
v -0.10288343 0.31848341 -0.12649296
v -0.09928803 0.29792851 -0.12314990
v -0.11582228 0.29165035 -0.11053966
v -0.13072394 0.36403492 -0.12219471
v -0.12683609 0.34799334 -0.11900332
v -0.13413353 0.37933791 -0.12420329
v -0.13046063 0.46417549 -0.15122093
v -0.13414925 0.45945156 -0.14365314
v -0.13019952 0.46149918 -0.14715308
v -0.05432484 -0.07307997 0.04139893
v -0.06827128 -0.00803655 0.04633562
v -0.06385658 0.00547366 0.05250241
v -0.00467161 -0.04060980 0.00519829
v -0.09068481 0.64355177 -0.03507632
v -0.08981946 0.63906002 -0.01850612
v -0.12559114 0.43876821 -0.13600513
v -0.11752699 0.42488351 -0.14124063
v -0.14452827 0.43568602 -0.12793495
v -0.14918420 0.43731213 -0.11454867
v -0.14595053 0.44329596 -0.11826649
v -0.14071134 0.44323388 -0.13194184
v -0.13527593 0.44628391 -0.14219777
v -0.13829179 0.43749192 -0.13955995
v -0.17228147 0.49845135 -0.04394569
v -0.16504571 0.50585520 -0.03563835
v -0.16597991 0.52180994 -0.04562191
v -0.17303111 0.51412231 -0.05332820
v -0.15575565 0.51208484 -0.02584336
v -0.14480062 0.51734900 -0.01534175
v -0.14560676 0.53389013 -0.02602725
v -0.15673107 0.52823359 -0.03654024
v -0.11733939 0.59693652 -0.04201413
v -0.10526239 0.59135425 -0.02029135
v -0.08887388 0.58771515 -0.00289028
v -0.07492846 0.58544070 0.00976238
v -0.02249294 0.62857193 -0.09795641
v -0.01894256 0.61545569 -0.10286492
v -0.03603569 0.61801654 -0.11291227
v -0.04340609 0.63030350 -0.10742544
v -0.08591861 0.62318015 -0.01073744
v -0.07629087 0.62072569 0.00402813
v -0.06791803 0.60723299 0.01038969
v -0.18527271 0.35930201 -0.16876535
v -0.18445638 0.38159445 -0.16263901
v -0.08474277 0.65855151 -0.06425311
v -0.08996759 0.65132141 -0.05008073
v -0.18261129 0.38372487 -0.17991999
v -0.18260926 0.36131096 -0.18544215
v -0.16613992 0.56732929 -0.06375311
v -0.17066610 0.58817691 -0.08076717
v -0.18006694 0.56200266 -0.07005496
v -0.08413196 0.63523990 -0.00218237
v -0.07535785 0.63208485 0.01196422
v -0.15736504 -0.01081352 -0.06661012
v -0.16084377 -0.01765168 -0.03404883
v -0.13780402 0.25648341 -0.05421607
v -0.13426118 0.26123020 -0.07358648
v -0.07219824 0.28636208 0.06566528
v -0.06995693 0.26337767 0.06691615
v -0.05468983 0.63948232 0.03324558
v -0.08584246 0.21644923 0.05851428
v -0.06851003 0.21298178 0.06789964
v -0.06856432 0.23916346 0.06712156
v -0.08496040 0.24080732 0.05655422
v -0.06068865 0.18731274 0.07240882
v -0.05854215 0.17590430 0.07433607
v -0.05049196 0.02297513 0.06243609
v -0.04422008 0.02476293 0.06858316
v -0.17781612 0.43721640 -0.11850503
v -0.18171974 0.45539448 -0.11442329
v -0.19201253 0.46341592 -0.12666790
v -0.18717201 0.44368121 -0.13142240
v -0.09859484 0.21899608 0.04472563
v -0.10943726 0.22061828 0.02745461
v -0.16662598 0.44986024 -0.06992396
v -0.15949669 0.44261897 -0.08281492
v -0.07427882 0.38069072 0.05215709
v -0.11720980 0.44533467 0.03627255
v -0.11673328 0.46124932 0.03190045
v -0.12898444 0.46118152 0.02328096
v -0.12915318 0.44677779 0.02801438
v -0.00097707 -0.03915279 -0.00157453
v -0.15157321 0.46795136 -0.19442593
v -0.14984471 0.48040503 -0.19369394
v -0.14213958 0.47534168 -0.19321162
v -0.14436127 0.46310079 -0.19433536
v 0.00128602 -0.06924891 0.00187832
v 0.00454007 -0.08678395 -0.00472326
v 0.00968172 -0.04579917 -0.07055653
v 0.01433140 -0.04251182 -0.05098148
v -0.06983917 -0.13307573 0.05080441
v -0.07628819 -0.10356385 0.05017098
v -0.06346466 -0.16324887 0.05221267
v -0.05652886 -0.19509169 0.05231316
v -0.01851822 -0.39055997 0.01940832
v -0.02239007 -0.42091784 0.01253569
v -0.00446876 -0.50745845 -0.01919999
v 0.00410198 -0.53966200 -0.03000744
v 0.01226948 -0.57461476 -0.04121183
v 0.02042318 -0.61016709 -0.05366700
v 0.02782719 -0.64513201 -0.06173643
v -0.17450957 0.36105916 -0.19921368
v -0.17517523 0.38507101 -0.19508550
v -0.16296317 0.38241076 -0.20412120
v -0.16345748 0.35853070 -0.20873669
v -0.11771023 0.38954571 -0.14554767
v -0.12720057 0.39078906 -0.13685128
v -0.12641269 0.37072781 -0.14459816
v -0.11806428 0.37010428 -0.15333357
v -0.11781619 0.34913200 -0.16074331
v -0.11271219 0.34798217 -0.17045717
v -0.11168744 0.36957544 -0.16197263
v -0.11873005 0.35029167 -0.20270492
v -0.12782279 0.35285857 -0.21078934
v -0.12505497 0.37657765 -0.20430090
v -0.11550999 0.37180889 -0.19600312
v -0.15130602 0.35624576 -0.21442819
v -0.15025681 0.37948367 -0.20887895
v -0.13759927 0.37781253 -0.20949382
v -0.13893932 0.35441369 -0.21519041
v -0.14579317 0.35082787 -0.13588011
v -0.13440607 0.35038105 -0.14285938
v -0.13589597 0.37189788 -0.13549714
v -0.14737809 0.37217048 -0.12901531
v -0.19892585 0.46960935 -0.14361106
v -0.19219694 0.44902316 -0.14770536
v -0.16074850 0.46893510 -0.09063341
v -0.17038907 0.47521526 -0.08707113
v -0.16611262 0.46858016 -0.09237757
v -0.15706576 0.46727979 -0.09551378
v -0.18079379 0.40210721 -0.14007860
v -0.18315759 0.42345953 -0.13540359
v -0.18698947 0.42696679 -0.15202996
v -0.18416639 0.40436658 -0.15710105
v -0.14807242 0.39259279 -0.12193649
v -0.13688613 0.39162904 -0.12811834
v -0.13848089 0.41210547 -0.11938683
v -0.14947392 0.41316381 -0.11370146
v -0.10671461 0.39079332 -0.17601156
v -0.10552590 0.40992689 -0.16689785
v -0.16888380 0.44841799 -0.10560454
v -0.16524123 0.43198058 -0.11082931
v -0.16432168 0.44358188 -0.06487439
v -0.15045354 0.42475966 -0.10760957
v -0.15025865 0.43142208 -0.11134330
v -0.15007541 0.39896128 -0.01127735
v -0.15435149 0.41243878 -0.00883765
v -0.15079731 0.39807463 -0.07326033
v -0.15184085 0.41062012 -0.08112969
v -0.15392134 0.40465343 -0.01951150
v -0.15597755 0.41345745 -0.01519754
v -0.11801319 0.33179864 0.01782695
v -0.06971438 0.59618884 0.00779522
v -0.17455287 0.41856354 -0.12294735
v -0.16230014 0.41545409 -0.11495024
v -0.11219671 0.43448097 -0.17591333
v -0.11285969 0.44599274 -0.16939817
v -0.11233313 0.44332436 -0.16200781
v -0.10921441 0.43049884 -0.16857465
v -0.08649649 0.45685753 -0.17205924
v -0.07304671 0.44802284 -0.17012882
v -0.08605342 0.43289658 -0.16556326
v -0.09720850 0.44288847 -0.16653426
v -0.16625237 0.46909505 -0.19155861
v -0.17477353 0.46502557 -0.18740658
v -0.17740473 0.48339987 -0.18514322
v -0.16685045 0.48416162 -0.19013017
v -0.18855219 0.48086315 -0.17658359
v -0.18420641 0.45993087 -0.17954977
v -0.19085772 0.45381323 -0.16586718
v -0.19706011 0.47561601 -0.16247763
v -0.12975729 0.03401909 -0.10834361
v -0.14791949 0.02922864 -0.08675863
v -0.13735104 0.17282023 -0.02556635
v -0.12866919 0.16585866 -0.00569110
v -0.10928144 0.07365238 0.01925271
v -0.04381983 -0.03495277 0.03998465
v -0.02392509 -0.04338053 0.02747912
v 0.00615978 -0.11220456 -0.01064348
v -0.16040216 0.02228050 -0.06310293
v 0.00466999 -0.14291739 -0.01556786
v 0.00232838 -0.17492032 -0.01901195
v -0.01932206 -0.18329287 -0.07855429
v -0.03997916 -0.18830524 -0.08908504
v -0.03904660 -0.15799710 -0.09393363
v -0.01589652 -0.15120277 -0.08210936
v -0.06337250 -0.19346465 -0.09119836
v -0.06450973 -0.16448109 -0.09684327
v -0.08864866 -0.26810977 0.04776605
v -0.00811870 -0.47676831 -0.11278778
v -0.02019732 -0.51654565 -0.11977516
v -0.02942840 -0.48037532 -0.11527374
v -0.00071194 -0.51209569 -0.11791696
v -0.04924737 -0.48719153 -0.10873481
v -0.05676928 -0.45458686 -0.09918980
v -0.05678298 -0.54801136 -0.05095397
v 0.00656564 -0.54892457 -0.12031190
v -0.01057184 -0.55385476 -0.12166406
v -0.03888188 -0.52248871 -0.11339423
v -0.02677653 -0.55980384 -0.11683080
v -0.00387785 -0.05703333 0.00822912
v -0.15505442 -0.05122376 0.00012467
v -0.15588798 -0.02050225 -0.00134997
v -0.11572666 0.00116991 0.03211116
v -0.09121608 -0.00860098 0.04121428
v -0.11943840 0.24365547 0.00567090
v -0.12950674 0.24645668 -0.01315542
v -0.12996486 0.29008466 -0.01522097
v -0.13629591 0.29323706 -0.03425002
v -0.13589020 0.27193430 -0.03417585
v -0.12963568 0.26796532 -0.01440577
v -0.13836670 0.30128139 -0.07470123
v -0.13150091 0.30622384 -0.09563675
v -0.12856445 0.28564680 -0.09364467
v -0.13574606 0.28075400 -0.07406128
v -0.12671387 0.26653576 -0.09148232
v -0.11370886 0.27195764 -0.10729271
v -0.04689551 0.31547555 -0.14033672
v -0.06513485 0.31014636 -0.13794999
v -0.06787955 0.33293161 -0.14219430
v -0.04948263 0.33992529 -0.14408806
v -0.05685097 0.01768883 0.05746619
v -0.01191001 -0.04558235 0.01704487
v -0.08238236 -0.07482755 0.04859591
v -0.11430801 -0.04993936 0.04284725
v -0.13919769 -0.05240677 0.02671666
v -0.13262963 0.44023395 -0.12624831
v -0.10844737 0.47111896 -0.17278197
v -0.11382998 0.45944518 -0.16765474
v -0.17923388 0.43847519 -0.18355505
v -0.18595085 0.43186498 -0.16962151
v -0.15221608 0.43035728 -0.10610136
v -0.19685204 0.48041642 -0.12254100
v -0.18506528 0.47213522 -0.11029510
v -0.18957718 0.48654705 -0.10521758
v -0.13251771 0.05712918 0.00502017
v -0.15401039 0.03772901 -0.00908116
v -0.13609555 0.03224954 0.01048855
v 0.01156881 -0.04090073 -0.03442841
v -0.06764164 -0.02246435 0.04515040
v 0.00032544 -0.20610966 -0.02032479
v 0.00065524 -0.23558500 -0.02101590
v 0.00223945 -0.26340273 -0.02236638
v 0.00421921 -0.29036188 -0.02436250
v 0.00627279 -0.31706321 -0.02724379
v 0.00510585 -0.34334317 -0.03081919
v 0.00341005 -0.36853486 -0.03518792
v 0.00516629 -0.39469212 -0.04334245
v 0.02682235 -0.45272359 -0.04986205
v 0.02474697 -0.44860405 -0.06615694
v 0.01398545 -0.42057791 -0.05531354
v 0.03451018 -0.47887602 -0.07617901
v 0.04160685 -0.51191926 -0.08450891
v 0.04290845 -0.54779285 -0.09038528
v 0.04580588 -0.58466136 -0.09582061
v 0.05140631 -0.62089753 -0.10155621
v 0.00280379 -0.03848920 -0.01139507
v 0.00696614 -0.03900357 -0.02193468
v -0.14944991 0.57113612 -0.05661686
v -0.15323439 0.44229612 -0.10112628
v -0.15097770 0.44771194 -0.10494775
v -0.15588111 0.44504470 -0.10064872
v -0.14826435 0.40090474 -0.20384905
v -0.16043575 0.40527129 -0.20104417
v -0.14136124 0.43008640 -0.11117454
v -0.15345390 0.46400926 -0.09868112
v -0.15207238 0.46810547 -0.10367473
v -0.23756690 0.21146901 -0.16610919
v -0.23550805 0.20683455 -0.17879549
v -0.24352685 0.19107448 -0.16867103
v -0.24454500 0.19561554 -0.15663201
v -0.23331325 0.21364293 -0.15324764
v -0.23949535 0.19740662 -0.14515129
v -0.18101682 0.18728472 -0.14268918
v -0.19024977 0.19679490 -0.13776504
v -0.19992930 0.17943345 -0.13358684
v -0.19181229 0.17019129 -0.13923803
v -0.23743683 0.18030789 -0.12966719
v -0.22790484 0.17665035 -0.12663494
v -0.22028565 0.19327931 -0.13214967
v -0.23080605 0.19645683 -0.13676003
v -0.17574957 0.17265965 -0.16671979
v -0.17985111 0.17145889 -0.17911874
v -0.16691989 0.18658820 -0.18361366
v -0.16357517 0.18840736 -0.17012148
v -0.14708799 0.25984082 -0.15859847
v -0.13758284 0.25113177 -0.16387792
v -0.13293691 0.26548159 -0.16498038
v -0.14301039 0.27360517 -0.15934309
v -0.22175609 0.24434246 -0.18262647
v -0.21709538 0.23998380 -0.19598709
v -0.22684751 0.22335483 -0.18765919
v -0.23017223 0.22793709 -0.17453948
v -0.19842951 0.24632120 -0.14940138
v -0.18485469 0.24035977 -0.14733034
v -0.17701602 0.25833374 -0.15350862
v -0.19063702 0.26392260 -0.15567961
v -0.21263377 0.26161906 -0.19102480
v -0.20574293 0.25659907 -0.20316626
v -0.21317965 0.21045756 -0.13756327
v -0.20099871 0.20468849 -0.13632326
v -0.19299003 0.22242522 -0.14140178
v -0.20608430 0.22795449 -0.14332354
v -0.20085625 0.14384241 -0.15658970
v -0.20538841 0.14322037 -0.16717923
v -0.19281943 0.15712507 -0.17355561
v -0.18829727 0.15777574 -0.16218953
v -0.21858354 0.17070420 -0.12675972
v -0.20998053 0.16294463 -0.12931418
v -0.20971830 0.18743967 -0.13186026
v -0.24139710 0.16345397 -0.17564078
v -0.24774571 0.16992329 -0.16829795
v -0.23899834 0.18564400 -0.17897698
v -0.23117997 0.17862491 -0.18614803
v -0.16144870 0.22397652 -0.15048981
v -0.17193575 0.23276824 -0.14737256
v -0.18082415 0.21482132 -0.14208627
v -0.17093983 0.20538230 -0.14634636
v -0.21925439 0.24840315 -0.16786698
v -0.22655550 0.23085776 -0.16077361
v -0.22048040 0.19328283 -0.19611086
v -0.22961630 0.20144001 -0.18894514
v -0.21908799 0.21739744 -0.19777289
v -0.20890106 0.20946077 -0.20484564
v -0.18303567 0.21549912 -0.21383679
v -0.17077708 0.20862482 -0.20879218
v -0.18456432 0.19410512 -0.20292734
v -0.19659419 0.20080172 -0.20684586
v -0.15318573 0.24266824 -0.15532297
v -0.14461267 0.23320638 -0.16171753
v -0.15241075 0.20583823 -0.17272772
v -0.15422334 0.20270813 -0.18707772
v -0.14211378 0.22001177 -0.18955640
v -0.14078102 0.22410832 -0.17413124
v -0.19381668 0.29484349 -0.17462543
v -0.19939102 0.29235369 -0.19025283
v -0.20500804 0.28008813 -0.18397443
v -0.19778548 0.28151822 -0.16988440
v -0.20312579 0.27707937 -0.19869690
v -0.19493783 0.28999519 -0.20496729
v -0.17217496 0.30298460 -0.22001541
v -0.15943666 0.29896754 -0.22338985
v -0.16418286 0.28969064 -0.22221814
v -0.17747711 0.29392084 -0.21796364
v -0.15453467 0.24350351 -0.22693479
v -0.14134313 0.23967853 -0.21898878
v -0.15630849 0.22381417 -0.21410190
v -0.16902143 0.22920403 -0.22097149
v -0.12167712 0.25241017 -0.20646837
v -0.12133644 0.25206250 -0.19048764
v -0.13040486 0.23689923 -0.19078626
v -0.13369833 0.23722282 -0.20589906
v -0.11350799 0.31017813 -0.18581149
v -0.11634231 0.31058586 -0.17523430
v -0.11569855 0.29504186 -0.18002069
v -0.11337137 0.29380518 -0.19184919
v -0.13104539 0.30134439 -0.16017374
v -0.13178875 0.31438723 -0.15588042
v -0.14313561 0.31555384 -0.15029766
v -0.14264303 0.30403128 -0.15524976
v -0.18690504 0.32290769 -0.18198007
v -0.18489712 0.32456395 -0.19900408
v -0.18840133 0.31665662 -0.20026934
v -0.18872207 0.31594014 -0.18379787
v -0.14181668 0.25729203 -0.23079136
v -0.12632348 0.25568604 -0.22267379
v -0.13057727 0.29003751 -0.16258799
v -0.14186577 0.29467565 -0.15754527
v -0.14119297 0.28488004 -0.15924193
v -0.13029790 0.27873510 -0.16436331
v -0.16636582 0.30379772 -0.16390820
v -0.17903271 0.30743134 -0.17021747
v -0.17953064 0.30073380 -0.16783684
v -0.16576180 0.29551524 -0.16308191
v -0.19006631 0.31055927 -0.18205144
v -0.19197634 0.30999267 -0.19872594
v -0.19502009 0.30344412 -0.19416262
v -0.19133554 0.30386004 -0.17796262
v -0.13424528 0.26774821 -0.23212728
v -0.14713190 0.27307767 -0.23280346
v -0.14016567 0.28170031 -0.23114364
v -0.12846740 0.27726695 -0.22946019
v -0.11497237 0.26637796 -0.20306061
v -0.11635859 0.26661992 -0.18859713
v -0.16670075 0.28522047 -0.16199814
v -0.15445969 0.27979326 -0.15853955
v -0.15345421 0.29027060 -0.15832855
v -0.18913949 0.29999909 -0.20899734
v -0.11357044 0.30989534 -0.19614992
v -0.11543393 0.31082469 -0.20579946
v -0.11469030 0.32699695 -0.19968621
v -0.11267062 0.32605699 -0.18969302
v -0.11324503 0.32602152 -0.17952642
v -0.11718550 0.32693046 -0.16936618
v -0.13302663 0.32995623 -0.15018058
v -0.14433503 0.33084288 -0.14382839
v -0.15741558 0.33198333 -0.14274381
v -0.17043236 0.33349097 -0.14779647
v -0.16842844 0.31922281 -0.15560752
v -0.15600246 0.31738189 -0.15010707
v -0.18538529 0.33880258 -0.17535862
v -0.18278569 0.34059677 -0.19212691
v -0.17566949 0.32360515 -0.21038309
v -0.17424226 0.33912435 -0.20486596
v -0.12094878 0.28489110 -0.17173985
v -0.12149247 0.29784951 -0.16892844
v -0.20934157 0.18584068 -0.19922964
v -0.19767448 0.17909315 -0.19618776
v -0.21039823 0.16477379 -0.18820076
v -0.22115394 0.17167000 -0.18975320
v -0.21294610 0.14593501 -0.17484406
v -0.20053478 0.15978189 -0.18256171
v -0.22460055 0.21354617 -0.14327879
v -0.21773143 0.23062822 -0.15011916
v -0.24601743 0.18175165 -0.13664289
v -0.18070729 0.29085913 -0.16566689
v -0.18435632 0.27958959 -0.16190310
v -0.14728044 0.29471853 -0.22789434
v -0.15569165 0.30808884 -0.22371598
v -0.14400512 0.30451593 -0.22650470
v -0.15715568 0.26430979 -0.23148768
v -0.16985299 0.25286120 -0.22651990
v -0.18188639 0.26387990 -0.21757402
v -0.16884166 0.27655715 -0.22375140
v -0.12526378 0.28671318 -0.22424068
v -0.13574405 0.29048607 -0.22797085
v -0.13312361 0.30130276 -0.22450353
v -0.12343529 0.29840288 -0.21924604
v -0.17973395 0.32022220 -0.16629887
v -0.17916870 0.31281224 -0.17003989
v -0.15172438 0.33447713 -0.21916661
v -0.15321569 0.31956872 -0.22182298
v -0.16434179 0.32145840 -0.21718162
v -0.16295080 0.33606520 -0.21359402
v -0.16753007 0.31136772 -0.21954572
v -0.14013484 0.33345816 -0.22009531
v -0.14196989 0.31749746 -0.22384630
v -0.18094204 0.33601186 -0.15918179
v -0.12174038 0.31312317 -0.21456334
v -0.13120033 0.31526116 -0.22085035
v -0.12955067 0.33161986 -0.21638750
v -0.12043796 0.32947725 -0.20867103
v -0.18766822 0.17430584 -0.18903337
v -0.17452367 0.18919049 -0.19460523
v -0.12480740 0.25670508 -0.17554297
v -0.13073331 0.24153855 -0.17503449
v -0.12144486 0.27127761 -0.17445011
v -0.17578994 0.17802159 -0.15310830
v -0.18770862 0.16221493 -0.14976437
v -0.15408306 0.21378361 -0.15864150
v -0.16453844 0.19538841 -0.15599968
v -0.19653539 0.22417758 -0.21231999
v -0.11373611 0.28059629 -0.20882128
v -0.11346480 0.27943495 -0.19745129
v -0.11609804 0.26813671 -0.21610598
v -0.12407006 0.32884246 -0.15886819
v -0.12251026 0.31249422 -0.16483717
v -0.12481620 0.26513648 -0.22831587
v -0.12457276 0.35008475 -0.15130261
v -0.18343778 0.28469345 -0.21453488
v -0.18432336 0.30722490 -0.21238439
v -0.17955332 0.31459171 -0.21274486
v -0.25171426 0.17586617 -0.15802452
v -0.21048342 0.24838984 -0.15633887
v -0.17018375 0.27384973 -0.15925743
v -0.15787014 0.26744202 -0.15750481
v -0.11731329 0.28293237 -0.21807025
v -0.11606680 0.29573354 -0.21184641
v -0.11371376 0.29426372 -0.20233080
v -0.16729774 0.30971012 -0.16128734
v -0.15531473 0.30666146 -0.15528926
v -0.20010091 0.14775775 -0.14536381
v -0.15462735 0.29859179 -0.15791979
v -0.19416744 0.27021405 -0.20973131
v -0.00593874 0.56861681 -0.12137727
v -0.14878148 0.38285083 -0.06513722
v -0.13460490 0.35380805 -0.01350334
v -0.14112338 0.35803452 -0.03047986
v -0.15429780 0.42945662 -0.09232927
v -0.15444347 0.43651497 -0.09696816
v -0.14909935 0.45705411 -0.10844467
v -0.14698720 0.46540743 -0.11385893
v -0.15519439 0.41715249 -0.06564767
v -0.11959732 0.80549234 -0.00374265
v -0.11711115 0.79945368 -0.00771389
v -0.12293294 0.81842172 -0.00017994
v -0.05917612 0.20074195 0.07048808
v -0.11792211 0.79041386 0.00232344
v -0.11499140 0.78213906 -0.00144527
v -0.12057064 0.78546703 0.00053105
v -0.11754997 0.79129761 0.00440273
v -0.11779897 0.79233032 0.00525876
v -0.12484571 0.81788152 0.01027217
v -0.11465129 0.79096758 -0.01037024
v -0.11240534 0.78109097 -0.01109592
v -0.12240010 0.80393767 0.01209936
v -0.01268196 0.19500403 -0.12168417
v 0.00675145 0.19351430 -0.11418837
v 0.00821418 0.17453060 -0.11861433
v -0.01309956 0.17542598 -0.12471604
v 0.01033478 0.15680100 -0.12332679
v -0.09569268 0.11959246 -0.13888825
v -0.11728527 0.12281815 -0.12503825
v -0.11475700 0.14560708 -0.12268390
v -0.09477723 0.14283749 -0.13565615
v -0.12746790 0.16352670 -0.10374074
v -0.11073705 0.16469459 -0.11945426
v -0.13211711 0.14613596 -0.10495622
v -0.14396127 0.14192131 -0.08377852
v -0.13894813 0.16026744 -0.08376371
v -0.14999819 0.13363165 -0.06187611
v -0.14450796 0.15326180 -0.06255189
v -0.15006006 0.12399498 -0.04060743
v -0.14313692 0.11475989 -0.01975517
v -0.13004179 0.08375327 0.00291259
v -0.10950886 0.09915221 0.01727340
v -0.12820752 0.10651816 0.00007269
v -0.07477728 0.09069930 0.04343452
v -0.09099139 0.09357271 0.03203547
v -0.04964445 0.08936517 0.06220102
v -0.06131854 0.08947577 0.05370159
v -0.14622116 0.55253273 -0.04038971
v -0.09971495 0.62844706 -0.11401033
v -0.10855831 0.62207061 -0.12125111
v -0.12901430 0.62175733 -0.10857462
v -0.09071463 0.57354391 -0.16345027
v -0.10441921 0.58907104 -0.15600723
v -0.08053089 0.58891904 -0.15396848
v -0.07032585 0.57313567 -0.15834789
v -0.08167012 0.62505335 -0.12054460
v -0.07751867 0.62936437 -0.11554105
v -0.08613755 0.61991602 -0.12771490
v -0.04742484 0.61215168 -0.12550162
v -0.06493984 0.61702770 -0.12910700
v -0.17273660 0.59274733 -0.13257784
v -0.15383466 0.58716941 -0.14855559
v -0.16462633 0.57723439 -0.15086913
v -0.18451333 0.58204770 -0.13728197
v -0.11103367 0.55171186 -0.17284618
v -0.10170634 0.53840613 -0.17610981
v -0.11272625 0.53464359 -0.17886767
v -0.12222778 0.54643929 -0.17509075
v -0.20318864 0.53498411 -0.15108548
v -0.18868187 0.53808641 -0.16496351
v -0.19137964 0.51983523 -0.16995011
v -0.20334187 0.51530308 -0.15574533
v -0.13408034 0.55725318 -0.16881014
v -0.04591456 0.45791942 -0.16724962
v -0.06156355 0.46476686 -0.17368996
v -0.07635566 0.47143441 -0.17506076
v -0.10412639 0.48371112 -0.17664036
v -0.09783968 0.48046181 -0.17585021
v -0.10322972 0.46587795 -0.17238614
v -0.10996869 0.48621705 -0.17837729
v -0.11686540 0.48607448 -0.17836742
v -0.17723826 0.47714251 -0.09631241
v -0.18072410 0.48653454 -0.08936731
v -0.19345872 0.50003809 -0.09933216
v -0.12377337 0.47529700 -0.17484917
v -0.12249194 0.48143440 -0.17431310
v -0.12288354 0.47683448 -0.17009541
v -0.12329642 0.47202012 -0.17069945
v -0.15996385 0.60206228 -0.12776609
v -0.17764407 0.51870859 -0.17875591
v -0.17353429 0.53470993 -0.17327644
v -0.16007753 0.52749938 -0.17975622
v -0.16456190 0.51358777 -0.18453339
v -0.15366358 0.50991231 -0.18837537
v -0.14825438 0.52190000 -0.18484290
v -0.13857846 0.51558667 -0.18714313
v -0.14424549 0.50530934 -0.18988767
v -0.12476175 0.47936434 -0.17910744
v -0.12245511 0.48651475 -0.17823228
v -0.20430189 0.48779303 -0.14004552
v -0.20677648 0.56268358 -0.12136173
v -0.20747596 0.54754996 -0.10036162
v -0.20338826 0.56213629 -0.09492148
v -0.19972651 0.57716966 -0.11661009
v -0.13453375 0.45170057 -0.13127622
v -0.14174837 0.45367309 -0.11944118
v -0.12736447 0.45038375 -0.14086622
v -0.12754692 0.46830201 -0.15882692
v -0.12180138 0.45082074 -0.14973128
v -0.16034697 0.45793250 -0.09669106
v -0.17346375 0.46408471 -0.10126321
v -0.19677690 0.52830195 -0.08642034
v -0.19458760 0.54193205 -0.08031192
v -0.20149720 0.49515241 -0.15907134
v -0.19119170 0.49996126 -0.17372048
v -0.12186609 0.46533012 -0.17782299
v -0.11959843 0.46186951 -0.17368269
v -0.11806267 0.45333016 -0.17832352
v -0.12211794 0.46386755 -0.16297866
v -0.12363304 0.47248834 -0.16500019
v -0.19351888 0.56937867 -0.14179188
v -0.17808677 0.50107390 -0.18266001
v -0.16573942 0.49888125 -0.18796273
v -0.14122862 0.53188860 -0.18133083
v -0.15298927 0.53954023 -0.17550531
v -0.14425743 0.54934061 -0.17204614
v -0.13229129 0.53993398 -0.17812315
v -0.14673427 0.49351746 -0.19318204
v -0.13968654 0.48745579 -0.19183366
v -0.12275308 0.52965474 -0.18124229
v -0.13147634 0.52353746 -0.18393373
v -0.12448020 0.46990415 -0.18213466
v -0.18935324 0.55350846 -0.07537864
v -0.17853743 0.53261989 -0.06507595
v -0.17019914 0.54088396 -0.05832488
v -0.18417166 0.50946915 -0.07748908
v -0.18216728 0.52221984 -0.07138634
v -0.18340516 0.49633947 -0.08314886
v -0.15917662 0.54620457 -0.04985266
v -0.11972874 0.27239913 -0.22431086
v -0.11514384 0.44929343 -0.17456207
v -0.11615404 0.43959188 -0.18031254
v -0.11941101 0.44476402 -0.18312946
v -0.13528186 0.40085018 -0.20218420
v -0.05593798 0.70217597 0.10783688
v -0.05597762 0.70721638 0.11201771
v -0.05668539 0.72663188 0.11945661
v -0.05677876 0.73043644 0.11995340
v -0.15198112 0.28597480 -0.22889890
v -0.15603659 0.27863345 -0.22963864
v -0.18308255 0.23925593 -0.21938069
v -0.20738569 0.23367868 -0.20516410
v -0.19479814 0.24918315 -0.21167940
v -0.21193452 0.26582354 -0.17550603
v -0.20338018 0.26677698 -0.16301303
v -0.16405167 0.25069243 -0.15318681
v -0.14729048 0.22080381 -0.20292461
v -0.26733759 0.15194651 -0.12575762
v -0.26871797 0.14706263 -0.13639639
v -0.27822429 0.13309021 -0.12579763
v -0.27504563 0.13735658 -0.11561661
v -0.28373575 0.12399673 -0.10513155
v -0.27570397 0.12336458 -0.09864447
v -0.26812109 0.13729325 -0.10817789
v -0.26692441 0.11916010 -0.09781304
v -0.25958267 0.13371424 -0.10604499
v -0.25882941 0.11393215 -0.10002466
v -0.25298366 0.10814152 -0.10284857
v -0.24499220 0.12297292 -0.10940164
v -0.25154844 0.12890835 -0.10692684
v -0.23014387 0.13176139 -0.11914434
v -0.23985919 0.11632664 -0.11355317
v -0.23651859 0.11015091 -0.12033743
v -0.22543010 0.12484558 -0.12556770
v -0.24793798 0.08876793 -0.12954542
v -0.25280377 0.08896045 -0.13576959
v -0.24208738 0.10216267 -0.14422470
v -0.23664978 0.10187379 -0.13738011
v -0.24631765 0.12199526 -0.16086458
v -0.23758067 0.11819307 -0.15798637
v -0.24959537 0.10451703 -0.14916998
v -0.25808787 0.10809603 -0.15254433
v -0.26892000 0.09439624 -0.14616635
v -0.27686667 0.10013973 -0.14270698
v -0.26560703 0.11310765 -0.15090750
v -0.25146541 0.18014880 -0.14701124
v -0.25911000 0.16568168 -0.13642618
v -0.25303885 0.16672626 -0.12720202
v -0.24382719 0.14464921 -0.11353979
v -0.23586316 0.16065094 -0.12021802
v -0.24478951 0.16501057 -0.12191118
v -0.25206318 0.14931008 -0.11406337
v -0.20306928 0.15434772 -0.13525146
v -0.22030820 0.14737003 -0.12455095
v -0.21449852 0.13959792 -0.13085409
v -0.23651952 0.13864082 -0.11541414
v -0.22777997 0.15467089 -0.12132748
v -0.22342089 0.11910742 -0.13504376
v -0.23536973 0.10516177 -0.12894508
v -0.26591605 0.14061329 -0.14615513
v -0.26119560 0.13409714 -0.15424170
v -0.27140075 0.11917082 -0.14412476
v -0.27595386 0.12616932 -0.13583493
v -0.21216881 0.13359891 -0.14024131
v -0.25145453 0.14861585 -0.16499263
v -0.25679666 0.15520370 -0.15713689
v -0.25461707 0.12786430 -0.15974781
v -0.24373622 0.14201863 -0.16937795
v -0.28602594 0.11318975 -0.12623595
v -0.28759459 0.11992547 -0.11565112
v -0.26004386 0.16155538 -0.14710292
v -0.22470661 0.11580905 -0.14440550
v -0.22983591 0.11569204 -0.15253069
v -0.21763808 0.12935664 -0.16011328
v -0.21290080 0.12973848 -0.15082757
v -0.22234075 0.15053436 -0.17913206
v -0.22536826 0.13228312 -0.16639207
v -0.23432101 0.13637935 -0.16983266
v -0.26066419 0.09102309 -0.14172135
v -0.23261537 0.15624434 -0.17948958
v -0.30155966 0.05145541 -0.06407613
v -0.29403058 0.05752980 -0.06476131
v -0.29801539 0.05958261 -0.05449050
v -0.30574906 0.05383298 -0.05485353
v -0.28166711 0.07536783 -0.05218434
v -0.28233442 0.08738561 -0.05249139
v -0.29040885 0.08618701 -0.04260869
v -0.28971747 0.07576714 -0.04226745
v -0.31101456 0.05723415 -0.04808293
v -0.30284247 0.06209803 -0.04696141
v -0.31494993 0.06269888 -0.04612996
v -0.32475653 0.05761648 -0.04870241
v -0.31874418 0.05310066 -0.04804465
v -0.33139634 0.05224113 -0.04851816
v -0.32980061 0.06306392 -0.05807433
v -0.33654523 0.05290556 -0.05635935
v -0.33004278 0.05363237 -0.08423913
v -0.32623783 0.04838891 -0.09339888
v -0.33326051 0.03773443 -0.08669744
v -0.33616471 0.04325903 -0.07675195
v -0.31947410 0.02945945 -0.10147553
v -0.32705653 0.03275273 -0.09376469
v -0.32078892 0.04447837 -0.10014336
v -0.31406733 0.04116604 -0.10656174
v -0.29633468 0.04725907 -0.07863349
v -0.28884551 0.05306677 -0.08161266
v -0.29114661 0.05536495 -0.07517977
v -0.29846370 0.04956005 -0.07316972
v -0.31738636 0.07196522 -0.04103623
v -0.32007772 0.07275720 -0.05198086
v -0.32039064 0.06667576 -0.04913357
v -0.31545180 0.06863844 -0.03977166
v -0.26495743 0.05990557 -0.09615090
v -0.26082140 0.06994760 -0.10118940
v -0.26402640 0.07523540 -0.09490762
v -0.26753679 0.06540446 -0.09142583
v -0.27116528 0.08858632 -0.07142501
v -0.26891702 0.08817744 -0.08080920
v -0.27574795 0.10121909 -0.08088241
v -0.28035837 0.09929739 -0.07337935
v -0.27547443 0.08831438 -0.06213301
v -0.28443056 0.09809731 -0.06557294
v -0.29005188 0.09558271 -0.05623326
v -0.29693958 0.09270655 -0.04554221
v -0.25952271 0.06496930 -0.11014734
v -0.26176208 0.05633286 -0.10805461
v -0.34275553 0.01312666 -0.02397817
v -0.33989000 0.00879262 -0.02642161
v -0.33851045 0.01325473 -0.02917430
v -0.34136370 0.01772544 -0.02675808
v -0.27382129 0.05711707 -0.12424979
v -0.28292879 0.06020935 -0.12655516
v -0.27783048 0.06549053 -0.12889680
v -0.26919398 0.06312045 -0.12476981
v -0.27920505 0.04922343 -0.12318940
v -0.28923017 0.05364582 -0.12369218
v -0.35479993 0.01316646 -0.02772587
v -0.35147089 0.01564891 -0.02466837
v -0.35057721 0.01995791 -0.02843031
v -0.35379523 0.01732933 -0.03188558
v -0.31261462 0.04886142 -0.05310924
v -0.30840099 0.04616490 -0.06144797
v -0.32198054 0.03554074 -0.04829038
v -0.31497011 0.03972817 -0.05678912
v -0.31889886 0.04470045 -0.04937512
v -0.32472208 0.04087719 -0.04522661
v -0.30656722 0.03208159 -0.07439639
v -0.30094710 0.03908960 -0.07872152
v -0.30525637 0.04133486 -0.07189343
v -0.31062528 0.03397930 -0.06743917
v -0.29316941 0.03228052 -0.08672315
v -0.29903436 0.02542790 -0.08325878
v -0.29473531 0.02157787 -0.08727214
v -0.28971002 0.02804690 -0.08991466
v -0.31274387 0.01524046 -0.07164758
v -0.31890875 0.00894531 -0.06891611
v -0.31701198 0.00631107 -0.07350538
v -0.31019989 0.01228338 -0.07592735
v -0.27314442 0.07092460 -0.13203676
v -0.26494810 0.06946756 -0.12681195
v -0.30344591 0.02297543 -0.11295656
v -0.29330999 0.02113510 -0.11417028
v -0.29602629 0.01116266 -0.11157876
v -0.30633065 0.01358033 -0.10977768
v -0.29219034 0.06470589 -0.12433928
v -0.28727710 0.07004833 -0.12803298
v -0.35550961 0.00876932 -0.03157271
v -0.35462141 0.01298583 -0.03586487
v -0.29920468 0.09617729 -0.06312121
v -0.30508929 0.09313605 -0.05106743
v -0.29413912 0.09908241 -0.07271010
v -0.29039598 0.10167360 -0.07937380
v -0.28678575 0.10618718 -0.08484039
v -0.31625611 0.03321194 -0.05808124
v -0.30401349 0.04558840 -0.06944808
v -0.29376173 0.04535124 -0.08233447
v -0.27751911 0.02754416 -0.10005721
v -0.27321321 0.03305209 -0.10284417
v -0.27720478 0.03666453 -0.09455992
v -0.28116927 0.03072913 -0.09440744
v -0.28474879 0.01907856 -0.11038914
v -0.28213814 0.01907657 -0.10352465
v -0.28612038 0.01185615 -0.10106552
v -0.28813455 0.01046846 -0.10775540
v -0.31918535 0.07671524 -0.04049021
v -0.31794527 0.07960135 -0.05196511
v -0.26587182 0.05528087 -0.11802708
v -0.26251662 0.06280340 -0.11856568
v -0.25970879 0.07016062 -0.12020013
v -0.27734169 0.05856515 -0.08660210
v -0.26910982 0.06871598 -0.08790892
v -0.27027017 0.07152247 -0.08186662
v -0.27928591 0.06047583 -0.08249167
v -0.28384942 0.06407124 -0.06399214
v -0.27542332 0.07444815 -0.06316344
v -0.28886214 0.06559523 -0.05307079
v -0.26591843 0.08053143 -0.08916377
v -0.26134679 0.08321964 -0.09898939
v -0.26380292 0.08898113 -0.09272569
v -0.25890636 0.07740104 -0.10580880
v -0.25804120 0.07270055 -0.11312501
v -0.25673017 0.09083188 -0.10299787
v -0.25950053 0.09681373 -0.09718821
v -0.25518766 0.08536113 -0.11046372
v -0.25435641 0.08055454 -0.11723535
v -0.27758497 0.08437182 -0.13964640
v -0.26775366 0.08000701 -0.13659342
v -0.28276226 0.07612890 -0.13309473
v -0.27254650 0.10877364 -0.08865200
v -0.26824448 0.09543414 -0.08651706
v -0.26495486 0.10244442 -0.09259222
v -0.28221601 0.11306445 -0.09045253
v -0.29567844 0.07633235 -0.03576402
v -0.30053920 0.07585793 -0.02948235
v -0.30376685 0.06955583 -0.03236500
v -0.30019575 0.06948607 -0.03858045
v -0.33640325 0.04607636 -0.04711258
v -0.33027571 0.04481873 -0.04401721
v -0.32498291 0.04931283 -0.04643758
v -0.26815426 0.05025633 -0.09636348
v -0.26509598 0.04717899 -0.10688721
v -0.32184264 0.03038961 -0.05118017
v -0.35196343 0.02255734 -0.03639338
v -0.34846461 0.02506665 -0.03252294
v -0.34382936 0.03398189 -0.03928718
v -0.34818175 0.03130851 -0.04346588
v -0.32819349 0.02247227 -0.05094488
v -0.32628438 0.02734096 -0.04731916
v -0.32966763 0.02212426 -0.04277210
v -0.33265600 0.01783857 -0.04648900
v -0.31171274 0.00438615 -0.07866250
v -0.30615252 0.00910095 -0.08071229
v -0.33763048 0.03138185 -0.06710847
v -0.34243390 0.04047482 -0.06115318
v -0.33902231 0.05018504 -0.06730786
v -0.30279619 0.02882937 -0.07944653
v -0.30762887 0.02185652 -0.07537175
v -0.30453187 0.01857004 -0.07934059
v -0.31755367 0.02943097 -0.05861349
v -0.32180983 0.02667855 -0.05452971
v -0.31920478 0.02428930 -0.05989455
v -0.31442177 0.02855909 -0.06381424
v -0.28945044 0.03126552 -0.11799191
v -0.27843797 0.02827298 -0.11271816
v -0.34708047 0.01555451 -0.02352041
v -0.34599444 0.02004358 -0.02659657
v -0.26073104 0.07799003 -0.13011077
v -0.25576991 0.07807074 -0.12348034
v -0.29714456 0.03622850 -0.08309945
v -0.33192405 0.05951623 -0.07316625
v -0.29035196 0.04294309 -0.08563788
v -0.31795618 0.00810462 -0.09464213
v -0.31107667 0.00422142 -0.09400450
v -0.31512183 0.00066654 -0.08933516
v -0.32138798 0.00216127 -0.09133130
v -0.33834028 0.01026622 -0.04066047
v -0.33549318 0.01397921 -0.03647228
v -0.33860114 0.00864228 -0.03305979
v -0.34143275 0.00535003 -0.03699604
v -0.32643864 0.03234211 -0.04456724
v -0.32910407 0.03706215 -0.04210746
v -0.33300191 0.03133464 -0.03736674
v -0.32985345 0.02685712 -0.03949547
v -0.33440962 0.03994600 -0.04181680
v -0.33837843 0.03390247 -0.03727763
v -0.34403989 0.00914665 -0.04387987
v -0.34996855 0.01254800 -0.04405987
v -0.34557956 0.02057871 -0.05126431
v -0.33918175 0.01676674 -0.04982337
v -0.30843788 0.05214699 -0.11128046
v -0.30198151 0.04841916 -0.11641713
v -0.30681232 0.03717064 -0.11211912
v -0.31141907 0.02563068 -0.10784663
v -0.31339413 0.01475403 -0.10092361
v -0.32363161 0.01880040 -0.09543385
v -0.29975405 0.03424199 -0.11634701
v -0.33428529 0.02126371 -0.05949371
v -0.34002551 0.02619321 -0.05772347
v -0.33835328 0.02191654 -0.06394323
v -0.28539053 0.03862600 -0.08969082
v -0.34364659 0.02514149 -0.03039629
v -0.30366179 0.09490413 -0.09633766
v -0.30466491 0.08859345 -0.10684657
v -0.31005847 0.08057688 -0.10288359
v -0.30804521 0.08923578 -0.09098329
v -0.33553922 0.01842699 -0.03274560
v -0.33843437 0.02264796 -0.03024457
v -0.30392101 0.00521089 -0.08536992
v -0.30954632 0.00176859 -0.08301818
v -0.31020966 -0.00074204 -0.08650163
v -0.30535981 0.00107072 -0.08916597
v -0.29519168 0.04492864 -0.12027884
v -0.29778957 0.00386649 -0.10878211
v -0.30778435 0.00629488 -0.10785513
v -0.29710391 0.05786896 -0.12081779
v -0.30373979 0.06214074 -0.11580309
v -0.29974943 0.07001443 -0.11936779
v -0.33051950 0.02008266 -0.08390577
v -0.31429762 0.05537886 -0.10562868
v -0.30907062 0.06550164 -0.11026251
v -0.30464756 0.07500155 -0.11305604
v -0.30070391 0.08205945 -0.11637322
v -0.29538691 0.07636531 -0.12302155
v -0.35291505 0.01793111 -0.04075939
v -0.35196421 0.00785379 -0.03912473
v -0.29053298 0.08344904 -0.12807688
v -0.28489950 0.09112964 -0.13510212
v -0.28993711 0.09686740 -0.12740767
v -0.29604667 0.08899847 -0.12079310
v -0.31312957 0.06946549 -0.10311064
v -0.31616119 0.07386795 -0.09542612
v -0.31904340 0.05902475 -0.09900244
v -0.32292476 0.06347933 -0.09036361
v -0.33731362 0.02727359 -0.07850746
v -0.35084346 -0.00494091 -0.02980664
v -0.34839845 0.00081068 -0.03521588
v -0.34349483 0.00072217 -0.03362762
v -0.34650463 -0.00541240 -0.02879442
v -0.34654862 0.00485066 -0.03943339
v -0.35321212 0.00381538 -0.03474448
v -0.32435489 0.06920166 -0.07868595
v -0.32511455 0.02000096 -0.05676718
v -0.31492150 0.08165816 -0.08171577
v -0.32504523 0.07287698 -0.06458309
v -0.31809703 0.08181134 -0.06545761
v -0.30274937 0.09643330 -0.08070552
v -0.30697718 0.09259424 -0.07164773
v -0.29493532 0.10528237 -0.09217929
v -0.29882863 0.10039980 -0.08691067
v -0.29038215 0.11295404 -0.09778062
v -0.31176969 0.08942023 -0.05890730
v -0.34403941 0.00672061 -0.01988843
v -0.34164733 0.00225706 -0.02268185
v -0.29958570 0.10092792 -0.10133544
v -0.29472801 0.10891447 -0.10736696
v -0.29500777 0.06735789 -0.04448102
v -0.27908841 0.04631030 -0.09045151
v -0.28334340 0.04935107 -0.08760519
v -0.26925763 0.03916173 -0.10506368
v -0.27297533 0.04259478 -0.09508353
v -0.29438427 0.10308904 -0.11820639
v -0.24932808 0.10172424 -0.10752820
v -0.24756277 0.09648364 -0.11499523
v -0.28177157 0.10620341 -0.13511948
v -0.34834281 0.00903574 -0.01879251
v -0.32494223 0.00615399 -0.07146329
v -0.32457191 0.00550374 -0.07408115
v -0.29641503 0.08492504 -0.03518927
v -0.30203798 0.08218876 -0.02876612
v -0.31302571 0.08598615 -0.03270646
v -0.30695698 0.08552228 -0.02982877
v -0.30220515 0.09004628 -0.03690739
v -0.30939066 0.09031902 -0.04121299
v -0.27519667 0.05646812 -0.08912081
v -0.27243832 0.05332455 -0.09190498
v -0.28458598 0.04071724 -0.12116919
v -0.27428174 0.03774147 -0.11610594
v -0.34026259 0.04043544 -0.04429787
v -0.34081340 0.04455189 -0.05326220
v -0.34429169 0.03797135 -0.04930733
v -0.34895819 0.02658378 -0.04846263
v -0.33128801 0.01992822 -0.05646261
v -0.33469418 0.02129074 -0.05379117
v -0.27198449 0.07305749 -0.07340802
v -0.28128079 0.06233642 -0.07479784
v -0.30657330 0.06544652 -0.04224091
v -0.31014803 0.06699713 -0.03752254
v -0.31082270 0.02580733 -0.07012564
v -0.33576214 0.01271339 -0.07567204
v -0.34033340 0.01897928 -0.07200152
v -0.31552622 0.02028863 -0.06630289
v -0.35598722 0.00667202 -0.02232704
v -0.35257649 0.00902755 -0.01940580
v -0.34517321 0.03321314 -0.05496613
v -0.30018556 0.01484495 -0.08378413
v -0.32927564 0.01064445 -0.08111412
v -0.33088034 0.00811744 -0.07448524
v -0.29077861 0.00508041 -0.10546924
v -0.30003354 0.09510152 -0.11176787
v -0.33996058 0.00381453 -0.03027157
v -0.34207425 -0.00266883 -0.02631073
v -0.35451978 -0.00200395 -0.02921937
v -0.35668880 0.00265498 -0.02635303
v -0.26998901 0.04664786 -0.11762305
v -0.28647545 0.05140514 -0.08500851
v -0.24702850 0.09167781 -0.12263054
v -0.31507966 0.08656783 -0.04735171
v -0.31791452 0.08249100 -0.03710382
v -0.32029969 0.01524889 -0.06307966
v -0.31104785 0.00648562 -0.10062915
v -0.32644004 0.01087077 -0.09144977
v -0.32879153 0.00459899 -0.08884037
v -0.33130360 0.00585572 -0.08161087
v -0.32901606 0.00440211 -0.07655291
v -0.35590118 -0.00683892 -0.02521485
v -0.35808712 -0.00247875 -0.02221632
v -0.35749641 0.00124050 -0.01806920
v -0.35389668 0.00371067 -0.01562636
v -0.34956861 0.00407391 -0.01562450
v -0.35249433 -0.00946304 -0.02584698
v -0.34817123 -0.00965204 -0.02508326
v -0.34391177 -0.00683446 -0.02295812
v -0.35341337 -0.01355535 -0.02251312
v -0.35716870 -0.01178937 -0.02106493
v -0.35902202 -0.00796434 -0.00936608
v -0.35904330 -0.00438958 -0.01383995
v -0.35977891 -0.00823473 -0.01365863
v -0.36034879 -0.01059568 -0.01108466
v -0.36080450 -0.01396266 -0.00863063
v -0.35896176 -0.01200697 -0.00676562
v -0.35971040 -0.00975987 -0.01652208
v -0.36041507 -0.01313774 -0.01419991
v -0.35869029 -0.01577156 -0.01656029
v -0.35943025 -0.01914196 -0.01420421
v -0.36112854 -0.01672333 -0.01175307
v -0.35853094 -0.01245546 -0.01819338
v -0.35928002 -0.00682676 -0.01875482
v -0.35915497 -0.01637250 -0.00579003
v -0.36108214 -0.01670647 -0.00729843
v -0.36150274 -0.01969473 -0.00920725
v -0.35934871 -0.02086838 -0.00755302
v -0.35512036 -0.00091092 -0.01242767
v -0.35579047 -0.00634491 -0.00873518
v -0.35600632 -0.01153554 -0.00619078
v -0.35629520 -0.01641910 -0.00533416
v -0.35219327 -0.00696861 -0.00884025
v -0.35306346 -0.01248002 -0.00682001
v -0.35353297 -0.01666409 -0.00633374
v -0.34904289 -0.00943023 -0.00992918
v -0.35074127 -0.01433047 -0.00796494
v -0.34697121 -0.00249784 -0.01394176
v -0.35076854 -0.00042089 -0.01262278
v -0.35191962 -0.01691835 -0.00742445
v -0.35629475 -0.02078420 -0.00735840
v -0.35670817 -0.01700926 -0.01841103
v -0.35736793 -0.02073682 -0.01521361
v -0.35402727 -0.01798482 -0.01889547
v -0.35477078 -0.02155855 -0.01527550
v -0.35840321 -0.02287290 -0.01160613
v -0.36034572 -0.02148190 -0.01184501
v -0.34529561 0.00211003 -0.01709126
v -0.34334961 -0.00236760 -0.01999102
v -0.34469739 -0.00677239 -0.01673200
v -0.34664342 -0.01309096 -0.01261751
v -0.34543759 -0.01074115 -0.01993924
v -0.34933323 -0.01351362 -0.02185667
v -0.35084736 -0.01779438 -0.01821388
v -0.34773993 -0.01622992 -0.01621144
v -0.35211787 -0.02102070 -0.01448752
v -0.35013312 -0.01963850 -0.01276544
v -0.34976679 -0.01719043 -0.01003538
v -0.35315883 -0.02210367 -0.01100308
v -0.35578343 -0.02303203 -0.01124699
v -0.35382664 -0.02017448 -0.00792713
v -0.35168263 -0.02067396 -0.01074702
v -0.35188869 -0.01899505 -0.00882200
v -0.33862486 -0.01260959 -0.04189932
v -0.33585510 -0.01618856 -0.04508359
v -0.33453766 -0.01002148 -0.04862893
v -0.33717564 -0.00655064 -0.04544695
v -0.35086402 -0.00976047 -0.04514533
v -0.34653282 -0.00883043 -0.04122405
v -0.34582254 -0.00311937 -0.04501630
v -0.35012054 -0.00426453 -0.04920850
v -0.35119048 -0.01322275 -0.05072394
v -0.35029814 -0.00800269 -0.05506006
v -0.34834763 0.00237260 -0.05336748
v -0.34379455 0.00333425 -0.04909338
v -0.33809158 0.01365613 -0.05586622
v -0.34292886 0.01350610 -0.05964451
v -0.32464889 0.00363132 -0.06333296
v -0.32806054 0.00101550 -0.06696892
v -0.34216905 -0.01017242 -0.04030699
v -0.34097245 -0.00429235 -0.04399014
v -0.33350748 -0.00900136 -0.06020255
v -0.33101201 -0.00681526 -0.05626874
v -0.33405259 -0.01333908 -0.05240189
v -0.33614632 -0.01562043 -0.05613920
v -0.32866958 0.01171369 -0.05511635
v -0.32528311 0.00795693 -0.05888037
v -0.33338541 0.01294622 -0.05456927
v -0.33831221 -0.00950814 -0.06337740
v -0.34417897 -0.00701033 -0.06356353
v -0.34024575 0.00432522 -0.07028950
v -0.33416006 0.00092495 -0.07000459
v -0.33866715 0.00229927 -0.04801264
v -0.33138353 -0.00317434 -0.05226199
v -0.33421272 0.00022015 -0.04897422
v -0.34848818 -0.00159820 -0.05951382
v -0.34568030 -0.01324353 -0.05882645
v -0.34464517 -0.02789530 -0.04900957
v -0.34217575 -0.02098151 -0.05456274
v -0.33775952 -0.02152362 -0.05262752
v -0.34048587 -0.02908905 -0.04743620
v -0.34039164 -0.01577836 -0.05857012
v -0.34713206 -0.01817381 -0.05438961
v -0.34056967 -0.02118447 -0.03658984
v -0.33807003 -0.02480456 -0.04002596
v -0.34396857 -0.01855318 -0.03502418
v -0.34462652 0.00980183 -0.06638375
v -0.35203564 -0.01759485 -0.03958361
v -0.34785706 -0.01720747 -0.03597430
v -0.33531585 -0.01956481 -0.04890164
v -0.33758941 -0.02770955 -0.04409843
v -0.34913924 -0.02504040 -0.04861201
v -0.35255450 -0.02046077 -0.04508870
v -0.35034242 -0.03097863 -0.04395513
v -0.35343182 -0.02698573 -0.04048728
v -0.35332862 -0.02415630 -0.03534590
v -0.34911877 -0.02321163 -0.03231866
v -0.34527230 -0.02409651 -0.03208357
v -0.34634635 -0.03338534 -0.04471785
v -0.34248033 -0.03400651 -0.04378591
v -0.33940539 -0.03248474 -0.04107723
v -0.34769964 -0.03904029 -0.04098096
v -0.35181162 -0.03755321 -0.03974172
v -0.35528755 -0.04040690 -0.02466316
v -0.35498741 -0.03534729 -0.02726699
v -0.35598186 -0.03759258 -0.02951821
v -0.35714781 -0.04160926 -0.02686486
v -0.35483575 -0.03088272 -0.03151171
v -0.35551795 -0.03496141 -0.03196057
v -0.35507703 -0.03664352 -0.03475069
v -0.35613376 -0.04018401 -0.03279238
v -0.35376734 -0.04248264 -0.03519490
v -0.35507965 -0.04652594 -0.03309580
v -0.35775235 -0.04438661 -0.03038151
v -0.35347843 -0.03894420 -0.03679027
v -0.35783333 -0.04513621 -0.02550755
v -0.35569826 -0.04551191 -0.02427674
v -0.35464194 -0.03290734 -0.03701295
v -0.35063940 -0.02842104 -0.02929559
v -0.35158792 -0.03419622 -0.02594163
v -0.35204461 -0.04031713 -0.02398338
v -0.35240024 -0.04588484 -0.02401625
v -0.34770972 -0.03526390 -0.02611295
v -0.34884617 -0.04136355 -0.02439313
v -0.34974682 -0.04601013 -0.02469293
v -0.34424052 -0.03757085 -0.02768484
v -0.34640375 -0.04321189 -0.02575814
v -0.34280118 -0.03060474 -0.03143290
v -0.34641597 -0.02861659 -0.02949022
v -0.34799826 -0.04600008 -0.02564095
v -0.35618159 -0.04979339 -0.02663402
v -0.35288873 -0.04990501 -0.02626612
v -0.35889214 -0.04833165 -0.02779680
v -0.35142255 -0.04334110 -0.03645443
v -0.35258022 -0.04763504 -0.03385560
v -0.34902048 -0.04438878 -0.03753921
v -0.35044223 -0.04879682 -0.03429689
v -0.35459352 -0.05071662 -0.03081306
v -0.35654977 -0.04942546 -0.03098010
v -0.34193212 -0.02623126 -0.03385250
v -0.33963823 -0.02944813 -0.03725954
v -0.34025875 -0.03385864 -0.03470739
v -0.34194514 -0.04084889 -0.03093058
v -0.34046263 -0.03663924 -0.03850221
v -0.34388790 -0.03886936 -0.04060782
v -0.34571129 -0.04443870 -0.03700507
v -0.34263036 -0.04326343 -0.03472732
v -0.34762177 -0.04863841 -0.03359128
v -0.34506151 -0.04755659 -0.03171140
v -0.34460163 -0.04554009 -0.02857851
v -0.34910733 -0.05052058 -0.03009402
v -0.35195741 -0.05129288 -0.03053944
v -0.34972465 -0.04908486 -0.02662860
v -0.34701830 -0.04923983 -0.02959567
v -0.34731367 -0.04787894 -0.02737597
v -0.32746062 -0.02226022 -0.06372793
v -0.32308763 -0.02435161 -0.06625900
v -0.32237870 -0.01895532 -0.06916246
v -0.32658967 -0.01703045 -0.06632387
v -0.33772680 -0.02200752 -0.06879161
v -0.33581182 -0.02137919 -0.06562738
v -0.33507594 -0.01564030 -0.06811820
v -0.33741993 -0.01568305 -0.07192355
v -0.33689767 -0.02430369 -0.07349767
v -0.33615905 -0.01794454 -0.07735270
v -0.33647364 -0.00956576 -0.07483249
v -0.33360949 -0.00979088 -0.07039561
v -0.33016452 -0.00108137 -0.07441772
v -0.33368152 -0.00065341 -0.07906213
v -0.33213791 -0.02158058 -0.06376477
v -0.33118653 -0.01611131 -0.06619662
v -0.31880257 -0.01630001 -0.07875086
v -0.31800628 -0.01490720 -0.07528754
v -0.32043874 -0.02106429 -0.07277231
v -0.32126769 -0.02239472 -0.07603422
v -0.32005635 -0.00094482 -0.07312450
v -0.31573141 -0.00238404 -0.07622764
v -0.32516259 -0.00097535 -0.07263404
v -0.32284033 -0.01696188 -0.08243946
v -0.32924923 -0.01527694 -0.08420501
v -0.32511657 -0.00567419 -0.08830279
v -0.31875885 -0.00666203 -0.08626140
v -0.32927218 -0.01043866 -0.06831948
v -0.31979963 -0.01288818 -0.07136696
v -0.32431099 -0.01110938 -0.06847536
v -0.33476400 -0.01171177 -0.08092582
v -0.33089125 -0.02117664 -0.08059287
v -0.32898977 -0.03709189 -0.07128595
v -0.32636875 -0.02852141 -0.07632078
v -0.32213214 -0.02833927 -0.07353855
v -0.32492650 -0.03718587 -0.06925382
v -0.32484713 -0.02294298 -0.07947293
v -0.33227211 -0.02719929 -0.07672951
v -0.32881197 -0.03075399 -0.05965053
v -0.32466552 -0.03285785 -0.06221468
v -0.33304965 -0.02994551 -0.05963424
v -0.33173746 -0.00274842 -0.08544744
v -0.31395176 -0.00631330 -0.08302227
v -0.33860964 -0.03071823 -0.06378494
v -0.33668736 -0.02995972 -0.06107855
v -0.32088038 -0.02668794 -0.07011785
v -0.32297063 -0.03538546 -0.06602638
v -0.33414000 -0.03556849 -0.07129037
v -0.33828080 -0.03265519 -0.06827721
v -0.33529150 -0.04148541 -0.06786463
v -0.33909237 -0.03866315 -0.06467883
v -0.33977696 -0.03684690 -0.06025896
v -0.33733985 -0.03587472 -0.05777305
v -0.33360565 -0.03560498 -0.05691155
v -0.33052543 -0.04304855 -0.06779013
v -0.32703310 -0.04267893 -0.06608843
v -0.32471788 -0.04037186 -0.06339268
v -0.33140492 -0.04748777 -0.06538887
v -0.33617145 -0.04671168 -0.06461829
v -0.34158599 -0.05158363 -0.05078033
v -0.34101707 -0.04718739 -0.05292221
v -0.34102964 -0.04857110 -0.05484653
v -0.34223330 -0.05237789 -0.05286612
v -0.34072924 -0.04263678 -0.05703531
v -0.34079385 -0.04575323 -0.05713192
v -0.34010172 -0.04665400 -0.06017091
v -0.34094560 -0.05027680 -0.05825444
v -0.33760962 -0.05143015 -0.06079825
v -0.33855829 -0.05517060 -0.05885559
v -0.34178102 -0.05409690 -0.05616058
v -0.33804399 -0.04828968 -0.06224442
v -0.34264866 -0.05524255 -0.05201758
v -0.34174255 -0.05555955 -0.05034444
v -0.33972108 -0.04348813 -0.06195289
v -0.33795428 -0.04060041 -0.05472117
v -0.33856288 -0.04574913 -0.05143301
v -0.33915141 -0.05103633 -0.04927975
v -0.33892420 -0.05517542 -0.04934291
v -0.33490887 -0.04544827 -0.05127623
v -0.33569205 -0.05066479 -0.04924938
v -0.33575317 -0.05435851 -0.04937816
v -0.33123356 -0.04591151 -0.05237452
v -0.33268908 -0.05103296 -0.05042458
v -0.33028346 -0.04036482 -0.05539996
v -0.33406854 -0.04000952 -0.05439849
v -0.33372113 -0.05370639 -0.05020642
v -0.34052014 -0.05840108 -0.05297919
v -0.33736753 -0.05833082 -0.05210726
v -0.34227604 -0.05719734 -0.05440502
v -0.33525920 -0.05178032 -0.06220333
v -0.33609298 -0.05569610 -0.05965218
v -0.33216301 -0.05190435 -0.06218241
v -0.33354515 -0.05598070 -0.05926579
v -0.33789569 -0.05831348 -0.05686860
v -0.33970025 -0.05751728 -0.05703676
v -0.32961434 -0.03606245 -0.05755199
v -0.32611579 -0.03766200 -0.06006819
v -0.32707149 -0.04182120 -0.05784238
v -0.32822683 -0.04774263 -0.05475977
v -0.32578850 -0.04420581 -0.06108969
v -0.32807872 -0.04657471 -0.06358096
v -0.32938632 -0.05129721 -0.06074776
v -0.32737020 -0.04976479 -0.05821236
v -0.33114073 -0.05538566 -0.05800226
v -0.32943574 -0.05429577 -0.05579448
v -0.33022201 -0.05262402 -0.05266665
v -0.33294827 -0.05753360 -0.05518707
v -0.33530185 -0.05840554 -0.05621229
v -0.33455199 -0.05699925 -0.05177187
v -0.33132669 -0.05618300 -0.05431706
v -0.33242914 -0.05525802 -0.05188096
v -0.31367651 -0.00435821 -0.07994370
v -0.30561808 -0.02249756 -0.08919448
v -0.30195612 -0.02276374 -0.09082264
v -0.30177590 -0.01825780 -0.09207121
v -0.30524653 -0.01786693 -0.09059080
v -0.31477928 -0.02372828 -0.09487231
v -0.31342325 -0.02303185 -0.09111112
v -0.31332639 -0.01781274 -0.09248213
v -0.31507337 -0.01832072 -0.09670851
v -0.31197348 -0.02478012 -0.09937156
v -0.31207925 -0.01944487 -0.10148978
v -0.31433645 -0.01187631 -0.09789426
v -0.31256923 -0.01173248 -0.09338456
v -0.31069559 -0.00236953 -0.09502672
v -0.31265298 -0.00147273 -0.09983414
v -0.29305515 0.00093693 -0.10330901
v -0.29268104 0.00203736 -0.09871476
v -0.29513299 -0.00486812 -0.09743532
v -0.29458806 -0.00539482 -0.10165364
v -0.30979356 -0.02275079 -0.08929946
v -0.30949134 -0.01775789 -0.09054299
v -0.29717144 -0.01468702 -0.09938210
v -0.29777682 -0.01411005 -0.09549444
v -0.29928929 -0.01902630 -0.09476541
v -0.29864699 -0.01985736 -0.09825286
v -0.29484481 0.00244359 -0.09444559
v -0.29904574 0.00246713 -0.09087995
v -0.30199024 -0.00333455 -0.09238709
v -0.29774797 -0.00437670 -0.09411287
v -0.30610690 -0.00318096 -0.09259397
v -0.29953969 -0.01484489 -0.10299297
v -0.30504617 -0.01439947 -0.10467634
v -0.30218053 -0.00392249 -0.10752191
v -0.29709885 -0.00522738 -0.10520349
v -0.30849576 -0.01226851 -0.09143559
v -0.30044994 -0.01330494 -0.09268801
v -0.30446360 -0.01259015 -0.09109098
v -0.31140757 -0.01296542 -0.10306685
v -0.30620837 -0.02041290 -0.10302392
v -0.30187169 -0.03175044 -0.09783547
v -0.30136442 -0.02515991 -0.10021439
v -0.29862356 -0.02448467 -0.09732667
v -0.29922146 -0.03097140 -0.09552653
v -0.30096897 -0.02042440 -0.10154000
v -0.30640316 -0.02539882 -0.10115177
v -0.30626762 -0.02891890 -0.08708932
v -0.30223307 -0.02891800 -0.08890738
v -0.31017324 -0.02915684 -0.08731209
v -0.30990061 -0.00211136 -0.10573527
v -0.31480312 -0.03037402 -0.09221745
v -0.31342733 -0.02972551 -0.08882585
v -0.29940590 -0.02352971 -0.09371718
v -0.29966807 -0.02984774 -0.09213066
v -0.30674747 -0.03194359 -0.09843225
v -0.31213579 -0.03122398 -0.09647771
v -0.30730802 -0.03743345 -0.09640889
v -0.31271774 -0.03660474 -0.09449778
v -0.31511652 -0.03551979 -0.09009992
v -0.31373465 -0.03439353 -0.08695316
v -0.31052300 -0.03345958 -0.08598748
v -0.30256170 -0.03718919 -0.09581605
v -0.30039835 -0.03596972 -0.09369024
v -0.30081940 -0.03433230 -0.09084780
v -0.30361459 -0.04140353 -0.09375665
v -0.30831400 -0.04237879 -0.09401467
v -0.31490898 -0.04842431 -0.08296267
v -0.31513819 -0.04460084 -0.08450783
v -0.31487304 -0.04559229 -0.08643058
v -0.31520972 -0.04876503 -0.08489220
v -0.31516713 -0.04047807 -0.08799260
v -0.31479922 -0.04281999 -0.08841180
v -0.31332633 -0.04300664 -0.09105766
v -0.31369185 -0.04623351 -0.08953020
v -0.31062046 -0.04673227 -0.09144657
v -0.31048375 -0.05052143 -0.08983293
v -0.31431237 -0.04977394 -0.08812457
v -0.31066468 -0.04423007 -0.09252924
v -0.31559065 -0.05137422 -0.08438431
v -0.31463334 -0.05186907 -0.08278479
v -0.31304139 -0.04061041 -0.09249844
v -0.31382087 -0.03870926 -0.08535676
v -0.31392586 -0.04362149 -0.08299085
v -0.31345856 -0.04833207 -0.08150163
v -0.31228787 -0.05184029 -0.08163682
v -0.31127149 -0.04246350 -0.08266421
v -0.31109282 -0.04756827 -0.08118303
v -0.31014150 -0.05085035 -0.08151237
v -0.30797526 -0.04171318 -0.08316461
v -0.30840224 -0.04681163 -0.08177545
v -0.30734128 -0.03675015 -0.08517776
v -0.31111315 -0.03750847 -0.08474592
v -0.30874705 -0.04972812 -0.08176910
v -0.31247973 -0.05395505 -0.08510007
v -0.31021610 -0.05354955 -0.08366530
v -0.31436819 -0.05289466 -0.08693456
v -0.30743471 -0.04681374 -0.09204703
v -0.30787271 -0.05099846 -0.08979425
v -0.30448750 -0.04585588 -0.09153658
v -0.30565634 -0.05051439 -0.08876905
v -0.30957925 -0.05355479 -0.08758047
v -0.31134892 -0.05288617 -0.08860148
v -0.30675802 -0.03300211 -0.08614101
v -0.30312288 -0.03321278 -0.08799320
v -0.30367377 -0.03688652 -0.08680908
v -0.30448052 -0.04178525 -0.08476621
v -0.30143014 -0.03816667 -0.08934446
v -0.30117989 -0.03989892 -0.09187348
v -0.30257019 -0.04487352 -0.08966479
v -0.30233234 -0.04326499 -0.08709866
v -0.30423516 -0.04942750 -0.08699606
v -0.30421814 -0.04818727 -0.08497125
v -0.30588979 -0.04702832 -0.08302667
v -0.30656540 -0.05187299 -0.08469508
v -0.30772111 -0.05314374 -0.08606412
v -0.30855760 -0.05213549 -0.08284144
v -0.30596811 -0.05054389 -0.08381152
v -0.30725402 -0.05035561 -0.08252369
v -0.29545456 0.00033226 -0.10616545
v -0.32349542 0.07302335 -0.03061119
v -0.32197756 0.06831153 -0.03153947
v -0.30758485 0.06796085 -0.02425462
v -0.31274715 0.06493920 -0.02771232
v -0.30563712 0.07357850 -0.02147168
v -0.31177548 0.08137841 -0.02118178
v -0.30780002 0.07828547 -0.02041660
v -0.31846556 0.06511016 -0.03056357
v -0.32248855 0.07852260 -0.02778951
v -0.31754941 0.08218264 -0.02382897
v -0.32722393 0.07524886 -0.01933303
v -0.32234237 0.07906360 -0.01495894
v -0.31588346 0.07847347 -0.01220064
v -0.31115001 0.07531443 -0.01270386
v -0.30872449 0.07104909 -0.01495394
v -0.32838392 0.07012224 -0.02322951
v -0.32608888 0.06569087 -0.02492213
v -0.32098883 0.06320884 -0.02409445
v -0.33270210 0.06731258 -0.01572193
v -0.33300740 0.07105604 -0.00954351
v -0.32575598 0.06983893 0.00608306
v -0.32290903 0.07175051 0.00218239
v -0.32685307 0.07296705 0.00216979
v -0.32886842 0.07199213 0.00550821
v -0.32135072 0.07448620 -0.00304365
v -0.32606146 0.07394348 -0.00070403
v -0.33006030 0.07348244 -0.00261922
v -0.33187303 0.07303078 0.00016431
v -0.33349505 0.07176126 -0.00457977
v -0.33586890 0.07061625 -0.00259546
v -0.33391714 0.07234992 0.00372883
v -0.33145598 0.07070349 0.00800627
v -0.33546448 0.07051390 0.00687482
v -0.32987151 0.06825373 0.00882930
v -0.32761320 0.07451769 -0.00662827
v -0.31518939 0.07229543 -0.00539691
v -0.31925461 0.06934429 0.00091094
v -0.32364601 0.06657470 0.00563317
v -0.32858992 0.06446626 0.00783889
v -0.31739676 0.06510293 -0.00162657
v -0.32313505 0.06268205 0.00306245
v -0.32780987 0.06165474 0.00486750
v -0.31898928 0.06122103 -0.00516636
v -0.32448223 0.06002722 0.00000229
v -0.31313521 0.06421685 -0.01267235
v -0.31205270 0.06841241 -0.00840113
v -0.32761186 0.06008559 0.00230314
v -0.33532035 0.06675749 0.00836543
v -0.33372784 0.06299405 0.00654471
v -0.33674625 0.06763744 -0.00554393
v -0.33769435 0.06977526 0.00075677
v -0.33869106 0.06611899 -0.00111170
v -0.33592743 0.06428633 -0.00884753
v -0.33756748 0.06256551 -0.00287552
v -0.33882037 0.06586011 0.00362873
v -0.33858407 0.06929729 0.00416504
v -0.30978757 0.06646045 -0.01820845
v -0.31477249 0.06377612 -0.02144606
v -0.31861207 0.06160799 -0.01641830
v -0.32323200 0.05905509 -0.00880805
v -0.32463238 0.06114035 -0.01870238
v -0.33024368 0.06326800 -0.01877699
v -0.33361274 0.06064267 -0.01091616
v -0.32886067 0.05857791 -0.01091125
v -0.33519611 0.05962382 -0.00405071
v -0.33147064 0.05833536 -0.00419543
v -0.32760087 0.05868614 -0.00250502
v -0.33451897 0.05999510 0.00074166
v -0.33715838 0.06230135 0.00238210
v -0.33179125 0.06072121 0.00385680
v -0.33225670 0.05900018 -0.00052422
v -0.33000162 0.05942857 0.00112283
v -0.28927109 0.00648766 -0.09936214
v -0.29164118 0.00786728 -0.09390181
v -0.28783554 0.01393075 -0.09573877
v -0.28276622 0.02081919 -0.09795389
v -0.27804527 0.02473117 -0.10528940
v -0.28600237 0.02413354 -0.09339045
v -0.29112232 0.01704551 -0.09127291
v -0.29683954 0.00935822 -0.08873039
v -0.28529230 0.03258384 -0.09134187
v -0.09667645 0.78888518 0.10189427
v -0.09382419 0.78967851 0.10419399
v -0.09507124 0.78316647 0.09950349
v -0.09746078 0.78366816 0.09783848
v -0.08863271 0.78284085 0.10276468
v -0.09255666 0.78254932 0.10140208
v -0.08949963 0.79009163 0.10613042
v -0.08417184 0.79006684 0.10642279
v -0.07578076 0.78720659 0.10360640
v -0.07405929 0.78588921 0.10367448
v -0.07490698 0.78479850 0.10374261
v -0.07721107 0.78462136 0.10357599
v -0.08099551 0.78378612 0.10392632
v -0.10018239 0.78650361 0.09579831
v -0.09953923 0.78748679 0.09722896
v -0.09845262 0.78834295 0.09956858
v -0.08482981 0.78320813 0.10370751
v -0.09907552 0.78452235 0.09622110
v -0.09993204 0.78544009 0.09537758
v -0.07945216 0.78945535 0.10520490
v -0.08904538 0.78503007 0.10359721
v -0.09273873 0.78502464 0.10216912
v -0.08950278 0.78771031 0.10483593
v -0.08495800 0.78780442 0.10551993
v -0.07890037 0.78555721 0.10399491
v -0.08153744 0.78545427 0.10442698
v -0.09545399 0.78510928 0.10022260
v -0.08519647 0.78530616 0.10446607
v -0.09334901 0.78750122 0.10293835
v -0.08094027 0.78746873 0.10506714
v -0.07846557 0.78682655 0.10413300
v -0.09949169 0.78627974 0.09637989
v -0.09940502 0.78584862 0.09622355
v -0.06708044 0.55454016 0.02246612
v -0.06923132 0.53738308 0.02703930
v -0.09593710 0.78711361 0.10090832
v -0.09868903 0.78562409 0.09712911
v -0.09738529 0.78537589 0.09850128
v -0.09773272 0.78688866 0.09896553
v -0.09887855 0.78660315 0.09739977
v -0.16055246 0.39487606 -0.12097260
v -0.17271456 0.39802775 -0.12740332
v -0.18302326 0.40831193 -0.17490754
v -0.17399804 0.41445217 -0.19163348
v -0.09830132 0.24209638 0.04221356
v -0.08198072 0.30421534 -0.13210039
v -0.08549168 0.32530206 -0.13647419
v -0.01011119 0.32590601 -0.13183099
v -0.02813676 0.32085863 -0.13819671
v -0.13846666 0.27624470 -0.05435306
v -0.13958517 0.29686546 -0.05413837
v -0.12071606 0.26525322 0.00407549
v -0.12217615 0.28759104 0.00275607
v -0.13616709 0.25139776 -0.03358664
v -0.04610731 0.26934662 -0.13409966
v -0.06425844 0.26658869 -0.13333403
v -0.06321961 0.28803179 -0.13408560
v -0.04528719 0.29199266 -0.13661899
v 0.00529337 0.32930559 -0.12107592
v 0.00550865 0.30408043 -0.11767552
v -0.14126050 0.32227230 -0.07583331
v -0.13471521 0.32595664 -0.09746129
v -0.10759166 0.33749709 -0.13055439
v -0.09026416 0.34465674 -0.14177780
v -0.07184783 0.35396865 -0.14768989
v -0.05237637 0.36311713 -0.14900760
v -0.11625717 0.30974251 0.01941923
v -0.10683780 0.33292150 0.03315467
v -0.14145085 0.31887966 -0.05369116
v -0.07379845 0.31007901 0.06296073
v -0.03412193 0.39698163 -0.15186380
v -0.01226573 0.40325931 -0.14397635
v -0.12290464 0.33129153 -0.11573378
v -0.08565278 0.49196184 0.03568546
v -0.10097090 0.49329558 0.02806967
v -0.10173415 0.47682655 0.03396500
v -0.08588964 0.47510114 0.04104432
v -0.11608152 0.47693503 0.02626419
v -0.12914310 0.47551334 0.01743976
v -0.14043565 0.47349659 0.00843155
v -0.16275157 0.46419644 -0.01847171
v -0.15714709 0.46772364 -0.00967699
v -0.16896091 0.45317525 -0.03702562
v -0.16678274 0.45954818 -0.02748304
v -0.16707000 0.44488889 -0.04742026
v -0.16144958 0.43611422 -0.05932047
v -0.15776290 0.43589079 -0.07800394
v -0.15615565 0.42671636 -0.07182622
v -0.15935846 0.42684463 -0.05296627
v -0.16353230 0.43678913 -0.04083105
v -0.16475789 0.44467202 -0.03057093
v -0.07219300 0.40559328 0.05327635
v -0.07150821 0.43157995 0.05417496
v -0.06433881 0.57120091 0.01901382
v -0.16095665 0.20475611 -0.19909869
v -0.26050588 0.15243517 -0.11758827
v -0.01471123 0.60529643 -0.10778874
v -0.03065073 0.60869730 -0.11726440
v -0.08907139 0.61375260 -0.13610020
v -0.11540298 0.61563617 -0.12949066
v -0.06444321 0.61012673 -0.13603412
v -0.04420257 0.60424101 -0.13117404
v -0.14004476 0.33738115 -0.03282133
v -0.02170690 0.57273543 -0.13125946
v -0.04090681 0.59282273 -0.13681482
v -0.06144731 0.59964335 -0.14261548
v -0.08865602 0.60293049 -0.14534158
v -0.12135331 0.60492700 -0.14222734
v -0.14010642 0.59698433 -0.14583831
v -0.14808500 0.56784034 -0.16114721
v -0.15794447 0.55841917 -0.16420062
v -0.16654846 0.54743958 -0.16846281
v -0.18320459 0.55390054 -0.16021098
v -0.17480800 0.56657958 -0.15541080
v -0.17103805 0.44743907 -0.19068843
v -0.16492359 0.43264449 -0.19475208
v -0.15552424 0.42369330 -0.19859084
v -0.14502586 0.41865903 -0.19968453
v -0.13420856 0.41800067 -0.19797921
v -0.12425641 0.42029357 -0.19339682
v -0.11918480 0.42971155 -0.18632939
v -0.11723582 0.45794821 -0.16968171
v -0.12222585 0.46802455 -0.16677170
v -0.12127636 0.45694849 -0.16198519
v -0.11969399 0.44949320 -0.16153094
v -0.10803527 0.43058228 -0.15980092
v -0.10029880 0.41948244 -0.15939541
v -0.09162087 0.40664080 -0.15972008
v -0.05094171 0.15996899 -0.13679141
v -0.07077440 0.16166243 -0.13660868
v -0.06958572 0.18027633 -0.13380922
v -0.04953361 0.17894639 -0.13314353
v -0.01141583 0.22028896 -0.12221141
v 0.00653444 0.21929312 -0.11288778
v -0.12509935 0.18052621 -0.10374743
v -0.13596195 0.17624837 -0.08464464
v -0.08996581 0.18183453 -0.12901217
v -0.10888947 0.18179089 -0.11888526
v -0.14134711 0.17030077 -0.06411276
v -0.11466388 0.14069818 0.01517305
v -0.10085637 0.13572671 0.03217639
v -0.07106743 0.13080955 0.05838112
v -0.05634626 0.13002092 0.06724004
v -0.14129779 0.16259901 -0.04394302
v -0.08605386 0.13264275 0.04668558
v -0.13665158 0.15418136 -0.02400751
v -0.12724277 0.14654902 -0.00413402
v -0.02936444 0.22077401 -0.12928210
v -0.03036769 0.19723319 -0.12819067
v -0.04835146 0.19861329 -0.13290136
v -0.00930437 0.47241268 -0.14785063
v -0.02393000 0.47420987 -0.15797305
v -0.03823499 0.47770673 -0.16801898
v -0.05051125 0.50192904 -0.17284429
v -0.05415871 0.48267490 -0.17417505
v -0.06882602 0.48779494 -0.17646946
v -0.06509931 0.50603366 -0.17577612
v -0.09237520 0.50994164 -0.17805886
v -0.09322701 0.49564859 -0.17692649
v -0.10168324 0.49674335 -0.17915307
v -0.10221238 0.50949651 -0.18095705
v -0.10927537 0.49708655 -0.18160932
v -0.11697668 0.49580869 -0.18242989
v -0.12312736 0.49235734 -0.18103442
v -0.12623298 0.48472884 -0.18341832
v -0.13628222 0.49924684 -0.18967642
v -0.13074015 0.50818610 -0.18654998
v -0.09526889 0.52465308 -0.17781237
v -0.08109090 0.52457666 -0.17498866
v -0.00958805 0.50817108 -0.14314415
v 0.00346847 0.50579923 -0.13296011
v -0.15332033 0.42028683 -0.08662780
v -0.14986791 0.41584334 -0.10306369
v -0.14594598 0.41455969 -0.11864255
v -0.13933194 0.41695124 -0.13134959
v -0.13149016 0.42162406 -0.14321652
v -0.12232078 0.42802638 -0.15296294
v -0.11679276 0.44310376 -0.16135770
v -0.11302090 0.43714580 -0.16075879
v -0.10965122 0.45390201 -0.16735466
v -0.10436811 0.44805735 -0.16717881
v -0.09647086 0.46096832 -0.17226623
v -0.08869639 0.47515070 -0.17553197
v -0.08239044 0.49172437 -0.17648657
v -0.07951144 0.50839514 -0.17641053
v -0.06592247 0.52456230 -0.17337795
v -0.05112959 0.52142835 -0.17018583
v -0.03949881 0.53637654 -0.16110723
v -0.04401717 0.55378783 -0.15688108
v -0.03514255 0.51734453 -0.16441196
v -0.03416935 0.49711454 -0.16757952
v -0.08639243 0.63589162 -0.10728051
v -0.06407534 0.63500977 -0.10790637
v -0.12670770 0.44155967 -0.19045085
v -0.12332428 0.44188887 -0.18798710
v -0.12151570 0.43653980 -0.18765195
v -0.12650497 0.43251967 -0.19168420
v -0.13324799 0.43173698 -0.19541425
v -0.13914146 0.44619986 -0.19535801
v -0.13226509 0.44241348 -0.19310507
v -0.14196329 0.43373781 -0.19724515
v -0.15053535 0.43866545 -0.19733842
v -0.14670040 0.45110855 -0.19601448
v -0.15818816 0.44583622 -0.19577172
v -0.15365872 0.45653042 -0.19543365
v -0.16373219 0.45562488 -0.19353385
v -0.15881349 0.46114817 -0.19444089
v -0.15572844 0.49729457 -0.19142723
v -0.15757869 0.48416066 -0.19302900
v -0.15844665 0.47118670 -0.19392447
v -0.12742865 0.47446603 -0.18643393
v -0.12900519 0.46406695 -0.18915182
v -0.13060232 0.45311794 -0.19155489
v -0.13662620 0.45808989 -0.19394179
v -0.13484292 0.46936709 -0.19190478
v -0.13269137 0.48065603 -0.19015510
v -0.00882517 0.49074015 -0.14626661
v -0.02162846 0.49323544 -0.15666835
v -0.11121847 0.50809699 -0.18329926
v -0.11887786 0.50555861 -0.18438791
v -0.12598386 0.50069577 -0.18440600
v -0.13052495 0.49185672 -0.18730901
v -0.12415215 0.51467657 -0.18543045
v -0.11570063 0.51925254 -0.18353045
v -0.10601294 0.52241373 -0.18075591
v -0.02245716 0.51236069 -0.15467864
v 0.00523056 0.48864022 -0.13650359
v -0.19564453 0.51445127 -0.09354271
v -0.20764872 0.53025633 -0.10697588
v -0.20969163 0.54433268 -0.12644976
v -0.20021948 0.55326027 -0.14618620
v -0.11497696 0.28061801 -0.18447956
v 0.00578145 0.27725932 -0.11495372
v 0.00583052 0.25029665 -0.11323651
v -0.01071737 0.24843507 -0.12301019
v 0.00531617 0.40631470 -0.13341168
v 0.00561962 0.47191143 -0.13942307
v -0.14693384 0.44416001 0.01102540
v -0.13922560 0.44597438 0.01942953
v -0.13964556 0.45981327 0.01442879
v -0.14807525 0.45787793 0.00568006
v -0.15709706 0.44105336 -0.00648379
v -0.15276057 0.44257617 0.00226766
v -0.15461506 0.45583656 -0.00329338
v -0.15964305 0.45333683 -0.01209525
v -0.16012655 0.43846574 -0.01515923
v -0.16324145 0.44999781 -0.02080891
v -0.15144044 0.42776507 0.00668635
v -0.14586860 0.42911223 0.01535680
v -0.13827510 0.43102300 0.02314246
v -0.15755932 0.42544463 -0.01059585
v -0.15473649 0.42702663 -0.00244150
v -0.05477672 0.67181194 0.07407954
v -0.05691047 0.67309749 0.08918957
v -0.05598014 0.71186060 0.11420704
v -0.05576810 0.71668088 0.11365974
v -0.05816266 0.59575719 0.01262419
v -0.05689209 0.60757005 0.01446710
v -0.07161811 0.45291647 0.05128910
v -0.07056446 0.48804891 0.04165985
v -0.06997705 0.50270814 0.03518778
v -0.06984957 0.51988667 0.03108409
v -0.06156217 0.58457273 0.01528276
v -0.07105298 0.47121710 0.04681310
v -0.11148619 -0.01935805 -0.12495722
v -0.08890127 -0.03543577 -0.13574547
v -0.09563567 -0.00619818 -0.13761154
v -0.07932676 -0.01834468 -0.14495939
v -0.11537072 0.06579377 -0.12493323
v -0.11032692 0.03804327 -0.12720188
v -0.11769436 0.09459597 -0.12515631
v -0.05806594 -0.02449819 -0.15028040
v -0.03277864 -0.02534198 -0.15041295
v -0.02900434 -0.00424388 -0.15685508
v -0.09627444 0.09323047 -0.13967781
v -0.09445568 0.06573639 -0.14068294
v -0.08552330 0.00207836 -0.14467660
v -0.10470653 0.01348340 -0.13164558
v -0.08835878 0.01707417 -0.14411716
v -0.05308341 -0.00478771 -0.15648393
v -0.07284407 -0.00229066 -0.15108684
v -0.01285271 0.15609027 -0.13057888
v 0.01123453 0.13663062 -0.12946674
v -0.01271345 0.13602366 -0.13661718
v -0.09170803 0.16385676 -0.13056694
v -0.07337490 0.14157198 -0.14128955
v -0.07100035 0.01646567 -0.15337834
v -0.05035738 0.01669256 -0.15940936
v -0.02648925 0.01849866 -0.16110493
v -0.03150995 0.09235527 -0.15607101
v -0.02851502 0.06896298 -0.16092129
v -0.05142402 0.06666411 -0.15933992
v -0.05399282 0.09234433 -0.15497014
v -0.07483032 0.11822551 -0.14625755
v -0.07524498 0.09243090 -0.14936382
v -0.03300941 0.11563832 -0.14917193
v -0.05431106 0.11669157 -0.14975704
v -0.05275826 0.13905305 -0.14334716
v -0.07359499 0.06511413 -0.15212058
v -0.00056266 0.04659331 -0.15730482
v -0.02636747 0.04350185 -0.16286643
v 0.02421268 0.04923176 -0.14427590
v -0.03319624 0.13721474 -0.14142953
v -0.03227588 0.15816933 -0.13400553
v -0.03125582 0.17774367 -0.12905730
v -0.02860987 0.24650815 -0.12942623
v -0.09834427 -0.23984922 0.04468690
v 0.00021595 -0.04779161 -0.00056199
v 0.00691348 -0.04465436 -0.01952369
v -0.16325758 0.01580591 -0.03391095
v -0.14309627 -0.00296927 -0.09385175
v -0.12341210 0.00647638 -0.11434659
v -0.04079538 -0.04325407 0.03612202
v -0.02115619 -0.04815229 0.02489259
v -0.15619555 0.00998845 -0.00463320
v -0.11604892 -0.02275763 0.03832675
v -0.00817371 -0.04921349 0.01362504
v -0.09126312 0.04006612 -0.14184725
v -0.07174679 0.03965318 -0.15287611
v -0.04996826 0.04108057 -0.16028459
v -0.00059449 0.02218775 -0.15612245
v 0.02425635 0.02775570 -0.14196141
v -0.04642930 0.00199248 0.06180152
v -0.04669457 0.01205829 0.06566045
v -0.04108884 0.01036201 0.06909963
v -0.03733373 -0.00401707 0.06506896
v -0.11125505 0.12046930 0.01611509
v -0.09524615 0.11595216 0.03167832
v -0.06540975 0.11157991 0.05606662
v -0.05231262 0.11113030 0.06446248
v -0.14460666 0.14430116 -0.04224127
v -0.07978342 0.11342809 0.04515060
v -0.13900876 0.13530201 -0.02202504
v -0.12689422 0.12681951 -0.00242318
v 0.05034413 -0.66252983 -0.08570200
v 0.05600569 -0.69112414 -0.08570865
v 0.05765411 -0.68636334 -0.09830135
v 0.05480618 -0.65723705 -0.09765992
v 0.04683931 -0.64963078 -0.12355119
v 0.05504019 -0.65146583 -0.11529346
v 0.03478172 -0.65120512 -0.12895706
v 0.04424477 -0.68014270 -0.13317785
v 0.03268534 -0.68450117 -0.13039373
v 0.02223696 -0.65569198 -0.12909450
v 0.01195960 -0.66022927 -0.12377395
v 0.01396552 -0.69335830 -0.11757118
v 0.00925192 -0.69757265 -0.10081945
v -0.00163016 -0.67121130 -0.09861578
v 0.00410958 -0.66504908 -0.11479770
v -0.00087867 -0.67922801 -0.07948157
v 0.00862241 -0.70442164 -0.08188902
v 0.01018053 -0.68138671 -0.06591517
v 0.04286860 -0.66901171 -0.07263289
v 0.05001718 -0.69674867 -0.07086327
v 0.05567922 -0.67848951 -0.12842016
v 0.06080502 -0.68116987 -0.11762471
v 0.05753777 -0.65442604 -0.10585361
v 0.05894445 -0.68367475 -0.10779757
v 0.06640654 -0.71425205 -0.09672207
v 0.06646038 -0.71666211 -0.08095486
v 0.06445166 -0.70599729 -0.13231002
v 0.06436393 -0.70992285 -0.11919696
v 0.04305082 -0.71143204 -0.13089263
v 0.05364501 -0.70674074 -0.13843347
v 0.01941377 -0.72070748 -0.12154298
v 0.02262273 -0.68882561 -0.12524188
v 0.03083351 -0.71621257 -0.12717074
v 0.01364437 -0.72400200 -0.10460427
v 0.01355089 -0.72882158 -0.08117416
v 0.05800366 -0.72166830 -0.06546472
v 0.06457000 -0.71175128 -0.10757324
v -0.02915406 -0.84571517 0.04734693
v -0.02328865 -0.84602040 0.05178212
v -0.02482630 -0.84080845 0.05010367
v -0.02845320 -0.84134334 0.04716864
v 0.00093728 -0.84191805 0.07379769
v 0.01323463 -0.84404075 0.07699617
v 0.00907167 -0.83225113 0.07914268
v 0.00048576 -0.83172828 0.07670896
v -0.01398479 -0.84540594 0.06526333
v -0.02085710 -0.84621960 0.06137186
v -0.01691956 -0.84931201 0.05916611
v -0.01272142 -0.84852064 0.06175471
v -0.03524186 -0.84239852 0.01120625
v -0.03859473 -0.84345889 0.00562184
v -0.03683509 -0.84639144 0.00560766
v -0.03354271 -0.84683925 0.00838565
v -0.03163796 -0.84570420 0.03329525
v -0.03555878 -0.84647995 0.02839927
v -0.03302050 -0.84945494 0.02720935
v -0.03028387 -0.84977877 0.03030573
v 0.00719334 -0.82516903 0.05512316
v 0.00143658 -0.82801628 0.06792460
v 0.01455869 -0.82800102 0.07177697
v 0.02089027 -0.82161987 0.06010932
v 0.02315081 -0.83643931 0.07082617
v 0.01759168 -0.84258986 0.06451481
v 0.02484067 -0.84087825 0.05256846
v 0.03039147 -0.83216780 0.05778803
v 0.00578061 -0.84470689 0.06069378
v 0.01156729 -0.84315813 0.04901029
v 0.00249123 -0.83703804 0.04930652
v -0.00514953 -0.83811456 0.06243867
v -0.01465213 -0.83899593 0.04261369
v -0.02191395 -0.84342241 0.05194952
v -0.01834657 -0.83637530 0.05589120
v -0.01203850 -0.83069175 0.04637900
v -0.01144139 -0.83583617 0.06070782
v -0.00239578 -0.83006173 0.05214221
v 0.00234496 -0.83940798 0.05136216
v -0.00535518 -0.84196383 0.06300943
v -0.00713688 -0.84702098 0.05706757
v 0.00040853 -0.84479916 0.04626167
v -0.00761913 -0.84544182 0.04222943
v -0.01472767 -0.84850812 0.05235056
v -0.02408572 -0.83277178 0.03179862
v -0.02728086 -0.83874089 0.04161478
v -0.02085971 -0.83818489 0.04571015
v -0.01545873 -0.83255339 0.03826283
v -0.01613480 -0.84526676 0.04770107
v -0.01949019 -0.84892583 0.04366949
v -0.01370509 -0.84642059 0.03551340
v -0.01110557 -0.84206808 0.03974236
v -0.02154404 -0.84645200 0.03046325
v -0.02545873 -0.84998637 0.03965008
v -0.02774553 -0.83942014 0.03048381
v -0.03056843 -0.84465045 0.03886885
v -0.03514710 -0.83980113 0.01159892
v -0.03630008 -0.84500027 0.02006186
v -0.03520836 -0.83942521 0.02266869
v -0.03312471 -0.83332258 0.01337305
v -0.03059093 -0.83830529 0.02689403
v -0.02744181 -0.83358532 0.02037298
v -0.02659924 -0.84240407 0.02977206
v -0.02674520 -0.84904146 0.02650693
v -0.02394149 -0.84647948 0.01916712
v -0.02449484 -0.83925360 0.02371448
v -0.03196065 -0.84970099 0.02181100
v -0.02967446 -0.84656471 0.01263027
v -0.03736600 -0.83275962 -0.00760478
v -0.03645238 -0.83947891 -0.01096454
v -0.03969722 -0.84146106 -0.00123676
v -0.03916292 -0.83606607 0.00085672
v -0.03512685 -0.83576065 0.00496472
v -0.03365453 -0.83212733 -0.00046910
v -0.03126676 -0.83975816 0.00749611
v -0.03026956 -0.84646815 0.00484855
v -0.02857116 -0.84500003 -0.00074091
v -0.03122247 -0.83768636 0.00252620
v -0.03555018 -0.84652317 0.00028907
v -0.03252887 -0.84435195 -0.00734866
v 0.02625063 -0.81669921 0.04755504
v 0.00960359 -0.82373226 0.04137843
v 0.01191030 -0.84389275 0.07155945
v 0.03587260 -0.82903814 0.04442617
v 0.00546129 -0.84502316 0.06939887
v 0.01284936 -0.84196216 0.03649944
v 0.02982938 -0.83879411 0.03893219
v 0.00655013 -0.83638996 0.04409077
v -0.02016854 -0.84040755 0.06161062
v -0.00843064 -0.83905768 0.03518217
v -0.00372408 -0.84413159 0.02704824
v -0.01602449 -0.84001899 0.06440110
v -0.00622375 -0.82675046 0.03124485
v -0.01846725 -0.82872605 0.01577496
v -0.02336146 -0.84979945 0.04866980
v -0.02650373 -0.85024077 0.04642585
v -0.01726019 -0.84532142 0.01375451
v -0.02420686 -0.83803195 0.02167990
v -0.03543174 -0.84238756 0.02802451
v -0.03194569 -0.83747375 0.00208996
v -0.02537549 -0.84527397 -0.00252234
v -0.03307921 -0.84146047 0.03083332
v -0.02873311 -0.82794720 -0.00134176
v -0.03787252 -0.83972216 0.00521914
v -0.03346520 -0.83674699 -0.02211758
v -0.02900064 -0.84403342 -0.01765582
v -0.03614563 -0.83887058 0.00807906
v -0.03419698 -0.82853371 -0.01691284
v 0.03428663 -0.67604911 -0.06380150
v 0.04018854 -0.70217103 -0.06129166
v 0.02322343 -0.68075138 -0.06128976
v 0.01818305 -0.70690542 -0.06695868
v 0.02897301 -0.70671856 -0.06070434
v 0.04472711 -0.72661382 -0.05539652
v 0.02249704 -0.73087382 -0.06556661
v 0.03211810 -0.72973287 -0.05577046
v 0.02507295 -0.74036807 -0.12759496
v 0.01775314 -0.74487096 -0.10984793
v 0.03903629 -0.73563570 -0.13031106
v 0.06112164 -0.72682625 -0.14475293
v 0.05025905 -0.73100305 -0.13687573
v 0.04671153 -0.74733692 -0.04654246
v 0.06099534 -0.74490744 -0.06237253
v 0.03129713 -0.74962741 -0.04558470
v 0.01874615 -0.75082088 -0.05825411
v 0.03603457 -0.80874985 0.03487067
v 0.04391433 -0.80433106 0.01505168
v 0.02750845 -0.79635441 0.01332858
v 0.01862843 -0.80962467 0.02766699
v 0.01217649 -0.79992390 0.00050542
v 0.00428992 -0.81484401 0.01522259
v -0.00046502 -0.80409491 -0.01424253
v -0.00856104 -0.81745553 0.00038216
v -0.01056766 -0.80859429 -0.02920583
v -0.01925986 -0.81985182 -0.01524957
v -0.01799708 -0.81539184 -0.04345732
v -0.02806165 -0.82295144 -0.02896934
v -0.02193388 -0.82576102 -0.05252910
v -0.03056523 -0.83289129 -0.03663814
v 0.04565554 -0.82492870 0.03037094
v 0.05235159 -0.81951052 0.01073210
v 0.03860030 -0.83732069 0.02260520
v 0.04711116 -0.83446646 0.00238038
v 0.02322395 -0.83987916 0.01446748
v 0.03252199 -0.83675927 -0.00617692
v -0.01532753 -0.83817673 -0.05010354
v -0.02336656 -0.84342289 -0.03259340
v 0.00831375 -0.84167749 0.00289721
v 0.01761685 -0.83741313 -0.01729018
v -0.00417507 -0.84385860 -0.00988996
v 0.00512766 -0.83939219 -0.02953843
v -0.01421544 -0.84486300 -0.02217006
v -0.00543910 -0.84046894 -0.04091337
v 0.03771051 -0.78418386 -0.00583487
v 0.01958890 -0.78188634 -0.01414119
v 0.00747403 -0.78693736 -0.02988093
v -0.00073526 -0.79413718 -0.04624445
v -0.00577630 -0.80477828 -0.06108698
v -0.01104986 -0.81566662 -0.07048751
v 0.00642126 -0.77538490 -0.06917997
v 0.00679256 -0.79512244 -0.08203306
v 0.00323378 -0.80780751 -0.08901798
v 0.01823947 -0.78667063 -0.10450073
v 0.01690460 -0.80045390 -0.10840935
v 0.03867031 -0.77551615 -0.14046973
v 0.03711024 -0.79099745 -0.14675674
v 0.02789858 -0.79391837 -0.12908381
v 0.02922235 -0.77958912 -0.12474409
v 0.01739047 -0.76860303 -0.09550385
v 0.02734252 -0.76145339 -0.11735291
v 0.03603374 -0.75660533 -0.13138670
v 0.05989955 -0.78440040 -0.16261744
v 0.04731240 -0.78821456 -0.15724936
v 0.04693262 -0.77205443 -0.15106760
v 0.05739492 -0.76760119 -0.15918282
v 0.07418034 -0.76480150 -0.16043045
v 0.07653780 -0.78256452 -0.16062336
v 0.08567360 -0.76684999 -0.14526002
v 0.08907260 -0.78341407 -0.14737181
v 0.05368479 -0.74853027 -0.14817989
v 0.04544850 -0.75303119 -0.13955086
v 0.06703528 -0.74470150 -0.15273303
v 0.07783474 -0.74656075 -0.13947167
v 0.07467093 -0.75158274 -0.12336317
v 0.08329627 -0.77123749 -0.12667687
v 0.08993420 -0.78652054 -0.12864730
v 0.05138734 -0.79801422 -0.00860341
v 0.05573484 -0.81066257 -0.01393770
v 0.01236640 -0.76789016 -0.04512286
v 0.02675354 -0.76432800 -0.02969080
v 0.04871703 -0.76821649 -0.03157590
v 0.06077496 -0.78893214 -0.03379277
v 0.06024185 -0.80328560 -0.04105976
v 0.06596696 -0.79753315 -0.06521815
v 0.06910317 -0.78426808 -0.05901484
v 0.05171963 -0.82252544 -0.02171318
v 0.05425642 -0.81152135 -0.04779555
v 0.06068251 -0.80483150 -0.07102504
v 0.07401925 -0.79343212 -0.08499207
v 0.07550320 -0.78008974 -0.08012002
v 0.07972305 -0.79051530 -0.10087276
v 0.07785945 -0.77632719 -0.09766731
v 0.08015116 -0.77381301 -0.11144984
v 0.08540045 -0.78843522 -0.11362171
v 0.07366013 -0.75757337 -0.09641410
v 0.07412000 -0.75455242 -0.10927085
v 0.07240460 -0.76152468 -0.07833799
v 0.06550695 -0.76502472 -0.05661954
v -0.00540174 -0.82868546 -0.06954849
v 0.00703484 -0.81914711 -0.08871463
v 0.02003181 -0.81003857 -0.10786194
v 0.03152949 -0.80521935 -0.12836455
v 0.04314057 -0.80232924 -0.14352827
v 0.05256921 -0.79964179 -0.15216267
v 0.07628058 -0.79352087 -0.15461938
v 0.06331979 -0.79618800 -0.15720409
v 0.08524711 -0.79406118 -0.14530736
v 0.08584080 -0.79742813 -0.13047452
v 0.08260970 -0.80021566 -0.11790296
v 0.06999908 -0.80250579 -0.09034958
v 0.07735156 -0.80191559 -0.10515209
v 0.07137993 -0.74083900 -0.07922181
v 0.07273199 -0.73682868 -0.09643078
v 0.07086888 -0.73342389 -0.10809330
v 0.07074320 -0.72640854 -0.13450195
v 0.06948987 -0.73103768 -0.12008185
v 0.04042694 -0.82796913 -0.03026810
v 0.02644544 -0.82908583 -0.04063327
v 0.01423053 -0.83105755 -0.05185828
v 0.00401890 -0.83170396 -0.06176766
v 0.01456829 -0.82278723 -0.08291184
v 0.02392197 -0.82225209 -0.07493929
v 0.03539114 -0.82070822 -0.06529929
v 0.04632435 -0.81697398 -0.05535276
v 0.02714515 -0.81488883 -0.10249571
v 0.03546007 -0.81540352 -0.09536201
v 0.04570152 -0.81426221 -0.08752622
v 0.05433087 -0.81090808 -0.07824740
v 0.06467009 -0.80864340 -0.09744895
v 0.05704636 -0.81034392 -0.10633046
v 0.04785334 -0.81082958 -0.11336919
v 0.03971599 -0.80953246 -0.12098259
v 0.05033201 -0.80572319 -0.13503793
v 0.05740754 -0.80665869 -0.12685360
v 0.06547578 -0.80674779 -0.11954763
v 0.07167351 -0.80600917 -0.11224530
v 0.05791059 -0.80277950 -0.14291343
v 0.07363543 -0.79855573 -0.14798439
v 0.06510906 -0.80025268 -0.14714491
v 0.07967190 -0.79904741 -0.14243901
v 0.07918917 -0.80131507 -0.13243744
v 0.07611188 -0.80375665 -0.12259160
v 0.07009936 -0.80406684 -0.12810458
v 0.07329776 -0.80190223 -0.13490471
v 0.06290634 -0.80384445 -0.13452345
v 0.06775354 -0.80144179 -0.13996935
v 0.07494603 -0.80019641 -0.14020847
v 0.07208463 -0.80003411 -0.14267720
v 0.01707177 -0.75144386 -0.08108422
v -0.04926365 -0.41726944 0.02637446
v -0.03530291 -0.41002589 0.02417069
v -0.06466952 -0.41864496 0.02351938
v -0.13861951 0.00547451 0.01763083
v -0.10946742 0.24277794 0.02447882
v -0.11399851 0.28637326 0.02088868
v -0.11124253 0.26420078 0.02244747
v -0.13987409 -0.02262640 0.02370116
v -0.13742371 0.31550527 -0.03369056
v -0.14975131 0.47086707 -0.00074480
v -0.12250885 0.78896505 0.01237975
v -0.12020827 0.78592342 0.01089898
v -0.11881599 0.78340226 0.00827526
v -0.11801162 0.78110158 0.00543845
v -0.11688326 0.77970368 0.00217812
v -0.11439555 0.78049803 -0.00090937
v -0.12055642 0.78498203 0.00578780
v -0.11746626 0.78812224 0.00398296
v -0.11806221 0.78981614 0.00584406
v -0.12115271 0.78697574 0.00785299
f 2 3 1
f 1 3 4
f 3 2 5
f 5 2 6
f 3 7 4
f 4 7 8
f 10 11 9
f 9 11 12
f 14 15 13
f 13 15 16
f 18 19 17
f 17 19 20
f 22 23 21
f 21 23 24
f 26 18 25
f 25 18 17
f 27 28 17
f 17 28 25
f 30 31 29
f 29 31 32
f 34 35 33
f 33 35 36
f 21 24 37
f 37 24 38
f 40 31 39
f 39 31 38
f 34 33 28
f 28 33 25
f 41 42 44
f 44 42 43
f 36 45 33
f 33 45 25
f 46 47 49
f 49 47 48
f 51 52 50
f 50 52 53
f 55 53 54
f 54 53 52
f 57 58 56
f 56 58 59
f 61 62 60
f 60 62 63
f 65 66 64
f 64 66 67
f 69 70 68
f 68 70 71
f 65 73 72
f 72 73 74
f 64 75 65
f 65 75 73
f 77 78 76
f 76 78 79
f 80 81 83
f 83 81 82
f 81 85 84
f 84 85 86
f 88 89 87
f 87 89 69
f 88 87 90
f 90 87 91
f 93 94 92
f 92 94 95
f 96 84 43
f 43 84 44
f 51 98 97
f 97 98 86
f 97 99 51
f 51 99 52
f 54 52 100
f 100 52 99
f 58 101 59
f 59 101 102
f 62 103 63
f 63 103 104
f 105 106 6
f 6 106 5
f 108 109 107
f 107 109 110
f 112 113 111
f 111 113 114
f 116 117 115
f 115 117 118
f 120 121 119
f 119 121 122
f 124 125 123
f 123 125 126
f 128 129 127
f 127 129 130
f 130 131 127
f 127 131 132
f 134 1 133
f 133 1 135
f 1 4 135
f 135 4 136
f 4 8 136
f 136 8 137
f 138 139 15
f 15 139 140
f 140 139 141
f 141 139 142
f 144 57 143
f 143 57 56
f 145 146 141
f 141 146 147
f 146 149 148
f 148 149 150
f 152 153 151
f 151 153 154
f 141 147 140
f 140 147 155
f 157 11 156
f 156 11 158
f 160 161 159
f 159 161 162
f 164 165 163
f 163 165 166
f 165 160 166
f 166 160 159
f 168 169 167
f 167 169 170
f 169 171 170
f 170 171 172
f 149 173 150
f 150 173 174
f 175 176 149
f 149 176 173
f 178 172 177
f 177 172 171
f 180 181 179
f 179 181 182
f 184 180 183
f 183 180 179
f 186 187 185
f 185 187 188
f 190 191 189
f 189 191 192
f 7 193 8
f 8 193 194
f 196 162 195
f 195 162 161
f 197 168 198
f 198 168 167
f 181 199 182
f 182 199 200
f 202 203 201
f 201 203 204
f 187 186 205
f 205 186 206
f 208 209 207
f 207 209 210
f 212 213 211
f 211 213 214
f 215 216 218
f 218 216 217
f 220 209 219
f 219 209 208
f 204 186 221
f 221 186 185
f 201 204 222
f 222 204 221
f 223 211 220
f 220 211 209
f 224 225 214
f 214 225 210
f 203 206 204
f 204 206 186
f 227 187 226
f 226 187 205
f 27 228 21
f 21 228 22
f 230 231 229
f 229 231 232
f 234 235 233
f 233 235 236
f 238 239 237
f 237 239 240
f 119 122 118
f 118 122 115
f 112 242 241
f 241 242 243
f 98 51 244
f 244 51 50
f 245 138 14
f 14 138 15
f 11 10 158
f 158 10 246
f 89 85 69
f 69 85 70
f 11 157 12
f 12 157 247
f 249 164 248
f 248 164 163
f 177 250 178
f 178 250 251
f 253 254 252
f 252 254 255
f 187 227 188
f 188 227 256
f 212 257 213
f 213 257 258
f 260 134 259
f 259 134 133
f 165 164 135
f 135 164 133
f 160 165 136
f 136 165 135
f 136 137 160
f 160 137 161
f 137 261 161
f 161 261 195
f 263 264 262
f 262 264 265
f 13 16 266
f 266 16 267
f 268 267 155
f 155 267 16
f 147 269 155
f 155 269 268
f 162 196 167
f 167 196 198
f 167 170 162
f 162 170 159
f 170 172 159
f 159 172 166
f 172 178 166
f 166 178 163
f 178 251 163
f 163 251 248
f 168 270 169
f 169 270 271
f 272 273 171
f 171 273 177
f 271 272 169
f 169 272 171
f 168 197 270
f 270 197 274
f 250 177 275
f 275 177 273
f 277 45 276
f 276 45 278
f 280 281 279
f 279 281 282
f 284 104 283
f 283 104 103
f 285 215 286
f 286 215 218
f 288 289 287
f 287 289 290
f 291 80 66
f 66 80 83
f 293 294 292
f 292 294 295
f 73 91 74
f 74 91 87
f 91 73 92
f 92 73 75
f 279 77 280
f 280 77 76
f 80 291 70
f 70 291 71
f 277 47 96
f 96 47 82
f 297 175 296
f 296 175 149
f 299 154 298
f 298 154 153
f 225 300 210
f 210 300 207
f 224 301 206
f 206 301 205
f 210 209 214
f 214 209 211
f 226 205 302
f 302 205 301
f 304 305 303
f 303 305 306
f 308 309 307
f 307 309 310
f 72 291 65
f 65 291 66
f 66 83 67
f 67 83 46
f 312 313 311
f 311 313 314
f 316 317 315
f 315 317 36
f 29 318 35
f 35 318 319
f 321 32 320
f 320 32 322
f 311 314 323
f 323 314 324
f 315 325 316
f 316 325 326
f 318 287 319
f 319 287 290
f 328 321 327
f 327 321 320
f 329 330 39
f 39 330 331
f 332 333 40
f 40 333 322
f 309 334 285
f 285 334 335
f 236 2 134
f 134 2 1
f 260 336 233
f 233 336 337
f 237 14 265
f 265 14 13
f 84 86 44
f 44 86 98
f 189 192 7
f 7 192 193
f 44 98 41
f 41 98 244
f 237 240 14
f 14 240 245
f 7 3 189
f 189 3 5
f 338 71 72
f 72 71 291
f 262 265 266
f 266 265 13
f 124 123 339
f 339 123 105
f 123 109 105
f 105 109 106
f 189 5 190
f 190 5 106
f 111 114 12
f 12 114 9
f 264 340 265
f 265 340 237
f 342 343 341
f 341 343 344
f 6 235 105
f 105 235 339
f 234 346 345
f 345 346 347
f 349 350 348
f 348 350 351
f 107 352 108
f 108 352 353
f 355 356 354
f 354 356 357
f 237 340 238
f 238 340 358
f 12 247 111
f 111 247 359
f 264 263 116
f 116 263 360
f 361 362 222
f 222 362 201
f 364 365 363
f 363 365 366
f 368 369 367
f 367 369 370
f 372 373 371
f 371 373 374
f 375 376 372
f 372 376 377
f 378 379 381
f 381 379 380
f 382 383 269
f 269 383 268
f 150 174 365
f 365 174 384
f 380 377 381
f 381 377 376
f 271 270 180
f 180 270 181
f 273 272 252
f 252 272 184
f 272 271 184
f 184 271 180
f 181 270 274
f 252 255 273
f 273 255 275
f 254 385 255
f 255 385 386
f 387 388 179
f 179 388 183
f 389 387 182
f 182 387 179
f 182 200 389
f 389 200 390
f 388 391 183
f 183 391 253
f 391 392 253
f 253 392 254
f 394 379 393
f 393 379 378
f 185 188 395
f 395 188 396
f 221 185 397
f 397 185 395
f 222 221 398
f 398 221 397
f 188 256 396
f 396 256 399
f 400 401 256
f 256 401 399
f 402 403 405
f 405 403 404
f 148 150 364
f 364 150 365
f 393 406 394
f 394 406 407
f 158 246 393
f 393 246 406
f 342 19 238
f 238 19 239
f 23 22 350
f 350 22 354
f 244 50 245
f 245 50 138
f 55 142 53
f 53 142 139
f 145 144 296
f 296 144 143
f 355 228 341
f 341 228 20
f 41 240 42
f 42 240 239
f 283 308 284
f 284 308 307
f 349 409 408
f 408 409 410
f 244 245 41
f 41 245 240
f 268 383 406
f 406 383 407
f 346 411 349
f 349 411 409
f 251 412 248
f 248 412 413
f 275 414 250
f 250 414 415
f 25 45 26
f 26 45 277
f 43 26 96
f 96 26 277
f 416 417 61
f 61 417 62
f 329 24 408
f 408 24 23
f 31 40 32
f 32 40 322
f 39 38 329
f 329 38 24
f 37 38 30
f 30 38 31
f 418 419 421
f 421 419 420
f 78 295 79
f 79 295 294
f 124 339 422
f 422 339 345
f 232 131 357
f 357 131 351
f 2 236 6
f 6 236 235
f 252 184 253
f 253 184 183
f 227 423 256
f 256 423 400
f 423 227 305
f 305 227 226
f 424 258 425
f 425 258 257
f 426 427 212
f 212 427 257
f 259 133 249
f 249 133 164
f 419 418 428
f 428 418 429
f 327 430 328
f 328 430 288
f 49 431 46
f 46 431 67
f 306 302 424
f 424 302 258
f 313 432 314
f 314 432 433
f 32 321 29
f 29 321 318
f 324 314 433
f 287 318 328
f 328 318 321
f 134 260 236
f 236 260 233
f 345 339 234
f 234 339 235
f 357 351 354
f 354 351 350
f 408 23 349
f 349 23 350
f 317 278 36
f 36 278 45
f 432 313 429
f 429 313 428
f 435 428 434
f 434 428 313
f 42 239 18
f 18 239 19
f 43 42 26
f 26 42 18
f 121 120 436
f 436 120 437
f 302 301 258
f 258 301 213
f 110 109 126
f 126 109 123
f 238 358 342
f 342 358 343
f 341 20 342
f 342 20 19
f 322 438 320
f 320 438 439
f 320 439 327
f 327 439 430
f 333 440 322
f 322 440 438
f 289 288 323
f 323 288 430
f 115 340 116
f 116 340 264
f 146 145 149
f 149 145 296
f 15 140 16
f 16 140 155
f 441 442 152
f 152 442 153
f 225 224 203
f 203 224 206
f 175 297 154
f 154 297 151
f 293 443 294
f 294 443 444
f 248 413 249
f 249 413 445
f 446 447 400
f 400 447 401
f 388 387 396
f 396 387 395
f 387 389 395
f 395 389 397
f 391 388 399
f 399 388 396
f 401 392 399
f 399 392 391
f 255 386 275
f 275 386 414
f 449 450 448
f 448 450 451
f 335 452 285
f 285 452 215
f 453 298 442
f 442 298 153
f 211 223 212
f 212 223 426
f 425 257 454
f 454 257 427
f 266 10 262
f 262 10 9
f 360 113 456
f 456 113 455
f 8 194 137
f 137 194 261
f 10 266 246
f 246 266 267
f 203 202 225
f 225 202 300
f 262 9 263
f 263 9 114
f 108 353 190
f 190 353 191
f 389 390 397
f 397 390 398
f 457 422 128
f 128 422 129
f 156 158 378
f 378 158 393
f 347 346 348
f 348 346 349
f 447 458 401
f 401 458 392
f 364 382 148
f 148 382 269
f 55 54 57
f 57 54 58
f 75 64 459
f 459 64 460
f 100 90 101
f 101 90 95
f 101 58 100
f 100 58 54
f 142 55 144
f 144 55 57
f 147 146 269
f 269 146 148
f 459 93 75
f 75 93 92
f 144 145 142
f 142 145 141
f 228 27 20
f 20 27 17
f 154 299 175
f 175 299 176
f 214 213 224
f 224 213 301
f 424 461 306
f 306 461 303
f 285 286 309
f 309 286 310
f 462 334 308
f 308 334 309
f 302 306 226
f 226 306 305
f 37 28 21
f 21 28 27
f 29 35 30
f 30 35 34
f 30 34 37
f 37 34 28
f 344 436 356
f 356 436 229
f 325 290 326
f 326 290 289
f 311 439 312
f 312 439 438
f 35 319 36
f 36 319 315
f 439 311 430
f 430 311 323
f 315 319 325
f 325 319 290
f 440 463 438
f 438 463 312
f 341 344 355
f 355 344 356
f 360 456 116
f 116 456 117
f 354 22 355
f 355 22 228
f 326 289 324
f 324 289 323
f 74 87 68
f 68 87 69
f 50 53 138
f 138 53 139
f 268 406 267
f 267 406 246
f 190 106 108
f 108 106 109
f 241 455 112
f 112 455 113
f 358 122 343
f 343 122 121
f 129 347 130
f 130 347 348
f 348 351 130
f 130 351 131
f 229 232 356
f 356 232 357
f 340 115 358
f 358 115 122
f 111 359 112
f 112 359 242
f 125 124 457
f 457 124 422
f 231 132 232
f 232 132 131
f 343 121 344
f 344 121 436
f 263 114 360
f 360 114 113
f 347 129 345
f 345 129 422
f 230 229 437
f 437 229 436
f 464 446 423
f 423 446 400
f 465 466 468
f 468 466 467
f 470 471 469
f 469 471 472
f 469 472 373
f 373 472 374
f 474 469 473
f 473 469 373
f 471 475 472
f 472 475 476
f 472 477 374
f 374 477 478
f 477 472 476
f 479 480 476
f 476 480 477
f 473 373 377
f 377 373 372
f 481 482 479
f 479 482 480
f 483 484 481
f 481 484 482
f 403 402 485
f 485 402 486
f 487 488 483
f 483 488 484
f 487 489 488
f 488 489 490
f 489 491 490
f 490 491 492
f 491 493 492
f 492 493 494
f 493 495 494
f 494 495 496
f 497 498 481
f 481 498 483
f 484 499 482
f 482 499 367
f 370 480 367
f 367 480 482
f 480 370 477
f 477 370 478
f 500 497 479
f 479 497 481
f 451 473 380
f 380 473 377
f 448 451 379
f 379 451 380
f 501 502 504
f 504 502 503
f 449 505 507
f 507 505 506
f 486 508 505
f 505 508 506
f 508 509 506
f 506 509 510
f 511 507 510
f 510 507 506
f 509 508 512
f 512 508 513
f 515 509 514
f 514 509 512
f 509 515 510
f 510 515 516
f 510 516 511
f 511 516 517
f 486 505 485
f 485 505 518
f 505 449 518
f 518 449 448
f 383 382 403
f 403 382 404
f 363 404 364
f 364 404 382
f 403 485 383
f 383 485 407
f 519 520 361
f 361 520 362
f 522 496 521
f 521 496 495
f 450 474 451
f 451 474 473
f 363 366 523
f 523 366 524
f 525 499 488
f 488 499 484
f 488 490 525
f 525 490 526
f 496 522 520
f 520 522 527
f 494 496 519
f 519 496 520
f 492 494 528
f 528 494 519
f 529 530 495
f 495 530 521
f 490 492 526
f 526 492 528
f 529 495 531
f 531 495 493
f 533 534 532
f 532 534 535
f 523 524 533
f 533 524 534
f 486 402 532
f 532 402 533
f 529 536 530
f 530 536 537
f 536 538 537
f 537 538 539
f 540 541 539
f 539 541 537
f 530 537 535
f 535 537 541
f 542 539 543
f 543 539 538
f 539 542 540
f 540 542 544
f 541 540 513
f 513 540 512
f 540 544 512
f 512 544 514
f 546 547 545
f 545 547 548
f 549 550 531
f 531 550 551
f 550 549 552
f 552 549 553
f 546 550 554
f 554 550 552
f 547 546 555
f 555 546 554
f 498 556 558
f 558 556 557
f 559 557 560
f 560 557 556
f 561 562 560
f 560 562 559
f 557 559 552
f 552 559 554
f 559 562 554
f 554 562 555
f 558 557 553
f 553 557 552
f 475 471 563
f 563 471 564
f 565 563 567
f 567 563 566
f 471 470 564
f 564 470 466
f 564 466 568
f 568 466 465
f 568 465 569
f 569 465 570
f 572 573 571
f 571 573 574
f 569 575 567
f 567 575 576
f 577 565 576
f 576 565 567
f 578 579 581
f 581 579 580
f 575 561 576
f 576 561 560
f 556 577 560
f 560 577 576
f 577 556 497
f 497 556 498
f 565 577 500
f 500 577 497
f 563 565 475
f 475 565 500
f 553 489 558
f 558 489 487
f 531 493 549
f 549 493 491
f 489 553 491
f 491 553 549
f 394 407 518
f 518 407 485
f 518 448 394
f 394 448 379
f 545 548 538
f 538 548 543
f 551 545 536
f 536 545 538
f 536 529 551
f 551 529 531
f 507 582 449
f 449 582 450
f 511 583 507
f 507 583 582
f 511 517 583
f 583 517 584
f 585 586 588
f 588 586 587
f 590 591 589
f 589 591 592
f 591 590 593
f 593 590 594
f 596 597 595
f 595 597 598
f 599 600 602
f 602 600 601
f 604 605 603
f 603 605 606
f 608 609 607
f 607 609 610
f 612 613 611
f 611 613 614
f 615 616 618
f 618 616 617
f 620 621 619
f 619 621 622
f 624 625 623
f 623 625 626
f 628 629 627
f 627 629 630
f 632 633 631
f 631 633 634
f 635 636 638
f 638 636 637
f 639 640 642
f 642 640 641
f 644 645 643
f 643 645 646
f 619 622 647
f 647 622 648
f 650 651 649
f 649 651 652
f 601 653 602
f 602 653 654
f 656 657 655
f 655 657 658
f 660 661 659
f 659 661 662
f 664 665 663
f 663 665 666
f 593 594 667
f 667 594 668
f 669 670 672
f 672 670 671
f 673 674 676
f 676 674 675
f 633 632 677
f 677 632 678
f 663 666 679
f 679 666 680
f 681 682 684
f 684 682 683
f 686 687 685
f 685 687 688
f 690 661 689
f 689 661 691
f 693 686 692
f 692 686 685
f 695 597 694
f 694 597 668
f 594 696 668
f 668 696 694
f 697 698 696
f 696 698 699
f 700 701 697
f 697 701 698
f 702 585 703
f 703 585 588
f 671 690 672
f 672 690 689
f 640 639 704
f 704 639 705
f 679 706 663
f 663 706 658
f 708 709 707
f 707 709 710
f 711 712 610
f 610 712 607
f 713 714 716
f 716 714 715
f 717 718 720
f 720 718 719
f 722 634 721
f 721 634 633
f 724 725 723
f 723 725 726
f 728 729 727
f 727 729 730
f 732 733 731
f 731 733 734
f 707 710 735
f 735 710 736
f 643 737 644
f 644 737 738
f 740 741 739
f 739 741 742
f 608 744 743
f 743 744 745
f 747 748 746
f 746 748 749
f 751 752 750
f 750 752 753
f 754 755 757
f 757 755 756
f 758 759 761
f 761 759 760
f 763 764 762
f 762 764 765
f 767 768 766
f 766 768 769
f 771 772 770
f 770 772 773
f 775 776 774
f 774 776 777
f 779 780 778
f 778 780 781
f 783 712 782
f 782 712 784
f 785 786 788
f 788 786 787
f 790 628 789
f 789 628 627
f 792 793 791
f 791 793 794
f 795 796 726
f 726 796 723
f 798 799 797
f 797 799 800
f 721 633 801
f 801 633 677
f 797 800 802
f 802 800 803
f 805 806 804
f 804 806 807
f 809 810 808
f 808 810 811
f 813 814 812
f 812 814 815
f 809 808 817
f 817 808 816
f 818 819 804
f 804 819 805
f 820 821 818
f 818 821 819
f 821 820 587
f 587 820 822
f 809 823 810
f 810 823 824
f 814 807 815
f 815 807 806
f 826 426 825
f 825 426 223
f 426 826 427
f 427 826 827
f 828 829 454
f 454 829 830
f 831 832 677
f 677 832 801
f 834 835 833
f 833 835 836
f 838 839 837
f 837 839 840
f 841 842 844
f 844 842 843
f 845 846 803
f 803 846 802
f 847 831 678
f 678 831 677
f 848 849 851
f 851 849 850
f 853 854 852
f 852 854 855
f 857 858 856
f 856 858 680
f 860 861 859
f 859 861 862
f 864 865 863
f 863 865 866
f 868 869 867
f 867 869 870
f 839 871 840
f 840 871 872
f 849 848 874
f 874 848 873
f 876 877 875
f 875 877 878
f 880 881 879
f 879 881 882
f 883 884 886
f 886 884 885
f 846 887 802
f 802 887 888
f 890 891 889
f 889 891 888
f 893 894 892
f 892 894 895
f 896 897 728
f 728 897 729
f 899 900 898
f 898 900 901
f 902 852 904
f 904 852 903
f 849 905 850
f 850 905 906
f 875 878 907
f 907 878 908
f 910 911 909
f 909 911 912
f 914 915 913
f 913 915 916
f 917 918 862
f 862 918 859
f 919 920 856
f 856 920 921
f 923 924 922
f 922 924 925
f 926 927 925
f 925 927 922
f 929 930 928
f 928 930 693
f 932 695 931
f 931 695 694
f 823 867 824
f 824 867 933
f 935 936 934
f 934 936 937
f 938 868 823
f 823 868 867
f 940 847 939
f 939 847 678
f 632 655 678
f 678 655 939
f 941 942 619
f 619 942 620
f 687 943 688
f 688 943 944
f 851 850 945
f 945 850 903
f 850 906 903
f 903 906 904
f 946 947 949
f 949 947 948
f 951 952 950
f 950 952 953
f 955 956 954
f 954 956 957
f 907 958 875
f 875 958 874
f 960 961 959
f 959 961 962
f 963 853 902
f 902 853 852
f 909 964 910
f 910 964 965
f 967 968 966
f 966 968 969
f 971 972 970
f 970 972 973
f 974 960 975
f 975 960 959
f 977 978 976
f 976 978 979
f 981 977 980
f 980 977 976
f 980 982 981
f 981 982 983
f 985 983 984
f 984 983 982
f 984 986 985
f 985 986 987
f 989 990 988
f 988 990 991
f 993 994 992
f 992 994 995
f 997 998 996
f 996 998 999
f 1001 1002 1000
f 1000 1002 1003
f 1005 1006 1004
f 1004 1006 1007
f 1004 1008 1005
f 1005 1008 1009
f 1008 1010 1009
f 1009 1010 1011
f 1013 1011 1012
f 1012 1011 1010
f 1014 1015 1017
f 1017 1015 1016
f 1019 1020 1018
f 1018 1020 1021
f 1022 1023 976
f 976 1023 980
f 1024 1025 982
f 982 1025 984
f 992 995 1026
f 1026 995 1027
f 956 955 1028
f 1028 955 1029
f 1030 1031 1033
f 1033 1031 1032
f 1010 1008 1034
f 1034 1008 1035
f 1008 1004 1035
f 1035 1004 1036
f 1037 1038 1002
f 1002 1038 1007
f 1002 1001 1037
f 1037 1001 1039
f 1040 1041 997
f 997 1041 998
f 1015 1014 1043
f 1043 1014 1042
f 1044 1045 1047
f 1047 1045 1046
f 1044 1020 1048
f 1048 1020 1049
f 1050 1051 1003
f 1003 1051 1000
f 1052 1050 1006
f 1006 1050 1003
f 1053 1054 1011
f 1011 1054 1009
f 1013 1045 1055
f 1055 1045 1056
f 1058 1059 1057
f 1057 1059 1060
f 1062 1063 1061
f 1061 1063 1064
f 1065 1066 1050
f 1050 1066 1051
f 1067 1065 1052
f 1052 1065 1050
f 1068 1069 1054
f 1054 1069 1070
f 1071 1068 1053
f 1053 1068 1054
f 1073 1071 1072
f 1072 1071 1074
f 1074 1071 1055
f 1055 1071 1053
f 1076 1077 1075
f 1075 1077 1078
f 1079 1080 1057
f 1057 1080 1058
f 1081 1082 1064
f 1064 1082 1061
f 1084 1085 1083
f 1083 1085 1086
f 1088 1089 1087
f 1087 1089 1090
f 1092 1093 1091
f 1091 1093 1094
f 1096 1097 1095
f 1095 1097 1098
f 1099 1100 1102
f 1102 1100 1101
f 1103 1104 1099
f 1099 1104 1100
f 1106 1107 1105
f 1105 1107 1108
f 1110 1111 1109
f 1109 1111 1112
f 1114 1115 1113
f 1113 1115 1116
f 1118 1119 1117
f 1117 1119 1077
f 1117 1120 1122
f 1122 1120 1121
f 1105 1123 1106
f 1106 1123 1124
f 1125 1126 1128
f 1128 1126 1127
f 1130 1131 1129
f 1129 1131 1132
f 1134 1135 1133
f 1133 1135 1114
f 1113 1136 1114
f 1114 1136 1133
f 1118 1137 1113
f 1113 1137 1136
f 1118 1117 1137
f 1137 1117 1122
f 1139 1140 1138
f 1138 1140 1141
f 1143 953 1142
f 1142 953 952
f 1145 957 1144
f 1144 957 956
f 1028 1146 956
f 956 1146 1144
f 1014 1147 1042
f 1042 1147 1148
f 1014 1017 1147
f 1147 1017 1149
f 1059 1058 1150
f 1150 1058 1151
f 1153 1080 1152
f 1152 1080 1154
f 1156 1088 1155
f 1155 1088 1087
f 1157 1158 1106
f 1106 1158 1107
f 1106 1124 1157
f 1157 1124 1159
f 1161 1162 1160
f 1160 1162 1163
f 1165 1166 1164
f 1164 1166 1167
f 1168 1031 1012
f 1012 1031 1046
f 1024 1023 1035
f 1035 1023 1034
f 1036 1038 1025
f 1025 1038 1169
f 1170 1171 1039
f 1039 1171 1037
f 1028 1029 1042
f 1042 1029 1043
f 1172 1173 1175
f 1175 1173 1174
f 1055 1053 1013
f 1013 1053 1011
f 1005 1009 1070
f 1070 1009 1054
f 996 999 1062
f 1062 999 1063
f 1016 1060 1017
f 1017 1060 1059
f 1017 1059 1149
f 1149 1059 1150
f 1177 1178 1176
f 1176 1178 1103
f 1176 1072 1179
f 1179 1072 1074
f 1073 1102 1086
f 1086 1102 1083
f 1180 1181 1067
f 1067 1181 1065
f 1182 1183 1184
f 1184 1183 1181
f 1186 1187 1185
f 1185 1187 1188
f 1189 1190 798
f 798 1190 799
f 1192 1193 1191
f 1191 1193 1194
f 1195 1196 1194
f 1194 1196 1191
f 1196 1195 1198
f 1198 1195 1197
f 1200 674 1199
f 1199 674 673
f 928 1201 1203
f 1203 1201 1202
f 861 1204 862
f 862 1204 921
f 1205 1206 913
f 913 1206 1207
f 882 1208 879
f 879 1208 1209
f 1210 1211 1167
f 1167 1211 1164
f 1212 769 1213
f 1213 769 768
f 727 1214 728
f 728 1214 1215
f 1217 1218 1216
f 1216 1218 1219
f 1220 813 1221
f 1221 813 812
f 827 828 427
f 427 828 454
f 1223 1224 1222
f 1222 1224 1165
f 1226 1227 1225
f 1225 1227 1228
f 851 1229 848
f 848 1229 1230
f 834 854 835
f 835 854 1231
f 1233 1234 1232
f 1232 1234 1235
f 1237 751 1236
f 1236 751 750
f 743 819 1238
f 1238 819 821
f 1240 1241 1239
f 1239 1241 1242
f 1244 1245 1243
f 1243 1245 1246
f 844 1247 841
f 841 1247 1248
f 1250 1251 1249
f 1249 1251 1252
f 1254 893 1253
f 1253 893 1237
f 1255 1256 1258
f 1258 1256 1257
f 1260 1261 1259
f 1259 1261 1262
f 945 903 855
f 855 903 852
f 855 1263 945
f 945 1263 1264
f 832 845 801
f 801 845 803
f 800 721 803
f 803 721 801
f 721 800 722
f 722 800 799
f 1266 1267 1265
f 1265 1267 1268
f 1270 795 1269
f 1269 795 726
f 725 1271 726
f 726 1271 1269
f 737 765 738
f 738 765 764
f 759 740 760
f 760 740 739
f 717 1272 1274
f 1274 1272 1273
f 1163 1226 1275
f 1275 1226 1225
f 1277 882 1276
f 1276 882 881
f 1041 1040 1027
f 1027 1040 1026
f 900 935 901
f 901 935 934
f 1164 1278 1165
f 1165 1278 1222
f 1211 1279 1164
f 1164 1279 1278
f 442 1280 453
f 453 1280 1281
f 788 1282 785
f 785 1282 1283
f 1285 1286 1284
f 1284 1286 1287
f 1284 1288 1285
f 1285 1288 1289
f 757 1289 754
f 754 1289 1288
f 605 604 675
f 675 604 676
f 1290 1291 1293
f 1293 1291 1292
f 1295 1296 1294
f 1294 1296 1297
f 696 699 694
f 694 699 931
f 1298 1299 592
f 592 1299 589
f 1299 1300 589
f 589 1300 700
f 1300 1301 700
f 700 1301 701
f 743 745 819
f 819 745 805
f 1303 1304 1302
f 1302 1304 1305
f 1306 1307 1305
f 1305 1307 1302
f 609 1298 610
f 610 1298 592
f 587 822 588
f 588 822 1308
f 703 588 1309
f 1309 588 1308
f 1310 703 571
f 571 703 1309
f 1311 1312 789
f 789 1312 790
f 825 223 1313
f 1313 223 220
f 219 1314 220
f 220 1314 1313
f 1315 1316 1311
f 1311 1316 1312
f 1317 1318 1319
f 1319 1318 1241
f 441 1320 442
f 442 1320 1280
f 1321 217 572
f 572 217 216
f 1323 1230 1322
f 1322 1230 1229
f 1324 1325 631
f 631 1325 656
f 1034 1168 1010
f 1010 1168 1012
f 1327 1328 1326
f 1326 1328 1329
f 1331 1202 1330
f 1330 1202 1201
f 571 1309 572
f 572 1309 1321
f 573 572 1332
f 1332 572 216
f 1334 1335 1333
f 1333 1335 1336
f 1337 1338 918
f 918 1338 859
f 1339 863 1340
f 1340 863 866
f 1341 1342 1344
f 1344 1342 1343
f 1345 1346 919
f 919 1346 920
f 1347 1348 673
f 673 1348 1199
f 693 1349 928
f 928 1349 1201
f 1351 1257 1350
f 1350 1257 1256
f 1350 1352 1351
f 1351 1352 1353
f 653 930 654
f 654 930 662
f 1279 1354 1278
f 1278 1354 1355
f 1357 1358 1356
f 1356 1358 1359
f 937 1360 1140
f 1140 1360 1361
f 1225 1228 909
f 909 1228 964
f 901 934 1362
f 1362 934 1139
f 1364 1365 1363
f 1363 1365 1362
f 1367 912 1366
f 1366 912 911
f 1143 1142 1368
f 1368 1142 1369
f 1144 1186 1145
f 1145 1186 1185
f 1146 1175 1144
f 1144 1175 1186
f 1175 1146 1172
f 1172 1146 1148
f 1147 1018 1148
f 1148 1018 1172
f 1018 1147 1019
f 1019 1147 1149
f 1149 1150 1019
f 1019 1150 1370
f 1150 1151 1370
f 1370 1151 1371
f 1151 1153 1371
f 1371 1153 1177
f 1152 1156 1178
f 1178 1156 1372
f 1155 1158 1373
f 1373 1158 1374
f 1157 1159 1376
f 1376 1159 1375
f 1378 1379 1377
f 1377 1379 1380
f 1382 1383 1381
f 1381 1383 1384
f 1382 1386 1385
f 1385 1386 1387
f 1386 1233 1387
f 1387 1233 1232
f 1389 1390 1388
f 1388 1390 1391
f 1393 1394 1392
f 1392 1394 1395
f 1397 1398 1396
f 1396 1398 1399
f 629 1397 630
f 630 1397 1396
f 1342 1400 1343
f 1343 1400 1401
f 1403 1404 1402
f 1402 1404 1405
f 1407 1408 1406
f 1406 1408 1409
f 1411 1412 1410
f 1410 1412 1413
f 793 1414 794
f 794 1414 1415
f 1417 1341 1416
f 1416 1341 1344
f 704 705 1347
f 1347 705 1418
f 741 1419 742
f 742 1419 1420
f 1422 669 1421
f 1421 669 672
f 645 1423 646
f 646 1423 1424
f 1196 1198 614
f 614 1198 611
f 613 1425 614
f 614 1425 1426
f 1427 616 659
f 659 616 660
f 614 1426 1196
f 1196 1426 1191
f 696 594 697
f 697 594 590
f 697 590 700
f 700 590 589
f 703 1310 702
f 702 1310 1428
f 1421 672 1192
f 1192 672 689
f 1271 648 1269
f 1269 648 622
f 621 1270 622
f 622 1270 1269
f 1429 1430 1417
f 1417 1430 1341
f 1431 1432 1434
f 1434 1432 1433
f 1436 1437 1435
f 1435 1437 1438
f 1440 1441 1439
f 1439 1441 1442
f 1443 1444 1446
f 1446 1444 1445
f 823 809 938
f 938 809 817
f 810 1447 811
f 811 1447 1448
f 1449 1450 679
f 679 1450 706
f 913 916 1205
f 1205 916 1451
f 1275 1225 912
f 912 1225 909
f 1452 1453 880
f 880 1453 881
f 1444 1401 1445
f 1445 1401 1400
f 936 1454 937
f 937 1454 1360
f 824 1455 810
f 810 1455 1447
f 631 656 632
f 632 656 655
f 966 1456 967
f 967 1456 1457
f 1459 1460 1458
f 1458 1460 1461
f 1460 1462 1461
f 1461 1462 1463
f 972 974 973
f 973 974 975
f 990 995 991
f 991 995 994
f 1464 1187 1033
f 1033 1187 1174
f 1018 1021 1172
f 1172 1021 1173
f 1000 999 1001
f 1001 999 998
f 976 979 1022
f 1022 979 1032
f 1023 1024 980
f 980 1024 982
f 989 986 1171
f 1171 986 1169
f 1171 1170 989
f 989 1170 990
f 1170 1027 990
f 990 1027 995
f 1041 1039 998
f 998 1039 1001
f 1051 1063 1000
f 1000 1063 999
f 1066 1064 1051
f 1051 1064 1063
f 1183 1081 1066
f 1066 1081 1064
f 1178 1372 1103
f 1103 1372 1104
f 1092 1091 1465
f 1465 1091 1182
f 1467 1465 1466
f 1466 1465 1468
f 1469 1470 1184
f 1184 1470 1468
f 1095 1098 1471
f 1471 1098 1101
f 1076 1374 1120
f 1120 1374 1376
f 1110 1472 1127
f 1127 1472 1132
f 1472 1473 1132
f 1132 1473 1129
f 1474 1475 1466
f 1466 1475 1473
f 1119 1118 1116
f 1116 1118 1113
f 1375 1121 1376
f 1376 1121 1120
f 1127 1132 1128
f 1128 1132 1131
f 1227 1476 1228
f 1228 1476 1361
f 1365 1477 1362
f 1362 1477 872
f 1478 1479 1323
f 1323 1479 1230
f 1480 1481 914
f 914 1481 915
f 913 1277 914
f 914 1277 1276
f 1168 1034 1022
f 1022 1034 1023
f 1035 1036 1024
f 1024 1036 1025
f 1039 1041 1170
f 1170 1041 1027
f 1042 1148 1028
f 1028 1148 1146
f 968 1459 969
f 969 1459 1458
f 1482 1483 664
f 664 1483 665
f 1485 1486 1484
f 1484 1486 1487
f 1489 1490 1488
f 1488 1490 1491
f 1492 1493 722
f 722 1493 634
f 1495 1496 1494
f 1494 1496 1497
f 1498 1207 1339
f 1339 1207 863
f 1224 1499 1165
f 1165 1499 1166
f 1160 1163 1500
f 1500 1163 1275
f 1500 877 1160
f 1160 877 1501
f 876 873 1502
f 1502 873 1479
f 945 1264 851
f 851 1264 1229
f 835 1231 839
f 839 1231 871
f 1503 1283 778
f 778 1283 1282
f 716 715 1505
f 1505 715 1504
f 1446 1445 1507
f 1507 1445 1506
f 779 792 1381
f 1381 792 791
f 1430 1409 1341
f 1341 1409 1342
f 1411 1429 1508
f 1508 1429 1417
f 635 1510 1509
f 1509 1510 1511
f 1377 1380 1315
f 1315 1380 1316
f 1445 1400 1506
f 1506 1400 1408
f 918 917 1336
f 1336 917 1333
f 1513 1514 1512
f 1512 1514 870
f 1515 1516 1363
f 1363 1516 1364
f 1453 1517 881
f 881 1517 1276
f 992 1518 993
f 993 1518 1519
f 1520 1029 1518
f 1518 1029 955
f 1520 1026 1521
f 1521 1026 1040
f 1522 1015 1521
f 1521 1015 1043
f 996 1523 997
f 997 1523 1522
f 1060 1016 1524
f 1524 1016 1523
f 1061 1525 1062
f 1062 1525 1524
f 1079 1527 1526
f 1526 1527 1528
f 1093 1529 1094
f 1094 1529 1528
f 1111 1530 1112
f 1112 1530 1531
f 1532 1533 1105
f 1105 1533 1123
f 934 937 1139
f 1139 937 1140
f 1138 1363 1139
f 1139 1363 1362
f 1534 1222 1355
f 1355 1222 1278
f 1535 1223 1534
f 1534 1223 1222
f 821 587 1238
f 1238 587 586
f 1319 711 1317
f 1317 711 1536
f 1538 1200 1537
f 1537 1200 1199
f 1508 1417 1539
f 1539 1417 1416
f 1540 1541 840
f 840 1541 837
f 1231 898 871
f 871 898 901
f 1500 1275 1367
f 1367 1275 912
f 1543 1379 1542
f 1542 1379 1395
f 1539 772 1508
f 1508 772 1544
f 1546 1403 1545
f 1545 1403 1402
f 1548 1549 1547
f 1547 1549 1550
f 1552 1548 1551
f 1551 1548 1547
f 1554 1555 1553
f 1553 1555 1556
f 1558 1559 1557
f 1557 1559 1560
f 1562 1563 1561
f 1561 1563 1564
f 1566 1567 1565
f 1565 1567 1568
f 1570 1571 1569
f 1569 1571 1572
f 1574 1575 1573
f 1573 1575 1576
f 1577 1578 1572
f 1572 1578 1569
f 1580 1581 1579
f 1579 1581 1582
f 1584 1585 1583
f 1583 1585 1586
f 1588 1555 1587
f 1587 1555 1589
f 1591 1592 1590
f 1590 1592 1593
f 1595 1596 1594
f 1594 1596 1597
f 1596 1581 1597
f 1597 1581 1576
f 1599 1570 1598
f 1598 1570 1569
f 1601 1602 1600
f 1600 1602 1603
f 1605 1606 1604
f 1604 1606 1607
f 1608 1609 1568
f 1568 1609 1565
f 1611 1612 1610
f 1610 1612 1613
f 1615 1616 1614
f 1614 1616 1617
f 1619 1617 1618
f 1618 1617 1616
f 1621 1622 1620
f 1620 1622 1623
f 1625 1626 1624
f 1624 1626 1627
f 1629 1630 1628
f 1628 1630 1631
f 1633 1634 1632
f 1632 1634 1635
f 1636 1637 1639
f 1639 1637 1638
f 1641 1642 1640
f 1640 1642 1643
f 1624 1627 1644
f 1644 1627 1645
f 1647 1648 1646
f 1646 1648 1649
f 1651 1652 1650
f 1650 1652 1653
f 1655 1656 1654
f 1654 1656 1657
f 1659 1660 1658
f 1658 1660 1661
f 1662 1663 1631
f 1631 1663 1628
f 1651 1665 1664
f 1664 1665 1666
f 1667 1656 1619
f 1619 1656 1617
f 1669 1670 1668
f 1668 1670 1671
f 1632 1635 1672
f 1672 1635 1673
f 1674 1675 1638
f 1638 1675 1639
f 1677 1678 1676
f 1676 1678 1679
f 1680 1640 1681
f 1681 1640 1643
f 1682 1683 1643
f 1643 1683 1681
f 1670 1669 1235
f 1235 1669 1232
f 1396 1399 1674
f 1674 1399 1675
f 627 630 1679
f 1679 630 1676
f 1681 1315 1680
f 1680 1315 1311
f 1683 1377 1681
f 1681 1377 1315
f 1672 1673 1387
f 1387 1673 1385
f 1636 1684 1646
f 1646 1684 1685
f 1687 1688 1686
f 1686 1688 1689
f 1585 1690 1586
f 1586 1690 1691
f 1599 1692 1551
f 1551 1692 1693
f 1552 1558 1694
f 1694 1558 1557
f 1696 1615 1695
f 1695 1615 1614
f 1698 1699 1697
f 1697 1699 1623
f 1700 1701 1703
f 1703 1701 1702
f 1705 1706 1704
f 1704 1706 1707
f 1708 1709 1640
f 1640 1709 1641
f 1710 1711 1713
f 1713 1711 1712
f 1652 1655 1653
f 1653 1655 1654
f 1714 1699 1712
f 1712 1699 1713
f 1715 1710 1716
f 1716 1710 1713
f 1717 1708 1680
f 1680 1708 1640
f 1393 1392 1715
f 1715 1392 1710
f 1719 1720 1718
f 1718 1720 1721
f 1680 1311 1717
f 1717 1311 789
f 1378 1711 1392
f 1392 1711 1710
f 1388 1391 1719
f 1719 1391 1720
f 1723 1606 1722
f 1722 1606 1689
f 1725 1568 1724
f 1724 1568 1567
f 1726 1647 1685
f 1685 1647 1646
f 1728 1554 1727
f 1727 1554 1553
f 1591 1687 1600
f 1600 1687 1686
f 1730 1595 1729
f 1729 1595 1594
f 1601 1605 1731
f 1731 1605 1604
f 1733 1663 1732
f 1732 1663 1734
f 1736 1639 1735
f 1735 1639 1675
f 1658 1644 1737
f 1737 1644 1645
f 1726 1662 1724
f 1724 1662 1631
f 1399 1738 1675
f 1675 1738 1735
f 1621 1667 1739
f 1739 1667 1619
f 1714 1740 1620
f 1620 1740 1741
f 1592 1549 1593
f 1593 1549 1742
f 1602 1571 1603
f 1603 1571 1550
f 1688 1690 1689
f 1689 1690 1722
f 1588 1559 1582
f 1582 1559 1579
f 1673 1735 1385
f 1385 1735 1738
f 1387 1232 1672
f 1672 1232 1669
f 1580 1692 1573
f 1573 1692 1743
f 1377 1683 1378
f 1378 1683 1711
f 1664 1666 1744
f 1744 1666 1745
f 1744 1696 1664
f 1664 1696 1695
f 1746 1747 1732
f 1732 1747 1748
f 1749 1750 1677
f 1677 1750 1678
f 1709 1708 1750
f 1750 1708 1678
f 1668 1632 1669
f 1669 1632 1672
f 1633 1746 1734
f 1734 1746 1732
f 1679 1678 1717
f 1717 1678 1708
f 789 627 1717
f 1717 627 1679
f 1563 1723 1564
f 1564 1723 1722
f 1728 1584 1751
f 1751 1584 1583
f 1674 1676 1396
f 1396 1676 630
f 1666 1566 1745
f 1745 1566 1565
f 1627 1629 1645
f 1645 1629 1628
f 1637 1749 1638
f 1638 1749 1677
f 1648 1665 1649
f 1649 1665 1752
f 1740 1642 1741
f 1741 1642 1657
f 1676 1674 1677
f 1677 1674 1638
f 1683 1682 1711
f 1711 1682 1712
f 1618 1753 1619
f 1619 1753 1739
f 1701 1739 1702
f 1702 1739 1753
f 1754 1214 1756
f 1756 1214 1755
f 647 1757 619
f 619 1757 941
f 1759 1193 1758
f 1758 1193 691
f 1419 1760 1420
f 1420 1760 1761
f 682 1762 683
f 683 1762 1763
f 1412 780 1413
f 1413 780 1384
f 1383 1398 1384
f 1384 1398 1413
f 1197 1424 1764
f 1764 1424 1423
f 1537 1287 1538
f 1538 1287 1286
f 1634 1684 1635
f 1635 1684 1736
f 1724 1631 1725
f 1725 1631 1630
f 1562 1730 1610
f 1610 1730 1729
f 1735 1673 1736
f 1736 1673 1635
f 1757 1195 941
f 941 1195 1194
f 1766 200 1765
f 1765 200 199
f 475 500 476
f 476 500 479
f 498 558 483
f 483 558 487
f 545 551 546
f 546 551 550
f 453 1281 219
f 219 1281 1314
f 298 453 208
f 208 453 219
f 368 1765 1767
f 1767 1765 199
f 523 405 363
f 363 405 404
f 523 533 405
f 405 533 402
f 298 208 299
f 299 208 207
f 299 207 176
f 176 207 300
f 176 300 173
f 173 300 202
f 173 202 174
f 174 202 201
f 1337 918 1768
f 1768 918 1336
f 1769 1770 1338
f 1338 1770 859
f 581 570 578
f 578 570 1771
f 555 562 580
f 580 562 561
f 504 1772 501
f 501 1772 548
f 517 542 584
f 584 542 543
f 515 514 516
f 516 514 544
f 542 517 544
f 544 517 516
f 561 575 580
f 580 575 581
f 575 569 581
f 581 569 570
f 501 548 1773
f 1773 548 547
f 1774 1775 570
f 570 1775 1771
f 369 368 1776
f 1776 368 1767
f 372 369 375
f 375 369 1776
f 822 1280 1308
f 1308 1280 1320
f 820 1281 822
f 822 1281 1280
f 818 1314 820
f 820 1314 1281
f 1314 818 1313
f 1313 818 804
f 807 814 825
f 825 814 826
f 814 813 826
f 826 813 827
f 813 1220 827
f 827 1220 828
f 580 579 555
f 555 579 547
f 1477 1540 872
f 872 1540 840
f 367 499 368
f 368 499 1765
f 1766 1765 525
f 525 1765 499
f 1777 1766 526
f 526 1766 525
f 520 527 362
f 362 527 384
f 361 1778 519
f 519 1778 528
f 371 1779 372
f 372 1779 369
f 369 1779 370
f 370 1779 478
f 1779 371 478
f 478 371 374
f 1778 1777 528
f 528 1777 526
f 1781 1782 1780
f 1780 1782 1783
f 431 460 67
f 67 460 64
f 68 338 74
f 74 338 72
f 1785 1782 1784
f 1784 1782 1786
f 1787 1788 1790
f 1790 1788 1789
f 1792 1789 1791
f 1791 1789 1793
f 1791 1794 1792
f 1792 1794 1795
f 1794 1796 1795
f 1795 1796 1797
f 1797 1798 938
f 938 1798 868
f 1798 1799 868
f 868 1799 869
f 1801 1802 1800
f 1800 1802 1451
f 1803 1804 1205
f 1205 1804 1206
f 1805 1806 864
f 864 1806 865
f 1806 1807 865
f 865 1807 1808
f 68 71 338
f 287 328 288
f 1320 1321 1308
f 1308 1321 1309
f 1320 441 1321
f 1321 441 217
f 441 152 217
f 217 152 218
f 151 286 152
f 152 286 218
f 297 310 151
f 151 310 286
f 296 307 297
f 297 307 310
f 296 143 307
f 307 143 284
f 143 56 284
f 284 56 104
f 56 59 104
f 104 59 63
f 59 102 63
f 63 102 60
f 102 94 60
f 60 94 282
f 93 459 279
f 279 459 77
f 459 460 77
f 77 460 78
f 460 431 78
f 78 431 295
f 431 49 295
f 295 49 292
f 48 421 49
f 49 421 292
f 276 278 418
f 418 278 429
f 317 432 278
f 278 432 429
f 432 317 433
f 433 317 316
f 326 324 316
f 316 324 433
f 1536 592 1809
f 1809 592 591
f 1810 744 1812
f 1812 744 1811
f 1814 1815 1813
f 1813 1815 1816
f 1817 748 1818
f 1818 748 747
f 1812 1819 1810
f 1810 1819 1817
f 1820 1821 748
f 748 1821 749
f 1823 1824 1822
f 1822 1824 1825
f 1827 1828 1826
f 1826 1828 1829
f 1831 1832 1830
f 1830 1832 1833
f 1834 1827 1243
f 1243 1827 1826
f 1313 804 825
f 825 804 807
f 1835 1253 1236
f 1236 1253 1237
f 1836 1837 1438
f 1438 1837 1435
f 1838 1505 1840
f 1840 1505 1839
f 1841 1842 716
f 716 1842 713
f 1843 1844 1510
f 1510 1844 1845
f 1847 1848 1846
f 1846 1848 1849
f 1850 1240 1822
f 1822 1240 1239
f 636 1831 637
f 637 1831 1830
f 1852 1853 1851
f 1851 1853 1854
f 1855 1856 1858
f 1858 1856 1857
f 1846 1849 1859
f 1859 1849 1860
f 1343 1401 1509
f 1509 1401 1861
f 1509 1861 635
f 635 1861 636
f 1863 1864 1862
f 1862 1864 1865
f 1283 1503 1867
f 1867 1503 1866
f 1868 1867 681
f 681 1867 682
f 1286 1285 683
f 683 1285 684
f 757 756 1274
f 1274 756 1869
f 1274 1869 717
f 717 1869 718
f 1434 1433 719
f 719 1433 720
f 1200 1538 1545
f 1545 1538 1763
f 1285 1289 684
f 684 1289 1273
f 684 1273 681
f 681 1273 1272
f 785 1283 1868
f 1868 1283 1867
f 786 785 1870
f 1870 785 1868
f 1289 757 1273
f 1273 757 1274
f 1539 1416 1871
f 1871 1416 1872
f 773 1871 1403
f 1403 1871 1404
f 675 674 1405
f 1405 674 1402
f 1864 1873 1865
f 1865 1873 1874
f 638 1843 635
f 635 1843 1510
f 1344 1343 1511
f 1511 1343 1509
f 772 1539 773
f 773 1539 1871
f 674 1200 1402
f 1402 1200 1545
f 1538 1286 1763
f 1763 1286 683
f 1444 1443 1875
f 1875 1443 1876
f 1875 1876 1831
f 1831 1876 1832
f 1416 1344 1872
f 1872 1344 1511
f 1877 1878 774
f 774 1878 1879
f 1878 1847 1879
f 1879 1847 1846
f 1880 714 1881
f 1881 714 1848
f 1401 1444 1861
f 1861 1444 1875
f 1861 1875 636
f 636 1875 1831
f 1823 1863 1882
f 1882 1863 1862
f 1441 1440 1884
f 1884 1440 1883
f 1883 1852 1884
f 1884 1852 1851
f 1886 1887 1885
f 1885 1887 1888
f 1358 1889 1359
f 1359 1889 1890
f 1891 1886 1892
f 1892 1886 1885
f 774 1879 775
f 775 1879 1893
f 1859 1893 1846
f 1846 1893 1879
f 713 1842 1849
f 1849 1842 1860
f 1318 1895 1894
f 1894 1895 1896
f 1873 1897 1874
f 1874 1897 1898
f 1898 605 1899
f 1899 605 675
f 1405 1844 675
f 675 1844 1899
f 1404 1845 1405
f 1405 1845 1844
f 593 1296 591
f 591 1296 1809
f 1295 1292 1900
f 1900 1292 1895
f 606 1897 1291
f 1291 1897 1896
f 1510 1845 1511
f 1511 1845 1872
f 1871 1872 1404
f 1404 1872 1845
f 1866 770 1762
f 1762 770 1546
f 1762 682 1866
f 1866 682 1867
f 1870 1868 1272
f 1272 1868 681
f 1272 717 1870
f 1870 717 720
f 1870 720 786
f 786 720 1433
f 786 1433 787
f 787 1433 1432
f 1261 1414 1432
f 1432 1414 787
f 1389 1234 1260
f 1260 1234 1415
f 1719 1670 1388
f 1388 1670 1235
f 1718 1671 1719
f 1719 1671 1670
f 1705 1747 1718
f 1718 1747 1671
f 1659 1901 1704
f 1704 1901 1748
f 1877 1903 1902
f 1902 1903 1904
f 1259 1905 1390
f 1390 1905 1394
f 1715 1720 1393
f 1393 1720 1391
f 1716 1721 1715
f 1715 1721 1720
f 1698 1706 1716
f 1716 1706 1721
f 277 276 47
f 47 276 48
f 84 96 81
f 81 96 82
f 80 70 81
f 81 70 85
f 99 97 88
f 88 97 89
f 90 100 88
f 88 100 99
f 101 95 102
f 102 95 94
f 1906 1907 280
f 280 1907 281
f 97 86 89
f 89 86 85
f 60 282 61
f 61 282 281
f 83 82 46
f 46 82 47
f 293 292 420
f 420 292 421
f 419 1908 420
f 420 1908 1909
f 92 95 91
f 91 95 90
f 279 282 93
f 93 282 94
f 276 418 48
f 48 418 421
f 1910 1660 1697
f 1697 1660 1707
f 1703 1624 1700
f 1700 1624 1644
f 1622 1910 1623
f 1623 1910 1697
f 1701 1700 1911
f 1911 1700 1661
f 1700 1644 1661
f 1661 1644 1658
f 1901 1737 1733
f 1733 1737 1645
f 1625 1912 1604
f 1604 1912 1731
f 1912 1913 1731
f 1731 1913 1914
f 1913 1577 1914
f 1914 1577 1572
f 1915 1578 1616
f 1616 1578 1618
f 1915 1916 1598
f 1598 1916 1743
f 1916 1574 1743
f 1743 1574 1573
f 1575 1917 1576
f 1576 1917 1597
f 1917 1609 1597
f 1597 1609 1594
f 1608 1611 1729
f 1729 1611 1610
f 1918 1612 1629
f 1629 1612 1630
f 1626 1918 1627
f 1627 1918 1629
f 1920 1921 1919
f 1919 1921 1922
f 1920 1924 1923
f 1923 1924 1925
f 1926 1927 1924
f 1924 1927 1925
f 1929 1930 1928
f 1928 1930 1931
f 1932 1933 1935
f 1935 1933 1934
f 1937 1938 1936
f 1936 1938 1939
f 1941 1942 1940
f 1940 1942 1943
f 1941 1945 1944
f 1944 1945 1946
f 1947 1948 1694
f 1694 1948 1949
f 1950 1951 1953
f 1953 1951 1952
f 1955 1956 1954
f 1954 1956 1589
f 1958 1956 1957
f 1957 1956 1932
f 1960 1934 1959
f 1959 1934 1933
f 1962 1963 1961
f 1961 1963 1964
f 1965 1955 1751
f 1751 1955 1954
f 1935 1930 1932
f 1932 1930 1957
f 1951 1950 1926
f 1926 1950 1929
f 1966 1967 1593
f 1593 1967 1590
f 1969 1967 1968
f 1968 1967 1964
f 1962 1921 1970
f 1970 1921 1971
f 1963 1945 1964
f 1964 1945 1968
f 1972 1948 1922
f 1922 1948 1919
f 1966 1972 1961
f 1961 1972 1922
f 1958 1953 1587
f 1587 1953 1560
f 1974 1975 1973
f 1973 1975 1976
f 1978 1979 1977
f 1977 1979 1691
f 1979 1975 1691
f 1691 1975 1586
f 1938 1942 1939
f 1939 1942 1980
f 1952 1947 1557
f 1557 1947 1694
f 1969 1978 1981
f 1981 1978 1977
f 1983 1984 1982
f 1982 1984 1985
f 1986 1987 1989
f 1989 1987 1988
f 1990 1991 1983
f 1983 1991 1984
f 1990 1993 1992
f 1992 1993 1994
f 1995 1996 1994
f 1994 1996 1997
f 1999 2000 1998
f 1998 2000 2001
f 2003 2004 2002
f 2002 2004 2005
f 2007 2008 2006
f 2006 2008 2009
f 2011 2012 2010
f 2010 2012 2013
f 2014 2015 2017
f 2017 2015 2016
f 2018 2019 2021
f 2021 2019 2020
f 2022 1989 2024
f 2024 1989 2023
f 1989 1988 2023
f 2023 1988 2025
f 2026 2027 2017
f 2017 2027 2014
f 2029 2030 2028
f 2028 2030 2031
f 2033 2034 2032
f 2032 2034 2035
f 2032 2035 2036
f 2036 2035 2037
f 2039 2040 2038
f 2038 2040 2041
f 1982 2042 1983
f 1983 2042 2043
f 2045 2046 2044
f 2044 2046 2047
f 2049 2050 2048
f 2048 2050 2051
f 2053 2054 2052
f 2052 2054 2055
f 2057 2058 2056
f 2056 2058 2059
f 2060 2061 2033
f 2033 2061 2034
f 2063 2064 2062
f 2062 2064 2065
f 2066 2035 2067
f 2067 2035 2034
f 2069 2039 2068
f 2068 2039 2038
f 2025 2070 2023
f 2023 2070 2071
f 2072 2024 2071
f 2071 2024 2023
f 2074 2020 2073
f 2073 2020 2019
f 2050 2049 2047
f 2047 2049 2075
f 1983 2043 1990
f 1990 2043 1993
f 2006 2050 2007
f 2007 2050 2076
f 2050 2006 2051
f 2051 2006 2077
f 2079 2080 2078
f 2078 2080 2081
f 2082 2083 2085
f 2085 2083 2084
f 2010 2013 2086
f 2086 2013 2087
f 2089 2033 2088
f 2088 2033 2032
f 2090 2060 2089
f 2089 2060 2033
f 2092 2093 2091
f 2091 2093 2094
f 2096 1986 2095
f 2095 1986 2097
f 2097 1986 2022
f 2022 1986 1989
f 2015 2094 2016
f 2016 2094 2098
f 2016 2098 2100
f 2100 2098 2099
f 2017 2016 2101
f 2101 2016 2100
f 2017 2101 2026
f 2026 2101 2102
f 2100 2099 2104
f 2104 2099 2103
f 2104 2105 2100
f 2100 2105 2101
f 2105 2106 2101
f 2101 2106 2102
f 2108 2061 2107
f 2107 2061 2109
f 2111 2112 2110
f 2110 2112 2020
f 2020 2074 2110
f 2110 2074 2113
f 2115 2116 2114
f 2114 2116 2117
f 2118 2119 1995
f 1995 2119 2120
f 2121 2122 2027
f 2027 2122 2014
f 2047 2075 2044
f 2044 2075 2123
f 2124 2125 2127
f 2127 2125 2126
f 2129 2130 2128
f 2128 2130 2131
f 2132 2133 2057
f 2057 2133 2058
f 2134 1999 2136
f 2136 1999 2135
f 2055 2138 2137
f 2137 2138 2139
f 2141 2142 2140
f 2140 2142 2143
f 2083 2082 2064
f 2064 2082 2065
f 2082 2144 2065
f 2065 2144 2145
f 2040 2146 2041
f 2041 2146 2147
f 2060 2090 2148
f 2148 2090 2149
f 2048 2051 2137
f 2137 2051 2150
f 2151 1997 2135
f 2135 1997 1996
f 2152 2150 2077
f 2077 2150 2051
f 2046 2045 2118
f 2118 2045 2119
f 2154 2155 2153
f 2153 2155 2156
f 2158 2159 2157
f 2157 2159 2160
f 2162 2163 2161
f 2161 2163 2164
f 2164 2163 2165
f 2165 2163 2166
f 2168 2169 2167
f 2167 2169 2170
f 2003 2172 2171
f 2171 2172 2173
f 2174 2175 2002
f 2002 2175 2176
f 2145 2177 2065
f 2065 2177 2062
f 2178 2179 2180
f 2180 2179 2134
f 2181 2052 2152
f 2152 2052 2150
f 2040 2127 2146
f 2146 2127 2182
f 2130 2162 2131
f 2131 2162 2161
f 2052 2055 2150
f 2150 2055 2137
f 2184 2185 2183
f 2183 2185 2186
f 2159 2030 2160
f 2160 2030 2187
f 2146 2182 2029
f 2029 2182 2188
f 2189 2190 2192
f 2192 2190 2191
f 2172 2003 2176
f 2176 2003 2002
f 1998 2151 1999
f 1999 2151 2135
f 2177 2172 2062
f 2062 2172 2176
f 2172 2177 2173
f 2173 2177 2193
f 2063 2194 2064
f 2064 2194 2195
f 2066 2197 2196
f 2196 2197 2198
f 2002 2005 2174
f 2174 2005 2199
f 2004 2003 2200
f 2200 2003 2171
f 2198 2201 2171
f 2171 2201 2200
f 2197 2202 2198
f 2198 2202 2201
f 2202 2197 2203
f 2203 2197 2204
f 2196 2198 2173
f 2173 2198 2171
f 2205 2069 2170
f 2170 2069 2206
f 2197 2066 2204
f 2204 2066 2067
f 2107 2207 2108
f 2108 2207 2208
f 2210 2208 2209
f 2209 2208 2207
f 2185 2211 2212
f 2213 2214 2211
f 2211 2214 2212
f 1998 2001 2213
f 2213 2001 2214
f 2134 2215 1999
f 1999 2215 2000
f 2216 2217 2219
f 2219 2217 2218
f 2206 2220 2170
f 2170 2220 2167
f 2069 2068 2206
f 2206 2068 2221
f 2151 1998 2222
f 2222 1998 2213
f 2124 2039 2205
f 2205 2039 2069
f 2142 2223 2143
f 2143 2223 2128
f 2203 2186 2202
f 2202 2186 2185
f 2185 2184 2211
f 2211 2184 2224
f 2224 2225 2222
f 2222 2225 2226
f 2071 2227 2072
f 2072 2227 2228
f 2229 2074 2230
f 2230 2074 2073
f 2074 2229 2113
f 2113 2229 2231
f 2232 2225 2227
f 2227 2225 2224
f 2233 2234 2031
f 2031 2234 2028
f 2236 2231 2235
f 2235 2231 2229
f 2230 2183 2229
f 2229 2183 2235
f 2237 1987 2096
f 2096 1987 1986
f 2152 2238 2181
f 2181 2238 2239
f 2080 2240 2081
f 2081 2240 2241
f 2236 2242 1971
f 1971 2242 1970
f 1925 2113 1923
f 1923 2113 2231
f 2110 1927 2111
f 2111 1927 1928
f 2103 2111 1931
f 1931 2111 1928
f 1931 2243 2103
f 2103 2243 2104
f 2105 2104 2244
f 2244 2104 2243
f 1939 1980 2148
f 2148 1980 2109
f 1980 1944 2109
f 2109 1944 2107
f 1946 2245 2207
f 2207 2245 2209
f 2245 1970 2209
f 2209 1970 2242
f 2231 2236 1923
f 1923 2236 1971
f 2113 1925 2110
f 2110 1925 1927
f 2234 2246 2028
f 2028 2246 2147
f 2247 2248 2058
f 2058 2248 2059
f 2114 2117 2249
f 2249 2117 2250
f 2252 2253 2251
f 2251 2253 2254
f 2094 2015 2091
f 2091 2015 2255
f 2256 2255 2014
f 2014 2255 2015
f 2257 2145 2258
f 2258 2145 2144
f 2131 2161 2123
f 2123 2161 2044
f 2045 2044 2164
f 2164 2044 2161
f 2045 2164 2119
f 2119 2164 2165
f 2259 2120 2165
f 2165 2120 2119
f 2260 2261 2259
f 2259 2261 2120
f 2205 2262 2124
f 2124 2262 2125
f 2180 2263 2178
f 2178 2263 2264
f 2265 2266 2092
f 2092 2266 2093
f 1992 2267 2268
f 2184 2228 2224
f 2224 2228 2227
f 2048 2269 2049
f 2049 2269 2141
f 2129 2168 2157
f 2157 2168 2167
f 2049 2141 2075
f 2075 2141 2140
f 2199 2215 2270
f 2270 2215 2271
f 2142 2141 2272
f 2272 2141 2269
f 2089 2026 2090
f 2090 2026 2102
f 2146 2029 2147
f 2147 2029 2028
f 2111 2103 2112
f 2112 2103 2099
f 2061 2060 2109
f 2109 2060 2148
f 2273 2274 2041
f 2041 2274 2038
f 2260 2275 2261
f 2261 2275 2136
f 2057 2138 2132
f 2132 2138 2276
f 2272 2269 2056
f 2056 2269 2139
f 2277 2278 2270
f 2270 2278 2199
f 2029 2188 2030
f 2030 2188 2187
f 2040 2039 2127
f 2127 2039 2124
f 2064 2195 2083
f 2083 2195 2279
f 2056 2139 2057
f 2057 2139 2138
f 2278 2277 2247
f 2247 2277 2248
f 2062 2176 2063
f 2063 2176 2175
f 2280 2210 2242
f 2242 2210 2209
f 2282 2233 2281
f 2281 2233 2031
f 2216 2219 2283
f 2283 2219 2221
f 2158 2220 2218
f 2218 2220 2219
f 2217 2282 2218
f 2218 2282 2281
f 2220 2158 2167
f 2167 2158 2157
f 2223 2264 2128
f 2128 2264 2263
f 2261 1996 2120
f 2120 1996 1995
f 2213 2211 2222
f 2222 2211 2224
f 2283 2221 2284
f 2284 2221 2068
f 2135 1996 2136
f 2136 1996 2261
f 2144 2081 2258
f 2258 2081 2241
f 2235 2280 2236
f 2236 2280 2242
f 2246 2273 2147
f 2147 2273 2041
f 2036 2285 2032
f 2032 2285 2088
f 2077 2286 2152
f 2152 2286 2238
f 1937 1960 1973
f 1973 1960 1959
f 2070 2232 2071
f 2071 2232 2227
f 2244 2287 2105
f 2105 2287 2106
f 1936 1939 2149
f 2149 1939 2148
f 1944 1946 2107
f 2107 1946 2207
f 2285 2121 2088
f 2088 2121 2027
f 2253 2249 2254
f 2254 2249 2250
f 2006 2009 2077
f 2077 2009 2286
f 2289 2086 2288
f 2288 2086 2087
f 2223 2142 2290
f 2290 2142 2272
f 2128 2131 2143
f 2143 2131 2123
f 2156 2291 2153
f 2153 2291 2175
f 2292 2293 2278
f 2278 2293 2294
f 2075 2140 2123
f 2123 2140 2143
f 2262 2169 2275
f 2275 2169 2180
f 2275 2180 2136
f 2136 2180 2134
f 2274 2284 2038
f 2038 2284 2068
f 2127 2126 2182
f 2182 2126 2166
f 2094 2093 2098
f 2098 2093 2021
f 2098 2021 2099
f 2099 2021 2112
f 2018 2021 2266
f 2266 2021 2093
f 2251 2289 2252
f 2252 2289 2288
f 1997 2151 2226
f 2226 2151 2222
f 2206 2221 2220
f 2220 2221 2219
f 2269 2048 2139
f 2139 2048 2137
f 2159 2158 2281
f 2281 2158 2218
f 2156 2155 2190
f 2190 2155 2191
f 1974 1965 1583
f 1583 1965 1751
f 2088 2027 2089
f 2089 2027 2026
f 2030 2159 2031
f 2031 2159 2281
f 2106 2149 2102
f 2102 2149 2090
f 2287 1936 2106
f 2106 1936 2149
f 2293 2154 2294
f 2294 2154 2153
f 2021 2020 2112
f 2247 2295 2278
f 2278 2295 2292
f 2284 2296 2283
f 2283 2296 2297
f 2298 2296 2274
f 2274 2296 2284
f 2273 2299 2274
f 2274 2299 2298
f 2246 2300 2273
f 2273 2300 2299
f 2283 2297 2216
f 2216 2297 2301
f 2216 2301 2217
f 2217 2301 2302
f 2302 2303 2217
f 2217 2303 2282
f 2304 2301 2305
f 2305 2301 2297
f 2307 2308 2306
f 2306 2308 2309
f 2306 2310 2307
f 2307 2310 2311
f 2307 2312 2308
f 2308 2312 2313
f 2314 2315 2312
f 2312 2315 2316
f 2316 2317 2312
f 2312 2317 2313
f 2317 2305 2313
f 2313 2305 2318
f 2314 2312 2311
f 2311 2312 2307
f 2319 2320 2322
f 2322 2320 2321
f 2322 2311 2319
f 2319 2311 2310
f 2313 2318 2308
f 2308 2318 2309
f 2296 2298 2318
f 2318 2298 2309
f 2309 2298 2323
f 2323 2298 2299
f 2306 2309 2324
f 2324 2309 2323
f 2310 2306 2325
f 2325 2306 2324
f 2296 2318 2297
f 2297 2318 2305
f 2319 2310 2326
f 2326 2310 2325
f 2328 2325 2327
f 2327 2325 2324
f 2325 2328 2326
f 2326 2328 2329
f 2331 2328 2330
f 2330 2328 2327
f 2332 2333 2327
f 2327 2333 2330
f 2328 2331 2329
f 2329 2331 2334
f 2324 2323 2327
f 2327 2323 2332
f 2300 2332 2299
f 2299 2332 2323
f 2326 2335 2319
f 2319 2335 2320
f 2305 2317 2336
f 2336 2317 2316
f 2336 2316 2337
f 2337 2316 2315
f 2338 2304 2336
f 2336 2304 2305
f 2337 2339 2336
f 2336 2339 2338
f 2337 2315 2341
f 2341 2315 2340
f 2342 2300 2234
f 2234 2300 2246
f 2303 2343 2282
f 2282 2343 2233
f 2234 2233 2342
f 2342 2233 2343
f 2342 2343 2333
f 2333 2343 2344
f 2333 2344 2330
f 2330 2344 2345
f 2346 2344 2303
f 2303 2344 2343
f 2332 2300 2333
f 2333 2300 2342
f 2347 2346 2302
f 2302 2346 2303
f 2301 2304 2302
f 2302 2304 2347
f 2304 2338 2347
f 2347 2338 2348
f 2348 2349 2347
f 2347 2349 2346
f 2350 2351 2348
f 2348 2351 2349
f 2349 2345 2346
f 2346 2345 2344
f 2345 2349 2352
f 2352 2349 2351
f 2338 2339 2348
f 2348 2339 2350
f 2350 2339 2353
f 2353 2339 2354
f 2356 2357 2355
f 2355 2357 2353
f 2351 2350 2357
f 2357 2350 2353
f 2353 2354 2355
f 2355 2354 2335
f 2320 2335 2341
f 2341 2335 2354
f 2339 2337 2354
f 2354 2337 2341
f 2352 2331 2345
f 2345 2331 2330
f 2356 2334 2352
f 2352 2334 2331
f 2356 2352 2357
f 2357 2352 2351
f 2355 2329 2356
f 2356 2329 2334
f 2335 2326 2355
f 2355 2326 2329
f 2321 2314 2322
f 2322 2314 2311
f 2321 2320 2340
f 2340 2320 2341
f 2315 2314 2340
f 2340 2314 2321
f 2125 2260 2126
f 2126 2260 2259
f 2157 2160 2129
f 2129 2160 2130
f 2188 2163 2187
f 2187 2163 2162
f 2182 2166 2188
f 2188 2166 2163
f 2180 2169 2263
f 2263 2169 2168
f 2160 2187 2130
f 2130 2187 2162
f 2275 2260 2262
f 2262 2260 2125
f 2128 2263 2129
f 2129 2263 2168
f 2262 2205 2169
f 2169 2205 2170
f 2165 2166 2259
f 2259 2166 2126
f 2359 2360 2358
f 2358 2360 2361
f 2363 2364 2362
f 2362 2364 2365
f 2367 2363 2366
f 2366 2363 2362
f 2368 2369 2371
f 2371 2369 2370
f 2372 2373 2248
f 2248 2373 2059
f 2364 2374 2365
f 2365 2374 2375
f 2377 2378 2376
f 2376 2378 2379
f 2290 2380 2223
f 2223 2380 2381
f 2223 2381 2264
f 2264 2381 2382
f 2384 2385 2383
f 2383 2385 2386
f 2364 2371 2374
f 2374 2371 2387
f 2059 2373 2290
f 2290 2373 2380
f 2378 2360 2379
f 2379 2360 2388
f 2374 2387 2359
f 2359 2387 2389
f 2390 2367 2386
f 2386 2367 2391
f 2393 2394 2392
f 2392 2394 2395
f 2386 2391 2383
f 2383 2391 2396
f 2367 2366 2391
f 2391 2366 2397
f 2363 2367 2368
f 2368 2367 2390
f 2398 2399 2361
f 2361 2399 2358
f 2399 2400 2358
f 2358 2400 2375
f 2390 2401 2368
f 2368 2401 2369
f 2372 2384 2376
f 2376 2384 2383
f 2374 2359 2375
f 2375 2359 2358
f 2402 2403 2365
f 2365 2403 2362
f 2359 2389 2360
f 2360 2389 2388
f 2364 2363 2371
f 2371 2363 2368
f 2405 2398 2404
f 2404 2398 2361
f 2392 2395 2406
f 2406 2395 2397
f 2377 2396 2394
f 2394 2396 2395
f 2394 2393 2404
f 2404 2393 2405
f 2396 2377 2383
f 2383 2377 2376
f 2406 2397 2407
f 2407 2397 2366
f 2400 2402 2375
f 2375 2402 2365
f 2385 2270 2401
f 2401 2270 2271
f 2403 2407 2362
f 2362 2407 2366
f 2371 2370 2387
f 2387 2370 2382
f 2391 2397 2396
f 2396 2397 2395
f 2378 2377 2404
f 2404 2377 2394
f 2360 2378 2361
f 2361 2378 2404
f 2407 2408 2406
f 2406 2408 2409
f 2410 2408 2403
f 2403 2408 2407
f 2411 2410 2402
f 2402 2410 2403
f 2412 2411 2400
f 2400 2411 2402
f 2406 2409 2392
f 2392 2409 2413
f 2392 2413 2393
f 2393 2413 2414
f 2415 2405 2414
f 2414 2405 2393
f 2416 2413 2417
f 2417 2413 2409
f 2419 2420 2418
f 2418 2420 2421
f 2420 2422 2421
f 2421 2422 2423
f 2420 2424 2422
f 2422 2424 2425
f 2426 2427 2424
f 2424 2427 2428
f 2428 2429 2424
f 2424 2429 2425
f 2426 2424 2419
f 2419 2424 2420
f 2419 2418 2431
f 2431 2418 2430
f 2425 2432 2422
f 2422 2432 2423
f 2408 2410 2432
f 2432 2410 2423
f 2423 2410 2433
f 2433 2410 2411
f 2421 2423 2434
f 2434 2423 2433
f 2435 2418 2434
f 2434 2418 2421
f 2429 2417 2425
f 2425 2417 2432
f 2408 2432 2409
f 2409 2432 2417
f 2418 2435 2430
f 2430 2435 2436
f 2438 2435 2437
f 2437 2435 2434
f 2435 2438 2436
f 2436 2438 2439
f 2441 2438 2440
f 2440 2438 2437
f 2442 2443 2437
f 2437 2443 2440
f 2439 2438 2444
f 2444 2438 2441
f 2433 2442 2434
f 2434 2442 2437
f 2412 2442 2411
f 2411 2442 2433
f 2436 2445 2430
f 2430 2445 2446
f 2430 2446 2431
f 2431 2446 2447
f 2417 2429 2448
f 2448 2429 2428
f 2427 2449 2428
f 2428 2449 2448
f 2450 2416 2448
f 2448 2416 2417
f 2451 2450 2449
f 2449 2450 2448
f 2427 2452 2449
f 2449 2452 2453
f 2447 2446 2452
f 2452 2446 2453
f 2454 2412 2399
f 2399 2412 2400
f 2415 2455 2405
f 2405 2455 2398
f 2399 2398 2454
f 2454 2398 2455
f 2454 2455 2443
f 2443 2455 2456
f 2443 2456 2440
f 2440 2456 2457
f 2458 2456 2415
f 2415 2456 2455
f 2443 2442 2454
f 2454 2442 2412
f 2459 2458 2414
f 2414 2458 2415
f 2413 2416 2414
f 2414 2416 2459
f 2459 2416 2460
f 2460 2416 2450
f 2460 2461 2459
f 2459 2461 2458
f 2462 2463 2460
f 2460 2463 2461
f 2461 2457 2458
f 2458 2457 2456
f 2457 2461 2464
f 2464 2461 2463
f 2451 2462 2450
f 2450 2462 2460
f 2462 2451 2465
f 2465 2451 2466
f 2468 2469 2467
f 2467 2469 2465
f 2463 2462 2469
f 2469 2462 2465
f 2465 2466 2467
f 2467 2466 2445
f 2446 2445 2453
f 2453 2445 2466
f 2451 2449 2466
f 2466 2449 2453
f 2464 2441 2457
f 2457 2441 2440
f 2468 2444 2464
f 2464 2444 2441
f 2468 2464 2469
f 2469 2464 2463
f 2467 2439 2468
f 2468 2439 2444
f 2445 2436 2467
f 2467 2436 2439
f 2447 2426 2431
f 2431 2426 2419
f 2427 2426 2452
f 2452 2426 2447
f 2369 2179 2370
f 2370 2179 2178
f 2376 2379 2372
f 2372 2379 2373
f 2389 2381 2388
f 2388 2381 2380
f 2387 2382 2389
f 2389 2382 2381
f 2270 2385 2277
f 2277 2385 2384
f 2379 2388 2373
f 2373 2388 2380
f 2401 2271 2369
f 2369 2271 2179
f 2248 2277 2372
f 2372 2277 2384
f 2401 2390 2385
f 2385 2390 2386
f 2264 2382 2178
f 2178 2382 2370
f 2215 2134 2271
f 2271 2134 2179
f 2005 2000 2199
f 2199 2000 2215
f 2004 2001 2005
f 2005 2001 2000
f 2200 2214 2004
f 2004 2214 2001
f 2470 2471 2473
f 2473 2471 2472
f 2475 2476 2474
f 2474 2476 2477
f 2479 2475 2478
f 2478 2475 2474
f 2481 2482 2480
f 2480 2482 2483
f 2476 2484 2477
f 2477 2484 2485
f 2487 2488 2486
f 2486 2488 2489
f 2133 2490 2058
f 2058 2490 2491
f 2058 2491 2247
f 2247 2491 2492
f 2494 2495 2493
f 2493 2495 2496
f 2476 2483 2484
f 2484 2483 2497
f 2472 2498 2488
f 2488 2498 2489
f 2484 2497 2471
f 2471 2497 2499
f 2500 2479 2496
f 2496 2479 2501
f 2502 2503 2505
f 2505 2503 2504
f 2496 2501 2493
f 2493 2501 2506
f 2479 2478 2501
f 2501 2478 2507
f 2475 2479 2480
f 2480 2479 2500
f 2508 2509 2473
f 2473 2509 2470
f 2509 2510 2470
f 2470 2510 2485
f 2511 2481 2500
f 2500 2481 2480
f 2512 2494 2486
f 2486 2494 2493
f 2485 2484 2470
f 2470 2484 2471
f 2513 2514 2477
f 2477 2514 2474
f 2471 2499 2472
f 2472 2499 2498
f 2476 2475 2483
f 2483 2475 2480
f 2516 2508 2515
f 2515 2508 2473
f 2502 2505 2517
f 2517 2505 2507
f 2504 2487 2505
f 2505 2487 2506
f 2503 2516 2504
f 2504 2516 2515
f 2506 2487 2493
f 2493 2487 2486
f 2517 2507 2518
f 2518 2507 2478
f 2510 2513 2485
f 2485 2513 2477
f 2511 2495 2293
f 2293 2495 2154
f 2514 2518 2474
f 2474 2518 2478
f 2483 2482 2497
f 2497 2482 2492
f 2501 2507 2506
f 2506 2507 2505
f 2488 2487 2515
f 2515 2487 2504
f 2472 2488 2473
f 2473 2488 2515
f 2518 2519 2517
f 2517 2519 2520
f 2521 2519 2514
f 2514 2519 2518
f 2522 2521 2513
f 2513 2521 2514
f 2523 2522 2510
f 2510 2522 2513
f 2517 2520 2502
f 2502 2520 2524
f 2502 2524 2503
f 2503 2524 2525
f 2525 2526 2503
f 2503 2526 2516
f 2527 2524 2528
f 2528 2524 2520
f 2530 2531 2529
f 2529 2531 2532
f 2531 2533 2532
f 2532 2533 2534
f 2531 2535 2533
f 2533 2535 2536
f 2537 2538 2535
f 2535 2538 2539
f 2539 2540 2535
f 2535 2540 2536
f 2537 2535 2530
f 2530 2535 2531
f 2529 2541 2530
f 2530 2541 2542
f 2543 2534 2536
f 2536 2534 2533
f 2519 2521 2543
f 2543 2521 2534
f 2534 2521 2544
f 2544 2521 2522
f 2532 2534 2545
f 2545 2534 2544
f 2529 2532 2546
f 2546 2532 2545
f 2536 2540 2543
f 2543 2540 2528
f 2519 2543 2520
f 2520 2543 2528
f 2541 2529 2547
f 2547 2529 2546
f 2548 2549 2545
f 2545 2549 2546
f 2549 2550 2546
f 2546 2550 2547
f 2551 2552 2548
f 2548 2552 2549
f 2548 2553 2551
f 2551 2553 2554
f 2550 2549 2555
f 2555 2549 2552
f 2545 2544 2548
f 2548 2544 2553
f 2523 2553 2522
f 2522 2553 2544
f 2547 2556 2541
f 2541 2556 2557
f 2541 2557 2542
f 2542 2557 2558
f 2528 2540 2559
f 2559 2540 2539
f 2538 2560 2539
f 2539 2560 2559
f 2561 2527 2559
f 2559 2527 2528
f 2560 2562 2559
f 2559 2562 2561
f 2560 2538 2564
f 2564 2538 2563
f 2558 2557 2563
f 2563 2557 2564
f 2565 2523 2509
f 2509 2523 2510
f 2526 2566 2516
f 2516 2566 2508
f 2509 2508 2565
f 2565 2508 2566
f 2565 2566 2554
f 2554 2566 2567
f 2554 2567 2551
f 2551 2567 2568
f 2569 2567 2526
f 2526 2567 2566
f 2553 2523 2554
f 2554 2523 2565
f 2570 2569 2525
f 2525 2569 2526
f 2524 2527 2525
f 2525 2527 2570
f 2527 2561 2570
f 2570 2561 2571
f 2571 2572 2570
f 2570 2572 2569
f 2573 2574 2571
f 2571 2574 2572
f 2572 2568 2569
f 2569 2568 2567
f 2568 2572 2575
f 2575 2572 2574
f 2562 2573 2561
f 2561 2573 2571
f 2573 2562 2576
f 2576 2562 2577
f 2579 2580 2578
f 2578 2580 2576
f 2574 2573 2580
f 2580 2573 2576
f 2576 2577 2578
f 2578 2577 2556
f 2557 2556 2564
f 2564 2556 2577
f 2562 2560 2577
f 2577 2560 2564
f 2575 2552 2568
f 2568 2552 2551
f 2579 2555 2575
f 2575 2555 2552
f 2579 2575 2580
f 2580 2575 2574
f 2550 2555 2578
f 2578 2555 2579
f 2556 2547 2578
f 2578 2547 2550
f 2558 2537 2542
f 2542 2537 2530
f 2538 2537 2563
f 2563 2537 2558
f 2292 2295 2481
f 2481 2295 2482
f 2486 2489 2512
f 2512 2489 2581
f 2499 2491 2498
f 2498 2491 2490
f 2497 2492 2499
f 2499 2492 2491
f 2155 2154 2494
f 2494 2154 2495
f 2581 2489 2490
f 2490 2489 2498
f 2293 2292 2511
f 2511 2292 2481
f 2191 2155 2512
f 2512 2155 2494
f 2500 2496 2511
f 2511 2496 2495
f 2247 2492 2295
f 2295 2492 2482
f 2583 2584 2582
f 2582 2584 2585
f 2587 2588 2586
f 2586 2588 2589
f 2591 2587 2590
f 2590 2587 2586
f 2593 2594 2592
f 2592 2594 2595
f 2596 2597 2599
f 2599 2597 2598
f 2588 2600 2589
f 2589 2600 2601
f 2602 2603 2605
f 2605 2603 2604
f 2606 2607 2609
f 2609 2607 2608
f 2609 2608 2190
f 2190 2608 2610
f 2611 2612 2614
f 2614 2612 2613
f 2600 2588 2615
f 2615 2588 2595
f 2599 2598 2606
f 2606 2598 2607
f 2584 2616 2604
f 2604 2616 2605
f 2600 2615 2583
f 2583 2615 2617
f 2591 2619 2618
f 2618 2619 2614
f 2621 2622 2620
f 2620 2622 2623
f 2619 2624 2614
f 2614 2624 2611
f 2591 2590 2619
f 2619 2590 2625
f 2587 2591 2592
f 2592 2591 2618
f 2626 2627 2585
f 2585 2627 2582
f 2627 2628 2582
f 2582 2628 2601
f 2629 2593 2618
f 2618 2593 2592
f 2602 2597 2611
f 2611 2597 2612
f 2600 2583 2601
f 2601 2583 2582
f 2630 2631 2589
f 2589 2631 2586
f 2583 2617 2584
f 2584 2617 2616
f 2588 2587 2595
f 2595 2587 2592
f 2633 2626 2632
f 2632 2626 2585
f 2620 2623 2634
f 2634 2623 2625
f 2622 2603 2623
f 2623 2603 2624
f 2621 2633 2622
f 2622 2633 2632
f 2611 2624 2602
f 2602 2624 2603
f 2634 2625 2635
f 2635 2625 2590
f 2628 2630 2601
f 2601 2630 2589
f 2613 2195 2629
f 2629 2195 2194
f 2631 2635 2586
f 2586 2635 2590
f 2595 2594 2615
f 2615 2594 2610
f 2619 2625 2624
f 2624 2625 2623
f 2632 2604 2622
f 2622 2604 2603
f 2585 2584 2632
f 2632 2584 2604
f 2635 2636 2634
f 2634 2636 2637
f 2638 2636 2631
f 2631 2636 2635
f 2639 2638 2630
f 2630 2638 2631
f 2640 2639 2628
f 2628 2639 2630
f 2634 2637 2620
f 2620 2637 2641
f 2620 2641 2621
f 2621 2641 2642
f 2642 2643 2621
f 2621 2643 2633
f 2641 2637 2644
f 2644 2637 2645
f 2646 2647 2649
f 2649 2647 2648
f 2648 2650 2649
f 2649 2650 2651
f 2648 2652 2650
f 2650 2652 2653
f 2652 2654 2656
f 2656 2654 2655
f 2656 2657 2652
f 2652 2657 2653
f 2654 2652 2647
f 2647 2652 2648
f 2647 2646 2659
f 2659 2646 2658
f 2660 2651 2653
f 2653 2651 2650
f 2636 2638 2660
f 2660 2638 2651
f 2651 2638 2661
f 2661 2638 2639
f 2651 2661 2649
f 2649 2661 2662
f 2663 2646 2662
f 2662 2646 2649
f 2653 2657 2660
f 2660 2657 2645
f 2636 2660 2637
f 2637 2660 2645
f 2646 2663 2658
f 2658 2663 2664
f 2665 2666 2662
f 2662 2666 2663
f 2666 2667 2663
f 2663 2667 2664
f 2668 2669 2665
f 2665 2669 2666
f 2665 2670 2668
f 2668 2670 2671
f 2667 2666 2672
f 2672 2666 2669
f 2662 2661 2665
f 2665 2661 2670
f 2640 2670 2639
f 2639 2670 2661
f 2673 2674 2664
f 2664 2674 2658
f 2658 2674 2659
f 2659 2674 2675
f 2645 2657 2676
f 2676 2657 2656
f 2677 2676 2655
f 2655 2676 2656
f 2676 2678 2645
f 2645 2678 2644
f 2677 2679 2676
f 2676 2679 2678
f 2655 2680 2677
f 2677 2680 2681
f 2675 2674 2680
f 2680 2674 2681
f 2682 2640 2627
f 2627 2640 2628
f 2643 2683 2633
f 2633 2683 2626
f 2682 2627 2683
f 2683 2627 2626
f 2683 2684 2682
f 2682 2684 2671
f 2684 2685 2671
f 2671 2685 2668
f 2686 2684 2643
f 2643 2684 2683
f 2670 2640 2671
f 2671 2640 2682
f 2687 2686 2642
f 2642 2686 2643
f 2642 2641 2687
f 2687 2641 2644
f 2687 2644 2688
f 2688 2644 2678
f 2688 2689 2687
f 2687 2689 2686
f 2690 2691 2688
f 2688 2691 2689
f 2689 2685 2686
f 2686 2685 2684
f 2685 2689 2692
f 2692 2689 2691
f 2679 2690 2678
f 2678 2690 2688
f 2690 2679 2693
f 2693 2679 2694
f 2696 2697 2695
f 2695 2697 2693
f 2691 2690 2697
f 2697 2690 2693
f 2693 2694 2695
f 2695 2694 2673
f 2674 2673 2681
f 2681 2673 2694
f 2679 2677 2694
f 2694 2677 2681
f 2685 2692 2668
f 2668 2692 2669
f 2696 2672 2692
f 2692 2672 2669
f 2696 2692 2697
f 2697 2692 2691
f 2695 2667 2696
f 2696 2667 2672
f 2673 2664 2695
f 2695 2664 2667
f 2675 2654 2659
f 2659 2654 2647
f 2655 2654 2680
f 2680 2654 2675
f 2291 2156 2593
f 2593 2156 2594
f 2597 2602 2598
f 2598 2602 2605
f 2616 2617 2607
f 2607 2617 2608
f 2615 2610 2617
f 2617 2610 2608
f 2597 2596 2612
f 2612 2596 2698
f 2598 2605 2607
f 2607 2605 2616
f 2194 2291 2629
f 2629 2291 2593
f 2629 2618 2613
f 2613 2618 2614
f 2190 2610 2156
f 2156 2610 2594
f 2700 2010 2699
f 2699 2010 2086
f 2267 2701 2116
f 2116 2701 2702
f 2116 2702 2117
f 2117 2702 2703
f 2704 2705 2250
f 2250 2705 2254
f 2011 2706 2267
f 2267 2706 2701
f 2699 2086 2707
f 2707 2086 2289
f 2010 2700 2011
f 2011 2700 2706
f 2708 2707 2251
f 2251 2707 2289
f 2703 2704 2117
f 2117 2704 2250
f 2705 2708 2254
f 2254 2708 2251
f 2709 2710 2708
f 2708 2710 2707
f 2711 2709 2705
f 2705 2709 2708
f 2712 2711 2704
f 2704 2711 2705
f 2713 2712 2703
f 2703 2712 2704
f 2707 2710 2699
f 2699 2710 2714
f 2699 2714 2700
f 2700 2714 2715
f 2716 2706 2715
f 2715 2706 2700
f 2714 2710 2717
f 2717 2710 2718
f 2720 2721 2719
f 2719 2721 2722
f 2721 2723 2722
f 2722 2723 2724
f 2721 2725 2723
f 2723 2725 2726
f 2727 2728 2725
f 2725 2728 2726
f 2729 2725 2720
f 2720 2725 2721
f 2731 2729 2730
f 2730 2729 2720
f 2719 2732 2720
f 2720 2732 2730
f 2726 2733 2723
f 2723 2733 2724
f 2709 2711 2733
f 2733 2711 2724
f 2724 2711 2734
f 2734 2711 2712
f 2722 2724 2735
f 2735 2724 2734
f 2719 2722 2736
f 2736 2722 2735
f 2726 2728 2733
f 2733 2728 2718
f 2709 2733 2710
f 2710 2733 2718
f 2732 2719 2737
f 2737 2719 2736
f 2738 2739 2735
f 2735 2739 2736
f 2739 2740 2736
f 2736 2740 2737
f 2741 2742 2738
f 2738 2742 2739
f 2738 2743 2741
f 2741 2743 2744
f 2740 2739 2745
f 2745 2739 2742
f 2735 2734 2738
f 2738 2734 2743
f 2713 2743 2712
f 2712 2743 2734
f 2737 2746 2732
f 2732 2746 2747
f 2732 2747 2730
f 2730 2747 2731
f 2718 2728 2748
f 2748 2728 2727
f 2749 2750 2727
f 2727 2750 2748
f 2748 2751 2718
f 2718 2751 2717
f 2750 2752 2748
f 2748 2752 2751
f 2750 2749 2754
f 2754 2749 2753
f 2731 2747 2753
f 2753 2747 2754
f 2727 2725 2749
f 2749 2725 2729
f 2749 2729 2753
f 2753 2729 2731
f 2702 2755 2703
f 2703 2755 2713
f 2706 2716 2701
f 2701 2716 2756
f 2755 2702 2756
f 2756 2702 2701
f 2756 2757 2755
f 2755 2757 2744
f 2757 2758 2744
f 2744 2758 2741
f 2759 2757 2716
f 2716 2757 2756
f 2743 2713 2744
f 2744 2713 2755
f 2760 2759 2715
f 2715 2759 2716
f 2715 2714 2760
f 2760 2714 2717
f 2760 2717 2761
f 2761 2717 2751
f 2761 2762 2760
f 2760 2762 2759
f 2763 2764 2761
f 2761 2764 2762
f 2762 2758 2759
f 2759 2758 2757
f 2758 2762 2765
f 2765 2762 2764
f 2752 2763 2751
f 2751 2763 2761
f 2763 2752 2766
f 2766 2752 2767
f 2768 2769 2766
f 2766 2769 2770
f 2764 2763 2770
f 2770 2763 2766
f 2766 2767 2768
f 2768 2767 2746
f 2747 2746 2754
f 2754 2746 2767
f 2752 2750 2767
f 2767 2750 2754
f 2758 2765 2741
f 2741 2765 2742
f 2769 2745 2765
f 2765 2745 2742
f 2769 2765 2770
f 2770 2765 2764
f 2768 2740 2769
f 2769 2740 2745
f 2746 2737 2768
f 2768 2737 2740
f 2201 2212 2200
f 2200 2212 2214
f 2201 2202 2212
f 2212 2202 2185
f 2512 2581 2191
f 2191 2581 2192
f 2059 2290 2056
f 2056 2290 2272
f 2174 2199 2294
f 2294 2199 2278
f 2063 2175 2194
f 2194 2175 2291
f 2192 2581 2133
f 2133 2581 2490
f 2133 2132 2192
f 2192 2132 2189
f 2054 2276 2055
f 2055 2276 2138
f 2083 2279 2084
f 2084 2279 2771
f 2771 2279 2599
f 2599 2279 2596
f 2606 2772 2599
f 2599 2772 2771
f 2772 2773 2771
f 2771 2773 2084
f 2773 2774 2084
f 2084 2774 2085
f 2085 2775 2082
f 2082 2775 2144
f 2774 2078 2085
f 2085 2078 2775
f 2078 2774 2079
f 2079 2774 2776
f 2774 2773 2776
f 2776 2773 2777
f 2773 2772 2777
f 2777 2772 2778
f 2190 2189 2609
f 2609 2189 2778
f 2053 2052 2779
f 2779 2052 2181
f 2144 2775 2081
f 2081 2775 2078
f 2294 2153 2174
f 2174 2153 2175
f 2132 2276 2189
f 2189 2276 2778
f 2606 2609 2772
f 2772 2609 2778
f 2195 2613 2698
f 2698 2613 2612
f 2596 2279 2698
f 2698 2279 2195
f 2054 2777 2276
f 2276 2777 2778
f 2777 2054 2776
f 2776 2054 2053
f 2053 2779 2776
f 2776 2779 2079
f 2779 2181 2079
f 2079 2181 2080
f 2181 2239 2080
f 2080 2239 2240
f 2122 2256 2014
f 2042 1982 2076
f 2076 1982 2007
f 1982 1985 2007
f 2007 1985 2008
f 2095 2097 2265
f 2265 2097 2266
f 2076 2050 2042
f 2042 2050 2047
f 2046 2043 2047
f 2047 2043 2042
f 2118 1993 2046
f 2046 1993 2043
f 1995 1994 2118
f 2118 1994 1993
f 2267 1992 2011
f 2011 1992 2012
f 1997 2012 1994
f 1994 2012 1992
f 2226 2013 1997
f 1997 2013 2012
f 2225 2087 2226
f 2226 2087 2013
f 2225 2232 2087
f 2087 2232 2288
f 2232 2070 2288
f 2288 2070 2252
f 2070 2025 2252
f 2252 2025 2253
f 1988 2249 2025
f 2025 2249 2253
f 2116 2115 2267
f 2267 2115 2268
f 2096 1984 2237
f 2237 1984 1991
f 2095 1985 2096
f 2096 1985 1984
f 2265 2008 2095
f 2095 2008 1985
f 2092 2009 2265
f 2265 2009 2008
f 2091 2286 2092
f 2092 2286 2009
f 2255 2238 2091
f 2091 2238 2286
f 2256 2239 2255
f 2255 2239 2238
f 2122 2240 2256
f 2256 2240 2239
f 2121 2241 2122
f 2122 2241 2240
f 2022 2018 2097
f 2097 2018 2266
f 2022 2024 2018
f 2018 2024 2019
f 2024 2072 2019
f 2019 2072 2073
f 2072 2228 2073
f 2073 2228 2230
f 2228 2184 2230
f 2230 2184 2183
f 2121 2285 2241
f 2241 2285 2258
f 2285 2036 2258
f 2258 2036 2257
f 2177 2145 2193
f 2193 2145 2257
f 2173 2193 2196
f 2196 2193 2037
f 2036 2037 2257
f 2257 2037 2193
f 2196 2037 2066
f 2066 2037 2035
f 2061 2108 2034
f 2034 2108 2067
f 2108 2208 2067
f 2067 2208 2204
f 2208 2210 2204
f 2204 2210 2203
f 2210 2280 2203
f 2203 2280 2186
f 2183 2186 2235
f 2235 2186 2280
f 1987 2114 1988
f 1988 2114 2249
f 2237 2115 1987
f 1987 2115 2114
f 1991 2268 2237
f 2237 2268 2115
f 1991 1990 2268
f 2268 1990 1992
f 107 110 2781
f 2781 110 2780
f 117 2782 118
f 118 2782 2783
f 119 2784 120
f 120 2784 2785
f 125 2786 126
f 126 2786 2787
f 127 2788 128
f 128 2788 2789
f 127 132 2788
f 2788 132 2790
f 231 230 2792
f 2792 230 2791
f 118 2783 119
f 119 2783 2784
f 241 243 2794
f 2794 243 2793
f 2781 2795 107
f 107 2795 352
f 120 2785 437
f 437 2785 2796
f 126 2787 110
f 110 2787 2780
f 455 2797 456
f 456 2797 2798
f 128 2789 457
f 457 2789 2799
f 456 2798 117
f 117 2798 2782
f 2794 2797 241
f 241 2797 455
f 457 2799 125
f 125 2799 2786
f 132 231 2790
f 2790 231 2792
f 230 437 2791
f 2791 437 2796
f 2792 2789 2790
f 2790 2789 2788
f 2785 2784 2801
f 2801 2784 2800
f 2786 2802 2787
f 2787 2802 2803
f 2792 2791 2805
f 2805 2791 2804
f 2784 2783 2800
f 2800 2783 2806
f 2785 2801 2796
f 2796 2801 2807
f 2787 2803 2780
f 2780 2803 2808
f 2789 2809 2799
f 2799 2809 2810
f 2799 2810 2786
f 2786 2810 2802
f 2791 2796 2804
f 2804 2796 2807
f 2789 2792 2809
f 2809 2792 2805
f 2812 2797 2811
f 2811 2797 2794
f 2809 2805 2810
f 2810 2805 2804
f 2810 2804 2802
f 2802 2804 2807
f 2802 2807 2803
f 2803 2807 2801
f 2808 2803 2800
f 2800 2803 2801
f 2814 699 2813
f 2813 699 698
f 2808 2815 2780
f 2780 2815 2781
f 2817 2782 2816
f 2816 2782 2798
f 2815 2818 2781
f 2781 2818 2795
f 2797 2812 2798
f 2798 2812 2816
f 2783 2782 2806
f 2806 2782 2817
f 2800 2806 2808
f 2808 2806 2815
f 2794 2793 2811
f 2811 2793 2819
f 174 201 384
f 384 201 362
f 200 1766 390
f 390 1766 1777
f 1777 1778 390
f 390 1778 398
f 1778 361 398
f 398 361 222
f 2820 2821 628
f 628 2821 629
f 1406 2820 790
f 790 2820 628
f 794 1415 1233
f 1233 1415 1234
f 1406 790 1407
f 1407 790 1312
f 1407 1312 2822
f 2822 1312 1316
f 2823 1380 1543
f 1543 1380 1379
f 1385 1738 1382
f 1382 1738 1383
f 1381 791 1382
f 1382 791 1386
f 791 794 1386
f 1386 794 1233
f 1259 1390 1260
f 1260 1390 1389
f 1905 1542 1394
f 1394 1542 1395
f 1410 1413 1397
f 1397 1413 1398
f 2821 1410 629
f 629 1410 1397
f 2823 2822 1380
f 1380 2822 1316
f 1392 1395 1378
f 1378 1395 1379
f 1738 1399 1383
f 1383 1399 1398
f 1388 1235 1389
f 1389 1235 1234
f 1393 1391 1394
f 1394 1391 1390
f 1381 1384 779
f 779 1384 780
f 1282 788 792
f 792 788 793
f 1431 1262 1432
f 1432 1262 1261
f 1400 1342 1408
f 1408 1342 1409
f 1508 1544 1411
f 1411 1544 1412
f 788 787 793
f 793 787 1414
f 2821 2820 1429
f 1429 2820 1430
f 2822 2823 1506
f 1506 2823 1507
f 778 1282 779
f 779 1282 792
f 2820 1406 1430
f 1430 1406 1409
f 1410 2821 1411
f 1411 2821 1429
f 1407 2822 1408
f 1408 2822 1506
f 1544 781 1412
f 1412 781 780
f 1260 1415 1261
f 1261 1415 1414
f 1334 2824 923
f 923 2824 924
f 2826 1268 2825
f 2825 1268 1267
f 769 1212 2827
f 2827 1212 2828
f 1492 1190 1266
f 1266 1190 1267
f 1488 2829 1489
f 1489 2829 2830
f 922 1329 923
f 923 1329 1328
f 1484 2831 1485
f 1485 2831 2832
f 1482 2833 1485
f 1485 2833 1486
f 1324 1493 1489
f 1489 1493 1490
f 1265 1491 1266
f 1266 1491 1490
f 2835 2836 2834
f 2834 2836 2837
f 1250 2838 2827
f 2827 2838 2839
f 1488 1491 2840
f 2840 1491 2841
f 1268 2826 2842
f 2842 2826 2843
f 2844 2845 1495
f 1495 2845 1496
f 1427 2847 2846
f 2846 2847 926
f 2829 1488 2848
f 2848 1488 2840
f 1329 922 2849
f 2849 922 927
f 2850 2851 768
f 768 2851 1213
f 1265 1268 2852
f 2852 1268 2842
f 1491 1265 2841
f 2841 1265 2852
f 2854 2855 2853
f 2853 2855 2856
f 2855 2857 2856
f 2856 2857 598
f 2857 2858 598
f 598 2858 595
f 2858 2859 595
f 595 2859 626
f 649 652 2860
f 2860 652 2861
f 639 642 2862
f 2862 642 2863
f 2864 705 2862
f 2862 705 639
f 2865 1418 2864
f 2864 1418 705
f 2866 2867 2865
f 2865 2867 1418
f 1760 1348 1761
f 1761 1348 2867
f 1764 2868 1197
f 1197 2868 1198
f 2869 611 2868
f 2868 611 1198
f 2870 612 2869
f 2869 612 611
f 1352 1350 944
f 944 1350 688
f 1350 1256 688
f 688 1256 685
f 1256 1255 685
f 685 1255 692
f 1255 2871 692
f 692 2871 2872
f 701 2873 698
f 698 2873 2813
f 2872 1349 692
f 692 1349 693
f 1696 1744 1574
f 1574 1744 1575
f 1753 1618 1577
f 1577 1618 1578
f 1729 1594 1608
f 1608 1594 1609
f 1725 1630 1611
f 1611 1630 1612
f 1604 1607 1625
f 1625 1607 1626
f 1624 1703 1625
f 1625 1703 1912
f 1703 1702 1912
f 1912 1702 1913
f 1702 1753 1913
f 1913 1753 1577
f 1598 1569 1915
f 1915 1569 1578
f 1616 1615 1915
f 1915 1615 1916
f 1615 1696 1916
f 1916 1696 1574
f 1744 1745 1575
f 1575 1745 1917
f 1745 1565 1917
f 1917 1565 1609
f 1568 1725 1608
f 1608 1725 1611
f 2874 1613 1918
f 1918 1613 1612
f 1607 2874 1626
f 1626 2874 1918
f 1610 1613 1562
f 1562 1613 1563
f 1547 1550 1570
f 1570 1550 1571
f 1573 1576 1580
f 1580 1576 1581
f 1553 1556 1595
f 1595 1556 1596
f 1556 1582 1596
f 1596 1582 1581
f 1551 1547 1599
f 1599 1547 1570
f 1731 1914 1601
f 1601 1914 1602
f 1686 1689 1605
f 1605 1689 1606
f 1598 1743 1599
f 1599 1743 1692
f 2874 1607 1723
f 1723 1607 1606
f 1727 1553 1730
f 1730 1553 1595
f 1600 1686 1601
f 1601 1686 1605
f 1914 1572 1602
f 1602 1572 1571
f 1579 1693 1580
f 1580 1693 1692
f 1613 2874 1563
f 1563 2874 1723
f 1561 1727 1562
f 1562 1727 1730
f 1949 1742 1548
f 1548 1742 1549
f 1694 1949 1552
f 1552 1949 1548
f 1954 1589 1554
f 1554 1589 1555
f 1693 1579 1558
f 1558 1579 1559
f 1561 1564 1584
f 1584 1564 1585
f 1582 1556 1588
f 1588 1556 1555
f 1600 1603 1591
f 1591 1603 1592
f 1981 1977 1687
f 1687 1977 1688
f 1564 1722 1585
f 1585 1722 1690
f 1551 1693 1552
f 1552 1693 1558
f 1751 1954 1728
f 1728 1954 1554
f 1590 1981 1591
f 1591 1981 1687
f 1603 1550 1592
f 1592 1550 1549
f 1977 1691 1688
f 1688 1691 1690
f 1587 1560 1588
f 1588 1560 1559
f 1727 1561 1728
f 1728 1561 1584
f 2875 1919 1947
f 1947 1919 1948
f 1557 1560 1952
f 1952 1560 1953
f 1933 1932 1955
f 1955 1932 1956
f 1587 1589 1958
f 1958 1589 1956
f 1959 1933 1965
f 1965 1933 1955
f 1961 1964 1966
f 1966 1964 1967
f 1981 1590 1969
f 1969 1590 1967
f 1742 1949 1972
f 1972 1949 1948
f 1593 1742 1966
f 1966 1742 1972
f 1957 1950 1958
f 1958 1950 1953
f 1583 1586 1974
f 1974 1586 1975
f 1940 1943 1978
f 1978 1943 1979
f 1943 1976 1979
f 1979 1976 1975
f 1951 2875 1952
f 1952 2875 1947
f 1968 1940 1969
f 1969 1940 1978
f 1973 1959 1974
f 1974 1959 1965
f 1923 1971 1920
f 1920 1971 1921
f 1919 2875 1920
f 1920 2875 1924
f 2875 1951 1924
f 1924 1951 1926
f 1950 1957 1929
f 1929 1957 1930
f 2244 2243 1934
f 1934 2243 1935
f 1973 1976 1937
f 1937 1976 1938
f 1944 1980 1941
f 1941 1980 1942
f 1940 1968 1941
f 1941 1968 1945
f 2287 2244 1960
f 1960 2244 1934
f 1970 2245 1962
f 1962 2245 1963
f 2243 1931 1935
f 1935 1931 1930
f 1927 1926 1928
f 1928 1926 1929
f 1961 1922 1962
f 1962 1922 1921
f 2245 1946 1963
f 1963 1946 1945
f 1976 1943 1938
f 1938 1943 1942
f 1936 2287 1937
f 1937 2287 1960
f 743 1238 608
f 608 1238 609
f 607 1811 608
f 608 1811 744
f 1304 2876 1305
f 1305 2876 2877
f 586 585 1298
f 1298 585 1299
f 585 702 1299
f 1299 702 1300
f 702 1428 1300
f 1300 1428 1301
f 1238 586 609
f 609 586 1298
f 2878 2879 1218
f 1218 2879 2877
f 2880 2881 1812
f 1812 2881 1819
f 2883 1821 2882
f 2882 1821 1820
f 2840 2841 620
f 620 2841 621
f 2842 2843 795
f 795 2843 796
f 892 895 2844
f 2844 895 2845
f 2848 2840 942
f 942 2840 620
f 2849 927 1202
f 1202 927 1203
f 2852 2842 1270
f 1270 2842 795
f 2841 2852 621
f 621 2852 1270
f 941 1759 942
f 942 1759 2884
f 659 929 1427
f 1427 929 2847
f 1237 2851 751
f 751 2851 2850
f 1216 2885 1217
f 1217 2885 1754
f 2887 734 2886
f 2886 734 733
f 2889 1816 2888
f 2888 1816 1815
f 2890 1245 2889
f 2889 1245 1816
f 1824 2891 1825
f 1825 2891 1246
f 2892 2893 2895
f 2895 2893 2894
f 1854 1833 1851
f 1851 1833 1832
f 1851 1832 1884
f 1884 1832 1876
f 1884 1876 1441
f 1441 1876 1443
f 1441 1443 1442
f 1442 1443 1446
f 1442 1446 2896
f 2896 1446 1507
f 2897 2823 2898
f 2898 2823 1543
f 1542 2899 1543
f 1543 2899 2898
f 1542 1905 2899
f 2899 1905 2900
f 1905 1259 2900
f 2900 1259 2901
f 1262 1431 2902
f 2902 1431 1904
f 1431 1434 1904
f 1904 1434 1902
f 1902 1434 2903
f 2903 1434 719
f 2903 719 2904
f 2904 719 718
f 1869 1881 718
f 718 1881 2904
f 1881 1869 1880
f 1880 1869 756
f 1880 756 2905
f 2905 756 755
f 2905 755 2906
f 2906 755 758
f 762 2907 763
f 763 2907 2908
f 724 723 2909
f 2909 723 894
f 796 895 723
f 723 895 894
f 2843 2845 796
f 796 2845 895
f 2826 1496 2843
f 2843 1496 2845
f 2825 1497 2826
f 2826 1497 1496
f 1189 2836 2825
f 2825 2836 1497
f 797 891 798
f 798 891 2837
f 802 888 797
f 797 888 891
f 2910 2911 2913
f 2913 2911 2912
f 1780 1783 2915
f 2915 1783 2914
f 2916 2917 831
f 831 2917 832
f 2918 2919 845
f 845 2919 846
f 2920 2916 847
f 847 2916 831
f 2921 2922 857
f 857 2922 858
f 2923 2924 860
f 860 2924 861
f 2919 2912 846
f 846 2912 887
f 2925 2920 940
f 940 2920 847
f 2924 2926 861
f 861 2926 1204
f 2917 2918 832
f 832 2918 845
f 2927 2928 1449
f 1449 2928 1450
f 2929 2930 889
f 889 2930 2931
f 2896 1507 2897
f 2897 1507 2823
f 2902 2901 1262
f 1262 2901 1259
f 2932 2933 750
f 750 2933 1236
f 2933 2934 1236
f 1236 2934 1835
f 2936 2937 2935
f 2935 2937 2938
f 2940 2941 2939
f 2939 2941 2942
f 2943 2944 1841
f 1841 2944 1842
f 2945 1860 2944
f 2944 1860 1842
f 2945 2946 1860
f 1860 2946 1859
f 1889 2947 1890
f 1890 2947 1856
f 1856 2947 1857
f 1857 2947 2948
f 2950 709 2949
f 2949 709 1829
f 2952 730 2951
f 2951 730 729
f 2866 2953 2867
f 2867 2953 1761
f 2953 2954 1761
f 1761 2954 1420
f 2954 2955 1420
f 1420 2955 742
f 2955 2956 742
f 742 2956 739
f 2956 2957 739
f 739 2957 760
f 2957 2958 760
f 760 2958 761
f 2958 2959 761
f 761 2959 2960
f 2959 2961 2960
f 2960 2961 2962
f 2963 2964 1839
f 1839 2964 1840
f 2964 2965 1840
f 1840 2965 2942
f 2966 2950 2939
f 2939 2950 2949
f 2935 2967 2936
f 2936 2967 2968
f 2969 2970 736
f 736 2970 735
f 734 2887 1815
f 1815 2887 2888
f 2887 2882 2888
f 2888 2882 2881
f 1819 1820 1817
f 1817 1820 748
f 1195 1757 1197
f 1197 1757 1424
f 1757 647 1424
f 1424 647 646
f 647 648 646
f 646 648 643
f 648 1271 643
f 643 1271 737
f 1271 725 737
f 737 725 765
f 725 724 765
f 765 724 762
f 762 724 2907
f 2907 724 2909
f 1254 1437 2909
f 2909 1437 2907
f 1438 1253 1836
f 1836 1253 1835
f 1836 1835 2938
f 2938 1835 2934
f 2971 2972 2935
f 2935 2972 2967
f 897 896 2969
f 2969 896 2970
f 1815 1814 734
f 734 1814 731
f 728 1215 896
f 896 1215 732
f 2885 1216 733
f 733 1216 2886
f 1216 1219 2886
f 2886 1219 2883
f 2876 1304 1821
f 1821 1304 749
f 1304 1303 749
f 749 1303 746
f 1818 2973 1817
f 1817 2973 1810
f 747 2974 1818
f 1818 2974 2973
f 747 746 2974
f 2974 746 1303
f 2976 2977 2975
f 2975 2977 2978
f 2976 2979 2901
f 2901 2979 2900
f 2980 2981 2982
f 2982 2981 2979
f 2981 2980 2983
f 2983 2980 2984
f 2985 2897 2983
f 2983 2897 2898
f 2987 2988 2986
f 2986 2988 2985
f 2896 2988 1442
f 1442 2988 1439
f 1903 2977 1904
f 1904 2977 2902
f 1856 1855 1890
f 1890 1855 2989
f 2989 2990 1890
f 1890 2990 1359
f 2990 2991 1359
f 1359 2991 1356
f 2946 2992 1859
f 1859 2992 1893
f 2992 2993 1893
f 1893 2993 775
f 2993 2994 775
f 775 2994 776
f 2986 1356 2987
f 2987 1356 2991
f 2975 2978 776
f 776 2978 777
f 2982 2994 2980
f 2980 2994 2995
f 1357 2984 2995
f 2995 2984 2980
f 2995 2996 1357
f 1357 2996 1358
f 2996 2997 1358
f 1358 2997 1889
f 2998 2999 2932
f 2932 2999 2933
f 2999 2971 2933
f 2933 2971 2934
f 1837 1836 2937
f 2937 1836 2938
f 2943 1841 2941
f 2941 1841 1838
f 3001 2944 3000
f 3000 2944 2943
f 3001 3002 2944
f 2944 3002 2945
f 3002 3003 2945
f 2945 3003 2946
f 2997 3003 1889
f 1889 3003 2947
f 2947 3003 2948
f 2948 3003 3002
f 3001 3004 3002
f 3002 3004 2948
f 3000 3005 3001
f 3001 3005 3004
f 2940 3006 3000
f 3000 3006 3005
f 2999 3007 2971
f 2971 3007 2972
f 2998 2951 2999
f 2999 2951 3007
f 3008 2952 2998
f 2998 2952 2951
f 2966 2965 2936
f 2936 2965 2937
f 2935 2938 2971
f 2971 2938 2934
f 3003 2997 2946
f 2946 2997 2992
f 2997 2996 2992
f 2992 2996 2993
f 2996 2995 2993
f 2993 2995 2994
f 1356 2986 1357
f 1357 2986 2984
f 2982 2975 2994
f 2994 2975 776
f 1844 1843 1899
f 1899 1843 3009
f 1843 638 3009
f 3009 638 3010
f 638 637 3010
f 3010 637 3011
f 637 1830 3011
f 3011 1830 3012
f 1830 1833 3012
f 3012 1833 2894
f 1833 1854 2894
f 2894 1854 2895
f 1854 1853 2895
f 2895 1853 1888
f 1858 1857 1885
f 1885 1857 1892
f 1899 3009 1898
f 1898 3009 1874
f 3009 3010 1874
f 1874 3010 1865
f 3010 3011 1865
f 1865 3011 1862
f 3011 3012 1862
f 1862 3012 1882
f 3012 2894 1882
f 1882 2894 2893
f 1850 2890 782
f 782 2890 2889
f 783 2880 1811
f 1811 2880 1812
f 744 1810 745
f 745 1810 2973
f 745 2973 805
f 805 2973 806
f 2973 2974 806
f 806 2974 815
f 1303 812 2974
f 2974 812 815
f 1303 1302 812
f 812 1302 1221
f 1307 3013 1302
f 1302 3013 1221
f 1734 3014 1633
f 1633 3014 1634
f 1646 1649 1636
f 1636 1649 1637
f 1654 1657 1641
f 1641 1657 1642
f 1639 1736 1636
f 1636 1736 1684
f 1716 1713 1698
f 1698 1713 1699
f 1718 1721 1705
f 1705 1721 1706
f 1653 1654 1709
f 1709 1654 1641
f 1620 1623 1714
f 1714 1623 1699
f 1712 1682 1714
f 1714 1682 1740
f 1668 1671 1746
f 1746 1671 1747
f 1752 1650 1749
f 1749 1650 1750
f 1750 1650 1709
f 1709 1650 1653
f 1632 1668 1633
f 1633 1668 1746
f 1649 1752 1637
f 1637 1752 1749
f 1682 1643 1740
f 1740 1643 1642
f 3014 1685 1634
f 1634 1685 1684
f 1704 1748 1705
f 1705 1748 1747
f 1697 1707 1698
f 1698 1707 1706
f 1739 1701 1621
f 1621 1701 1622
f 1567 1566 1647
f 1647 1566 1648
f 1664 1695 1651
f 1651 1695 1652
f 1614 1617 1655
f 1655 1617 1656
f 1704 1707 1659
f 1659 1707 1660
f 3014 1734 1662
f 1662 1734 1663
f 1650 1752 1651
f 1651 1752 1665
f 1741 1657 1667
f 1667 1657 1656
f 1695 1614 1652
f 1652 1614 1655
f 1724 1567 1726
f 1726 1567 1647
f 1645 1628 1733
f 1733 1628 1663
f 1685 3014 1726
f 1726 3014 1662
f 1620 1741 1621
f 1621 1741 1667
f 1566 1666 1648
f 1648 1666 1665
f 1658 1737 1659
f 1659 1737 1901
f 1911 1661 1910
f 1910 1661 1660
f 1701 1911 1622
f 1622 1911 1910
f 1732 1748 1733
f 1733 1748 1901
f 1857 2948 1892
f 1892 2948 3004
f 1892 3004 1891
f 1891 3004 3005
f 1828 3006 1829
f 1829 3006 2949
f 2967 736 2968
f 2968 736 710
f 2972 2969 2967
f 2967 2969 736
f 2969 2972 897
f 897 2972 3007
f 897 3007 729
f 729 3007 2951
f 3016 753 3015
f 3015 753 752
f 3018 767 3017
f 3017 767 766
f 3019 3020 1249
f 1249 3020 3021
f 2915 2914 3019
f 3019 2914 3020
f 3023 2914 3022
f 3022 2914 1783
f 2827 2839 769
f 769 2839 766
f 3025 2838 3024
f 3024 2838 3021
f 768 767 2850
f 2850 767 3026
f 2850 3026 751
f 751 3026 752
f 750 753 2932
f 2932 753 3027
f 3008 2998 3027
f 3027 2998 2932
f 3028 3029 3008
f 3008 3029 2952
f 3029 3030 2952
f 2952 3030 730
f 3032 3033 3031
f 3031 3033 3034
f 3036 3037 3035
f 3035 3037 3038
f 2870 3039 612
f 612 3039 3040
f 3041 3042 3031
f 3031 3042 3038
f 3034 1352 3043
f 3043 1352 944
f 612 3040 613
f 613 3040 3044
f 613 3044 1425
f 1425 3044 1422
f 3045 3042 669
f 669 3042 670
f 3041 3043 599
f 599 3043 600
f 772 771 1544
f 1544 771 781
f 1503 771 1866
f 1866 771 770
f 771 1503 781
f 781 1503 778
f 61 281 416
f 416 281 1907
f 283 103 3046
f 3046 103 3047
f 76 79 3048
f 3048 79 3049
f 280 76 1906
f 1906 76 3048
f 3051 335 3050
f 3050 335 334
f 3053 417 3052
f 3052 417 416
f 3055 435 3054
f 3054 435 434
f 428 435 419
f 419 435 1908
f 420 1909 293
f 293 1909 443
f 79 294 3049
f 3049 294 444
f 3057 444 3056
f 3056 444 443
f 3051 3058 335
f 335 3058 452
f 216 215 1332
f 1332 215 452
f 308 283 462
f 462 283 3046
f 3050 334 3059
f 3059 334 462
f 103 62 3047
f 3047 62 417
f 313 312 434
f 434 312 463
f 3061 574 3060
f 3060 574 573
f 1310 3062 1428
f 1428 3062 3063
f 1258 3064 1255
f 1255 3064 2871
f 932 3065 2853
f 2853 3065 3066
f 699 2814 931
f 931 2814 3067
f 3068 1301 3063
f 3063 1301 1428
f 571 574 1310
f 1310 574 3062
f 3060 573 3069
f 3069 573 1332
f 3070 3071 1906
f 1906 3071 1907
f 3072 3073 1908
f 1908 3073 1909
f 3075 2814 3074
f 3074 2814 2813
f 2854 3076 1258
f 1258 3076 3064
f 2871 3077 2872
f 2872 3077 3078
f 3074 2813 3079
f 3079 2813 2873
f 2872 3078 1349
f 1349 3078 3080
f 2873 701 3068
f 3068 701 1301
f 1330 1201 3080
f 3080 1201 1349
f 1264 1263 3081
f 3081 1263 3082
f 3083 3084 3082
f 3082 3084 3081
f 811 1448 3086
f 3086 1448 3085
f 808 811 3087
f 3087 811 3086
f 3088 3083 833
f 833 3083 3082
f 884 3089 885
f 885 3089 3090
f 3087 1790 808
f 808 1790 816
f 1790 3087 1787
f 1787 3087 3091
f 3092 3091 3086
f 3086 3091 3087
f 3093 3094 3084
f 3084 3094 3095
f 3089 3096 3090
f 3090 3096 3088
f 3097 3093 3083
f 3083 3093 3084
f 3099 3100 3098
f 3098 3100 1786
f 3101 1788 2913
f 2913 1788 3102
f 838 837 885
f 885 837 886
f 886 837 3103
f 3103 837 1541
f 3094 3093 3104
f 3104 3093 3097
f 3105 3106 3089
f 3089 3106 3096
f 3108 3109 3107
f 3107 3109 3110
f 3111 3112 3091
f 3091 3112 1787
f 3114 3108 3113
f 3113 3108 3107
f 3114 3115 3112
f 3112 3115 3102
f 3091 3092 3111
f 3111 3092 3116
f 839 838 835
f 835 838 836
f 885 3090 838
f 838 3090 836
f 3110 3117 1247
f 1247 3117 3118
f 1247 3118 1248
f 1248 3118 3119
f 3120 3121 3119
f 3119 3121 1248
f 1247 844 3110
f 3110 844 3107
f 844 843 3107
f 3107 843 3113
f 843 3099 3113
f 3113 3099 3122
f 1781 3123 3098
f 3098 3123 3124
f 2915 2931 1780
f 1780 2931 2930
f 3019 3125 2915
f 2915 3125 2931
f 890 3125 2834
f 2834 3125 1252
f 3125 3019 1252
f 1252 3019 1249
f 907 908 946
f 946 908 947
f 1185 1188 1369
f 1369 1188 948
f 954 957 951
f 951 957 952
f 910 965 953
f 953 965 950
f 905 958 960
f 960 958 961
f 3126 978 949
f 949 978 962
f 936 935 967
f 967 935 968
f 994 993 969
f 969 993 966
f 902 904 971
f 971 904 972
f 983 985 973
f 973 985 970
f 906 905 974
f 974 905 960
f 977 981 959
f 959 981 975
f 911 910 1143
f 1143 910 953
f 952 957 1142
f 1142 957 1145
f 911 1143 1366
f 1366 1143 1368
f 1185 1369 1145
f 1145 1369 1142
f 993 1519 966
f 966 1519 1456
f 965 1454 950
f 950 1454 1457
f 900 899 1459
f 1459 899 1460
f 988 991 1461
f 1461 991 1458
f 899 963 1460
f 1460 963 1462
f 985 987 970
f 970 987 1463
f 904 906 972
f 972 906 974
f 981 983 975
f 975 983 973
f 935 900 968
f 968 900 1459
f 991 994 1458
f 1458 994 969
f 1154 1526 1088
f 1088 1526 1089
f 1109 1112 1092
f 1092 1112 1093
f 1083 1098 1084
f 1084 1098 1097
f 1078 1471 1100
f 1100 1471 1101
f 1075 1078 1104
f 1104 1078 1100
f 1152 1154 1156
f 1156 1154 1088
f 1156 1155 1372
f 1372 1155 1373
f 1372 1373 1104
f 1104 1373 1075
f 1467 1109 1465
f 1465 1109 1092
f 1465 1182 1468
f 1468 1182 1184
f 1474 1470 1096
f 1096 1470 1097
f 1102 1101 1083
f 1083 1101 1098
f 1112 1531 1093
f 1093 1531 1529
f 1102 1073 1099
f 1099 1073 1072
f 1526 1154 1079
f 1079 1154 1080
f 1081 1091 1082
f 1082 1091 1094
f 1069 1068 1085
f 1085 1068 1086
f 1153 1151 1080
f 1080 1151 1058
f 1371 1177 1179
f 1179 1177 1176
f 1099 1072 1103
f 1103 1072 1176
f 1068 1071 1086
f 1086 1071 1073
f 1085 1084 1180
f 1180 1084 1469
f 1066 1065 1183
f 1183 1065 1181
f 1153 1152 1177
f 1177 1152 1178
f 1091 1081 1182
f 1182 1081 1183
f 1057 1525 1079
f 1079 1525 1527
f 1120 1117 1076
f 1076 1117 1077
f 1087 1090 1107
f 1107 1090 1108
f 1127 1126 1110
f 1110 1126 1111
f 1095 1116 1096
f 1096 1116 1115
f 1471 1078 1119
f 1119 1078 1077
f 1087 1107 1155
f 1155 1107 1158
f 1376 1374 1157
f 1157 1374 1158
f 1076 1075 1374
f 1374 1075 1373
f 1109 1467 1110
f 1110 1467 1472
f 1467 1466 1472
f 1472 1466 1473
f 1135 1475 1114
f 1114 1475 1115
f 1471 1119 1095
f 1095 1119 1116
f 1126 1532 1111
f 1111 1532 1530
f 914 1276 1480
f 1480 1276 1517
f 3127 3128 1223
f 1223 3128 1224
f 824 933 1455
f 1455 933 3129
f 3131 1448 3130
f 3130 1448 1447
f 3132 3133 1452
f 1452 3133 1453
f 3130 1447 1322
f 1322 1447 1455
f 933 1514 3129
f 3129 1514 3134
f 1161 3135 1480
f 1480 3135 1481
f 3128 3136 1224
f 1224 3136 1499
f 3133 1162 1453
f 1453 1162 1517
f 1515 3127 1535
f 1535 3127 1223
f 3095 3085 3131
f 3131 3085 1448
f 3137 3092 3085
f 3085 3092 3086
f 3138 3116 3137
f 3137 3116 3092
f 3110 3109 3117
f 3117 3109 3139
f 3105 3140 3117
f 3117 3140 3118
f 3140 3141 3118
f 3118 3141 3119
f 3142 3120 3141
f 3141 3120 3119
f 1498 3143 1277
f 1277 3143 882
f 3144 3145 1340
f 1340 3145 1339
f 1340 3146 3144
f 3144 3146 3147
f 3145 3144 3143
f 3143 3144 3148
f 871 901 872
f 872 901 1362
f 3149 3148 3147
f 3147 3148 3144
f 1208 3150 1209
f 3098 1786 1781
f 1781 1786 1782
f 2930 2929 3123
f 3123 2929 2911
f 1794 1791 2916
f 2916 1791 2917
f 1793 3101 2918
f 2918 3101 2919
f 1796 1794 2920
f 2920 1794 2916
f 3151 3152 2921
f 2921 3152 2922
f 3153 3154 2923
f 2923 3154 2924
f 2919 3101 2912
f 2912 3101 2913
f 3155 1796 2925
f 2925 1796 2920
f 3154 3156 2924
f 2924 3156 2926
f 1791 1793 2917
f 2917 1793 2918
f 3157 3158 2927
f 2927 3158 2928
f 1780 2930 1781
f 1781 2930 3123
f 2825 1267 1189
f 1189 1267 1190
f 2827 2828 1250
f 1250 2828 1251
f 1489 2830 1324
f 1324 2830 1325
f 923 1328 1334
f 1334 1328 1335
f 1485 2832 1482
f 1482 2832 1483
f 1266 1490 1492
f 1492 1490 1493
f 1333 1346 1334
f 1334 1346 2824
f 722 799 1492
f 1492 799 1190
f 664 657 1482
f 1482 657 2833
f 631 634 1324
f 1324 634 1493
f 2828 1494 1251
f 1251 1494 2835
f 1249 3021 1250
f 1250 3021 2838
f 798 2837 1189
f 1189 2837 2836
f 3100 842 3160
f 3160 842 3159
f 1788 3101 1789
f 1789 3101 1793
f 1792 816 1789
f 1789 816 1790
f 817 816 1795
f 1795 816 1792
f 938 817 1797
f 1797 817 1795
f 1796 3155 1797
f 1797 3155 1798
f 3155 3158 1798
f 1798 3158 1799
f 3157 3152 1801
f 1801 3152 1802
f 3151 3156 1803
f 1803 3156 1804
f 3154 3153 1805
f 1805 3153 1806
f 3153 3161 1806
f 1806 3161 1807
f 3099 843 3100
f 3100 843 842
f 1788 1787 3102
f 3102 1787 3112
f 2910 3115 3124
f 3124 3115 3122
f 3099 3098 3122
f 3122 3098 3124
f 416 1907 3052
f 3052 1907 3071
f 3046 3047 3163
f 3163 3047 3162
f 249 445 259
f 259 445 3164
f 425 3165 424
f 424 3165 461
f 408 410 329
f 329 410 330
f 39 331 40
f 40 331 332
f 305 304 423
f 423 304 464
f 385 254 458
f 458 254 392
f 250 415 251
f 251 415 412
f 233 337 234
f 234 337 3166
f 435 3055 1908
f 1908 3055 3072
f 443 1909 3056
f 3056 1909 3073
f 3167 3049 3057
f 3057 3049 444
f 452 3058 1332
f 1332 3058 3069
f 234 3166 346
f 346 3166 411
f 3046 3163 462
f 462 3163 3059
f 259 3164 260
f 260 3164 336
f 3047 417 3162
f 3162 417 3053
f 463 3168 434
f 434 3168 3054
f 454 830 425
f 425 830 3165
f 3062 3169 3063
f 3063 3169 3170
f 1355 1354 1534
f 1534 1354 3171
f 3063 3170 3068
f 3068 3170 3172
f 574 3061 3062
f 3062 3061 3169
f 1534 3171 1535
f 1535 3171 3173
f 3079 2873 3172
f 3172 2873 3068
f 2838 3025 2839
f 2839 3025 3174
f 3176 3177 3175
f 3175 3177 3178
f 3180 1125 3179
f 3179 1125 1128
f 3182 3183 3181
f 3181 3183 3184
f 1134 3185 1130
f 1130 3185 3182
f 3186 3187 3189
f 3189 3187 3188
f 3191 3189 3190
f 3190 3189 3188
f 1137 1122 3190
f 3190 1122 3192
f 3175 3178 3193
f 3193 3178 3194
f 3181 3184 3179
f 3179 3184 3195
f 3197 3198 3196
f 3196 3198 3180
f 3200 3178 3199
f 3199 3178 3177
f 3202 3196 3201
f 3201 3196 3195
f 3204 3184 3203
f 3203 3184 3183
f 3206 3207 3205
f 3205 3207 3186
f 3205 3186 3208
f 3208 3186 3189
f 3209 3208 3191
f 3191 3208 3189
f 3210 3194 3200
f 3200 3194 3178
f 3201 3195 3204
f 3204 3195 3184
f 3197 3211 3177
f 3177 3211 3199
f 3213 3214 3212
f 3212 3214 3215
f 3217 3218 3216
f 3216 3218 3219
f 3221 3222 3220
f 3220 3222 3223
f 3225 3226 3224
f 3224 3226 3227
f 3229 3230 3228
f 3228 3230 3231
f 3233 3234 3232
f 3232 3234 3235
f 3237 3238 3236
f 3236 3238 3239
f 3238 3240 3239
f 3239 3240 3241
f 3232 3235 3242
f 3242 3235 3243
f 3245 3246 3244
f 3244 3246 3247
f 3248 3249 3245
f 3245 3249 3246
f 3251 3252 3250
f 3250 3252 3253
f 3255 3252 3254
f 3254 3252 3251
f 3256 3257 3259
f 3259 3257 3258
f 3261 3262 3260
f 3260 3262 3263
f 3265 3263 3264
f 3264 3263 3262
f 3256 3259 3266
f 3266 3259 3267
f 3269 3270 3268
f 3268 3270 3271
f 3269 3272 3270
f 3270 3272 3273
f 3274 3275 3277
f 3277 3275 3276
f 3278 3279 3276
f 3276 3279 3277
f 3281 3282 3280
f 3280 3282 3283
f 3280 3284 3281
f 3281 3284 3285
f 3287 3288 3286
f 3286 3288 3289
f 3290 3291 3288
f 3288 3291 3289
f 3234 3218 3235
f 3235 3218 3217
f 3232 3292 3233
f 3233 3292 3293
f 3239 3294 3236
f 3236 3294 3219
f 3233 3293 3237
f 3237 3293 3295
f 3296 3294 3241
f 3241 3294 3239
f 3240 3238 3297
f 3297 3238 3298
f 3217 3216 3235
f 3235 3216 3243
f 3297 3299 3240
f 3240 3299 3242
f 3246 3300 3247
f 3247 3300 3223
f 3301 3302 3254
f 3254 3302 3244
f 3249 3303 3246
f 3246 3303 3300
f 3245 3304 3248
f 3248 3304 3292
f 3252 3221 3253
f 3253 3221 3220
f 3250 3248 3299
f 3299 3248 3292
f 3222 3221 3255
f 3255 3221 3252
f 3297 3301 3251
f 3251 3301 3254
f 3258 3214 3259
f 3259 3214 3213
f 3257 3256 3304
f 3304 3256 3305
f 3263 3306 3260
f 3260 3306 3215
f 3261 3257 3302
f 3302 3257 3304
f 3307 3306 3265
f 3265 3306 3263
f 3262 3301 3264
f 3264 3301 3308
f 3259 3213 3267
f 3267 3213 3212
f 3308 3309 3264
f 3264 3309 3266
f 3270 3310 3271
f 3271 3310 3231
f 3311 3312 3278
f 3278 3312 3268
f 3270 3273 3310
f 3310 3273 3313
f 3272 3269 3305
f 3305 3269 3314
f 3277 3229 3274
f 3274 3229 3228
f 3275 3272 3309
f 3309 3272 3305
f 3279 3230 3277
f 3277 3230 3229
f 3276 3308 3278
f 3278 3308 3311
f 3281 3315 3282
f 3282 3315 3227
f 3290 3316 3283
f 3283 3316 3317
f 3281 3285 3315
f 3315 3285 3318
f 3284 3280 3314
f 3314 3280 3319
f 3289 3225 3286
f 3286 3225 3224
f 3287 3284 3312
f 3284 3314 3312
f 3291 3226 3289
f 3289 3226 3225
f 3288 3311 3290
f 3290 3311 3316
f 3212 3215 3307
f 3307 3215 3306
f 3294 3296 3219
f 3219 3296 3216
f 3303 3220 3300
f 3300 3220 3223
f 3224 3227 3318
f 3318 3227 3315
f 3228 3231 3313
f 3313 3231 3310
f 3234 3233 3236
f 3236 3233 3237
f 3243 3241 3242
f 3242 3241 3240
f 3247 3255 3244
f 3244 3255 3254
f 3253 3249 3250
f 3250 3249 3248
f 3260 3258 3261
f 3261 3258 3257
f 3266 3267 3264
f 3264 3267 3265
f 3268 3271 3278
f 3278 3271 3279
f 3274 3273 3275
f 3275 3273 3272
f 3283 3282 3290
f 3290 3282 3291
f 3286 3285 3287
f 3287 3285 3284
f 3218 3234 3219
f 3219 3234 3236
f 3295 3298 3237
f 3237 3298 3238
f 3216 3296 3243
f 3243 3296 3241
f 3242 3299 3232
f 3232 3299 3292
f 3223 3222 3247
f 3247 3222 3255
f 3244 3302 3245
f 3245 3302 3304
f 3303 3249 3220
f 3220 3249 3253
f 3297 3251 3299
f 3299 3251 3250
f 3215 3214 3260
f 3260 3214 3258
f 3301 3262 3302
f 3302 3262 3261
f 3212 3307 3267
f 3267 3307 3265
f 3266 3309 3256
f 3256 3309 3305
f 3271 3231 3279
f 3279 3231 3230
f 3268 3312 3269
f 3269 3312 3314
f 3228 3313 3274
f 3274 3313 3273
f 3308 3276 3309
f 3309 3276 3275
f 3282 3227 3291
f 3291 3227 3226
f 3317 3319 3283
f 3283 3319 3280
f 3224 3318 3286
f 3286 3318 3285
f 3312 3311 3287
f 3311 3288 3287
f 3320 3321 3194
f 3194 3321 3193
f 1375 3321 1121
f 1121 3321 3322
f 3323 3324 3322
f 3322 3324 3192
f 3175 1124 3176
f 3176 1124 1123
f 3179 3195 3180
f 3180 3195 3196
f 3181 1131 3182
f 3182 1131 1130
f 3207 3185 3186
f 3186 3185 3187
f 1136 3188 1133
f 1133 3188 3187
f 3190 3188 1137
f 1137 3188 1136
f 3193 1159 3175
f 3175 1159 1124
f 3179 1128 3181
f 3181 1128 1131
f 1533 3198 1123
f 1123 3198 3176
f 3321 1375 3193
f 3193 1375 1159
f 3321 3320 3322
f 3322 3320 3323
f 1122 1121 3192
f 3192 1121 3322
f 3194 3210 3320
f 3320 3210 3325
f 3324 3323 3327
f 3327 3323 3326
f 3320 3325 3323
f 3323 3325 3326
f 3208 3328 3205
f 3205 3328 3329
f 3330 3206 3329
f 3329 3206 3205
f 3203 3331 3204
f 3204 3331 3332
f 3210 3333 3325
f 3325 3333 3334
f 3325 3334 3326
f 3326 3334 3335
f 3327 3326 3336
f 3336 3326 3335
f 3327 3209 3324
f 3324 3209 3191
f 3190 3192 3191
f 3191 3192 3324
f 3338 3339 3337
f 3337 3339 3340
f 3338 3341 3339
f 3339 3341 3342
f 3341 3343 3342
f 3342 3343 3344
f 3343 3345 3344
f 3344 3345 3346
f 3345 3347 3346
f 3346 3347 3348
f 3347 3349 3348
f 3348 3349 3350
f 3337 3340 3351
f 3351 3340 3352
f 3351 3352 3353
f 3353 3352 3354
f 3353 3354 3355
f 3355 3354 3356
f 3350 3349 3357
f 3357 3349 3358
f 3355 3356 3359
f 3359 3356 3360
f 3359 3360 3361
f 3361 3360 3362
f 3361 3362 3363
f 3363 3362 3364
f 3363 3364 3358
f 3358 3364 3357
f 3339 3342 3365
f 3365 3342 3366
f 3342 3344 3366
f 3366 3344 3367
f 3344 3346 3367
f 3367 3346 3368
f 3346 3348 3368
f 3368 3348 3369
f 3348 3350 3369
f 3369 3350 3370
f 3368 3369 3371
f 3371 3369 3372
f 3369 3370 3372
f 3372 3370 3373
f 3373 3374 3372
f 3372 3374 3375
f 3377 3378 3376
f 3376 3378 3379
f 3377 3375 3378
f 3378 3375 3374
f 3375 3380 3372
f 3372 3380 3371
f 3377 3381 3375
f 3375 3381 3380
f 3376 3382 3377
f 3377 3382 3381
f 3384 3385 3383
f 3383 3385 3386
f 3384 3383 3388
f 3388 3383 3387
f 3388 3387 3389
f 3389 3387 3390
f 3392 3385 3391
f 3391 3385 3384
f 3388 3393 3384
f 3384 3393 3391
f 3389 3394 3388
f 3388 3394 3393
f 3389 3395 3394
f 3394 3395 3396
f 3395 3389 3397
f 3397 3389 3390
f 3339 3365 3340
f 3340 3365 3398
f 3340 3398 3352
f 3352 3398 3399
f 3371 3400 3368
f 3368 3400 3367
f 3400 3401 3367
f 3367 3401 3366
f 3366 3401 3365
f 3365 3401 3402
f 3398 3365 3403
f 3403 3365 3402
f 3398 3403 3399
f 3399 3403 3404
f 3403 3405 3404
f 3404 3405 3406
f 3352 3399 3354
f 3354 3399 3407
f 3399 3404 3407
f 3407 3404 3408
f 3404 3406 3408
f 3408 3406 3409
f 3405 3410 3406
f 3406 3410 3411
f 3410 3412 3411
f 3411 3412 3413
f 3397 3414 3395
f 3395 3414 3415
f 3417 3415 3416
f 3416 3415 3412
f 3410 3418 3412
f 3412 3418 3416
f 3410 3405 3418
f 3418 3405 3419
f 3405 3403 3419
f 3419 3403 3402
f 3370 3350 3420
f 3420 3350 3357
f 3373 3370 3421
f 3421 3370 3420
f 3374 3373 3422
f 3422 3373 3421
f 3378 3374 3423
f 3423 3374 3422
f 3378 3423 3379
f 3379 3423 3424
f 3424 3425 3379
f 3379 3425 3386
f 3383 3426 3387
f 3387 3426 3427
f 3387 3427 3390
f 3390 3427 3428
f 3390 3428 3397
f 3397 3428 3429
f 3429 3430 3397
f 3397 3430 3414
f 3411 3413 3431
f 3431 3413 3432
f 3406 3411 3409
f 3409 3411 3431
f 3401 3400 3335
f 3335 3400 3336
f 3401 3335 3402
f 3402 3335 3334
f 3402 3334 3419
f 3419 3334 3333
f 3419 3333 3418
f 3418 3333 3433
f 3418 3433 3416
f 3416 3433 3434
f 3435 3417 3434
f 3434 3417 3416
f 3394 3396 3436
f 3436 3396 3437
f 3393 3394 3332
f 3332 3394 3436
f 3393 3332 3391
f 3391 3332 3331
f 3330 3392 3331
f 3331 3392 3391
f 3382 3329 3381
f 3381 3329 3328
f 3354 3407 3356
f 3356 3407 3438
f 3356 3438 3360
f 3360 3438 3439
f 3360 3439 3362
f 3362 3439 3440
f 3362 3440 3364
f 3364 3440 3441
f 3364 3441 3357
f 3357 3441 3420
f 3421 3420 3442
f 3442 3420 3441
f 3442 3441 3443
f 3443 3441 3440
f 3443 3440 3444
f 3444 3440 3439
f 3444 3439 3445
f 3445 3439 3438
f 3445 3438 3408
f 3408 3438 3407
f 3422 3421 3446
f 3446 3421 3442
f 3446 3442 3447
f 3447 3442 3443
f 3447 3443 3448
f 3448 3443 3444
f 3448 3444 3449
f 3449 3444 3445
f 3449 3445 3409
f 3409 3445 3408
f 3409 3431 3449
f 3449 3431 3450
f 3449 3450 3448
f 3448 3450 3451
f 3451 3452 3448
f 3448 3452 3447
f 3447 3452 3446
f 3446 3452 3453
f 3446 3453 3422
f 3422 3453 3423
f 3424 3423 3454
f 3454 3423 3453
f 3452 3455 3453
f 3453 3455 3454
f 3452 3451 3455
f 3455 3451 3456
f 3450 3457 3451
f 3451 3457 3456
f 3431 3432 3450
f 3450 3432 3457
f 3454 3458 3424
f 3424 3458 3425
f 3427 3426 3459
f 3459 3426 3460
f 3428 3427 3461
f 3461 3427 3459
f 3428 3461 3429
f 3429 3461 3462
f 3462 3463 3429
f 3429 3463 3430
f 3464 3465 3462
f 3462 3465 3463
f 3455 3466 3454
f 3454 3466 3458
f 3465 3464 3466
f 3466 3464 3467
f 3461 3459 3468
f 3468 3459 3469
f 3468 3469 3464
f 3464 3469 3467
f 3464 3462 3468
f 3468 3462 3461
f 3459 3460 3469
f 3469 3460 3467
f 3295 3351 3298
f 3298 3351 3353
f 3353 3355 3298
f 3298 3355 3297
f 3297 3355 3301
f 3301 3355 3359
f 3301 3359 3308
f 3308 3359 3361
f 3308 3361 3311
f 3311 3361 3363
f 3311 3363 3316
f 3316 3363 3358
f 3316 3358 3317
f 3317 3358 3349
f 3349 3347 3317
f 3317 3347 3319
f 3347 3345 3319
f 3319 3345 3314
f 3345 3343 3314
f 3314 3343 3305
f 3343 3341 3305
f 3305 3341 3304
f 3304 3341 3292
f 3292 3341 3338
f 3292 3338 3293
f 3293 3338 3337
f 3293 3337 3295
f 3295 3337 3351
f 3437 3202 3436
f 3436 3202 3201
f 3436 3201 3332
f 3332 3201 3204
f 3433 3200 3434
f 3434 3200 3199
f 3211 3435 3199
f 3199 3435 3434
f 3333 3210 3433
f 3433 3210 3200
f 3380 3470 3371
f 3400 3371 3336
f 3336 3371 3470
f 3381 3328 3380
f 3380 3328 3470
f 3470 3328 3209
f 3209 3328 3208
f 3336 3470 3327
f 3327 3470 3209
f 1545 1763 1546
f 1546 1763 1762
f 1403 1546 773
f 773 1546 770
f 1221 3013 1220
f 1220 3013 3471
f 1305 2877 1306
f 1306 2877 2879
f 1220 3471 828
f 828 3471 829
f 1217 1754 3472
f 3472 1754 1756
f 1049 3473 1048
f 1048 3473 3474
f 1371 1179 3473
f 3473 1179 3474
f 1074 3475 1179
f 1179 3475 3474
f 3474 3475 1048
f 1048 3475 1056
f 919 666 1345
f 1345 666 665
f 856 680 919
f 919 680 666
f 679 680 1449
f 1449 680 858
f 1367 878 1500
f 1500 878 877
f 1366 908 1367
f 1367 908 878
f 1512 916 1513
f 1513 916 915
f 947 1368 948
f 948 1368 1369
f 1047 1021 1044
f 1044 1021 1020
f 1370 1049 1019
f 1019 1049 1020
f 1173 1030 1174
f 1174 1030 1033
f 3126 1188 1464
f 1464 1188 1187
f 1800 1451 1512
f 1512 1451 916
f 1175 1174 1186
f 1186 1174 1187
f 1030 1173 1047
f 1047 1173 1021
f 1513 915 3476
f 3476 915 1481
f 1345 665 3477
f 3477 665 1483
f 1502 1501 876
f 876 1501 877
f 1205 1451 1803
f 1803 1451 1802
f 3479 2832 3478
f 3478 2832 2831
f 1449 858 2927
f 2927 858 2922
f 908 1366 947
f 947 1366 1368
f 949 948 3126
f 3126 948 1188
f 3480 3135 1502
f 1502 3135 1501
f 2927 2922 3157
f 3157 2922 3152
f 3477 1483 3479
f 3479 1483 2832
f 1803 1802 3151
f 3151 1802 3152
f 663 658 664
f 664 658 657
f 655 658 939
f 939 658 706
f 1512 870 1800
f 1800 870 869
f 875 874 876
f 876 874 873
f 849 874 905
f 905 874 958
f 949 962 946
f 946 962 961
f 978 3126 979
f 979 3126 1464
f 1031 1168 1032
f 1032 1168 1022
f 1045 1013 1046
f 1046 1013 1012
f 1045 1044 1056
f 1056 1044 1048
f 1047 1046 1030
f 1030 1046 1031
f 939 706 940
f 940 706 1450
f 979 1464 1032
f 1032 1464 1033
f 3480 1478 3476
f 3476 1478 3134
f 2829 1487 2830
f 2830 1487 1486
f 848 1230 873
f 873 1230 1479
f 867 870 933
f 933 870 1514
f 1800 869 1801
f 1801 869 1799
f 2830 1486 1325
f 1325 1486 2833
f 940 1450 2925
f 2925 1450 2928
f 946 961 907
f 907 961 958
f 959 962 977
f 977 962 978
f 3476 3134 1513
f 1513 3134 1514
f 2925 2928 3155
f 3155 2928 3158
f 1325 2833 656
f 656 2833 657
f 1801 1799 3157
f 3157 1799 3158
f 1074 1055 3475
f 3475 1055 1056
f 1371 3473 1370
f 1370 3473 1049
f 2884 615 3481
f 3481 615 618
f 3478 2831 2846
f 2846 2831 617
f 2831 1484 617
f 617 1484 618
f 1484 1487 618
f 618 1487 3481
f 2848 3481 2829
f 2829 3481 1487
f 1480 1517 1161
f 1161 1517 1162
f 3129 1323 1455
f 1455 1323 1322
f 3129 3134 1323
f 1323 3134 1478
f 1535 3173 1515
f 1515 3173 1516
f 3085 3095 3137
f 3137 3095 3094
f 3137 3094 3138
f 3138 3094 3104
f 3117 3139 3105
f 3105 3139 3106
f 1138 1141 3127
f 3127 1141 3128
f 3081 3131 1264
f 1264 3131 3130
f 1227 1226 3132
f 3132 1226 3133
f 1264 3130 1229
f 1229 3130 1322
f 1160 1501 1161
f 1161 1501 3135
f 1141 1476 3128
f 3128 1476 3136
f 1226 1163 3133
f 3133 1163 1162
f 1363 1138 1515
f 1515 1138 3127
f 3084 3095 3081
f 3081 3095 3131
f 3089 884 3105
f 3105 884 3140
f 884 883 3140
f 3140 883 3141
f 883 3482 3141
f 3141 3482 3142
f 3476 1481 3480
f 3480 1481 3135
f 1502 1479 3480
f 3480 1479 1478
f 3168 463 440
f 714 1880 715
f 715 1880 2905
f 896 732 2970
f 2970 732 731
f 1263 834 3082
f 3082 834 833
f 898 1231 853
f 853 1231 854
f 3125 890 2931
f 2931 890 889
f 1237 893 2851
f 2851 893 892
f 898 853 899
f 899 853 963
f 988 987 989
f 989 987 986
f 1002 1007 1003
f 1003 1007 1006
f 1038 1036 1007
f 1007 1036 1004
f 1070 1052 1005
f 1005 1052 1006
f 1069 1067 1070
f 1070 1067 1052
f 1130 1129 1134
f 1134 1129 1135
f 879 1167 880
f 880 1167 1166
f 1171 1169 1037
f 1037 1169 1038
f 1085 1180 1069
f 1069 1180 1067
f 1209 1210 879
f 879 1210 1167
f 2885 1215 1754
f 1754 1215 1214
f 1263 855 834
f 834 855 854
f 708 1244 1826
f 1826 1244 1243
f 2909 894 1254
f 1254 894 893
f 1228 1361 964
f 964 1361 1360
f 2908 2907 1436
f 1436 2907 1437
f 2990 1440 2991
f 2991 1440 1439
f 964 1360 965
f 965 1360 1454
f 950 1457 951
f 951 1457 1456
f 970 1463 971
f 971 1463 1462
f 1025 1169 984
f 984 1169 986
f 1084 1097 1469
f 1469 1097 1470
f 1096 1115 1474
f 1474 1115 1475
f 1140 1361 1141
f 1141 1361 1476
f 1212 1495 2828
f 2828 1495 1494
f 880 1166 1452
f 1452 1166 1499
f 715 2905 1504
f 1504 2905 2906
f 954 1519 955
f 955 1519 1518
f 1026 1520 992
f 992 1520 1518
f 1029 1520 1043
f 1043 1520 1521
f 997 1522 1040
f 1040 1522 1521
f 1015 1522 1016
f 1016 1522 1523
f 1523 996 1524
f 1524 996 1062
f 1057 1060 1525
f 1525 1060 1524
f 1094 1528 1082
f 1082 1528 1527
f 1526 1528 1089
f 1089 1528 1529
f 1090 1531 1108
f 1108 1531 1530
f 1125 1533 1126
f 1126 1533 1532
f 3483 1755 727
f 727 1755 1214
f 735 1814 707
f 707 1814 1813
f 2891 1834 1246
f 1246 1834 1243
f 2904 1881 1847
f 1847 1881 1848
f 1852 1855 1853
f 1853 1855 1858
f 1902 2903 1877
f 1877 2903 1878
f 2903 2904 1878
f 1878 2904 1847
f 714 713 1848
f 1848 713 1849
f 1440 2990 1883
f 1883 2990 2989
f 1883 2989 1852
f 1852 2989 1855
f 2895 1888 2892
f 2892 1888 1887
f 774 777 1877
f 1877 777 1903
f 1251 2835 1252
f 1252 2835 2834
f 1213 2844 1212
f 1212 2844 1495
f 2851 892 1213
f 1213 892 2844
f 3123 2911 3124
f 3124 2911 2910
f 887 2929 888
f 888 2929 889
f 1435 2963 1436
f 1436 2963 2961
f 1253 1438 1254
f 1254 1438 1437
f 2970 731 735
f 735 731 1814
f 733 732 2885
f 2885 732 1215
f 2901 2902 2976
f 2976 2902 2977
f 2975 2982 2976
f 2976 2982 2979
f 2899 2900 2981
f 2981 2900 2979
f 2899 2981 2898
f 2898 2981 2983
f 2986 2985 2984
f 2984 2985 2983
f 2897 2985 2896
f 2896 2985 2988
f 2991 1439 2987
f 2987 1439 2988
f 777 2978 1903
f 1903 2978 2977
f 1885 1888 1858
f 1858 1888 1853
f 3090 3088 836
f 836 3088 833
f 3083 3088 3097
f 3097 3088 3096
f 3097 3096 3104
f 3104 3096 3106
f 3111 3116 3108
f 3108 3116 3109
f 3112 3111 3114
f 3114 3111 3108
f 3113 3122 3114
f 3114 3122 3115
f 891 890 2837
f 2837 890 2834
f 951 1456 954
f 954 1456 1519
f 967 1457 936
f 936 1457 1454
f 971 1462 902
f 902 1462 963
f 1461 1463 988
f 988 1463 987
f 1466 1468 1474
f 1474 1468 1470
f 1089 1529 1090
f 1090 1529 1531
f 1184 1181 1469
f 1469 1181 1180
f 1082 1527 1061
f 1061 1527 1525
f 1129 1473 1135
f 1135 1473 1475
f 1108 1530 1105
f 1105 1530 1532
f 1452 1499 3132
f 3132 1499 3136
f 3109 3116 3139
f 3139 3116 3138
f 2912 2911 887
f 887 2911 2929
f 2836 2835 1497
f 1497 2835 1494
f 2913 3102 2910
f 2910 3102 3115
f 1133 3187 1134
f 1134 3187 3185
f 3177 3176 3197
f 3197 3176 3198
f 3203 3183 3206
f 3206 3183 3207
f 3196 3202 3197
f 3197 3202 3211
f 3183 3182 3207
f 3207 3182 3185
f 1125 3180 1533
f 1533 3180 3198
f 3331 3203 3330
f 3330 3203 3206
f 3376 3379 3385
f 3385 3379 3386
f 3382 3376 3392
f 3392 3376 3385
f 3412 3415 3413
f 3413 3415 3414
f 3417 3396 3415
f 3415 3396 3395
f 3383 3386 3426
f 3426 3386 3425
f 3413 3414 3432
f 3432 3414 3430
f 3437 3396 3435
f 3435 3396 3417
f 3329 3382 3330
f 3330 3382 3392
f 3426 3425 3460
f 3460 3425 3458
f 3432 3430 3457
f 3457 3430 3463
f 3457 3463 3456
f 3456 3463 3465
f 3460 3458 3467
f 3467 3458 3466
f 3466 3455 3465
f 3465 3455 3456
f 3202 3437 3211
f 3211 3437 3435
f 3104 3106 3138
f 3138 3106 3139
f 3132 3136 1227
f 1227 3136 1476
f 943 687 600
f 600 687 601
f 596 625 667
f 667 625 1297
f 687 686 601
f 601 686 653
f 1319 784 711
f 711 784 712
f 1811 607 783
f 783 607 712
f 862 921 917
f 917 921 920
f 3478 925 3479
f 3479 925 924
f 2846 926 3478
f 3478 926 925
f 659 662 929
f 929 662 930
f 856 921 857
f 857 921 1204
f 1206 864 1207
f 1207 864 863
f 2876 1219 2877
f 2877 1219 1218
f 667 1297 593
f 593 1297 1296
f 917 920 1333
f 1333 920 1346
f 686 693 653
f 653 693 930
f 1277 913 1498
f 1498 913 1207
f 592 1536 610
f 610 1536 711
f 864 1206 1805
f 1805 1206 1804
f 1317 1536 1900
f 1900 1536 1809
f 1900 1809 1295
f 1295 1809 1296
f 3479 924 3477
f 3477 924 2824
f 927 926 1203
f 1203 926 2847
f 3484 2859 3032
f 3032 2859 3033
f 3472 2878 1217
f 1217 2878 1218
f 2889 2888 2880
f 2880 2888 2881
f 2886 2883 2887
f 2887 2883 2882
f 929 928 2847
f 2847 928 1203
f 857 1204 2921
f 2921 1204 2926
f 1820 1819 2882
f 2882 1819 2881
f 1821 2883 2876
f 2876 2883 1219
f 782 2889 783
f 783 2889 2880
f 1352 3034 1353
f 1353 3034 3033
f 3031 3034 3041
f 3041 3034 3043
f 944 943 3043
f 3043 943 600
f 1339 3145 1498
f 1498 3145 3143
f 1208 882 3148
f 3148 882 3143
f 2921 2926 3151
f 3151 2926 3156
f 3477 2824 1345
f 1345 2824 1346
f 1805 1804 3154
f 3154 1804 3156
f 886 3103 883
f 883 3103 3482
f 841 1248 3485
f 3485 1248 3121
f 2811 2819 2812
f 2812 2819 2816
f 2818 2815 2817
f 2817 2815 2806
f 2817 2816 2818
f 2818 2816 2819
f 2793 2795 2819
f 2819 2795 2818
f 243 352 2793
f 2793 352 2795
f 242 353 243
f 243 353 352
f 359 191 242
f 242 191 353
f 247 192 359
f 359 192 191
f 157 193 247
f 247 193 192
f 156 194 157
f 157 194 193
f 378 261 156
f 156 261 194
f 378 381 261
f 261 381 195
f 195 381 196
f 196 381 376
f 196 376 198
f 198 376 375
f 375 1776 198
f 198 1776 197
f 1776 1767 197
f 197 1767 274
f 181 274 199
f 199 274 1767
f 568 566 564
f 564 566 563
f 568 569 566
f 566 569 567
f 501 1773 1771
f 1771 1773 578
f 547 579 1773
f 1773 579 578
f 3486 470 474
f 474 470 469
f 450 582 3487
f 3487 582 3488
f 582 583 3488
f 3488 583 3489
f 583 584 3489
f 3489 584 3490
f 3490 584 3491
f 3491 584 543
f 470 3486 466
f 466 3486 467
f 3489 3490 503
f 503 3490 504
f 503 3492 3489
f 3489 3492 3488
f 3492 503 3493
f 3493 503 502
f 3495 3492 3494
f 3494 3492 3493
f 3487 3488 3495
f 3495 3488 3492
f 468 1774 465
f 465 1774 570
f 3494 3493 1775
f 1775 3493 1771
f 3490 3491 504
f 504 3491 1772
f 3491 543 1772
f 1772 543 548
f 450 3487 474
f 474 3487 3486
f 3495 467 3487
f 3487 467 3486
f 3494 468 3495
f 3495 468 467
f 468 3494 1774
f 1774 3494 1775
f 501 1771 502
f 502 1771 3493
f 527 366 384
f 384 366 365
f 522 524 527
f 527 524 366
f 521 534 522
f 522 534 524
f 530 535 521
f 521 535 534
f 508 486 513
f 513 486 532
f 513 532 541
f 541 532 535
f 667 668 596
f 596 668 597
f 1294 1297 624
f 624 1297 625
f 603 641 604
f 604 641 640
f 1290 1293 650
f 650 1293 651
f 1758 691 660
f 660 691 661
f 602 671 599
f 599 671 670
f 654 662 690
f 690 662 661
f 2856 598 695
f 695 598 597
f 602 654 671
f 671 654 690
f 604 640 676
f 676 640 704
f 1826 1829 708
f 708 1829 709
f 1288 1284 740
f 740 1284 741
f 755 754 758
f 758 754 759
f 2853 2856 932
f 932 2856 695
f 689 691 1192
f 1192 691 1193
f 784 1319 1240
f 1240 1319 1241
f 1813 1816 1244
f 1244 1816 1245
f 754 1288 759
f 759 1288 740
f 1894 1242 1318
f 1318 1242 1241
f 2867 1348 1418
f 1418 1348 1347
f 676 704 673
f 673 704 1347
f 1284 1287 741
f 741 1287 1419
f 1421 1426 1422
f 1422 1426 1425
f 1758 660 615
f 615 660 616
f 1192 1191 1421
f 1421 1191 1426
f 2962 1839 1504
f 1504 1839 1505
f 941 1194 1759
f 1759 1194 1193
f 1287 1537 1419
f 1419 1537 1760
f 1882 2893 1823
f 1823 2893 1824
f 1886 1891 1827
f 1827 1891 1828
f 1887 1886 1834
f 1834 1886 1827
f 1841 716 1838
f 1838 716 1505
f 782 784 1850
f 1850 784 1240
f 1239 1242 1863
f 1863 1242 1864
f 1242 1894 1864
f 1864 1894 1873
f 1822 1239 1823
f 1823 1239 1863
f 1318 1317 1895
f 1895 1317 1900
f 1894 1896 1873
f 1873 1896 1897
f 1291 1896 1292
f 1292 1896 1895
f 605 1898 606
f 606 1898 1897
f 1258 1257 2854
f 2854 1257 2855
f 1257 1351 2855
f 2855 1351 2857
f 1351 1353 2857
f 2857 1353 2858
f 1353 3033 2858
f 2858 3033 2859
f 2860 2861 3036
f 3036 2861 3037
f 2862 2863 2870
f 2870 2863 3039
f 2870 2869 2862
f 2862 2869 2864
f 2868 2865 2869
f 2869 2865 2864
f 1764 2866 2868
f 2868 2866 2865
f 1537 1199 1760
f 1760 1199 1348
f 615 2884 1758
f 1758 2884 1759
f 1825 1246 2890
f 2890 1246 1245
f 2893 2892 1824
f 1824 2892 2891
f 761 2960 758
f 758 2960 2906
f 3000 2943 2940
f 2940 2943 2941
f 2968 710 2950
f 2950 710 709
f 1764 1423 2866
f 2866 1423 2953
f 1423 645 2953
f 2953 645 2954
f 645 644 2954
f 2954 644 2955
f 644 738 2955
f 2955 738 2956
f 738 764 2956
f 2956 764 2957
f 764 763 2957
f 2957 763 2958
f 763 2908 2958
f 2958 2908 2959
f 2908 1436 2959
f 2959 1436 2961
f 1837 2964 1435
f 1435 2964 2963
f 1837 2937 2964
f 2964 2937 2965
f 2936 2968 2966
f 2966 2968 2950
f 1840 2942 1838
f 1838 2942 2941
f 2939 2949 2940
f 2940 2949 3006
f 2939 2942 2966
f 2966 2942 2965
f 1822 1825 1850
f 1850 1825 2890
f 1891 3005 1828
f 1828 3005 3006
f 3035 3038 3045
f 3045 3038 3042
f 3045 3044 3035
f 3035 3044 3040
f 669 1422 3045
f 3045 1422 3044
f 599 670 3041
f 3041 670 3042
f 931 3067 932
f 932 3067 3065
f 2853 3066 2854
f 2854 3066 3076
f 3067 3496 3065
f 3065 3496 3497
f 3066 3498 3076
f 3076 3498 3499
f 707 1813 708
f 708 1813 1244
f 2960 2962 2906
f 2906 2962 1504
f 2892 1887 2891
f 2891 1887 1834
f 1839 2962 2963
f 2963 2962 2961
f 595 626 596
f 596 626 625
f 623 626 3484
f 3484 626 2859
f 1291 1290 606
f 606 1290 603
f 1290 650 603
f 603 650 641
f 641 650 642
f 642 650 649
f 2860 2863 649
f 649 2863 642
f 3036 3039 2860
f 2860 3039 2863
f 3035 3040 3036
f 3036 3040 3039
f 1294 1293 1295
f 1295 1293 1292
f 624 651 1294
f 1294 651 1293
f 623 652 624
f 624 652 651
f 3484 2861 623
f 623 2861 652
f 3032 3037 3484
f 3484 3037 2861
f 3031 3038 3032
f 3032 3038 3037
f 3481 2848 2884
f 2884 2848 942
f 2846 617 1427
f 1427 617 616
f 3049 3167 3048
f 3048 3167 3500
f 1906 3048 3070
f 3070 3048 3500
f 1337 1768 3501
f 3501 1768 3502
f 3020 3503 3021
f 3021 3503 3024
f 2914 3023 3020
f 3020 3023 3503
f 859 1770 860
f 860 1770 3504
f 1336 3505 1768
f 1768 3505 3502
f 3065 3497 3066
f 3066 3497 3498
f 2814 3075 3067
f 3067 3075 3496
f 2839 3174 766
f 766 3174 3017
f 1337 3501 1338
f 1338 3501 1769
f 767 3018 3026
f 3026 3018 3506
f 3076 3499 3064
f 3064 3499 3507
f 727 730 3483
f 3483 730 3030
f 3064 3507 2871
f 2871 3507 3077
f 3100 3160 1786
f 1786 3160 1784
f 3026 3506 752
f 752 3506 3015
f 860 3504 2923
f 2923 3504 3508
f 753 3016 3027
f 3027 3016 3509
f 3027 3509 3008
f 3008 3509 3028
f 1782 1785 1783
f 1783 1785 3022
f 2923 3508 3153
f 3153 3508 3161
f 3148 3149 1208
f 1208 3149 3150
f 1335 1328 3510
f 3510 1328 1327
f 1336 1335 3505
f 3505 1335 3510
f 866 3511 1340
f 1340 3511 3146
f 865 1808 866
f 866 1808 3511
f 842 841 3159
f 3159 841 3485
f 2849 3512 1329
f 1329 3512 1326
f 1202 1331 2849
f 2849 1331 3512
f 3514 3515 3513
f 3513 3515 3516
f 3518 3516 3517
f 3517 3516 3515
f 3519 3520 3514
f 3514 3520 3515
f 3522 3523 3521
f 3521 3523 3524
f 3526 3527 3525
f 3525 3527 3528
f 3530 3531 3529
f 3529 3531 3532
f 3534 3535 3533
f 3533 3535 3536
f 3529 3532 3537
f 3537 3532 3538
f 3537 3539 3529
f 3529 3539 3540
f 3542 3543 3541
f 3541 3543 3544
f 3546 3547 3545
f 3545 3547 3548
f 3550 3534 3549
f 3549 3534 3533
f 3550 3543 3551
f 3551 3543 3552
f 3537 3545 3539
f 3539 3545 3548
f 3553 3554 3556
f 3556 3554 3555
f 3537 3557 3545
f 3545 3557 3546
f 3558 3559 3561
f 3561 3559 3560
f 3563 3564 3562
f 3562 3564 3565
f 3564 3563 3566
f 3566 3563 3567
f 3569 3570 3568
f 3568 3570 3571
f 3573 3574 3572
f 3572 3574 3575
f 3577 3578 3576
f 3576 3578 3579
f 3581 3582 3580
f 3580 3582 3583
f 3585 3586 3584
f 3584 3586 3579
f 3586 3587 3579
f 3579 3587 3576
f 3589 3590 3588
f 3588 3590 3591
f 3592 3593 3595
f 3595 3593 3594
f 3597 3598 3596
f 3596 3598 3595
f 3583 3600 3599
f 3599 3600 3601
f 3603 3599 3602
f 3602 3599 3601
f 3605 3606 3604
f 3604 3606 3607
f 3608 3555 3596
f 3596 3555 3554
f 3597 3610 3609
f 3609 3610 3565
f 3564 3611 3565
f 3565 3611 3609
f 3611 3564 3612
f 3612 3564 3566
f 3613 3614 3569
f 3569 3614 3570
f 3615 3616 3573
f 3573 3616 3574
f 3517 3617 3518
f 3518 3617 3618
f 3620 3621 3619
f 3619 3621 3622
f 3624 3625 3623
f 3623 3625 3626
f 3628 3629 3627
f 3627 3629 3630
f 3632 3633 3631
f 3631 3633 3634
f 3636 3637 3635
f 3635 3637 3638
f 3640 3641 3639
f 3639 3641 3642
f 3643 3644 3639
f 3639 3644 3640
f 3646 3513 3645
f 3645 3513 3647
f 3648 3514 3646
f 3646 3514 3513
f 3649 3519 3648
f 3648 3519 3514
f 3650 3651 3527
f 3527 3651 3652
f 3654 3651 3653
f 3653 3651 3650
f 3568 3571 3655
f 3655 3571 3656
f 3657 3658 3653
f 3653 3658 3659
f 3661 3662 3660
f 3660 3662 3658
f 3664 3665 3663
f 3663 3665 3666
f 3667 3657 3650
f 3650 3657 3653
f 3669 3523 3668
f 3668 3523 3670
f 3672 3673 3671
f 3671 3673 3674
f 3676 3677 3675
f 3675 3677 3678
f 3671 3674 3676
f 3676 3674 3677
f 3680 3681 3679
f 3679 3681 3682
f 3683 3684 3680
f 3680 3684 3681
f 3685 3686 3661
f 3661 3686 3662
f 3686 3687 3662
f 3662 3687 3688
f 3684 3683 3689
f 3689 3683 3690
f 3692 3693 3691
f 3691 3693 3694
f 3691 3694 3695
f 3695 3694 3696
f 3698 3699 3697
f 3697 3699 3700
f 3702 3703 3701
f 3701 3703 3704
f 3705 3706 3519
f 3519 3706 3520
f 3673 3672 3707
f 3707 3672 3708
f 3709 3710 3682
f 3682 3710 3679
f 3711 3712 3692
f 3692 3712 3693
f 3714 3715 3713
f 3713 3715 3716
f 3718 3700 3717
f 3717 3700 3699
f 3720 3721 3719
f 3719 3721 3722
f 3724 3725 3723
f 3723 3725 3726
f 3727 3728 3730
f 3730 3728 3729
f 3722 3721 3731
f 3731 3721 3732
f 3697 3700 3733
f 3733 3700 3714
f 3733 3714 3734
f 3734 3714 3713
f 3721 3723 3732
f 3732 3723 3735
f 3720 3736 3724
f 3724 3736 3737
f 3700 3718 3714
f 3714 3718 3715
f 3717 3699 3738
f 3738 3699 3739
f 3536 3740 3533
f 3533 3740 3540
f 3742 3743 3741
f 3741 3743 3744
f 3746 3747 3745
f 3745 3747 3748
f 3750 3751 3749
f 3749 3751 3752
f 3627 3632 3628
f 3628 3632 3631
f 3754 3755 3753
f 3753 3755 3626
f 3562 3565 3756
f 3756 3565 3610
f 3527 3652 3528
f 3528 3652 3757
f 3758 3524 3669
f 3669 3524 3523
f 3582 3598 3583
f 3583 3598 3600
f 3759 3670 3522
f 3522 3670 3523
f 3675 3678 3760
f 3760 3678 3761
f 3762 3763 3690
f 3690 3763 3689
f 3765 3766 3764
f 3764 3766 3767
f 3768 3739 3698
f 3698 3739 3699
f 3726 3725 3770
f 3770 3725 3769
f 3645 3647 3771
f 3771 3647 3772
f 3645 3678 3646
f 3646 3678 3677
f 3646 3677 3648
f 3648 3677 3674
f 3673 3649 3674
f 3674 3649 3648
f 3707 3773 3673
f 3673 3773 3649
f 3775 3776 3774
f 3774 3776 3777
f 3779 3526 3778
f 3778 3526 3525
f 3526 3779 3667
f 3667 3779 3780
f 3780 3781 3667
f 3667 3781 3657
f 3672 3679 3708
f 3708 3679 3710
f 3671 3680 3672
f 3672 3680 3679
f 3676 3683 3671
f 3671 3683 3680
f 3675 3690 3676
f 3676 3690 3683
f 3760 3762 3675
f 3675 3762 3690
f 3682 3681 3783
f 3783 3681 3782
f 3689 3784 3684
f 3684 3784 3785
f 3684 3785 3681
f 3681 3785 3782
f 3786 3709 3783
f 3783 3709 3682
f 3784 3689 3787
f 3787 3689 3763
f 3789 3557 3788
f 3788 3557 3790
f 3792 3793 3791
f 3791 3793 3794
f 3616 3615 3795
f 3795 3615 3796
f 3797 3798 3727
f 3727 3798 3728
f 3800 3801 3799
f 3799 3801 3802
f 3803 3578 3592
f 3592 3578 3593
f 3805 3806 3804
f 3804 3806 3807
f 3599 3603 3585
f 3585 3603 3586
f 3587 3586 3604
f 3604 3586 3603
f 3588 3591 3794
f 3794 3591 3791
f 3581 3803 3582
f 3582 3803 3592
f 3594 3561 3608
f 3608 3561 3790
f 3662 3688 3808
f 3808 3688 3809
f 3665 3664 3810
f 3810 3664 3811
f 3719 3812 3720
f 3720 3812 3736
f 3717 3813 3718
f 3718 3813 3737
f 3723 3721 3724
f 3724 3721 3720
f 3813 3717 3814
f 3814 3717 3738
f 3815 3816 303
f 303 3816 304
f 3818 3819 3817
f 3817 3819 3820
f 3578 3803 3579
f 3579 3803 3584
f 3558 3593 3577
f 3577 3593 3578
f 3822 3823 3821
f 3821 3823 3824
f 3546 3826 3825
f 3825 3826 3827
f 3828 3829 3547
f 3547 3829 3541
f 3831 3542 3830
f 3830 3542 3832
f 3834 3822 3833
f 3833 3822 3821
f 3835 3836 3827
f 3827 3836 3825
f 3800 3799 3828
f 3828 3799 3829
f 3830 3832 3837
f 3837 3832 3838
f 331 330 3551
f 3551 330 3839
f 3831 333 3552
f 3552 333 332
f 3819 3797 3841
f 3841 3797 3840
f 3513 3516 3647
f 3647 3516 3746
f 337 336 3745
f 3745 336 3772
f 3525 3528 3775
f 3775 3528 3749
f 3610 3597 3554
f 3554 3597 3596
f 3706 3702 3520
f 3520 3702 3701
f 3756 3610 3553
f 3553 3610 3554
f 3757 3750 3528
f 3528 3750 3749
f 3517 3515 3701
f 3701 3515 3520
f 3842 3584 3581
f 3581 3584 3803
f 3525 3775 3778
f 3778 3775 3774
f 3638 3843 3635
f 3635 3843 3618
f 3617 3621 3618
f 3618 3621 3635
f 3617 3517 3704
f 3704 3517 3701
f 3521 3624 3522
f 3522 3624 3623
f 3749 3844 3775
f 3775 3844 3776
f 3846 3847 3845
f 3845 3847 3848
f 3843 3747 3618
f 3618 3747 3518
f 3850 3851 3849
f 3849 3851 3748
f 3853 3854 3852
f 3852 3854 3855
f 3856 3857 3622
f 3622 3857 3619
f 3859 3860 3858
f 3858 3860 3861
f 3862 3844 3752
f 3752 3844 3749
f 3863 3759 3623
f 3623 3759 3522
f 3864 3777 3630
f 3630 3777 3776
f 3713 3865 3734
f 3734 3865 3866
f 3868 3869 3867
f 3867 3869 3870
f 3872 3873 3871
f 3871 3873 3874
f 3876 3877 3875
f 3875 3877 3878
f 3879 3880 3878
f 3878 3880 3881
f 3882 3883 3885
f 3885 3883 3884
f 3780 3886 3781
f 3781 3886 3887
f 3888 3685 3869
f 3869 3685 3661
f 3880 3879 3883
f 3883 3879 3884
f 3693 3783 3694
f 3694 3783 3782
f 3696 3785 3764
f 3764 3785 3784
f 3694 3782 3696
f 3696 3782 3785
f 3693 3786 3783
f 3787 3765 3784
f 3784 3765 3764
f 386 385 3765
f 3765 385 3766
f 3695 3889 3691
f 3691 3889 3890
f 3691 3890 3692
f 3692 3890 3891
f 3892 3711 3891
f 3891 3711 3692
f 3767 3893 3695
f 3695 3893 3889
f 3766 3894 3767
f 3767 3894 3893
f 3882 3885 3895
f 3895 3885 3896
f 3898 3698 3897
f 3897 3698 3697
f 3897 3697 3899
f 3899 3697 3733
f 3899 3733 3900
f 3900 3733 3734
f 3901 3768 3898
f 3898 3768 3698
f 3901 3902 3768
f 3768 3902 3903
f 3904 3905 3907
f 3907 3905 3906
f 3869 3661 3870
f 3870 3661 3660
f 3908 3909 3896
f 3896 3909 3895
f 3909 3758 3895
f 3895 3758 3669
f 3751 3531 3752
f 3752 3531 3848
f 3858 3536 3854
f 3854 3536 3535
f 3652 3562 3757
f 3757 3562 3756
f 3651 3654 3563
f 3563 3654 3567
f 3655 3656 3808
f 3808 3656 3659
f 3530 3740 3845
f 3845 3740 3861
f 3751 3750 3556
f 3556 3750 3553
f 3817 3820 3796
f 3796 3820 3795
f 410 409 3910
f 3910 409 3855
f 3750 3757 3553
f 3553 3757 3756
f 3908 3886 3909
f 3909 3886 3780
f 409 411 3855
f 3855 411 3851
f 413 412 3760
f 3760 412 3762
f 415 414 3763
f 3763 414 3787
f 3790 3557 3538
f 3538 3557 3537
f 3555 3608 3538
f 3538 3608 3790
f 3574 3911 3575
f 3575 3911 3912
f 3535 3534 3910
f 3910 3534 3839
f 3831 3552 3542
f 3542 3552 3543
f 3534 3550 3839
f 3839 3550 3551
f 3543 3550 3544
f 3544 3550 3549
f 3913 3914 3916
f 3916 3914 3915
f 3806 3805 3589
f 3589 3805 3590
f 3849 3843 3917
f 3917 3843 3638
f 3853 3644 3859
f 3859 3644 3742
f 3747 3746 3518
f 3518 3746 3516
f 3695 3696 3767
f 3767 3696 3764
f 3903 3918 3768
f 3768 3918 3739
f 3738 3739 3816
f 3816 3739 3918
f 3919 3920 3769
f 3769 3920 3770
f 3921 3726 3922
f 3922 3726 3770
f 3678 3645 3761
f 3761 3645 3771
f 3924 3913 3923
f 3923 3913 3916
f 3802 3925 3838
f 3838 3925 3837
f 3577 3926 3558
f 3558 3926 3559
f 3815 3919 3814
f 3814 3919 3769
f 3927 3928 3822
f 3822 3928 3823
f 3829 3832 3541
f 3541 3832 3542
f 3834 3927 3822
f 3832 3829 3838
f 3838 3829 3799
f 3745 3772 3746
f 3746 3772 3647
f 3849 3748 3843
f 3843 3748 3747
f 3854 3853 3858
f 3858 3853 3859
f 3854 3535 3855
f 3855 3535 3910
f 3557 3789 3546
f 3546 3789 3826
f 3923 3823 3924
f 3924 3823 3928
f 3823 3923 3929
f 3929 3923 3930
f 3531 3751 3532
f 3532 3751 3556
f 3532 3556 3538
f 3538 3556 3555
f 3932 3634 3931
f 3931 3634 3633
f 3814 3769 3813
f 3813 3769 3725
f 3620 3636 3621
f 3621 3636 3635
f 3847 3862 3848
f 3848 3862 3752
f 3531 3530 3848
f 3848 3530 3845
f 3933 3934 3830
f 3830 3934 3831
f 3925 3933 3837
f 3837 3933 3830
f 3934 440 3831
f 3831 440 333
f 3925 3802 3833
f 3833 3802 3801
f 3776 3844 3630
f 3630 3844 3627
f 3808 3659 3662
f 3662 3659 3658
f 3667 3650 3526
f 3526 3650 3527
f 3935 3666 3936
f 3936 3666 3665
f 3718 3737 3715
f 3715 3737 3736
f 3663 3809 3664
f 3664 3809 3688
f 3807 3806 3938
f 3938 3806 3937
f 445 413 3761
f 3761 413 3760
f 3902 447 3903
f 3903 447 446
f 3897 3890 3898
f 3898 3890 3889
f 3899 3891 3897
f 3897 3891 3890
f 3898 3889 3901
f 3901 3889 3893
f 3893 3894 3901
f 3901 3894 3902
f 414 386 3787
f 3787 386 3765
f 3940 3941 3939
f 3939 3941 3942
f 3840 3797 3943
f 3943 3797 3727
f 3665 3810 3936
f 3936 3810 3944
f 3921 3735 3726
f 3726 3735 3723
f 3920 3945 3770
f 3770 3945 3922
f 3521 3524 3774
f 3774 3524 3778
f 3864 3946 3625
f 3625 3946 3947
f 3773 3705 3649
f 3649 3705 3519
f 3779 3778 3758
f 3758 3778 3524
f 3812 3716 3736
f 3736 3716 3715
f 3624 3521 3777
f 3777 3521 3774
f 3703 3856 3704
f 3704 3856 3622
f 3900 3892 3899
f 3899 3892 3891
f 3641 3917 3642
f 3642 3917 3948
f 3895 3669 3882
f 3882 3669 3668
f 3855 3851 3852
f 3852 3851 3850
f 3894 458 3902
f 3902 458 447
f 3781 3887 3660
f 3660 3887 3870
f 3570 3566 3571
f 3571 3566 3567
f 3950 3576 3949
f 3949 3576 3587
f 3605 3602 3614
f 3614 3602 3612
f 3614 3612 3570
f 3570 3612 3566
f 3571 3567 3656
f 3656 3567 3654
f 3660 3658 3781
f 3781 3658 3657
f 3604 3607 3587
f 3587 3607 3949
f 3653 3659 3654
f 3654 3659 3656
f 3529 3540 3530
f 3530 3540 3740
f 3687 3811 3688
f 3688 3811 3664
f 3813 3725 3737
f 3737 3725 3724
f 3919 3815 461
f 461 3815 303
f 3818 3798 3819
f 3819 3798 3797
f 3819 3841 3820
f 3820 3841 3951
f 3816 3815 3738
f 3738 3815 3814
f 3540 3539 3533
f 3533 3539 3549
f 3548 3547 3544
f 3544 3547 3541
f 3539 3548 3549
f 3549 3548 3544
f 3741 3931 3860
f 3860 3931 3846
f 3801 3800 3835
f 3835 3800 3836
f 3934 3933 3824
f 3824 3933 3821
f 3825 3828 3546
f 3546 3828 3547
f 3833 3821 3925
f 3925 3821 3933
f 3800 3828 3836
f 3836 3828 3825
f 3824 3952 3934
f 3934 3952 440
f 3860 3846 3861
f 3861 3846 3845
f 3629 3946 3630
f 3630 3946 3864
f 3740 3536 3861
f 3861 3536 3858
f 3833 3801 3834
f 3834 3801 3835
f 3583 3599 3580
f 3580 3599 3585
f 3651 3563 3652
f 3652 3563 3562
f 3758 3909 3779
f 3779 3909 3780
f 3621 3617 3622
f 3622 3617 3704
f 3625 3947 3626
f 3626 3947 3753
f 3633 3632 3847
f 3847 3632 3862
f 3852 3850 3640
f 3640 3850 3641
f 3644 3853 3640
f 3640 3853 3852
f 3859 3742 3860
f 3860 3742 3741
f 3632 3627 3862
f 3862 3627 3844
f 3755 3863 3626
f 3626 3863 3623
f 3917 3638 3948
f 3948 3638 3637
f 3644 3643 3742
f 3742 3643 3743
f 3931 3633 3846
f 3846 3633 3847
f 3625 3624 3864
f 3864 3624 3777
f 3917 3641 3849
f 3849 3641 3850
f 3744 3932 3741
f 3741 3932 3931
f 3903 446 3918
f 3918 446 464
f 3953 3954 3956
f 3956 3954 3955
f 3958 3959 3957
f 3957 3959 3960
f 3876 3958 3877
f 3877 3958 3957
f 3877 3957 3961
f 3961 3957 3962
f 3963 3964 3958
f 3958 3964 3959
f 3965 3966 3876
f 3876 3966 3958
f 3966 3963 3958
f 3966 3967 3963
f 3963 3967 3968
f 3878 3877 3879
f 3879 3877 3961
f 3967 3969 3968
f 3968 3969 3970
f 3969 3971 3970
f 3970 3971 3972
f 3974 3904 3973
f 3973 3904 3907
f 3971 3975 3972
f 3972 3975 3976
f 3976 3975 3978
f 3978 3975 3977
f 3979 3980 3977
f 3977 3980 3978
f 3981 3982 3979
f 3979 3982 3980
f 3983 3984 3981
f 3981 3984 3982
f 3972 3985 3970
f 3970 3985 3986
f 3871 3987 3969
f 3969 3987 3971
f 3872 3871 3967
f 3967 3871 3969
f 3965 3872 3966
f 3966 3872 3967
f 3970 3986 3968
f 3968 3986 3988
f 3879 3961 3884
f 3884 3961 3940
f 3884 3940 3885
f 3885 3940 3939
f 3989 3990 3992
f 3992 3990 3991
f 3942 3993 3995
f 3995 3993 3994
f 3994 3996 3995
f 3995 3996 3974
f 3997 3998 3994
f 3994 3998 3996
f 3999 3997 3993
f 3993 3997 3994
f 4001 3996 4000
f 4000 3996 3998
f 4000 3998 4002
f 4002 3998 4003
f 4004 4003 3997
f 3997 4003 3998
f 3997 3999 4004
f 4004 3999 4005
f 4006 3995 3973
f 3973 3995 3974
f 3939 3942 4006
f 4006 3942 3995
f 3906 3887 3907
f 3907 3887 3886
f 3887 3906 3870
f 3870 3906 3867
f 3908 3973 3886
f 3886 3973 3907
f 3865 4007 3866
f 3866 4007 4008
f 3984 3983 4009
f 4009 3983 4010
f 3961 3962 3940
f 3940 3962 3941
f 4012 3868 4011
f 4011 3868 3867
f 4013 3975 3987
f 3987 3975 3971
f 4014 3977 4013
f 4013 3977 3975
f 4015 4010 4007
f 4007 4010 3983
f 4007 3983 4008
f 4008 3983 3981
f 4008 3981 4016
f 4016 3981 3979
f 4017 3984 4018
f 4018 3984 4009
f 3977 4014 3979
f 3979 4014 4016
f 3982 3984 4019
f 4019 3984 4017
f 4021 4022 4020
f 4020 4022 4023
f 4022 4012 4023
f 4023 4012 4011
f 4023 3904 4020
f 4020 3904 3974
f 4024 4025 4018
f 4018 4025 4017
f 4026 4027 4024
f 4024 4027 4025
f 4028 4026 4029
f 4029 4026 4024
f 4018 4021 4024
f 4024 4021 4029
f 4030 4031 4026
f 4026 4031 4027
f 4032 4030 4028
f 4028 4030 4026
f 4029 4001 4028
f 4028 4001 4000
f 4028 4000 4032
f 4032 4000 4002
f 4034 4035 4033
f 4033 4035 4036
f 4037 4038 4019
f 4019 4038 4039
f 4041 4039 4040
f 4040 4039 4038
f 4040 4038 4042
f 4042 4038 4036
f 4042 4036 4043
f 4043 4036 4035
f 3985 4044 4046
f 4046 4044 4045
f 4047 4048 4045
f 4045 4048 4046
f 4047 4049 4048
f 4048 4049 4050
f 4042 4047 4040
f 4040 4047 4045
f 4043 4049 4042
f 4042 4049 4047
f 4040 4045 4041
f 4041 4045 4044
f 4052 3959 4051
f 4051 3959 3964
f 4053 4054 4051
f 4051 4054 4055
f 3956 3960 4052
f 4052 3960 3959
f 3953 3956 4056
f 4056 3956 4052
f 4058 3953 4057
f 4057 3953 4056
f 4060 4061 4059
f 4059 4061 4062
f 4063 4064 4054
f 4054 4064 4057
f 4054 4053 4063
f 4063 4053 4065
f 4066 4067 4069
f 4069 4067 4068
f 4048 4050 4063
f 4063 4050 4064
f 4063 4065 4048
f 4048 4065 4046
f 3985 4046 3986
f 3986 4046 4065
f 3986 4065 3988
f 3988 4065 4053
f 3988 4053 3964
f 3964 4053 4051
f 3976 3978 4044
f 4044 3978 4041
f 3980 3982 4039
f 4039 3982 4019
f 4039 4041 3980
f 3980 4041 3978
f 3973 3908 4006
f 4006 3908 3896
f 3885 3939 3896
f 3896 3939 4006
f 4031 4034 4027
f 4027 4034 4033
f 4027 4033 4025
f 4025 4033 4037
f 4019 4017 4037
f 4037 4017 4025
f 3993 3942 4070
f 4070 3942 3941
f 3999 3993 4071
f 4071 3993 4070
f 3999 4071 4005
f 4005 4071 4072
f 4073 4074 4076
f 4076 4074 4075
f 4078 4079 4077
f 4077 4079 4080
f 4082 4080 4081
f 4081 4080 4079
f 4084 4085 4083
f 4083 4085 4086
f 4087 4088 4090
f 4090 4088 4089
f 4092 4093 4091
f 4091 4093 4094
f 4096 4097 4095
f 4095 4097 4098
f 4100 4101 4099
f 4099 4101 4102
f 4103 4104 4106
f 4106 4104 4105
f 4108 4109 4107
f 4107 4109 4110
f 4112 4113 4111
f 4111 4113 4114
f 4116 4117 4115
f 4115 4117 4118
f 4120 4121 4119
f 4119 4121 4122
f 4123 4124 4126
f 4126 4124 4125
f 4127 4128 4130
f 4130 4128 4129
f 4132 4133 4131
f 4131 4133 4134
f 4136 4108 4135
f 4135 4108 4107
f 4138 4139 4137
f 4137 4139 4140
f 4141 4142 4088
f 4088 4142 4089
f 4144 4145 4143
f 4143 4145 4146
f 4148 4149 4147
f 4147 4149 4150
f 4152 4153 4151
f 4151 4153 4154
f 4156 4082 4155
f 4155 4082 4081
f 4157 4158 4160
f 4160 4158 4159
f 4161 4162 4164
f 4164 4162 4163
f 4166 4122 4165
f 4165 4122 4121
f 4168 4152 4167
f 4167 4152 4151
f 4169 4170 4172
f 4172 4170 4171
f 4174 4175 4173
f 4173 4175 4176
f 4178 4149 4177
f 4177 4149 4179
f 4173 4176 4180
f 4180 4176 4181
f 4156 4085 4182
f 4182 4085 4183
f 4182 4184 4156
f 4156 4184 4082
f 4185 4186 4184
f 4184 4186 4187
f 4186 4188 4187
f 4187 4188 4189
f 4190 4191 4073
f 4073 4191 4074
f 4177 4179 4158
f 4158 4179 4159
f 4193 4127 4192
f 4192 4127 4130
f 4144 4194 4151
f 4151 4194 4167
f 4196 4197 4195
f 4195 4197 4198
f 4095 4199 4096
f 4096 4199 4200
f 4201 4202 4204
f 4204 4202 4203
f 4205 4206 4208
f 4208 4206 4207
f 4121 4120 4209
f 4209 4120 4210
f 4212 4213 4211
f 4211 4213 4214
f 4216 4217 4215
f 4215 4217 4218
f 4220 4221 4219
f 4219 4221 4222
f 4224 4196 4223
f 4223 4196 4195
f 4225 4226 4134
f 4134 4226 4131
f 4228 4229 4227
f 4227 4229 4230
f 4232 4233 4231
f 4231 4233 4098
f 4235 4236 4234
f 4234 4236 4237
f 4239 4240 4238
f 4238 4240 4241
f 4242 4243 4245
f 4245 4243 4244
f 4246 4247 4249
f 4249 4247 4248
f 4251 4252 4250
f 4250 4252 4253
f 4255 4256 4254
f 4254 4256 4257
f 4259 4260 4258
f 4258 4260 4261
f 4263 4264 4262
f 4262 4264 4265
f 4267 4268 4266
f 4266 4268 4269
f 4271 4199 4270
f 4270 4199 4272
f 4273 4274 4276
f 4276 4274 4275
f 4115 4118 4277
f 4277 4118 4278
f 4280 4281 4279
f 4279 4281 4282
f 4211 4283 4212
f 4212 4283 4284
f 4286 4287 4285
f 4285 4287 4288
f 4165 4121 4289
f 4289 4121 4209
f 4291 4286 4290
f 4290 4286 4285
f 4293 4294 4292
f 4292 4294 4295
f 4297 4298 4296
f 4296 4298 4299
f 4301 4302 4300
f 4300 4302 4303
f 4299 4304 4296
f 4296 4304 4305
f 4306 4292 4307
f 4307 4292 4295
f 4307 4308 4306
f 4306 4308 4309
f 4310 4309 4075
f 4075 4309 4308
f 4299 4298 4312
f 4312 4298 4311
f 4302 4301 4293
f 4293 4301 4294
f 3735 3921 4313
f 4313 3921 4314
f 4315 4314 3922
f 3922 4314 3921
f 4316 3945 829
f 829 3945 830
f 4289 4317 4165
f 4165 4317 4318
f 4320 4321 4319
f 4319 4321 4322
f 4324 4325 4323
f 4323 4325 4326
f 4327 4328 4330
f 4330 4328 4329
f 4290 4331 4291
f 4291 4331 4332
f 4165 4318 4166
f 4166 4318 4333
f 4334 4335 4337
f 4337 4335 4336
f 4339 4340 4338
f 4338 4340 4341
f 4168 4343 4342
f 4342 4343 4344
f 4346 4347 4345
f 4345 4347 4348
f 4350 4351 4349
f 4349 4351 4352
f 4354 4355 4353
f 4353 4355 4356
f 4357 4358 4324
f 4324 4358 4325
f 4337 4359 4334
f 4334 4359 4360
f 4362 4363 4361
f 4361 4363 4364
f 4366 4367 4365
f 4365 4367 4368
f 4369 4370 4372
f 4372 4370 4371
f 4331 4290 4374
f 4374 4290 4373
f 4373 4376 4375
f 4375 4376 4377
f 4379 4380 4378
f 4378 4380 4381
f 4217 4382 4218
f 4218 4382 4383
f 4385 4386 4384
f 4384 4386 4387
f 4388 4389 4338
f 4338 4389 4390
f 4337 4336 4392
f 4392 4336 4391
f 4394 4362 4393
f 4393 4362 4361
f 4396 4397 4395
f 4395 4397 4398
f 4400 4401 4399
f 4399 4401 4402
f 4345 4403 4346
f 4346 4403 4404
f 4405 4406 4342
f 4342 4406 4407
f 4409 4410 4408
f 4408 4410 4411
f 4408 4412 4409
f 4409 4412 4413
f 4181 4415 4414
f 4414 4415 4416
f 4182 4183 4417
f 4417 4183 4418
f 4419 4353 4311
f 4311 4353 4312
f 4421 4422 4420
f 4420 4422 4423
f 4353 4356 4312
f 4312 4356 4424
f 4166 4333 4425
f 4425 4333 4426
f 4425 4143 4166
f 4166 4143 4122
f 4427 4107 4428
f 4428 4107 4110
f 4429 4430 4174
f 4174 4430 4175
f 4335 4431 4336
f 4336 4431 4390
f 4336 4390 4391
f 4391 4390 4389
f 4432 4433 4435
f 4435 4433 4434
f 4437 4438 4436
f 4436 4438 4439
f 4441 4442 4440
f 4440 4442 4443
f 4359 4444 4361
f 4361 4444 4393
f 4446 4447 4445
f 4445 4447 4448
f 4338 4341 4388
f 4388 4341 4449
f 4450 4451 4398
f 4398 4451 4395
f 4453 4454 4452
f 4452 4454 4455
f 4457 4458 4456
f 4456 4458 4459
f 4460 4461 4448
f 4448 4461 4445
f 4463 4464 4462
f 4462 4464 4465
f 4462 4465 4466
f 4466 4465 4467
f 4468 4469 4467
f 4467 4469 4466
f 4469 4468 4470
f 4470 4468 4471
f 4472 4473 4471
f 4471 4473 4470
f 4475 4476 4474
f 4474 4476 4477
f 4479 4480 4478
f 4478 4480 4481
f 4483 4484 4482
f 4482 4484 4485
f 4487 4488 4486
f 4486 4488 4489
f 4491 4492 4490
f 4490 4492 4493
f 4494 4495 4493
f 4493 4495 4490
f 4496 4497 4494
f 4494 4497 4495
f 4497 4496 4498
f 4498 4496 4499
f 4500 4501 4503
f 4503 4501 4502
f 4505 4506 4504
f 4504 4506 4507
f 4466 4508 4462
f 4462 4508 4509
f 4470 4510 4469
f 4469 4510 4511
f 4513 4479 4512
f 4512 4479 4478
f 4515 4443 4514
f 4514 4443 4442
f 4516 4517 4519
f 4519 4517 4518
f 4521 4495 4520
f 4520 4495 4497
f 4522 4490 4521
f 4521 4490 4495
f 4491 4523 4488
f 4488 4523 4524
f 4525 4489 4524
f 4524 4489 4488
f 4484 4526 4485
f 4485 4526 4527
f 4503 4528 4500
f 4500 4528 4529
f 4530 4531 4533
f 4533 4531 4532
f 4535 4506 4534
f 4534 4506 4530
f 4486 4536 4487
f 4487 4536 4537
f 4487 4537 4492
f 4492 4537 4538
f 4494 4539 4496
f 4496 4539 4540
f 4542 4533 4541
f 4541 4533 4499
f 4544 4545 4543
f 4543 4545 4546
f 4548 4549 4547
f 4547 4549 4550
f 4536 4551 4537
f 4537 4551 4552
f 4537 4552 4538
f 4538 4552 4553
f 4554 4539 4556
f 4556 4539 4555
f 4557 4540 4554
f 4554 4540 4539
f 4559 4557 4558
f 4558 4557 4560
f 4540 4557 4541
f 4541 4557 4559
f 4562 4563 4561
f 4561 4563 4564
f 4546 4565 4543
f 4543 4565 4566
f 4547 4567 4548
f 4548 4567 4568
f 4570 4571 4569
f 4569 4571 4572
f 4574 4575 4573
f 4573 4575 4576
f 4578 4579 4577
f 4577 4579 4580
f 4582 4583 4581
f 4581 4583 4584
f 4585 4586 4588
f 4588 4586 4587
f 4589 4585 4590
f 4590 4585 4588
f 4592 4593 4591
f 4591 4593 4594
f 4596 4597 4595
f 4595 4597 4598
f 4600 4601 4599
f 4599 4601 4602
f 4563 4604 4603
f 4603 4604 4605
f 4603 4606 4608
f 4608 4606 4607
f 4609 4610 4594
f 4594 4610 4591
f 4611 4612 4614
f 4614 4612 4613
f 4616 4617 4615
f 4615 4617 4618
f 4602 4620 4619
f 4619 4620 4621
f 4619 4622 4602
f 4602 4622 4599
f 4605 4599 4623
f 4623 4599 4622
f 4605 4623 4603
f 4603 4623 4606
f 4625 4626 4624
f 4624 4626 4627
f 4438 4437 4628
f 4628 4437 4629
f 4442 4441 4630
f 4630 4441 4631
f 4630 4632 4442
f 4442 4632 4514
f 4633 4634 4529
f 4529 4634 4500
f 4500 4634 4501
f 4501 4634 4635
f 4637 4546 4636
f 4636 4546 4545
f 4639 4565 4638
f 4638 4565 4640
f 4573 4576 4641
f 4641 4576 4642
f 4593 4643 4594
f 4594 4643 4644
f 4645 4609 4644
f 4644 4609 4594
f 4647 4648 4646
f 4646 4648 4649
f 4651 4652 4650
f 4650 4652 4653
f 4654 4498 4519
f 4519 4498 4532
f 4520 4508 4521
f 4521 4508 4511
f 4522 4510 4523
f 4523 4510 4655
f 4524 4656 4525
f 4525 4656 4657
f 4514 4529 4515
f 4515 4529 4528
f 4658 4659 4661
f 4661 4659 4660
f 4496 4540 4499
f 4499 4540 4541
f 4493 4555 4494
f 4494 4555 4539
f 4549 4483 4550
f 4550 4483 4482
f 4545 4544 4501
f 4501 4544 4502
f 4636 4545 4635
f 4635 4545 4501
f 4589 4663 4662
f 4662 4663 4664
f 4662 4665 4558
f 4558 4665 4559
f 4569 4586 4570
f 4570 4586 4560
f 4552 4666 4553
f 4553 4666 4667
f 4668 4669 4670
f 4670 4669 4666
f 4672 4673 4671
f 4671 4673 4674
f 4287 4675 4288
f 4288 4675 4676
f 4678 4679 4677
f 4677 4679 4680
f 4681 4678 4682
f 4682 4678 4677
f 4682 4683 4681
f 4681 4683 4684
f 4161 4164 4685
f 4685 4164 4686
f 4414 4687 4689
f 4689 4687 4688
f 4405 4690 4346
f 4346 4690 4347
f 4691 4399 4693
f 4693 4399 4692
f 1209 4694 4365
f 4365 4694 4366
f 4650 1211 4651
f 4651 1211 1210
f 4695 4696 4255
f 4255 4696 4256
f 4697 4698 4218
f 4218 4698 4215
f 4700 4701 4699
f 4699 4701 4702
f 4703 4704 4303
f 4303 4704 4300
f 4315 3922 4316
f 4316 3922 3945
f 4653 4706 4705
f 4705 4706 4707
f 4709 4710 4708
f 4708 4710 4711
f 4335 4334 4713
f 4713 4334 4712
f 4714 4340 4321
f 4321 4340 4322
f 4716 4717 4715
f 4715 4717 4718
f 4238 4241 4719
f 4719 4241 4720
f 4231 4721 4307
f 4307 4721 4308
f 4723 4724 4722
f 4722 4724 4725
f 4727 4728 4726
f 4726 4728 4729
f 4730 4731 4327
f 4327 4731 4328
f 4733 4734 4732
f 4732 4734 4735
f 4720 4381 4736
f 4736 4381 4737
f 4738 4739 4741
f 4741 4739 4740
f 4743 4744 4742
f 4742 4744 4745
f 4338 4390 4339
f 4339 4390 4431
f 4746 4747 4431
f 4431 4747 4339
f 4291 4332 4289
f 4289 4332 4317
f 4289 4209 4291
f 4291 4209 4286
f 4287 4286 4210
f 4210 4286 4209
f 4749 4750 4748
f 4748 4750 4751
f 4212 4284 4752
f 4752 4284 4753
f 4752 4754 4212
f 4212 4754 4213
f 4252 4251 4225
f 4225 4251 4226
f 4227 4230 4248
f 4248 4230 4249
f 4205 4755 4757
f 4757 4755 4756
f 4708 4711 4758
f 4758 4711 4647
f 4367 4366 4759
f 4759 4366 4760
f 4526 4513 4527
f 4527 4513 4512
f 4420 4423 4385
f 4385 4423 4386
f 4705 4761 4653
f 4653 4761 4650
f 4761 1279 4650
f 4650 1279 1211
f 4762 4763 3944
f 3944 4763 3936
f 4274 4273 4765
f 4765 4273 4764
f 4767 4768 4766
f 4766 4768 4769
f 4770 4771 4769
f 4769 4771 4766
f 4771 4770 4242
f 4242 4770 4243
f 4093 4163 4094
f 4094 4163 4162
f 4772 4773 4775
f 4775 4773 4774
f 4777 4778 4776
f 4776 4778 4779
f 4417 4185 4182
f 4182 4185 4184
f 4780 4078 4781
f 4781 4078 4077
f 4781 4077 4782
f 4782 4077 4189
f 4188 4783 4189
f 4189 4783 4782
f 4295 4232 4307
f 4307 4232 4231
f 4785 4786 4784
f 4784 4786 4787
f 4784 1307 4785
f 4785 1307 1306
f 4078 4780 4096
f 4096 4780 4097
f 4075 4074 4310
f 4310 4074 4788
f 4788 4074 4789
f 4789 4074 4191
f 4789 4191 4059
f 4059 4191 4790
f 4791 4277 4792
f 4792 4277 4278
f 3732 3735 4793
f 4793 3735 4313
f 4793 4794 3732
f 3732 4794 3731
f 4792 4795 4791
f 4791 4795 4796
f 4797 4798 4799
f 4799 4798 4724
f 4763 4800 3936
f 3936 4800 3935
f 4801 4062 3729
f 3729 4062 3730
f 4713 4712 4802
f 4802 4712 4803
f 4146 4804 4119
f 4119 4804 4805
f 4498 4654 4497
f 4497 4654 4520
f 4806 4807 1326
f 1326 4807 1327
f 4689 4688 1330
f 1330 4688 1331
f 4801 4789 4062
f 4062 4789 4059
f 3730 4062 4808
f 4808 4062 4061
f 4810 4811 4809
f 4809 4811 4812
f 4813 4403 4814
f 4814 4403 4345
f 4815 4816 4349
f 4349 4816 4350
f 4817 4818 4820
f 4820 4818 4819
f 4406 4821 4407
f 4407 4821 4822
f 4823 4161 4824
f 4824 4161 4685
f 4181 4414 4825
f 4825 4414 4689
f 4741 4740 4826
f 4826 4740 4827
f 4828 4829 4827
f 4827 4829 4826
f 4142 4141 4415
f 4415 4141 4148
f 4830 1354 4761
f 4761 1354 1279
f 4832 4833 4831
f 4831 4833 4834
f 4835 4836 4626
f 4626 4836 4421
f 4451 4709 4395
f 4395 4709 4708
f 4627 4420 4837
f 4837 4420 4385
f 4837 1365 4838
f 4838 1365 1364
f 4397 4396 4839
f 4839 4396 4840
f 4842 4628 4841
f 4841 4628 4629
f 4671 4674 4631
f 4631 4674 4630
f 4674 4659 4630
f 4630 4659 4632
f 4633 4632 4658
f 4658 4632 4659
f 4658 4504 4633
f 4633 4504 4634
f 4635 4634 4507
f 4507 4634 4504
f 4843 4636 4507
f 4507 4636 4635
f 4844 4637 4843
f 4843 4637 4636
f 4637 4844 4640
f 4640 4844 4664
f 4638 4663 4642
f 4642 4663 4845
f 4847 4643 4846
f 4846 4643 4641
f 4644 4848 4645
f 4645 4848 4849
f 4851 4852 4850
f 4850 4852 4853
f 4855 4856 4854
f 4854 4856 4857
f 4859 4860 4858
f 4858 4860 4857
f 4715 4718 4859
f 4859 4718 4860
f 4862 4863 4861
f 4861 4863 4864
f 4866 4867 4865
f 4865 4867 4868
f 4870 4871 4869
f 4869 4871 4872
f 4869 4872 4116
f 4116 4872 4117
f 4820 4819 4874
f 4874 4819 4873
f 4876 4877 4875
f 4875 4877 4878
f 4880 4881 4879
f 4879 4881 4882
f 4884 4885 4883
f 4883 4885 4886
f 4887 4888 4280
f 4280 4888 4281
f 4818 4817 4889
f 4889 4817 4890
f 4891 4193 4823
f 4823 4193 4192
f 4892 4893 4228
f 4228 4893 4229
f 4158 4157 4894
f 4894 4157 4895
f 4896 4897 4132
f 4132 4897 4133
f 4099 4683 4100
f 4100 4683 4682
f 4101 4100 4899
f 4899 4100 4898
f 4150 4106 4147
f 4147 4106 4900
f 4100 4682 4898
f 4898 4682 4677
f 4080 4082 4187
f 4187 4082 4184
f 4077 4080 4189
f 4189 4080 4187
f 4191 4190 4790
f 4790 4190 4901
f 4177 4158 4680
f 4680 4158 4894
f 4108 4136 4752
f 4752 4136 4754
f 4752 4753 4108
f 4108 4753 4109
f 4817 4902 4890
f 4890 4902 4903
f 4904 4905 4907
f 4907 4905 4906
f 4909 4910 4908
f 4908 4910 4911
f 4913 4914 4912
f 4912 4914 4915
f 4916 4917 4919
f 4919 4917 4918
f 4312 4424 4299
f 4299 4424 4304
f 4920 4921 4297
f 4297 4921 4298
f 4194 4922 4167
f 4167 4922 4923
f 4924 4400 4691
f 4691 4400 4399
f 4395 4708 4396
f 4396 4708 4758
f 4367 4925 4368
f 4368 4925 4926
f 4919 4918 4873
f 4873 4918 4874
f 4836 4927 4421
f 4421 4927 4422
f 4921 4928 4298
f 4298 4928 4311
f 4143 4146 4122
f 4122 4146 4119
f 4929 4930 4455
f 4455 4930 4452
f 4932 4933 4931
f 4931 4933 4934
f 4935 4936 4932
f 4932 4936 4933
f 4461 4460 4457
f 4457 4460 4458
f 4480 4479 4475
f 4475 4479 4476
f 4660 4673 4517
f 4517 4673 4937
f 4661 4505 4658
f 4658 4505 4504
f 4484 4483 4489
f 4489 4483 4486
f 4462 4509 4463
f 4463 4509 4518
f 4469 4511 4466
f 4466 4511 4508
f 4655 4473 4656
f 4656 4473 4477
f 4476 4657 4477
f 4477 4657 4656
f 4479 4513 4476
f 4476 4513 4657
f 4489 4525 4484
f 4484 4525 4526
f 4483 4549 4486
f 4486 4549 4536
f 4549 4548 4536
f 4536 4548 4551
f 4548 4568 4551
f 4551 4568 4670
f 4663 4589 4845
f 4845 4589 4590
f 4668 4577 4938
f 4938 4577 4580
f 4940 4938 4939
f 4939 4938 4941
f 4940 4942 4669
f 4669 4942 4943
f 4587 4582 4944
f 4944 4582 4581
f 4848 4847 4608
f 4608 4847 4564
f 4616 4945 4613
f 4613 4945 4598
f 4615 4946 4616
f 4616 4946 4945
f 4947 4939 4948
f 4948 4939 4946
f 4599 4605 4600
f 4600 4605 4604
f 4608 4607 4848
f 4848 4607 4849
f 4613 4612 4616
f 4616 4612 4617
f 4835 4949 4709
f 4709 4949 4710
f 4357 1477 4837
f 4837 1477 1365
f 4712 4950 4803
f 4803 4950 4951
f 4401 4952 4402
f 4402 4952 4953
f 4759 4760 4402
f 4402 4760 4399
f 4508 4520 4509
f 4509 4520 4654
f 4510 4522 4511
f 4511 4522 4521
f 4513 4526 4657
f 4657 4526 4525
f 4632 4633 4514
f 4514 4633 4529
f 4931 4934 4453
f 4453 4934 4454
f 4153 4954 4154
f 4154 4954 4955
f 4957 4958 4956
f 4956 4958 4959
f 4961 4962 4960
f 4960 4962 4963
f 4120 4964 4210
f 4210 4964 4965
f 4967 4968 4966
f 4966 4968 4969
f 4349 4692 4815
f 4815 4692 4970
f 4652 4971 4653
f 4653 4971 4706
f 4758 4647 4972
f 4972 4647 4646
f 4973 4363 4646
f 4646 4363 4972
f 4950 4360 4974
f 4974 4360 4364
f 4431 4335 4746
f 4746 4335 4713
f 4358 4714 4325
f 4325 4714 4321
f 4765 4764 4266
f 4266 4764 4975
f 4202 4976 4203
f 4203 4976 4977
f 4917 4978 4918
f 4918 4978 4979
f 4279 4282 4854
f 4854 4282 4269
f 4820 4880 4817
f 4817 4880 4902
f 4890 4903 4980
f 4980 4903 4886
f 4982 4983 4981
f 4981 4983 4123
f 4795 4851 4796
f 4796 4851 4850
f 4918 4979 4874
f 4874 4979 4881
f 4809 4404 4810
f 4810 4404 4403
f 4354 4985 4984
f 4984 4985 4986
f 1364 1516 4838
f 4838 1516 4987
f 4759 4988 4367
f 4367 4988 4925
f 4989 4990 4481
f 4481 4990 4478
f 4443 4515 4990
f 4990 4515 4991
f 4527 4512 4992
f 4992 4512 4991
f 4528 4503 4992
f 4992 4503 4993
f 4993 4994 4485
f 4485 4994 4482
f 4544 4995 4502
f 4502 4995 4994
f 4995 4996 4550
f 4550 4996 4547
f 4998 4999 4997
f 4997 4999 4566
f 4998 5000 4578
f 4578 5000 4579
f 5001 5002 4596
f 4596 5002 4597
f 5003 4591 5004
f 5004 4591 4610
f 4626 4421 4627
f 4627 4421 4420
f 4837 4838 4627
f 4627 4838 4624
f 4761 4705 4830
f 4830 4705 5005
f 4705 4707 5005
f 5005 4707 5006
f 4308 4721 4075
f 4075 4721 4076
f 5007 4200 4797
f 4797 4200 4798
f 4685 4686 5008
f 5008 4686 5009
f 4889 4890 5010
f 5010 4890 4980
f 4323 1541 4324
f 4324 1541 1540
f 4385 4384 4358
f 4358 4384 4714
f 4396 4758 4840
f 4840 4758 4972
f 4866 4852 5011
f 5011 4852 5012
f 5013 4260 4980
f 4980 4260 5010
f 4875 4878 5014
f 5014 4878 5015
f 5017 5018 5016
f 5016 5018 5019
f 5016 5019 5020
f 5020 5019 5021
f 5023 5024 5022
f 5022 5024 5025
f 5027 5028 5026
f 5026 5028 5029
f 5031 5032 5030
f 5030 5032 5033
f 5035 5036 5034
f 5034 5036 5037
f 5039 5040 5038
f 5038 5040 5041
f 5043 5044 5042
f 5042 5044 5045
f 5038 5046 5039
f 5039 5046 5047
f 5049 5050 5048
f 5048 5050 5051
f 5053 5054 5052
f 5052 5054 5055
f 5057 5024 5056
f 5056 5024 5058
f 5060 5061 5059
f 5059 5061 5062
f 5064 5065 5063
f 5063 5065 5066
f 5043 5050 5064
f 5064 5050 5065
f 5038 5041 5067
f 5067 5041 5068
f 5070 5071 5069
f 5069 5071 5072
f 5074 5075 5073
f 5073 5075 5076
f 5034 5077 5035
f 5035 5077 5078
f 5080 5081 5079
f 5079 5081 5082
f 5084 5085 5083
f 5083 5085 5086
f 5085 5084 5087
f 5087 5084 5088
f 5090 5091 5089
f 5089 5091 5092
f 5094 5095 5093
f 5093 5095 5096
f 5098 5099 5097
f 5097 5099 5100
f 5102 5103 5101
f 5101 5103 5104
f 5105 5106 5108
f 5108 5106 5107
f 5110 5111 5109
f 5109 5111 5112
f 5114 5094 5113
f 5113 5094 5093
f 5116 5117 5115
f 5115 5117 5118
f 5120 5121 5119
f 5119 5121 5122
f 5124 5125 5123
f 5123 5125 5126
f 5128 5129 5127
f 5127 5129 5130
f 5097 5131 5098
f 5098 5131 5132
f 5134 5135 5133
f 5133 5135 5122
f 5084 5125 5088
f 5088 5125 5136
f 5138 5139 5137
f 5137 5139 5140
f 5142 5102 5141
f 5141 5102 5101
f 5106 5143 5107
f 5107 5143 5144
f 5146 5147 5145
f 5145 5147 5148
f 5149 5150 5109
f 5109 5150 5110
f 5151 5110 5152
f 5152 5110 5150
f 4715 5140 4716
f 4716 5140 5139
f 5143 4870 5144
f 5144 4870 4869
f 4115 5146 4116
f 4116 5146 5145
f 4791 4796 5149
f 5149 4796 5150
f 4796 4850 5150
f 5150 4850 5152
f 4858 5142 4859
f 4859 5142 5141
f 5153 5154 5115
f 5115 5154 5105
f 5156 5157 5155
f 5155 5157 5158
f 5159 5160 5053
f 5053 5160 5054
f 5161 5162 5020
f 5020 5162 5068
f 5026 5029 5163
f 5163 5029 5021
f 5083 5086 5164
f 5164 5086 5165
f 5090 5167 5166
f 5166 5167 5168
f 5169 5170 5172
f 5172 5170 5171
f 5174 5175 5173
f 5173 5175 5176
f 5177 5109 5178
f 5178 5109 5112
f 5179 5180 5182
f 5182 5180 5181
f 5123 5126 5120
f 5120 5126 5121
f 5180 5167 5181
f 5181 5167 5183
f 5184 5185 5179
f 5179 5185 5180
f 5186 5149 5177
f 5177 5149 5109
f 4868 5184 4865
f 4865 5184 5179
f 5188 5189 5187
f 5187 5189 5190
f 4277 4791 5186
f 5186 4791 5149
f 5179 5182 4865
f 4865 5182 4853
f 5189 4862 5190
f 5190 4862 4861
f 5156 5075 5191
f 5191 5075 5192
f 5036 5035 5193
f 5193 5035 5194
f 5115 5118 5153
f 5153 5118 5195
f 5022 5025 5196
f 5196 5025 5197
f 5155 5158 5069
f 5069 5158 5062
f 5063 5066 5198
f 5198 5066 5199
f 5073 5076 5200
f 5200 5076 5072
f 5202 5131 5201
f 5201 5131 5203
f 5143 5106 5204
f 5204 5106 5205
f 5114 5113 5206
f 5206 5113 5127
f 5098 5132 5193
f 5193 5132 5195
f 5204 5207 5143
f 5143 5207 4870
f 5088 5136 5208
f 5208 5136 5092
f 5209 5210 5089
f 5089 5210 5183
f 5211 5018 5060
f 5060 5018 5061
f 5017 5040 5070
f 5070 5040 5071
f 5191 5160 5156
f 5156 5160 5157
f 5048 5028 5049
f 5049 5028 5058
f 5207 5204 4858
f 4858 5204 5142
f 4859 5141 4715
f 4715 5141 5140
f 5212 5162 5042
f 5042 5162 5051
f 5182 5152 4853
f 4853 5152 4850
f 5214 5134 5213
f 5213 5134 5133
f 5164 5165 5133
f 5133 5165 5213
f 5215 5216 5201
f 5201 5216 5217
f 5147 5218 5148
f 5148 5218 5219
f 5147 5177 5218
f 5218 5177 5178
f 5141 5101 5140
f 5140 5101 5137
f 5201 5217 5202
f 5202 5217 5104
f 5146 5186 5147
f 5147 5186 5177
f 4277 5186 4115
f 4115 5186 5146
f 5191 5192 5031
f 5031 5192 5032
f 5052 5055 5220
f 5220 5055 5197
f 4116 5145 4869
f 4869 5145 5144
f 5034 5037 5214
f 5214 5037 5134
f 5097 5100 5114
f 5114 5100 5094
f 5108 5107 5219
f 5219 5107 5148
f 5221 5135 5116
f 5116 5135 5117
f 5124 5111 5209
f 5209 5111 5210
f 5107 5144 5148
f 5148 5144 5145
f 5152 5182 5151
f 5151 5182 5181
f 5208 5222 5088
f 5088 5222 5087
f 5222 5208 5171
f 5171 5208 5172
f 5223 1756 4698
f 4698 1756 1755
f 4427 5224 4107
f 4107 5224 4135
f 4178 4679 5225
f 5225 4679 5226
f 5227 5228 4892
f 4892 5228 4893
f 5229 5230 4171
f 4171 5230 4172
f 4855 4268 4884
f 4884 4268 4885
f 4884 4871 4855
f 4855 4871 4856
f 4684 5231 4896
f 4896 5231 4897
f 4768 4767 5009
f 5009 4767 5008
f 5205 5154 5102
f 5102 5154 5103
f 5099 5098 5194
f 5194 5098 5193
f 5198 5199 5079
f 5079 5199 5033
f 5102 5142 5205
f 5205 5142 5204
f 5224 4427 4681
f 4681 4427 4678
f 3712 3711 5232
f 5232 3711 5233
f 3968 3988 3963
f 3963 3988 3964
f 3976 4044 3972
f 3972 4044 3985
f 4038 4037 4036
f 4036 4037 4033
f 4794 4762 3731
f 3731 4762 3944
f 3731 3944 3722
f 3722 3944 3810
f 3874 5234 5232
f 5232 5234 3712
f 3906 3905 3867
f 3867 3905 4011
f 3904 4023 3905
f 3905 4023 4011
f 3719 3722 3811
f 3811 3722 3810
f 3812 3719 3687
f 3687 3719 3811
f 3716 3812 3686
f 3686 3812 3687
f 3713 3716 3685
f 3685 3716 3686
f 4810 4403 5235
f 5235 4403 4813
f 4345 1770 4814
f 4814 1770 1769
f 4067 4066 4058
f 4058 4066 5236
f 4043 4068 4049
f 4049 4068 4050
f 4034 5237 3989
f 3989 5237 3990
f 4031 4030 4072
f 4072 4030 4005
f 4003 4004 4002
f 4002 4004 4032
f 4004 4005 4032
f 4032 4005 4030
f 4067 4064 4068
f 4068 4064 4050
f 4058 4057 4067
f 4067 4057 4064
f 4035 4034 5238
f 5238 4034 3989
f 5236 5239 4058
f 4058 5239 5240
f 5234 3874 5241
f 5241 3874 3873
f 5241 3873 3881
f 3881 3873 3878
f 4800 4763 4788
f 4788 4763 4310
f 4763 4762 4310
f 4310 4762 4309
f 4762 4794 4309
f 4309 4794 4306
f 4794 4793 4306
f 4306 4793 4292
f 4293 4313 4302
f 4302 4313 4314
f 4302 4314 4303
f 4303 4314 4315
f 4303 4315 4703
f 4703 4315 4316
f 4035 4069 4043
f 4043 4069 4068
f 4324 1540 4357
f 4357 1540 1477
f 5232 3987 3874
f 3874 3987 3871
f 3987 5232 4013
f 4013 5232 5233
f 4013 5233 4014
f 4014 5233 5242
f 3888 4015 3865
f 3865 4015 4007
f 3866 4008 5243
f 5243 4008 4016
f 3873 5244 3878
f 3878 5244 3875
f 3965 5244 3872
f 3872 5244 3873
f 3876 3875 3965
f 3965 3875 5244
f 5243 4016 5242
f 5242 4016 4014
f 5246 5247 5245
f 5245 5247 5248
f 3576 3950 3577
f 3577 3950 3926
f 3584 3842 3585
f 3585 3842 3580
f 5249 5247 1784
f 1784 5247 1785
f 5250 5251 5253
f 5253 5251 5252
f 5255 5252 5254
f 5254 5252 5256
f 5254 5256 5258
f 5258 5256 5257
f 5258 5257 5260
f 5260 5257 5259
f 4356 5261 4424
f 4424 5261 5259
f 4355 5262 4356
f 4356 5262 5261
f 4924 5264 5263
f 5263 5264 5265
f 4693 5266 4691
f 4691 5266 5267
f 4351 5268 4352
f 4352 5268 5269
f 1808 1807 4351
f 4351 1807 5268
f 3580 3842 3581
f 3799 3802 3838
f 4800 4788 4801
f 4801 4788 4789
f 3729 3935 4801
f 4801 3935 4800
f 3728 3666 3729
f 3729 3666 3935
f 3728 3798 3666
f 3666 3798 3663
f 3798 3818 3663
f 3663 3818 3809
f 3818 3817 3809
f 3809 3817 3808
f 3796 3655 3817
f 3817 3655 3808
f 3615 3568 3796
f 3796 3568 3655
f 3573 3569 3615
f 3615 3569 3568
f 3572 3613 3573
f 3573 3613 3569
f 3792 3606 3572
f 3572 3606 3613
f 3607 3791 3949
f 3949 3791 3591
f 3590 3950 3591
f 3591 3950 3949
f 3805 3926 3590
f 3590 3926 3950
f 3804 3559 3805
f 3805 3559 3926
f 3804 3914 3559
f 3559 3914 3560
f 3924 3789 3913
f 3913 3789 3788
f 3924 3928 3789
f 3789 3928 3826
f 3928 3927 3826
f 3826 3927 3827
f 3927 3834 3827
f 3827 3834 3835
f 4079 4078 5270
f 5270 4078 5007
f 5271 5272 4233
f 4233 5272 5273
f 5275 5276 5274
f 5274 5276 5277
f 5278 5279 4236
f 4236 5279 4237
f 5278 5280 5271
f 5271 5280 5272
f 4235 5281 4236
f 4236 5281 5282
f 5284 5285 5283
f 5283 5285 5286
f 5288 5289 5287
f 5287 5289 5290
f 5292 5293 5291
f 5291 5293 5294
f 5287 5290 4726
f 4726 5290 5295
f 4293 4292 4313
f 4313 4292 4793
f 4720 4736 4719
f 4719 4736 5296
f 5297 4909 5298
f 5298 4909 4908
f 5299 5300 4976
f 4976 5300 5301
f 5302 4202 5303
f 5303 4202 4201
f 5304 5305 4983
f 4983 5305 5306
f 5308 5309 5307
f 5307 5309 5310
f 4722 4725 5283
f 5283 4725 5311
f 5291 5294 4125
f 4125 5294 4126
f 5313 5314 5312
f 5312 5314 5315
f 5316 5317 5319
f 5319 5317 5318
f 5321 5308 5320
f 5320 5308 5307
f 4819 4981 4873
f 4873 4981 5322
f 4981 4123 5322
f 5322 4123 4126
f 5324 5325 5323
f 5323 5325 5326
f 4764 5327 4975
f 4975 5327 5328
f 4172 5327 4169
f 4169 5327 5329
f 4768 4171 4769
f 4769 4171 4170
f 4243 4755 4244
f 4244 4755 5330
f 4755 4205 5330
f 5330 4205 4208
f 4206 4906 4207
f 4207 4906 4905
f 4686 5014 5009
f 5009 5014 5229
f 4756 4770 4170
f 4170 4770 4769
f 4170 4169 4756
f 4756 4169 4757
f 4273 5329 4764
f 4764 5329 5327
f 4276 5331 4273
f 4273 5331 5329
f 4770 4756 4243
f 4243 4756 4755
f 5333 4889 5332
f 5332 4889 5010
f 4877 5332 4878
f 4878 5332 4259
f 4875 4164 4876
f 4876 4164 4163
f 5334 5335 5324
f 5324 5335 5325
f 4983 5306 4123
f 4123 5306 4124
f 4818 4982 4819
f 4819 4982 4981
f 5332 5010 4259
f 4259 5010 4260
f 5014 4686 4875
f 4875 4686 4164
f 4171 4768 5229
f 5229 4768 5009
f 5337 4916 5336
f 5336 4916 4919
f 5293 5337 5294
f 5294 5337 5336
f 4982 4818 5333
f 5333 4818 4889
f 5338 5339 4262
f 4262 5339 5340
f 5307 5310 5338
f 5338 5310 5339
f 5341 5342 4204
f 4204 5342 5309
f 5336 4919 5322
f 5322 4919 4873
f 5294 5336 4126
f 4126 5336 5322
f 5323 5326 5343
f 5343 5326 5286
f 4914 5344 4915
f 4915 5344 5345
f 5312 5315 5344
f 5344 5315 5345
f 5347 5348 5346
f 5346 5348 5349
f 5350 5351 4832
f 4832 5351 4833
f 5352 5353 5349
f 5349 5353 5346
f 5354 5338 4265
f 4265 5338 4262
f 5320 5307 5354
f 5354 5307 5338
f 4201 5308 5303
f 5303 5308 5321
f 5356 5357 5355
f 5355 5357 4799
f 5358 5359 5334
f 5334 5359 5335
f 5358 5360 4093
f 4093 5360 4163
f 5360 5305 4163
f 4163 5305 4876
f 5305 5304 4876
f 4876 5304 4877
f 5270 4778 4079
f 4079 4778 4081
f 4779 5361 4774
f 4774 5361 5357
f 5356 5359 4775
f 4775 5359 4092
f 5333 5304 4982
f 4982 5304 4983
f 5332 4877 5333
f 5333 4877 5304
f 5015 4258 5230
f 5230 4258 5328
f 5327 4172 5328
f 5328 4172 5230
f 4169 5329 4757
f 4757 5329 5331
f 4757 5331 4205
f 4205 5331 4206
f 5331 4276 4206
f 4206 4276 4906
f 4276 4275 4906
f 4906 4275 4907
f 4275 4888 4907
f 4907 4888 4744
f 4887 4717 4745
f 4745 4717 4864
f 4716 5139 4861
f 4861 5139 5190
f 5139 5138 5190
f 5190 5138 5187
f 5138 5216 5187
f 5187 5216 5176
f 5215 5362 5173
f 5173 5362 5130
f 5364 5365 5363
f 5363 5365 5340
f 4742 4863 5366
f 5366 4863 4867
f 4862 5189 4868
f 4868 5189 5184
f 5189 5188 5184
f 5184 5188 5185
f 5188 5175 5185
f 5185 5175 5168
f 3560 3788 3561
f 3561 3788 3790
f 3596 3595 3608
f 3608 3595 3594
f 3598 3582 3595
f 3595 3582 3592
f 3600 3609 3601
f 3601 3609 3611
f 3602 3601 3612
f 3612 3601 3611
f 3606 3605 3613
f 3613 3605 3614
f 3793 5367 3794
f 3794 5367 5368
f 3598 3597 3600
f 3600 3597 3609
f 3793 3792 3575
f 3575 3792 3572
f 3561 3594 3558
f 3558 3594 3593
f 3807 3915 3804
f 3804 3915 3914
f 3916 3915 5370
f 5370 3915 5369
f 3602 3605 3603
f 3603 3605 3604
f 3606 3792 3607
f 3607 3792 3791
f 3914 3913 3560
f 3560 3913 3788
f 5174 5129 5166
f 5166 5129 5371
f 5170 5169 5093
f 5093 5169 5113
f 5166 5371 5090
f 5090 5371 5091
f 5128 5169 5372
f 5372 5169 5172
f 5127 5113 5128
f 5128 5113 5169
f 5114 5206 5203
f 5203 5206 5362
f 5200 5373 5073
f 5073 5373 5096
f 5374 5375 5200
f 5200 5375 5373
f 5039 5047 5374
f 5374 5047 5375
f 5087 5046 5085
f 5085 5046 5376
f 5212 5377 5067
f 5067 5377 5376
f 5042 5045 5212
f 5212 5045 5377
f 5064 5378 5043
f 5043 5378 5044
f 5063 5077 5064
f 5064 5077 5378
f 5079 5082 5198
f 5198 5082 5078
f 5099 5081 5100
f 5100 5081 5379
f 5100 5379 5094
f 5094 5379 5095
f 5381 5382 5380
f 5380 5382 5383
f 5385 5386 5384
f 5384 5386 5383
f 5385 5387 5386
f 5386 5387 5388
f 5390 5391 5389
f 5389 5391 5392
f 5393 5394 5396
f 5396 5394 5395
f 5398 5399 5397
f 5397 5399 5400
f 5402 5403 5401
f 5401 5403 5404
f 5406 5407 5405
f 5405 5407 5404
f 5408 5409 5163
f 5163 5409 5410
f 5411 5412 5414
f 5414 5412 5413
f 5057 5416 5415
f 5415 5416 5417
f 5393 5416 5418
f 5418 5416 5419
f 5396 5395 5420
f 5420 5395 5421
f 5423 5424 5422
f 5422 5424 5425
f 5415 5417 5220
f 5220 5417 5426
f 5418 5391 5393
f 5393 5391 5394
f 5414 5388 5411
f 5411 5388 5392
f 5059 5427 5060
f 5060 5427 5428
f 5423 5427 5429
f 5429 5427 5430
f 5432 5382 5431
f 5431 5382 5425
f 5429 5407 5423
f 5423 5407 5424
f 5380 5409 5381
f 5381 5409 5433
f 5381 5433 5422
f 5422 5433 5428
f 5027 5412 5056
f 5056 5412 5419
f 5435 5436 5434
f 5434 5436 5437
f 5159 5439 5438
f 5438 5439 5440
f 5053 5436 5159
f 5159 5436 5439
f 5441 5403 5398
f 5398 5403 5399
f 5163 5410 5026
f 5026 5410 5413
f 5438 5440 5442
f 5442 5440 5430
f 5444 5445 5443
f 5443 5445 5446
f 5447 5448 5450
f 5450 5448 5449
f 5451 5446 5452
f 5452 5446 5445
f 5454 5455 5453
f 5453 5455 5451
f 5456 5454 5458
f 5458 5454 5457
f 5460 5461 5459
f 5459 5461 5462
f 5464 5465 5463
f 5463 5465 5466
f 5468 5469 5467
f 5467 5469 5470
f 5472 5473 5471
f 5471 5473 5474
f 5475 5476 5478
f 5478 5476 5477
f 5479 5480 5482
f 5482 5480 5481
f 5483 5484 5448
f 5448 5484 5485
f 5448 5485 5449
f 5449 5485 5486
f 5487 5476 5488
f 5488 5476 5475
f 5490 5491 5489
f 5489 5491 5492
f 5494 5495 5493
f 5493 5495 5496
f 5498 5494 5497
f 5497 5494 5493
f 5500 5501 5499
f 5499 5501 5502
f 5503 5504 5446
f 5446 5504 5443
f 5506 5507 5505
f 5505 5507 5508
f 5510 5511 5509
f 5509 5511 5512
f 5514 5515 5513
f 5513 5515 5516
f 5518 5519 5517
f 5517 5519 5520
f 5495 5521 5496
f 5496 5521 5522
f 5524 5525 5523
f 5523 5525 5526
f 5527 5528 5494
f 5494 5528 5495
f 5499 5502 5529
f 5529 5502 5530
f 5531 5532 5485
f 5485 5532 5486
f 5485 5484 5531
f 5531 5484 5533
f 5482 5481 5534
f 5534 5481 5535
f 5536 5512 5506
f 5506 5512 5511
f 5455 5503 5451
f 5451 5503 5446
f 5467 5470 5511
f 5511 5470 5537
f 5538 5467 5510
f 5510 5467 5511
f 5540 5541 5539
f 5539 5541 5542
f 5543 5544 5546
f 5546 5544 5545
f 5548 5472 5547
f 5547 5472 5471
f 5493 5496 5549
f 5549 5496 5550
f 5496 5522 5550
f 5550 5522 5551
f 5553 5554 5552
f 5552 5554 5555
f 5557 5447 5556
f 5556 5447 5558
f 5557 5483 5447
f 5447 5483 5448
f 5478 5477 5553
f 5553 5477 5559
f 5477 5560 5559
f 5559 5560 5561
f 5476 5562 5477
f 5477 5562 5560
f 5476 5487 5562
f 5562 5487 5563
f 5560 5564 5561
f 5561 5564 5565
f 5564 5560 5566
f 5566 5560 5562
f 5563 5567 5562
f 5562 5567 5566
f 5569 5521 5568
f 5568 5521 5570
f 5481 5572 5571
f 5571 5572 5573
f 5574 5535 5571
f 5571 5535 5481
f 5576 5577 5575
f 5575 5577 5578
f 5579 5580 5456
f 5456 5580 5581
f 5475 5582 5488
f 5488 5582 5583
f 5584 5536 5505
f 5505 5536 5506
f 5585 5586 5588
f 5588 5586 5587
f 5590 5591 5589
f 5589 5591 5592
f 5519 5593 5520
f 5520 5593 5594
f 5595 5596 5462
f 5462 5596 5597
f 5599 5600 5598
f 5598 5600 5514
f 5602 5603 5601
f 5601 5603 5604
f 5524 5543 5525
f 5525 5543 5546
f 5543 5524 5606
f 5606 5524 5605
f 5607 5608 5500
f 5500 5608 5501
f 5610 5551 5609
f 5609 5551 5522
f 5611 5510 5598
f 5598 5510 5509
f 5612 5597 5457
f 5457 5597 5458
f 5510 5611 5538
f 5538 5611 5613
f 5580 5508 5581
f 5581 5508 5507
f 5615 5616 5614
f 5614 5616 5617
f 5619 5620 5618
f 5618 5620 5621
f 5623 5624 5622
f 5622 5624 5625
f 5627 5624 5626
f 5626 5624 5623
f 5629 5630 5628
f 5628 5630 5631
f 5633 5634 5632
f 5632 5634 5466
f 5635 5636 5463
f 5463 5636 5637
f 5523 5638 5524
f 5524 5638 5605
f 5639 5640 5641
f 5641 5640 5595
f 5611 5513 5613
f 5613 5513 5642
f 5643 5586 5608
f 5608 5586 5501
f 5622 5625 5590
f 5590 5625 5591
f 5598 5514 5611
f 5611 5514 5513
f 5645 5646 5644
f 5644 5646 5647
f 5620 5619 5491
f 5491 5619 5648
f 5649 5643 5492
f 5492 5643 5608
f 5650 5651 5653
f 5653 5651 5652
f 5463 5466 5635
f 5635 5466 5634
f 5597 5612 5462
f 5462 5612 5459
f 5635 5634 5523
f 5523 5634 5638
f 5654 5638 5633
f 5633 5638 5634
f 5655 5656 5525
f 5525 5656 5526
f 5658 5659 5657
f 5657 5659 5527
f 5660 5464 5637
f 5637 5464 5463
f 5632 5466 5661
f 5661 5466 5465
f 5661 5662 5632
f 5632 5662 5658
f 5662 5663 5658
f 5658 5663 5659
f 5665 5659 5664
f 5664 5659 5663
f 5632 5658 5633
f 5633 5658 5657
f 5666 5629 5530
f 5530 5629 5667
f 5528 5527 5665
f 5665 5527 5659
f 5668 5669 5570
f 5570 5669 5568
f 5669 5668 5670
f 5670 5668 5671
f 5646 5672 5673
f 5672 5674 5673
f 5673 5674 5675
f 5674 5460 5675
f 5675 5460 5459
f 5461 5676 5462
f 5462 5676 5595
f 5677 5678 5680
f 5680 5678 5679
f 5628 5681 5629
f 5629 5681 5667
f 5682 5529 5667
f 5667 5529 5530
f 5675 5459 5683
f 5683 5459 5612
f 5585 5666 5502
f 5502 5666 5530
f 5589 5684 5602
f 5602 5684 5603
f 5646 5645 5663
f 5663 5645 5664
f 5685 5647 5673
f 5673 5647 5646
f 5686 5687 5683
f 5683 5687 5685
f 5688 5689 5533
f 5533 5689 5531
f 5690 5691 5535
f 5535 5691 5534
f 5692 5690 5574
f 5574 5690 5535
f 5685 5687 5689
f 5689 5687 5693
f 5489 5694 5490
f 5490 5694 5695
f 5690 5692 5696
f 5696 5692 5697
f 5696 5644 5690
f 5690 5644 5691
f 5447 5450 5558
f 5558 5450 5698
f 5699 5700 5642
f 5642 5700 5613
f 5701 5702 5540
f 5540 5702 5541
f 5431 5703 5432
f 5432 5703 5697
f 5385 5384 5574
f 5574 5384 5692
f 5389 5387 5573
f 5573 5387 5571
f 5565 5390 5573
f 5573 5390 5389
f 5390 5565 5704
f 5704 5565 5564
f 5566 5705 5564
f 5564 5705 5704
f 5569 5441 5609
f 5609 5441 5398
f 5568 5405 5569
f 5569 5405 5441
f 5670 5706 5669
f 5669 5706 5406
f 5703 5431 5670
f 5670 5431 5706
f 5432 5697 5384
f 5384 5697 5692
f 5574 5571 5385
f 5385 5571 5387
f 5607 5707 5489
f 5489 5707 5694
f 5518 5708 5519
f 5519 5708 5709
f 5711 5576 5710
f 5710 5576 5575
f 5713 5714 5712
f 5712 5714 5715
f 5553 5552 5478
f 5478 5552 5716
f 5717 5475 5716
f 5716 5475 5478
f 5718 5719 5605
f 5605 5719 5606
f 5505 5622 5584
f 5584 5622 5590
f 5508 5623 5505
f 5505 5623 5622
f 5626 5623 5580
f 5580 5623 5508
f 5580 5579 5626
f 5626 5579 5720
f 5579 5721 5720
f 5720 5721 5722
f 5666 5585 5723
f 5723 5585 5588
f 5724 5725 5639
f 5639 5725 5640
f 5554 5726 5555
f 5555 5726 5727
f 5453 5728 5729
f 5689 5688 5685
f 5685 5688 5647
f 5604 5730 5512
f 5512 5730 5509
f 5628 5631 5618
f 5618 5631 5592
f 5601 5604 5536
f 5536 5604 5512
f 5732 5676 5731
f 5731 5676 5660
f 5730 5604 5733
f 5733 5604 5603
f 5563 5487 5551
f 5551 5487 5550
f 5489 5492 5607
f 5607 5492 5608
f 5573 5572 5565
f 5565 5572 5561
f 5609 5522 5569
f 5569 5522 5521
f 5499 5734 5500
f 5500 5734 5735
f 5596 5736 5721
f 5721 5736 5722
f 5737 5600 5594
f 5594 5600 5520
f 5599 5730 5517
f 5517 5730 5733
f 5660 5738 5731
f 5731 5738 5739
f 5648 5649 5491
f 5491 5649 5492
f 5501 5586 5502
f 5502 5586 5585
f 5525 5546 5655
f 5655 5546 5740
f 5600 5599 5520
f 5520 5599 5517
f 5708 5739 5709
f 5709 5739 5738
f 5636 5635 5526
f 5526 5635 5523
f 5670 5671 5703
f 5703 5671 5741
f 5490 5695 5742
f 5742 5695 5743
f 5682 5678 5744
f 5744 5678 5677
f 5678 5681 5679
f 5679 5681 5621
f 5742 5743 5679
f 5679 5743 5680
f 5618 5621 5628
f 5628 5621 5681
f 5725 5724 5589
f 5589 5724 5684
f 5456 5458 5579
f 5579 5458 5721
f 5675 5683 5673
f 5673 5683 5685
f 5529 5682 5745
f 5745 5682 5744
f 5721 5458 5596
f 5596 5458 5597
f 5701 5540 5719
f 5719 5540 5606
f 5703 5741 5697
f 5697 5741 5696
f 5500 5735 5607
f 5607 5735 5707
f 5549 5746 5493
f 5493 5746 5497
f 5700 5747 5613
f 5613 5747 5538
f 5420 5421 5434
f 5434 5421 5400
f 5689 5693 5531
f 5531 5693 5532
f 5705 5566 5748
f 5748 5566 5567
f 5609 5398 5610
f 5610 5398 5397
f 5669 5406 5568
f 5568 5406 5405
f 5488 5583 5549
f 5549 5583 5746
f 5714 5713 5710
f 5710 5713 5711
f 5747 5468 5538
f 5538 5468 5467
f 5548 5547 5749
f 5749 5547 5750
f 5733 5603 5751
f 5751 5603 5684
f 5589 5602 5590
f 5590 5602 5584
f 5636 5752 5614
f 5614 5752 5615
f 5753 5754 5738
f 5738 5754 5755
f 5602 5601 5584
f 5584 5601 5536
f 5723 5736 5630
f 5630 5736 5640
f 5595 5640 5596
f 5596 5640 5736
f 5734 5499 5745
f 5745 5499 5529
f 5627 5587 5643
f 5643 5587 5586
f 5553 5559 5554
f 5554 5559 5480
f 5559 5561 5480
f 5480 5561 5572
f 5554 5480 5726
f 5726 5480 5479
f 5749 5750 5715
f 5715 5750 5712
f 5683 5612 5686
f 5686 5612 5457
f 5678 5682 5681
f 5681 5682 5667
f 5598 5509 5599
f 5599 5509 5730
f 5679 5621 5742
f 5742 5621 5620
f 5652 5616 5653
f 5653 5616 5615
f 5220 5426 5052
f 5052 5426 5437
f 5487 5488 5550
f 5550 5488 5549
f 5742 5620 5490
f 5490 5620 5491
f 5551 5610 5563
f 5563 5610 5567
f 5610 5397 5567
f 5567 5397 5748
f 5614 5617 5753
f 5753 5617 5754
f 5480 5572 5481
f 5755 5756 5738
f 5738 5756 5709
f 5745 5744 5758
f 5758 5744 5757
f 5745 5758 5734
f 5734 5758 5759
f 5735 5734 5760
f 5760 5734 5759
f 5707 5735 5761
f 5761 5735 5760
f 5744 5677 5757
f 5757 5677 5762
f 5677 5680 5762
f 5762 5680 5763
f 5763 5680 5764
f 5764 5680 5743
f 5765 5766 5762
f 5762 5766 5757
f 5768 5769 5767
f 5767 5769 5770
f 5771 5772 5770
f 5770 5772 5767
f 5770 5769 5774
f 5774 5769 5773
f 5775 5776 5774
f 5774 5776 5777
f 5773 5778 5774
f 5774 5778 5775
f 5779 5766 5773
f 5773 5766 5778
f 5777 5771 5774
f 5774 5771 5770
f 5780 5781 5783
f 5783 5781 5782
f 5781 5780 5771
f 5771 5780 5772
f 5773 5769 5779
f 5779 5769 5768
f 5768 5759 5779
f 5779 5759 5758
f 5768 5784 5759
f 5759 5784 5760
f 5767 5785 5768
f 5768 5785 5784
f 5785 5767 5786
f 5786 5767 5772
f 5766 5779 5757
f 5757 5779 5758
f 5780 5787 5772
f 5772 5787 5786
f 5785 5786 5788
f 5788 5786 5789
f 5786 5787 5789
f 5789 5787 5790
f 5788 5789 5791
f 5791 5789 5792
f 5791 5793 5788
f 5788 5793 5794
f 5795 5792 5790
f 5790 5792 5789
f 5785 5788 5784
f 5784 5788 5794
f 5784 5794 5760
f 5760 5794 5761
f 5787 5780 5796
f 5796 5780 5783
f 5775 5778 5797
f 5797 5778 5766
f 5797 5798 5775
f 5775 5798 5776
f 5766 5765 5797
f 5797 5765 5799
f 5798 5797 5800
f 5800 5797 5799
f 5798 5801 5776
f 5776 5801 5802
f 5707 5761 5694
f 5694 5761 5803
f 5695 5804 5743
f 5743 5804 5764
f 5804 5695 5803
f 5803 5695 5694
f 5803 5793 5804
f 5804 5793 5805
f 5793 5791 5805
f 5805 5791 5806
f 5804 5805 5764
f 5764 5805 5807
f 5803 5761 5793
f 5793 5761 5794
f 5808 5763 5807
f 5807 5763 5764
f 5808 5765 5763
f 5763 5765 5762
f 5809 5799 5808
f 5808 5799 5765
f 5809 5808 5810
f 5810 5808 5807
f 5811 5809 5812
f 5812 5809 5810
f 5805 5806 5807
f 5807 5806 5810
f 5806 5813 5810
f 5810 5813 5812
f 5799 5809 5800
f 5800 5809 5811
f 5815 5800 5814
f 5814 5800 5811
f 5814 5817 5816
f 5816 5817 5818
f 5814 5811 5817
f 5817 5811 5812
f 5814 5816 5815
f 5815 5816 5796
f 5815 5796 5801
f 5801 5796 5783
f 5801 5798 5815
f 5815 5798 5800
f 5791 5792 5806
f 5806 5792 5813
f 5818 5813 5795
f 5795 5813 5792
f 5818 5817 5813
f 5813 5817 5812
f 5816 5818 5790
f 5790 5818 5795
f 5790 5787 5816
f 5816 5787 5796
f 5771 5777 5781
f 5781 5777 5782
f 5782 5802 5783
f 5783 5802 5801
f 5782 5777 5802
f 5802 5777 5776
f 5588 5587 5722
f 5722 5587 5720
f 5591 5619 5592
f 5592 5619 5618
f 5625 5624 5648
f 5648 5624 5649
f 5624 5627 5649
f 5649 5627 5643
f 5631 5630 5725
f 5725 5630 5640
f 5625 5648 5591
f 5591 5648 5619
f 5588 5722 5723
f 5723 5722 5736
f 5631 5725 5592
f 5592 5725 5589
f 5723 5630 5666
f 5666 5630 5629
f 5587 5627 5720
f 5720 5627 5626
f 5820 5821 5819
f 5819 5821 5822
f 5824 5825 5823
f 5823 5825 5826
f 5823 5826 5827
f 5827 5826 5828
f 5829 5830 5832
f 5832 5830 5831
f 5518 5833 5708
f 5708 5833 5834
f 5835 5836 5824
f 5824 5836 5825
f 5838 5839 5837
f 5837 5839 5840
f 5751 5684 5842
f 5842 5684 5841
f 5843 5841 5724
f 5724 5841 5684
f 5845 5846 5844
f 5844 5846 5847
f 5848 5830 5836
f 5836 5830 5825
f 5518 5751 5833
f 5833 5751 5842
f 5839 5838 5821
f 5821 5838 5849
f 5850 5848 5822
f 5822 5848 5836
f 5851 5845 5828
f 5828 5845 5852
f 5854 5855 5853
f 5853 5855 5856
f 5845 5844 5852
f 5852 5844 5857
f 5858 5827 5852
f 5852 5827 5828
f 5851 5828 5829
f 5829 5828 5826
f 5819 5859 5820
f 5820 5859 5860
f 5835 5861 5819
f 5819 5861 5859
f 5851 5829 5862
f 5862 5829 5832
f 5844 5847 5837
f 5837 5847 5834
f 5819 5822 5835
f 5835 5822 5836
f 5823 5863 5824
f 5824 5863 5864
f 5849 5850 5821
f 5821 5850 5822
f 5825 5830 5826
f 5826 5830 5829
f 5820 5860 5865
f 5865 5860 5866
f 5858 5854 5867
f 5867 5854 5853
f 5854 5857 5855
f 5855 5857 5840
f 5855 5865 5856
f 5856 5865 5866
f 5837 5840 5844
f 5844 5840 5857
f 5827 5858 5868
f 5868 5858 5867
f 5824 5864 5835
f 5835 5864 5861
f 5732 5731 5862
f 5862 5731 5846
f 5863 5823 5868
f 5868 5823 5827
f 5843 5831 5848
f 5848 5831 5830
f 5854 5858 5857
f 5857 5858 5852
f 5855 5840 5865
f 5865 5840 5839
f 5865 5839 5820
f 5820 5839 5821
f 5868 5867 5870
f 5870 5867 5869
f 5868 5870 5863
f 5863 5870 5871
f 5863 5871 5864
f 5864 5871 5872
f 5864 5872 5861
f 5861 5872 5873
f 5867 5853 5869
f 5869 5853 5874
f 5853 5856 5874
f 5874 5856 5875
f 5856 5866 5875
f 5875 5866 5876
f 5877 5878 5874
f 5874 5878 5869
f 5880 5881 5879
f 5879 5881 5882
f 5883 5884 5880
f 5880 5884 5881
f 5881 5884 5886
f 5886 5884 5885
f 5887 5888 5886
f 5886 5888 5889
f 5885 5890 5886
f 5886 5890 5887
f 5889 5882 5886
f 5886 5882 5881
f 5882 5891 5879
f 5879 5891 5892
f 5885 5884 5893
f 5893 5884 5883
f 5883 5871 5893
f 5893 5871 5870
f 5883 5894 5871
f 5871 5894 5872
f 5880 5895 5883
f 5883 5895 5894
f 5896 5895 5879
f 5879 5895 5880
f 5893 5878 5885
f 5885 5878 5890
f 5878 5893 5869
f 5869 5893 5870
f 5897 5896 5892
f 5892 5896 5879
f 5895 5896 5898
f 5898 5896 5899
f 5896 5897 5899
f 5899 5897 5900
f 5898 5899 5901
f 5901 5899 5902
f 5901 5903 5898
f 5898 5903 5904
f 5900 5905 5899
f 5899 5905 5902
f 5898 5904 5895
f 5895 5904 5894
f 5894 5904 5872
f 5872 5904 5873
f 5897 5892 5907
f 5907 5892 5906
f 5892 5891 5906
f 5906 5891 5908
f 5887 5890 5909
f 5909 5890 5878
f 5888 5887 5910
f 5910 5887 5909
f 5878 5877 5909
f 5909 5877 5911
f 5909 5911 5910
f 5910 5911 5912
f 5913 5914 5910
f 5910 5914 5888
f 5908 5914 5906
f 5906 5914 5913
f 5861 5873 5859
f 5859 5873 5915
f 5860 5916 5866
f 5866 5916 5876
f 5916 5860 5915
f 5915 5860 5859
f 5915 5903 5916
f 5916 5903 5917
f 5903 5901 5917
f 5917 5901 5918
f 5916 5917 5876
f 5876 5917 5919
f 5903 5915 5904
f 5904 5915 5873
f 5920 5875 5919
f 5919 5875 5876
f 5920 5877 5875
f 5875 5877 5874
f 5920 5921 5877
f 5877 5921 5911
f 5921 5920 5922
f 5922 5920 5919
f 5923 5921 5924
f 5924 5921 5922
f 5917 5918 5919
f 5919 5918 5922
f 5918 5925 5922
f 5922 5925 5924
f 5921 5923 5911
f 5911 5923 5912
f 5927 5912 5926
f 5926 5912 5923
f 5926 5929 5928
f 5928 5929 5930
f 5926 5923 5929
f 5929 5923 5924
f 5926 5928 5927
f 5927 5928 5907
f 5927 5907 5913
f 5913 5907 5906
f 5913 5910 5927
f 5927 5910 5912
f 5901 5902 5918
f 5918 5902 5925
f 5930 5925 5905
f 5905 5925 5902
f 5930 5929 5925
f 5925 5929 5924
f 5928 5930 5900
f 5900 5930 5905
f 5900 5897 5928
f 5928 5897 5907
f 5882 5889 5891
f 5891 5889 5908
f 5908 5889 5914
f 5914 5889 5888
f 5832 5831 5641
f 5641 5831 5639
f 5833 5838 5834
f 5834 5838 5837
f 5842 5841 5849
f 5849 5841 5850
f 5841 5843 5850
f 5850 5843 5848
f 5847 5846 5739
f 5739 5846 5731
f 5842 5849 5833
f 5833 5849 5838
f 5862 5832 5732
f 5732 5832 5641
f 5847 5739 5834
f 5834 5739 5708
f 5862 5846 5851
f 5851 5846 5845
f 5831 5843 5639
f 5639 5843 5724
f 5676 5732 5595
f 5595 5732 5641
f 5676 5461 5660
f 5660 5461 5464
f 5461 5460 5464
f 5464 5460 5465
f 5460 5674 5465
f 5465 5674 5661
f 5931 5932 5934
f 5934 5932 5933
f 5936 5937 5935
f 5935 5937 5938
f 5935 5938 5939
f 5939 5938 5940
f 5942 5943 5941
f 5941 5943 5944
f 5945 5946 5936
f 5936 5946 5937
f 5948 5949 5947
f 5947 5949 5950
f 5951 5952 5519
f 5519 5952 5593
f 5953 5951 5709
f 5709 5951 5519
f 5955 5956 5954
f 5954 5956 5957
f 5958 5942 5946
f 5946 5942 5937
f 5948 5959 5949
f 5949 5959 5933
f 5960 5958 5934
f 5934 5958 5946
f 5961 5955 5940
f 5940 5955 5962
f 5963 5964 5966
f 5966 5964 5965
f 5955 5954 5962
f 5962 5954 5967
f 5968 5939 5962
f 5962 5939 5940
f 5961 5940 5941
f 5941 5940 5938
f 5931 5969 5932
f 5932 5969 5970
f 5945 5971 5931
f 5931 5971 5969
f 5941 5944 5961
f 5961 5944 5972
f 5954 5957 5947
f 5947 5957 5973
f 5945 5931 5946
f 5946 5931 5934
f 5935 5974 5936
f 5936 5974 5975
f 5959 5960 5933
f 5933 5960 5934
f 5937 5942 5938
f 5938 5942 5941
f 5932 5970 5976
f 5976 5970 5977
f 5968 5964 5978
f 5978 5964 5963
f 5965 5964 5950
f 5950 5964 5967
f 5976 5977 5965
f 5965 5977 5966
f 5947 5950 5954
f 5954 5950 5967
f 5939 5968 5979
f 5979 5968 5978
f 5936 5975 5945
f 5945 5975 5971
f 5972 5754 5956
f 5956 5754 5617
f 5974 5935 5979
f 5979 5935 5939
f 5953 5943 5958
f 5958 5943 5942
f 5964 5968 5967
f 5967 5968 5962
f 5965 5950 5976
f 5976 5950 5949
f 5976 5949 5932
f 5932 5949 5933
f 5979 5978 5981
f 5981 5978 5980
f 5979 5981 5974
f 5974 5981 5982
f 5974 5982 5975
f 5975 5982 5983
f 5975 5983 5971
f 5971 5983 5984
f 5978 5963 5980
f 5980 5963 5985
f 5963 5966 5985
f 5985 5966 5986
f 5986 5966 5987
f 5987 5966 5977
f 5988 5989 5985
f 5985 5989 5980
f 5991 5992 5990
f 5990 5992 5993
f 5994 5995 5991
f 5991 5995 5992
f 5992 5995 5997
f 5997 5995 5996
f 5998 5999 5997
f 5997 5999 6000
f 5996 6001 5997
f 5997 6001 5998
f 6000 5993 5997
f 5997 5993 5992
f 6002 6003 5993
f 5993 6003 5990
f 5995 5994 5996
f 5996 5994 6004
f 5994 5982 6004
f 6004 5982 5981
f 5994 6005 5982
f 5982 6005 5983
f 5991 6006 5994
f 5994 6006 6005
f 6006 5991 6007
f 6007 5991 5990
f 5996 6004 6001
f 6001 6004 5989
f 5989 6004 5980
f 5980 6004 5981
f 6003 6008 5990
f 5990 6008 6007
f 6009 6006 6010
f 6010 6006 6007
f 6008 6011 6007
f 6007 6011 6010
f 6012 6009 6013
f 6013 6009 6010
f 6009 6012 6015
f 6015 6012 6014
f 6011 6016 6010
f 6010 6016 6013
f 6006 6009 6005
f 6005 6009 6015
f 6005 6015 5983
f 5983 6015 5984
f 6008 6003 6018
f 6018 6003 6017
f 6003 6002 6017
f 6017 6002 6019
f 5998 6001 6020
f 6020 6001 5989
f 5999 5998 6021
f 6021 5998 6020
f 5989 5988 6020
f 6020 5988 6022
f 6021 6020 6023
f 6023 6020 6022
f 6021 6024 5999
f 5999 6024 6025
f 6019 6025 6017
f 6017 6025 6024
f 5971 5984 5969
f 5969 5984 6026
f 5970 6027 5977
f 5977 6027 5987
f 6027 5970 6026
f 6026 5970 5969
f 6026 6014 6027
f 6027 6014 6028
f 6014 6012 6028
f 6028 6012 6029
f 6027 6028 5987
f 5987 6028 6030
f 6026 5984 6014
f 6014 5984 6015
f 6031 5986 6030
f 6030 5986 5987
f 6031 5988 5986
f 5986 5988 5985
f 6032 6022 6031
f 6031 6022 5988
f 6032 6031 6033
f 6033 6031 6030
f 6034 6032 6035
f 6035 6032 6033
f 6028 6029 6030
f 6030 6029 6033
f 6029 6036 6033
f 6033 6036 6035
f 6032 6034 6022
f 6022 6034 6023
f 6038 6023 6037
f 6037 6023 6034
f 6037 6040 6039
f 6039 6040 6041
f 6037 6034 6040
f 6040 6034 6035
f 6037 6039 6038
f 6038 6039 6018
f 6038 6018 6024
f 6024 6018 6017
f 6024 6021 6038
f 6038 6021 6023
f 6012 6013 6029
f 6029 6013 6036
f 6041 6036 6016
f 6016 6036 6013
f 6041 6040 6036
f 6036 6040 6035
f 6041 6016 6039
f 6039 6016 6011
f 6011 6008 6039
f 6039 6008 6018
f 5993 6000 6002
f 6002 6000 6019
f 6019 6000 6025
f 6025 6000 5999
f 5943 5756 5944
f 5944 5756 5755
f 6042 5948 5973
f 5973 5948 5947
f 5952 5951 5959
f 5959 5951 5960
f 5951 5953 5960
f 5960 5953 5958
f 5616 5957 5617
f 5617 5957 5956
f 6042 5952 5948
f 5948 5952 5959
f 5944 5755 5972
f 5972 5755 5754
f 5957 5616 5973
f 5973 5616 5652
f 5956 5955 5972
f 5972 5955 5961
f 5943 5953 5756
f 5756 5953 5709
f 6044 6045 6043
f 6043 6045 6046
f 6048 6049 6047
f 6047 6049 6050
f 6047 6050 6051
f 6051 6050 6052
f 6054 6055 6053
f 6053 6055 6056
f 6057 6058 6060
f 6060 6058 6059
f 6061 6062 6048
f 6048 6062 6049
f 6063 6064 6066
f 6066 6064 6065
f 6067 6068 6070
f 6070 6068 6069
f 6071 6069 5653
f 5653 6069 6068
f 6072 6073 6075
f 6075 6073 6074
f 6062 6076 6049
f 6049 6076 6054
f 6058 6067 6059
f 6059 6067 6070
f 6064 6077 6065
f 6065 6077 6045
f 6078 6076 6046
f 6046 6076 6062
f 6073 6080 6079
f 6079 6080 6052
f 6082 6083 6081
f 6081 6083 6084
f 6072 6085 6073
f 6073 6085 6080
f 6086 6051 6080
f 6080 6051 6052
f 6079 6052 6053
f 6053 6052 6050
f 6043 6087 6044
f 6044 6087 6088
f 6061 6089 6043
f 6043 6089 6087
f 6053 6056 6079
f 6079 6056 6090
f 6063 6072 6060
f 6060 6072 6075
f 6043 6046 6061
f 6061 6046 6062
f 6047 6091 6048
f 6048 6091 6092
f 6077 6078 6045
f 6045 6078 6046
f 6049 6054 6050
f 6050 6054 6053
f 6044 6088 6093
f 6093 6088 6094
f 6086 6082 6095
f 6095 6082 6081
f 6083 6082 6066
f 6066 6082 6085
f 6093 6094 6083
f 6083 6094 6084
f 6072 6063 6085
f 6085 6063 6066
f 6051 6086 6096
f 6096 6086 6095
f 6048 6092 6061
f 6061 6092 6089
f 5656 5655 6090
f 6090 5655 6074
f 6091 6047 6096
f 6096 6047 6051
f 6071 6055 6076
f 6076 6055 6054
f 6082 6086 6085
f 6085 6086 6080
f 6093 6083 6065
f 6065 6083 6066
f 6044 6093 6045
f 6045 6093 6065
f 6096 6095 6098
f 6098 6095 6097
f 6096 6098 6091
f 6091 6098 6099
f 6091 6099 6092
f 6092 6099 6100
f 6092 6100 6089
f 6089 6100 6101
f 6095 6081 6097
f 6097 6081 6102
f 6081 6084 6102
f 6102 6084 6103
f 6103 6084 6104
f 6104 6084 6094
f 6106 6097 6105
f 6105 6097 6102
f 6107 6108 6110
f 6110 6108 6109
f 6111 6112 6108
f 6108 6112 6109
f 6109 6112 6114
f 6114 6112 6113
f 6114 6115 6117
f 6117 6115 6116
f 6113 6118 6114
f 6114 6118 6115
f 6117 6110 6114
f 6114 6110 6109
f 6110 6119 6107
f 6107 6119 6120
f 6112 6111 6113
f 6113 6111 6121
f 6111 6099 6121
f 6121 6099 6098
f 6111 6122 6099
f 6099 6122 6100
f 6123 6122 6108
f 6108 6122 6111
f 6124 6123 6107
f 6107 6123 6108
f 6113 6121 6118
f 6118 6121 6106
f 6106 6121 6097
f 6097 6121 6098
f 6125 6124 6120
f 6120 6124 6107
f 6126 6123 6127
f 6127 6123 6124
f 6125 6128 6124
f 6124 6128 6127
f 6129 6126 6130
f 6130 6126 6127
f 6126 6129 6132
f 6132 6129 6131
f 6128 6133 6127
f 6127 6133 6130
f 6123 6126 6122
f 6122 6126 6132
f 6122 6132 6100
f 6100 6132 6101
f 6120 6134 6125
f 6125 6134 6135
f 6120 6119 6134
f 6134 6119 6136
f 6115 6118 6137
f 6137 6118 6106
f 6115 6137 6116
f 6116 6137 6138
f 6137 6106 6139
f 6139 6106 6105
f 6138 6137 6140
f 6140 6137 6139
f 6141 6142 6138
f 6138 6142 6116
f 6136 6142 6134
f 6134 6142 6141
f 6089 6101 6087
f 6087 6101 6143
f 6088 6144 6094
f 6094 6144 6104
f 6143 6144 6087
f 6087 6144 6088
f 6131 6145 6143
f 6143 6145 6144
f 6129 6146 6131
f 6131 6146 6145
f 6144 6145 6104
f 6104 6145 6147
f 6143 6101 6131
f 6131 6101 6132
f 6148 6103 6147
f 6147 6103 6104
f 6103 6148 6102
f 6102 6148 6105
f 6148 6149 6105
f 6105 6149 6139
f 6149 6148 6150
f 6150 6148 6147
f 6151 6149 6152
f 6152 6149 6150
f 6145 6146 6147
f 6147 6146 6150
f 6146 6153 6150
f 6150 6153 6152
f 6149 6151 6139
f 6139 6151 6140
f 6155 6140 6154
f 6154 6140 6151
f 6154 6157 6156
f 6156 6157 6158
f 6154 6151 6157
f 6157 6151 6152
f 6154 6156 6155
f 6155 6156 6135
f 6155 6135 6141
f 6141 6135 6134
f 6141 6138 6155
f 6155 6138 6140
f 6146 6129 6153
f 6153 6129 6130
f 6158 6153 6133
f 6133 6153 6130
f 6158 6157 6153
f 6153 6157 6152
f 6156 6158 6128
f 6128 6158 6133
f 6128 6125 6156
f 6156 6125 6135
f 6110 6117 6119
f 6119 6117 6136
f 6136 6117 6142
f 6142 6117 6116
f 6055 5615 6056
f 6056 5615 5752
f 6060 6059 6063
f 6063 6059 6064
f 6077 6070 6078
f 6078 6070 6069
f 6069 6071 6078
f 6078 6071 6076
f 6159 6057 6075
f 6075 6057 6060
f 6059 6070 6064
f 6064 6070 6077
f 6056 5752 6090
f 6090 5752 5656
f 6090 6074 6079
f 6079 6074 6073
f 6055 6071 5615
f 5615 6071 5653
f 5547 5471 6160
f 6160 5471 6161
f 5729 5577 6163
f 6163 5577 6162
f 5577 5576 6162
f 6162 5576 6164
f 5713 6165 5711
f 5711 6165 6166
f 5474 5729 6167
f 6167 5729 6163
f 5750 5547 6168
f 6168 5547 6160
f 5471 5474 6161
f 6161 5474 6167
f 6169 5712 6168
f 6168 5712 5750
f 5711 6166 5576
f 5576 6166 6164
f 6165 5713 6169
f 6169 5713 5712
f 6168 6170 6169
f 6169 6170 6171
f 6169 6171 6165
f 6165 6171 6172
f 6165 6172 6166
f 6166 6172 6173
f 6166 6173 6164
f 6164 6173 6174
f 6168 6160 6170
f 6170 6160 6175
f 6160 6161 6175
f 6175 6161 6176
f 6161 6167 6176
f 6176 6167 6177
f 6179 6170 6178
f 6178 6170 6175
f 6181 6182 6180
f 6180 6182 6183
f 6184 6185 6181
f 6181 6185 6182
f 6186 6187 6185
f 6185 6187 6182
f 6186 6188 6187
f 6187 6188 6189
f 6190 6183 6187
f 6187 6183 6182
f 6183 6190 6191
f 6191 6190 6192
f 6191 6193 6183
f 6183 6193 6180
f 6186 6185 6194
f 6194 6185 6184
f 6184 6172 6194
f 6194 6172 6171
f 6184 6195 6172
f 6172 6195 6173
f 6181 6196 6184
f 6184 6196 6195
f 6196 6181 6197
f 6197 6181 6180
f 6186 6194 6188
f 6188 6194 6179
f 6179 6194 6170
f 6170 6194 6171
f 6193 6198 6180
f 6180 6198 6197
f 6199 6196 6200
f 6200 6196 6197
f 6198 6201 6197
f 6197 6201 6200
f 6202 6199 6203
f 6203 6199 6200
f 6199 6202 6205
f 6205 6202 6204
f 6201 6206 6200
f 6200 6206 6203
f 6196 6199 6195
f 6195 6199 6205
f 6195 6205 6173
f 6173 6205 6174
f 6198 6193 6208
f 6208 6193 6207
f 6193 6191 6207
f 6207 6191 6192
f 6189 6188 6209
f 6209 6188 6179
f 6210 6189 6211
f 6211 6189 6209
f 6209 6179 6212
f 6212 6179 6178
f 6211 6209 6213
f 6213 6209 6212
f 6211 6214 6210
f 6210 6214 6215
f 6192 6215 6207
f 6207 6215 6214
f 6190 6187 6210
f 6210 6187 6189
f 6192 6190 6215
f 6215 6190 6210
f 6162 6164 6216
f 6216 6164 6174
f 6167 6163 6177
f 6177 6163 6217
f 6216 6217 6162
f 6162 6217 6163
f 6204 6218 6216
f 6216 6218 6217
f 6202 6219 6204
f 6204 6219 6218
f 6217 6218 6177
f 6177 6218 6220
f 6216 6174 6204
f 6204 6174 6205
f 6221 6176 6220
f 6220 6176 6177
f 6176 6221 6175
f 6175 6221 6178
f 6221 6222 6178
f 6178 6222 6212
f 6222 6221 6223
f 6223 6221 6220
f 6224 6222 6225
f 6225 6222 6223
f 6218 6219 6220
f 6220 6219 6223
f 6219 6226 6223
f 6223 6226 6225
f 6222 6224 6212
f 6212 6224 6213
f 6228 6213 6227
f 6227 6213 6224
f 6229 6227 6231
f 6231 6227 6230
f 6227 6224 6230
f 6230 6224 6225
f 6227 6229 6228
f 6228 6229 6208
f 6228 6208 6214
f 6214 6208 6207
f 6214 6211 6228
f 6228 6211 6213
f 6219 6202 6226
f 6226 6202 6203
f 6231 6226 6206
f 6206 6226 6203
f 6231 6230 6226
f 6226 6230 6225
f 6229 6231 6201
f 6201 6231 6206
f 6201 6198 6229
f 6229 6198 6208
f 5674 5672 5661
f 5661 5672 5662
f 5662 5672 5663
f 5663 5672 5646
f 5651 6042 5652
f 5652 6042 5973
f 5518 5517 5751
f 5751 5517 5733
f 5738 5660 5753
f 5753 5660 5637
f 5752 5636 5656
f 5656 5636 5526
f 5952 6042 5593
f 5593 6042 5651
f 5593 5651 5594
f 5594 5651 5650
f 5600 5737 5514
f 5514 5737 5515
f 5546 5545 5740
f 5740 5545 6232
f 6232 6058 5740
f 5740 6058 6057
f 6067 6058 6233
f 6233 6058 6232
f 6233 6232 6234
f 6234 6232 5545
f 6234 5545 6235
f 6235 5545 5544
f 5606 6236 5543
f 5543 6236 5544
f 6235 5544 5539
f 5539 5544 6236
f 6237 6235 5542
f 5542 6235 5539
f 6235 6237 6234
f 6234 6237 6238
f 6234 6238 6233
f 6233 6238 6239
f 5653 6068 5650
f 5650 6068 6239
f 5642 5513 6240
f 6240 5513 5516
f 5539 6236 5540
f 5540 6236 5606
f 5636 5614 5637
f 5637 5614 5753
f 6239 5737 5650
f 5650 5737 5594
f 6239 6068 6233
f 6233 6068 6067
f 6075 6074 6159
f 6159 6074 5655
f 6057 6159 5740
f 5740 6159 5655
f 5515 5737 6238
f 6238 5737 6239
f 6238 6237 5515
f 5515 6237 5516
f 5542 6240 6237
f 6237 6240 5516
f 6240 5542 5642
f 5642 5542 5541
f 5702 5699 5541
f 5541 5699 5642
f 5582 5475 5717
f 5470 5443 5537
f 5537 5443 5504
f 5469 5444 5470
f 5470 5444 5443
f 5726 5557 5727
f 5727 5557 5556
f 5537 5504 5511
f 5511 5504 5506
f 5504 5503 5506
f 5506 5503 5507
f 5503 5455 5507
f 5507 5455 5581
f 5455 5454 5581
f 5581 5454 5456
f 5473 5453 5474
f 5474 5453 5729
f 5457 5454 5473
f 5473 5454 5453
f 5473 5472 5457
f 5457 5472 5686
f 5472 5548 5686
f 5686 5548 5687
f 5749 5693 5548
f 5548 5693 5687
f 5715 5532 5749
f 5749 5532 5693
f 5714 5486 5715
f 5715 5486 5532
f 5714 5710 5486
f 5486 5710 5449
f 5728 5578 5729
f 5729 5578 5577
f 5452 5445 5698
f 5698 5445 5558
f 5445 5444 5558
f 5558 5444 5556
f 5444 5469 5556
f 5556 5469 5727
f 5469 5468 5727
f 5727 5468 5555
f 5468 5747 5555
f 5555 5747 5552
f 5747 5700 5552
f 5552 5700 5716
f 5700 5699 5716
f 5716 5699 5717
f 5699 5702 5717
f 5717 5702 5582
f 5702 5701 5582
f 5582 5701 5583
f 5726 5479 5557
f 5557 5479 5483
f 5483 5479 5484
f 5484 5479 5482
f 5534 5533 5482
f 5482 5533 5484
f 5691 5688 5534
f 5534 5688 5533
f 5644 5647 5691
f 5691 5647 5688
f 5719 5746 5701
f 5701 5746 5583
f 5718 5497 5719
f 5719 5497 5746
f 5718 5605 5654
f 5654 5605 5638
f 5498 5654 5657
f 5657 5654 5633
f 5497 5718 5498
f 5498 5718 5654
f 5657 5527 5498
f 5498 5527 5494
f 5528 5570 5495
f 5495 5570 5521
f 5665 5668 5528
f 5528 5668 5570
f 5664 5671 5665
f 5665 5671 5668
f 5645 5741 5664
f 5664 5741 5671
f 5644 5696 5645
f 5645 5696 5741
f 5710 5575 5449
f 5449 5575 5450
f 5575 5578 5450
f 5450 5578 5698
f 5578 5728 5698
f 5698 5728 5452
f 5452 5728 5451
f 5451 5728 5453
f 3619 6241 3620
f 3620 6241 6242
f 6243 6244 3628
f 3628 6244 3629
f 6245 6246 3634
f 3634 6246 3631
f 6247 6248 3636
f 3636 6248 3637
f 6249 6250 3642
f 3642 6250 3639
f 3639 6250 3643
f 3643 6250 6251
f 3743 6252 3744
f 3744 6252 6253
f 6246 6243 3631
f 3631 6243 3628
f 3753 6254 3754
f 3754 6254 6255
f 3857 6256 3619
f 3619 6256 6241
f 6257 6245 3932
f 3932 6245 3634
f 6242 6247 3620
f 3620 6247 3636
f 6258 6259 3946
f 3946 6259 3947
f 6260 6249 3948
f 3948 6249 3642
f 6244 6258 3629
f 3629 6258 3946
f 3947 6259 3753
f 3753 6259 6254
f 6248 6260 3637
f 3637 6260 3948
f 3643 6251 3743
f 3743 6251 6252
f 3744 6253 3932
f 3932 6253 6257
f 6250 6249 6251
f 6251 6249 6252
f 6245 6261 6246
f 6246 6261 6262
f 6263 6264 6247
f 6247 6264 6248
f 6252 6265 6253
f 6253 6265 6266
f 6246 6262 6243
f 6243 6262 6267
f 6268 6261 6257
f 6257 6261 6245
f 6269 6263 6242
f 6242 6263 6247
f 6270 6271 6260
f 6260 6271 6249
f 6264 6270 6248
f 6248 6270 6260
f 6253 6266 6257
f 6257 6266 6268
f 6249 6271 6252
f 6252 6271 6265
f 6254 6259 6272
f 6272 6259 6273
f 6266 6265 6270
f 6270 6265 6271
f 6268 6266 6264
f 6264 6266 6270
f 6261 6268 6263
f 6263 6268 6264
f 6269 6262 6263
f 6263 6262 6261
f 4186 4185 6274
f 6274 4185 6275
f 6241 6276 6242
f 6242 6276 6269
f 6258 6244 6277
f 6277 6244 6278
f 6256 6279 6241
f 6241 6279 6276
f 6259 6258 6273
f 6273 6258 6277
f 6243 6267 6244
f 6244 6267 6278
f 6276 6267 6269
f 6269 6267 6262
f 6254 6272 6255
f 6255 6272 6280
f 3865 3713 3888
f 3888 3713 3685
f 5242 5233 3892
f 3892 5233 3711
f 3900 5243 3892
f 3892 5243 5242
f 3734 3866 3900
f 3900 3866 5243
f 4117 6281 4118
f 4118 6281 6282
f 4118 6282 4278
f 4278 6282 4879
f 4717 4887 4718
f 4718 4887 4280
f 4792 4278 4882
f 4882 4278 4879
f 4795 4792 6283
f 6283 4792 4882
f 4852 4851 5012
f 5012 4851 6284
f 4856 5207 4857
f 4857 5207 4858
f 4860 4279 4857
f 4857 4279 4854
f 4718 4280 4860
f 4860 4280 4279
f 4864 4863 4745
f 4745 4863 4742
f 5366 4867 5011
f 5011 4867 4866
f 4871 4884 4872
f 4872 4884 4883
f 4872 4883 4117
f 4117 4883 6281
f 6284 4851 6283
f 6283 4851 4795
f 4852 4866 4853
f 4853 4866 4865
f 4871 4870 4856
f 4856 4870 5207
f 4717 4716 4864
f 4864 4716 4861
f 4868 4867 4862
f 4862 4867 4863
f 4268 4855 4269
f 4269 4855 4854
f 4281 4274 4282
f 4282 4274 4765
f 4744 4743 4907
f 4907 4743 4904
f 4874 4881 4820
f 4820 4881 4880
f 4885 5013 4886
f 4886 5013 4980
f 4888 4275 4281
f 4281 4275 4274
f 4902 6282 4903
f 4903 6282 6281
f 6283 4979 6284
f 6284 4979 4978
f 4282 4765 4269
f 4269 4765 4266
f 4880 4879 4902
f 4902 4879 6282
f 4903 6281 4886
f 4886 6281 4883
f 4882 4881 6283
f 6283 4881 4979
f 5013 4885 4267
f 4267 4885 4268
f 4888 4887 4744
f 4744 4887 4745
f 4410 6285 4411
f 4411 6285 4812
f 4750 4749 6286
f 6286 4749 6287
f 6289 4695 6288
f 6288 4695 4255
f 4750 4675 4751
f 4751 4675 4965
f 6290 6291 4963
f 4963 6291 4960
f 4807 4806 4411
f 4411 4806 4408
f 6292 6293 4959
f 4959 6293 4956
f 4958 6294 4959
f 4959 6294 4955
f 4962 4964 4963
f 4963 4964 4805
f 4962 4961 4751
f 4751 4961 4748
f 6296 6297 6295
f 6295 6297 6298
f 6299 6300 6288
f 6288 6300 4735
f 6302 4961 6301
f 6301 4961 4960
f 6304 6287 6303
f 6303 6287 4749
f 4968 6305 4969
f 4969 6305 6306
f 4413 6308 6307
f 6307 6308 4900
f 6301 4960 6309
f 6309 4960 6291
f 4412 4408 6310
f 6310 4408 4806
f 4696 6311 4256
f 4256 6311 6312
f 6303 4749 6313
f 6313 4749 4748
f 6313 4748 6302
f 6302 4748 4961
f 6315 6316 6314
f 6314 6316 6317
f 4084 6318 6315
f 6315 6318 6316
f 4083 6319 4084
f 4084 6319 6318
f 4112 6320 4083
f 4083 6320 6319
f 6322 4138 6321
f 6321 4138 4137
f 6324 4128 6323
f 6323 4128 4127
f 4127 4193 6323
f 6323 4193 6325
f 4193 4891 6325
f 6325 4891 6326
f 4891 6327 6326
f 6326 6327 6328
f 6327 4824 5227
f 5227 4824 5228
f 5231 4684 6329
f 6329 4684 4683
f 4683 4099 6329
f 6329 4099 6330
f 4099 4102 6330
f 6330 4102 6331
f 4174 4826 4429
f 4429 4826 4829
f 4173 4741 4174
f 4174 4741 4826
f 4180 4738 4173
f 4173 4738 4741
f 6332 6333 4180
f 4180 6333 4738
f 6274 6334 4186
f 4186 6334 4188
f 4181 4825 4180
f 4180 4825 6332
f 5044 5213 5045
f 5045 5213 5165
f 5046 5087 5047
f 5047 5087 5222
f 5077 5063 5078
f 5078 5063 5198
f 5081 5099 5082
f 5082 5099 5194
f 5095 5074 5096
f 5096 5074 5073
f 5373 5170 5096
f 5096 5170 5093
f 5375 5171 5373
f 5373 5171 5170
f 5047 5222 5375
f 5375 5222 5171
f 5046 5038 5376
f 5376 5038 5067
f 5377 5086 5376
f 5376 5086 5085
f 5045 5165 5377
f 5377 5165 5086
f 5378 5214 5044
f 5044 5214 5213
f 5077 5034 5378
f 5378 5034 5214
f 5082 5194 5078
f 5078 5194 5035
f 5081 5080 5379
f 5379 5080 6335
f 5379 6335 5095
f 5095 6335 5074
f 5032 5080 5033
f 5033 5080 5079
f 5040 5017 5041
f 5041 5017 5016
f 5050 5043 5051
f 5051 5043 5042
f 5065 5023 5066
f 5066 5023 5022
f 5050 5049 5065
f 5065 5049 5023
f 5041 5016 5068
f 5068 5016 5020
f 5071 5374 5072
f 5072 5374 5200
f 5075 5156 5076
f 5076 5156 5155
f 5162 5212 5068
f 5068 5212 5067
f 5075 5074 5192
f 5192 5074 6335
f 5066 5022 5199
f 5199 5022 5196
f 5076 5155 5072
f 5072 5155 5069
f 5040 5039 5071
f 5071 5039 5374
f 5162 5161 5051
f 5051 5161 5048
f 5192 6335 5032
f 5032 6335 5080
f 5199 5196 5033
f 5033 5196 5030
f 5018 5211 5019
f 5019 5211 5408
f 5019 5408 5021
f 5021 5408 5163
f 5024 5057 5025
f 5025 5057 5415
f 5028 5048 5029
f 5029 5048 5161
f 5054 5031 5055
f 5055 5031 5030
f 5024 5023 5058
f 5058 5023 5049
f 5061 5070 5062
f 5062 5070 5069
f 5157 5438 5158
f 5158 5438 5442
f 5160 5191 5054
f 5054 5191 5031
f 5029 5161 5021
f 5021 5161 5020
f 5025 5415 5197
f 5197 5415 5220
f 5158 5442 5062
f 5062 5442 5059
f 5018 5017 5061
f 5061 5017 5070
f 5160 5159 5157
f 5157 5159 5438
f 5028 5027 5058
f 5058 5027 5056
f 5055 5030 5197
f 5197 5030 5196
f 5409 5380 5410
f 5410 5380 6336
f 5026 5413 5027
f 5027 5413 5412
f 5396 5417 5393
f 5393 5417 5416
f 5416 5057 5419
f 5419 5057 5056
f 5417 5396 5426
f 5426 5396 5420
f 5427 5423 5428
f 5428 5423 5422
f 5427 5059 5430
f 5430 5059 5442
f 5409 5408 5433
f 5433 5408 5211
f 5433 5211 5428
f 5428 5211 5060
f 5412 5411 5419
f 5419 5411 5418
f 5436 5053 5437
f 5437 5053 5052
f 5439 5402 5440
f 5440 5402 5401
f 5436 5435 5439
f 5439 5435 5402
f 5410 6336 5413
f 5413 6336 5414
f 5440 5401 5430
f 5430 5401 5429
f 5426 5420 5437
f 5437 5420 5434
f 5382 5432 5383
f 5383 5432 5384
f 5386 6336 5383
f 5383 6336 5380
f 6336 5386 5414
f 5414 5386 5388
f 5391 5418 5392
f 5392 5418 5411
f 5705 5395 5704
f 5704 5395 5394
f 5399 5435 5400
f 5400 5435 5434
f 5403 5441 5404
f 5404 5441 5405
f 5407 5429 5404
f 5404 5429 5401
f 5395 5705 5421
f 5421 5705 5748
f 5424 5706 5425
f 5425 5706 5431
f 5391 5390 5394
f 5394 5390 5704
f 5392 5388 5389
f 5389 5388 5387
f 5382 5381 5425
f 5425 5381 5422
f 5407 5406 5424
f 5424 5406 5706
f 5403 5402 5399
f 5399 5402 5435
f 5421 5748 5400
f 5400 5748 5397
f 4097 4721 4098
f 4098 4721 4231
f 4233 5273 4098
f 4098 5273 4095
f 6337 6338 4785
f 4785 6338 4786
f 4076 4780 4073
f 4073 4780 4781
f 4782 4190 4781
f 4781 4190 4073
f 4783 4901 4782
f 4782 4901 4190
f 4780 4076 4097
f 4097 4076 4721
f 6337 2879 4701
f 4701 2879 2878
f 5280 6339 5272
f 5272 6339 6340
f 5282 5281 6341
f 6341 5281 6342
f 4109 6302 4110
f 4110 6302 6301
f 4283 6304 4284
f 4284 6304 6303
f 6305 4379 6306
f 6306 4379 4378
f 4110 6301 4428
f 4428 6301 6309
f 6310 4688 4412
f 4412 4688 4687
f 4284 6303 4753
f 4753 6303 6313
f 4753 6313 4109
f 4109 6313 6302
f 6343 5226 4428
f 4428 5226 4427
f 4147 4900 4416
f 4416 4900 6308
f 6312 6311 4241
f 4241 6311 4720
f 5223 6344 4702
f 4702 6344 4699
f 4221 4220 6345
f 6345 4220 6346
f 5276 5275 6347
f 6347 5275 6348
f 5275 4728 6348
f 6348 4728 6349
f 4727 6350 5284
f 5284 6350 5285
f 6351 6352 6354
f 6354 6352 6353
f 5313 5312 5292
f 5292 5312 5293
f 5312 5344 5293
f 5293 5344 5337
f 5344 4914 5337
f 5337 4914 4916
f 4914 4913 4916
f 4916 4913 4917
f 4913 6355 4917
f 4917 6355 4978
f 6356 6357 6284
f 6284 6357 5012
f 6357 6358 5012
f 5012 6358 5011
f 5011 6358 5366
f 5366 6358 6359
f 6360 4742 6359
f 6359 4742 5366
f 4743 6361 4904
f 4904 6361 5364
f 5363 4905 5364
f 5364 4905 4904
f 5363 6362 4905
f 4905 6362 4207
f 6362 6363 4207
f 4207 6363 4208
f 6363 5342 4208
f 4208 5342 5330
f 5342 5341 5330
f 5330 5341 4244
f 5341 6364 4244
f 4244 6364 4245
f 6364 6365 4245
f 4245 6365 4246
f 6366 6367 4253
f 4253 6367 4250
f 4214 6368 4211
f 4211 6368 4380
f 4380 4379 4211
f 4211 4379 4283
f 4379 6305 4283
f 4283 6305 6304
f 6305 4968 6304
f 6304 4968 6287
f 4968 4967 6287
f 6287 4967 6286
f 4967 6297 6286
f 6286 6297 4676
f 6296 4376 4288
f 4288 4376 4285
f 4376 4373 4285
f 4285 4373 4290
f 6369 6370 6372
f 6372 6370 6371
f 5245 6373 5246
f 5246 6373 6374
f 4317 6375 4318
f 4318 6375 6376
f 4331 6377 4332
f 4332 6377 6378
f 6379 4333 6376
f 6376 4333 4318
f 4343 6380 4344
f 4344 6380 6381
f 4347 6382 4348
f 4348 6382 6383
f 4374 6371 4331
f 4331 6371 6377
f 4333 6379 4426
f 4426 6379 6384
f 4690 6385 4347
f 4347 6385 6382
f 4332 6378 4317
f 4317 6378 6375
f 4922 6386 4923
f 4923 6386 6387
f 6388 6389 4375
f 4375 6389 6390
f 6355 6356 4978
f 4978 6356 6284
f 4742 6360 4743
f 4743 6360 6361
f 6391 4238 6392
f 6392 4238 4719
f 6392 4719 6393
f 6393 4719 5296
f 6395 6396 6394
f 6394 6396 6397
f 6399 6400 6398
f 6398 6400 6401
f 6402 5302 6403
f 6403 5302 5303
f 5303 5321 6403
f 6403 5321 6404
f 5320 6405 5321
f 5321 6405 6404
f 5319 6406 5350
f 5350 6406 5351
f 5319 5318 6406
f 6406 5318 6407
f 5288 4197 6408
f 6408 4197 6409
f 4217 4216 6410
f 6410 4216 6411
f 5227 6412 6327
f 6327 6412 6328
f 4892 6413 5227
f 5227 6413 6412
f 4228 6414 4892
f 4892 6414 6413
f 4227 6415 4228
f 4228 6415 6414
f 4248 6416 4227
f 4227 6416 6415
f 4247 6417 4248
f 4248 6417 6416
f 6417 4247 6419
f 6419 4247 6418
f 6419 6418 6421
f 6421 6418 6420
f 6422 5301 6423
f 6423 5301 5300
f 6423 5300 6424
f 6424 5300 6399
f 6408 6409 6398
f 6398 6409 6425
f 6426 6427 6397
f 6397 6427 6394
f 6428 4224 6429
f 6429 4224 4223
f 6347 6346 5276
f 5276 6346 4220
f 6346 6347 6341
f 6341 6347 6339
f 5280 5278 5282
f 5282 5278 4236
f 4896 5224 4684
f 4684 5224 4681
f 4132 4135 4896
f 4896 4135 5224
f 4131 4136 4132
f 4132 4136 4135
f 4226 4754 4131
f 4131 4754 4136
f 4251 4213 4226
f 4226 4213 4754
f 4250 4214 4251
f 4251 4214 4213
f 4250 6367 4214
f 4214 6367 6368
f 6367 4910 6368
f 6368 4910 4737
f 4909 5297 4736
f 4736 5297 5296
f 5297 6395 5296
f 5296 6395 6393
f 6427 6430 6394
f 6394 6430 6431
f 6429 4383 6428
f 6428 4383 4382
f 4219 5277 4220
f 4220 5277 5276
f 4222 4697 4383
f 4383 4697 4218
f 6345 4699 4221
f 4221 4699 6344
f 6342 4700 6345
f 6345 4700 4699
f 4235 4786 5281
f 5281 4786 6338
f 4234 4787 4235
f 4235 4787 4786
f 5279 5278 6432
f 6432 5278 5271
f 4237 5279 6433
f 6433 5279 6432
f 4787 4234 6433
f 6433 4234 4237
f 6435 6436 6434
f 6434 6436 6437
f 6359 6438 6360
f 6360 6438 6437
f 6439 6440 6441
f 6441 6440 6438
f 6443 6439 6442
f 6442 6439 6441
f 6357 6356 6442
f 6442 6356 6444
f 6444 6446 6445
f 6445 6446 6447
f 4912 6446 4913
f 4913 6446 6355
f 6361 6436 5364
f 5364 6436 5365
f 5319 5350 5316
f 5316 5350 6448
f 4832 6449 5350
f 5350 6449 6448
f 4831 6450 4832
f 4832 6450 6449
f 5354 6451 5320
f 5320 6451 6405
f 4265 6452 5354
f 5354 6452 6451
f 4264 6453 4265
f 4265 6453 6452
f 6450 4831 6447
f 6447 4831 6445
f 4263 6435 4264
f 4264 6435 6434
f 6454 6453 6439
f 6439 6453 6440
f 6439 6443 6454
f 6454 6443 4834
f 4833 6455 4834
f 4834 6455 6454
f 5351 6456 4833
f 4833 6456 6455
f 6457 6391 6458
f 6458 6391 6392
f 6458 6392 6431
f 6431 6392 6393
f 5298 6396 5297
f 5297 6396 6395
f 6402 6400 5302
f 5302 6400 5299
f 6402 6403 6459
f 6459 6403 6460
f 6460 6403 6461
f 6461 6403 6404
f 6405 6462 6404
f 6404 6462 6461
f 6406 6462 5351
f 5351 6462 6456
f 6406 6407 6462
f 6462 6407 6461
f 6407 6463 6461
f 6461 6463 6460
f 6463 6464 6460
f 6460 6464 6459
f 6464 6465 6459
f 6459 6465 6401
f 6430 6466 6431
f 6431 6466 6458
f 6466 6410 6458
f 6458 6410 6457
f 6410 6411 6457
f 6457 6411 6467
f 6396 6424 6397
f 6397 6424 6425
f 6393 6395 6431
f 6431 6395 6394
f 6451 6456 6405
f 6405 6456 6462
f 6452 6455 6451
f 6451 6455 6456
f 6453 6454 6452
f 6452 6454 6455
f 6443 6445 4834
f 4834 6445 4831
f 6440 6453 6434
f 6434 6453 4264
f 6468 5306 5360
f 5360 5306 5305
f 6469 4124 6468
f 6468 4124 5306
f 6470 4125 6469
f 6469 4125 4124
f 6471 5291 6470
f 6470 5291 4125
f 6353 5292 6471
f 6471 5292 5291
f 5292 6353 5313
f 5313 6353 6352
f 5347 5314 6352
f 6352 5314 5313
f 5353 5318 5346
f 5346 5318 5317
f 5334 6468 5358
f 5358 6468 5360
f 5324 6469 5334
f 5334 6469 6468
f 5323 6470 5324
f 5324 6470 6469
f 5343 6471 5323
f 5323 6471 6470
f 6354 6353 5343
f 5343 6353 6471
f 6348 6349 4270
f 4270 6349 5311
f 5272 6340 5273
f 5273 6340 4272
f 6432 5271 4232
f 4232 5271 4233
f 4294 6432 4295
f 4295 6432 4232
f 6432 4294 6433
f 6433 4294 4301
f 4301 4300 6433
f 6433 4300 4787
f 4704 4784 4300
f 4300 4784 4787
f 4704 3013 4784
f 4784 3013 1307
f 5103 6472 5104
f 5104 6472 5202
f 5108 5116 5105
f 5105 5116 5115
f 5111 5124 5112
f 5112 5124 5123
f 5154 5205 5105
f 5105 5205 5106
f 5167 5180 5168
f 5168 5180 5185
f 5175 5188 5176
f 5176 5188 5187
f 5112 5123 5178
f 5178 5123 5120
f 5167 5090 5183
f 5183 5090 5089
f 5210 5151 5183
f 5183 5151 5181
f 5216 5138 5217
f 5217 5138 5137
f 5218 5119 5219
f 5219 5119 5221
f 5218 5178 5119
f 5119 5178 5120
f 5217 5137 5104
f 5104 5137 5101
f 5116 5108 5221
f 5221 5108 5219
f 5111 5110 5210
f 5210 5110 5151
f 5154 5153 5103
f 5103 5153 6472
f 5216 5215 5176
f 5176 5215 5173
f 5175 5174 5168
f 5168 5174 5166
f 5091 5172 5092
f 5092 5172 5208
f 5117 5037 5118
f 5118 5037 5036
f 5121 5164 5122
f 5122 5164 5133
f 5125 5084 5126
f 5126 5084 5083
f 5129 5174 5130
f 5130 5174 5173
f 5131 5202 5132
f 5132 5202 6472
f 5135 5221 5122
f 5122 5221 5119
f 5125 5124 5136
f 5136 5124 5209
f 5126 5083 5121
f 5121 5083 5164
f 5118 5036 5195
f 5195 5036 5193
f 5131 5097 5203
f 5203 5097 5114
f 5132 6472 5195
f 5195 6472 5153
f 5136 5209 5092
f 5092 5209 5089
f 5135 5134 5117
f 5117 5134 5037
f 5362 5206 5130
f 5130 5206 5127
f 5372 5371 5128
f 5128 5371 5129
f 5371 5372 5091
f 5091 5372 5172
f 5362 5215 5203
f 5203 5215 5201
f 6463 6407 5353
f 5353 6407 5318
f 6464 6463 5352
f 5352 6463 5353
f 6408 6465 5288
f 5288 6465 5289
f 4196 4224 6426
f 6426 4224 6427
f 6430 6427 6428
f 6428 6427 4224
f 6466 6430 4382
f 4382 6430 6428
f 6410 6466 4217
f 4217 6466 4382
f 4240 4239 3015
f 3015 4239 3016
f 4254 4257 3017
f 3017 4257 3018
f 6473 6474 4732
f 4732 6474 6475
f 6474 6374 6475
f 6475 6374 6373
f 5246 6374 3022
f 3022 6374 3023
f 4254 6299 4255
f 4255 6299 6288
f 6473 6300 3024
f 3024 6300 3025
f 6476 4257 6312
f 6312 4257 4256
f 4240 6476 4241
f 4241 6476 6312
f 6477 4239 6391
f 6391 4239 4238
f 6467 6477 6457
f 6457 6477 6391
f 6411 3029 6467
f 6467 3029 3028
f 4216 3030 6411
f 6411 3030 3029
f 6479 6480 6478
f 6478 6480 6481
f 6483 6484 6482
f 6482 6484 6485
f 6486 6487 4102
f 4102 6487 6331
f 6483 6488 6478
f 6478 6488 6489
f 4429 4829 6490
f 6490 4829 6479
f 6491 6486 4101
f 4101 6486 4102
f 4895 6491 4899
f 4899 6491 4101
f 4160 6488 4157
f 4157 6488 6492
f 6489 4087 6490
f 6490 4087 4090
f 4267 4261 5013
f 5013 4261 4260
f 4258 4261 5328
f 5328 4261 4975
f 4261 4267 4975
f 4975 4267 4266
f 5367 3793 3912
f 3912 3793 3575
f 6494 3616 6493
f 6493 3616 3795
f 6496 3589 6495
f 6495 3589 3588
f 6495 3588 5368
f 5368 3588 3794
f 3841 3840 3050
f 3050 3840 3051
f 3912 3911 3052
f 3052 3911 3053
f 3929 3930 3054
f 3054 3930 3055
f 5370 3930 3916
f 3916 3930 3923
f 3938 5369 3807
f 3807 5369 3915
f 3589 6496 3806
f 3806 6496 3937
f 3938 3937 3056
f 3056 3937 3057
f 3051 3840 3058
f 3058 3840 3943
f 3730 4808 3727
f 3727 4808 3943
f 3820 3951 3795
f 3795 3951 6493
f 3951 3841 3059
f 3059 3841 3050
f 3911 3574 6494
f 6494 3574 3616
f 3823 3929 3824
f 3824 3929 3952
f 4061 4060 3060
f 3060 4060 3061
f 6497 6498 4901
f 4901 6498 4790
f 6333 6499 4738
f 4738 6499 4739
f 6500 6501 6314
f 6314 6501 4418
f 6502 6275 4417
f 4417 6275 4185
f 6503 6497 4783
f 4783 6497 4901
f 6498 4060 4790
f 4790 4060 4059
f 4808 4061 3069
f 3069 4061 3060
f 5367 3071 5368
f 5368 3071 3070
f 5369 3073 5370
f 5370 3073 3072
f 6274 6275 3074
f 3074 6275 3075
f 6499 6504 4739
f 4739 6504 6317
f 6333 6332 3077
f 3077 6332 3078
f 6334 6274 3079
f 3079 6274 3074
f 6332 4825 3078
f 3078 4825 3080
f 6334 6503 4188
f 4188 6503 4783
f 4825 4689 3080
f 3080 4689 1330
f 6506 4747 6505
f 6505 4747 4746
f 6505 6507 6506
f 6506 6507 6508
f 4297 6509 4920
f 4920 6509 6510
f 4296 6511 4297
f 4297 6511 6509
f 6506 6508 4319
f 4319 6508 6512
f 4372 4371 6514
f 6514 4371 6513
f 6511 4296 5251
f 5251 4296 4305
f 5251 5250 6511
f 6511 5250 6515
f 6516 6509 6515
f 6515 6509 6511
f 6517 6507 6519
f 6519 6507 6518
f 6512 6520 6513
f 6513 6520 6514
f 6507 6517 6508
f 6508 6517 6521
f 5249 6523 6522
f 6522 6523 6524
f 6525 6370 5253
f 5253 6370 6526
f 4370 4323 4371
f 4371 4323 4326
f 4370 3103 4323
f 4323 3103 1541
f 6521 6517 6527
f 6527 6517 6519
f 6520 6528 6514
f 6514 6528 6529
f 6531 6532 6530
f 6530 6532 6533
f 5250 6534 6515
f 6515 6534 6535
f 6530 6533 6536
f 6536 6533 6537
f 6526 6538 6534
f 6534 6538 6537
f 6515 6535 6516
f 6516 6535 6539
f 4325 4321 4326
f 4326 4321 4320
f 4371 4326 6513
f 6513 4326 4320
f 6531 4731 6541
f 6541 4731 6540
f 4731 4730 6540
f 6540 4730 6542
f 4730 3121 6542
f 6542 3121 3120
f 6530 4328 6531
f 6531 4328 4731
f 4328 6530 4329
f 4329 6530 6536
f 4329 6536 6524
f 6524 6536 6543
f 6544 6545 6522
f 6522 6545 5248
f 6389 6388 5245
f 5245 6388 6373
f 6388 6546 6373
f 6373 6546 6475
f 4733 6546 6295
f 6295 6546 4377
f 4732 6475 4733
f 4733 6475 6546
f 4393 4432 4394
f 4394 4432 4435
f 4434 4672 4842
f 4842 4672 4671
f 4440 4439 4441
f 4441 4439 4438
f 4436 4450 4437
f 4437 4450 4398
f 4447 4444 4448
f 4448 4444 4392
f 4446 4464 4433
f 4433 4464 6547
f 4454 4423 4455
f 4455 4423 4422
f 4452 4481 4453
f 4453 4481 4480
f 4458 4389 4459
f 4459 4389 4388
f 4456 4471 4457
f 4457 4471 4468
f 4391 4460 4392
f 4392 4460 4448
f 4461 4467 4445
f 4445 4467 4465
f 4437 4398 4629
f 4629 4398 4397
f 4438 4628 4441
f 4441 4628 4631
f 4841 4629 4839
f 4839 4629 4397
f 4628 4842 4631
f 4631 4842 4671
f 4930 4989 4452
f 4452 4989 4481
f 4929 4927 4436
f 4436 4927 4450
f 4933 4387 4934
f 4934 4387 4386
f 4931 4475 4932
f 4932 4475 4474
f 4936 4449 4933
f 4933 4449 4387
f 4935 4472 4456
f 4456 4472 4471
f 4389 4458 4391
f 4391 4458 4460
f 4457 4468 4461
f 4461 4468 4467
f 4934 4386 4454
f 4454 4386 4423
f 4453 4480 4931
f 4931 4480 4475
f 4575 4997 4576
f 4576 4997 4639
f 4579 4596 4580
f 4580 4596 4595
f 4583 4582 4572
f 4572 4582 4569
f 4587 4944 4588
f 4588 4944 4562
f 4588 4562 4590
f 4590 4562 4561
f 4576 4639 4642
f 4642 4639 4638
f 4642 4845 4641
f 4641 4845 4846
f 4845 4590 4846
f 4846 4590 4561
f 4941 4938 4595
f 4595 4938 4580
f 4938 4940 4668
f 4668 4940 4669
f 4583 4942 4584
f 4584 4942 4947
f 4582 4587 4569
f 4569 4587 4586
f 5000 5001 4579
f 4579 5001 4596
f 4558 4560 4585
f 4585 4560 4586
f 4565 4639 4566
f 4566 4639 4997
f 4568 4567 4577
f 4577 4567 4578
f 4570 4554 4571
f 4571 4554 4556
f 4640 4565 4637
f 4637 4565 4546
f 4662 4664 4665
f 4665 4664 4844
f 4662 4558 4589
f 4589 4558 4585
f 4554 4570 4557
f 4557 4570 4560
f 4571 4667 4572
f 4572 4667 4943
f 4551 4670 4552
f 4552 4670 4666
f 4640 4664 4638
f 4638 4664 4663
f 4670 4568 4668
f 4668 4568 4577
f 4999 4996 4566
f 4566 4996 4543
f 4608 4564 4603
f 4603 4564 4563
f 4573 4593 4574
f 4574 4593 4592
f 4597 4614 4598
f 4598 4614 4613
f 4601 4600 4584
f 4584 4600 4581
f 4563 4562 4604
f 4604 4562 4944
f 4643 4593 4641
f 4641 4593 4573
f 4643 4847 4644
f 4644 4847 4848
f 4564 4847 4561
f 4561 4847 4846
f 4945 4941 4598
f 4598 4941 4595
f 4941 4945 4939
f 4939 4945 4946
f 4601 4948 4602
f 4602 4948 4620
f 4600 4604 4581
f 4581 4604 4944
f 5002 5003 4597
f 4597 5003 4614
f 4988 4759 4953
f 4953 4759 4402
f 4706 6548 4707
f 4707 6548 6549
f 4311 4928 4419
f 4419 4928 6550
f 4921 4920 6551
f 6551 4920 6552
f 4925 6553 4926
f 4926 6553 6554
f 4928 4921 4802
f 4802 4921 6551
f 6555 4985 6550
f 6550 4985 4419
f 4952 6556 4953
f 4953 6556 4649
f 4971 6557 4706
f 4706 6557 6548
f 4988 4648 4925
f 4925 4648 6553
f 4707 6549 5006
f 5006 6549 4987
f 4920 6510 6552
f 6552 6510 6518
f 6558 6510 6516
f 6516 6510 6509
f 6559 6558 6539
f 6539 6558 6516
f 6531 6541 6532
f 6532 6541 6560
f 6540 6561 6541
f 6541 6561 6529
f 6542 6562 6540
f 6540 6562 6561
f 6542 3120 6562
f 6562 3120 3142
f 4366 6563 4760
f 4760 6563 4970
f 4815 6564 4816
f 4816 6564 6565
f 3147 3146 6565
f 6565 3146 4816
f 6564 6563 6565
f 6565 6563 6566
f 4837 4385 4357
f 4357 4385 4358
f 6565 6566 3147
f 3147 6566 3149
f 4694 1209 3150
f 5247 5249 5248
f 5248 5249 6522
f 6372 6390 6545
f 6545 6390 6389
f 6375 5254 6376
f 6376 5254 5258
f 6377 6525 6378
f 6378 6525 5255
f 5260 6379 5258
f 5258 6379 6376
f 6380 6567 6381
f 6381 6567 6568
f 6382 6569 6383
f 6383 6569 6570
f 6377 6371 6525
f 6525 6371 6370
f 6379 5260 6384
f 6384 5260 6571
f 6385 6572 6382
f 6382 6572 6569
f 6378 5255 6375
f 6375 5255 5254
f 6386 6573 6387
f 6387 6573 6574
f 6545 6389 5248
f 5248 6389 5245
f 4675 4750 4676
f 4676 4750 6286
f 4734 6289 4735
f 4735 6289 6288
f 4804 6290 4805
f 4805 6290 4963
f 4811 4807 4812
f 4812 4807 4411
f 4954 6292 4955
f 4955 6292 4959
f 4964 4962 4965
f 4965 4962 4751
f 6285 4821 4812
f 4812 4821 4809
f 4675 4287 4965
f 4965 4287 4210
f 6294 4145 4955
f 4955 4145 4154
f 4964 4120 4805
f 4805 4120 4119
f 6298 4966 4734
f 4734 4966 6289
f 6300 6473 4735
f 4735 6473 4732
f 6297 6296 4676
f 4676 6296 4288
f 6523 3160 4330
f 4330 3160 3159
f 5253 5252 6525
f 6525 5252 5255
f 5256 5252 4305
f 4305 5252 5251
f 4304 5257 4305
f 4305 5257 5256
f 4424 5259 4304
f 4304 5259 5257
f 5261 6571 5259
f 5259 6571 5260
f 5262 6573 5261
f 5261 6573 6571
f 5264 6567 5265
f 5265 6567 6574
f 5266 6572 5267
f 5267 6572 6568
f 5268 6570 5269
f 5269 6570 6569
f 1807 3161 5268
f 5268 3161 6570
f 6524 6523 4329
f 4329 6523 4330
f 5253 6526 5250
f 5250 6526 6534
f 6543 6538 6544
f 6544 6538 6369
f 6524 6543 6522
f 6522 6543 6544
f 3071 5367 3052
f 3052 5367 3912
f 6493 3163 6494
f 6494 3163 3162
f 3164 445 3771
f 3771 445 3761
f 461 3165 3919
f 3919 3165 3920
f 330 410 3839
f 3839 410 3910
f 332 331 3552
f 3552 331 3551
f 464 304 3918
f 3918 304 3816
f 385 458 3766
f 3766 458 3894
f 412 415 3762
f 3762 415 3763
f 3166 337 3748
f 3748 337 3745
f 3072 3055 5370
f 5370 3055 3930
f 3073 5369 3056
f 3056 5369 3938
f 3167 3057 6496
f 6496 3057 3937
f 3069 3058 4808
f 4808 3058 3943
f 411 3166 3851
f 3851 3166 3748
f 3059 3163 3951
f 3951 3163 6493
f 336 3164 3772
f 3772 3164 3771
f 3053 3911 3162
f 3162 3911 6494
f 3054 3168 3929
f 3929 3168 3952
f 3165 830 3920
f 3920 830 3945
f 3170 3169 6497
f 6497 3169 6498
f 3171 1354 5005
f 5005 1354 4830
f 3172 3170 6503
f 6503 3170 6497
f 3169 3061 6498
f 6498 3061 4060
f 3173 3171 5006
f 5006 3171 5005
f 3079 3172 6334
f 6334 3172 6503
f 3174 3025 6299
f 6299 3025 6300
f 6576 6577 6575
f 6575 6577 6578
f 4612 4611 6579
f 6579 4611 6580
f 6582 6583 6581
f 6581 6583 6584
f 6584 6585 4618
f 4618 6585 4621
f 6586 6587 6589
f 6589 6587 6588
f 6588 6587 6590
f 6590 6587 6591
f 6592 4606 6590
f 6590 4606 4623
f 6594 6576 6593
f 6593 6576 6575
f 6595 6582 6579
f 6579 6582 6581
f 6580 6597 6596
f 6596 6597 6598
f 6577 6576 6599
f 6599 6576 6600
f 6595 6596 6601
f 6601 6596 6602
f 6583 6582 6603
f 6603 6582 6604
f 6586 6606 6605
f 6605 6606 6607
f 6587 6586 6608
f 6608 6586 6605
f 6587 6608 6591
f 6591 6608 6609
f 6576 6594 6600
f 6600 6594 6610
f 6582 6595 6604
f 6604 6595 6601
f 6599 6611 6577
f 6577 6611 6598
f 6613 6614 6612
f 6612 6614 6615
f 6617 6618 6616
f 6616 6618 6619
f 6621 6622 6620
f 6620 6622 6623
f 6625 6626 6624
f 6624 6626 6627
f 6629 6630 6628
f 6628 6630 6631
f 6633 6634 6632
f 6632 6634 6635
f 6637 6638 6636
f 6636 6638 6639
f 6640 6641 6637
f 6637 6641 6638
f 6643 6633 6642
f 6642 6633 6632
f 6645 6646 6644
f 6644 6646 6647
f 6646 6648 6647
f 6647 6648 6649
f 6651 6652 6650
f 6650 6652 6653
f 6653 6652 6654
f 6654 6652 6655
f 6656 6657 6659
f 6659 6657 6658
f 6661 6662 6660
f 6660 6662 6663
f 6662 6661 6664
f 6664 6661 6665
f 6667 6657 6666
f 6666 6657 6656
f 6669 6670 6668
f 6668 6670 6671
f 6672 6673 6670
f 6670 6673 6671
f 6674 6675 6677
f 6677 6675 6676
f 6675 6678 6676
f 6676 6678 6679
f 6681 6682 6680
f 6680 6682 6683
f 6684 6685 6683
f 6683 6685 6680
f 6687 6688 6686
f 6686 6688 6689
f 6687 6690 6688
f 6688 6690 6691
f 6619 6618 6633
f 6633 6618 6634
f 6632 6635 6693
f 6693 6635 6692
f 6617 6694 6636
f 6636 6694 6637
f 6695 6692 6639
f 6639 6692 6635
f 6637 6694 6640
f 6640 6694 6696
f 6698 6638 6697
f 6697 6638 6641
f 6643 6616 6633
f 6633 6616 6619
f 6642 6699 6641
f 6641 6699 6697
f 6646 6645 6700
f 6700 6645 6621
f 6644 6701 6654
f 6654 6701 6702
f 6700 6703 6646
f 6646 6703 6648
f 6693 6704 6649
f 6649 6704 6647
f 6620 6623 6651
f 6651 6623 6652
f 6693 6649 6699
f 6699 6649 6650
f 6652 6623 6655
f 6655 6623 6622
f 6654 6702 6653
f 6653 6702 6697
f 6615 6614 6657
f 6657 6614 6658
f 6705 6656 6704
f 6704 6656 6659
f 6613 6706 6660
f 6660 6706 6661
f 6704 6659 6701
f 6701 6659 6663
f 6661 6706 6665
f 6665 6706 6707
f 6708 6702 6664
f 6664 6702 6662
f 6612 6615 6667
f 6667 6615 6657
f 6666 6709 6664
f 6664 6709 6708
f 6629 6710 6669
f 6669 6710 6670
f 6668 6711 6679
f 6679 6711 6712
f 6713 6672 6710
f 6710 6672 6670
f 6714 6671 6705
f 6705 6671 6673
f 6628 6631 6674
f 6674 6631 6675
f 6705 6673 6709
f 6709 6673 6677
f 6631 6630 6675
f 6675 6630 6678
f 6712 6708 6679
f 6679 6708 6676
f 6625 6715 6682
f 6682 6715 6683
f 6716 6717 6681
f 6681 6717 6691
f 6718 6684 6715
f 6715 6684 6683
f 6719 6680 6714
f 6714 6680 6685
f 6624 6627 6686
f 6686 6627 6687
f 6689 6711 6685
f 6685 6711 6714
f 6627 6626 6687
f 6687 6626 6690
f 6717 6712 6691
f 6691 6712 6688
f 6612 6707 6613
f 6613 6707 6706
f 6616 6696 6617
f 6617 6696 6694
f 6703 6700 6620
f 6620 6700 6621
f 6715 6625 6718
f 6718 6625 6624
f 6710 6629 6713
f 6713 6629 6628
f 6639 6635 6636
f 6636 6635 6634
f 6641 6640 6642
f 6642 6640 6643
f 6654 6655 6644
f 6644 6655 6645
f 6651 6650 6648
f 6648 6650 6649
f 6659 6658 6663
f 6663 6658 6660
f 6665 6667 6664
f 6664 6667 6666
f 6678 6669 6679
f 6679 6669 6668
f 6673 6672 6677
f 6677 6672 6674
f 6690 6682 6691
f 6691 6682 6681
f 6685 6684 6689
f 6689 6684 6686
f 6636 6634 6617
f 6617 6634 6618
f 6638 6698 6639
f 6639 6698 6695
f 6640 6696 6643
f 6643 6696 6616
f 6693 6699 6632
f 6632 6699 6642
f 6655 6622 6645
f 6645 6622 6621
f 6704 6701 6647
f 6647 6701 6644
f 6651 6648 6620
f 6620 6648 6703
f 6650 6653 6699
f 6699 6653 6697
f 6613 6660 6614
f 6614 6660 6658
f 6663 6662 6701
f 6701 6662 6702
f 6665 6707 6667
f 6667 6707 6612
f 6705 6709 6656
f 6656 6709 6666
f 6630 6629 6678
f 6678 6629 6669
f 6714 6711 6671
f 6671 6711 6668
f 6672 6713 6674
f 6674 6713 6628
f 6677 6676 6709
f 6709 6676 6708
f 6626 6625 6690
f 6690 6625 6682
f 6680 6719 6681
f 6681 6719 6716
f 6684 6718 6686
f 6686 6718 6624
f 6711 6689 6712
f 6689 6688 6712
f 6593 6720 6594
f 6594 6720 6721
f 6722 6720 4607
f 4607 6720 4849
f 6592 6723 6722
f 6722 6723 6724
f 4610 4609 6578
f 6578 4609 6575
f 6596 6595 6580
f 6580 6595 6579
f 4618 4617 6584
f 6584 4617 6581
f 6589 6585 6586
f 6586 6585 6606
f 4622 4619 6588
f 6588 4619 6589
f 4622 6588 4623
f 4623 6588 6590
f 4609 4645 6575
f 6575 4645 6593
f 4617 4612 6581
f 6581 4612 6579
f 5004 4610 6597
f 6597 4610 6578
f 4645 4849 6593
f 6593 4849 6720
f 6724 6721 6722
f 6722 6721 6720
f 6722 4607 6592
f 6592 4607 4606
f 6725 6610 6721
f 6721 6610 6594
f 6723 6726 6724
f 6724 6726 6727
f 6727 6725 6724
f 6724 6725 6721
f 6728 6729 6605
f 6605 6729 6608
f 6605 6607 6728
f 6728 6607 6730
f 6731 6732 6604
f 6604 6732 6603
f 6733 6734 6725
f 6725 6734 6610
f 6735 6733 6727
f 6727 6733 6725
f 6735 6727 6736
f 6736 6727 6726
f 6591 6609 6723
f 6723 6609 6726
f 6723 6592 6591
f 6591 6592 6590
f 6738 6739 6737
f 6737 6739 6740
f 6740 6739 6742
f 6742 6739 6741
f 6743 6744 6741
f 6741 6744 6742
f 6745 6746 6743
f 6743 6746 6744
f 6747 6748 6745
f 6745 6748 6746
f 6749 6750 6747
f 6747 6750 6748
f 6752 6738 6751
f 6751 6738 6737
f 6754 6752 6753
f 6753 6752 6751
f 6756 6754 6755
f 6755 6754 6753
f 6758 6750 6757
f 6757 6750 6749
f 6760 6756 6759
f 6759 6756 6755
f 6762 6760 6761
f 6761 6760 6759
f 6764 6762 6763
f 6763 6762 6761
f 6757 6764 6758
f 6758 6764 6763
f 6766 6741 6765
f 6765 6741 6739
f 6767 6743 6766
f 6766 6743 6741
f 6768 6745 6767
f 6767 6745 6743
f 6769 6747 6768
f 6768 6747 6745
f 6770 6749 6769
f 6769 6749 6747
f 6772 6769 6771
f 6771 6769 6768
f 6773 6770 6772
f 6772 6770 6769
f 6774 6775 6772
f 6772 6775 6773
f 6777 6778 6776
f 6776 6778 6779
f 6775 6774 6778
f 6778 6774 6779
f 6771 6780 6772
f 6772 6780 6774
f 6780 6781 6774
f 6774 6781 6779
f 6781 6782 6779
f 6779 6782 6776
f 6784 6785 6783
f 6783 6785 6786
f 6786 6787 6783
f 6783 6787 6788
f 6790 6788 6789
f 6789 6788 6787
f 6786 6785 6791
f 6791 6785 6792
f 6791 6793 6786
f 6786 6793 6787
f 6793 6794 6787
f 6787 6794 6789
f 6795 6796 6794
f 6794 6796 6789
f 6790 6789 6797
f 6797 6789 6796
f 6798 6765 6738
f 6738 6765 6739
f 6799 6798 6752
f 6752 6798 6738
f 6767 6800 6768
f 6768 6800 6771
f 6766 6801 6767
f 6767 6801 6800
f 6802 6801 6765
f 6765 6801 6766
f 6798 6803 6765
f 6765 6803 6802
f 6804 6803 6799
f 6799 6803 6798
f 6805 6806 6804
f 6804 6806 6803
f 6807 6799 6754
f 6754 6799 6752
f 6808 6804 6807
f 6807 6804 6799
f 6809 6805 6808
f 6808 6805 6804
f 6810 6811 6805
f 6805 6811 6806
f 6812 6813 6810
f 6810 6813 6811
f 6814 6815 6796
f 6796 6815 6797
f 6813 6814 6816
f 6816 6814 6817
f 6816 6818 6813
f 6813 6818 6811
f 6819 6806 6818
f 6818 6806 6811
f 6802 6803 6819
f 6819 6803 6806
f 6757 6749 6820
f 6820 6749 6770
f 6820 6770 6821
f 6821 6770 6773
f 6821 6773 6822
f 6822 6773 6775
f 6822 6775 6823
f 6823 6775 6778
f 6824 6823 6777
f 6777 6823 6778
f 6784 6825 6777
f 6777 6825 6824
f 6826 6827 6788
f 6788 6827 6783
f 6828 6826 6790
f 6790 6826 6788
f 6829 6828 6797
f 6797 6828 6790
f 6815 6830 6797
f 6797 6830 6829
f 6832 6812 6831
f 6831 6812 6810
f 6831 6810 6809
f 6809 6810 6805
f 6736 6800 6735
f 6735 6800 6801
f 6733 6735 6802
f 6802 6735 6801
f 6734 6733 6819
f 6819 6733 6802
f 6833 6734 6818
f 6818 6734 6819
f 6834 6833 6816
f 6816 6833 6818
f 6816 6817 6834
f 6834 6817 6835
f 6837 6795 6836
f 6836 6795 6794
f 6836 6794 6731
f 6731 6794 6793
f 6732 6731 6791
f 6791 6731 6793
f 6791 6792 6732
f 6732 6792 6730
f 6729 6728 6781
f 6781 6728 6782
f 6838 6807 6756
f 6756 6807 6754
f 6839 6838 6760
f 6760 6838 6756
f 6840 6839 6762
f 6762 6839 6760
f 6841 6840 6764
f 6764 6840 6762
f 6820 6841 6757
f 6757 6841 6764
f 6841 6820 6842
f 6842 6820 6821
f 6840 6841 6843
f 6843 6841 6842
f 6839 6840 6844
f 6844 6840 6843
f 6838 6839 6845
f 6845 6839 6844
f 6807 6838 6808
f 6808 6838 6845
f 6842 6821 6846
f 6846 6821 6822
f 6843 6842 6847
f 6847 6842 6846
f 6844 6843 6848
f 6848 6843 6847
f 6845 6844 6849
f 6849 6844 6848
f 6808 6845 6809
f 6809 6845 6849
f 6850 6831 6849
f 6849 6831 6809
f 6851 6850 6848
f 6848 6850 6849
f 6847 6852 6848
f 6848 6852 6851
f 6853 6852 6846
f 6846 6852 6847
f 6846 6822 6853
f 6853 6822 6823
f 6853 6823 6854
f 6854 6823 6824
f 6854 6855 6853
f 6853 6855 6852
f 6856 6851 6855
f 6855 6851 6852
f 6856 6857 6851
f 6851 6857 6850
f 6857 6832 6850
f 6850 6832 6831
f 6825 6858 6824
f 6824 6858 6854
f 6860 6827 6859
f 6859 6827 6826
f 6859 6826 6861
f 6861 6826 6828
f 6862 6861 6829
f 6829 6861 6828
f 6830 6863 6829
f 6829 6863 6862
f 6863 6864 6862
f 6862 6864 6865
f 6858 6866 6854
f 6854 6866 6855
f 6867 6865 6866
f 6866 6865 6864
f 6869 6859 6868
f 6868 6859 6861
f 6867 6869 6865
f 6865 6869 6868
f 6861 6862 6868
f 6868 6862 6865
f 6867 6860 6869
f 6869 6860 6859
f 6753 6751 6698
f 6698 6751 6695
f 6697 6755 6698
f 6698 6755 6753
f 6759 6755 6702
f 6702 6755 6697
f 6761 6759 6708
f 6708 6759 6702
f 6763 6761 6712
f 6712 6761 6708
f 6758 6763 6717
f 6717 6763 6712
f 6750 6758 6716
f 6716 6758 6717
f 6719 6748 6716
f 6716 6748 6750
f 6714 6746 6719
f 6719 6746 6748
f 6705 6744 6714
f 6714 6744 6746
f 6704 6742 6705
f 6705 6742 6744
f 6740 6742 6693
f 6693 6742 6704
f 6737 6740 6692
f 6692 6740 6693
f 6751 6737 6695
f 6695 6737 6692
f 6601 6602 6836
f 6836 6602 6837
f 6604 6601 6731
f 6731 6601 6836
f 6599 6600 6834
f 6834 6600 6833
f 6834 6835 6599
f 6599 6835 6611
f 6600 6610 6833
f 6833 6610 6734
f 6780 6771 6870
f 6870 6771 6736
f 6736 6771 6800
f 6870 6729 6780
f 6780 6729 6781
f 6608 6729 6609
f 6609 6729 6870
f 6609 6870 6726
f 6726 6870 6736
f 5014 5015 5229
f 5229 5015 5230
f 4258 5015 4259
f 4259 5015 4878
f 3471 3013 4703
f 4703 3013 4704
f 2879 6337 1306
f 1306 6337 4785
f 829 3471 4316
f 4316 3471 4703
f 4702 3472 5223
f 5223 3472 1756
f 6871 6872 4534
f 4534 6872 4535
f 6871 4665 6872
f 6872 4665 4844
f 6871 6873 4665
f 4665 6873 4559
f 6871 4534 6873
f 6873 4534 4542
f 4153 4152 4822
f 4822 4152 4407
f 4152 4168 4407
f 4407 4168 4342
f 4343 4168 4923
f 4923 4168 4167
f 4363 4362 4972
f 4972 4362 4840
f 4362 4394 4840
f 4840 4394 4839
f 4401 4400 4986
f 4986 4400 4984
f 4435 4434 4841
f 4841 4434 4842
f 4506 4505 4530
f 4530 4505 4531
f 4506 4535 4507
f 4507 4535 4843
f 4661 4660 4516
f 4516 4660 4517
f 4673 4672 4937
f 4937 4672 6547
f 4400 4924 4984
f 4984 4924 5263
f 4673 4660 4674
f 4674 4660 4659
f 4505 4661 4531
f 4531 4661 4516
f 4952 4401 6874
f 6874 4401 4986
f 4954 4153 6875
f 6875 4153 4822
f 4363 4973 4364
f 4364 4973 4974
f 5264 4924 5267
f 5267 4924 4691
f 6293 6292 6876
f 6876 6292 6877
f 6380 4343 6387
f 6387 4343 4923
f 4394 4435 4839
f 4839 4435 4841
f 4672 4434 6547
f 6547 4434 4433
f 4973 6556 4974
f 4974 6556 6878
f 6567 6380 6574
f 6574 6380 6387
f 6292 4954 6877
f 6877 4954 6875
f 6567 5264 6568
f 6568 5264 5267
f 4145 4144 4154
f 4154 4144 4151
f 4194 4144 4425
f 4425 4144 4143
f 4355 4354 5263
f 5263 4354 4984
f 4360 4359 4364
f 4364 4359 4361
f 4444 4359 4392
f 4392 4359 4337
f 4447 4446 4432
f 4432 4446 4433
f 4464 4463 6547
f 6547 4463 4937
f 4519 4518 4654
f 4654 4518 4509
f 4533 4532 4499
f 4499 4532 4498
f 4533 4542 4530
f 4530 4542 4534
f 4519 4532 4516
f 4516 4532 4531
f 4922 4194 4426
f 4426 4194 4425
f 4463 4518 4937
f 4937 4518 4517
f 6555 4951 6874
f 6874 4951 6878
f 4958 4957 6290
f 6290 4957 6291
f 4334 4360 4712
f 4712 4360 4950
f 4985 4354 4419
f 4419 4354 4353
f 5262 4355 5265
f 5265 4355 5263
f 6294 4958 4804
f 4804 4958 6290
f 6386 4922 6384
f 6384 4922 4426
f 4444 4447 4393
f 4393 4447 4432
f 4464 4446 4465
f 4465 4446 4445
f 4985 6555 4986
f 4986 6555 6874
f 6573 6386 6571
f 6571 6386 6384
f 4145 6294 4146
f 4146 6294 4804
f 6573 5262 6574
f 6574 5262 5265
f 4542 4541 6873
f 6873 4541 4559
f 4535 6872 4843
f 4843 6872 4844
f 4104 4103 6879
f 6879 4103 6343
f 4105 6293 6307
f 6307 6293 6876
f 4104 4956 4105
f 4105 4956 6293
f 4956 4104 4957
f 4957 4104 6879
f 4957 6879 6291
f 6291 6879 6309
f 4648 4988 4649
f 4649 4988 4953
f 4802 4803 4928
f 4928 4803 6550
f 6550 4803 6555
f 6555 4803 4951
f 1516 3173 4987
f 4987 3173 5006
f 6519 6518 6558
f 6558 6518 6510
f 6527 6519 6559
f 6559 6519 6558
f 6528 6560 6529
f 6529 6560 6541
f 6548 4625 6549
f 6549 4625 4624
f 6551 6552 4746
f 4746 6552 6505
f 6553 4711 6554
f 6554 4711 4710
f 4802 6551 4713
f 4713 6551 4746
f 6556 4973 4649
f 4649 4973 4646
f 6557 4949 6548
f 6548 4949 4625
f 4648 4647 6553
f 6553 4647 4711
f 6549 4624 4987
f 4987 4624 4838
f 6552 6518 6505
f 6505 6518 6507
f 6561 4372 6529
f 6529 4372 6514
f 6562 4369 6561
f 6561 4369 4372
f 3142 3482 6562
f 6562 3482 4369
f 6556 4952 6878
f 6878 4952 6874
f 4951 4950 6878
f 6878 4950 4974
f 3168 440 3952
f 4204 4203 5341
f 5341 4203 6364
f 4219 4222 6429
f 6429 4222 4383
f 4319 4322 6506
f 6506 4322 4747
f 4340 4714 4341
f 4341 4714 4384
f 4375 4377 6388
f 6388 4377 6546
f 4378 4381 6311
f 6311 4381 4720
f 4449 4341 4387
f 4387 4341 4384
f 4473 4472 4477
f 4477 4472 4474
f 4492 4491 4487
f 4487 4491 4488
f 4523 4491 4522
f 4522 4491 4490
f 4492 4538 4493
f 4493 4538 4555
f 4538 4553 4555
f 4555 4553 4556
f 4620 4615 4621
f 4621 4615 4618
f 4652 4651 4368
f 4368 4651 4365
f 4523 4655 4524
f 4524 4655 4656
f 4553 4667 4556
f 4556 4667 4571
f 4651 1210 4365
f 4365 1210 1209
f 4698 4697 5223
f 5223 4697 6344
f 4340 4339 4322
f 4322 4339 4747
f 4726 4729 5287
f 5287 4729 4198
f 4381 4380 4737
f 4737 4380 6368
f 4836 4835 4451
f 4451 4835 4709
f 4910 6367 4911
f 4911 6367 6366
f 4912 4915 6450
f 6450 4915 6449
f 4927 4836 4450
f 4450 4836 4451
f 4930 4929 4439
f 4439 4929 4436
f 4936 4935 4459
f 4459 4935 4456
f 4473 4655 4470
f 4470 4655 4510
f 4942 4583 4943
f 4943 4583 4572
f 4948 4601 4947
f 4947 4601 4584
f 4949 4835 4625
f 4625 4835 4626
f 4966 4969 6289
f 6289 4969 4695
f 4971 4652 4926
f 4926 4652 4368
f 4203 4977 6364
f 6364 4977 6365
f 4990 4989 4443
f 4443 4989 4440
f 4990 4991 4478
f 4478 4991 4512
f 4992 4991 4528
f 4528 4991 4515
f 4992 4993 4527
f 4527 4993 4485
f 4994 4993 4502
f 4502 4993 4503
f 4994 4995 4482
f 4482 4995 4550
f 4543 4996 4544
f 4544 4996 4995
f 4999 4998 4567
f 4567 4998 4578
f 5000 4998 4575
f 4575 4998 4997
f 5002 5001 4592
f 4592 5001 4574
f 5003 5004 4614
f 4614 5004 4611
f 3483 4215 1755
f 1755 4215 4698
f 5274 5277 4195
f 4195 5277 4223
f 4726 5295 4727
f 4727 5295 6350
f 5309 5342 5310
f 5310 5342 6363
f 5315 5314 5316
f 5316 5314 5317
f 5339 6362 5340
f 5340 6362 5363
f 5310 6363 5339
f 5339 6363 6362
f 4204 5309 4201
f 4201 5309 5308
f 4915 5345 6449
f 6449 5345 6448
f 5345 5315 6448
f 6448 5315 5316
f 5348 5347 6351
f 6351 5347 6352
f 5365 4263 5340
f 5340 4263 4262
f 6295 6298 4733
f 4733 6298 4734
f 4969 6306 4695
f 4695 6306 4696
f 6306 4378 4696
f 4696 4378 6311
f 6369 6372 6544
f 6544 6372 6545
f 4375 6390 4373
f 4373 6390 4374
f 6421 6422 4911
f 4911 6422 4908
f 4910 4909 4737
f 4737 4909 4736
f 5277 4219 4223
f 4223 4219 6429
f 4697 4222 6344
f 6344 4222 4221
f 6436 6361 6437
f 6437 6361 6360
f 6438 6440 6437
f 6437 6440 6434
f 6438 6359 6441
f 6441 6359 6358
f 6442 6441 6357
f 6357 6441 6358
f 6442 6444 6443
f 6443 6444 6445
f 6446 6444 6355
f 6355 6444 6356
f 6446 4912 6447
f 6447 4912 6450
f 6436 6435 5365
f 5365 6435 4263
f 5314 5347 5317
f 5317 5347 5346
f 4319 6512 4320
f 4320 6512 6513
f 6520 6512 6521
f 6521 6512 6508
f 6528 6520 6527
f 6527 6520 6521
f 6532 6539 6533
f 6533 6539 6535
f 6533 6535 6537
f 6537 6535 6534
f 6538 6543 6537
f 6537 6543 6536
f 6295 4377 6296
f 6296 4377 4376
f 4989 4930 4440
f 4440 4930 4439
f 4927 4929 4422
f 4422 4929 4455
f 4449 4936 4388
f 4388 4936 4459
f 4472 4935 4474
f 4474 4935 4932
f 4942 4940 4947
f 4947 4940 4939
f 5001 5000 4574
f 4574 5000 4575
f 4669 4943 4666
f 4666 4943 4667
f 4996 4999 4547
f 4547 4999 4567
f 4948 4946 4620
f 4620 4946 4615
f 5003 5002 4591
f 4591 5002 4592
f 6557 4971 6554
f 6554 4971 4926
f 6532 6560 6539
f 6539 6560 6559
f 6390 6372 4374
f 4374 6372 6371
f 4966 6298 4967
f 4967 6298 6297
f 6538 6526 6369
f 6369 6526 6370
f 6585 6589 4621
f 4621 6589 4619
f 6597 6578 6598
f 6598 6578 6577
f 6606 6583 6607
f 6607 6583 6603
f 6611 6602 6598
f 6598 6602 6596
f 6585 6584 6606
f 6606 6584 6583
f 6597 6580 5004
f 5004 6580 4611
f 6607 6603 6730
f 6730 6603 6732
f 6776 6785 6777
f 6777 6785 6784
f 6785 6776 6792
f 6792 6776 6782
f 6815 6814 6812
f 6812 6814 6813
f 6817 6814 6795
f 6795 6814 6796
f 6825 6784 6827
f 6827 6784 6783
f 6830 6815 6832
f 6832 6815 6812
f 6817 6795 6835
f 6835 6795 6837
f 6792 6782 6730
f 6730 6782 6728
f 6858 6825 6860
f 6860 6825 6827
f 6863 6830 6857
f 6857 6830 6832
f 6864 6863 6856
f 6856 6863 6857
f 6866 6858 6867
f 6867 6858 6860
f 6866 6864 6855
f 6855 6864 6856
f 6835 6837 6611
f 6611 6837 6602
f 6560 6528 6559
f 6559 6528 6527
f 4949 6557 4710
f 4710 6557 6554
f 4430 4090 4175
f 4175 4090 4089
f 4777 4113 4155
f 4155 4113 4086
f 4175 4089 4176
f 4176 4089 4142
f 4199 4271 4200
f 4200 4271 4798
f 4199 4095 4272
f 4272 4095 5273
f 4406 4405 4404
f 4404 4405 4346
f 4410 4409 6877
f 6877 4409 6876
f 4409 4413 6876
f 6876 4413 6307
f 4415 4148 4416
f 4416 4148 4147
f 4690 4405 4344
f 4344 4405 4342
f 4693 4692 4352
f 4352 4692 4349
f 4701 4700 6337
f 6337 4700 6338
f 4778 4777 4081
f 4081 4777 4155
f 4821 4406 4809
f 4809 4406 4404
f 4176 4142 4181
f 4181 4142 4415
f 4760 4970 4399
f 4399 4970 4692
f 4200 5007 4096
f 4096 5007 4078
f 5266 4693 5269
f 5269 4693 4352
f 5270 5007 5361
f 5361 5007 4797
f 4778 5270 4779
f 4779 5270 5361
f 6285 4410 6875
f 6875 4410 6877
f 6308 4413 4687
f 4687 4413 4412
f 6480 6320 6481
f 6481 6320 6880
f 4701 2878 4702
f 4702 2878 3472
f 6339 6347 6340
f 6340 6347 6348
f 6341 6342 6346
f 6346 6342 6345
f 4416 6308 4414
f 4414 6308 4687
f 6385 4690 6381
f 6381 4690 4344
f 5282 6341 5280
f 5280 6341 6339
f 4700 6342 6338
f 6338 6342 5281
f 6340 6348 4272
f 4272 6348 4270
f 6480 6479 4828
f 4828 6479 4829
f 6490 6479 6489
f 6489 6479 6478
f 4090 4430 6490
f 6490 4430 4429
f 6563 6564 4970
f 4970 6564 4815
f 4694 6566 4366
f 4366 6566 6563
f 6572 6385 6568
f 6568 6385 6381
f 4821 6285 4822
f 4822 6285 6875
f 6572 5266 6569
f 6569 5266 5269
f 3482 3103 4369
f 4369 3103 4370
f 3121 4730 3485
f 3485 4730 4327
f 6277 6280 6273
f 6273 6280 6272
f 6267 6276 6278
f 6278 6276 6279
f 6278 6279 6277
f 6277 6279 6280
f 6279 6256 6280
f 6280 6256 6255
f 6256 3857 6255
f 6255 3857 3754
f 3857 3856 3754
f 3754 3856 3755
f 3856 3703 3755
f 3755 3703 3863
f 3703 3702 3863
f 3863 3702 3759
f 3702 3706 3759
f 3759 3706 3670
f 3706 3705 3670
f 3670 3705 3668
f 3705 3773 3668
f 3668 3773 3882
f 3882 3773 3883
f 3883 3773 3707
f 3707 3708 3883
f 3883 3708 3880
f 3708 3710 3880
f 3880 3710 3881
f 3709 5241 3710
f 3710 5241 3881
f 5241 3709 5234
f 5234 3709 3786
f 3693 3712 3786
f 3786 3712 5234
f 4051 4055 4052
f 4052 4055 4056
f 4056 4055 4057
f 4057 4055 4054
f 4066 5238 5236
f 5236 5238 3989
f 4066 4069 5238
f 5238 4069 4035
f 6881 3962 3960
f 3960 3962 3957
f 6883 4070 6882
f 6882 4070 3941
f 4070 6883 4071
f 4071 6883 6884
f 4071 6884 4072
f 4072 6884 6885
f 6885 6886 4072
f 4072 6886 4031
f 3955 6881 3956
f 3956 6881 3960
f 6884 3991 6885
f 6885 3991 3990
f 6883 6887 6884
f 6884 6887 3991
f 6887 6888 3991
f 3991 6888 3992
f 6888 6887 6889
f 6889 6887 6890
f 6887 6883 6890
f 6890 6883 6882
f 4058 5240 3953
f 3953 5240 3954
f 5236 6888 5239
f 5239 6888 6889
f 5237 6886 3990
f 3990 6886 6885
f 4034 4031 5237
f 5237 4031 6886
f 6881 6882 3962
f 3962 6882 3941
f 6881 3955 6882
f 6882 3955 6890
f 3955 3954 6890
f 6890 3954 6889
f 5239 6889 5240
f 5240 6889 3954
f 6888 5236 3992
f 3992 5236 3989
f 3869 3868 3888
f 3888 3868 4015
f 3868 4012 4015
f 4015 4012 4010
f 4012 4022 4010
f 4010 4022 4009
f 4022 4021 4009
f 4009 4021 4018
f 4020 3974 4001
f 4001 3974 3996
f 4021 4020 4029
f 4029 4020 4001
f 4085 4156 4086
f 4086 4156 4155
f 4113 4777 4114
f 4114 4777 4776
f 4130 4129 4094
f 4094 4129 4091
f 4139 4773 4140
f 4140 4773 4772
f 4149 4178 4150
f 4150 4178 5225
f 4160 4159 4087
f 4087 4159 4088
f 4149 4148 4179
f 4179 4148 4141
f 4085 4084 4183
f 4183 4084 6315
f 4179 4141 4159
f 4159 4141 4088
f 4192 4130 4162
f 4162 4130 4094
f 4197 5288 4198
f 4198 5288 5287
f 4229 4766 4230
f 4230 4766 4771
f 4245 4246 4242
f 4242 4246 4249
f 4183 6315 4418
f 4418 6315 6314
f 4679 4178 4680
f 4680 4178 4177
f 4724 4798 4725
f 4725 4798 4271
f 4728 5275 4729
f 4729 5275 5274
f 4230 4771 4249
f 4249 4771 4242
f 4724 4723 4799
f 4799 4723 5355
f 4823 4824 4891
f 4891 4824 6327
f 4823 4192 4161
f 4161 4192 4162
f 4893 4767 4229
f 4229 4767 4766
f 4894 4895 4898
f 4898 4895 4899
f 4106 4150 4103
f 4103 4150 5225
f 4680 4894 4677
f 4677 4894 4898
f 6420 4977 5301
f 5301 4977 4976
f 4679 4678 5226
f 5226 4678 4427
f 5228 5008 4893
f 4893 5008 4767
f 5285 6354 5286
f 5286 6354 5343
f 5289 5352 5290
f 5290 5352 5349
f 5290 5349 5295
f 5295 5349 5348
f 5302 5299 4202
f 4202 5299 4976
f 4725 4271 5311
f 5311 4271 4270
f 5325 4723 5326
f 5326 4723 4722
f 5335 5355 5325
f 5325 5355 4723
f 5326 4722 5286
f 5286 4722 5283
f 4799 5357 4797
f 4797 5357 5361
f 5359 5356 5335
f 5335 5356 5355
f 4775 4774 5356
f 5356 4774 5357
f 5359 5358 4092
f 4092 5358 4093
f 6316 4740 6317
f 6317 4740 4739
f 6318 4827 6316
f 6316 4827 4740
f 6319 4828 6318
f 6318 4828 4827
f 6320 6480 6319
f 6319 6480 4828
f 6484 6322 6485
f 6485 6322 6321
f 6487 6324 6331
f 6331 6324 6323
f 6331 6323 6330
f 6330 6323 6325
f 6325 6326 6330
f 6330 6326 6329
f 6326 6328 6329
f 6329 6328 5231
f 4824 4685 5228
f 5228 4685 5008
f 5226 6343 5225
f 5225 6343 4103
f 4728 4727 6349
f 6349 4727 5284
f 6350 6351 5285
f 5285 6351 6354
f 4247 4246 6418
f 6418 4246 6365
f 6400 6402 6401
f 6401 6402 6459
f 4197 4196 6409
f 6409 4196 6426
f 6412 4897 6328
f 6328 4897 5231
f 6413 4133 6412
f 6412 4133 4897
f 6414 4134 6413
f 6413 4134 4133
f 6415 4225 6414
f 6414 4225 4134
f 6416 4252 6415
f 6415 4252 4225
f 6417 4253 6416
f 6416 4253 4252
f 4253 6417 6366
f 6366 6417 6419
f 6366 6419 4911
f 4911 6419 6421
f 6422 6423 4908
f 4908 6423 5298
f 5298 6423 6396
f 6396 6423 6424
f 6409 6426 6425
f 6425 6426 6397
f 5300 5299 6399
f 6399 5299 6400
f 6465 6408 6401
f 6401 6408 6398
f 6424 6399 6425
f 6425 6399 6398
f 6349 5284 5311
f 5311 5284 5283
f 6465 6464 5289
f 5289 6464 5352
f 6488 6483 6492
f 6492 6483 6482
f 6486 6491 6482
f 6482 6491 6492
f 6491 4895 6492
f 6492 4895 4157
f 6488 4160 6489
f 6489 4160 4087
f 6501 6502 4418
f 4418 6502 4417
f 6504 6500 6317
f 6317 6500 6314
f 3497 3496 6501
f 6501 3496 6502
f 3499 3498 6504
f 6504 3498 6500
f 4729 5274 4198
f 4198 5274 4195
f 6418 6365 6420
f 6420 6365 4977
f 5295 5348 6350
f 6350 5348 6351
f 5301 6422 6420
f 6420 6422 6421
f 4113 4112 4086
f 4086 4112 4083
f 6320 4112 6880
f 6880 4112 4111
f 4091 4772 4092
f 4092 4772 4775
f 4129 4140 4091
f 4091 4140 4772
f 4137 4140 4128
f 4128 4140 4129
f 4128 6324 4137
f 4137 6324 6321
f 6324 6487 6321
f 6321 6487 6485
f 6487 6486 6485
f 6485 6486 6482
f 4774 4773 4779
f 4779 4773 4776
f 4773 4139 4776
f 4776 4139 4114
f 4139 4138 4114
f 4114 4138 4111
f 4138 6322 4111
f 4111 6322 6880
f 6322 6484 6880
f 6880 6484 6481
f 6484 6483 6481
f 6481 6483 6478
f 6879 6343 6309
f 6309 6343 4428
f 4106 4105 4900
f 4900 4105 6307
f 3500 3167 6495
f 6495 3167 6496
f 3500 6495 3070
f 3070 6495 5368
f 3502 5235 3501
f 3501 5235 4813
f 3024 3503 6473
f 6473 3503 6474
f 3503 3023 6474
f 6474 3023 6374
f 3504 1770 4348
f 4348 1770 4345
f 3502 3505 5235
f 5235 3505 4810
f 3498 3497 6500
f 6500 3497 6501
f 3496 3075 6502
f 6502 3075 6275
f 6299 4254 3174
f 3174 4254 3017
f 1769 3501 4814
f 4814 3501 4813
f 3506 3018 6476
f 6476 3018 4257
f 3507 3499 6499
f 6499 3499 6504
f 3030 4216 3483
f 3483 4216 4215
f 3077 3507 6333
f 6333 3507 6499
f 1784 3160 5249
f 5249 3160 6523
f 3015 3506 4240
f 4240 3506 6476
f 3508 3504 6383
f 6383 3504 4348
f 3509 3016 6477
f 6477 3016 4239
f 3028 3509 6467
f 6467 3509 6477
f 3022 1785 5246
f 5246 1785 5247
f 3161 3508 6570
f 6570 3508 6383
f 3150 3149 4694
f 4694 3149 6566
f 1327 4807 3510
f 3510 4807 4811
f 3510 4811 3505
f 3505 4811 4810
f 3146 3511 4816
f 4816 3511 4350
f 3511 1808 4350
f 4350 1808 4351
f 3485 4327 3159
f 3159 4327 4330
f 1326 3512 4806
f 4806 3512 6310
f 3512 1331 6310
f 6310 1331 4688

