# 9386 vertices, 9216 faces
v -0.133500 0.238085 0.057274
v -0.085280 0.174071 -0.124013
v -0.066544 0.149544 0.130824
v -0.120411 0.226792 -0.105211
v -0.131500 0.272622 0.028874
v -0.165205 0.272757 0.026565
v -0.173314 0.244750 0.046950
v -0.097238 0.258188 0.049459
v -0.101943 0.277235 0.028135
v -0.189210 0.209034 0.059022
v -0.163349 0.196200 0.071536
v -0.106550 0.202142 0.089651
v -0.080826 0.230281 0.074754
v -0.138668 0.167989 0.093921
v -0.057386 0.267635 -0.095983
v -0.027638 0.266312 -0.100053
v -0.036631 0.178411 -0.128932
v -0.081790 0.063021 -0.120045
v -0.120027 0.041593 -0.104157
v -0.130747 0.110357 -0.113559
v -0.039739 0.073819 -0.127863
v -0.078346 0.279717 -0.082177
v -0.151293 0.154788 -0.110815
v 0.001184 0.138032 0.142918
v 0.001058 0.181847 0.115688
v -0.047732 0.196288 0.104202
v -0.116768 0.121391 0.130990
v -0.122514 0.269637 -0.076108
v -0.088783 0.289131 -0.063091
v -0.161021 0.219941 -0.100069
v -0.155013 0.257961 -0.079837
v -0.174454 0.173130 -0.102907
v -0.062032 0.296515 -0.070362
v 0.001188 0.200490 0.101194
v 0.009243 -0.778048 0.185923
v 0.003372 0.295602 -0.081901
v 0.006373 -0.773214 -0.164827
v -0.042246 0.214713 0.091007
v -0.374859 0.211960 -0.088874
v 0.001368 0.179584 -0.128506
v -0.086176 0.265577 0.044673
v -0.044970 0.294340 -0.077781
v -0.073720 0.298241 -0.056494
v 0.008643 -0.742962 0.188720
v -0.076811 -0.740820 0.183888
v -0.073492 -0.776395 0.181891
v 0.003186 0.267503 -0.099288
v -0.022477 0.294800 -0.081681
v -0.070022 -0.773103 -0.161827
v -0.069120 -0.734667 -0.161713
v 0.005809 -0.735405 -0.164541
v -0.072387 0.244074 0.065590
v -0.372715 0.238826 -0.080392
v -0.199465 0.249698 -0.078282
v -0.203528 0.216686 -0.093123
v -0.209286 0.180404 -0.095409
v -0.375845 0.185710 -0.090475
v 0.000873 0.076507 -0.129680
v -0.089998 0.280677 0.026121
v -0.091685 0.289051 0.008525
v -0.104006 0.287043 0.009195
v -0.131904 0.285820 0.008694
v -0.089809 0.292445 -0.006847
v -0.102380 0.290494 -0.007309
v -0.129580 0.289325 -0.009501
v -0.157622 0.288680 -0.011601
v -0.161806 0.285900 0.007244
v -0.098462 0.291840 -0.024727
v -0.126513 0.288833 -0.029552
v -0.154435 0.285856 -0.032908
v -0.179221 0.283559 -0.034320
v -0.182875 0.288275 -0.013082
v -0.124589 0.284055 -0.051633
v -0.153764 0.277170 -0.055972
v -0.177871 0.272703 -0.056613
v -0.198581 0.270749 -0.058948
v -0.200393 0.282630 -0.037536
v -0.178837 0.252557 -0.077849
v -0.184020 0.218340 -0.094602
v -0.192330 0.178519 -0.097472
v -0.188411 0.134502 -0.086714
v -0.202143 0.143790 -0.084231
v -0.217205 0.149284 -0.083316
v -0.378251 0.162776 -0.083030
v -0.210357 0.121099 -0.061502
v -0.224165 0.127306 -0.061837
v -0.380380 0.146017 -0.068532
v -0.228608 0.115775 -0.037605
v -0.381732 0.137116 -0.050661
v -0.230350 0.116834 -0.013949
v -0.382820 0.137559 -0.031279
v -0.231328 0.128594 0.008362
v -0.384348 0.146553 -0.011381
v -0.232267 0.149255 0.029855
v -0.384763 0.163675 0.006722
v -0.232005 0.178936 0.044708
v -0.383488 0.188362 0.020178
v -0.226039 0.215196 0.047719
v -0.378533 0.216958 0.022795
v -0.218617 0.248789 0.037321
v -0.373920 0.243347 0.013241
v -0.212679 0.274553 0.020194
v -0.369931 0.264927 -0.003638
v -0.208074 0.286770 0.002338
v -0.367871 0.275083 -0.020450
v -0.203728 0.288131 -0.016330
v -0.366846 0.276032 -0.036778
v -0.367920 0.271039 -0.053527
v -0.370394 0.259293 -0.068621
v -0.187570 0.286496 0.005537
v -0.192310 0.273904 0.023674
v -0.199613 0.247385 0.041554
v -0.209913 0.213570 0.052069
v -0.218306 0.176292 0.048940
v -0.202212 0.170397 0.055377
v -0.220193 0.145185 0.034120
v -0.207853 0.138628 0.040737
v -0.194420 0.124787 0.052722
v -0.181570 0.157086 0.066771
v -0.181474 0.100696 0.071754
v -0.163401 0.132145 0.089166
v -0.168706 0.063143 0.090967
v -0.148421 0.090594 0.118094
v -0.162122 -0.001660 0.104507
v -0.138512 0.022147 0.136891
v -0.102676 0.045151 0.156704
v -0.139096 -0.084374 0.143641
v -0.102343 -0.067040 0.169911
v -0.053663 -0.052873 0.186030
v -0.055145 0.060348 0.165777
v 0.004004 -0.047593 0.190718
v 0.001900 0.063729 0.169280
v -0.056786 -0.200970 0.194794
v 0.005339 -0.196416 0.200419
v -0.066549 -0.368818 0.197998
v 0.005422 -0.364665 0.201848
v -0.069902 -0.524112 0.188355
v 0.008387 -0.523607 0.192229
v -0.073915 -0.651760 0.186942
v 0.008740 -0.654555 0.192144
v -0.131416 -0.525174 0.168801
v -0.137845 -0.648123 0.167414
v -0.143094 -0.736799 0.165385
v -0.184201 -0.646214 0.141007
v -0.190474 -0.732670 0.138979
v -0.190537 -0.771163 0.137518
v -0.141459 -0.773844 0.163627
v -0.219737 -0.730627 0.105300
v -0.220078 -0.768337 0.104239
v -0.236826 -0.729706 0.060553
v -0.237297 -0.766766 0.059502
v -0.243809 -0.728498 0.008240
v -0.244220 -0.766686 0.006667
v -0.241294 -0.729624 -0.046146
v -0.242116 -0.769402 -0.049129
v -0.228016 -0.732349 -0.093558
v -0.229235 -0.772189 -0.097320
v -0.205831 -0.734005 -0.126849
v -0.207537 -0.772688 -0.130083
v -0.173446 -0.733411 -0.145216
v -0.175255 -0.772517 -0.146479
v -0.128082 -0.733321 -0.155561
v -0.130096 -0.772637 -0.155922
v -0.124533 -0.662760 -0.154210
v -0.067217 -0.662828 -0.159724
v -0.169663 -0.663419 -0.142843
v -0.164357 -0.574055 -0.137499
v -0.119343 -0.572215 -0.150390
v -0.202271 -0.663266 -0.121667
v -0.197475 -0.573317 -0.114238
v -0.189235 -0.459756 -0.104828
v -0.155372 -0.461490 -0.130352
v -0.224698 -0.660909 -0.087911
v -0.220239 -0.569208 -0.080055
v -0.212015 -0.454577 -0.069547
v -0.197003 -0.310299 -0.056760
v -0.174898 -0.315835 -0.089525
v -0.233873 -0.562008 -0.036392
v -0.225019 -0.445281 -0.027256
v -0.209106 -0.299537 -0.017615
v -0.190329 -0.153885 -0.013494
v -0.180841 -0.161641 -0.048658
v -0.227659 -0.433213 0.019116
v -0.211152 -0.284897 0.025210
v -0.191132 -0.140599 0.025729
v -0.180110 -0.038188 0.022900
v -0.177529 -0.048283 -0.013907
v -0.202013 -0.266397 0.068829
v -0.183308 -0.122768 0.067526
v -0.175170 -0.022317 0.064263
v -0.180920 0.040517 0.053622
v -0.183755 0.025343 0.014090
v -0.165958 -0.103664 0.108077
v -0.182343 -0.246052 0.109974
v -0.151839 -0.227740 0.146648
v -0.200309 -0.403076 0.107486
v -0.169576 -0.388840 0.144917
v -0.125226 -0.377355 0.175908
v -0.109604 -0.211631 0.175964
v -0.178300 -0.528608 0.141214
v -0.210284 -0.535185 0.105197
v -0.215308 -0.646599 0.105421
v -0.229370 -0.543613 0.061611
v -0.233055 -0.648936 0.061360
v -0.237119 -0.552973 0.012801
v -0.240720 -0.652083 0.010292
v -0.238148 -0.656282 -0.042074
v -0.219538 -0.418787 0.064887
v -0.191470 0.063582 0.006739
v -0.187374 0.058008 -0.025634
v -0.179727 0.017578 -0.021055
v -0.190742 0.077786 0.040513
v -0.200777 0.101295 0.026769
v -0.201710 0.087785 -0.001538
v -0.209330 0.103054 -0.008348
v -0.206660 0.100943 -0.034878
v -0.198530 0.084596 -0.031015
v -0.209620 0.116141 0.017074
v -0.219478 0.123656 0.012136
v -0.218301 0.111474 -0.011320
v -0.215904 0.110073 -0.036155
v -0.199344 0.111386 -0.061928
v -0.173978 0.114242 -0.090168
v -0.190030 0.092540 -0.061541
v -0.160723 0.077865 -0.087704
v -0.178068 0.062209 -0.056880
v -0.149680 0.025500 -0.080992
v -0.168993 0.017574 -0.052682
v -0.150201 -0.050607 -0.073311
v -0.168068 -0.051803 -0.045681
v -0.161724 -0.165777 -0.078741
v -0.122279 -0.044536 -0.095380
v -0.132534 -0.164661 -0.101777
v -0.142142 -0.317694 -0.112980
v -0.093900 -0.161153 -0.114485
v -0.100648 -0.316465 -0.124700
v -0.110751 -0.459954 -0.144010
v -0.052118 -0.313735 -0.128909
v -0.057903 -0.457893 -0.148677
v -0.063420 -0.570332 -0.155776
v 0.004363 -0.456695 -0.149744
v 0.004139 -0.569604 -0.157156
v 0.005254 -0.663152 -0.161437
v 0.004835 -0.312179 -0.129872
v -0.048172 -0.157194 -0.119409
v 0.002094 -0.154229 -0.120308
v -0.043125 -0.027888 -0.115392
v 0.001017 -0.024570 -0.116481
v -0.085564 -0.034883 -0.109635
v -0.094197 0.292394 -0.043461
v -0.085712 0.294560 -0.022836
v -0.080696 0.297097 -0.039799
v 0.137825 0.237145 0.059886
v 0.089381 0.172976 -0.123495
v 0.069442 0.148542 0.130282
v 0.125718 0.226414 -0.103894
v 0.136708 0.271477 0.032085
v 0.171079 0.272290 0.028981
v 0.178363 0.244802 0.048913
v 0.101847 0.257263 0.051802
v 0.106978 0.276391 0.031188
v 0.193605 0.210004 0.060322
v 0.167693 0.196295 0.072932
v 0.109635 0.201077 0.090704
v 0.084677 0.229362 0.075996
v 0.141454 0.167476 0.093240
v 0.063448 0.266821 -0.093872
v 0.033693 0.265210 -0.097616
v 0.040102 0.177329 -0.127835
v 0.085600 0.062561 -0.121405
v 0.124562 0.041335 -0.106541
v 0.134646 0.110181 -0.114204
v 0.042520 0.073534 -0.128328
v 0.084759 0.278906 -0.080362
v 0.155694 0.154710 -0.110429
v 0.050703 0.195499 0.104647
v 0.119935 0.120879 0.129635
v 0.127819 0.269338 -0.074143
v 0.095395 0.288572 -0.060771
v 0.166007 0.219852 -0.098966
v 0.160630 0.257743 -0.078851
v 0.178783 0.173519 -0.102237
v 0.069428 0.295978 -0.068147
v 0.045781 0.213929 0.091627
v 0.377712 0.211391 -0.088187
v 0.090904 0.264818 0.046978
v 0.052030 0.293851 -0.075385
v 0.081082 0.297884 -0.054143
v 0.086240 -0.740529 0.181311
v 0.083474 -0.776260 0.179222
v 0.029527 0.294513 -0.079372
v 0.078132 -0.771864 -0.163801
v 0.077266 -0.733449 -0.163426
v 0.076836 0.243191 0.067179
v 0.375631 0.238364 -0.079990
v 0.204103 0.248816 -0.079306
v 0.207078 0.214960 -0.093091
v 0.211954 0.179448 -0.094632
v 0.378282 0.185288 -0.089633
v 0.095147 0.280070 0.028952
v 0.097050 0.288782 0.011611
v 0.109163 0.286522 0.012485
v 0.137067 0.284935 0.012072
v 0.095690 0.292433 -0.003664
v 0.107893 0.290323 -0.003850
v 0.134589 0.288872 -0.005984
v 0.163568 0.288349 -0.009075
v 0.167705 0.285387 0.009757
v 0.104831 0.291806 -0.021476
v 0.131718 0.288616 -0.026221
v 0.160649 0.285679 -0.030632
v 0.185106 0.284354 -0.034072
v 0.188645 0.288918 -0.012218
v 0.129635 0.283966 -0.048790
v 0.159627 0.277015 -0.054166
v 0.183488 0.273387 -0.057068
v 0.203380 0.271188 -0.060170
v 0.205245 0.283772 -0.038149
v 0.184060 0.252443 -0.078457
v 0.188368 0.217675 -0.094365
v 0.195695 0.177975 -0.096856
v 0.192341 0.134944 -0.087173
v 0.205252 0.144138 -0.084207
v 0.219668 0.149008 -0.082933
v 0.380321 0.162552 -0.082443
v 0.213193 0.121838 -0.061750
v 0.226551 0.127636 -0.061761
v 0.382477 0.146351 -0.068197
v 0.230337 0.116457 -0.037628
v 0.383946 0.137405 -0.050582
v 0.231783 0.118034 -0.014323
v 0.385240 0.139060 -0.031328
v 0.233113 0.130034 0.008407
v 0.386890 0.147607 -0.011404
v 0.234354 0.150622 0.030420
v 0.387648 0.165177 0.007105
v 0.234572 0.180721 0.045473
v 0.386503 0.189582 0.020658
v 0.228743 0.216742 0.048609
v 0.381092 0.218462 0.023346
v 0.221908 0.249944 0.037813
v 0.376374 0.244931 0.013992
v 0.216946 0.275609 0.020632
v 0.372692 0.265886 -0.002768
v 0.212624 0.287836 0.002683
v 0.370539 0.275351 -0.019569
v 0.208446 0.289303 -0.016216
v 0.369455 0.275977 -0.036006
v 0.370575 0.271264 -0.052957
v 0.373102 0.259353 -0.068163
v 0.193164 0.286974 0.006631
v 0.197642 0.274455 0.024731
v 0.203840 0.248254 0.042402
v 0.213467 0.214994 0.053033
v 0.221600 0.178176 0.049560
v 0.206204 0.171952 0.055770
v 0.222649 0.146812 0.034271
v 0.210714 0.140335 0.040488
v 0.197492 0.126400 0.051975
v 0.185446 0.157893 0.066774
v 0.185282 0.102145 0.069880
v 0.166599 0.132804 0.087931
v 0.172893 0.063616 0.088568
v 0.152076 0.090267 0.116621
v 0.167669 -0.001750 0.101158
v 0.143772 0.021035 0.134288
v 0.106914 0.043665 0.155749
v 0.146004 -0.084024 0.140480
v 0.109653 -0.066918 0.166965
v 0.061110 -0.053335 0.184244
v 0.058473 0.059097 0.165279
v 0.065862 -0.200476 0.193741
v 0.074319 -0.368320 0.196573
v 0.080231 -0.523039 0.185368
v 0.083287 -0.651285 0.183806
v 0.139711 -0.523776 0.166737
v 0.145889 -0.647420 0.165022
v 0.150736 -0.736001 0.163036
v 0.190846 -0.645421 0.139274
v 0.196691 -0.731966 0.136837
v 0.196665 -0.770503 0.134981
v 0.149249 -0.773313 0.161038
v 0.225609 -0.730349 0.103220
v 0.225768 -0.768204 0.101864
v 0.242412 -0.730142 0.058224
v 0.242713 -0.767446 0.056664
v 0.248927 -0.729510 0.005825
v 0.249336 -0.767867 0.003807
v 0.245830 -0.730490 -0.048651
v 0.246561 -0.770454 -0.052161
v 0.232630 -0.732505 -0.096384
v 0.233770 -0.772399 -0.100510
v 0.211159 -0.733580 -0.129455
v 0.212623 -0.772172 -0.132873
v 0.179933 -0.732356 -0.146923
v 0.181728 -0.771276 -0.148304
v 0.135985 -0.731842 -0.156915
v 0.138132 -0.771005 -0.157519
v 0.132213 -0.661662 -0.155051
v 0.075292 -0.661985 -0.160884
v 0.175865 -0.662492 -0.144074
v 0.170161 -0.573095 -0.138537
v 0.126624 -0.571297 -0.150930
v 0.207468 -0.662602 -0.123713
v 0.202070 -0.572270 -0.115787
v 0.193065 -0.458054 -0.106034
v 0.160082 -0.459955 -0.131156
v 0.229286 -0.660526 -0.089800
v 0.224147 -0.568429 -0.081462
v 0.215413 -0.453056 -0.070679
v 0.201679 -0.308095 -0.058027
v 0.179749 -0.313802 -0.090791
v 0.237491 -0.561582 -0.037482
v 0.228355 -0.444069 -0.027901
v 0.213833 -0.297486 -0.018629
v 0.196224 -0.151701 -0.015878
v 0.186607 -0.159996 -0.051285
v 0.231612 -0.432325 0.018599
v 0.216720 -0.282827 0.024494
v 0.197251 -0.139095 0.023618
v 0.185683 -0.036485 0.019754
v 0.183214 -0.045728 -0.017362
v 0.208853 -0.265118 0.068353
v 0.189765 -0.122428 0.065613
v 0.180721 -0.021437 0.061007
v 0.185400 0.041737 0.051299
v 0.187668 0.027179 0.011125
v 0.172759 -0.103291 0.105962
v 0.190091 -0.245125 0.109034
v 0.160410 -0.227072 0.144509
v 0.206716 -0.402171 0.106657
v 0.176724 -0.387761 0.143377
v 0.132818 -0.376156 0.173935
v 0.118595 -0.210932 0.174266
v 0.185163 -0.527494 0.139554
v 0.216172 -0.534375 0.103793
v 0.221105 -0.646098 0.103974
v 0.234258 -0.543184 0.060686
v 0.238430 -0.649055 0.059822
v 0.241176 -0.552729 0.011758
v 0.245401 -0.652475 0.008840
v 0.242445 -0.656413 -0.043510
v 0.224719 -0.417995 0.064406
v 0.195448 0.066037 0.003972
v 0.191638 0.060274 -0.028898
v 0.183847 0.019376 -0.024104
v 0.194522 0.079999 0.038543
v 0.203367 0.103343 0.025131
v 0.204014 0.090148 -0.003711
v 0.211090 0.104801 -0.009827
v 0.208692 0.102486 -0.036177
v 0.201308 0.086977 -0.033149
v 0.211740 0.117874 0.016188
v 0.221494 0.125268 0.011555
v 0.219969 0.112790 -0.012084
v 0.217907 0.111108 -0.036607
v 0.202600 0.112237 -0.062766
v 0.177614 0.114739 -0.090810
v 0.193283 0.094169 -0.063073
v 0.164166 0.078665 -0.089839
v 0.182167 0.063817 -0.059776
v 0.154135 0.025733 -0.083641
v 0.173499 0.018581 -0.055627
v 0.155511 -0.049307 -0.076858
v 0.173751 -0.050149 -0.049371
v 0.167386 -0.163536 -0.081373
v 0.127216 -0.043574 -0.098368
v 0.137658 -0.162528 -0.104033
v 0.147612 -0.315774 -0.113899
v 0.098526 -0.159403 -0.115967
v 0.106743 -0.314689 -0.125048
v 0.116913 -0.458711 -0.144480
v 0.058461 -0.312941 -0.128936
v 0.064723 -0.456973 -0.149185
v 0.071348 -0.569697 -0.156753
v 0.052320 -0.155647 -0.120026
v 0.046170 -0.027342 -0.116512
v 0.089734 -0.034002 -0.111682
v 0.100914 0.292110 -0.040681
v 0.092377 0.294705 -0.019919
v 0.087864 0.296861 -0.037112
v -0.226914 0.247182 -0.080376
v -0.229745 0.215425 -0.093676
v -0.233651 0.182496 -0.095297
v -0.239898 0.153331 -0.083968
v -0.244938 0.132552 -0.063665
v -0.248225 0.120292 -0.040441
v -0.249460 0.121200 -0.017322
v -0.250648 0.131962 0.005133
v -0.251404 0.151925 0.026128
v -0.251485 0.180717 0.040960
v -0.247096 0.215812 0.043734
v -0.241406 0.248857 0.033516
v -0.236168 0.274454 0.016257
v -0.231557 0.286445 -0.001892
v -0.228508 0.287413 -0.020946
v -0.226504 0.281367 -0.041848
v -0.225549 0.268822 -0.062443
v 0.232717 0.213550 -0.093687
v 0.230699 0.246010 -0.081328
v 0.235993 0.181189 -0.094542
v 0.241793 0.152694 -0.083224
v 0.246857 0.132626 -0.063210
v 0.249997 0.120483 -0.040118
v 0.251095 0.121956 -0.017204
v 0.252401 0.133069 0.005636
v 0.253555 0.153216 0.027030
v 0.253950 0.182195 0.041875
v 0.249383 0.217145 0.044633
v 0.244000 0.249846 0.033929
v 0.239553 0.275386 0.016496
v 0.235179 0.287454 -0.001766
v 0.232250 0.288576 -0.021025
v 0.230355 0.282279 -0.042567
v 0.229459 0.268845 -0.063570
v -0.261390 0.245861 -0.081959
v -0.263281 0.215505 -0.093803
v -0.265595 0.184579 -0.095112
v -0.274404 0.136024 -0.066207
v -0.277526 0.123503 -0.044187
v -0.279100 0.123305 -0.021585
v -0.280385 0.133101 0.001001
v -0.280682 0.152907 0.021817
v -0.280262 0.182160 0.036603
v -0.276054 0.216682 0.039314
v -0.271541 0.248674 0.029005
v -0.267037 0.273620 0.011379
v -0.262314 0.285223 -0.007202
v -0.260749 0.285902 -0.026147
v -0.259591 0.279826 -0.046253
v -0.259771 0.267279 -0.065484
v 0.266038 0.213910 -0.093700
v 0.264629 0.244796 -0.082641
v 0.267801 0.183349 -0.094269
v 0.279327 0.123955 -0.043678
v 0.276229 0.136046 -0.065542
v 0.280960 0.124080 -0.021288
v 0.282384 0.134213 0.001446
v 0.283068 0.154422 0.022675
v 0.282874 0.183834 0.037494
v 0.278252 0.218106 0.040098
v 0.273868 0.249691 0.029392
v 0.269885 0.274557 0.011596
v 0.265298 0.286209 -0.007089
v 0.263838 0.286862 -0.026139
v 0.262749 0.280434 -0.046682
v 0.263025 0.267143 -0.066184
v -0.270310 0.156519 -0.084825
v 0.272089 0.155983 -0.083906
v -0.305365 0.244387 -0.082914
v -0.307164 0.215219 -0.093306
v -0.308248 0.185908 -0.094663
v -0.314439 0.139679 -0.068349
v -0.317185 0.126948 -0.047589
v -0.319067 0.126244 -0.025700
v -0.320188 0.135686 -0.003537
v -0.319768 0.155407 0.016689
v -0.318428 0.184821 0.031487
v -0.314309 0.218635 0.033771
v -0.311030 0.248577 0.022856
v -0.308726 0.271816 0.004834
v -0.306485 0.282662 -0.013657
v -0.304110 0.283321 -0.031700
v -0.302237 0.277732 -0.050540
v -0.303163 0.265659 -0.068180
v 0.309918 0.214063 -0.093076
v 0.308380 0.243702 -0.083211
v 0.310496 0.185007 -0.093874
v 0.319145 0.127521 -0.047210
v 0.316314 0.139818 -0.067742
v 0.321158 0.127153 -0.025538
v 0.322390 0.136961 -0.003402
v 0.322365 0.156977 0.017321
v 0.321207 0.186555 0.032221
v 0.316610 0.220046 0.034440
v 0.313335 0.249619 0.023358
v 0.311395 0.272675 0.005259
v 0.309159 0.283474 -0.013242
v 0.306795 0.284067 -0.031387
v 0.305030 0.278175 -0.050549
v 0.306070 0.265574 -0.068468
v -0.311402 0.159492 -0.085335
v 0.313249 0.158945 -0.084506
v -0.351735 0.241158 -0.081481
v -0.353686 0.213130 -0.090650
v -0.354709 0.185750 -0.092504
v -0.359689 0.142636 -0.069265
v -0.361387 0.131279 -0.050129
v -0.363008 0.131375 -0.029471
v -0.364566 0.140800 -0.008485
v -0.364786 0.159089 0.010894
v -0.363246 0.186712 0.024922
v -0.357878 0.218643 0.027161
v -0.353145 0.247143 0.016648
v -0.350203 0.269164 -0.000900
v -0.348772 0.279342 -0.018494
v -0.347606 0.279906 -0.035463
v -0.347751 0.274330 -0.052940
v -0.349645 0.262112 -0.068825
v 0.356531 0.212382 -0.090186
v 0.354678 0.240651 -0.081348
v 0.357129 0.185132 -0.091759
v 0.363593 0.131759 -0.049954
v 0.361766 0.142846 -0.068863
v 0.365358 0.132050 -0.029467
v 0.367052 0.141837 -0.008470
v 0.367654 0.160594 0.011269
v 0.366256 0.188502 0.025442
v 0.360408 0.220058 0.027738
v 0.355655 0.248211 0.017226
v 0.352981 0.270112 -0.000258
v 0.351420 0.280238 -0.017842
v 0.350222 0.280756 -0.034872
v 0.350443 0.274827 -0.052635
v 0.352411 0.262142 -0.068686
v -0.357330 0.160954 -0.084588
v 0.359369 0.160633 -0.083983
v -0.131651 0.259172 0.041508
v -0.148591 0.272276 0.027833
v -0.167983 0.260495 0.036974
v -0.156141 0.241904 0.051075
v -0.150538 0.259061 0.039471
v -0.110141 0.249331 0.053884
v -0.099669 0.268849 0.038831
v -0.114828 0.274403 0.029134
v -0.112773 0.263673 0.040902
v -0.180850 0.227488 0.054653
v -0.176696 0.203975 0.064375
v -0.150239 0.216475 0.067125
v -0.165897 0.223486 0.059763
v -0.119931 0.220518 0.073238
v -0.091434 0.216518 0.082736
v -0.091074 0.245973 0.060536
v -0.102576 0.233880 0.067418
v -0.150747 0.183646 0.081227
v -0.124084 0.185553 0.093247
v -0.137263 0.203365 0.078924
v -0.069920 0.229797 -0.112368
v -0.042918 0.266931 -0.098356
v -0.032840 0.227412 -0.117052
v -0.058242 0.177053 -0.127517
v -0.051461 0.227730 -0.115542
v -0.082943 0.113294 -0.125719
v -0.101743 0.052720 -0.113069
v -0.124533 0.077620 -0.109047
v -0.110967 0.136673 -0.120956
v -0.105486 0.095402 -0.119187
v -0.038744 0.124844 -0.131692
v -0.060956 0.069863 -0.125098
v -0.060387 0.121431 -0.129693
v -0.103744 0.205898 -0.115895
v -0.096424 0.256767 -0.094944
v -0.069047 0.273950 -0.089475
v -0.085154 0.242773 -0.105171
v -0.139998 0.136314 -0.113019
v -0.137567 0.187097 -0.113014
v -0.123194 0.166929 -0.118662
v -0.031141 0.140656 0.140304
v 0.001021 0.161809 0.129504
v -0.025108 0.185608 0.112770
v -0.054217 0.176525 0.116668
v -0.027922 0.165374 0.126251
v -0.066079 0.213353 0.089274
v -0.089799 0.179418 0.108370
v -0.075311 0.196578 0.100074
v -0.127289 0.147937 0.111772
v -0.095260 0.136180 0.132369
v -0.108873 0.164501 0.110225
v -0.121040 0.253945 -0.089852
v -0.104930 0.279714 -0.070040
v -0.084682 0.285097 -0.072998
v -0.101908 0.270130 -0.082426
v -0.144049 0.221866 -0.103030
v -0.157022 0.240968 -0.091166
v -0.139450 0.262862 -0.079295
v -0.140290 0.245530 -0.091870
v -0.163272 0.165523 -0.107151
v -0.167389 0.196666 -0.104139
v -0.153302 0.193566 -0.108410
v -0.053905 0.295150 -0.074655
v -0.048366 0.286422 -0.083623
v -0.066730 0.291264 -0.073834
v -0.058254 0.288708 -0.079102
v -0.078284 0.295213 -0.058240
v -0.068615 0.297745 -0.064070
v -0.073396 0.293684 -0.066555
v -0.021468 0.204401 0.098850
v -0.043970 0.208724 0.095363
v 0.001128 0.194726 0.105708
v -0.023091 0.198527 0.103103
v 0.008853 -0.767858 0.187048
v -0.038664 -0.742176 0.189338
v -0.075289 -0.766040 0.182753
v -0.034853 -0.777589 0.186483
v -0.037282 -0.767156 0.187724
v 0.003462 0.287462 -0.087490
v -0.012087 0.267460 -0.100134
v -0.023702 0.286398 -0.087712
v -0.009460 0.295363 -0.082348
v -0.010072 0.287273 -0.088063
v -0.035031 -0.773316 -0.163030
v -0.069907 -0.759624 -0.162074
v -0.034649 -0.735153 -0.162975
v 0.006113 -0.760038 -0.165163
v -0.035202 -0.760046 -0.163404
v -0.059202 0.230031 0.078062
v -0.074753 0.239371 0.068778
v -0.060845 0.224476 0.081755
v -0.373853 0.225530 -0.085209
v -0.366099 0.239717 -0.080726
v -0.352808 0.227355 -0.086727
v -0.368194 0.212349 -0.089461
v -0.367240 0.226131 -0.085696
v -0.354295 0.199708 -0.092857
v -0.369133 0.185814 -0.091098
v -0.375377 0.199064 -0.090838
v -0.368703 0.199360 -0.091420
v -0.017179 0.179830 -0.129084
v 0.002241 0.228863 -0.116416
v -0.014999 0.228679 -0.117142
v 0.000840 0.126532 -0.131937
v -0.019134 0.075688 -0.129053
v -0.018457 0.126406 -0.132171
v -0.089554 0.263170 0.046528
v -0.081508 0.256172 0.054145
v -0.084409 0.252933 0.056451
v -0.087945 0.273888 0.035730
v -0.093769 0.279610 0.026791
v -0.091610 0.272316 0.036842
v -0.091336 0.285497 0.017048
v -0.095630 0.288255 0.008768
v -0.103476 0.283065 0.018351
v -0.095156 0.284621 0.017566
v -0.116560 0.286168 0.009217
v -0.132228 0.280652 0.018478
v -0.116264 0.281498 0.018882
v -0.091121 0.291336 0.000671
v -0.093833 0.291638 -0.006890
v -0.103580 0.289405 0.000819
v -0.095120 0.290503 0.000801
v -0.114775 0.289653 -0.008185
v -0.131092 0.288376 -0.000371
v -0.116049 0.288609 0.000510
v -0.143787 0.289054 -0.010789
v -0.159863 0.288211 -0.002016
v -0.146943 0.285770 0.007888
v -0.145749 0.288245 -0.001309
v -0.100615 0.291103 -0.015688
v -0.111388 0.290260 -0.026976
v -0.128043 0.289427 -0.019160
v -0.113173 0.290119 -0.017266
v -0.140593 0.287443 -0.031754
v -0.155951 0.287823 -0.021909
v -0.142117 0.288708 -0.020922
v -0.167608 0.284466 -0.033342
v -0.180928 0.286593 -0.023468
v -0.171034 0.288442 -0.012103
v -0.169160 0.287087 -0.022476
v -0.125314 0.287223 -0.040427
v -0.139584 0.280430 -0.054772
v -0.154006 0.282472 -0.044334
v -0.139870 0.284858 -0.043096
v -0.166562 0.274486 -0.056126
v -0.178512 0.279040 -0.045467
v -0.166987 0.280418 -0.044694
v -0.187862 0.271587 -0.057626
v -0.199478 0.277631 -0.048364
v -0.189661 0.283006 -0.035682
v -0.188762 0.278197 -0.046703
v -0.154236 0.269408 -0.068078
v -0.167758 0.254806 -0.078643
v -0.177954 0.264078 -0.067629
v -0.166948 0.266261 -0.067646
v -0.188782 0.250997 -0.077774
v -0.198443 0.261580 -0.069066
v -0.187850 0.262727 -0.068090
v -0.173588 0.218878 -0.096946
v -0.180813 0.236667 -0.087324
v -0.170008 0.238246 -0.089078
v -0.193430 0.217522 -0.093497
v -0.201091 0.234002 -0.086796
v -0.190582 0.235408 -0.086639
v -0.183943 0.176430 -0.099711
v -0.188034 0.198948 -0.098111
v -0.178582 0.198243 -0.100609
v -0.200252 0.179543 -0.096114
v -0.206289 0.198910 -0.096148
v -0.196724 0.198907 -0.096782
v -0.181611 0.152279 -0.096653
v -0.195428 0.139763 -0.085272
v -0.197107 0.159968 -0.092444
v -0.189636 0.156886 -0.094176
v -0.208972 0.146739 -0.083553
v -0.213002 0.163968 -0.090885
v -0.204376 0.162128 -0.091442
v -0.227545 0.151485 -0.083492
v -0.236666 0.167151 -0.090993
v -0.220450 0.181560 -0.095220
v -0.223835 0.165726 -0.090776
v -0.206307 0.132435 -0.073670
v -0.216643 0.124381 -0.061464
v -0.220794 0.138577 -0.073336
v -0.212852 0.135798 -0.073284
v -0.233488 0.130210 -0.062602
v -0.242734 0.142965 -0.074519
v -0.230692 0.140920 -0.073774
v -0.373361 0.144928 -0.068887
v -0.360567 0.136430 -0.060122
v -0.374809 0.134085 -0.050656
v -0.381096 0.140315 -0.059946
v -0.374118 0.138808 -0.060128
v -0.362154 0.130637 -0.040069
v -0.376297 0.134499 -0.030778
v -0.382180 0.136597 -0.041219
v -0.375476 0.133570 -0.040942
v -0.363894 0.135845 -0.019113
v -0.378018 0.143535 -0.010437
v -0.383693 0.141802 -0.021369
v -0.377258 0.138737 -0.020718
v -0.364912 0.149252 0.001237
v -0.378429 0.161098 0.008180
v -0.384783 0.154617 -0.002092
v -0.378467 0.151564 -0.000970
v -0.364373 0.171972 0.018723
v -0.376844 0.187413 0.021930
v -0.384348 0.174992 0.014312
v -0.377912 0.173400 0.015973
v -0.360824 0.202845 0.027937
v -0.371357 0.218082 0.024339
v -0.381336 0.202450 0.023277
v -0.374438 0.202784 0.024974
v -0.355382 0.233300 0.023155
v -0.366548 0.245500 0.014317
v -0.376173 0.230690 0.019182
v -0.368952 0.232057 0.020586
v -0.351378 0.259608 0.008172
v -0.363081 0.267162 -0.002860
v -0.371593 0.255635 0.005103
v -0.364531 0.257716 0.006048
v -0.349393 0.275699 -0.009915
v -0.361449 0.277059 -0.019969
v -0.368757 0.271224 -0.012240
v -0.362124 0.273512 -0.011618
v -0.348193 0.280541 -0.026929
v -0.360432 0.277702 -0.036476
v -0.367223 0.276134 -0.028551
v -0.360856 0.278230 -0.028161
v -0.347390 0.277917 -0.044338
v -0.361181 0.272275 -0.053324
v -0.367088 0.273954 -0.045310
v -0.360469 0.275700 -0.045050
v -0.348754 0.269182 -0.061170
v -0.363626 0.260423 -0.068646
v -0.369223 0.265793 -0.061341
v -0.362478 0.267305 -0.061284
v -0.350742 0.252873 -0.075632
v -0.371561 0.250370 -0.074885
v -0.364846 0.251365 -0.075051
v -0.205763 0.288519 -0.006701
v -0.197753 0.286670 0.004104
v -0.185284 0.288402 -0.003502
v -0.193259 0.288191 -0.014471
v -0.195516 0.288481 -0.004914
v -0.201933 0.286109 -0.026734
v -0.191322 0.286300 -0.024884
v -0.210364 0.282187 0.011296
v -0.202747 0.274235 0.022004
v -0.190016 0.281720 0.014573
v -0.200376 0.281983 0.013043
v -0.180019 0.273394 0.025333
v -0.163802 0.280854 0.016804
v -0.175503 0.286261 0.006659
v -0.177823 0.281400 0.015883
v -0.173319 0.288345 -0.002483
v -0.215417 0.263196 0.029106
v -0.209232 0.248240 0.039313
v -0.195405 0.262236 0.032898
v -0.205559 0.262703 0.031020
v -0.188079 0.246196 0.044199
v -0.183052 0.261435 0.034996
v -0.222295 0.232624 0.043756
v -0.217951 0.214597 0.049734
v -0.204548 0.231074 0.048111
v -0.213354 0.232120 0.045708
v -0.200616 0.211708 0.055212
v -0.193995 0.229604 0.051099
v -0.229545 0.196657 0.048089
v -0.224882 0.177784 0.046645
v -0.214784 0.194621 0.052170
v -0.222024 0.195925 0.049993
v -0.210741 0.173924 0.051732
v -0.196626 0.189519 0.058971
v -0.206505 0.192505 0.055067
v -0.219687 0.159625 0.042456
v -0.214238 0.142312 0.037127
v -0.205555 0.153372 0.049156
v -0.212990 0.156943 0.045420
v -0.201087 0.132905 0.045939
v -0.188344 0.139885 0.060694
v -0.192207 0.164790 0.060204
v -0.197073 0.147756 0.054049
v -0.173917 0.176106 0.070874
v -0.185653 0.183986 0.064068
v -0.188029 0.113883 0.061931
v -0.173414 0.115478 0.082104
v -0.171552 0.146146 0.076192
v -0.180642 0.129017 0.070267
v -0.151578 0.150105 0.092539
v -0.161964 0.164557 0.079411
v -0.174952 0.083932 0.082188
v -0.159701 0.076302 0.106209
v -0.155497 0.113785 0.103983
v -0.166463 0.098133 0.094879
v -0.134213 0.105740 0.126207
v -0.142501 0.130703 0.109551
v -0.164546 0.035086 0.098449
v -0.151884 0.009855 0.122019
v -0.142267 0.060407 0.128845
v -0.154519 0.047507 0.114666
v -0.122157 0.034093 0.148587
v -0.108633 0.086501 0.146793
v -0.126972 0.073668 0.139756
v -0.137730 -0.027845 0.141684
v -0.122051 -0.075705 0.157953
v -0.102412 -0.006624 0.165736
v -0.121782 -0.017175 0.155173
v -0.079603 -0.059216 0.179454
v -0.054223 0.009805 0.176570
v -0.080361 0.054077 0.162246
v -0.079587 0.002490 0.173015
v -0.059780 0.104919 0.154069
v -0.086178 0.097860 0.151142
v -0.025290 -0.048963 0.189688
v 0.002592 0.014318 0.180048
v -0.027560 0.063141 0.168335
v -0.026810 0.013511 0.178941
v 0.001632 0.105185 0.158365
v -0.029790 0.105677 0.157147
v -0.053398 -0.121986 0.187822
v -0.027169 -0.197663 0.199132
v 0.005111 -0.117324 0.193258
v -0.024919 -0.118476 0.191861
v -0.061204 -0.284659 0.196384
v -0.031782 -0.365137 0.201083
v 0.006287 -0.280653 0.200995
v -0.028605 -0.281382 0.200006
v -0.068482 -0.449069 0.194084
v -0.033801 -0.523711 0.192947
v 0.006772 -0.446682 0.198796
v -0.032940 -0.447383 0.199113
v -0.071775 -0.591915 0.186886
v -0.036778 -0.653556 0.192870
v 0.008349 -0.593200 0.191189
v -0.035278 -0.592629 0.191817
v -0.075940 -0.701695 0.185515
v 0.008612 -0.704432 0.190512
v -0.037848 -0.703262 0.191073
v -0.102463 -0.524515 0.179736
v -0.134579 -0.590656 0.167914
v -0.108053 -0.649614 0.178026
v -0.105170 -0.591182 0.178565
v -0.141370 -0.697838 0.166645
v -0.112349 -0.738828 0.175710
v -0.111080 -0.699723 0.177068
v -0.163330 -0.646947 0.155040
v -0.188131 -0.694518 0.140239
v -0.169310 -0.734595 0.153134
v -0.167090 -0.696026 0.154361
v -0.190887 -0.759818 0.138104
v -0.168776 -0.772587 0.151379
v -0.142616 -0.763291 0.164258
v -0.169453 -0.761618 0.152041
v -0.109877 -0.775110 0.173854
v -0.111396 -0.764614 0.174575
v -0.206960 -0.731350 0.123227
v -0.220220 -0.756828 0.104750
v -0.207249 -0.769909 0.121917
v -0.207441 -0.758170 0.122492
v -0.229781 -0.730131 0.084149
v -0.237351 -0.755281 0.059812
v -0.230181 -0.767412 0.083213
v -0.230280 -0.756006 0.083615
v -0.241348 -0.728892 0.035130
v -0.244227 -0.753993 0.006926
v -0.241816 -0.766458 0.033705
v -0.241839 -0.754344 0.034005
v -0.243879 -0.728746 -0.019285
v -0.241973 -0.755770 -0.048290
v -0.244524 -0.767823 -0.021593
v -0.244477 -0.754626 -0.020971
v -0.235878 -0.731064 -0.071385
v -0.228882 -0.758188 -0.096027
v -0.236917 -0.771057 -0.074848
v -0.236639 -0.757189 -0.073792
v -0.218013 -0.733353 -0.112214
v -0.206935 -0.758963 -0.128774
v -0.219711 -0.772592 -0.115779
v -0.219081 -0.758750 -0.114462
v -0.191113 -0.733820 -0.137558
v -0.174751 -0.758413 -0.146073
v -0.192752 -0.772597 -0.139904
v -0.192272 -0.758733 -0.138921
v -0.152643 -0.733102 -0.151079
v -0.129581 -0.758521 -0.156013
v -0.154665 -0.772565 -0.151720
v -0.154049 -0.758387 -0.151596
v -0.100176 -0.733846 -0.159182
v -0.101813 -0.772784 -0.159460
v -0.101382 -0.758981 -0.159560
v -0.126089 -0.700620 -0.155099
v -0.097204 -0.662658 -0.157622
v -0.067840 -0.701355 -0.160996
v -0.098406 -0.700934 -0.158645
v -0.171408 -0.701176 -0.144265
v -0.148800 -0.663096 -0.149569
v -0.150501 -0.700830 -0.150523
v -0.167616 -0.621722 -0.140703
v -0.143399 -0.573316 -0.145175
v -0.122543 -0.620584 -0.152662
v -0.146724 -0.621155 -0.147786
v -0.204070 -0.701681 -0.124519
v -0.187461 -0.663696 -0.133693
v -0.189251 -0.701703 -0.135912
v -0.200354 -0.621585 -0.118389
v -0.182338 -0.574213 -0.127289
v -0.185422 -0.621981 -0.130996
v -0.193976 -0.520009 -0.109925
v -0.173770 -0.461014 -0.119048
v -0.160225 -0.521424 -0.134388
v -0.178456 -0.521175 -0.123539
v -0.214675 -0.662509 -0.106444
v -0.222811 -0.618132 -0.084139
v -0.209976 -0.571862 -0.098500
v -0.212679 -0.620272 -0.102769
v -0.216912 -0.515356 -0.075238
v -0.201890 -0.457611 -0.088299
v -0.206707 -0.518223 -0.093759
v -0.206010 -0.385598 -0.063845
v -0.187319 -0.313209 -0.074020
v -0.183312 -0.390903 -0.098219
v -0.196032 -0.388665 -0.081986
v -0.228155 -0.566151 -0.059373
v -0.230340 -0.506664 -0.032131
v -0.219650 -0.450510 -0.049184
v -0.224793 -0.511455 -0.054642
v -0.218918 -0.375742 -0.022671
v -0.204188 -0.305334 -0.037940
v -0.213670 -0.381103 -0.043926
v -0.200144 -0.223341 -0.015316
v -0.186701 -0.158188 -0.031660
v -0.189516 -0.232641 -0.052507
v -0.196069 -0.228130 -0.034455
v -0.227692 -0.439546 -0.004376
v -0.221254 -0.362302 0.022260
v -0.211445 -0.292700 0.003649
v -0.221493 -0.369464 -0.000578
v -0.200867 -0.209419 0.025824
v -0.191805 -0.148001 0.005521
v -0.201776 -0.216559 0.004941
v -0.183421 -0.084405 0.025119
v -0.179709 -0.044105 0.003926
v -0.182513 -0.096246 -0.012985
v -0.183985 -0.091221 0.005426
v -0.208057 -0.276116 0.047075
v -0.191843 -0.190496 0.068346
v -0.188151 -0.131683 0.046676
v -0.197513 -0.200341 0.047052
v -0.177005 -0.068108 0.066909
v -0.178566 -0.031059 0.043375
v -0.181062 -0.076637 0.045711
v -0.177312 0.013425 0.059614
v -0.183265 0.032104 0.033424
v -0.181003 -0.002559 0.018698
v -0.179992 0.004867 0.038824
v -0.175955 -0.113563 0.088264
v -0.162198 -0.048722 0.108010
v -0.169824 -0.012404 0.085082
v -0.170808 -0.058629 0.087824
v -0.175981 0.051008 0.073523
v -0.172218 0.023582 0.079944
v -0.193434 -0.256088 0.089985
v -0.173264 -0.169799 0.108856
v -0.183772 -0.179994 0.089173
v -0.168480 -0.236812 0.129013
v -0.143920 -0.149822 0.144079
v -0.153688 -0.093657 0.126692
v -0.160083 -0.159695 0.127205
v -0.151051 -0.038080 0.125917
v -0.191942 -0.326103 0.109381
v -0.186502 -0.395641 0.126945
v -0.160742 -0.309003 0.146314
v -0.177696 -0.317215 0.128469
v -0.149349 -0.382660 0.161220
v -0.117452 -0.294982 0.176877
v -0.132090 -0.219071 0.162590
v -0.140848 -0.301706 0.162536
v -0.103745 -0.133821 0.170620
v -0.124953 -0.141514 0.158649
v -0.097555 -0.372806 0.188387
v -0.084715 -0.205284 0.186663
v -0.090945 -0.289442 0.188421
v -0.080196 -0.127029 0.180379
v -0.174263 -0.461116 0.142589
v -0.156806 -0.526527 0.156076
v -0.128993 -0.454017 0.172504
v -0.153679 -0.457282 0.158368
v -0.100541 -0.451213 0.184508
v -0.205407 -0.470844 0.105988
v -0.196176 -0.531727 0.124040
v -0.191466 -0.465763 0.124866
v -0.213023 -0.593913 0.105042
v -0.201644 -0.646232 0.124378
v -0.181494 -0.591017 0.140823
v -0.199095 -0.592189 0.123970
v -0.160184 -0.590619 0.155259
v -0.221334 -0.539209 0.084164
v -0.231408 -0.599297 0.061281
v -0.225615 -0.647605 0.084456
v -0.223712 -0.596539 0.084038
v -0.235153 -0.693468 0.061133
v -0.217996 -0.693427 0.105548
v -0.227988 -0.693324 0.084564
v -0.204948 -0.693772 0.123936
v -0.234563 -0.548383 0.037825
v -0.238993 -0.605469 0.011366
v -0.238079 -0.650519 0.036490
v -0.236476 -0.602425 0.036813
v -0.242331 -0.694020 0.009525
v -0.239854 -0.693702 0.036029
v -0.236861 -0.557632 -0.012116
v -0.236149 -0.612009 -0.039372
v -0.240811 -0.653947 -0.016220
v -0.238935 -0.608764 -0.014236
v -0.239875 -0.696402 -0.044146
v -0.242477 -0.695038 -0.017632
v -0.232732 -0.658791 -0.066196
v -0.230603 -0.615418 -0.063000
v -0.226434 -0.699891 -0.090952
v -0.234474 -0.698330 -0.068886
v -0.233141 -0.495363 0.015695
v -0.233128 -0.501394 -0.008668
v -0.224793 -0.482937 0.063164
v -0.224994 -0.426275 0.042226
v -0.230358 -0.489222 0.039660
v -0.212321 -0.345073 0.067184
v -0.218235 -0.354171 0.044802
v -0.211335 -0.410927 0.086722
v -0.216573 -0.476755 0.085114
v -0.203552 -0.335567 0.088935
v -0.187941 0.046679 0.009970
v -0.189922 0.059761 -0.009601
v -0.183708 0.039982 -0.023969
v -0.182437 0.020590 -0.003971
v -0.186309 0.042406 -0.007275
v -0.177696 -0.011243 -0.017448
v -0.180164 -0.007540 -0.000037
v -0.185036 0.061377 0.046890
v -0.191743 0.069715 0.023625
v -0.187421 0.053161 0.028086
v -0.196205 0.090819 0.033916
v -0.201545 0.093253 0.012425
v -0.197093 0.077082 0.002834
v -0.197358 0.082808 0.018224
v -0.187459 0.088088 0.057339
v -0.180769 0.071525 0.065671
v -0.198541 0.112059 0.040173
v -0.193362 0.101157 0.048888
v -0.205724 0.096238 -0.005386
v -0.207939 0.100792 -0.021641
v -0.202852 0.093796 -0.033271
v -0.200404 0.084921 -0.016389
v -0.204521 0.093704 -0.019318
v -0.193237 0.072774 -0.028094
v -0.195632 0.073737 -0.012714
v -0.205263 0.109597 0.021114
v -0.209171 0.108801 0.004152
v -0.205568 0.101722 0.007650
v -0.214508 0.120271 0.014468
v -0.218420 0.117405 0.000057
v -0.213506 0.107869 -0.010030
v -0.213694 0.113523 0.002025
v -0.208932 0.126674 0.029257
v -0.203520 0.120421 0.033889
v -0.219602 0.134074 0.023051
v -0.214343 0.130773 0.025871
v -0.223603 0.114571 -0.012622
v -0.229375 0.115323 -0.025770
v -0.221694 0.113068 -0.036723
v -0.217053 0.109645 -0.023685
v -0.222592 0.112755 -0.024627
v -0.211101 0.106030 -0.035554
v -0.212373 0.105719 -0.022681
v -0.224775 0.126445 0.010118
v -0.230422 0.122815 -0.003138
v -0.223848 0.120270 -0.001528
v -0.226291 0.121114 -0.050066
v -0.213135 0.114755 -0.049107
v -0.219057 0.118170 -0.049393
v -0.204654 0.116782 -0.061597
v -0.203063 0.104972 -0.048637
v -0.207847 0.110439 -0.048827
v -0.194229 0.122004 -0.075033
v -0.200252 0.127643 -0.074265
v -0.180886 0.125903 -0.088360
v -0.182864 0.101736 -0.076689
v -0.195029 0.103127 -0.062118
v -0.188158 0.113298 -0.075812
v -0.194629 0.087049 -0.046705
v -0.199224 0.097018 -0.048111
v -0.167487 0.097833 -0.089922
v -0.170654 0.068492 -0.072667
v -0.185082 0.079043 -0.059607
v -0.177045 0.086709 -0.075548
v -0.183238 0.058778 -0.041243
v -0.189983 0.074572 -0.044002
v -0.152931 0.053488 -0.083695
v -0.160555 0.020522 -0.067345
v -0.172622 0.041909 -0.055228
v -0.163641 0.046506 -0.069674
v -0.175232 0.016694 -0.037223
v -0.178958 0.039903 -0.039766
v -0.149070 -0.008899 -0.077162
v -0.160376 -0.051765 -0.060105
v -0.167649 -0.013234 -0.049142
v -0.159532 -0.011663 -0.063701
v -0.173705 -0.050623 -0.030245
v -0.173515 -0.012805 -0.033701
v -0.155231 -0.103028 -0.074641
v -0.172555 -0.164520 -0.064423
v -0.173364 -0.102133 -0.046252
v -0.165432 -0.103039 -0.061140
v -0.178952 -0.099319 -0.030104
v -0.137449 -0.048098 -0.085196
v -0.127056 -0.099957 -0.097251
v -0.148346 -0.165473 -0.091360
v -0.142311 -0.102032 -0.086917
v -0.137459 -0.238768 -0.107017
v -0.159714 -0.316818 -0.102578
v -0.168718 -0.237715 -0.083770
v -0.154270 -0.238425 -0.096702
v -0.180436 -0.235673 -0.069003
v -0.114340 -0.163131 -0.109369
v -0.097193 -0.237509 -0.118875
v -0.122404 -0.316965 -0.120104
v -0.118358 -0.238561 -0.114244
v -0.105757 -0.391547 -0.135503
v -0.134303 -0.461024 -0.138616
v -0.149328 -0.392863 -0.122812
v -0.128546 -0.392483 -0.130512
v -0.167659 -0.392390 -0.111999
v -0.077119 -0.314691 -0.127486
v -0.054793 -0.389498 -0.139668
v -0.085124 -0.458863 -0.147136
v -0.081029 -0.390357 -0.138331
v -0.060611 -0.517119 -0.153243
v -0.092549 -0.571128 -0.153813
v -0.115171 -0.519636 -0.148005
v -0.088831 -0.518254 -0.151332
v -0.139101 -0.520822 -0.142545
v -0.029040 -0.457153 -0.149357
v 0.004521 -0.516191 -0.155012
v -0.032182 -0.569767 -0.156488
v -0.030575 -0.516496 -0.154197
v 0.005806 -0.619926 -0.159394
v -0.034382 -0.663014 -0.160490
v -0.065860 -0.619672 -0.157843
v -0.033752 -0.619799 -0.158616
v -0.095439 -0.619865 -0.155899
v 0.004953 -0.701616 -0.163178
v -0.034310 -0.701569 -0.161993
v -0.026291 -0.312513 -0.129480
v 0.004908 -0.388196 -0.140759
v -0.027511 -0.388807 -0.140098
v -0.049896 -0.234201 -0.123613
v -0.023949 -0.155158 -0.120284
v 0.003544 -0.231985 -0.124784
v -0.024895 -0.233137 -0.124464
v -0.045882 -0.087518 -0.116440
v -0.021330 -0.025617 -0.116260
v 0.001203 -0.084184 -0.117469
v -0.022752 -0.085689 -0.117363
v -0.040826 0.024664 -0.121499
v 0.000915 0.027987 -0.123496
v -0.019916 0.026704 -0.122929
v -0.071681 -0.158867 -0.117652
v -0.089753 -0.092964 -0.110945
v -0.064793 -0.030689 -0.113432
v -0.068245 -0.090259 -0.114552
v -0.082767 0.015885 -0.114569
v -0.062103 0.020937 -0.119069
v -0.104794 -0.039899 -0.103642
v -0.109369 -0.096519 -0.105309
v -0.120299 0.001715 -0.099670
v -0.102286 0.008936 -0.108226
v -0.074108 -0.235806 -0.121855
v -0.136099 0.032315 -0.093393
v -0.135913 -0.004339 -0.089311
v -0.147016 0.091129 -0.102057
v -0.139767 0.063608 -0.096586
v -0.163003 0.132048 -0.102036
v -0.154738 0.114154 -0.103392
v -0.172694 0.143636 -0.099560
v -0.225787 0.147399 0.031774
v -0.231485 0.138687 0.018935
v -0.225002 0.136643 0.020741
v -0.216389 -0.701086 -0.109555
v -0.232305 0.163244 0.038083
v -0.225679 0.161574 0.040117
v -0.123974 0.278615 -0.063633
v -0.139623 0.273483 -0.066975
v -0.096368 0.292335 -0.034109
v -0.108316 0.288462 -0.047657
v -0.109804 0.289850 -0.037266
v -0.091753 0.291532 -0.053119
v -0.106723 0.285424 -0.058572
v -0.089724 0.293507 -0.023299
v -0.083380 0.295789 -0.031412
v -0.084904 0.295365 -0.040780
v -0.087484 0.294513 -0.032167
v -0.077581 0.298027 -0.048258
v -0.081948 0.295793 -0.049553
v -0.087999 0.293280 -0.014588
v -0.092006 0.292468 -0.014848
v -0.148249 0.280510 0.017670
v -0.034426 0.294506 -0.079891
v -0.036658 0.286323 -0.085832
v 0.160948 0.241476 0.053513
v 0.173441 0.260127 0.039200
v 0.154207 0.271360 0.030776
v 0.136578 0.258028 0.044574
v 0.155864 0.258279 0.042248
v 0.119977 0.273282 0.032341
v 0.104509 0.267930 0.041593
v 0.114570 0.248227 0.056372
v 0.117673 0.262450 0.043957
v 0.154500 0.216170 0.069125
v 0.181196 0.204460 0.065871
v 0.185463 0.227988 0.056260
v 0.170456 0.223526 0.061729
v 0.095516 0.245021 0.062538
v 0.094873 0.215558 0.083882
v 0.123599 0.219630 0.074890
v 0.106532 0.232918 0.069134
v 0.127226 0.184711 0.093674
v 0.154487 0.183298 0.081804
v 0.141012 0.202776 0.080412
v 0.062121 0.175900 -0.126589
v 0.037580 0.226219 -0.115374
v 0.049028 0.265820 -0.096072
v 0.075129 0.228672 -0.111110
v 0.056457 0.226587 -0.114029
v 0.114858 0.135972 -0.121041
v 0.128606 0.077495 -0.110853
v 0.106058 0.052238 -0.115085
v 0.086722 0.112482 -0.126047
v 0.109178 0.094937 -0.120237
v 0.064397 0.069446 -0.125909
v 0.041714 0.124298 -0.131453
v 0.063870 0.120647 -0.129654
v 0.075352 0.273058 -0.087731
v 0.102199 0.255924 -0.093377
v 0.108514 0.205082 -0.114859
v 0.090839 0.241705 -0.103877
v 0.142288 0.186943 -0.112127
v 0.144118 0.135878 -0.113037
v 0.127440 0.166338 -0.118264
v 0.057033 0.175545 0.116901
v 0.027755 0.184970 0.112982
v 0.033756 0.139866 0.139937
v 0.030464 0.164537 0.126352
v 0.092654 0.178380 0.108447
v 0.069589 0.212483 0.090116
v 0.078410 0.195622 0.100667
v 0.098269 0.135468 0.131237
v 0.130102 0.147441 0.110608
v 0.111746 0.163612 0.109583
v 0.091197 0.284390 -0.070981
v 0.110542 0.279291 -0.067829
v 0.126565 0.253371 -0.088219
v 0.107597 0.269490 -0.080603
v 0.144736 0.262564 -0.077553
v 0.162400 0.240726 -0.090144
v 0.149111 0.221712 -0.101711
v 0.145556 0.245191 -0.090326
v 0.172008 0.196725 -0.103150
v 0.167765 0.165828 -0.106548
v 0.158095 0.193675 -0.107419
v 0.073946 0.290601 -0.071683
v 0.055183 0.285746 -0.081267
v 0.061184 0.294637 -0.072337
v 0.065308 0.288035 -0.076889
v 0.076037 0.297254 -0.061782
v 0.085539 0.294768 -0.055876
v 0.080684 0.293108 -0.064365
v 0.047169 0.208028 0.095922
v 0.024491 0.203780 0.099066
v 0.025857 0.197973 0.103373
v 0.047048 -0.777350 0.184109
v 0.084756 -0.765884 0.180056
v 0.048668 -0.741989 0.186573
v 0.048029 -0.767060 0.185082
v 0.016501 0.295270 -0.080852
v 0.030591 0.285789 -0.085305
v 0.018249 0.266541 -0.098271
v 0.017003 0.286872 -0.086423
v 0.042865 -0.734374 -0.165102
v 0.078013 -0.758365 -0.163904
v 0.043406 -0.772418 -0.165364
v 0.043400 -0.759139 -0.165591
v 0.078970 0.238509 0.070298
v 0.063395 0.229144 0.079224
v 0.064781 0.223634 0.082841
v 0.371061 0.211747 -0.088828
v 0.355778 0.226696 -0.086468
v 0.369038 0.239260 -0.080389
v 0.376783 0.225006 -0.084721
v 0.370197 0.225577 -0.085255
v 0.378052 0.198508 -0.089997
v 0.371557 0.185309 -0.090280
v 0.356958 0.198972 -0.092150
v 0.371387 0.198749 -0.090610
v 0.020139 0.178995 -0.128392
v 0.019479 0.227718 -0.115951
v 0.021197 0.075519 -0.129411
v 0.020735 0.126056 -0.132036
v 0.086106 0.255310 0.056015
v 0.094215 0.262342 0.048765
v 0.088922 0.252046 0.058280
v 0.098867 0.278951 0.029700
v 0.092885 0.273231 0.038288
v 0.096518 0.271570 0.039459
v 0.108584 0.282364 0.021541
v 0.100915 0.287905 0.011906
v 0.096605 0.285097 0.020074
v 0.100370 0.284107 0.020657
v 0.137470 0.279593 0.021765
v 0.121743 0.285405 0.012641
v 0.121466 0.280514 0.022204
v 0.108851 0.289049 0.004185
v 0.099625 0.291614 -0.003601
v 0.096698 0.291151 0.003840
v 0.100590 0.290333 0.004037
v 0.136040 0.287749 0.003074
v 0.120008 0.289328 -0.004664
v 0.121250 0.288068 0.003977
v 0.152471 0.284958 0.010965
v 0.165789 0.287797 0.000558
v 0.149158 0.288515 -0.007589
v 0.151181 0.287580 0.001804
v 0.133066 0.289144 -0.015702
v 0.117068 0.290185 -0.023667
v 0.106542 0.291109 -0.012301
v 0.118577 0.289981 -0.013801
v 0.161959 0.287597 -0.019501
v 0.145948 0.287105 -0.028665
v 0.147470 0.288274 -0.017721
v 0.177103 0.288576 -0.010488
v 0.186766 0.287315 -0.022858
v 0.173821 0.284808 -0.032192
v 0.175326 0.287318 -0.021055
v 0.159996 0.282307 -0.042218
v 0.144836 0.280147 -0.052088
v 0.130382 0.287131 -0.037338
v 0.145198 0.284555 -0.040129
v 0.184332 0.279839 -0.045559
v 0.172538 0.274898 -0.055559
v 0.173152 0.280795 -0.043812
v 0.195048 0.284111 -0.035983
v 0.204351 0.278511 -0.049329
v 0.193090 0.272273 -0.058611
v 0.194120 0.279184 -0.047383
v 0.183362 0.264455 -0.068304
v 0.173240 0.254784 -0.078633
v 0.159974 0.269206 -0.066695
v 0.172683 0.266531 -0.067529
v 0.203184 0.261387 -0.070307
v 0.193777 0.250540 -0.078680
v 0.192946 0.262896 -0.069174
v 0.185750 0.236223 -0.087588
v 0.178275 0.218636 -0.096332
v 0.175161 0.238052 -0.088780
v 0.205360 0.232641 -0.087362
v 0.197389 0.216275 -0.093429
v 0.195263 0.234506 -0.087148
v 0.191697 0.198152 -0.097536
v 0.187714 0.176462 -0.099192
v 0.182708 0.198068 -0.099859
v 0.209241 0.197164 -0.095541
v 0.203221 0.178749 -0.095370
v 0.200017 0.197461 -0.096169
v 0.200418 0.159956 -0.092068
v 0.198915 0.140327 -0.085569
v 0.185738 0.152669 -0.096552
v 0.193365 0.157135 -0.094022
v 0.215614 0.163527 -0.090212
v 0.211778 0.146664 -0.083360
v 0.207314 0.161940 -0.090871
v 0.222942 0.180404 -0.094431
v 0.238734 0.166186 -0.090200
v 0.229676 0.151009 -0.082927
v 0.226132 0.164927 -0.090039
v 0.223208 0.138640 -0.073126
v 0.219260 0.124919 -0.061531
v 0.209328 0.132926 -0.073906
v 0.215583 0.136068 -0.073304
v 0.244655 0.142723 -0.073874
v 0.235684 0.130069 -0.062320
v 0.232847 0.140837 -0.073362
v 0.383270 0.140546 -0.059701
v 0.377042 0.134594 -0.050500
v 0.362704 0.136799 -0.059822
v 0.375447 0.145145 -0.068512
v 0.376292 0.139277 -0.059850
v 0.384540 0.137791 -0.041192
v 0.378660 0.135345 -0.030809
v 0.364443 0.131260 -0.039976
v 0.377775 0.134235 -0.040896
v 0.386129 0.142474 -0.021486
v 0.380550 0.144488 -0.010481
v 0.366323 0.136769 -0.019207
v 0.379702 0.139652 -0.020819
v 0.387439 0.155501 -0.001935
v 0.381294 0.162477 0.008598
v 0.367577 0.150440 0.001544
v 0.381135 0.152705 -0.000793
v 0.387392 0.176494 0.014719
v 0.379875 0.189098 0.022436
v 0.367386 0.173702 0.019173
v 0.380992 0.174955 0.016270
v 0.384082 0.204199 0.023801
v 0.374034 0.219370 0.024909
v 0.363713 0.204306 0.028458
v 0.377183 0.204336 0.025547
v 0.378701 0.231629 0.019866
v 0.369047 0.246674 0.015003
v 0.357850 0.234503 0.023718
v 0.371426 0.233317 0.021207
v 0.374370 0.255979 0.005922
v 0.365845 0.268129 -0.002083
v 0.354069 0.260619 0.008806
v 0.367220 0.258772 0.006811
v 0.371442 0.272364 -0.011350
v 0.364079 0.277953 -0.019157
v 0.352132 0.276590 -0.009275
v 0.364859 0.274411 -0.010821
v 0.369800 0.276802 -0.027701
v 0.363006 0.278513 -0.035739
v 0.350807 0.281457 -0.026286
v 0.363434 0.279141 -0.027362
v 0.369698 0.274322 -0.044674
v 0.363833 0.272716 -0.052870
v 0.350033 0.278637 -0.043884
v 0.363072 0.276362 -0.044448
v 0.371856 0.266215 -0.060831
v 0.366376 0.260384 -0.068267
v 0.351472 0.269431 -0.060967
v 0.365160 0.267495 -0.060855
v 0.374417 0.249879 -0.074428
v 0.353615 0.252603 -0.075536
v 0.367692 0.251069 -0.074709
v 0.198525 0.289191 -0.014114
v 0.190799 0.288961 -0.002481
v 0.202860 0.287527 0.004737
v 0.210404 0.289639 -0.006416
v 0.200700 0.289393 -0.004373
v 0.206727 0.287318 -0.026933
v 0.196665 0.287377 -0.024797
v 0.195535 0.282202 0.015603
v 0.207426 0.275109 0.022628
v 0.214834 0.283216 0.011648
v 0.205388 0.282802 0.013645
v 0.181438 0.286241 0.008377
v 0.169720 0.280269 0.019268
v 0.185764 0.273493 0.026972
v 0.183710 0.281361 0.017570
v 0.179300 0.288378 -0.000788
v 0.200256 0.262928 0.033877
v 0.213031 0.249320 0.039895
v 0.219284 0.264277 0.029578
v 0.209936 0.263649 0.031629
v 0.192742 0.246763 0.045505
v 0.188431 0.261683 0.036519
v 0.208423 0.232249 0.048966
v 0.221044 0.216158 0.050664
v 0.225226 0.233969 0.044397
v 0.216744 0.233447 0.046418
v 0.204613 0.212987 0.056244
v 0.198315 0.230494 0.052266
v 0.218292 0.196322 0.053043
v 0.227865 0.179687 0.047397
v 0.232202 0.198386 0.048988
v 0.225096 0.197566 0.050800
v 0.200937 0.190806 0.059804
v 0.214495 0.175576 0.052268
v 0.210467 0.194051 0.055892
v 0.209064 0.155040 0.049234
v 0.216905 0.144039 0.037039
v 0.222577 0.161429 0.042711
v 0.216262 0.158764 0.045629
v 0.196272 0.166045 0.060507
v 0.191924 0.141162 0.060563
v 0.203821 0.134580 0.045549
v 0.200659 0.149194 0.054122
v 0.178017 0.176641 0.071221
v 0.190067 0.184830 0.064874
v 0.175110 0.146975 0.075732
v 0.176904 0.116533 0.080508
v 0.191587 0.115581 0.060496
v 0.184117 0.130372 0.069342
v 0.154590 0.150084 0.091768
v 0.165467 0.164837 0.079226
v 0.158773 0.114216 0.102047
v 0.163623 0.076343 0.104031
v 0.179071 0.085110 0.080438
v 0.170200 0.098979 0.093027
v 0.137555 0.105302 0.124965
v 0.145483 0.130671 0.107915
v 0.145867 0.059624 0.126516
v 0.157438 0.009002 0.118606
v 0.169103 0.035162 0.095370
v 0.158638 0.047175 0.112005
v 0.112381 0.085407 0.146330
v 0.127048 0.032629 0.146837
v 0.130545 0.072635 0.138280
v 0.108354 -0.007928 0.163391
v 0.129140 -0.075369 0.154870
v 0.143866 -0.028272 0.138653
v 0.127917 -0.018109 0.152238
v 0.084035 0.052586 0.161710
v 0.058769 0.008769 0.175761
v 0.087067 -0.059451 0.176882
v 0.085023 0.001122 0.171453
v 0.063033 0.103907 0.153426
v 0.089693 0.096861 0.150825
v 0.030716 0.062427 0.167495
v 0.032703 -0.049326 0.188448
v 0.031404 0.012868 0.178236
v 0.033019 0.104863 0.156443
v 0.036155 -0.197882 0.198600
v 0.062354 -0.121531 0.186375
v 0.034092 -0.118619 0.190922
v 0.040623 -0.366223 0.201883
v 0.070542 -0.283963 0.195750
v 0.038476 -0.281952 0.200019
v 0.045158 -0.523649 0.190834
v 0.077960 -0.448116 0.191410
v 0.043072 -0.447569 0.197357
v 0.047034 -0.653083 0.189838
v 0.081386 -0.591172 0.184244
v 0.045845 -0.592455 0.189536
v 0.085356 -0.701357 0.182715
v 0.048173 -0.703058 0.188087
v 0.116847 -0.648917 0.175486
v 0.142755 -0.589877 0.165672
v 0.111714 -0.523093 0.177067
v 0.114041 -0.590421 0.176092
v 0.120874 -0.738292 0.173234
v 0.149289 -0.697216 0.164146
v 0.119840 -0.699244 0.174498
v 0.176201 -0.733803 0.150816
v 0.194594 -0.693748 0.138285
v 0.170583 -0.646163 0.152969
v 0.174193 -0.695234 0.152168
v 0.150242 -0.762668 0.161851
v 0.175440 -0.771883 0.148903
v 0.197099 -0.759104 0.135720
v 0.176162 -0.760777 0.149590
v 0.118665 -0.774787 0.171265
v 0.119779 -0.764253 0.171994
v 0.213124 -0.769467 0.119489
v 0.226029 -0.756649 0.102316
v 0.212975 -0.730823 0.121154
v 0.213410 -0.757755 0.120171
v 0.235718 -0.767556 0.080629
v 0.242890 -0.755853 0.057183
v 0.235428 -0.730115 0.082047
v 0.235916 -0.756201 0.080984
v 0.247110 -0.767408 0.030929
v 0.249393 -0.755162 0.004183
v 0.246718 -0.729706 0.032780
v 0.247193 -0.755264 0.031305
v 0.249224 -0.769042 -0.024512
v 0.246543 -0.756812 -0.051023
v 0.248673 -0.729809 -0.021766
v 0.249228 -0.755821 -0.023809
v 0.241298 -0.771755 -0.078029
v 0.233430 -0.758469 -0.099104
v 0.240355 -0.731581 -0.074030
v 0.241172 -0.757861 -0.076680
v 0.224389 -0.772437 -0.118962
v 0.212160 -0.758527 -0.131470
v 0.222924 -0.733252 -0.115080
v 0.223895 -0.758665 -0.117537
v 0.198442 -0.771754 -0.142181
v 0.181249 -0.757227 -0.147860
v 0.196912 -0.733080 -0.139722
v 0.198056 -0.757902 -0.141151
v 0.161972 -0.771062 -0.153386
v 0.137494 -0.756923 -0.157409
v 0.159817 -0.731798 -0.152569
v 0.161317 -0.756977 -0.153171
v 0.110150 -0.771236 -0.161129
v 0.108455 -0.732429 -0.160634
v 0.109790 -0.757441 -0.161157
v 0.075982 -0.700348 -0.162507
v 0.105384 -0.661613 -0.158537
v 0.133957 -0.699316 -0.156193
v 0.106750 -0.699658 -0.159852
v 0.155712 -0.662036 -0.150423
v 0.177833 -0.700183 -0.145757
v 0.157670 -0.699661 -0.151750
v 0.130031 -0.619387 -0.153252
v 0.149909 -0.572383 -0.145864
v 0.173680 -0.620856 -0.141831
v 0.153493 -0.620172 -0.148562
v 0.193046 -0.662767 -0.135357
v 0.209424 -0.701114 -0.126855
v 0.194940 -0.700793 -0.137780
v 0.187428 -0.573178 -0.128619
v 0.205223 -0.620586 -0.120103
v 0.190885 -0.621134 -0.132469
v 0.165449 -0.520287 -0.135534
v 0.177933 -0.459358 -0.120121
v 0.198043 -0.518690 -0.111416
v 0.183088 -0.519938 -0.124914
v 0.214219 -0.570900 -0.100013
v 0.226997 -0.617590 -0.085773
v 0.219519 -0.661977 -0.108564
v 0.217230 -0.619535 -0.104537
v 0.205445 -0.455960 -0.089525
v 0.220407 -0.514257 -0.076478
v 0.210477 -0.516953 -0.095160
v 0.187275 -0.389177 -0.099158
v 0.192019 -0.311504 -0.075514
v 0.209584 -0.383771 -0.064756
v 0.199761 -0.386877 -0.082980
v 0.222988 -0.449095 -0.050120
v 0.233573 -0.505907 -0.033050
v 0.231861 -0.565550 -0.060585
v 0.228108 -0.510529 -0.055688
v 0.208848 -0.302957 -0.039008
v 0.222466 -0.374176 -0.023353
v 0.217162 -0.379484 -0.044693
v 0.194755 -0.230236 -0.054350
v 0.192523 -0.156245 -0.034195
v 0.205495 -0.220477 -0.017032
v 0.201301 -0.225944 -0.036281
v 0.216492 -0.290410 0.002681
v 0.225727 -0.360880 0.021589
v 0.231211 -0.438502 -0.004911
v 0.225364 -0.367782 -0.001125
v 0.197775 -0.145917 0.003320
v 0.207012 -0.206719 0.024167
v 0.207460 -0.213867 0.003132
v 0.188264 -0.093780 -0.015757
v 0.185282 -0.041671 0.000642
v 0.189452 -0.082688 0.022479
v 0.189840 -0.088914 0.002739
v 0.194428 -0.131023 0.044507
v 0.199012 -0.189307 0.066845
v 0.214267 -0.274360 0.046576
v 0.204154 -0.198578 0.045471
v 0.184134 -0.029671 0.040071
v 0.183287 -0.067705 0.064318
v 0.187302 -0.075662 0.043112
v 0.185380 -0.000756 0.015403
v 0.187328 0.033681 0.030553
v 0.181923 0.014458 0.056209
v 0.184522 0.006073 0.035493
v 0.175369 -0.012089 0.081655
v 0.168484 -0.048803 0.104861
v 0.182620 -0.113060 0.086413
v 0.176996 -0.058363 0.085110
v 0.180284 0.051976 0.071032
v 0.176872 0.024167 0.076636
v 0.180920 -0.169114 0.107275
v 0.200820 -0.255079 0.089222
v 0.191233 -0.179153 0.087710
v 0.160492 -0.093276 0.123931
v 0.152016 -0.149270 0.141770
v 0.176655 -0.236044 0.127476
v 0.167933 -0.159107 0.125303
v 0.157382 -0.038389 0.123021
v 0.168547 -0.307751 0.144794
v 0.193316 -0.394621 0.125828
v 0.198996 -0.325006 0.108671
v 0.185124 -0.316016 0.127471
v 0.140973 -0.218434 0.160292
v 0.125980 -0.293895 0.175284
v 0.156788 -0.381464 0.159385
v 0.149048 -0.300494 0.160783
v 0.112004 -0.133056 0.169138
v 0.133289 -0.140892 0.156579
v 0.093527 -0.204572 0.185490
v 0.105314 -0.371604 0.186537
v 0.099572 -0.288476 0.187299
v 0.088547 -0.126280 0.178846
v 0.137133 -0.452601 0.170076
v 0.164329 -0.525194 0.154158
v 0.181049 -0.459734 0.140831
v 0.161029 -0.455819 0.156253
v 0.109398 -0.449916 0.181953
v 0.202484 -0.530658 0.122495
v 0.211318 -0.470017 0.104861
v 0.197746 -0.464580 0.123581
v 0.188148 -0.590140 0.139078
v 0.207833 -0.645496 0.122696
v 0.218884 -0.593306 0.103676
v 0.205256 -0.591489 0.122443
v 0.167422 -0.589632 0.153315
v 0.231190 -0.647449 0.082950
v 0.236553 -0.599220 0.059994
v 0.226780 -0.538643 0.083091
v 0.229284 -0.596200 0.082687
v 0.223888 -0.692962 0.103731
v 0.240699 -0.693866 0.059171
v 0.233682 -0.693225 0.082695
v 0.211092 -0.693121 0.122087
v 0.243122 -0.650866 0.034998
v 0.243422 -0.605654 0.010071
v 0.239027 -0.548150 0.036753
v 0.241207 -0.602285 0.035710
v 0.247391 -0.694762 0.007611
v 0.245174 -0.694282 0.034145
v 0.245205 -0.654317 -0.017729
v 0.240127 -0.611952 -0.040649
v 0.240615 -0.557345 -0.013175
v 0.243074 -0.608707 -0.015555
v 0.244347 -0.696794 -0.046015
v 0.247150 -0.695698 -0.019626
v 0.236990 -0.658694 -0.067971
v 0.234683 -0.615083 -0.064319
v 0.231053 -0.699805 -0.093358
v 0.238880 -0.698501 -0.071110
v 0.236915 -0.494847 0.014900
v 0.236515 -0.500733 -0.009439
v 0.229535 -0.425435 0.041798
v 0.229584 -0.482508 0.062289
v 0.234599 -0.488793 0.038922
v 0.218227 -0.344082 0.066637
v 0.223380 -0.353014 0.044290
v 0.217181 -0.410091 0.086071
v 0.221891 -0.476075 0.084346
v 0.210105 -0.334455 0.088389
v 0.186373 0.022549 -0.007029
v 0.187911 0.041900 -0.027063
v 0.193990 0.062175 -0.012614
v 0.191931 0.048774 0.007036
v 0.190434 0.044407 -0.010338
v 0.182341 -0.009370 -0.020888
v 0.184661 -0.005722 -0.003353
v 0.195471 0.072050 0.021319
v 0.189446 0.063132 0.044728
v 0.191440 0.055130 0.025407
v 0.200257 0.079695 0.000474
v 0.203944 0.095492 0.010465
v 0.199160 0.093041 0.031926
v 0.200340 0.085254 0.016118
v 0.191258 0.089994 0.055351
v 0.185430 0.072859 0.064593
v 0.201207 0.113926 0.039045
v 0.196463 0.103153 0.047062
v 0.202933 0.087328 -0.018455
v 0.205344 0.095621 -0.034854
v 0.209967 0.102369 -0.023004
v 0.207843 0.098225 -0.007245
v 0.206682 0.095616 -0.021157
v 0.196780 0.075244 -0.030588
v 0.198906 0.076363 -0.015231
v 0.211309 0.110362 0.003029
v 0.207395 0.111527 0.019728
v 0.207649 0.103622 0.006026
v 0.215231 0.109388 -0.010990
v 0.220490 0.118800 -0.000768
v 0.216593 0.121893 0.013816
v 0.215746 0.115040 0.001089
v 0.211455 0.128506 0.028696
v 0.205871 0.122338 0.033057
v 0.221860 0.135875 0.022761
v 0.216779 0.132539 0.025422
v 0.218753 0.110900 -0.024384
v 0.223420 0.114041 -0.036915
v 0.231051 0.116071 -0.025969
v 0.225228 0.115649 -0.013100
v 0.224257 0.113744 -0.025048
v 0.213161 0.107304 -0.036334
v 0.214136 0.107158 -0.023674
v 0.232199 0.124081 -0.003400
v 0.226757 0.127780 0.009960
v 0.225716 0.121710 -0.002099
v 0.215589 0.115744 -0.049523
v 0.228437 0.121689 -0.050169
v 0.221367 0.118973 -0.049646
v 0.205760 0.106165 -0.049656
v 0.207659 0.117720 -0.062160
v 0.210404 0.111585 -0.049514
v 0.197764 0.122609 -0.075887
v 0.203567 0.128285 -0.074841
v 0.198038 0.104298 -0.063271
v 0.186195 0.102772 -0.077842
v 0.184902 0.126308 -0.088804
v 0.191773 0.113861 -0.076622
v 0.197645 0.089049 -0.048459
v 0.201933 0.098546 -0.049493
v 0.188545 0.080886 -0.061896
v 0.174322 0.069643 -0.075027
v 0.170940 0.098711 -0.091265
v 0.180517 0.088018 -0.077249
v 0.187500 0.060746 -0.044287
v 0.193538 0.076809 -0.046393
v 0.177063 0.043259 -0.058301
v 0.165070 0.021144 -0.070058
v 0.157110 0.053952 -0.086577
v 0.168189 0.047319 -0.072883
v 0.179585 0.018186 -0.040200
v 0.183428 0.041583 -0.043003
v 0.172368 -0.011722 -0.052388
v 0.165895 -0.050323 -0.063786
v 0.153712 -0.008266 -0.080141
v 0.164303 -0.010710 -0.066752
v 0.179413 -0.048640 -0.033841
v 0.178232 -0.011203 -0.037087
v 0.179198 -0.100460 -0.049291
v 0.178282 -0.162225 -0.067027
v 0.160727 -0.101536 -0.077919
v 0.171167 -0.101369 -0.064391
v 0.184736 -0.097485 -0.033179
v 0.153711 -0.163178 -0.093935
v 0.132142 -0.098265 -0.100109
v 0.142602 -0.047046 -0.088496
v 0.147669 -0.100172 -0.090053
v 0.173936 -0.235938 -0.085754
v 0.164838 -0.315266 -0.103734
v 0.142872 -0.236678 -0.108598
v 0.159659 -0.236247 -0.098426
v 0.185706 -0.233367 -0.070863
v 0.128220 -0.315115 -0.120801
v 0.102652 -0.235832 -0.119847
v 0.119153 -0.161188 -0.111287
v 0.123840 -0.236695 -0.115488
v 0.154287 -0.391477 -0.123429
v 0.139742 -0.459664 -0.139179
v 0.111892 -0.390317 -0.135817
v 0.134158 -0.391226 -0.130999
v 0.171977 -0.390798 -0.112756
v 0.091853 -0.457744 -0.147601
v 0.061631 -0.388712 -0.139861
v 0.083450 -0.313339 -0.127595
v 0.087688 -0.389344 -0.138560
v 0.121814 -0.518651 -0.148801
v 0.100329 -0.570307 -0.154458
v 0.068007 -0.516375 -0.154183
v 0.096053 -0.517331 -0.152166
v 0.144998 -0.519686 -0.143411
v 0.039886 -0.569354 -0.157835
v 0.035412 -0.456577 -0.149997
v 0.037722 -0.516022 -0.155400
v 0.073904 -0.618920 -0.158809
v 0.042275 -0.662564 -0.162160
v 0.041713 -0.619162 -0.160006
v 0.103549 -0.618894 -0.156625
v 0.042413 -0.700970 -0.163930
v 0.032291 -0.312001 -0.129601
v 0.033890 -0.388294 -0.140449
v 0.027647 -0.154466 -0.120460
v 0.055440 -0.233307 -0.124110
v 0.030077 -0.232462 -0.124740
v 0.023626 -0.025422 -0.116940
v 0.049178 -0.086897 -0.117242
v 0.025594 -0.085265 -0.117672
v 0.043857 0.024577 -0.122560
v 0.022059 0.026723 -0.123559
v 0.068526 -0.030157 -0.114980
v 0.094024 -0.091582 -0.112923
v 0.076090 -0.157327 -0.118674
v 0.072183 -0.088622 -0.115857
v 0.086997 0.015670 -0.116490
v 0.065702 0.020722 -0.120606
v 0.109542 -0.038787 -0.106144
v 0.114130 -0.094999 -0.107742
v 0.125051 0.001969 -0.102051
v 0.106987 0.008798 -0.110351
v 0.079787 -0.234469 -0.122609
v 0.140714 0.032320 -0.095812
v 0.140699 -0.003962 -0.092005
v 0.150487 0.091508 -0.103429
v 0.143896 0.063762 -0.099101
v 0.167119 0.132071 -0.102188
v 0.158471 0.114271 -0.103974
v 0.176853 0.143916 -0.099482
v 0.233491 0.140057 0.019401
v 0.228027 0.148963 0.032133
v 0.227180 0.138127 0.020893
v 0.221352 -0.700751 -0.112063
v 0.234684 0.164905 0.038794
v 0.228278 0.163445 0.040678
v 0.129074 0.278453 -0.061182
v 0.144827 0.273236 -0.064760
v 0.114041 0.288313 -0.044792
v 0.103020 0.292204 -0.031120
v 0.115547 0.289761 -0.034141
v 0.098402 0.291130 -0.050540
v 0.112326 0.285169 -0.055996
v 0.092046 0.295152 -0.038072
v 0.090389 0.295749 -0.028618
v 0.096361 0.293543 -0.020283
v 0.094457 0.294406 -0.029308
v 0.084827 0.297759 -0.045755
v 0.089136 0.295465 -0.047031
v 0.094236 0.293381 -0.011437
v 0.098190 0.292510 -0.011597
v 0.153864 0.279609 0.020635
v 0.041494 0.294023 -0.077385
v 0.043533 0.285623 -0.083337
v -0.228113 0.231747 -0.088152
v -0.212213 0.248363 -0.079239
v -0.215693 0.215786 -0.093306
v -0.213660 0.232777 -0.087365
v -0.231534 0.199108 -0.096176
v -0.217945 0.198830 -0.096031
v -0.254292 0.154884 -0.084477
v -0.267831 0.169771 -0.091172
v -0.248808 0.183502 -0.095298
v -0.251447 0.168357 -0.091166
v -0.258714 0.134257 -0.065045
v -0.272588 0.146202 -0.076199
v -0.256788 0.144489 -0.075459
v -0.237281 0.118190 -0.038868
v -0.246501 0.126293 -0.052465
v -0.235327 0.123850 -0.051095
v -0.238710 0.119183 -0.015623
v -0.248669 0.119977 -0.029053
v -0.237855 0.117863 -0.027313
v -0.239780 0.130522 0.006821
v -0.249899 0.126543 -0.006366
v -0.238897 0.124979 -0.004794
v -0.240654 0.150828 0.028054
v -0.250961 0.141600 0.015639
v -0.239971 0.140602 0.017259
v -0.240575 0.180035 0.042929
v -0.251599 0.165479 0.034410
v -0.240812 0.164531 0.036373
v -0.235555 0.215650 0.045803
v -0.249676 0.197809 0.044169
v -0.238521 0.197363 0.046230
v -0.229187 0.248839 0.035487
v -0.244141 0.233051 0.039793
v -0.232229 0.232951 0.041780
v -0.223708 0.274537 0.018378
v -0.238744 0.263180 0.025297
v -0.226267 0.263177 0.027329
v -0.219057 0.286739 0.000333
v -0.233689 0.282018 0.007214
v -0.221247 0.282216 0.009331
v -0.215326 0.287881 -0.018556
v -0.229869 0.288004 -0.011154
v -0.217019 0.288387 -0.008856
v -0.212610 0.282092 -0.039666
v -0.227406 0.285131 -0.031341
v -0.213887 0.285726 -0.028983
v -0.211071 0.269830 -0.060714
v -0.226031 0.276058 -0.052315
v -0.211863 0.276932 -0.050327
v -0.225809 0.259278 -0.071888
v -0.211137 0.260395 -0.070454
v 0.218892 0.213840 -0.093278
v 0.216407 0.247237 -0.080256
v 0.231566 0.230112 -0.088708
v 0.217469 0.231139 -0.087960
v 0.234134 0.197413 -0.095641
v 0.220667 0.197128 -0.095425
v 0.251038 0.182149 -0.094526
v 0.269788 0.168836 -0.090255
v 0.256078 0.154185 -0.083669
v 0.253432 0.167392 -0.090303
v 0.274402 0.146028 -0.075384
v 0.260579 0.134068 -0.064442
v 0.258608 0.144192 -0.074735
v 0.248353 0.126407 -0.052133
v 0.238995 0.118722 -0.038777
v 0.237248 0.124257 -0.051010
v 0.250409 0.120381 -0.028849
v 0.240305 0.120007 -0.015642
v 0.239519 0.118532 -0.027385
v 0.251616 0.127524 -0.006178
v 0.241490 0.131705 0.007147
v 0.240620 0.126037 -0.004773
v 0.252904 0.142847 0.016429
v 0.242728 0.152077 0.028826
v 0.241867 0.141810 0.017882
v 0.253972 0.166900 0.035276
v 0.243122 0.181530 0.043818
v 0.243139 0.165959 0.037197
v 0.252154 0.199259 0.045201
v 0.237980 0.217050 0.046721
v 0.241036 0.198808 0.047092
v 0.246519 0.234186 0.040429
v 0.232091 0.249904 0.035958
v 0.234811 0.234190 0.042429
v 0.241735 0.264112 0.025610
v 0.227479 0.275581 0.018709
v 0.229650 0.264220 0.027696
v 0.237226 0.282961 0.007346
v 0.223102 0.287817 0.000591
v 0.225221 0.283238 0.009592
v 0.233482 0.289136 -0.011127
v 0.219521 0.289103 -0.018539
v 0.221144 0.289551 -0.008673
v 0.231207 0.286266 -0.031708
v 0.216936 0.283149 -0.040374
v 0.218142 0.286947 -0.029301
v 0.229913 0.276580 -0.053287
v 0.215404 0.270040 -0.061936
v 0.216209 0.277642 -0.051369
v 0.229718 0.258696 -0.072990
v 0.215467 0.259942 -0.071649
v -0.262235 0.231081 -0.088912
v -0.243427 0.246243 -0.081359
v -0.245700 0.215305 -0.093903
v -0.244407 0.231233 -0.088728
v -0.264303 0.200353 -0.095970
v -0.247090 0.199669 -0.096187
v -0.261768 0.122008 -0.042395
v -0.275908 0.129581 -0.055620
v -0.260220 0.127755 -0.054099
v -0.263158 0.122167 -0.019363
v -0.278155 0.122767 -0.033145
v -0.262319 0.121361 -0.031055
v -0.264375 0.132681 0.003186
v -0.279751 0.128132 -0.010602
v -0.263669 0.127389 -0.008377
v -0.264954 0.152397 0.024145
v -0.280533 0.142520 0.011421
v -0.264638 0.142118 0.013660
v -0.264900 0.181336 0.038976
v -0.280688 0.166656 0.030034
v -0.265062 0.165977 0.032298
v -0.260878 0.216141 0.041667
v -0.278420 0.199168 0.039797
v -0.263308 0.198220 0.042063
v -0.255665 0.248912 0.031475
v -0.273843 0.233143 0.035367
v -0.258349 0.233018 0.037800
v -0.250741 0.274139 0.014157
v -0.269373 0.262680 0.020582
v -0.253299 0.262980 0.023254
v -0.245940 0.286065 -0.004355
v -0.264100 0.281014 0.002028
v -0.248064 0.281689 0.004875
v -0.243674 0.286877 -0.023434
v -0.260971 0.286639 -0.016501
v -0.244469 0.287543 -0.013649
v -0.242320 0.280679 -0.044069
v -0.260182 0.283595 -0.036200
v -0.242981 0.284495 -0.033732
v -0.241982 0.267943 -0.064020
v -0.259640 0.274488 -0.056055
v -0.242126 0.275293 -0.054259
v -0.260326 0.257823 -0.074185
v -0.242395 0.258379 -0.073107
v 0.248514 0.213525 -0.093920
v 0.246879 0.245127 -0.082244
v 0.265278 0.229660 -0.089277
v 0.247591 0.229689 -0.089250
v 0.266791 0.198764 -0.095372
v 0.249594 0.197952 -0.095675
v 0.277745 0.129878 -0.055089
v 0.263571 0.122175 -0.041917
v 0.262005 0.128009 -0.053642
v 0.280059 0.123226 -0.032697
v 0.264896 0.122862 -0.019120
v 0.264064 0.121914 -0.030772
v 0.281696 0.129132 -0.010299
v 0.266268 0.133797 0.003714
v 0.265482 0.128350 -0.008095
v 0.282723 0.143820 0.012172
v 0.267241 0.153800 0.025095
v 0.266698 0.143410 0.014451
v 0.283285 0.168364 0.030947
v 0.267421 0.182927 0.039917
v 0.267538 0.167544 0.033228
v 0.280930 0.200620 0.040643
v 0.263089 0.217490 0.042499
v 0.265708 0.199746 0.043070
v 0.276049 0.234348 0.035925
v 0.258071 0.249938 0.031819
v 0.260570 0.234184 0.038340
v 0.271995 0.263648 0.020889
v 0.253812 0.275106 0.014276
v 0.256096 0.263931 0.023490
v 0.267118 0.281949 0.002202
v 0.249193 0.287091 -0.004347
v 0.251166 0.282705 0.004881
v 0.264024 0.287623 -0.016420
v 0.247037 0.287975 -0.023580
v 0.247782 0.288627 -0.013706
v 0.263304 0.284434 -0.036398
v 0.245785 0.281457 -0.044713
v 0.246383 0.285529 -0.034111
v 0.262811 0.274749 -0.056679
v 0.245520 0.267870 -0.065046
v 0.245623 0.275698 -0.055122
v 0.263603 0.257231 -0.074909
v 0.245948 0.257795 -0.074117
v -0.288803 0.158131 -0.085316
v -0.309626 0.171871 -0.091143
v -0.284875 0.185432 -0.095080
v -0.286656 0.170984 -0.091372
v -0.292441 0.138012 -0.067399
v -0.313070 0.149404 -0.077566
v -0.290762 0.147950 -0.077106
v 0.287077 0.184339 -0.094250
v 0.311638 0.171101 -0.090312
v 0.290688 0.157646 -0.084345
v 0.288622 0.170101 -0.090466
v 0.314947 0.149166 -0.076763
v 0.294295 0.138128 -0.066763
v 0.292624 0.147742 -0.076211
v -0.306353 0.230189 -0.088939
v -0.281417 0.245359 -0.082657
v -0.283249 0.215557 -0.093775
v -0.282333 0.230797 -0.089179
v -0.307665 0.200834 -0.095354
v -0.283989 0.200792 -0.095853
v -0.295464 0.125317 -0.046038
v -0.315781 0.132983 -0.058407
v -0.293940 0.131329 -0.057153
v -0.297612 0.124582 -0.023752
v -0.318090 0.125868 -0.036923
v -0.296473 0.124257 -0.035161
v -0.298829 0.134076 -0.001333
v -0.319790 0.130721 -0.014847
v -0.298338 0.129155 -0.012849
v -0.298689 0.153923 0.019230
v -0.320134 0.144795 0.006765
v -0.298823 0.143372 0.009069
v -0.297653 0.183427 0.034034
v -0.319297 0.169216 0.024950
v -0.298425 0.167803 0.027473
v -0.292839 0.217694 0.036724
v -0.316620 0.201676 0.034556
v -0.295341 0.200432 0.037315
v -0.289249 0.248562 0.026210
v -0.312610 0.234039 0.029588
v -0.290816 0.233743 0.032685
v -0.286415 0.272709 0.008280
v -0.309763 0.261673 0.014183
v -0.287742 0.262112 0.017630
v -0.283472 0.284003 -0.010412
v -0.307619 0.278750 -0.004554
v -0.284858 0.279930 -0.001211
v -0.281075 0.284557 -0.028973
v -0.305352 0.283939 -0.022555
v -0.282140 0.285294 -0.019569
v -0.279061 0.278765 -0.048471
v -0.302915 0.281253 -0.041192
v -0.279847 0.282370 -0.038774
v -0.279422 0.266523 -0.066978
v -0.302568 0.272657 -0.059625
v -0.279100 0.273623 -0.057928
v -0.304113 0.256327 -0.075960
v -0.280181 0.257229 -0.075257
v 0.285999 0.214126 -0.093603
v 0.284511 0.244396 -0.083199
v 0.309290 0.229197 -0.089053
v 0.285321 0.229577 -0.089419
v 0.310198 0.199748 -0.094743
v 0.286467 0.199414 -0.095240
v 0.317740 0.133275 -0.057925
v 0.297346 0.125843 -0.045586
v 0.295810 0.131713 -0.056614
v 0.320145 0.126630 -0.036604
v 0.299574 0.125453 -0.023512
v 0.298423 0.124951 -0.034795
v 0.321954 0.131781 -0.014722
v 0.300955 0.135230 -0.001022
v 0.300407 0.130255 -0.012570
v 0.322530 0.146146 0.007238
v 0.301222 0.155522 0.020028
v 0.301119 0.144705 0.009638
v 0.322071 0.170921 0.025671
v 0.300372 0.185181 0.034892
v 0.301134 0.169558 0.028285
v 0.319168 0.203281 0.035320
v 0.295103 0.219127 0.037475
v 0.297816 0.202081 0.038159
v 0.314865 0.235255 0.030134
v 0.291540 0.249645 0.026638
v 0.293029 0.234973 0.033224
v 0.312297 0.262637 0.014644
v 0.289164 0.273606 0.008620
v 0.290299 0.263087 0.018033
v 0.310310 0.279557 -0.004164
v 0.286284 0.284865 -0.010131
v 0.287671 0.280787 -0.000911
v 0.308039 0.284752 -0.022171
v 0.283931 0.285392 -0.028832
v 0.284965 0.286175 -0.019318
v 0.305645 0.281884 -0.041076
v 0.282015 0.279275 -0.048686
v 0.282753 0.283093 -0.038819
v 0.305392 0.272849 -0.059769
v 0.282490 0.266415 -0.067502
v 0.282100 0.273834 -0.058330
v 0.307101 0.255915 -0.076271
v 0.283318 0.256756 -0.075834
v -0.335740 0.160005 -0.085263
v -0.355944 0.172542 -0.089580
v -0.332819 0.185734 -0.093847
v -0.334053 0.171987 -0.090657
v -0.338389 0.140810 -0.069103
v -0.358669 0.151390 -0.077697
v -0.337173 0.150091 -0.077924
v 0.335144 0.184971 -0.093144
v 0.358141 0.172029 -0.088898
v 0.337696 0.159548 -0.084605
v 0.336150 0.171368 -0.089967
v 0.360727 0.151298 -0.077173
v 0.340345 0.140947 -0.068686
v 0.339151 0.149919 -0.077304
v -0.330028 0.243002 -0.082490
v -0.331863 0.214266 -0.092352
v -0.331023 0.228897 -0.088220
v -0.332339 0.200307 -0.094402
v -0.340638 0.128619 -0.049124
v -0.339477 0.134294 -0.059551
v -0.342362 0.128302 -0.027654
v -0.341422 0.127766 -0.038663
v -0.343561 0.137870 -0.005948
v -0.343101 0.132821 -0.016968
v -0.343426 0.157038 0.014021
v -0.343658 0.146690 0.004073
v -0.342301 0.185920 0.028337
v -0.343048 0.170556 0.021994
v -0.337806 0.218988 0.030559
v -0.340374 0.202449 0.031361
v -0.333845 0.248201 0.019790
v -0.335594 0.234140 0.026391
v -0.331168 0.270957 0.001699
v -0.332330 0.260979 0.011131
v -0.329439 0.281421 -0.016380
v -0.330286 0.277623 -0.007486
v -0.327663 0.282047 -0.033961
v -0.328545 0.282681 -0.025102
v -0.326607 0.276370 -0.052090
v -0.326805 0.279949 -0.043128
v -0.327973 0.264099 -0.068786
v -0.327212 0.271195 -0.060711
v -0.328949 0.254802 -0.076052
v 0.334655 0.213360 -0.092063
v 0.333006 0.242395 -0.082643
v 0.333950 0.228084 -0.088198
v 0.334925 0.199407 -0.093811
v 0.342752 0.129089 -0.048866
v 0.341509 0.134635 -0.059176
v 0.344592 0.129213 -0.027640
v 0.343608 0.128406 -0.038500
v 0.345939 0.139002 -0.005852
v 0.345419 0.133881 -0.016974
v 0.346182 0.158622 0.014496
v 0.346214 0.148043 0.004448
v 0.345210 0.187727 0.028980
v 0.345952 0.172385 0.022561
v 0.340225 0.220387 0.031137
v 0.343023 0.204073 0.032025
v 0.336241 0.249252 0.020279
v 0.337944 0.235336 0.026888
v 0.333886 0.271820 0.002234
v 0.334825 0.262119 0.011517
v 0.332096 0.282211 -0.015834
v 0.332949 0.278466 -0.006991
v 0.330311 0.282808 -0.033504
v 0.331180 0.283505 -0.024563
v 0.329304 0.276845 -0.051935
v 0.329471 0.280595 -0.042820
v 0.330764 0.264092 -0.068883
v 0.329935 0.271416 -0.060679
v 0.331850 0.254496 -0.076220
v -0.371464 0.162354 -0.083516
v -0.376874 0.173427 -0.087787
v -0.370119 0.173252 -0.088331
v -0.379409 0.153966 -0.076530
v -0.372502 0.153054 -0.076932
v 0.379092 0.173208 -0.087070
v 0.373525 0.162071 -0.082896
v 0.372333 0.172835 -0.087609
v 0.381483 0.153927 -0.076063
v 0.374566 0.152970 -0.076433
v -0.132410 0.249896 0.048727
v -0.141064 0.258647 0.040629
v -0.152574 0.250761 0.045404
v -0.145938 0.240150 0.053554
v -0.142862 0.249873 0.047169
v -0.131487 0.266421 0.035085
v -0.140052 0.272254 0.028383
v -0.149342 0.266181 0.033593
v -0.140398 0.266033 0.034433
v -0.157055 0.272492 0.027192
v -0.166342 0.267145 0.031717
v -0.159623 0.259669 0.038288
v -0.158112 0.266634 0.032682
v -0.170242 0.252728 0.042215
v -0.165219 0.243390 0.048975
v -0.161716 0.251869 0.043731
v -0.120528 0.244016 0.055890
v -0.111681 0.257008 0.047070
v -0.122119 0.261266 0.041513
v -0.121752 0.253167 0.048389
v -0.102837 0.254191 0.051689
v -0.098695 0.263859 0.044053
v -0.105472 0.266400 0.039967
v -0.104378 0.260698 0.045722
v -0.100762 0.273299 0.033480
v -0.107646 0.275846 0.028656
v -0.113805 0.269358 0.034998
v -0.106539 0.271376 0.034352
v -0.123157 0.273389 0.029205
v -0.122586 0.267780 0.035221
v -0.160665 0.232732 0.055825
v -0.157938 0.220477 0.062998
v -0.142650 0.226501 0.063010
v -0.151750 0.230127 0.058874
v -0.176956 0.236162 0.051191
v -0.173658 0.225719 0.057069
v -0.169181 0.234657 0.053390
v -0.185022 0.218495 0.057352
v -0.183171 0.206789 0.061589
v -0.171359 0.213946 0.062656
v -0.178327 0.216500 0.059837
v -0.169975 0.200541 0.067741
v -0.156975 0.206605 0.069969
v -0.164088 0.210767 0.065942
v -0.126230 0.228992 0.065583
v -0.110498 0.227427 0.070439
v -0.106824 0.241894 0.060535
v -0.115858 0.235744 0.063210
v -0.113384 0.211640 0.081298
v -0.098453 0.209287 0.086597
v -0.097453 0.225577 0.074675
v -0.104823 0.218726 0.078189
v -0.085579 0.223593 0.078792
v -0.086424 0.238684 0.067169
v -0.096212 0.240218 0.064029
v -0.091405 0.232162 0.071152
v -0.094659 0.252266 0.054893
v -0.100137 0.247414 0.057748
v -0.143584 0.210604 0.072627
v -0.129232 0.212256 0.076456
v -0.135731 0.219944 0.069390
v -0.157032 0.190313 0.075992
v -0.144313 0.193636 0.080505
v -0.150588 0.200775 0.074830
v -0.144554 0.176185 0.087139
v -0.131624 0.176837 0.094031
v -0.130821 0.194846 0.085847
v -0.137982 0.185590 0.086980
v -0.115410 0.194174 0.091946
v -0.122444 0.203630 0.083953
v -0.077025 0.205716 -0.119503
v -0.060864 0.228130 -0.114259
v -0.055253 0.203706 -0.122888
v -0.070357 0.176066 -0.126157
v -0.066081 0.203735 -0.121605
v -0.063559 0.250773 -0.104019
v -0.050283 0.266955 -0.097394
v -0.047433 0.249060 -0.106899
v -0.055752 0.249538 -0.105696
v -0.035335 0.266932 -0.099114
v -0.030461 0.248534 -0.108512
v -0.042079 0.227508 -0.116440
v -0.038916 0.249168 -0.107722
v -0.034932 0.203832 -0.124184
v -0.047138 0.178130 -0.128447
v -0.044870 0.203831 -0.123700
v -0.083658 0.141540 -0.126041
v -0.094463 0.104724 -0.122760
v -0.107518 0.116814 -0.120826
v -0.099411 0.153131 -0.122951
v -0.096162 0.129335 -0.123685
v -0.082757 0.087376 -0.123588
v -0.091864 0.058199 -0.116799
v -0.103292 0.074146 -0.115769
v -0.093286 0.081155 -0.120037
v -0.111204 0.046994 -0.108931
v -0.121402 0.059808 -0.106035
v -0.115546 0.086198 -0.114701
v -0.112588 0.066860 -0.110996
v -0.127711 0.094276 -0.111985
v -0.121175 0.122759 -0.118023
v -0.117952 0.104971 -0.116921
v -0.059541 0.149076 -0.129523
v -0.071641 0.118242 -0.127978
v -0.071395 0.146251 -0.127918
v -0.037841 0.151426 -0.131225
v -0.049454 0.123364 -0.130899
v -0.048426 0.150513 -0.130585
v -0.039258 0.098909 -0.130529
v -0.050320 0.072056 -0.126756
v -0.060832 0.095053 -0.128282
v -0.049924 0.097317 -0.129672
v -0.071507 0.066901 -0.122862
v -0.071854 0.091784 -0.126268
v -0.095464 0.192678 -0.120365
v -0.094001 0.225128 -0.111351
v -0.077971 0.236459 -0.109022
v -0.086101 0.215554 -0.115704
v -0.111633 0.216869 -0.111013
v -0.107030 0.242322 -0.100693
v -0.091364 0.249703 -0.100494
v -0.101006 0.233623 -0.106526
v -0.086893 0.269792 -0.088061
v -0.074020 0.276919 -0.085993
v -0.077052 0.259689 -0.097570
v -0.082397 0.264915 -0.092976
v -0.063434 0.270700 -0.093012
v -0.070705 0.254940 -0.101120
v -0.116478 0.153238 -0.120060
v -0.113645 0.185793 -0.118561
v -0.106224 0.171362 -0.121450
v -0.135174 0.124142 -0.113696
v -0.131851 0.150570 -0.116545
v -0.125969 0.137880 -0.117493
v -0.145590 0.146446 -0.112020
v -0.144699 0.170277 -0.113108
v -0.130137 0.178465 -0.116176
v -0.138235 0.161225 -0.115194
v -0.129840 0.205466 -0.110665
v -0.121302 0.197273 -0.114623
v -0.047733 0.143985 0.136786
v -0.029792 0.153930 0.132482
v -0.041628 0.169870 0.122358
v -0.059155 0.164882 0.122534
v -0.044702 0.158219 0.128567
v -0.015112 0.138759 0.142340
v 0.001056 0.150682 0.135589
v -0.013791 0.162848 0.128645
v -0.014540 0.151617 0.134905
v 0.001067 0.172124 0.122911
v -0.012441 0.182964 0.114672
v -0.026466 0.175821 0.119745
v -0.013052 0.173057 0.122139
v -0.037010 0.190058 0.109202
v -0.050619 0.186626 0.110658
v -0.039109 0.180198 0.115953
v -0.065341 0.186293 0.108846
v -0.081857 0.187845 0.104804
v -0.079389 0.166076 0.118094
v -0.071327 0.176191 0.114286
v -0.057279 0.204669 0.096890
v -0.070206 0.205070 0.094930
v -0.060874 0.195742 0.103057
v -0.073992 0.221919 0.081972
v -0.084030 0.206932 0.091132
v -0.078482 0.214549 0.086646
v -0.098865 0.191151 0.098767
v -0.090771 0.199050 0.095484
v -0.099555 0.171762 0.109749
v -0.101795 0.151460 0.121435
v -0.082595 0.142542 0.132131
v -0.090571 0.158719 0.120029
v -0.116721 0.175402 0.101366
v -0.107861 0.183472 0.100505
v -0.132610 0.158806 0.102026
v -0.118351 0.156538 0.111388
v -0.124834 0.167223 0.101646
v -0.121813 0.135560 0.121540
v -0.106514 0.129028 0.132127
v -0.112193 0.143811 0.121813
v -0.121008 0.241797 -0.097424
v -0.111349 0.261620 -0.086747
v -0.099615 0.263780 -0.088770
v -0.109947 0.252305 -0.093902
v -0.121546 0.262813 -0.082794
v -0.113852 0.274470 -0.073503
v -0.103634 0.275434 -0.076189
v -0.112675 0.268815 -0.080028
v -0.096274 0.284885 -0.066493
v -0.086907 0.287319 -0.068057
v -0.092848 0.278384 -0.077543
v -0.094724 0.281995 -0.072053
v -0.081886 0.282485 -0.077775
v -0.090284 0.274212 -0.082967
v -0.133577 0.223950 -0.103989
v -0.142005 0.233568 -0.098119
v -0.130838 0.248888 -0.091218
v -0.131927 0.236743 -0.098128
v -0.153066 0.220605 -0.101788
v -0.158881 0.230289 -0.096238
v -0.149145 0.242806 -0.091951
v -0.150946 0.231640 -0.097462
v -0.155754 0.250140 -0.085644
v -0.147459 0.260297 -0.079900
v -0.139538 0.254891 -0.085650
v -0.147947 0.252433 -0.085965
v -0.131004 0.265808 -0.077932
v -0.130575 0.258373 -0.084466
v -0.145472 0.191189 -0.110540
v -0.148328 0.207885 -0.106648
v -0.139213 0.207361 -0.108385
v -0.157490 0.160554 -0.108977
v -0.158305 0.179714 -0.108487
v -0.151580 0.175783 -0.110713
v -0.168881 0.169803 -0.105079
v -0.170880 0.184928 -0.104128
v -0.160603 0.195432 -0.106276
v -0.164764 0.182649 -0.106265
v -0.163977 0.208383 -0.102828
v -0.156566 0.208278 -0.104789
v -0.058066 0.295798 -0.072719
v -0.055389 0.292772 -0.076138
v -0.062626 0.289963 -0.076655
v -0.063611 0.294533 -0.071477
v -0.059631 0.293605 -0.074031
v -0.049585 0.294706 -0.076263
v -0.046179 0.291468 -0.079851
v -0.053612 0.287548 -0.081431
v -0.050965 0.292112 -0.078031
v -0.052051 0.278181 -0.089385
v -0.062774 0.282426 -0.083692
v -0.057591 0.280398 -0.086477
v -0.071654 0.286310 -0.077473
v -0.067385 0.284395 -0.080733
v -0.070308 0.292567 -0.070392
v -0.070220 0.296143 -0.064879
v -0.065565 0.297219 -0.067423
v -0.067179 0.295407 -0.068365
v -0.078226 0.289973 -0.069305
v -0.075213 0.288274 -0.073534
v -0.082825 0.292567 -0.060232
v -0.076003 0.294576 -0.062462
v -0.080707 0.291420 -0.064836
v -0.075303 0.296974 -0.057066
v -0.071347 0.298121 -0.060421
v -0.072937 0.296654 -0.061077
v -0.010206 0.201608 0.100420
v -0.022093 0.202383 0.100276
v -0.011218 0.195859 0.104852
v 0.001178 0.198525 0.102724
v -0.010634 0.199640 0.101988
v -0.032229 0.208828 0.095600
v -0.042731 0.212602 0.092554
v -0.033999 0.202759 0.100002
v -0.032860 0.206805 0.097064
v -0.045488 0.203130 0.099378
v -0.024005 0.192754 0.107212
v -0.035282 0.197192 0.103821
v 0.001057 0.188880 0.109919
v -0.011761 0.190038 0.108998
v 0.009132 -0.774762 0.186323
v -0.016761 -0.767543 0.189003
v -0.036298 -0.774221 0.187030
v -0.015839 -0.777818 0.187583
v -0.015702 -0.774489 0.188085
v 0.008807 -0.757275 0.187783
v -0.017417 -0.742511 0.190601
v -0.038162 -0.756489 0.188389
v -0.017004 -0.757054 0.189879
v -0.058214 -0.741576 0.187008
v -0.076251 -0.755370 0.183184
v -0.056667 -0.766649 0.185658
v -0.057601 -0.756070 0.186180
v -0.074321 -0.773154 0.182285
v -0.055104 -0.776938 0.184630
v -0.055990 -0.773661 0.185067
v 0.003465 0.292786 -0.083768
v -0.003257 0.287586 -0.087826
v -0.009662 0.292575 -0.084312
v -0.003040 0.295570 -0.082228
v -0.003072 0.292791 -0.084110
v 0.003379 0.279052 -0.092819
v -0.004387 0.267817 -0.099828
v -0.010840 0.278899 -0.093558
v -0.003669 0.279248 -0.093296
v -0.019858 0.266907 -0.100191
v -0.025348 0.277742 -0.093395
v -0.016930 0.286886 -0.087955
v -0.018101 0.278258 -0.093638
v -0.022872 0.291869 -0.083798
v -0.016000 0.295067 -0.082185
v -0.016316 0.292246 -0.084173
v -0.016424 -0.773386 -0.163329
v -0.035317 -0.768963 -0.163206
v -0.016671 -0.760209 -0.163665
v 0.006098 -0.768894 -0.164783
v -0.016697 -0.769092 -0.163378
v -0.053024 -0.773236 -0.162544
v -0.069978 -0.768679 -0.162021
v -0.053016 -0.759857 -0.162885
v -0.053044 -0.768831 -0.162733
v -0.069606 -0.748341 -0.161991
v -0.052362 -0.734899 -0.162531
v -0.035014 -0.748844 -0.163327
v -0.052729 -0.748608 -0.162786
v -0.016386 -0.735294 -0.163211
v 0.005583 -0.748910 -0.164977
v -0.016575 -0.749031 -0.163583
v -0.051187 0.222339 0.084644
v -0.059501 0.228008 0.079471
v -0.052702 0.216544 0.088626
v -0.051473 0.220303 0.086057
v -0.066292 0.237258 0.071775
v -0.073065 0.242251 0.066885
v -0.068229 0.232090 0.075166
v -0.066739 0.235365 0.073035
v -0.077380 0.235221 0.071538
v -0.063062 0.219494 0.085109
v -0.070684 0.227525 0.078254
v -0.054634 0.211207 0.092294
v -0.374421 0.218561 -0.087212
v -0.371597 0.225738 -0.085370
v -0.367789 0.219069 -0.087750
v -0.372584 0.212045 -0.089081
v -0.372159 0.218754 -0.087405
v -0.373264 0.232361 -0.082899
v -0.370440 0.239239 -0.080471
v -0.366669 0.233056 -0.083333
v -0.371013 0.232613 -0.083051
v -0.360048 0.240353 -0.081129
v -0.352285 0.234463 -0.084226
v -0.361153 0.226607 -0.086226
v -0.360605 0.233584 -0.083831
v -0.353335 0.220090 -0.088885
v -0.362034 0.212748 -0.089993
v -0.361689 0.219447 -0.088330
v -0.368487 0.205890 -0.090704
v -0.373081 0.199198 -0.091022
v -0.375151 0.205504 -0.090116
v -0.372865 0.205641 -0.090306
v -0.354059 0.206333 -0.091985
v -0.362601 0.199456 -0.092046
v -0.362377 0.206076 -0.091317
v -0.354505 0.192699 -0.092973
v -0.363080 0.185706 -0.091701
v -0.368866 0.192700 -0.091536
v -0.362790 0.192703 -0.092159
v -0.373513 0.185787 -0.090671
v -0.375570 0.192515 -0.090945
v -0.373243 0.192586 -0.091136
v -0.007821 0.179935 -0.128768
v -0.016161 0.204807 -0.124132
v -0.006355 0.228923 -0.116855
v 0.001714 0.205312 -0.123424
v -0.007152 0.205418 -0.123763
v -0.026717 0.179072 -0.129086
v -0.023821 0.227852 -0.117271
v -0.025371 0.204422 -0.124297
v -0.013625 0.249959 -0.108488
v -0.021974 0.249305 -0.108614
v 0.002810 0.249934 -0.107598
v -0.005426 0.250092 -0.108245
v 0.001132 0.152362 -0.131343
v -0.008721 0.126662 -0.132077
v -0.017843 0.152636 -0.131650
v -0.008237 0.152737 -0.131493
v 0.000748 0.101125 -0.131366
v -0.009169 0.076246 -0.129406
v -0.018915 0.100549 -0.131231
v -0.009019 0.100946 -0.131363
v -0.029258 0.074873 -0.128575
v -0.028478 0.125652 -0.132031
v -0.028912 0.099865 -0.130980
v -0.027671 0.152019 -0.131525
v -0.087250 0.264686 0.045452
v -0.087520 0.258275 0.051323
v -0.082508 0.255041 0.055006
v -0.084361 0.261154 0.049207
v -0.085464 0.260059 0.050088
v -0.092895 0.260965 0.047892
v -0.087311 0.249888 0.058301
v -0.090651 0.255670 0.052889
v -0.080123 0.246632 0.062226
v -0.082837 0.243108 0.064456
v -0.077535 0.250606 0.059511
v -0.078310 0.249058 0.060648
v -0.087151 0.269987 0.040185
v -0.089147 0.273322 0.036150
v -0.090799 0.268011 0.041622
v -0.088366 0.269241 0.040725
v -0.088924 0.277480 0.030987
v -0.091245 0.280229 0.026423
v -0.092623 0.276147 0.031925
v -0.090170 0.276963 0.031376
v -0.097376 0.278594 0.027438
v -0.095145 0.270866 0.037819
v -0.096187 0.274934 0.032698
v -0.094251 0.266249 0.042770
v -0.090810 0.283309 0.021548
v -0.092632 0.285123 0.017254
v -0.094576 0.282313 0.022169
v -0.092074 0.282882 0.021777
v -0.091615 0.287371 0.012716
v -0.093048 0.288696 0.008583
v -0.095490 0.286586 0.013078
v -0.092915 0.287016 0.012867
v -0.099381 0.287715 0.008972
v -0.103872 0.285267 0.013625
v -0.098825 0.283895 0.017969
v -0.099203 0.285962 0.013392
v -0.102831 0.280422 0.023163
v -0.098249 0.281519 0.022617
v -0.109731 0.286585 0.009218
v -0.116549 0.284077 0.013972
v -0.109237 0.282259 0.018653
v -0.109615 0.284602 0.013887
v -0.124235 0.285942 0.009043
v -0.132078 0.283575 0.013494
v -0.124190 0.280984 0.018810
v -0.124299 0.283780 0.013832
v -0.132059 0.276998 0.023685
v -0.115679 0.278322 0.023919
v -0.123694 0.277656 0.023884
v -0.108564 0.279368 0.023558
v -0.095489 0.289548 0.004739
v -0.098900 0.289989 0.000838
v -0.103921 0.288419 0.004919
v -0.099253 0.289045 0.004851
v -0.091503 0.290312 0.004534
v -0.092482 0.290921 0.000717
v -0.092892 0.289975 0.004612
v -0.090521 0.292009 -0.003097
v -0.091188 0.292067 -0.006825
v -0.094535 0.291199 -0.003022
v -0.091888 0.291613 -0.003056
v -0.097654 0.291099 -0.007030
v -0.103040 0.290075 -0.003247
v -0.098339 0.290655 -0.003093
v -0.109290 0.288953 0.000696
v -0.116394 0.287628 0.004820
v -0.109641 0.287944 0.004911
v -0.108102 0.289977 -0.007704
v -0.115433 0.289275 -0.003853
v -0.108747 0.289578 -0.003496
v -0.122161 0.289497 -0.008838
v -0.130309 0.289025 -0.004932
v -0.123621 0.288478 0.000152
v -0.122830 0.289161 -0.004347
v -0.131631 0.287341 0.004127
v -0.123991 0.287468 0.004568
v -0.136817 0.289186 -0.010203
v -0.144880 0.288797 -0.005986
v -0.138533 0.288297 -0.000880
v -0.137568 0.288929 -0.005513
v -0.150662 0.288879 -0.011284
v -0.158873 0.288609 -0.006722
v -0.152748 0.288232 -0.001711
v -0.151810 0.288711 -0.006417
v -0.160898 0.287338 0.002634
v -0.154709 0.285738 0.007624
v -0.146282 0.287316 0.003252
v -0.153903 0.287223 0.002983
v -0.139469 0.285753 0.008278
v -0.139182 0.287265 0.003703
v -0.114028 0.289879 -0.012584
v -0.120607 0.289788 -0.018209
v -0.128777 0.289446 -0.014216
v -0.121441 0.289654 -0.013369
v -0.101543 0.290793 -0.011391
v -0.106440 0.290547 -0.016413
v -0.107341 0.290252 -0.011919
v -0.099567 0.291519 -0.020155
v -0.104450 0.291001 -0.025760
v -0.112295 0.290285 -0.022086
v -0.105465 0.290828 -0.021037
v -0.119010 0.289547 -0.028211
v -0.127272 0.289256 -0.024337
v -0.119855 0.289753 -0.023154
v -0.135224 0.289069 -0.020117
v -0.142911 0.288989 -0.015748
v -0.136031 0.289198 -0.015016
v -0.133672 0.288131 -0.030735
v -0.141417 0.288210 -0.026263
v -0.134269 0.288788 -0.025405
v -0.147655 0.286630 -0.032422
v -0.155232 0.287025 -0.027363
v -0.149189 0.288251 -0.021503
v -0.148246 0.287628 -0.026939
v -0.156789 0.288385 -0.016645
v -0.149769 0.288707 -0.016304
v -0.161200 0.285109 -0.033138
v -0.168324 0.285968 -0.027905
v -0.162815 0.287406 -0.022139
v -0.162037 0.286442 -0.027596
v -0.173570 0.283963 -0.033770
v -0.180101 0.285258 -0.028858
v -0.175301 0.286802 -0.022886
v -0.174403 0.285588 -0.028316
v -0.181907 0.287594 -0.018168
v -0.177185 0.288344 -0.012496
v -0.170199 0.287876 -0.017138
v -0.176156 0.287730 -0.017591
v -0.164519 0.288533 -0.011800
v -0.163670 0.288094 -0.016856
v -0.140279 0.286329 -0.037353
v -0.147120 0.283689 -0.043870
v -0.154148 0.284327 -0.038562
v -0.147169 0.285358 -0.038126
v -0.125849 0.288188 -0.034953
v -0.132555 0.286016 -0.041884
v -0.133089 0.287260 -0.036288
v -0.124935 0.285906 -0.045963
v -0.132224 0.282087 -0.053347
v -0.139775 0.282932 -0.048861
v -0.132385 0.284342 -0.047573
v -0.146820 0.278807 -0.055611
v -0.153809 0.280051 -0.050109
v -0.146805 0.281486 -0.049687
v -0.160684 0.281345 -0.044466
v -0.167319 0.282641 -0.039002
v -0.160912 0.283414 -0.038770
v -0.160427 0.275724 -0.056049
v -0.166777 0.277675 -0.050347
v -0.160459 0.278756 -0.050202
v -0.172395 0.273497 -0.056287
v -0.178097 0.276067 -0.051035
v -0.172925 0.279646 -0.044989
v -0.172666 0.276788 -0.050605
v -0.178834 0.281487 -0.039889
v -0.173153 0.281973 -0.039376
v -0.182919 0.272087 -0.057062
v -0.188291 0.275106 -0.052143
v -0.183634 0.278566 -0.046040
v -0.183313 0.275557 -0.051534
v -0.193052 0.271158 -0.058237
v -0.198906 0.274388 -0.053705
v -0.193925 0.277920 -0.047511
v -0.193423 0.274741 -0.052895
v -0.199843 0.280316 -0.042962
v -0.194936 0.282813 -0.036579
v -0.189220 0.280798 -0.041205
v -0.194370 0.280544 -0.042052
v -0.184537 0.283254 -0.034978
v -0.184007 0.281081 -0.040470
v -0.166706 0.270741 -0.061913
v -0.172653 0.265085 -0.067533
v -0.177872 0.268751 -0.062175
v -0.172468 0.269642 -0.061980
v -0.154049 0.273706 -0.062010
v -0.160803 0.267693 -0.067864
v -0.160624 0.272109 -0.061957
v -0.154650 0.264216 -0.074025
v -0.161681 0.256222 -0.079248
v -0.167394 0.260986 -0.073232
v -0.161261 0.262459 -0.073646
v -0.173483 0.253511 -0.078199
v -0.178425 0.258708 -0.072841
v -0.173069 0.259688 -0.072982
v -0.182892 0.263330 -0.067812
v -0.187808 0.267482 -0.063006
v -0.182841 0.268068 -0.062527
v -0.183778 0.251756 -0.077720
v -0.188272 0.257214 -0.073063
v -0.183369 0.257919 -0.072875
v -0.193903 0.250398 -0.077932
v -0.198948 0.255990 -0.073766
v -0.192946 0.262139 -0.068521
v -0.193381 0.256560 -0.073371
v -0.198448 0.266501 -0.064164
v -0.192893 0.266967 -0.063543
v -0.168705 0.247028 -0.084055
v -0.175642 0.237380 -0.088074
v -0.179628 0.245109 -0.082755
v -0.174396 0.245965 -0.083309
v -0.163801 0.239554 -0.090120
v -0.162490 0.248503 -0.084835
v -0.167631 0.219264 -0.098485
v -0.171706 0.228465 -0.093548
v -0.165621 0.229255 -0.094908
v -0.178952 0.218638 -0.095626
v -0.182288 0.227560 -0.091341
v -0.177266 0.227884 -0.092351
v -0.185742 0.235972 -0.086874
v -0.189517 0.243597 -0.082383
v -0.184629 0.244330 -0.082460
v -0.188770 0.217910 -0.093900
v -0.191896 0.226505 -0.090407
v -0.187132 0.227120 -0.090734
v -0.198308 0.216982 -0.093271
v -0.202256 0.225332 -0.090328
v -0.195633 0.234707 -0.086635
v -0.196869 0.225843 -0.090300
v -0.200142 0.242281 -0.082686
v -0.194606 0.243015 -0.082441
v -0.175962 0.208604 -0.099408
v -0.183505 0.198727 -0.099213
v -0.185940 0.208831 -0.096873
v -0.181131 0.208932 -0.097969
v -0.173213 0.197607 -0.102280
v -0.170261 0.208477 -0.101048
v -0.179356 0.174921 -0.101192
v -0.181278 0.187321 -0.100686
v -0.176299 0.186263 -0.102299
v -0.188252 0.177555 -0.098474
v -0.190161 0.188703 -0.098256
v -0.185894 0.188212 -0.099311
v -0.192400 0.198935 -0.097315
v -0.195020 0.208369 -0.095615
v -0.190502 0.208659 -0.096117
v -0.196231 0.179051 -0.096692
v -0.198456 0.189313 -0.096896
v -0.194303 0.188950 -0.097473
v -0.204530 0.179942 -0.095705
v -0.207755 0.189606 -0.096219
v -0.201302 0.198817 -0.096404
v -0.202880 0.189464 -0.096472
v -0.204886 0.207796 -0.095152
v -0.199751 0.208024 -0.095305
v -0.186750 0.166247 -0.097471
v -0.193410 0.158504 -0.093270
v -0.194612 0.168792 -0.095504
v -0.190754 0.167609 -0.096382
v -0.178018 0.162262 -0.100355
v -0.185717 0.154756 -0.095291
v -0.182529 0.164349 -0.098791
v -0.185099 0.143161 -0.092086
v -0.191963 0.137450 -0.085951
v -0.192568 0.148224 -0.090079
v -0.188885 0.145853 -0.090965
v -0.198821 0.141916 -0.084716
v -0.199663 0.151934 -0.088658
v -0.196126 0.150230 -0.089342
v -0.200647 0.161072 -0.091909
v -0.202230 0.170457 -0.094241
v -0.198358 0.169657 -0.094789
v -0.205471 0.145369 -0.083874
v -0.206650 0.154488 -0.087823
v -0.203099 0.153257 -0.088132
v -0.212870 0.147964 -0.083374
v -0.215085 0.156623 -0.087399
v -0.208441 0.163075 -0.091106
v -0.210617 0.155589 -0.087540
v -0.211033 0.171824 -0.093604
v -0.206399 0.171203 -0.093839
v -0.222135 0.150363 -0.083375
v -0.225684 0.158627 -0.087420
v -0.218170 0.164931 -0.090773
v -0.220127 0.157711 -0.087352
v -0.233467 0.152534 -0.083708
v -0.238331 0.160303 -0.087753
v -0.230004 0.166492 -0.090867
v -0.231767 0.159580 -0.087573
v -0.235014 0.174630 -0.093585
v -0.226819 0.182008 -0.095232
v -0.222058 0.173232 -0.093439
v -0.228323 0.173892 -0.093478
v -0.214610 0.180917 -0.095253
v -0.216282 0.172528 -0.093486
v -0.211032 0.140767 -0.078650
v -0.216611 0.137151 -0.073254
v -0.219116 0.143465 -0.078559
v -0.214833 0.142249 -0.078537
v -0.204361 0.137528 -0.079188
v -0.209509 0.134126 -0.073427
v -0.207604 0.139331 -0.078867
v -0.208328 0.126582 -0.067747
v -0.213340 0.122823 -0.061444
v -0.214697 0.130058 -0.067546
v -0.211430 0.128335 -0.067616
v -0.220158 0.126000 -0.061618
v -0.222444 0.132961 -0.067776
v -0.218367 0.131463 -0.067611
v -0.225481 0.139734 -0.073515
v -0.229219 0.145938 -0.078877
v -0.223901 0.144772 -0.078693
v -0.228590 0.128743 -0.062206
v -0.232076 0.135621 -0.068371
v -0.226995 0.134350 -0.068040
v -0.238964 0.131441 -0.063123
v -0.243862 0.137675 -0.069273
v -0.236477 0.141995 -0.074131
v -0.237713 0.136775 -0.068805
v -0.241421 0.147823 -0.079473
v -0.235067 0.146856 -0.079180
v -0.377761 0.145665 -0.068683
v -0.373755 0.141607 -0.064607
v -0.378478 0.139743 -0.060056
v -0.380744 0.142857 -0.064353
v -0.378139 0.142435 -0.064472
v -0.367568 0.143946 -0.069119
v -0.360140 0.139497 -0.064832
v -0.368380 0.137798 -0.060191
v -0.367980 0.140695 -0.064785
v -0.360959 0.133934 -0.055211
v -0.369130 0.132751 -0.050454
v -0.374461 0.136450 -0.055516
v -0.368746 0.135215 -0.055438
v -0.379093 0.135434 -0.050756
v -0.381445 0.138922 -0.055399
v -0.378807 0.137702 -0.055492
v -0.375144 0.133537 -0.045849
v -0.379693 0.135144 -0.041197
v -0.381935 0.136482 -0.045993
v -0.379396 0.134958 -0.046016
v -0.361765 0.130654 -0.045153
v -0.369811 0.132061 -0.040584
v -0.369457 0.132056 -0.045561
v -0.362592 0.131080 -0.034877
v -0.370645 0.132905 -0.030182
v -0.375858 0.134088 -0.035993
v -0.370211 0.132544 -0.035470
v -0.380419 0.136137 -0.031185
v -0.382464 0.136681 -0.036326
v -0.380061 0.135653 -0.036279
v -0.376768 0.136393 -0.025747
v -0.381364 0.140191 -0.021163
v -0.383213 0.138875 -0.026324
v -0.380892 0.137972 -0.026185
v -0.363499 0.133358 -0.024285
v -0.371610 0.137334 -0.019980
v -0.371126 0.134965 -0.025110
v -0.364284 0.138137 -0.013799
v -0.372347 0.142253 -0.009576
v -0.377680 0.141032 -0.015614
v -0.372020 0.139623 -0.014766
v -0.382083 0.145041 -0.011096
v -0.384055 0.144073 -0.016405
v -0.381769 0.142592 -0.016153
v -0.378293 0.147615 -0.005793
v -0.382514 0.152919 -0.001723
v -0.384623 0.150801 -0.006764
v -0.382335 0.148987 -0.006461
v -0.364791 0.145026 -0.003675
v -0.372774 0.150429 0.000070
v -0.372618 0.146392 -0.004834
v -0.364901 0.153753 0.006150
v -0.372704 0.160079 0.009477
v -0.378518 0.156019 0.003640
v -0.372806 0.154931 0.004807
v -0.382498 0.162331 0.007274
v -0.384839 0.158887 0.002424
v -0.382574 0.157412 0.002866
v -0.378235 0.166986 0.012232
v -0.382033 0.174163 0.014919
v -0.384577 0.168668 0.010693
v -0.382329 0.167998 0.011224
v -0.364583 0.165315 0.015041
v -0.372207 0.172643 0.017214
v -0.372517 0.166179 0.013566
v -0.363948 0.179169 0.022108
v -0.371049 0.187099 0.023329
v -0.377513 0.180166 0.019167
v -0.371752 0.179672 0.020581
v -0.381089 0.187753 0.020797
v -0.383995 0.180974 0.017482
v -0.381695 0.180698 0.018079
v -0.375715 0.195074 0.023954
v -0.378872 0.202616 0.023879
v -0.382460 0.195210 0.022160
v -0.380050 0.195164 0.022805
v -0.362227 0.194666 0.026846
v -0.368578 0.202838 0.026386
v -0.370020 0.194828 0.025280
v -0.359314 0.210858 0.028029
v -0.365442 0.218473 0.025696
v -0.372963 0.210451 0.025140
v -0.367066 0.210702 0.026536
v -0.375952 0.217510 0.023307
v -0.379978 0.209775 0.023486
v -0.377471 0.210102 0.024040
v -0.370133 0.225185 0.022766
v -0.373486 0.231385 0.019607
v -0.377388 0.224038 0.021328
v -0.374773 0.224485 0.021795
v -0.356515 0.226149 0.025459
v -0.363033 0.232718 0.021800
v -0.364196 0.225734 0.024046
v -0.354328 0.240177 0.020270
v -0.360688 0.246363 0.015420
v -0.367669 0.238892 0.017718
v -0.361779 0.239645 0.018866
v -0.371195 0.244514 0.013580
v -0.375034 0.237264 0.016505
v -0.372342 0.237999 0.016898
v -0.365481 0.251898 0.010339
v -0.368963 0.256770 0.005335
v -0.372527 0.250386 0.009251
v -0.370079 0.250825 0.009673
v -0.352198 0.253656 0.012562
v -0.358779 0.258698 0.007024
v -0.359671 0.252813 0.011377
v -0.350732 0.264797 0.003659
v -0.357452 0.268231 -0.001997
v -0.363685 0.262910 0.001551
v -0.358075 0.263816 0.002575
v -0.367459 0.266009 -0.003366
v -0.370704 0.260816 0.000760
v -0.368140 0.261785 0.000997
v -0.362532 0.270695 -0.007309
v -0.366324 0.272337 -0.012096
v -0.369304 0.268107 -0.007971
v -0.366824 0.269494 -0.007767
v -0.349746 0.272803 -0.005474
v -0.356616 0.274650 -0.010851
v -0.357008 0.271746 -0.006446
v -0.349091 0.277873 -0.014252
v -0.356033 0.278211 -0.019300
v -0.361802 0.275621 -0.015820
v -0.356331 0.276766 -0.015119
v -0.365539 0.275895 -0.020360
v -0.368356 0.273343 -0.016359
v -0.365947 0.274443 -0.016235
v -0.361139 0.277890 -0.024066
v -0.364891 0.277068 -0.028483
v -0.367571 0.275059 -0.024496
v -0.365185 0.276695 -0.024413
v -0.348481 0.280200 -0.022719
v -0.355448 0.279411 -0.027613
v -0.355727 0.279067 -0.023471
v -0.347900 0.280435 -0.031145
v -0.354977 0.278798 -0.036051
v -0.360615 0.278179 -0.032279
v -0.355183 0.279309 -0.031792
v -0.364492 0.276710 -0.036749
v -0.366950 0.276554 -0.032641
v -0.364637 0.277117 -0.032578
v -0.360379 0.276848 -0.040746
v -0.364622 0.274765 -0.045242
v -0.366900 0.274785 -0.041024
v -0.364466 0.275849 -0.040969
v -0.347421 0.279009 -0.039828
v -0.354901 0.276731 -0.044735
v -0.354856 0.277917 -0.040365
v -0.347512 0.276324 -0.048696
v -0.355502 0.273203 -0.053173
v -0.360778 0.274197 -0.049259
v -0.355120 0.275153 -0.049008
v -0.365440 0.271502 -0.053442
v -0.367497 0.272445 -0.049477
v -0.364984 0.273335 -0.049391
v -0.361782 0.269998 -0.057364
v -0.366762 0.266574 -0.061286
v -0.368570 0.268883 -0.057490
v -0.366081 0.269265 -0.057419
v -0.348188 0.271963 -0.057095
v -0.356618 0.268129 -0.061232
v -0.356041 0.270893 -0.057246
v -0.349170 0.265872 -0.065064
v -0.357726 0.261158 -0.068748
v -0.363024 0.264082 -0.065045
v -0.357168 0.264885 -0.065066
v -0.368013 0.259820 -0.068593
v -0.369833 0.262586 -0.065085
v -0.367327 0.263413 -0.065005
v -0.364252 0.256196 -0.071983
v -0.369171 0.250841 -0.074900
v -0.370985 0.255195 -0.071903
v -0.368582 0.255640 -0.071865
v -0.350248 0.257794 -0.072353
v -0.358862 0.252013 -0.075323
v -0.358311 0.256887 -0.072159
v -0.351266 0.247221 -0.078591
v -0.365461 0.245850 -0.077965
v -0.359427 0.246480 -0.078308
v -0.372172 0.244765 -0.077704
v -0.369871 0.245257 -0.077797
v -0.204773 0.288556 -0.011426
v -0.200519 0.288509 -0.005758
v -0.194452 0.288552 -0.009608
v -0.198376 0.288170 -0.015362
v -0.199489 0.288574 -0.010474
v -0.206973 0.287937 -0.002089
v -0.202734 0.286749 0.003272
v -0.196650 0.287876 -0.000319
v -0.201787 0.287913 -0.001156
v -0.192799 0.286577 0.004877
v -0.186445 0.287753 0.001076
v -0.190517 0.288419 -0.004133
v -0.191668 0.287816 0.000399
v -0.184015 0.288560 -0.008206
v -0.188194 0.288211 -0.013702
v -0.189259 0.288552 -0.008857
v -0.192386 0.287396 -0.019599
v -0.196529 0.286217 -0.025762
v -0.202860 0.287298 -0.021439
v -0.197481 0.287348 -0.020476
v -0.186328 0.286401 -0.024084
v -0.187167 0.287478 -0.018830
v -0.190426 0.284848 -0.030274
v -0.185346 0.285028 -0.029519
v -0.201149 0.284580 -0.032125
v -0.195717 0.284709 -0.031147
v -0.198954 0.284732 0.008540
v -0.195248 0.281863 0.013813
v -0.188797 0.284481 0.010058
v -0.193986 0.284628 0.009301
v -0.209149 0.284886 0.006783
v -0.205269 0.282110 0.012177
v -0.204055 0.284800 0.007708
v -0.211645 0.278707 0.015802
v -0.207665 0.274371 0.021147
v -0.201642 0.278470 0.017602
v -0.206424 0.278645 0.016669
v -0.197637 0.274076 0.022826
v -0.191270 0.278183 0.019159
v -0.196519 0.278347 0.018391
v -0.184207 0.281562 0.015298
v -0.176840 0.284179 0.011260
v -0.181775 0.286393 0.006173
v -0.182963 0.284377 0.010689
v -0.186547 0.273603 0.024588
v -0.179097 0.277793 0.020664
v -0.185536 0.277969 0.019995
v -0.172918 0.273055 0.026042
v -0.164511 0.277231 0.021660
v -0.171141 0.281114 0.016422
v -0.172069 0.277502 0.021244
v -0.162783 0.283774 0.011934
v -0.168971 0.286062 0.007014
v -0.170030 0.283994 0.011639
v -0.174649 0.287582 0.002128
v -0.179508 0.288372 -0.002931
v -0.180689 0.287701 0.001662
v -0.166887 0.288240 -0.002200
v -0.167975 0.287440 0.002444
v -0.172239 0.288583 -0.007191
v -0.165646 0.288586 -0.006950
v -0.178413 0.288560 -0.007613
v -0.204138 0.268963 0.026521
v -0.200633 0.262489 0.031943
v -0.193732 0.268576 0.028293
v -0.199077 0.268759 0.027415
v -0.214002 0.269349 0.024676
v -0.210499 0.262896 0.030141
v -0.209032 0.269119 0.025673
v -0.216919 0.256227 0.033377
v -0.213893 0.248476 0.038358
v -0.207281 0.255715 0.035328
v -0.212068 0.255925 0.034400
v -0.204519 0.247908 0.040317
v -0.197325 0.254917 0.037443
v -0.202440 0.255467 0.036284
v -0.189604 0.261759 0.034004
v -0.181402 0.267913 0.030163
v -0.187964 0.268175 0.029305
v -0.194185 0.246941 0.042798
v -0.185231 0.253961 0.039800
v -0.191604 0.254586 0.038551
v -0.181059 0.245534 0.045546
v -0.175853 0.260874 0.036065
v -0.177988 0.253469 0.040921
v -0.174220 0.267471 0.031032
v -0.211271 0.240339 0.042761
v -0.209178 0.231594 0.046859
v -0.202012 0.239346 0.045112
v -0.206886 0.239796 0.043920
v -0.220434 0.240793 0.040827
v -0.217714 0.232421 0.044712
v -0.215793 0.240598 0.041793
v -0.224122 0.224093 0.046068
v -0.221930 0.214954 0.048734
v -0.215658 0.223525 0.048116
v -0.219795 0.223843 0.047080
v -0.214011 0.214145 0.050857
v -0.207124 0.222532 0.050475
v -0.211513 0.223082 0.049204
v -0.199630 0.230379 0.049546
v -0.191028 0.238002 0.047986
v -0.196837 0.238772 0.046474
v -0.205575 0.212743 0.053608
v -0.197331 0.220866 0.053629
v -0.202567 0.221766 0.052000
v -0.195124 0.210584 0.057035
v -0.187924 0.228549 0.052888
v -0.191469 0.219734 0.055387
v -0.184338 0.237175 0.049532
v -0.219993 0.205246 0.050268
v -0.218452 0.195264 0.050935
v -0.212386 0.204130 0.052630
v -0.216375 0.204765 0.051395
v -0.227784 0.206022 0.048396
v -0.225571 0.196346 0.048990
v -0.223809 0.205737 0.049367
v -0.230844 0.187638 0.046856
v -0.228281 0.178390 0.045664
v -0.223609 0.186687 0.048761
v -0.227126 0.187161 0.047816
v -0.221677 0.177088 0.047782
v -0.216708 0.185238 0.050873
v -0.220321 0.186077 0.049817
v -0.210721 0.193798 0.053519
v -0.203650 0.202182 0.055621
v -0.208223 0.203370 0.054057
v -0.214706 0.175113 0.050183
v -0.208872 0.183137 0.053830
v -0.212977 0.184316 0.052256
v -0.206633 0.172395 0.053469
v -0.199631 0.179826 0.057544
v -0.201685 0.191175 0.056853
v -0.204445 0.181559 0.055498
v -0.193022 0.199352 0.059496
v -0.198625 0.200891 0.057486
v -0.212111 0.165119 0.048845
v -0.209323 0.155247 0.047075
v -0.204032 0.161640 0.052489
v -0.208160 0.163573 0.050603
v -0.219155 0.167709 0.045967
v -0.216399 0.158329 0.043781
v -0.215772 0.166443 0.047282
v -0.219887 0.152156 0.038270
v -0.217232 0.143843 0.035456
v -0.213652 0.149402 0.041386
v -0.216833 0.150865 0.039774
v -0.211085 0.140637 0.038857
v -0.206760 0.145757 0.045101
v -0.210260 0.147635 0.043128
v -0.201405 0.150728 0.051441
v -0.194764 0.156018 0.057367
v -0.197379 0.167756 0.057564
v -0.199526 0.159111 0.054855
v -0.204445 0.136076 0.043169
v -0.199175 0.140092 0.050255
v -0.203048 0.143061 0.047555
v -0.197694 0.129129 0.048953
v -0.191502 0.131962 0.056979
v -0.192705 0.144091 0.057144
v -0.195306 0.136334 0.053364
v -0.185082 0.148254 0.064016
v -0.186924 0.161206 0.063179
v -0.189887 0.152375 0.060417
v -0.189298 0.174121 0.062488
v -0.191290 0.186999 0.061364
v -0.194683 0.177205 0.059898
v -0.178124 0.166342 0.068905
v -0.179762 0.180469 0.067332
v -0.183745 0.170455 0.065418
v -0.168996 0.186034 0.071679
v -0.181351 0.194072 0.064740
v -0.175143 0.190506 0.067927
v -0.187326 0.197007 0.061929
v -0.184300 0.134806 0.065096
v -0.176293 0.137356 0.073638
v -0.176355 0.151981 0.070957
v -0.180451 0.143166 0.068404
v -0.191310 0.119543 0.057213
v -0.184569 0.121114 0.066461
v -0.187947 0.126894 0.061407
v -0.184720 0.107617 0.066790
v -0.177691 0.107775 0.077396
v -0.176993 0.122605 0.076098
v -0.181092 0.114807 0.071796
v -0.168703 0.123523 0.086044
v -0.167390 0.139467 0.082503
v -0.172428 0.130899 0.079628
v -0.166810 0.155264 0.077921
v -0.167765 0.170671 0.074779
v -0.172285 0.161131 0.072926
v -0.157732 0.140954 0.091331
v -0.156494 0.157748 0.085302
v -0.162005 0.148591 0.084087
v -0.145135 0.159174 0.093320
v -0.156604 0.174146 0.080760
v -0.150688 0.167062 0.086474
v -0.162753 0.180447 0.075960
v -0.169883 0.107286 0.088487
v -0.161223 0.105863 0.099865
v -0.159312 0.123511 0.096561
v -0.164855 0.115236 0.092944
v -0.178212 0.092782 0.077093
v -0.171033 0.090812 0.088973
v -0.174292 0.099779 0.083274
v -0.171639 0.074114 0.086783
v -0.164502 0.069494 0.098873
v -0.163102 0.087922 0.100815
v -0.167694 0.080818 0.094242
v -0.154393 0.083362 0.112582
v -0.151877 0.102922 0.111312
v -0.157782 0.095344 0.106509
v -0.149274 0.122138 0.107164
v -0.147157 0.140876 0.101075
v -0.153548 0.132050 0.099160
v -0.141676 0.098142 0.122620
v -0.138281 0.118958 0.118162
v -0.145463 0.110791 0.115137
v -0.125917 0.113568 0.129090
v -0.135256 0.139295 0.111160
v -0.130336 0.127355 0.120294
v -0.140146 0.149876 0.102086
v -0.157024 0.062948 0.110711
v -0.148762 0.053955 0.122031
v -0.145125 0.076355 0.124157
v -0.151358 0.069586 0.117858
v -0.166551 0.050179 0.094716
v -0.159746 0.041234 0.106818
v -0.162091 0.056462 0.102924
v -0.163290 0.017624 0.101894
v -0.157380 0.003935 0.113572
v -0.152865 0.029762 0.118665
v -0.158380 0.023639 0.110694
v -0.145617 0.015796 0.129832
v -0.139759 0.042382 0.132858
v -0.146619 0.036102 0.126038
v -0.135013 0.067091 0.134782
v -0.130485 0.090615 0.133652
v -0.138220 0.083438 0.129354
v -0.130630 0.028294 0.143129
v -0.124054 0.054974 0.144171
v -0.132243 0.048851 0.138976
v -0.112757 0.039872 0.153071
v -0.105270 0.066488 0.152343
v -0.118234 0.080169 0.143656
v -0.115004 0.060935 0.148542
v -0.112433 0.104915 0.139548
v -0.121942 0.097793 0.137048
v -0.121826 0.010045 0.152675
v -0.112572 -0.011888 0.160864
v -0.102026 0.021127 0.161514
v -0.112407 0.015763 0.157550
v -0.138192 -0.001782 0.139849
v -0.130152 -0.022548 0.148773
v -0.130448 0.004147 0.146714
v -0.138177 -0.055050 0.143142
v -0.130902 -0.079982 0.151100
v -0.121682 -0.045532 0.156981
v -0.130227 -0.050297 0.150355
v -0.112545 -0.071399 0.164222
v -0.102465 -0.036451 0.168475
v -0.112484 -0.040822 0.163087
v -0.091535 -0.002008 0.169828
v -0.079193 0.030177 0.167066
v -0.091877 0.049899 0.159774
v -0.090923 0.025996 0.164683
v -0.091354 -0.063011 0.175004
v -0.079839 -0.027552 0.177249
v -0.091508 -0.031618 0.173337
v -0.066923 -0.055786 0.183291
v -0.054161 -0.020866 0.182863
v -0.067225 0.006237 0.175353
v -0.067330 -0.023927 0.180447
v -0.054155 0.036563 0.170281
v -0.068114 0.057620 0.164176
v -0.066909 0.033747 0.168873
v -0.083099 0.076217 0.157812
v -0.097818 0.092624 0.149278
v -0.094613 0.071617 0.155336
v -0.057087 0.083064 0.161161
v -0.073434 0.102192 0.152593
v -0.070432 0.080225 0.159633
v -0.062922 0.126246 0.144712
v -0.090325 0.117850 0.142750
v -0.077515 0.122869 0.143713
v -0.101942 0.111726 0.141508
v -0.040943 0.011557 0.178246
v -0.027046 0.039836 0.172763
v -0.041470 0.062160 0.167109
v -0.040884 0.038532 0.171617
v -0.039646 -0.050547 0.188123
v -0.026295 -0.016629 0.185630
v -0.040715 -0.018449 0.184498
v -0.010619 -0.048159 0.190619
v 0.003152 -0.015441 0.186344
v -0.012337 0.014322 0.179759
v -0.011576 -0.015745 0.186306
v 0.002182 0.040726 0.173704
v -0.013201 0.063572 0.169337
v -0.012851 0.040501 0.173726
v -0.028613 0.085231 0.163710
v -0.044918 0.105861 0.155701
v -0.043067 0.084598 0.162518
v 0.001769 0.085359 0.164879
v -0.014331 0.105324 0.158155
v -0.013818 0.085349 0.164730
v 0.001437 0.122671 0.151203
v -0.030966 0.124207 0.149320
v -0.014951 0.123214 0.150722
v -0.047026 0.125595 0.147242
v -0.024404 -0.082688 0.190633
v -0.009853 -0.117671 0.193129
v 0.004716 -0.081609 0.191898
v -0.009774 -0.081944 0.191710
v -0.052924 -0.086658 0.186735
v -0.039410 -0.120016 0.190245
v -0.039007 -0.084450 0.189123
v -0.055048 -0.160069 0.191001
v -0.042248 -0.199220 0.197323
v -0.026108 -0.156500 0.195161
v -0.040793 -0.157994 0.193378
v -0.010930 -0.196643 0.200211
v 0.005236 -0.155653 0.196452
v -0.010546 -0.155551 0.196197
v -0.027553 -0.239893 0.201293
v -0.011565 -0.280555 0.200954
v 0.005838 -0.238845 0.202468
v -0.011022 -0.239175 0.202569
v -0.058692 -0.243010 0.196640
v -0.045154 -0.282999 0.198567
v -0.043539 -0.241360 0.199346
v -0.064016 -0.326465 0.196996
v -0.049535 -0.367155 0.200415
v -0.030357 -0.323335 0.200443
v -0.047717 -0.324757 0.199174
v -0.014055 -0.364433 0.201933
v 0.005642 -0.322323 0.200576
v -0.012735 -0.321926 0.200317
v -0.033056 -0.407577 0.201783
v -0.014629 -0.446745 0.199952
v 0.005899 -0.407068 0.202035
v -0.014585 -0.406711 0.202435
v -0.067775 -0.409807 0.196690
v -0.050985 -0.448327 0.197180
v -0.050811 -0.408764 0.199993
v -0.069221 -0.487355 0.190928
v -0.052108 -0.524214 0.191520
v -0.033169 -0.486371 0.195753
v -0.051511 -0.487100 0.194071
v -0.014297 -0.523048 0.193178
v 0.007709 -0.485880 0.195141
v -0.014423 -0.485497 0.196044
v -0.034773 -0.559189 0.191972
v -0.015182 -0.592682 0.192752
v 0.008566 -0.559391 0.191121
v -0.014978 -0.558743 0.192372
v -0.070956 -0.558767 0.187148
v -0.053954 -0.592362 0.189831
v -0.053274 -0.559057 0.190113
v -0.072748 -0.622901 0.187214
v -0.055644 -0.652772 0.190548
v -0.035843 -0.624035 0.192219
v -0.054604 -0.623598 0.190119
v -0.017061 -0.653853 0.193902
v 0.008280 -0.624840 0.191611
v -0.016122 -0.624033 0.193029
v -0.037487 -0.680220 0.192605
v -0.017033 -0.704149 0.192793
v 0.008714 -0.681275 0.191865
v -0.016832 -0.680979 0.194276
v -0.075070 -0.677911 0.186191
v -0.057482 -0.702472 0.188677
v -0.056521 -0.678979 0.189623
v -0.076520 -0.722745 0.184775
v -0.038493 -0.724401 0.190059
v -0.057987 -0.723681 0.187790
v 0.008557 -0.725403 0.189473
v -0.017389 -0.724880 0.191327
v -0.088813 -0.591513 0.183050
v -0.106417 -0.621534 0.178245
v -0.091448 -0.650545 0.182671
v -0.090162 -0.622303 0.183107
v -0.086603 -0.524337 0.184434
v -0.103752 -0.558560 0.178813
v -0.087740 -0.558666 0.183282
v -0.117437 -0.524801 0.174488
v -0.133104 -0.558612 0.168392
v -0.120198 -0.590859 0.173510
v -0.118907 -0.558491 0.173829
v -0.136193 -0.620447 0.167516
v -0.123529 -0.648666 0.172948
v -0.121718 -0.621008 0.173120
v -0.109787 -0.676086 0.177743
v -0.094127 -0.700677 0.181621
v -0.092961 -0.676946 0.182224
v -0.139901 -0.674207 0.167166
v -0.126768 -0.698839 0.172104
v -0.125288 -0.675033 0.172723
v -0.142509 -0.718625 0.166119
v -0.128312 -0.737878 0.170786
v -0.111848 -0.720759 0.176551
v -0.127816 -0.719685 0.171561
v -0.095124 -0.739895 0.180121
v -0.094939 -0.721750 0.180904
v -0.154918 -0.696916 0.160688
v -0.168534 -0.716807 0.153785
v -0.156804 -0.735602 0.159541
v -0.156160 -0.717725 0.160170
v -0.151139 -0.647420 0.161435
v -0.165463 -0.672586 0.154800
v -0.153269 -0.673452 0.161216
v -0.174240 -0.646431 0.148278
v -0.186401 -0.671446 0.140627
v -0.178212 -0.695224 0.147520
v -0.176457 -0.672055 0.147990
v -0.189518 -0.715033 0.139724
v -0.180491 -0.733488 0.146295
v -0.179596 -0.715962 0.147004
v -0.169566 -0.749993 0.152595
v -0.156681 -0.762463 0.158343
v -0.143078 -0.751944 0.164825
v -0.156872 -0.750891 0.158954
v -0.190897 -0.747876 0.138532
v -0.180801 -0.760707 0.145267
v -0.180902 -0.748997 0.145761
v -0.190722 -0.767768 0.137686
v -0.180388 -0.771856 0.144621
v -0.169043 -0.769262 0.151582
v -0.180570 -0.768495 0.144925
v -0.155774 -0.773269 0.157539
v -0.142070 -0.770671 0.163817
v -0.156189 -0.770001 0.157906
v -0.127639 -0.763992 0.169634
v -0.111902 -0.753679 0.175159
v -0.128212 -0.752758 0.170252
v -0.126548 -0.774401 0.169074
v -0.110557 -0.771892 0.174061
v -0.127014 -0.771214 0.169219
v -0.091986 -0.775780 0.178243
v -0.093731 -0.765323 0.178947
v -0.092807 -0.772518 0.178401
v -0.094795 -0.754483 0.179364
v -0.199692 -0.759078 0.130514
v -0.207395 -0.766443 0.122083
v -0.199427 -0.770523 0.129977
v -0.199574 -0.767111 0.130117
v -0.199197 -0.731938 0.131349
v -0.207427 -0.746516 0.122785
v -0.199693 -0.747229 0.130890
v -0.213773 -0.730932 0.114563
v -0.220163 -0.745330 0.104985
v -0.214253 -0.757460 0.113947
v -0.214178 -0.745845 0.114286
v -0.220060 -0.764796 0.104542
v -0.214132 -0.769097 0.113380
v -0.214213 -0.765596 0.113554
v -0.225672 -0.756409 0.094500
v -0.230226 -0.763945 0.083360
v -0.225530 -0.767798 0.094052
v -0.225596 -0.764355 0.094227
v -0.225131 -0.730343 0.095090
v -0.230204 -0.744724 0.083836
v -0.225584 -0.745024 0.094768
v -0.233613 -0.729884 0.072695
v -0.237180 -0.743978 0.060207
v -0.234162 -0.755645 0.072030
v -0.234056 -0.744392 0.072237
v -0.237326 -0.763258 0.059571
v -0.234021 -0.767075 0.071665
v -0.234144 -0.763613 0.071740
v -0.239877 -0.754768 0.047156
v -0.241851 -0.762600 0.033842
v -0.239880 -0.766593 0.046738
v -0.239887 -0.762860 0.046905
v -0.239350 -0.729237 0.048060
v -0.241703 -0.743038 0.034454
v -0.239749 -0.743529 0.047423
v -0.242800 -0.728592 0.021875
v -0.244128 -0.742616 0.007464
v -0.243274 -0.754036 0.020620
v -0.243149 -0.742730 0.021138
v -0.244214 -0.762544 0.006797
v -0.243283 -0.766543 0.020172
v -0.243285 -0.762509 0.020329
v -0.244704 -0.754267 -0.007094
v -0.244485 -0.763536 -0.021444
v -0.244716 -0.767193 -0.007546
v -0.244703 -0.763004 -0.007444
v -0.244190 -0.728562 -0.005531
v -0.244297 -0.742978 -0.020259
v -0.244543 -0.742745 -0.006432
v -0.242932 -0.729135 -0.032877
v -0.241764 -0.743896 -0.047265
v -0.243626 -0.755120 -0.034729
v -0.243382 -0.743407 -0.033958
v -0.242044 -0.765008 -0.048939
v -0.243694 -0.768607 -0.035592
v -0.243620 -0.764271 -0.035438
v -0.239718 -0.756468 -0.061229
v -0.236810 -0.766601 -0.074623
v -0.239781 -0.770271 -0.062343
v -0.239745 -0.765823 -0.062128
v -0.238941 -0.730375 -0.059034
v -0.236379 -0.745258 -0.072662
v -0.239409 -0.744562 -0.060266
v -0.232184 -0.731813 -0.082958
v -0.228446 -0.746410 -0.094959
v -0.233001 -0.757785 -0.085403
v -0.232706 -0.745849 -0.084230
v -0.229158 -0.767751 -0.096999
v -0.233359 -0.771738 -0.086558
v -0.233214 -0.767271 -0.086313
v -0.224244 -0.758551 -0.105758
v -0.219429 -0.768312 -0.115481
v -0.224772 -0.772441 -0.107037
v -0.224545 -0.768086 -0.106743
v -0.223325 -0.732966 -0.103378
v -0.218570 -0.747160 -0.113450
v -0.223780 -0.746821 -0.104682
v -0.212198 -0.733717 -0.120062
v -0.206389 -0.747531 -0.127878
v -0.213337 -0.758896 -0.122181
v -0.212814 -0.747387 -0.121198
v -0.207367 -0.768525 -0.129699
v -0.214010 -0.772676 -0.123500
v -0.213733 -0.768462 -0.123169
v -0.200007 -0.758858 -0.134297
v -0.192737 -0.768237 -0.139570
v -0.200376 -0.772669 -0.135484
v -0.200448 -0.768408 -0.135105
v -0.198800 -0.733980 -0.132609
v -0.191739 -0.747339 -0.138281
v -0.199446 -0.747486 -0.133543
v -0.182604 -0.733567 -0.141631
v -0.174122 -0.746942 -0.145689
v -0.183926 -0.758545 -0.142766
v -0.183324 -0.747115 -0.142265
v -0.175247 -0.767921 -0.146375
v -0.184362 -0.772539 -0.143455
v -0.184318 -0.768068 -0.143204
v -0.164843 -0.758351 -0.149012
v -0.154515 -0.767896 -0.151606
v -0.165445 -0.772506 -0.149224
v -0.165314 -0.767878 -0.149132
v -0.163472 -0.733193 -0.148366
v -0.153448 -0.746824 -0.151473
v -0.164308 -0.746816 -0.148769
v -0.140838 -0.733128 -0.153516
v -0.128904 -0.746990 -0.155842
v -0.142257 -0.758430 -0.153945
v -0.141691 -0.746879 -0.153843
v -0.129944 -0.767970 -0.155965
v -0.142898 -0.772615 -0.154057
v -0.142705 -0.767931 -0.153957
v -0.115885 -0.758685 -0.157817
v -0.101693 -0.768247 -0.159687
v -0.116417 -0.772677 -0.157693
v -0.116266 -0.768068 -0.157894
v -0.114546 -0.733523 -0.157454
v -0.100936 -0.747571 -0.159429
v -0.115377 -0.747221 -0.157707
v -0.084981 -0.734226 -0.160598
v -0.086036 -0.759310 -0.160983
v -0.085677 -0.747978 -0.160870
v -0.086208 -0.772952 -0.160836
v -0.086296 -0.768474 -0.161083
v -0.127082 -0.717833 -0.155413
v -0.112667 -0.700794 -0.156978
v -0.099340 -0.718335 -0.158994
v -0.113620 -0.718100 -0.157307
v -0.125244 -0.682169 -0.154794
v -0.111224 -0.662721 -0.156069
v -0.097742 -0.682348 -0.158296
v -0.111857 -0.682214 -0.156663
v -0.082439 -0.662660 -0.158811
v -0.067426 -0.682523 -0.160472
v -0.083497 -0.701103 -0.159976
v -0.082913 -0.682430 -0.159542
v -0.068494 -0.718935 -0.161491
v -0.084246 -0.718697 -0.160387
v -0.151565 -0.717869 -0.150873
v -0.138716 -0.700713 -0.153046
v -0.139803 -0.717839 -0.153327
v -0.172438 -0.718259 -0.144816
v -0.161385 -0.700929 -0.147634
v -0.162418 -0.718028 -0.148074
v -0.170477 -0.682914 -0.143608
v -0.159561 -0.663233 -0.146468
v -0.149565 -0.682458 -0.150080
v -0.160421 -0.682602 -0.147102
v -0.137062 -0.662830 -0.152150
v -0.137886 -0.682294 -0.152702
v -0.168807 -0.643299 -0.141936
v -0.157630 -0.621592 -0.144596
v -0.147896 -0.642893 -0.148774
v -0.158808 -0.643261 -0.145703
v -0.166123 -0.598436 -0.139120
v -0.154203 -0.573728 -0.141661
v -0.145224 -0.597916 -0.146504
v -0.156120 -0.598301 -0.143173
v -0.131756 -0.572838 -0.148116
v -0.121111 -0.597093 -0.151580
v -0.135033 -0.620865 -0.150496
v -0.133542 -0.597512 -0.149325
v -0.123670 -0.642378 -0.153482
v -0.136170 -0.642671 -0.151373
v -0.180654 -0.701445 -0.140370
v -0.188227 -0.683124 -0.134792
v -0.178926 -0.663579 -0.138602
v -0.179730 -0.682949 -0.139511
v -0.190250 -0.718810 -0.136827
v -0.181690 -0.718516 -0.141066
v -0.204964 -0.718891 -0.125825
v -0.197012 -0.701729 -0.130607
v -0.197919 -0.718887 -0.131746
v -0.203136 -0.682962 -0.123108
v -0.195217 -0.663605 -0.128043
v -0.196062 -0.683101 -0.129345
v -0.186549 -0.643560 -0.132504
v -0.176899 -0.621854 -0.136178
v -0.178058 -0.643441 -0.137540
v -0.201408 -0.643072 -0.120124
v -0.193252 -0.621798 -0.125025
v -0.194285 -0.643287 -0.126668
v -0.199058 -0.598233 -0.116366
v -0.190292 -0.573917 -0.121107
v -0.184060 -0.598754 -0.129152
v -0.191911 -0.598611 -0.123111
v -0.173672 -0.574118 -0.132732
v -0.175444 -0.598785 -0.134479
v -0.195881 -0.547472 -0.112158
v -0.186604 -0.520761 -0.117055
v -0.180570 -0.548478 -0.125419
v -0.188608 -0.548089 -0.119119
v -0.191777 -0.490841 -0.107569
v -0.181969 -0.460446 -0.112215
v -0.176246 -0.492174 -0.121581
v -0.184433 -0.491663 -0.114877
v -0.164893 -0.461375 -0.125065
v -0.157875 -0.492608 -0.132731
v -0.169772 -0.521479 -0.129307
v -0.167495 -0.492547 -0.127497
v -0.162413 -0.548466 -0.135980
v -0.171908 -0.548663 -0.131051
v -0.206808 -0.620924 -0.110955
v -0.211461 -0.596933 -0.100690
v -0.204068 -0.572703 -0.106694
v -0.205642 -0.597648 -0.108875
v -0.208716 -0.662959 -0.114512
v -0.213703 -0.642122 -0.104723
v -0.207880 -0.642652 -0.112825
v -0.219971 -0.661873 -0.097592
v -0.223733 -0.640267 -0.086178
v -0.218009 -0.619407 -0.093835
v -0.219072 -0.641176 -0.095772
v -0.221618 -0.594555 -0.082208
v -0.215419 -0.570781 -0.089577
v -0.216798 -0.595774 -0.091796
v -0.208441 -0.545710 -0.096231
v -0.200669 -0.519253 -0.102137
v -0.202509 -0.546804 -0.104480
v -0.218727 -0.543174 -0.077803
v -0.212134 -0.516879 -0.084760
v -0.213905 -0.544531 -0.087299
v -0.214551 -0.485982 -0.072567
v -0.207307 -0.456217 -0.079099
v -0.204450 -0.488904 -0.091165
v -0.209822 -0.487562 -0.082114
v -0.195919 -0.458748 -0.096830
v -0.198451 -0.489995 -0.099654
v -0.209316 -0.421063 -0.066720
v -0.201304 -0.387364 -0.073168
v -0.199351 -0.424162 -0.085179
v -0.204708 -0.422747 -0.076087
v -0.201779 -0.348516 -0.060507
v -0.192479 -0.311950 -0.065634
v -0.191790 -0.351597 -0.078200
v -0.197073 -0.350313 -0.069619
v -0.181440 -0.314885 -0.082073
v -0.179101 -0.353951 -0.094036
v -0.190022 -0.389899 -0.090385
v -0.185807 -0.352876 -0.086388
v -0.186682 -0.426324 -0.101702
v -0.193362 -0.425327 -0.093722
v -0.221153 -0.513494 -0.065166
v -0.222388 -0.481957 -0.052034
v -0.216176 -0.452646 -0.059464
v -0.218736 -0.484049 -0.062557
v -0.224490 -0.567898 -0.069983
v -0.226772 -0.539480 -0.057058
v -0.222987 -0.541424 -0.067772
v -0.231326 -0.564150 -0.048112
v -0.232416 -0.534998 -0.034397
v -0.227913 -0.509142 -0.043547
v -0.229953 -0.537317 -0.045871
v -0.227853 -0.476930 -0.029753
v -0.222680 -0.448007 -0.038290
v -0.225462 -0.479526 -0.041022
v -0.216985 -0.416809 -0.046536
v -0.210112 -0.383632 -0.054083
v -0.213435 -0.419141 -0.056775
v -0.222320 -0.411631 -0.024971
v -0.216610 -0.378573 -0.033462
v -0.219984 -0.414302 -0.035882
v -0.214397 -0.338160 -0.020164
v -0.207015 -0.302648 -0.027820
v -0.209347 -0.343781 -0.040984
v -0.212207 -0.341159 -0.030743
v -0.200903 -0.308099 -0.047536
v -0.205861 -0.346488 -0.050960
v -0.204929 -0.260866 -0.016119
v -0.198407 -0.225772 -0.025018
v -0.200238 -0.266536 -0.035871
v -0.202884 -0.263833 -0.026125
v -0.194597 -0.187408 -0.014332
v -0.188803 -0.155768 -0.022635
v -0.190747 -0.192277 -0.032964
v -0.192981 -0.189638 -0.023729
v -0.184048 -0.160050 -0.040344
v -0.184578 -0.196097 -0.050405
v -0.193086 -0.230758 -0.043697
v -0.187972 -0.194301 -0.041867
v -0.193240 -0.270921 -0.054210
v -0.197025 -0.268875 -0.045230
v -0.220535 -0.372709 -0.011822
v -0.216779 -0.331500 0.001546
v -0.210600 -0.296243 -0.007072
v -0.215914 -0.334958 -0.009521
v -0.226660 -0.442563 -0.016000
v -0.225077 -0.405558 -0.002330
v -0.224041 -0.408641 -0.013763
v -0.228039 -0.436408 0.007322
v -0.225073 -0.398812 0.020642
v -0.221738 -0.365992 0.010801
v -0.225427 -0.402317 0.009103
v -0.216371 -0.324012 0.023775
v -0.211613 -0.289005 0.014341
v -0.216953 -0.327867 0.012690
v -0.207132 -0.254267 0.004428
v -0.201274 -0.219965 -0.005341
v -0.206379 -0.257712 -0.005909
v -0.206584 -0.246524 0.025859
v -0.201634 -0.213074 0.015181
v -0.207211 -0.250581 0.015099
v -0.195494 -0.173892 0.025674
v -0.191670 -0.144115 0.015612
v -0.196152 -0.181389 0.005162
v -0.196080 -0.177407 0.015494
v -0.191321 -0.151072 -0.004087
v -0.195638 -0.184625 -0.004683
v -0.186933 -0.111020 0.025467
v -0.183922 -0.088022 0.015188
v -0.187478 -0.118181 0.005678
v -0.187483 -0.114827 0.015446
v -0.181098 -0.060438 0.024274
v -0.180094 -0.041379 0.013307
v -0.181145 -0.066382 0.004940
v -0.181365 -0.063499 0.014410
v -0.178821 -0.046416 -0.005055
v -0.179457 -0.070932 -0.013102
v -0.183480 -0.093943 -0.003899
v -0.180526 -0.068870 -0.004332
v -0.185971 -0.123649 -0.013061
v -0.186960 -0.121098 -0.003746
v -0.199480 -0.204961 0.036447
v -0.192515 -0.164646 0.046809
v -0.189930 -0.136313 0.036099
v -0.194263 -0.169292 0.036280
v -0.209952 -0.280672 0.036183
v -0.203195 -0.237392 0.047575
v -0.205253 -0.242101 0.036591
v -0.205380 -0.271157 0.058154
v -0.197197 -0.227776 0.068794
v -0.194967 -0.195348 0.057843
v -0.200540 -0.232583 0.058238
v -0.187429 -0.154978 0.067947
v -0.186025 -0.127425 0.057115
v -0.190271 -0.159830 0.057338
v -0.184385 -0.102949 0.046231
v -0.182477 -0.080718 0.035391
v -0.185992 -0.107396 0.035708
v -0.179580 -0.093892 0.067285
v -0.179243 -0.072287 0.056204
v -0.182276 -0.098416 0.056733
v -0.175316 -0.044228 0.065822
v -0.177116 -0.026954 0.053710
v -0.179125 -0.052649 0.044807
v -0.177462 -0.048449 0.055215
v -0.179574 -0.034926 0.032967
v -0.180376 -0.056681 0.034339
v -0.176018 -0.003403 0.062111
v -0.178868 0.008892 0.049184
v -0.179036 -0.012210 0.041366
v -0.177741 -0.007849 0.051706
v -0.178993 0.027943 0.056914
v -0.182298 0.036110 0.043422
v -0.181416 0.019393 0.036258
v -0.180438 0.023436 0.046456
v -0.183738 0.028543 0.023633
v -0.182152 0.012349 0.016386
v -0.180716 0.000978 0.028656
v -0.181990 0.015712 0.026167
v -0.180329 -0.019520 0.021023
v -0.179941 -0.015984 0.031072
v -0.174149 -0.063376 0.077474
v -0.169534 -0.034349 0.086716
v -0.172769 -0.017603 0.074739
v -0.172665 -0.039331 0.076390
v -0.179925 -0.118032 0.077953
v -0.172832 -0.085102 0.088179
v -0.176408 -0.089346 0.077785
v -0.171253 -0.108663 0.098221
v -0.163799 -0.075236 0.108313
v -0.166805 -0.053588 0.098156
v -0.168574 -0.080264 0.098344
v -0.161463 -0.023843 0.106455
v -0.166244 -0.007342 0.094991
v -0.165796 -0.029106 0.096874
v -0.170888 0.006606 0.082757
v -0.175090 0.018320 0.069991
v -0.173738 0.001411 0.072602
v -0.168726 0.029165 0.089482
v -0.167396 0.012117 0.092496
v -0.172553 0.056890 0.082483
v -0.174005 0.038231 0.076948
v -0.170513 0.044096 0.086089
v -0.178737 0.045563 0.063955
v -0.176796 0.032901 0.067242
v -0.179825 -0.145308 0.088622
v -0.178881 -0.175279 0.099079
v -0.169577 -0.135114 0.108281
v -0.175109 -0.140193 0.098535
v -0.188147 -0.185265 0.078806
v -0.184011 -0.150378 0.078357
v -0.198068 -0.261215 0.079413
v -0.188681 -0.217782 0.089678
v -0.193239 -0.222895 0.079431
v -0.188205 -0.251070 0.100135
v -0.177608 -0.207335 0.109750
v -0.183477 -0.212523 0.099918
v -0.167099 -0.164855 0.118194
v -0.156501 -0.124957 0.126543
v -0.160122 -0.098584 0.117437
v -0.163396 -0.129790 0.117537
v -0.175732 -0.241223 0.119643
v -0.163848 -0.197319 0.128250
v -0.171029 -0.202260 0.119211
v -0.160563 -0.231916 0.137927
v -0.147423 -0.187661 0.145411
v -0.152372 -0.154649 0.135880
v -0.155933 -0.192408 0.137054
v -0.140678 -0.115289 0.143002
v -0.146737 -0.089036 0.135565
v -0.148855 -0.119965 0.135051
v -0.152359 -0.065361 0.127131
v -0.156890 -0.043462 0.117221
v -0.158429 -0.070484 0.118099
v -0.144715 -0.032824 0.134023
v -0.145568 -0.060160 0.135438
v -0.151074 -0.012953 0.124053
v -0.144999 -0.007595 0.132108
v -0.156567 -0.018624 0.115470
v -0.172901 -0.276942 0.128843
v -0.169548 -0.313022 0.137579
v -0.156172 -0.268604 0.146590
v -0.164862 -0.272557 0.137913
v -0.186847 -0.286132 0.109834
v -0.185116 -0.321505 0.119170
v -0.180202 -0.281387 0.119548
v -0.196622 -0.365581 0.108501
v -0.193761 -0.399309 0.117440
v -0.182596 -0.357270 0.127883
v -0.189989 -0.361395 0.118303
v -0.178483 -0.392201 0.136037
v -0.165724 -0.349700 0.145715
v -0.174568 -0.353406 0.136970
v -0.151242 -0.305185 0.154593
v -0.136329 -0.260567 0.162979
v -0.142302 -0.223126 0.154895
v -0.146654 -0.264277 0.155041
v -0.159856 -0.385675 0.153308
v -0.145481 -0.342622 0.162175
v -0.156043 -0.345978 0.154157
v -0.137791 -0.379902 0.168800
v -0.121681 -0.336427 0.176573
v -0.129632 -0.298425 0.169976
v -0.133949 -0.339237 0.169688
v -0.113482 -0.253746 0.177097
v -0.121208 -0.215247 0.169577
v -0.125290 -0.257095 0.170349
v -0.128198 -0.179236 0.160638
v -0.134816 -0.145581 0.151667
v -0.138196 -0.183360 0.153330
v -0.106437 -0.171522 0.173266
v -0.114634 -0.137611 0.164926
v -0.117617 -0.175277 0.167258
v -0.102422 -0.099606 0.169372
v -0.122639 -0.107299 0.157311
v -0.112815 -0.103443 0.163626
v -0.131957 -0.111212 0.150381
v -0.104513 -0.292099 0.183075
v -0.087880 -0.247326 0.188394
v -0.097481 -0.208269 0.181620
v -0.100974 -0.250566 0.183147
v -0.111859 -0.374903 0.182432
v -0.094403 -0.331071 0.188635
v -0.108437 -0.333755 0.182914
v -0.082414 -0.370727 0.193666
v -0.076638 -0.287061 0.192969
v -0.079697 -0.328924 0.193556
v -0.070970 -0.202966 0.191135
v -0.073687 -0.244938 0.192921
v -0.082188 -0.164940 0.183458
v -0.092313 -0.130252 0.175708
v -0.094617 -0.167998 0.178659
v -0.067130 -0.124199 0.184440
v -0.068962 -0.162376 0.187736
v -0.079347 -0.092323 0.179372
v -0.066511 -0.089279 0.183465
v -0.091242 -0.095775 0.174614
v -0.151852 -0.420732 0.160141
v -0.141873 -0.455513 0.165750
v -0.127574 -0.416412 0.174424
v -0.140255 -0.418464 0.167503
v -0.172512 -0.425936 0.143680
v -0.164441 -0.459177 0.150671
v -0.162655 -0.423314 0.152084
v -0.176170 -0.495370 0.141445
v -0.168009 -0.527460 0.148901
v -0.155126 -0.492568 0.156693
v -0.165995 -0.493862 0.149378
v -0.144681 -0.525793 0.162662
v -0.130250 -0.490461 0.170252
v -0.143192 -0.491433 0.163716
v -0.115275 -0.452470 0.178766
v -0.099445 -0.412702 0.186661
v -0.113938 -0.414446 0.180820
v -0.101384 -0.488629 0.181885
v -0.116311 -0.489483 0.176405
v -0.085161 -0.450011 0.189512
v -0.085680 -0.488003 0.186723
v -0.084314 -0.411282 0.192031
v -0.183255 -0.463409 0.133941
v -0.193765 -0.499153 0.124300
v -0.187729 -0.530117 0.132890
v -0.185360 -0.497183 0.133103
v -0.189279 -0.431656 0.125856
v -0.181308 -0.428755 0.134982
v -0.202955 -0.437855 0.106523
v -0.198786 -0.468202 0.115650
v -0.196492 -0.434719 0.116281
v -0.208034 -0.503473 0.105320
v -0.203663 -0.533300 0.114826
v -0.201289 -0.501258 0.115124
v -0.197644 -0.562668 0.123999
v -0.190811 -0.591526 0.132651
v -0.180004 -0.560621 0.140929
v -0.189276 -0.561507 0.132783
v -0.211741 -0.565197 0.105052
v -0.206505 -0.593112 0.114684
v -0.205131 -0.563872 0.114692
v -0.214182 -0.621257 0.105195
v -0.208862 -0.646407 0.115211
v -0.200403 -0.620192 0.124049
v -0.207733 -0.620784 0.114855
v -0.193470 -0.646163 0.132971
v -0.182765 -0.619583 0.140835
v -0.192032 -0.619780 0.132811
v -0.171371 -0.590746 0.148273
v -0.158552 -0.559320 0.155738
v -0.169795 -0.559839 0.148586
v -0.161627 -0.619770 0.155075
v -0.172807 -0.619621 0.148118
v -0.147908 -0.590620 0.161826
v -0.149432 -0.619980 0.161464
v -0.146332 -0.558942 0.162333
v -0.218754 -0.595196 0.094793
v -0.224607 -0.622979 0.084185
v -0.220871 -0.647078 0.095163
v -0.219796 -0.622121 0.094929
v -0.216212 -0.537084 0.094889
v -0.222568 -0.568527 0.084064
v -0.217562 -0.566869 0.094790
v -0.225671 -0.541411 0.073183
v -0.230423 -0.572179 0.061404
v -0.227932 -0.597850 0.072782
v -0.226847 -0.570232 0.072977
v -0.232206 -0.625006 0.061100
v -0.229704 -0.648283 0.073135
v -0.228747 -0.624028 0.072819
v -0.226807 -0.671390 0.084516
v -0.223360 -0.693303 0.095342
v -0.216716 -0.671275 0.105571
v -0.222166 -0.671269 0.095348
v -0.234086 -0.672122 0.061312
v -0.231911 -0.693416 0.073005
v -0.230748 -0.671764 0.073188
v -0.236113 -0.713017 0.060853
v -0.229064 -0.713200 0.084302
v -0.232927 -0.713067 0.072888
v -0.219075 -0.713503 0.105490
v -0.224497 -0.713261 0.095164
v -0.211839 -0.693513 0.115155
v -0.203414 -0.671091 0.124223
v -0.210528 -0.671113 0.115131
v -0.206193 -0.714158 0.123670
v -0.213087 -0.713767 0.114807
v -0.196964 -0.694077 0.132442
v -0.198362 -0.714506 0.131928
v -0.195400 -0.671192 0.132691
v -0.234269 -0.600784 0.049207
v -0.237237 -0.627066 0.036639
v -0.235887 -0.649641 0.049110
v -0.235008 -0.625985 0.049073
v -0.232270 -0.545903 0.049982
v -0.235627 -0.576015 0.037138
v -0.233363 -0.574076 0.049429
v -0.236175 -0.550726 0.025419
v -0.238172 -0.579783 0.012121
v -0.238039 -0.603932 0.024182
v -0.237236 -0.577946 0.024621
v -0.239856 -0.629349 0.010758
v -0.239692 -0.651301 0.023396
v -0.238849 -0.628326 0.023876
v -0.238941 -0.672891 0.036350
v -0.237762 -0.693505 0.048782
v -0.236827 -0.672485 0.048989
v -0.241527 -0.673761 0.009957
v -0.241396 -0.693865 0.022752
v -0.240544 -0.673349 0.023165
v -0.243149 -0.712473 0.008902
v -0.240722 -0.712576 0.035555
v -0.242221 -0.712483 0.022296
v -0.238722 -0.712779 0.048314
v -0.239290 -0.607017 -0.001477
v -0.239872 -0.632010 -0.015275
v -0.241091 -0.652956 -0.002975
v -0.240194 -0.630695 -0.002178
v -0.237333 -0.555310 0.000316
v -0.237976 -0.583814 -0.013369
v -0.238435 -0.581858 -0.000576
v -0.235708 -0.559794 -0.024422
v -0.235054 -0.587719 -0.038081
v -0.237857 -0.610427 -0.027029
v -0.236817 -0.585915 -0.025940
v -0.237180 -0.634871 -0.040700
v -0.239806 -0.655040 -0.029350
v -0.238868 -0.633358 -0.028122
v -0.241684 -0.675217 -0.016813
v -0.242712 -0.694364 -0.003967
v -0.241894 -0.674334 -0.003428
v -0.239105 -0.676944 -0.042967
v -0.241543 -0.695674 -0.031065
v -0.240731 -0.676114 -0.030131
v -0.240665 -0.713982 -0.045124
v -0.243244 -0.713060 -0.018484
v -0.242294 -0.713534 -0.032009
v -0.243512 -0.712620 -0.004760
v -0.233764 -0.613753 -0.051365
v -0.231701 -0.637824 -0.064637
v -0.235826 -0.657538 -0.054330
v -0.234813 -0.636356 -0.052834
v -0.229476 -0.591521 -0.061288
v -0.232657 -0.589621 -0.049775
v -0.226944 -0.616892 -0.073930
v -0.225787 -0.593165 -0.072070
v -0.229001 -0.659931 -0.077441
v -0.228055 -0.639099 -0.075664
v -0.233582 -0.679142 -0.067627
v -0.237527 -0.697440 -0.056820
v -0.236735 -0.678034 -0.055518
v -0.225691 -0.681029 -0.089346
v -0.230696 -0.699177 -0.080347
v -0.229867 -0.680224 -0.078906
v -0.227254 -0.717133 -0.092349
v -0.235174 -0.715667 -0.070241
v -0.231480 -0.716522 -0.081726
v -0.238284 -0.714863 -0.057991
v -0.235455 -0.524695 0.014289
v -0.233487 -0.498460 0.003500
v -0.235326 -0.530107 -0.010443
v -0.235750 -0.527545 0.001891
v -0.230453 -0.464975 0.017337
v -0.230527 -0.471322 -0.006618
v -0.230872 -0.468279 0.005311
v -0.232092 -0.504099 -0.020425
v -0.229500 -0.474239 -0.018366
v -0.234209 -0.532672 -0.022529
v -0.232791 -0.519225 0.038649
v -0.232096 -0.492360 0.027810
v -0.234472 -0.522106 0.026462
v -0.227354 -0.513904 0.062217
v -0.227914 -0.486077 0.051569
v -0.230402 -0.516440 0.050677
v -0.222029 -0.451670 0.063865
v -0.222591 -0.422545 0.053728
v -0.227603 -0.458445 0.040949
v -0.225134 -0.454988 0.052618
v -0.226724 -0.429841 0.030559
v -0.229392 -0.461776 0.029295
v -0.216518 -0.383115 0.066045
v -0.215611 -0.349873 0.056110
v -0.222268 -0.391402 0.043543
v -0.219761 -0.387378 0.054903
v -0.207006 -0.305755 0.068370
v -0.213110 -0.315414 0.046253
v -0.210437 -0.310758 0.057243
v -0.220083 -0.358441 0.033558
v -0.215128 -0.319801 0.035104
v -0.224020 -0.395257 0.032052
v -0.221049 -0.479827 0.074301
v -0.213808 -0.444631 0.085812
v -0.215794 -0.414880 0.075954
v -0.218241 -0.448068 0.075056
v -0.219146 -0.508529 0.084574
v -0.223583 -0.511053 0.073661
v -0.211341 -0.473705 0.095745
v -0.213950 -0.505918 0.095158
v -0.206183 -0.406932 0.097313
v -0.208778 -0.441270 0.096254
v -0.207916 -0.374332 0.087806
v -0.208246 -0.340344 0.078287
v -0.212544 -0.378690 0.077145
v -0.198103 -0.330789 0.099327
v -0.202605 -0.369965 0.098226
v -0.198182 -0.295987 0.089552
v -0.192832 -0.290953 0.099876
v -0.202908 -0.300944 0.079082
v -0.185702 0.036753 0.011949
v -0.187188 0.044313 0.001310
v -0.184360 0.032135 -0.005755
v -0.183262 0.022761 0.004921
v -0.185181 0.034178 0.003013
v -0.189613 0.055729 0.008231
v -0.190836 0.061424 -0.001502
v -0.188166 0.051506 -0.008547
v -0.189003 0.053379 -0.000167
v -0.188722 0.058631 -0.017635
v -0.185646 0.049456 -0.025004
v -0.185260 0.040910 -0.015694
v -0.186948 0.050227 -0.016793
v -0.181666 0.029346 -0.022666
v -0.181274 0.018865 -0.012591
v -0.183164 0.030545 -0.014295
v -0.181078 0.007369 -0.002087
v -0.180792 -0.005105 0.009163
v -0.181852 0.009661 0.006952
v -0.178296 0.004236 -0.019307
v -0.179127 -0.009520 -0.008896
v -0.179888 0.005518 -0.010783
v -0.177554 -0.028538 -0.015499
v -0.179768 -0.024770 0.002035
v -0.178860 -0.026925 -0.006844
v -0.180275 -0.022238 0.011422
v -0.185223 0.043305 0.030643
v -0.187789 0.049719 0.018930
v -0.185618 0.039811 0.021155
v -0.183073 0.051539 0.050313
v -0.186374 0.057118 0.037476
v -0.184378 0.047249 0.040364
v -0.187450 0.070089 0.043766
v -0.191473 0.073546 0.032073
v -0.188967 0.061980 0.025903
v -0.188354 0.065817 0.034740
v -0.191688 0.066417 0.015102
v -0.189405 0.058595 0.016999
v -0.193673 0.084701 0.037318
v -0.196862 0.086519 0.025994
v -0.194684 0.076626 0.021007
v -0.194365 0.080413 0.029112
v -0.198539 0.096250 0.030317
v -0.201246 0.096979 0.019493
v -0.199505 0.088267 0.015416
v -0.199064 0.091963 0.022789
v -0.201736 0.090194 0.005471
v -0.199782 0.082835 0.000714
v -0.197486 0.079666 0.010590
v -0.199807 0.085260 0.008132
v -0.194144 0.070582 0.004912
v -0.194569 0.073346 0.012949
v -0.183002 0.066269 0.056333
v -0.184265 0.080197 0.061618
v -0.189398 0.082723 0.049065
v -0.186153 0.074898 0.052801
v -0.178227 0.061827 0.069918
v -0.180951 0.056453 0.060437
v -0.178197 0.077374 0.074463
v -0.175020 0.067729 0.078613
v -0.184726 0.094028 0.064972
v -0.181562 0.086146 0.069775
v -0.190488 0.094935 0.053239
v -0.195005 0.095659 0.041632
v -0.192379 0.089504 0.045370
v -0.191066 0.107252 0.055855
v -0.187933 0.100960 0.060343
v -0.196824 0.118096 0.046948
v -0.196081 0.106807 0.044485
v -0.194011 0.112921 0.051191
v -0.199849 0.106411 0.033436
v -0.197494 0.101208 0.037353
v -0.203684 0.092266 -0.003564
v -0.205184 0.094655 -0.012312
v -0.202452 0.089558 -0.017934
v -0.201145 0.086053 -0.008954
v -0.203153 0.090598 -0.010711
v -0.207535 0.099833 -0.007093
v -0.208629 0.101617 -0.015014
v -0.206406 0.097400 -0.020593
v -0.206933 0.098325 -0.013869
v -0.207290 0.100562 -0.028275
v -0.204883 0.097592 -0.034168
v -0.203687 0.093440 -0.026416
v -0.205589 0.097205 -0.027464
v -0.200647 0.089480 -0.032195
v -0.199568 0.084471 -0.023746
v -0.201657 0.089174 -0.025034
v -0.198417 0.079741 -0.014511
v -0.196503 0.075123 -0.004930
v -0.199195 0.080973 -0.006904
v -0.196255 0.079127 -0.029635
v -0.194557 0.072936 -0.020426
v -0.197401 0.079118 -0.022154
v -0.190114 0.065688 -0.026773
v -0.192574 0.067014 -0.010997
v -0.191421 0.066066 -0.018894
v -0.193484 0.068529 -0.003070
v -0.203582 0.097712 0.009908
v -0.205644 0.098640 0.001102
v -0.203785 0.094612 0.003339
v -0.202983 0.105715 0.023706
v -0.205334 0.105451 0.014193
v -0.203351 0.101457 0.016761
v -0.207477 0.113005 0.018978
v -0.209340 0.112240 0.010542
v -0.207485 0.105284 0.005785
v -0.207355 0.108946 0.012216
v -0.209273 0.105503 -0.002092
v -0.207531 0.102228 -0.000691
v -0.212073 0.118391 0.015728
v -0.214019 0.116826 0.008124
v -0.211611 0.111070 0.003145
v -0.211734 0.114629 0.009325
v -0.217002 0.121989 0.013353
v -0.218834 0.120569 0.005908
v -0.215960 0.115562 0.000997
v -0.216357 0.118785 0.006974
v -0.218338 0.114102 -0.005503
v -0.215823 0.109759 -0.010683
v -0.213628 0.110372 -0.003878
v -0.215844 0.112420 -0.004757
v -0.211509 0.105539 -0.009181
v -0.211533 0.108017 -0.003028
v -0.204418 0.114806 0.027479
v -0.206252 0.123658 0.031496
v -0.209241 0.121306 0.023106
v -0.206854 0.118182 0.025301
v -0.200996 0.116457 0.036723
v -0.202164 0.110779 0.030207
v -0.202558 0.126397 0.040336
v -0.199650 0.122524 0.043304
v -0.208576 0.132310 0.035328
v -0.205569 0.129550 0.037643
v -0.211665 0.128872 0.027527
v -0.214282 0.125603 0.019977
v -0.211829 0.123496 0.021589
v -0.214434 0.136114 0.031700
v -0.211554 0.134305 0.033497
v -0.220003 0.139170 0.028833
v -0.216990 0.132514 0.024360
v -0.217303 0.137703 0.030318
v -0.219335 0.129048 0.017334
v -0.216889 0.127233 0.018698
v -0.220753 0.113143 -0.012014
v -0.222895 0.113679 -0.018721
v -0.219557 0.111446 -0.024225
v -0.217365 0.110632 -0.017637
v -0.220110 0.112038 -0.018127
v -0.226832 0.115686 -0.013220
v -0.229533 0.116436 -0.020063
v -0.225654 0.114288 -0.025196
v -0.226179 0.114842 -0.019246
v -0.228991 0.115257 -0.031668
v -0.224968 0.114453 -0.037115
v -0.222126 0.112632 -0.030691
v -0.225231 0.114185 -0.031170
v -0.218588 0.111745 -0.036428
v -0.216388 0.109672 -0.029944
v -0.219180 0.111126 -0.030296
v -0.214545 0.107848 -0.023213
v -0.212872 0.106593 -0.016339
v -0.215177 0.108554 -0.016921
v -0.213509 0.108100 -0.035855
v -0.211654 0.105648 -0.029120
v -0.214000 0.107695 -0.029529
v -0.208806 0.103731 -0.035223
v -0.210165 0.103410 -0.022201
v -0.209560 0.103207 -0.028699
v -0.210833 0.104176 -0.015705
v -0.221019 0.118896 -0.000745
v -0.223761 0.117010 -0.006980
v -0.220935 0.115591 -0.006238
v -0.221992 0.125223 0.011094
v -0.224176 0.123558 0.004079
v -0.221444 0.122030 0.005039
v -0.227855 0.127611 0.009192
v -0.230786 0.125788 0.002498
v -0.226903 0.121720 -0.002359
v -0.227248 0.124736 0.003224
v -0.230289 0.119606 -0.008567
v -0.226775 0.118473 -0.007805
v -0.220338 0.115283 -0.043100
v -0.215927 0.116597 -0.049231
v -0.214526 0.112052 -0.042633
v -0.217288 0.113744 -0.042837
v -0.227393 0.118200 -0.043911
v -0.222470 0.119796 -0.049716
v -0.223729 0.116698 -0.043442
v -0.225184 0.124315 -0.056126
v -0.217796 0.121375 -0.055632
v -0.221285 0.122996 -0.055830
v -0.211696 0.118081 -0.055473
v -0.214612 0.119822 -0.055509
v -0.210471 0.112601 -0.048954
v -0.209470 0.107870 -0.042242
v -0.211959 0.110019 -0.042416
v -0.207481 0.118964 -0.061523
v -0.206275 0.113517 -0.055352
v -0.208885 0.115912 -0.055416
v -0.202023 0.114224 -0.061771
v -0.201223 0.107952 -0.055425
v -0.205507 0.107784 -0.048687
v -0.203687 0.110963 -0.055367
v -0.204886 0.102532 -0.041824
v -0.207281 0.105310 -0.042000
v -0.202464 0.122062 -0.068025
v -0.197226 0.125016 -0.074610
v -0.196747 0.116441 -0.068563
v -0.199599 0.119383 -0.068219
v -0.203294 0.129990 -0.073979
v -0.205388 0.124446 -0.067879
v -0.197939 0.133269 -0.079989
v -0.201159 0.135535 -0.079548
v -0.191475 0.127919 -0.081098
v -0.194690 0.130903 -0.080510
v -0.191159 0.117805 -0.075353
v -0.191659 0.107778 -0.069149
v -0.197161 0.107438 -0.062020
v -0.194084 0.112289 -0.068751
v -0.184587 0.130544 -0.087490
v -0.184700 0.119191 -0.082237
v -0.188044 0.123719 -0.081597
v -0.177318 0.120556 -0.089269
v -0.178668 0.107515 -0.083595
v -0.185554 0.107862 -0.076425
v -0.181543 0.113845 -0.082980
v -0.186759 0.096696 -0.069245
v -0.192704 0.098238 -0.061906
v -0.189240 0.102653 -0.069418
v -0.197072 0.099795 -0.055258
v -0.201156 0.101169 -0.048432
v -0.199137 0.104065 -0.055348
v -0.192423 0.089474 -0.054338
v -0.197064 0.092341 -0.047543
v -0.194918 0.094981 -0.054937
v -0.196747 0.085429 -0.038833
v -0.201283 0.095007 -0.040733
v -0.199058 0.090547 -0.039842
v -0.203135 0.098961 -0.041407
v -0.180014 0.094590 -0.076247
v -0.181370 0.082406 -0.067681
v -0.187587 0.086121 -0.060717
v -0.184070 0.089854 -0.068516
v -0.170942 0.106501 -0.090271
v -0.172550 0.091832 -0.082919
v -0.175761 0.100134 -0.083454
v -0.164309 0.088246 -0.089202
v -0.166055 0.072796 -0.080365
v -0.174352 0.078087 -0.074389
v -0.169543 0.082792 -0.082094
v -0.174611 0.064905 -0.064752
v -0.181706 0.071035 -0.058264
v -0.178471 0.074207 -0.066333
v -0.187580 0.076480 -0.052073
v -0.192490 0.081163 -0.045416
v -0.190075 0.083313 -0.053270
v -0.180841 0.060199 -0.049075
v -0.186548 0.067050 -0.042550
v -0.184434 0.068809 -0.050557
v -0.185401 0.058139 -0.033496
v -0.191756 0.073342 -0.036057
v -0.188410 0.066041 -0.034623
v -0.194568 0.079780 -0.037507
v -0.166578 0.057818 -0.070752
v -0.168351 0.043926 -0.062541
v -0.174637 0.052381 -0.055827
v -0.170883 0.054759 -0.063307
v -0.156552 0.066014 -0.085271
v -0.158326 0.049691 -0.076582
v -0.161793 0.061656 -0.078141
v -0.150987 0.040036 -0.082521
v -0.155450 0.022707 -0.074303
v -0.161865 0.034193 -0.068648
v -0.156601 0.036846 -0.075635
v -0.165091 0.018815 -0.060089
v -0.170716 0.030295 -0.054181
v -0.166624 0.031998 -0.061592
v -0.175893 0.040689 -0.047497
v -0.180607 0.049756 -0.040417
v -0.177803 0.050780 -0.048115
v -0.172379 0.016858 -0.045105
v -0.177113 0.028789 -0.038767
v -0.174119 0.029357 -0.046559
v -0.177678 0.016901 -0.029226
v -0.181475 0.039707 -0.031943
v -0.179521 0.028910 -0.030735
v -0.183270 0.049316 -0.032785
v -0.159675 0.005337 -0.065508
v -0.163842 -0.012377 -0.056435
v -0.167965 0.003107 -0.050908
v -0.164056 0.004064 -0.058369
v -0.149038 0.009098 -0.079226
v -0.154587 -0.010353 -0.070515
v -0.154756 0.006875 -0.072509
v -0.149715 -0.028900 -0.074992
v -0.155600 -0.051534 -0.066920
v -0.159968 -0.030488 -0.061583
v -0.155149 -0.029893 -0.068453
v -0.164497 -0.051813 -0.053023
v -0.167835 -0.031441 -0.047205
v -0.164199 -0.031131 -0.054526
v -0.170811 -0.013163 -0.041524
v -0.173965 0.002856 -0.035507
v -0.171185 0.002724 -0.043342
v -0.171140 -0.051337 -0.038074
v -0.173583 -0.030613 -0.031838
v -0.170934 -0.031163 -0.039649
v -0.175830 -0.049485 -0.022107
v -0.175820 -0.012299 -0.025667
v -0.175785 -0.029652 -0.023714
v -0.176330 0.003241 -0.027491
v -0.162711 -0.076207 -0.060333
v -0.169690 -0.102546 -0.053837
v -0.170438 -0.075631 -0.045709
v -0.166849 -0.076059 -0.053200
v -0.152474 -0.075595 -0.073703
v -0.160614 -0.103438 -0.068136
v -0.157897 -0.075849 -0.067168
v -0.158424 -0.133393 -0.076626
v -0.167477 -0.165087 -0.071694
v -0.168844 -0.132810 -0.062636
v -0.163965 -0.133064 -0.069808
v -0.176992 -0.163152 -0.056663
v -0.176826 -0.130683 -0.047179
v -0.173137 -0.131944 -0.055135
v -0.176436 -0.101009 -0.038366
v -0.175934 -0.073937 -0.030054
v -0.173450 -0.074900 -0.037973
v -0.182421 -0.127569 -0.030712
v -0.179913 -0.129158 -0.039063
v -0.180955 -0.097761 -0.021611
v -0.184472 -0.125695 -0.022013
v -0.177949 -0.072636 -0.021717
v -0.149028 -0.102696 -0.081037
v -0.145444 -0.132560 -0.089032
v -0.155346 -0.165701 -0.085278
v -0.152258 -0.133075 -0.083036
v -0.144104 -0.049555 -0.079471
v -0.139592 -0.073979 -0.085682
v -0.146394 -0.074965 -0.079837
v -0.130170 -0.046672 -0.090526
v -0.124412 -0.070858 -0.095674
v -0.134970 -0.100883 -0.092335
v -0.132343 -0.072548 -0.090880
v -0.129892 -0.131108 -0.099499
v -0.140764 -0.164943 -0.096836
v -0.137969 -0.132156 -0.094607
v -0.150842 -0.200988 -0.093777
v -0.161849 -0.238328 -0.090503
v -0.164727 -0.200816 -0.081018
v -0.158053 -0.200913 -0.087682
v -0.134687 -0.200709 -0.104081
v -0.146178 -0.238482 -0.102180
v -0.143069 -0.200724 -0.099250
v -0.139936 -0.278117 -0.109532
v -0.151197 -0.317559 -0.108186
v -0.156982 -0.277945 -0.099253
v -0.148730 -0.278171 -0.104784
v -0.167701 -0.316295 -0.096291
v -0.171806 -0.276912 -0.086216
v -0.164724 -0.277395 -0.092993
v -0.174900 -0.236770 -0.076643
v -0.175889 -0.198812 -0.066466
v -0.170580 -0.200140 -0.074039
v -0.183817 -0.274205 -0.071108
v -0.178093 -0.275873 -0.078967
v -0.185297 -0.234294 -0.060956
v -0.188840 -0.272782 -0.062894
v -0.180568 -0.197615 -0.058601
v -0.128158 -0.238467 -0.110962
v -0.120501 -0.277908 -0.116717
v -0.132518 -0.317466 -0.116938
v -0.130469 -0.278101 -0.113534
v -0.123699 -0.163634 -0.105910
v -0.116136 -0.200013 -0.111428
v -0.125659 -0.200132 -0.108090
v -0.104291 -0.162251 -0.112233
v -0.095414 -0.198651 -0.116312
v -0.107949 -0.238160 -0.116812
v -0.105959 -0.199462 -0.114126
v -0.098963 -0.276988 -0.121300
v -0.111793 -0.316621 -0.122669
v -0.109929 -0.277537 -0.119260
v -0.125263 -0.355656 -0.125299
v -0.139229 -0.392630 -0.127050
v -0.145546 -0.356038 -0.117929
v -0.135700 -0.355770 -0.121972
v -0.103024 -0.354661 -0.130045
v -0.117455 -0.392137 -0.133341
v -0.114428 -0.354968 -0.127971
v -0.108460 -0.426657 -0.140233
v -0.122809 -0.460540 -0.141657
v -0.131685 -0.427778 -0.135052
v -0.120280 -0.427369 -0.137944
v -0.145182 -0.461437 -0.134840
v -0.152623 -0.428353 -0.127055
v -0.142485 -0.428109 -0.131442
v -0.158766 -0.392570 -0.117791
v -0.163551 -0.355360 -0.107407
v -0.154811 -0.355771 -0.113049
v -0.171112 -0.427647 -0.115864
v -0.162144 -0.428064 -0.121853
v -0.175823 -0.391768 -0.105460
v -0.179292 -0.427048 -0.109088
v -0.171710 -0.354768 -0.101012
v -0.093626 -0.390864 -0.137172
v -0.083245 -0.425730 -0.143189
v -0.098227 -0.459411 -0.145847
v -0.096128 -0.426240 -0.141984
v -0.088996 -0.315738 -0.126281
v -0.078919 -0.353301 -0.132869
v -0.091175 -0.353833 -0.131653
v -0.064661 -0.314012 -0.128325
v -0.053251 -0.352183 -0.134197
v -0.068140 -0.389895 -0.139183
v -0.066255 -0.352685 -0.133692
v -0.056551 -0.425009 -0.144543
v -0.071724 -0.458365 -0.148097
v -0.070075 -0.425295 -0.144051
v -0.086953 -0.489550 -0.149683
v -0.102253 -0.518875 -0.149830
v -0.112914 -0.490849 -0.146434
v -0.100264 -0.490186 -0.148309
v -0.059235 -0.488427 -0.151465
v -0.074908 -0.517635 -0.152355
v -0.073389 -0.489010 -0.150777
v -0.061815 -0.544185 -0.154559
v -0.078198 -0.570595 -0.154879
v -0.090567 -0.545368 -0.152695
v -0.076480 -0.544784 -0.153818
v -0.106239 -0.571687 -0.152273
v -0.117311 -0.546733 -0.149356
v -0.104266 -0.546018 -0.151228
v -0.127490 -0.520196 -0.145583
v -0.136672 -0.491982 -0.140983
v -0.125150 -0.491420 -0.144066
v -0.141326 -0.547798 -0.143911
v -0.129697 -0.547277 -0.146942
v -0.150012 -0.521229 -0.138820
v -0.152258 -0.548288 -0.140292
v -0.147617 -0.492411 -0.137224
v -0.045887 -0.516780 -0.153841
v -0.031248 -0.543671 -0.155473
v -0.048110 -0.570015 -0.156260
v -0.046854 -0.543844 -0.155154
v -0.043715 -0.457485 -0.149139
v -0.029734 -0.487754 -0.152355
v -0.044746 -0.488066 -0.152039
v -0.014135 -0.456916 -0.149502
v 0.004371 -0.487375 -0.152872
v -0.014317 -0.516326 -0.154614
v -0.014066 -0.487502 -0.152575
v 0.004065 -0.543353 -0.156229
v -0.015424 -0.569649 -0.156659
v -0.014920 -0.543475 -0.155698
v -0.033141 -0.595345 -0.157439
v -0.050140 -0.619604 -0.158344
v -0.064685 -0.595569 -0.156746
v -0.049232 -0.595384 -0.157231
v 0.004940 -0.595336 -0.158315
v -0.016507 -0.619897 -0.158683
v -0.016114 -0.595358 -0.157616
v 0.005629 -0.642530 -0.160430
v -0.016819 -0.663012 -0.160574
v -0.034321 -0.642370 -0.159497
v -0.016744 -0.642462 -0.159585
v -0.051174 -0.662847 -0.160236
v -0.066750 -0.642173 -0.158766
v -0.050856 -0.642104 -0.159206
v -0.080946 -0.619787 -0.157034
v -0.094113 -0.596101 -0.154888
v -0.079752 -0.595847 -0.156045
v -0.096535 -0.642067 -0.156800
v -0.081905 -0.642080 -0.157880
v -0.109400 -0.620198 -0.154475
v -0.110490 -0.642245 -0.155322
v -0.107906 -0.596551 -0.153378
v 0.005332 -0.682936 -0.162505
v -0.016265 -0.701584 -0.162097
v -0.034300 -0.682734 -0.161315
v -0.016531 -0.682825 -0.161422
v 0.004997 -0.719427 -0.163896
v -0.034517 -0.719263 -0.162598
v -0.016270 -0.719398 -0.162741
v -0.051493 -0.701455 -0.161632
v -0.051953 -0.719192 -0.162206
v -0.051223 -0.682687 -0.161015
v -0.028644 -0.424310 -0.145034
v -0.013226 -0.388571 -0.140163
v 0.005061 -0.423665 -0.145595
v -0.013841 -0.424130 -0.145173
v -0.041271 -0.389093 -0.139948
v -0.042729 -0.424560 -0.144845
v -0.039243 -0.312890 -0.129223
v -0.026847 -0.351264 -0.134634
v -0.040158 -0.351652 -0.134478
v -0.012765 -0.312243 -0.129600
v 0.004828 -0.350897 -0.135187
v -0.012977 -0.350984 -0.134702
v -0.025641 -0.273251 -0.126481
v -0.011976 -0.232656 -0.124636
v 0.004419 -0.272307 -0.126884
v -0.012613 -0.272912 -0.126696
v -0.051032 -0.274104 -0.125652
v -0.037424 -0.233670 -0.124105
v -0.038350 -0.273660 -0.126087
v -0.048988 -0.194688 -0.121270
v -0.036258 -0.155952 -0.119954
v -0.024325 -0.193348 -0.122206
v -0.036835 -0.194046 -0.121815
v -0.011531 -0.154491 -0.120395
v 0.002661 -0.191915 -0.122361
v -0.011649 -0.192712 -0.122364
v -0.023304 -0.119562 -0.118849
v -0.011040 -0.084977 -0.117554
v 0.001394 -0.118154 -0.118974
v -0.011241 -0.118880 -0.118998
v -0.047066 -0.121200 -0.117986
v -0.034465 -0.086629 -0.117013
v -0.035366 -0.120434 -0.118506
v -0.044421 -0.056308 -0.115078
v -0.032215 -0.026499 -0.115880
v -0.022038 -0.054266 -0.115995
v -0.033216 -0.055237 -0.115622
v -0.010140 -0.024879 -0.116446
v 0.001157 -0.052776 -0.116117
v -0.010811 -0.053492 -0.116209
v -0.020497 0.001049 -0.119266
v -0.009329 0.027489 -0.123254
v 0.000951 0.002133 -0.119603
v -0.009620 0.001829 -0.119491
v -0.042033 -0.001152 -0.118255
v -0.030396 0.025715 -0.122425
v -0.031221 0.000126 -0.118853
v -0.040035 0.049303 -0.124721
v -0.019355 0.051349 -0.126215
v -0.029730 0.050401 -0.125681
v 0.000879 0.052278 -0.126960
v -0.009220 0.052038 -0.126478
v -0.057215 -0.088908 -0.115674
v -0.066381 -0.058969 -0.113121
v -0.053974 -0.029002 -0.114607
v -0.055436 -0.057348 -0.114267
v -0.060049 -0.157792 -0.118676
v -0.070105 -0.123148 -0.116137
v -0.058719 -0.122492 -0.117207
v -0.082916 -0.159961 -0.116262
v -0.091864 -0.125870 -0.112774
v -0.079165 -0.091794 -0.113017
v -0.081089 -0.124460 -0.114681
v -0.087317 -0.062693 -0.109498
v -0.075238 -0.032629 -0.111812
v -0.077057 -0.060775 -0.111554
v -0.063261 -0.004302 -0.116036
v -0.051475 0.022912 -0.120534
v -0.052713 -0.002521 -0.117327
v -0.084065 -0.008991 -0.112042
v -0.072498 0.018571 -0.117149
v -0.073694 -0.006452 -0.114327
v -0.081942 0.039470 -0.117518
v -0.061084 0.045444 -0.122121
v -0.071526 0.042794 -0.120079
v -0.050605 0.047547 -0.123709
v -0.099779 -0.094734 -0.108413
v -0.106815 -0.067095 -0.103769
v -0.095391 -0.037314 -0.106903
v -0.097239 -0.064777 -0.106937
v -0.111921 -0.128623 -0.107365
v -0.102049 -0.127270 -0.110391
v -0.118540 -0.098375 -0.101539
v -0.121225 -0.130064 -0.103754
v -0.113746 -0.042490 -0.099820
v -0.115814 -0.069288 -0.100046
v -0.103552 -0.014728 -0.105794
v -0.092688 0.012470 -0.111768
v -0.093992 -0.011775 -0.109209
v -0.121375 -0.020695 -0.097399
v -0.111496 0.005295 -0.104199
v -0.112679 -0.017746 -0.101879
v -0.120038 0.022232 -0.102288
v -0.101832 0.031205 -0.110962
v -0.111143 0.026732 -0.106825
v -0.092076 0.035486 -0.114598
v -0.062233 -0.235036 -0.122841
v -0.072748 -0.196625 -0.119445
v -0.061086 -0.195687 -0.120490
v -0.075600 -0.275515 -0.124076
v -0.063345 -0.274803 -0.124957
v -0.085865 -0.236658 -0.120552
v -0.087512 -0.276220 -0.122886
v -0.084279 -0.197628 -0.118087
v -0.136804 -0.025302 -0.087006
v -0.128345 -0.001464 -0.094744
v -0.129387 -0.022940 -0.092418
v -0.142812 -0.006824 -0.083433
v -0.143559 -0.027296 -0.081193
v -0.143197 0.028568 -0.087360
v -0.135844 0.014738 -0.091514
v -0.142743 0.011709 -0.085600
v -0.128385 0.036608 -0.099092
v -0.128232 0.018275 -0.097116
v -0.146579 0.058060 -0.090105
v -0.137109 0.048422 -0.094834
v -0.144400 0.043861 -0.088788
v -0.154397 0.083903 -0.095199
v -0.143861 0.077889 -0.099598
v -0.150590 0.071495 -0.092530
v -0.139189 0.099871 -0.108151
v -0.132513 0.070034 -0.102937
v -0.136283 0.085407 -0.106172
v -0.129420 0.053724 -0.100575
v -0.161434 0.105381 -0.097029
v -0.150903 0.103136 -0.102899
v -0.157812 0.095047 -0.096338
v -0.168491 0.122601 -0.096318
v -0.158696 0.123740 -0.102787
v -0.164985 0.114504 -0.097032
v -0.157386 0.142682 -0.106946
v -0.147497 0.124484 -0.108719
v -0.152300 0.134399 -0.107868
v -0.143310 0.112867 -0.108899
v -0.176823 0.134300 -0.094299
v -0.167836 0.138307 -0.100889
v -0.172665 0.128868 -0.095288
v -0.177320 0.148222 -0.098073
v -0.181050 0.138930 -0.093171
v -0.168212 0.153939 -0.103902
v -0.173231 0.158417 -0.102147
v -0.162923 0.148874 -0.105503
v -0.222229 0.135491 0.021776
v -0.224802 0.131633 0.015292
v -0.221991 0.130439 0.016271
v -0.222993 0.146308 0.032895
v -0.225486 0.141519 0.026499
v -0.222682 0.140444 0.027526
v -0.228861 0.148384 0.030775
v -0.231915 0.143570 0.024663
v -0.228042 0.137687 0.019754
v -0.228508 0.142629 0.025553
v -0.231214 0.133873 0.013346
v -0.227759 0.132889 0.014217
v -0.215464 -0.682432 -0.108038
v -0.221740 -0.700609 -0.100650
v -0.220843 -0.681731 -0.099131
v -0.210508 -0.701411 -0.117493
v -0.209606 -0.682803 -0.116017
v -0.217294 -0.718319 -0.110984
v -0.211421 -0.718638 -0.118918
v -0.222544 -0.717777 -0.102127
v -0.222724 0.160618 0.041247
v -0.225718 0.154367 0.036017
v -0.222841 0.153268 0.037166
v -0.225481 0.169365 0.043711
v -0.222338 0.168582 0.044777
v -0.232278 0.170825 0.041708
v -0.228892 0.162402 0.039093
v -0.228670 0.170173 0.042662
v -0.232213 0.156210 0.034014
v -0.228845 0.155264 0.035000
v -0.139782 0.277388 -0.060810
v -0.147221 0.271510 -0.067797
v -0.146998 0.275531 -0.061692
v -0.124372 0.281767 -0.057576
v -0.131927 0.275788 -0.065504
v -0.132177 0.279367 -0.059367
v -0.123346 0.274673 -0.069809
v -0.139594 0.268787 -0.073183
v -0.131507 0.271370 -0.071725
v -0.147303 0.266461 -0.073925
v -0.117661 0.288523 -0.038849
v -0.109044 0.289345 -0.042427
v -0.116533 0.286260 -0.049706
v -0.117083 0.287629 -0.044230
v -0.110568 0.290123 -0.032097
v -0.118330 0.289161 -0.033538
v -0.097384 0.292114 -0.029397
v -0.102579 0.291085 -0.035625
v -0.103486 0.291098 -0.030714
v -0.095275 0.292495 -0.038769
v -0.100690 0.290469 -0.045434
v -0.101618 0.290947 -0.040508
v -0.107498 0.287322 -0.053097
v -0.115465 0.281974 -0.061350
v -0.116036 0.284554 -0.055484
v -0.092996 0.292182 -0.048256
v -0.098676 0.288682 -0.055787
v -0.099704 0.289863 -0.050605
v -0.090394 0.290505 -0.058061
v -0.105930 0.282922 -0.064261
v -0.097586 0.287044 -0.061147
v -0.114756 0.278662 -0.067374
v -0.091386 0.293506 -0.032923
v -0.086234 0.295021 -0.036518
v -0.088948 0.294038 -0.041829
v -0.090193 0.293867 -0.037388
v -0.093587 0.292746 -0.023869
v -0.088607 0.294008 -0.027767
v -0.092487 0.293161 -0.028442
v -0.087093 0.294100 -0.023004
v -0.084554 0.295187 -0.027154
v -0.084789 0.295207 -0.031683
v -0.085950 0.294659 -0.027381
v -0.082072 0.296481 -0.035632
v -0.082145 0.296299 -0.040137
v -0.083510 0.295843 -0.035945
v -0.083467 0.295728 -0.045207
v -0.086202 0.293938 -0.050986
v -0.087613 0.294168 -0.046405
v -0.079184 0.297637 -0.044056
v -0.079091 0.297060 -0.048693
v -0.080666 0.296801 -0.044451
v -0.075780 0.298210 -0.052401
v -0.080245 0.295597 -0.053926
v -0.077333 0.297089 -0.052923
v -0.084631 0.293405 -0.055612
v -0.090899 0.292979 -0.019032
v -0.089370 0.292900 -0.014649
v -0.086895 0.293885 -0.018644
v -0.088256 0.293471 -0.018789
v -0.095832 0.291821 -0.015168
v -0.094733 0.292310 -0.019488
v -0.092995 0.291987 -0.010769
v -0.096807 0.291445 -0.011019
v -0.088978 0.292741 -0.010633
v -0.090366 0.292435 -0.010683
v -0.156295 0.280599 0.017305
v -0.147585 0.283532 0.012684
v -0.155517 0.283556 0.012363
v -0.148391 0.276828 0.022714
v -0.156761 0.276931 0.022271
v -0.140290 0.280446 0.018097
v -0.140145 0.276818 0.023138
v -0.139891 0.283492 0.013071
v -0.030355 0.286377 -0.086755
v -0.035170 0.291596 -0.081961
v -0.028663 0.294674 -0.080796
v -0.029196 0.291696 -0.082896
v -0.039192 0.278236 -0.091436
v -0.032353 0.278114 -0.092410
v -0.042669 0.286325 -0.084815
v -0.045797 0.277954 -0.090619
v -0.039883 0.294453 -0.078822
v -0.040826 0.291415 -0.080992
v 0.150561 0.239483 0.056168
v 0.157652 0.250116 0.048072
v 0.146334 0.257597 0.043690
v 0.137086 0.248846 0.051637
v 0.147729 0.249012 0.050018
v 0.170182 0.243206 0.051215
v 0.175417 0.252563 0.044273
v 0.165090 0.259096 0.040834
v 0.166952 0.251455 0.046144
v 0.172092 0.266684 0.034070
v 0.162842 0.271784 0.029907
v 0.154863 0.265315 0.036504
v 0.163784 0.265960 0.035346
v 0.145480 0.271189 0.031517
v 0.136596 0.265283 0.038222
v 0.145709 0.264978 0.037489
v 0.127001 0.260056 0.044630
v 0.116381 0.255749 0.049964
v 0.124864 0.242941 0.058465
v 0.126376 0.252020 0.051264
v 0.128218 0.272251 0.032430
v 0.118855 0.268182 0.038125
v 0.127636 0.266596 0.038419
v 0.112791 0.274871 0.031841
v 0.105725 0.272406 0.036411
v 0.110414 0.265331 0.042958
v 0.111592 0.270343 0.037444
v 0.103441 0.262942 0.046661
v 0.107374 0.253125 0.054161
v 0.109149 0.259628 0.048496
v 0.146924 0.225904 0.065275
v 0.162357 0.220366 0.064994
v 0.165334 0.232522 0.058040
v 0.156231 0.229726 0.061182
v 0.161248 0.206554 0.071709
v 0.174406 0.200874 0.069211
v 0.175878 0.214275 0.064414
v 0.168482 0.210879 0.067706
v 0.187662 0.207558 0.063011
v 0.189553 0.219114 0.058764
v 0.178309 0.225988 0.058884
v 0.182879 0.217046 0.061468
v 0.181779 0.236454 0.052961
v 0.173967 0.234708 0.055410
v 0.111036 0.240834 0.062596
v 0.114253 0.226485 0.072132
v 0.130229 0.228070 0.067688
v 0.119895 0.234727 0.065318
v 0.099172 0.251376 0.057034
v 0.100363 0.239219 0.065880
v 0.104501 0.246412 0.059875
v 0.090644 0.237677 0.068881
v 0.089236 0.222613 0.080004
v 0.101132 0.224603 0.076091
v 0.095296 0.231177 0.072703
v 0.101692 0.208314 0.087688
v 0.116776 0.210723 0.082602
v 0.108320 0.217762 0.079555
v 0.132864 0.211513 0.078063
v 0.147609 0.210165 0.074437
v 0.139697 0.219241 0.071374
v 0.118589 0.193277 0.092807
v 0.134311 0.194093 0.086882
v 0.125845 0.202853 0.085195
v 0.134649 0.176051 0.093959
v 0.147861 0.175661 0.087220
v 0.148157 0.193136 0.081668
v 0.141419 0.184908 0.087558
v 0.161169 0.190139 0.077082
v 0.154718 0.200423 0.076424
v 0.074364 0.174928 -0.125454
v 0.059608 0.202583 -0.121687
v 0.065955 0.227012 -0.112897
v 0.081549 0.204602 -0.118543
v 0.070519 0.202633 -0.120576
v 0.050807 0.177013 -0.127367
v 0.038936 0.202696 -0.122848
v 0.046924 0.226374 -0.114807
v 0.049048 0.202671 -0.122386
v 0.035829 0.247433 -0.106433
v 0.041444 0.265791 -0.096712
v 0.053039 0.247928 -0.105066
v 0.044399 0.248026 -0.105717
v 0.056366 0.266249 -0.095115
v 0.069265 0.249729 -0.102470
v 0.061425 0.248444 -0.104040
v 0.103423 0.152096 -0.122771
v 0.111485 0.116177 -0.121295
v 0.098288 0.104052 -0.123395
v 0.087531 0.140475 -0.125851
v 0.100088 0.128474 -0.123843
v 0.125138 0.122191 -0.118289
v 0.131499 0.094197 -0.113176
v 0.119465 0.085888 -0.116103
v 0.121845 0.104601 -0.117704
v 0.125692 0.059661 -0.108327
v 0.115615 0.046616 -0.111179
v 0.107407 0.073705 -0.117357
v 0.116876 0.066530 -0.112957
v 0.095988 0.057684 -0.118496
v 0.086325 0.086834 -0.124475
v 0.097239 0.080595 -0.121202
v 0.075311 0.117448 -0.128076
v 0.063200 0.148050 -0.128905
v 0.075134 0.145280 -0.127504
v 0.075070 0.066451 -0.123938
v 0.064232 0.094448 -0.128645
v 0.075456 0.091129 -0.126829
v 0.053448 0.071705 -0.127364
v 0.042070 0.098591 -0.130651
v 0.052650 0.122844 -0.130793
v 0.053035 0.096842 -0.129898
v 0.041101 0.150550 -0.130451
v 0.051914 0.149572 -0.129848
v 0.083444 0.235307 -0.107757
v 0.099253 0.224071 -0.110152
v 0.099839 0.191747 -0.119533
v 0.090984 0.214421 -0.114622
v 0.069623 0.269780 -0.091183
v 0.082922 0.258783 -0.096037
v 0.076531 0.253972 -0.099606
v 0.080371 0.276017 -0.084191
v 0.092820 0.268939 -0.086398
v 0.097130 0.248771 -0.099105
v 0.088316 0.264014 -0.091385
v 0.112632 0.241628 -0.099271
v 0.116743 0.216236 -0.109800
v 0.106517 0.232775 -0.105243
v 0.118069 0.185160 -0.117828
v 0.120593 0.152422 -0.119916
v 0.110414 0.170476 -0.121016
v 0.134764 0.205213 -0.109544
v 0.134628 0.178127 -0.115498
v 0.125957 0.196826 -0.113665
v 0.149268 0.170231 -0.112426
v 0.149860 0.146119 -0.111836
v 0.136043 0.150003 -0.116399
v 0.142563 0.160906 -0.114777
v 0.139126 0.123777 -0.113967
v 0.130030 0.137198 -0.117525
v 0.061856 0.163862 0.122444
v 0.044244 0.168955 0.122548
v 0.032246 0.153150 0.132359
v 0.050442 0.143076 0.136333
v 0.047322 0.157298 0.128449
v 0.053581 0.185698 0.111043
v 0.039777 0.189311 0.109533
v 0.028988 0.175041 0.119936
v 0.041819 0.179328 0.116270
v 0.014802 0.182502 0.114734
v 0.016045 0.162270 0.128598
v 0.015418 0.172480 0.122153
v 0.017659 0.138205 0.142060
v 0.016831 0.151093 0.134768
v 0.082099 0.165098 0.117672
v 0.084812 0.186846 0.105260
v 0.068280 0.185336 0.109296
v 0.074148 0.175127 0.114440
v 0.101697 0.190207 0.099357
v 0.087266 0.205982 0.092012
v 0.093811 0.198094 0.096242
v 0.077698 0.220973 0.083044
v 0.073452 0.204174 0.095617
v 0.081935 0.213599 0.087580
v 0.060534 0.203865 0.097554
v 0.063947 0.194853 0.103592
v 0.085521 0.141667 0.131279
v 0.104754 0.150690 0.120469
v 0.102136 0.170693 0.109105
v 0.093399 0.157750 0.119418
v 0.109579 0.128456 0.130740
v 0.124727 0.135177 0.120100
v 0.121239 0.155825 0.110501
v 0.115143 0.143224 0.120622
v 0.135449 0.158232 0.101266
v 0.119587 0.174453 0.101125
v 0.127594 0.166529 0.100902
v 0.110836 0.182504 0.100767
v 0.105371 0.263027 -0.087071
v 0.116947 0.261039 -0.085018
v 0.126409 0.241349 -0.095914
v 0.115574 0.251663 -0.092277
v 0.088347 0.281705 -0.075865
v 0.098819 0.277682 -0.075650
v 0.096214 0.273429 -0.081194
v 0.093486 0.286684 -0.065892
v 0.102388 0.284308 -0.064220
v 0.109272 0.274917 -0.074185
v 0.100773 0.281346 -0.069992
v 0.119253 0.274099 -0.071377
v 0.126963 0.262418 -0.081057
v 0.118168 0.268355 -0.078116
v 0.136159 0.248522 -0.089642
v 0.147154 0.233288 -0.096660
v 0.138724 0.223732 -0.102685
v 0.137154 0.236407 -0.096668
v 0.136255 0.265618 -0.076082
v 0.144846 0.254566 -0.084039
v 0.135900 0.258048 -0.082806
v 0.152928 0.259973 -0.078424
v 0.161278 0.249909 -0.084683
v 0.154459 0.242507 -0.090589
v 0.153366 0.252110 -0.084584
v 0.164057 0.230109 -0.095142
v 0.158100 0.220514 -0.100517
v 0.156122 0.231427 -0.096135
v 0.153263 0.207851 -0.105448
v 0.150288 0.191195 -0.109592
v 0.144169 0.207221 -0.107257
v 0.168793 0.208408 -0.101730
v 0.165334 0.195544 -0.105237
v 0.161475 0.208295 -0.103568
v 0.175370 0.185154 -0.103273
v 0.173394 0.170198 -0.104397
v 0.162974 0.179962 -0.107686
v 0.169400 0.182915 -0.105400
v 0.161925 0.160688 -0.108493
v 0.156270 0.175927 -0.109964
v 0.070971 0.293932 -0.069249
v 0.069764 0.289279 -0.074506
v 0.062635 0.292192 -0.073837
v 0.065409 0.295250 -0.070441
v 0.066916 0.293018 -0.071761
v 0.078539 0.285567 -0.075461
v 0.069519 0.281654 -0.081635
v 0.074195 0.283669 -0.078673
v 0.058513 0.277403 -0.087078
v 0.060533 0.286870 -0.079135
v 0.064200 0.279612 -0.084321
v 0.053194 0.290901 -0.077439
v 0.056743 0.294214 -0.073883
v 0.058093 0.291535 -0.075670
v 0.072974 0.296678 -0.065155
v 0.077675 0.295615 -0.062587
v 0.077585 0.291942 -0.068231
v 0.074582 0.294834 -0.066146
v 0.078767 0.297667 -0.058093
v 0.082644 0.296577 -0.054680
v 0.083291 0.294059 -0.060180
v 0.080338 0.296191 -0.058742
v 0.089805 0.292063 -0.057903
v 0.085203 0.289340 -0.067178
v 0.087703 0.290849 -0.062613
v 0.082169 0.287578 -0.071488
v 0.013813 0.195490 0.104924
v 0.025024 0.201792 0.100541
v 0.012963 0.201236 0.100522
v 0.013356 0.199284 0.102099
v 0.026658 0.192170 0.107477
v 0.014289 0.189532 0.109350
v 0.048541 0.202415 0.099843
v 0.036979 0.202103 0.100392
v 0.038224 0.196423 0.104452
v 0.046153 0.211872 0.093186
v 0.035623 0.208131 0.096046
v 0.036020 0.206117 0.097467
v 0.028600 -0.777873 0.185453
v 0.047711 -0.774085 0.184486
v 0.028666 -0.767619 0.186451
v 0.028507 -0.774519 0.185824
v 0.065603 -0.776816 0.181958
v 0.084056 -0.773061 0.179509
v 0.066554 -0.766552 0.182936
v 0.066167 -0.773644 0.182358
v 0.085464 -0.755140 0.180689
v 0.067832 -0.741424 0.184284
v 0.048277 -0.756563 0.185712
v 0.067265 -0.755995 0.183491
v 0.028864 -0.742487 0.188043
v 0.028844 -0.756939 0.187163
v 0.009977 0.295507 -0.081372
v 0.016678 0.292357 -0.082701
v 0.010263 0.287326 -0.086863
v 0.010077 0.292654 -0.083227
v 0.023015 0.294889 -0.080197
v 0.029875 0.291455 -0.081429
v 0.023819 0.286379 -0.085842
v 0.023294 0.291928 -0.082139
v 0.031878 0.276906 -0.090926
v 0.025933 0.265863 -0.097915
v 0.017490 0.278250 -0.091796
v 0.024662 0.277656 -0.091287
v 0.010738 0.267198 -0.098676
v 0.010441 0.278808 -0.092261
v 0.025417 -0.759548 -0.165972
v 0.043502 -0.768064 -0.165464
v 0.025531 -0.772744 -0.165683
v 0.025431 -0.768421 -0.165739
v 0.025066 -0.734775 -0.165438
v 0.043135 -0.747963 -0.165445
v 0.025274 -0.748414 -0.165829
v 0.060297 -0.733900 -0.164430
v 0.077669 -0.747092 -0.163723
v 0.060984 -0.758756 -0.164916
v 0.060783 -0.747539 -0.164775
v 0.078189 -0.767429 -0.163996
v 0.061012 -0.772144 -0.164732
v 0.061112 -0.767752 -0.164906
v 0.056306 0.215777 0.089472
v 0.063609 0.227130 0.080576
v 0.055082 0.221500 0.085562
v 0.055267 0.219485 0.086936
v 0.066760 0.218674 0.086082
v 0.058013 0.210442 0.092997
v 0.081387 0.234348 0.072951
v 0.072336 0.231223 0.076461
v 0.074551 0.226653 0.079410
v 0.077411 0.241366 0.068414
v 0.070639 0.236349 0.073081
v 0.071016 0.234474 0.074374
v 0.375428 0.211498 -0.088408
v 0.370702 0.218478 -0.087213
v 0.374538 0.225209 -0.084893
v 0.377319 0.217979 -0.086635
v 0.375055 0.218205 -0.086833
v 0.364898 0.212092 -0.089422
v 0.356238 0.219397 -0.088526
v 0.364045 0.226186 -0.085795
v 0.364600 0.218807 -0.087877
v 0.355258 0.233855 -0.084058
v 0.363005 0.239856 -0.080877
v 0.369643 0.232530 -0.082974
v 0.363586 0.233048 -0.083539
v 0.373362 0.238795 -0.080078
v 0.376222 0.231751 -0.082462
v 0.373964 0.232121 -0.082628
v 0.377934 0.204984 -0.089312
v 0.375765 0.198608 -0.090187
v 0.371282 0.205276 -0.089942
v 0.375655 0.205094 -0.089520
v 0.378101 0.191975 -0.090099
v 0.375950 0.185334 -0.089848
v 0.371428 0.192116 -0.090718
v 0.375806 0.192049 -0.090291
v 0.365501 0.185174 -0.090933
v 0.357053 0.192005 -0.092246
v 0.365274 0.198913 -0.091245
v 0.365348 0.192077 -0.091381
v 0.356827 0.205590 -0.091375
v 0.365171 0.205418 -0.090612
v 0.010818 0.228197 -0.116202
v 0.019753 0.203935 -0.123298
v 0.010655 0.179401 -0.128487
v 0.010647 0.204833 -0.123365
v 0.019021 0.248960 -0.106835
v 0.010923 0.249350 -0.107214
v 0.028378 0.227221 -0.115673
v 0.027298 0.248241 -0.106636
v 0.029951 0.178055 -0.128116
v 0.029161 0.203380 -0.123129
v 0.020478 0.151916 -0.131169
v 0.010683 0.126460 -0.132065
v 0.010634 0.152258 -0.131324
v 0.031112 0.125199 -0.131802
v 0.030577 0.151421 -0.130949
v 0.031712 0.074669 -0.128998
v 0.021049 0.100417 -0.131330
v 0.031398 0.099640 -0.131103
v 0.010875 0.076112 -0.129673
v 0.010809 0.100924 -0.131427
v 0.089002 0.260318 0.051264
v 0.087055 0.254160 0.056835
v 0.092083 0.257401 0.053366
v 0.091937 0.263885 0.047703
v 0.090077 0.259211 0.052120
v 0.082070 0.249708 0.061173
v 0.084530 0.245729 0.063925
v 0.082799 0.248185 0.062350
v 0.091768 0.248961 0.060143
v 0.087135 0.242178 0.066137
v 0.097528 0.260114 0.050218
v 0.095201 0.254794 0.054987
v 0.095583 0.267218 0.044084
v 0.094089 0.272595 0.038729
v 0.091963 0.269249 0.042610
v 0.093203 0.268482 0.043176
v 0.100001 0.270047 0.040489
v 0.099012 0.265408 0.045275
v 0.102424 0.277851 0.030411
v 0.097645 0.275433 0.034734
v 0.101162 0.274125 0.035563
v 0.096395 0.279607 0.029263
v 0.093991 0.276839 0.033698
v 0.095231 0.276259 0.034091
v 0.099745 0.281708 0.025185
v 0.097874 0.284666 0.020296
v 0.096000 0.282791 0.024496
v 0.097277 0.282350 0.024757
v 0.107917 0.279635 0.026310
v 0.103969 0.283286 0.021086
v 0.103348 0.280842 0.025681
v 0.109008 0.284651 0.016877
v 0.104605 0.287286 0.012171
v 0.100736 0.286152 0.016217
v 0.104387 0.285426 0.016578
v 0.098395 0.288410 0.011690
v 0.096935 0.287055 0.015807
v 0.098219 0.286620 0.015990
v 0.114407 0.281417 0.021939
v 0.121769 0.283213 0.017319
v 0.114902 0.285950 0.012619
v 0.114798 0.283861 0.017207
v 0.120865 0.277272 0.027180
v 0.113715 0.278460 0.026813
v 0.137296 0.275865 0.026932
v 0.129285 0.279998 0.022132
v 0.128827 0.276563 0.027175
v 0.137287 0.282592 0.016825
v 0.129322 0.285100 0.012478
v 0.129430 0.282843 0.017208
v 0.109115 0.287980 0.008243
v 0.104269 0.289745 0.004130
v 0.100863 0.289276 0.007933
v 0.104529 0.288698 0.008115
v 0.108417 0.289826 0.000156
v 0.103278 0.291037 -0.003659
v 0.100157 0.291082 0.000211
v 0.103826 0.290487 0.000270
v 0.097051 0.292075 -0.003641
v 0.096255 0.291901 0.000080
v 0.098052 0.290772 0.003924
v 0.097590 0.291524 0.000146
v 0.096980 0.290136 0.007652
v 0.098330 0.289770 0.007750
v 0.121582 0.286975 0.008282
v 0.114525 0.288526 0.004129
v 0.114835 0.287435 0.008333
v 0.136765 0.286550 0.007586
v 0.128676 0.287850 0.003653
v 0.129052 0.286742 0.008043
v 0.135343 0.288475 -0.001426
v 0.127153 0.289123 -0.005267
v 0.120639 0.288845 -0.000312
v 0.127835 0.288674 -0.000797
v 0.113490 0.289751 -0.004206
v 0.114059 0.289272 0.000001
v 0.143753 0.287601 0.002437
v 0.150279 0.288187 -0.002837
v 0.141942 0.288682 -0.006825
v 0.142720 0.288318 -0.002144
v 0.144765 0.284870 0.011520
v 0.151749 0.286545 0.006383
v 0.144236 0.286520 0.006944
v 0.160450 0.285073 0.010420
v 0.166803 0.286882 0.005172
v 0.158454 0.287650 0.001184
v 0.159632 0.286603 0.005835
v 0.164593 0.288262 -0.004184
v 0.156367 0.288386 -0.008327
v 0.157507 0.288191 -0.003521
v 0.133763 0.289086 -0.010708
v 0.125785 0.289550 -0.014717
v 0.119327 0.289633 -0.009053
v 0.126472 0.289379 -0.009830
v 0.132335 0.289043 -0.020947
v 0.124290 0.289427 -0.024914
v 0.117868 0.290167 -0.018685
v 0.125024 0.289614 -0.019777
v 0.110535 0.290973 -0.022506
v 0.105699 0.291518 -0.016818
v 0.112129 0.290489 -0.012974
v 0.111370 0.290790 -0.017675
v 0.107241 0.290707 -0.007951
v 0.112847 0.290121 -0.008444
v 0.148284 0.288508 -0.012542
v 0.140327 0.288703 -0.016745
v 0.141159 0.288763 -0.011627
v 0.162770 0.288092 -0.014133
v 0.154870 0.287846 -0.018604
v 0.155468 0.288280 -0.013386
v 0.161245 0.286803 -0.024999
v 0.153364 0.286315 -0.029670
v 0.146774 0.287833 -0.023136
v 0.153949 0.287267 -0.024109
v 0.138785 0.287876 -0.027466
v 0.139626 0.288421 -0.022038
v 0.168979 0.287403 -0.020234
v 0.174523 0.286252 -0.026612
v 0.167410 0.285162 -0.031398
v 0.168228 0.286467 -0.025769
v 0.170602 0.288417 -0.009717
v 0.176323 0.288065 -0.015626
v 0.169790 0.288041 -0.014855
v 0.183148 0.288741 -0.011300
v 0.187724 0.288270 -0.017428
v 0.181345 0.287289 -0.021912
v 0.182168 0.288176 -0.016512
v 0.185964 0.286026 -0.028439
v 0.179658 0.284560 -0.033115
v 0.180484 0.286127 -0.027488
v 0.160172 0.284180 -0.036384
v 0.152727 0.283341 -0.041265
v 0.145644 0.286013 -0.034347
v 0.152873 0.285028 -0.035414
v 0.159745 0.279912 -0.048140
v 0.152392 0.278498 -0.053287
v 0.145080 0.282626 -0.046022
v 0.152416 0.281158 -0.047169
v 0.137293 0.281938 -0.050538
v 0.130010 0.285806 -0.042992
v 0.137870 0.285805 -0.038761
v 0.137476 0.284166 -0.044581
v 0.131071 0.288013 -0.031707
v 0.138421 0.287015 -0.033079
v 0.173530 0.282996 -0.037996
v 0.166871 0.281479 -0.043005
v 0.167125 0.283526 -0.037203
v 0.184702 0.282299 -0.039811
v 0.178955 0.280260 -0.044610
v 0.179237 0.282589 -0.038854
v 0.183826 0.276843 -0.051294
v 0.178217 0.274101 -0.056312
v 0.172866 0.278072 -0.049636
v 0.178600 0.277408 -0.050421
v 0.166450 0.275866 -0.054889
v 0.166559 0.278890 -0.048868
v 0.189229 0.279493 -0.046467
v 0.193590 0.275973 -0.053017
v 0.188344 0.272824 -0.057852
v 0.188825 0.276412 -0.052131
v 0.190181 0.284241 -0.035031
v 0.194597 0.281863 -0.041726
v 0.189638 0.282065 -0.040746
v 0.200056 0.283965 -0.037084
v 0.204704 0.281349 -0.043750
v 0.199045 0.278876 -0.048384
v 0.199510 0.281615 -0.042703
v 0.203732 0.275061 -0.054837
v 0.198078 0.271729 -0.059406
v 0.198497 0.275529 -0.053909
v 0.183400 0.269324 -0.062806
v 0.178229 0.265453 -0.067871
v 0.172570 0.271098 -0.061599
v 0.178183 0.270159 -0.062192
v 0.183737 0.258821 -0.073518
v 0.178811 0.253488 -0.078518
v 0.172998 0.261102 -0.073216
v 0.178511 0.259857 -0.073358
v 0.167294 0.256155 -0.078819
v 0.160326 0.264001 -0.072878
v 0.166627 0.267761 -0.067130
v 0.166976 0.262453 -0.073103
v 0.159863 0.273521 -0.060417
v 0.166558 0.272222 -0.061011
v 0.192969 0.267932 -0.064098
v 0.188141 0.263631 -0.068734
v 0.188179 0.268599 -0.063430
v 0.203232 0.266640 -0.065429
v 0.197874 0.262132 -0.069702
v 0.197883 0.267287 -0.064743
v 0.203605 0.255378 -0.074962
v 0.198738 0.249724 -0.078908
v 0.193306 0.257055 -0.074066
v 0.198256 0.256206 -0.074479
v 0.188894 0.251488 -0.078509
v 0.188537 0.257923 -0.073754
v 0.184749 0.244821 -0.083221
v 0.180670 0.237079 -0.088091
v 0.174040 0.246924 -0.083932
v 0.179590 0.245795 -0.083514
v 0.186958 0.226993 -0.091344
v 0.183459 0.218219 -0.095230
v 0.176640 0.228243 -0.093067
v 0.182049 0.227392 -0.092145
v 0.172508 0.219137 -0.097630
v 0.169110 0.239384 -0.089470
v 0.170710 0.229105 -0.094118
v 0.167974 0.248379 -0.084353
v 0.194412 0.242896 -0.083128
v 0.190582 0.235306 -0.087292
v 0.189657 0.243849 -0.083086
v 0.204653 0.241137 -0.083534
v 0.200122 0.233561 -0.087184
v 0.199330 0.242055 -0.083250
v 0.206176 0.223785 -0.090596
v 0.202049 0.215498 -0.093221
v 0.196254 0.225413 -0.090627
v 0.201018 0.224533 -0.090550
v 0.192937 0.216949 -0.093779
v 0.191665 0.226296 -0.090870
v 0.189950 0.208092 -0.096407
v 0.187383 0.198275 -0.098574
v 0.180375 0.208403 -0.098670
v 0.185360 0.208449 -0.097371
v 0.193614 0.187979 -0.097633
v 0.191805 0.177282 -0.097940
v 0.185191 0.187314 -0.099985
v 0.189539 0.187830 -0.098703
v 0.183389 0.175194 -0.100619
v 0.177616 0.197580 -0.101402
v 0.180502 0.186393 -0.101531
v 0.174896 0.208407 -0.100140
v 0.198618 0.206988 -0.095248
v 0.195872 0.197818 -0.096727
v 0.194305 0.207603 -0.095710
v 0.208105 0.205941 -0.094798
v 0.204415 0.197204 -0.095802
v 0.203155 0.206385 -0.094944
v 0.210516 0.188267 -0.095467
v 0.207341 0.179057 -0.094933
v 0.201533 0.188123 -0.096186
v 0.205795 0.188178 -0.095732
v 0.199403 0.178379 -0.096013
v 0.197563 0.187944 -0.096810
v 0.197974 0.168540 -0.094964
v 0.196905 0.158769 -0.092974
v 0.190502 0.166376 -0.097102
v 0.194308 0.167529 -0.095952
v 0.202864 0.152056 -0.088464
v 0.202103 0.142374 -0.084838
v 0.196179 0.148569 -0.090168
v 0.199543 0.150464 -0.089256
v 0.195684 0.137880 -0.086354
v 0.189153 0.143546 -0.092289
v 0.189686 0.155098 -0.095187
v 0.192772 0.146247 -0.091159
v 0.182202 0.162725 -0.099948
v 0.186491 0.164660 -0.098441
v 0.205189 0.169974 -0.093571
v 0.203755 0.161053 -0.091406
v 0.201498 0.169290 -0.094189
v 0.213699 0.171194 -0.092832
v 0.211211 0.162773 -0.090486
v 0.209194 0.170594 -0.093120
v 0.217609 0.156374 -0.086862
v 0.215470 0.147976 -0.083079
v 0.209556 0.154428 -0.087361
v 0.213297 0.155324 -0.087100
v 0.208467 0.145519 -0.083683
v 0.206128 0.153214 -0.087859
v 0.220617 0.164235 -0.090083
v 0.227864 0.157961 -0.086764
v 0.224398 0.150133 -0.082882
v 0.222478 0.157194 -0.086760
v 0.217172 0.179864 -0.094478
v 0.224455 0.172245 -0.092663
v 0.218782 0.171682 -0.092737
v 0.229227 0.180763 -0.094450
v 0.237226 0.173490 -0.092777
v 0.232181 0.165576 -0.090089
v 0.230615 0.172819 -0.092688
v 0.240284 0.159488 -0.086962
v 0.235475 0.151937 -0.083041
v 0.233821 0.158798 -0.086821
v 0.221549 0.143338 -0.078265
v 0.219172 0.137308 -0.073153
v 0.213799 0.140852 -0.078558
v 0.217411 0.142238 -0.078345
v 0.224845 0.133170 -0.067637
v 0.222740 0.126220 -0.061583
v 0.217400 0.130477 -0.067634
v 0.220929 0.131772 -0.067563
v 0.216071 0.123464 -0.061598
v 0.211288 0.127212 -0.068063
v 0.212391 0.134488 -0.073541
v 0.214263 0.128845 -0.067786
v 0.207384 0.138043 -0.079326
v 0.210523 0.139533 -0.078889
v 0.231339 0.145650 -0.078385
v 0.227753 0.139876 -0.073188
v 0.226174 0.144558 -0.078287
v 0.243311 0.147393 -0.078772
v 0.238482 0.141838 -0.073605
v 0.237063 0.146481 -0.078564
v 0.245782 0.137610 -0.068731
v 0.240973 0.131577 -0.062746
v 0.234218 0.135698 -0.068034
v 0.239743 0.136604 -0.068347
v 0.230829 0.129010 -0.062014
v 0.229252 0.134491 -0.067812
v 0.382884 0.143198 -0.064071
v 0.380660 0.140173 -0.059804
v 0.375871 0.141963 -0.064288
v 0.379856 0.145861 -0.068327
v 0.380263 0.142759 -0.064162
v 0.383659 0.139129 -0.055204
v 0.381352 0.135911 -0.050598
v 0.376676 0.137035 -0.055292
v 0.381034 0.138249 -0.055306
v 0.371337 0.133133 -0.050296
v 0.363128 0.134405 -0.054992
v 0.370536 0.138167 -0.059895
v 0.370938 0.135799 -0.055208
v 0.362237 0.139844 -0.064489
v 0.369651 0.144063 -0.068709
v 0.370096 0.141038 -0.064449
v 0.384177 0.136449 -0.045912
v 0.382031 0.135894 -0.041143
v 0.377402 0.134262 -0.045766
v 0.381678 0.135661 -0.045933
v 0.384859 0.138286 -0.036379
v 0.382820 0.137088 -0.031197
v 0.378188 0.134797 -0.035939
v 0.382412 0.136634 -0.036306
v 0.373018 0.133710 -0.030204
v 0.364893 0.131893 -0.034873
v 0.372111 0.132825 -0.040516
v 0.372542 0.133335 -0.035462
v 0.364002 0.131208 -0.045020
v 0.371708 0.132763 -0.045472
v 0.385693 0.141124 -0.026438
v 0.383799 0.141038 -0.021272
v 0.379164 0.137287 -0.025835
v 0.383298 0.138923 -0.026282
v 0.386555 0.145003 -0.016461
v 0.384608 0.146040 -0.011144
v 0.380187 0.141962 -0.015657
v 0.384271 0.143452 -0.016236
v 0.374875 0.143233 -0.009566
v 0.366732 0.139122 -0.013844
v 0.374057 0.138242 -0.020058
v 0.374505 0.140561 -0.014823
v 0.365887 0.134240 -0.024343
v 0.373530 0.135830 -0.025164
v 0.387242 0.152051 -0.006699
v 0.385192 0.154077 -0.001550
v 0.380866 0.148651 -0.005746
v 0.384948 0.150082 -0.006372
v 0.387614 0.160188 0.002689
v 0.385360 0.163676 0.007660
v 0.381283 0.157275 0.003947
v 0.385345 0.158612 0.003090
v 0.375570 0.161523 0.009860
v 0.367678 0.155110 0.006524
v 0.375456 0.151613 0.000309
v 0.375580 0.156173 0.005192
v 0.367353 0.146186 -0.003553
v 0.375194 0.147469 -0.004733
v 0.387536 0.170330 0.011086
v 0.385090 0.175709 0.015358
v 0.381184 0.168539 0.012653
v 0.385275 0.169456 0.011642
v 0.387113 0.182739 0.017928
v 0.384126 0.189356 0.021292
v 0.380609 0.181846 0.019665
v 0.384791 0.182343 0.018551
v 0.374080 0.188805 0.023870
v 0.366999 0.180944 0.022614
v 0.375240 0.174331 0.017664
v 0.374840 0.181404 0.021077
v 0.367534 0.166959 0.015323
v 0.375460 0.167791 0.013997
v 0.385368 0.196812 0.022688
v 0.381618 0.204169 0.024418
v 0.378725 0.196598 0.024379
v 0.383072 0.196643 0.023246
v 0.382622 0.211288 0.024048
v 0.378485 0.218971 0.023867
v 0.375570 0.211968 0.025695
v 0.380090 0.211593 0.024609
v 0.368123 0.219767 0.026247
v 0.361916 0.212358 0.028618
v 0.371497 0.204309 0.026892
v 0.369676 0.212214 0.027097
v 0.365121 0.196364 0.027416
v 0.372911 0.196529 0.025812
v 0.379935 0.225491 0.021900
v 0.376122 0.232525 0.020331
v 0.372618 0.226526 0.023353
v 0.377269 0.225884 0.022395
v 0.377536 0.238368 0.017251
v 0.373699 0.245672 0.014308
v 0.370128 0.240076 0.018379
v 0.374815 0.239179 0.017611
v 0.363194 0.247486 0.016032
v 0.356779 0.241317 0.020838
v 0.365495 0.233960 0.022383
v 0.364241 0.240808 0.019492
v 0.359000 0.227474 0.026019
v 0.366684 0.227050 0.024633
v 0.375214 0.251089 0.010065
v 0.371656 0.257748 0.006137
v 0.368081 0.252991 0.011077
v 0.372685 0.251891 0.010458
v 0.373521 0.261119 0.001617
v 0.370215 0.266940 -0.002547
v 0.366428 0.263929 0.002325
v 0.370902 0.262688 0.001825
v 0.360217 0.269198 -0.001284
v 0.353463 0.265783 0.004299
v 0.361474 0.259737 0.007742
v 0.360813 0.264832 0.003294
v 0.354807 0.254699 0.013191
v 0.362275 0.253886 0.012058
v 0.372011 0.269342 -0.007131
v 0.369035 0.273343 -0.011248
v 0.365288 0.271637 -0.006515
v 0.369579 0.270540 -0.006931
v 0.371003 0.273964 -0.015461
v 0.368159 0.276633 -0.019504
v 0.364473 0.276499 -0.015026
v 0.368597 0.275295 -0.015384
v 0.358664 0.279135 -0.018571
v 0.351782 0.278765 -0.013599
v 0.359350 0.275536 -0.010122
v 0.359015 0.277666 -0.014384
v 0.352517 0.273717 -0.004828
v 0.359776 0.272670 -0.005726
v 0.370173 0.275652 -0.023646
v 0.367453 0.277934 -0.027651
v 0.363721 0.278793 -0.023262
v 0.367770 0.277466 -0.023585
v 0.369516 0.277246 -0.031812
v 0.367060 0.277375 -0.035984
v 0.363168 0.279060 -0.031521
v 0.367189 0.277927 -0.031770
v 0.357577 0.279643 -0.035402
v 0.350499 0.281334 -0.030562
v 0.358062 0.280329 -0.026888
v 0.357791 0.280206 -0.031094
v 0.351108 0.281115 -0.022059
v 0.358330 0.279995 -0.022729
v 0.369460 0.275356 -0.040293
v 0.367211 0.275295 -0.044608
v 0.362946 0.277613 -0.040077
v 0.367047 0.276464 -0.040285
v 0.370093 0.273034 -0.048863
v 0.368085 0.271845 -0.052886
v 0.363407 0.274763 -0.048746
v 0.367592 0.273807 -0.048815
v 0.358174 0.273701 -0.052792
v 0.350173 0.276946 -0.048354
v 0.357530 0.277423 -0.044234
v 0.357765 0.275752 -0.048571
v 0.350060 0.279797 -0.039351
v 0.357463 0.278707 -0.039769
v 0.371275 0.268565 -0.056957
v 0.369424 0.266777 -0.060802
v 0.364457 0.270306 -0.056909
v 0.368737 0.269513 -0.056898
v 0.372470 0.262941 -0.064579
v 0.370753 0.259793 -0.068181
v 0.365727 0.264160 -0.064633
v 0.370007 0.263526 -0.064532
v 0.360492 0.261143 -0.068484
v 0.351901 0.265999 -0.064892
v 0.359320 0.268342 -0.060912
v 0.359879 0.264977 -0.064790
v 0.350902 0.272337 -0.056852
v 0.358733 0.271222 -0.056904
v 0.373792 0.254756 -0.071436
v 0.372008 0.250541 -0.074487
v 0.367054 0.256047 -0.071656
v 0.371365 0.255480 -0.071461
v 0.375044 0.244456 -0.077286
v 0.368350 0.245460 -0.077620
v 0.372760 0.244877 -0.077389
v 0.354177 0.246816 -0.078483
v 0.361724 0.251748 -0.075084
v 0.362333 0.246076 -0.078071
v 0.353077 0.257679 -0.072270
v 0.361136 0.256745 -0.071955
v 0.203372 0.289269 -0.015149
v 0.199531 0.289536 -0.009163
v 0.205442 0.289547 -0.005364
v 0.209454 0.289694 -0.011208
v 0.204432 0.289639 -0.010153
v 0.193725 0.289050 -0.013135
v 0.189738 0.289152 -0.007276
v 0.195795 0.289213 -0.003428
v 0.194741 0.289356 -0.008187
v 0.192080 0.288261 0.002090
v 0.198159 0.287270 0.005677
v 0.201794 0.288770 0.000241
v 0.197071 0.288536 0.001171
v 0.207561 0.287738 0.003728
v 0.211574 0.289031 -0.001776
v 0.206510 0.288955 -0.000754
v 0.207609 0.288488 -0.021486
v 0.201599 0.287367 -0.025834
v 0.197689 0.288437 -0.019342
v 0.202515 0.288496 -0.020403
v 0.205993 0.285781 -0.032528
v 0.195792 0.285948 -0.030399
v 0.200812 0.285881 -0.031446
v 0.191854 0.287349 -0.023801
v 0.190970 0.285993 -0.029387
v 0.192738 0.288361 -0.018356
v 0.194342 0.284941 0.011094
v 0.200526 0.282542 0.014605
v 0.204022 0.285558 0.009177
v 0.199301 0.285301 0.010123
v 0.196717 0.278688 0.020211
v 0.202719 0.274814 0.023674
v 0.206578 0.279316 0.018230
v 0.201723 0.279028 0.019213
v 0.212197 0.275357 0.021661
v 0.215912 0.279765 0.016172
v 0.209855 0.283082 0.012624
v 0.211094 0.279620 0.017144
v 0.213539 0.285940 0.007156
v 0.208865 0.285760 0.008198
v 0.187567 0.286657 0.007518
v 0.182571 0.284159 0.012971
v 0.189940 0.281794 0.016651
v 0.188711 0.284605 0.012032
v 0.174732 0.285803 0.009109
v 0.168703 0.283221 0.014427
v 0.177086 0.280801 0.018480
v 0.175986 0.283665 0.013745
v 0.170414 0.276678 0.024114
v 0.178776 0.272812 0.028076
v 0.184757 0.277808 0.022286
v 0.177989 0.277215 0.023307
v 0.192104 0.273949 0.025907
v 0.191042 0.278245 0.021310
v 0.185385 0.288698 -0.001615
v 0.180601 0.287583 0.003839
v 0.186522 0.287970 0.003019
v 0.178264 0.288682 -0.005563
v 0.184167 0.288958 -0.006405
v 0.172694 0.288079 -0.000097
v 0.171676 0.288439 -0.004821
v 0.173940 0.287203 0.004548
v 0.198889 0.269178 0.029302
v 0.205288 0.263313 0.032705
v 0.208652 0.269855 0.027158
v 0.203959 0.269531 0.028211
v 0.201940 0.255691 0.038372
v 0.208585 0.248901 0.041035
v 0.211294 0.256728 0.035920
v 0.206724 0.256351 0.037022
v 0.217439 0.249615 0.038872
v 0.220502 0.257366 0.033848
v 0.214526 0.263923 0.030636
v 0.215824 0.256993 0.034926
v 0.218088 0.270418 0.025115
v 0.213386 0.270107 0.026188
v 0.187004 0.268082 0.031750
v 0.194773 0.262230 0.035233
v 0.193361 0.268598 0.030562
v 0.181370 0.260837 0.037932
v 0.179953 0.267335 0.032999
v 0.186037 0.245826 0.047211
v 0.190313 0.254361 0.041225
v 0.183246 0.253598 0.042685
v 0.198634 0.247663 0.043829
v 0.196393 0.255171 0.039699
v 0.206092 0.240368 0.045957
v 0.212808 0.232844 0.047635
v 0.214853 0.241503 0.043425
v 0.210606 0.240939 0.044593
v 0.210835 0.223765 0.051339
v 0.217324 0.215660 0.051761
v 0.218846 0.224978 0.048895
v 0.214951 0.224479 0.050040
v 0.224802 0.216505 0.049633
v 0.226895 0.225532 0.046841
v 0.220885 0.233767 0.045416
v 0.222675 0.225340 0.047819
v 0.223538 0.242028 0.041391
v 0.219032 0.241864 0.042353
v 0.195559 0.238742 0.049253
v 0.203749 0.231434 0.050539
v 0.201153 0.239647 0.047506
v 0.192415 0.229269 0.054243
v 0.189056 0.237689 0.051042
v 0.199511 0.211580 0.058188
v 0.201436 0.221940 0.054708
v 0.195792 0.220644 0.056633
v 0.209320 0.214114 0.054552
v 0.206481 0.222948 0.052967
v 0.215876 0.205741 0.053559
v 0.221717 0.197065 0.051829
v 0.223049 0.206922 0.051222
v 0.219624 0.206398 0.052317
v 0.220134 0.187083 0.051614
v 0.224744 0.178996 0.048441
v 0.226597 0.188612 0.049528
v 0.223502 0.187856 0.050448
v 0.231000 0.180269 0.046408
v 0.233499 0.189444 0.047645
v 0.228409 0.198100 0.049923
v 0.229934 0.189026 0.048620
v 0.230438 0.207655 0.049341
v 0.226638 0.207403 0.050310
v 0.207590 0.203612 0.056571
v 0.214571 0.195406 0.054463
v 0.211933 0.204887 0.055015
v 0.197518 0.200334 0.060543
v 0.205840 0.192598 0.057698
v 0.202798 0.202195 0.058482
v 0.203863 0.181259 0.058186
v 0.210502 0.174042 0.053926
v 0.212718 0.184811 0.054540
v 0.208505 0.183109 0.056171
v 0.218185 0.176943 0.050769
v 0.216621 0.186078 0.052985
v 0.207855 0.163306 0.052777
v 0.212763 0.157002 0.047245
v 0.215621 0.166918 0.049255
v 0.211874 0.165163 0.050800
v 0.210010 0.147416 0.045116
v 0.213887 0.142384 0.038680
v 0.216630 0.151199 0.041479
v 0.213405 0.149370 0.043089
v 0.219809 0.145536 0.035498
v 0.222603 0.153964 0.038538
v 0.219503 0.160200 0.044075
v 0.219699 0.152662 0.039936
v 0.222360 0.169558 0.046548
v 0.219090 0.168322 0.047740
v 0.201396 0.169179 0.057907
v 0.198660 0.157394 0.057507
v 0.204990 0.152278 0.051488
v 0.203373 0.160578 0.054994
v 0.190915 0.162278 0.063376
v 0.188803 0.149324 0.064028
v 0.196267 0.145458 0.057048
v 0.193746 0.153587 0.060506
v 0.194789 0.133403 0.056513
v 0.200525 0.130787 0.048448
v 0.202392 0.141628 0.050053
v 0.198531 0.137862 0.053033
v 0.207253 0.137745 0.042887
v 0.206261 0.144692 0.047432
v 0.195703 0.188098 0.062189
v 0.193549 0.175151 0.062903
v 0.198940 0.178416 0.060388
v 0.185854 0.194759 0.065919
v 0.191910 0.197779 0.062992
v 0.173271 0.186268 0.072585
v 0.184127 0.180900 0.067874
v 0.179592 0.190955 0.069068
v 0.181970 0.167093 0.069072
v 0.187833 0.171368 0.065724
v 0.180018 0.152848 0.070875
v 0.179787 0.138462 0.072901
v 0.187825 0.136111 0.064564
v 0.184081 0.144267 0.068070
v 0.170757 0.140211 0.081639
v 0.172028 0.124440 0.084614
v 0.180528 0.123860 0.074840
v 0.175837 0.131896 0.078592
v 0.181270 0.109072 0.075692
v 0.188401 0.109303 0.065120
v 0.188130 0.122659 0.065326
v 0.184688 0.116263 0.070325
v 0.194613 0.121196 0.056145
v 0.191356 0.128405 0.060680
v 0.171622 0.171077 0.074914
v 0.170336 0.155780 0.077634
v 0.175966 0.161743 0.072921
v 0.160217 0.174077 0.080874
v 0.166728 0.180549 0.076409
v 0.148022 0.158917 0.092651
v 0.159671 0.157907 0.084842
v 0.153828 0.166870 0.086110
v 0.160840 0.141254 0.090267
v 0.165308 0.149021 0.083512
v 0.162449 0.124070 0.094914
v 0.164680 0.106512 0.097894
v 0.173375 0.108269 0.086668
v 0.168155 0.116001 0.091196
v 0.155395 0.103048 0.109589
v 0.158200 0.083184 0.110830
v 0.166993 0.088408 0.099023
v 0.161546 0.095580 0.104756
v 0.168420 0.069838 0.096550
v 0.175818 0.075043 0.084803
v 0.174985 0.091835 0.087189
v 0.171732 0.081535 0.092309
v 0.182231 0.094036 0.075266
v 0.178023 0.100942 0.081432
v 0.150096 0.140857 0.099722
v 0.152381 0.122309 0.105333
v 0.156605 0.132318 0.097679
v 0.138140 0.139064 0.109635
v 0.143012 0.149518 0.100984
v 0.129188 0.113046 0.127767
v 0.141403 0.118777 0.116516
v 0.133333 0.127078 0.118677
v 0.145209 0.097686 0.121270
v 0.148774 0.110728 0.113415
v 0.148675 0.075659 0.122128
v 0.152570 0.053392 0.119476
v 0.160717 0.062736 0.108189
v 0.154937 0.069080 0.115429
v 0.144102 0.041506 0.130482
v 0.151080 0.014924 0.126806
v 0.157771 0.029224 0.115716
v 0.151322 0.035347 0.123454
v 0.162894 0.003659 0.110141
v 0.168322 0.017606 0.098346
v 0.164155 0.041052 0.104008
v 0.163389 0.023337 0.107385
v 0.170717 0.050493 0.092064
v 0.166004 0.056529 0.100401
v 0.134068 0.089843 0.132541
v 0.138546 0.066132 0.132785
v 0.141826 0.082645 0.127903
v 0.115993 0.104125 0.138749
v 0.121929 0.079038 0.142798
v 0.125557 0.097042 0.136167
v 0.109054 0.065175 0.151555
v 0.117399 0.038340 0.151732
v 0.127972 0.053744 0.142518
v 0.118889 0.059545 0.147503
v 0.135679 0.026984 0.140917
v 0.136286 0.047837 0.136822
v 0.107200 0.019520 0.160048
v 0.118698 -0.013056 0.158171
v 0.127431 0.008662 0.150104
v 0.117821 0.014200 0.155490
v 0.109154 -0.037067 0.165445
v 0.119768 -0.071170 0.161201
v 0.128326 -0.045822 0.154018
v 0.119096 -0.041291 0.159985
v 0.137889 -0.079575 0.147911
v 0.144932 -0.055205 0.140351
v 0.136202 -0.023161 0.145720
v 0.136933 -0.050465 0.147497
v 0.143887 -0.002610 0.136727
v 0.136138 0.003049 0.143687
v 0.095782 0.048389 0.159133
v 0.083561 0.028797 0.166369
v 0.097247 -0.003362 0.167770
v 0.095731 0.024455 0.163703
v 0.071621 0.056185 0.163773
v 0.057889 0.035460 0.169811
v 0.072189 0.005030 0.174163
v 0.070936 0.032484 0.168333
v 0.060326 -0.021741 0.181328
v 0.074491 -0.056196 0.180952
v 0.086293 -0.028386 0.174890
v 0.073675 -0.024809 0.178434
v 0.098772 -0.063062 0.172184
v 0.098156 -0.032391 0.170635
v 0.101475 0.091596 0.148946
v 0.086617 0.074940 0.157596
v 0.098273 0.070331 0.154916
v 0.093528 0.117078 0.141805
v 0.105357 0.110963 0.140731
v 0.065926 0.125287 0.143892
v 0.076806 0.101204 0.152110
v 0.080561 0.122009 0.142772
v 0.060381 0.081880 0.160763
v 0.073866 0.078999 0.159411
v 0.044670 0.061173 0.166402
v 0.030575 0.039241 0.172037
v 0.045189 0.011181 0.177114
v 0.044457 0.037726 0.170877
v 0.016474 0.063207 0.168513
v 0.017156 0.013948 0.179204
v 0.016580 0.040101 0.173033
v 0.018556 -0.048274 0.189774
v 0.032137 -0.017231 0.184907
v 0.017955 -0.016060 0.185816
v 0.047060 -0.051021 0.186711
v 0.046411 -0.019174 0.183442
v 0.048163 0.104873 0.154955
v 0.031864 0.084500 0.162984
v 0.046276 0.083601 0.161882
v 0.033925 0.123373 0.148733
v 0.050018 0.124641 0.146504
v 0.017634 0.104814 0.157601
v 0.017915 0.122592 0.150315
v 0.017156 0.085006 0.163988
v 0.019556 -0.117680 0.192239
v 0.033440 -0.083053 0.189413
v 0.019006 -0.081929 0.190660
v 0.020766 -0.197005 0.199959
v 0.034985 -0.156743 0.194705
v 0.020004 -0.155750 0.195816
v 0.051152 -0.199112 0.196686
v 0.063698 -0.159745 0.190257
v 0.048263 -0.119918 0.189033
v 0.049485 -0.158017 0.192869
v 0.061567 -0.086563 0.184767
v 0.047584 -0.084609 0.187463
v 0.022109 -0.281003 0.200710
v 0.037419 -0.240188 0.200562
v 0.021652 -0.239325 0.201828
v 0.023152 -0.365555 0.202618
v 0.039244 -0.323712 0.200386
v 0.022598 -0.323094 0.201128
v 0.057717 -0.367042 0.199926
v 0.072384 -0.325929 0.196322
v 0.054614 -0.282863 0.198435
v 0.056276 -0.324632 0.199152
v 0.068531 -0.242393 0.195783
v 0.052948 -0.241331 0.198595
v 0.025074 -0.447103 0.198678
v 0.041852 -0.407874 0.200837
v 0.023991 -0.407020 0.201885
v 0.026829 -0.523715 0.192065
v 0.044042 -0.486218 0.193672
v 0.026208 -0.486136 0.194938
v 0.062831 -0.523350 0.188540
v 0.079039 -0.486276 0.188016
v 0.060597 -0.447783 0.194948
v 0.061995 -0.486289 0.191377
v 0.076371 -0.409080 0.194480
v 0.059304 -0.408535 0.198290
v 0.027421 -0.592938 0.190918
v 0.045647 -0.558876 0.189555
v 0.027299 -0.559280 0.190915
v 0.027827 -0.653867 0.191616
v 0.046207 -0.623830 0.189898
v 0.027333 -0.624417 0.191277
v 0.065336 -0.652057 0.187088
v 0.082205 -0.622359 0.184206
v 0.064078 -0.591867 0.187297
v 0.064471 -0.623105 0.187584
v 0.080829 -0.557955 0.184360
v 0.063551 -0.558470 0.187438
v 0.028201 -0.703762 0.189694
v 0.047477 -0.679573 0.188848
v 0.028104 -0.680375 0.190729
v 0.048420 -0.724113 0.187391
v 0.028689 -0.724910 0.188852
v 0.085926 -0.722411 0.182148
v 0.067148 -0.702313 0.185758
v 0.067519 -0.723235 0.185145
v 0.084510 -0.677621 0.183333
v 0.066527 -0.678683 0.186432
v 0.100591 -0.650059 0.179974
v 0.115270 -0.621012 0.175707
v 0.098233 -0.590811 0.180459
v 0.099173 -0.621718 0.180227
v 0.132037 -0.648141 0.170465
v 0.144231 -0.619684 0.165156
v 0.128821 -0.590050 0.171144
v 0.130175 -0.620311 0.170701
v 0.141415 -0.557659 0.166200
v 0.126192 -0.523333 0.172127
v 0.112880 -0.557491 0.176467
v 0.127599 -0.557481 0.171620
v 0.096409 -0.523091 0.181534
v 0.097322 -0.557656 0.180686
v 0.103178 -0.700270 0.178906
v 0.118604 -0.675489 0.175117
v 0.102104 -0.676643 0.179505
v 0.104043 -0.739495 0.177606
v 0.120436 -0.720122 0.174013
v 0.103867 -0.721256 0.178325
v 0.136474 -0.737237 0.168352
v 0.150355 -0.717863 0.163683
v 0.135138 -0.698154 0.169575
v 0.136099 -0.718973 0.169049
v 0.147972 -0.673516 0.164742
v 0.133769 -0.674445 0.170187
v 0.164080 -0.734851 0.157113
v 0.175422 -0.716054 0.151548
v 0.162353 -0.696282 0.158347
v 0.163521 -0.716927 0.157796
v 0.187061 -0.732789 0.144045
v 0.195961 -0.714259 0.137634
v 0.184992 -0.694448 0.145400
v 0.186251 -0.715165 0.144822
v 0.192987 -0.670704 0.138719
v 0.181245 -0.645779 0.146330
v 0.172705 -0.671915 0.152591
v 0.183375 -0.671278 0.145901
v 0.158765 -0.646711 0.159232
v 0.160883 -0.672708 0.158885
v 0.150748 -0.751234 0.162356
v 0.163836 -0.761720 0.155873
v 0.176403 -0.749136 0.150140
v 0.164129 -0.750111 0.156446
v 0.149741 -0.770107 0.161322
v 0.162889 -0.772595 0.154990
v 0.175667 -0.768485 0.149246
v 0.163395 -0.769316 0.155347
v 0.186719 -0.771101 0.142270
v 0.196880 -0.767062 0.135162
v 0.187199 -0.759889 0.142909
v 0.186849 -0.767730 0.142464
v 0.197170 -0.747174 0.136206
v 0.187396 -0.748209 0.143419
v 0.120442 -0.753112 0.172633
v 0.135734 -0.763471 0.167082
v 0.136284 -0.752146 0.167760
v 0.102863 -0.765015 0.176361
v 0.103600 -0.754107 0.176968
v 0.101489 -0.775511 0.175572
v 0.119194 -0.771416 0.171525
v 0.102053 -0.772160 0.175855
v 0.134793 -0.773944 0.166493
v 0.135031 -0.770732 0.166715
v 0.205443 -0.769983 0.127516
v 0.213185 -0.765926 0.119778
v 0.205781 -0.758472 0.128176
v 0.205575 -0.766516 0.127680
v 0.219944 -0.768911 0.110916
v 0.225827 -0.764674 0.102049
v 0.220137 -0.757175 0.111579
v 0.219939 -0.765257 0.111194
v 0.226002 -0.745057 0.102783
v 0.219725 -0.730516 0.112439
v 0.213386 -0.746060 0.120463
v 0.220110 -0.745543 0.111880
v 0.205405 -0.731382 0.129219
v 0.205789 -0.746615 0.128611
v 0.231156 -0.767824 0.091517
v 0.235796 -0.764145 0.080645
v 0.231362 -0.756390 0.092014
v 0.231184 -0.764263 0.091858
v 0.239520 -0.767474 0.068922
v 0.242809 -0.763948 0.056716
v 0.239728 -0.755987 0.069442
v 0.239623 -0.763996 0.069001
v 0.242775 -0.744490 0.057716
v 0.239265 -0.730124 0.070440
v 0.235862 -0.744783 0.081471
v 0.239629 -0.744611 0.069987
v 0.230943 -0.730178 0.092900
v 0.231345 -0.744927 0.092437
v 0.245256 -0.767386 0.043981
v 0.247136 -0.763545 0.031096
v 0.245330 -0.755536 0.044487
v 0.245296 -0.763685 0.044138
v 0.248467 -0.767612 0.017328
v 0.249355 -0.763752 0.003960
v 0.248534 -0.755110 0.017945
v 0.248518 -0.763620 0.017542
v 0.249274 -0.743742 0.004860
v 0.248084 -0.729524 0.019450
v 0.247068 -0.743892 0.031944
v 0.248437 -0.743776 0.018605
v 0.244850 -0.729858 0.045706
v 0.245236 -0.744232 0.044961
v 0.249621 -0.768436 -0.010483
v 0.249210 -0.764758 -0.024355
v 0.249623 -0.755415 -0.009852
v 0.249620 -0.764239 -0.010357
v 0.248298 -0.769722 -0.038395
v 0.246528 -0.766080 -0.051965
v 0.248226 -0.756301 -0.037568
v 0.248229 -0.765401 -0.038212
v 0.246287 -0.744885 -0.049989
v 0.247564 -0.730096 -0.035339
v 0.249060 -0.744135 -0.022955
v 0.247999 -0.744474 -0.036608
v 0.249165 -0.729602 -0.008027
v 0.249500 -0.743874 -0.009117
v 0.244193 -0.771160 -0.065426
v 0.241214 -0.767329 -0.077777
v 0.244180 -0.757382 -0.064173
v 0.244257 -0.766712 -0.065045
v 0.237766 -0.772205 -0.089781
v 0.233625 -0.768042 -0.100219
v 0.237465 -0.758273 -0.088470
v 0.237644 -0.767766 -0.089506
v 0.233049 -0.746636 -0.097918
v 0.236693 -0.732125 -0.085674
v 0.240827 -0.745897 -0.075516
v 0.237191 -0.746292 -0.087150
v 0.243392 -0.731057 -0.061621
v 0.243872 -0.745402 -0.063063
v 0.229345 -0.772471 -0.110249
v 0.224198 -0.768211 -0.118585
v 0.228896 -0.758604 -0.108889
v 0.229146 -0.768166 -0.109949
v 0.218888 -0.772342 -0.126536
v 0.212581 -0.768028 -0.132406
v 0.218361 -0.758636 -0.125086
v 0.218724 -0.768192 -0.126112
v 0.211692 -0.747114 -0.130524
v 0.217306 -0.733441 -0.122827
v 0.223468 -0.747054 -0.116404
v 0.217891 -0.747143 -0.124043
v 0.228081 -0.732918 -0.106197
v 0.228584 -0.746867 -0.107632
v 0.205731 -0.771995 -0.138016
v 0.198504 -0.767398 -0.141820
v 0.205459 -0.758247 -0.136794
v 0.205870 -0.767752 -0.137624
v 0.190457 -0.771490 -0.145493
v 0.181775 -0.766707 -0.148163
v 0.190056 -0.757558 -0.144792
v 0.190476 -0.767022 -0.145194
v 0.180639 -0.745813 -0.147433
v 0.188756 -0.732680 -0.143555
v 0.197549 -0.746552 -0.140457
v 0.189499 -0.746163 -0.144229
v 0.204327 -0.733399 -0.135002
v 0.204986 -0.746888 -0.135962
v 0.172279 -0.771126 -0.150903
v 0.161828 -0.766426 -0.153233
v 0.171741 -0.757084 -0.150665
v 0.172257 -0.766510 -0.150822
v 0.150596 -0.771024 -0.155651
v 0.137978 -0.766339 -0.157525
v 0.149905 -0.756920 -0.155439
v 0.150397 -0.766361 -0.155505
v 0.136836 -0.745454 -0.157263
v 0.148383 -0.731785 -0.154929
v 0.160620 -0.745455 -0.152928
v 0.149206 -0.745387 -0.155208
v 0.170320 -0.731991 -0.149923
v 0.171067 -0.745584 -0.150342
v 0.124726 -0.771058 -0.159339
v 0.110136 -0.766684 -0.161350
v 0.124138 -0.757101 -0.159342
v 0.124585 -0.766446 -0.159492
v 0.094594 -0.771540 -0.162666
v 0.094396 -0.757899 -0.162676
v 0.094571 -0.767037 -0.162802
v 0.093284 -0.732931 -0.162155
v 0.109177 -0.746085 -0.160893
v 0.093884 -0.746589 -0.162433
v 0.122712 -0.732044 -0.158844
v 0.123478 -0.745667 -0.159087
v 0.107642 -0.716978 -0.160336
v 0.120840 -0.699497 -0.158101
v 0.135028 -0.716504 -0.156664
v 0.121787 -0.716684 -0.158566
v 0.076565 -0.717827 -0.163081
v 0.091779 -0.699943 -0.161301
v 0.092528 -0.717448 -0.161849
v 0.075527 -0.681627 -0.161814
v 0.090671 -0.661690 -0.159789
v 0.105887 -0.681107 -0.159253
v 0.091152 -0.681400 -0.160675
v 0.119196 -0.661494 -0.156899
v 0.132989 -0.680957 -0.155671
v 0.119833 -0.681040 -0.157585
v 0.146289 -0.699449 -0.154161
v 0.158731 -0.716607 -0.152227
v 0.147333 -0.716484 -0.154598
v 0.144339 -0.661723 -0.152925
v 0.156628 -0.681401 -0.151151
v 0.145258 -0.681151 -0.153618
v 0.166145 -0.662244 -0.147525
v 0.176795 -0.681856 -0.144936
v 0.168159 -0.699829 -0.148952
v 0.167116 -0.681594 -0.148283
v 0.178892 -0.717193 -0.146415
v 0.169248 -0.716848 -0.149513
v 0.154795 -0.641927 -0.149697
v 0.163947 -0.620488 -0.145467
v 0.174924 -0.642418 -0.143114
v 0.165198 -0.642148 -0.146637
v 0.131303 -0.641332 -0.154282
v 0.142186 -0.619847 -0.151188
v 0.143476 -0.641651 -0.152227
v 0.128493 -0.595966 -0.152077
v 0.138600 -0.571778 -0.148659
v 0.151885 -0.596946 -0.147228
v 0.140596 -0.596537 -0.149925
v 0.160392 -0.572668 -0.142488
v 0.172083 -0.597546 -0.140227
v 0.162374 -0.597336 -0.144037
v 0.184837 -0.662721 -0.140024
v 0.193953 -0.682349 -0.136581
v 0.186728 -0.700559 -0.142096
v 0.185734 -0.682111 -0.141075
v 0.200608 -0.662866 -0.129925
v 0.208478 -0.682364 -0.125296
v 0.202523 -0.701067 -0.132792
v 0.201469 -0.682404 -0.131334
v 0.210310 -0.718367 -0.128295
v 0.196029 -0.717905 -0.138877
v 0.203470 -0.718245 -0.134035
v 0.187772 -0.717607 -0.142930
v 0.182633 -0.621022 -0.137486
v 0.192035 -0.642597 -0.134059
v 0.183836 -0.642607 -0.138914
v 0.179122 -0.573132 -0.133923
v 0.189381 -0.597856 -0.130578
v 0.181074 -0.597887 -0.135752
v 0.195085 -0.572800 -0.122556
v 0.203893 -0.597345 -0.118023
v 0.198420 -0.620959 -0.126658
v 0.196984 -0.597710 -0.124675
v 0.206483 -0.642343 -0.121988
v 0.199585 -0.642522 -0.128398
v 0.185441 -0.547379 -0.126730
v 0.190943 -0.519464 -0.118530
v 0.200270 -0.546319 -0.113610
v 0.193181 -0.546943 -0.120552
v 0.167981 -0.547466 -0.137013
v 0.174601 -0.520270 -0.130547
v 0.177025 -0.547595 -0.132194
v 0.162743 -0.491159 -0.133730
v 0.169265 -0.459808 -0.126000
v 0.180591 -0.490621 -0.122852
v 0.171966 -0.491003 -0.128658
v 0.185821 -0.458768 -0.113431
v 0.195707 -0.489270 -0.108974
v 0.188543 -0.490091 -0.116251
v 0.208532 -0.571678 -0.108237
v 0.215925 -0.596082 -0.102323
v 0.211566 -0.620124 -0.112725
v 0.210272 -0.596784 -0.110548
v 0.219477 -0.569886 -0.091045
v 0.225722 -0.593887 -0.083696
v 0.222380 -0.618747 -0.095518
v 0.221092 -0.594995 -0.093351
v 0.228080 -0.639801 -0.087918
v 0.224606 -0.661258 -0.099676
v 0.218422 -0.641485 -0.106628
v 0.223596 -0.640633 -0.097620
v 0.213749 -0.662361 -0.116649
v 0.212762 -0.641971 -0.114764
v 0.204621 -0.517938 -0.103577
v 0.212444 -0.544622 -0.097642
v 0.206631 -0.545527 -0.105993
v 0.199558 -0.457063 -0.098101
v 0.208147 -0.487407 -0.092493
v 0.202263 -0.488459 -0.101055
v 0.210785 -0.454616 -0.080315
v 0.218034 -0.484654 -0.073748
v 0.215766 -0.515674 -0.086047
v 0.213358 -0.486099 -0.083400
v 0.222396 -0.542226 -0.079076
v 0.217746 -0.543495 -0.088625
v 0.202868 -0.422429 -0.086257
v 0.204973 -0.385542 -0.074110
v 0.212668 -0.419398 -0.067676
v 0.208123 -0.421049 -0.077157
v 0.190400 -0.424612 -0.102760
v 0.193889 -0.388120 -0.091334
v 0.196962 -0.423614 -0.094801
v 0.183481 -0.352341 -0.095167
v 0.186195 -0.312826 -0.083454
v 0.195955 -0.349607 -0.079290
v 0.190023 -0.351213 -0.087568
v 0.197178 -0.309779 -0.066956
v 0.205789 -0.346476 -0.061498
v 0.201154 -0.348288 -0.070646
v 0.219480 -0.451196 -0.060611
v 0.225676 -0.480763 -0.053053
v 0.224530 -0.512487 -0.066306
v 0.222122 -0.482796 -0.063616
v 0.225990 -0.446708 -0.039054
v 0.231118 -0.475950 -0.030550
v 0.231160 -0.508298 -0.044465
v 0.228715 -0.478445 -0.041888
v 0.235739 -0.534421 -0.035365
v 0.234967 -0.563672 -0.049264
v 0.230177 -0.538736 -0.058162
v 0.233284 -0.536658 -0.046930
v 0.228257 -0.567198 -0.071267
v 0.226514 -0.540578 -0.068932
v 0.213659 -0.381803 -0.054921
v 0.220281 -0.415302 -0.047315
v 0.216757 -0.417511 -0.057672
v 0.205519 -0.305851 -0.048835
v 0.213230 -0.341995 -0.041928
v 0.209784 -0.344434 -0.051916
v 0.211662 -0.300248 -0.028809
v 0.218388 -0.336402 -0.020956
v 0.220112 -0.376778 -0.034153
v 0.216114 -0.339090 -0.031560
v 0.225643 -0.410287 -0.025636
v 0.223289 -0.412766 -0.036502
v 0.205322 -0.263896 -0.037141
v 0.203722 -0.222974 -0.026717
v 0.210127 -0.258075 -0.017356
v 0.208011 -0.261096 -0.027395
v 0.198344 -0.268984 -0.055620
v 0.198328 -0.228241 -0.045472
v 0.202118 -0.266375 -0.046553
v 0.190260 -0.193824 -0.052577
v 0.189860 -0.158104 -0.042820
v 0.196470 -0.189912 -0.035055
v 0.193678 -0.192003 -0.043971
v 0.194651 -0.153853 -0.025167
v 0.200409 -0.184798 -0.016454
v 0.198706 -0.187323 -0.025883
v 0.215445 -0.293818 -0.007910
v 0.221154 -0.329583 0.000828
v 0.224201 -0.370981 -0.012435
v 0.220061 -0.332933 -0.010198
v 0.216922 -0.286718 0.013675
v 0.221363 -0.322288 0.023158
v 0.225885 -0.364422 0.010290
v 0.221573 -0.326084 0.011851
v 0.229152 -0.397726 0.020124
v 0.231719 -0.435494 0.006762
v 0.228622 -0.404297 -0.003093
v 0.229228 -0.401045 0.008615
v 0.230077 -0.441458 -0.016640
v 0.227441 -0.407257 -0.014325
v 0.206775 -0.217549 -0.007074
v 0.212607 -0.251562 0.003375
v 0.211674 -0.254987 -0.007191
v 0.197219 -0.148903 -0.006382
v 0.202221 -0.178844 0.003272
v 0.201595 -0.181976 -0.006602
v 0.197797 -0.142710 0.013290
v 0.201884 -0.171806 0.023873
v 0.207567 -0.210441 0.013640
v 0.202326 -0.175079 0.013638
v 0.212612 -0.244207 0.024826
v 0.212934 -0.248064 0.013908
v 0.193189 -0.116185 0.003273
v 0.189906 -0.086036 0.012416
v 0.192851 -0.109589 0.023101
v 0.193295 -0.113091 0.013025
v 0.191578 -0.121536 -0.015599
v 0.189286 -0.091503 -0.006804
v 0.192615 -0.119013 -0.006363
v 0.185353 -0.068698 -0.016494
v 0.184488 -0.043892 -0.008443
v 0.187046 -0.063867 0.001791
v 0.186387 -0.066206 -0.007426
v 0.185735 -0.039147 0.010010
v 0.187035 -0.058361 0.021204
v 0.187251 -0.061198 0.011432
v 0.196129 -0.135165 0.034025
v 0.199188 -0.163303 0.045068
v 0.205851 -0.202891 0.034876
v 0.200816 -0.167655 0.034367
v 0.192356 -0.126944 0.055166
v 0.194333 -0.154029 0.066266
v 0.201904 -0.194034 0.056115
v 0.197030 -0.158789 0.055657
v 0.204357 -0.226413 0.067666
v 0.211937 -0.269785 0.057467
v 0.209841 -0.235638 0.046323
v 0.207467 -0.231431 0.057110
v 0.215860 -0.278691 0.035656
v 0.211585 -0.240004 0.035569
v 0.188642 -0.079461 0.032652
v 0.190558 -0.102442 0.043797
v 0.191981 -0.106410 0.033371
v 0.185163 -0.033165 0.029725
v 0.185160 -0.051730 0.041809
v 0.186360 -0.055385 0.031365
v 0.182684 -0.025821 0.050471
v 0.181292 -0.043518 0.062880
v 0.185539 -0.071686 0.053636
v 0.183487 -0.047823 0.052269
v 0.186028 -0.094072 0.065073
v 0.188531 -0.098169 0.054472
v 0.184013 -0.010810 0.037918
v 0.183467 0.010096 0.045766
v 0.181017 -0.002432 0.058712
v 0.182700 -0.006687 0.048209
v 0.185270 -0.017590 0.017680
v 0.185142 0.002614 0.025299
v 0.184852 -0.014286 0.027603
v 0.186292 0.014133 0.013246
v 0.187673 0.030225 0.020738
v 0.185739 0.020836 0.033011
v 0.186248 0.017296 0.023006
v 0.186587 0.037506 0.040778
v 0.183417 0.029147 0.053887
v 0.184882 0.024639 0.043465
v 0.178282 -0.016960 0.071434
v 0.175396 -0.034065 0.083546
v 0.180457 -0.063125 0.074770
v 0.178620 -0.038917 0.073244
v 0.171829 -0.007248 0.091675
v 0.167416 -0.024019 0.103306
v 0.172993 -0.053478 0.095158
v 0.171656 -0.029375 0.093636
v 0.170319 -0.074994 0.105571
v 0.177999 -0.108211 0.096304
v 0.179278 -0.084774 0.085916
v 0.175124 -0.080003 0.095878
v 0.186447 -0.117592 0.076070
v 0.182816 -0.089147 0.075609
v 0.179719 0.019170 0.066555
v 0.175901 0.007067 0.079223
v 0.178734 0.002100 0.069031
v 0.183157 0.046673 0.061539
v 0.178349 0.039049 0.073974
v 0.181242 0.033874 0.064121
v 0.176774 0.057640 0.080032
v 0.173325 0.029500 0.086204
v 0.174783 0.044672 0.083225
v 0.172439 0.012313 0.089010
v 0.176823 -0.134519 0.106490
v 0.186431 -0.174529 0.097570
v 0.186899 -0.144533 0.087055
v 0.182253 -0.139510 0.096881
v 0.185620 -0.206837 0.108177
v 0.195785 -0.250056 0.099352
v 0.196250 -0.216763 0.088485
v 0.191306 -0.211755 0.098429
v 0.205150 -0.260034 0.078928
v 0.195462 -0.184271 0.077360
v 0.200671 -0.221727 0.078295
v 0.191032 -0.149558 0.076738
v 0.166911 -0.098268 0.115122
v 0.163873 -0.124501 0.124377
v 0.174830 -0.164233 0.116458
v 0.170713 -0.129636 0.115635
v 0.153608 -0.088651 0.132404
v 0.148118 -0.114728 0.140513
v 0.160304 -0.154090 0.133705
v 0.156279 -0.119489 0.132719
v 0.155846 -0.187030 0.143114
v 0.168901 -0.231216 0.136114
v 0.172059 -0.196693 0.126378
v 0.164269 -0.191769 0.134968
v 0.183706 -0.240385 0.118388
v 0.179117 -0.201576 0.117558
v 0.163237 -0.043678 0.114280
v 0.159046 -0.065400 0.124099
v 0.165028 -0.070397 0.115082
v 0.156987 -0.013462 0.121009
v 0.162485 -0.018917 0.112409
v 0.150913 -0.033203 0.131095
v 0.150802 -0.008217 0.129167
v 0.152328 -0.060303 0.132584
v 0.164506 -0.267563 0.144850
v 0.177192 -0.311534 0.136308
v 0.180733 -0.275881 0.127685
v 0.173012 -0.271315 0.136392
v 0.173161 -0.348530 0.144337
v 0.185467 -0.391163 0.134727
v 0.189806 -0.356179 0.126862
v 0.181892 -0.352128 0.135775
v 0.200419 -0.398322 0.116458
v 0.203384 -0.364570 0.107775
v 0.192377 -0.320362 0.118330
v 0.196999 -0.360335 0.117460
v 0.194216 -0.285026 0.109108
v 0.187832 -0.280404 0.118542
v 0.151032 -0.222471 0.152626
v 0.145131 -0.259594 0.160923
v 0.159233 -0.303952 0.152888
v 0.155200 -0.263266 0.153043
v 0.130143 -0.214588 0.167593
v 0.122415 -0.252811 0.175402
v 0.137954 -0.297254 0.168255
v 0.134196 -0.256104 0.168384
v 0.129518 -0.335279 0.174854
v 0.145327 -0.378673 0.166850
v 0.153097 -0.341152 0.160480
v 0.141677 -0.338017 0.167951
v 0.167264 -0.384490 0.151539
v 0.163585 -0.344752 0.152560
v 0.143057 -0.144995 0.149356
v 0.136922 -0.178625 0.158530
v 0.146758 -0.182757 0.151017
v 0.130177 -0.106548 0.154758
v 0.139446 -0.110550 0.147837
v 0.110012 -0.098780 0.166935
v 0.122916 -0.136914 0.163146
v 0.120344 -0.102610 0.161152
v 0.115105 -0.170865 0.171880
v 0.126329 -0.174645 0.165513
v 0.106413 -0.207534 0.180262
v 0.096824 -0.246534 0.187056
v 0.113164 -0.291057 0.181679
v 0.109938 -0.249710 0.181657
v 0.080134 -0.202242 0.189933
v 0.085422 -0.285820 0.191892
v 0.083206 -0.244220 0.191740
v 0.090281 -0.369906 0.191894
v 0.102380 -0.330083 0.187201
v 0.087768 -0.328104 0.192194
v 0.119591 -0.373789 0.180475
v 0.116327 -0.332366 0.181374
v 0.100541 -0.129473 0.174376
v 0.090708 -0.164241 0.182414
v 0.103206 -0.167344 0.177538
v 0.087460 -0.091888 0.176856
v 0.099050 -0.095166 0.172158
v 0.075804 -0.123628 0.182928
v 0.075013 -0.089037 0.181083
v 0.077710 -0.161720 0.186567
v 0.135417 -0.415184 0.172161
v 0.149587 -0.454065 0.163379
v 0.159302 -0.419524 0.158060
v 0.147863 -0.417189 0.165308
v 0.138375 -0.488876 0.167816
v 0.152540 -0.524394 0.160683
v 0.162314 -0.490925 0.154873
v 0.150822 -0.489779 0.161516
v 0.175205 -0.526186 0.147099
v 0.182926 -0.493894 0.140002
v 0.171451 -0.457689 0.148799
v 0.173072 -0.492400 0.147619
v 0.179339 -0.424629 0.142136
v 0.169822 -0.422045 0.150220
v 0.107619 -0.411566 0.184441
v 0.123859 -0.451154 0.176185
v 0.121977 -0.413151 0.178616
v 0.094253 -0.449016 0.186974
v 0.092607 -0.410219 0.189664
v 0.110561 -0.487273 0.179082
v 0.095384 -0.486756 0.183854
v 0.125054 -0.487971 0.173624
v 0.194284 -0.528954 0.131286
v 0.200042 -0.498022 0.122880
v 0.189793 -0.462070 0.132485
v 0.191908 -0.495910 0.131614
v 0.209758 -0.532349 0.113337
v 0.213811 -0.502627 0.104090
v 0.204912 -0.467205 0.114424
v 0.207351 -0.500283 0.113741
v 0.208997 -0.436980 0.105570
v 0.195749 -0.430567 0.124595
v 0.202778 -0.433742 0.115181
v 0.187975 -0.427606 0.133544
v 0.186861 -0.559681 0.139202
v 0.197186 -0.590557 0.131014
v 0.204010 -0.561739 0.122468
v 0.195842 -0.560539 0.131141
v 0.189431 -0.618910 0.139025
v 0.199889 -0.645380 0.131252
v 0.206480 -0.619437 0.122538
v 0.198409 -0.618996 0.131092
v 0.214868 -0.645818 0.113576
v 0.219921 -0.620803 0.103796
v 0.212455 -0.592359 0.113372
v 0.213622 -0.620095 0.113458
v 0.217766 -0.564504 0.103677
v 0.211320 -0.563187 0.113257
v 0.166070 -0.558243 0.153723
v 0.178320 -0.589729 0.146413
v 0.176914 -0.558778 0.146723
v 0.155621 -0.589692 0.159674
v 0.154238 -0.557868 0.160211
v 0.168866 -0.619030 0.152992
v 0.157045 -0.619374 0.159321
v 0.179586 -0.618757 0.146288
v 0.226534 -0.646729 0.093711
v 0.230103 -0.622699 0.082724
v 0.224453 -0.594679 0.093608
v 0.225386 -0.621672 0.093550
v 0.235160 -0.648257 0.071603
v 0.237392 -0.624978 0.059768
v 0.233260 -0.597569 0.071598
v 0.234062 -0.623906 0.071392
v 0.235618 -0.571997 0.060237
v 0.230873 -0.541000 0.071973
v 0.228208 -0.568119 0.082788
v 0.232274 -0.569943 0.071764
v 0.221887 -0.536405 0.093597
v 0.223401 -0.566316 0.093449
v 0.222547 -0.670765 0.104036
v 0.229155 -0.693004 0.093502
v 0.232478 -0.671377 0.082843
v 0.227914 -0.670989 0.093653
v 0.224945 -0.713060 0.103581
v 0.234783 -0.713163 0.082242
v 0.230237 -0.712996 0.093228
v 0.241720 -0.713388 0.058718
v 0.237492 -0.693460 0.071312
v 0.238575 -0.713198 0.070820
v 0.239594 -0.672346 0.059605
v 0.236375 -0.671809 0.071507
v 0.209592 -0.670456 0.122510
v 0.217890 -0.692950 0.113292
v 0.216512 -0.670539 0.113538
v 0.203327 -0.693350 0.130508
v 0.201806 -0.670519 0.130823
v 0.212290 -0.713499 0.121709
v 0.204565 -0.713756 0.129969
v 0.218982 -0.713199 0.112990
v 0.241066 -0.649887 0.047640
v 0.242109 -0.627335 0.035215
v 0.239202 -0.600793 0.047903
v 0.240052 -0.626120 0.047706
v 0.244559 -0.651731 0.021893
v 0.244381 -0.629626 0.009583
v 0.242636 -0.604098 0.022899
v 0.243550 -0.628467 0.022474
v 0.242518 -0.579773 0.010959
v 0.240425 -0.550492 0.024370
v 0.240341 -0.575903 0.036155
v 0.241743 -0.577824 0.023690
v 0.236957 -0.545635 0.048861
v 0.238291 -0.573900 0.048457
v 0.243224 -0.694074 0.046911
v 0.244168 -0.673354 0.034682
v 0.242179 -0.672842 0.047343
v 0.246114 -0.713307 0.033423
v 0.244188 -0.713299 0.046304
v 0.248293 -0.713358 0.006716
v 0.246570 -0.694466 0.021088
v 0.247483 -0.713355 0.020299
v 0.246438 -0.674309 0.008315
v 0.245601 -0.673783 0.021664
v 0.245625 -0.653385 -0.004490
v 0.244102 -0.632256 -0.016614
v 0.243557 -0.607203 -0.002765
v 0.244564 -0.631001 -0.003532
v 0.244098 -0.655344 -0.030963
v 0.241219 -0.634772 -0.042152
v 0.241887 -0.610455 -0.028320
v 0.242976 -0.633513 -0.029497
v 0.238967 -0.587503 -0.039297
v 0.239347 -0.559449 -0.025513
v 0.242044 -0.583713 -0.014524
v 0.240787 -0.585765 -0.027158
v 0.241248 -0.554947 -0.000510
v 0.242615 -0.581805 -0.001709
v 0.247604 -0.695102 -0.005958
v 0.246241 -0.675696 -0.018529
v 0.246653 -0.674890 -0.005157
v 0.248000 -0.713913 -0.020693
v 0.248473 -0.713522 -0.006979
v 0.245142 -0.714637 -0.047389
v 0.246046 -0.696268 -0.033086
v 0.246872 -0.714320 -0.034311
v 0.243448 -0.677266 -0.044792
v 0.245155 -0.676487 -0.031886
v 0.240030 -0.657599 -0.056022
v 0.235785 -0.637625 -0.066200
v 0.237707 -0.613571 -0.052727
v 0.238848 -0.636306 -0.054352
v 0.233340 -0.659697 -0.079298
v 0.231010 -0.616454 -0.075459
v 0.232231 -0.638772 -0.077346
v 0.233407 -0.591084 -0.062617
v 0.229878 -0.592564 -0.073381
v 0.236565 -0.589300 -0.051000
v 0.241979 -0.697708 -0.058790
v 0.237922 -0.679175 -0.069626
v 0.241060 -0.678216 -0.057419
v 0.239628 -0.715969 -0.072654
v 0.242697 -0.715357 -0.060330
v 0.231846 -0.717180 -0.094974
v 0.235172 -0.699228 -0.082687
v 0.235933 -0.716696 -0.084279
v 0.230260 -0.680793 -0.091552
v 0.234302 -0.679978 -0.081016
v 0.238826 -0.529628 -0.011334
v 0.237073 -0.497780 0.002938
v 0.239299 -0.524318 0.013386
v 0.239383 -0.527010 0.000939
v 0.235390 -0.503414 -0.021228
v 0.237587 -0.532045 -0.023547
v 0.233973 -0.470519 -0.007287
v 0.232853 -0.473365 -0.019077
v 0.234289 -0.464367 0.016686
v 0.234469 -0.467466 0.004894
v 0.236079 -0.491799 0.027100
v 0.237076 -0.518877 0.037744
v 0.238514 -0.521773 0.025534
v 0.230907 -0.429016 0.030095
v 0.231919 -0.457938 0.040392
v 0.233442 -0.461199 0.028621
v 0.227471 -0.421752 0.053253
v 0.226930 -0.451137 0.063332
v 0.232449 -0.485527 0.050940
v 0.229771 -0.454501 0.052019
v 0.232111 -0.513486 0.061265
v 0.234930 -0.516088 0.049748
v 0.227019 -0.390358 0.043038
v 0.221124 -0.348594 0.055681
v 0.222036 -0.382124 0.065544
v 0.224883 -0.386375 0.054446
v 0.224903 -0.357030 0.033053
v 0.228397 -0.394156 0.031530
v 0.218827 -0.313903 0.045677
v 0.220441 -0.318265 0.034377
v 0.213370 -0.304529 0.067768
v 0.216455 -0.309357 0.056805
v 0.221299 -0.414032 0.075429
v 0.219332 -0.443947 0.085048
v 0.226078 -0.479299 0.073436
v 0.223488 -0.447476 0.074408
v 0.212304 -0.406050 0.096616
v 0.216993 -0.473016 0.094711
v 0.214542 -0.440477 0.095384
v 0.224437 -0.507918 0.083486
v 0.219532 -0.505205 0.093966
v 0.228627 -0.510550 0.072608
v 0.214517 -0.339290 0.077584
v 0.214070 -0.373363 0.087232
v 0.218434 -0.377920 0.076411
v 0.205053 -0.294813 0.089103
v 0.209543 -0.299754 0.078620
v 0.204942 -0.329676 0.098704
v 0.199995 -0.289937 0.099179
v 0.209086 -0.368971 0.097595
v 0.187162 0.024670 0.001857
v 0.188249 0.034039 -0.008718
v 0.191318 0.046330 -0.001726
v 0.189693 0.038549 0.009048
v 0.189138 0.036064 0.000066
v 0.185241 0.020831 -0.015600
v 0.185719 0.031196 -0.025626
v 0.189275 0.042949 -0.018820
v 0.187144 0.032421 -0.017241
v 0.189946 0.051598 -0.028242
v 0.192892 0.060968 -0.020776
v 0.192291 0.053767 -0.011705
v 0.191146 0.052432 -0.020041
v 0.194713 0.063881 -0.004297
v 0.193810 0.057926 0.005351
v 0.193128 0.055581 -0.003259
v 0.185257 -0.003397 0.005775
v 0.185234 0.009339 -0.005315
v 0.185971 0.011554 0.003782
v 0.184809 -0.022576 -0.001316
v 0.185273 -0.020174 0.007958
v 0.182728 -0.026545 -0.018990
v 0.183684 -0.007726 -0.012282
v 0.183980 -0.024643 -0.010286
v 0.182689 0.006039 -0.022576
v 0.184109 0.007478 -0.014067
v 0.191728 0.051754 0.016188
v 0.189386 0.045000 0.027935
v 0.189743 0.041553 0.018338
v 0.195487 0.068800 0.012711
v 0.193109 0.064054 0.023475
v 0.193405 0.060721 0.014462
v 0.195171 0.075837 0.029897
v 0.191686 0.072115 0.041783
v 0.190614 0.058939 0.034899
v 0.192579 0.067862 0.032578
v 0.187680 0.052912 0.048171
v 0.188733 0.048780 0.037817
v 0.198031 0.079088 0.018774
v 0.199715 0.088840 0.023878
v 0.197034 0.086977 0.035209
v 0.197675 0.082746 0.026966
v 0.197698 0.073183 0.002410
v 0.200478 0.082224 0.008298
v 0.197985 0.075905 0.010582
v 0.202485 0.085301 -0.001580
v 0.204077 0.092486 0.003406
v 0.202040 0.090606 0.013277
v 0.202431 0.087676 0.005895
v 0.203672 0.099152 0.017624
v 0.201287 0.098423 0.028588
v 0.201681 0.094214 0.020828
v 0.193213 0.084810 0.047072
v 0.188498 0.081952 0.059903
v 0.187787 0.067683 0.054984
v 0.190412 0.076858 0.050952
v 0.188473 0.095805 0.062952
v 0.182504 0.078718 0.072847
v 0.185699 0.087601 0.068173
v 0.182700 0.063009 0.067927
v 0.179409 0.068794 0.076635
v 0.185701 0.057661 0.058421
v 0.197994 0.097786 0.039679
v 0.193916 0.096881 0.051295
v 0.195703 0.091672 0.043365
v 0.202436 0.108413 0.032063
v 0.199025 0.108757 0.043156
v 0.200376 0.103293 0.035849
v 0.199671 0.119845 0.045971
v 0.194371 0.109048 0.054214
v 0.197092 0.114762 0.049937
v 0.191439 0.102800 0.058413
v 0.203586 0.088471 -0.011105
v 0.204810 0.091724 -0.019833
v 0.207300 0.096604 -0.014220
v 0.205924 0.094417 -0.005530
v 0.205385 0.092752 -0.012725
v 0.202047 0.086814 -0.025908
v 0.203212 0.091573 -0.033964
v 0.206031 0.095297 -0.028100
v 0.203999 0.091318 -0.027080
v 0.207244 0.099213 -0.035603
v 0.209395 0.102099 -0.029582
v 0.208397 0.099130 -0.022198
v 0.207828 0.098848 -0.028941
v 0.210432 0.103309 -0.016409
v 0.209646 0.101593 -0.008621
v 0.209052 0.100062 -0.015370
v 0.199688 0.077757 -0.007395
v 0.201214 0.082239 -0.016900
v 0.201907 0.083502 -0.009346
v 0.196245 0.069559 -0.013763
v 0.197102 0.071130 -0.005694
v 0.194033 0.068110 -0.029622
v 0.197894 0.075548 -0.023028
v 0.195219 0.068569 -0.021732
v 0.199430 0.081585 -0.031856
v 0.200407 0.081615 -0.024461
v 0.207868 0.100555 -0.000522
v 0.205805 0.099776 0.008053
v 0.206038 0.096747 0.001353
v 0.211168 0.107260 -0.003389
v 0.209433 0.107108 0.004305
v 0.209489 0.104038 -0.002221
v 0.211473 0.113980 0.009470
v 0.209523 0.114865 0.017882
v 0.207436 0.107332 0.012694
v 0.209393 0.110773 0.010964
v 0.205310 0.107722 0.022119
v 0.205598 0.103454 0.015023
v 0.213595 0.112711 0.002153
v 0.216161 0.118380 0.007303
v 0.214181 0.120068 0.014962
v 0.213836 0.116267 0.008399
v 0.213233 0.107218 -0.010385
v 0.215580 0.111688 -0.004793
v 0.213245 0.109805 -0.004201
v 0.217415 0.111339 -0.011582
v 0.220213 0.115408 -0.006353
v 0.218050 0.117005 0.000099
v 0.217804 0.113626 -0.005602
v 0.220944 0.122030 0.005188
v 0.219007 0.123636 0.012621
v 0.218501 0.120301 0.006162
v 0.211578 0.123103 0.022367
v 0.208665 0.125535 0.030842
v 0.206599 0.116741 0.026385
v 0.209052 0.120047 0.024387
v 0.211244 0.134030 0.034980
v 0.205062 0.128205 0.039648
v 0.208119 0.131357 0.037161
v 0.203446 0.118336 0.035744
v 0.202267 0.124251 0.042618
v 0.204516 0.112737 0.028901
v 0.216619 0.127321 0.019383
v 0.214149 0.130666 0.027019
v 0.214113 0.125339 0.020833
v 0.221586 0.130672 0.016981
v 0.219372 0.134221 0.024054
v 0.219163 0.128897 0.018177
v 0.222345 0.140780 0.028832
v 0.216932 0.137880 0.031437
v 0.219696 0.139398 0.030135
v 0.214134 0.136083 0.033110
v 0.219154 0.111908 -0.018394
v 0.221282 0.112586 -0.024759
v 0.224610 0.114699 -0.019249
v 0.222417 0.114361 -0.012658
v 0.221824 0.113227 -0.018726
v 0.218301 0.110735 -0.030495
v 0.220513 0.112702 -0.036744
v 0.223797 0.113612 -0.030986
v 0.220901 0.112275 -0.030730
v 0.226697 0.115277 -0.037208
v 0.230684 0.115972 -0.031817
v 0.227358 0.115143 -0.025521
v 0.227039 0.114827 -0.031358
v 0.231392 0.116831 -0.020186
v 0.228404 0.116622 -0.013506
v 0.227744 0.115935 -0.019717
v 0.214594 0.108090 -0.017364
v 0.216410 0.109049 -0.024014
v 0.216881 0.109937 -0.017815
v 0.211960 0.105022 -0.023339
v 0.212557 0.105829 -0.016872
v 0.210930 0.105085 -0.036229
v 0.213603 0.106923 -0.030040
v 0.211416 0.104753 -0.029782
v 0.215363 0.109353 -0.036519
v 0.215790 0.108987 -0.030285
v 0.225560 0.118137 -0.007464
v 0.223028 0.120211 -0.001419
v 0.222768 0.116835 -0.006933
v 0.232036 0.120577 -0.008781
v 0.228776 0.122877 -0.002687
v 0.228549 0.119504 -0.008160
v 0.232630 0.126969 0.002414
v 0.229767 0.128835 0.009166
v 0.226174 0.124869 0.003720
v 0.229185 0.125984 0.003079
v 0.224039 0.126573 0.010758
v 0.223430 0.123623 0.004402
v 0.216666 0.113149 -0.043096
v 0.218379 0.117379 -0.049557
v 0.222407 0.116161 -0.043296
v 0.219397 0.114752 -0.043176
v 0.214427 0.118774 -0.055828
v 0.220279 0.122083 -0.055804
v 0.217198 0.120619 -0.055817
v 0.227456 0.124807 -0.056122
v 0.224713 0.120502 -0.049878
v 0.223647 0.123607 -0.055939
v 0.229485 0.118623 -0.043937
v 0.225779 0.117441 -0.043580
v 0.211808 0.108999 -0.042914
v 0.212976 0.113683 -0.049451
v 0.214130 0.111184 -0.042985
v 0.207280 0.103883 -0.042933
v 0.208045 0.109025 -0.049523
v 0.209478 0.106670 -0.042911
v 0.204158 0.109077 -0.056354
v 0.205098 0.115210 -0.062475
v 0.209086 0.114505 -0.055994
v 0.206626 0.111904 -0.056113
v 0.210406 0.119826 -0.061904
v 0.211644 0.116882 -0.055923
v 0.200166 0.117199 -0.069508
v 0.200676 0.125655 -0.075366
v 0.205702 0.122840 -0.068666
v 0.202935 0.120168 -0.069036
v 0.195174 0.128431 -0.081779
v 0.201388 0.133875 -0.080371
v 0.198309 0.131514 -0.081061
v 0.206453 0.130735 -0.074318
v 0.204398 0.135939 -0.079830
v 0.208482 0.125148 -0.068352
v 0.200194 0.108480 -0.062965
v 0.194900 0.108690 -0.070096
v 0.194745 0.118436 -0.076205
v 0.197460 0.113089 -0.069683
v 0.195801 0.099644 -0.063350
v 0.190023 0.098047 -0.070703
v 0.188924 0.108698 -0.077289
v 0.192579 0.103683 -0.070522
v 0.182101 0.108253 -0.084465
v 0.181158 0.120964 -0.089761
v 0.188542 0.119718 -0.082876
v 0.185184 0.114457 -0.083650
v 0.188664 0.130964 -0.087955
v 0.191882 0.124248 -0.082245
v 0.203807 0.102482 -0.049564
v 0.199930 0.101147 -0.056502
v 0.201965 0.105254 -0.056391
v 0.203760 0.096695 -0.042302
v 0.205559 0.100438 -0.042693
v 0.199476 0.087608 -0.040850
v 0.199957 0.094094 -0.049054
v 0.201678 0.092473 -0.041634
v 0.195580 0.091297 -0.055987
v 0.197959 0.096531 -0.056364
v 0.190998 0.087953 -0.062587
v 0.184894 0.084024 -0.069633
v 0.183420 0.095853 -0.077735
v 0.187330 0.091392 -0.070251
v 0.185480 0.072737 -0.060719
v 0.178492 0.066323 -0.067408
v 0.177754 0.079427 -0.076520
v 0.182095 0.075745 -0.068560
v 0.169536 0.073796 -0.082662
v 0.167632 0.089139 -0.090937
v 0.175908 0.092928 -0.084471
v 0.172819 0.083868 -0.084035
v 0.174495 0.107225 -0.091307
v 0.179193 0.101123 -0.084727
v 0.195744 0.083386 -0.047564
v 0.191162 0.078545 -0.054335
v 0.193409 0.085287 -0.055234
v 0.195304 0.075710 -0.038541
v 0.197661 0.082108 -0.039791
v 0.189737 0.060270 -0.036643
v 0.190454 0.069164 -0.045234
v 0.192360 0.068269 -0.037374
v 0.185028 0.061972 -0.052028
v 0.188215 0.070712 -0.053062
v 0.179205 0.053825 -0.059071
v 0.173012 0.044974 -0.065761
v 0.170678 0.058848 -0.073618
v 0.175247 0.055979 -0.066431
v 0.175170 0.031517 -0.057125
v 0.169602 0.019709 -0.062928
v 0.166400 0.034893 -0.071630
v 0.171150 0.032945 -0.064567
v 0.159903 0.023157 -0.076990
v 0.155398 0.040378 -0.085295
v 0.162849 0.050240 -0.079880
v 0.161146 0.037321 -0.078633
v 0.160343 0.066642 -0.087793
v 0.165772 0.062394 -0.080844
v 0.185119 0.051588 -0.043753
v 0.180506 0.042212 -0.050773
v 0.182359 0.052447 -0.051439
v 0.185833 0.041514 -0.035094
v 0.187719 0.051313 -0.036114
v 0.181897 0.018568 -0.032309
v 0.181326 0.030481 -0.041687
v 0.183691 0.030620 -0.033689
v 0.176820 0.018166 -0.047985
v 0.178550 0.030766 -0.049549
v 0.172517 0.004172 -0.054021
v 0.168661 -0.011462 -0.059753
v 0.164270 0.006102 -0.068419
v 0.168704 0.005006 -0.061272
v 0.173098 -0.029938 -0.050667
v 0.170115 -0.050201 -0.056700
v 0.165096 -0.029211 -0.064943
v 0.169393 -0.029703 -0.057953
v 0.161002 -0.050179 -0.070566
v 0.154674 -0.027734 -0.078208
v 0.159275 -0.009557 -0.073590
v 0.160254 -0.028719 -0.071702
v 0.153604 0.009627 -0.081815
v 0.159239 0.007612 -0.075231
v 0.178485 0.004357 -0.038722
v 0.175552 -0.011694 -0.044912
v 0.175766 0.004070 -0.046504
v 0.180454 -0.010333 -0.029095
v 0.180715 0.005044 -0.030763
v 0.181528 -0.047404 -0.025658
v 0.178832 -0.028829 -0.035336
v 0.181025 -0.027765 -0.027226
v 0.176836 -0.049508 -0.041746
v 0.176213 -0.029486 -0.043128
v 0.176369 -0.073872 -0.049309
v 0.175527 -0.100831 -0.056946
v 0.168481 -0.074211 -0.064017
v 0.172744 -0.074309 -0.056855
v 0.182420 -0.129105 -0.050158
v 0.182783 -0.161323 -0.059346
v 0.174443 -0.130550 -0.065485
v 0.178708 -0.129733 -0.057975
v 0.173183 -0.162823 -0.074344
v 0.163854 -0.131193 -0.079527
v 0.166323 -0.101433 -0.071258
v 0.169468 -0.131285 -0.072742
v 0.158058 -0.073705 -0.077329
v 0.163584 -0.074377 -0.070872
v 0.181838 -0.071446 -0.033425
v 0.182209 -0.098880 -0.041422
v 0.179355 -0.073021 -0.041526
v 0.186746 -0.095816 -0.024654
v 0.183846 -0.070014 -0.025102
v 0.188048 -0.125675 -0.033430
v 0.190065 -0.123672 -0.024631
v 0.185500 -0.127706 -0.041984
v 0.160871 -0.163454 -0.087885
v 0.150681 -0.130451 -0.091821
v 0.154482 -0.100851 -0.084265
v 0.157592 -0.130955 -0.085928
v 0.146010 -0.162674 -0.099275
v 0.134936 -0.129243 -0.102003
v 0.140186 -0.099556 -0.095369
v 0.143120 -0.130146 -0.097254
v 0.129478 -0.069607 -0.098947
v 0.135311 -0.045261 -0.093595
v 0.144973 -0.072207 -0.089156
v 0.137539 -0.070806 -0.094274
v 0.149384 -0.048053 -0.082837
v 0.151799 -0.073278 -0.083526
v 0.170180 -0.198530 -0.083361
v 0.167110 -0.235865 -0.092315
v 0.156210 -0.198616 -0.096074
v 0.163576 -0.198613 -0.089940
v 0.176960 -0.274776 -0.087629
v 0.172598 -0.314674 -0.097584
v 0.162387 -0.275828 -0.100524
v 0.170013 -0.275145 -0.094311
v 0.156514 -0.315617 -0.109195
v 0.145512 -0.276067 -0.110649
v 0.151497 -0.236816 -0.103951
v 0.154216 -0.276091 -0.105987
v 0.139935 -0.198446 -0.106086
v 0.148399 -0.198374 -0.101412
v 0.181480 -0.196998 -0.068832
v 0.180148 -0.234511 -0.078502
v 0.176157 -0.197878 -0.076305
v 0.190555 -0.231938 -0.062801
v 0.186196 -0.195359 -0.060879
v 0.188893 -0.272464 -0.072598
v 0.193933 -0.270484 -0.064278
v 0.183227 -0.273709 -0.080372
v 0.138129 -0.315425 -0.117763
v 0.126268 -0.276013 -0.117546
v 0.133601 -0.236591 -0.112432
v 0.136125 -0.276110 -0.114503
v 0.117717 -0.314778 -0.123172
v 0.104878 -0.275238 -0.121790
v 0.113488 -0.236388 -0.117927
v 0.115789 -0.275742 -0.119926
v 0.100437 -0.196787 -0.117613
v 0.109144 -0.160372 -0.113906
v 0.121203 -0.197989 -0.113069
v 0.111129 -0.197538 -0.115597
v 0.128718 -0.161706 -0.107980
v 0.130840 -0.198089 -0.109941
v 0.150738 -0.354369 -0.118721
v 0.144540 -0.391323 -0.127578
v 0.131019 -0.354119 -0.125914
v 0.141180 -0.354171 -0.122698
v 0.157406 -0.426894 -0.127653
v 0.150210 -0.459966 -0.135512
v 0.137117 -0.426504 -0.135480
v 0.147540 -0.426739 -0.131945
v 0.128640 -0.459250 -0.142135
v 0.114618 -0.425494 -0.140586
v 0.123331 -0.390875 -0.133695
v 0.126133 -0.426140 -0.138315
v 0.109116 -0.353171 -0.130426
v 0.120342 -0.353779 -0.128435
v 0.168286 -0.353595 -0.108348
v 0.163451 -0.391103 -0.118436
v 0.159835 -0.354053 -0.113910
v 0.179984 -0.390107 -0.106322
v 0.176252 -0.352916 -0.102020
v 0.175214 -0.426033 -0.116731
v 0.183119 -0.425434 -0.110118
v 0.166582 -0.426531 -0.122570
v 0.104691 -0.458227 -0.146308
v 0.089889 -0.424694 -0.143483
v 0.100000 -0.389745 -0.137382
v 0.102456 -0.425081 -0.142224
v 0.078577 -0.457329 -0.148555
v 0.063254 -0.424065 -0.144864
v 0.074966 -0.388964 -0.139354
v 0.076784 -0.424327 -0.144285
v 0.059942 -0.351319 -0.134341
v 0.071216 -0.312894 -0.128420
v 0.085406 -0.352062 -0.133023
v 0.072956 -0.351658 -0.133818
v 0.095246 -0.314207 -0.126474
v 0.097450 -0.352516 -0.131904
v 0.119250 -0.489687 -0.147112
v 0.109185 -0.517929 -0.150653
v 0.093858 -0.488502 -0.150394
v 0.106826 -0.489018 -0.148922
v 0.124238 -0.545710 -0.149964
v 0.113856 -0.570840 -0.152925
v 0.098168 -0.544556 -0.153491
v 0.111521 -0.545050 -0.151913
v 0.086178 -0.569870 -0.155707
v 0.069508 -0.543547 -0.155535
v 0.082264 -0.516786 -0.153243
v 0.084216 -0.544048 -0.154693
v 0.066229 -0.487565 -0.152269
v 0.080303 -0.488006 -0.151447
v 0.142255 -0.490693 -0.141737
v 0.133759 -0.519186 -0.146412
v 0.131022 -0.490186 -0.144746
v 0.155605 -0.520135 -0.139816
v 0.152843 -0.491030 -0.138090
v 0.147645 -0.546884 -0.144717
v 0.158140 -0.547272 -0.141140
v 0.136345 -0.546263 -0.147643
v 0.055941 -0.569462 -0.157424
v 0.038814 -0.543271 -0.156726
v 0.053206 -0.516142 -0.154887
v 0.054453 -0.543329 -0.156251
v 0.023648 -0.569420 -0.158058
v 0.022029 -0.516048 -0.155809
v 0.022868 -0.543287 -0.157027
v 0.020433 -0.456567 -0.150249
v 0.036357 -0.487203 -0.153317
v 0.021061 -0.487166 -0.153621
v 0.050339 -0.456727 -0.149662
v 0.051657 -0.487341 -0.152890
v 0.072796 -0.594877 -0.157699
v 0.058147 -0.618947 -0.159578
v 0.041049 -0.594890 -0.158832
v 0.057199 -0.594823 -0.158393
v 0.074768 -0.641430 -0.159863
v 0.059127 -0.662193 -0.161675
v 0.042268 -0.641891 -0.161070
v 0.058835 -0.641472 -0.160573
v 0.025322 -0.662810 -0.162345
v 0.024985 -0.619585 -0.160242
v 0.025343 -0.642215 -0.161251
v 0.024516 -0.595078 -0.159081
v 0.102159 -0.595224 -0.155523
v 0.089180 -0.618882 -0.157874
v 0.087758 -0.595034 -0.156743
v 0.117195 -0.619154 -0.155096
v 0.115720 -0.595632 -0.153958
v 0.104596 -0.641046 -0.157585
v 0.118342 -0.641168 -0.156033
v 0.090034 -0.641185 -0.158875
v 0.042328 -0.682243 -0.163139
v 0.024961 -0.701203 -0.164163
v 0.025037 -0.682571 -0.163335
v 0.059477 -0.700621 -0.163374
v 0.059257 -0.681991 -0.162639
v 0.042564 -0.718555 -0.164612
v 0.059876 -0.718247 -0.164024
v 0.024951 -0.718920 -0.164899
v 0.019571 -0.388254 -0.140608
v 0.034880 -0.423718 -0.145505
v 0.020145 -0.423701 -0.145672
v 0.018748 -0.311925 -0.129776
v 0.033036 -0.350766 -0.134891
v 0.019105 -0.350700 -0.135031
v 0.045493 -0.312201 -0.129337
v 0.047889 -0.388447 -0.140218
v 0.046650 -0.350990 -0.134667
v 0.049259 -0.423831 -0.145252
v 0.016894 -0.232224 -0.124794
v 0.031337 -0.272635 -0.126614
v 0.018024 -0.272499 -0.126761
v 0.014835 -0.154083 -0.120423
v 0.028741 -0.192624 -0.122456
v 0.015761 -0.192319 -0.122464
v 0.040144 -0.154961 -0.120311
v 0.053722 -0.193656 -0.121898
v 0.042858 -0.232805 -0.124504
v 0.041381 -0.193034 -0.122243
v 0.057057 -0.273271 -0.125873
v 0.044361 -0.272880 -0.126293
v 0.013359 -0.084732 -0.117660
v 0.026501 -0.119030 -0.119079
v 0.013863 -0.118591 -0.119102
v 0.012315 -0.024769 -0.116836
v 0.024604 -0.053997 -0.116387
v 0.012787 -0.053352 -0.116374
v 0.035053 -0.026276 -0.116845
v 0.047614 -0.055787 -0.115953
v 0.037516 -0.085989 -0.117534
v 0.036174 -0.054371 -0.116170
v 0.050837 -0.120279 -0.118681
v 0.038721 -0.119651 -0.118936
v 0.011342 0.027456 -0.123658
v 0.023025 0.001180 -0.119998
v 0.011856 0.001948 -0.119878
v 0.021415 0.051251 -0.126531
v 0.010962 0.051861 -0.126761
v 0.042874 0.049080 -0.125430
v 0.033038 0.025659 -0.123253
v 0.032009 0.050367 -0.126100
v 0.045184 -0.001124 -0.119470
v 0.034057 0.000198 -0.119859
v 0.057388 -0.028624 -0.115947
v 0.070164 -0.057942 -0.114566
v 0.060891 -0.087377 -0.116690
v 0.059081 -0.056539 -0.115389
v 0.079282 -0.031957 -0.113586
v 0.091672 -0.061434 -0.111633
v 0.083199 -0.089998 -0.114637
v 0.081029 -0.059523 -0.113334
v 0.096201 -0.124319 -0.114556
v 0.087576 -0.158368 -0.117536
v 0.074077 -0.121803 -0.117356
v 0.085406 -0.123067 -0.116181
v 0.064433 -0.156433 -0.119472
v 0.062578 -0.120752 -0.118133
v 0.054850 0.022726 -0.121848
v 0.066921 -0.004246 -0.117630
v 0.056037 -0.002513 -0.118716
v 0.064647 0.045120 -0.123349
v 0.053791 0.047302 -0.124647
v 0.085991 0.039065 -0.119206
v 0.076427 0.018317 -0.118882
v 0.075414 0.042392 -0.121557
v 0.088318 -0.008755 -0.114024
v 0.077667 -0.006309 -0.116106
v 0.099937 -0.036359 -0.109189
v 0.111515 -0.065514 -0.106500
v 0.104233 -0.093237 -0.110655
v 0.101829 -0.063400 -0.109367
v 0.118622 -0.041271 -0.102538
v 0.123374 -0.096700 -0.104266
v 0.120809 -0.067720 -0.102992
v 0.116644 -0.126887 -0.109563
v 0.126089 -0.127995 -0.106096
v 0.106718 -0.125671 -0.112341
v 0.097096 0.012290 -0.113776
v 0.108198 -0.014228 -0.108066
v 0.098476 -0.011406 -0.111341
v 0.106385 0.030758 -0.112965
v 0.096470 0.035026 -0.116423
v 0.124703 0.022085 -0.104519
v 0.116290 0.005306 -0.106444
v 0.115852 0.026262 -0.109078
v 0.126162 -0.019804 -0.099980
v 0.117468 -0.017080 -0.104278
v 0.077786 -0.195097 -0.120418
v 0.067809 -0.233858 -0.123513
v 0.065992 -0.194349 -0.121312
v 0.091465 -0.235173 -0.121431
v 0.089389 -0.195964 -0.119228
v 0.081711 -0.274226 -0.124424
v 0.093574 -0.274765 -0.123298
v 0.069628 -0.273732 -0.125260
v 0.133143 -0.001285 -0.097340
v 0.141759 -0.024478 -0.089947
v 0.134260 -0.022282 -0.095201
v 0.133077 0.036469 -0.101470
v 0.140476 0.014946 -0.093950
v 0.132917 0.018301 -0.099482
v 0.147711 0.028719 -0.089762
v 0.147464 -0.006070 -0.086155
v 0.147351 0.012054 -0.088046
v 0.148555 -0.026046 -0.084147
v 0.141571 0.048492 -0.097489
v 0.150764 0.058344 -0.092964
v 0.148698 0.044067 -0.091593
v 0.136646 0.070094 -0.105078
v 0.133888 0.053679 -0.103077
v 0.142911 0.099997 -0.109175
v 0.147568 0.078225 -0.101549
v 0.140033 0.085548 -0.107810
v 0.157724 0.084472 -0.096985
v 0.154271 0.071959 -0.094776
v 0.154527 0.103473 -0.103934
v 0.165019 0.105857 -0.098050
v 0.161222 0.095643 -0.097713
v 0.151406 0.124242 -0.108945
v 0.147121 0.112832 -0.109526
v 0.161659 0.142615 -0.106831
v 0.162632 0.123723 -0.103054
v 0.156440 0.134168 -0.107913
v 0.172397 0.122814 -0.096695
v 0.168653 0.114830 -0.097613
v 0.172027 0.138457 -0.100887
v 0.180918 0.134594 -0.094513
v 0.176697 0.129088 -0.095575
v 0.172520 0.154247 -0.103550
v 0.167222 0.148979 -0.105250
v 0.181494 0.148568 -0.097977
v 0.177551 0.158858 -0.101720
v 0.185200 0.139074 -0.093309
v 0.226857 0.133274 0.015160
v 0.224480 0.137058 0.021767
v 0.224187 0.131950 0.016074
v 0.233198 0.135209 0.013650
v 0.230135 0.139116 0.020067
v 0.229827 0.134247 0.014359
v 0.233943 0.144932 0.025235
v 0.230998 0.149851 0.031244
v 0.227648 0.143036 0.026699
v 0.230589 0.144069 0.025972
v 0.225336 0.147890 0.033186
v 0.224954 0.142025 0.027579
v 0.226517 -0.700400 -0.103145
v 0.220394 -0.681846 -0.110341
v 0.225607 -0.681400 -0.101393
v 0.222231 -0.718092 -0.113672
v 0.227288 -0.717694 -0.104807
v 0.215667 -0.700961 -0.119984
v 0.216579 -0.718262 -0.121534
v 0.214753 -0.682285 -0.118332
v 0.228143 0.156098 0.036555
v 0.225494 0.162468 0.041715
v 0.225436 0.155062 0.037581
v 0.234455 0.157761 0.034681
v 0.231358 0.164168 0.039712
v 0.231135 0.156920 0.035619
v 0.234782 0.172575 0.042455
v 0.228220 0.171298 0.044309
v 0.231369 0.171952 0.043375
v 0.225281 0.170541 0.045334
v 0.152696 0.271189 -0.065918
v 0.145015 0.277129 -0.058375
v 0.152618 0.275236 -0.059552
v 0.144822 0.268518 -0.071225
v 0.152761 0.266134 -0.072250
v 0.128519 0.274459 -0.067613
v 0.137001 0.275631 -0.063138
v 0.136643 0.271176 -0.069640
v 0.129451 0.281650 -0.054916
v 0.137242 0.279223 -0.056771
v 0.121762 0.286189 -0.046861
v 0.114834 0.289212 -0.039466
v 0.122904 0.288485 -0.035748
v 0.122348 0.287560 -0.041262
v 0.106997 0.290211 -0.042589
v 0.102001 0.292276 -0.035871
v 0.108856 0.290971 -0.032547
v 0.107969 0.290753 -0.037585
v 0.103922 0.292066 -0.026311
v 0.116290 0.290103 -0.028957
v 0.109681 0.291048 -0.027546
v 0.123638 0.289073 -0.030339
v 0.120679 0.281782 -0.058771
v 0.113192 0.287113 -0.050401
v 0.121254 0.284401 -0.052759
v 0.111521 0.282588 -0.061860
v 0.120044 0.278382 -0.065012
v 0.097016 0.290032 -0.055618
v 0.104879 0.288284 -0.053201
v 0.103732 0.286556 -0.058719
v 0.099675 0.291845 -0.045574
v 0.105964 0.289546 -0.047886
v 0.095950 0.293779 -0.039061
v 0.093312 0.294850 -0.033718
v 0.098262 0.293378 -0.030013
v 0.097153 0.293663 -0.034580
v 0.089330 0.296106 -0.037449
v 0.089199 0.296368 -0.032909
v 0.091804 0.295145 -0.028865
v 0.090630 0.295723 -0.033197
v 0.091414 0.295206 -0.024300
v 0.093755 0.294179 -0.020033
v 0.095443 0.293986 -0.024833
v 0.092820 0.294678 -0.024488
v 0.100136 0.292771 -0.020774
v 0.099216 0.293111 -0.025431
v 0.093188 0.293569 -0.048426
v 0.090631 0.295460 -0.042578
v 0.094595 0.293858 -0.043742
v 0.087469 0.295219 -0.051466
v 0.091621 0.292979 -0.053170
v 0.083087 0.297915 -0.050008
v 0.086345 0.296781 -0.046184
v 0.084626 0.296770 -0.050486
v 0.086389 0.297391 -0.041470
v 0.087880 0.296572 -0.041850
v 0.093339 0.294002 -0.015619
v 0.095605 0.292995 -0.011505
v 0.097308 0.293055 -0.015910
v 0.094701 0.293565 -0.015702
v 0.095035 0.292849 -0.007493
v 0.098957 0.292029 -0.007522
v 0.096391 0.292472 -0.007454
v 0.101903 0.291875 -0.011875
v 0.102647 0.291443 -0.007667
v 0.101050 0.292363 -0.016277
v 0.153169 0.282662 0.015710
v 0.162097 0.279865 0.020021
v 0.161289 0.282821 0.015142
v 0.145697 0.279433 0.021260
v 0.145239 0.282539 0.016247
v 0.154025 0.275899 0.025694
v 0.145577 0.275780 0.026297
v 0.162576 0.276198 0.024983
v 0.035737 0.294251 -0.078359
v 0.042190 0.291040 -0.079464
v 0.037249 0.285701 -0.084271
v 0.036225 0.291170 -0.080445
v 0.046907 0.293959 -0.076350
v 0.049489 0.285633 -0.082382
v 0.047836 0.290852 -0.078530
v 0.045689 0.277354 -0.088958
v 0.052240 0.277121 -0.088232
v 0.038910 0.277368 -0.089764
v -0.228901 0.223482 -0.091271
v -0.220661 0.232246 -0.087731
v -0.214622 0.224177 -0.090700
v -0.222489 0.215606 -0.093461
v -0.221523 0.223778 -0.090958
v -0.227431 0.239720 -0.084484
v -0.219331 0.247711 -0.079811
v -0.212833 0.240864 -0.083510
v -0.219908 0.240283 -0.083970
v -0.205564 0.248993 -0.078744
v -0.207119 0.233421 -0.087032
v -0.206227 0.241553 -0.083073
v -0.209348 0.216209 -0.093162
v -0.208182 0.224709 -0.090484
v -0.216813 0.207267 -0.095150
v -0.224495 0.198998 -0.096071
v -0.230610 0.207219 -0.095347
v -0.223478 0.207185 -0.095244
v -0.211849 0.198824 -0.096064
v -0.210578 0.207506 -0.095125
v -0.219174 0.190083 -0.096018
v -0.213193 0.189815 -0.096076
v -0.232535 0.190798 -0.096126
v -0.225610 0.190479 -0.096025
v -0.246934 0.154108 -0.084177
v -0.252918 0.161679 -0.088051
v -0.243812 0.167791 -0.091045
v -0.245385 0.160977 -0.087883
v -0.262099 0.155737 -0.084693
v -0.269105 0.163159 -0.088234
v -0.259376 0.169039 -0.091225
v -0.260740 0.162352 -0.088206
v -0.266613 0.176803 -0.093514
v -0.257007 0.184019 -0.095276
v -0.249993 0.175709 -0.093641
v -0.258068 0.176200 -0.093607
v -0.241062 0.182959 -0.095285
v -0.242247 0.175138 -0.093603
v -0.249505 0.143717 -0.074939
v -0.255648 0.149378 -0.080217
v -0.248278 0.148589 -0.079793
v -0.251568 0.133419 -0.064327
v -0.257791 0.139460 -0.070368
v -0.250542 0.138479 -0.069805
v -0.266335 0.135012 -0.065655
v -0.273530 0.141218 -0.071313
v -0.264404 0.145373 -0.075895
v -0.265365 0.140234 -0.070896
v -0.271580 0.151232 -0.080669
v -0.263311 0.150151 -0.080550
v -0.234338 0.127341 -0.057009
v -0.240613 0.125178 -0.051740
v -0.245740 0.129466 -0.058206
v -0.239754 0.128546 -0.057593
v -0.230544 0.122524 -0.050552
v -0.229521 0.125757 -0.056531
v -0.232695 0.117013 -0.038186
v -0.236254 0.120848 -0.045059
v -0.231635 0.119389 -0.044428
v -0.242487 0.119180 -0.039625
v -0.247282 0.123169 -0.046538
v -0.241470 0.122067 -0.045796
v -0.237517 0.117834 -0.033132
v -0.242941 0.118980 -0.028076
v -0.248456 0.119814 -0.034761
v -0.242653 0.118974 -0.033901
v -0.233269 0.116840 -0.026586
v -0.232898 0.116792 -0.032399
v -0.234284 0.118020 -0.014803
v -0.238075 0.118716 -0.021624
v -0.233589 0.117515 -0.020796
v -0.243740 0.120224 -0.016488
v -0.248945 0.120542 -0.023311
v -0.243151 0.119789 -0.022395
v -0.238718 0.121932 -0.010198
v -0.244060 0.125897 -0.005589
v -0.249615 0.123619 -0.011801
v -0.243814 0.122921 -0.011051
v -0.234401 0.123936 -0.003975
v -0.234225 0.120806 -0.009439
v -0.235237 0.129678 0.007509
v -0.239290 0.127723 0.000907
v -0.234735 0.126868 0.001608
v -0.244847 0.131392 0.005952
v -0.250249 0.129212 -0.000711
v -0.244414 0.128595 0.000041
v -0.239736 0.135683 0.011782
v -0.245157 0.141175 0.016492
v -0.250756 0.137097 0.010131
v -0.244917 0.136475 0.010975
v -0.235418 0.139695 0.018053
v -0.235176 0.134911 0.012520
v -0.236126 0.150192 0.028907
v -0.240285 0.145352 0.022786
v -0.235794 0.144514 0.023690
v -0.245748 0.151434 0.027095
v -0.251209 0.146327 0.021140
v -0.245442 0.145933 0.022008
v -0.240667 0.157611 0.032296
v -0.245898 0.165006 0.035410
v -0.251459 0.158630 0.030319
v -0.245747 0.158146 0.031300
v -0.236269 0.164016 0.037280
v -0.236097 0.157009 0.033055
v -0.236019 0.179592 0.043878
v -0.240784 0.172104 0.039931
v -0.236282 0.171543 0.040898
v -0.245767 0.180366 0.041944
v -0.251656 0.172872 0.037987
v -0.245949 0.172425 0.038975
v -0.239718 0.188504 0.045039
v -0.243814 0.197652 0.045209
v -0.250707 0.189108 0.043024
v -0.244918 0.188868 0.044056
v -0.233803 0.196970 0.047101
v -0.235098 0.188022 0.045906
v -0.230571 0.215498 0.046785
v -0.237051 0.206415 0.046440
v -0.232166 0.206253 0.047431
v -0.241062 0.215709 0.044781
v -0.248445 0.206845 0.044454
v -0.242390 0.206769 0.045486
v -0.233895 0.224445 0.044135
v -0.238009 0.232990 0.040826
v -0.245579 0.224641 0.042078
v -0.239511 0.224554 0.043122
v -0.226997 0.232874 0.042748
v -0.228687 0.224359 0.045073
v -0.223693 0.248856 0.036395
v -0.230684 0.241073 0.038886
v -0.225273 0.241046 0.039790
v -0.234988 0.248977 0.034451
v -0.242764 0.241132 0.036926
v -0.236539 0.241087 0.037942
v -0.227663 0.256231 0.031557
v -0.232268 0.263309 0.026244
v -0.240030 0.256262 0.029580
v -0.233551 0.256393 0.030493
v -0.220653 0.263216 0.028243
v -0.222104 0.256276 0.032484
v -0.217961 0.274585 0.019309
v -0.224899 0.269335 0.022869
v -0.219277 0.269390 0.023792
v -0.229745 0.274455 0.017376
v -0.237458 0.269270 0.020833
v -0.230941 0.269415 0.021797
v -0.222461 0.278772 0.013854
v -0.227261 0.282130 0.008252
v -0.235062 0.278545 0.011840
v -0.228479 0.278688 0.012832
v -0.215617 0.282256 0.010313
v -0.216925 0.278759 0.014887
v -0.213400 0.286799 0.001325
v -0.220100 0.284881 0.004800
v -0.214478 0.284909 0.005848
v -0.225013 0.286610 -0.000782
v -0.232565 0.284634 0.002655
v -0.226120 0.284775 0.003733
v -0.218081 0.287868 -0.004207
v -0.223172 0.288212 -0.009959
v -0.230660 0.287552 -0.006481
v -0.224144 0.287707 -0.005289
v -0.211215 0.288478 -0.007733
v -0.212346 0.287939 -0.003127
v -0.209357 0.288051 -0.017376
v -0.216159 0.288367 -0.013615
v -0.210300 0.288500 -0.012461
v -0.221666 0.287654 -0.019722
v -0.229140 0.287956 -0.015970
v -0.222428 0.288162 -0.014737
v -0.214592 0.286972 -0.023691
v -0.220408 0.285429 -0.030147
v -0.227954 0.286446 -0.026064
v -0.221023 0.286709 -0.024861
v -0.207794 0.285949 -0.027827
v -0.208543 0.287171 -0.022537
v -0.206348 0.282419 -0.038583
v -0.213212 0.284117 -0.034309
v -0.206993 0.284378 -0.033195
v -0.219361 0.281743 -0.040750
v -0.226911 0.283444 -0.036620
v -0.219823 0.283777 -0.035459
v -0.212149 0.279716 -0.045008
v -0.218709 0.276490 -0.051355
v -0.226254 0.278899 -0.047122
v -0.218958 0.279317 -0.046091
v -0.205445 0.277313 -0.049328
v -0.205820 0.280077 -0.043973
v -0.204584 0.270311 -0.059785
v -0.211437 0.273618 -0.055530
v -0.204902 0.274019 -0.054600
v -0.218100 0.269333 -0.061592
v -0.225739 0.272672 -0.057401
v -0.218340 0.273138 -0.056487
v -0.210990 0.265450 -0.065702
v -0.218218 0.259839 -0.071154
v -0.225588 0.264366 -0.067279
v -0.218025 0.264933 -0.066467
v -0.204484 0.261010 -0.069714
v -0.204454 0.265991 -0.064915
v -0.211630 0.254724 -0.074909
v -0.205021 0.255359 -0.074306
v -0.226324 0.253557 -0.076222
v -0.218734 0.254140 -0.075538
v 0.225563 0.213676 -0.093459
v 0.218134 0.222330 -0.090993
v 0.224281 0.230577 -0.088301
v 0.232114 0.221659 -0.091558
v 0.224865 0.221911 -0.091250
v 0.212712 0.214313 -0.093150
v 0.211151 0.231923 -0.087606
v 0.211877 0.223015 -0.090760
v 0.209982 0.247970 -0.079771
v 0.216886 0.239483 -0.084345
v 0.210505 0.240255 -0.083923
v 0.223310 0.246541 -0.080809
v 0.231089 0.238295 -0.085289
v 0.223755 0.238840 -0.084799
v 0.233385 0.205441 -0.095045
v 0.227152 0.197309 -0.095506
v 0.219745 0.205347 -0.094803
v 0.226319 0.205316 -0.094909
v 0.234991 0.189307 -0.095466
v 0.221735 0.188684 -0.095292
v 0.228122 0.189012 -0.095332
v 0.214668 0.197117 -0.095430
v 0.215828 0.188454 -0.095341
v 0.213648 0.205576 -0.094753
v 0.245825 0.166807 -0.090237
v 0.254775 0.160813 -0.087221
v 0.248765 0.153448 -0.083401
v 0.247278 0.160134 -0.087059
v 0.243349 0.181645 -0.094520
v 0.252082 0.174549 -0.092830
v 0.244392 0.173994 -0.092800
v 0.259220 0.182721 -0.094465
v 0.268675 0.175727 -0.092637
v 0.261322 0.168064 -0.090354
v 0.260130 0.175056 -0.092757
v 0.270959 0.162355 -0.087304
v 0.263873 0.155080 -0.083835
v 0.262597 0.161591 -0.087302
v 0.257428 0.148894 -0.079425
v 0.251361 0.143440 -0.074250
v 0.250123 0.148123 -0.079052
v 0.273375 0.150787 -0.079810
v 0.266194 0.145073 -0.075104
v 0.265141 0.149836 -0.079626
v 0.275344 0.141123 -0.070570
v 0.268162 0.135028 -0.065023
v 0.259621 0.139224 -0.069702
v 0.267176 0.140123 -0.070180
v 0.253432 0.133455 -0.063821
v 0.252397 0.138388 -0.069208
v 0.247584 0.129680 -0.057819
v 0.242538 0.125208 -0.051510
v 0.236394 0.127485 -0.056791
v 0.241694 0.128632 -0.057293
v 0.249096 0.123342 -0.046280
v 0.244188 0.119617 -0.039395
v 0.238109 0.121330 -0.044985
v 0.243320 0.122265 -0.045565
v 0.234544 0.117363 -0.038056
v 0.232577 0.123023 -0.050584
v 0.233561 0.119950 -0.044461
v 0.231669 0.126158 -0.056439
v 0.250130 0.120331 -0.034541
v 0.244597 0.119619 -0.028048
v 0.239284 0.118237 -0.033085
v 0.244396 0.119310 -0.033706
v 0.250642 0.121241 -0.023169
v 0.245347 0.121018 -0.016436
v 0.239763 0.119461 -0.021712
v 0.244896 0.120313 -0.022296
v 0.235868 0.118860 -0.014871
v 0.234958 0.117534 -0.026759
v 0.235286 0.118306 -0.020970
v 0.234769 0.117046 -0.032370
v 0.251321 0.124489 -0.011668
v 0.245765 0.126917 -0.005449
v 0.240395 0.122851 -0.010257
v 0.245503 0.123815 -0.010936
v 0.252010 0.130271 -0.000357
v 0.246566 0.132518 0.006361
v 0.240994 0.129038 0.001022
v 0.246149 0.129711 0.000384
v 0.237018 0.130920 0.007745
v 0.236157 0.125037 -0.004053
v 0.236526 0.128074 0.001680
v 0.235954 0.121768 -0.009533
v 0.252607 0.138288 0.010764
v 0.247054 0.142389 0.017204
v 0.241589 0.136955 0.012310
v 0.246748 0.137688 0.011576
v 0.253253 0.147556 0.021987
v 0.247866 0.152693 0.027997
v 0.242262 0.146590 0.023568
v 0.247444 0.147125 0.022834
v 0.238210 0.151471 0.029621
v 0.237357 0.141001 0.018603
v 0.237783 0.145844 0.024371
v 0.237079 0.136217 0.012981
v 0.253734 0.159971 0.031242
v 0.248231 0.166402 0.036237
v 0.242869 0.158954 0.033117
v 0.247989 0.159460 0.032188
v 0.254120 0.174321 0.038904
v 0.248225 0.181861 0.042886
v 0.243280 0.173520 0.040808
v 0.248391 0.173880 0.039882
v 0.238514 0.181246 0.044691
v 0.238680 0.165438 0.038063
v 0.238727 0.173150 0.041703
v 0.238310 0.158454 0.033857
v 0.253279 0.190557 0.044019
v 0.246224 0.199144 0.046193
v 0.242222 0.190067 0.045930
v 0.247387 0.190386 0.045013
v 0.250781 0.208255 0.045503
v 0.243400 0.217070 0.045705
v 0.239597 0.207884 0.047462
v 0.244857 0.208173 0.046524
v 0.233104 0.216881 0.047636
v 0.236357 0.198607 0.048061
v 0.234682 0.207822 0.048370
v 0.237640 0.189717 0.046740
v 0.247985 0.225754 0.042894
v 0.240462 0.234188 0.041449
v 0.236366 0.225786 0.044902
v 0.241888 0.225827 0.043902
v 0.245183 0.242154 0.037426
v 0.237709 0.250013 0.034868
v 0.233400 0.242206 0.039448
v 0.239068 0.242157 0.038462
v 0.226789 0.249965 0.036887
v 0.229816 0.234085 0.043415
v 0.228175 0.242224 0.040372
v 0.231367 0.225656 0.045861
v 0.242840 0.257225 0.029941
v 0.235392 0.264290 0.026578
v 0.230804 0.257297 0.031997
v 0.236521 0.257391 0.030884
v 0.240674 0.270210 0.021074
v 0.233296 0.275440 0.017644
v 0.228507 0.270362 0.023222
v 0.234347 0.270401 0.022088
v 0.221974 0.275648 0.019691
v 0.224264 0.264295 0.028647
v 0.223106 0.270442 0.024188
v 0.225450 0.257362 0.032924
v 0.238530 0.279484 0.012003
v 0.230999 0.283107 0.008465
v 0.226358 0.279804 0.014166
v 0.232151 0.279669 0.013075
v 0.236159 0.285595 0.002789
v 0.228826 0.287669 -0.000590
v 0.223994 0.285951 0.005055
v 0.229906 0.285781 0.003926
v 0.217563 0.287911 0.001617
v 0.219837 0.283309 0.010632
v 0.218739 0.285960 0.006148
v 0.221072 0.279804 0.015221
v 0.234311 0.288606 -0.006392
v 0.227066 0.289366 -0.009856
v 0.222151 0.288992 -0.003988
v 0.227992 0.288798 -0.005147
v 0.232849 0.289109 -0.015995
v 0.225614 0.288873 -0.019758
v 0.220317 0.289573 -0.013528
v 0.226341 0.289351 -0.014709
v 0.213800 0.289263 -0.017357
v 0.215587 0.289662 -0.007534
v 0.214701 0.289685 -0.012336
v 0.216678 0.289057 -0.002853
v 0.231722 0.287605 -0.026286
v 0.224424 0.286613 -0.030498
v 0.218816 0.288201 -0.023826
v 0.225020 0.287920 -0.025053
v 0.230742 0.284500 -0.037182
v 0.223437 0.282748 -0.041473
v 0.217495 0.285271 -0.034838
v 0.223865 0.284878 -0.035993
v 0.210934 0.283521 -0.039250
v 0.212297 0.287179 -0.028096
v 0.211549 0.285573 -0.033666
v 0.213030 0.288404 -0.022637
v 0.230136 0.279649 -0.047978
v 0.222828 0.277100 -0.052353
v 0.216484 0.280631 -0.045876
v 0.223128 0.280135 -0.046982
v 0.229636 0.272947 -0.058452
v 0.222219 0.269421 -0.062782
v 0.215769 0.274094 -0.056680
v 0.222455 0.273507 -0.057618
v 0.209153 0.270629 -0.061019
v 0.210046 0.278101 -0.050353
v 0.209476 0.274579 -0.055753
v 0.210423 0.281042 -0.044815
v 0.229506 0.264116 -0.068418
v 0.222339 0.259285 -0.072341
v 0.215331 0.265318 -0.066974
v 0.222164 0.264723 -0.067690
v 0.230191 0.252678 -0.077251
v 0.215910 0.253910 -0.076054
v 0.222809 0.253270 -0.076662
v 0.209009 0.260664 -0.070952
v 0.209504 0.254651 -0.075460
v 0.209016 0.265995 -0.066164
v -0.262749 0.223124 -0.091683
v -0.253128 0.231091 -0.088913
v -0.245031 0.223162 -0.091670
v -0.254200 0.215351 -0.093932
v -0.253698 0.223134 -0.091748
v -0.261789 0.238750 -0.085608
v -0.252120 0.246023 -0.081731
v -0.243870 0.239051 -0.085223
v -0.252638 0.238834 -0.085526
v -0.234942 0.246673 -0.080852
v -0.236127 0.231494 -0.088420
v -0.235533 0.239376 -0.084811
v -0.237464 0.215297 -0.093795
v -0.236813 0.223223 -0.091471
v -0.246358 0.207504 -0.095424
v -0.255511 0.200000 -0.096147
v -0.263799 0.207860 -0.095312
v -0.254904 0.207594 -0.095466
v -0.239050 0.199410 -0.096169
v -0.238222 0.207372 -0.095392
v -0.247890 0.191527 -0.096125
v -0.239954 0.191176 -0.096107
v -0.264903 0.192437 -0.095891
v -0.256200 0.191964 -0.096057
v -0.259460 0.131119 -0.059702
v -0.267764 0.128631 -0.054905
v -0.275165 0.133129 -0.061009
v -0.267012 0.132009 -0.060426
v -0.253059 0.127109 -0.053273
v -0.252301 0.130298 -0.058921
v -0.254649 0.121214 -0.041387
v -0.260963 0.124624 -0.048323
v -0.253786 0.123994 -0.047446
v -0.269459 0.122650 -0.043309
v -0.276641 0.126549 -0.050042
v -0.268499 0.125614 -0.049207
v -0.262077 0.121324 -0.036739
v -0.269938 0.122043 -0.032123
v -0.277830 0.122894 -0.038692
v -0.269669 0.122069 -0.037744
v -0.255176 0.120676 -0.030010
v -0.254868 0.120772 -0.035766
v -0.256032 0.121596 -0.018314
v -0.262591 0.121962 -0.025384
v -0.255418 0.121352 -0.024291
v -0.270833 0.122714 -0.020466
v -0.278536 0.123034 -0.027448
v -0.270239 0.122566 -0.026460
v -0.263334 0.124608 -0.013864
v -0.271381 0.127756 -0.009476
v -0.279386 0.125374 -0.016038
v -0.271044 0.125055 -0.014953
v -0.256443 0.126994 -0.007323
v -0.256140 0.124145 -0.012785
v -0.257189 0.132361 0.004173
v -0.264023 0.129954 -0.002695
v -0.256802 0.129622 -0.001648
v -0.272097 0.132748 0.002162
v -0.280126 0.130437 -0.004832
v -0.271768 0.130235 -0.003761
v -0.264483 0.137532 0.008293
v -0.272288 0.142286 0.012602
v -0.280457 0.137962 0.006092
v -0.272175 0.137696 0.007228
v -0.257462 0.141965 0.014720
v -0.257298 0.137339 0.009345
v -0.257870 0.152172 0.025246
v -0.264794 0.146858 0.019108
v -0.257664 0.146636 0.020164
v -0.272517 0.152608 0.023035
v -0.280601 0.147281 0.016799
v -0.272384 0.146997 0.017976
v -0.264957 0.159089 0.028230
v -0.272587 0.166280 0.031319
v -0.280655 0.159701 0.026019
v -0.272523 0.159352 0.027259
v -0.258012 0.165756 0.033409
v -0.257883 0.158916 0.029331
v -0.257953 0.181097 0.040051
v -0.265126 0.173354 0.035880
v -0.258077 0.173082 0.036930
v -0.272392 0.181696 0.037834
v -0.280635 0.174185 0.033663
v -0.272598 0.173762 0.034933
v -0.264270 0.189578 0.040933
v -0.270708 0.198564 0.040944
v -0.279480 0.190529 0.038643
v -0.271669 0.189903 0.039788
v -0.256233 0.198045 0.043151
v -0.257202 0.189377 0.041990
v -0.253764 0.216024 0.042684
v -0.262113 0.207146 0.042340
v -0.255058 0.206987 0.043391
v -0.268384 0.216339 0.040525
v -0.277152 0.208009 0.040038
v -0.269526 0.207432 0.041240
v -0.259625 0.224694 0.040048
v -0.265991 0.233047 0.036633
v -0.274946 0.225062 0.037665
v -0.267212 0.224824 0.038905
v -0.251083 0.233013 0.038790
v -0.252441 0.224639 0.041073
v -0.248339 0.248794 0.032585
v -0.257049 0.241027 0.034975
v -0.249737 0.241069 0.035976
v -0.263396 0.248800 0.030320
v -0.272613 0.241077 0.032440
v -0.264791 0.240964 0.033849
v -0.254434 0.256312 0.027479
v -0.261160 0.262963 0.021956
v -0.270450 0.255938 0.024998
v -0.262300 0.256123 0.026317
v -0.245835 0.263079 0.024292
v -0.247107 0.256166 0.028619
v -0.243188 0.274342 0.015234
v -0.252051 0.269029 0.018754
v -0.244554 0.269170 0.019824
v -0.258618 0.273891 0.012879
v -0.268274 0.268613 0.016015
v -0.259973 0.268936 0.017415
v -0.249377 0.278315 0.009512
v -0.255587 0.281439 0.003509
v -0.265557 0.277705 0.006722
v -0.257141 0.278021 0.008228
v -0.240681 0.281886 0.006055
v -0.242013 0.278478 0.010685
v -0.238560 0.286299 -0.003123
v -0.246857 0.284298 0.000248
v -0.239561 0.284501 0.001463
v -0.253583 0.285730 -0.005718
v -0.263078 0.283544 -0.002606
v -0.254517 0.283959 -0.001089
v -0.245103 0.287134 -0.008966
v -0.252223 0.287184 -0.015031
v -0.261517 0.286231 -0.011810
v -0.252770 0.286752 -0.010341
v -0.237018 0.287799 -0.012408
v -0.237736 0.287356 -0.007693
v -0.235909 0.287158 -0.022182
v -0.244083 0.287438 -0.018476
v -0.236482 0.287709 -0.017201
v -0.251978 0.286449 -0.024735
v -0.260831 0.286513 -0.021272
v -0.252027 0.287063 -0.019833
v -0.243384 0.285845 -0.028532
v -0.251322 0.284130 -0.034968
v -0.260523 0.284925 -0.031137
v -0.251658 0.285456 -0.029785
v -0.235065 0.284813 -0.032553
v -0.235516 0.286144 -0.027255
v -0.234175 0.281028 -0.042998
v -0.242617 0.282784 -0.038927
v -0.234575 0.283106 -0.037771
v -0.250716 0.280289 -0.045140
v -0.259834 0.281904 -0.041283
v -0.250973 0.282404 -0.040056
v -0.242162 0.278190 -0.049175
v -0.250653 0.274933 -0.055155
v -0.259568 0.277370 -0.051221
v -0.250613 0.277815 -0.050161
v -0.233977 0.275645 -0.053294
v -0.234045 0.278505 -0.048157
v -0.233567 0.268352 -0.063228
v -0.241986 0.271848 -0.059211
v -0.233699 0.272211 -0.058326
v -0.250728 0.267619 -0.064782
v -0.259654 0.271091 -0.060839
v -0.250627 0.271501 -0.059993
v -0.242093 0.263460 -0.068706
v -0.251131 0.258114 -0.073683
v -0.260034 0.262846 -0.069970
v -0.250824 0.263163 -0.069342
v -0.233967 0.258753 -0.072512
v -0.233705 0.263858 -0.068009
v -0.242863 0.252647 -0.077326
v -0.234469 0.253043 -0.076753
v -0.260806 0.252131 -0.078183
v -0.251570 0.252416 -0.077788
v 0.256983 0.213669 -0.093873
v 0.248024 0.221395 -0.091925
v 0.256235 0.229621 -0.089323
v 0.265655 0.221575 -0.091806
v 0.256649 0.221503 -0.091917
v 0.240354 0.213488 -0.093799
v 0.239427 0.229781 -0.088995
v 0.239911 0.221461 -0.091748
v 0.238566 0.245496 -0.081790
v 0.247214 0.237701 -0.085974
v 0.239025 0.237965 -0.085605
v 0.255466 0.244938 -0.082496
v 0.264948 0.237492 -0.086181
v 0.255887 0.237537 -0.086142
v 0.266427 0.206255 -0.094923
v 0.258001 0.198333 -0.095558
v 0.249018 0.205758 -0.095155
v 0.257541 0.205907 -0.095109
v 0.267240 0.190986 -0.095163
v 0.250245 0.189993 -0.095453
v 0.258547 0.190465 -0.095339
v 0.241593 0.197720 -0.095655
v 0.242357 0.189638 -0.095439
v 0.240948 0.205565 -0.095104
v 0.276983 0.133327 -0.060410
v 0.269574 0.128894 -0.054367
v 0.261265 0.131272 -0.059184
v 0.268799 0.132174 -0.059845
v 0.278466 0.126922 -0.049547
v 0.271213 0.123040 -0.042821
v 0.262726 0.124934 -0.047929
v 0.270276 0.125961 -0.048746
v 0.256473 0.121255 -0.040970
v 0.254869 0.127193 -0.052865
v 0.255586 0.124116 -0.047085
v 0.254126 0.130474 -0.058480
v 0.279720 0.123227 -0.038213
v 0.271741 0.122630 -0.031737
v 0.263814 0.121773 -0.036392
v 0.271438 0.122562 -0.037319
v 0.280407 0.123764 -0.027133
v 0.272617 0.123449 -0.020177
v 0.264339 0.122633 -0.025143
v 0.272081 0.123053 -0.026094
v 0.257700 0.122302 -0.018139
v 0.256864 0.121240 -0.029802
v 0.257134 0.122010 -0.024145
v 0.256696 0.120845 -0.035391
v 0.281287 0.126439 -0.015805
v 0.273264 0.128719 -0.009164
v 0.265122 0.125465 -0.013645
v 0.272865 0.125922 -0.014736
v 0.282084 0.131670 -0.004520
v 0.274000 0.134050 0.002593
v 0.265893 0.130992 -0.002298
v 0.273662 0.131309 -0.003378
v 0.259009 0.133458 0.004706
v 0.258207 0.127955 -0.007091
v 0.258601 0.130652 -0.001282
v 0.257861 0.124959 -0.012643
v 0.282543 0.139201 0.006646
v 0.274410 0.143564 0.013372
v 0.266462 0.138767 0.008971
v 0.274197 0.138925 0.007862
v 0.282871 0.148683 0.017580
v 0.274842 0.154066 0.023955
v 0.266948 0.148185 0.019973
v 0.274605 0.148379 0.018841
v 0.260080 0.153492 0.026156
v 0.259469 0.143179 0.015497
v 0.259755 0.147912 0.021019
v 0.259211 0.138527 0.010017
v 0.283159 0.161351 0.026915
v 0.275134 0.167914 0.032249
v 0.267325 0.160619 0.029216
v 0.274939 0.160928 0.028068
v 0.283288 0.175910 0.034522
v 0.274951 0.183340 0.038747
v 0.267667 0.174971 0.036823
v 0.275185 0.175339 0.035678
v 0.260475 0.182507 0.040860
v 0.260444 0.167276 0.034293
v 0.260592 0.174616 0.037872
v 0.260197 0.160326 0.030268
v 0.282093 0.192049 0.039485
v 0.273089 0.200105 0.041905
v 0.266746 0.191155 0.041904
v 0.274174 0.191543 0.040765
v 0.279585 0.209344 0.040899
v 0.270591 0.217738 0.041329
v 0.264406 0.208604 0.043308
v 0.271817 0.208915 0.042157
v 0.256130 0.217224 0.043570
v 0.258706 0.199511 0.044173
v 0.257421 0.208384 0.044383
v 0.259679 0.190915 0.042993
v 0.277149 0.226365 0.038341
v 0.268208 0.234230 0.037187
v 0.261837 0.225961 0.040757
v 0.269380 0.226113 0.039556
v 0.274841 0.242181 0.032880
v 0.265752 0.249830 0.030670
v 0.259346 0.242100 0.035394
v 0.267036 0.242060 0.034257
v 0.250834 0.249769 0.032970
v 0.253372 0.234145 0.039394
v 0.252091 0.242111 0.036428
v 0.254689 0.225859 0.041821
v 0.272909 0.256935 0.025326
v 0.263822 0.263930 0.022201
v 0.257027 0.257291 0.027744
v 0.264818 0.257139 0.026612
v 0.271066 0.269576 0.016278
v 0.261602 0.274855 0.013057
v 0.255003 0.269980 0.018936
v 0.262773 0.269901 0.017615
v 0.246404 0.275255 0.015408
v 0.248745 0.264014 0.024570
v 0.247642 0.270086 0.020026
v 0.249788 0.257133 0.028929
v 0.268475 0.278631 0.006898
v 0.258698 0.282383 0.003604
v 0.252556 0.279261 0.009626
v 0.260201 0.278981 0.008344
v 0.266049 0.284493 -0.002459
v 0.256728 0.286728 -0.005659
v 0.250110 0.285284 0.000294
v 0.257636 0.284939 -0.001021
v 0.241981 0.287318 -0.003091
v 0.244069 0.282820 0.006144
v 0.242967 0.285470 0.001544
v 0.245326 0.279410 0.010785
v 0.264521 0.287249 -0.011711
v 0.255403 0.288221 -0.015024
v 0.248404 0.288174 -0.008967
v 0.255923 0.287797 -0.010301
v 0.263911 0.287499 -0.021187
v 0.255180 0.287482 -0.024844
v 0.247412 0.288547 -0.018571
v 0.255220 0.288107 -0.019857
v 0.239451 0.288298 -0.022334
v 0.240518 0.288889 -0.012407
v 0.239938 0.288867 -0.017280
v 0.241204 0.288412 -0.007681
v 0.263614 0.285838 -0.031230
v 0.254559 0.285063 -0.035228
v 0.246762 0.286933 -0.028773
v 0.254869 0.286452 -0.029990
v 0.262957 0.282666 -0.041572
v 0.254053 0.280996 -0.045682
v 0.246045 0.283729 -0.039420
v 0.254239 0.283227 -0.040465
v 0.237835 0.281876 -0.043677
v 0.238646 0.285904 -0.032952
v 0.238238 0.284100 -0.038302
v 0.239085 0.287269 -0.027535
v 0.262745 0.277822 -0.051699
v 0.253992 0.275235 -0.055896
v 0.245652 0.278794 -0.049940
v 0.253940 0.278318 -0.050788
v 0.262862 0.271161 -0.061477
v 0.254117 0.267503 -0.065645
v 0.245494 0.272031 -0.060152
v 0.253986 0.271601 -0.060794
v 0.237261 0.268327 -0.064311
v 0.237578 0.276085 -0.054225
v 0.237372 0.272444 -0.059302
v 0.237699 0.279188 -0.049003
v 0.263321 0.262480 -0.070731
v 0.254541 0.257514 -0.074528
v 0.245664 0.263136 -0.069743
v 0.254239 0.262822 -0.070225
v 0.264074 0.251284 -0.078904
v 0.246377 0.251782 -0.078283
v 0.254972 0.251540 -0.078601
v 0.237690 0.258133 -0.073602
v 0.238156 0.252140 -0.077770
v 0.237439 0.263545 -0.069110
v -0.279214 0.157360 -0.085033
v -0.287823 0.164570 -0.088483
v -0.276787 0.170445 -0.091228
v -0.277968 0.163877 -0.088363
v -0.299702 0.158948 -0.085351
v -0.310585 0.165572 -0.088423
v -0.297764 0.171509 -0.091312
v -0.298805 0.165111 -0.088518
v -0.308839 0.178556 -0.093234
v -0.296180 0.185734 -0.094948
v -0.285675 0.177887 -0.093552
v -0.296878 0.178276 -0.093467
v -0.274784 0.185038 -0.095069
v -0.275680 0.177375 -0.093498
v -0.281347 0.147144 -0.076621
v -0.289878 0.152845 -0.081363
v -0.280382 0.152045 -0.080971
v -0.283129 0.137156 -0.066746
v -0.291619 0.143009 -0.072371
v -0.282255 0.142185 -0.071812
v -0.303031 0.138975 -0.067948
v -0.313786 0.144469 -0.073049
v -0.301513 0.148770 -0.077364
v -0.302259 0.143790 -0.072815
v -0.312290 0.154190 -0.081678
v -0.300664 0.153591 -0.081599
v 0.278742 0.169530 -0.090338
v 0.289679 0.163813 -0.087577
v 0.280998 0.156846 -0.084137
v 0.279912 0.163100 -0.087382
v 0.276980 0.183846 -0.094252
v 0.287761 0.176904 -0.092684
v 0.277750 0.176342 -0.092646
v 0.298428 0.184768 -0.094081
v 0.310968 0.177723 -0.092409
v 0.299746 0.170682 -0.090418
v 0.298996 0.177417 -0.092565
v 0.312503 0.164896 -0.087586
v 0.301516 0.158365 -0.084461
v 0.300712 0.164477 -0.087608
v 0.291663 0.152439 -0.080501
v 0.283169 0.146892 -0.075804
v 0.282169 0.151632 -0.080115
v 0.314140 0.153796 -0.080851
v 0.303370 0.148561 -0.076537
v 0.302490 0.153198 -0.080718
v 0.315648 0.144427 -0.072325
v 0.304884 0.138959 -0.067307
v 0.293459 0.142960 -0.071629
v 0.304112 0.143752 -0.072070
v 0.284966 0.137233 -0.066127
v 0.284084 0.141996 -0.071085
v -0.306797 0.222584 -0.091387
v -0.294025 0.230540 -0.089104
v -0.282809 0.223098 -0.091758
v -0.294880 0.215488 -0.093599
v -0.294477 0.222886 -0.091626
v -0.305871 0.237529 -0.086075
v -0.293057 0.244936 -0.082834
v -0.281867 0.238341 -0.086098
v -0.293560 0.237987 -0.086140
v -0.270980 0.245619 -0.082323
v -0.271856 0.230956 -0.089049
v -0.271398 0.238550 -0.085878
v -0.272829 0.215560 -0.093763
v -0.272354 0.223164 -0.091712
v -0.283642 0.208112 -0.095204
v -0.295467 0.200894 -0.095670
v -0.307450 0.207958 -0.094697
v -0.295202 0.208133 -0.095023
v -0.273698 0.200601 -0.095877
v -0.273279 0.208020 -0.095234
v -0.284385 0.193065 -0.095811
v -0.274193 0.192799 -0.095806
v -0.307919 0.193348 -0.095326
v -0.295788 0.193304 -0.095627
v -0.293181 0.134802 -0.062405
v -0.304474 0.132258 -0.057855
v -0.315117 0.136394 -0.063466
v -0.303745 0.135592 -0.063028
v -0.284615 0.130536 -0.056351
v -0.283875 0.133993 -0.061692
v -0.286102 0.124489 -0.045089
v -0.294637 0.128209 -0.051729
v -0.285324 0.127383 -0.050835
v -0.305925 0.126110 -0.046869
v -0.316445 0.130035 -0.053121
v -0.305158 0.129268 -0.052524
v -0.295911 0.124629 -0.040653
v -0.306892 0.125007 -0.036113
v -0.317617 0.126249 -0.042317
v -0.306325 0.125408 -0.041550
v -0.286907 0.123508 -0.034133
v -0.286523 0.123685 -0.039654
v -0.287949 0.123922 -0.022645
v -0.296966 0.124539 -0.029584
v -0.287360 0.123704 -0.028469
v -0.307967 0.125330 -0.024807
v -0.318561 0.126159 -0.031439
v -0.307445 0.125273 -0.030568
v -0.297960 0.126718 -0.018323
v -0.308827 0.129837 -0.013910
v -0.319443 0.128309 -0.020288
v -0.308425 0.127422 -0.019392
v -0.288659 0.128623 -0.011693
v -0.288273 0.126093 -0.017217
v -0.289211 0.133537 -0.000187
v -0.298653 0.131555 -0.007160
v -0.288988 0.131035 -0.005994
v -0.309210 0.134762 -0.002472
v -0.320060 0.132991 -0.009236
v -0.309094 0.132117 -0.008205
v -0.298838 0.138843 0.003728
v -0.309114 0.143968 0.007915
v -0.320192 0.140327 0.001518
v -0.309186 0.139456 0.002592
v -0.289333 0.142794 0.010318
v -0.289276 0.138349 0.004900
v -0.289344 0.153419 0.020483
v -0.298763 0.148292 0.014253
v -0.289328 0.147785 0.015478
v -0.308773 0.154536 0.018010
v -0.319984 0.149726 0.011898
v -0.308937 0.148812 0.013159
v -0.298594 0.160653 0.023461
v -0.308307 0.168401 0.026280
v -0.319548 0.162102 0.020955
v -0.308559 0.161314 0.022246
v -0.289257 0.167186 0.028745
v -0.289304 0.160167 0.024729
v -0.288711 0.182752 0.035277
v -0.298146 0.175369 0.031092
v -0.289072 0.174794 0.032335
v -0.307307 0.184075 0.032893
v -0.318971 0.176792 0.028549
v -0.307918 0.176076 0.029921
v -0.296624 0.191825 0.036133
v -0.305314 0.201091 0.036067
v -0.317621 0.193163 0.033481
v -0.306301 0.192502 0.034974
v -0.286565 0.199783 0.038516
v -0.287758 0.191151 0.037371
v -0.283912 0.217181 0.038012
v -0.293779 0.209167 0.037567
v -0.285126 0.208567 0.038805
v -0.303026 0.218272 0.035342
v -0.315480 0.210205 0.034653
v -0.304163 0.209720 0.036187
v -0.291699 0.225935 0.035033
v -0.301299 0.233936 0.031210
v -0.313429 0.226478 0.032011
v -0.302145 0.226245 0.033619
v -0.281795 0.233484 0.033977
v -0.282919 0.225405 0.036357
v -0.279955 0.248584 0.027628
v -0.290013 0.241250 0.029751
v -0.280856 0.241158 0.031092
v -0.299716 0.248681 0.024507
v -0.311742 0.241463 0.026516
v -0.300558 0.241303 0.028223
v -0.288356 0.255792 0.021980
v -0.298437 0.261983 0.015860
v -0.310364 0.255394 0.018699
v -0.299056 0.255593 0.020361
v -0.278095 0.262387 0.019145
v -0.279009 0.255736 0.023571
v -0.276306 0.273173 0.009908
v -0.287068 0.267857 0.012994
v -0.277237 0.268222 0.014546
v -0.297360 0.272298 0.006504
v -0.309237 0.267174 0.009525
v -0.297898 0.267579 0.011204
v -0.285630 0.276729 0.003498
v -0.296211 0.279308 -0.002884
v -0.308218 0.275611 0.000135
v -0.296831 0.276170 0.001787
v -0.273981 0.280534 0.000455
v -0.275157 0.277213 0.005187
v -0.272379 0.284658 -0.008780
v -0.284156 0.282346 -0.005824
v -0.273132 0.282977 -0.004169
v -0.294919 0.283299 -0.012016
v -0.307090 0.281058 -0.009110
v -0.295569 0.281720 -0.007505
v -0.282762 0.284940 -0.014973
v -0.293722 0.284592 -0.021096
v -0.305915 0.283589 -0.018072
v -0.294303 0.284243 -0.016583
v -0.271066 0.285993 -0.018010
v -0.271628 0.285636 -0.013384
v -0.270450 0.285241 -0.027581
v -0.281586 0.285150 -0.024233
v -0.270722 0.285848 -0.022739
v -0.292392 0.283908 -0.030389
v -0.304750 0.283840 -0.027084
v -0.293075 0.284465 -0.025711
v -0.280420 0.283607 -0.033834
v -0.291119 0.281787 -0.040030
v -0.303480 0.282412 -0.036410
v -0.291747 0.282996 -0.035185
v -0.269578 0.282972 -0.037493
v -0.270036 0.284265 -0.032458
v -0.268908 0.279319 -0.047364
v -0.279347 0.280779 -0.043645
v -0.269143 0.281365 -0.042446
v -0.290349 0.278258 -0.049548
v -0.302475 0.279676 -0.045904
v -0.290644 0.280212 -0.044818
v -0.279014 0.276425 -0.053226
v -0.290460 0.273152 -0.058808
v -0.302333 0.275414 -0.055128
v -0.290305 0.275921 -0.054225
v -0.268960 0.274075 -0.057024
v -0.268845 0.276886 -0.052228
v -0.269181 0.266896 -0.066245
v -0.279186 0.270318 -0.062518
v -0.268963 0.270704 -0.061678
v -0.290832 0.266109 -0.067649
v -0.302764 0.269368 -0.063968
v -0.290621 0.269862 -0.063292
v -0.279786 0.262161 -0.071284
v -0.291799 0.256838 -0.075653
v -0.303638 0.261270 -0.072233
v -0.291359 0.261755 -0.071812
v -0.269812 0.257526 -0.074724
v -0.269457 0.262520 -0.070618
v -0.280829 0.251525 -0.079097
v -0.270345 0.251874 -0.078627
v -0.304785 0.250638 -0.079541
v -0.292485 0.251155 -0.079367
v 0.297641 0.214182 -0.093372
v 0.285686 0.221708 -0.091812
v 0.296990 0.229419 -0.089261
v 0.309665 0.221490 -0.091343
v 0.297353 0.221650 -0.091597
v 0.275563 0.214035 -0.093661
v 0.274850 0.229647 -0.089385
v 0.275221 0.221722 -0.091824
v 0.274145 0.244662 -0.082938
v 0.284945 0.237284 -0.086500
v 0.274500 0.237411 -0.086382
v 0.296134 0.244086 -0.083229
v 0.308875 0.236676 -0.086313
v 0.296606 0.237023 -0.086426
v 0.310107 0.206820 -0.094252
v 0.297990 0.199634 -0.095022
v 0.286267 0.206686 -0.094786
v 0.297867 0.206802 -0.094558
v 0.310300 0.192333 -0.094628
v 0.286725 0.191816 -0.095077
v 0.298161 0.192156 -0.094882
v 0.276174 0.199118 -0.095289
v 0.276518 0.191463 -0.095095
v 0.275899 0.206489 -0.094857
v 0.317033 0.136682 -0.062904
v 0.306382 0.132498 -0.057314
v 0.295042 0.135049 -0.061823
v 0.305635 0.135846 -0.062439
v 0.318413 0.130404 -0.052693
v 0.307839 0.126663 -0.046475
v 0.296512 0.128659 -0.051270
v 0.307095 0.129477 -0.052074
v 0.288014 0.124818 -0.044620
v 0.286490 0.130858 -0.055814
v 0.287180 0.127798 -0.050398
v 0.285717 0.134193 -0.061105
v 0.319648 0.126760 -0.041967
v 0.308877 0.125767 -0.035760
v 0.297866 0.125059 -0.040208
v 0.308298 0.125887 -0.041150
v 0.320632 0.127008 -0.031205
v 0.310002 0.126215 -0.024547
v 0.298932 0.125333 -0.029311
v 0.309443 0.126118 -0.030300
v 0.289877 0.124754 -0.022364
v 0.288865 0.123990 -0.033705
v 0.289283 0.124476 -0.028175
v 0.288408 0.124261 -0.039233
v 0.321565 0.129297 -0.020179
v 0.310929 0.130938 -0.013679
v 0.299996 0.127665 -0.018066
v 0.310495 0.128407 -0.019174
v 0.322255 0.134100 -0.009071
v 0.311377 0.136050 -0.002281
v 0.300735 0.132683 -0.006910
v 0.311229 0.133240 -0.008010
v 0.291307 0.134666 0.000216
v 0.290681 0.129679 -0.011389
v 0.291018 0.132143 -0.005699
v 0.290252 0.127035 -0.016936
v 0.322481 0.141570 0.001827
v 0.311448 0.145315 0.008456
v 0.301064 0.140076 0.004163
v 0.311446 0.140797 0.002975
v 0.322483 0.151164 0.012472
v 0.311331 0.156090 0.018729
v 0.301173 0.149690 0.014919
v 0.311386 0.150263 0.013791
v 0.291812 0.154953 0.021294
v 0.291576 0.144114 0.010933
v 0.291686 0.149199 0.016237
v 0.291428 0.139589 0.005390
v 0.322231 0.163799 0.021637
v 0.311027 0.170193 0.027062
v 0.301188 0.162372 0.024245
v 0.311199 0.163055 0.022989
v 0.321783 0.178573 0.029241
v 0.310036 0.185843 0.033698
v 0.300909 0.177187 0.031911
v 0.310692 0.177874 0.030672
v 0.291368 0.184472 0.036146
v 0.291913 0.168927 0.029605
v 0.291775 0.176536 0.033177
v 0.291870 0.161827 0.025575
v 0.320288 0.194867 0.034277
v 0.307809 0.202695 0.036873
v 0.299233 0.193551 0.037016
v 0.308938 0.194207 0.035808
v 0.317898 0.211715 0.035414
v 0.305399 0.219539 0.036006
v 0.296145 0.210700 0.038383
v 0.306540 0.211233 0.036996
v 0.286164 0.218589 0.038749
v 0.289001 0.201380 0.039427
v 0.287429 0.210092 0.039610
v 0.290328 0.192830 0.038292
v 0.315694 0.227808 0.032614
v 0.303505 0.235131 0.031731
v 0.294055 0.227148 0.035684
v 0.304347 0.227559 0.034201
v 0.313970 0.242589 0.026995
v 0.302011 0.249749 0.025010
v 0.292249 0.242382 0.030229
v 0.302781 0.242451 0.028717
v 0.282264 0.249648 0.028018
v 0.284147 0.234579 0.034565
v 0.283099 0.242269 0.031527
v 0.285128 0.226739 0.036979
v 0.312778 0.256407 0.019189
v 0.300974 0.262959 0.016311
v 0.290794 0.256826 0.022414
v 0.301467 0.256612 0.020837
v 0.311847 0.268086 0.009975
v 0.300072 0.273184 0.006897
v 0.289757 0.268801 0.013367
v 0.300537 0.268513 0.011623
v 0.279113 0.274101 0.010154
v 0.280706 0.263357 0.019486
v 0.279969 0.269208 0.014850
v 0.281472 0.256767 0.023930
v 0.310929 0.276444 0.000568
v 0.298972 0.280123 -0.002534
v 0.288408 0.277604 0.003816
v 0.299586 0.277004 0.002188
v 0.309754 0.281853 -0.008701
v 0.297645 0.284142 -0.011687
v 0.286977 0.283177 -0.005552
v 0.298315 0.282511 -0.007149
v 0.275295 0.285585 -0.008542
v 0.276856 0.281445 0.000685
v 0.276053 0.283859 -0.003954
v 0.278052 0.278122 0.005457
v 0.308592 0.284392 -0.017661
v 0.296453 0.285435 -0.020771
v 0.285579 0.285823 -0.014702
v 0.297049 0.285084 -0.016234
v 0.307438 0.284620 -0.026727
v 0.295164 0.284703 -0.030166
v 0.284417 0.286016 -0.024043
v 0.295828 0.285281 -0.025416
v 0.273420 0.286135 -0.027501
v 0.274003 0.286913 -0.017843
v 0.273681 0.286763 -0.022590
v 0.274546 0.286554 -0.013161
v 0.306189 0.283131 -0.036164
v 0.293918 0.282453 -0.039961
v 0.283289 0.284414 -0.033752
v 0.294529 0.283749 -0.035030
v 0.305259 0.280249 -0.045867
v 0.293210 0.278741 -0.049652
v 0.282289 0.281392 -0.043795
v 0.293472 0.280802 -0.044862
v 0.271958 0.279851 -0.047698
v 0.272561 0.283771 -0.037597
v 0.272175 0.282033 -0.042708
v 0.273003 0.285125 -0.032487
v 0.305136 0.275737 -0.055236
v 0.293367 0.273343 -0.059102
v 0.282003 0.276785 -0.053564
v 0.293205 0.276264 -0.054423
v 0.305606 0.269434 -0.064176
v 0.293819 0.266025 -0.068039
v 0.282214 0.270382 -0.062979
v 0.293557 0.269925 -0.063634
v 0.272327 0.266778 -0.066879
v 0.272058 0.274304 -0.057517
v 0.272063 0.270764 -0.062233
v 0.271919 0.277295 -0.052612
v 0.306588 0.261050 -0.072534
v 0.294876 0.256382 -0.076106
v 0.282902 0.261898 -0.071835
v 0.294390 0.261522 -0.072249
v 0.307790 0.250063 -0.079863
v 0.283976 0.250842 -0.079654
v 0.295559 0.250507 -0.079785
v 0.273017 0.257005 -0.075396
v 0.273532 0.251128 -0.079286
v 0.272670 0.262187 -0.071320
v -0.323657 0.159807 -0.085339
v -0.334946 0.165905 -0.088127
v -0.321916 0.172014 -0.090952
v -0.322820 0.165797 -0.088332
v -0.347191 0.160345 -0.085048
v -0.356728 0.166601 -0.087260
v -0.345636 0.172196 -0.090204
v -0.346472 0.166182 -0.087801
v -0.355288 0.178789 -0.091340
v -0.344445 0.185707 -0.093236
v -0.333343 0.178539 -0.092559
v -0.344959 0.178623 -0.092024
v -0.320631 0.185876 -0.094316
v -0.321185 0.178619 -0.092947
v -0.325156 0.149818 -0.077787
v -0.336477 0.154836 -0.081818
v -0.324427 0.154579 -0.081785
v -0.326420 0.140274 -0.068814
v -0.337808 0.145395 -0.073620
v -0.325824 0.144969 -0.073371
v -0.349706 0.141579 -0.069258
v -0.359211 0.146954 -0.073598
v -0.348580 0.150601 -0.077888
v -0.349183 0.146090 -0.073692
v -0.358104 0.156077 -0.081368
v -0.347939 0.155330 -0.081698
v 0.323967 0.171307 -0.090188
v 0.336950 0.165352 -0.087446
v 0.325554 0.159304 -0.084593
v 0.324778 0.165182 -0.087571
v 0.322906 0.185060 -0.093579
v 0.335556 0.177846 -0.091860
v 0.323340 0.177862 -0.092200
v 0.346821 0.185032 -0.092530
v 0.357593 0.178219 -0.090622
v 0.347781 0.171656 -0.089539
v 0.347219 0.178006 -0.091325
v 0.358834 0.166159 -0.086607
v 0.349208 0.160015 -0.084418
v 0.348534 0.165689 -0.087144
v 0.338430 0.154519 -0.081180
v 0.327087 0.149608 -0.077077
v 0.326318 0.154199 -0.081057
v 0.360128 0.155836 -0.080789
v 0.350612 0.150481 -0.077344
v 0.349946 0.155054 -0.081103
v 0.361271 0.146997 -0.073137
v 0.351736 0.141795 -0.068850
v 0.339779 0.145406 -0.073074
v 0.351214 0.146103 -0.073205
v 0.328343 0.140410 -0.068254
v 0.327736 0.144952 -0.072736
v -0.342590 0.228161 -0.087621
v -0.331491 0.221490 -0.090525
v -0.343470 0.213696 -0.091637
v -0.343084 0.220785 -0.089858
v -0.341595 0.242102 -0.082098
v -0.330534 0.236198 -0.085492
v -0.342089 0.235332 -0.085010
v -0.317840 0.243773 -0.082778
v -0.318835 0.229627 -0.088659
v -0.318351 0.236919 -0.085875
v -0.319656 0.214838 -0.092920
v -0.319293 0.222088 -0.091046
v -0.332145 0.207207 -0.093720
v -0.343974 0.199984 -0.093693
v -0.343780 0.206784 -0.093002
v -0.320124 0.200600 -0.094965
v -0.319941 0.207626 -0.094311
v -0.332559 0.192987 -0.094424
v -0.320349 0.193204 -0.094950
v -0.344177 0.192816 -0.093763
v -0.338946 0.137601 -0.064472
v -0.350698 0.135240 -0.059916
v -0.350214 0.138363 -0.064728
v -0.327654 0.133693 -0.058994
v -0.327051 0.137015 -0.063978
v -0.328879 0.127856 -0.048368
v -0.339999 0.131408 -0.054495
v -0.328233 0.130743 -0.053841
v -0.351677 0.129748 -0.049716
v -0.351165 0.132434 -0.054946
v -0.340993 0.127879 -0.043937
v -0.352503 0.128999 -0.039414
v -0.352087 0.129062 -0.044584
v -0.329803 0.126747 -0.037777
v -0.329348 0.127075 -0.043131
v -0.330778 0.127242 -0.026632
v -0.341885 0.128135 -0.033223
v -0.330252 0.127084 -0.032328
v -0.353368 0.129637 -0.028581
v -0.352965 0.129395 -0.034073
v -0.342736 0.130402 -0.022295
v -0.354274 0.134165 -0.018029
v -0.353840 0.131746 -0.023358
v -0.331482 0.131728 -0.015849
v -0.331108 0.129316 -0.021290
v -0.331862 0.136764 -0.004704
v -0.343394 0.135171 -0.011431
v -0.331731 0.134049 -0.010307
v -0.354833 0.139189 -0.007210
v -0.354611 0.136461 -0.012616
v -0.343656 0.142323 -0.001027
v -0.355122 0.147761 0.002700
v -0.355002 0.143540 -0.002328
v -0.331875 0.145721 0.005457
v -0.331902 0.141299 0.000274
v -0.331535 0.156215 0.015460
v -0.343584 0.151467 0.009115
v -0.331723 0.150580 0.010523
v -0.354981 0.157961 0.012499
v -0.355097 0.152463 0.007683
v -0.343269 0.163550 0.018046
v -0.354538 0.171164 0.020440
v -0.354806 0.164369 0.016518
v -0.331106 0.169920 0.023435
v -0.331351 0.162842 0.019540
v -0.330359 0.185414 0.029867
v -0.342761 0.178037 0.025490
v -0.330815 0.177461 0.027024
v -0.353530 0.186321 0.026702
v -0.354138 0.178556 0.023875
v -0.341408 0.194127 0.030316
v -0.351402 0.202614 0.029699
v -0.352575 0.194427 0.028647
v -0.328514 0.202110 0.032959
v -0.329503 0.193694 0.031914
v -0.326095 0.218866 0.032169
v -0.339097 0.210748 0.031476
v -0.327336 0.210521 0.033063
v -0.348503 0.218895 0.028926
v -0.349833 0.210946 0.029806
v -0.336691 0.226669 0.028829
v -0.346166 0.233830 0.024839
v -0.347219 0.226566 0.027175
v -0.324312 0.234069 0.027983
v -0.325163 0.226629 0.030406
v -0.322608 0.248417 0.021241
v -0.334713 0.241255 0.023398
v -0.323382 0.241387 0.024890
v -0.344097 0.247889 0.018198
v -0.345197 0.240822 0.021881
v -0.333036 0.254865 0.015618
v -0.342457 0.260540 0.009601
v -0.343221 0.254481 0.014073
v -0.321231 0.261322 0.012553
v -0.321890 0.255137 0.017075
v -0.320172 0.271321 0.003213
v -0.331746 0.266333 0.006484
v -0.320677 0.266752 0.007914
v -0.341364 0.270218 0.000412
v -0.341849 0.265796 0.005020
v -0.330730 0.274624 -0.002904
v -0.340522 0.276852 -0.008738
v -0.340950 0.273851 -0.004162
v -0.319099 0.278154 -0.006144
v -0.319629 0.275128 -0.001517
v -0.318116 0.281998 -0.015120
v -0.329850 0.279886 -0.011989
v -0.318587 0.280451 -0.010690
v -0.339834 0.280569 -0.017535
v -0.340202 0.279056 -0.013144
v -0.328980 0.282327 -0.020717
v -0.339126 0.281804 -0.026058
v -0.339469 0.281437 -0.021783
v -0.317093 0.283295 -0.023939
v -0.317573 0.282916 -0.019523
v -0.316017 0.282687 -0.032965
v -0.328079 0.282577 -0.029487
v -0.316556 0.283197 -0.028394
v -0.338384 0.281184 -0.034803
v -0.338758 0.281709 -0.030394
v -0.327161 0.281144 -0.038503
v -0.337862 0.279029 -0.043839
v -0.338080 0.280277 -0.039297
v -0.314969 0.280657 -0.042259
v -0.315443 0.281849 -0.037586
v -0.314536 0.277158 -0.051444
v -0.326633 0.278375 -0.047682
v -0.314667 0.279103 -0.046891
v -0.337996 0.275437 -0.052631
v -0.337847 0.277442 -0.048278
v -0.326821 0.274008 -0.056432
v -0.338736 0.270234 -0.061002
v -0.338319 0.273058 -0.056874
v -0.314993 0.272041 -0.060281
v -0.314678 0.274815 -0.055900
v -0.315724 0.264964 -0.068601
v -0.327540 0.267891 -0.064815
v -0.315250 0.268729 -0.064499
v -0.339550 0.263158 -0.068849
v -0.339129 0.266924 -0.065019
v -0.328409 0.259744 -0.072529
v -0.340560 0.253853 -0.075874
v -0.340031 0.258795 -0.072492
v -0.316707 0.255610 -0.076088
v -0.316162 0.260596 -0.072447
v -0.329499 0.249147 -0.079376
v -0.317281 0.249977 -0.079527
v -0.341087 0.248222 -0.079091
v 0.346293 0.212871 -0.091272
v 0.334357 0.220625 -0.090374
v 0.345536 0.227435 -0.087494
v 0.345974 0.220006 -0.089617
v 0.322417 0.213790 -0.092646
v 0.321761 0.228734 -0.088708
v 0.322152 0.221114 -0.090941
v 0.320821 0.243106 -0.083013
v 0.333504 0.235408 -0.085596
v 0.321323 0.236122 -0.086043
v 0.344597 0.241541 -0.082134
v 0.345077 0.234694 -0.084979
v 0.346603 0.199162 -0.093057
v 0.334857 0.206288 -0.093259
v 0.346519 0.205949 -0.092481
v 0.335003 0.192151 -0.093802
v 0.346681 0.192050 -0.093093
v 0.322666 0.199631 -0.094366
v 0.322748 0.192324 -0.094292
v 0.322606 0.206645 -0.093856
v 0.352778 0.135608 -0.059609
v 0.340945 0.137789 -0.064018
v 0.352266 0.138697 -0.064361
v 0.353847 0.130202 -0.049468
v 0.342067 0.131838 -0.054164
v 0.353287 0.132885 -0.054692
v 0.330925 0.128328 -0.048055
v 0.329631 0.133950 -0.058585
v 0.330259 0.131139 -0.053455
v 0.329000 0.137320 -0.063491
v 0.354744 0.129652 -0.039274
v 0.343129 0.128594 -0.043733
v 0.354269 0.129621 -0.044429
v 0.355656 0.130521 -0.028623
v 0.344088 0.129018 -0.033174
v 0.355220 0.130258 -0.034047
v 0.332931 0.128167 -0.026578
v 0.331913 0.127534 -0.037568
v 0.332397 0.127949 -0.032177
v 0.331420 0.127614 -0.042828
v 0.356643 0.135162 -0.018108
v 0.345013 0.131385 -0.022345
v 0.356182 0.132686 -0.023397
v 0.357314 0.140263 -0.007153
v 0.345722 0.136240 -0.011448
v 0.357001 0.137525 -0.012656
v 0.334152 0.137883 -0.004560
v 0.333701 0.132792 -0.015825
v 0.333976 0.135130 -0.010258
v 0.333314 0.130309 -0.021236
v 0.357751 0.149090 0.003011
v 0.346100 0.143568 -0.000798
v 0.357559 0.144728 -0.002169
v 0.357797 0.159486 0.012984
v 0.346231 0.152964 0.009587
v 0.357821 0.153907 0.008100
v 0.334215 0.157823 0.015880
v 0.334328 0.147101 0.005880
v 0.334306 0.152059 0.011051
v 0.334267 0.142553 0.000567
v 0.357522 0.172965 0.020957
v 0.346092 0.165302 0.018596
v 0.357694 0.166069 0.017009
v 0.356495 0.188119 0.027280
v 0.345714 0.179851 0.026115
v 0.357172 0.180339 0.024424
v 0.333200 0.187179 0.030596
v 0.333947 0.171718 0.024092
v 0.333691 0.179255 0.027652
v 0.334091 0.164548 0.020124
v 0.354113 0.204250 0.030307
v 0.344200 0.195852 0.030999
v 0.355430 0.196156 0.029269
v 0.350993 0.220304 0.029502
v 0.341633 0.212255 0.032135
v 0.352609 0.212303 0.030433
v 0.328443 0.220282 0.032773
v 0.331098 0.203734 0.033664
v 0.329801 0.212052 0.033756
v 0.332223 0.195413 0.032633
v 0.348599 0.234997 0.025346
v 0.339086 0.227954 0.029381
v 0.349831 0.227740 0.027744
v 0.346569 0.248941 0.018747
v 0.337060 0.242360 0.023869
v 0.347604 0.241946 0.022401
v 0.324939 0.249464 0.021715
v 0.326607 0.235265 0.028485
v 0.325660 0.242497 0.025364
v 0.327475 0.227948 0.030938
v 0.345116 0.261510 0.010188
v 0.335419 0.256052 0.016007
v 0.345786 0.255503 0.014635
v 0.344117 0.271124 0.000993
v 0.334332 0.267400 0.006898
v 0.344573 0.266741 0.005614
v 0.322846 0.272165 0.003679
v 0.323785 0.262270 0.013033
v 0.323307 0.267638 0.008381
v 0.324330 0.256132 0.017556
v 0.343257 0.277686 -0.008164
v 0.333458 0.275450 -0.002389
v 0.343654 0.274780 -0.003654
v 0.342490 0.281428 -0.016927
v 0.332537 0.280666 -0.011457
v 0.342897 0.279898 -0.012571
v 0.320762 0.282768 -0.014661
v 0.321800 0.278928 -0.005668
v 0.321261 0.281218 -0.010200
v 0.322318 0.275932 -0.001046
v 0.341765 0.282676 -0.025485
v 0.331609 0.283142 -0.020197
v 0.342115 0.282309 -0.021177
v 0.341016 0.281996 -0.034289
v 0.330714 0.283378 -0.028980
v 0.341381 0.282568 -0.029832
v 0.318656 0.283413 -0.032570
v 0.319715 0.284081 -0.023489
v 0.319191 0.283964 -0.027970
v 0.320214 0.283696 -0.019045
v 0.340550 0.279757 -0.043464
v 0.329804 0.281885 -0.038133
v 0.340717 0.281042 -0.038852
v 0.340695 0.275934 -0.052412
v 0.329318 0.278946 -0.047459
v 0.340522 0.278039 -0.047992
v 0.317281 0.277590 -0.051368
v 0.317640 0.281288 -0.042038
v 0.317360 0.279659 -0.046732
v 0.318109 0.282536 -0.037266
v 0.341457 0.270477 -0.060895
v 0.329539 0.274351 -0.056336
v 0.341034 0.273419 -0.056730
v 0.342323 0.263159 -0.068858
v 0.330288 0.268001 -0.064852
v 0.341860 0.267052 -0.064968
v 0.318542 0.264910 -0.068785
v 0.317758 0.272224 -0.060331
v 0.318029 0.268785 -0.064618
v 0.317421 0.275124 -0.055900
v 0.343480 0.253570 -0.075935
v 0.331273 0.259604 -0.072665
v 0.342876 0.258675 -0.072529
v 0.332442 0.248693 -0.079551
v 0.344052 0.247809 -0.079133
v 0.319631 0.255255 -0.076354
v 0.320247 0.249461 -0.079792
v 0.319047 0.260417 -0.072693
v -0.365546 0.161785 -0.084008
v -0.370836 0.167581 -0.086103
v -0.364132 0.172967 -0.088893
v -0.364882 0.167166 -0.086628
v -0.375847 0.162687 -0.083141
v -0.377593 0.167810 -0.085588
v -0.374500 0.173354 -0.087939
v -0.375214 0.167734 -0.085720
v -0.376300 0.179358 -0.089414
v -0.369568 0.179331 -0.089980
v -0.373945 0.179343 -0.089582
v -0.363522 0.179110 -0.090585
v -0.366664 0.152335 -0.077314
v -0.372039 0.157582 -0.080441
v -0.366166 0.156971 -0.080889
v -0.372958 0.148816 -0.073035
v -0.367149 0.148013 -0.073334
v -0.379903 0.149798 -0.072663
v -0.376893 0.153556 -0.076633
v -0.377357 0.149432 -0.072762
v -0.378892 0.158274 -0.080002
v -0.376428 0.157980 -0.080105
v 0.366343 0.172501 -0.088188
v 0.372951 0.167197 -0.085443
v 0.367602 0.161493 -0.083395
v 0.366998 0.166777 -0.085975
v 0.371882 0.178863 -0.089206
v 0.365842 0.178602 -0.089840
v 0.378599 0.178966 -0.088628
v 0.376715 0.172962 -0.087228
v 0.376259 0.178932 -0.088793
v 0.379736 0.167701 -0.084920
v 0.377917 0.162446 -0.082533
v 0.377332 0.167420 -0.085062
v 0.374067 0.157388 -0.079882
v 0.368726 0.152244 -0.076789
v 0.368193 0.156756 -0.080311
v 0.380921 0.157953 -0.079474
v 0.378961 0.153501 -0.076139
v 0.378463 0.157813 -0.079558
v 0.381998 0.150124 -0.072272
v 0.375017 0.148865 -0.072590
v 0.379413 0.149500 -0.072347
v 0.369213 0.148061 -0.072885
f 1 2389 2393 2392
f 2389 618 2390 2393
f 2393 2390 622 2391
f 2392 2393 2391 621
f 618 2394 2397 2390
f 2394 5 2395 2397
f 2397 2395 619 2396
f 2390 2397 2396 622
f 622 2396 2401 2400
f 2396 619 2398 2401
f 2401 2398 6 2399
f 2400 2401 2399 620
f 621 2391 2404 2403
f 2391 622 2400 2404
f 2404 2400 620 2402
f 2403 2404 2402 7
f 1 2405 2408 2389
f 2405 623 2406 2408
f 2408 2406 626 2407
f 2389 2408 2407 618
f 623 2409 2412 2406
f 2409 8 2410 2412
f 2412 2410 624 2411
f 2406 2412 2411 626
f 626 2411 2416 2415
f 2411 624 2413 2416
f 2416 2413 9 2414
f 2415 2416 2414 625
f 618 2407 2418 2394
f 2407 626 2415 2418
f 2418 2415 625 2417
f 2394 2418 2417 5
f 1 2392 2422 2421
f 2392 621 2419 2422
f 2422 2419 630 2420
f 2421 2422 2420 629
f 621 2403 2425 2419
f 2403 7 2423 2425
f 2425 2423 627 2424
f 2419 2425 2424 630
f 630 2424 2429 2428
f 2424 627 2426 2429
f 2429 2426 10 2427
f 2428 2429 2427 628
f 629 2420 2432 2431
f 2420 630 2428 2432
f 2432 2428 628 2430
f 2431 2432 2430 11
f 1 2433 2436 2405
f 2433 631 2434 2436
f 2436 2434 634 2435
f 2405 2436 2435 623
f 631 2437 2440 2434
f 2437 12 2438 2440
f 2440 2438 632 2439
f 2434 2440 2439 634
f 634 2439 2444 2443
f 2439 632 2441 2444
f 2444 2441 13 2442
f 2443 2444 2442 633
f 623 2435 2446 2409
f 2435 634 2443 2446
f 2446 2443 633 2445
f 2409 2446 2445 8
f 1 2421 2449 2433
f 2421 629 2447 2449
f 2449 2447 637 2448
f 2433 2449 2448 631
f 629 2431 2452 2447
f 2431 11 2450 2452
f 2452 2450 635 2451
f 2447 2452 2451 637
f 637 2451 2456 2455
f 2451 635 2453 2456
f 2456 2453 14 2454
f 2455 2456 2454 636
f 631 2448 2458 2437
f 2448 637 2455 2458
f 2458 2455 636 2457
f 2437 2458 2457 12
f 2 2459 2463 2462
f 2459 638 2460 2463
f 2463 2460 642 2461
f 2462 2463 2461 641
f 638 2464 2467 2460
f 2464 15 2465 2467
f 2467 2465 639 2466
f 2460 2467 2466 642
f 642 2466 2471 2470
f 2466 639 2468 2471
f 2471 2468 16 2469
f 2470 2471 2469 640
f 641 2461 2474 2473
f 2461 642 2470 2474
f 2474 2470 640 2472
f 2473 2474 2472 17
f 2 2475 2479 2478
f 2475 643 2476 2479
f 2479 2476 647 2477
f 2478 2479 2477 646
f 643 2480 2483 2476
f 2480 18 2481 2483
f 2483 2481 644 2482
f 2476 2483 2482 647
f 647 2482 2487 2486
f 2482 644 2484 2487
f 2487 2484 19 2485
f 2486 2487 2485 645
f 646 2477 2490 2489
f 2477 647 2486 2490
f 2490 2486 645 2488
f 2489 2490 2488 20
f 2 2462 2493 2475
f 2462 641 2491 2493
f 2493 2491 650 2492
f 2475 2493 2492 643
f 641 2473 2496 2491
f 2473 17 2494 2496
f 2496 2494 648 2495
f 2491 2496 2495 650
f 650 2495 2500 2499
f 2495 648 2497 2500
f 2500 2497 21 2498
f 2499 2500 2498 649
f 643 2492 2502 2480
f 2492 650 2499 2502
f 2502 2499 649 2501
f 2480 2502 2501 18
f 2 2503 2506 2459
f 2503 651 2504 2506
f 2506 2504 654 2505
f 2459 2506 2505 638
f 651 2507 2510 2504
f 2507 4 2508 2510
f 2510 2508 652 2509
f 2504 2510 2509 654
f 654 2509 2514 2513
f 2509 652 2511 2514
f 2514 2511 22 2512
f 2513 2514 2512 653
f 638 2505 2516 2464
f 2505 654 2513 2516
f 2516 2513 653 2515
f 2464 2516 2515 15
f 2 2478 2519 2503
f 2478 646 2517 2519
f 2519 2517 657 2518
f 2503 2519 2518 651
f 646 2489 2522 2517
f 2489 20 2520 2522
f 2522 2520 655 2521
f 2517 2522 2521 657
f 657 2521 2526 2525
f 2521 655 2523 2526
f 2526 2523 23 2524
f 2525 2526 2524 656
f 651 2518 2528 2507
f 2518 657 2525 2528
f 2528 2525 656 2527
f 2507 2528 2527 4
f 3 2529 2533 2532
f 2529 658 2530 2533
f 2533 2530 662 2531
f 2532 2533 2531 661
f 658 2534 2537 2530
f 2534 24 2535 2537
f 2537 2535 659 2536
f 2530 2537 2536 662
f 662 2536 2541 2540
f 2536 659 2538 2541
f 2541 2538 25 2539
f 2540 2541 2539 660
f 661 2531 2544 2543
f 2531 662 2540 2544
f 2544 2540 660 2542
f 2543 2544 2542 26
f 3 2532 2548 2547
f 2532 661 2545 2548
f 2548 2545 665 2546
f 2547 2548 2546 664
f 661 2543 2551 2545
f 2543 26 2549 2551
f 2551 2549 663 2550
f 2545 2551 2550 665
f 665 2550 2554 2553
f 2550 663 2552 2554
f 2554 2552 13 2441
f 2553 2554 2441 632
f 664 2546 2556 2555
f 2546 665 2553 2556
f 2556 2553 632 2438
f 2555 2556 2438 12
f 3 2547 2560 2559
f 2547 664 2557 2560
f 2560 2557 668 2558
f 2559 2560 2558 667
f 664 2555 2562 2557
f 2555 12 2457 2562
f 2562 2457 636 2561
f 2557 2562 2561 668
f 668 2561 2565 2564
f 2561 636 2454 2565
f 2565 2454 14 2563
f 2564 2565 2563 666
f 667 2558 2568 2567
f 2558 668 2564 2568
f 2568 2564 666 2566
f 2567 2568 2566 27
f 4 2569 2572 2508
f 2569 669 2570 2572
f 2572 2570 672 2571
f 2508 2572 2571 652
f 669 2573 2576 2570
f 2573 28 2574 2576
f 2576 2574 670 2575
f 2570 2576 2575 672
f 672 2575 2580 2579
f 2575 670 2577 2580
f 2580 2577 29 2578
f 2579 2580 2578 671
f 652 2571 2582 2511
f 2571 672 2579 2582
f 2582 2579 671 2581
f 2511 2582 2581 22
f 4 2583 2586 2569
f 2583 673 2584 2586
f 2586 2584 676 2585
f 2569 2586 2585 669
f 673 2587 2590 2584
f 2587 30 2588 2590
f 2590 2588 674 2589
f 2584 2590 2589 676
f 676 2589 2594 2593
f 2589 674 2591 2594
f 2594 2591 31 2592
f 2593 2594 2592 675
f 669 2585 2596 2573
f 2585 676 2593 2596
f 2596 2593 675 2595
f 2573 2596 2595 28
f 4 2527 2599 2583
f 2527 656 2597 2599
f 2599 2597 679 2598
f 2583 2599 2598 673
f 656 2524 2602 2597
f 2524 23 2600 2602
f 2602 2600 677 2601
f 2597 2602 2601 679
f 679 2601 2606 2605
f 2601 677 2603 2606
f 2606 2603 32 2604
f 2605 2606 2604 678
f 673 2598 2608 2587
f 2598 679 2605 2608
f 2608 2605 678 2607
f 2587 2608 2607 30
f 33 2609 2613 2612
f 2609 680 2610 2613
f 2613 2610 683 2611
f 2612 2613 2611 682
f 680 2614 2617 2610
f 2614 42 2615 2617
f 2617 2615 681 2616
f 2610 2617 2616 683
f 683 2616 2620 2619
f 2616 681 2618 2620
f 2620 2618 15 2515
f 2619 2620 2515 653
f 682 2611 2622 2621
f 2611 683 2619 2622
f 2622 2619 653 2512
f 2621 2622 2512 22
f 33 2612 2626 2625
f 2612 682 2623 2626
f 2626 2623 686 2624
f 2625 2626 2624 685
f 682 2621 2628 2623
f 2621 22 2581 2628
f 2628 2581 671 2627
f 2623 2628 2627 686
f 686 2627 2631 2630
f 2627 671 2578 2631
f 2631 2578 29 2629
f 2630 2631 2629 684
f 685 2624 2634 2633
f 2624 686 2630 2634
f 2634 2630 684 2632
f 2633 2634 2632 43
f 34 2635 2639 2638
f 2635 687 2636 2639
f 2639 2636 690 2637
f 2638 2639 2637 689
f 687 2640 2643 2636
f 2640 38 2641 2643
f 2643 2641 688 2642
f 2636 2643 2642 690
f 690 2642 2646 2645
f 2642 688 2644 2646
f 2646 2644 26 2542
f 2645 2646 2542 660
f 689 2637 2648 2647
f 2637 690 2645 2648
f 2648 2645 660 2539
f 2647 2648 2539 25
f 35 2649 2653 2652
f 2649 691 2650 2653
f 2653 2650 695 2651
f 2652 2653 2651 694
f 691 2654 2657 2650
f 2654 44 2655 2657
f 2657 2655 692 2656
f 2650 2657 2656 695
f 695 2656 2661 2660
f 2656 692 2658 2661
f 2661 2658 45 2659
f 2660 2661 2659 693
f 694 2651 2664 2663
f 2651 695 2660 2664
f 2664 2660 693 2662
f 2663 2664 2662 46
f 36 2665 2669 2668
f 2665 696 2666 2669
f 2669 2666 700 2667
f 2668 2669 2667 699
f 696 2670 2673 2666
f 2670 47 2671 2673
f 2673 2671 697 2672
f 2666 2673 2672 700
f 700 2672 2677 2676
f 2672 697 2674 2677
f 2677 2674 16 2675
f 2676 2677 2675 698
f 699 2667 2680 2679
f 2667 700 2676 2680
f 2680 2676 698 2678
f 2679 2680 2678 48
f 37 2681 2685 2684
f 2681 701 2682 2685
f 2685 2682 705 2683
f 2684 2685 2683 704
f 701 2686 2689 2682
f 2686 49 2687 2689
f 2689 2687 702 2688
f 2682 2689 2688 705
f 705 2688 2693 2692
f 2688 702 2690 2693
f 2693 2690 50 2691
f 2692 2693 2691 703
f 704 2683 2696 2695
f 2683 705 2692 2696
f 2696 2692 703 2694
f 2695 2696 2694 51
f 38 2697 2700 2641
f 2697 706 2698 2700
f 2700 2698 708 2699
f 2641 2700 2699 688
f 706 2701 2704 2698
f 2701 52 2702 2704
f 2704 2702 707 2703
f 2698 2704 2703 708
f 708 2703 2707 2706
f 2703 707 2705 2707
f 2707 2705 13 2552
f 2706 2707 2552 663
f 688 2699 2708 2644
f 2699 708 2706 2708
f 2708 2706 663 2549
f 2644 2708 2549 26
f 39 2709 2713 2712
f 2709 709 2710 2713
f 2713 2710 713 2711
f 2712 2713 2711 712
f 709 2714 2717 2710
f 2714 53 2715 2717
f 2717 2715 710 2716
f 2710 2717 2716 713
f 713 2716 2721 2720
f 2716 710 2718 2721
f 2721 2718 584 2719
f 2720 2721 2719 711
f 712 2711 2724 2723
f 2711 713 2720 2724
f 2724 2720 711 2722
f 2723 2724 2722 585
f 39 2712 2728 2727
f 2712 712 2725 2728
f 2728 2725 717 2726
f 2727 2728 2726 716
f 712 2723 2731 2725
f 2723 585 2729 2731
f 2731 2729 714 2730
f 2725 2731 2730 717
f 717 2730 2735 2734
f 2730 714 2732 2735
f 2735 2732 586 2733
f 2734 2735 2733 715
f 716 2726 2738 2737
f 2726 717 2734 2738
f 2738 2734 715 2736
f 2737 2738 2736 57
f 40 2739 2743 2742
f 2739 718 2740 2743
f 2743 2740 720 2741
f 2742 2743 2741 719
f 718 2744 2746 2740
f 2744 17 2472 2746
f 2746 2472 640 2745
f 2740 2746 2745 720
f 720 2745 2748 2747
f 2745 640 2469 2748
f 2748 2469 16 2674
f 2747 2748 2674 697
f 719 2741 2750 2749
f 2741 720 2747 2750
f 2750 2747 697 2671
f 2749 2750 2671 47
f 40 2751 2754 2739
f 2751 721 2752 2754
f 2754 2752 723 2753
f 2739 2754 2753 718
f 721 2755 2758 2752
f 2755 58 2756 2758
f 2758 2756 722 2757
f 2752 2758 2757 723
f 723 2757 2761 2760
f 2757 722 2759 2761
f 2761 2759 21 2497
f 2760 2761 2497 648
f 718 2753 2762 2744
f 2753 723 2760 2762
f 2762 2760 648 2494
f 2744 2762 2494 17
f 41 2763 2767 2766
f 2763 724 2764 2767
f 2767 2764 726 2765
f 2766 2767 2765 725
f 724 2768 2770 2764
f 2768 8 2445 2770
f 2770 2445 633 2769
f 2764 2770 2769 726
f 726 2769 2772 2771
f 2769 633 2442 2772
f 2772 2442 13 2705
f 2771 2772 2705 707
f 725 2765 2774 2773
f 2765 726 2771 2774
f 2774 2771 707 2702
f 2773 2774 2702 52
f 41 2775 2778 2763
f 2775 727 2776 2778
f 2778 2776 729 2777
f 2763 2778 2777 724
f 727 2779 2782 2776
f 2779 59 2780 2782
f 2782 2780 728 2781
f 2776 2782 2781 729
f 729 2781 2785 2784
f 2781 728 2783 2785
f 2785 2783 9 2413
f 2784 2785 2413 624
f 724 2777 2786 2768
f 2777 729 2784 2786
f 2786 2784 624 2410
f 2768 2786 2410 8
f 59 2787 2790 2780
f 2787 730 2788 2790
f 2790 2788 733 2789
f 2780 2790 2789 728
f 730 2791 2794 2788
f 2791 60 2792 2794
f 2794 2792 731 2793
f 2788 2794 2793 733
f 733 2793 2798 2797
f 2793 731 2795 2798
f 2798 2795 61 2796
f 2797 2798 2796 732
f 728 2789 2800 2783
f 2789 733 2797 2800
f 2800 2797 732 2799
f 2783 2800 2799 9
f 61 2801 2804 2796
f 2801 734 2802 2804
f 2804 2802 736 2803
f 2796 2804 2803 732
f 734 2805 2808 2802
f 2805 62 2806 2808
f 2808 2806 735 2807
f 2802 2808 2807 736
f 736 2807 2811 2810
f 2807 735 2809 2811
f 2811 2809 5 2417
f 2810 2811 2417 625
f 732 2803 2812 2799
f 2803 736 2810 2812
f 2812 2810 625 2414
f 2799 2812 2414 9
f 61 2795 2816 2815
f 2795 731 2813 2816
f 2816 2813 740 2814
f 2815 2816 2814 739
f 731 2792 2819 2813
f 2792 60 2817 2819
f 2819 2817 737 2818
f 2813 2819 2818 740
f 740 2818 2823 2822
f 2818 737 2820 2823
f 2823 2820 63 2821
f 2822 2823 2821 738
f 739 2814 2826 2825
f 2814 740 2822 2826
f 2826 2822 738 2824
f 2825 2826 2824 64
f 61 2815 2829 2801
f 2815 739 2827 2829
f 2829 2827 743 2828
f 2801 2829 2828 734
f 739 2825 2832 2827
f 2825 64 2830 2832
f 2832 2830 741 2831
f 2827 2832 2831 743
f 743 2831 2836 2835
f 2831 741 2833 2836
f 2836 2833 65 2834
f 2835 2836 2834 742
f 734 2828 2838 2805
f 2828 743 2835 2838
f 2838 2835 742 2837
f 2805 2838 2837 62
f 65 2839 2842 2834
f 2839 744 2840 2842
f 2842 2840 747 2841
f 2834 2842 2841 742
f 744 2843 2846 2840
f 2843 66 2844 2846
f 2846 2844 745 2845
f 2840 2846 2845 747
f 747 2845 2850 2849
f 2845 745 2847 2850
f 2850 2847 67 2848
f 2849 2850 2848 746
f 742 2841 2852 2837
f 2841 747 2849 2852
f 2852 2849 746 2851
f 2837 2852 2851 62
f 65 2833 2856 2855
f 2833 741 2853 2856
f 2856 2853 751 2854
f 2855 2856 2854 750
f 741 2830 2859 2853
f 2830 64 2857 2859
f 2859 2857 748 2858
f 2853 2859 2858 751
f 751 2858 2863 2862
f 2858 748 2860 2863
f 2863 2860 68 2861
f 2862 2863 2861 749
f 750 2854 2866 2865
f 2854 751 2862 2866
f 2866 2862 749 2864
f 2865 2866 2864 69
f 65 2855 2869 2839
f 2855 750 2867 2869
f 2869 2867 754 2868
f 2839 2869 2868 744
f 750 2865 2872 2867
f 2865 69 2870 2872
f 2872 2870 752 2871
f 2867 2872 2871 754
f 754 2871 2876 2875
f 2871 752 2873 2876
f 2876 2873 70 2874
f 2875 2876 2874 753
f 744 2868 2878 2843
f 2868 754 2875 2878
f 2878 2875 753 2877
f 2843 2878 2877 66
f 70 2879 2882 2874
f 2879 755 2880 2882
f 2882 2880 758 2881
f 2874 2882 2881 753
f 755 2883 2886 2880
f 2883 71 2884 2886
f 2886 2884 756 2885
f 2880 2886 2885 758
f 758 2885 2890 2889
f 2885 756 2887 2890
f 2890 2887 72 2888
f 2889 2890 2888 757
f 753 2881 2892 2877
f 2881 758 2889 2892
f 2892 2889 757 2891
f 2877 2892 2891 66
f 70 2873 2896 2895
f 2873 752 2893 2896
f 2896 2893 762 2894
f 2895 2896 2894 761
f 752 2870 2899 2893
f 2870 69 2897 2899
f 2899 2897 759 2898
f 2893 2899 2898 762
f 762 2898 2903 2902
f 2898 759 2900 2903
f 2903 2900 73 2901
f 2902 2903 2901 760
f 761 2894 2906 2905
f 2894 762 2902 2906
f 2906 2902 760 2904
f 2905 2906 2904 74
f 70 2895 2909 2879
f 2895 761 2907 2909
f 2909 2907 765 2908
f 2879 2909 2908 755
f 761 2905 2912 2907
f 2905 74 2910 2912
f 2912 2910 763 2911
f 2907 2912 2911 765
f 765 2911 2916 2915
f 2911 763 2913 2916
f 2916 2913 75 2914
f 2915 2916 2914 764
f 755 2908 2918 2883
f 2908 765 2915 2918
f 2918 2915 764 2917
f 2883 2918 2917 71
f 75 2919 2922 2914
f 2919 766 2920 2922
f 2922 2920 769 2921
f 2914 2922 2921 764
f 766 2923 2926 2920
f 2923 76 2924 2926
f 2926 2924 767 2925
f 2920 2926 2925 769
f 769 2925 2930 2929
f 2925 767 2927 2930
f 2930 2927 77 2928
f 2929 2930 2928 768
f 764 2921 2932 2917
f 2921 769 2929 2932
f 2932 2929 768 2931
f 2917 2932 2931 71
f 75 2913 2936 2935
f 2913 763 2933 2936
f 2936 2933 773 2934
f 2935 2936 2934 772
f 763 2910 2939 2933
f 2910 74 2937 2939
f 2939 2937 770 2938
f 2933 2939 2938 773
f 773 2938 2943 2942
f 2938 770 2940 2943
f 2943 2940 31 2941
f 2942 2943 2941 771
f 772 2934 2946 2945
f 2934 773 2942 2946
f 2946 2942 771 2944
f 2945 2946 2944 78
f 75 2935 2949 2919
f 2935 772 2947 2949
f 2949 2947 776 2948
f 2919 2949 2948 766
f 772 2945 2952 2947
f 2945 78 2950 2952
f 2952 2950 774 2951
f 2947 2952 2951 776
f 776 2951 2956 2955
f 2951 774 2953 2956
f 2956 2953 54 2954
f 2955 2956 2954 775
f 766 2948 2958 2923
f 2948 776 2955 2958
f 2958 2955 775 2957
f 2923 2958 2957 76
f 78 2944 2962 2961
f 2944 771 2959 2962
f 2962 2959 779 2960
f 2961 2962 2960 778
f 771 2941 2964 2959
f 2941 31 2591 2964
f 2964 2591 674 2963
f 2959 2964 2963 779
f 779 2963 2967 2966
f 2963 674 2588 2967
f 2967 2588 30 2965
f 2966 2967 2965 777
f 778 2960 2970 2969
f 2960 779 2966 2970
f 2970 2966 777 2968
f 2969 2970 2968 79
f 78 2961 2973 2950
f 2961 778 2971 2973
f 2973 2971 782 2972
f 2950 2973 2972 774
f 778 2969 2976 2971
f 2969 79 2974 2976
f 2976 2974 780 2975
f 2971 2976 2975 782
f 782 2975 2980 2979
f 2975 780 2977 2980
f 2980 2977 55 2978
f 2979 2980 2978 781
f 774 2972 2982 2953
f 2972 782 2979 2982
f 2982 2979 781 2981
f 2953 2982 2981 54
f 79 2968 2986 2985
f 2968 777 2983 2986
f 2986 2983 785 2984
f 2985 2986 2984 784
f 777 2965 2988 2983
f 2965 30 2607 2988
f 2988 2607 678 2987
f 2983 2988 2987 785
f 785 2987 2991 2990
f 2987 678 2604 2991
f 2991 2604 32 2989
f 2990 2991 2989 783
f 784 2984 2994 2993
f 2984 785 2990 2994
f 2994 2990 783 2992
f 2993 2994 2992 80
f 79 2985 2997 2974
f 2985 784 2995 2997
f 2997 2995 788 2996
f 2974 2997 2996 780
f 784 2993 3000 2995
f 2993 80 2998 3000
f 3000 2998 786 2999
f 2995 3000 2999 788
f 788 2999 3004 3003
f 2999 786 3001 3004
f 3004 3001 56 3002
f 3003 3004 3002 787
f 780 2996 3006 2977
f 2996 788 3003 3006
f 3006 3003 787 3005
f 2977 3006 3005 55
f 80 2992 3010 3009
f 2992 783 3007 3010
f 3010 3007 792 3008
f 3009 3010 3008 791
f 783 2989 3013 3007
f 2989 32 3011 3013
f 3013 3011 789 3012
f 3007 3013 3012 792
f 792 3012 3017 3016
f 3012 789 3014 3017
f 3017 3014 81 3015
f 3016 3017 3015 790
f 791 3008 3020 3019
f 3008 792 3016 3020
f 3020 3016 790 3018
f 3019 3020 3018 82
f 80 3009 3023 2998
f 3009 791 3021 3023
f 3023 3021 795 3022
f 2998 3023 3022 786
f 791 3019 3026 3021
f 3019 82 3024 3026
f 3026 3024 793 3025
f 3021 3026 3025 795
f 795 3025 3030 3029
f 3025 793 3027 3030
f 3030 3027 83 3028
f 3029 3030 3028 794
f 786 3022 3032 3001
f 3022 795 3029 3032
f 3032 3029 794 3031
f 3001 3032 3031 56
f 83 3033 3036 3028
f 3033 796 3034 3036
f 3036 3034 799 3035
f 3028 3036 3035 794
f 796 3037 3040 3034
f 3037 485 3038 3040
f 3040 3038 797 3039
f 3034 3040 3039 799
f 799 3039 3044 3043
f 3039 797 3041 3044
f 3044 3041 484 3042
f 3043 3044 3042 798
f 794 3035 3046 3031
f 3035 799 3043 3046
f 3046 3043 798 3045
f 3031 3046 3045 56
f 83 3027 3050 3049
f 3027 793 3047 3050
f 3050 3047 803 3048
f 3049 3050 3048 802
f 793 3024 3053 3047
f 3024 82 3051 3053
f 3053 3051 800 3052
f 3047 3053 3052 803
f 803 3052 3057 3056
f 3052 800 3054 3057
f 3057 3054 85 3055
f 3056 3057 3055 801
f 802 3048 3060 3059
f 3048 803 3056 3060
f 3060 3056 801 3058
f 3059 3060 3058 86
f 83 3049 3063 3033
f 3049 802 3061 3063
f 3063 3061 806 3062
f 3033 3063 3062 796
f 802 3059 3066 3061
f 3059 86 3064 3066
f 3066 3064 804 3065
f 3061 3066 3065 806
f 806 3065 3070 3069
f 3065 804 3067 3070
f 3070 3067 486 3068
f 3069 3070 3068 805
f 796 3062 3072 3037
f 3062 806 3069 3072
f 3072 3069 805 3071
f 3037 3072 3071 485
f 87 3073 3077 3076
f 3073 807 3074 3077
f 3077 3074 811 3075
f 3076 3077 3075 810
f 807 3078 3081 3074
f 3078 587 3079 3081
f 3081 3079 808 3080
f 3074 3081 3080 811
f 811 3080 3085 3084
f 3080 808 3082 3085
f 3085 3082 588 3083
f 3084 3085 3083 809
f 810 3075 3088 3087
f 3075 811 3084 3088
f 3088 3084 809 3086
f 3087 3088 3086 89
f 89 3086 3092 3091
f 3086 809 3089 3092
f 3092 3089 815 3090
f 3091 3092 3090 814
f 809 3083 3095 3089
f 3083 588 3093 3095
f 3095 3093 812 3094
f 3089 3095 3094 815
f 815 3094 3099 3098
f 3094 812 3096 3099
f 3099 3096 589 3097
f 3098 3099 3097 813
f 814 3090 3102 3101
f 3090 815 3098 3102
f 3102 3098 813 3100
f 3101 3102 3100 91
f 91 3100 3106 3105
f 3100 813 3103 3106
f 3106 3103 819 3104
f 3105 3106 3104 818
f 813 3097 3109 3103
f 3097 589 3107 3109
f 3109 3107 816 3108
f 3103 3109 3108 819
f 819 3108 3113 3112
f 3108 816 3110 3113
f 3113 3110 590 3111
f 3112 3113 3111 817
f 818 3104 3116 3115
f 3104 819 3112 3116
f 3116 3112 817 3114
f 3115 3116 3114 93
f 93 3114 3120 3119
f 3114 817 3117 3120
f 3120 3117 823 3118
f 3119 3120 3118 822
f 817 3111 3123 3117
f 3111 590 3121 3123
f 3123 3121 820 3122
f 3117 3123 3122 823
f 823 3122 3127 3126
f 3122 820 3124 3127
f 3127 3124 591 3125
f 3126 3127 3125 821
f 822 3118 3130 3129
f 3118 823 3126 3130
f 3130 3126 821 3128
f 3129 3130 3128 95
f 95 3128 3134 3133
f 3128 821 3131 3134
f 3134 3131 827 3132
f 3133 3134 3132 826
f 821 3125 3137 3131
f 3125 591 3135 3137
f 3137 3135 824 3136
f 3131 3137 3136 827
f 827 3136 3141 3140
f 3136 824 3138 3141
f 3141 3138 592 3139
f 3140 3141 3139 825
f 826 3132 3144 3143
f 3132 827 3140 3144
f 3144 3140 825 3142
f 3143 3144 3142 97
f 97 3142 3148 3147
f 3142 825 3145 3148
f 3148 3145 831 3146
f 3147 3148 3146 830
f 825 3139 3151 3145
f 3139 592 3149 3151
f 3151 3149 828 3150
f 3145 3151 3150 831
f 831 3150 3155 3154
f 3150 828 3152 3155
f 3155 3152 593 3153
f 3154 3155 3153 829
f 830 3146 3158 3157
f 3146 831 3154 3158
f 3158 3154 829 3156
f 3157 3158 3156 99
f 99 3156 3162 3161
f 3156 829 3159 3162
f 3162 3159 835 3160
f 3161 3162 3160 834
f 829 3153 3165 3159
f 3153 593 3163 3165
f 3165 3163 832 3164
f 3159 3165 3164 835
f 835 3164 3169 3168
f 3164 832 3166 3169
f 3169 3166 594 3167
f 3168 3169 3167 833
f 834 3160 3172 3171
f 3160 835 3168 3172
f 3172 3168 833 3170
f 3171 3172 3170 101
f 101 3170 3176 3175
f 3170 833 3173 3176
f 3176 3173 839 3174
f 3175 3176 3174 838
f 833 3167 3179 3173
f 3167 594 3177 3179
f 3179 3177 836 3178
f 3173 3179 3178 839
f 839 3178 3183 3182
f 3178 836 3180 3183
f 3183 3180 595 3181
f 3182 3183 3181 837
f 838 3174 3186 3185
f 3174 839 3182 3186
f 3186 3182 837 3184
f 3185 3186 3184 103
f 103 3184 3190 3189
f 3184 837 3187 3190
f 3190 3187 843 3188
f 3189 3190 3188 842
f 837 3181 3193 3187
f 3181 595 3191 3193
f 3193 3191 840 3192
f 3187 3193 3192 843
f 843 3192 3197 3196
f 3192 840 3194 3197
f 3197 3194 596 3195
f 3196 3197 3195 841
f 842 3188 3200 3199
f 3188 843 3196 3200
f 3200 3196 841 3198
f 3199 3200 3198 105
f 105 3198 3204 3203
f 3198 841 3201 3204
f 3204 3201 847 3202
f 3203 3204 3202 846
f 841 3195 3207 3201
f 3195 596 3205 3207
f 3207 3205 844 3206
f 3201 3207 3206 847
f 847 3206 3211 3210
f 3206 844 3208 3211
f 3211 3208 597 3209
f 3210 3211 3209 845
f 846 3202 3214 3213
f 3202 847 3210 3214
f 3214 3210 845 3212
f 3213 3214 3212 107
f 107 3212 3218 3217
f 3212 845 3215 3218
f 3218 3215 851 3216
f 3217 3218 3216 850
f 845 3209 3221 3215
f 3209 597 3219 3221
f 3221 3219 848 3220
f 3215 3221 3220 851
f 851 3220 3225 3224
f 3220 848 3222 3225
f 3225 3222 598 3223
f 3224 3225 3223 849
f 850 3216 3228 3227
f 3216 851 3224 3228
f 3228 3224 849 3226
f 3227 3228 3226 108
f 108 3226 3232 3231
f 3226 849 3229 3232
f 3232 3229 855 3230
f 3231 3232 3230 854
f 849 3223 3235 3229
f 3223 598 3233 3235
f 3235 3233 852 3234
f 3229 3235 3234 855
f 855 3234 3239 3238
f 3234 852 3236 3239
f 3239 3236 599 3237
f 3238 3239 3237 853
f 854 3230 3242 3241
f 3230 855 3238 3242
f 3242 3238 853 3240
f 3241 3242 3240 109
f 109 3240 3246 3245
f 3240 853 3243 3246
f 3246 3243 858 3244
f 3245 3246 3244 857
f 853 3237 3249 3243
f 3237 599 3247 3249
f 3249 3247 856 3248
f 3243 3249 3248 858
f 858 3248 3252 3251
f 3248 856 3250 3252
f 3252 3250 584 2718
f 3251 3252 2718 710
f 857 3244 3254 3253
f 3244 858 3251 3254
f 3254 3251 710 2715
f 3253 3254 2715 53
f 106 3255 3259 3258
f 3255 859 3256 3259
f 3259 3256 863 3257
f 3258 3259 3257 862
f 859 3260 3263 3256
f 3260 104 3261 3263
f 3263 3261 860 3262
f 3256 3263 3262 863
f 863 3262 3267 3266
f 3262 860 3264 3267
f 3267 3264 110 3265
f 3266 3267 3265 861
f 862 3257 3270 3269
f 3257 863 3266 3270
f 3270 3266 861 3268
f 3269 3270 3268 72
f 106 3258 3274 3273
f 3258 862 3271 3274
f 3274 3271 865 3272
f 3273 3274 3272 864
f 862 3269 3276 3271
f 3269 72 2887 3276
f 3276 2887 756 3275
f 3271 3276 3275 865
f 865 3275 3278 3277
f 3275 756 2884 3278
f 3278 2884 71 2931
f 3277 3278 2931 768
f 864 3272 3280 3279
f 3272 865 3277 3280
f 3280 3277 768 2928
f 3279 3280 2928 77
f 110 3264 3284 3283
f 3264 860 3281 3284
f 3284 3281 869 3282
f 3283 3284 3282 868
f 860 3261 3287 3281
f 3261 104 3285 3287
f 3287 3285 866 3286
f 3281 3287 3286 869
f 869 3286 3291 3290
f 3286 866 3288 3291
f 3291 3288 102 3289
f 3290 3291 3289 867
f 868 3282 3294 3293
f 3282 869 3290 3294
f 3294 3290 867 3292
f 3293 3294 3292 111
f 110 3283 3298 3297
f 3283 868 3295 3298
f 3298 3295 873 3296
f 3297 3298 3296 872
f 868 3293 3301 3295
f 3293 111 3299 3301
f 3301 3299 870 3300
f 3295 3301 3300 873
f 873 3300 3305 3304
f 3300 870 3302 3305
f 3305 3302 6 3303
f 3304 3305 3303 871
f 872 3296 3308 3307
f 3296 873 3304 3308
f 3308 3304 871 3306
f 3307 3308 3306 67
f 110 3297 3311 3265
f 3297 872 3309 3311
f 3311 3309 874 3310
f 3265 3311 3310 861
f 872 3307 3313 3309
f 3307 67 2847 3313
f 3313 2847 745 3312
f 3309 3313 3312 874
f 874 3312 3315 3314
f 3312 745 2844 3315
f 3315 2844 66 2891
f 3314 3315 2891 757
f 861 3310 3316 3268
f 3310 874 3314 3316
f 3316 3314 757 2888
f 3268 3316 2888 72
f 111 3292 3320 3319
f 3292 867 3317 3320
f 3320 3317 878 3318
f 3319 3320 3318 877
f 867 3289 3323 3317
f 3289 102 3321 3323
f 3323 3321 875 3322
f 3317 3323 3322 878
f 878 3322 3327 3326
f 3322 875 3324 3327
f 3327 3324 100 3325
f 3326 3327 3325 876
f 877 3318 3330 3329
f 3318 878 3326 3330
f 3330 3326 876 3328
f 3329 3330 3328 112
f 111 3319 3333 3299
f 3319 877 3331 3333
f 3333 3331 880 3332
f 3299 3333 3332 870
f 877 3329 3336 3331
f 3329 112 3334 3336
f 3336 3334 879 3335
f 3331 3336 3335 880
f 880 3335 3339 3338
f 3335 879 3337 3339
f 3339 3337 7 2402
f 3338 3339 2402 620
f 870 3332 3340 3302
f 3332 880 3338 3340
f 3340 3338 620 2399
f 3302 3340 2399 6
f 112 3328 3344 3343
f 3328 876 3341 3344
f 3344 3341 884 3342
f 3343 3344 3342 883
f 876 3325 3347 3341
f 3325 100 3345 3347
f 3347 3345 881 3346
f 3341 3347 3346 884
f 884 3346 3351 3350
f 3346 881 3348 3351
f 3351 3348 98 3349
f 3350 3351 3349 882
f 883 3342 3354 3353
f 3342 884 3350 3354
f 3354 3350 882 3352
f 3353 3354 3352 113
f 112 3343 3357 3334
f 3343 883 3355 3357
f 3357 3355 886 3356
f 3334 3357 3356 879
f 883 3353 3360 3355
f 3353 113 3358 3360
f 3360 3358 885 3359
f 3355 3360 3359 886
f 886 3359 3363 3362
f 3359 885 3361 3363
f 3363 3361 10 2426
f 3362 3363 2426 627
f 879 3356 3364 3337
f 3356 886 3362 3364
f 3364 3362 627 2423
f 3337 3364 2423 7
f 113 3352 3368 3367
f 3352 882 3365 3368
f 3368 3365 890 3366
f 3367 3368 3366 889
f 882 3349 3371 3365
f 3349 98 3369 3371
f 3371 3369 887 3370
f 3365 3371 3370 890
f 890 3370 3375 3374
f 3370 887 3372 3375
f 3375 3372 96 3373
f 3374 3375 3373 888
f 889 3366 3378 3377
f 3366 890 3374 3378
f 3378 3374 888 3376
f 3377 3378 3376 114
f 113 3367 3381 3358
f 3367 889 3379 3381
f 3381 3379 893 3380
f 3358 3381 3380 885
f 889 3377 3384 3379
f 3377 114 3382 3384
f 3384 3382 891 3383
f 3379 3384 3383 893
f 893 3383 3388 3387
f 3383 891 3385 3388
f 3388 3385 115 3386
f 3387 3388 3386 892
f 885 3380 3390 3361
f 3380 893 3387 3390
f 3390 3387 892 3389
f 3361 3390 3389 10
f 115 3385 3394 3393
f 3385 891 3391 3394
f 3394 3391 897 3392
f 3393 3394 3392 896
f 891 3382 3397 3391
f 3382 114 3395 3397
f 3397 3395 894 3396
f 3391 3397 3396 897
f 897 3396 3401 3400
f 3396 894 3398 3401
f 3401 3398 116 3399
f 3400 3401 3399 895
f 896 3392 3404 3403
f 3392 897 3400 3404
f 3404 3400 895 3402
f 3403 3404 3402 117
f 115 3393 3408 3407
f 3393 896 3405 3408
f 3408 3405 901 3406
f 3407 3408 3406 900
f 896 3403 3411 3405
f 3403 117 3409 3411
f 3411 3409 898 3410
f 3405 3411 3410 901
f 901 3410 3415 3414
f 3410 898 3412 3415
f 3415 3412 118 3413
f 3414 3415 3413 899
f 900 3406 3418 3417
f 3406 901 3414 3418
f 3418 3414 899 3416
f 3417 3418 3416 119
f 115 3407 3421 3386
f 3407 900 3419 3421
f 3421 3419 903 3420
f 3386 3421 3420 892
f 900 3417 3424 3419
f 3417 119 3422 3424
f 3424 3422 902 3423
f 3419 3424 3423 903
f 903 3423 3427 3426
f 3423 902 3425 3427
f 3427 3425 11 2430
f 3426 3427 2430 628
f 892 3420 3428 3389
f 3420 903 3426 3428
f 3428 3426 628 2427
f 3389 3428 2427 10
f 119 3416 3432 3431
f 3416 899 3429 3432
f 3432 3429 907 3430
f 3431 3432 3430 906
f 899 3413 3435 3429
f 3413 118 3433 3435
f 3435 3433 904 3434
f 3429 3435 3434 907
f 907 3434 3439 3438
f 3434 904 3436 3439
f 3439 3436 120 3437
f 3438 3439 3437 905
f 906 3430 3442 3441
f 3430 907 3438 3442
f 3442 3438 905 3440
f 3441 3442 3440 121
f 119 3431 3445 3422
f 3431 906 3443 3445
f 3445 3443 909 3444
f 3422 3445 3444 902
f 906 3441 3448 3443
f 3441 121 3446 3448
f 3448 3446 908 3447
f 3443 3448 3447 909
f 909 3447 3451 3450
f 3447 908 3449 3451
f 3451 3449 14 2453
f 3450 3451 2453 635
f 902 3444 3452 3425
f 3444 909 3450 3452
f 3452 3450 635 2450
f 3425 3452 2450 11
f 121 3440 3456 3455
f 3440 905 3453 3456
f 3456 3453 913 3454
f 3455 3456 3454 912
f 905 3437 3459 3453
f 3437 120 3457 3459
f 3459 3457 910 3458
f 3453 3459 3458 913
f 913 3458 3463 3462
f 3458 910 3460 3463
f 3463 3460 122 3461
f 3462 3463 3461 911
f 912 3454 3466 3465
f 3454 913 3462 3466
f 3466 3462 911 3464
f 3465 3466 3464 123
f 121 3455 3469 3446
f 3455 912 3467 3469
f 3469 3467 915 3468
f 3446 3469 3468 908
f 912 3465 3472 3467
f 3465 123 3470 3472
f 3472 3470 914 3471
f 3467 3472 3471 915
f 915 3471 3475 3474
f 3471 914 3473 3475
f 3475 3473 27 2566
f 3474 3475 2566 666
f 908 3468 3476 3449
f 3468 915 3474 3476
f 3476 3474 666 2563
f 3449 3476 2563 14
f 123 3464 3480 3479
f 3464 911 3477 3480
f 3480 3477 919 3478
f 3479 3480 3478 918
f 911 3461 3483 3477
f 3461 122 3481 3483
f 3483 3481 916 3482
f 3477 3483 3482 919
f 919 3482 3487 3486
f 3482 916 3484 3487
f 3487 3484 124 3485
f 3486 3487 3485 917
f 918 3478 3490 3489
f 3478 919 3486 3490
f 3490 3486 917 3488
f 3489 3490 3488 125
f 123 3479 3493 3470
f 3479 918 3491 3493
f 3493 3491 922 3492
f 3470 3493 3492 914
f 918 3489 3496 3491
f 3489 125 3494 3496
f 3496 3494 920 3495
f 3491 3496 3495 922
f 922 3495 3500 3499
f 3495 920 3497 3500
f 3500 3497 126 3498
f 3499 3500 3498 921
f 914 3492 3502 3473
f 3492 922 3499 3502
f 3502 3499 921 3501
f 3473 3502 3501 27
f 126 3497 3506 3505
f 3497 920 3503 3506
f 3506 3503 926 3504
f 3505 3506 3504 925
f 920 3494 3509 3503
f 3494 125 3507 3509
f 3509 3507 923 3508
f 3503 3509 3508 926
f 926 3508 3513 3512
f 3508 923 3510 3513
f 3513 3510 127 3511
f 3512 3513 3511 924
f 925 3504 3516 3515
f 3504 926 3512 3516
f 3516 3512 924 3514
f 3515 3516 3514 128
f 126 3505 3520 3519
f 3505 925 3517 3520
f 3520 3517 930 3518
f 3519 3520 3518 929
f 925 3515 3523 3517
f 3515 128 3521 3523
f 3523 3521 927 3522
f 3517 3523 3522 930
f 930 3522 3527 3526
f 3522 927 3524 3527
f 3527 3524 129 3525
f 3526 3527 3525 928
f 929 3518 3530 3529
f 3518 930 3526 3530
f 3530 3526 928 3528
f 3529 3530 3528 130
f 126 3519 3533 3498
f 3519 929 3531 3533
f 3533 3531 932 3532
f 3498 3533 3532 921
f 929 3529 3536 3531
f 3529 130 3534 3536
f 3536 3534 931 3535
f 3531 3536 3535 932
f 932 3535 3539 3538
f 3535 931 3537 3539
f 3539 3537 3 2559
f 3538 3539 2559 667
f 921 3532 3540 3501
f 3532 932 3538 3540
f 3540 3538 667 2567
f 3501 3540 2567 27
f 130 3528 3544 3543
f 3528 928 3541 3544
f 3544 3541 936 3542
f 3543 3544 3542 935
f 928 3525 3547 3541
f 3525 129 3545 3547
f 3547 3545 933 3546
f 3541 3547 3546 936
f 936 3546 3551 3550
f 3546 933 3548 3551
f 3551 3548 131 3549
f 3550 3551 3549 934
f 935 3542 3554 3553
f 3542 936 3550 3554
f 3554 3550 934 3552
f 3553 3554 3552 132
f 130 3543 3557 3534
f 3543 935 3555 3557
f 3557 3555 938 3556
f 3534 3557 3556 931
f 935 3553 3560 3555
f 3553 132 3558 3560
f 3560 3558 937 3559
f 3555 3560 3559 938
f 938 3559 3563 3562
f 3559 937 3561 3563
f 3563 3561 24 2534
f 3562 3563 2534 658
f 931 3556 3564 3537
f 3556 938 3562 3564
f 3564 3562 658 2529
f 3537 3564 2529 3
f 131 3548 3568 3567
f 3548 933 3565 3568
f 3568 3565 942 3566
f 3567 3568 3566 941
f 933 3545 3571 3565
f 3545 129 3569 3571
f 3571 3569 939 3570
f 3565 3571 3570 942
f 942 3570 3575 3574
f 3570 939 3572 3575
f 3575 3572 133 3573
f 3574 3575 3573 940
f 941 3566 3578 3577
f 3566 942 3574 3578
f 3578 3574 940 3576
f 3577 3578 3576 134
f 134 3576 3582 3581
f 3576 940 3579 3582
f 3582 3579 946 3580
f 3581 3582 3580 945
f 940 3573 3585 3579
f 3573 133 3583 3585
f 3585 3583 943 3584
f 3579 3585 3584 946
f 946 3584 3589 3588
f 3584 943 3586 3589
f 3589 3586 135 3587
f 3588 3589 3587 944
f 945 3580 3592 3591
f 3580 946 3588 3592
f 3592 3588 944 3590
f 3591 3592 3590 136
f 136 3590 3596 3595
f 3590 944 3593 3596
f 3596 3593 950 3594
f 3595 3596 3594 949
f 944 3587 3599 3593
f 3587 135 3597 3599
f 3599 3597 947 3598
f 3593 3599 3598 950
f 950 3598 3603 3602
f 3598 947 3600 3603
f 3603 3600 137 3601
f 3602 3603 3601 948
f 949 3594 3606 3605
f 3594 950 3602 3606
f 3606 3602 948 3604
f 3605 3606 3604 138
f 138 3604 3610 3609
f 3604 948 3607 3610
f 3610 3607 954 3608
f 3609 3610 3608 953
f 948 3601 3613 3607
f 3601 137 3611 3613
f 3613 3611 951 3612
f 3607 3613 3612 954
f 954 3612 3617 3616
f 3612 951 3614 3617
f 3617 3614 139 3615
f 3616 3617 3615 952
f 953 3608 3620 3619
f 3608 954 3616 3620
f 3620 3616 952 3618
f 3619 3620 3618 140
f 140 3618 3624 3623
f 3618 952 3621 3624
f 3624 3621 957 3622
f 3623 3624 3622 956
f 952 3615 3627 3621
f 3615 139 3625 3627
f 3627 3625 955 3626
f 3621 3627 3626 957
f 957 3626 3630 3629
f 3626 955 3628 3630
f 3630 3628 45 2658
f 3629 3630 2658 692
f 956 3622 3632 3631
f 3622 957 3629 3632
f 3632 3629 692 2655
f 3631 3632 2655 44
f 139 3614 3636 3635
f 3614 951 3633 3636
f 3636 3633 961 3634
f 3635 3636 3634 960
f 951 3611 3639 3633
f 3611 137 3637 3639
f 3639 3637 958 3638
f 3633 3639 3638 961
f 961 3638 3643 3642
f 3638 958 3640 3643
f 3643 3640 141 3641
f 3642 3643 3641 959
f 960 3634 3646 3645
f 3634 961 3642 3646
f 3646 3642 959 3644
f 3645 3646 3644 142
f 139 3635 3649 3625
f 3635 960 3647 3649
f 3649 3647 964 3648
f 3625 3649 3648 955
f 960 3645 3652 3647
f 3645 142 3650 3652
f 3652 3650 962 3651
f 3647 3652 3651 964
f 964 3651 3656 3655
f 3651 962 3653 3656
f 3656 3653 143 3654
f 3655 3656 3654 963
f 955 3648 3658 3628
f 3648 964 3655 3658
f 3658 3655 963 3657
f 3628 3658 3657 45
f 143 3653 3662 3661
f 3653 962 3659 3662
f 3662 3659 968 3660
f 3661 3662 3660 967
f 962 3650 3665 3659
f 3650 142 3663 3665
f 3665 3663 965 3664
f 3659 3665 3664 968
f 968 3664 3669 3668
f 3664 965 3666 3669
f 3669 3666 144 3667
f 3668 3669 3667 966
f 967 3660 3672 3671
f 3660 968 3668 3672
f 3672 3668 966 3670
f 3671 3672 3670 145
f 143 3661 3676 3675
f 3661 967 3673 3676
f 3676 3673 972 3674
f 3675 3676 3674 971
f 967 3671 3679 3673
f 3671 145 3677 3679
f 3679 3677 969 3678
f 3673 3679 3678 972
f 972 3678 3683 3682
f 3678 969 3680 3683
f 3683 3680 146 3681
f 3682 3683 3681 970
f 971 3674 3686 3685
f 3674 972 3682 3686
f 3686 3682 970 3684
f 3685 3686 3684 147
f 143 3675 3689 3654
f 3675 971 3687 3689
f 3689 3687 974 3688
f 3654 3689 3688 963
f 971 3685 3692 3687
f 3685 147 3690 3692
f 3692 3690 973 3691
f 3687 3692 3691 974
f 974 3691 3695 3694
f 3691 973 3693 3695
f 3695 3693 46 2662
f 3694 3695 2662 693
f 963 3688 3696 3657
f 3688 974 3694 3696
f 3696 3694 693 2659
f 3657 3696 2659 45
f 146 3680 3700 3699
f 3680 969 3697 3700
f 3700 3697 978 3698
f 3699 3700 3698 977
f 969 3677 3703 3697
f 3677 145 3701 3703
f 3703 3701 975 3702
f 3697 3703 3702 978
f 978 3702 3707 3706
f 3702 975 3704 3707
f 3707 3704 148 3705
f 3706 3707 3705 976
f 977 3698 3710 3709
f 3698 978 3706 3710
f 3710 3706 976 3708
f 3709 3710 3708 149
f 149 3708 3714 3713
f 3708 976 3711 3714
f 3714 3711 982 3712
f 3713 3714 3712 981
f 976 3705 3717 3711
f 3705 148 3715 3717
f 3717 3715 979 3716
f 3711 3717 3716 982
f 982 3716 3721 3720
f 3716 979 3718 3721
f 3721 3718 150 3719
f 3720 3721 3719 980
f 981 3712 3724 3723
f 3712 982 3720 3724
f 3724 3720 980 3722
f 3723 3724 3722 151
f 151 3722 3728 3727
f 3722 980 3725 3728
f 3728 3725 986 3726
f 3727 3728 3726 985
f 980 3719 3731 3725
f 3719 150 3729 3731
f 3731 3729 983 3730
f 3725 3731 3730 986
f 986 3730 3735 3734
f 3730 983 3732 3735
f 3735 3732 152 3733
f 3734 3735 3733 984
f 985 3726 3738 3737
f 3726 986 3734 3738
f 3738 3734 984 3736
f 3737 3738 3736 153
f 153 3736 3742 3741
f 3736 984 3739 3742
f 3742 3739 990 3740
f 3741 3742 3740 989
f 984 3733 3745 3739
f 3733 152 3743 3745
f 3745 3743 987 3744
f 3739 3745 3744 990
f 990 3744 3749 3748
f 3744 987 3746 3749
f 3749 3746 154 3747
f 3748 3749 3747 988
f 989 3740 3752 3751
f 3740 990 3748 3752
f 3752 3748 988 3750
f 3751 3752 3750 155
f 155 3750 3756 3755
f 3750 988 3753 3756
f 3756 3753 994 3754
f 3755 3756 3754 993
f 988 3747 3759 3753
f 3747 154 3757 3759
f 3759 3757 991 3758
f 3753 3759 3758 994
f 994 3758 3763 3762
f 3758 991 3760 3763
f 3763 3760 156 3761
f 3762 3763 3761 992
f 993 3754 3766 3765
f 3754 994 3762 3766
f 3766 3762 992 3764
f 3765 3766 3764 157
f 157 3764 3770 3769
f 3764 992 3767 3770
f 3770 3767 998 3768
f 3769 3770 3768 997
f 992 3761 3773 3767
f 3761 156 3771 3773
f 3773 3771 995 3772
f 3767 3773 3772 998
f 998 3772 3777 3776
f 3772 995 3774 3777
f 3777 3774 158 3775
f 3776 3777 3775 996
f 997 3768 3780 3779
f 3768 998 3776 3780
f 3780 3776 996 3778
f 3779 3780 3778 159
f 159 3778 3784 3783
f 3778 996 3781 3784
f 3784 3781 1002 3782
f 3783 3784 3782 1001
f 996 3775 3787 3781
f 3775 158 3785 3787
f 3787 3785 999 3786
f 3781 3787 3786 1002
f 1002 3786 3791 3790
f 3786 999 3788 3791
f 3791 3788 160 3789
f 3790 3791 3789 1000
f 1001 3782 3794 3793
f 3782 1002 3790 3794
f 3794 3790 1000 3792
f 3793 3794 3792 161
f 161 3792 3798 3797
f 3792 1000 3795 3798
f 3798 3795 1006 3796
f 3797 3798 3796 1005
f 1000 3789 3801 3795
f 3789 160 3799 3801
f 3801 3799 1003 3800
f 3795 3801 3800 1006
f 1006 3800 3805 3804
f 3800 1003 3802 3805
f 3805 3802 162 3803
f 3804 3805 3803 1004
f 1005 3796 3808 3807
f 3796 1006 3804 3808
f 3808 3804 1004 3806
f 3807 3808 3806 163
f 163 3806 3812 3811
f 3806 1004 3809 3812
f 3812 3809 1009 3810
f 3811 3812 3810 1008
f 1004 3803 3815 3809
f 3803 162 3813 3815
f 3815 3813 1007 3814
f 3809 3815 3814 1009
f 1009 3814 3818 3817
f 3814 1007 3816 3818
f 3818 3816 50 2690
f 3817 3818 2690 702
f 1008 3810 3820 3819
f 3810 1009 3817 3820
f 3820 3817 702 2687
f 3819 3820 2687 49
f 162 3821 3824 3813
f 3821 1010 3822 3824
f 3824 3822 1013 3823
f 3813 3824 3823 1007
f 1010 3825 3828 3822
f 3825 164 3826 3828
f 3828 3826 1011 3827
f 3822 3828 3827 1013
f 1013 3827 3832 3831
f 3827 1011 3829 3832
f 3832 3829 165 3830
f 3831 3832 3830 1012
f 1007 3823 3834 3816
f 3823 1013 3831 3834
f 3834 3831 1012 3833
f 3816 3834 3833 50
f 162 3802 3837 3821
f 3802 1003 3835 3837
f 3837 3835 1016 3836
f 3821 3837 3836 1010
f 1003 3799 3840 3835
f 3799 160 3838 3840
f 3840 3838 1014 3839
f 3835 3840 3839 1016
f 1016 3839 3844 3843
f 3839 1014 3841 3844
f 3844 3841 166 3842
f 3843 3844 3842 1015
f 1010 3836 3846 3825
f 3836 1016 3843 3846
f 3846 3843 1015 3845
f 3825 3846 3845 164
f 166 3847 3850 3842
f 3847 1017 3848 3850
f 3850 3848 1020 3849
f 3842 3850 3849 1015
f 1017 3851 3854 3848
f 3851 167 3852 3854
f 3854 3852 1018 3853
f 3848 3854 3853 1020
f 1020 3853 3858 3857
f 3853 1018 3855 3858
f 3858 3855 168 3856
f 3857 3858 3856 1019
f 1015 3849 3860 3845
f 3849 1020 3857 3860
f 3860 3857 1019 3859
f 3845 3860 3859 164
f 166 3841 3864 3863
f 3841 1014 3861 3864
f 3864 3861 1023 3862
f 3863 3864 3862 1022
f 1014 3838 3866 3861
f 3838 160 3788 3866
f 3866 3788 999 3865
f 3861 3866 3865 1023
f 1023 3865 3869 3868
f 3865 999 3785 3869
f 3869 3785 158 3867
f 3868 3869 3867 1021
f 1022 3862 3872 3871
f 3862 1023 3868 3872
f 3872 3868 1021 3870
f 3871 3872 3870 169
f 166 3863 3875 3847
f 3863 1022 3873 3875
f 3875 3873 1026 3874
f 3847 3875 3874 1017
f 1022 3871 3878 3873
f 3871 169 3876 3878
f 3878 3876 1024 3877
f 3873 3878 3877 1026
f 1026 3877 3882 3881
f 3877 1024 3879 3882
f 3882 3879 170 3880
f 3881 3882 3880 1025
f 1017 3874 3884 3851
f 3874 1026 3881 3884
f 3884 3881 1025 3883
f 3851 3884 3883 167
f 170 3885 3888 3880
f 3885 1027 3886 3888
f 3888 3886 1030 3887
f 3880 3888 3887 1025
f 1027 3889 3892 3886
f 3889 171 3890 3892
f 3892 3890 1028 3891
f 3886 3892 3891 1030
f 1030 3891 3896 3895
f 3891 1028 3893 3896
f 3896 3893 172 3894
f 3895 3896 3894 1029
f 1025 3887 3898 3883
f 3887 1030 3895 3898
f 3898 3895 1029 3897
f 3883 3898 3897 167
f 170 3879 3902 3901
f 3879 1024 3899 3902
f 3902 3899 1034 3900
f 3901 3902 3900 1033
f 1024 3876 3905 3899
f 3876 169 3903 3905
f 3905 3903 1031 3904
f 3899 3905 3904 1034
f 1034 3904 3909 3908
f 3904 1031 3906 3909
f 3909 3906 173 3907
f 3908 3909 3907 1032
f 1033 3900 3912 3911
f 3900 1034 3908 3912
f 3912 3908 1032 3910
f 3911 3912 3910 174
f 170 3901 3915 3885
f 3901 1033 3913 3915
f 3915 3913 1037 3914
f 3885 3915 3914 1027
f 1033 3911 3918 3913
f 3911 174 3916 3918
f 3918 3916 1035 3917
f 3913 3918 3917 1037
f 1037 3917 3922 3921
f 3917 1035 3919 3922
f 3922 3919 175 3920
f 3921 3922 3920 1036
f 1027 3914 3924 3889
f 3914 1037 3921 3924
f 3924 3921 1036 3923
f 3889 3924 3923 171
f 175 3925 3928 3920
f 3925 1038 3926 3928
f 3928 3926 1041 3927
f 3920 3928 3927 1036
f 1038 3929 3932 3926
f 3929 176 3930 3932
f 3932 3930 1039 3931
f 3926 3932 3931 1041
f 1041 3931 3936 3935
f 3931 1039 3933 3936
f 3936 3933 177 3934
f 3935 3936 3934 1040
f 1036 3927 3938 3923
f 3927 1041 3935 3938
f 3938 3935 1040 3937
f 3923 3938 3937 171
f 175 3919 3942 3941
f 3919 1035 3939 3942
f 3942 3939 1045 3940
f 3941 3942 3940 1044
f 1035 3916 3945 3939
f 3916 174 3943 3945
f 3945 3943 1042 3944
f 3939 3945 3944 1045
f 1045 3944 3949 3948
f 3944 1042 3946 3949
f 3949 3946 178 3947
f 3948 3949 3947 1043
f 1044 3940 3952 3951
f 3940 1045 3948 3952
f 3952 3948 1043 3950
f 3951 3952 3950 179
f 175 3941 3955 3925
f 3941 1044 3953 3955
f 3955 3953 1048 3954
f 3925 3955 3954 1038
f 1044 3951 3958 3953
f 3951 179 3956 3958
f 3958 3956 1046 3957
f 3953 3958 3957 1048
f 1048 3957 3962 3961
f 3957 1046 3959 3962
f 3962 3959 180 3960
f 3961 3962 3960 1047
f 1038 3954 3964 3929
f 3954 1048 3961 3964
f 3964 3961 1047 3963
f 3929 3964 3963 176
f 180 3965 3968 3960
f 3965 1049 3966 3968
f 3968 3966 1052 3967
f 3960 3968 3967 1047
f 1049 3969 3972 3966
f 3969 181 3970 3972
f 3972 3970 1050 3971
f 3966 3972 3971 1052
f 1052 3971 3976 3975
f 3971 1050 3973 3976
f 3976 3973 182 3974
f 3975 3976 3974 1051
f 1047 3967 3978 3963
f 3967 1052 3975 3978
f 3978 3975 1051 3977
f 3963 3978 3977 176
f 180 3959 3982 3981
f 3959 1046 3979 3982
f 3982 3979 1056 3980
f 3981 3982 3980 1055
f 1046 3956 3985 3979
f 3956 179 3983 3985
f 3985 3983 1053 3984
f 3979 3985 3984 1056
f 1056 3984 3989 3988
f 3984 1053 3986 3989
f 3989 3986 183 3987
f 3988 3989 3987 1054
f 1055 3980 3992 3991
f 3980 1056 3988 3992
f 3992 3988 1054 3990
f 3991 3992 3990 184
f 180 3981 3995 3965
f 3981 1055 3993 3995
f 3995 3993 1059 3994
f 3965 3995 3994 1049
f 1055 3991 3998 3993
f 3991 184 3996 3998
f 3998 3996 1057 3997
f 3993 3998 3997 1059
f 1059 3997 4002 4001
f 3997 1057 3999 4002
f 4002 3999 185 4000
f 4001 4002 4000 1058
f 1049 3994 4004 3969
f 3994 1059 4001 4004
f 4004 4001 1058 4003
f 3969 4004 4003 181
f 185 4005 4008 4000
f 4005 1060 4006 4008
f 4008 4006 1063 4007
f 4000 4008 4007 1058
f 1060 4009 4012 4006
f 4009 186 4010 4012
f 4012 4010 1061 4011
f 4006 4012 4011 1063
f 1063 4011 4016 4015
f 4011 1061 4013 4016
f 4016 4013 187 4014
f 4015 4016 4014 1062
f 1058 4007 4018 4003
f 4007 1063 4015 4018
f 4018 4015 1062 4017
f 4003 4018 4017 181
f 185 3999 4022 4021
f 3999 1057 4019 4022
f 4022 4019 1067 4020
f 4021 4022 4020 1066
f 1057 3996 4025 4019
f 3996 184 4023 4025
f 4025 4023 1064 4024
f 4019 4025 4024 1067
f 1067 4024 4029 4028
f 4024 1064 4026 4029
f 4029 4026 188 4027
f 4028 4029 4027 1065
f 1066 4020 4032 4031
f 4020 1067 4028 4032
f 4032 4028 1065 4030
f 4031 4032 4030 189
f 185 4021 4035 4005
f 4021 1066 4033 4035
f 4035 4033 1070 4034
f 4005 4035 4034 1060
f 1066 4031 4038 4033
f 4031 189 4036 4038
f 4038 4036 1068 4037
f 4033 4038 4037 1070
f 1070 4037 4042 4041
f 4037 1068 4039 4042
f 4042 4039 190 4040
f 4041 4042 4040 1069
f 1060 4034 4044 4009
f 4034 1070 4041 4044
f 4044 4041 1069 4043
f 4009 4044 4043 186
f 190 4045 4048 4040
f 4045 1071 4046 4048
f 4048 4046 1074 4047
f 4040 4048 4047 1069
f 1071 4049 4052 4046
f 4049 191 4050 4052
f 4052 4050 1072 4051
f 4046 4052 4051 1074
f 1074 4051 4056 4055
f 4051 1072 4053 4056
f 4056 4053 192 4054
f 4055 4056 4054 1073
f 1069 4047 4058 4043
f 4047 1074 4055 4058
f 4058 4055 1073 4057
f 4043 4058 4057 186
f 190 4039 4062 4061
f 4039 1068 4059 4062
f 4062 4059 1078 4060
f 4061 4062 4060 1077
f 1068 4036 4065 4059
f 4036 189 4063 4065
f 4065 4063 1075 4064
f 4059 4065 4064 1078
f 1078 4064 4069 4068
f 4064 1075 4066 4069
f 4069 4066 193 4067
f 4068 4069 4067 1076
f 1077 4060 4072 4071
f 4060 1078 4068 4072
f 4072 4068 1076 4070
f 4071 4072 4070 124
f 190 4061 4075 4045
f 4061 1077 4073 4075
f 4075 4073 1080 4074
f 4045 4075 4074 1071
f 1077 4071 4077 4073
f 4071 124 3484 4077
f 4077 3484 916 4076
f 4073 4077 4076 1080
f 1080 4076 4080 4079
f 4076 916 3481 4080
f 4080 3481 122 4078
f 4079 4080 4078 1079
f 1071 4074 4082 4049
f 4074 1080 4079 4082
f 4082 4079 1079 4081
f 4049 4082 4081 191
f 193 4066 4086 4085
f 4066 1075 4083 4086
f 4086 4083 1083 4084
f 4085 4086 4084 1082
f 1075 4063 4088 4083
f 4063 189 4030 4088
f 4088 4030 1065 4087
f 4083 4088 4087 1083
f 1083 4087 4091 4090
f 4087 1065 4027 4091
f 4091 4027 188 4089
f 4090 4091 4089 1081
f 1082 4084 4094 4093
f 4084 1083 4090 4094
f 4094 4090 1081 4092
f 4093 4094 4092 194
f 193 4085 4098 4097
f 4085 1082 4095 4098
f 4098 4095 1087 4096
f 4097 4098 4096 1086
f 1082 4093 4101 4095
f 4093 194 4099 4101
f 4101 4099 1084 4100
f 4095 4101 4100 1087
f 1087 4100 4105 4104
f 4100 1084 4102 4105
f 4105 4102 195 4103
f 4104 4105 4103 1085
f 1086 4096 4108 4107
f 4096 1087 4104 4108
f 4108 4104 1085 4106
f 4107 4108 4106 127
f 193 4097 4111 4067
f 4097 1086 4109 4111
f 4111 4109 1088 4110
f 4067 4111 4110 1076
f 1086 4107 4113 4109
f 4107 127 3510 4113
f 4113 3510 923 4112
f 4109 4113 4112 1088
f 1088 4112 4115 4114
f 4112 923 3507 4115
f 4115 3507 125 3488
f 4114 4115 3488 917
f 1076 4110 4116 4070
f 4110 1088 4114 4116
f 4116 4114 917 3485
f 4070 4116 3485 124
f 195 4102 4120 4119
f 4102 1084 4117 4120
f 4120 4117 1092 4118
f 4119 4120 4118 1091
f 1084 4099 4123 4117
f 4099 194 4121 4123
f 4123 4121 1089 4122
f 4117 4123 4122 1092
f 1092 4122 4127 4126
f 4122 1089 4124 4127
f 4127 4124 196 4125
f 4126 4127 4125 1090
f 1091 4118 4130 4129
f 4118 1092 4126 4130
f 4130 4126 1090 4128
f 4129 4130 4128 197
f 195 4119 4134 4133
f 4119 1091 4131 4134
f 4134 4131 1096 4132
f 4133 4134 4132 1095
f 1091 4129 4137 4131
f 4129 197 4135 4137
f 4137 4135 1093 4136
f 4131 4137 4136 1096
f 1096 4136 4141 4140
f 4136 1093 4138 4141
f 4141 4138 198 4139
f 4140 4141 4139 1094
f 1095 4132 4144 4143
f 4132 1096 4140 4144
f 4144 4140 1094 4142
f 4143 4144 4142 199
f 195 4133 4147 4103
f 4133 1095 4145 4147
f 4147 4145 1098 4146
f 4103 4147 4146 1085
f 1095 4143 4150 4145
f 4143 199 4148 4150
f 4150 4148 1097 4149
f 4145 4150 4149 1098
f 1098 4149 4153 4152
f 4149 1097 4151 4153
f 4153 4151 128 3514
f 4152 4153 3514 924
f 1085 4146 4154 4106
f 4146 1098 4152 4154
f 4154 4152 924 3511
f 4106 4154 3511 127
f 199 4142 4158 4157
f 4142 1094 4155 4158
f 4158 4155 1101 4156
f 4157 4158 4156 1100
f 1094 4139 4161 4155
f 4139 198 4159 4161
f 4161 4159 1099 4160
f 4155 4161 4160 1101
f 1101 4160 4164 4163
f 4160 1099 4162 4164
f 4164 4162 135 3586
f 4163 4164 3586 943
f 1100 4156 4166 4165
f 4156 1101 4163 4166
f 4166 4163 943 3583
f 4165 4166 3583 133
f 199 4157 4169 4148
f 4157 1100 4167 4169
f 4169 4167 1102 4168
f 4148 4169 4168 1097
f 1100 4165 4171 4167
f 4165 133 3572 4171
f 4171 3572 939 4170
f 4167 4171 4170 1102
f 1102 4170 4173 4172
f 4170 939 3569 4173
f 4173 3569 129 3524
f 4172 4173 3524 927
f 1097 4168 4174 4151
f 4168 1102 4172 4174
f 4174 4172 927 3521
f 4151 4174 3521 128
f 198 4138 4178 4177
f 4138 1093 4175 4178
f 4178 4175 1106 4176
f 4177 4178 4176 1105
f 1093 4135 4181 4175
f 4135 197 4179 4181
f 4181 4179 1103 4180
f 4175 4181 4180 1106
f 1106 4180 4185 4184
f 4180 1103 4182 4185
f 4185 4182 200 4183
f 4184 4185 4183 1104
f 1105 4176 4188 4187
f 4176 1106 4184 4188
f 4188 4184 1104 4186
f 4187 4188 4186 141
f 198 4177 4191 4159
f 4177 1105 4189 4191
f 4191 4189 1107 4190
f 4159 4191 4190 1099
f 1105 4187 4193 4189
f 4187 141 3640 4193
f 4193 3640 958 4192
f 4189 4193 4192 1107
f 1107 4192 4195 4194
f 4192 958 3637 4195
f 4195 3637 137 3600
f 4194 4195 3600 947
f 1099 4190 4196 4162
f 4190 1107 4194 4196
f 4196 4194 947 3597
f 4162 4196 3597 135
f 200 4182 4200 4199
f 4182 1103 4197 4200
f 4200 4197 1110 4198
f 4199 4200 4198 1109
f 1103 4179 4202 4197
f 4179 197 4128 4202
f 4202 4128 1090 4201
f 4197 4202 4201 1110
f 1110 4201 4205 4204
f 4201 1090 4125 4205
f 4205 4125 196 4203
f 4204 4205 4203 1108
f 1109 4198 4208 4207
f 4198 1110 4204 4208
f 4208 4204 1108 4206
f 4207 4208 4206 201
f 200 4199 4212 4211
f 4199 1109 4209 4212
f 4212 4209 1114 4210
f 4211 4212 4210 1113
f 1109 4207 4215 4209
f 4207 201 4213 4215
f 4215 4213 1111 4214
f 4209 4215 4214 1114
f 1114 4214 4219 4218
f 4214 1111 4216 4219
f 4219 4216 202 4217
f 4218 4219 4217 1112
f 1113 4210 4222 4221
f 4210 1114 4218 4222
f 4222 4218 1112 4220
f 4221 4222 4220 144
f 200 4211 4225 4183
f 4211 1113 4223 4225
f 4225 4223 1115 4224
f 4183 4225 4224 1104
f 1113 4221 4227 4223
f 4221 144 3666 4227
f 4227 3666 965 4226
f 4223 4227 4226 1115
f 1115 4226 4229 4228
f 4226 965 3663 4229
f 4229 3663 142 3644
f 4228 4229 3644 959
f 1104 4224 4230 4186
f 4224 1115 4228 4230
f 4230 4228 959 3641
f 4186 4230 3641 141
f 202 4216 4234 4233
f 4216 1111 4231 4234
f 4234 4231 1119 4232
f 4233 4234 4232 1118
f 1111 4213 4237 4231
f 4213 201 4235 4237
f 4237 4235 1116 4236
f 4231 4237 4236 1119
f 1119 4236 4241 4240
f 4236 1116 4238 4241
f 4241 4238 203 4239
f 4240 4241 4239 1117
f 1118 4232 4244 4243
f 4232 1119 4240 4244
f 4244 4240 1117 4242
f 4243 4244 4242 204
f 202 4233 4248 4247
f 4233 1118 4245 4248
f 4248 4245 1122 4246
f 4247 4248 4246 1121
f 1118 4243 4251 4245
f 4243 204 4249 4251
f 4251 4249 1120 4250
f 4245 4251 4250 1122
f 1122 4250 4254 4253
f 4250 1120 4252 4254
f 4254 4252 150 3718
f 4253 4254 3718 979
f 1121 4246 4256 4255
f 4246 1122 4253 4256
f 4256 4253 979 3715
f 4255 4256 3715 148
f 202 4247 4259 4217
f 4247 1121 4257 4259
f 4259 4257 1123 4258
f 4217 4259 4258 1112
f 1121 4255 4261 4257
f 4255 148 3704 4261
f 4261 3704 975 4260
f 4257 4261 4260 1123
f 1123 4260 4263 4262
f 4260 975 3701 4263
f 4263 3701 145 3670
f 4262 4263 3670 966
f 1112 4258 4264 4220
f 4258 1123 4262 4264
f 4264 4262 966 3667
f 4220 4264 3667 144
f 204 4242 4268 4267
f 4242 1117 4265 4268
f 4268 4265 1127 4266
f 4267 4268 4266 1126
f 1117 4239 4271 4265
f 4239 203 4269 4271
f 4271 4269 1124 4270
f 4265 4271 4270 1127
f 1127 4270 4275 4274
f 4270 1124 4272 4275
f 4275 4272 205 4273
f 4274 4275 4273 1125
f 1126 4266 4278 4277
f 4266 1127 4274 4278
f 4278 4274 1125 4276
f 4277 4278 4276 206
f 204 4267 4281 4249
f 4267 1126 4279 4281
f 4281 4279 1129 4280
f 4249 4281 4280 1120
f 1126 4277 4284 4279
f 4277 206 4282 4284
f 4284 4282 1128 4283
f 4279 4284 4283 1129
f 1129 4283 4287 4286
f 4283 1128 4285 4287
f 4287 4285 152 3732
f 4286 4287 3732 983
f 1120 4280 4288 4252
f 4280 1129 4286 4288
f 4288 4286 983 3729
f 4252 4288 3729 150
f 206 4276 4292 4291
f 4276 1125 4289 4292
f 4292 4289 1133 4290
f 4291 4292 4290 1132
f 1125 4273 4295 4289
f 4273 205 4293 4295
f 4295 4293 1130 4294
f 4289 4295 4294 1133
f 1133 4294 4299 4298
f 4294 1130 4296 4299
f 4299 4296 178 4297
f 4298 4299 4297 1131
f 1132 4290 4302 4301
f 4290 1133 4298 4302
f 4302 4298 1131 4300
f 4301 4302 4300 207
f 206 4291 4305 4282
f 4291 1132 4303 4305
f 4305 4303 1135 4304
f 4282 4305 4304 1128
f 1132 4301 4308 4303
f 4301 207 4306 4308
f 4308 4306 1134 4307
f 4303 4308 4307 1135
f 1135 4307 4311 4310
f 4307 1134 4309 4311
f 4311 4309 154 3746
f 4310 4311 3746 987
f 1128 4304 4312 4285
f 4304 1135 4310 4312
f 4312 4310 987 3743
f 4285 4312 3743 152
f 207 4300 4316 4315
f 4300 1131 4313 4316
f 4316 4313 1137 4314
f 4315 4316 4314 1136
f 1131 4297 4318 4313
f 4297 178 3946 4318
f 4318 3946 1042 4317
f 4313 4318 4317 1137
f 1137 4317 4320 4319
f 4317 1042 3943 4320
f 4320 3943 174 3910
f 4319 4320 3910 1032
f 1136 4314 4322 4321
f 4314 1137 4319 4322
f 4322 4319 1032 3907
f 4321 4322 3907 173
f 207 4315 4325 4306
f 4315 1136 4323 4325
f 4325 4323 1139 4324
f 4306 4325 4324 1134
f 1136 4321 4328 4323
f 4321 173 4326 4328
f 4328 4326 1138 4327
f 4323 4328 4327 1139
f 1139 4327 4331 4330
f 4327 1138 4329 4331
f 4331 4329 156 3760
f 4330 4331 3760 991
f 1134 4324 4332 4309
f 4324 1139 4330 4332
f 4332 4330 991 3757
f 4309 4332 3757 154
f 205 4333 4336 4293
f 4333 1140 4334 4336
f 4336 4334 1141 4335
f 4293 4336 4335 1130
f 1140 4337 4339 4334
f 4337 183 3986 4339
f 4339 3986 1053 4338
f 4334 4339 4338 1141
f 1141 4338 4341 4340
f 4338 1053 3983 4341
f 4341 3983 179 3950
f 4340 4341 3950 1043
f 1130 4335 4342 4296
f 4335 1141 4340 4342
f 4342 4340 1043 3947
f 4296 4342 3947 178
f 205 4272 4345 4333
f 4272 1124 4343 4345
f 4345 4343 1144 4344
f 4333 4345 4344 1140
f 1124 4269 4348 4343
f 4269 203 4346 4348
f 4348 4346 1142 4347
f 4343 4348 4347 1144
f 1144 4347 4352 4351
f 4347 1142 4349 4352
f 4352 4349 208 4350
f 4351 4352 4350 1143
f 1140 4344 4354 4337
f 4344 1144 4351 4354
f 4354 4351 1143 4353
f 4337 4354 4353 183
f 208 4355 4358 4350
f 4355 1145 4356 4358
f 4358 4356 1146 4357
f 4350 4358 4357 1143
f 1145 4359 4361 4356
f 4359 188 4026 4361
f 4361 4026 1064 4360
f 4356 4361 4360 1146
f 1146 4360 4363 4362
f 4360 1064 4023 4363
f 4363 4023 184 3990
f 4362 4363 3990 1054
f 1143 4357 4364 4353
f 4357 1146 4362 4364
f 4364 4362 1054 3987
f 4353 4364 3987 183
f 208 4349 4368 4367
f 4349 1142 4365 4368
f 4368 4365 1148 4366
f 4367 4368 4366 1147
f 1142 4346 4370 4365
f 4346 203 4238 4370
f 4370 4238 1116 4369
f 4365 4370 4369 1148
f 1148 4369 4372 4371
f 4369 1116 4235 4372
f 4372 4235 201 4206
f 4371 4372 4206 1108
f 1147 4366 4374 4373
f 4366 1148 4371 4374
f 4374 4371 1108 4203
f 4373 4374 4203 196
f 208 4367 4377 4355
f 4367 1147 4375 4377
f 4377 4375 1149 4376
f 4355 4377 4376 1145
f 1147 4373 4379 4375
f 4373 196 4124 4379
f 4379 4124 1089 4378
f 4375 4379 4378 1149
f 1149 4378 4381 4380
f 4378 1089 4121 4381
f 4381 4121 194 4092
f 4380 4381 4092 1081
f 1145 4376 4382 4359
f 4376 1149 4380 4382
f 4382 4380 1081 4089
f 4359 4382 4089 188
f 192 4383 4387 4386
f 4383 1150 4384 4387
f 4387 4384 1154 4385
f 4386 4387 4385 1153
f 1150 4388 4391 4384
f 4388 209 4389 4391
f 4391 4389 1151 4390
f 4384 4391 4390 1154
f 1154 4390 4395 4394
f 4390 1151 4392 4395
f 4395 4392 210 4393
f 4394 4395 4393 1152
f 1153 4385 4398 4397
f 4385 1154 4394 4398
f 4398 4394 1152 4396
f 4397 4398 4396 211
f 192 4386 4401 4054
f 4386 1153 4399 4401
f 4401 4399 1156 4400
f 4054 4401 4400 1073
f 1153 4397 4404 4399
f 4397 211 4402 4404
f 4404 4402 1155 4403
f 4399 4404 4403 1156
f 1156 4403 4407 4406
f 4403 1155 4405 4407
f 4407 4405 187 4013
f 4406 4407 4013 1061
f 1073 4400 4408 4057
f 4400 1156 4406 4408
f 4408 4406 1061 4010
f 4057 4408 4010 186
f 192 4053 4411 4383
f 4053 1072 4409 4411
f 4411 4409 1159 4410
f 4383 4411 4410 1150
f 1072 4050 4414 4409
f 4050 191 4412 4414
f 4414 4412 1157 4413
f 4409 4414 4413 1159
f 1159 4413 4418 4417
f 4413 1157 4415 4418
f 4418 4415 212 4416
f 4417 4418 4416 1158
f 1150 4410 4420 4388
f 4410 1159 4417 4420
f 4420 4417 1158 4419
f 4388 4420 4419 209
f 212 4421 4424 4416
f 4421 1160 4422 4424
f 4424 4422 1163 4423
f 4416 4424 4423 1158
f 1160 4425 4428 4422
f 4425 213 4426 4428
f 4428 4426 1161 4427
f 4422 4428 4427 1163
f 1163 4427 4432 4431
f 4427 1161 4429 4432
f 4432 4429 214 4430
f 4431 4432 4430 1162
f 1158 4423 4434 4419
f 4423 1163 4431 4434
f 4434 4431 1162 4433
f 4419 4434 4433 209
f 212 4415 4438 4437
f 4415 1157 4435 4438
f 4438 4435 1165 4436
f 4437 4438 4436 1164
f 1157 4412 4440 4435
f 4412 191 4081 4440
f 4440 4081 1079 4439
f 4435 4440 4439 1165
f 1165 4439 4442 4441
f 4439 1079 4078 4442
f 4442 4078 122 3460
f 4441 4442 3460 910
f 1164 4436 4444 4443
f 4436 1165 4441 4444
f 4444 4441 910 3457
f 4443 4444 3457 120
f 212 4437 4447 4421
f 4437 1164 4445 4447
f 4447 4445 1167 4446
f 4421 4447 4446 1160
f 1164 4443 4449 4445
f 4443 120 3436 4449
f 4449 3436 904 4448
f 4445 4449 4448 1167
f 1167 4448 4452 4451
f 4448 904 3433 4452
f 4452 3433 118 4450
f 4451 4452 4450 1166
f 1160 4446 4454 4425
f 4446 1167 4451 4454
f 4454 4451 1166 4453
f 4425 4454 4453 213
f 214 4455 4459 4458
f 4455 1168 4456 4459
f 4459 4456 1172 4457
f 4458 4459 4457 1171
f 1168 4460 4463 4456
f 4460 215 4461 4463
f 4463 4461 1169 4462
f 4456 4463 4462 1172
f 1172 4462 4467 4466
f 4462 1169 4464 4467
f 4467 4464 216 4465
f 4466 4467 4465 1170
f 1171 4457 4470 4469
f 4457 1172 4466 4470
f 4470 4466 1170 4468
f 4469 4470 4468 217
f 214 4458 4473 4430
f 4458 1171 4471 4473
f 4473 4471 1174 4472
f 4430 4473 4472 1162
f 1171 4469 4476 4471
f 4469 217 4474 4476
f 4476 4474 1173 4475
f 4471 4476 4475 1174
f 1174 4475 4479 4478
f 4475 1173 4477 4479
f 4479 4477 210 4392
f 4478 4479 4392 1151
f 1162 4472 4480 4433
f 4472 1174 4478 4480
f 4480 4478 1151 4389
f 4433 4480 4389 209
f 214 4429 4483 4455
f 4429 1161 4481 4483
f 4483 4481 1177 4482
f 4455 4483 4482 1168
f 1161 4426 4486 4481
f 4426 213 4484 4486
f 4486 4484 1175 4485
f 4481 4486 4485 1177
f 1177 4485 4490 4489
f 4485 1175 4487 4490
f 4490 4487 218 4488
f 4489 4490 4488 1176
f 1168 4482 4492 4460
f 4482 1177 4489 4492
f 4492 4489 1176 4491
f 4460 4492 4491 215
f 218 4493 4496 4488
f 4493 1178 4494 4496
f 4496 4494 1181 4495
f 4488 4496 4495 1176
f 1178 4497 4500 4494
f 4497 219 4498 4500
f 4500 4498 1179 4499
f 4494 4500 4499 1181
f 1181 4499 4504 4503
f 4499 1179 4501 4504
f 4504 4501 220 4502
f 4503 4504 4502 1180
f 1176 4495 4506 4491
f 4495 1181 4503 4506
f 4506 4503 1180 4505
f 4491 4506 4505 215
f 218 4487 4510 4509
f 4487 1175 4507 4510
f 4510 4507 1183 4508
f 4509 4510 4508 1182
f 1175 4484 4512 4507
f 4484 213 4453 4512
f 4512 4453 1166 4511
f 4507 4512 4511 1183
f 1183 4511 4514 4513
f 4511 1166 4450 4514
f 4514 4450 118 3412
f 4513 4514 3412 898
f 1182 4508 4516 4515
f 4508 1183 4513 4516
f 4516 4513 898 3409
f 4515 4516 3409 117
f 218 4509 4519 4493
f 4509 1182 4517 4519
f 4519 4517 1185 4518
f 4493 4519 4518 1178
f 1182 4515 4521 4517
f 4515 117 3402 4521
f 4521 3402 895 4520
f 4517 4521 4520 1185
f 1185 4520 4524 4523
f 4520 895 3399 4524
f 4524 3399 116 4522
f 4523 4524 4522 1184
f 1178 4518 4526 4497
f 4518 1185 4523 4526
f 4526 4523 1184 4525
f 4497 4526 4525 219
f 220 4527 4531 4530
f 4527 1186 4528 4531
f 4531 4528 1190 4529
f 4530 4531 4529 1189
f 1186 4532 4535 4528
f 4532 90 4533 4535
f 4535 4533 1187 4534
f 4528 4535 4534 1190
f 1190 4534 4539 4538
f 4534 1187 4536 4539
f 4539 4536 88 4537
f 4538 4539 4537 1188
f 1189 4529 4542 4541
f 4529 1190 4538 4542
f 4542 4538 1188 4540
f 4541 4542 4540 221
f 220 4530 4545 4502
f 4530 1189 4543 4545
f 4545 4543 1192 4544
f 4502 4545 4544 1180
f 1189 4541 4548 4543
f 4541 221 4546 4548
f 4548 4546 1191 4547
f 4543 4548 4547 1192
f 1192 4547 4551 4550
f 4547 1191 4549 4551
f 4551 4549 216 4464
f 4550 4551 4464 1169
f 1180 4544 4552 4505
f 4544 1192 4550 4552
f 4552 4550 1169 4461
f 4505 4552 4461 215
f 220 4501 4555 4527
f 4501 1179 4553 4555
f 4555 4553 1195 4554
f 4527 4555 4554 1186
f 1179 4498 4558 4553
f 4498 219 4556 4558
f 4558 4556 1193 4557
f 4553 4558 4557 1195
f 1195 4557 4562 4561
f 4557 1193 4559 4562
f 4562 4559 92 4560
f 4561 4562 4560 1194
f 1186 4554 4564 4532
f 4554 1195 4561 4564
f 4564 4561 1194 4563
f 4532 4564 4563 90
f 221 4540 4568 4567
f 4540 1188 4565 4568
f 4568 4565 1198 4566
f 4567 4568 4566 1197
f 1188 4537 4571 4565
f 4537 88 4569 4571
f 4571 4569 1196 4570
f 4565 4571 4570 1198
f 1198 4570 4574 4573
f 4570 1196 4572 4574
f 4574 4572 86 3058
f 4573 4574 3058 801
f 1197 4566 4576 4575
f 4566 1198 4573 4576
f 4576 4573 801 3055
f 4575 4576 3055 85
f 221 4567 4579 4546
f 4567 1197 4577 4579
f 4579 4577 1201 4578
f 4546 4579 4578 1191
f 1197 4575 4582 4577
f 4575 85 4580 4582
f 4582 4580 1199 4581
f 4577 4582 4581 1201
f 1201 4581 4586 4585
f 4581 1199 4583 4586
f 4586 4583 222 4584
f 4585 4586 4584 1200
f 1191 4578 4588 4549
f 4578 1201 4585 4588
f 4588 4585 1200 4587
f 4549 4588 4587 216
f 222 4583 4592 4591
f 4583 1199 4589 4592
f 4592 4589 1203 4590
f 4591 4592 4590 1202
f 1199 4580 4594 4589
f 4580 85 3054 4594
f 4594 3054 800 4593
f 4589 4594 4593 1203
f 1203 4593 4596 4595
f 4593 800 3051 4596
f 4596 3051 82 3018
f 4595 4596 3018 790
f 1202 4590 4598 4597
f 4590 1203 4595 4598
f 4598 4595 790 3015
f 4597 4598 3015 81
f 222 4591 4602 4601
f 4591 1202 4599 4602
f 4602 4599 1207 4600
f 4601 4602 4600 1206
f 1202 4597 4605 4599
f 4597 81 4603 4605
f 4605 4603 1204 4604
f 4599 4605 4604 1207
f 1207 4604 4609 4608
f 4604 1204 4606 4609
f 4609 4606 223 4607
f 4608 4609 4607 1205
f 1206 4600 4612 4611
f 4600 1207 4608 4612
f 4612 4608 1205 4610
f 4611 4612 4610 224
f 222 4601 4615 4584
f 4601 1206 4613 4615
f 4615 4613 1209 4614
f 4584 4615 4614 1200
f 1206 4611 4618 4613
f 4611 224 4616 4618
f 4618 4616 1208 4617
f 4613 4618 4617 1209
f 1209 4617 4621 4620
f 4617 1208 4619 4621
f 4621 4619 217 4468
f 4620 4621 4468 1170
f 1200 4614 4622 4587
f 4614 1209 4620 4622
f 4622 4620 1170 4465
f 4587 4622 4465 216
f 224 4610 4626 4625
f 4610 1205 4623 4626
f 4626 4623 1213 4624
f 4625 4626 4624 1212
f 1205 4607 4629 4623
f 4607 223 4627 4629
f 4629 4627 1210 4628
f 4623 4629 4628 1213
f 1213 4628 4633 4632
f 4628 1210 4630 4633
f 4633 4630 225 4631
f 4632 4633 4631 1211
f 1212 4624 4636 4635
f 4624 1213 4632 4636
f 4636 4632 1211 4634
f 4635 4636 4634 226
f 224 4625 4639 4616
f 4625 1212 4637 4639
f 4639 4637 1215 4638
f 4616 4639 4638 1208
f 1212 4635 4642 4637
f 4635 226 4640 4642
f 4642 4640 1214 4641
f 4637 4642 4641 1215
f 1215 4641 4645 4644
f 4641 1214 4643 4645
f 4645 4643 210 4477
f 4644 4645 4477 1173
f 1208 4638 4646 4619
f 4638 1215 4644 4646
f 4646 4644 1173 4474
f 4619 4646 4474 217
f 226 4634 4650 4649
f 4634 1211 4647 4650
f 4650 4647 1219 4648
f 4649 4650 4648 1218
f 1211 4631 4653 4647
f 4631 225 4651 4653
f 4653 4651 1216 4652
f 4647 4653 4652 1219
f 1219 4652 4657 4656
f 4652 1216 4654 4657
f 4657 4654 227 4655
f 4656 4657 4655 1217
f 1218 4648 4660 4659
f 4648 1219 4656 4660
f 4660 4656 1217 4658
f 4659 4660 4658 228
f 226 4649 4663 4640
f 4649 1218 4661 4663
f 4663 4661 1221 4662
f 4640 4663 4662 1214
f 1218 4659 4666 4661
f 4659 228 4664 4666
f 4666 4664 1220 4665
f 4661 4666 4665 1221
f 1221 4665 4669 4668
f 4665 1220 4667 4669
f 4669 4667 211 4396
f 4668 4669 4396 1152
f 1214 4662 4670 4643
f 4662 1221 4668 4670
f 4670 4668 1152 4393
f 4643 4670 4393 210
f 228 4658 4674 4673
f 4658 1217 4671 4674
f 4674 4671 1225 4672
f 4673 4674 4672 1224
f 1217 4655 4677 4671
f 4655 227 4675 4677
f 4677 4675 1222 4676
f 4671 4677 4676 1225
f 1225 4676 4681 4680
f 4676 1222 4678 4681
f 4681 4678 229 4679
f 4680 4681 4679 1223
f 1224 4672 4684 4683
f 4672 1225 4680 4684
f 4684 4680 1223 4682
f 4683 4684 4682 230
f 228 4673 4687 4664
f 4673 1224 4685 4687
f 4687 4685 1227 4686
f 4664 4687 4686 1220
f 1224 4683 4690 4685
f 4683 230 4688 4690
f 4690 4688 1226 4689
f 4685 4690 4689 1227
f 1227 4689 4693 4692
f 4689 1226 4691 4693
f 4693 4691 187 4405
f 4692 4693 4405 1155
f 1220 4686 4694 4667
f 4686 1227 4692 4694
f 4694 4692 1155 4402
f 4667 4694 4402 211
f 230 4682 4698 4697
f 4682 1223 4695 4698
f 4698 4695 1231 4696
f 4697 4698 4696 1230
f 1223 4679 4701 4695
f 4679 229 4699 4701
f 4701 4699 1228 4700
f 4695 4701 4700 1231
f 1231 4700 4705 4704
f 4700 1228 4702 4705
f 4705 4702 231 4703
f 4704 4705 4703 1229
f 1230 4696 4708 4707
f 4696 1231 4704 4708
f 4708 4704 1229 4706
f 4707 4708 4706 182
f 230 4697 4711 4688
f 4697 1230 4709 4711
f 4711 4709 1232 4710
f 4688 4711 4710 1226
f 1230 4707 4713 4709
f 4707 182 3973 4713
f 4713 3973 1050 4712
f 4709 4713 4712 1232
f 1232 4712 4715 4714
f 4712 1050 3970 4715
f 4715 3970 181 4017
f 4714 4715 4017 1062
f 1226 4710 4716 4691
f 4710 1232 4714 4716
f 4716 4714 1062 4014
f 4691 4716 4014 187
f 231 4702 4720 4719
f 4702 1228 4717 4720
f 4720 4717 1236 4718
f 4719 4720 4718 1235
f 1228 4699 4723 4717
f 4699 229 4721 4723
f 4723 4721 1233 4722
f 4717 4723 4722 1236
f 1236 4722 4727 4726
f 4722 1233 4724 4727
f 4727 4724 232 4725
f 4726 4727 4725 1234
f 1235 4718 4730 4729
f 4718 1236 4726 4730
f 4730 4726 1234 4728
f 4729 4730 4728 233
f 231 4719 4734 4733
f 4719 1235 4731 4734
f 4734 4731 1240 4732
f 4733 4734 4732 1239
f 1235 4729 4737 4731
f 4729 233 4735 4737
f 4737 4735 1237 4736
f 4731 4737 4736 1240
f 1240 4736 4741 4740
f 4736 1237 4738 4741
f 4741 4738 234 4739
f 4740 4741 4739 1238
f 1239 4732 4744 4743
f 4732 1240 4740 4744
f 4744 4740 1238 4742
f 4743 4744 4742 177
f 231 4733 4747 4703
f 4733 1239 4745 4747
f 4747 4745 1241 4746
f 4703 4747 4746 1229
f 1239 4743 4749 4745
f 4743 177 3933 4749
f 4749 3933 1039 4748
f 4745 4749 4748 1241
f 1241 4748 4751 4750
f 4748 1039 3930 4751
f 4751 3930 176 3977
f 4750 4751 3977 1051
f 1229 4746 4752 4706
f 4746 1241 4750 4752
f 4752 4750 1051 3974
f 4706 4752 3974 182
f 234 4738 4756 4755
f 4738 1237 4753 4756
f 4756 4753 1245 4754
f 4755 4756 4754 1244
f 1237 4735 4759 4753
f 4735 233 4757 4759
f 4759 4757 1242 4758
f 4753 4759 4758 1245
f 1245 4758 4763 4762
f 4758 1242 4760 4763
f 4763 4760 235 4761
f 4762 4763 4761 1243
f 1244 4754 4766 4765
f 4754 1245 4762 4766
f 4766 4762 1243 4764
f 4765 4766 4764 236
f 234 4755 4770 4769
f 4755 1244 4767 4770
f 4770 4767 1249 4768
f 4769 4770 4768 1248
f 1244 4765 4773 4767
f 4765 236 4771 4773
f 4773 4771 1246 4772
f 4767 4773 4772 1249
f 1249 4772 4777 4776
f 4772 1246 4774 4777
f 4777 4774 237 4775
f 4776 4777 4775 1247
f 1248 4768 4780 4779
f 4768 1249 4776 4780
f 4780 4776 1247 4778
f 4779 4780 4778 172
f 234 4769 4783 4739
f 4769 1248 4781 4783
f 4783 4781 1250 4782
f 4739 4783 4782 1238
f 1248 4779 4785 4781
f 4779 172 3893 4785
f 4785 3893 1028 4784
f 4781 4785 4784 1250
f 1250 4784 4787 4786
f 4784 1028 3890 4787
f 4787 3890 171 3937
f 4786 4787 3937 1040
f 1238 4782 4788 4742
f 4782 1250 4786 4788
f 4788 4786 1040 3934
f 4742 4788 3934 177
f 237 4774 4792 4791
f 4774 1246 4789 4792
f 4792 4789 1254 4790
f 4791 4792 4790 1253
f 1246 4771 4795 4789
f 4771 236 4793 4795
f 4795 4793 1251 4794
f 4789 4795 4794 1254
f 1254 4794 4799 4798
f 4794 1251 4796 4799
f 4799 4796 238 4797
f 4798 4799 4797 1252
f 1253 4790 4802 4801
f 4790 1254 4798 4802
f 4802 4798 1252 4800
f 4801 4802 4800 239
f 237 4791 4806 4805
f 4791 1253 4803 4806
f 4806 4803 1258 4804
f 4805 4806 4804 1257
f 1253 4801 4809 4803
f 4801 239 4807 4809
f 4809 4807 1255 4808
f 4803 4809 4808 1258
f 1258 4808 4813 4812
f 4808 1255 4810 4813
f 4813 4810 240 4811
f 4812 4813 4811 1256
f 1257 4804 4816 4815
f 4804 1258 4812 4816
f 4816 4812 1256 4814
f 4815 4816 4814 168
f 237 4805 4819 4775
f 4805 1257 4817 4819
f 4819 4817 1259 4818
f 4775 4819 4818 1247
f 1257 4815 4821 4817
f 4815 168 3855 4821
f 4821 3855 1018 4820
f 4817 4821 4820 1259
f 1259 4820 4823 4822
f 4820 1018 3852 4823
f 4823 3852 167 3897
f 4822 4823 3897 1029
f 1247 4818 4824 4778
f 4818 1259 4822 4824
f 4824 4822 1029 3894
f 4778 4824 3894 172
f 240 4810 4828 4827
f 4810 1255 4825 4828
f 4828 4825 1263 4826
f 4827 4828 4826 1262
f 1255 4807 4831 4825
f 4807 239 4829 4831
f 4831 4829 1260 4830
f 4825 4831 4830 1263
f 1263 4830 4835 4834
f 4830 1260 4832 4835
f 4835 4832 241 4833
f 4834 4835 4833 1261
f 1262 4826 4838 4837
f 4826 1263 4834 4838
f 4838 4834 1261 4836
f 4837 4838 4836 242
f 240 4827 4842 4841
f 4827 1262 4839 4842
f 4842 4839 1267 4840
f 4841 4842 4840 1266
f 1262 4837 4845 4839
f 4837 242 4843 4845
f 4845 4843 1264 4844
f 4839 4845 4844 1267
f 1267 4844 4849 4848
f 4844 1264 4846 4849
f 4849 4846 243 4847
f 4848 4849 4847 1265
f 1266 4840 4852 4851
f 4840 1267 4848 4852
f 4852 4848 1265 4850
f 4851 4852 4850 165
f 240 4841 4855 4811
f 4841 1266 4853 4855
f 4855 4853 1268 4854
f 4811 4855 4854 1256
f 1266 4851 4857 4853
f 4851 165 3829 4857
f 4857 3829 1011 4856
f 4853 4857 4856 1268
f 1268 4856 4859 4858
f 4856 1011 3826 4859
f 4859 3826 164 3859
f 4858 4859 3859 1019
f 1256 4854 4860 4814
f 4854 1268 4858 4860
f 4860 4858 1019 3856
f 4814 4860 3856 168
f 243 4861 4864 4847
f 4861 1269 4862 4864
f 4864 4862 1270 4863
f 4847 4864 4863 1265
f 1269 4865 4867 4862
f 4865 51 2694 4867
f 4867 2694 703 4866
f 4862 4867 4866 1270
f 1270 4866 4869 4868
f 4866 703 2691 4869
f 4869 2691 50 3833
f 4868 4869 3833 1012
f 1265 4863 4870 4850
f 4863 1270 4868 4870
f 4870 4868 1012 3830
f 4850 4870 3830 165
f 241 4832 4874 4873
f 4832 1260 4871 4874
f 4874 4871 1273 4872
f 4873 4874 4872 1272
f 1260 4829 4876 4871
f 4829 239 4800 4876
f 4876 4800 1252 4875
f 4871 4876 4875 1273
f 1273 4875 4879 4878
f 4875 1252 4797 4879
f 4879 4797 238 4877
f 4878 4879 4877 1271
f 1272 4872 4882 4881
f 4872 1273 4878 4882
f 4882 4878 1271 4880
f 4881 4882 4880 244
f 244 4880 4886 4885
f 4880 1271 4883 4886
f 4886 4883 1277 4884
f 4885 4886 4884 1276
f 1271 4877 4889 4883
f 4877 238 4887 4889
f 4889 4887 1274 4888
f 4883 4889 4888 1277
f 1277 4888 4893 4892
f 4888 1274 4890 4893
f 4893 4890 245 4891
f 4892 4893 4891 1275
f 1276 4884 4896 4895
f 4884 1277 4892 4896
f 4896 4892 1275 4894
f 4895 4896 4894 246
f 246 4894 4900 4899
f 4894 1275 4897 4900
f 4900 4897 1281 4898
f 4899 4900 4898 1280
f 1275 4891 4903 4897
f 4891 245 4901 4903
f 4903 4901 1278 4902
f 4897 4903 4902 1281
f 1281 4902 4907 4906
f 4902 1278 4904 4907
f 4907 4904 247 4905
f 4906 4907 4905 1279
f 1280 4898 4910 4909
f 4898 1281 4906 4910
f 4910 4906 1279 4908
f 4909 4910 4908 248
f 248 4908 4914 4913
f 4908 1279 4911 4914
f 4914 4911 1284 4912
f 4913 4914 4912 1283
f 1279 4905 4917 4911
f 4905 247 4915 4917
f 4917 4915 1282 4916
f 4911 4917 4916 1284
f 1284 4916 4920 4919
f 4916 1282 4918 4920
f 4920 4918 21 2759
f 4919 4920 2759 722
f 1283 4912 4922 4921
f 4912 1284 4919 4922
f 4922 4919 722 2756
f 4921 4922 2756 58
f 247 4904 4926 4925
f 4904 1278 4923 4926
f 4926 4923 1288 4924
f 4925 4926 4924 1287
f 1278 4901 4929 4923
f 4901 245 4927 4929
f 4929 4927 1285 4928
f 4923 4929 4928 1288
f 1288 4928 4933 4932
f 4928 1285 4930 4933
f 4933 4930 235 4931
f 4932 4933 4931 1286
f 1287 4924 4936 4935
f 4924 1288 4932 4936
f 4936 4932 1286 4934
f 4935 4936 4934 249
f 247 4925 4939 4915
f 4925 1287 4937 4939
f 4939 4937 1290 4938
f 4915 4939 4938 1282
f 1287 4935 4942 4937
f 4935 249 4940 4942
f 4942 4940 1289 4941
f 4937 4942 4941 1290
f 1290 4941 4945 4944
f 4941 1289 4943 4945
f 4945 4943 18 2501
f 4944 4945 2501 649
f 1282 4938 4946 4918
f 4938 1290 4944 4946
f 4946 4944 649 2498
f 4918 4946 2498 21
f 249 4934 4950 4949
f 4934 1286 4947 4950
f 4950 4947 1292 4948
f 4949 4950 4948 1291
f 1286 4931 4952 4947
f 4931 235 4760 4952
f 4952 4760 1242 4951
f 4947 4952 4951 1292
f 1292 4951 4954 4953
f 4951 1242 4757 4954
f 4954 4757 233 4728
f 4953 4954 4728 1234
f 1291 4948 4956 4955
f 4948 1292 4953 4956
f 4956 4953 1234 4725
f 4955 4956 4725 232
f 249 4949 4959 4940
f 4949 1291 4957 4959
f 4959 4957 1294 4958
f 4940 4959 4958 1289
f 1291 4955 4962 4957
f 4955 232 4960 4962
f 4962 4960 1293 4961
f 4957 4962 4961 1294
f 1294 4961 4965 4964
f 4961 1293 4963 4965
f 4965 4963 19 2484
f 4964 4965 2484 644
f 1289 4958 4966 4943
f 4958 1294 4964 4966
f 4966 4964 644 2481
f 4943 4966 2481 18
f 245 4890 4969 4927
f 4890 1274 4967 4969
f 4969 4967 1295 4968
f 4927 4969 4968 1285
f 1274 4887 4971 4967
f 4887 238 4796 4971
f 4971 4796 1251 4970
f 4967 4971 4970 1295
f 1295 4970 4973 4972
f 4970 1251 4793 4973
f 4973 4793 236 4764
f 4972 4973 4764 1243
f 1285 4968 4974 4930
f 4968 1295 4972 4974
f 4974 4972 1243 4761
f 4930 4974 4761 235
f 232 4724 4977 4960
f 4724 1233 4975 4977
f 4977 4975 1297 4976
f 4960 4977 4976 1293
f 1233 4721 4979 4975
f 4721 229 4678 4979
f 4979 4678 1222 4978
f 4975 4979 4978 1297
f 1297 4978 4982 4981
f 4978 1222 4675 4982
f 4982 4675 227 4980
f 4981 4982 4980 1296
f 1293 4976 4984 4963
f 4976 1297 4981 4984
f 4984 4981 1296 4983
f 4963 4984 4983 19
f 227 4654 4987 4980
f 4654 1216 4985 4987
f 4987 4985 1299 4986
f 4980 4987 4986 1296
f 1216 4651 4990 4985
f 4651 225 4988 4990
f 4990 4988 1298 4989
f 4985 4990 4989 1299
f 1299 4989 4993 4992
f 4989 1298 4991 4993
f 4993 4991 20 2488
f 4992 4993 2488 645
f 1296 4986 4994 4983
f 4986 1299 4992 4994
f 4994 4992 645 2485
f 4983 4994 2485 19
f 225 4630 4997 4988
f 4630 1210 4995 4997
f 4997 4995 1301 4996
f 4988 4997 4996 1298
f 1210 4627 5000 4995
f 4627 223 4998 5000
f 5000 4998 1300 4999
f 4995 5000 4999 1301
f 1301 4999 5003 5002
f 4999 1300 5001 5003
f 5003 5001 23 2523
f 5002 5003 2523 655
f 1298 4996 5004 4991
f 4996 1301 5002 5004
f 5004 5002 655 2520
f 4991 5004 2520 20
f 223 4606 5007 4998
f 4606 1204 5005 5007
f 5007 5005 1302 5006
f 4998 5007 5006 1300
f 1204 4603 5009 5005
f 4603 81 3014 5009
f 5009 3014 789 5008
f 5005 5009 5008 1302
f 1302 5008 5011 5010
f 5008 789 3011 5011
f 5011 3011 32 2603
f 5010 5011 2603 677
f 1300 5006 5012 5001
f 5006 1302 5010 5012
f 5012 5010 677 2600
f 5001 5012 2600 23
f 219 4525 5015 4556
f 4525 1184 5013 5015
f 5015 5013 1305 5014
f 4556 5015 5014 1193
f 1184 4522 5018 5013
f 4522 116 5016 5018
f 5018 5016 1303 5017
f 5013 5018 5017 1305
f 1305 5017 5022 5021
f 5017 1303 5019 5022
f 5022 5019 94 5020
f 5021 5022 5020 1304
f 1193 5014 5024 4559
f 5014 1305 5021 5024
f 5024 5021 1304 5023
f 4559 5024 5023 92
f 173 3906 5027 4326
f 3906 1031 5025 5027
f 5027 5025 1306 5026
f 4326 5027 5026 1138
f 1031 3903 5029 5025
f 3903 169 3870 5029
f 5029 3870 1021 5028
f 5025 5029 5028 1306
f 1306 5028 5031 5030
f 5028 1021 3867 5031
f 5031 3867 158 3774
f 5030 5031 3774 995
f 1138 5026 5032 4329
f 5026 1306 5030 5032
f 5032 5030 995 3771
f 4329 5032 3771 156
f 116 3398 5035 5016
f 3398 894 5033 5035
f 5035 5033 1308 5034
f 5016 5035 5034 1303
f 894 3395 5037 5033
f 3395 114 3376 5037
f 5037 3376 888 5036
f 5033 5037 5036 1308
f 1308 5036 5040 5039
f 5036 888 3373 5040
f 5040 3373 96 5038
f 5039 5040 5038 1307
f 1303 5034 5042 5019
f 5034 1308 5039 5042
f 5042 5039 1307 5041
f 5019 5042 5041 94
f 74 2904 5045 2937
f 2904 760 5043 5045
f 5045 5043 1310 5044
f 2937 5045 5044 770
f 760 2901 5048 5043
f 2901 73 5046 5048
f 5048 5046 1309 5047
f 5043 5048 5047 1310
f 1310 5047 5051 5050
f 5047 1309 5049 5051
f 5051 5049 28 2595
f 5050 5051 2595 675
f 770 5044 5052 2940
f 5044 1310 5050 5052
f 5052 5050 675 2592
f 2940 5052 2592 31
f 73 2900 5056 5055
f 2900 759 5053 5056
f 5056 5053 1313 5054
f 5055 5056 5054 1312
f 759 2897 5058 5053
f 2897 69 2864 5058
f 5058 2864 749 5057
f 5053 5058 5057 1313
f 1313 5057 5061 5060
f 5057 749 2861 5061
f 5061 2861 68 5059
f 5060 5061 5059 1311
f 1312 5054 5064 5063
f 5054 1313 5060 5064
f 5064 5060 1311 5062
f 5063 5064 5062 250
f 73 5055 5067 5046
f 5055 1312 5065 5067
f 5067 5065 1315 5066
f 5046 5067 5066 1309
f 1312 5063 5070 5065
f 5063 250 5068 5070
f 5070 5068 1314 5069
f 5065 5070 5069 1315
f 1315 5069 5073 5072
f 5069 1314 5071 5073
f 5073 5071 29 2577
f 5072 5073 2577 670
f 1309 5066 5074 5049
f 5066 1315 5072 5074
f 5074 5072 670 2574
f 5049 5074 2574 28
f 250 5062 5078 5077
f 5062 1311 5075 5078
f 5078 5075 1319 5076
f 5077 5078 5076 1318
f 1311 5059 5081 5075
f 5059 68 5079 5081
f 5081 5079 1316 5080
f 5075 5081 5080 1319
f 1319 5080 5085 5084
f 5080 1316 5082 5085
f 5085 5082 251 5083
f 5084 5085 5083 1317
f 1318 5076 5088 5087
f 5076 1319 5084 5088
f 5088 5084 1317 5086
f 5087 5088 5086 252
f 250 5077 5091 5068
f 5077 1318 5089 5091
f 5091 5089 1321 5090
f 5068 5091 5090 1314
f 1318 5087 5094 5089
f 5087 252 5092 5094
f 5094 5092 1320 5093
f 5089 5094 5093 1321
f 1321 5093 5097 5096
f 5093 1320 5095 5097
f 5097 5095 43 2632
f 5096 5097 2632 684
f 1314 5090 5098 5071
f 5090 1321 5096 5098
f 5098 5096 684 2629
f 5071 5098 2629 29
f 251 5082 5102 5101
f 5082 1316 5099 5102
f 5102 5099 1323 5100
f 5101 5102 5100 1322
f 1316 5079 5104 5099
f 5079 68 2860 5104
f 5104 2860 748 5103
f 5099 5104 5103 1323
f 1323 5103 5106 5105
f 5103 748 2857 5106
f 5106 2857 64 2824
f 5105 5106 2824 738
f 1322 5100 5108 5107
f 5100 1323 5105 5108
f 5108 5105 738 2821
f 5107 5108 2821 63
f 67 3306 5111 2848
f 3306 871 5109 5111
f 5111 5109 1324 5110
f 2848 5111 5110 746
f 871 3303 5113 5109
f 3303 6 2398 5113
f 5113 2398 619 5112
f 5109 5113 5112 1324
f 1324 5112 5115 5114
f 5112 619 2395 5115
f 5115 2395 5 2809
f 5114 5115 2809 735
f 746 5110 5116 2851
f 5110 1324 5114 5116
f 5116 5114 735 2806
f 2851 5116 2806 62
f 48 2678 5120 5119
f 2678 698 5117 5120
f 5120 5117 1326 5118
f 5119 5120 5118 1325
f 698 2675 5122 5117
f 2675 16 2468 5122
f 5122 2468 639 5121
f 5117 5122 5121 1326
f 1326 5121 5124 5123
f 5121 639 2465 5124
f 5124 2465 15 2618
f 5123 5124 2618 681
f 1325 5118 5126 5125
f 5118 1326 5123 5126
f 5126 5123 681 2615
f 5125 5126 2615 42
f 253 5127 5131 5130
f 5127 1327 5128 5131
f 5131 5128 1331 5129
f 5130 5131 5129 1330
f 1327 5132 5135 5128
f 5132 259 5133 5135
f 5135 5133 1328 5134
f 5128 5135 5134 1331
f 1331 5134 5139 5138
f 5134 1328 5136 5139
f 5139 5136 258 5137
f 5138 5139 5137 1329
f 1330 5129 5142 5141
f 5129 1331 5138 5142
f 5142 5138 1329 5140
f 5141 5142 5140 257
f 253 5130 5146 5145
f 5130 1330 5143 5146
f 5146 5143 1335 5144
f 5145 5146 5144 1334
f 1330 5141 5149 5143
f 5141 257 5147 5149
f 5149 5147 1332 5148
f 5143 5149 5148 1335
f 1335 5148 5153 5152
f 5148 1332 5150 5153
f 5153 5150 261 5151
f 5152 5153 5151 1333
f 1334 5144 5156 5155
f 5144 1335 5152 5156
f 5156 5152 1333 5154
f 5155 5156 5154 260
f 253 5157 5160 5127
f 5157 1336 5158 5160
f 5160 5158 1339 5159
f 5127 5160 5159 1327
f 1336 5161 5164 5158
f 5161 263 5162 5164
f 5164 5162 1337 5163
f 5158 5164 5163 1339
f 1339 5163 5168 5167
f 5163 1337 5165 5168
f 5168 5165 262 5166
f 5167 5168 5166 1338
f 1327 5159 5170 5132
f 5159 1339 5167 5170
f 5170 5167 1338 5169
f 5132 5170 5169 259
f 253 5145 5174 5173
f 5145 1334 5171 5174
f 5174 5171 1343 5172
f 5173 5174 5172 1342
f 1334 5155 5177 5171
f 5155 260 5175 5177
f 5177 5175 1340 5176
f 5171 5177 5176 1343
f 1343 5176 5181 5180
f 5176 1340 5178 5181
f 5181 5178 265 5179
f 5180 5181 5179 1341
f 1342 5172 5184 5183
f 5172 1343 5180 5184
f 5184 5180 1341 5182
f 5183 5184 5182 264
f 253 5173 5187 5157
f 5173 1342 5185 5187
f 5187 5185 1346 5186
f 5157 5187 5186 1336
f 1342 5183 5190 5185
f 5183 264 5188 5190
f 5190 5188 1344 5189
f 5185 5190 5189 1346
f 1346 5189 5194 5193
f 5189 1344 5191 5194
f 5194 5191 266 5192
f 5193 5194 5192 1345
f 1336 5186 5196 5161
f 5186 1346 5193 5196
f 5196 5193 1345 5195
f 5161 5196 5195 263
f 254 5197 5201 5200
f 5197 1347 5198 5201
f 5201 5198 1351 5199
f 5200 5201 5199 1350
f 1347 5202 5205 5198
f 5202 269 5203 5205
f 5205 5203 1348 5204
f 5198 5205 5204 1351
f 1351 5204 5209 5208
f 5204 1348 5206 5209
f 5209 5206 268 5207
f 5208 5209 5207 1349
f 1350 5199 5212 5211
f 5199 1351 5208 5212
f 5212 5208 1349 5210
f 5211 5212 5210 267
f 254 5213 5217 5216
f 5213 1352 5214 5217
f 5217 5214 1356 5215
f 5216 5217 5215 1355
f 1352 5218 5221 5214
f 5218 272 5219 5221
f 5221 5219 1353 5220
f 5214 5221 5220 1356
f 1356 5220 5225 5224
f 5220 1353 5222 5225
f 5225 5222 271 5223
f 5224 5225 5223 1354
f 1355 5215 5228 5227
f 5215 1356 5224 5228
f 5228 5224 1354 5226
f 5227 5228 5226 270
f 254 5216 5231 5197
f 5216 1355 5229 5231
f 5231 5229 1359 5230
f 5197 5231 5230 1347
f 1355 5227 5234 5229
f 5227 270 5232 5234
f 5234 5232 1357 5233
f 5229 5234 5233 1359
f 1359 5233 5238 5237
f 5233 1357 5235 5238
f 5238 5235 273 5236
f 5237 5238 5236 1358
f 1347 5230 5240 5202
f 5230 1359 5237 5240
f 5240 5237 1358 5239
f 5202 5240 5239 269
f 254 5200 5244 5243
f 5200 1350 5241 5244
f 5244 5241 1363 5242
f 5243 5244 5242 1362
f 1350 5211 5247 5241
f 5211 267 5245 5247
f 5247 5245 1360 5246
f 5241 5247 5246 1363
f 1363 5246 5251 5250
f 5246 1360 5248 5251
f 5251 5248 274 5249
f 5250 5251 5249 1361
f 1362 5242 5254 5253
f 5242 1363 5250 5254
f 5254 5250 1361 5252
f 5253 5254 5252 256
f 254 5243 5257 5213
f 5243 1362 5255 5257
f 5257 5255 1366 5256
f 5213 5257 5256 1352
f 1362 5253 5260 5255
f 5253 256 5258 5260
f 5260 5258 1364 5259
f 5255 5260 5259 1366
f 1366 5259 5264 5263
f 5259 1364 5261 5264
f 5264 5261 275 5262
f 5263 5264 5262 1365
f 1352 5256 5266 5218
f 5256 1366 5263 5266
f 5266 5263 1365 5265
f 5218 5266 5265 272
f 255 5267 5271 5270
f 5267 1367 5268 5271
f 5271 5268 1370 5269
f 5270 5271 5269 1369
f 1367 5272 5275 5268
f 5272 276 5273 5275
f 5275 5273 1368 5274
f 5268 5275 5274 1370
f 1370 5274 5278 5277
f 5274 1368 5276 5278
f 5278 5276 25 2538
f 5277 5278 2538 659
f 1369 5269 5280 5279
f 5269 1370 5277 5280
f 5280 5277 659 2535
f 5279 5280 2535 24
f 255 5281 5284 5267
f 5281 1371 5282 5284
f 5284 5282 1373 5283
f 5267 5284 5283 1367
f 1371 5285 5287 5282
f 5285 264 5182 5287
f 5287 5182 1341 5286
f 5282 5287 5286 1373
f 1373 5286 5290 5289
f 5286 1341 5179 5290
f 5290 5179 265 5288
f 5289 5290 5288 1372
f 1367 5283 5292 5272
f 5283 1373 5289 5292
f 5292 5289 1372 5291
f 5272 5292 5291 276
f 255 5293 5296 5281
f 5293 1374 5294 5296
f 5296 5294 1376 5295
f 5281 5296 5295 1371
f 1374 5297 5300 5294
f 5297 277 5298 5300
f 5300 5298 1375 5299
f 5294 5300 5299 1376
f 1376 5299 5303 5302
f 5299 1375 5301 5303
f 5303 5301 266 5191
f 5302 5303 5191 1344
f 1371 5295 5304 5285
f 5295 1376 5302 5304
f 5304 5302 1344 5188
f 5285 5304 5188 264
f 256 5252 5308 5307
f 5252 1361 5305 5308
f 5308 5305 1380 5306
f 5307 5308 5306 1379
f 1361 5249 5311 5305
f 5249 274 5309 5311
f 5311 5309 1377 5310
f 5305 5311 5310 1380
f 1380 5310 5315 5314
f 5310 1377 5312 5315
f 5315 5312 279 5313
f 5314 5315 5313 1378
f 1379 5306 5318 5317
f 5306 1380 5314 5318
f 5318 5314 1378 5316
f 5317 5318 5316 278
f 256 5307 5322 5321
f 5307 1379 5319 5322
f 5322 5319 1384 5320
f 5321 5322 5320 1383
f 1379 5317 5325 5319
f 5317 278 5323 5325
f 5325 5323 1381 5324
f 5319 5325 5324 1384
f 1384 5324 5329 5328
f 5324 1381 5326 5329
f 5329 5326 281 5327
f 5328 5329 5327 1382
f 1383 5320 5332 5331
f 5320 1384 5328 5332
f 5332 5328 1382 5330
f 5331 5332 5330 280
f 256 5321 5335 5258
f 5321 1383 5333 5335
f 5335 5333 1387 5334
f 5258 5335 5334 1364
f 1383 5331 5338 5333
f 5331 280 5336 5338
f 5338 5336 1385 5337
f 5333 5338 5337 1387
f 1387 5337 5342 5341
f 5337 1385 5339 5342
f 5342 5339 282 5340
f 5341 5342 5340 1386
f 1364 5334 5344 5261
f 5334 1387 5341 5344
f 5344 5341 1386 5343
f 5261 5344 5343 275
f 283 5345 5349 5348
f 5345 1388 5346 5349
f 5349 5346 1391 5347
f 5348 5349 5347 1390
f 1388 5350 5352 5346
f 5350 274 5248 5352
f 5352 5248 1360 5351
f 5346 5352 5351 1391
f 1391 5351 5355 5354
f 5351 1360 5245 5355
f 5355 5245 267 5353
f 5354 5355 5353 1389
f 1390 5347 5358 5357
f 5347 1391 5354 5358
f 5358 5354 1389 5356
f 5357 5358 5356 287
f 283 5359 5362 5345
f 5359 1392 5360 5362
f 5362 5360 1394 5361
f 5345 5362 5361 1388
f 1392 5363 5366 5360
f 5363 288 5364 5366
f 5366 5364 1393 5365
f 5360 5366 5365 1394
f 1394 5365 5369 5368
f 5365 1393 5367 5369
f 5369 5367 279 5312
f 5368 5369 5312 1377
f 1388 5361 5370 5350
f 5361 1394 5368 5370
f 5370 5368 1377 5309
f 5350 5370 5309 274
f 34 2638 5374 5373
f 2638 689 5371 5374
f 5374 5371 1397 5372
f 5373 5374 5372 1396
f 689 2647 5376 5371
f 2647 25 5276 5376
f 5376 5276 1368 5375
f 5371 5376 5375 1397
f 1397 5375 5379 5378
f 5375 1368 5273 5379
f 5379 5273 276 5377
f 5378 5379 5377 1395
f 1396 5372 5382 5381
f 5372 1397 5378 5382
f 5382 5378 1395 5380
f 5381 5382 5380 284
f 35 5383 5386 2649
f 5383 1398 5384 5386
f 5386 5384 1401 5385
f 2649 5386 5385 691
f 1398 5387 5390 5384
f 5387 290 5388 5390
f 5390 5388 1399 5389
f 5384 5390 5389 1401
f 1401 5389 5394 5393
f 5389 1399 5391 5394
f 5394 5391 289 5392
f 5393 5394 5392 1400
f 691 5385 5396 2654
f 5385 1401 5393 5396
f 5396 5393 1400 5395
f 2654 5396 5395 44
f 36 5397 5400 2665
f 5397 1402 5398 5400
f 5400 5398 1405 5399
f 2665 5400 5399 696
f 1402 5401 5404 5398
f 5401 291 5402 5404
f 5404 5402 1403 5403
f 5398 5404 5403 1405
f 1405 5403 5408 5407
f 5403 1403 5405 5408
f 5408 5405 268 5406
f 5407 5408 5406 1404
f 696 5399 5410 2670
f 5399 1405 5407 5410
f 5410 5407 1404 5409
f 2670 5410 5409 47
f 37 2684 5414 5413
f 2684 704 5411 5414
f 5414 5411 1409 5412
f 5413 5414 5412 1408
f 704 2695 5417 5411
f 2695 51 5415 5417
f 5417 5415 1406 5416
f 5411 5417 5416 1409
f 1409 5416 5421 5420
f 5416 1406 5418 5421
f 5421 5418 293 5419
f 5420 5421 5419 1407
f 1408 5412 5424 5423
f 5412 1409 5420 5424
f 5424 5420 1407 5422
f 5423 5424 5422 292
f 284 5380 5428 5427
f 5380 1395 5425 5428
f 5428 5425 1412 5426
f 5427 5428 5426 1411
f 1395 5377 5430 5425
f 5377 276 5291 5430
f 5430 5291 1372 5429
f 5425 5430 5429 1412
f 1412 5429 5433 5432
f 5429 1372 5288 5433
f 5433 5288 265 5431
f 5432 5433 5431 1410
f 1411 5426 5436 5435
f 5426 1412 5432 5436
f 5436 5432 1410 5434
f 5435 5436 5434 294
f 285 5437 5441 5440
f 5437 1413 5438 5441
f 5441 5438 1417 5439
f 5440 5441 5439 1416
f 1413 5442 5445 5438
f 5442 600 5443 5445
f 5445 5443 1414 5444
f 5438 5445 5444 1417
f 1417 5444 5449 5448
f 5444 1414 5446 5449
f 5449 5446 601 5447
f 5448 5449 5447 1415
f 1416 5439 5452 5451
f 5439 1417 5448 5452
f 5452 5448 1415 5450
f 5451 5452 5450 295
f 285 5453 5456 5437
f 5453 1418 5454 5456
f 5456 5454 1421 5455
f 5437 5456 5455 1413
f 1418 5457 5460 5454
f 5457 299 5458 5460
f 5460 5458 1419 5459
f 5454 5460 5459 1421
f 1421 5459 5464 5463
f 5459 1419 5461 5464
f 5464 5461 602 5462
f 5463 5464 5462 1420
f 1413 5455 5466 5442
f 5455 1421 5463 5466
f 5466 5463 1420 5465
f 5442 5466 5465 600
f 40 2742 5470 5469
f 2742 719 5467 5470
f 5470 5467 1423 5468
f 5469 5470 5468 1422
f 719 2749 5472 5467
f 2749 47 5409 5472
f 5472 5409 1404 5471
f 5467 5472 5471 1423
f 1423 5471 5474 5473
f 5471 1404 5406 5474
f 5474 5406 268 5206
f 5473 5474 5206 1348
f 1422 5468 5476 5475
f 5468 1423 5473 5476
f 5476 5473 1348 5203
f 5475 5476 5203 269
f 40 5469 5479 2751
f 5469 1422 5477 5479
f 5479 5477 1425 5478
f 2751 5479 5478 721
f 1422 5475 5481 5477
f 5475 269 5239 5481
f 5481 5239 1358 5480
f 5477 5481 5480 1425
f 1425 5480 5484 5483
f 5480 1358 5236 5484
f 5484 5236 273 5482
f 5483 5484 5482 1424
f 721 5478 5486 2755
f 5478 1425 5483 5486
f 5486 5483 1424 5485
f 2755 5486 5485 58
f 286 5487 5491 5490
f 5487 1426 5488 5491
f 5491 5488 1428 5489
f 5490 5491 5489 1427
f 1426 5492 5494 5488
f 5492 294 5434 5494
f 5494 5434 1410 5493
f 5488 5494 5493 1428
f 1428 5493 5496 5495
f 5493 1410 5431 5496
f 5496 5431 265 5178
f 5495 5496 5178 1340
f 1427 5489 5498 5497
f 5489 1428 5495 5498
f 5498 5495 1340 5175
f 5497 5498 5175 260
f 286 5490 5502 5501
f 5490 1427 5499 5502
f 5502 5499 1431 5500
f 5501 5502 5500 1430
f 1427 5497 5504 5499
f 5497 260 5154 5504
f 5504 5154 1333 5503
f 5499 5504 5503 1431
f 1431 5503 5507 5506
f 5503 1333 5151 5507
f 5507 5151 261 5505
f 5506 5507 5505 1429
f 1430 5500 5510 5509
f 5500 1431 5506 5510
f 5510 5506 1429 5508
f 5509 5510 5508 300
f 300 5508 5514 5513
f 5508 1429 5511 5514
f 5514 5511 1435 5512
f 5513 5514 5512 1434
f 1429 5505 5517 5511
f 5505 261 5515 5517
f 5517 5515 1432 5516
f 5511 5517 5516 1435
f 1435 5516 5521 5520
f 5516 1432 5518 5521
f 5521 5518 302 5519
f 5520 5521 5519 1433
f 1434 5512 5524 5523
f 5512 1435 5520 5524
f 5524 5520 1433 5522
f 5523 5524 5522 301
f 302 5518 5528 5527
f 5518 1432 5525 5528
f 5528 5525 1438 5526
f 5527 5528 5526 1437
f 1432 5515 5530 5525
f 5515 261 5150 5530
f 5530 5150 1332 5529
f 5525 5530 5529 1438
f 1438 5529 5533 5532
f 5529 1332 5147 5533
f 5533 5147 257 5531
f 5532 5533 5531 1436
f 1437 5526 5536 5535
f 5526 1438 5532 5536
f 5536 5532 1436 5534
f 5535 5536 5534 303
f 302 5537 5540 5519
f 5537 1439 5538 5540
f 5540 5538 1442 5539
f 5519 5540 5539 1433
f 1439 5541 5544 5538
f 5541 305 5542 5544
f 5544 5542 1440 5543
f 5538 5544 5543 1442
f 1442 5543 5548 5547
f 5543 1440 5545 5548
f 5548 5545 304 5546
f 5547 5548 5546 1441
f 1433 5539 5550 5522
f 5539 1442 5547 5550
f 5550 5547 1441 5549
f 5522 5550 5549 301
f 302 5527 5553 5537
f 5527 1437 5551 5553
f 5553 5551 1445 5552
f 5537 5553 5552 1439
f 1437 5535 5556 5551
f 5535 303 5554 5556
f 5556 5554 1443 5555
f 5551 5556 5555 1445
f 1445 5555 5560 5559
f 5555 1443 5557 5560
f 5560 5557 306 5558
f 5559 5560 5558 1444
f 1439 5552 5562 5541
f 5552 1445 5559 5562
f 5562 5559 1444 5561
f 5541 5562 5561 305
f 306 5557 5566 5565
f 5557 1443 5563 5566
f 5566 5563 1449 5564
f 5565 5566 5564 1448
f 1443 5554 5569 5563
f 5554 303 5567 5569
f 5569 5567 1446 5568
f 5563 5569 5568 1449
f 1449 5568 5573 5572
f 5568 1446 5570 5573
f 5573 5570 308 5571
f 5572 5573 5571 1447
f 1448 5564 5576 5575
f 5564 1449 5572 5576
f 5576 5572 1447 5574
f 5575 5576 5574 307
f 306 5577 5580 5558
f 5577 1450 5578 5580
f 5580 5578 1453 5579
f 5558 5580 5579 1444
f 1450 5581 5584 5578
f 5581 310 5582 5584
f 5584 5582 1451 5583
f 5578 5584 5583 1453
f 1453 5583 5588 5587
f 5583 1451 5585 5588
f 5588 5585 309 5586
f 5587 5588 5586 1452
f 1444 5579 5590 5561
f 5579 1453 5587 5590
f 5590 5587 1452 5589
f 5561 5590 5589 305
f 306 5565 5593 5577
f 5565 1448 5591 5593
f 5593 5591 1456 5592
f 5577 5593 5592 1450
f 1448 5575 5596 5591
f 5575 307 5594 5596
f 5596 5594 1454 5595
f 5591 5596 5595 1456
f 1456 5595 5600 5599
f 5595 1454 5597 5600
f 5600 5597 311 5598
f 5599 5600 5598 1455
f 1450 5592 5602 5581
f 5592 1456 5599 5602
f 5602 5599 1455 5601
f 5581 5602 5601 310
f 311 5597 5606 5605
f 5597 1454 5603 5606
f 5606 5603 1460 5604
f 5605 5606 5604 1459
f 1454 5594 5609 5603
f 5594 307 5607 5609
f 5609 5607 1457 5608
f 5603 5609 5608 1460
f 1460 5608 5613 5612
f 5608 1457 5610 5613
f 5613 5610 313 5611
f 5612 5613 5611 1458
f 1459 5604 5616 5615
f 5604 1460 5612 5616
f 5616 5612 1458 5614
f 5615 5616 5614 312
f 311 5617 5620 5598
f 5617 1461 5618 5620
f 5620 5618 1464 5619
f 5598 5620 5619 1455
f 1461 5621 5624 5618
f 5621 315 5622 5624
f 5624 5622 1462 5623
f 5618 5624 5623 1464
f 1464 5623 5628 5627
f 5623 1462 5625 5628
f 5628 5625 314 5626
f 5627 5628 5626 1463
f 1455 5619 5630 5601
f 5619 1464 5627 5630
f 5630 5627 1463 5629
f 5601 5630 5629 310
f 311 5605 5633 5617
f 5605 1459 5631 5633
f 5633 5631 1467 5632
f 5617 5633 5632 1461
f 1459 5615 5636 5631
f 5615 312 5634 5636
f 5636 5634 1465 5635
f 5631 5636 5635 1467
f 1467 5635 5640 5639
f 5635 1465 5637 5640
f 5640 5637 316 5638
f 5639 5640 5638 1466
f 1461 5632 5642 5621
f 5632 1467 5639 5642
f 5642 5639 1466 5641
f 5621 5642 5641 315
f 316 5637 5646 5645
f 5637 1465 5643 5646
f 5646 5643 1471 5644
f 5645 5646 5644 1470
f 1465 5634 5649 5643
f 5634 312 5647 5649
f 5649 5647 1468 5648
f 5643 5649 5648 1471
f 1471 5648 5653 5652
f 5648 1468 5650 5653
f 5653 5650 318 5651
f 5652 5653 5651 1469
f 1470 5644 5656 5655
f 5644 1471 5652 5656
f 5656 5652 1469 5654
f 5655 5656 5654 317
f 316 5657 5660 5638
f 5657 1472 5658 5660
f 5660 5658 1475 5659
f 5638 5660 5659 1466
f 1472 5661 5664 5658
f 5661 319 5662 5664
f 5664 5662 1473 5663
f 5658 5664 5663 1475
f 1475 5663 5668 5667
f 5663 1473 5665 5668
f 5668 5665 281 5666
f 5667 5668 5666 1474
f 1466 5659 5670 5641
f 5659 1475 5667 5670
f 5670 5667 1474 5669
f 5641 5670 5669 315
f 316 5645 5673 5657
f 5645 1470 5671 5673
f 5673 5671 1478 5672
f 5657 5673 5672 1472
f 1470 5655 5676 5671
f 5655 317 5674 5676
f 5676 5674 1476 5675
f 5671 5676 5675 1478
f 1478 5675 5680 5679
f 5675 1476 5677 5680
f 5680 5677 296 5678
f 5679 5680 5678 1477
f 1472 5672 5682 5661
f 5672 1478 5679 5682
f 5682 5679 1477 5681
f 5661 5682 5681 319
f 319 5683 5686 5662
f 5683 1479 5684 5686
f 5686 5684 1481 5685
f 5662 5686 5685 1473
f 1479 5687 5690 5684
f 5687 320 5688 5690
f 5690 5688 1480 5689
f 5684 5690 5689 1481
f 1481 5689 5693 5692
f 5689 1480 5691 5693
f 5693 5691 280 5330
f 5692 5693 5330 1382
f 1473 5685 5694 5665
f 5685 1481 5692 5694
f 5694 5692 1382 5327
f 5665 5694 5327 281
f 319 5681 5697 5683
f 5681 1477 5695 5697
f 5697 5695 1484 5696
f 5683 5697 5696 1479
f 1477 5678 5700 5695
f 5678 296 5698 5700
f 5700 5698 1482 5699
f 5695 5700 5699 1484
f 1484 5699 5704 5703
f 5699 1482 5701 5704
f 5704 5701 297 5702
f 5703 5704 5702 1483
f 1479 5696 5706 5687
f 5696 1484 5703 5706
f 5706 5703 1483 5705
f 5687 5706 5705 320
f 320 5707 5710 5688
f 5707 1485 5708 5710
f 5710 5708 1487 5709
f 5688 5710 5709 1480
f 1485 5711 5714 5708
f 5711 321 5712 5714
f 5714 5712 1486 5713
f 5708 5714 5713 1487
f 1487 5713 5717 5716
f 5713 1486 5715 5717
f 5717 5715 282 5339
f 5716 5717 5339 1385
f 1480 5709 5718 5691
f 5709 1487 5716 5718
f 5718 5716 1385 5336
f 5691 5718 5336 280
f 320 5705 5721 5707
f 5705 1483 5719 5721
f 5721 5719 1490 5720
f 5707 5721 5720 1485
f 1483 5702 5724 5719
f 5702 297 5722 5724
f 5724 5722 1488 5723
f 5719 5724 5723 1490
f 1490 5723 5728 5727
f 5723 1488 5725 5728
f 5728 5725 298 5726
f 5727 5728 5726 1489
f 1485 5720 5730 5711
f 5720 1490 5727 5730
f 5730 5727 1489 5729
f 5711 5730 5729 321
f 321 5731 5734 5712
f 5731 1491 5732 5734
f 5734 5732 1494 5733
f 5712 5734 5733 1486
f 1491 5735 5738 5732
f 5735 323 5736 5738
f 5738 5736 1492 5737
f 5732 5738 5737 1494
f 1494 5737 5742 5741
f 5737 1492 5739 5742
f 5742 5739 322 5740
f 5741 5742 5740 1493
f 1486 5733 5744 5715
f 5733 1494 5741 5744
f 5744 5741 1493 5743
f 5715 5744 5743 282
f 321 5729 5747 5731
f 5729 1489 5745 5747
f 5747 5745 1497 5746
f 5731 5747 5746 1491
f 1489 5726 5750 5745
f 5726 298 5748 5750
f 5750 5748 1495 5749
f 5745 5750 5749 1497
f 1497 5749 5754 5753
f 5749 1495 5751 5754
f 5754 5751 324 5752
f 5753 5754 5752 1496
f 1491 5746 5756 5735
f 5746 1497 5753 5756
f 5756 5753 1496 5755
f 5735 5756 5755 323
f 324 5751 5760 5759
f 5751 1495 5757 5760
f 5760 5757 1501 5758
f 5759 5760 5758 1500
f 1495 5748 5763 5757
f 5748 298 5761 5763
f 5763 5761 1498 5762
f 5757 5763 5762 1501
f 1501 5762 5767 5766
f 5762 1498 5764 5767
f 5767 5764 501 5765
f 5766 5767 5765 1499
f 1500 5758 5770 5769
f 5758 1501 5766 5770
f 5770 5766 1499 5768
f 5769 5770 5768 502
f 324 5771 5774 5752
f 5771 1502 5772 5774
f 5774 5772 1505 5773
f 5752 5774 5773 1496
f 1502 5775 5778 5772
f 5775 327 5776 5778
f 5778 5776 1503 5777
f 5772 5778 5777 1505
f 1505 5777 5782 5781
f 5777 1503 5779 5782
f 5782 5779 326 5780
f 5781 5782 5780 1504
f 1496 5773 5784 5755
f 5773 1505 5781 5784
f 5784 5781 1504 5783
f 5755 5784 5783 323
f 324 5759 5787 5771
f 5759 1500 5785 5787
f 5787 5785 1508 5786
f 5771 5787 5786 1502
f 1500 5769 5790 5785
f 5769 502 5788 5790
f 5790 5788 1506 5789
f 5785 5790 5789 1508
f 1508 5789 5794 5793
f 5789 1506 5791 5794
f 5794 5791 503 5792
f 5793 5794 5792 1507
f 1502 5786 5796 5775
f 5786 1508 5793 5796
f 5796 5793 1507 5795
f 5775 5796 5795 327
f 328 5797 5801 5800
f 5797 1509 5798 5801
f 5801 5798 1513 5799
f 5800 5801 5799 1512
f 1509 5802 5805 5798
f 5802 330 5803 5805
f 5805 5803 1510 5804
f 5798 5805 5804 1513
f 1513 5804 5809 5808
f 5804 1510 5806 5809
f 5809 5806 603 5807
f 5808 5809 5807 1511
f 1512 5799 5812 5811
f 5799 1513 5808 5812
f 5812 5808 1511 5810
f 5811 5812 5810 604
f 330 5813 5816 5803
f 5813 1514 5814 5816
f 5816 5814 1517 5815
f 5803 5816 5815 1510
f 1514 5817 5820 5814
f 5817 332 5818 5820
f 5820 5818 1515 5819
f 5814 5820 5819 1517
f 1517 5819 5824 5823
f 5819 1515 5821 5824
f 5824 5821 605 5822
f 5823 5824 5822 1516
f 1510 5815 5826 5806
f 5815 1517 5823 5826
f 5826 5823 1516 5825
f 5806 5826 5825 603
f 332 5827 5830 5818
f 5827 1518 5828 5830
f 5830 5828 1521 5829
f 5818 5830 5829 1515
f 1518 5831 5834 5828
f 5831 334 5832 5834
f 5834 5832 1519 5833
f 5828 5834 5833 1521
f 1521 5833 5838 5837
f 5833 1519 5835 5838
f 5838 5835 606 5836
f 5837 5838 5836 1520
f 1515 5829 5840 5821
f 5829 1521 5837 5840
f 5840 5837 1520 5839
f 5821 5840 5839 605
f 334 5841 5844 5832
f 5841 1522 5842 5844
f 5844 5842 1525 5843
f 5832 5844 5843 1519
f 1522 5845 5848 5842
f 5845 336 5846 5848
f 5848 5846 1523 5847
f 5842 5848 5847 1525
f 1525 5847 5852 5851
f 5847 1523 5849 5852
f 5852 5849 607 5850
f 5851 5852 5850 1524
f 1519 5843 5854 5835
f 5843 1525 5851 5854
f 5854 5851 1524 5853
f 5835 5854 5853 606
f 336 5855 5858 5846
f 5855 1526 5856 5858
f 5858 5856 1529 5857
f 5846 5858 5857 1523
f 1526 5859 5862 5856
f 5859 338 5860 5862
f 5862 5860 1527 5861
f 5856 5862 5861 1529
f 1529 5861 5866 5865
f 5861 1527 5863 5866
f 5866 5863 608 5864
f 5865 5866 5864 1528
f 1523 5857 5868 5849
f 5857 1529 5865 5868
f 5868 5865 1528 5867
f 5849 5868 5867 607
f 338 5869 5872 5860
f 5869 1530 5870 5872
f 5872 5870 1533 5871
f 5860 5872 5871 1527
f 1530 5873 5876 5870
f 5873 340 5874 5876
f 5876 5874 1531 5875
f 5870 5876 5875 1533
f 1533 5875 5880 5879
f 5875 1531 5877 5880
f 5880 5877 609 5878
f 5879 5880 5878 1532
f 1527 5871 5882 5863
f 5871 1533 5879 5882
f 5882 5879 1532 5881
f 5863 5882 5881 608
f 340 5883 5886 5874
f 5883 1534 5884 5886
f 5886 5884 1537 5885
f 5874 5886 5885 1531
f 1534 5887 5890 5884
f 5887 342 5888 5890
f 5890 5888 1535 5889
f 5884 5890 5889 1537
f 1537 5889 5894 5893
f 5889 1535 5891 5894
f 5894 5891 610 5892
f 5893 5894 5892 1536
f 1531 5885 5896 5877
f 5885 1537 5893 5896
f 5896 5893 1536 5895
f 5877 5896 5895 609
f 342 5897 5900 5888
f 5897 1538 5898 5900
f 5900 5898 1541 5899
f 5888 5900 5899 1535
f 1538 5901 5904 5898
f 5901 344 5902 5904
f 5904 5902 1539 5903
f 5898 5904 5903 1541
f 1541 5903 5908 5907
f 5903 1539 5905 5908
f 5908 5905 611 5906
f 5907 5908 5906 1540
f 1535 5899 5910 5891
f 5899 1541 5907 5910
f 5910 5907 1540 5909
f 5891 5910 5909 610
f 344 5911 5914 5902
f 5911 1542 5912 5914
f 5914 5912 1545 5913
f 5902 5914 5913 1539
f 1542 5915 5918 5912
f 5915 346 5916 5918
f 5918 5916 1543 5917
f 5912 5918 5917 1545
f 1545 5917 5922 5921
f 5917 1543 5919 5922
f 5922 5919 612 5920
f 5921 5922 5920 1544
f 1539 5913 5924 5905
f 5913 1545 5921 5924
f 5924 5921 1544 5923
f 5905 5924 5923 611
f 346 5925 5928 5916
f 5925 1546 5926 5928
f 5928 5926 1549 5927
f 5916 5928 5927 1543
f 1546 5929 5932 5926
f 5929 348 5930 5932
f 5932 5930 1547 5931
f 5926 5932 5931 1549
f 1549 5931 5936 5935
f 5931 1547 5933 5936
f 5936 5933 613 5934
f 5935 5936 5934 1548
f 1543 5927 5938 5919
f 5927 1549 5935 5938
f 5938 5935 1548 5937
f 5919 5938 5937 612
f 348 5939 5942 5930
f 5939 1550 5940 5942
f 5942 5940 1553 5941
f 5930 5942 5941 1547
f 1550 5943 5946 5940
f 5943 349 5944 5946
f 5946 5944 1551 5945
f 5940 5946 5945 1553
f 1553 5945 5950 5949
f 5945 1551 5947 5950
f 5950 5947 614 5948
f 5949 5950 5948 1552
f 1547 5941 5952 5933
f 5941 1553 5949 5952
f 5952 5949 1552 5951
f 5933 5952 5951 613
f 349 5953 5956 5944
f 5953 1554 5954 5956
f 5956 5954 1557 5955
f 5944 5956 5955 1551
f 1554 5957 5960 5954
f 5957 350 5958 5960
f 5960 5958 1555 5959
f 5954 5960 5959 1557
f 1557 5959 5964 5963
f 5959 1555 5961 5964
f 5964 5961 615 5962
f 5963 5964 5962 1556
f 1551 5955 5966 5947
f 5955 1557 5963 5966
f 5966 5963 1556 5965
f 5947 5966 5965 614
f 350 5967 5970 5958
f 5967 1558 5968 5970
f 5970 5968 1560 5969
f 5958 5970 5969 1555
f 1558 5971 5973 5968
f 5971 295 5450 5973
f 5973 5450 1415 5972
f 5968 5973 5972 1560
f 1560 5972 5976 5975
f 5972 1415 5447 5976
f 5976 5447 601 5974
f 5975 5976 5974 1559
f 1555 5969 5978 5961
f 5969 1560 5975 5978
f 5978 5975 1559 5977
f 5961 5978 5977 615
f 347 5979 5983 5982
f 5979 1561 5980 5983
f 5983 5980 1565 5981
f 5982 5983 5981 1564
f 1561 5984 5987 5980
f 5984 313 5985 5987
f 5987 5985 1562 5986
f 5980 5987 5986 1565
f 1565 5986 5991 5990
f 5986 1562 5988 5991
f 5991 5988 351 5989
f 5990 5991 5989 1563
f 1564 5981 5994 5993
f 5981 1565 5990 5994
f 5994 5990 1563 5992
f 5993 5994 5992 345
f 347 5995 5998 5979
f 5995 1566 5996 5998
f 5998 5996 1567 5997
f 5979 5998 5997 1561
f 1566 5999 6001 5996
f 5999 318 5650 6001
f 6001 5650 1468 6000
f 5996 6001 6000 1567
f 1567 6000 6003 6002
f 6000 1468 5647 6003
f 6003 5647 312 5614
f 6002 6003 5614 1458
f 1561 5997 6004 5984
f 5997 1567 6002 6004
f 6004 6002 1458 5611
f 5984 6004 5611 313
f 351 6005 6008 5989
f 6005 1568 6006 6008
f 6008 6006 1571 6007
f 5989 6008 6007 1563
f 1568 6009 6012 6006
f 6009 352 6010 6012
f 6012 6010 1569 6011
f 6006 6012 6011 1571
f 1571 6011 6016 6015
f 6011 1569 6013 6016
f 6016 6013 343 6014
f 6015 6016 6014 1570
f 1563 6007 6018 5992
f 6007 1571 6015 6018
f 6018 6015 1570 6017
f 5992 6018 6017 345
f 351 6019 6022 6005
f 6019 1572 6020 6022
f 6022 6020 1575 6021
f 6005 6022 6021 1568
f 1572 6023 6026 6020
f 6023 308 6024 6026
f 6026 6024 1573 6025
f 6020 6026 6025 1575
f 1575 6025 6030 6029
f 6025 1573 6027 6030
f 6030 6027 258 6028
f 6029 6030 6028 1574
f 1568 6021 6032 6009
f 6021 1575 6029 6032
f 6032 6029 1574 6031
f 6009 6032 6031 352
f 351 5988 6035 6019
f 5988 1562 6033 6035
f 6035 6033 1576 6034
f 6019 6035 6034 1572
f 1562 5985 6037 6033
f 5985 313 5610 6037
f 6037 5610 1457 6036
f 6033 6037 6036 1576
f 1576 6036 6039 6038
f 6036 1457 5607 6039
f 6039 5607 307 5574
f 6038 6039 5574 1447
f 1572 6034 6040 6023
f 6034 1576 6038 6040
f 6040 6038 1447 5571
f 6023 6040 5571 308
f 352 6041 6044 6010
f 6041 1577 6042 6044
f 6044 6042 1580 6043
f 6010 6044 6043 1569
f 1577 6045 6048 6042
f 6045 353 6046 6048
f 6048 6046 1578 6047
f 6042 6048 6047 1580
f 1580 6047 6052 6051
f 6047 1578 6049 6052
f 6052 6049 341 6050
f 6051 6052 6050 1579
f 1569 6043 6054 6013
f 6043 1580 6051 6054
f 6054 6051 1579 6053
f 6013 6054 6053 343
f 352 6031 6057 6041
f 6031 1574 6055 6057
f 6057 6055 1582 6056
f 6041 6057 6056 1577
f 1574 6028 6059 6055
f 6028 258 5136 6059
f 6059 5136 1328 6058
f 6055 6059 6058 1582
f 1582 6058 6062 6061
f 6058 1328 5133 6062
f 6062 5133 259 6060
f 6061 6062 6060 1581
f 1577 6056 6064 6045
f 6056 1582 6061 6064
f 6064 6061 1581 6063
f 6045 6064 6063 353
f 353 6065 6068 6046
f 6065 1583 6066 6068
f 6068 6066 1586 6067
f 6046 6068 6067 1578
f 1583 6069 6072 6066
f 6069 354 6070 6072
f 6072 6070 1584 6071
f 6066 6072 6071 1586
f 1586 6071 6076 6075
f 6071 1584 6073 6076
f 6076 6073 339 6074
f 6075 6076 6074 1585
f 1578 6067 6078 6049
f 6067 1586 6075 6078
f 6078 6075 1585 6077
f 6049 6078 6077 341
f 353 6063 6081 6065
f 6063 1581 6079 6081
f 6081 6079 1588 6080
f 6065 6081 6080 1583
f 1581 6060 6083 6079
f 6060 259 5169 6083
f 6083 5169 1338 6082
f 6079 6083 6082 1588
f 1588 6082 6086 6085
f 6082 1338 5166 6086
f 6086 5166 262 6084
f 6085 6086 6084 1587
f 1583 6080 6088 6069
f 6080 1588 6085 6088
f 6088 6085 1587 6087
f 6069 6088 6087 354
f 354 6089 6092 6070
f 6089 1589 6090 6092
f 6092 6090 1592 6091
f 6070 6092 6091 1584
f 1589 6093 6096 6090
f 6093 355 6094 6096
f 6096 6094 1590 6095
f 6090 6096 6095 1592
f 1592 6095 6100 6099
f 6095 1590 6097 6100
f 6100 6097 337 6098
f 6099 6100 6098 1591
f 1584 6091 6102 6073
f 6091 1592 6099 6102
f 6102 6099 1591 6101
f 6073 6102 6101 339
f 354 6087 6105 6089
f 6087 1587 6103 6105
f 6105 6103 1595 6104
f 6089 6105 6104 1589
f 1587 6084 6108 6103
f 6084 262 6106 6108
f 6108 6106 1593 6107
f 6103 6108 6107 1595
f 1595 6107 6112 6111
f 6107 1593 6109 6112
f 6112 6109 356 6110
f 6111 6112 6110 1594
f 1589 6104 6114 6093
f 6104 1595 6111 6114
f 6114 6111 1594 6113
f 6093 6114 6113 355
f 356 6115 6118 6110
f 6115 1596 6116 6118
f 6118 6116 1599 6117
f 6110 6118 6117 1594
f 1596 6119 6122 6116
f 6119 358 6120 6122
f 6122 6120 1597 6121
f 6116 6122 6121 1599
f 1599 6121 6126 6125
f 6121 1597 6123 6126
f 6126 6123 357 6124
f 6125 6126 6124 1598
f 1594 6117 6128 6113
f 6117 1599 6125 6128
f 6128 6125 1598 6127
f 6113 6128 6127 355
f 356 6129 6132 6115
f 6129 1600 6130 6132
f 6132 6130 1603 6131
f 6115 6132 6131 1596
f 1600 6133 6136 6130
f 6133 360 6134 6136
f 6136 6134 1601 6135
f 6130 6136 6135 1603
f 1603 6135 6140 6139
f 6135 1601 6137 6140
f 6140 6137 359 6138
f 6139 6140 6138 1602
f 1596 6131 6142 6119
f 6131 1603 6139 6142
f 6142 6139 1602 6141
f 6119 6142 6141 358
f 356 6109 6145 6129
f 6109 1593 6143 6145
f 6145 6143 1605 6144
f 6129 6145 6144 1600
f 1593 6106 6147 6143
f 6106 262 5165 6147
f 6147 5165 1337 6146
f 6143 6147 6146 1605
f 1605 6146 6150 6149
f 6146 1337 5162 6150
f 6150 5162 263 6148
f 6149 6150 6148 1604
f 1600 6144 6152 6133
f 6144 1605 6149 6152
f 6152 6149 1604 6151
f 6133 6152 6151 360
f 360 6153 6156 6134
f 6153 1606 6154 6156
f 6156 6154 1609 6155
f 6134 6156 6155 1601
f 1606 6157 6160 6154
f 6157 362 6158 6160
f 6160 6158 1607 6159
f 6154 6160 6159 1609
f 1609 6159 6164 6163
f 6159 1607 6161 6164
f 6164 6161 361 6162
f 6163 6164 6162 1608
f 1601 6155 6166 6137
f 6155 1609 6163 6166
f 6166 6163 1608 6165
f 6137 6166 6165 359
f 360 6151 6169 6153
f 6151 1604 6167 6169
f 6169 6167 1611 6168
f 6153 6169 6168 1606
f 1604 6148 6171 6167
f 6148 263 5195 6171
f 6171 5195 1345 6170
f 6167 6171 6170 1611
f 1611 6170 6174 6173
f 6170 1345 5192 6174
f 6174 5192 266 6172
f 6173 6174 6172 1610
f 1606 6168 6176 6157
f 6168 1611 6173 6176
f 6176 6173 1610 6175
f 6157 6176 6175 362
f 362 6177 6180 6158
f 6177 1612 6178 6180
f 6180 6178 1615 6179
f 6158 6180 6179 1607
f 1612 6181 6184 6178
f 6181 364 6182 6184
f 6184 6182 1613 6183
f 6178 6184 6183 1615
f 1615 6183 6188 6187
f 6183 1613 6185 6188
f 6188 6185 363 6186
f 6187 6188 6186 1614
f 1607 6179 6190 6161
f 6179 1615 6187 6190
f 6190 6187 1614 6189
f 6161 6190 6189 361
f 362 6175 6193 6177
f 6175 1610 6191 6193
f 6193 6191 1617 6192
f 6177 6193 6192 1612
f 1610 6172 6195 6191
f 6172 266 5301 6195
f 6195 5301 1375 6194
f 6191 6195 6194 1617
f 1617 6194 6198 6197
f 6194 1375 5298 6198
f 6198 5298 277 6196
f 6197 6198 6196 1616
f 1612 6192 6200 6181
f 6192 1617 6197 6200
f 6200 6197 1616 6199
f 6181 6200 6199 364
f 364 6201 6204 6182
f 6201 1618 6202 6204
f 6204 6202 1621 6203
f 6182 6204 6203 1613
f 1618 6205 6208 6202
f 6205 366 6206 6208
f 6208 6206 1619 6207
f 6202 6208 6207 1621
f 1621 6207 6212 6211
f 6207 1619 6209 6212
f 6212 6209 365 6210
f 6211 6212 6210 1620
f 1613 6203 6214 6185
f 6203 1621 6211 6214
f 6214 6211 1620 6213
f 6185 6214 6213 363
f 364 6199 6217 6201
f 6199 1616 6215 6217
f 6217 6215 1624 6216
f 6201 6217 6216 1618
f 1616 6196 6220 6215
f 6196 277 6218 6220
f 6220 6218 1622 6219
f 6215 6220 6219 1624
f 1624 6219 6224 6223
f 6219 1622 6221 6224
f 6224 6221 367 6222
f 6223 6224 6222 1623
f 1618 6216 6226 6205
f 6216 1624 6223 6226
f 6226 6223 1623 6225
f 6205 6226 6225 366
f 367 6227 6230 6222
f 6227 1625 6228 6230
f 6230 6228 1628 6229
f 6222 6230 6229 1623
f 1625 6231 6234 6228
f 6231 369 6232 6234
f 6234 6232 1626 6233
f 6228 6234 6233 1628
f 1628 6233 6238 6237
f 6233 1626 6235 6238
f 6238 6235 368 6236
f 6237 6238 6236 1627
f 1623 6229 6240 6225
f 6229 1628 6237 6240
f 6240 6237 1627 6239
f 6225 6240 6239 366
f 367 6241 6244 6227
f 6241 1629 6242 6244
f 6244 6242 1632 6243
f 6227 6244 6243 1625
f 1629 6245 6248 6242
f 6245 371 6246 6248
f 6248 6246 1630 6247
f 6242 6248 6247 1632
f 1632 6247 6252 6251
f 6247 1630 6249 6252
f 6252 6249 370 6250
f 6251 6252 6250 1631
f 1625 6243 6254 6231
f 6243 1632 6251 6254
f 6254 6251 1631 6253
f 6231 6254 6253 369
f 367 6221 6257 6241
f 6221 1622 6255 6257
f 6257 6255 1634 6256
f 6241 6257 6256 1629
f 1622 6218 6259 6255
f 6218 277 5297 6259
f 6259 5297 1374 6258
f 6255 6259 6258 1634
f 1634 6258 6262 6261
f 6258 1374 5293 6262
f 6262 5293 255 6260
f 6261 6262 6260 1633
f 1629 6256 6264 6245
f 6256 1634 6261 6264
f 6264 6261 1633 6263
f 6245 6264 6263 371
f 371 6265 6268 6246
f 6265 1635 6266 6268
f 6268 6266 1637 6267
f 6246 6268 6267 1630
f 1635 6269 6271 6266
f 6269 132 3552 6271
f 6271 3552 934 6270
f 6266 6271 6270 1637
f 1637 6270 6274 6273
f 6270 934 3549 6274
f 6274 3549 131 6272
f 6273 6274 6272 1636
f 1630 6267 6276 6249
f 6267 1637 6273 6276
f 6276 6273 1636 6275
f 6249 6276 6275 370
f 371 6263 6279 6265
f 6263 1633 6277 6279
f 6279 6277 1638 6278
f 6265 6279 6278 1635
f 1633 6260 6281 6277
f 6260 255 5270 6281
f 6281 5270 1369 6280
f 6277 6281 6280 1638
f 1638 6280 6283 6282
f 6280 1369 5279 6283
f 6283 5279 24 3561
f 6282 6283 3561 937
f 1635 6278 6284 6269
f 6278 1638 6282 6284
f 6284 6282 937 3558
f 6269 6284 3558 132
f 131 3567 6287 6272
f 3567 941 6285 6287
f 6287 6285 1641 6286
f 6272 6287 6286 1636
f 941 3577 6290 6285
f 3577 134 6288 6290
f 6290 6288 1639 6289
f 6285 6290 6289 1641
f 1641 6289 6294 6293
f 6289 1639 6291 6294
f 6294 6291 372 6292
f 6293 6294 6292 1640
f 1636 6286 6296 6275
f 6286 1641 6293 6296
f 6296 6293 1640 6295
f 6275 6296 6295 370
f 134 3581 6299 6288
f 3581 945 6297 6299
f 6299 6297 1644 6298
f 6288 6299 6298 1639
f 945 3591 6302 6297
f 3591 136 6300 6302
f 6302 6300 1642 6301
f 6297 6302 6301 1644
f 1644 6301 6306 6305
f 6301 1642 6303 6306
f 6306 6303 373 6304
f 6305 6306 6304 1643
f 1639 6298 6308 6291
f 6298 1644 6305 6308
f 6308 6305 1643 6307
f 6291 6308 6307 372
f 136 3595 6311 6300
f 3595 949 6309 6311
f 6311 6309 1647 6310
f 6300 6311 6310 1642
f 949 3605 6314 6309
f 3605 138 6312 6314
f 6314 6312 1645 6313
f 6309 6314 6313 1647
f 1647 6313 6318 6317
f 6313 1645 6315 6318
f 6318 6315 374 6316
f 6317 6318 6316 1646
f 1642 6310 6320 6303
f 6310 1647 6317 6320
f 6320 6317 1646 6319
f 6303 6320 6319 373
f 138 3609 6323 6312
f 3609 953 6321 6323
f 6323 6321 1650 6322
f 6312 6323 6322 1645
f 953 3619 6326 6321
f 3619 140 6324 6326
f 6326 6324 1648 6325
f 6321 6326 6325 1650
f 1650 6325 6330 6329
f 6325 1648 6327 6330
f 6330 6327 375 6328
f 6329 6330 6328 1649
f 1645 6322 6332 6315
f 6322 1650 6329 6332
f 6332 6329 1649 6331
f 6315 6332 6331 374
f 140 3623 6335 6324
f 3623 956 6333 6335
f 6335 6333 1652 6334
f 6324 6335 6334 1648
f 956 3631 6337 6333
f 3631 44 5395 6337
f 6337 5395 1400 6336
f 6333 6337 6336 1652
f 1652 6336 6340 6339
f 6336 1400 5392 6340
f 6340 5392 289 6338
f 6339 6340 6338 1651
f 1648 6334 6342 6327
f 6334 1652 6339 6342
f 6342 6339 1651 6341
f 6327 6342 6341 375
f 375 6343 6346 6328
f 6343 1653 6344 6346
f 6346 6344 1656 6345
f 6328 6346 6345 1649
f 1653 6347 6350 6344
f 6347 377 6348 6350
f 6350 6348 1654 6349
f 6344 6350 6349 1656
f 1656 6349 6354 6353
f 6349 1654 6351 6354
f 6354 6351 376 6352
f 6353 6354 6352 1655
f 1649 6345 6356 6331
f 6345 1656 6353 6356
f 6356 6353 1655 6355
f 6331 6356 6355 374
f 375 6341 6359 6343
f 6341 1651 6357 6359
f 6359 6357 1659 6358
f 6343 6359 6358 1653
f 1651 6338 6362 6357
f 6338 289 6360 6362
f 6362 6360 1657 6361
f 6357 6362 6361 1659
f 1659 6361 6366 6365
f 6361 1657 6363 6366
f 6366 6363 378 6364
f 6365 6366 6364 1658
f 1653 6358 6368 6347
f 6358 1659 6365 6368
f 6368 6365 1658 6367
f 6347 6368 6367 377
f 378 6369 6372 6364
f 6369 1660 6370 6372
f 6372 6370 1663 6371
f 6364 6372 6371 1658
f 1660 6373 6376 6370
f 6373 380 6374 6376
f 6376 6374 1661 6375
f 6370 6376 6375 1663
f 1663 6375 6380 6379
f 6375 1661 6377 6380
f 6380 6377 379 6378
f 6379 6380 6378 1662
f 1658 6371 6382 6367
f 6371 1663 6379 6382
f 6382 6379 1662 6381
f 6367 6382 6381 377
f 378 6383 6386 6369
f 6383 1664 6384 6386
f 6386 6384 1667 6385
f 6369 6386 6385 1660
f 1664 6387 6390 6384
f 6387 382 6388 6390
f 6390 6388 1665 6389
f 6384 6390 6389 1667
f 1667 6389 6394 6393
f 6389 1665 6391 6394
f 6394 6391 381 6392
f 6393 6394 6392 1666
f 1660 6385 6396 6373
f 6385 1667 6393 6396
f 6396 6393 1666 6395
f 6373 6396 6395 380
f 378 6363 6399 6383
f 6363 1657 6397 6399
f 6399 6397 1669 6398
f 6383 6399 6398 1664
f 1657 6360 6401 6397
f 6360 289 5391 6401
f 6401 5391 1399 6400
f 6397 6401 6400 1669
f 1669 6400 6404 6403
f 6400 1399 5388 6404
f 6404 5388 290 6402
f 6403 6404 6402 1668
f 1664 6398 6406 6387
f 6398 1669 6403 6406
f 6406 6403 1668 6405
f 6387 6406 6405 382
f 381 6407 6410 6392
f 6407 1670 6408 6410
f 6410 6408 1673 6409
f 6392 6410 6409 1666
f 1670 6411 6414 6408
f 6411 384 6412 6414
f 6414 6412 1671 6413
f 6408 6414 6413 1673
f 1673 6413 6418 6417
f 6413 1671 6415 6418
f 6418 6415 383 6416
f 6417 6418 6416 1672
f 1666 6409 6420 6395
f 6409 1673 6417 6420
f 6420 6417 1672 6419
f 6395 6420 6419 380
f 384 6421 6424 6412
f 6421 1674 6422 6424
f 6424 6422 1677 6423
f 6412 6424 6423 1671
f 1674 6425 6428 6422
f 6425 386 6426 6428
f 6428 6426 1675 6427
f 6422 6428 6427 1677
f 1677 6427 6432 6431
f 6427 1675 6429 6432
f 6432 6429 385 6430
f 6431 6432 6430 1676
f 1671 6423 6434 6415
f 6423 1677 6431 6434
f 6434 6431 1676 6433
f 6415 6434 6433 383
f 386 6435 6438 6426
f 6435 1678 6436 6438
f 6438 6436 1681 6437
f 6426 6438 6437 1675
f 1678 6439 6442 6436
f 6439 388 6440 6442
f 6442 6440 1679 6441
f 6436 6442 6441 1681
f 1681 6441 6446 6445
f 6441 1679 6443 6446
f 6446 6443 387 6444
f 6445 6446 6444 1680
f 1675 6437 6448 6429
f 6437 1681 6445 6448
f 6448 6445 1680 6447
f 6429 6448 6447 385
f 388 6449 6452 6440
f 6449 1682 6450 6452
f 6452 6450 1685 6451
f 6440 6452 6451 1679
f 1682 6453 6456 6450
f 6453 390 6454 6456
f 6456 6454 1683 6455
f 6450 6456 6455 1685
f 1685 6455 6460 6459
f 6455 1683 6457 6460
f 6460 6457 389 6458
f 6459 6460 6458 1684
f 1679 6451 6462 6443
f 6451 1685 6459 6462
f 6462 6459 1684 6461
f 6443 6462 6461 387
f 390 6463 6466 6454
f 6463 1686 6464 6466
f 6466 6464 1689 6465
f 6454 6466 6465 1683
f 1686 6467 6470 6464
f 6467 392 6468 6470
f 6470 6468 1687 6469
f 6464 6470 6469 1689
f 1689 6469 6474 6473
f 6469 1687 6471 6474
f 6474 6471 391 6472
f 6473 6474 6472 1688
f 1683 6465 6476 6457
f 6465 1689 6473 6476
f 6476 6473 1688 6475
f 6457 6476 6475 389
f 392 6477 6480 6468
f 6477 1690 6478 6480
f 6480 6478 1693 6479
f 6468 6480 6479 1687
f 1690 6481 6484 6478
f 6481 394 6482 6484
f 6484 6482 1691 6483
f 6478 6484 6483 1693
f 1693 6483 6488 6487
f 6483 1691 6485 6488
f 6488 6485 393 6486
f 6487 6488 6486 1692
f 1687 6479 6490 6471
f 6479 1693 6487 6490
f 6490 6487 1692 6489
f 6471 6490 6489 391
f 394 6491 6494 6482
f 6491 1694 6492 6494
f 6494 6492 1697 6493
f 6482 6494 6493 1691
f 1694 6495 6498 6492
f 6495 396 6496 6498
f 6498 6496 1695 6497
f 6492 6498 6497 1697
f 1697 6497 6502 6501
f 6497 1695 6499 6502
f 6502 6499 395 6500
f 6501 6502 6500 1696
f 1691 6493 6504 6485
f 6493 1697 6501 6504
f 6504 6501 1696 6503
f 6485 6504 6503 393
f 396 6505 6508 6496
f 6505 1698 6506 6508
f 6508 6506 1701 6507
f 6496 6508 6507 1695
f 1698 6509 6512 6506
f 6509 398 6510 6512
f 6512 6510 1699 6511
f 6506 6512 6511 1701
f 1701 6511 6516 6515
f 6511 1699 6513 6516
f 6516 6513 397 6514
f 6515 6516 6514 1700
f 1695 6507 6518 6499
f 6507 1701 6515 6518
f 6518 6515 1700 6517
f 6499 6518 6517 395
f 398 6519 6522 6510
f 6519 1702 6520 6522
f 6522 6520 1704 6521
f 6510 6522 6521 1699
f 1702 6523 6525 6520
f 6523 292 5422 6525
f 6525 5422 1407 6524
f 6520 6525 6524 1704
f 1704 6524 6528 6527
f 6524 1407 5419 6528
f 6528 5419 293 6526
f 6527 6528 6526 1703
f 1699 6521 6530 6513
f 6521 1704 6527 6530
f 6530 6527 1703 6529
f 6513 6530 6529 397
f 397 6529 6534 6533
f 6529 1703 6531 6534
f 6534 6531 1708 6532
f 6533 6534 6532 1707
f 1703 6526 6537 6531
f 6526 293 6535 6537
f 6537 6535 1705 6536
f 6531 6537 6536 1708
f 1708 6536 6541 6540
f 6536 1705 6538 6541
f 6541 6538 400 6539
f 6540 6541 6539 1706
f 1707 6532 6544 6543
f 6532 1708 6540 6544
f 6544 6540 1706 6542
f 6543 6544 6542 399
f 397 6533 6547 6514
f 6533 1707 6545 6547
f 6547 6545 1711 6546
f 6514 6547 6546 1700
f 1707 6543 6550 6545
f 6543 399 6548 6550
f 6550 6548 1709 6549
f 6545 6550 6549 1711
f 1711 6549 6554 6553
f 6549 1709 6551 6554
f 6554 6551 401 6552
f 6553 6554 6552 1710
f 1700 6546 6556 6517
f 6546 1711 6553 6556
f 6556 6553 1710 6555
f 6517 6556 6555 395
f 401 6551 6560 6559
f 6551 1709 6557 6560
f 6560 6557 1715 6558
f 6559 6560 6558 1714
f 1709 6548 6563 6557
f 6548 399 6561 6563
f 6563 6561 1712 6562
f 6557 6563 6562 1715
f 1715 6562 6567 6566
f 6562 1712 6564 6567
f 6567 6564 403 6565
f 6566 6567 6565 1713
f 1714 6558 6570 6569
f 6558 1715 6566 6570
f 6570 6566 1713 6568
f 6569 6570 6568 402
f 401 6571 6574 6552
f 6571 1716 6572 6574
f 6574 6572 1718 6573
f 6552 6574 6573 1710
f 1716 6575 6578 6572
f 6575 404 6576 6578
f 6578 6576 1717 6577
f 6572 6578 6577 1718
f 1718 6577 6581 6580
f 6577 1717 6579 6581
f 6581 6579 393 6503
f 6580 6581 6503 1696
f 1710 6573 6582 6555
f 6573 1718 6580 6582
f 6582 6580 1696 6500
f 6555 6582 6500 395
f 401 6559 6585 6571
f 6559 1714 6583 6585
f 6585 6583 1721 6584
f 6571 6585 6584 1716
f 1714 6569 6588 6583
f 6569 402 6586 6588
f 6588 6586 1719 6587
f 6583 6588 6587 1721
f 1721 6587 6592 6591
f 6587 1719 6589 6592
f 6592 6589 405 6590
f 6591 6592 6590 1720
f 1716 6584 6594 6575
f 6584 1721 6591 6594
f 6594 6591 1720 6593
f 6575 6594 6593 404
f 405 6589 6598 6597
f 6589 1719 6595 6598
f 6598 6595 1725 6596
f 6597 6598 6596 1724
f 1719 6586 6601 6595
f 6586 402 6599 6601
f 6601 6599 1722 6600
f 6595 6601 6600 1725
f 1725 6600 6605 6604
f 6600 1722 6602 6605
f 6605 6602 407 6603
f 6604 6605 6603 1723
f 1724 6596 6608 6607
f 6596 1725 6604 6608
f 6608 6604 1723 6606
f 6607 6608 6606 406
f 405 6609 6612 6590
f 6609 1726 6610 6612
f 6612 6610 1729 6611
f 6590 6612 6611 1720
f 1726 6613 6616 6610
f 6613 409 6614 6616
f 6616 6614 1727 6615
f 6610 6616 6615 1729
f 1729 6615 6620 6619
f 6615 1727 6617 6620
f 6620 6617 408 6618
f 6619 6620 6618 1728
f 1720 6611 6622 6593
f 6611 1729 6619 6622
f 6622 6619 1728 6621
f 6593 6622 6621 404
f 405 6597 6625 6609
f 6597 1724 6623 6625
f 6625 6623 1732 6624
f 6609 6625 6624 1726
f 1724 6607 6628 6623
f 6607 406 6626 6628
f 6628 6626 1730 6627
f 6623 6628 6627 1732
f 1732 6627 6632 6631
f 6627 1730 6629 6632
f 6632 6629 410 6630
f 6631 6632 6630 1731
f 1726 6624 6634 6613
f 6624 1732 6631 6634
f 6634 6631 1731 6633
f 6613 6634 6633 409
f 410 6629 6638 6637
f 6629 1730 6635 6638
f 6638 6635 1736 6636
f 6637 6638 6636 1735
f 1730 6626 6641 6635
f 6626 406 6639 6641
f 6641 6639 1733 6640
f 6635 6641 6640 1736
f 1736 6640 6645 6644
f 6640 1733 6642 6645
f 6645 6642 412 6643
f 6644 6645 6643 1734
f 1735 6636 6648 6647
f 6636 1736 6644 6648
f 6648 6644 1734 6646
f 6647 6648 6646 411
f 410 6649 6652 6630
f 6649 1737 6650 6652
f 6652 6650 1740 6651
f 6630 6652 6651 1731
f 1737 6653 6656 6650
f 6653 414 6654 6656
f 6656 6654 1738 6655
f 6650 6656 6655 1740
f 1740 6655 6660 6659
f 6655 1738 6657 6660
f 6660 6657 413 6658
f 6659 6660 6658 1739
f 1731 6651 6662 6633
f 6651 1740 6659 6662
f 6662 6659 1739 6661
f 6633 6662 6661 409
f 410 6637 6665 6649
f 6637 1735 6663 6665
f 6665 6663 1743 6664
f 6649 6665 6664 1737
f 1735 6647 6668 6663
f 6647 411 6666 6668
f 6668 6666 1741 6667
f 6663 6668 6667 1743
f 1743 6667 6672 6671
f 6667 1741 6669 6672
f 6672 6669 415 6670
f 6671 6672 6670 1742
f 1737 6664 6674 6653
f 6664 1743 6671 6674
f 6674 6671 1742 6673
f 6653 6674 6673 414
f 415 6669 6678 6677
f 6669 1741 6675 6678
f 6678 6675 1747 6676
f 6677 6678 6676 1746
f 1741 6666 6681 6675
f 6666 411 6679 6681
f 6681 6679 1744 6680
f 6675 6681 6680 1747
f 1747 6680 6685 6684
f 6680 1744 6682 6685
f 6685 6682 417 6683
f 6684 6685 6683 1745
f 1746 6676 6688 6687
f 6676 1747 6684 6688
f 6688 6684 1745 6686
f 6687 6688 6686 416
f 415 6689 6692 6670
f 6689 1748 6690 6692
f 6692 6690 1751 6691
f 6670 6692 6691 1742
f 1748 6693 6696 6690
f 6693 419 6694 6696
f 6696 6694 1749 6695
f 6690 6696 6695 1751
f 1751 6695 6700 6699
f 6695 1749 6697 6700
f 6700 6697 418 6698
f 6699 6700 6698 1750
f 1742 6691 6702 6673
f 6691 1751 6699 6702
f 6702 6699 1750 6701
f 6673 6702 6701 414
f 415 6677 6705 6689
f 6677 1746 6703 6705
f 6705 6703 1754 6704
f 6689 6705 6704 1748
f 1746 6687 6708 6703
f 6687 416 6706 6708
f 6708 6706 1752 6707
f 6703 6708 6707 1754
f 1754 6707 6712 6711
f 6707 1752 6709 6712
f 6712 6709 420 6710
f 6711 6712 6710 1753
f 1748 6704 6714 6693
f 6704 1754 6711 6714
f 6714 6711 1753 6713
f 6693 6714 6713 419
f 420 6709 6718 6717
f 6709 1752 6715 6718
f 6718 6715 1758 6716
f 6717 6718 6716 1757
f 1752 6706 6721 6715
f 6706 416 6719 6721
f 6721 6719 1755 6720
f 6715 6721 6720 1758
f 1758 6720 6725 6724
f 6720 1755 6722 6725
f 6725 6722 422 6723
f 6724 6725 6723 1756
f 1757 6716 6728 6727
f 6716 1758 6724 6728
f 6728 6724 1756 6726
f 6727 6728 6726 421
f 420 6729 6732 6710
f 6729 1759 6730 6732
f 6732 6730 1762 6731
f 6710 6732 6731 1753
f 1759 6733 6736 6730
f 6733 424 6734 6736
f 6736 6734 1760 6735
f 6730 6736 6735 1762
f 1762 6735 6740 6739
f 6735 1760 6737 6740
f 6740 6737 423 6738
f 6739 6740 6738 1761
f 1753 6731 6742 6713
f 6731 1762 6739 6742
f 6742 6739 1761 6741
f 6713 6742 6741 419
f 420 6717 6745 6729
f 6717 1757 6743 6745
f 6745 6743 1765 6744
f 6729 6745 6744 1759
f 1757 6727 6748 6743
f 6727 421 6746 6748
f 6748 6746 1763 6747
f 6743 6748 6747 1765
f 1765 6747 6752 6751
f 6747 1763 6749 6752
f 6752 6749 425 6750
f 6751 6752 6750 1764
f 1759 6744 6754 6733
f 6744 1765 6751 6754
f 6754 6751 1764 6753
f 6733 6754 6753 424
f 425 6749 6758 6757
f 6749 1763 6755 6758
f 6758 6755 1769 6756
f 6757 6758 6756 1768
f 1763 6746 6761 6755
f 6746 421 6759 6761
f 6761 6759 1766 6760
f 6755 6761 6760 1769
f 1769 6760 6765 6764
f 6760 1766 6762 6765
f 6765 6762 427 6763
f 6764 6765 6763 1767
f 1768 6756 6768 6767
f 6756 1769 6764 6768
f 6768 6764 1767 6766
f 6767 6768 6766 426
f 425 6769 6772 6750
f 6769 1770 6770 6772
f 6772 6770 1773 6771
f 6750 6772 6771 1764
f 1770 6773 6776 6770
f 6773 365 6774 6776
f 6776 6774 1771 6775
f 6770 6776 6775 1773
f 1773 6775 6780 6779
f 6775 1771 6777 6780
f 6780 6777 428 6778
f 6779 6780 6778 1772
f 1764 6771 6782 6753
f 6771 1773 6779 6782
f 6782 6779 1772 6781
f 6753 6782 6781 424
f 425 6757 6785 6769
f 6757 1768 6783 6785
f 6785 6783 1775 6784
f 6769 6785 6784 1770
f 1768 6767 6788 6783
f 6767 426 6786 6788
f 6788 6786 1774 6787
f 6783 6788 6787 1775
f 1775 6787 6791 6790
f 6787 1774 6789 6791
f 6791 6789 363 6213
f 6790 6791 6213 1620
f 1770 6784 6792 6773
f 6784 1775 6790 6792
f 6792 6790 1620 6210
f 6773 6792 6210 365
f 428 6793 6796 6778
f 6793 1776 6794 6796
f 6796 6794 1778 6795
f 6778 6796 6795 1772
f 1776 6797 6800 6794
f 6797 429 6798 6800
f 6800 6798 1777 6799
f 6794 6800 6799 1778
f 1778 6799 6803 6802
f 6799 1777 6801 6803
f 6803 6801 423 6737
f 6802 6803 6737 1760
f 1772 6795 6804 6781
f 6795 1778 6802 6804
f 6804 6802 1760 6734
f 6781 6804 6734 424
f 428 6805 6808 6793
f 6805 1779 6806 6808
f 6808 6806 1782 6807
f 6793 6808 6807 1776
f 1779 6809 6812 6806
f 6809 368 6810 6812
f 6812 6810 1780 6811
f 6806 6812 6811 1782
f 1782 6811 6816 6815
f 6811 1780 6813 6816
f 6816 6813 430 6814
f 6815 6816 6814 1781
f 1776 6807 6818 6797
f 6807 1782 6815 6818
f 6818 6815 1781 6817
f 6797 6818 6817 429
f 428 6777 6821 6805
f 6777 1771 6819 6821
f 6821 6819 1783 6820
f 6805 6821 6820 1779
f 1771 6774 6823 6819
f 6774 365 6209 6823
f 6823 6209 1619 6822
f 6819 6823 6822 1783
f 1783 6822 6825 6824
f 6822 1619 6206 6825
f 6825 6206 366 6239
f 6824 6825 6239 1627
f 1779 6820 6826 6809
f 6820 1783 6824 6826
f 6826 6824 1627 6236
f 6809 6826 6236 368
f 430 6827 6830 6814
f 6827 1784 6828 6830
f 6830 6828 1787 6829
f 6814 6830 6829 1781
f 1784 6831 6834 6828
f 6831 432 6832 6834
f 6834 6832 1785 6833
f 6828 6834 6833 1787
f 1787 6833 6838 6837
f 6833 1785 6835 6838
f 6838 6835 431 6836
f 6837 6838 6836 1786
f 1781 6829 6840 6817
f 6829 1787 6837 6840
f 6840 6837 1786 6839
f 6817 6840 6839 429
f 430 6841 6844 6827
f 6841 1788 6842 6844
f 6844 6842 1791 6843
f 6827 6844 6843 1784
f 1788 6845 6848 6842
f 6845 434 6846 6848
f 6848 6846 1789 6847
f 6842 6848 6847 1791
f 1791 6847 6852 6851
f 6847 1789 6849 6852
f 6852 6849 433 6850
f 6851 6852 6850 1790
f 1784 6843 6854 6831
f 6843 1791 6851 6854
f 6854 6851 1790 6853
f 6831 6854 6853 432
f 430 6813 6857 6841
f 6813 1780 6855 6857
f 6857 6855 1793 6856
f 6841 6857 6856 1788
f 1780 6810 6859 6855
f 6810 368 6235 6859
f 6859 6235 1626 6858
f 6855 6859 6858 1793
f 1793 6858 6862 6861
f 6858 1626 6232 6862
f 6862 6232 369 6860
f 6861 6862 6860 1792
f 1788 6856 6864 6845
f 6856 1793 6861 6864
f 6864 6861 1792 6863
f 6845 6864 6863 434
f 434 6865 6868 6846
f 6865 1794 6866 6868
f 6868 6866 1796 6867
f 6846 6868 6867 1789
f 1794 6869 6871 6866
f 6869 372 6307 6871
f 6871 6307 1643 6870
f 6866 6871 6870 1796
f 1796 6870 6874 6873
f 6870 1643 6304 6874
f 6874 6304 373 6872
f 6873 6874 6872 1795
f 1789 6867 6876 6849
f 6867 1796 6873 6876
f 6876 6873 1795 6875
f 6849 6876 6875 433
f 434 6863 6879 6865
f 6863 1792 6877 6879
f 6879 6877 1797 6878
f 6865 6879 6878 1794
f 1792 6860 6881 6877
f 6860 369 6253 6881
f 6881 6253 1631 6880
f 6877 6881 6880 1797
f 1797 6880 6883 6882
f 6880 1631 6250 6883
f 6883 6250 370 6295
f 6882 6883 6295 1640
f 1794 6878 6884 6869
f 6878 1797 6882 6884
f 6884 6882 1640 6292
f 6869 6884 6292 372
f 433 6885 6888 6850
f 6885 1798 6886 6888
f 6888 6886 1801 6887
f 6850 6888 6887 1790
f 1798 6889 6892 6886
f 6889 376 6890 6892
f 6892 6890 1799 6891
f 6886 6892 6891 1801
f 1801 6891 6896 6895
f 6891 1799 6893 6896
f 6896 6893 435 6894
f 6895 6896 6894 1800
f 1790 6887 6898 6853
f 6887 1801 6895 6898
f 6898 6895 1800 6897
f 6853 6898 6897 432
f 433 6875 6901 6885
f 6875 1795 6899 6901
f 6901 6899 1802 6900
f 6885 6901 6900 1798
f 1795 6872 6903 6899
f 6872 373 6319 6903
f 6903 6319 1646 6902
f 6899 6903 6902 1802
f 1802 6902 6905 6904
f 6902 1646 6316 6905
f 6905 6316 374 6355
f 6904 6905 6355 1655
f 1798 6900 6906 6889
f 6900 1802 6904 6906
f 6906 6904 1655 6352
f 6889 6906 6352 376
f 435 6907 6910 6894
f 6907 1803 6908 6910
f 6910 6908 1805 6909
f 6894 6910 6909 1800
f 1803 6911 6914 6908
f 6911 436 6912 6914
f 6914 6912 1804 6913
f 6908 6914 6913 1805
f 1805 6913 6917 6916
f 6913 1804 6915 6917
f 6917 6915 431 6835
f 6916 6917 6835 1785
f 1800 6909 6918 6897
f 6909 1805 6916 6918
f 6918 6916 1785 6832
f 6897 6918 6832 432
f 435 6919 6922 6907
f 6919 1806 6920 6922
f 6922 6920 1809 6921
f 6907 6922 6921 1803
f 1806 6923 6926 6920
f 6923 379 6924 6926
f 6926 6924 1807 6925
f 6920 6926 6925 1809
f 1809 6925 6930 6929
f 6925 1807 6927 6930
f 6930 6927 437 6928
f 6929 6930 6928 1808
f 1803 6921 6932 6911
f 6921 1809 6929 6932
f 6932 6929 1808 6931
f 6911 6932 6931 436
f 435 6893 6935 6919
f 6893 1799 6933 6935
f 6935 6933 1810 6934
f 6919 6935 6934 1806
f 1799 6890 6937 6933
f 6890 376 6351 6937
f 6937 6351 1654 6936
f 6933 6937 6936 1810
f 1810 6936 6939 6938
f 6936 1654 6348 6939
f 6939 6348 377 6381
f 6938 6939 6381 1662
f 1806 6934 6940 6923
f 6934 1810 6938 6940
f 6940 6938 1662 6378
f 6923 6940 6378 379
f 437 6941 6944 6928
f 6941 1811 6942 6944
f 6944 6942 1814 6943
f 6928 6944 6943 1808
f 1811 6945 6948 6942
f 6945 439 6946 6948
f 6948 6946 1812 6947
f 6942 6948 6947 1814
f 1814 6947 6952 6951
f 6947 1812 6949 6952
f 6952 6949 438 6950
f 6951 6952 6950 1813
f 1808 6943 6954 6931
f 6943 1814 6951 6954
f 6954 6951 1813 6953
f 6931 6954 6953 436
f 437 6955 6958 6941
f 6955 1815 6956 6958
f 6958 6956 1817 6957
f 6941 6958 6957 1811
f 1815 6959 6961 6956
f 6959 383 6433 6961
f 6961 6433 1676 6960
f 6956 6961 6960 1817
f 1817 6960 6964 6963
f 6960 1676 6430 6964
f 6964 6430 385 6962
f 6963 6964 6962 1816
f 1811 6957 6966 6945
f 6957 1817 6963 6966
f 6966 6963 1816 6965
f 6945 6966 6965 439
f 437 6927 6969 6955
f 6927 1807 6967 6969
f 6969 6967 1818 6968
f 6955 6969 6968 1815
f 1807 6924 6971 6967
f 6924 379 6377 6971
f 6971 6377 1661 6970
f 6967 6971 6970 1818
f 1818 6970 6973 6972
f 6970 1661 6374 6973
f 6973 6374 380 6419
f 6972 6973 6419 1672
f 1815 6968 6974 6959
f 6968 1818 6972 6974
f 6974 6972 1672 6416
f 6959 6974 6416 383
f 439 6975 6978 6946
f 6975 1819 6976 6978
f 6978 6976 1822 6977
f 6946 6978 6977 1812
f 1819 6979 6982 6976
f 6979 441 6980 6982
f 6982 6980 1820 6981
f 6976 6982 6981 1822
f 1822 6981 6986 6985
f 6981 1820 6983 6986
f 6986 6983 440 6984
f 6985 6986 6984 1821
f 1812 6977 6988 6949
f 6977 1822 6985 6988
f 6988 6985 1821 6987
f 6949 6988 6987 438
f 439 6965 6991 6975
f 6965 1816 6989 6991
f 6991 6989 1824 6990
f 6975 6991 6990 1819
f 1816 6962 6993 6989
f 6962 385 6447 6993
f 6993 6447 1680 6992
f 6989 6993 6992 1824
f 1824 6992 6996 6995
f 6992 1680 6444 6996
f 6996 6444 387 6994
f 6995 6996 6994 1823
f 1819 6990 6998 6979
f 6990 1824 6995 6998
f 6998 6995 1823 6997
f 6979 6998 6997 441
f 441 6999 7002 6980
f 6999 1825 7000 7002
f 7002 7000 1828 7001
f 6980 7002 7001 1820
f 1825 7003 7006 7000
f 7003 442 7004 7006
f 7006 7004 1826 7005
f 7000 7006 7005 1828
f 1828 7005 7010 7009
f 7005 1826 7007 7010
f 7010 7007 413 7008
f 7009 7010 7008 1827
f 1820 7001 7012 6983
f 7001 1828 7009 7012
f 7012 7009 1827 7011
f 6983 7012 7011 440
f 441 6997 7015 6999
f 6997 1823 7013 7015
f 7015 7013 1830 7014
f 6999 7015 7014 1825
f 1823 6994 7017 7013
f 6994 387 6461 7017
f 7017 6461 1684 7016
f 7013 7017 7016 1830
f 1830 7016 7020 7019
f 7016 1684 6458 7020
f 7020 6458 389 7018
f 7019 7020 7018 1829
f 1825 7014 7022 7003
f 7014 1830 7019 7022
f 7022 7019 1829 7021
f 7003 7022 7021 442
f 442 7023 7026 7004
f 7023 1831 7024 7026
f 7026 7024 1832 7025
f 7004 7026 7025 1826
f 1831 7027 7029 7024
f 7027 408 6617 7029
f 7029 6617 1727 7028
f 7024 7029 7028 1832
f 1832 7028 7031 7030
f 7028 1727 6614 7031
f 7031 6614 409 6661
f 7030 7031 6661 1739
f 1826 7025 7032 7007
f 7025 1832 7030 7032
f 7032 7030 1739 6658
f 7007 7032 6658 413
f 442 7021 7035 7023
f 7021 1829 7033 7035
f 7035 7033 1834 7034
f 7023 7035 7034 1831
f 1829 7018 7037 7033
f 7018 389 6475 7037
f 7037 6475 1688 7036
f 7033 7037 7036 1834
f 1834 7036 7040 7039
f 7036 1688 6472 7040
f 7040 6472 391 7038
f 7039 7040 7038 1833
f 1831 7034 7042 7027
f 7034 1834 7039 7042
f 7042 7039 1833 7041
f 7027 7042 7041 408
f 440 7011 7046 7045
f 7011 1827 7043 7046
f 7046 7043 1836 7044
f 7045 7046 7044 1835
f 1827 7008 7048 7043
f 7008 413 6657 7048
f 7048 6657 1738 7047
f 7043 7048 7047 1836
f 1836 7047 7050 7049
f 7047 1738 6654 7050
f 7050 6654 414 6701
f 7049 7050 6701 1750
f 1835 7044 7052 7051
f 7044 1836 7049 7052
f 7052 7049 1750 6698
f 7051 7052 6698 418
f 440 7045 7055 6984
f 7045 1835 7053 7055
f 7055 7053 1839 7054
f 6984 7055 7054 1821
f 1835 7051 7058 7053
f 7051 418 7056 7058
f 7058 7056 1837 7057
f 7053 7058 7057 1839
f 1839 7057 7062 7061
f 7057 1837 7059 7062
f 7062 7059 443 7060
f 7061 7062 7060 1838
f 1821 7054 7064 6987
f 7054 1839 7061 7064
f 7064 7061 1838 7063
f 6987 7064 7063 438
f 443 7059 7068 7067
f 7059 1837 7065 7068
f 7068 7065 1841 7066
f 7067 7068 7066 1840
f 1837 7056 7070 7065
f 7056 418 6697 7070
f 7070 6697 1749 7069
f 7065 7070 7069 1841
f 1841 7069 7072 7071
f 7069 1749 6694 7072
f 7072 6694 419 6741
f 7071 7072 6741 1761
f 1840 7066 7074 7073
f 7066 1841 7071 7074
f 7074 7071 1761 6738
f 7073 7074 6738 423
f 443 7075 7078 7060
f 7075 1842 7076 7078
f 7078 7076 1843 7077
f 7060 7078 7077 1838
f 1842 7079 7081 7076
f 7079 431 6915 7081
f 7081 6915 1804 7080
f 7076 7081 7080 1843
f 1843 7080 7083 7082
f 7080 1804 6912 7083
f 7083 6912 436 6953
f 7082 7083 6953 1813
f 1838 7077 7084 7063
f 7077 1843 7082 7084
f 7084 7082 1813 6950
f 7063 7084 6950 438
f 443 7067 7087 7075
f 7067 1840 7085 7087
f 7087 7085 1844 7086
f 7075 7087 7086 1842
f 1840 7073 7089 7085
f 7073 423 6801 7089
f 7089 6801 1777 7088
f 7085 7089 7088 1844
f 1844 7088 7091 7090
f 7088 1777 6798 7091
f 7091 6798 429 6839
f 7090 7091 6839 1786
f 1842 7086 7092 7079
f 7086 1844 7090 7092
f 7092 7090 1786 6836
f 7079 7092 6836 431
f 427 7093 7097 7096
f 7093 1845 7094 7097
f 7097 7094 1849 7095
f 7096 7097 7095 1848
f 1845 7098 7101 7094
f 7098 446 7099 7101
f 7101 7099 1846 7100
f 7094 7101 7100 1849
f 1849 7100 7105 7104
f 7100 1846 7102 7105
f 7105 7102 445 7103
f 7104 7105 7103 1847
f 1848 7095 7108 7107
f 7095 1849 7104 7108
f 7108 7104 1847 7106
f 7107 7108 7106 444
f 427 6762 7111 7093
f 6762 1766 7109 7111
f 7111 7109 1851 7110
f 7093 7111 7110 1845
f 1766 6759 7113 7109
f 6759 421 6726 7113
f 7113 6726 1756 7112
f 7109 7113 7112 1851
f 1851 7112 7116 7115
f 7112 1756 6723 7116
f 7116 6723 422 7114
f 7115 7116 7114 1850
f 1845 7110 7118 7098
f 7110 1851 7115 7118
f 7118 7115 1850 7117
f 7098 7118 7117 446
f 427 7096 7121 6763
f 7096 1848 7119 7121
f 7121 7119 1854 7120
f 6763 7121 7120 1767
f 1848 7107 7124 7119
f 7107 444 7122 7124
f 7124 7122 1852 7123
f 7119 7124 7123 1854
f 1854 7123 7128 7127
f 7123 1852 7125 7128
f 7128 7125 447 7126
f 7127 7128 7126 1853
f 1767 7120 7130 6766
f 7120 1854 7127 7130
f 7130 7127 1853 7129
f 6766 7130 7129 426
f 447 7125 7134 7133
f 7125 1852 7131 7134
f 7134 7131 1858 7132
f 7133 7134 7132 1857
f 1852 7122 7137 7131
f 7122 444 7135 7137
f 7137 7135 1855 7136
f 7131 7137 7136 1858
f 1858 7136 7141 7140
f 7136 1855 7138 7141
f 7141 7138 449 7139
f 7140 7141 7139 1856
f 1857 7132 7144 7143
f 7132 1858 7140 7144
f 7144 7140 1856 7142
f 7143 7144 7142 448
f 447 7145 7148 7126
f 7145 1859 7146 7148
f 7148 7146 1860 7147
f 7126 7148 7147 1853
f 1859 7149 7151 7146
f 7149 361 6189 7151
f 7151 6189 1614 7150
f 7146 7151 7150 1860
f 1860 7150 7153 7152
f 7150 1614 6186 7153
f 7153 6186 363 6789
f 7152 7153 6789 1774
f 1853 7147 7154 7129
f 7147 1860 7152 7154
f 7154 7152 1774 6786
f 7129 7154 6786 426
f 447 7133 7157 7145
f 7133 1857 7155 7157
f 7157 7155 1862 7156
f 7145 7157 7156 1859
f 1857 7143 7160 7155
f 7143 448 7158 7160
f 7160 7158 1861 7159
f 7155 7160 7159 1862
f 1862 7159 7163 7162
f 7159 1861 7161 7163
f 7163 7161 359 6165
f 7162 7163 6165 1608
f 1859 7156 7164 7149
f 7156 1862 7162 7164
f 7164 7162 1608 6162
f 7149 7164 6162 361
f 449 7165 7169 7168
f 7165 1863 7166 7169
f 7169 7166 1867 7167
f 7168 7169 7167 1866
f 1863 7170 7173 7166
f 7170 452 7171 7173
f 7173 7171 1864 7172
f 7166 7173 7172 1867
f 1867 7172 7177 7176
f 7172 1864 7174 7177
f 7177 7174 451 7175
f 7176 7177 7175 1865
f 1866 7167 7180 7179
f 7167 1867 7176 7180
f 7180 7176 1865 7178
f 7179 7180 7178 450
f 449 7138 7183 7165
f 7138 1855 7181 7183
f 7183 7181 1869 7182
f 7165 7183 7182 1863
f 1855 7135 7185 7181
f 7135 444 7106 7185
f 7185 7106 1847 7184
f 7181 7185 7184 1869
f 1869 7184 7188 7187
f 7184 1847 7103 7188
f 7188 7103 445 7186
f 7187 7188 7186 1868
f 1863 7182 7190 7170
f 7182 1869 7187 7190
f 7190 7187 1868 7189
f 7170 7190 7189 452
f 449 7168 7193 7139
f 7168 1866 7191 7193
f 7193 7191 1872 7192
f 7139 7193 7192 1856
f 1866 7179 7196 7191
f 7179 450 7194 7196
f 7196 7194 1870 7195
f 7191 7196 7195 1872
f 1872 7195 7200 7199
f 7195 1870 7197 7200
f 7200 7197 453 7198
f 7199 7200 7198 1871
f 1856 7192 7202 7142
f 7192 1872 7199 7202
f 7202 7199 1871 7201
f 7142 7202 7201 448
f 453 7197 7206 7205
f 7197 1870 7203 7206
f 7206 7203 1876 7204
f 7205 7206 7204 1875
f 1870 7194 7209 7203
f 7194 450 7207 7209
f 7209 7207 1873 7208
f 7203 7209 7208 1876
f 1876 7208 7213 7212
f 7208 1873 7210 7213
f 7213 7210 455 7211
f 7212 7213 7211 1874
f 1875 7204 7216 7215
f 7204 1876 7212 7216
f 7216 7212 1874 7214
f 7215 7216 7214 454
f 453 7217 7220 7198
f 7217 1877 7218 7220
f 7220 7218 1878 7219
f 7198 7220 7219 1871
f 1877 7221 7223 7218
f 7221 358 6141 7223
f 7223 6141 1602 7222
f 7218 7223 7222 1878
f 1878 7222 7225 7224
f 7222 1602 6138 7225
f 7225 6138 359 7161
f 7224 7225 7161 1861
f 1871 7219 7226 7201
f 7219 1878 7224 7226
f 7226 7224 1861 7158
f 7201 7226 7158 448
f 453 7205 7229 7217
f 7205 1875 7227 7229
f 7229 7227 1880 7228
f 7217 7229 7228 1877
f 1875 7215 7232 7227
f 7215 454 7230 7232
f 7232 7230 1879 7231
f 7227 7232 7231 1880
f 1880 7231 7235 7234
f 7231 1879 7233 7235
f 7235 7233 357 6123
f 7234 7235 6123 1597
f 1877 7228 7236 7221
f 7228 1880 7234 7236
f 7236 7234 1597 6120
f 7221 7236 6120 358
f 455 7237 7241 7240
f 7237 1881 7238 7241
f 7241 7238 1885 7239
f 7240 7241 7239 1884
f 1881 7242 7245 7238
f 7242 456 7243 7245
f 7245 7243 1882 7244
f 7238 7245 7244 1885
f 1885 7244 7249 7248
f 7244 1882 7246 7249
f 7249 7246 329 7247
f 7248 7249 7247 1883
f 1884 7239 7252 7251
f 7239 1885 7248 7252
f 7252 7248 1883 7250
f 7251 7252 7250 331
f 455 7210 7255 7237
f 7210 1873 7253 7255
f 7255 7253 1887 7254
f 7237 7255 7254 1881
f 1873 7207 7257 7253
f 7207 450 7178 7257
f 7257 7178 1865 7256
f 7253 7257 7256 1887
f 1887 7256 7260 7259
f 7256 1865 7175 7260
f 7260 7175 451 7258
f 7259 7260 7258 1886
f 1881 7254 7262 7242
f 7254 1887 7259 7262
f 7262 7259 1886 7261
f 7242 7262 7261 456
f 455 7240 7265 7211
f 7240 1884 7263 7265
f 7265 7263 1890 7264
f 7211 7265 7264 1874
f 1884 7251 7268 7263
f 7251 331 7266 7268
f 7268 7266 1888 7267
f 7263 7268 7267 1890
f 1890 7267 7272 7271
f 7267 1888 7269 7272
f 7272 7269 333 7270
f 7271 7272 7270 1889
f 1874 7264 7274 7214
f 7264 1890 7271 7274
f 7274 7271 1889 7273
f 7214 7274 7273 454
f 456 7275 7278 7243
f 7275 1891 7276 7278
f 7278 7276 1893 7277
f 7243 7278 7277 1882
f 1891 7279 7281 7276
f 7279 326 5779 7281
f 7281 5779 1503 7280
f 7276 7281 7280 1893
f 1893 7280 7284 7283
f 7280 1503 5776 7284
f 7284 5776 327 7282
f 7283 7284 7282 1892
f 1882 7277 7286 7246
f 7277 1893 7283 7286
f 7286 7283 1892 7285
f 7246 7286 7285 329
f 456 7261 7289 7275
f 7261 1886 7287 7289
f 7289 7287 1896 7288
f 7275 7289 7288 1891
f 1886 7258 7292 7287
f 7258 451 7290 7292
f 7292 7290 1894 7291
f 7287 7292 7291 1896
f 1896 7291 7296 7295
f 7291 1894 7293 7296
f 7296 7293 457 7294
f 7295 7296 7294 1895
f 1891 7288 7298 7279
f 7288 1896 7295 7298
f 7298 7295 1895 7297
f 7279 7298 7297 326
f 457 7299 7302 7294
f 7299 1897 7300 7302
f 7302 7300 1898 7301
f 7294 7302 7301 1895
f 1897 7303 7305 7300
f 7303 322 5739 7305
f 7305 5739 1492 7304
f 7300 7305 7304 1898
f 1898 7304 7307 7306
f 7304 1492 5736 7307
f 7307 5736 323 5783
f 7306 7307 5783 1504
f 1895 7301 7308 7297
f 7301 1898 7306 7308
f 7308 7306 1504 5780
f 7297 7308 5780 326
f 457 7309 7312 7299
f 7309 1899 7310 7312
f 7312 7310 1902 7311
f 7299 7312 7311 1897
f 1899 7313 7316 7310
f 7313 459 7314 7316
f 7316 7314 1900 7315
f 7310 7316 7315 1902
f 1902 7315 7320 7319
f 7315 1900 7317 7320
f 7320 7317 458 7318
f 7319 7320 7318 1901
f 1897 7311 7322 7303
f 7311 1902 7319 7322
f 7322 7319 1901 7321
f 7303 7322 7321 322
f 457 7293 7325 7309
f 7293 1894 7323 7325
f 7325 7323 1904 7324
f 7309 7325 7324 1899
f 1894 7290 7327 7323
f 7290 451 7174 7327
f 7327 7174 1864 7326
f 7323 7327 7326 1904
f 1904 7326 7330 7329
f 7326 1864 7171 7330
f 7330 7171 452 7328
f 7329 7330 7328 1903
f 1899 7324 7332 7313
f 7324 1904 7329 7332
f 7332 7329 1903 7331
f 7313 7332 7331 459
f 459 7333 7336 7314
f 7333 1905 7334 7336
f 7336 7334 1908 7335
f 7314 7336 7335 1900
f 1905 7337 7340 7334
f 7337 461 7338 7340
f 7340 7338 1906 7339
f 7334 7340 7339 1908
f 1908 7339 7344 7343
f 7339 1906 7341 7344
f 7344 7341 460 7342
f 7343 7344 7342 1907
f 1900 7335 7346 7317
f 7335 1908 7343 7346
f 7346 7343 1907 7345
f 7317 7346 7345 458
f 459 7331 7349 7333
f 7331 1903 7347 7349
f 7349 7347 1910 7348
f 7333 7349 7348 1905
f 1903 7328 7351 7347
f 7328 452 7189 7351
f 7351 7189 1868 7350
f 7347 7351 7350 1910
f 1910 7350 7354 7353
f 7350 1868 7186 7354
f 7354 7186 445 7352
f 7353 7354 7352 1909
f 1905 7348 7356 7337
f 7348 1910 7353 7356
f 7356 7353 1909 7355
f 7337 7356 7355 461
f 461 7357 7360 7338
f 7357 1911 7358 7360
f 7360 7358 1914 7359
f 7338 7360 7359 1906
f 1911 7361 7364 7358
f 7361 463 7362 7364
f 7364 7362 1912 7363
f 7358 7364 7363 1914
f 1914 7363 7368 7367
f 7363 1912 7365 7368
f 7368 7365 462 7366
f 7367 7368 7366 1913
f 1906 7359 7370 7341
f 7359 1914 7367 7370
f 7370 7367 1913 7369
f 7341 7370 7369 460
f 461 7355 7373 7357
f 7355 1909 7371 7373
f 7373 7371 1916 7372
f 7357 7373 7372 1911
f 1909 7352 7375 7371
f 7352 445 7102 7375
f 7375 7102 1846 7374
f 7371 7375 7374 1916
f 1916 7374 7378 7377
f 7374 1846 7099 7378
f 7378 7099 446 7376
f 7377 7378 7376 1915
f 1911 7372 7380 7361
f 7372 1916 7377 7380
f 7380 7377 1915 7379
f 7361 7380 7379 463
f 463 7381 7384 7362
f 7381 1917 7382 7384
f 7384 7382 1920 7383
f 7362 7384 7383 1912
f 1917 7385 7388 7382
f 7385 465 7386 7388
f 7388 7386 1918 7387
f 7382 7388 7387 1920
f 1920 7387 7392 7391
f 7387 1918 7389 7392
f 7392 7389 464 7390
f 7391 7392 7390 1919
f 1912 7383 7394 7365
f 7383 1920 7391 7394
f 7394 7391 1919 7393
f 7365 7394 7393 462
f 463 7379 7397 7381
f 7379 1915 7395 7397
f 7397 7395 1922 7396
f 7381 7397 7396 1917
f 1915 7376 7399 7395
f 7376 446 7117 7399
f 7399 7117 1850 7398
f 7395 7399 7398 1922
f 1922 7398 7402 7401
f 7398 1850 7114 7402
f 7402 7114 422 7400
f 7401 7402 7400 1921
f 1917 7396 7404 7385
f 7396 1922 7401 7404
f 7404 7401 1921 7403
f 7385 7404 7403 465
f 465 7405 7408 7386
f 7405 1923 7406 7408
f 7408 7406 1926 7407
f 7386 7408 7407 1918
f 1923 7409 7412 7406
f 7409 417 7410 7412
f 7412 7410 1924 7411
f 7406 7412 7411 1926
f 1926 7411 7416 7415
f 7411 1924 7413 7416
f 7416 7413 466 7414
f 7415 7416 7414 1925
f 1918 7407 7418 7389
f 7407 1926 7415 7418
f 7418 7415 1925 7417
f 7389 7418 7417 464
f 465 7403 7421 7405
f 7403 1921 7419 7421
f 7421 7419 1927 7420
f 7405 7421 7420 1923
f 1921 7400 7423 7419
f 7400 422 6722 7423
f 7423 6722 1755 7422
f 7419 7423 7422 1927
f 1927 7422 7425 7424
f 7422 1755 6719 7425
f 7425 6719 416 6686
f 7424 7425 6686 1745
f 1923 7420 7426 7409
f 7420 1927 7424 7426
f 7426 7424 1745 6683
f 7409 7426 6683 417
f 466 7427 7430 7414
f 7427 1928 7428 7430
f 7430 7428 1931 7429
f 7414 7430 7429 1925
f 1928 7431 7434 7428
f 7431 468 7432 7434
f 7434 7432 1929 7433
f 7428 7434 7433 1931
f 1931 7433 7438 7437
f 7433 1929 7435 7438
f 7438 7435 467 7436
f 7437 7438 7436 1930
f 1925 7429 7440 7417
f 7429 1931 7437 7440
f 7440 7437 1930 7439
f 7417 7440 7439 464
f 466 7441 7444 7427
f 7441 1932 7442 7444
f 7444 7442 1935 7443
f 7427 7444 7443 1928
f 1932 7445 7448 7442
f 7445 412 7446 7448
f 7448 7446 1933 7447
f 7442 7448 7447 1935
f 1935 7447 7452 7451
f 7447 1933 7449 7452
f 7452 7449 469 7450
f 7451 7452 7450 1934
f 1928 7443 7454 7431
f 7443 1935 7451 7454
f 7454 7451 1934 7453
f 7431 7454 7453 468
f 466 7413 7457 7441
f 7413 1924 7455 7457
f 7457 7455 1936 7456
f 7441 7457 7456 1932
f 1924 7410 7459 7455
f 7410 417 6682 7459
f 7459 6682 1744 7458
f 7455 7459 7458 1936
f 1936 7458 7461 7460
f 7458 1744 6679 7461
f 7461 6679 411 6646
f 7460 7461 6646 1734
f 1932 7456 7462 7445
f 7456 1936 7460 7462
f 7462 7460 1734 6643
f 7445 7462 6643 412
f 469 7463 7466 7450
f 7463 1937 7464 7466
f 7466 7464 1940 7465
f 7450 7466 7465 1934
f 1937 7467 7470 7464
f 7467 471 7468 7470
f 7470 7468 1938 7469
f 7464 7470 7469 1940
f 1940 7469 7474 7473
f 7469 1938 7471 7474
f 7474 7471 470 7472
f 7473 7474 7472 1939
f 1934 7465 7476 7453
f 7465 1940 7473 7476
f 7476 7473 1939 7475
f 7453 7476 7475 468
f 469 7477 7480 7463
f 7477 1941 7478 7480
f 7480 7478 1944 7479
f 7463 7480 7479 1937
f 1941 7481 7484 7478
f 7481 407 7482 7484
f 7484 7482 1942 7483
f 7478 7484 7483 1944
f 1944 7483 7488 7487
f 7483 1942 7485 7488
f 7488 7485 472 7486
f 7487 7488 7486 1943
f 1937 7479 7490 7467
f 7479 1944 7487 7490
f 7490 7487 1943 7489
f 7467 7490 7489 471
f 469 7449 7493 7477
f 7449 1933 7491 7493
f 7493 7491 1945 7492
f 7477 7493 7492 1941
f 1933 7446 7495 7491
f 7446 412 6642 7495
f 7495 6642 1733 7494
f 7491 7495 7494 1945
f 1945 7494 7497 7496
f 7494 1733 6639 7497
f 7497 6639 406 6606
f 7496 7497 6606 1723
f 1941 7492 7498 7481
f 7492 1945 7496 7498
f 7498 7496 1723 6603
f 7481 7498 6603 407
f 472 7499 7502 7486
f 7499 1946 7500 7502
f 7502 7500 1949 7501
f 7486 7502 7501 1943
f 1946 7503 7506 7500
f 7503 474 7504 7506
f 7506 7504 1947 7505
f 7500 7506 7505 1949
f 1949 7505 7510 7509
f 7505 1947 7507 7510
f 7510 7507 473 7508
f 7509 7510 7508 1948
f 1943 7501 7512 7489
f 7501 1949 7509 7512
f 7512 7509 1948 7511
f 7489 7512 7511 471
f 472 7513 7516 7499
f 7513 1950 7514 7516
f 7516 7514 1953 7515
f 7499 7516 7515 1946
f 1950 7517 7520 7514
f 7517 403 7518 7520
f 7520 7518 1951 7519
f 7514 7520 7519 1953
f 1953 7519 7524 7523
f 7519 1951 7521 7524
f 7524 7521 475 7522
f 7523 7524 7522 1952
f 1946 7515 7526 7503
f 7515 1953 7523 7526
f 7526 7523 1952 7525
f 7503 7526 7525 474
f 472 7485 7529 7513
f 7485 1942 7527 7529
f 7529 7527 1954 7528
f 7513 7529 7528 1950
f 1942 7482 7531 7527
f 7482 407 6602 7531
f 7531 6602 1722 7530
f 7527 7531 7530 1954
f 1954 7530 7533 7532
f 7530 1722 6599 7533
f 7533 6599 402 6568
f 7532 7533 6568 1713
f 1950 7528 7534 7517
f 7528 1954 7532 7534
f 7534 7532 1713 6565
f 7517 7534 6565 403
f 475 7535 7538 7522
f 7535 1955 7536 7538
f 7538 7536 1957 7537
f 7522 7538 7537 1952
f 1955 7539 7541 7536
f 7539 242 4836 7541
f 7541 4836 1261 7540
f 7536 7541 7540 1957
f 1957 7540 7544 7543
f 7540 1261 4833 7544
f 7544 4833 241 7542
f 7543 7544 7542 1956
f 1952 7537 7546 7525
f 7537 1957 7543 7546
f 7546 7543 1956 7545
f 7525 7546 7545 474
f 475 7547 7550 7535
f 7547 1958 7548 7550
f 7550 7548 1960 7549
f 7535 7550 7549 1955
f 1958 7551 7554 7548
f 7551 400 7552 7554
f 7554 7552 1959 7553
f 7548 7554 7553 1960
f 1960 7553 7557 7556
f 7553 1959 7555 7557
f 7557 7555 243 4846
f 7556 7557 4846 1264
f 1955 7549 7558 7539
f 7549 1960 7556 7558
f 7558 7556 1264 4843
f 7539 7558 4843 242
f 475 7521 7561 7547
f 7521 1951 7559 7561
f 7561 7559 1961 7560
f 7547 7561 7560 1958
f 1951 7518 7563 7559
f 7518 403 6564 7563
f 7563 6564 1712 7562
f 7559 7563 7562 1961
f 1961 7562 7565 7564
f 7562 1712 6561 7565
f 7565 6561 399 6542
f 7564 7565 6542 1706
f 1958 7560 7566 7551
f 7560 1961 7564 7566
f 7566 7564 1706 6539
f 7551 7566 6539 400
f 243 7555 7569 4861
f 7555 1959 7567 7569
f 7569 7567 1962 7568
f 4861 7569 7568 1269
f 1959 7552 7571 7567
f 7552 400 6538 7571
f 7571 6538 1705 7570
f 7567 7571 7570 1962
f 1962 7570 7573 7572
f 7570 1705 6535 7573
f 7573 6535 293 5418
f 7572 7573 5418 1406
f 1269 7568 7574 4865
f 7568 1962 7572 7574
f 7574 7572 1406 5415
f 4865 7574 5415 51
f 241 4873 7577 7542
f 4873 1272 7575 7577
f 7577 7575 1964 7576
f 7542 7577 7576 1956
f 1272 4881 7580 7575
f 4881 244 7578 7580
f 7580 7578 1963 7579
f 7575 7580 7579 1964
f 1964 7579 7583 7582
f 7579 1963 7581 7583
f 7583 7581 473 7507
f 7582 7583 7507 1947
f 1956 7576 7584 7545
f 7576 1964 7582 7584
f 7584 7582 1947 7504
f 7545 7584 7504 474
f 244 4885 7587 7578
f 4885 1276 7585 7587
f 7587 7585 1967 7586
f 7578 7587 7586 1963
f 1276 4895 7590 7585
f 4895 246 7588 7590
f 7590 7588 1965 7589
f 7585 7590 7589 1967
f 1967 7589 7594 7593
f 7589 1965 7591 7594
f 7594 7591 476 7592
f 7593 7594 7592 1966
f 1963 7586 7596 7581
f 7586 1967 7593 7596
f 7596 7593 1966 7595
f 7581 7596 7595 473
f 246 4899 7599 7588
f 4899 1280 7597 7599
f 7599 7597 1970 7598
f 7588 7599 7598 1965
f 1280 4909 7602 7597
f 4909 248 7600 7602
f 7602 7600 1968 7601
f 7597 7602 7601 1970
f 1970 7601 7606 7605
f 7601 1968 7603 7606
f 7606 7603 477 7604
f 7605 7606 7604 1969
f 1965 7598 7608 7591
f 7598 1970 7605 7608
f 7608 7605 1969 7607
f 7591 7608 7607 476
f 248 4913 7611 7600
f 4913 1283 7609 7611
f 7611 7609 1972 7610
f 7600 7611 7610 1968
f 1283 4921 7613 7609
f 4921 58 5485 7613
f 7613 5485 1424 7612
f 7609 7613 7612 1972
f 1972 7612 7616 7615
f 7612 1424 5482 7616
f 7616 5482 273 7614
f 7615 7616 7614 1971
f 1968 7610 7618 7603
f 7610 1972 7615 7618
f 7618 7615 1971 7617
f 7603 7618 7617 477
f 477 7619 7622 7604
f 7619 1973 7620 7622
f 7622 7620 1976 7621
f 7604 7622 7621 1969
f 1973 7623 7626 7620
f 7623 478 7624 7626
f 7626 7624 1974 7625
f 7620 7626 7625 1976
f 1976 7625 7630 7629
f 7625 1974 7627 7630
f 7630 7627 470 7628
f 7629 7630 7628 1975
f 1969 7621 7632 7607
f 7621 1976 7629 7632
f 7632 7629 1975 7631
f 7607 7632 7631 476
f 477 7617 7635 7619
f 7617 1971 7633 7635
f 7635 7633 1978 7634
f 7619 7635 7634 1973
f 1971 7614 7637 7633
f 7614 273 5235 7637
f 7637 5235 1357 7636
f 7633 7637 7636 1978
f 1978 7636 7640 7639
f 7636 1357 5232 7640
f 7640 5232 270 7638
f 7639 7640 7638 1977
f 1973 7634 7642 7623
f 7634 1978 7639 7642
f 7642 7639 1977 7641
f 7623 7642 7641 478
f 478 7643 7646 7624
f 7643 1979 7644 7646
f 7646 7644 1980 7645
f 7624 7646 7645 1974
f 1979 7647 7649 7644
f 7647 467 7435 7649
f 7649 7435 1929 7648
f 7644 7649 7648 1980
f 1980 7648 7651 7650
f 7648 1929 7432 7651
f 7651 7432 468 7475
f 7650 7651 7475 1939
f 1974 7645 7652 7627
f 7645 1980 7650 7652
f 7652 7650 1939 7472
f 7627 7652 7472 470
f 478 7641 7655 7643
f 7641 1977 7653 7655
f 7655 7653 1982 7654
f 7643 7655 7654 1979
f 1977 7638 7657 7653
f 7638 270 5226 7657
f 7657 5226 1354 7656
f 7653 7657 7656 1982
f 1982 7656 7660 7659
f 7656 1354 5223 7660
f 7660 5223 271 7658
f 7659 7660 7658 1981
f 1979 7654 7662 7647
f 7654 1982 7659 7662
f 7662 7659 1981 7661
f 7647 7662 7661 467
f 476 7631 7665 7592
f 7631 1975 7663 7665
f 7665 7663 1983 7664
f 7592 7665 7664 1966
f 1975 7628 7667 7663
f 7628 470 7471 7667
f 7667 7471 1938 7666
f 7663 7667 7666 1983
f 1983 7666 7669 7668
f 7666 1938 7468 7669
f 7669 7468 471 7511
f 7668 7669 7511 1948
f 1966 7664 7670 7595
f 7664 1983 7668 7670
f 7670 7668 1948 7508
f 7595 7670 7508 473
f 467 7661 7673 7436
f 7661 1981 7671 7673
f 7673 7671 1985 7672
f 7436 7673 7672 1930
f 1981 7658 7676 7671
f 7658 271 7674 7676
f 7676 7674 1984 7675
f 7671 7676 7675 1985
f 1985 7675 7679 7678
f 7675 1984 7677 7679
f 7679 7677 462 7393
f 7678 7679 7393 1919
f 1930 7672 7680 7439
f 7672 1985 7678 7680
f 7680 7678 1919 7390
f 7439 7680 7390 464
f 462 7677 7683 7366
f 7677 1984 7681 7683
f 7683 7681 1987 7682
f 7366 7683 7682 1913
f 1984 7674 7685 7681
f 7674 271 5222 7685
f 7685 5222 1353 7684
f 7681 7685 7684 1987
f 1987 7684 7688 7687
f 7684 1353 5219 7688
f 7688 5219 272 7686
f 7687 7688 7686 1986
f 1913 7682 7690 7369
f 7682 1987 7687 7690
f 7690 7687 1986 7689
f 7369 7690 7689 460
f 460 7689 7693 7342
f 7689 1986 7691 7693
f 7693 7691 1989 7692
f 7342 7693 7692 1907
f 1986 7686 7695 7691
f 7686 272 5265 7695
f 7695 5265 1365 7694
f 7691 7695 7694 1989
f 1989 7694 7698 7697
f 7694 1365 5262 7698
f 7698 5262 275 7696
f 7697 7698 7696 1988
f 1907 7692 7700 7345
f 7692 1989 7697 7700
f 7700 7697 1988 7699
f 7345 7700 7699 458
f 458 7699 7703 7318
f 7699 1988 7701 7703
f 7703 7701 1990 7702
f 7318 7703 7702 1901
f 1988 7696 7705 7701
f 7696 275 5343 7705
f 7705 5343 1386 7704
f 7701 7705 7704 1990
f 1990 7704 7707 7706
f 7704 1386 5340 7707
f 7707 5340 282 5743
f 7706 7707 5743 1493
f 1901 7702 7708 7321
f 7702 1990 7706 7708
f 7708 7706 1493 5740
f 7321 7708 5740 322
f 454 7273 7711 7230
f 7273 1889 7709 7711
f 7711 7709 1993 7710
f 7230 7711 7710 1879
f 1889 7270 7714 7709
f 7270 333 7712 7714
f 7714 7712 1991 7713
f 7709 7714 7713 1993
f 1993 7713 7718 7717
f 7713 1991 7715 7718
f 7718 7715 335 7716
f 7717 7718 7716 1992
f 1879 7710 7720 7233
f 7710 1993 7717 7720
f 7720 7717 1992 7719
f 7233 7720 7719 357
f 408 7041 7723 6618
f 7041 1833 7721 7723
f 7723 7721 1994 7722
f 6618 7723 7722 1728
f 1833 7038 7725 7721
f 7038 391 6489 7725
f 7725 6489 1692 7724
f 7721 7725 7724 1994
f 1994 7724 7727 7726
f 7724 1692 6486 7727
f 7727 6486 393 6579
f 7726 7727 6579 1717
f 1728 7722 7728 6621
f 7722 1994 7726 7728
f 7728 7726 1717 6576
f 6621 7728 6576 404
f 357 7719 7731 6124
f 7719 1992 7729 7731
f 7731 7729 1996 7730
f 6124 7731 7730 1598
f 1992 7716 7734 7729
f 7716 335 7732 7734
f 7734 7732 1995 7733
f 7729 7734 7733 1996
f 1996 7733 7737 7736
f 7733 1995 7735 7737
f 7737 7735 337 6097
f 7736 7737 6097 1590
f 1598 7730 7738 6127
f 7730 1996 7736 7738
f 7738 7736 1590 6094
f 6127 7738 6094 355
f 315 5669 7741 5622
f 5669 1474 7739 7741
f 7741 7739 1998 7740
f 5622 7741 7740 1462
f 1474 5666 7743 7739
f 5666 281 5326 7743
f 7743 5326 1381 7742
f 7739 7743 7742 1998
f 1998 7742 7746 7745
f 7742 1381 5323 7746
f 7746 5323 278 7744
f 7745 7746 7744 1997
f 1462 7740 7748 5625
f 7740 1998 7745 7748
f 7748 7745 1997 7747
f 5625 7748 7747 314
f 314 7749 7752 5626
f 7749 1999 7750 7752
f 7752 7750 2001 7751
f 5626 7752 7751 1463
f 1999 7753 7756 7750
f 7753 479 7754 7756
f 7756 7754 2000 7755
f 7750 7756 7755 2001
f 2001 7755 7759 7758
f 7755 2000 7757 7759
f 7759 7757 309 5585
f 7758 7759 5585 1451
f 1463 7751 7760 5629
f 7751 2001 7758 7760
f 7760 7758 1451 5582
f 5629 7760 5582 310
f 314 7747 7763 7749
f 7747 1997 7761 7763
f 7763 7761 2003 7762
f 7749 7763 7762 1999
f 1997 7744 7765 7761
f 7744 278 5316 7765
f 7765 5316 1378 7764
f 7761 7765 7764 2003
f 2003 7764 7768 7767
f 7764 1378 5313 7768
f 7768 5313 279 7766
f 7767 7768 7766 2002
f 1999 7762 7770 7753
f 7762 2003 7767 7770
f 7770 7767 2002 7769
f 7753 7770 7769 479
f 479 7771 7774 7754
f 7771 2004 7772 7774
f 7774 7772 2007 7773
f 7754 7774 7773 2000
f 2004 7775 7778 7772
f 7775 481 7776 7778
f 7778 7776 2005 7777
f 7772 7778 7777 2007
f 2007 7777 7782 7781
f 7777 2005 7779 7782
f 7782 7779 480 7780
f 7781 7782 7780 2006
f 2000 7773 7784 7757
f 7773 2007 7781 7784
f 7784 7781 2006 7783
f 7757 7784 7783 309
f 479 7769 7787 7771
f 7769 2002 7785 7787
f 7787 7785 2009 7786
f 7771 7787 7786 2004
f 2002 7766 7789 7785
f 7766 279 5367 7789
f 7789 5367 1393 7788
f 7785 7789 7788 2009
f 2009 7788 7792 7791
f 7788 1393 5364 7792
f 7792 5364 288 7790
f 7791 7792 7790 2008
f 2004 7786 7794 7775
f 7786 2009 7791 7794
f 7794 7791 2008 7793
f 7775 7794 7793 481
f 480 7795 7798 7780
f 7795 2010 7796 7798
f 7798 7796 2011 7797
f 7780 7798 7797 2006
f 2010 7799 7801 7796
f 7799 304 5545 7801
f 7801 5545 1440 7800
f 7796 7801 7800 2011
f 2011 7800 7803 7802
f 7800 1440 5542 7803
f 7803 5542 305 5589
f 7802 7803 5589 1452
f 2006 7797 7804 7783
f 7797 2011 7802 7804
f 7804 7802 1452 5586
f 7783 7804 5586 309
f 308 5570 7807 6024
f 5570 1446 7805 7807
f 7807 7805 2012 7806
f 6024 7807 7806 1573
f 1446 5567 7809 7805
f 5567 303 5534 7809
f 7809 5534 1436 7808
f 7805 7809 7808 2012
f 2012 7808 7811 7810
f 7808 1436 5531 7811
f 7811 5531 257 5140
f 7810 7811 5140 1329
f 1573 7806 7812 6027
f 7806 2012 7810 7812
f 7812 7810 1329 5137
f 6027 7812 5137 258
f 291 7813 7816 5402
f 7813 2013 7814 7816
f 7816 7814 2014 7815
f 5402 7816 7815 1403
f 2013 7817 7819 7814
f 7817 287 5356 7819
f 7819 5356 1389 7818
f 7814 7819 7818 2014
f 2014 7818 7821 7820
f 7818 1389 5353 7821
f 7821 5353 267 5210
f 7820 7821 5210 1349
f 1403 7815 7822 5405
f 7815 2014 7820 7822
f 7822 7820 1349 5207
f 5405 7822 5207 268
f 483 7823 7827 7826
f 7823 2015 7824 7827
f 7827 7824 2018 7825
f 7826 7827 7825 2017
f 2015 7828 7831 7824
f 7828 482 7829 7831
f 7831 7829 2016 7830
f 7824 7831 7830 2018
f 2018 7830 7834 7833
f 7830 2016 7832 7834
f 7834 7832 54 2981
f 7833 7834 2981 781
f 2017 7825 7836 7835
f 7825 2018 7833 7836
f 7836 7833 781 2978
f 7835 7836 2978 55
f 483 7826 7840 7839
f 7826 2017 7837 7840
f 7840 7837 2020 7838
f 7839 7840 7838 2019
f 2017 7835 7842 7837
f 7835 55 3005 7842
f 7842 3005 787 7841
f 7837 7842 7841 2020
f 2020 7841 7844 7843
f 7841 787 3002 7844
f 7844 3002 56 3045
f 7843 7844 3045 798
f 2019 7838 7846 7845
f 7838 2020 7843 7846
f 7846 7843 798 3042
f 7845 7846 3042 484
f 485 7847 7850 3038
f 7847 2021 7848 7850
f 7850 7848 2024 7849
f 3038 7850 7849 797
f 2021 7851 7854 7848
f 7851 548 7852 7854
f 7854 7852 2022 7853
f 7848 7854 7853 2024
f 2024 7853 7858 7857
f 7853 2022 7855 7858
f 7858 7855 518 7856
f 7857 7858 7856 2023
f 797 7849 7860 3041
f 7849 2024 7857 7860
f 7860 7857 2023 7859
f 3041 7860 7859 484
f 485 3071 7863 7847
f 3071 805 7861 7863
f 7863 7861 2027 7862
f 7847 7863 7862 2021
f 805 3068 7866 7861
f 3068 486 7864 7866
f 7866 7864 2025 7865
f 7861 7866 7865 2027
f 2027 7865 7870 7869
f 7865 2025 7867 7870
f 7870 7867 519 7868
f 7869 7870 7868 2026
f 2021 7862 7872 7851
f 7862 2027 7869 7872
f 7872 7869 2026 7871
f 7851 7872 7871 548
f 486 3067 7876 7875
f 3067 804 7873 7876
f 7876 7873 2030 7874
f 7875 7876 7874 2029
f 804 3064 7878 7873
f 3064 86 4572 7878
f 7878 4572 1196 7877
f 7873 7878 7877 2030
f 2030 7877 7881 7880
f 7877 1196 4569 7881
f 7881 4569 88 7879
f 7880 7881 7879 2028
f 2029 7874 7884 7883
f 7874 2030 7880 7884
f 7884 7880 2028 7882
f 7883 7884 7882 487
f 487 7882 7888 7887
f 7882 2028 7885 7888
f 7888 7885 2033 7886
f 7887 7888 7886 2032
f 2028 7879 7890 7885
f 7879 88 4536 7890
f 7890 4536 1187 7889
f 7885 7890 7889 2033
f 2033 7889 7893 7892
f 7889 1187 4533 7893
f 7893 4533 90 7891
f 7892 7893 7891 2031
f 2032 7886 7896 7895
f 7886 2033 7892 7896
f 7896 7892 2031 7894
f 7895 7896 7894 488
f 488 7894 7900 7899
f 7894 2031 7897 7900
f 7900 7897 2036 7898
f 7899 7900 7898 2035
f 2031 7891 7902 7897
f 7891 90 4563 7902
f 7902 4563 1194 7901
f 7897 7902 7901 2036
f 2036 7901 7905 7904
f 7901 1194 4560 7905
f 7905 4560 92 7903
f 7904 7905 7903 2034
f 2035 7898 7908 7907
f 7898 2036 7904 7908
f 7908 7904 2034 7906
f 7907 7908 7906 489
f 489 7906 7912 7911
f 7906 2034 7909 7912
f 7912 7909 2039 7910
f 7911 7912 7910 2038
f 2034 7903 7914 7909
f 7903 92 5023 7914
f 7914 5023 1304 7913
f 7909 7914 7913 2039
f 2039 7913 7917 7916
f 7913 1304 5020 7917
f 7917 5020 94 7915
f 7916 7917 7915 2037
f 2038 7910 7920 7919
f 7910 2039 7916 7920
f 7920 7916 2037 7918
f 7919 7920 7918 490
f 490 7918 7924 7923
f 7918 2037 7921 7924
f 7924 7921 2042 7922
f 7923 7924 7922 2041
f 2037 7915 7926 7921
f 7915 94 5041 7926
f 7926 5041 1307 7925
f 7921 7926 7925 2042
f 2042 7925 7929 7928
f 7925 1307 5038 7929
f 7929 5038 96 7927
f 7928 7929 7927 2040
f 2041 7922 7932 7931
f 7922 2042 7928 7932
f 7932 7928 2040 7930
f 7931 7932 7930 491
f 491 7930 7936 7935
f 7930 2040 7933 7936
f 7936 7933 2045 7934
f 7935 7936 7934 2044
f 2040 7927 7938 7933
f 7927 96 3372 7938
f 7938 3372 887 7937
f 7933 7938 7937 2045
f 2045 7937 7941 7940
f 7937 887 3369 7941
f 7941 3369 98 7939
f 7940 7941 7939 2043
f 2044 7934 7944 7943
f 7934 2045 7940 7944
f 7944 7940 2043 7942
f 7943 7944 7942 492
f 492 7942 7948 7947
f 7942 2043 7945 7948
f 7948 7945 2048 7946
f 7947 7948 7946 2047
f 2043 7939 7950 7945
f 7939 98 3348 7950
f 7950 3348 881 7949
f 7945 7950 7949 2048
f 2048 7949 7953 7952
f 7949 881 3345 7953
f 7953 3345 100 7951
f 7952 7953 7951 2046
f 2047 7946 7956 7955
f 7946 2048 7952 7956
f 7956 7952 2046 7954
f 7955 7956 7954 493
f 493 7954 7960 7959
f 7954 2046 7957 7960
f 7960 7957 2051 7958
f 7959 7960 7958 2050
f 2046 7951 7962 7957
f 7951 100 3324 7962
f 7962 3324 875 7961
f 7957 7962 7961 2051
f 2051 7961 7965 7964
f 7961 875 3321 7965
f 7965 3321 102 7963
f 7964 7965 7963 2049
f 2050 7958 7968 7967
f 7958 2051 7964 7968
f 7968 7964 2049 7966
f 7967 7968 7966 494
f 494 7966 7972 7971
f 7966 2049 7969 7972
f 7972 7969 2054 7970
f 7971 7972 7970 2053
f 2049 7963 7974 7969
f 7963 102 3288 7974
f 7974 3288 866 7973
f 7969 7974 7973 2054
f 2054 7973 7977 7976
f 7973 866 3285 7977
f 7977 3285 104 7975
f 7976 7977 7975 2052
f 2053 7970 7980 7979
f 7970 2054 7976 7980
f 7980 7976 2052 7978
f 7979 7980 7978 495
f 495 7978 7984 7983
f 7978 2052 7981 7984
f 7984 7981 2057 7982
f 7983 7984 7982 2056
f 2052 7975 7986 7981
f 7975 104 3260 7986
f 7986 3260 859 7985
f 7981 7986 7985 2057
f 2057 7985 7989 7988
f 7985 859 3255 7989
f 7989 3255 106 7987
f 7988 7989 7987 2055
f 2056 7982 7992 7991
f 7982 2057 7988 7992
f 7992 7988 2055 7990
f 7991 7992 7990 496
f 496 7990 7996 7995
f 7990 2055 7993 7996
f 7996 7993 2060 7994
f 7995 7996 7994 2059
f 2055 7987 7998 7993
f 7987 106 3273 7998
f 7998 3273 864 7997
f 7993 7998 7997 2060
f 2060 7997 8001 8000
f 7997 864 3279 8001
f 8001 3279 77 7999
f 8000 8001 7999 2058
f 2059 7994 8004 8003
f 7994 2060 8000 8004
f 8004 8000 2058 8002
f 8003 8004 8002 497
f 497 8002 8008 8007
f 8002 2058 8005 8008
f 8008 8005 2063 8006
f 8007 8008 8006 2062
f 2058 7999 8010 8005
f 7999 77 2927 8010
f 8010 2927 767 8009
f 8005 8010 8009 2063
f 2063 8009 8013 8012
f 8009 767 2924 8013
f 8013 2924 76 8011
f 8012 8013 8011 2061
f 2062 8006 8016 8015
f 8006 2063 8012 8016
f 8016 8012 2061 8014
f 8015 8016 8014 498
f 498 8014 8020 8019
f 8014 2061 8017 8020
f 8020 8017 2065 8018
f 8019 8020 8018 2064
f 2061 8011 8022 8017
f 8011 76 2957 8022
f 8022 2957 775 8021
f 8017 8022 8021 2065
f 2065 8021 8024 8023
f 8021 775 2954 8024
f 8024 2954 54 7832
f 8023 8024 7832 2016
f 2064 8018 8026 8025
f 8018 2065 8023 8026
f 8026 8023 2016 7829
f 8025 8026 7829 482
f 499 8027 8031 8030
f 8027 2066 8028 8031
f 8031 8028 2069 8029
f 8030 8031 8029 2068
f 2066 8032 8034 8028
f 8032 297 5701 8034
f 8034 5701 1482 8033
f 8028 8034 8033 2069
f 2069 8033 8037 8036
f 8033 1482 5698 8037
f 8037 5698 296 8035
f 8036 8037 8035 2067
f 2068 8029 8040 8039
f 8029 2069 8036 8040
f 8040 8036 2067 8038
f 8039 8040 8038 500
f 499 8041 8044 8027
f 8041 2070 8042 8044
f 8044 8042 2071 8043
f 8027 8044 8043 2066
f 2070 8045 8047 8042
f 8045 501 5764 8047
f 8047 5764 1498 8046
f 8042 8047 8046 2071
f 2071 8046 8049 8048
f 8046 1498 5761 8049
f 8049 5761 298 5725
f 8048 8049 5725 1488
f 2066 8043 8050 8032
f 8043 2071 8048 8050
f 8050 8048 1488 5722
f 8032 8050 5722 297
f 502 5768 8054 8053
f 5768 1499 8051 8054
f 8054 8051 2075 8052
f 8053 8054 8052 2074
f 1499 5765 8057 8051
f 5765 501 8055 8057
f 8057 8055 2072 8056
f 8051 8057 8056 2075
f 2075 8056 8061 8060
f 8056 2072 8058 8061
f 8061 8058 534 8059
f 8060 8061 8059 2073
f 2074 8052 8064 8063
f 8052 2075 8060 8064
f 8064 8060 2073 8062
f 8063 8064 8062 549
f 502 8053 8067 5788
f 8053 2074 8065 8067
f 8067 8065 2078 8066
f 5788 8067 8066 1506
f 2074 8063 8070 8065
f 8063 549 8068 8070
f 8070 8068 2076 8069
f 8065 8070 8069 2078
f 2078 8069 8074 8073
f 8069 2076 8071 8074
f 8074 8071 536 8072
f 8073 8074 8072 2077
f 1506 8066 8076 5791
f 8066 2078 8073 8076
f 8076 8073 2077 8075
f 5791 8076 8075 503
f 503 8077 8080 5792
f 8077 2079 8078 8080
f 8080 8078 2081 8079
f 5792 8080 8079 1507
f 2079 8081 8084 8078
f 8081 504 8082 8084
f 8084 8082 2080 8083
f 8078 8084 8083 2081
f 2081 8083 8087 8086
f 8083 2080 8085 8087
f 8087 8085 329 7285
f 8086 8087 7285 1892
f 1507 8079 8088 5795
f 8079 2081 8086 8088
f 8088 8086 1892 7282
f 5795 8088 7282 327
f 504 8089 8092 8082
f 8089 2082 8090 8092
f 8092 8090 2084 8091
f 8082 8092 8091 2080
f 2082 8093 8096 8090
f 8093 505 8094 8096
f 8096 8094 2083 8095
f 8090 8096 8095 2084
f 2084 8095 8099 8098
f 8095 2083 8097 8099
f 8099 8097 331 7250
f 8098 8099 7250 1883
f 2080 8091 8100 8085
f 8091 2084 8098 8100
f 8100 8098 1883 7247
f 8085 8100 7247 329
f 505 8101 8104 8094
f 8101 2085 8102 8104
f 8104 8102 2087 8103
f 8094 8104 8103 2083
f 2085 8105 8108 8102
f 8105 506 8106 8108
f 8108 8106 2086 8107
f 8102 8108 8107 2087
f 2087 8107 8111 8110
f 8107 2086 8109 8111
f 8111 8109 333 7269
f 8110 8111 7269 1888
f 2083 8103 8112 8097
f 8103 2087 8110 8112
f 8112 8110 1888 7266
f 8097 8112 7266 331
f 506 8113 8116 8106
f 8113 2088 8114 8116
f 8116 8114 2090 8115
f 8106 8116 8115 2086
f 2088 8117 8120 8114
f 8117 507 8118 8120
f 8120 8118 2089 8119
f 8114 8120 8119 2090
f 2090 8119 8123 8122
f 8119 2089 8121 8123
f 8123 8121 335 7715
f 8122 8123 7715 1991
f 2086 8115 8124 8109
f 8115 2090 8122 8124
f 8124 8122 1991 7712
f 8109 8124 7712 333
f 507 8125 8128 8118
f 8125 2091 8126 8128
f 8128 8126 2093 8127
f 8118 8128 8127 2089
f 2091 8129 8132 8126
f 8129 508 8130 8132
f 8132 8130 2092 8131
f 8126 8132 8131 2093
f 2093 8131 8135 8134
f 8131 2092 8133 8135
f 8135 8133 337 7735
f 8134 8135 7735 1995
f 2089 8127 8136 8121
f 8127 2093 8134 8136
f 8136 8134 1995 7732
f 8121 8136 7732 335
f 508 8137 8140 8130
f 8137 2094 8138 8140
f 8140 8138 2096 8139
f 8130 8140 8139 2092
f 2094 8141 8144 8138
f 8141 509 8142 8144
f 8144 8142 2095 8143
f 8138 8144 8143 2096
f 2096 8143 8147 8146
f 8143 2095 8145 8147
f 8147 8145 339 6101
f 8146 8147 6101 1591
f 2092 8139 8148 8133
f 8139 2096 8146 8148
f 8148 8146 1591 6098
f 8133 8148 6098 337
f 509 8149 8152 8142
f 8149 2097 8150 8152
f 8152 8150 2099 8151
f 8142 8152 8151 2095
f 2097 8153 8156 8150
f 8153 510 8154 8156
f 8156 8154 2098 8155
f 8150 8156 8155 2099
f 2099 8155 8159 8158
f 8155 2098 8157 8159
f 8159 8157 341 6077
f 8158 8159 6077 1585
f 2095 8151 8160 8145
f 8151 2099 8158 8160
f 8160 8158 1585 6074
f 8145 8160 6074 339
f 510 8161 8164 8154
f 8161 2100 8162 8164
f 8164 8162 2102 8163
f 8154 8164 8163 2098
f 2100 8165 8168 8162
f 8165 511 8166 8168
f 8168 8166 2101 8167
f 8162 8168 8167 2102
f 2102 8167 8171 8170
f 8167 2101 8169 8171
f 8171 8169 343 6053
f 8170 8171 6053 1579
f 2098 8163 8172 8157
f 8163 2102 8170 8172
f 8172 8170 1579 6050
f 8157 8172 6050 341
f 511 8173 8176 8166
f 8173 2103 8174 8176
f 8176 8174 2105 8175
f 8166 8176 8175 2101
f 2103 8177 8180 8174
f 8177 512 8178 8180
f 8180 8178 2104 8179
f 8174 8180 8179 2105
f 2105 8179 8183 8182
f 8179 2104 8181 8183
f 8183 8181 345 6017
f 8182 8183 6017 1570
f 2101 8175 8184 8169
f 8175 2105 8182 8184
f 8184 8182 1570 6014
f 8169 8184 6014 343
f 512 8185 8188 8178
f 8185 2106 8186 8188
f 8188 8186 2108 8187
f 8178 8188 8187 2104
f 2106 8189 8192 8186
f 8189 513 8190 8192
f 8192 8190 2107 8191
f 8186 8192 8191 2108
f 2108 8191 8195 8194
f 8191 2107 8193 8195
f 8195 8193 347 5982
f 8194 8195 5982 1564
f 2104 8187 8196 8181
f 8187 2108 8194 8196
f 8196 8194 1564 5993
f 8181 8196 5993 345
f 513 8197 8200 8190
f 8197 2109 8198 8200
f 8200 8198 2111 8199
f 8190 8200 8199 2107
f 2109 8201 8204 8198
f 8201 514 8202 8204
f 8204 8202 2110 8203
f 8198 8204 8203 2111
f 2111 8203 8207 8206
f 8203 2110 8205 8207
f 8207 8205 318 5999
f 8206 8207 5999 1566
f 2107 8199 8208 8193
f 8199 2111 8206 8208
f 8208 8206 1566 5995
f 8193 8208 5995 347
f 514 8209 8212 8202
f 8209 2112 8210 8212
f 8212 8210 2114 8211
f 8202 8212 8211 2110
f 2112 8213 8216 8210
f 8213 515 8214 8216
f 8216 8214 2113 8215
f 8210 8216 8215 2114
f 2114 8215 8219 8218
f 8215 2113 8217 8219
f 8219 8217 317 5654
f 8218 8219 5654 1469
f 2110 8211 8220 8205
f 8211 2114 8218 8220
f 8220 8218 1469 5651
f 8205 8220 5651 318
f 515 8221 8224 8214
f 8221 2115 8222 8224
f 8224 8222 2116 8223
f 8214 8224 8223 2113
f 2115 8225 8227 8222
f 8225 500 8038 8227
f 8227 8038 2067 8226
f 8222 8227 8226 2116
f 2116 8226 8229 8228
f 8226 2067 8035 8229
f 8229 8035 296 5677
f 8228 8229 5677 1476
f 2113 8223 8230 8217
f 8223 2116 8228 8230
f 8230 8228 1476 5674
f 8217 8230 5674 317
f 517 8231 8235 8234
f 8231 2117 8232 8235
f 8235 8232 2120 8233
f 8234 8235 8233 2119
f 2117 8236 8239 8232
f 8236 516 8237 8239
f 8239 8237 2118 8238
f 8232 8239 8238 2120
f 2120 8238 8242 8241
f 8238 2118 8240 8242
f 8242 8240 482 7828
f 8241 8242 7828 2015
f 2119 8233 8244 8243
f 8233 2120 8241 8244
f 8244 8241 2015 7823
f 8243 8244 7823 483
f 517 8234 8248 8247
f 8234 2119 8245 8248
f 8248 8245 2122 8246
f 8247 8248 8246 2121
f 2119 8243 8250 8245
f 8243 483 7839 8250
f 8250 7839 2019 8249
f 8245 8250 8249 2122
f 2122 8249 8252 8251
f 8249 2019 7845 8252
f 8252 7845 484 7859
f 8251 8252 7859 2023
f 2121 8246 8254 8253
f 8246 2122 8251 8254
f 8254 8251 2023 7856
f 8253 8254 7856 518
f 519 7867 8258 8257
f 7867 2025 8255 8258
f 8258 8255 2125 8256
f 8257 8258 8256 2124
f 2025 7864 8260 8255
f 7864 486 7875 8260
f 8260 7875 2029 8259
f 8255 8260 8259 2125
f 2125 8259 8263 8262
f 8259 2029 7883 8263
f 8263 7883 487 8261
f 8262 8263 8261 2123
f 2124 8256 8266 8265
f 8256 2125 8262 8266
f 8266 8262 2123 8264
f 8265 8266 8264 520
f 520 8264 8270 8269
f 8264 2123 8267 8270
f 8270 8267 2128 8268
f 8269 8270 8268 2127
f 2123 8261 8272 8267
f 8261 487 7887 8272
f 8272 7887 2032 8271
f 8267 8272 8271 2128
f 2128 8271 8275 8274
f 8271 2032 7895 8275
f 8275 7895 488 8273
f 8274 8275 8273 2126
f 2127 8268 8278 8277
f 8268 2128 8274 8278
f 8278 8274 2126 8276
f 8277 8278 8276 521
f 521 8276 8282 8281
f 8276 2126 8279 8282
f 8282 8279 2131 8280
f 8281 8282 8280 2130
f 2126 8273 8284 8279
f 8273 488 7899 8284
f 8284 7899 2035 8283
f 8279 8284 8283 2131
f 2131 8283 8287 8286
f 8283 2035 7907 8287
f 8287 7907 489 8285
f 8286 8287 8285 2129
f 2130 8280 8290 8289
f 8280 2131 8286 8290
f 8290 8286 2129 8288
f 8289 8290 8288 522
f 522 8288 8294 8293
f 8288 2129 8291 8294
f 8294 8291 2134 8292
f 8293 8294 8292 2133
f 2129 8285 8296 8291
f 8285 489 7911 8296
f 8296 7911 2038 8295
f 8291 8296 8295 2134
f 2134 8295 8299 8298
f 8295 2038 7919 8299
f 8299 7919 490 8297
f 8298 8299 8297 2132
f 2133 8292 8302 8301
f 8292 2134 8298 8302
f 8302 8298 2132 8300
f 8301 8302 8300 523
f 523 8300 8306 8305
f 8300 2132 8303 8306
f 8306 8303 2137 8304
f 8305 8306 8304 2136
f 2132 8297 8308 8303
f 8297 490 7923 8308
f 8308 7923 2041 8307
f 8303 8308 8307 2137
f 2137 8307 8311 8310
f 8307 2041 7931 8311
f 8311 7931 491 8309
f 8310 8311 8309 2135
f 2136 8304 8314 8313
f 8304 2137 8310 8314
f 8314 8310 2135 8312
f 8313 8314 8312 524
f 524 8312 8318 8317
f 8312 2135 8315 8318
f 8318 8315 2140 8316
f 8317 8318 8316 2139
f 2135 8309 8320 8315
f 8309 491 7935 8320
f 8320 7935 2044 8319
f 8315 8320 8319 2140
f 2140 8319 8323 8322
f 8319 2044 7943 8323
f 8323 7943 492 8321
f 8322 8323 8321 2138
f 2139 8316 8326 8325
f 8316 2140 8322 8326
f 8326 8322 2138 8324
f 8325 8326 8324 525
f 525 8324 8330 8329
f 8324 2138 8327 8330
f 8330 8327 2143 8328
f 8329 8330 8328 2142
f 2138 8321 8332 8327
f 8321 492 7947 8332
f 8332 7947 2047 8331
f 8327 8332 8331 2143
f 2143 8331 8335 8334
f 8331 2047 7955 8335
f 8335 7955 493 8333
f 8334 8335 8333 2141
f 2142 8328 8338 8337
f 8328 2143 8334 8338
f 8338 8334 2141 8336
f 8337 8338 8336 526
f 526 8336 8342 8341
f 8336 2141 8339 8342
f 8342 8339 2146 8340
f 8341 8342 8340 2145
f 2141 8333 8344 8339
f 8333 493 7959 8344
f 8344 7959 2050 8343
f 8339 8344 8343 2146
f 2146 8343 8347 8346
f 8343 2050 7967 8347
f 8347 7967 494 8345
f 8346 8347 8345 2144
f 2145 8340 8350 8349
f 8340 2146 8346 8350
f 8350 8346 2144 8348
f 8349 8350 8348 527
f 527 8348 8354 8353
f 8348 2144 8351 8354
f 8354 8351 2149 8352
f 8353 8354 8352 2148
f 2144 8345 8356 8351
f 8345 494 7971 8356
f 8356 7971 2053 8355
f 8351 8356 8355 2149
f 2149 8355 8359 8358
f 8355 2053 7979 8359
f 8359 7979 495 8357
f 8358 8359 8357 2147
f 2148 8352 8362 8361
f 8352 2149 8358 8362
f 8362 8358 2147 8360
f 8361 8362 8360 528
f 528 8360 8366 8365
f 8360 2147 8363 8366
f 8366 8363 2152 8364
f 8365 8366 8364 2151
f 2147 8357 8368 8363
f 8357 495 7983 8368
f 8368 7983 2056 8367
f 8363 8368 8367 2152
f 2152 8367 8371 8370
f 8367 2056 7991 8371
f 8371 7991 496 8369
f 8370 8371 8369 2150
f 2151 8364 8374 8373
f 8364 2152 8370 8374
f 8374 8370 2150 8372
f 8373 8374 8372 529
f 529 8372 8378 8377
f 8372 2150 8375 8378
f 8378 8375 2155 8376
f 8377 8378 8376 2154
f 2150 8369 8380 8375
f 8369 496 7995 8380
f 8380 7995 2059 8379
f 8375 8380 8379 2155
f 2155 8379 8383 8382
f 8379 2059 8003 8383
f 8383 8003 497 8381
f 8382 8383 8381 2153
f 2154 8376 8386 8385
f 8376 2155 8382 8386
f 8386 8382 2153 8384
f 8385 8386 8384 530
f 530 8384 8390 8389
f 8384 2153 8387 8390
f 8390 8387 2158 8388
f 8389 8390 8388 2157
f 2153 8381 8392 8387
f 8381 497 8007 8392
f 8392 8007 2062 8391
f 8387 8392 8391 2158
f 2158 8391 8395 8394
f 8391 2062 8015 8395
f 8395 8015 498 8393
f 8394 8395 8393 2156
f 2157 8388 8398 8397
f 8388 2158 8394 8398
f 8398 8394 2156 8396
f 8397 8398 8396 531
f 531 8396 8402 8401
f 8396 2156 8399 8402
f 8402 8399 2160 8400
f 8401 8402 8400 2159
f 2156 8393 8404 8399
f 8393 498 8019 8404
f 8404 8019 2064 8403
f 8399 8404 8403 2160
f 2160 8403 8406 8405
f 8403 2064 8025 8406
f 8406 8025 482 8240
f 8405 8406 8240 2118
f 2159 8400 8408 8407
f 8400 2160 8405 8408
f 8408 8405 2118 8237
f 8407 8408 8237 516
f 532 8409 8413 8412
f 8409 2161 8410 8413
f 8413 8410 2164 8411
f 8412 8413 8411 2163
f 2161 8414 8416 8410
f 8414 499 8030 8416
f 8416 8030 2068 8415
f 8410 8416 8415 2164
f 2164 8415 8419 8418
f 8415 2068 8039 8419
f 8419 8039 500 8417
f 8418 8419 8417 2162
f 2163 8411 8422 8421
f 8411 2164 8418 8422
f 8422 8418 2162 8420
f 8421 8422 8420 533
f 532 8423 8426 8409
f 8423 2165 8424 8426
f 8426 8424 2166 8425
f 8409 8426 8425 2161
f 2165 8427 8429 8424
f 8427 534 8058 8429
f 8429 8058 2072 8428
f 8424 8429 8428 2166
f 2166 8428 8431 8430
f 8428 2072 8055 8431
f 8431 8055 501 8045
f 8430 8431 8045 2070
f 2161 8425 8432 8414
f 8425 2166 8430 8432
f 8432 8430 2070 8041
f 8414 8432 8041 499
f 536 8433 8436 8072
f 8433 2167 8434 8436
f 8436 8434 2169 8435
f 8072 8436 8435 2077
f 2167 8437 8440 8434
f 8437 535 8438 8440
f 8440 8438 2168 8439
f 8434 8440 8439 2169
f 2169 8439 8443 8442
f 8439 2168 8441 8443
f 8443 8441 504 8081
f 8442 8443 8081 2079
f 2077 8435 8444 8075
f 8435 2169 8442 8444
f 8444 8442 2079 8077
f 8075 8444 8077 503
f 535 8445 8448 8438
f 8445 2170 8446 8448
f 8448 8446 2172 8447
f 8438 8448 8447 2168
f 2170 8449 8452 8446
f 8449 537 8450 8452
f 8452 8450 2171 8451
f 8446 8452 8451 2172
f 2172 8451 8455 8454
f 8451 2171 8453 8455
f 8455 8453 505 8093
f 8454 8455 8093 2082
f 2168 8447 8456 8441
f 8447 2172 8454 8456
f 8456 8454 2082 8089
f 8441 8456 8089 504
f 537 8457 8460 8450
f 8457 2173 8458 8460
f 8460 8458 2175 8459
f 8450 8460 8459 2171
f 2173 8461 8464 8458
f 8461 538 8462 8464
f 8464 8462 2174 8463
f 8458 8464 8463 2175
f 2175 8463 8467 8466
f 8463 2174 8465 8467
f 8467 8465 506 8105
f 8466 8467 8105 2085
f 2171 8459 8468 8453
f 8459 2175 8466 8468
f 8468 8466 2085 8101
f 8453 8468 8101 505
f 538 8469 8472 8462
f 8469 2176 8470 8472
f 8472 8470 2178 8471
f 8462 8472 8471 2174
f 2176 8473 8476 8470
f 8473 539 8474 8476
f 8476 8474 2177 8475
f 8470 8476 8475 2178
f 2178 8475 8479 8478
f 8475 2177 8477 8479
f 8479 8477 507 8117
f 8478 8479 8117 2088
f 2174 8471 8480 8465
f 8471 2178 8478 8480
f 8480 8478 2088 8113
f 8465 8480 8113 506
f 539 8481 8484 8474
f 8481 2179 8482 8484
f 8484 8482 2181 8483
f 8474 8484 8483 2177
f 2179 8485 8488 8482
f 8485 540 8486 8488
f 8488 8486 2180 8487
f 8482 8488 8487 2181
f 2181 8487 8491 8490
f 8487 2180 8489 8491
f 8491 8489 508 8129
f 8490 8491 8129 2091
f 2177 8483 8492 8477
f 8483 2181 8490 8492
f 8492 8490 2091 8125
f 8477 8492 8125 507
f 540 8493 8496 8486
f 8493 2182 8494 8496
f 8496 8494 2184 8495
f 8486 8496 8495 2180
f 2182 8497 8500 8494
f 8497 541 8498 8500
f 8500 8498 2183 8499
f 8494 8500 8499 2184
f 2184 8499 8503 8502
f 8499 2183 8501 8503
f 8503 8501 509 8141
f 8502 8503 8141 2094
f 2180 8495 8504 8489
f 8495 2184 8502 8504
f 8504 8502 2094 8137
f 8489 8504 8137 508
f 541 8505 8508 8498
f 8505 2185 8506 8508
f 8508 8506 2187 8507
f 8498 8508 8507 2183
f 2185 8509 8512 8506
f 8509 542 8510 8512
f 8512 8510 2186 8511
f 8506 8512 8511 2187
f 2187 8511 8515 8514
f 8511 2186 8513 8515
f 8515 8513 510 8153
f 8514 8515 8153 2097
f 2183 8507 8516 8501
f 8507 2187 8514 8516
f 8516 8514 2097 8149
f 8501 8516 8149 509
f 542 8517 8520 8510
f 8517 2188 8518 8520
f 8520 8518 2190 8519
f 8510 8520 8519 2186
f 2188 8521 8524 8518
f 8521 543 8522 8524
f 8524 8522 2189 8523
f 8518 8524 8523 2190
f 2190 8523 8527 8526
f 8523 2189 8525 8527
f 8527 8525 511 8165
f 8526 8527 8165 2100
f 2186 8519 8528 8513
f 8519 2190 8526 8528
f 8528 8526 2100 8161
f 8513 8528 8161 510
f 543 8529 8532 8522
f 8529 2191 8530 8532
f 8532 8530 2193 8531
f 8522 8532 8531 2189
f 2191 8533 8536 8530
f 8533 544 8534 8536
f 8536 8534 2192 8535
f 8530 8536 8535 2193
f 2193 8535 8539 8538
f 8535 2192 8537 8539
f 8539 8537 512 8177
f 8538 8539 8177 2103
f 2189 8531 8540 8525
f 8531 2193 8538 8540
f 8540 8538 2103 8173
f 8525 8540 8173 511
f 544 8541 8544 8534
f 8541 2194 8542 8544
f 8544 8542 2196 8543
f 8534 8544 8543 2192
f 2194 8545 8548 8542
f 8545 545 8546 8548
f 8548 8546 2195 8547
f 8542 8548 8547 2196
f 2196 8547 8551 8550
f 8547 2195 8549 8551
f 8551 8549 513 8189
f 8550 8551 8189 2106
f 2192 8543 8552 8537
f 8543 2196 8550 8552
f 8552 8550 2106 8185
f 8537 8552 8185 512
f 545 8553 8556 8546
f 8553 2197 8554 8556
f 8556 8554 2199 8555
f 8546 8556 8555 2195
f 2197 8557 8560 8554
f 8557 546 8558 8560
f 8560 8558 2198 8559
f 8554 8560 8559 2199
f 2199 8559 8563 8562
f 8559 2198 8561 8563
f 8563 8561 514 8201
f 8562 8563 8201 2109
f 2195 8555 8564 8549
f 8555 2199 8562 8564
f 8564 8562 2109 8197
f 8549 8564 8197 513
f 546 8565 8568 8558
f 8565 2200 8566 8568
f 8568 8566 2202 8567
f 8558 8568 8567 2198
f 2200 8569 8572 8566
f 8569 547 8570 8572
f 8572 8570 2201 8571
f 8566 8572 8571 2202
f 2202 8571 8575 8574
f 8571 2201 8573 8575
f 8575 8573 515 8213
f 8574 8575 8213 2112
f 2198 8567 8576 8561
f 8567 2202 8574 8576
f 8576 8574 2112 8209
f 8561 8576 8209 514
f 547 8577 8580 8570
f 8577 2203 8578 8580
f 8580 8578 2204 8579
f 8570 8580 8579 2201
f 2203 8581 8583 8578
f 8581 533 8420 8583
f 8583 8420 2162 8582
f 8578 8583 8582 2204
f 2204 8582 8585 8584
f 8582 2162 8417 8585
f 8585 8417 500 8225
f 8584 8585 8225 2115
f 2201 8579 8586 8573
f 8579 2204 8584 8586
f 8586 8584 2115 8221
f 8573 8586 8221 515
f 548 8587 8590 7852
f 8587 2205 8588 8590
f 8590 8588 2208 8589
f 7852 8590 8589 2022
f 2205 8591 8594 8588
f 8591 582 8592 8594
f 8594 8592 2206 8593
f 8588 8594 8593 2208
f 2208 8593 8598 8597
f 8593 2206 8595 8598
f 8598 8595 552 8596
f 8597 8598 8596 2207
f 2022 8589 8600 7855
f 8589 2208 8597 8600
f 8600 8597 2207 8599
f 7855 8600 8599 518
f 548 7871 8603 8587
f 7871 2026 8601 8603
f 8603 8601 2211 8602
f 8587 8603 8602 2205
f 2026 7868 8606 8601
f 7868 519 8604 8606
f 8606 8604 2209 8605
f 8601 8606 8605 2211
f 2211 8605 8610 8609
f 8605 2209 8607 8610
f 8610 8607 553 8608
f 8609 8610 8608 2210
f 2205 8602 8612 8591
f 8602 2211 8609 8612
f 8612 8609 2210 8611
f 8591 8612 8611 582
f 549 8062 8616 8615
f 8062 2073 8613 8616
f 8616 8613 2215 8614
f 8615 8616 8614 2214
f 2073 8059 8619 8613
f 8059 534 8617 8619
f 8619 8617 2212 8618
f 8613 8619 8618 2215
f 2215 8618 8623 8622
f 8618 2212 8620 8623
f 8623 8620 568 8621
f 8622 8623 8621 2213
f 2214 8614 8626 8625
f 8614 2215 8622 8626
f 8626 8622 2213 8624
f 8625 8626 8624 583
f 549 8615 8629 8068
f 8615 2214 8627 8629
f 8629 8627 2218 8628
f 8068 8629 8628 2076
f 2214 8625 8632 8627
f 8625 583 8630 8632
f 8632 8630 2216 8631
f 8627 8632 8631 2218
f 2218 8631 8636 8635
f 8631 2216 8633 8636
f 8636 8633 570 8634
f 8635 8636 8634 2217
f 2076 8628 8638 8071
f 8628 2218 8635 8638
f 8638 8635 2217 8637
f 8071 8638 8637 536
f 551 8639 8643 8642
f 8639 2219 8640 8643
f 8643 8640 2222 8641
f 8642 8643 8641 2221
f 2219 8644 8647 8640
f 8644 550 8645 8647
f 8647 8645 2220 8646
f 8640 8647 8646 2222
f 2222 8646 8650 8649
f 8646 2220 8648 8650
f 8650 8648 516 8236
f 8649 8650 8236 2117
f 2221 8641 8652 8651
f 8641 2222 8649 8652
f 8652 8649 2117 8231
f 8651 8652 8231 517
f 551 8642 8656 8655
f 8642 2221 8653 8656
f 8656 8653 2224 8654
f 8655 8656 8654 2223
f 2221 8651 8658 8653
f 8651 517 8247 8658
f 8658 8247 2121 8657
f 8653 8658 8657 2224
f 2224 8657 8660 8659
f 8657 2121 8253 8660
f 8660 8253 518 8599
f 8659 8660 8599 2207
f 2223 8654 8662 8661
f 8654 2224 8659 8662
f 8662 8659 2207 8596
f 8661 8662 8596 552
f 553 8607 8666 8665
f 8607 2209 8663 8666
f 8666 8663 2227 8664
f 8665 8666 8664 2226
f 2209 8604 8668 8663
f 8604 519 8257 8668
f 8668 8257 2124 8667
f 8663 8668 8667 2227
f 2227 8667 8671 8670
f 8667 2124 8265 8671
f 8671 8265 520 8669
f 8670 8671 8669 2225
f 2226 8664 8674 8673
f 8664 2227 8670 8674
f 8674 8670 2225 8672
f 8673 8674 8672 554
f 554 8672 8678 8677
f 8672 2225 8675 8678
f 8678 8675 2230 8676
f 8677 8678 8676 2229
f 2225 8669 8680 8675
f 8669 520 8269 8680
f 8680 8269 2127 8679
f 8675 8680 8679 2230
f 2230 8679 8683 8682
f 8679 2127 8277 8683
f 8683 8277 521 8681
f 8682 8683 8681 2228
f 2229 8676 8686 8685
f 8676 2230 8682 8686
f 8686 8682 2228 8684
f 8685 8686 8684 555
f 555 8684 8690 8689
f 8684 2228 8687 8690
f 8690 8687 2233 8688
f 8689 8690 8688 2232
f 2228 8681 8692 8687
f 8681 521 8281 8692
f 8692 8281 2130 8691
f 8687 8692 8691 2233
f 2233 8691 8695 8694
f 8691 2130 8289 8695
f 8695 8289 522 8693
f 8694 8695 8693 2231
f 2232 8688 8698 8697
f 8688 2233 8694 8698
f 8698 8694 2231 8696
f 8697 8698 8696 556
f 556 8696 8702 8701
f 8696 2231 8699 8702
f 8702 8699 2236 8700
f 8701 8702 8700 2235
f 2231 8693 8704 8699
f 8693 522 8293 8704
f 8704 8293 2133 8703
f 8699 8704 8703 2236
f 2236 8703 8707 8706
f 8703 2133 8301 8707
f 8707 8301 523 8705
f 8706 8707 8705 2234
f 2235 8700 8710 8709
f 8700 2236 8706 8710
f 8710 8706 2234 8708
f 8709 8710 8708 557
f 557 8708 8714 8713
f 8708 2234 8711 8714
f 8714 8711 2239 8712
f 8713 8714 8712 2238
f 2234 8705 8716 8711
f 8705 523 8305 8716
f 8716 8305 2136 8715
f 8711 8716 8715 2239
f 2239 8715 8719 8718
f 8715 2136 8313 8719
f 8719 8313 524 8717
f 8718 8719 8717 2237
f 2238 8712 8722 8721
f 8712 2239 8718 8722
f 8722 8718 2237 8720
f 8721 8722 8720 558
f 558 8720 8726 8725
f 8720 2237 8723 8726
f 8726 8723 2242 8724
f 8725 8726 8724 2241
f 2237 8717 8728 8723
f 8717 524 8317 8728
f 8728 8317 2139 8727
f 8723 8728 8727 2242
f 2242 8727 8731 8730
f 8727 2139 8325 8731
f 8731 8325 525 8729
f 8730 8731 8729 2240
f 2241 8724 8734 8733
f 8724 2242 8730 8734
f 8734 8730 2240 8732
f 8733 8734 8732 559
f 559 8732 8738 8737
f 8732 2240 8735 8738
f 8738 8735 2245 8736
f 8737 8738 8736 2244
f 2240 8729 8740 8735
f 8729 525 8329 8740
f 8740 8329 2142 8739
f 8735 8740 8739 2245
f 2245 8739 8743 8742
f 8739 2142 8337 8743
f 8743 8337 526 8741
f 8742 8743 8741 2243
f 2244 8736 8746 8745
f 8736 2245 8742 8746
f 8746 8742 2243 8744
f 8745 8746 8744 560
f 560 8744 8750 8749
f 8744 2243 8747 8750
f 8750 8747 2248 8748
f 8749 8750 8748 2247
f 2243 8741 8752 8747
f 8741 526 8341 8752
f 8752 8341 2145 8751
f 8747 8752 8751 2248
f 2248 8751 8755 8754
f 8751 2145 8349 8755
f 8755 8349 527 8753
f 8754 8755 8753 2246
f 2247 8748 8758 8757
f 8748 2248 8754 8758
f 8758 8754 2246 8756
f 8757 8758 8756 561
f 561 8756 8762 8761
f 8756 2246 8759 8762
f 8762 8759 2251 8760
f 8761 8762 8760 2250
f 2246 8753 8764 8759
f 8753 527 8353 8764
f 8764 8353 2148 8763
f 8759 8764 8763 2251
f 2251 8763 8767 8766
f 8763 2148 8361 8767
f 8767 8361 528 8765
f 8766 8767 8765 2249
f 2250 8760 8770 8769
f 8760 2251 8766 8770
f 8770 8766 2249 8768
f 8769 8770 8768 562
f 562 8768 8774 8773
f 8768 2249 8771 8774
f 8774 8771 2254 8772
f 8773 8774 8772 2253
f 2249 8765 8776 8771
f 8765 528 8365 8776
f 8776 8365 2151 8775
f 8771 8776 8775 2254
f 2254 8775 8779 8778
f 8775 2151 8373 8779
f 8779 8373 529 8777
f 8778 8779 8777 2252
f 2253 8772 8782 8781
f 8772 2254 8778 8782
f 8782 8778 2252 8780
f 8781 8782 8780 563
f 563 8780 8786 8785
f 8780 2252 8783 8786
f 8786 8783 2257 8784
f 8785 8786 8784 2256
f 2252 8777 8788 8783
f 8777 529 8377 8788
f 8788 8377 2154 8787
f 8783 8788 8787 2257
f 2257 8787 8791 8790
f 8787 2154 8385 8791
f 8791 8385 530 8789
f 8790 8791 8789 2255
f 2256 8784 8794 8793
f 8784 2257 8790 8794
f 8794 8790 2255 8792
f 8793 8794 8792 564
f 564 8792 8798 8797
f 8792 2255 8795 8798
f 8798 8795 2260 8796
f 8797 8798 8796 2259
f 2255 8789 8800 8795
f 8789 530 8389 8800
f 8800 8389 2157 8799
f 8795 8800 8799 2260
f 2260 8799 8803 8802
f 8799 2157 8397 8803
f 8803 8397 531 8801
f 8802 8803 8801 2258
f 2259 8796 8806 8805
f 8796 2260 8802 8806
f 8806 8802 2258 8804
f 8805 8806 8804 565
f 565 8804 8810 8809
f 8804 2258 8807 8810
f 8810 8807 2262 8808
f 8809 8810 8808 2261
f 2258 8801 8812 8807
f 8801 531 8401 8812
f 8812 8401 2159 8811
f 8807 8812 8811 2262
f 2262 8811 8814 8813
f 8811 2159 8407 8814
f 8814 8407 516 8648
f 8813 8814 8648 2220
f 2261 8808 8816 8815
f 8808 2262 8813 8816
f 8816 8813 2220 8645
f 8815 8816 8645 550
f 566 8817 8821 8820
f 8817 2263 8818 8821
f 8821 8818 2266 8819
f 8820 8821 8819 2265
f 2263 8822 8824 8818
f 8822 532 8412 8824
f 8824 8412 2163 8823
f 8818 8824 8823 2266
f 2266 8823 8827 8826
f 8823 2163 8421 8827
f 8827 8421 533 8825
f 8826 8827 8825 2264
f 2265 8819 8830 8829
f 8819 2266 8826 8830
f 8830 8826 2264 8828
f 8829 8830 8828 567
f 566 8831 8834 8817
f 8831 2267 8832 8834
f 8834 8832 2268 8833
f 8817 8834 8833 2263
f 2267 8835 8837 8832
f 8835 568 8620 8837
f 8837 8620 2212 8836
f 8832 8837 8836 2268
f 2268 8836 8839 8838
f 8836 2212 8617 8839
f 8839 8617 534 8427
f 8838 8839 8427 2165
f 2263 8833 8840 8822
f 8833 2268 8838 8840
f 8840 8838 2165 8423
f 8822 8840 8423 532
f 570 8841 8844 8634
f 8841 2269 8842 8844
f 8844 8842 2271 8843
f 8634 8844 8843 2217
f 2269 8845 8848 8842
f 8845 569 8846 8848
f 8848 8846 2270 8847
f 8842 8848 8847 2271
f 2271 8847 8851 8850
f 8847 2270 8849 8851
f 8851 8849 535 8437
f 8850 8851 8437 2167
f 2217 8843 8852 8637
f 8843 2271 8850 8852
f 8852 8850 2167 8433
f 8637 8852 8433 536
f 569 8853 8856 8846
f 8853 2272 8854 8856
f 8856 8854 2274 8855
f 8846 8856 8855 2270
f 2272 8857 8860 8854
f 8857 571 8858 8860
f 8860 8858 2273 8859
f 8854 8860 8859 2274
f 2274 8859 8863 8862
f 8859 2273 8861 8863
f 8863 8861 537 8449
f 8862 8863 8449 2170
f 2270 8855 8864 8849
f 8855 2274 8862 8864
f 8864 8862 2170 8445
f 8849 8864 8445 535
f 571 8865 8868 8858
f 8865 2275 8866 8868
f 8868 8866 2277 8867
f 8858 8868 8867 2273
f 2275 8869 8872 8866
f 8869 572 8870 8872
f 8872 8870 2276 8871
f 8866 8872 8871 2277
f 2277 8871 8875 8874
f 8871 2276 8873 8875
f 8875 8873 538 8461
f 8874 8875 8461 2173
f 2273 8867 8876 8861
f 8867 2277 8874 8876
f 8876 8874 2173 8457
f 8861 8876 8457 537
f 572 8877 8880 8870
f 8877 2278 8878 8880
f 8880 8878 2280 8879
f 8870 8880 8879 2276
f 2278 8881 8884 8878
f 8881 573 8882 8884
f 8884 8882 2279 8883
f 8878 8884 8883 2280
f 2280 8883 8887 8886
f 8883 2279 8885 8887
f 8887 8885 539 8473
f 8886 8887 8473 2176
f 2276 8879 8888 8873
f 8879 2280 8886 8888
f 8888 8886 2176 8469
f 8873 8888 8469 538
f 573 8889 8892 8882
f 8889 2281 8890 8892
f 8892 8890 2283 8891
f 8882 8892 8891 2279
f 2281 8893 8896 8890
f 8893 574 8894 8896
f 8896 8894 2282 8895
f 8890 8896 8895 2283
f 2283 8895 8899 8898
f 8895 2282 8897 8899
f 8899 8897 540 8485
f 8898 8899 8485 2179
f 2279 8891 8900 8885
f 8891 2283 8898 8900
f 8900 8898 2179 8481
f 8885 8900 8481 539
f 574 8901 8904 8894
f 8901 2284 8902 8904
f 8904 8902 2286 8903
f 8894 8904 8903 2282
f 2284 8905 8908 8902
f 8905 575 8906 8908
f 8908 8906 2285 8907
f 8902 8908 8907 2286
f 2286 8907 8911 8910
f 8907 2285 8909 8911
f 8911 8909 541 8497
f 8910 8911 8497 2182
f 2282 8903 8912 8897
f 8903 2286 8910 8912
f 8912 8910 2182 8493
f 8897 8912 8493 540
f 575 8913 8916 8906
f 8913 2287 8914 8916
f 8916 8914 2289 8915
f 8906 8916 8915 2285
f 2287 8917 8920 8914
f 8917 576 8918 8920
f 8920 8918 2288 8919
f 8914 8920 8919 2289
f 2289 8919 8923 8922
f 8919 2288 8921 8923
f 8923 8921 542 8509
f 8922 8923 8509 2185
f 2285 8915 8924 8909
f 8915 2289 8922 8924
f 8924 8922 2185 8505
f 8909 8924 8505 541
f 576 8925 8928 8918
f 8925 2290 8926 8928
f 8928 8926 2292 8927
f 8918 8928 8927 2288
f 2290 8929 8932 8926
f 8929 577 8930 8932
f 8932 8930 2291 8931
f 8926 8932 8931 2292
f 2292 8931 8935 8934
f 8931 2291 8933 8935
f 8935 8933 543 8521
f 8934 8935 8521 2188
f 2288 8927 8936 8921
f 8927 2292 8934 8936
f 8936 8934 2188 8517
f 8921 8936 8517 542
f 577 8937 8940 8930
f 8937 2293 8938 8940
f 8940 8938 2295 8939
f 8930 8940 8939 2291
f 2293 8941 8944 8938
f 8941 578 8942 8944
f 8944 8942 2294 8943
f 8938 8944 8943 2295
f 2295 8943 8947 8946
f 8943 2294 8945 8947
f 8947 8945 544 8533
f 8946 8947 8533 2191
f 2291 8939 8948 8933
f 8939 2295 8946 8948
f 8948 8946 2191 8529
f 8933 8948 8529 543
f 578 8949 8952 8942
f 8949 2296 8950 8952
f 8952 8950 2298 8951
f 8942 8952 8951 2294
f 2296 8953 8956 8950
f 8953 579 8954 8956
f 8956 8954 2297 8955
f 8950 8956 8955 2298
f 2298 8955 8959 8958
f 8955 2297 8957 8959
f 8959 8957 545 8545
f 8958 8959 8545 2194
f 2294 8951 8960 8945
f 8951 2298 8958 8960
f 8960 8958 2194 8541
f 8945 8960 8541 544
f 579 8961 8964 8954
f 8961 2299 8962 8964
f 8964 8962 2301 8963
f 8954 8964 8963 2297
f 2299 8965 8968 8962
f 8965 580 8966 8968
f 8968 8966 2300 8967
f 8962 8968 8967 2301
f 2301 8967 8971 8970
f 8967 2300 8969 8971
f 8971 8969 546 8557
f 8970 8971 8557 2197
f 2297 8963 8972 8957
f 8963 2301 8970 8972
f 8972 8970 2197 8553
f 8957 8972 8553 545
f 580 8973 8976 8966
f 8973 2302 8974 8976
f 8976 8974 2304 8975
f 8966 8976 8975 2300
f 2302 8977 8980 8974
f 8977 581 8978 8980
f 8980 8978 2303 8979
f 8974 8980 8979 2304
f 2304 8979 8983 8982
f 8979 2303 8981 8983
f 8983 8981 547 8569
f 8982 8983 8569 2200
f 2300 8975 8984 8969
f 8975 2304 8982 8984
f 8984 8982 2200 8565
f 8969 8984 8565 546
f 581 8985 8988 8978
f 8985 2305 8986 8988
f 8988 8986 2306 8987
f 8978 8988 8987 2303
f 2305 8989 8991 8986
f 8989 567 8828 8991
f 8991 8828 2264 8990
f 8986 8991 8990 2306
f 2306 8990 8993 8992
f 8990 2264 8825 8993
f 8993 8825 533 8581
f 8992 8993 8581 2203
f 2303 8987 8994 8981
f 8987 2306 8992 8994
f 8994 8992 2203 8577
f 8981 8994 8577 547
f 582 8995 8998 8592
f 8995 2307 8996 8998
f 8998 8996 2310 8997
f 8592 8998 8997 2206
f 2307 8999 9002 8996
f 8999 616 9000 9002
f 9002 9000 2308 9001
f 8996 9002 9001 2310
f 2310 9001 9006 9005
f 9001 2308 9003 9006
f 9006 9003 586 9004
f 9005 9006 9004 2309
f 2206 8997 9008 8595
f 8997 2310 9005 9008
f 9008 9005 2309 9007
f 8595 9008 9007 552
f 582 8611 9011 8995
f 8611 2210 9009 9011
f 9011 9009 2313 9010
f 8995 9011 9010 2307
f 2210 8608 9014 9009
f 8608 553 9012 9014
f 9014 9012 2311 9013
f 9009 9014 9013 2313
f 2313 9013 9018 9017
f 9013 2311 9015 9018
f 9018 9015 587 9016
f 9017 9018 9016 2312
f 2307 9010 9020 8999
f 9010 2313 9017 9020
f 9020 9017 2312 9019
f 8999 9020 9019 616
f 583 8624 9024 9023
f 8624 2213 9021 9024
f 9024 9021 2317 9022
f 9023 9024 9022 2316
f 2213 8621 9027 9021
f 8621 568 9025 9027
f 9027 9025 2314 9026
f 9021 9027 9026 2317
f 2317 9026 9031 9030
f 9026 2314 9028 9031
f 9031 9028 602 9029
f 9030 9031 9029 2315
f 2316 9022 9034 9033
f 9022 2317 9030 9034
f 9034 9030 2315 9032
f 9033 9034 9032 617
f 583 9023 9037 8630
f 9023 2316 9035 9037
f 9037 9035 2320 9036
f 8630 9037 9036 2216
f 2316 9033 9040 9035
f 9033 617 9038 9040
f 9040 9038 2318 9039
f 9035 9040 9039 2320
f 2320 9039 9044 9043
f 9039 2318 9041 9044
f 9044 9041 604 9042
f 9043 9044 9042 2319
f 2216 9036 9046 8633
f 9036 2320 9043 9046
f 9046 9043 2319 9045
f 8633 9046 9045 570
f 585 2722 9050 9049
f 2722 711 9047 9050
f 9050 9047 2323 9048
f 9049 9050 9048 2322
f 711 2719 9053 9047
f 2719 584 9051 9053
f 9053 9051 2321 9052
f 9047 9053 9052 2323
f 2323 9052 9056 9055
f 9052 2321 9054 9056
f 9056 9054 550 8644
f 9055 9056 8644 2219
f 2322 9048 9058 9057
f 9048 2323 9055 9058
f 9058 9055 2219 8639
f 9057 9058 8639 551
f 585 9049 9061 2729
f 9049 2322 9059 9061
f 9061 9059 2324 9060
f 2729 9061 9060 714
f 2322 9057 9063 9059
f 9057 551 8655 9063
f 9063 8655 2223 9062
f 9059 9063 9062 2324
f 2324 9062 9065 9064
f 9062 2223 8661 9065
f 9065 8661 552 9007
f 9064 9065 9007 2309
f 714 9060 9066 2732
f 9060 2324 9064 9066
f 9066 9064 2309 9004
f 2732 9066 9004 586
f 587 9015 9069 3079
f 9015 2311 9067 9069
f 9069 9067 2326 9068
f 3079 9069 9068 808
f 2311 9012 9071 9067
f 9012 553 8665 9071
f 9071 8665 2226 9070
f 9067 9071 9070 2326
f 2326 9070 9074 9073
f 9070 2226 8673 9074
f 9074 8673 554 9072
f 9073 9074 9072 2325
f 808 9068 9076 3082
f 9068 2326 9073 9076
f 9076 9073 2325 9075
f 3082 9076 9075 588
f 588 9075 9079 3093
f 9075 2325 9077 9079
f 9079 9077 2328 9078
f 3093 9079 9078 812
f 2325 9072 9081 9077
f 9072 554 8677 9081
f 9081 8677 2229 9080
f 9077 9081 9080 2328
f 2328 9080 9084 9083
f 9080 2229 8685 9084
f 9084 8685 555 9082
f 9083 9084 9082 2327
f 812 9078 9086 3096
f 9078 2328 9083 9086
f 9086 9083 2327 9085
f 3096 9086 9085 589
f 589 9085 9089 3107
f 9085 2327 9087 9089
f 9089 9087 2330 9088
f 3107 9089 9088 816
f 2327 9082 9091 9087
f 9082 555 8689 9091
f 9091 8689 2232 9090
f 9087 9091 9090 2330
f 2330 9090 9094 9093
f 9090 2232 8697 9094
f 9094 8697 556 9092
f 9093 9094 9092 2329
f 816 9088 9096 3110
f 9088 2330 9093 9096
f 9096 9093 2329 9095
f 3110 9096 9095 590
f 590 9095 9099 3121
f 9095 2329 9097 9099
f 9099 9097 2332 9098
f 3121 9099 9098 820
f 2329 9092 9101 9097
f 9092 556 8701 9101
f 9101 8701 2235 9100
f 9097 9101 9100 2332
f 2332 9100 9104 9103
f 9100 2235 8709 9104
f 9104 8709 557 9102
f 9103 9104 9102 2331
f 820 9098 9106 3124
f 9098 2332 9103 9106
f 9106 9103 2331 9105
f 3124 9106 9105 591
f 591 9105 9109 3135
f 9105 2331 9107 9109
f 9109 9107 2334 9108
f 3135 9109 9108 824
f 2331 9102 9111 9107
f 9102 557 8713 9111
f 9111 8713 2238 9110
f 9107 9111 9110 2334
f 2334 9110 9114 9113
f 9110 2238 8721 9114
f 9114 8721 558 9112
f 9113 9114 9112 2333
f 824 9108 9116 3138
f 9108 2334 9113 9116
f 9116 9113 2333 9115
f 3138 9116 9115 592
f 592 9115 9119 3149
f 9115 2333 9117 9119
f 9119 9117 2336 9118
f 3149 9119 9118 828
f 2333 9112 9121 9117
f 9112 558 8725 9121
f 9121 8725 2241 9120
f 9117 9121 9120 2336
f 2336 9120 9124 9123
f 9120 2241 8733 9124
f 9124 8733 559 9122
f 9123 9124 9122 2335
f 828 9118 9126 3152
f 9118 2336 9123 9126
f 9126 9123 2335 9125
f 3152 9126 9125 593
f 593 9125 9129 3163
f 9125 2335 9127 9129
f 9129 9127 2338 9128
f 3163 9129 9128 832
f 2335 9122 9131 9127
f 9122 559 8737 9131
f 9131 8737 2244 9130
f 9127 9131 9130 2338
f 2338 9130 9134 9133
f 9130 2244 8745 9134
f 9134 8745 560 9132
f 9133 9134 9132 2337
f 832 9128 9136 3166
f 9128 2338 9133 9136
f 9136 9133 2337 9135
f 3166 9136 9135 594
f 594 9135 9139 3177
f 9135 2337 9137 9139
f 9139 9137 2340 9138
f 3177 9139 9138 836
f 2337 9132 9141 9137
f 9132 560 8749 9141
f 9141 8749 2247 9140
f 9137 9141 9140 2340
f 2340 9140 9144 9143
f 9140 2247 8757 9144
f 9144 8757 561 9142
f 9143 9144 9142 2339
f 836 9138 9146 3180
f 9138 2340 9143 9146
f 9146 9143 2339 9145
f 3180 9146 9145 595
f 595 9145 9149 3191
f 9145 2339 9147 9149
f 9149 9147 2342 9148
f 3191 9149 9148 840
f 2339 9142 9151 9147
f 9142 561 8761 9151
f 9151 8761 2250 9150
f 9147 9151 9150 2342
f 2342 9150 9154 9153
f 9150 2250 8769 9154
f 9154 8769 562 9152
f 9153 9154 9152 2341
f 840 9148 9156 3194
f 9148 2342 9153 9156
f 9156 9153 2341 9155
f 3194 9156 9155 596
f 596 9155 9159 3205
f 9155 2341 9157 9159
f 9159 9157 2344 9158
f 3205 9159 9158 844
f 2341 9152 9161 9157
f 9152 562 8773 9161
f 9161 8773 2253 9160
f 9157 9161 9160 2344
f 2344 9160 9164 9163
f 9160 2253 8781 9164
f 9164 8781 563 9162
f 9163 9164 9162 2343
f 844 9158 9166 3208
f 9158 2344 9163 9166
f 9166 9163 2343 9165
f 3208 9166 9165 597
f 597 9165 9169 3219
f 9165 2343 9167 9169
f 9169 9167 2346 9168
f 3219 9169 9168 848
f 2343 9162 9171 9167
f 9162 563 8785 9171
f 9171 8785 2256 9170
f 9167 9171 9170 2346
f 2346 9170 9174 9173
f 9170 2256 8793 9174
f 9174 8793 564 9172
f 9173 9174 9172 2345
f 848 9168 9176 3222
f 9168 2346 9173 9176
f 9176 9173 2345 9175
f 3222 9176 9175 598
f 598 9175 9179 3233
f 9175 2345 9177 9179
f 9179 9177 2348 9178
f 3233 9179 9178 852
f 2345 9172 9181 9177
f 9172 564 8797 9181
f 9181 8797 2259 9180
f 9177 9181 9180 2348
f 2348 9180 9184 9183
f 9180 2259 8805 9184
f 9184 8805 565 9182
f 9183 9184 9182 2347
f 852 9178 9186 3236
f 9178 2348 9183 9186
f 9186 9183 2347 9185
f 3236 9186 9185 599
f 599 9185 9189 3247
f 9185 2347 9187 9189
f 9189 9187 2349 9188
f 3247 9189 9188 856
f 2347 9182 9191 9187
f 9182 565 8809 9191
f 9191 8809 2261 9190
f 9187 9191 9190 2349
f 2349 9190 9193 9192
f 9190 2261 8815 9193
f 9193 8815 550 9054
f 9192 9193 9054 2321
f 856 9188 9194 3250
f 9188 2349 9192 9194
f 9194 9192 2321 9051
f 3250 9194 9051 584
f 600 9195 9198 5443
f 9195 2350 9196 9198
f 9198 9196 2352 9197
f 5443 9198 9197 1414
f 2350 9199 9201 9196
f 9199 566 8820 9201
f 9201 8820 2265 9200
f 9196 9201 9200 2352
f 2352 9200 9204 9203
f 9200 2265 8829 9204
f 9204 8829 567 9202
f 9203 9204 9202 2351
f 1414 9197 9206 5446
f 9197 2352 9203 9206
f 9206 9203 2351 9205
f 5446 9206 9205 601
f 600 5465 9209 9195
f 5465 1420 9207 9209
f 9209 9207 2353 9208
f 9195 9209 9208 2350
f 1420 5462 9211 9207
f 5462 602 9028 9211
f 9211 9028 2314 9210
f 9207 9211 9210 2353
f 2353 9210 9213 9212
f 9210 2314 9025 9213
f 9213 9025 568 8835
f 9212 9213 8835 2267
f 2350 9208 9214 9199
f 9208 2353 9212 9214
f 9214 9212 2267 8831
f 9199 9214 8831 566
f 604 5810 9217 9042
f 5810 1511 9215 9217
f 9217 9215 2355 9216
f 9042 9217 9216 2319
f 1511 5807 9220 9215
f 5807 603 9218 9220
f 9220 9218 2354 9219
f 9215 9220 9219 2355
f 2355 9219 9223 9222
f 9219 2354 9221 9223
f 9223 9221 569 8845
f 9222 9223 8845 2269
f 2319 9216 9224 9045
f 9216 2355 9222 9224
f 9224 9222 2269 8841
f 9045 9224 8841 570
f 603 5825 9227 9218
f 5825 1516 9225 9227
f 9227 9225 2357 9226
f 9218 9227 9226 2354
f 1516 5822 9230 9225
f 5822 605 9228 9230
f 9230 9228 2356 9229
f 9225 9230 9229 2357
f 2357 9229 9233 9232
f 9229 2356 9231 9233
f 9233 9231 571 8857
f 9232 9233 8857 2272
f 2354 9226 9234 9221
f 9226 2357 9232 9234
f 9234 9232 2272 8853
f 9221 9234 8853 569
f 605 5839 9237 9228
f 5839 1520 9235 9237
f 9237 9235 2359 9236
f 9228 9237 9236 2356
f 1520 5836 9240 9235
f 5836 606 9238 9240
f 9240 9238 2358 9239
f 9235 9240 9239 2359
f 2359 9239 9243 9242
f 9239 2358 9241 9243
f 9243 9241 572 8869
f 9242 9243 8869 2275
f 2356 9236 9244 9231
f 9236 2359 9242 9244
f 9244 9242 2275 8865
f 9231 9244 8865 571
f 606 5853 9247 9238
f 5853 1524 9245 9247
f 9247 9245 2361 9246
f 9238 9247 9246 2358
f 1524 5850 9250 9245
f 5850 607 9248 9250
f 9250 9248 2360 9249
f 9245 9250 9249 2361
f 2361 9249 9253 9252
f 9249 2360 9251 9253
f 9253 9251 573 8881
f 9252 9253 8881 2278
f 2358 9246 9254 9241
f 9246 2361 9252 9254
f 9254 9252 2278 8877
f 9241 9254 8877 572
f 607 5867 9257 9248
f 5867 1528 9255 9257
f 9257 9255 2363 9256
f 9248 9257 9256 2360
f 1528 5864 9260 9255
f 5864 608 9258 9260
f 9260 9258 2362 9259
f 9255 9260 9259 2363
f 2363 9259 9263 9262
f 9259 2362 9261 9263
f 9263 9261 574 8893
f 9262 9263 8893 2281
f 2360 9256 9264 9251
f 9256 2363 9262 9264
f 9264 9262 2281 8889
f 9251 9264 8889 573
f 608 5881 9267 9258
f 5881 1532 9265 9267
f 9267 9265 2365 9266
f 9258 9267 9266 2362
f 1532 5878 9270 9265
f 5878 609 9268 9270
f 9270 9268 2364 9269
f 9265 9270 9269 2365
f 2365 9269 9273 9272
f 9269 2364 9271 9273
f 9273 9271 575 8905
f 9272 9273 8905 2284
f 2362 9266 9274 9261
f 9266 2365 9272 9274
f 9274 9272 2284 8901
f 9261 9274 8901 574
f 609 5895 9277 9268
f 5895 1536 9275 9277
f 9277 9275 2367 9276
f 9268 9277 9276 2364
f 1536 5892 9280 9275
f 5892 610 9278 9280
f 9280 9278 2366 9279
f 9275 9280 9279 2367
f 2367 9279 9283 9282
f 9279 2366 9281 9283
f 9283 9281 576 8917
f 9282 9283 8917 2287
f 2364 9276 9284 9271
f 9276 2367 9282 9284
f 9284 9282 2287 8913
f 9271 9284 8913 575
f 610 5909 9287 9278
f 5909 1540 9285 9287
f 9287 9285 2369 9286
f 9278 9287 9286 2366
f 1540 5906 9290 9285
f 5906 611 9288 9290
f 9290 9288 2368 9289
f 9285 9290 9289 2369
f 2369 9289 9293 9292
f 9289 2368 9291 9293
f 9293 9291 577 8929
f 9292 9293 8929 2290
f 2366 9286 9294 9281
f 9286 2369 9292 9294
f 9294 9292 2290 8925
f 9281 9294 8925 576
f 611 5923 9297 9288
f 5923 1544 9295 9297
f 9297 9295 2371 9296
f 9288 9297 9296 2368
f 1544 5920 9300 9295
f 5920 612 9298 9300
f 9300 9298 2370 9299
f 9295 9300 9299 2371
f 2371 9299 9303 9302
f 9299 2370 9301 9303
f 9303 9301 578 8941
f 9302 9303 8941 2293
f 2368 9296 9304 9291
f 9296 2371 9302 9304
f 9304 9302 2293 8937
f 9291 9304 8937 577
f 612 5937 9307 9298
f 5937 1548 9305 9307
f 9307 9305 2373 9306
f 9298 9307 9306 2370
f 1548 5934 9310 9305
f 5934 613 9308 9310
f 9310 9308 2372 9309
f 9305 9310 9309 2373
f 2373 9309 9313 9312
f 9309 2372 9311 9313
f 9313 9311 579 8953
f 9312 9313 8953 2296
f 2370 9306 9314 9301
f 9306 2373 9312 9314
f 9314 9312 2296 8949
f 9301 9314 8949 578
f 613 5951 9317 9308
f 5951 1552 9315 9317
f 9317 9315 2375 9316
f 9308 9317 9316 2372
f 1552 5948 9320 9315
f 5948 614 9318 9320
f 9320 9318 2374 9319
f 9315 9320 9319 2375
f 2375 9319 9323 9322
f 9319 2374 9321 9323
f 9323 9321 580 8965
f 9322 9323 8965 2299
f 2372 9316 9324 9311
f 9316 2375 9322 9324
f 9324 9322 2299 8961
f 9311 9324 8961 579
f 614 5965 9327 9318
f 5965 1556 9325 9327
f 9327 9325 2377 9326
f 9318 9327 9326 2374
f 1556 5962 9330 9325
f 5962 615 9328 9330
f 9330 9328 2376 9329
f 9325 9330 9329 2377
f 2377 9329 9333 9332
f 9329 2376 9331 9333
f 9333 9331 581 8977
f 9332 9333 8977 2302
f 2374 9326 9334 9321
f 9326 2377 9332 9334
f 9334 9332 2302 8973
f 9321 9334 8973 580
f 615 5977 9337 9328
f 5977 1559 9335 9337
f 9337 9335 2378 9336
f 9328 9337 9336 2376
f 1559 5974 9339 9335
f 5974 601 9205 9339
f 9339 9205 2351 9338
f 9335 9339 9338 2378
f 2378 9338 9341 9340
f 9338 2351 9202 9341
f 9341 9202 567 8989
f 9340 9341 8989 2305
f 2376 9336 9342 9331
f 9336 2378 9340 9342
f 9342 9340 2305 8985
f 9331 9342 8985 581
f 616 9343 9346 9000
f 9343 2379 9344 9346
f 9346 9344 2381 9345
f 9000 9346 9345 2308
f 2379 9347 9350 9344
f 9347 84 9348 9350
f 9350 9348 2380 9349
f 9344 9350 9349 2381
f 2381 9349 9353 9352
f 9349 2380 9351 9353
f 9353 9351 57 2736
f 9352 9353 2736 715
f 2308 9345 9354 9003
f 9345 2381 9352 9354
f 9354 9352 715 2733
f 9003 9354 2733 586
f 616 9019 9357 9343
f 9019 2312 9355 9357
f 9357 9355 2383 9356
f 9343 9357 9356 2379
f 2312 9016 9359 9355
f 9016 587 3078 9359
f 9359 3078 807 9358
f 9355 9359 9358 2383
f 2383 9358 9362 9361
f 9358 807 3073 9362
f 9362 3073 87 9360
f 9361 9362 9360 2382
f 2379 9356 9364 9347
f 9356 2383 9361 9364
f 9364 9361 2382 9363
f 9347 9364 9363 84
f 617 9032 9368 9367
f 9032 2315 9365 9368
f 9368 9365 2386 9366
f 9367 9368 9366 2385
f 2315 9029 9370 9365
f 9029 602 5461 9370
f 9370 5461 1419 9369
f 9365 9370 9369 2386
f 2386 9369 9373 9372
f 9369 1419 5458 9373
f 9373 5458 299 9371
f 9372 9373 9371 2384
f 2385 9366 9376 9375
f 9366 2386 9372 9376
f 9376 9372 2384 9374
f 9375 9376 9374 325
f 617 9367 9379 9038
f 9367 2385 9377 9379
f 9379 9377 2388 9378
f 9038 9379 9378 2318
f 2385 9375 9382 9377
f 9375 325 9380 9382
f 9382 9380 2387 9381
f 9377 9382 9381 2388
f 2388 9381 9385 9384
f 9381 2387 9383 9385
f 9385 9383 328 5800
f 9384 9385 5800 1512
f 2318 9378 9386 9041
f 9378 2388 9384 9386
f 9386 9384 1512 5811
f 9041 9386 5811 604
