# 9386 vertices, 9216 faces
v -0.134549 0.238491 0.056225
v -0.087492 0.173182 -0.123586
v -0.066352 0.154287 0.128389
v -0.122992 0.226850 -0.104617
v -0.132577 0.272435 0.028470
v -0.165465 0.272952 0.026069
v -0.173938 0.244916 0.045721
v -0.097475 0.260779 0.048269
v -0.102705 0.277345 0.027808
v -0.189576 0.207422 0.057346
v -0.164094 0.193981 0.070145
v -0.106840 0.203700 0.088349
v -0.080115 0.236964 0.072266
v -0.139018 0.166318 0.093136
v -0.059382 0.268185 -0.094875
v -0.028807 0.266384 -0.099184
v -0.037804 0.177495 -0.128964
v -0.082126 0.059089 -0.120191
v -0.119948 0.037471 -0.103801
v -0.132329 0.108180 -0.113433
v -0.040029 0.069855 -0.128421
v -0.080763 0.279561 -0.081200
v -0.153457 0.154024 -0.110298
v 0.001298 0.145963 0.139533
v 0.001260 0.196846 0.109445
v -0.046918 0.208025 0.099067
v -0.117071 0.120827 0.130606
v -0.125168 0.268609 -0.075969
v -0.090632 0.288561 -0.062007
v -0.162461 0.220225 -0.099947
v -0.156522 0.257257 -0.079953
v -0.175765 0.172804 -0.102438
v -0.063919 0.297084 -0.068614
v 0.001511 0.219100 0.093327
v 0.010272 -0.795362 0.185040
v 0.003350 0.295764 -0.081087
v 0.006837 -0.784646 -0.172102
v -0.041151 0.229742 0.084475
v -0.366141 0.213844 -0.088107
v 0.001397 0.178653 -0.128510
v -0.086316 0.269098 0.043207
v -0.046814 0.295196 -0.076272
v -0.075062 0.298182 -0.054840
v 0.009665 -0.760419 0.187695
v -0.077036 -0.757885 0.182858
v -0.074009 -0.793364 0.181002
v 0.003159 0.267406 -0.098604
v -0.023637 0.295243 -0.080556
v -0.071242 -0.784358 -0.169004
v -0.070471 -0.747926 -0.168678
v 0.006188 -0.748806 -0.171637
v -0.071505 0.252823 0.062136
v -0.363760 0.239484 -0.079828
v -0.197049 0.249366 -0.078520
v -0.201232 0.217435 -0.093102
v -0.207084 0.180590 -0.094946
v -0.367370 0.187016 -0.089578
v 0.000963 0.072385 -0.130653
v -0.090711 0.281306 0.025648
v -0.092475 0.289222 0.008469
v -0.104908 0.286907 0.009154
v -0.133047 0.285780 0.008492
v -0.090669 0.292542 -0.006762
v -0.103369 0.290322 -0.007314
v -0.130901 0.289233 -0.009736
v -0.157846 0.288822 -0.011938
v -0.162016 0.286233 0.006886
v -0.099510 0.291475 -0.024122
v -0.127976 0.288448 -0.029350
v -0.154820 0.285583 -0.032868
v -0.178039 0.283324 -0.034324
v -0.181549 0.288561 -0.013365
v -0.126487 0.283108 -0.051253
v -0.154657 0.276325 -0.055870
v -0.177109 0.271915 -0.056664
v -0.195624 0.270097 -0.059041
v -0.197118 0.282549 -0.037556
v -0.178590 0.252027 -0.078095
v -0.183762 0.218902 -0.094586
v -0.192068 0.178449 -0.097037
v -0.188518 0.133385 -0.086128
v -0.200753 0.143099 -0.083602
v -0.214125 0.149034 -0.082632
v -0.369111 0.163605 -0.082309
v -0.207562 0.120000 -0.060927
v -0.219640 0.126687 -0.061196
v -0.370478 0.146532 -0.068156
v -0.223398 0.114955 -0.037025
v -0.371814 0.137614 -0.050592
v -0.224874 0.115870 -0.013574
v -0.373090 0.138171 -0.031484
v -0.225910 0.127643 0.007889
v -0.374750 0.147476 -0.012492
v -0.227603 0.148394 0.028264
v -0.375752 0.164990 0.004334
v -0.228601 0.178040 0.042640
v -0.375456 0.189821 0.017249
v -0.223713 0.214970 0.046178
v -0.370956 0.218730 0.020394
v -0.216203 0.249969 0.036436
v -0.365857 0.245402 0.011631
v -0.209961 0.275718 0.019932
v -0.361442 0.266383 -0.004595
v -0.205107 0.287773 0.002115
v -0.359022 0.276016 -0.021205
v -0.200465 0.288664 -0.016582
v -0.357639 0.276511 -0.037282
v -0.358647 0.271098 -0.053532
v -0.361221 0.259108 -0.068239
v -0.186347 0.287128 0.005275
v -0.191239 0.274548 0.023346
v -0.198871 0.248002 0.040526
v -0.209080 0.212650 0.050469
v -0.216292 0.174561 0.046821
v -0.201279 0.167869 0.053276
v -0.217053 0.143453 0.032510
v -0.205966 0.136069 0.039257
v -0.193748 0.121520 0.052062
v -0.181243 0.154032 0.065317
v -0.181867 0.097039 0.071819
v -0.163881 0.129200 0.089050
v -0.168392 0.059558 0.090188
v -0.148781 0.087715 0.117888
v -0.161163 -0.004732 0.103338
v -0.138084 0.019428 0.135515
v -0.102409 0.043871 0.155553
v -0.139153 -0.087329 0.142360
v -0.102020 -0.069209 0.168648
v -0.053154 -0.054429 0.184566
v -0.054840 0.061854 0.164772
v 0.004543 -0.048927 0.189262
v 0.002161 0.066807 0.168039
v -0.056823 -0.203985 0.194257
v 0.005681 -0.199570 0.200278
v -0.066130 -0.371907 0.196663
v 0.006049 -0.367791 0.200804
v -0.069440 -0.533135 0.186641
v 0.009057 -0.532665 0.190480
v -0.073959 -0.666718 0.185740
v 0.009552 -0.669662 0.190976
v -0.131190 -0.534250 0.166595
v -0.138136 -0.662802 0.165689
v -0.143721 -0.753336 0.164050
v -0.184545 -0.660709 0.138323
v -0.191023 -0.748603 0.136653
v -0.191238 -0.787157 0.135445
v -0.142381 -0.790327 0.162628
v -0.220267 -0.746292 0.101636
v -0.220762 -0.783905 0.100825
v -0.237268 -0.745275 0.055946
v -0.237886 -0.782124 0.054995
v -0.244459 -0.743855 0.003040
v -0.245000 -0.781600 0.001437
v -0.242136 -0.744655 -0.051294
v -0.242992 -0.783666 -0.054298
v -0.228887 -0.747028 -0.098457
v -0.230108 -0.785758 -0.102222
v -0.207037 -0.748160 -0.132035
v -0.208550 -0.785514 -0.135336
v -0.175028 -0.746989 -0.151208
v -0.176565 -0.784491 -0.152583
v -0.129833 -0.746573 -0.162194
v -0.131560 -0.784057 -0.162710
v -0.126491 -0.678398 -0.160348
v -0.068647 -0.678744 -0.166218
v -0.171498 -0.678964 -0.148482
v -0.165868 -0.588718 -0.142237
v -0.121032 -0.587452 -0.155326
v -0.203651 -0.678905 -0.126701
v -0.198454 -0.587372 -0.118703
v -0.189551 -0.469534 -0.107925
v -0.156130 -0.472693 -0.133544
v -0.225465 -0.676571 -0.092673
v -0.220580 -0.582529 -0.084331
v -0.211728 -0.462856 -0.072571
v -0.196062 -0.316186 -0.058608
v -0.174259 -0.323503 -0.091200
v -0.233993 -0.574562 -0.040700
v -0.224542 -0.452333 -0.030375
v -0.208229 -0.304212 -0.019645
v -0.189181 -0.158800 -0.014353
v -0.179690 -0.167557 -0.049212
v -0.227382 -0.439177 0.015972
v -0.210591 -0.288580 0.023041
v -0.190314 -0.144854 0.024586
v -0.178507 -0.041822 0.022622
v -0.175616 -0.052363 -0.013676
v -0.201748 -0.269170 0.066674
v -0.182799 -0.126478 0.066276
v -0.173946 -0.025705 0.063561
v -0.179718 0.036910 0.053081
v -0.181877 0.021723 0.014272
v -0.165801 -0.106669 0.106756
v -0.182289 -0.248424 0.107903
v -0.151841 -0.230571 0.144544
v -0.200109 -0.406892 0.104528
v -0.169278 -0.392075 0.142100
v -0.124913 -0.380390 0.173764
v -0.109729 -0.214897 0.174443
v -0.178155 -0.537899 0.138201
v -0.210212 -0.545050 0.101643
v -0.215434 -0.661063 0.101652
v -0.229473 -0.554358 0.057684
v -0.233292 -0.663706 0.056931
v -0.237294 -0.564693 0.008554
v -0.241157 -0.667282 0.005434
v -0.238740 -0.671791 -0.046970
v -0.219382 -0.423533 0.061789
v -0.190246 0.059826 0.007058
v -0.185875 0.054417 -0.025222
v -0.177642 0.013722 -0.020431
v -0.190296 0.073850 0.040615
v -0.200046 0.098116 0.026731
v -0.200698 0.084746 -0.001258
v -0.207149 0.100943 -0.008098
v -0.204716 0.099203 -0.034411
v -0.197530 0.081869 -0.030682
v -0.207349 0.113712 0.016613
v -0.215728 0.121991 0.011652
v -0.214593 0.109972 -0.010997
v -0.212462 0.108814 -0.035637
v -0.198083 0.109797 -0.061359
v -0.174895 0.112512 -0.089752
v -0.189679 0.090265 -0.061145
v -0.161030 0.074917 -0.087439
v -0.177119 0.058814 -0.056519
v -0.148933 0.021173 -0.080399
v -0.167469 0.013333 -0.051985
v -0.149074 -0.056031 -0.072098
v -0.166289 -0.056730 -0.044863
v -0.160988 -0.172763 -0.079132
v -0.121756 -0.050297 -0.093884
v -0.132216 -0.172657 -0.102061
v -0.141978 -0.326881 -0.114642
v -0.094003 -0.169637 -0.114898
v -0.100835 -0.326714 -0.126586
v -0.111792 -0.472258 -0.147413
v -0.052381 -0.324702 -0.131216
v -0.058654 -0.470808 -0.152463
v -0.064692 -0.586096 -0.160969
v 0.004644 -0.469795 -0.153900
v 0.004544 -0.585584 -0.162614
v 0.005696 -0.679264 -0.168110
v 0.005046 -0.323341 -0.132485
v -0.048444 -0.166221 -0.120195
v 0.002227 -0.163448 -0.121274
v -0.043097 -0.034260 -0.114252
v 0.001323 -0.031010 -0.115438
v -0.085387 -0.040932 -0.108068
v -0.095475 0.291720 -0.042422
v -0.086563 0.294559 -0.022073
v -0.081670 0.296852 -0.038435
v 0.138976 0.237466 0.058763
v 0.091600 0.172192 -0.122951
v 0.069477 0.153333 0.127894
v 0.128219 0.226531 -0.103260
v 0.137816 0.271226 0.031648
v 0.171403 0.272371 0.028516
v 0.179150 0.244870 0.047735
v 0.102264 0.259882 0.050583
v 0.107817 0.276511 0.030779
v 0.194225 0.208344 0.058627
v 0.168603 0.194020 0.071411
v 0.110175 0.202692 0.089404
v 0.084214 0.236218 0.073519
v 0.141949 0.165935 0.092246
v 0.065357 0.267381 -0.092795
v 0.034745 0.265340 -0.096767
v 0.041284 0.176464 -0.127776
v 0.086281 0.058625 -0.121319
v 0.124815 0.037211 -0.105921
v 0.136313 0.108197 -0.113885
v 0.043059 0.069551 -0.128780
v 0.087075 0.278788 -0.079411
v 0.157857 0.154056 -0.109750
v 0.050351 0.207301 0.099663
v 0.120584 0.120317 0.129327
v 0.130353 0.268339 -0.074059
v 0.097177 0.288009 -0.059738
v 0.167389 0.220210 -0.098733
v 0.162058 0.257034 -0.078945
v 0.180140 0.173361 -0.101644
v 0.071224 0.296608 -0.066422
v 0.045205 0.229060 0.085222
v 0.368867 0.213267 -0.087365
v 0.091197 0.268405 0.045497
v 0.053767 0.294780 -0.073940
v 0.082342 0.297858 -0.052534
v 0.087929 -0.757665 0.180118
v 0.085554 -0.793285 0.178303
v 0.030526 0.295001 -0.078339
v 0.080002 -0.783146 -0.171053
v 0.079222 -0.746753 -0.170515
v 0.076227 0.252051 0.063813
v 0.366558 0.238984 -0.079486
v 0.201653 0.248451 -0.079583
v 0.204735 0.215712 -0.093004
v 0.209761 0.179741 -0.094038
v 0.369728 0.186638 -0.088577
v 0.095907 0.280737 0.028399
v 0.097839 0.288953 0.011479
v 0.110102 0.286371 0.012377
v 0.138200 0.284860 0.011832
v 0.096507 0.292497 -0.003665
v 0.108906 0.290114 -0.003947
v 0.135874 0.288744 -0.006299
v 0.163764 0.288423 -0.009440
v 0.167918 0.285628 0.009422
v 0.105853 0.291406 -0.020972
v 0.133136 0.288187 -0.026114
v 0.161051 0.285321 -0.030639
v 0.183948 0.284079 -0.034152
v 0.187375 0.289173 -0.012566
v 0.131410 0.283016 -0.048490
v 0.160474 0.276106 -0.054103
v 0.182725 0.272576 -0.057183
v 0.200439 0.270500 -0.060406
v 0.201994 0.283686 -0.038332
v 0.183754 0.251930 -0.078684
v 0.188085 0.218341 -0.094246
v 0.195486 0.178064 -0.096304
v 0.192585 0.134038 -0.086464
v 0.204029 0.143697 -0.083454
v 0.216691 0.148954 -0.082105
v 0.371189 0.163459 -0.081489
v 0.210512 0.120929 -0.061080
v 0.222123 0.127181 -0.060973
v 0.372599 0.146915 -0.067541
v 0.225146 0.115695 -0.036990
v 0.374063 0.137874 -0.050249
v 0.226290 0.117017 -0.013915
v 0.375555 0.139545 -0.031353
v 0.227686 0.129003 0.007915
v 0.377326 0.148408 -0.012381
v 0.229687 0.149685 0.028795
v 0.378709 0.166432 0.004764
v 0.231221 0.179791 0.043308
v 0.378547 0.191059 0.017703
v 0.226582 0.216538 0.047055
v 0.373601 0.220346 0.020952
v 0.219655 0.251104 0.036904
v 0.368352 0.247062 0.012347
v 0.214344 0.276757 0.020302
v 0.364179 0.267417 -0.003791
v 0.209716 0.288853 0.002370
v 0.361625 0.276371 -0.020409
v 0.205205 0.289856 -0.016600
v 0.360178 0.276534 -0.036622
v 0.361210 0.271316 -0.053079
v 0.363829 0.259120 -0.067894
v 0.192044 0.287567 0.006342
v 0.196743 0.275035 0.024397
v 0.203289 0.248822 0.041399
v 0.212889 0.214084 0.051411
v 0.219740 0.176423 0.047296
v 0.205450 0.169335 0.053496
v 0.219590 0.145023 0.032533
v 0.208983 0.137659 0.038906
v 0.197002 0.123036 0.051264
v 0.185119 0.154855 0.065161
v 0.185914 0.098511 0.069855
v 0.167276 0.129946 0.087730
v 0.172939 0.059792 0.087721
v 0.152906 0.087261 0.116444
v 0.166954 -0.005144 0.099918
v 0.143697 0.018135 0.132634
v 0.107268 0.042239 0.154125
v 0.146801 -0.087297 0.139171
v 0.110201 -0.069223 0.165596
v 0.061605 -0.054879 0.182601
v 0.058849 0.060542 0.164011
v 0.066708 -0.203734 0.193055
v 0.075218 -0.371473 0.194785
v 0.081165 -0.532126 0.183376
v 0.084637 -0.666325 0.182356
v 0.140760 -0.532968 0.164092
v 0.147448 -0.662230 0.162874
v 0.152761 -0.752620 0.161293
v 0.192380 -0.660039 0.136205
v 0.198499 -0.747941 0.134133
v 0.198640 -0.786511 0.132553
v 0.151632 -0.789828 0.159718
v 0.227156 -0.746086 0.099241
v 0.227551 -0.783781 0.098173
v 0.243527 -0.745764 0.053383
v 0.244005 -0.782799 0.051974
v 0.250159 -0.744916 0.000267
v 0.250693 -0.782783 -0.001713
v 0.247291 -0.745538 -0.054334
v 0.248063 -0.784715 -0.057824
v 0.234097 -0.747211 -0.101725
v 0.235233 -0.785977 -0.105839
v 0.212936 -0.747770 -0.134706
v 0.214204 -0.785020 -0.138192
v 0.182107 -0.746023 -0.152839
v 0.183616 -0.783336 -0.154348
v 0.138326 -0.745194 -0.163661
v 0.140184 -0.782524 -0.164388
v 0.134779 -0.677367 -0.161267
v 0.077395 -0.677920 -0.167523
v 0.178283 -0.678116 -0.149597
v 0.172275 -0.587855 -0.143120
v 0.129026 -0.586607 -0.155906
v 0.209411 -0.678296 -0.128817
v 0.203623 -0.586456 -0.120288
v 0.193884 -0.467948 -0.109115
v 0.161461 -0.471214 -0.134186
v 0.230623 -0.676282 -0.095075
v 0.225011 -0.581944 -0.086173
v 0.215597 -0.461566 -0.074036
v 0.201204 -0.314232 -0.060145
v 0.179628 -0.321531 -0.092484
v 0.238100 -0.574369 -0.042344
v 0.228341 -0.451386 -0.031449
v 0.213438 -0.302501 -0.021020
v 0.195639 -0.156886 -0.016997
v 0.185959 -0.165923 -0.052107
v 0.231801 -0.438536 0.015149
v 0.216697 -0.286934 0.022156
v 0.197066 -0.143587 0.022352
v 0.184331 -0.040567 0.019339
v 0.181535 -0.050279 -0.017215
v 0.209147 -0.268198 0.066156
v 0.189952 -0.126242 0.064431
v 0.179743 -0.025230 0.060184
v 0.184381 0.037788 0.050635
v 0.185901 0.023186 0.011258
v 0.173250 -0.106668 0.104775
v 0.190640 -0.247763 0.106943
v 0.161172 -0.230161 0.142341
v 0.207114 -0.406189 0.103590
v 0.177306 -0.391176 0.140398
v 0.133660 -0.379337 0.171333
v 0.119586 -0.214476 0.172472
v 0.186027 -0.536950 0.136254
v 0.216744 -0.544451 0.100073
v 0.222096 -0.660694 0.099930
v 0.234810 -0.554173 0.056474
v 0.239250 -0.663966 0.055122
v 0.241770 -0.564705 0.007083
v 0.246396 -0.667812 0.003565
v 0.243640 -0.672050 -0.049022
v 0.225014 -0.422996 0.061162
v 0.194593 0.062229 0.004278
v 0.190432 0.056621 -0.028463
v 0.181800 0.015253 -0.023458
v 0.194468 0.076063 0.038628
v 0.202898 0.100135 0.025148
v 0.203256 0.087168 -0.003421
v 0.208970 0.102677 -0.009601
v 0.206789 0.100820 -0.035705
v 0.200494 0.084349 -0.032779
v 0.209534 0.115356 0.015646
v 0.217741 0.123543 0.011016
v 0.216271 0.111281 -0.011800
v 0.214501 0.109963 -0.036086
v 0.201428 0.110818 -0.062141
v 0.178519 0.113175 -0.090230
v 0.193019 0.092059 -0.062585
v 0.164617 0.075791 -0.089433
v 0.181429 0.060427 -0.059330
v 0.153607 0.021407 -0.082781
v 0.172031 0.014244 -0.054745
v 0.154780 -0.054648 -0.075576
v 0.172266 -0.055177 -0.048628
v 0.167162 -0.170575 -0.081771
v 0.127199 -0.049226 -0.096710
v 0.137895 -0.170568 -0.104155
v 0.148018 -0.324961 -0.115385
v 0.099174 -0.167888 -0.116249
v 0.107528 -0.324944 -0.126869
v 0.118599 -0.471016 -0.147878
v 0.059286 -0.323811 -0.131313
v 0.066141 -0.469878 -0.153102
v 0.073364 -0.585480 -0.162070
v 0.053059 -0.164711 -0.120745
v 0.046765 -0.033713 -0.115287
v 0.090175 -0.039994 -0.109988
v 0.102122 0.291433 -0.039728
v 0.093134 0.294677 -0.019230
v 0.088737 0.296615 -0.035820
v -0.222608 0.247080 -0.080546
v -0.225610 0.216448 -0.093623
v -0.229647 0.183014 -0.094824
v -0.235122 0.153512 -0.083293
v -0.238873 0.132439 -0.063053
v -0.241507 0.119907 -0.039889
v -0.242532 0.120782 -0.016960
v -0.243846 0.131684 0.004668
v -0.245459 0.151814 0.024480
v -0.246945 0.180487 0.038789
v -0.243563 0.216173 0.042060
v -0.237623 0.250466 0.032569
v -0.232061 0.276001 0.015915
v -0.227071 0.287725 -0.002162
v -0.223564 0.288135 -0.021219
v -0.221403 0.281426 -0.041889
v -0.220690 0.268309 -0.062492
v 0.228499 0.214522 -0.093602
v 0.226325 0.245820 -0.081584
v 0.231948 0.181750 -0.093944
v 0.237057 0.152986 -0.082356
v 0.240841 0.132598 -0.062374
v 0.243274 0.120045 -0.039406
v 0.244140 0.121396 -0.016718
v 0.245562 0.132644 0.005268
v 0.247586 0.152961 0.025415
v 0.249430 0.181887 0.039661
v 0.245953 0.217501 0.042964
v 0.240294 0.251428 0.032938
v 0.235477 0.276909 0.016058
v 0.230674 0.288740 -0.002165
v 0.227284 0.289300 -0.021468
v 0.225239 0.282299 -0.042800
v 0.224590 0.268245 -0.063797
v -0.256012 0.246011 -0.081936
v -0.258007 0.216838 -0.093611
v -0.260399 0.185455 -0.094577
v -0.267252 0.136262 -0.065723
v -0.269792 0.123457 -0.043820
v -0.271251 0.123210 -0.021378
v -0.272762 0.133204 0.000434
v -0.274067 0.153244 0.019991
v -0.275151 0.182435 0.034174
v -0.271866 0.217472 0.037338
v -0.266880 0.250446 0.027786
v -0.261837 0.275196 0.010808
v -0.256630 0.286454 -0.007632
v -0.254634 0.286584 -0.026468
v -0.253427 0.279884 -0.046261
v -0.253911 0.266864 -0.065378
v 0.260641 0.215172 -0.093512
v 0.259138 0.244862 -0.082740
v 0.262524 0.184239 -0.093617
v 0.271592 0.123836 -0.043098
v 0.269097 0.136335 -0.064804
v 0.273099 0.123826 -0.020907
v 0.274740 0.134180 0.001014
v 0.276451 0.154656 0.020916
v 0.277791 0.184069 0.035047
v 0.274137 0.218919 0.038129
v 0.269205 0.251448 0.028104
v 0.264622 0.276117 0.010881
v 0.259501 0.287447 -0.007694
v 0.257651 0.287555 -0.026662
v 0.256512 0.280459 -0.046888
v 0.257099 0.266667 -0.066272
v -0.264355 0.157072 -0.084188
v 0.266130 0.156600 -0.083051
v -0.298907 0.244696 -0.082586
v -0.300830 0.216752 -0.092819
v -0.301993 0.187011 -0.093926
v -0.306368 0.140160 -0.067881
v -0.308808 0.127210 -0.047368
v -0.310740 0.126453 -0.025672
v -0.312059 0.136146 -0.004331
v -0.312478 0.156206 0.014573
v -0.312445 0.185647 0.028710
v -0.309000 0.219826 0.031471
v -0.305102 0.250392 0.021341
v -0.302230 0.273265 0.003967
v -0.299551 0.283681 -0.014283
v -0.296845 0.283855 -0.032084
v -0.295065 0.277723 -0.050493
v -0.296322 0.265295 -0.067893
v 0.303449 0.215553 -0.092555
v 0.301798 0.243944 -0.082972
v 0.304152 0.186131 -0.092982
v 0.310776 0.127737 -0.046739
v 0.308258 0.140354 -0.066987
v 0.312834 0.127234 -0.025357
v 0.314245 0.137321 -0.004057
v 0.315094 0.157718 0.015279
v 0.315260 0.187382 0.029427
v 0.311362 0.221310 0.032134
v 0.307422 0.251477 0.021777
v 0.304844 0.274153 0.004269
v 0.302123 0.284536 -0.014017
v 0.299430 0.284638 -0.031948
v 0.297755 0.278148 -0.050681
v 0.299112 0.265166 -0.068340
v -0.304328 0.160251 -0.084619
v 0.306171 0.159769 -0.083542
v -0.343412 0.241650 -0.080980
v -0.345565 0.214887 -0.089942
v -0.346788 0.187014 -0.091628
v -0.350216 0.143131 -0.068851
v -0.351858 0.131720 -0.050001
v -0.353641 0.131861 -0.029609
v -0.355330 0.141603 -0.009511
v -0.356194 0.160287 0.008508
v -0.355691 0.188002 0.021942
v -0.350842 0.220235 0.024666
v -0.345593 0.249109 0.014993
v -0.342218 0.270606 -0.001894
v -0.340387 0.280275 -0.019223
v -0.338837 0.280378 -0.035927
v -0.338981 0.274373 -0.052944
v -0.341027 0.261863 -0.068495
v 0.348288 0.214117 -0.089438
v 0.346235 0.241098 -0.080927
v 0.349129 0.186433 -0.090730
v 0.354094 0.132142 -0.049577
v 0.352319 0.143391 -0.068156
v 0.356027 0.132411 -0.029412
v 0.357842 0.142520 -0.009348
v 0.359119 0.161733 0.008964
v 0.358770 0.189807 0.022461
v 0.353469 0.221751 0.025257
v 0.348119 0.250258 0.015527
v 0.344966 0.271618 -0.001339
v 0.342958 0.281237 -0.018683
v 0.341370 0.281276 -0.035468
v 0.341577 0.274857 -0.052768
v 0.343688 0.261851 -0.068490
v -0.348690 0.161782 -0.083851
v 0.350737 0.161532 -0.083004
v -0.132868 0.259531 0.040617
v -0.149344 0.272200 0.027355
v -0.168436 0.260685 0.036160
v -0.157189 0.242029 0.049900
v -0.151562 0.259134 0.038582
v -0.110689 0.250857 0.052785
v -0.100365 0.269867 0.038041
v -0.115837 0.274268 0.028860
v -0.113713 0.264273 0.040185
v -0.181410 0.226919 0.053227
v -0.177344 0.201982 0.062784
v -0.151324 0.215464 0.065967
v -0.166847 0.222642 0.058437
v -0.120613 0.221269 0.072216
v -0.091219 0.220422 0.080997
v -0.090713 0.250561 0.058771
v -0.102660 0.236451 0.066166
v -0.151268 0.181455 0.080092
v -0.124539 0.185009 0.092091
v -0.138155 0.202256 0.077826
v -0.072078 0.230075 -0.111792
v -0.044596 0.267011 -0.097497
v -0.034018 0.227279 -0.116657
v -0.059961 0.176118 -0.127375
v -0.053206 0.227666 -0.115152
v -0.084371 0.110689 -0.126013
v -0.101942 0.048712 -0.112953
v -0.125240 0.074510 -0.109011
v -0.113039 0.135010 -0.120777
v -0.106717 0.092548 -0.119415
v -0.039627 0.122543 -0.132308
v -0.061295 0.065968 -0.125456
v -0.061609 0.119022 -0.130181
v -0.106337 0.205646 -0.115311
v -0.098980 0.256959 -0.094162
v -0.071382 0.273981 -0.088602
v -0.087568 0.243108 -0.104396
v -0.142036 0.134936 -0.112649
v -0.139919 0.186878 -0.112386
v -0.125691 0.166227 -0.118112
v -0.031015 0.147846 0.137140
v 0.001193 0.172361 0.124471
v -0.024602 0.199633 0.106758
v -0.053817 0.184429 0.112530
v -0.027714 0.175227 0.121415
v -0.065114 0.222983 0.085389
v -0.089680 0.182453 0.106266
v -0.074904 0.202554 0.097200
v -0.127636 0.147007 0.111511
v -0.095272 0.137667 0.131393
v -0.108939 0.165274 0.109112
v -0.123487 0.253792 -0.089402
v -0.107365 0.278855 -0.069539
v -0.086837 0.284776 -0.071932
v -0.104466 0.269788 -0.081827
v -0.146171 0.222033 -0.102680
v -0.158394 0.240932 -0.091167
v -0.141731 0.261920 -0.079363
v -0.142331 0.245371 -0.091688
v -0.165147 0.165031 -0.106683
v -0.168715 0.196760 -0.103817
v -0.155223 0.193542 -0.107932
v -0.055906 0.295841 -0.073060
v -0.050205 0.287222 -0.082121
v -0.068763 0.291555 -0.072279
v -0.060355 0.289089 -0.077725
v -0.079780 0.294931 -0.056728
v -0.070264 0.297967 -0.062336
v -0.075178 0.293681 -0.064987
v -0.020546 0.221975 0.091204
v -0.042957 0.222818 0.089286
v 0.001386 0.212418 0.098279
v -0.022354 0.215204 0.095933
v 0.009879 -0.785502 0.186030
v -0.038393 -0.759485 0.188323
v -0.075624 -0.783268 0.181762
v -0.034712 -0.794793 0.185583
v -0.037129 -0.784620 0.186692
v 0.003408 0.287579 -0.086634
v -0.012690 0.267324 -0.099369
v -0.024826 0.286808 -0.086521
v -0.010045 0.295543 -0.081433
v -0.010678 0.287396 -0.087099
v -0.035564 -0.784609 -0.170303
v -0.071167 -0.771634 -0.169161
v -0.035265 -0.748470 -0.170016
v 0.006537 -0.772216 -0.172339
v -0.035779 -0.772101 -0.170552
v -0.058139 0.241925 0.073094
v -0.073880 0.247570 0.065611
v -0.059728 0.235877 0.077038
v -0.365019 0.226966 -0.084565
v -0.357238 0.240359 -0.080192
v -0.344574 0.228629 -0.086149
v -0.359572 0.214202 -0.088720
v -0.358487 0.227554 -0.085082
v -0.346330 0.201277 -0.092019
v -0.360733 0.187120 -0.090213
v -0.366855 0.200692 -0.089943
v -0.360236 0.200976 -0.090551
v -0.017776 0.178899 -0.129122
v 0.002258 0.228607 -0.115968
v -0.015578 0.228421 -0.116707
v 0.000875 0.124289 -0.132648
v -0.019246 0.071633 -0.129825
v -0.018923 0.124123 -0.132835
v -0.089729 0.266394 0.045176
v -0.081102 0.261966 0.051914
v -0.084005 0.258363 0.054366
v -0.088567 0.275601 0.034754
v -0.094486 0.280022 0.026395
v -0.092272 0.273781 0.035946
v -0.092096 0.285763 0.016847
v -0.096474 0.288283 0.008723
v -0.104326 0.282947 0.018237
v -0.095957 0.284725 0.017387
v -0.117672 0.286028 0.009145
v -0.133370 0.280525 0.018241
v -0.117349 0.281298 0.018770
v -0.091953 0.291459 0.000662
v -0.094743 0.291609 -0.006814
v -0.104545 0.289262 0.000756
v -0.096013 0.290498 0.000788
v -0.116025 0.289483 -0.008289
v -0.132351 0.288349 -0.000625
v -0.117254 0.288472 0.000392
v -0.144682 0.289077 -0.011107
v -0.160124 0.288491 -0.002411
v -0.147684 0.285896 0.007578
v -0.146619 0.288362 -0.001676
v -0.101605 0.290846 -0.015441
v -0.112745 0.289836 -0.026580
v -0.129408 0.289214 -0.019195
v -0.114435 0.289841 -0.017153
v -0.141617 0.287120 -0.031664
v -0.156237 0.287790 -0.022057
v -0.143052 0.288595 -0.021051
v -0.167321 0.284211 -0.033353
v -0.179637 0.286646 -0.023595
v -0.170578 0.288659 -0.012427
v -0.168752 0.287099 -0.022628
v -0.126895 0.286571 -0.040044
v -0.141089 0.279534 -0.054580
v -0.154625 0.281875 -0.044167
v -0.141073 0.284230 -0.042861
v -0.166711 0.273672 -0.056126
v -0.177519 0.278471 -0.045408
v -0.166899 0.279830 -0.044613
v -0.186009 0.270869 -0.057701
v -0.196346 0.277196 -0.048353
v -0.187452 0.282833 -0.035688
v -0.186730 0.277682 -0.046678
v -0.155461 0.268542 -0.068099
v -0.168500 0.254135 -0.078884
v -0.177470 0.263296 -0.067816
v -0.167433 0.265399 -0.067799
v -0.187445 0.250588 -0.078016
v -0.195758 0.260934 -0.069275
v -0.186304 0.261995 -0.068308
v -0.174227 0.219290 -0.096927
v -0.180463 0.236843 -0.087465
v -0.170577 0.238304 -0.089202
v -0.192185 0.218194 -0.093477
v -0.198650 0.234392 -0.086934
v -0.189220 0.235678 -0.086786
v -0.184526 0.176241 -0.099282
v -0.187797 0.199271 -0.097867
v -0.179214 0.198429 -0.100366
v -0.199028 0.179586 -0.095672
v -0.204072 0.199449 -0.095885
v -0.195522 0.199339 -0.096537
v -0.182468 0.151613 -0.096066
v -0.194816 0.138852 -0.084675
v -0.196411 0.159601 -0.091843
v -0.189770 0.156374 -0.093587
v -0.206775 0.146257 -0.082887
v -0.210502 0.163936 -0.090261
v -0.202828 0.161909 -0.090833
v -0.223575 0.151460 -0.082798
v -0.232373 0.167495 -0.090375
v -0.217295 0.181908 -0.094734
v -0.220388 0.165879 -0.090134
v -0.204142 0.131565 -0.072981
v -0.212994 0.123515 -0.060856
v -0.216921 0.138192 -0.072598
v -0.209852 0.135173 -0.072565
v -0.228130 0.129873 -0.061964
v -0.237239 0.142990 -0.073804
v -0.225969 0.140756 -0.073038
v -0.363437 0.145417 -0.068495
v -0.350961 0.136838 -0.059816
v -0.364876 0.134566 -0.050579
v -0.371099 0.140789 -0.059689
v -0.364087 0.139240 -0.059871
v -0.352703 0.131091 -0.040040
v -0.366558 0.135061 -0.030981
v -0.372358 0.137105 -0.041237
v -0.365637 0.134058 -0.040963
v -0.354542 0.136447 -0.019636
v -0.368435 0.144422 -0.011496
v -0.373992 0.142504 -0.021979
v -0.367551 0.139403 -0.021287
v -0.355879 0.150223 -0.000423
v -0.369453 0.162393 0.005803
v -0.375395 0.155703 -0.003836
v -0.369093 0.152619 -0.002695
v -0.356233 0.173295 0.015931
v -0.368850 0.188838 0.018996
v -0.375795 0.176448 0.011532
v -0.369387 0.174821 0.013194
v -0.353746 0.204159 0.025117
v -0.363842 0.219805 0.021922
v -0.373753 0.203942 0.020524
v -0.366890 0.204229 0.022210
v -0.348097 0.235250 0.021064
v -0.358526 0.247538 0.012691
v -0.368340 0.232780 0.017177
v -0.361187 0.234116 0.018535
v -0.343590 0.261277 0.006912
v -0.354645 0.268632 -0.003845
v -0.363317 0.257331 0.003905
v -0.356318 0.259438 0.004806
v -0.341189 0.276892 -0.010743
v -0.352629 0.278014 -0.020734
v -0.360071 0.272424 -0.013060
v -0.353479 0.274727 -0.012455
v -0.339629 0.281227 -0.027554
v -0.351244 0.278205 -0.036984
v -0.358201 0.276830 -0.029212
v -0.351855 0.278944 -0.028825
v -0.338610 0.278190 -0.044538
v -0.351956 0.272350 -0.053349
v -0.357811 0.274237 -0.045530
v -0.351232 0.275999 -0.045289
v -0.340071 0.269011 -0.060974
v -0.354508 0.260230 -0.068294
v -0.359995 0.265667 -0.061145
v -0.353305 0.267177 -0.061091
v -0.342278 0.252831 -0.075211
v -0.362495 0.250412 -0.074398
v -0.355850 0.251378 -0.074599
v -0.202651 0.289311 -0.006967
v -0.195624 0.287481 0.003884
v -0.184053 0.288890 -0.003813
v -0.190970 0.288589 -0.014724
v -0.193341 0.289115 -0.005186
v -0.198627 0.286354 -0.026849
v -0.189029 0.286436 -0.024996
v -0.207538 0.283335 0.011097
v -0.200884 0.275141 0.021719
v -0.188884 0.282420 0.014318
v -0.198419 0.282903 0.012830
v -0.179697 0.273800 0.024915
v -0.164082 0.281161 0.016411
v -0.175064 0.286749 0.006338
v -0.177451 0.281905 0.015558
v -0.172902 0.288732 -0.002841
v -0.212848 0.264401 0.028598
v -0.207659 0.249144 0.038382
v -0.194468 0.262886 0.032288
v -0.203792 0.263656 0.030468
v -0.188108 0.246555 0.043047
v -0.182858 0.261831 0.034288
v -0.219982 0.233243 0.042516
v -0.216376 0.214030 0.048196
v -0.203802 0.231056 0.046787
v -0.211819 0.232438 0.044457
v -0.200431 0.210404 0.053556
v -0.193968 0.229274 0.049713
v -0.226836 0.195848 0.046184
v -0.222192 0.176487 0.044557
v -0.213452 0.193055 0.050181
v -0.220018 0.194743 0.048076
v -0.209300 0.171782 0.049586
v -0.196414 0.187193 0.056955
v -0.205763 0.190545 0.053032
v -0.217028 0.157928 0.040416
v -0.211747 0.140154 0.035571
v -0.204026 0.150837 0.047214
v -0.210915 0.154814 0.043402
v -0.199782 0.129915 0.044810
v -0.187724 0.136708 0.059567
v -0.191571 0.161905 0.058369
v -0.195977 0.144816 0.052430
v -0.174103 0.173281 0.069353
v -0.185673 0.181359 0.062233
v -0.188093 0.110465 0.061800
v -0.173940 0.112099 0.082170
v -0.171591 0.143177 0.075402
v -0.180681 0.125769 0.069863
v -0.151922 0.147725 0.092091
v -0.162115 0.161811 0.078324
v -0.175117 0.080279 0.081994
v -0.159857 0.072880 0.105771
v -0.156181 0.110896 0.104112
v -0.166967 0.094745 0.094914
v -0.134631 0.103750 0.126061
v -0.143102 0.128615 0.109627
v -0.163860 0.031818 0.097318
v -0.151164 0.006872 0.120649
v -0.142156 0.057557 0.128030
v -0.154159 0.044353 0.113627
v -0.121826 0.031938 0.147278
v -0.108725 0.085680 0.146187
v -0.127053 0.071498 0.139173
v -0.137106 -0.030219 0.140301
v -0.121969 -0.078305 0.156720
v -0.101835 -0.008391 0.164259
v -0.121070 -0.019315 0.153610
v -0.079127 -0.061066 0.178106
v -0.053687 0.009368 0.175533
v -0.080118 0.054118 0.161226
v -0.079075 0.001410 0.171710
v -0.059747 0.108245 0.152639
v -0.086221 0.099028 0.150223
v -0.024761 -0.050319 0.188247
v 0.003137 0.014810 0.178869
v -0.027178 0.065802 0.167196
v -0.026188 0.013700 0.177914
v 0.001686 0.110775 0.156350
v -0.029729 0.110702 0.155261
v -0.053359 -0.124527 0.186839
v -0.026965 -0.200665 0.198907
v 0.005445 -0.119843 0.192497
v -0.024778 -0.120898 0.191068
v -0.060985 -0.287355 0.195322
v -0.031277 -0.368331 0.200101
v 0.006695 -0.283346 0.200187
v -0.028312 -0.284050 0.199154
v -0.067928 -0.454563 0.192390
v -0.033081 -0.532780 0.191272
v 0.007498 -0.452284 0.197107
v -0.032196 -0.452893 0.197418
v -0.071593 -0.604250 0.185360
v -0.036409 -0.668599 0.191687
v 0.008989 -0.605737 0.189826
v -0.034727 -0.605083 0.190416
v -0.076088 -0.718094 0.184459
v 0.009667 -0.721161 0.189561
v -0.037547 -0.719830 0.190053
v -0.102121 -0.533550 0.177837
v -0.134596 -0.602870 0.165861
v -0.108235 -0.664423 0.176611
v -0.105079 -0.603443 0.176791
v -0.141889 -0.713827 0.165125
v -0.112835 -0.755654 0.174611
v -0.111445 -0.715911 0.175829
v -0.163674 -0.661514 0.152887
v -0.188617 -0.710181 0.137709
v -0.169931 -0.750848 0.151350
v -0.167628 -0.711840 0.152410
v -0.191519 -0.775818 0.135932
v -0.169587 -0.788808 0.149924
v -0.143383 -0.779971 0.163079
v -0.170147 -0.777935 0.150444
v -0.110702 -0.791854 0.173020
v -0.112035 -0.781576 0.173585
v -0.207507 -0.747119 0.120243
v -0.220830 -0.772454 0.101223
v -0.207932 -0.785705 0.119199
v -0.208061 -0.773951 0.119662
v -0.230199 -0.745730 0.079939
v -0.237855 -0.770760 0.055242
v -0.230754 -0.782862 0.079193
v -0.230782 -0.771549 0.079481
v -0.241888 -0.744377 0.030192
v -0.244926 -0.769082 0.001727
v -0.242513 -0.781621 0.028795
v -0.242439 -0.769671 0.029073
v -0.244663 -0.743958 -0.024511
v -0.242823 -0.770286 -0.053444
v -0.245382 -0.782392 -0.026856
v -0.245285 -0.769455 -0.026219
v -0.236698 -0.745933 -0.076366
v -0.229729 -0.772189 -0.100945
v -0.237735 -0.784969 -0.079845
v -0.237451 -0.771452 -0.078782
v -0.219025 -0.747797 -0.117153
v -0.208016 -0.772329 -0.134030
v -0.220616 -0.785792 -0.120763
v -0.220014 -0.772452 -0.119445
v -0.192523 -0.747669 -0.143133
v -0.176153 -0.771025 -0.152155
v -0.193923 -0.784977 -0.145559
v -0.193532 -0.771716 -0.144571
v -0.154340 -0.746482 -0.157420
v -0.131126 -0.770636 -0.162740
v -0.156050 -0.784214 -0.158191
v -0.155550 -0.770685 -0.158036
v -0.101802 -0.747061 -0.166023
v -0.103231 -0.784088 -0.166479
v -0.102889 -0.771024 -0.166510
v -0.128004 -0.715283 -0.161525
v -0.098994 -0.678423 -0.163965
v -0.069259 -0.716123 -0.167757
v -0.100165 -0.715626 -0.165272
v -0.173173 -0.715967 -0.150116
v -0.150727 -0.678651 -0.155463
v -0.152376 -0.715529 -0.156680
v -0.169316 -0.637239 -0.145958
v -0.145033 -0.588258 -0.149996
v -0.124386 -0.636427 -0.158283
v -0.148525 -0.636805 -0.153238
v -0.205412 -0.716806 -0.129615
v -0.189114 -0.679294 -0.139010
v -0.190829 -0.716655 -0.141370
v -0.201562 -0.636903 -0.123212
v -0.183603 -0.588582 -0.131888
v -0.186907 -0.637398 -0.136029
v -0.194733 -0.532016 -0.113767
v -0.174333 -0.471536 -0.122197
v -0.161486 -0.534518 -0.138358
v -0.179501 -0.533760 -0.127460
v -0.215716 -0.678183 -0.111280
v -0.223360 -0.633113 -0.088737
v -0.210639 -0.585573 -0.102819
v -0.213553 -0.635442 -0.107420
v -0.217046 -0.526202 -0.078954
v -0.201899 -0.466622 -0.091330
v -0.207142 -0.529645 -0.097502
v -0.205351 -0.392108 -0.066369
v -0.186493 -0.320036 -0.075754
v -0.183064 -0.399130 -0.100681
v -0.195550 -0.396033 -0.084448
v -0.228313 -0.579083 -0.063621
v -0.230235 -0.516455 -0.035914
v -0.219194 -0.458140 -0.052221
v -0.224730 -0.521745 -0.058359
v -0.218244 -0.381055 -0.025328
v -0.203217 -0.310591 -0.039871
v -0.212934 -0.386977 -0.046511
v -0.199263 -0.228028 -0.016647
v -0.185477 -0.163624 -0.032358
v -0.188500 -0.238632 -0.053548
v -0.195059 -0.233532 -0.035625
v -0.227294 -0.446081 -0.007493
v -0.220911 -0.366506 0.019496
v -0.210730 -0.296863 0.001534
v -0.220970 -0.374228 -0.003275
v -0.200272 -0.213317 0.024257
v -0.190797 -0.152521 0.004519
v -0.201036 -0.220911 0.003506
v -0.182304 -0.088265 0.024500
v -0.177920 -0.047898 0.003885
v -0.181054 -0.100664 -0.013217
v -0.182684 -0.095275 0.004973
v -0.207634 -0.279350 0.044921
v -0.191502 -0.193781 0.066680
v -0.187514 -0.135787 0.045451
v -0.197050 -0.203964 0.045412
v -0.176266 -0.071640 0.066051
v -0.177180 -0.034524 0.042847
v -0.180143 -0.080369 0.044957
v -0.175919 0.010063 0.058962
v -0.181722 0.028456 0.033258
v -0.179026 -0.005995 0.018696
v -0.178325 0.001410 0.038489
v -0.175615 -0.116750 0.086981
v -0.161763 -0.051538 0.106978
v -0.168724 -0.015622 0.084200
v -0.170244 -0.061799 0.086893
v -0.175151 0.047383 0.072735
v -0.171169 0.020253 0.078997
v -0.193297 -0.258615 0.087865
v -0.173249 -0.172769 0.107162
v -0.183577 -0.183073 0.087503
v -0.168476 -0.239271 0.126891
v -0.144231 -0.153162 0.142470
v -0.153700 -0.096727 0.125370
v -0.160241 -0.162784 0.125510
v -0.150580 -0.040736 0.124728
v -0.191854 -0.328438 0.106800
v -0.186247 -0.399123 0.124031
v -0.160573 -0.311266 0.143751
v -0.177549 -0.319394 0.125879
v -0.149046 -0.385775 0.158675
v -0.117280 -0.297385 0.174855
v -0.132165 -0.222261 0.160649
v -0.140655 -0.303986 0.160158
v -0.103832 -0.136707 0.169486
v -0.125229 -0.144659 0.157283
v -0.097239 -0.375768 0.186671
v -0.084768 -0.208570 0.185741
v -0.090746 -0.291949 0.186851
v -0.080129 -0.129756 0.179294
v -0.173991 -0.467072 0.139626
v -0.156633 -0.535658 0.153460
v -0.128642 -0.459669 0.170290
v -0.153353 -0.463045 0.155751
v -0.100115 -0.456773 0.182625
v -0.205255 -0.477482 0.102690
v -0.196034 -0.541246 0.120717
v -0.191225 -0.472030 0.121719
v -0.212977 -0.606420 0.101237
v -0.201859 -0.660676 0.121090
v -0.181550 -0.603241 0.137834
v -0.199059 -0.604496 0.120507
v -0.160227 -0.602796 0.152778
v -0.221353 -0.549485 0.080445
v -0.231526 -0.612438 0.057021
v -0.225767 -0.662183 0.080312
v -0.223727 -0.609333 0.080013
v -0.235532 -0.708941 0.056580
v -0.218346 -0.708896 0.101792
v -0.228297 -0.708769 0.080349
v -0.205352 -0.709301 0.120780
v -0.234721 -0.559631 0.033711
v -0.239270 -0.619354 0.006768
v -0.238404 -0.665500 0.031826
v -0.236670 -0.615943 0.032363
v -0.242928 -0.709635 0.004456
v -0.240338 -0.709261 0.031170
v -0.237012 -0.569793 -0.016422
v -0.236492 -0.626518 -0.044034
v -0.241357 -0.669322 -0.021151
v -0.239265 -0.622979 -0.018912
v -0.240635 -0.711997 -0.049162
v -0.243189 -0.710671 -0.022733
v -0.233359 -0.674391 -0.071008
v -0.230983 -0.630173 -0.067592
v -0.227276 -0.715355 -0.095761
v -0.235229 -0.713886 -0.073779
v -0.233160 -0.504132 0.011963
v -0.233077 -0.510699 -0.012439
v -0.224810 -0.490576 0.059629
v -0.224797 -0.431615 0.039093
v -0.230403 -0.497433 0.036025
v -0.212226 -0.348183 0.064508
v -0.218040 -0.357823 0.042088
v -0.211173 -0.415173 0.083732
v -0.216514 -0.483862 0.081748
v -0.203484 -0.338229 0.086309
v -0.186287 0.043050 0.010282
v -0.188478 0.056072 -0.009232
v -0.181750 0.036300 -0.023401
v -0.180409 0.016841 -0.003540
v -0.184448 0.038697 -0.006812
v -0.175475 -0.015061 -0.016864
v -0.178032 -0.011208 0.000278
v -0.184191 0.057563 0.046793
v -0.190940 0.065832 0.023835
v -0.186159 0.049397 0.028181
v -0.195870 0.087129 0.034037
v -0.200696 0.090153 0.012594
v -0.196140 0.073505 0.003125
v -0.196736 0.079128 0.018470
v -0.187454 0.084210 0.057379
v -0.180446 0.067737 0.065409
v -0.197767 0.108763 0.039823
v -0.193241 0.097564 0.048893
v -0.204294 0.093839 -0.005121
v -0.205814 0.098820 -0.021248
v -0.201543 0.091711 -0.032885
v -0.199344 0.082031 -0.016053
v -0.203104 0.091453 -0.018968
v -0.192108 0.069501 -0.027759
v -0.194527 0.070302 -0.012378
v -0.203783 0.106806 0.020815
v -0.206849 0.106440 0.004064
v -0.204079 0.099081 0.007681
v -0.211537 0.118228 0.014000
v -0.214595 0.115798 0.000024
v -0.210597 0.106075 -0.009736
v -0.210652 0.111543 0.001964
v -0.206786 0.124194 0.028259
v -0.202005 0.117447 0.033127
v -0.216073 0.132463 0.021955
v -0.211534 0.128733 0.024837
v -0.218984 0.113333 -0.012268
v -0.223974 0.114429 -0.025234
v -0.217385 0.112041 -0.036169
v -0.213426 0.108238 -0.023213
v -0.218066 0.111606 -0.024116
v -0.208448 0.104557 -0.035051
v -0.209551 0.104066 -0.022244
v -0.220173 0.125144 0.009641
v -0.224894 0.121904 -0.003165
v -0.219161 0.119014 -0.001526
v -0.221313 0.120466 -0.049427
v -0.209910 0.113576 -0.048521
v -0.214952 0.117256 -0.048790
v -0.202643 0.115436 -0.061049
v -0.201336 0.103261 -0.048088
v -0.205405 0.108997 -0.048268
v -0.193573 0.120570 -0.074392
v -0.198871 0.126474 -0.073608
v -0.181509 0.124502 -0.087917
v -0.183103 0.099687 -0.076223
v -0.194394 0.101353 -0.061627
v -0.188092 0.111571 -0.075267
v -0.193870 0.084564 -0.046268
v -0.198164 0.095074 -0.047597
v -0.168244 0.095537 -0.089653
v -0.170304 0.065252 -0.072303
v -0.184598 0.076137 -0.059283
v -0.177154 0.084055 -0.075204
v -0.181930 0.055237 -0.040834
v -0.189120 0.071462 -0.043617
v -0.152570 0.049915 -0.083347
v -0.159431 0.016191 -0.066682
v -0.171200 0.038114 -0.054691
v -0.162745 0.042761 -0.069210
v -0.173363 0.012607 -0.036536
v -0.177185 0.036114 -0.039197
v -0.148040 -0.013686 -0.076006
v -0.158898 -0.056977 -0.059061
v -0.165838 -0.017658 -0.048150
v -0.158145 -0.016342 -0.062614
v -0.171770 -0.055158 -0.029714
v -0.171442 -0.016999 -0.032880
v -0.154238 -0.109184 -0.074014
v -0.171589 -0.170907 -0.064874
v -0.171896 -0.107468 -0.045984
v -0.164197 -0.108832 -0.060647
v -0.177439 -0.104292 -0.030088
v -0.136642 -0.053678 -0.083840
v -0.126628 -0.106713 -0.096379
v -0.147835 -0.173074 -0.091669
v -0.141611 -0.108510 -0.086144
v -0.137121 -0.247642 -0.107871
v -0.159331 -0.325444 -0.104212
v -0.167973 -0.245332 -0.084655
v -0.153747 -0.246826 -0.097546
v -0.179534 -0.242469 -0.069930
v -0.114252 -0.171390 -0.109666
v -0.097184 -0.247005 -0.119956
v -0.122443 -0.326814 -0.121810
v -0.118196 -0.247754 -0.115178
v -0.106299 -0.402405 -0.138320
v -0.135243 -0.472844 -0.141870
v -0.149560 -0.402641 -0.125366
v -0.129000 -0.402852 -0.133180
v -0.167655 -0.401414 -0.114505
v -0.077384 -0.325417 -0.129554
v -0.055258 -0.401126 -0.142849
v -0.086093 -0.471531 -0.150725
v -0.081594 -0.401684 -0.141319
v -0.061723 -0.531634 -0.157677
v -0.094119 -0.586640 -0.158880
v -0.116649 -0.533590 -0.152088
v -0.090222 -0.532517 -0.155589
v -0.140513 -0.534385 -0.146524
v -0.029452 -0.470219 -0.153305
v 0.004968 -0.530916 -0.159787
v -0.032909 -0.585692 -0.161823
v -0.031170 -0.531176 -0.158813
v 0.006222 -0.636396 -0.165494
v -0.035166 -0.679064 -0.167086
v -0.067220 -0.635901 -0.163779
v -0.034521 -0.636192 -0.164625
v -0.097165 -0.635900 -0.161711
v 0.005393 -0.716517 -0.170077
v -0.035041 -0.716420 -0.168831
v -0.026395 -0.323696 -0.131925
v 0.005078 -0.400026 -0.144285
v -0.027703 -0.400593 -0.143429
v -0.050028 -0.244396 -0.125043
v -0.024093 -0.164393 -0.121178
v 0.003624 -0.242420 -0.126416
v -0.024932 -0.243480 -0.126016
v -0.046088 -0.095218 -0.116109
v -0.021296 -0.032105 -0.115285
v 0.001480 -0.092056 -0.117322
v -0.022837 -0.093505 -0.117175
v -0.040742 0.019195 -0.121005
v 0.001097 0.022306 -0.123169
v -0.019820 0.021112 -0.122581
v -0.071908 -0.167668 -0.118257
v -0.089811 -0.100188 -0.110186
v -0.064722 -0.036937 -0.112041
v -0.068446 -0.097688 -0.114024
v -0.082534 0.010718 -0.113571
v -0.061929 0.015682 -0.118235
v -0.104487 -0.045791 -0.102049
v -0.109232 -0.103528 -0.104426
v -0.119794 -0.003270 -0.098483
v -0.101960 0.003877 -0.107063
v -0.074227 -0.245681 -0.123128
v -0.135707 0.028075 -0.092884
v -0.135197 -0.009253 -0.088124
v -0.148050 0.088527 -0.101883
v -0.139948 0.060225 -0.096368
v -0.164585 0.130710 -0.101552
v -0.156146 0.112281 -0.103036
v -0.173987 0.142693 -0.099084
v -0.221902 0.146106 0.030165
v -0.226356 0.137868 0.017838
v -0.220675 0.135429 0.019606
v -0.217443 -0.716401 -0.114425
v -0.228210 0.162441 0.036088
v -0.222318 0.160330 0.038106
v -0.126284 0.277519 -0.063393
v -0.141529 0.272458 -0.066935
v -0.097487 0.291797 -0.033216
v -0.110022 0.287619 -0.046983
v -0.111282 0.289204 -0.036643
v -0.093266 0.290844 -0.052026
v -0.108765 0.284485 -0.057966
v -0.090647 0.293340 -0.022574
v -0.084278 0.295642 -0.030301
v -0.085968 0.294926 -0.039502
v -0.088445 0.294183 -0.031116
v -0.078693 0.297798 -0.046715
v -0.083193 0.295353 -0.048122
v -0.088827 0.293336 -0.014220
v -0.092888 0.292382 -0.014501
v -0.149046 0.280559 0.017318
v -0.036015 0.295074 -0.078641
v -0.038242 0.286776 -0.084620
v 0.162110 0.241534 0.052338
v 0.173958 0.260221 0.038423
v 0.154982 0.271187 0.030295
v 0.137887 0.258322 0.043669
v 0.156964 0.258256 0.041390
v 0.121049 0.273118 0.031990
v 0.105326 0.268957 0.040745
v 0.115262 0.249742 0.055211
v 0.118728 0.263032 0.043177
v 0.155718 0.215127 0.067902
v 0.182047 0.202403 0.064212
v 0.186220 0.227360 0.054861
v 0.171554 0.222638 0.060392
v 0.095392 0.249658 0.060799
v 0.094922 0.219514 0.082154
v 0.124431 0.220392 0.073821
v 0.106801 0.235521 0.067842
v 0.127887 0.184199 0.092393
v 0.155138 0.181107 0.080436
v 0.142080 0.201662 0.079226
v 0.063854 0.175039 -0.126347
v 0.038713 0.226115 -0.114963
v 0.050585 0.265954 -0.095232
v 0.077227 0.228991 -0.110480
v 0.058140 0.226556 -0.113621
v 0.117009 0.134469 -0.120659
v 0.129523 0.074458 -0.110614
v 0.106596 0.048235 -0.114716
v 0.088272 0.109997 -0.126143
v 0.110618 0.092179 -0.120240
v 0.065029 0.065543 -0.126084
v 0.042670 0.122050 -0.131952
v 0.065186 0.118314 -0.129980
v 0.077582 0.273129 -0.086883
v 0.104664 0.256169 -0.092591
v 0.111059 0.204912 -0.114201
v 0.093177 0.242086 -0.103068
v 0.144621 0.186811 -0.111394
v 0.146178 0.134676 -0.112493
v 0.129948 0.165757 -0.117564
v 0.057054 0.183511 0.112900
v 0.027685 0.199062 0.107081
v 0.033842 0.147114 0.136830
v 0.030635 0.174459 0.121643
v 0.092833 0.181448 0.106372
v 0.068999 0.222162 0.086360
v 0.078363 0.201634 0.097893
v 0.098535 0.137004 0.130294
v 0.130746 0.146631 0.110367
v 0.112084 0.164473 0.108479
v 0.093264 0.284092 -0.069948
v 0.112836 0.278456 -0.067379
v 0.128844 0.253295 -0.087768
v 0.110037 0.269181 -0.080017
v 0.146911 0.261618 -0.077610
v 0.163679 0.240706 -0.090071
v 0.151165 0.221928 -0.101288
v 0.147486 0.245048 -0.090101
v 0.173339 0.196946 -0.102717
v 0.169660 0.165456 -0.105927
v 0.160009 0.193743 -0.106843
v 0.075904 0.290949 -0.070150
v 0.056942 0.286616 -0.079808
v 0.063097 0.295395 -0.070779
v 0.067317 0.288480 -0.075545
v 0.077599 0.297529 -0.060078
v 0.086982 0.294511 -0.054402
v 0.082404 0.293150 -0.062817
v 0.046634 0.222211 0.089988
v 0.024150 0.221452 0.091501
v 0.025638 0.214733 0.096300
v 0.048490 -0.794567 0.183194
v 0.086672 -0.783163 0.178983
v 0.049932 -0.759310 0.185468
v 0.049383 -0.784545 0.184029
v 0.016915 0.295537 -0.080000
v 0.031591 0.286280 -0.084163
v 0.018741 0.266474 -0.097511
v 0.017470 0.287080 -0.085503
v 0.044165 -0.747742 -0.172179
v 0.079902 -0.770406 -0.171083
v 0.044673 -0.783763 -0.172606
v 0.044675 -0.771227 -0.172759
v 0.078375 0.246795 0.067196
v 0.062732 0.241139 0.074384
v 0.064077 0.235123 0.078260
v 0.362316 0.213582 -0.088038
v 0.347410 0.227923 -0.085911
v 0.360059 0.239864 -0.079921
v 0.367814 0.226405 -0.084078
v 0.361312 0.226959 -0.084649
v 0.369419 0.200157 -0.088996
v 0.363080 0.186656 -0.089239
v 0.348882 0.200550 -0.091220
v 0.362809 0.200383 -0.089637
v 0.020753 0.178068 -0.128357
v 0.020029 0.227465 -0.115503
v 0.021535 0.071433 -0.130151
v 0.021273 0.123811 -0.132642
v 0.085895 0.261198 0.053822
v 0.094551 0.265614 0.047380
v 0.088726 0.257554 0.056216
v 0.099655 0.279392 0.029229
v 0.093604 0.274991 0.037267
v 0.097292 0.273069 0.038517
v 0.109486 0.282240 0.021339
v 0.101784 0.287928 0.011784
v 0.097389 0.285380 0.019784
v 0.101221 0.284221 0.020405
v 0.138628 0.279411 0.021496
v 0.122880 0.285234 0.012510
v 0.122593 0.280280 0.022022
v 0.109849 0.288881 0.004056
v 0.100519 0.291551 -0.003622
v 0.097512 0.291265 0.003755
v 0.101485 0.290309 0.003940
v 0.137242 0.287698 0.002754
v 0.121262 0.289127 -0.004861
v 0.122470 0.287899 0.003788
v 0.153188 0.285021 0.010637
v 0.166032 0.287998 0.000159
v 0.150009 0.288486 -0.007969
v 0.152014 0.287640 0.001404
v 0.134378 0.288898 -0.015821
v 0.118381 0.289722 -0.023361
v 0.107530 0.290808 -0.012155
v 0.119821 0.289677 -0.013788
v 0.162215 0.287498 -0.019689
v 0.146911 0.286719 -0.028635
v 0.148355 0.288107 -0.017916
v 0.176675 0.288722 -0.010835
v 0.185516 0.287337 -0.023058
v 0.173541 0.284478 -0.032240
v 0.174936 0.287265 -0.021251
v 0.160572 0.281634 -0.042092
v 0.146254 0.279199 -0.051948
v 0.131867 0.286446 -0.037024
v 0.146321 0.283860 -0.039946
v 0.183351 0.279237 -0.045571
v 0.172663 0.274031 -0.055586
v 0.173055 0.280138 -0.043766
v 0.192873 0.283941 -0.036112
v 0.201244 0.278054 -0.049486
v 0.191244 0.271541 -0.058795
v 0.192113 0.278657 -0.047488
v 0.182843 0.263663 -0.068516
v 0.173901 0.254117 -0.078836
v 0.161134 0.268295 -0.066723
v 0.173117 0.265641 -0.067689
v 0.200494 0.260698 -0.070610
v 0.192405 0.250135 -0.078937
v 0.191384 0.262155 -0.069453
v 0.185338 0.236442 -0.087667
v 0.178870 0.219142 -0.096185
v 0.175643 0.238141 -0.088815
v 0.202863 0.233004 -0.087480
v 0.196111 0.217010 -0.093325
v 0.193853 0.234799 -0.087254
v 0.191472 0.198635 -0.097190
v 0.188366 0.176457 -0.098644
v 0.183352 0.198425 -0.099500
v 0.206992 0.197750 -0.095182
v 0.202031 0.178923 -0.094804
v 0.198780 0.197998 -0.095820
v 0.199844 0.159787 -0.091353
v 0.198484 0.139668 -0.084849
v 0.186688 0.152178 -0.095840
v 0.193615 0.156826 -0.093321
v 0.213161 0.163635 -0.089444
v 0.209724 0.146412 -0.082572
v 0.205840 0.161897 -0.090129
v 0.219769 0.180828 -0.093818
v 0.234441 0.166595 -0.089426
v 0.225780 0.151145 -0.082062
v 0.222704 0.165193 -0.089246
v 0.219442 0.138443 -0.072242
v 0.215731 0.124243 -0.060806
v 0.207312 0.132281 -0.073114
v 0.212724 0.135658 -0.072465
v 0.239217 0.142853 -0.072952
v 0.230418 0.129828 -0.061493
v 0.228208 0.140825 -0.072446
v 0.373294 0.141034 -0.059173
v 0.367138 0.135028 -0.050172
v 0.353127 0.137222 -0.059242
v 0.365552 0.145685 -0.067831
v 0.366280 0.139717 -0.059316
v 0.374758 0.138207 -0.040993
v 0.368968 0.135796 -0.030821
v 0.355028 0.131630 -0.039726
v 0.367974 0.134655 -0.040680
v 0.376473 0.143063 -0.021928
v 0.370997 0.145252 -0.011404
v 0.357006 0.137247 -0.019555
v 0.370043 0.140199 -0.021203
v 0.378095 0.156497 -0.003601
v 0.372385 0.163714 0.006278
v 0.358586 0.151317 -0.000023
v 0.371801 0.153658 -0.002434
v 0.378896 0.177936 0.011946
v 0.371956 0.190531 0.019485
v 0.359290 0.175005 0.016423
v 0.372488 0.176370 0.013535
v 0.376610 0.205743 0.021029
v 0.366618 0.221195 0.022480
v 0.356709 0.205686 0.025619
v 0.369756 0.205838 0.022766
v 0.370950 0.233836 0.017848
v 0.361075 0.248803 0.013344
v 0.350614 0.236557 0.021616
v 0.363736 0.235483 0.019148
v 0.366107 0.257776 0.004659
v 0.357386 0.269668 -0.003137
v 0.346291 0.262351 0.007480
v 0.359025 0.260568 0.005504
v 0.362708 0.273628 -0.012242
v 0.355192 0.278979 -0.020015
v 0.343866 0.277852 -0.010198
v 0.356161 0.275698 -0.011740
v 0.360711 0.277567 -0.028463
v 0.353744 0.279065 -0.036364
v 0.342162 0.282208 -0.027032
v 0.354358 0.279919 -0.028137
v 0.360340 0.274631 -0.045007
v 0.354519 0.272776 -0.053019
v 0.341166 0.278928 -0.044224
v 0.353756 0.276676 -0.044806
v 0.362534 0.266052 -0.060756
v 0.357157 0.260148 -0.068037
v 0.342685 0.269232 -0.060911
v 0.355890 0.267335 -0.060786
v 0.365241 0.249885 -0.074029
v 0.345039 0.252511 -0.075225
v 0.358586 0.251040 -0.074354
v 0.196282 0.289600 -0.014476
v 0.189594 0.289422 -0.002836
v 0.200820 0.288330 0.004457
v 0.207329 0.290448 -0.006790
v 0.198587 0.290029 -0.004728
v 0.203444 0.287585 -0.027201
v 0.194412 0.287525 -0.025024
v 0.194541 0.282851 0.015340
v 0.205672 0.276002 0.022287
v 0.212095 0.284365 0.011373
v 0.203553 0.283704 0.013380
v 0.181066 0.286641 0.008076
v 0.170034 0.280479 0.018909
v 0.185583 0.273797 0.026581
v 0.183441 0.281773 0.017278
v 0.178927 0.288687 -0.001149
v 0.199516 0.263519 0.033273
v 0.211658 0.250198 0.038952
v 0.216855 0.265462 0.029015
v 0.208345 0.264573 0.031040
v 0.192969 0.247040 0.044413
v 0.188422 0.261989 0.035843
v 0.207914 0.232222 0.047656
v 0.219680 0.215616 0.049104
v 0.223076 0.234595 0.043161
v 0.215412 0.233770 0.045173
v 0.204710 0.211669 0.054561
v 0.198534 0.230136 0.050909
v 0.217194 0.194758 0.050967
v 0.225259 0.178362 0.045198
v 0.229627 0.197581 0.047018
v 0.223255 0.196410 0.048778
v 0.200990 0.188401 0.057681
v 0.213233 0.173362 0.049980
v 0.210001 0.192054 0.053762
v 0.207687 0.152419 0.047190
v 0.214538 0.141812 0.035360
v 0.220002 0.159738 0.040580
v 0.214339 0.156576 0.043505
v 0.195734 0.163075 0.058485
v 0.191414 0.137935 0.059368
v 0.202684 0.131462 0.044361
v 0.199683 0.146150 0.052448
v 0.178281 0.173751 0.069455
v 0.190257 0.182102 0.062873
v 0.175253 0.144078 0.074841
v 0.177623 0.113205 0.080479
v 0.191796 0.112159 0.060282
v 0.184251 0.127158 0.068822
v 0.155121 0.147814 0.091237
v 0.165654 0.162170 0.077862
v 0.159817 0.111330 0.102174
v 0.164187 0.072768 0.103477
v 0.179588 0.081386 0.080126
v 0.171070 0.095534 0.093013
v 0.138409 0.103290 0.124874
v 0.146416 0.128643 0.108001
v 0.146128 0.056528 0.125477
v 0.156914 0.005877 0.117074
v 0.168615 0.031574 0.094125
v 0.158563 0.043735 0.110781
v 0.112924 0.084453 0.145640
v 0.127234 0.030299 0.145132
v 0.131061 0.070265 0.137524
v 0.108490 -0.009690 0.161539
v 0.129883 -0.078209 0.153530
v 0.143926 -0.030849 0.137198
v 0.127855 -0.020303 0.150501
v 0.084463 0.052535 0.160244
v 0.059306 0.008309 0.174362
v 0.087480 -0.061335 0.175380
v 0.085445 0.000023 0.169668
v 0.063228 0.107198 0.152017
v 0.090094 0.097977 0.149862
v 0.031030 0.065041 0.166266
v 0.033292 -0.050673 0.186858
v 0.031906 0.013043 0.177047
v 0.033115 0.109861 0.154605
v 0.036756 -0.200958 0.198323
v 0.063014 -0.124240 0.185407
v 0.034650 -0.121138 0.190167
v 0.041403 -0.369465 0.200560
v 0.071290 -0.286824 0.194371
v 0.039156 -0.284693 0.199061
v 0.046027 -0.532753 0.189084
v 0.078854 -0.453659 0.189373
v 0.043888 -0.453052 0.195436
v 0.048082 -0.668159 0.188600
v 0.082494 -0.603605 0.182449
v 0.046790 -0.604943 0.188053
v 0.086910 -0.717800 0.181421
v 0.049341 -0.719657 0.186976
v 0.118315 -0.663828 0.173717
v 0.144016 -0.602232 0.163184
v 0.112725 -0.532233 0.174771
v 0.115223 -0.602814 0.173971
v 0.122779 -0.755192 0.171833
v 0.151148 -0.713283 0.162227
v 0.121559 -0.715507 0.172932
v 0.178152 -0.750101 0.148622
v 0.196323 -0.709503 0.135386
v 0.172155 -0.660851 0.150382
v 0.176022 -0.711126 0.149809
v 0.152448 -0.779388 0.160315
v 0.177678 -0.788118 0.147078
v 0.198987 -0.775125 0.133174
v 0.178234 -0.777119 0.147593
v 0.120963 -0.791586 0.170223
v 0.121900 -0.781265 0.170762
v 0.214982 -0.785280 0.116462
v 0.227700 -0.772296 0.098511
v 0.214647 -0.746636 0.117831
v 0.215185 -0.773597 0.117019
v 0.237168 -0.783010 0.076405
v 0.244073 -0.771351 0.052389
v 0.236696 -0.745768 0.077572
v 0.237271 -0.771757 0.076647
v 0.248406 -0.782576 0.025783
v 0.250672 -0.770270 -0.001353
v 0.247854 -0.745241 0.027554
v 0.248388 -0.770612 0.026118
v 0.250682 -0.783614 -0.030200
v 0.248018 -0.771328 -0.056703
v 0.250045 -0.745048 -0.027455
v 0.250631 -0.770652 -0.029480
v 0.242750 -0.785680 -0.083526
v 0.234880 -0.772481 -0.104439
v 0.241800 -0.746476 -0.079551
v 0.242611 -0.772137 -0.082208
v 0.225868 -0.785649 -0.124192
v 0.213811 -0.771916 -0.136784
v 0.224512 -0.747718 -0.120270
v 0.225403 -0.772383 -0.122766
v 0.200185 -0.784186 -0.147793
v 0.183231 -0.769902 -0.153873
v 0.198901 -0.746987 -0.145237
v 0.199890 -0.770917 -0.146750
v 0.163943 -0.782811 -0.159856
v 0.139662 -0.769141 -0.164238
v 0.162111 -0.745284 -0.158917
v 0.163407 -0.769399 -0.159611
v 0.112191 -0.782611 -0.168271
v 0.110686 -0.745727 -0.167628
v 0.111878 -0.769552 -0.168238
v 0.078004 -0.715167 -0.169408
v 0.107795 -0.677421 -0.165033
v 0.136454 -0.714061 -0.162721
v 0.109107 -0.714422 -0.166646
v 0.158263 -0.677672 -0.156282
v 0.180172 -0.715051 -0.151511
v 0.160127 -0.714443 -0.157888
v 0.132563 -0.635299 -0.158968
v 0.152210 -0.587423 -0.150600
v 0.175996 -0.636474 -0.146944
v 0.155960 -0.635922 -0.153959
v 0.195270 -0.678421 -0.140605
v 0.211330 -0.716281 -0.132020
v 0.197108 -0.715789 -0.143178
v 0.189293 -0.587656 -0.133112
v 0.207012 -0.636004 -0.124984
v 0.192956 -0.636647 -0.137402
v 0.167309 -0.533496 -0.139353
v 0.179053 -0.469958 -0.123135
v 0.199319 -0.530851 -0.115255
v 0.184685 -0.532641 -0.128710
v 0.215417 -0.584768 -0.104568
v 0.228110 -0.632716 -0.090852
v 0.221117 -0.677723 -0.113698
v 0.218662 -0.634826 -0.109470
v 0.205928 -0.465147 -0.092704
v 0.221013 -0.525352 -0.080562
v 0.211384 -0.528574 -0.099104
v 0.187516 -0.397478 -0.101594
v 0.191699 -0.318414 -0.077385
v 0.209363 -0.390477 -0.067521
v 0.199739 -0.394375 -0.085543
v 0.222996 -0.456998 -0.053552
v 0.233923 -0.515990 -0.037320
v 0.232533 -0.578707 -0.065370
v 0.228512 -0.521105 -0.059880
v 0.208344 -0.308566 -0.041272
v 0.222251 -0.379698 -0.026392
v 0.216874 -0.385557 -0.047623
v 0.194250 -0.236468 -0.055651
v 0.191838 -0.161813 -0.035171
v 0.205156 -0.225705 -0.018657
v 0.200813 -0.231631 -0.037772
v 0.216273 -0.295028 0.000292
v 0.225852 -0.365367 0.018580
v 0.231280 -0.445292 -0.008425
v 0.225307 -0.372805 -0.004169
v 0.197367 -0.150751 0.002092
v 0.207067 -0.211250 0.022458
v 0.207307 -0.218798 0.001469
v 0.187232 -0.098573 -0.016203
v 0.183736 -0.046001 0.000487
v 0.188830 -0.086938 0.021756
v 0.188998 -0.093409 0.002104
v 0.194454 -0.135213 0.043287
v 0.199354 -0.192981 0.065136
v 0.214411 -0.277966 0.044312
v 0.204374 -0.202639 0.043743
v 0.182995 -0.033598 0.039423
v 0.183068 -0.071383 0.063465
v 0.186892 -0.079640 0.042330
v 0.183528 -0.004667 0.015297
v 0.185932 0.029675 0.030299
v 0.180632 0.010687 0.055481
v 0.182942 0.002245 0.035067
v 0.174508 -0.015680 0.080646
v 0.168637 -0.051907 0.103841
v 0.182966 -0.116572 0.085239
v 0.176981 -0.061770 0.084199
v 0.179769 0.048045 0.070144
v 0.175950 0.020481 0.075601
v 0.181516 -0.172454 0.105617
v 0.201244 -0.257883 0.087115
v 0.191673 -0.182616 0.086063
v 0.161163 -0.096702 0.122702
v 0.153002 -0.152986 0.140148
v 0.177323 -0.238761 0.125315
v 0.168726 -0.162571 0.123634
v 0.157552 -0.041321 0.121812
v 0.169199 -0.310261 0.142127
v 0.193797 -0.398287 0.122789
v 0.199515 -0.327594 0.106016
v 0.185659 -0.318427 0.124810
v 0.141846 -0.221858 0.158211
v 0.126801 -0.296510 0.172966
v 0.157506 -0.384748 0.156524
v 0.149780 -0.303009 0.158222
v 0.112928 -0.136333 0.167961
v 0.134338 -0.144439 0.155150
v 0.094501 -0.208182 0.184279
v 0.106246 -0.374778 0.184327
v 0.100416 -0.291147 0.185356
v 0.089239 -0.129332 0.177861
v 0.138049 -0.458359 0.167400
v 0.165309 -0.534489 0.151159
v 0.181698 -0.465829 0.137658
v 0.161810 -0.461711 0.153268
v 0.110329 -0.455553 0.179618
v 0.203149 -0.540372 0.118984
v 0.211765 -0.476828 0.101442
v 0.198248 -0.470984 0.120282
v 0.189255 -0.602530 0.135739
v 0.209053 -0.660051 0.119084
v 0.219562 -0.606000 0.099664
v 0.206107 -0.603977 0.118731
v 0.168652 -0.601974 0.150418
v 0.232030 -0.662160 0.078562
v 0.237160 -0.612565 0.055472
v 0.227316 -0.549153 0.079149
v 0.229878 -0.609195 0.078441
v 0.225182 -0.708521 0.099694
v 0.241692 -0.709459 0.054352
v 0.234761 -0.708767 0.078217
v 0.212574 -0.708740 0.118592
v 0.243995 -0.665993 0.029985
v 0.244184 -0.619743 0.005031
v 0.239595 -0.559652 0.032310
v 0.241874 -0.616014 0.030880
v 0.248548 -0.710467 0.002171
v 0.246221 -0.709939 0.028975
v 0.246327 -0.669824 -0.023183
v 0.241026 -0.626643 -0.045912
v 0.241213 -0.569746 -0.017982
v 0.243925 -0.623121 -0.020767
v 0.245722 -0.712459 -0.051620
v 0.248450 -0.711403 -0.025201
v 0.238214 -0.674409 -0.073381
v 0.235634 -0.630007 -0.069526
v 0.232483 -0.715323 -0.098636
v 0.240254 -0.714117 -0.076569
v 0.237356 -0.503904 0.010795
v 0.236896 -0.510329 -0.013655
v 0.229795 -0.431039 0.038453
v 0.230036 -0.490393 0.058559
v 0.235068 -0.497274 0.035013
v 0.218650 -0.347428 0.063799
v 0.223683 -0.356924 0.041346
v 0.217524 -0.414575 0.082950
v 0.222328 -0.483394 0.080807
v 0.210608 -0.337393 0.085649
v 0.184422 0.018443 -0.006597
v 0.186094 0.037978 -0.026450
v 0.192894 0.058427 -0.012238
v 0.190549 0.044843 0.007340
v 0.188757 0.040455 -0.009866
v 0.180240 -0.013520 -0.020396
v 0.182634 -0.009767 -0.003158
v 0.195073 0.068147 0.021515
v 0.188999 0.059145 0.044552
v 0.190557 0.051127 0.025457
v 0.199633 0.076203 0.000820
v 0.203339 0.092413 0.010653
v 0.199181 0.089369 0.032062
v 0.200068 0.081629 0.016378
v 0.191568 0.086127 0.055349
v 0.185448 0.068986 0.064163
v 0.200659 0.110516 0.038733
v 0.196584 0.099558 0.047042
v 0.202093 0.084510 -0.018116
v 0.204165 0.093625 -0.034472
v 0.207903 0.100458 -0.022632
v 0.206565 0.095845 -0.007002
v 0.205393 0.093417 -0.020815
v 0.195880 0.072054 -0.030208
v 0.198099 0.073004 -0.014861
v 0.209055 0.107943 0.002909
v 0.206072 0.108671 0.019376
v 0.206283 0.100954 0.006025
v 0.212352 0.107577 -0.010748
v 0.216665 0.117124 -0.000858
v 0.213657 0.119779 0.013273
v 0.212732 0.112988 0.000981
v 0.209409 0.125910 0.027598
v 0.204501 0.119238 0.032235
v 0.218369 0.134201 0.021563
v 0.214039 0.130409 0.024296
v 0.215126 0.109528 -0.023933
v 0.219135 0.113098 -0.036327
v 0.225655 0.115170 -0.025392
v 0.220609 0.114385 -0.012756
v 0.219728 0.112615 -0.024528
v 0.210546 0.105948 -0.035841
v 0.211332 0.105536 -0.023272
v 0.226679 0.123101 -0.003437
v 0.222147 0.126400 0.009425
v 0.221029 0.120397 -0.002135
v 0.212412 0.114701 -0.048864
v 0.223516 0.121140 -0.049409
v 0.217326 0.118181 -0.048942
v 0.204091 0.104571 -0.049070
v 0.205754 0.116555 -0.061536
v 0.208005 0.110262 -0.048907
v 0.197240 0.121374 -0.075141
v 0.202341 0.127345 -0.074085
v 0.197447 0.102663 -0.062679
v 0.186444 0.100896 -0.077223
v 0.185587 0.125073 -0.088197
v 0.191769 0.112310 -0.075952
v 0.197026 0.086693 -0.047968
v 0.200942 0.096732 -0.048926
v 0.188220 0.078093 -0.061474
v 0.174133 0.066477 -0.074555
v 0.171758 0.096584 -0.090866
v 0.180735 0.085512 -0.076810
v 0.186424 0.057169 -0.043831
v 0.192862 0.073797 -0.045949
v 0.175846 0.039319 -0.057642
v 0.164068 0.016766 -0.069179
v 0.156992 0.050341 -0.086091
v 0.167520 0.043514 -0.072279
v 0.177750 0.013898 -0.039411
v 0.181807 0.037610 -0.042336
v 0.170738 -0.016282 -0.051390
v 0.164766 -0.055518 -0.062753
v 0.152936 -0.012973 -0.078819
v 0.163098 -0.015367 -0.065581
v 0.177736 -0.053429 -0.033407
v 0.176280 -0.015604 -0.036322
v 0.178112 -0.105847 -0.049198
v 0.177828 -0.168720 -0.067626
v 0.160181 -0.107679 -0.077270
v 0.170338 -0.107191 -0.063960
v 0.183601 -0.102607 -0.033351
v 0.153748 -0.170858 -0.094122
v 0.132260 -0.105095 -0.099097
v 0.142227 -0.052512 -0.087017
v 0.147479 -0.106727 -0.089175
v 0.173725 -0.243521 -0.086665
v 0.164990 -0.323803 -0.105274
v 0.143084 -0.245566 -0.109303
v 0.159648 -0.244660 -0.099181
v 0.185309 -0.240274 -0.071958
v 0.128832 -0.324963 -0.122358
v 0.103223 -0.245302 -0.120855
v 0.119643 -0.169451 -0.111414
v 0.124246 -0.245867 -0.116295
v 0.155079 -0.401252 -0.125820
v 0.141334 -0.471509 -0.142340
v 0.113039 -0.401206 -0.138603
v 0.135172 -0.401593 -0.133535
v 0.172527 -0.399866 -0.115117
v 0.093480 -0.470400 -0.151265
v 0.062665 -0.400309 -0.143208
v 0.084301 -0.324010 -0.129686
v 0.088823 -0.400662 -0.141643
v 0.123974 -0.532660 -0.152926
v 0.102636 -0.585867 -0.159652
v 0.069820 -0.530897 -0.158753
v 0.098147 -0.531614 -0.156541
v 0.147064 -0.533326 -0.147343
v 0.041350 -0.585288 -0.163256
v 0.036408 -0.469633 -0.154084
v 0.038992 -0.530702 -0.160124
v 0.075974 -0.635189 -0.164903
v 0.043687 -0.678610 -0.168829
v 0.043123 -0.635556 -0.166135
v 0.105940 -0.634980 -0.162588
v 0.043746 -0.715848 -0.170846
v 0.032889 -0.323144 -0.132092
v 0.034608 -0.400030 -0.143948
v 0.028167 -0.163674 -0.121334
v 0.056071 -0.243440 -0.125582
v 0.030493 -0.242791 -0.126351
v 0.024207 -0.031887 -0.115858
v 0.049965 -0.094596 -0.116855
v 0.026230 -0.093076 -0.117448
v 0.044227 0.019131 -0.122024
v 0.022428 0.021122 -0.123199
v 0.069067 -0.036332 -0.113494
v 0.094664 -0.098865 -0.112022
v 0.076847 -0.166117 -0.119186
v 0.072953 -0.096160 -0.115235
v 0.087242 0.010575 -0.115307
v 0.066032 0.015507 -0.119665
v 0.109779 -0.044612 -0.104406
v 0.114558 -0.102055 -0.106706
v 0.124926 -0.002921 -0.100655
v 0.107079 0.003843 -0.108974
v 0.080437 -0.244294 -0.123867
v 0.140590 0.028063 -0.095049
v 0.140286 -0.008747 -0.090598
v 0.151624 0.089034 -0.103097
v 0.144309 0.060392 -0.098753
v 0.168706 0.130873 -0.101552
v 0.159903 0.112597 -0.103455
v 0.178201 0.143117 -0.098845
v 0.228341 0.139160 0.018265
v 0.224173 0.147616 0.030436
v 0.222873 0.136838 0.019687
v 0.222972 -0.716107 -0.117216
v 0.230580 0.164060 0.036746
v 0.224954 0.162181 0.038590
v 0.131253 0.277374 -0.061009
v 0.146634 0.272182 -0.064748
v 0.115619 0.287473 -0.044201
v 0.104069 0.291661 -0.030315
v 0.116923 0.289113 -0.033611
v 0.099852 0.290439 -0.049518
v 0.114232 0.284240 -0.055465
v 0.093036 0.294709 -0.036860
v 0.091177 0.295592 -0.027575
v 0.097215 0.293345 -0.019634
v 0.095337 0.294070 -0.028323
v 0.085848 0.297537 -0.044269
v 0.090318 0.295028 -0.045655
v 0.095000 0.293404 -0.011161
v 0.099031 0.292390 -0.011364
v 0.154665 0.279572 0.020288
v 0.042947 0.294659 -0.076204
v 0.045000 0.286141 -0.082173
v -0.223848 0.232360 -0.088260
v -0.208754 0.248139 -0.079441
v -0.212382 0.216664 -0.093265
v -0.210232 0.233250 -0.087487
v -0.227497 0.199937 -0.095893
v -0.214740 0.199502 -0.095745
v -0.248851 0.155264 -0.083824
v -0.262328 0.170468 -0.090548
v -0.244131 0.184213 -0.094810
v -0.246479 0.168898 -0.090558
v -0.252056 0.134330 -0.064500
v -0.265955 0.146552 -0.075579
v -0.250660 0.144681 -0.074794
v -0.231245 0.117589 -0.038289
v -0.240028 0.126151 -0.051845
v -0.229544 0.123470 -0.050445
v -0.232437 0.118497 -0.015260
v -0.241808 0.119615 -0.028549
v -0.231655 0.117246 -0.026783
v -0.233615 0.129940 0.006347
v -0.242958 0.126273 -0.006410
v -0.232606 0.124428 -0.004814
v -0.235302 0.150360 0.026435
v -0.244468 0.141495 0.014549
v -0.234092 0.140201 0.016189
v -0.236561 0.179489 0.040826
v -0.246287 0.165373 0.032348
v -0.236058 0.164083 0.034364
v -0.232578 0.215737 0.044240
v -0.245835 0.197651 0.042151
v -0.235199 0.196885 0.044300
v -0.226055 0.250264 0.034579
v -0.240525 0.234177 0.038488
v -0.229197 0.233844 0.040528
v -0.220291 0.275920 0.018086
v -0.234815 0.264779 0.024723
v -0.222965 0.264628 0.026790
v -0.215305 0.287901 0.000104
v -0.229391 0.283492 0.006959
v -0.217657 0.283556 0.009116
v -0.211184 0.288520 -0.018807
v -0.225201 0.289023 -0.011457
v -0.213076 0.289316 -0.009144
v -0.208347 0.282088 -0.039703
v -0.222326 0.285539 -0.031468
v -0.209646 0.286059 -0.029102
v -0.207065 0.269251 -0.060794
v -0.221008 0.275759 -0.052307
v -0.207695 0.276571 -0.050321
v -0.221241 0.258813 -0.072019
v -0.207412 0.259846 -0.070625
v 0.215515 0.214690 -0.093187
v 0.212900 0.246943 -0.080528
v 0.227212 0.230635 -0.088835
v 0.213969 0.231539 -0.088084
v 0.230026 0.198227 -0.095282
v 0.217406 0.197825 -0.095051
v 0.246299 0.182881 -0.093916
v 0.264246 0.169566 -0.089467
v 0.250658 0.154643 -0.082815
v 0.248429 0.167960 -0.089532
v 0.267780 0.146442 -0.074522
v 0.253955 0.134190 -0.063662
v 0.252514 0.144463 -0.073846
v 0.241899 0.126268 -0.051323
v 0.232963 0.118137 -0.038091
v 0.231504 0.123936 -0.050200
v 0.243530 0.119902 -0.028204
v 0.234018 0.119234 -0.015202
v 0.233307 0.117869 -0.026773
v 0.244652 0.127119 -0.006086
v 0.235294 0.131004 0.006713
v 0.234319 0.125392 -0.004734
v 0.246374 0.142592 0.015402
v 0.237354 0.151502 0.027204
v 0.235946 0.141292 0.016811
v 0.248631 0.166700 0.033211
v 0.239134 0.180912 0.041652
v 0.238358 0.165438 0.035150
v 0.248400 0.199061 0.043162
v 0.235127 0.217149 0.045157
v 0.237799 0.198338 0.045094
v 0.242990 0.235299 0.039115
v 0.229074 0.251313 0.035014
v 0.231903 0.235085 0.041187
v 0.237824 0.265687 0.024954
v 0.224134 0.276952 0.018332
v 0.226444 0.265652 0.027091
v 0.232927 0.284429 0.006977
v 0.219368 0.289000 0.000242
v 0.221674 0.284582 0.009280
v 0.228746 0.290167 -0.011587
v 0.215379 0.289762 -0.018945
v 0.217210 0.290498 -0.009086
v 0.226112 0.286662 -0.032009
v 0.212682 0.283128 -0.040592
v 0.213908 0.287295 -0.029587
v 0.224880 0.276216 -0.053480
v 0.211403 0.269399 -0.062180
v 0.212051 0.277240 -0.051555
v 0.225113 0.258140 -0.073254
v 0.211726 0.259322 -0.071939
v -0.256884 0.231970 -0.088847
v -0.238481 0.246290 -0.081449
v -0.240913 0.216501 -0.093804
v -0.239516 0.232000 -0.088769
v -0.259100 0.201516 -0.095580
v -0.242387 0.200683 -0.095871
v -0.254484 0.121807 -0.041944
v -0.268367 0.129754 -0.055159
v -0.253167 0.127771 -0.053563
v -0.255699 0.121914 -0.019053
v -0.270330 0.122752 -0.032813
v -0.254910 0.121178 -0.030644
v -0.257086 0.132619 0.002713
v -0.271936 0.128200 -0.010719
v -0.256212 0.127306 -0.008447
v -0.258615 0.152500 0.022422
v -0.273264 0.142818 0.010249
v -0.257682 0.142230 0.012557
v -0.260035 0.181348 0.036712
v -0.274765 0.167028 0.027758
v -0.259369 0.166131 0.030180
v -0.256993 0.216739 0.039879
v -0.273979 0.199514 0.037494
v -0.259118 0.198334 0.039919
v -0.251404 0.250630 0.030430
v -0.269463 0.234553 0.033741
v -0.254324 0.234307 0.036353
v -0.246060 0.275755 0.013704
v -0.264439 0.264360 0.019756
v -0.248839 0.264681 0.022558
v -0.240804 0.287356 -0.004689
v -0.258635 0.282465 0.001565
v -0.243187 0.283200 0.004529
v -0.238071 0.287609 -0.023728
v -0.255062 0.287606 -0.016907
v -0.239140 0.288572 -0.013994
v -0.236626 0.280763 -0.044101
v -0.254017 0.283978 -0.036339
v -0.237290 0.284918 -0.033869
v -0.236543 0.267479 -0.064021
v -0.253620 0.274219 -0.055966
v -0.236510 0.275032 -0.054220
v -0.254731 0.257521 -0.074128
v -0.237239 0.257995 -0.073168
v 0.243624 0.214643 -0.093808
v 0.241844 0.245085 -0.082445
v 0.259795 0.230458 -0.089276
v 0.242588 0.230366 -0.089337
v 0.261477 0.199886 -0.094924
v 0.244801 0.198928 -0.095291
v 0.270210 0.130040 -0.054387
v 0.256287 0.121877 -0.041274
v 0.254959 0.128014 -0.052883
v 0.272225 0.123067 -0.032183
v 0.257416 0.122438 -0.018657
v 0.256644 0.121597 -0.030192
v 0.273865 0.129053 -0.010263
v 0.258948 0.133587 0.003337
v 0.258008 0.128106 -0.007999
v 0.275438 0.143986 0.011078
v 0.260884 0.153780 0.023422
v 0.259713 0.143370 0.013424
v 0.277356 0.168675 0.028698
v 0.262585 0.182875 0.037622
v 0.261826 0.167601 0.031116
v 0.276539 0.200976 0.038312
v 0.259289 0.218083 0.040721
v 0.261597 0.199825 0.040913
v 0.271720 0.235768 0.034278
v 0.253860 0.251623 0.030722
v 0.256612 0.235463 0.036884
v 0.267031 0.265309 0.019946
v 0.249130 0.276689 0.013712
v 0.251662 0.265592 0.022693
v 0.261593 0.283396 0.001583
v 0.244007 0.288380 -0.004834
v 0.246202 0.284192 0.004410
v 0.258036 0.288598 -0.017011
v 0.241385 0.288707 -0.024060
v 0.242398 0.289656 -0.014223
v 0.257072 0.284815 -0.036740
v 0.240048 0.281497 -0.044948
v 0.240650 0.285936 -0.034445
v 0.256689 0.274435 -0.056793
v 0.240042 0.267325 -0.065239
v 0.239967 0.275375 -0.055287
v 0.257924 0.256850 -0.075021
v 0.240731 0.257327 -0.074331
v -0.282390 0.158805 -0.084656
v -0.303038 0.172777 -0.090383
v -0.279236 0.186423 -0.094464
v -0.280693 0.171795 -0.090704
v -0.284848 0.138408 -0.066946
v -0.305398 0.149913 -0.076930
v -0.283677 0.148399 -0.076487
v 0.281347 0.185348 -0.093506
v 0.305005 0.172042 -0.089350
v 0.284222 0.158380 -0.083465
v 0.282613 0.170946 -0.089622
v 0.307283 0.149743 -0.075854
v 0.286715 0.138571 -0.066036
v 0.285514 0.148247 -0.075355
v -0.299960 0.231238 -0.088570
v -0.275627 0.245589 -0.082492
v -0.277538 0.217002 -0.093449
v -0.276563 0.231785 -0.088973
v -0.301418 0.202199 -0.094698
v -0.278360 0.202057 -0.095348
v -0.287417 0.125462 -0.045766
v -0.307451 0.133373 -0.058027
v -0.286009 0.131647 -0.056759
v -0.289547 0.124649 -0.023645
v -0.309714 0.126125 -0.036775
v -0.288382 0.124394 -0.034940
v -0.291002 0.134358 -0.002012
v -0.311494 0.131060 -0.015185
v -0.290315 0.129360 -0.013096
v -0.291814 0.154502 0.017249
v -0.312303 0.145432 0.005315
v -0.291341 0.143841 0.007742
v -0.292216 0.183985 0.031408
v -0.312604 0.170096 0.022373
v -0.292210 0.168439 0.025041
v -0.288182 0.218681 0.034538
v -0.311191 0.202536 0.031895
v -0.290504 0.201037 0.034809
v -0.283994 0.250357 0.024813
v -0.307015 0.235687 0.027655
v -0.285905 0.235269 0.030905
v -0.280605 0.274221 0.007551
v -0.303556 0.263289 0.013060
v -0.282216 0.263771 0.016639
v -0.277147 0.285120 -0.010947
v -0.300903 0.280003 -0.005256
v -0.278770 0.281274 -0.001800
v -0.274407 0.285160 -0.029326
v -0.298253 0.284719 -0.023094
v -0.275637 0.286157 -0.020035
v -0.272456 0.278778 -0.048438
v -0.295669 0.281527 -0.041328
v -0.273176 0.282691 -0.038897
v -0.273172 0.266119 -0.066771
v -0.295557 0.272390 -0.059414
v -0.272679 0.273346 -0.057766
v -0.297458 0.256116 -0.075652
v -0.274190 0.256969 -0.075073
v 0.280150 0.215513 -0.093269
v 0.278572 0.244573 -0.083145
v 0.302754 0.230182 -0.088711
v 0.279405 0.230482 -0.089268
v 0.303828 0.201101 -0.093994
v 0.280714 0.200654 -0.094664
v 0.309422 0.133682 -0.057280
v 0.289304 0.125921 -0.045082
v 0.287888 0.132023 -0.055957
v 0.311778 0.126798 -0.036242
v 0.291506 0.125380 -0.023222
v 0.290325 0.124979 -0.034379
v 0.313661 0.131998 -0.014895
v 0.293110 0.135398 -0.001563
v 0.292377 0.130332 -0.012648
v 0.314698 0.146690 0.005889
v 0.294354 0.156030 0.018129
v 0.293630 0.145075 0.008408
v 0.315390 0.171777 0.023125
v 0.294967 0.185726 0.032253
v 0.294919 0.170155 0.025882
v 0.313818 0.204177 0.032649
v 0.290511 0.220168 0.035301
v 0.293051 0.202708 0.035649
v 0.309309 0.236970 0.028171
v 0.286309 0.251461 0.025169
v 0.288161 0.236542 0.031412
v 0.306070 0.264282 0.013417
v 0.283308 0.275129 0.007743
v 0.284732 0.264754 0.016918
v 0.303477 0.280847 -0.005009
v 0.279869 0.286010 -0.010839
v 0.281507 0.282154 -0.001658
v 0.300836 0.285577 -0.022867
v 0.277168 0.286022 -0.029383
v 0.278367 0.287070 -0.019971
v 0.298301 0.282169 -0.041387
v 0.275322 0.279273 -0.048853
v 0.275994 0.283420 -0.039134
v 0.298284 0.272545 -0.059744
v 0.276157 0.265965 -0.067489
v 0.275593 0.273525 -0.058376
v 0.300341 0.255643 -0.076094
v 0.277229 0.256442 -0.075811
v -0.327874 0.160812 -0.084493
v -0.347730 0.173557 -0.088741
v -0.325719 0.186930 -0.092994
v -0.326643 0.172974 -0.089808
v -0.329630 0.141316 -0.068641
v -0.349540 0.151957 -0.077091
v -0.328773 0.150644 -0.077266
v 0.327960 0.186199 -0.092136
v 0.349894 0.173088 -0.087862
v 0.329834 0.160424 -0.083590
v 0.328703 0.172394 -0.088917
v 0.351616 0.151940 -0.076295
v 0.331628 0.141508 -0.067922
v 0.330765 0.150539 -0.076377
v -0.322638 0.243381 -0.082051
v -0.324624 0.215912 -0.091722
v -0.323688 0.230060 -0.087719
v -0.325217 0.201782 -0.093614
v -0.331761 0.128978 -0.048950
v -0.330551 0.134703 -0.059195
v -0.333590 0.128649 -0.027717
v -0.332584 0.128128 -0.038577
v -0.334948 0.138517 -0.006871
v -0.334350 0.133300 -0.017377
v -0.335552 0.158052 0.011714
v -0.335288 0.147518 0.002499
v -0.335565 0.187006 0.025417
v -0.335669 0.171682 0.019272
v -0.331650 0.220385 0.028122
v -0.334119 0.203561 0.028574
v -0.327076 0.250090 0.018144
v -0.329140 0.235943 0.024352
v -0.323891 0.272379 0.000755
v -0.325319 0.262619 0.009894
v -0.321751 0.282370 -0.017063
v -0.322809 0.278836 -0.008278
v -0.319645 0.282526 -0.034392
v -0.320691 0.283391 -0.025691
v -0.318645 0.276358 -0.052062
v -0.318775 0.280188 -0.043296
v -0.320238 0.263771 -0.068460
v -0.319347 0.270953 -0.060505
v -0.321395 0.254665 -0.075654
v 0.327287 0.214976 -0.091399
v 0.325488 0.242719 -0.082290
v 0.326476 0.229192 -0.087721
v 0.327688 0.200884 -0.092930
v 0.333898 0.129386 -0.048451
v 0.332607 0.135056 -0.058554
v 0.335842 0.129445 -0.027521
v 0.334800 0.128682 -0.038182
v 0.337334 0.139533 -0.006638
v 0.336683 0.134234 -0.017251
v 0.338347 0.159583 0.012266
v 0.337864 0.148778 0.002969
v 0.338524 0.188820 0.026054
v 0.338603 0.173489 0.019877
v 0.334124 0.221881 0.028701
v 0.336858 0.205227 0.029228
v 0.329501 0.251205 0.018582
v 0.331544 0.237222 0.024823
v 0.326564 0.273289 0.001185
v 0.327789 0.263781 0.010222
v 0.324321 0.283213 -0.016645
v 0.325361 0.279715 -0.007881
v 0.322197 0.283328 -0.034087
v 0.323231 0.284268 -0.025281
v 0.321239 0.276815 -0.052061
v 0.321343 0.280847 -0.043143
v 0.322920 0.263715 -0.068705
v 0.321962 0.271143 -0.060630
v 0.324180 0.254309 -0.075940
v -0.362342 0.163174 -0.082793
v -0.368178 0.174494 -0.086948
v -0.361447 0.174304 -0.087497
v -0.369858 0.154580 -0.075958
v -0.362934 0.153652 -0.076359
v 0.370365 0.174333 -0.086034
v 0.364411 0.162962 -0.081937
v 0.363629 0.173935 -0.086580
v 0.371954 0.154623 -0.075227
v 0.365018 0.153644 -0.075588
v -0.133506 0.250424 0.047658
v -0.142214 0.258807 0.039723
v -0.153586 0.250973 0.044277
v -0.147034 0.240338 0.052428
v -0.143987 0.250249 0.046059
v -0.132688 0.266427 0.034448
v -0.141016 0.272086 0.027936
v -0.150233 0.266137 0.032925
v -0.141487 0.265972 0.033772
v -0.157585 0.272541 0.026705
v -0.166670 0.267308 0.031091
v -0.160423 0.259798 0.037404
v -0.158773 0.266668 0.032021
v -0.170777 0.253001 0.041144
v -0.166099 0.243508 0.047749
v -0.162552 0.252081 0.042630
v -0.121394 0.244931 0.054849
v -0.112457 0.258122 0.046150
v -0.123291 0.261693 0.040767
v -0.122776 0.253989 0.047421
v -0.103233 0.256271 0.050567
v -0.099180 0.265629 0.043073
v -0.106259 0.267204 0.039226
v -0.104974 0.262150 0.044796
v -0.101532 0.273733 0.032935
v -0.108484 0.275808 0.028380
v -0.114823 0.269479 0.034510
v -0.107391 0.271650 0.033847
v -0.124287 0.273198 0.028901
v -0.123763 0.267802 0.034707
v -0.161659 0.232420 0.054570
v -0.158994 0.219520 0.061745
v -0.143743 0.226192 0.061898
v -0.152852 0.229810 0.057700
v -0.177551 0.236034 0.049854
v -0.174443 0.225005 0.055690
v -0.170011 0.234436 0.052081
v -0.185522 0.217414 0.055831
v -0.183694 0.204984 0.059958
v -0.172211 0.212497 0.061211
v -0.179027 0.215237 0.058343
v -0.170702 0.198415 0.066241
v -0.157956 0.204906 0.068708
v -0.165038 0.209168 0.064575
v -0.127128 0.229507 0.064565
v -0.110846 0.229106 0.069353
v -0.107125 0.243908 0.059369
v -0.116440 0.236943 0.062149
v -0.113845 0.212762 0.080203
v -0.098496 0.211986 0.085118
v -0.097368 0.228797 0.073266
v -0.105001 0.220864 0.076984
v -0.085120 0.228833 0.076746
v -0.085830 0.244420 0.065039
v -0.096071 0.243920 0.062558
v -0.091077 0.236605 0.069453
v -0.094610 0.255743 0.053475
v -0.100251 0.250289 0.056475
v -0.144615 0.209497 0.071521
v -0.130114 0.212065 0.075433
v -0.136763 0.219631 0.068354
v -0.157674 0.188029 0.074726
v -0.145047 0.191849 0.079362
v -0.151482 0.198952 0.073599
v -0.144961 0.174236 0.086177
v -0.132024 0.175682 0.093044
v -0.131529 0.193917 0.084757
v -0.138548 0.184044 0.085919
v -0.115869 0.194582 0.090723
v -0.123121 0.203676 0.082881
v -0.079269 0.205542 -0.119012
v -0.062840 0.228225 -0.113796
v -0.057023 0.203293 -0.122619
v -0.072344 0.175129 -0.125862
v -0.068097 0.203436 -0.121226
v -0.065622 0.251305 -0.103158
v -0.052147 0.267265 -0.096429
v -0.049141 0.249224 -0.106221
v -0.057676 0.249855 -0.104942
v -0.036782 0.266911 -0.098297
v -0.031625 0.248621 -0.107839
v -0.043549 0.227395 -0.116063
v -0.040367 0.249199 -0.107076
v -0.036120 0.203385 -0.124011
v -0.048598 0.177188 -0.128399
v -0.046360 0.203377 -0.123499
v -0.085537 0.139730 -0.125966
v -0.095843 0.101994 -0.123063
v -0.109211 0.114537 -0.120896
v -0.101615 0.151810 -0.122667
v -0.097978 0.127287 -0.123708
v -0.083591 0.084132 -0.123879
v -0.092162 0.054227 -0.116816
v -0.103928 0.070714 -0.115866
v -0.094056 0.077807 -0.120232
v -0.111266 0.042941 -0.108681
v -0.121673 0.056219 -0.105914
v -0.116556 0.083209 -0.114795
v -0.113061 0.063347 -0.110984
v -0.128980 0.091630 -0.112028
v -0.123019 0.120804 -0.117845
v -0.119463 0.102490 -0.117018
v -0.061085 0.147437 -0.129687
v -0.072987 0.115749 -0.128369
v -0.073110 0.144538 -0.127989
v -0.038932 0.149922 -0.131581
v -0.050510 0.121026 -0.131468
v -0.049754 0.148945 -0.130856
v -0.039855 0.095804 -0.131166
v -0.050628 0.068134 -0.127223
v -0.061610 0.091922 -0.128777
v -0.050621 0.094206 -0.130234
v -0.071859 0.063004 -0.123113
v -0.072677 0.088606 -0.126672
v -0.097959 0.192173 -0.119793
v -0.096526 0.225154 -0.110740
v -0.080297 0.236692 -0.108348
v -0.088521 0.215482 -0.115147
v -0.114252 0.216806 -0.110413
v -0.109598 0.242549 -0.100012
v -0.093850 0.250009 -0.099670
v -0.103565 0.233756 -0.105864
v -0.089453 0.269785 -0.087188
v -0.076444 0.276799 -0.085111
v -0.079389 0.260146 -0.096557
v -0.084835 0.265137 -0.092054
v -0.065569 0.271054 -0.091991
v -0.072937 0.255448 -0.100162
v -0.118835 0.152099 -0.119658
v -0.116237 0.185331 -0.117974
v -0.108717 0.170568 -0.120935
v -0.136987 0.122390 -0.113430
v -0.134153 0.149521 -0.116085
v -0.128104 0.136402 -0.117160
v -0.147734 0.145410 -0.111555
v -0.147019 0.169829 -0.112493
v -0.132646 0.178038 -0.115558
v -0.140614 0.160536 -0.114637
v -0.132313 0.205444 -0.110060
v -0.123886 0.197027 -0.114026
v -0.047575 0.150167 0.133902
v -0.029623 0.162318 0.128462
v -0.041335 0.178879 0.117798
v -0.058823 0.171188 0.119124
v -0.044465 0.165699 0.124798
v -0.014981 0.146530 0.138992
v 0.001220 0.159799 0.131332
v -0.013611 0.173247 0.123667
v -0.014372 0.160561 0.130712
v 0.001250 0.184550 0.117334
v -0.012080 0.197783 0.108450
v -0.026158 0.187502 0.114367
v -0.012822 0.185249 0.116600
v -0.036330 0.203056 0.103529
v -0.050077 0.196234 0.106036
v -0.038680 0.190954 0.110846
v -0.064902 0.193302 0.105309
v -0.081635 0.192229 0.102318
v -0.079141 0.170018 0.115701
v -0.071022 0.181572 0.111250
v -0.056327 0.215546 0.092314
v -0.069548 0.212681 0.091652
v -0.060223 0.204487 0.099087
v -0.073135 0.229989 0.078853
v -0.083704 0.211877 0.088899
v -0.077899 0.220943 0.084046
v -0.098966 0.193302 0.097098
v -0.090701 0.202576 0.093595
v -0.099525 0.173494 0.108107
v -0.101797 0.152734 0.120426
v -0.082492 0.145434 0.130569
v -0.090454 0.161207 0.118402
v -0.116953 0.175471 0.100197
v -0.108049 0.184451 0.099031
v -0.132948 0.157570 0.101531
v -0.118565 0.156390 0.110769
v -0.125085 0.166638 0.100790
v -0.122173 0.134892 0.121325
v -0.106660 0.129422 0.131500
v -0.112368 0.144017 0.121283
v -0.123343 0.242136 -0.096816
v -0.113949 0.261290 -0.086296
v -0.102204 0.263689 -0.088103
v -0.112463 0.252417 -0.093285
v -0.124080 0.262182 -0.082523
v -0.116511 0.273487 -0.073240
v -0.106156 0.274818 -0.075660
v -0.115339 0.268127 -0.079693
v -0.098421 0.284175 -0.065710
v -0.088922 0.286866 -0.066980
v -0.095234 0.278064 -0.076721
v -0.097030 0.281451 -0.071268
v -0.084163 0.282306 -0.076731
v -0.092792 0.274064 -0.082116
v -0.136005 0.223980 -0.103509
v -0.143917 0.233900 -0.097809
v -0.133102 0.248734 -0.090896
v -0.134126 0.237026 -0.097673
v -0.154844 0.220865 -0.101553
v -0.160186 0.230626 -0.096170
v -0.150853 0.242766 -0.091847
v -0.152571 0.231968 -0.097281
v -0.157188 0.249762 -0.085700
v -0.149366 0.259491 -0.079987
v -0.141633 0.254393 -0.085572
v -0.149761 0.251947 -0.085976
v -0.133508 0.264823 -0.077905
v -0.132964 0.257745 -0.084316
v -0.147655 0.191075 -0.109977
v -0.150363 0.208030 -0.106219
v -0.141516 0.207411 -0.107852
v -0.159529 0.159966 -0.108494
v -0.160203 0.179468 -0.107985
v -0.153725 0.175465 -0.110143
v -0.170506 0.169386 -0.104611
v -0.172189 0.184789 -0.103728
v -0.162253 0.195453 -0.105883
v -0.166373 0.182453 -0.105817
v -0.165346 0.208678 -0.102594
v -0.158286 0.208495 -0.104469
v -0.060046 0.296427 -0.071042
v -0.057447 0.293327 -0.074612
v -0.064736 0.290286 -0.075192
v -0.065583 0.294970 -0.069788
v -0.061684 0.294122 -0.072408
v -0.051528 0.295450 -0.074740
v -0.048037 0.292308 -0.078324
v -0.055605 0.288124 -0.080028
v -0.052951 0.292759 -0.076551
v -0.053902 0.278950 -0.087995
v -0.064947 0.282653 -0.082530
v -0.059630 0.280862 -0.085250
v -0.073805 0.286425 -0.076148
v -0.069603 0.284515 -0.079515
v -0.072225 0.292718 -0.068815
v -0.071950 0.296256 -0.063194
v -0.067332 0.297602 -0.065676
v -0.069022 0.295698 -0.066662
v -0.080148 0.289817 -0.067942
v -0.077269 0.288246 -0.072180
v -0.084448 0.292155 -0.058885
v -0.077653 0.294415 -0.060917
v -0.082495 0.291118 -0.063478
v -0.076721 0.296811 -0.055459
v -0.072851 0.298202 -0.058719
v -0.074517 0.296598 -0.059430
v -0.009523 0.219910 0.092585
v -0.021279 0.219743 0.092771
v -0.010717 0.213296 0.097456
v 0.001467 0.216885 0.094984
v -0.010053 0.217724 0.094280
v -0.031176 0.225277 0.088391
v -0.041659 0.227389 0.086171
v -0.033086 0.218267 0.093274
v -0.031866 0.223042 0.089993
v -0.044555 0.216158 0.093728
v -0.023378 0.208282 0.100535
v -0.034467 0.211664 0.097531
v 0.001282 0.205408 0.102964
v -0.011335 0.206355 0.102079
v 0.010148 -0.792227 0.185360
v -0.016136 -0.785105 0.187985
v -0.036176 -0.791533 0.186077
v -0.015423 -0.795081 0.186693
v -0.015244 -0.791861 0.187153
v 0.009837 -0.774906 0.186753
v -0.016844 -0.759920 0.189620
v -0.037937 -0.773957 0.187360
v -0.016368 -0.774657 0.188876
v -0.058173 -0.758773 0.185977
v -0.076511 -0.772599 0.182161
v -0.056765 -0.784003 0.184640
v -0.057631 -0.773419 0.185146
v -0.074736 -0.790266 0.181353
v -0.055370 -0.794031 0.183719
v -0.056154 -0.790869 0.184106
v 0.003413 0.292924 -0.082935
v -0.003577 0.287615 -0.086984
v -0.010274 0.292755 -0.083354
v -0.003314 0.295710 -0.081377
v -0.003384 0.292893 -0.083251
v 0.003341 0.279096 -0.092012
v -0.004693 0.267641 -0.099130
v -0.011436 0.278934 -0.092640
v -0.003975 0.279238 -0.092463
v -0.020758 0.266865 -0.099367
v -0.026477 0.278056 -0.092287
v -0.017813 0.287105 -0.086898
v -0.018970 0.278439 -0.092605
v -0.024027 0.292308 -0.082627
v -0.016890 0.295358 -0.081174
v -0.017215 0.292513 -0.083130
v -0.016545 -0.784746 -0.170623
v -0.035865 -0.780527 -0.170408
v -0.016817 -0.772307 -0.170853
v 0.006540 -0.780573 -0.172002
v -0.016826 -0.780698 -0.170606
v -0.054011 -0.784502 -0.169746
v -0.071218 -0.780181 -0.169179
v -0.054027 -0.771884 -0.169997
v -0.054044 -0.780373 -0.169903
v -0.070893 -0.760916 -0.169018
v -0.053429 -0.748172 -0.169525
v -0.035612 -0.761488 -0.170424
v -0.053788 -0.761215 -0.169843
v -0.016528 -0.748637 -0.170284
v 0.005965 -0.761648 -0.172122
v -0.016721 -0.761716 -0.170724
v -0.050092 0.235859 0.078848
v -0.058401 0.239769 0.074578
v -0.051579 0.229479 0.083141
v -0.050352 0.233680 0.080349
v -0.065292 0.247549 0.067594
v -0.072186 0.250824 0.063535
v -0.067202 0.241857 0.071271
v -0.065716 0.245493 0.068941
v -0.076572 0.242756 0.068669
v -0.061982 0.230195 0.080735
v -0.069708 0.236606 0.074678
v -0.053563 0.223311 0.087187
v -0.365637 0.220310 -0.086512
v -0.362752 0.227179 -0.084741
v -0.359071 0.220810 -0.087082
v -0.363872 0.213915 -0.088326
v -0.363366 0.220502 -0.086719
v -0.364371 0.233408 -0.082299
v -0.361488 0.239900 -0.079915
v -0.357859 0.234090 -0.082761
v -0.362110 0.233669 -0.082459
v -0.351418 0.240949 -0.080597
v -0.344007 0.235342 -0.083685
v -0.352614 0.227987 -0.085611
v -0.352006 0.234578 -0.083262
v -0.345133 0.221705 -0.088250
v -0.353604 0.214556 -0.089263
v -0.353183 0.221151 -0.087660
v -0.359943 0.207689 -0.089895
v -0.364546 0.200823 -0.090139
v -0.366530 0.207317 -0.089281
v -0.364231 0.207454 -0.089485
v -0.346018 0.208067 -0.091190
v -0.354324 0.201052 -0.091170
v -0.354024 0.207849 -0.090503
v -0.346571 0.194092 -0.092102
v -0.354863 0.186993 -0.090804
v -0.360441 0.194135 -0.090646
v -0.354551 0.194119 -0.091258
v -0.365036 0.187093 -0.089778
v -0.367094 0.193966 -0.090033
v -0.364751 0.194029 -0.090236
v -0.008109 0.179007 -0.128795
v -0.016742 0.204317 -0.123949
v -0.006631 0.228664 -0.116411
v 0.001744 0.204766 -0.123195
v -0.007421 0.204873 -0.123556
v -0.027607 0.178171 -0.129139
v -0.024700 0.227681 -0.116855
v -0.026256 0.203949 -0.124122
v -0.014212 0.249822 -0.107829
v -0.022853 0.249264 -0.107940
v 0.002806 0.249836 -0.106988
v -0.005711 0.249971 -0.107612
v 0.001161 0.150922 -0.131695
v -0.008943 0.124406 -0.132772
v -0.018412 0.151166 -0.132024
v -0.008520 0.151285 -0.131864
v 0.000810 0.097961 -0.132294
v -0.009156 0.072160 -0.130284
v -0.019221 0.097405 -0.132026
v -0.009150 0.097797 -0.132238
v -0.029460 0.070861 -0.129243
v -0.029158 0.123370 -0.132690
v -0.029384 0.096734 -0.131701
v -0.028506 0.150539 -0.131913
v -0.087432 0.268073 0.044040
v -0.087410 0.262514 0.049657
v -0.082129 0.260703 0.052850
v -0.084250 0.265693 0.047416
v -0.085358 0.264529 0.048347
v -0.093085 0.263928 0.046614
v -0.086899 0.255004 0.056341
v -0.090543 0.259614 0.051323
v -0.079438 0.253469 0.059604
v -0.082171 0.249487 0.062046
v -0.076870 0.257803 0.056741
v -0.077641 0.256117 0.057928
v -0.087581 0.272497 0.038990
v -0.089817 0.274922 0.035209
v -0.091244 0.270311 0.040511
v -0.088822 0.271680 0.039570
v -0.089632 0.278546 0.030265
v -0.091990 0.280774 0.025972
v -0.093370 0.276982 0.031262
v -0.090910 0.277944 0.030680
v -0.098106 0.278865 0.027076
v -0.095810 0.272131 0.036976
v -0.096936 0.275601 0.032083
v -0.094703 0.268315 0.041720
v -0.091551 0.283689 0.021233
v -0.093432 0.285320 0.017067
v -0.095349 0.282518 0.021897
v -0.092839 0.283206 0.021483
v -0.092394 0.287585 0.012591
v -0.093870 0.288817 0.008537
v -0.096326 0.286629 0.012994
v -0.093750 0.287152 0.012758
v -0.100225 0.287669 0.008927
v -0.104748 0.285143 0.013553
v -0.099652 0.283880 0.017808
v -0.100047 0.285920 0.013305
v -0.103636 0.280368 0.022966
v -0.099016 0.281596 0.022392
v -0.110698 0.286445 0.009169
v -0.117658 0.283901 0.013904
v -0.110163 0.282086 0.018558
v -0.110586 0.284422 0.013834
v -0.125446 0.285831 0.008925
v -0.133201 0.283504 0.013291
v -0.125375 0.280797 0.018664
v -0.125484 0.283647 0.013709
v -0.133206 0.276820 0.023383
v -0.116725 0.278117 0.023755
v -0.124829 0.277457 0.023664
v -0.109443 0.279221 0.023396
v -0.096358 0.289556 0.004718
v -0.099816 0.289908 0.000805
v -0.104857 0.288279 0.004868
v -0.100128 0.288984 0.004815
v -0.092313 0.290459 0.004508
v -0.093363 0.290986 0.000716
v -0.093736 0.290069 0.004600
v -0.091371 0.292116 -0.003075
v -0.092083 0.292114 -0.006741
v -0.095446 0.291184 -0.003012
v -0.092788 0.291668 -0.003036
v -0.098591 0.290992 -0.006984
v -0.104010 0.289926 -0.003296
v -0.099276 0.290557 -0.003103
v -0.110340 0.288801 0.000609
v -0.117545 0.287502 0.004727
v -0.110659 0.287791 0.004846
v -0.109201 0.289777 -0.007761
v -0.116654 0.289133 -0.003972
v -0.109824 0.289407 -0.003574
v -0.123530 0.289361 -0.008995
v -0.131587 0.288974 -0.005190
v -0.124942 0.288383 -0.000024
v -0.124159 0.289064 -0.004528
v -0.132838 0.287315 0.003893
v -0.125244 0.287380 0.004418
v -0.137976 0.289141 -0.010484
v -0.145796 0.288864 -0.006335
v -0.139644 0.288334 -0.001200
v -0.138685 0.288935 -0.005822
v -0.151229 0.288967 -0.011621
v -0.159159 0.288814 -0.007093
v -0.153308 0.288434 -0.002096
v -0.152410 0.288853 -0.006781
v -0.161132 0.287666 0.002243
v -0.155258 0.285945 0.007288
v -0.147059 0.287461 0.002909
v -0.154482 0.287441 0.002613
v -0.140450 0.285784 0.008010
v -0.140249 0.287305 0.003410
v -0.115291 0.289654 -0.012614
v -0.122015 0.289544 -0.018173
v -0.130106 0.289299 -0.014364
v -0.122835 0.289464 -0.013453
v -0.102525 0.290581 -0.011296
v -0.107533 0.290252 -0.016225
v -0.108441 0.290007 -0.011891
v -0.100571 0.291219 -0.019722
v -0.105618 0.290585 -0.025248
v -0.113592 0.289948 -0.021823
v -0.106581 0.290485 -0.020685
v -0.120534 0.289141 -0.027923
v -0.128687 0.288964 -0.024244
v -0.121333 0.289427 -0.022983
v -0.136425 0.288902 -0.020207
v -0.143817 0.288942 -0.015981
v -0.137214 0.289094 -0.015228
v -0.134959 0.287775 -0.030608
v -0.142414 0.287999 -0.026272
v -0.135477 0.288542 -0.025361
v -0.148412 0.286329 -0.032370
v -0.155589 0.286878 -0.027403
v -0.149850 0.288173 -0.021647
v -0.148919 0.287454 -0.026970
v -0.157034 0.288442 -0.016892
v -0.150335 0.288715 -0.016542
v -0.161277 0.284845 -0.033126
v -0.167972 0.285852 -0.027971
v -0.162809 0.287394 -0.022303
v -0.162092 0.286308 -0.027660
v -0.172858 0.283714 -0.033781
v -0.178883 0.285172 -0.028914
v -0.174497 0.286830 -0.023026
v -0.173643 0.285483 -0.028367
v -0.180587 0.287763 -0.018379
v -0.176330 0.288596 -0.012811
v -0.169790 0.287987 -0.017391
v -0.175289 0.287873 -0.017822
v -0.164434 0.288711 -0.012139
v -0.163615 0.288180 -0.017116
v -0.141409 0.285853 -0.037177
v -0.148085 0.283065 -0.043671
v -0.154651 0.283899 -0.038453
v -0.147983 0.284912 -0.037979
v -0.127361 0.287673 -0.034637
v -0.133952 0.285379 -0.041582
v -0.134423 0.286766 -0.036047
v -0.126675 0.285084 -0.045559
v -0.133972 0.281155 -0.053089
v -0.141147 0.282141 -0.048630
v -0.133952 0.283538 -0.047270
v -0.148054 0.277933 -0.055466
v -0.154546 0.279318 -0.049957
v -0.147865 0.280736 -0.049504
v -0.160985 0.280747 -0.044357
v -0.167153 0.282215 -0.038957
v -0.161109 0.282984 -0.038700
v -0.160999 0.274882 -0.056007
v -0.166822 0.276944 -0.050300
v -0.160871 0.278021 -0.050112
v -0.172114 0.272694 -0.056320
v -0.177203 0.275372 -0.051027
v -0.172415 0.279062 -0.044926
v -0.172285 0.276065 -0.050584
v -0.177747 0.281084 -0.039851
v -0.172526 0.281562 -0.039339
v -0.181627 0.271332 -0.057124
v -0.186352 0.274466 -0.052164
v -0.182113 0.278025 -0.045991
v -0.181933 0.274877 -0.051546
v -0.190663 0.270464 -0.058332
v -0.195828 0.273823 -0.053749
v -0.191322 0.277450 -0.047484
v -0.190911 0.274141 -0.052925
v -0.196618 0.280057 -0.042965
v -0.192204 0.282679 -0.036587
v -0.187110 0.280449 -0.041183
v -0.191700 0.280237 -0.042040
v -0.182864 0.283038 -0.034976
v -0.182397 0.280704 -0.040439
v -0.167023 0.269891 -0.061979
v -0.172696 0.264244 -0.067718
v -0.177270 0.267936 -0.062297
v -0.172349 0.268806 -0.062081
v -0.155141 0.272820 -0.061955
v -0.161681 0.266824 -0.067958
v -0.161374 0.271224 -0.061979
v -0.156058 0.263398 -0.074114
v -0.162834 0.255527 -0.079435
v -0.168048 0.260180 -0.073450
v -0.162315 0.261638 -0.073810
v -0.173725 0.252927 -0.078443
v -0.178098 0.258009 -0.073083
v -0.173229 0.258949 -0.073212
v -0.181871 0.262583 -0.068010
v -0.186111 0.266749 -0.063145
v -0.181699 0.267283 -0.062665
v -0.182995 0.251284 -0.077967
v -0.186841 0.256613 -0.073308
v -0.182502 0.257270 -0.073119
v -0.192048 0.250007 -0.078182
v -0.196427 0.255459 -0.074012
v -0.190831 0.261450 -0.068738
v -0.191384 0.256013 -0.073612
v -0.195647 0.265827 -0.064317
v -0.190625 0.266275 -0.063681
v -0.169330 0.246735 -0.084228
v -0.175774 0.237487 -0.088218
v -0.179319 0.244920 -0.082951
v -0.174578 0.245714 -0.083505
v -0.164812 0.239534 -0.090202
v -0.163565 0.248136 -0.084968
v -0.168662 0.219624 -0.098427
v -0.172260 0.228854 -0.093608
v -0.166568 0.229609 -0.094921
v -0.179156 0.219126 -0.095614
v -0.181928 0.228035 -0.091424
v -0.177388 0.228336 -0.092420
v -0.184880 0.236217 -0.087016
v -0.188138 0.243539 -0.082576
v -0.183798 0.244209 -0.082653
v -0.188013 0.218543 -0.093882
v -0.190542 0.227079 -0.090488
v -0.186304 0.227626 -0.090816
v -0.196530 0.217717 -0.093244
v -0.199867 0.225992 -0.090399
v -0.193730 0.235041 -0.086778
v -0.194981 0.226479 -0.090377
v -0.197702 0.242306 -0.082870
v -0.192715 0.242979 -0.082637
v -0.176603 0.208986 -0.099269
v -0.183721 0.198990 -0.098972
v -0.185691 0.209348 -0.096747
v -0.181376 0.209358 -0.097847
v -0.174219 0.197727 -0.102019
v -0.171283 0.208800 -0.100878
v -0.180315 0.174653 -0.100754
v -0.181873 0.187304 -0.100338
v -0.177270 0.186171 -0.101942
v -0.188426 0.177432 -0.098046
v -0.189878 0.188825 -0.097910
v -0.186062 0.188279 -0.098963
v -0.191679 0.199321 -0.097070
v -0.193797 0.208994 -0.095486
v -0.189791 0.209220 -0.095989
v -0.195493 0.179035 -0.096255
v -0.197232 0.189533 -0.096548
v -0.193562 0.189120 -0.097126
v -0.202826 0.180056 -0.095257
v -0.205541 0.189946 -0.095848
v -0.199586 0.199307 -0.096147
v -0.201153 0.189744 -0.096116
v -0.202643 0.208515 -0.095004
v -0.198003 0.208710 -0.095168
v -0.187162 0.165895 -0.096959
v -0.193145 0.158068 -0.092685
v -0.194206 0.168563 -0.094979
v -0.190762 0.167326 -0.095872
v -0.179166 0.161776 -0.099823
v -0.186232 0.154166 -0.094704
v -0.183331 0.163928 -0.098279
v -0.185589 0.142292 -0.091472
v -0.191718 0.136441 -0.085353
v -0.192349 0.147542 -0.089452
v -0.189036 0.145073 -0.090342
v -0.197826 0.141115 -0.084108
v -0.198644 0.151432 -0.088005
v -0.195514 0.149641 -0.088706
v -0.199550 0.160769 -0.091303
v -0.200893 0.170356 -0.093710
v -0.197491 0.169485 -0.094263
v -0.203699 0.144777 -0.083215
v -0.204796 0.154160 -0.087150
v -0.201654 0.152834 -0.087475
v -0.210235 0.147596 -0.082704
v -0.212316 0.156499 -0.086719
v -0.206421 0.162950 -0.090490
v -0.208308 0.155362 -0.086861
v -0.208736 0.171893 -0.093057
v -0.204578 0.171188 -0.093301
v -0.218603 0.150224 -0.082686
v -0.221989 0.158702 -0.086726
v -0.215176 0.164992 -0.090137
v -0.216878 0.157688 -0.086659
v -0.229079 0.152610 -0.083021
v -0.233794 0.160570 -0.087082
v -0.226121 0.166739 -0.090236
v -0.227630 0.159747 -0.086888
v -0.230925 0.175053 -0.093033
v -0.223224 0.182438 -0.094747
v -0.218808 0.173479 -0.092876
v -0.224633 0.174230 -0.092920
v -0.211914 0.181182 -0.094779
v -0.213494 0.172685 -0.092931
v -0.208437 0.140189 -0.077950
v -0.213186 0.136638 -0.072528
v -0.215653 0.143124 -0.077846
v -0.211810 0.141795 -0.077820
v -0.202590 0.136714 -0.078523
v -0.206935 0.133375 -0.072727
v -0.205431 0.138640 -0.078178
v -0.205799 0.125589 -0.067109
v -0.210123 0.121838 -0.060852
v -0.211335 0.129319 -0.066873
v -0.208495 0.127462 -0.066965
v -0.216070 0.125258 -0.060987
v -0.218220 0.132476 -0.067082
v -0.214579 0.130843 -0.066931
v -0.221180 0.139462 -0.072779
v -0.224881 0.145836 -0.078152
v -0.219995 0.144556 -0.077970
v -0.223647 0.128259 -0.061560
v -0.227025 0.135385 -0.067670
v -0.222349 0.133998 -0.067340
v -0.233244 0.131222 -0.062494
v -0.238077 0.137642 -0.068601
v -0.231358 0.141928 -0.073409
v -0.232276 0.136649 -0.068114
v -0.236295 0.147918 -0.078771
v -0.230328 0.146849 -0.078472
v -0.367809 0.146174 -0.068292
v -0.363756 0.142062 -0.064277
v -0.368420 0.140204 -0.059802
v -0.370778 0.143347 -0.064025
v -0.368113 0.142913 -0.064144
v -0.357816 0.144443 -0.068711
v -0.350575 0.139915 -0.064446
v -0.358512 0.138223 -0.059897
v -0.358153 0.141140 -0.064417
v -0.351364 0.134376 -0.054987
v -0.359353 0.133219 -0.050360
v -0.364453 0.136893 -0.055324
v -0.358897 0.135662 -0.055231
v -0.369128 0.135946 -0.050686
v -0.371458 0.139369 -0.055216
v -0.368762 0.138149 -0.055316
v -0.365253 0.134019 -0.045815
v -0.369818 0.135653 -0.041223
v -0.372065 0.136983 -0.045950
v -0.369475 0.135468 -0.045989
v -0.352272 0.131098 -0.045068
v -0.360127 0.132546 -0.040573
v -0.359724 0.132529 -0.045496
v -0.353179 0.131553 -0.034928
v -0.361055 0.133440 -0.030349
v -0.366061 0.134604 -0.036079
v -0.360567 0.133051 -0.035542
v -0.370644 0.136737 -0.031400
v -0.372683 0.137222 -0.036421
v -0.370228 0.136183 -0.036390
v -0.367051 0.137003 -0.026102
v -0.371624 0.140890 -0.021748
v -0.373491 0.139538 -0.026708
v -0.371134 0.138613 -0.026550
v -0.354149 0.133908 -0.024598
v -0.362044 0.137976 -0.020536
v -0.361550 0.135557 -0.025450
v -0.354974 0.138840 -0.014558
v -0.362897 0.143110 -0.010626
v -0.368019 0.141793 -0.016445
v -0.362494 0.140366 -0.015563
v -0.372457 0.145960 -0.012174
v -0.374385 0.144869 -0.017249
v -0.372068 0.143377 -0.017000
v -0.368770 0.148569 -0.007144
v -0.373099 0.154008 -0.003458
v -0.375091 0.151781 -0.008174
v -0.372775 0.149967 -0.007865
v -0.355623 0.145905 -0.004989
v -0.363535 0.151454 -0.001647
v -0.363228 0.147316 -0.006176
v -0.356076 0.154858 0.004121
v -0.363878 0.161339 0.007077
v -0.369317 0.157206 0.001606
v -0.363748 0.156087 0.002773
v -0.373471 0.163653 0.004889
v -0.375633 0.160090 0.000335
v -0.373340 0.158610 0.000785
v -0.369460 0.168360 0.009618
v -0.373457 0.175612 0.012136
v -0.375778 0.170089 0.008074
v -0.373499 0.169403 0.008613
v -0.356207 0.166584 0.012419
v -0.363807 0.174037 0.014425
v -0.363893 0.167513 0.010934
v -0.356091 0.180496 0.019190
v -0.363215 0.188472 0.020367
v -0.369229 0.181612 0.016285
v -0.363630 0.181068 0.017675
v -0.373045 0.189203 0.017867
v -0.375683 0.182471 0.014603
v -0.373360 0.182176 0.015202
v -0.368003 0.196467 0.021069
v -0.371265 0.204093 0.021120
v -0.374706 0.196653 0.019286
v -0.372285 0.196589 0.019927
v -0.354935 0.195951 0.023902
v -0.361213 0.204229 0.023585
v -0.362438 0.196190 0.022358
v -0.352297 0.212289 0.025356
v -0.358121 0.220138 0.023246
v -0.365462 0.212017 0.022525
v -0.359757 0.212210 0.023881
v -0.368357 0.219265 0.020904
v -0.372440 0.211387 0.020884
v -0.369897 0.211702 0.021438
v -0.362499 0.227087 0.020532
v -0.365635 0.233466 0.017598
v -0.369695 0.225976 0.019106
v -0.367077 0.226413 0.019570
v -0.349370 0.227932 0.023186
v -0.355444 0.234729 0.019723
v -0.356758 0.227583 0.021784
v -0.346884 0.242210 0.018370
v -0.352839 0.248369 0.013772
v -0.359746 0.241010 0.015885
v -0.354029 0.241721 0.017008
v -0.363114 0.246555 0.011964
v -0.367066 0.239395 0.014685
v -0.364358 0.240126 0.015076
v -0.357363 0.253776 0.008920
v -0.360681 0.258465 0.004131
v -0.364356 0.252222 0.007879
v -0.361901 0.252703 0.008261
v -0.344535 0.255476 0.011118
v -0.350730 0.260392 0.005764
v -0.351718 0.254661 0.009935
v -0.342843 0.266341 0.002552
v -0.349180 0.269675 -0.002986
v -0.355346 0.264481 0.000474
v -0.349927 0.265382 0.001458
v -0.358961 0.267475 -0.004350
v -0.362332 0.262384 -0.000304
v -0.359743 0.263352 -0.000076
v -0.353982 0.272040 -0.008208
v -0.357594 0.273532 -0.012921
v -0.360711 0.269449 -0.008845
v -0.358216 0.270838 -0.008666
v -0.341641 0.274126 -0.006370
v -0.348127 0.275843 -0.011685
v -0.348650 0.273086 -0.007358
v -0.340788 0.278924 -0.015019
v -0.347371 0.279145 -0.020047
v -0.353070 0.276708 -0.016615
v -0.347758 0.277825 -0.015905
v -0.356638 0.276834 -0.021117
v -0.359586 0.274414 -0.017147
v -0.357128 0.275511 -0.017028
v -0.352231 0.278723 -0.024786
v -0.355818 0.277774 -0.029160
v -0.358640 0.275896 -0.025212
v -0.356199 0.277515 -0.025132
v -0.340011 0.281011 -0.023406
v -0.346612 0.280109 -0.028266
v -0.346978 0.279879 -0.024172
v -0.339234 0.281018 -0.031721
v -0.345957 0.279286 -0.036544
v -0.351514 0.278783 -0.032879
v -0.346256 0.279897 -0.032380
v -0.355228 0.277200 -0.037258
v -0.357831 0.277127 -0.033240
v -0.355474 0.277713 -0.033193
v -0.351158 0.277252 -0.041123
v -0.355307 0.275054 -0.045478
v -0.357638 0.275183 -0.041401
v -0.355167 0.276244 -0.041360
v -0.338625 0.279381 -0.040176
v -0.345838 0.277005 -0.044941
v -0.345801 0.278300 -0.040725
v -0.338744 0.276480 -0.048781
v -0.346460 0.273252 -0.053173
v -0.351545 0.274382 -0.049372
v -0.346062 0.275315 -0.049110
v -0.356133 0.271568 -0.053459
v -0.358217 0.272624 -0.049577
v -0.355684 0.273510 -0.049499
v -0.352569 0.269964 -0.057283
v -0.357513 0.266445 -0.061091
v -0.359319 0.268833 -0.057387
v -0.356800 0.269223 -0.057322
v -0.339456 0.271891 -0.057002
v -0.347627 0.267976 -0.061033
v -0.347013 0.270832 -0.057141
v -0.340519 0.265637 -0.064804
v -0.348814 0.260940 -0.068387
v -0.353877 0.263895 -0.064775
v -0.348212 0.264671 -0.064785
v -0.358824 0.259645 -0.068211
v -0.360629 0.262409 -0.064790
v -0.358103 0.263226 -0.064727
v -0.355194 0.256066 -0.071569
v -0.360090 0.250860 -0.074429
v -0.361862 0.255080 -0.071457
v -0.359443 0.255515 -0.071433
v -0.341710 0.257617 -0.071959
v -0.350069 0.251999 -0.074867
v -0.349452 0.256733 -0.071739
v -0.342875 0.247413 -0.078123
v -0.356530 0.246122 -0.077478
v -0.350721 0.246714 -0.077822
v -0.363162 0.245094 -0.077177
v -0.360862 0.245586 -0.077278
v -0.201602 0.289216 -0.011688
v -0.197864 0.289217 -0.006017
v -0.192243 0.289062 -0.009871
v -0.195598 0.288631 -0.015600
v -0.196792 0.289163 -0.010741
v -0.203958 0.288851 -0.002345
v -0.200152 0.287662 0.003056
v -0.194497 0.288614 -0.000579
v -0.199216 0.288736 -0.001410
v -0.191133 0.287301 0.004633
v -0.185214 0.288330 0.000777
v -0.188817 0.288973 -0.004415
v -0.189986 0.288475 0.000115
v -0.182724 0.288948 -0.008507
v -0.186403 0.288544 -0.013963
v -0.187489 0.288999 -0.009130
v -0.190112 0.287659 -0.019782
v -0.193738 0.286404 -0.025864
v -0.199570 0.287686 -0.021620
v -0.194692 0.287671 -0.020647
v -0.184582 0.286484 -0.024213
v -0.185352 0.287688 -0.019014
v -0.188169 0.284837 -0.030323
v -0.183619 0.284972 -0.029565
v -0.197871 0.284665 -0.032184
v -0.192969 0.284742 -0.031196
v -0.196881 0.285614 0.008335
v -0.193689 0.282678 0.013581
v -0.187614 0.285164 0.009802
v -0.192360 0.285402 0.009079
v -0.206240 0.285963 0.006591
v -0.202861 0.283139 0.011982
v -0.201580 0.285782 0.007512
v -0.208917 0.279874 0.015577
v -0.205373 0.275420 0.020868
v -0.199753 0.279400 0.017347
v -0.204067 0.279698 0.016445
v -0.196161 0.274856 0.022520
v -0.190198 0.278868 0.018868
v -0.195023 0.279162 0.018117
v -0.183476 0.282162 0.015004
v -0.176475 0.284677 0.010949
v -0.180959 0.286945 0.005892
v -0.182177 0.284965 0.010411
v -0.185877 0.274132 0.024199
v -0.178802 0.278246 0.020296
v -0.184891 0.278533 0.019658
v -0.172914 0.273362 0.025562
v -0.164790 0.277481 0.021233
v -0.171144 0.281514 0.016060
v -0.172085 0.277863 0.020825
v -0.163014 0.284110 0.011574
v -0.168903 0.286460 0.006676
v -0.169983 0.284405 0.011303
v -0.174271 0.288035 0.001767
v -0.178701 0.288801 -0.003257
v -0.179875 0.288217 0.001328
v -0.166862 0.288567 -0.002583
v -0.167927 0.287826 0.002066
v -0.171830 0.288881 -0.007534
v -0.165586 0.288844 -0.007316
v -0.177611 0.288902 -0.007945
v -0.202345 0.269865 0.026125
v -0.199287 0.263292 0.031364
v -0.192725 0.269196 0.027854
v -0.197667 0.269529 0.026998
v -0.211359 0.270518 0.024315
v -0.208350 0.263994 0.029599
v -0.206811 0.270173 0.025285
v -0.214401 0.257472 0.032689
v -0.211898 0.249529 0.037434
v -0.205601 0.256704 0.034586
v -0.209964 0.257064 0.033670
v -0.203365 0.248662 0.039357
v -0.196434 0.255636 0.036602
v -0.201180 0.256300 0.035515
v -0.189057 0.262291 0.033326
v -0.181141 0.268285 0.029624
v -0.187354 0.268675 0.028798
v -0.193868 0.247417 0.041728
v -0.185117 0.254418 0.038841
v -0.191136 0.255149 0.037671
v -0.181401 0.245789 0.044350
v -0.175983 0.261190 0.035274
v -0.178193 0.253809 0.039922
v -0.174283 0.267751 0.030424
v -0.209726 0.241020 0.041656
v -0.208050 0.231738 0.045563
v -0.201271 0.239715 0.043929
v -0.205753 0.240317 0.042762
v -0.218063 0.241761 0.039742
v -0.215782 0.232896 0.043473
v -0.213842 0.241426 0.040703
v -0.221826 0.224291 0.044672
v -0.219978 0.214562 0.047205
v -0.214137 0.223409 0.046721
v -0.217883 0.223886 0.045691
v -0.212810 0.213399 0.049292
v -0.206363 0.222071 0.049029
v -0.210380 0.222794 0.047787
v -0.199265 0.230208 0.048189
v -0.191041 0.238095 0.046713
v -0.196491 0.238998 0.045248
v -0.205076 0.211621 0.051985
v -0.197261 0.220056 0.052122
v -0.202170 0.221129 0.050527
v -0.195230 0.209128 0.055381
v -0.188208 0.228077 0.051465
v -0.191697 0.218763 0.053853
v -0.184658 0.237151 0.048222
v -0.218241 0.204307 0.048505
v -0.216787 0.193909 0.048966
v -0.211351 0.202812 0.050829
v -0.214985 0.203634 0.049620
v -0.225320 0.205438 0.046667
v -0.223212 0.195359 0.047079
v -0.221705 0.204971 0.047654
v -0.227813 0.186754 0.044825
v -0.225234 0.177299 0.043596
v -0.221278 0.185411 0.046720
v -0.224442 0.186076 0.045793
v -0.219328 0.175566 0.045693
v -0.215039 0.183580 0.048770
v -0.218338 0.184589 0.047761
v -0.209719 0.192034 0.051498
v -0.203231 0.200477 0.053758
v -0.207521 0.201856 0.052239
v -0.212967 0.173185 0.048050
v -0.207798 0.181037 0.051710
v -0.211619 0.182438 0.050136
v -0.205460 0.170040 0.051336
v -0.199075 0.177364 0.055437
v -0.201223 0.189027 0.054809
v -0.203620 0.179282 0.053371
v -0.193149 0.197310 0.057646
v -0.198490 0.199001 0.055627
v -0.210328 0.162966 0.046736
v -0.207518 0.152926 0.045092
v -0.202778 0.159105 0.050418
v -0.206664 0.161209 0.048488
v -0.216813 0.166008 0.043841
v -0.214032 0.156431 0.041758
v -0.213701 0.164524 0.045166
v -0.216956 0.150507 0.036426
v -0.214421 0.141910 0.033885
v -0.211347 0.147282 0.039556
v -0.214222 0.148977 0.037936
v -0.208910 0.138267 0.037323
v -0.205031 0.143233 0.043354
v -0.208233 0.145316 0.041351
v -0.200081 0.147984 0.049652
v -0.193875 0.153098 0.055592
v -0.196584 0.165041 0.055582
v -0.198461 0.156342 0.052906
v -0.202848 0.133270 0.041846
v -0.197935 0.137127 0.048860
v -0.201550 0.140298 0.045992
v -0.196684 0.125985 0.048044
v -0.190827 0.128732 0.056122
v -0.191821 0.141030 0.055773
v -0.194334 0.133222 0.052221
v -0.184587 0.145152 0.062688
v -0.186431 0.158225 0.061511
v -0.189172 0.149361 0.058862
v -0.188981 0.171344 0.060610
v -0.191208 0.184502 0.059413
v -0.194239 0.174564 0.057892
v -0.178022 0.163373 0.067384
v -0.179886 0.177719 0.065654
v -0.183516 0.167578 0.063711
v -0.169455 0.183448 0.070210
v -0.181707 0.191695 0.063000
v -0.175563 0.188000 0.066301
v -0.187591 0.194784 0.060112
v -0.184014 0.131605 0.064351
v -0.176329 0.134235 0.073046
v -0.176188 0.148954 0.069802
v -0.180223 0.140076 0.067455
v -0.191032 0.116233 0.056866
v -0.184630 0.117778 0.066241
v -0.187652 0.123632 0.060870
v -0.185021 0.104068 0.066823
v -0.178182 0.104251 0.077507
v -0.177320 0.119299 0.075976
v -0.181424 0.111371 0.071788
v -0.169216 0.120335 0.086041
v -0.167678 0.136528 0.082108
v -0.172738 0.127752 0.079376
v -0.166868 0.152390 0.076935
v -0.167920 0.167850 0.073472
v -0.172249 0.158153 0.071652
v -0.158150 0.138268 0.091061
v -0.156707 0.155190 0.084506
v -0.162226 0.145843 0.083465
v -0.145445 0.157151 0.092679
v -0.156914 0.171649 0.079637
v -0.150991 0.164753 0.085591
v -0.163147 0.177835 0.074657
v -0.170484 0.103866 0.088609
v -0.161844 0.102678 0.099950
v -0.159983 0.120591 0.096665
v -0.165517 0.112041 0.093064
v -0.178523 0.089072 0.077051
v -0.171389 0.087268 0.088903
v -0.174787 0.096195 0.083342
v -0.171579 0.070530 0.086323
v -0.164445 0.065973 0.098245
v -0.163417 0.084562 0.100649
v -0.167844 0.077324 0.093936
v -0.154679 0.080166 0.112291
v -0.152416 0.100072 0.111306
v -0.158229 0.092202 0.106427
v -0.149953 0.119608 0.107277
v -0.147649 0.138657 0.100979
v -0.154141 0.129445 0.099200
v -0.142089 0.095642 0.122456
v -0.138841 0.116977 0.118184
v -0.146032 0.108334 0.115169
v -0.126293 0.112242 0.128853
v -0.135729 0.137740 0.111124
v -0.130828 0.125970 0.120244
v -0.140551 0.148121 0.101841
v -0.156875 0.059645 0.109909
v -0.148531 0.050913 0.121098
v -0.145294 0.073437 0.123695
v -0.151388 0.066427 0.117240
v -0.166007 0.046766 0.093718
v -0.159235 0.038006 0.105707
v -0.161739 0.053090 0.101991
v -0.162403 0.014511 0.100692
v -0.156527 0.000911 0.112251
v -0.152319 0.026753 0.117407
v -0.157677 0.020559 0.109400
v -0.145036 0.012951 0.128423
v -0.139465 0.039631 0.131727
v -0.146221 0.033199 0.124820
v -0.135014 0.064506 0.134088
v -0.130744 0.088592 0.133284
v -0.138455 0.080908 0.128971
v -0.130289 0.025781 0.141808
v -0.123856 0.052809 0.143179
v -0.132010 0.046347 0.137884
v -0.112446 0.038118 0.151837
v -0.105179 0.065437 0.151506
v -0.118326 0.078597 0.143101
v -0.114869 0.059226 0.147629
v -0.112628 0.104306 0.139003
v -0.122163 0.096420 0.136624
v -0.121360 0.007765 0.151179
v -0.111900 -0.013845 0.159294
v -0.101687 0.019514 0.160229
v -0.112030 0.013777 0.156177
v -0.137476 -0.004337 0.138317
v -0.129449 -0.024813 0.147286
v -0.129848 0.001686 0.145161
v -0.137987 -0.057709 0.141915
v -0.130910 -0.082797 0.149859
v -0.121265 -0.047812 0.155694
v -0.129936 -0.052782 0.149115
v -0.112340 -0.073765 0.162991
v -0.101885 -0.038260 0.167080
v -0.111967 -0.042891 0.161742
v -0.090994 -0.003412 0.168423
v -0.078866 0.029589 0.165953
v -0.091629 0.049243 0.158695
v -0.090594 0.024877 0.163488
v -0.090935 -0.065021 0.173702
v -0.079232 -0.029002 0.175832
v -0.090924 -0.033279 0.171903
v -0.066408 -0.057483 0.181879
v -0.053464 -0.021875 0.181484
v -0.066688 0.005526 0.174170
v -0.066681 -0.025150 0.179035
v -0.053743 0.037063 0.169314
v -0.067848 0.058397 0.163176
v -0.066547 0.033705 0.167843
v -0.083052 0.076782 0.157036
v -0.097891 0.092757 0.148544
v -0.094569 0.071294 0.154573
v -0.056996 0.085471 0.160117
v -0.073463 0.104424 0.151449
v -0.070388 0.081702 0.158742
v -0.062853 0.130277 0.142828
v -0.090361 0.119276 0.141711
v -0.077487 0.125586 0.142232
v -0.102058 0.112098 0.140758
v -0.040338 0.011532 0.177181
v -0.026552 0.041217 0.171802
v -0.041153 0.064310 0.166051
v -0.040420 0.039526 0.170669
v -0.039094 -0.051980 0.186662
v -0.025577 -0.017227 0.184243
v -0.040002 -0.019233 0.183147
v -0.010022 -0.049456 0.189199
v 0.003719 -0.015876 0.184883
v -0.011693 0.014685 0.178670
v -0.010861 -0.016227 0.184882
v 0.002604 0.042459 0.172656
v -0.012755 0.066564 0.168116
v -0.012310 0.042123 0.172706
v -0.028425 0.089076 0.162355
v -0.044871 0.110149 0.154015
v -0.042923 0.087813 0.161312
v 0.001896 0.089742 0.163396
v -0.014243 0.110816 0.156135
v -0.013579 0.089604 0.163263
v 0.001486 0.129428 0.148526
v -0.030917 0.130250 0.146832
v -0.014886 0.129796 0.148098
v -0.046951 0.130811 0.144981
v -0.024095 -0.084621 0.189386
v -0.009611 -0.120128 0.192396
v 0.005166 -0.083579 0.190634
v -0.009363 -0.083865 0.190491
v -0.052659 -0.088747 0.185427
v -0.039352 -0.122478 0.189380
v -0.038737 -0.086445 0.187855
v -0.055170 -0.162911 0.190412
v -0.042194 -0.202209 0.196973
v -0.026011 -0.159323 0.194787
v -0.040828 -0.160820 0.192916
v -0.010612 -0.199705 0.200070
v 0.005555 -0.158563 0.196229
v -0.010336 -0.158455 0.195974
v -0.027273 -0.242806 0.200716
v -0.011136 -0.283209 0.200134
v 0.006199 -0.241875 0.201972
v -0.010630 -0.242101 0.202047
v -0.058569 -0.245898 0.195744
v -0.044901 -0.285653 0.197628
v -0.043354 -0.244231 0.198621
v -0.063688 -0.329172 0.195822
v -0.049055 -0.370340 0.199240
v -0.030024 -0.326062 0.199609
v -0.047362 -0.327492 0.198197
v -0.013373 -0.367573 0.200921
v 0.006171 -0.324923 0.199671
v -0.012218 -0.324555 0.199400
v -0.032380 -0.411683 0.200377
v -0.013764 -0.452329 0.198308
v 0.006608 -0.411274 0.200679
v -0.013790 -0.410855 0.201044
v -0.067243 -0.413835 0.195028
v -0.050373 -0.453817 0.195474
v -0.050222 -0.412846 0.198462
v -0.068639 -0.494595 0.189221
v -0.051578 -0.533265 0.189877
v -0.032413 -0.493605 0.194044
v -0.050904 -0.494348 0.192444
v -0.013490 -0.532100 0.191418
v 0.008392 -0.493054 0.193207
v -0.013552 -0.492732 0.194267
v -0.034146 -0.570018 0.190459
v -0.014508 -0.605175 0.191385
v 0.009219 -0.570257 0.189536
v -0.014165 -0.569544 0.190717
v -0.070624 -0.569518 0.185541
v -0.053626 -0.604773 0.188409
v -0.052846 -0.569841 0.188562
v -0.072682 -0.636565 0.185799
v -0.055437 -0.667737 0.189333
v -0.035389 -0.637875 0.190985
v -0.054356 -0.637334 0.188800
v -0.016509 -0.668943 0.192782
v 0.009010 -0.638824 0.190480
v -0.015486 -0.637951 0.191873
v -0.037157 -0.696222 0.191611
v -0.016522 -0.720874 0.191932
v 0.009604 -0.697374 0.190853
v -0.016319 -0.696952 0.193194
v -0.075169 -0.693726 0.185084
v -0.057380 -0.718968 0.187648
v -0.056362 -0.694889 0.188545
v -0.076708 -0.739514 0.183674
v -0.038201 -0.741404 0.189094
v -0.057928 -0.740592 0.186793
v 0.009582 -0.742531 0.188512
v -0.016837 -0.741958 0.190389
v -0.088683 -0.603821 0.181417
v -0.106467 -0.635135 0.176670
v -0.091579 -0.665424 0.181373
v -0.090169 -0.635939 0.181635
v -0.086203 -0.533370 0.182653
v -0.103539 -0.569274 0.176969
v -0.087461 -0.569404 0.181545
v -0.117158 -0.533851 0.172458
v -0.132996 -0.569317 0.166229
v -0.120186 -0.603095 0.171626
v -0.118747 -0.569200 0.171841
v -0.136348 -0.633964 0.165627
v -0.123755 -0.663404 0.171401
v -0.121840 -0.634567 0.171409
v -0.110075 -0.691755 0.176436
v -0.094404 -0.716967 0.180480
v -0.093170 -0.692691 0.181038
v -0.140308 -0.689691 0.165580
v -0.127224 -0.714932 0.170743
v -0.125660 -0.690620 0.171317
v -0.143085 -0.734954 0.164665
v -0.128883 -0.754584 0.169587
v -0.112292 -0.737302 0.175363
v -0.128330 -0.736130 0.170253
v -0.095516 -0.756853 0.179080
v -0.095271 -0.738401 0.179788
v -0.155449 -0.712824 0.158969
v -0.169115 -0.732949 0.151905
v -0.157449 -0.751999 0.157994
v -0.156750 -0.733957 0.158516
v -0.151460 -0.662037 0.159520
v -0.165917 -0.687932 0.152794
v -0.153723 -0.688872 0.159431
v -0.174603 -0.660959 0.145879
v -0.186847 -0.686672 0.138044
v -0.178721 -0.710956 0.145286
v -0.176918 -0.687334 0.145699
v -0.190049 -0.730971 0.137260
v -0.181084 -0.749575 0.144245
v -0.180169 -0.732011 0.144845
v -0.170224 -0.766326 0.150907
v -0.157430 -0.778947 0.156978
v -0.143769 -0.768627 0.163554
v -0.157572 -0.767376 0.157520
v -0.191481 -0.763819 0.136298
v -0.181472 -0.776856 0.143394
v -0.181525 -0.765143 0.143807
v -0.191370 -0.783727 0.135574
v -0.181125 -0.787969 0.142872
v -0.169783 -0.785501 0.150068
v -0.181257 -0.784612 0.143107
v -0.156629 -0.789619 0.156324
v -0.142891 -0.787225 0.162725
v -0.156989 -0.786386 0.156628
v -0.128351 -0.780811 0.168578
v -0.112476 -0.770651 0.174115
v -0.128851 -0.769587 0.169107
v -0.127434 -0.791023 0.168187
v -0.111283 -0.788743 0.173144
v -0.127790 -0.787911 0.168241
v -0.092601 -0.792647 0.177386
v -0.094250 -0.782410 0.177987
v -0.093411 -0.789490 0.177499
v -0.095258 -0.771573 0.178373
v -0.200318 -0.774986 0.128019
v -0.208027 -0.782238 0.119304
v -0.200120 -0.786412 0.127597
v -0.200212 -0.783000 0.127677
v -0.199751 -0.747769 0.128707
v -0.208014 -0.762318 0.119893
v -0.200285 -0.763119 0.128332
v -0.214307 -0.746648 0.111236
v -0.220734 -0.760989 0.101383
v -0.214865 -0.773183 0.110764
v -0.214754 -0.761584 0.111037
v -0.220712 -0.780365 0.101070
v -0.214809 -0.784758 0.110325
v -0.214836 -0.781256 0.110437
v -0.226212 -0.771974 0.090660
v -0.230749 -0.779410 0.079291
v -0.226147 -0.783297 0.090319
v -0.226163 -0.779853 0.090443
v -0.225587 -0.745968 0.091132
v -0.230664 -0.760312 0.079665
v -0.226080 -0.760651 0.090865
v -0.234032 -0.745460 0.068260
v -0.237659 -0.759516 0.055600
v -0.234655 -0.771147 0.067661
v -0.234514 -0.759953 0.067836
v -0.237865 -0.778642 0.055030
v -0.234590 -0.782474 0.067393
v -0.234663 -0.779029 0.067428
v -0.240437 -0.770185 0.042374
v -0.242498 -0.777805 0.028904
v -0.240528 -0.781866 0.042024
v -0.240479 -0.778167 0.042154
v -0.239846 -0.744765 0.043272
v -0.242287 -0.758458 0.029494
v -0.240268 -0.759019 0.042655
v -0.243398 -0.744020 0.016778
v -0.244802 -0.757839 0.002266
v -0.243937 -0.769249 0.015519
v -0.243773 -0.758059 0.016044
v -0.244952 -0.777501 0.001561
v -0.244016 -0.781594 0.015096
v -0.243971 -0.777589 0.015245
v -0.245453 -0.769226 -0.012334
v -0.245315 -0.778173 -0.026704
v -0.245529 -0.781922 -0.012793
v -0.245471 -0.777807 -0.012685
v -0.244901 -0.743847 -0.010760
v -0.245089 -0.757995 -0.025497
v -0.245270 -0.757872 -0.011673
v -0.243758 -0.744257 -0.038068
v -0.242604 -0.758678 -0.052428
v -0.244471 -0.769808 -0.039951
v -0.244213 -0.758307 -0.039169
v -0.242905 -0.779308 -0.054097
v -0.244580 -0.783022 -0.040805
v -0.244480 -0.778738 -0.040640
v -0.240539 -0.770874 -0.066322
v -0.237618 -0.780606 -0.079613
v -0.240615 -0.784364 -0.067421
v -0.240576 -0.779965 -0.067200
v -0.239769 -0.745334 -0.064086
v -0.237183 -0.759825 -0.077665
v -0.240232 -0.759224 -0.065347
v -0.233023 -0.746601 -0.087869
v -0.229301 -0.760747 -0.099867
v -0.233819 -0.771934 -0.090337
v -0.233525 -0.760292 -0.089175
v -0.230002 -0.781453 -0.101908
v -0.234192 -0.785485 -0.091492
v -0.234034 -0.781115 -0.091242
v -0.225124 -0.772431 -0.110685
v -0.220333 -0.781685 -0.120453
v -0.225652 -0.785847 -0.111974
v -0.225416 -0.781631 -0.111667
v -0.224248 -0.747557 -0.108271
v -0.219529 -0.761227 -0.118420
v -0.224679 -0.761031 -0.109597
v -0.213311 -0.748019 -0.125103
v -0.207531 -0.761284 -0.133110
v -0.214337 -0.772431 -0.127274
v -0.213862 -0.761299 -0.126272
v -0.208395 -0.781539 -0.134949
v -0.214938 -0.785694 -0.128606
v -0.214680 -0.781658 -0.128258
v -0.201176 -0.772021 -0.139730
v -0.193935 -0.780820 -0.145230
v -0.201480 -0.785270 -0.140924
v -0.201560 -0.781205 -0.140538
v -0.200117 -0.747985 -0.137983
v -0.193081 -0.760723 -0.143900
v -0.200678 -0.761056 -0.138959
v -0.184115 -0.747271 -0.147423
v -0.175621 -0.759997 -0.151736
v -0.185251 -0.771335 -0.148628
v -0.184735 -0.760327 -0.148096
v -0.176570 -0.780109 -0.152474
v -0.185602 -0.784707 -0.149337
v -0.185588 -0.780443 -0.149091
v -0.166294 -0.770780 -0.155280
v -0.155932 -0.779745 -0.158063
v -0.166778 -0.784302 -0.155514
v -0.166682 -0.779898 -0.155418
v -0.165121 -0.746668 -0.154543
v -0.155023 -0.759625 -0.157864
v -0.165841 -0.759732 -0.154990
v -0.142577 -0.746436 -0.160012
v -0.130547 -0.759635 -0.162524
v -0.143796 -0.770626 -0.160547
v -0.143307 -0.759591 -0.160392
v -0.131438 -0.779624 -0.162736
v -0.144326 -0.784123 -0.160706
v -0.144167 -0.779670 -0.160584
v -0.117443 -0.770747 -0.164666
v -0.103136 -0.779813 -0.166691
v -0.117882 -0.784028 -0.164593
v -0.117752 -0.779658 -0.164787
v -0.116262 -0.746756 -0.164194
v -0.102480 -0.760157 -0.166319
v -0.116996 -0.759816 -0.164501
v -0.086494 -0.747451 -0.167515
v -0.087427 -0.771327 -0.168011
v -0.087117 -0.760558 -0.167837
v -0.087558 -0.784234 -0.167953
v -0.087634 -0.780007 -0.168171
v -0.128927 -0.731835 -0.161942
v -0.114525 -0.715468 -0.163509
v -0.101046 -0.732328 -0.165725
v -0.115412 -0.732098 -0.163941
v -0.127173 -0.697399 -0.161088
v -0.113119 -0.678422 -0.162308
v -0.099500 -0.697656 -0.164785
v -0.113717 -0.697472 -0.163063
v -0.084073 -0.678494 -0.165239
v -0.068829 -0.697928 -0.167109
v -0.085109 -0.715822 -0.166681
v -0.084518 -0.697783 -0.166110
v -0.069859 -0.732972 -0.168345
v -0.085824 -0.732715 -0.167184
v -0.153359 -0.731956 -0.157125
v -0.140624 -0.715382 -0.159347
v -0.141645 -0.731877 -0.159728
v -0.174118 -0.732493 -0.150739
v -0.163217 -0.715664 -0.153649
v -0.164161 -0.732183 -0.154165
v -0.172302 -0.698168 -0.149359
v -0.161464 -0.678771 -0.152248
v -0.151486 -0.697668 -0.156127
v -0.162304 -0.697823 -0.153014
v -0.139012 -0.678410 -0.158180
v -0.139815 -0.697499 -0.158874
v -0.170608 -0.658940 -0.147394
v -0.159386 -0.637173 -0.149938
v -0.149789 -0.658604 -0.154455
v -0.160668 -0.658930 -0.151264
v -0.167717 -0.613607 -0.144148
v -0.155797 -0.588532 -0.146441
v -0.146948 -0.613303 -0.151665
v -0.157779 -0.613577 -0.148264
v -0.133427 -0.587932 -0.152981
v -0.122879 -0.612729 -0.156876
v -0.136872 -0.636604 -0.156031
v -0.135295 -0.613019 -0.154555
v -0.125603 -0.658224 -0.159378
v -0.138096 -0.658447 -0.157161
v -0.182348 -0.716313 -0.146031
v -0.189869 -0.698468 -0.140195
v -0.180683 -0.679150 -0.144082
v -0.181479 -0.698238 -0.145093
v -0.191747 -0.733264 -0.142343
v -0.183293 -0.732856 -0.146787
v -0.206249 -0.733586 -0.130960
v -0.198474 -0.716764 -0.135876
v -0.199322 -0.733444 -0.137057
v -0.204504 -0.698419 -0.128175
v -0.196738 -0.679228 -0.133209
v -0.197563 -0.698498 -0.134563
v -0.188142 -0.659180 -0.137699
v -0.178495 -0.637317 -0.141329
v -0.179765 -0.659065 -0.142872
v -0.202720 -0.658674 -0.125078
v -0.194600 -0.637164 -0.129947
v -0.195750 -0.658896 -0.131734
v -0.200143 -0.613036 -0.121022
v -0.191405 -0.588132 -0.125644
v -0.185423 -0.613745 -0.133992
v -0.193133 -0.613508 -0.127853
v -0.175064 -0.588629 -0.137413
v -0.176930 -0.613870 -0.139408
v -0.196766 -0.560565 -0.116324
v -0.187503 -0.533069 -0.120941
v -0.181762 -0.562017 -0.129699
v -0.189648 -0.561411 -0.123348
v -0.192355 -0.501697 -0.111060
v -0.182392 -0.470596 -0.115343
v -0.177106 -0.503722 -0.125127
v -0.185153 -0.502876 -0.118395
v -0.165571 -0.472271 -0.128220
v -0.158924 -0.504768 -0.136311
v -0.170921 -0.534328 -0.133244
v -0.168440 -0.504413 -0.131053
v -0.163830 -0.562405 -0.140346
v -0.173214 -0.562407 -0.135367
v -0.207860 -0.636172 -0.115681
v -0.212218 -0.611494 -0.105192
v -0.204893 -0.586592 -0.111079
v -0.206558 -0.612331 -0.113450
v -0.209935 -0.678617 -0.119433
v -0.214679 -0.657670 -0.109480
v -0.209027 -0.658232 -0.117667
v -0.220864 -0.677550 -0.102368
v -0.224401 -0.655715 -0.090861
v -0.218708 -0.634486 -0.098444
v -0.219871 -0.656678 -0.100488
v -0.222063 -0.608830 -0.086645
v -0.215908 -0.584303 -0.093859
v -0.217391 -0.610198 -0.096259
v -0.209004 -0.558334 -0.100280
v -0.201270 -0.530975 -0.105923
v -0.203233 -0.559668 -0.108575
v -0.218976 -0.555325 -0.081798
v -0.212405 -0.528000 -0.088480
v -0.214296 -0.556912 -0.091312
v -0.214525 -0.495495 -0.075939
v -0.207148 -0.464849 -0.082125
v -0.204715 -0.499076 -0.094568
v -0.209924 -0.497399 -0.085489
v -0.196085 -0.468138 -0.099889
v -0.198879 -0.500515 -0.103092
v -0.208788 -0.428329 -0.069445
v -0.200732 -0.394285 -0.075654
v -0.199056 -0.432217 -0.087892
v -0.204285 -0.430395 -0.078807
v -0.201012 -0.354543 -0.062782
v -0.191583 -0.318265 -0.067423
v -0.191163 -0.358539 -0.080390
v -0.196366 -0.356770 -0.071848
v -0.180701 -0.322098 -0.083780
v -0.178677 -0.361811 -0.096192
v -0.189653 -0.397700 -0.092840
v -0.185278 -0.360278 -0.088554
v -0.186655 -0.435185 -0.104461
v -0.193203 -0.433786 -0.096449
v -0.221171 -0.524049 -0.068869
v -0.222155 -0.490851 -0.055402
v -0.215789 -0.460588 -0.062499
v -0.218588 -0.493239 -0.065938
v -0.224718 -0.581028 -0.074239
v -0.226826 -0.551154 -0.061070
v -0.223122 -0.553332 -0.071758
v -0.231447 -0.576892 -0.052386
v -0.232436 -0.546230 -0.038462
v -0.227808 -0.519178 -0.047309
v -0.229970 -0.548768 -0.049923
v -0.227578 -0.485279 -0.033195
v -0.222195 -0.455343 -0.041379
v -0.225185 -0.488138 -0.044451
v -0.216323 -0.423439 -0.049293
v -0.209400 -0.389800 -0.056638
v -0.212822 -0.426067 -0.059530
v -0.221672 -0.417696 -0.027809
v -0.215893 -0.384142 -0.036082
v -0.219306 -0.420626 -0.038692
v -0.213685 -0.342999 -0.022608
v -0.206085 -0.307573 -0.029830
v -0.208544 -0.349180 -0.043342
v -0.211440 -0.346247 -0.033151
v -0.199927 -0.313608 -0.049446
v -0.205062 -0.352163 -0.053282
v -0.204001 -0.265517 -0.017730
v -0.197454 -0.230844 -0.026268
v -0.199196 -0.271791 -0.037365
v -0.201885 -0.268794 -0.027675
v -0.193705 -0.192233 -0.015484
v -0.187612 -0.161030 -0.023411
v -0.189762 -0.197677 -0.033961
v -0.192035 -0.194847 -0.024801
v -0.182840 -0.165740 -0.040963
v -0.183624 -0.202101 -0.051269
v -0.192056 -0.236386 -0.044800
v -0.186976 -0.200006 -0.042798
v -0.192202 -0.276904 -0.055568
v -0.195972 -0.274477 -0.046654
v -0.219923 -0.377746 -0.014496
v -0.216214 -0.335812 -0.000941
v -0.209799 -0.300658 -0.009154
v -0.215267 -0.339530 -0.011979
v -0.226214 -0.449357 -0.019107
v -0.224550 -0.411071 -0.005234
v -0.223442 -0.414427 -0.016631
v -0.227703 -0.442664 0.004191
v -0.224696 -0.403759 0.017710
v -0.221311 -0.370483 0.008066
v -0.224974 -0.407546 0.006182
v -0.215966 -0.327807 0.021282
v -0.210976 -0.292931 0.012206
v -0.216478 -0.331921 0.010177
v -0.206356 -0.258439 0.002709
v -0.200466 -0.224525 -0.006706
v -0.205529 -0.262116 -0.007602
v -0.205968 -0.250278 0.024042
v -0.200963 -0.217207 0.013692
v -0.206517 -0.254509 0.013315
v -0.194831 -0.177996 0.024307
v -0.190776 -0.148584 0.014527
v -0.195366 -0.185799 0.003905
v -0.195366 -0.181746 0.014178
v -0.190238 -0.155766 -0.005027
v -0.194789 -0.189227 -0.005881
v -0.186030 -0.115127 0.024602
v -0.182716 -0.091969 0.014632
v -0.186335 -0.122521 0.004964
v -0.186456 -0.119037 0.014641
v -0.179766 -0.064093 0.023804
v -0.178402 -0.045071 0.013120
v -0.179612 -0.070289 0.004695
v -0.179923 -0.067297 0.014074
v -0.176965 -0.050340 -0.004975
v -0.177788 -0.075159 -0.013087
v -0.182102 -0.098156 -0.004255
v -0.178909 -0.072922 -0.004430
v -0.184623 -0.128373 -0.013567
v -0.185712 -0.125605 -0.004375
v -0.198952 -0.208716 0.034831
v -0.191970 -0.168558 0.045362
v -0.189197 -0.140486 0.034931
v -0.193668 -0.173310 0.034854
v -0.209459 -0.284131 0.034019
v -0.202718 -0.240783 0.045692
v -0.204701 -0.245664 0.034759
v -0.205033 -0.274193 0.055989
v -0.196857 -0.230788 0.066925
v -0.194573 -0.198848 0.056170
v -0.200128 -0.235814 0.056361
v -0.186984 -0.158564 0.066454
v -0.185439 -0.131312 0.055874
v -0.189774 -0.163629 0.055884
v -0.183653 -0.106820 0.045253
v -0.181463 -0.084505 0.034684
v -0.185167 -0.111327 0.034772
v -0.178959 -0.097568 0.066283
v -0.178419 -0.075974 0.055420
v -0.181605 -0.102203 0.055737
v -0.174418 -0.047651 0.065060
v -0.175817 -0.030365 0.053096
v -0.178032 -0.056249 0.044185
v -0.176472 -0.051998 0.054529
v -0.178085 -0.038449 0.032551
v -0.179157 -0.060324 0.033803
v -0.174609 -0.006706 0.061456
v -0.177335 0.005488 0.048685
v -0.177403 -0.015547 0.040936
v -0.176224 -0.011211 0.051175
v -0.177687 0.024435 0.056282
v -0.180932 0.032458 0.043064
v -0.179770 0.015855 0.035984
v -0.178958 0.019890 0.046022
v -0.182032 0.024898 0.023656
v -0.180203 0.008818 0.016480
v -0.178888 -0.002465 0.028494
v -0.180179 0.012181 0.026075
v -0.178468 -0.022946 0.020857
v -0.178197 -0.019376 0.030779
v -0.173501 -0.066720 0.076555
v -0.168724 -0.037507 0.085841
v -0.171610 -0.020893 0.073958
v -0.171822 -0.042618 0.075562
v -0.179508 -0.121531 0.076698
v -0.172334 -0.088244 0.087094
v -0.175847 -0.092788 0.076743
v -0.170999 -0.111727 0.096932
v -0.163508 -0.078165 0.107173
v -0.166319 -0.056619 0.097185
v -0.168185 -0.083264 0.097216
v -0.160663 -0.026738 0.105377
v -0.165196 -0.010426 0.093964
v -0.164994 -0.032147 0.095919
v -0.169735 0.003387 0.081817
v -0.173872 0.014954 0.069187
v -0.172450 -0.001848 0.071808
v -0.167857 0.025865 0.088408
v -0.166390 0.008922 0.091413
v -0.171964 0.053258 0.081668
v -0.173083 0.034790 0.076032
v -0.169794 0.040635 0.085074
v -0.177724 0.041937 0.063256
v -0.175700 0.029409 0.066438
v -0.179533 -0.148519 0.087107
v -0.178756 -0.178156 0.097396
v -0.169515 -0.138196 0.106772
v -0.174921 -0.143306 0.097038
v -0.187863 -0.188467 0.077155
v -0.183622 -0.153730 0.076871
v -0.197859 -0.263879 0.077294
v -0.188498 -0.220485 0.087808
v -0.192982 -0.225717 0.077545
v -0.188113 -0.253495 0.098048
v -0.177575 -0.209993 0.107876
v -0.183377 -0.215154 0.098042
v -0.167164 -0.167790 0.116495
v -0.156633 -0.128081 0.125052
v -0.160049 -0.101612 0.116130
v -0.163447 -0.132921 0.116052
v -0.175711 -0.243652 0.117550
v -0.163941 -0.200136 0.126381
v -0.171065 -0.204954 0.117332
v -0.160565 -0.234657 0.135843
v -0.147651 -0.190880 0.143590
v -0.152614 -0.157914 0.134211
v -0.156092 -0.195453 0.135194
v -0.140885 -0.118487 0.141573
v -0.146797 -0.092055 0.134229
v -0.149039 -0.123181 0.133576
v -0.152217 -0.068135 0.125927
v -0.156457 -0.046197 0.116123
v -0.158233 -0.073299 0.116884
v -0.144170 -0.035373 0.132753
v -0.145432 -0.062895 0.134222
v -0.150266 -0.015693 0.122720
v -0.144215 -0.010205 0.130664
v -0.155751 -0.021409 0.114270
v -0.172829 -0.279109 0.126472
v -0.169374 -0.315211 0.134984
v -0.156089 -0.270979 0.144249
v -0.164804 -0.274833 0.135531
v -0.186756 -0.288270 0.107464
v -0.185001 -0.323744 0.116569
v -0.180128 -0.283518 0.117156
v -0.196487 -0.368477 0.105689
v -0.193531 -0.402936 0.114486
v -0.182402 -0.359892 0.125090
v -0.189821 -0.364134 0.115515
v -0.178196 -0.395548 0.133165
v -0.165471 -0.352188 0.143035
v -0.174338 -0.355929 0.134225
v -0.151045 -0.307462 0.152116
v -0.136236 -0.263180 0.160780
v -0.142333 -0.226226 0.152856
v -0.146569 -0.266835 0.152760
v -0.159577 -0.388825 0.150594
v -0.145221 -0.345022 0.159723
v -0.155787 -0.348426 0.151561
v -0.137488 -0.382945 0.166436
v -0.121426 -0.338807 0.174506
v -0.129446 -0.300690 0.167748
v -0.133708 -0.341679 0.167418
v -0.113368 -0.256442 0.175184
v -0.121314 -0.218479 0.167811
v -0.125180 -0.259743 0.168266
v -0.128507 -0.182532 0.159073
v -0.135126 -0.148865 0.150190
v -0.138482 -0.186667 0.151616
v -0.106674 -0.174717 0.172113
v -0.114832 -0.140604 0.163680
v -0.117914 -0.178522 0.165886
v -0.102301 -0.102144 0.168152
v -0.122744 -0.110177 0.156011
v -0.112814 -0.106125 0.162379
v -0.132131 -0.114293 0.149022
v -0.104339 -0.294541 0.181247
v -0.087764 -0.250315 0.187020
v -0.097587 -0.211568 0.180398
v -0.100868 -0.253335 0.181460
v -0.111549 -0.377904 0.180505
v -0.094160 -0.333574 0.186977
v -0.108187 -0.336128 0.181056
v -0.082036 -0.373771 0.192146
v -0.076419 -0.289621 0.191661
v -0.079419 -0.331481 0.192149
v -0.071041 -0.206143 0.190399
v -0.073553 -0.247940 0.191831
v -0.082310 -0.168017 0.182638
v -0.092295 -0.133059 0.174632
v -0.094775 -0.171139 0.177715
v -0.067100 -0.126827 0.183361
v -0.069087 -0.165312 0.187015
v -0.079072 -0.094659 0.178084
v -0.066206 -0.091499 0.182176
v -0.091019 -0.098223 0.173367
v -0.151520 -0.424974 0.157528
v -0.141548 -0.461206 0.163333
v -0.127224 -0.420546 0.172186
v -0.139906 -0.422630 0.165063
v -0.172183 -0.430347 0.140785
v -0.164143 -0.465038 0.147876
v -0.162328 -0.427631 0.149305
v -0.175940 -0.502974 0.138445
v -0.167857 -0.536660 0.146082
v -0.154868 -0.500013 0.154048
v -0.165768 -0.501386 0.146536
v -0.144492 -0.534881 0.160250
v -0.129939 -0.497835 0.168029
v -0.142926 -0.498822 0.161285
v -0.114873 -0.458067 0.176718
v -0.099044 -0.416765 0.184798
v -0.113556 -0.418518 0.178779
v -0.100953 -0.495929 0.179997
v -0.115934 -0.496810 0.174367
v -0.084649 -0.455546 0.187748
v -0.085185 -0.495294 0.184938
v -0.083831 -0.415300 0.190298
v -0.182989 -0.469515 0.130874
v -0.193561 -0.507052 0.121054
v -0.187591 -0.539505 0.129702
v -0.185137 -0.504931 0.129964
v -0.188993 -0.436374 0.122773
v -0.181005 -0.433323 0.131993
v -0.202741 -0.442968 0.103391
v -0.198580 -0.474642 0.112424
v -0.196227 -0.439625 0.113183
v -0.207914 -0.511752 0.101887
v -0.203547 -0.542981 0.111377
v -0.201119 -0.509329 0.111781
v -0.197547 -0.573659 0.120557
v -0.190815 -0.603775 0.129409
v -0.179924 -0.571448 0.137881
v -0.189199 -0.572394 0.129512
v -0.211676 -0.576451 0.101332
v -0.206440 -0.605496 0.111049
v -0.205025 -0.574993 0.111113
v -0.214220 -0.634848 0.101400
v -0.209030 -0.660836 0.111663
v -0.200490 -0.633659 0.120654
v -0.207789 -0.634296 0.111238
v -0.193763 -0.660631 0.129962
v -0.182972 -0.633016 0.138004
v -0.192181 -0.633214 0.129676
v -0.171425 -0.602936 0.145540
v -0.158476 -0.570044 0.153150
v -0.169714 -0.570604 0.145766
v -0.161836 -0.633223 0.152777
v -0.173021 -0.633054 0.145537
v -0.147946 -0.602801 0.159567
v -0.149621 -0.633459 0.159394
v -0.146248 -0.569642 0.159961
v -0.218728 -0.607840 0.090868
v -0.224702 -0.636788 0.080091
v -0.221007 -0.661601 0.091202
v -0.219856 -0.635823 0.090989
v -0.216184 -0.547143 0.091243
v -0.222594 -0.580154 0.080167
v -0.217539 -0.578305 0.090983
v -0.225738 -0.551912 0.069353
v -0.230544 -0.584221 0.057295
v -0.227995 -0.610824 0.068652
v -0.226922 -0.582060 0.068964
v -0.232370 -0.639076 0.056779
v -0.229902 -0.662954 0.068837
v -0.228879 -0.637957 0.068614
v -0.227065 -0.686526 0.080327
v -0.223680 -0.708750 0.091334
v -0.217013 -0.686392 0.101780
v -0.222427 -0.686376 0.091336
v -0.234391 -0.687344 0.056823
v -0.232239 -0.708867 0.068623
v -0.231013 -0.686930 0.068854
v -0.236530 -0.728601 0.056254
v -0.229417 -0.728792 0.080081
v -0.233303 -0.728649 0.068468
v -0.219500 -0.729176 0.101748
v -0.224878 -0.728887 0.091159
v -0.212228 -0.709006 0.111675
v -0.203781 -0.686220 0.121002
v -0.210852 -0.686232 0.111612
v -0.206667 -0.729942 0.120566
v -0.213536 -0.729483 0.111371
v -0.197437 -0.709665 0.129590
v -0.198862 -0.730356 0.129157
v -0.195806 -0.686360 0.129789
v -0.234424 -0.614120 0.044841
v -0.237480 -0.641429 0.032081
v -0.236163 -0.664516 0.044560
v -0.235208 -0.640199 0.044628
v -0.232404 -0.556911 0.045944
v -0.235802 -0.588508 0.032846
v -0.233517 -0.586345 0.045220
v -0.236349 -0.562224 0.021229
v -0.238399 -0.592698 0.007664
v -0.238271 -0.617635 0.019653
v -0.237438 -0.590658 0.020253
v -0.240197 -0.644010 0.006032
v -0.240073 -0.666402 0.018625
v -0.239138 -0.642833 0.019219
v -0.239343 -0.688239 0.031576
v -0.238193 -0.709027 0.044065
v -0.237174 -0.687778 0.044350
v -0.242052 -0.689256 0.004992
v -0.241925 -0.709456 0.017790
v -0.240998 -0.688766 0.018297
v -0.243777 -0.728046 0.003772
v -0.241237 -0.728169 0.030643
v -0.242796 -0.728068 0.017265
v -0.239179 -0.728361 0.043573
v -0.239603 -0.621079 -0.006125
v -0.240302 -0.646926 -0.020076
v -0.241588 -0.668246 -0.007877
v -0.240590 -0.645485 -0.006960
v -0.237503 -0.567262 -0.003969
v -0.238210 -0.597114 -0.017873
v -0.238674 -0.594969 -0.005073
v -0.235840 -0.572157 -0.028742
v -0.235276 -0.601364 -0.042577
v -0.238194 -0.624794 -0.031695
v -0.237046 -0.599391 -0.030433
v -0.237649 -0.650008 -0.045489
v -0.240383 -0.670485 -0.034253
v -0.239323 -0.648390 -0.032918
v -0.242326 -0.690811 -0.021838
v -0.243369 -0.709990 -0.009069
v -0.242484 -0.689884 -0.008441
v -0.239797 -0.692580 -0.047946
v -0.242289 -0.711293 -0.036127
v -0.241409 -0.691738 -0.035125
v -0.241468 -0.729385 -0.050225
v -0.243999 -0.728588 -0.023647
v -0.243081 -0.729004 -0.037124
v -0.244211 -0.728181 -0.009937
v -0.234114 -0.628384 -0.055995
v -0.232204 -0.653126 -0.069347
v -0.236427 -0.673092 -0.059188
v -0.235288 -0.651579 -0.057596
v -0.229736 -0.605483 -0.065729
v -0.232888 -0.603428 -0.054265
v -0.227392 -0.631762 -0.078506
v -0.226122 -0.607288 -0.076494
v -0.229680 -0.675566 -0.082214
v -0.228615 -0.654478 -0.080364
v -0.234295 -0.694804 -0.072472
v -0.238279 -0.713020 -0.061772
v -0.237433 -0.693690 -0.060444
v -0.226505 -0.696676 -0.094141
v -0.231480 -0.714694 -0.085174
v -0.230615 -0.695887 -0.083707
v -0.228097 -0.732286 -0.097191
v -0.235956 -0.730956 -0.075155
v -0.232280 -0.731760 -0.086581
v -0.239075 -0.730222 -0.062989
v -0.235577 -0.534996 0.010259
v -0.233475 -0.507509 -0.000264
v -0.235396 -0.540896 -0.014521
v -0.235850 -0.538096 -0.002164
v -0.230328 -0.472237 0.013900
v -0.230314 -0.479152 -0.010074
v -0.230703 -0.475837 0.001867
v -0.232008 -0.513645 -0.024211
v -0.229242 -0.482328 -0.021803
v -0.234247 -0.543682 -0.026602
v -0.232914 -0.529015 0.034751
v -0.232141 -0.500860 0.024108
v -0.234602 -0.532159 0.022512
v -0.227419 -0.523144 0.058497
v -0.227948 -0.493992 0.047991
v -0.230503 -0.525947 0.046850
v -0.221948 -0.457763 0.060574
v -0.222422 -0.427577 0.050597
v -0.227524 -0.465112 0.037574
v -0.225064 -0.461354 0.049274
v -0.226490 -0.435501 0.027435
v -0.229299 -0.468748 0.025880
v -0.216348 -0.386847 0.063145
v -0.215483 -0.353221 0.053380
v -0.222009 -0.395728 0.040602
v -0.219550 -0.391405 0.051975
v -0.206813 -0.308525 0.065925
v -0.212835 -0.318680 0.043758
v -0.210200 -0.313772 0.054794
v -0.219822 -0.362356 0.030810
v -0.214800 -0.323327 0.032592
v -0.223699 -0.399898 0.029130
v -0.221035 -0.487189 0.070849
v -0.213690 -0.450200 0.082612
v -0.215640 -0.419368 0.072922
v -0.218153 -0.453880 0.071810
v -0.219131 -0.517251 0.081016
v -0.223609 -0.520022 0.070006
v -0.211237 -0.480572 0.092421
v -0.213877 -0.514415 0.091668
v -0.206009 -0.410954 0.094331
v -0.208612 -0.446608 0.093120
v -0.207798 -0.377614 0.084966
v -0.208177 -0.343215 0.075622
v -0.212409 -0.382200 0.074266
v -0.198034 -0.333266 0.096733
v -0.202474 -0.373038 0.095438
v -0.198056 -0.298361 0.087154
v -0.192729 -0.293183 0.097481
v -0.202745 -0.303495 0.076667
v -0.183934 0.033119 0.012195
v -0.185427 0.040605 0.001704
v -0.182402 0.028420 -0.005297
v -0.181306 0.019067 0.005224
v -0.183307 0.030494 0.003373
v -0.188179 0.051970 0.008554
v -0.189484 0.057703 -0.001154
v -0.186490 0.047777 -0.008109
v -0.187432 0.049627 0.000216
v -0.187237 0.054983 -0.017240
v -0.183867 0.045793 -0.024499
v -0.183312 0.037241 -0.015172
v -0.185206 0.046515 -0.016325
v -0.179633 0.025596 -0.022058
v -0.179195 0.015059 -0.012063
v -0.181158 0.026801 -0.013757
v -0.178950 0.003703 -0.001675
v -0.178737 -0.008682 0.009309
v -0.179799 0.006071 0.007209
v -0.176134 0.000355 -0.018668
v -0.176932 -0.013289 -0.008437
v -0.177717 0.001765 -0.010263
v -0.175443 -0.032429 -0.015085
v -0.177742 -0.028404 0.002162
v -0.176790 -0.030671 -0.006571
v -0.178331 -0.025772 0.011406
v -0.183796 0.039620 0.030590
v -0.186342 0.045981 0.019157
v -0.184021 0.036143 0.021259
v -0.181984 0.047877 0.049977
v -0.185326 0.053306 0.037470
v -0.183118 0.043567 0.040165
v -0.186822 0.066205 0.043764
v -0.190866 0.069618 0.032211
v -0.187965 0.058094 0.026064
v -0.187553 0.061898 0.034836
v -0.190675 0.062591 0.015370
v -0.188195 0.054767 0.017258
v -0.193341 0.080829 0.037448
v -0.196396 0.082820 0.026175
v -0.194012 0.072784 0.021237
v -0.193870 0.076530 0.029303
v -0.198053 0.092823 0.030389
v -0.200460 0.093835 0.019562
v -0.198826 0.084844 0.015619
v -0.198486 0.088531 0.022913
v -0.200807 0.087127 0.005697
v -0.198849 0.079478 0.000993
v -0.196692 0.076031 0.010869
v -0.199010 0.081860 0.008366
v -0.193049 0.066904 0.005227
v -0.193707 0.069561 0.013211
v -0.182420 0.062455 0.056132
v -0.184083 0.076353 0.061507
v -0.189168 0.078788 0.049105
v -0.185747 0.071024 0.052731
v -0.177603 0.058137 0.069350
v -0.180079 0.052751 0.059966
v -0.178122 0.073622 0.074188
v -0.174700 0.064069 0.078034
v -0.184948 0.090234 0.065014
v -0.181642 0.082316 0.069694
v -0.190506 0.091181 0.053298
v -0.194787 0.092006 0.041692
v -0.192216 0.085671 0.045452
v -0.191038 0.103735 0.055800
v -0.188102 0.097288 0.060392
v -0.196105 0.114792 0.046442
v -0.195686 0.103389 0.044387
v -0.193652 0.109526 0.050987
v -0.199098 0.103179 0.033263
v -0.197062 0.097792 0.037356
v -0.202492 0.089557 -0.003309
v -0.203750 0.092325 -0.012008
v -0.201234 0.086996 -0.017595
v -0.200101 0.083087 -0.008651
v -0.201932 0.087960 -0.010404
v -0.205756 0.097612 -0.006838
v -0.206467 0.099557 -0.014687
v -0.204685 0.095356 -0.020209
v -0.205164 0.096178 -0.013537
v -0.205236 0.098692 -0.027831
v -0.203310 0.095742 -0.033730
v -0.202313 0.091271 -0.026035
v -0.203920 0.095241 -0.027034
v -0.199523 0.087079 -0.031845
v -0.198527 0.081660 -0.023401
v -0.200468 0.086684 -0.024693
v -0.197390 0.076529 -0.014188
v -0.195451 0.071619 -0.004611
v -0.198200 0.077687 -0.006609
v -0.195251 0.076089 -0.029303
v -0.193434 0.069567 -0.020087
v -0.196366 0.075989 -0.021817
v -0.188770 0.062239 -0.026409
v -0.191306 0.063411 -0.010644
v -0.190110 0.062516 -0.018535
v -0.192295 0.064877 -0.002732
v -0.202464 0.094871 0.010002
v -0.204194 0.096119 0.001261
v -0.202638 0.091842 0.003529
v -0.201901 0.102737 0.023538
v -0.203805 0.102701 0.014062
v -0.202252 0.098547 0.016738
v -0.205608 0.110382 0.018601
v -0.207016 0.109838 0.010270
v -0.205595 0.102781 0.005751
v -0.205437 0.106352 0.012009
v -0.207024 0.103245 -0.001985
v -0.205684 0.099858 -0.000550
v -0.209459 0.116160 0.015259
v -0.210981 0.114820 0.007846
v -0.208962 0.108916 0.003077
v -0.209067 0.112424 0.009042
v -0.213657 0.120129 0.012878
v -0.215020 0.118954 0.005639
v -0.212538 0.113769 0.000950
v -0.212937 0.116975 0.006683
v -0.214544 0.112511 -0.005354
v -0.212527 0.108111 -0.010386
v -0.210645 0.108457 -0.003760
v -0.212457 0.110666 -0.004619
v -0.208976 0.103610 -0.008909
v -0.208936 0.105947 -0.002924
v -0.202877 0.111892 0.026944
v -0.204409 0.120925 0.030617
v -0.206987 0.118852 0.022388
v -0.204955 0.115477 0.024671
v -0.199833 0.113309 0.036153
v -0.201029 0.107707 0.029848
v -0.201157 0.123402 0.039392
v -0.198574 0.119366 0.042565
v -0.206563 0.129783 0.034082
v -0.203847 0.126777 0.036546
v -0.209191 0.126619 0.026505
v -0.211346 0.123582 0.019209
v -0.209245 0.121256 0.020847
v -0.211783 0.134019 0.030411
v -0.209224 0.131988 0.032225
v -0.216670 0.137492 0.027486
v -0.213837 0.130692 0.023281
v -0.214326 0.135804 0.028980
v -0.215655 0.127448 0.016539
v -0.213596 0.125410 0.017945
v -0.216590 0.111763 -0.011674
v -0.218298 0.112489 -0.018268
v -0.215475 0.110156 -0.023739
v -0.213658 0.109154 -0.017231
v -0.215977 0.110704 -0.017698
v -0.221786 0.114588 -0.012850
v -0.224062 0.115529 -0.019605
v -0.220674 0.113271 -0.024670
v -0.221155 0.113787 -0.018774
v -0.223668 0.114392 -0.031103
v -0.220200 0.113532 -0.036549
v -0.217690 0.111531 -0.030149
v -0.220332 0.113201 -0.030615
v -0.214716 0.110592 -0.035899
v -0.212829 0.108317 -0.029437
v -0.215199 0.109906 -0.029770
v -0.211331 0.106305 -0.022759
v -0.209987 0.104844 -0.015980
v -0.211910 0.106954 -0.016531
v -0.210481 0.106754 -0.035338
v -0.208892 0.104061 -0.028643
v -0.210865 0.106234 -0.029031
v -0.206510 0.102124 -0.034730
v -0.207704 0.101605 -0.021791
v -0.207173 0.101504 -0.028233
v -0.208329 0.102304 -0.015352
v -0.216767 0.117471 -0.000751
v -0.219089 0.115733 -0.006793
v -0.216705 0.114157 -0.006071
v -0.217819 0.123744 0.010601
v -0.219498 0.122312 0.003818
v -0.217205 0.120594 0.004777
v -0.222841 0.126489 0.008717
v -0.225287 0.124876 0.002215
v -0.221785 0.120646 -0.002389
v -0.222153 0.123663 0.002968
v -0.224762 0.118643 -0.008367
v -0.221668 0.117362 -0.007604
v -0.216099 0.114286 -0.042516
v -0.212267 0.115554 -0.048638
v -0.211164 0.110816 -0.042086
v -0.213497 0.112628 -0.042272
v -0.222266 0.117457 -0.043294
v -0.217920 0.119023 -0.049087
v -0.219041 0.115823 -0.042838
v -0.220414 0.123710 -0.055458
v -0.213896 0.120508 -0.054993
v -0.216940 0.122267 -0.055172
v -0.208655 0.116959 -0.054871
v -0.211152 0.118828 -0.054885
v -0.207652 0.111292 -0.048385
v -0.206899 0.106393 -0.041708
v -0.209014 0.108670 -0.041870
v -0.205089 0.117742 -0.060973
v -0.204012 0.112115 -0.054782
v -0.206240 0.114646 -0.054831
v -0.200411 0.112765 -0.061213
v -0.199707 0.106291 -0.054845
v -0.203437 0.106217 -0.048135
v -0.201807 0.109427 -0.054789
v -0.203020 0.100793 -0.041301
v -0.205078 0.103724 -0.041472
v -0.200706 0.120784 -0.067424
v -0.196210 0.123715 -0.073961
v -0.195742 0.114894 -0.067953
v -0.198213 0.117971 -0.067625
v -0.201539 0.128958 -0.073313
v -0.203249 0.123315 -0.067265
v -0.196941 0.132211 -0.079355
v -0.199783 0.134598 -0.078897
v -0.191198 0.126632 -0.080473
v -0.194062 0.129733 -0.079869
v -0.190823 0.116215 -0.074768
v -0.191294 0.106013 -0.068615
v -0.196238 0.105770 -0.061486
v -0.193426 0.110615 -0.068194
v -0.184966 0.129280 -0.086967
v -0.184988 0.117617 -0.081739
v -0.188074 0.122277 -0.081043
v -0.178127 0.119006 -0.088862
v -0.179227 0.105602 -0.083150
v -0.185711 0.106028 -0.075923
v -0.182015 0.112128 -0.082516
v -0.186696 0.094535 -0.068808
v -0.192273 0.096255 -0.061470
v -0.189071 0.100733 -0.068923
v -0.196200 0.097915 -0.054723
v -0.199781 0.099357 -0.047879
v -0.197981 0.102306 -0.054772
v -0.191865 0.087099 -0.053884
v -0.196218 0.090171 -0.047074
v -0.194265 0.092897 -0.054449
v -0.195848 0.082822 -0.038441
v -0.200089 0.093015 -0.040281
v -0.198049 0.088270 -0.039429
v -0.201633 0.097130 -0.040904
v -0.180224 0.092263 -0.075854
v -0.181161 0.079613 -0.067341
v -0.187223 0.083518 -0.060364
v -0.183986 0.087385 -0.068154
v -0.171790 0.104520 -0.089928
v -0.172978 0.089347 -0.082612
v -0.176283 0.097968 -0.083081
v -0.164878 0.085611 -0.088960
v -0.166038 0.069681 -0.080033
v -0.174267 0.075122 -0.074062
v -0.169791 0.079972 -0.081792
v -0.173931 0.061579 -0.064394
v -0.181035 0.067867 -0.057930
v -0.178096 0.071129 -0.066006
v -0.186903 0.073458 -0.051681
v -0.191731 0.078343 -0.045014
v -0.189511 0.080601 -0.052863
v -0.179702 0.056706 -0.048666
v -0.185470 0.063707 -0.042164
v -0.183588 0.065535 -0.050171
v -0.183976 0.054579 -0.033087
v -0.190746 0.070146 -0.035692
v -0.187189 0.062626 -0.034236
v -0.193664 0.076849 -0.037134
v -0.165930 0.054345 -0.070404
v -0.167176 0.040141 -0.062037
v -0.173478 0.048791 -0.055406
v -0.169969 0.051218 -0.062923
v -0.156473 0.062740 -0.085005
v -0.157703 0.046002 -0.076173
v -0.161422 0.058264 -0.077809
v -0.150333 0.036095 -0.082045
v -0.154510 0.018362 -0.073672
v -0.160785 0.030137 -0.068108
v -0.155735 0.032817 -0.075125
v -0.163761 0.014519 -0.059413
v -0.169199 0.026310 -0.053580
v -0.165327 0.027969 -0.061019
v -0.174285 0.036877 -0.046941
v -0.179086 0.046078 -0.039931
v -0.176450 0.047138 -0.047654
v -0.170654 0.012708 -0.044390
v -0.175266 0.024909 -0.038133
v -0.172445 0.025406 -0.045940
v -0.175682 0.012926 -0.028555
v -0.179596 0.035952 -0.031368
v -0.177584 0.025061 -0.030125
v -0.181592 0.045634 -0.032282
v -0.158422 0.000795 -0.064607
v -0.162272 -0.017004 -0.055404
v -0.166283 -0.001250 -0.050018
v -0.162610 -0.000410 -0.057473
v -0.148144 0.004511 -0.078325
v -0.153402 -0.015123 -0.069401
v -0.153657 0.002332 -0.071588
v -0.148596 -0.033893 -0.073726
v -0.154291 -0.056821 -0.065787
v -0.158499 -0.035389 -0.060454
v -0.153856 -0.034845 -0.067255
v -0.162856 -0.056907 -0.052088
v -0.166002 -0.036041 -0.046255
v -0.162532 -0.035885 -0.053483
v -0.168854 -0.017482 -0.040616
v -0.171968 -0.001296 -0.034704
v -0.169317 -0.001519 -0.042486
v -0.169255 -0.056074 -0.037397
v -0.171529 -0.034885 -0.031135
v -0.168972 -0.035605 -0.038814
v -0.173892 -0.053825 -0.021728
v -0.173639 -0.016298 -0.024964
v -0.173691 -0.033768 -0.023140
v -0.174216 -0.000757 -0.026756
v -0.161352 -0.081640 -0.059534
v -0.168335 -0.108139 -0.053437
v -0.168830 -0.080725 -0.045146
v -0.165347 -0.081320 -0.052510
v -0.151417 -0.081313 -0.072729
v -0.159497 -0.109387 -0.067564
v -0.156699 -0.081473 -0.066274
v -0.157502 -0.139911 -0.076459
v -0.166637 -0.171812 -0.072099
v -0.167662 -0.138858 -0.062565
v -0.162925 -0.139404 -0.069675
v -0.175923 -0.169327 -0.057149
v -0.175438 -0.136339 -0.047261
v -0.171849 -0.137771 -0.055122
v -0.174917 -0.106126 -0.038220
v -0.174220 -0.078603 -0.029757
v -0.171774 -0.079777 -0.037547
v -0.180970 -0.132799 -0.030993
v -0.178473 -0.134605 -0.039253
v -0.179473 -0.102486 -0.021723
v -0.183059 -0.130686 -0.022403
v -0.176241 -0.077071 -0.021557
v -0.148190 -0.109031 -0.080330
v -0.144780 -0.139580 -0.088771
v -0.154730 -0.173021 -0.085623
v -0.151472 -0.139873 -0.082818
v -0.143133 -0.055040 -0.078192
v -0.138856 -0.079946 -0.084537
v -0.145489 -0.080807 -0.078785
v -0.129510 -0.052306 -0.089088
v -0.123947 -0.077100 -0.094418
v -0.134414 -0.107547 -0.091501
v -0.131743 -0.078646 -0.089677
v -0.129478 -0.138466 -0.099173
v -0.140351 -0.172801 -0.097117
v -0.137430 -0.139330 -0.094307
v -0.150403 -0.209069 -0.094443
v -0.161210 -0.246309 -0.091368
v -0.164072 -0.208171 -0.081740
v -0.157520 -0.208668 -0.088359
v -0.134412 -0.209232 -0.104756
v -0.145742 -0.247198 -0.103018
v -0.142712 -0.209098 -0.099907
v -0.139630 -0.287179 -0.110701
v -0.150935 -0.326438 -0.109833
v -0.156478 -0.286395 -0.100415
v -0.148335 -0.286957 -0.105944
v -0.167177 -0.324501 -0.097939
v -0.171056 -0.284545 -0.087415
v -0.164097 -0.285483 -0.094165
v -0.174075 -0.243993 -0.077538
v -0.175073 -0.205510 -0.067234
v -0.169850 -0.207135 -0.074773
v -0.182897 -0.281057 -0.072351
v -0.177262 -0.283083 -0.080183
v -0.184327 -0.240672 -0.061929
v -0.187851 -0.279166 -0.064198
v -0.179671 -0.203947 -0.059412
v -0.127916 -0.247588 -0.111835
v -0.120411 -0.287423 -0.117947
v -0.132460 -0.326994 -0.118614
v -0.130278 -0.287414 -0.114722
v -0.123514 -0.171836 -0.106171
v -0.116047 -0.208803 -0.112172
v -0.125497 -0.208876 -0.108777
v -0.104325 -0.170608 -0.112567
v -0.095464 -0.207664 -0.117193
v -0.107878 -0.247493 -0.117817
v -0.105964 -0.208343 -0.114927
v -0.099017 -0.286907 -0.122688
v -0.111886 -0.326704 -0.124440
v -0.109937 -0.287254 -0.120558
v -0.125512 -0.365631 -0.127574
v -0.139582 -0.402733 -0.129650
v -0.145591 -0.365407 -0.120115
v -0.135854 -0.365478 -0.124188
v -0.103362 -0.365143 -0.132468
v -0.117952 -0.402756 -0.136079
v -0.114715 -0.365284 -0.130283
v -0.109213 -0.438183 -0.143331
v -0.123813 -0.472604 -0.144988
v -0.132329 -0.438781 -0.138011
v -0.121000 -0.438629 -0.140987
v -0.146047 -0.472950 -0.138066
v -0.153079 -0.438724 -0.129928
v -0.143041 -0.438812 -0.134345
v -0.158899 -0.402019 -0.120305
v -0.163370 -0.364061 -0.109557
v -0.154748 -0.364819 -0.115210
v -0.171342 -0.437326 -0.118647
v -0.162509 -0.438103 -0.124677
v -0.175698 -0.400414 -0.107938
v -0.179391 -0.436332 -0.111851
v -0.171396 -0.363057 -0.103162
v -0.094180 -0.402011 -0.140055
v -0.083989 -0.437634 -0.146477
v -0.099225 -0.471903 -0.149335
v -0.096871 -0.437966 -0.145172
v -0.089235 -0.326198 -0.128268
v -0.079290 -0.364263 -0.135486
v -0.091549 -0.364626 -0.134157
v -0.064944 -0.324899 -0.130507
v -0.053611 -0.363448 -0.137026
v -0.068650 -0.401373 -0.142263
v -0.066632 -0.363806 -0.136428
v -0.057134 -0.437161 -0.148023
v -0.072586 -0.471167 -0.151777
v -0.070735 -0.437337 -0.147430
v -0.088151 -0.503017 -0.153612
v -0.103729 -0.532994 -0.153994
v -0.114194 -0.503984 -0.150171
v -0.101512 -0.503487 -0.152127
v -0.060157 -0.502147 -0.155559
v -0.076204 -0.532035 -0.156718
v -0.074455 -0.502629 -0.154772
v -0.063084 -0.559410 -0.159393
v -0.079658 -0.586234 -0.160028
v -0.092113 -0.560344 -0.157343
v -0.077894 -0.559889 -0.158549
v -0.107907 -0.587075 -0.157268
v -0.118928 -0.561415 -0.153836
v -0.105863 -0.560851 -0.155779
v -0.128951 -0.533955 -0.149615
v -0.137867 -0.504676 -0.144598
v -0.126402 -0.504361 -0.147711
v -0.142893 -0.562119 -0.148320
v -0.131304 -0.561781 -0.151378
v -0.151360 -0.534565 -0.142794
v -0.153757 -0.562426 -0.144670
v -0.148741 -0.504859 -0.140803
v -0.046771 -0.531392 -0.158359
v -0.031957 -0.559078 -0.160454
v -0.049126 -0.585863 -0.161521
v -0.047861 -0.559156 -0.160065
v -0.044305 -0.470489 -0.153004
v -0.030191 -0.501623 -0.156609
v -0.045450 -0.501878 -0.156211
v -0.014389 -0.470013 -0.153545
v 0.004748 -0.501297 -0.157297
v -0.014531 -0.531029 -0.159346
v -0.014231 -0.501395 -0.156928
v 0.004452 -0.558784 -0.161378
v -0.015705 -0.585614 -0.162108
v -0.015202 -0.558908 -0.160797
v -0.033849 -0.611584 -0.163124
v -0.051239 -0.635916 -0.164325
v -0.065994 -0.611656 -0.162342
v -0.050291 -0.611557 -0.162871
v 0.005299 -0.611666 -0.164095
v -0.016774 -0.636319 -0.164773
v -0.016314 -0.611631 -0.163395
v 0.006071 -0.658937 -0.166850
v -0.017050 -0.679081 -0.167242
v -0.035125 -0.658699 -0.165829
v -0.017014 -0.658822 -0.166001
v -0.052323 -0.678828 -0.166791
v -0.068168 -0.658360 -0.165002
v -0.052024 -0.658364 -0.165509
v -0.082515 -0.635931 -0.162905
v -0.095751 -0.611968 -0.160358
v -0.081242 -0.611835 -0.161558
v -0.098301 -0.658071 -0.162887
v -0.083553 -0.658185 -0.164049
v -0.111197 -0.636133 -0.160185
v -0.112351 -0.658167 -0.161311
v -0.109650 -0.612304 -0.158765
v 0.005761 -0.698523 -0.169286
v -0.016424 -0.716445 -0.169002
v -0.035050 -0.698249 -0.168042
v -0.016710 -0.698375 -0.168209
v 0.005427 -0.733587 -0.170882
v -0.035215 -0.733359 -0.169527
v -0.016422 -0.733520 -0.169729
v -0.052620 -0.716257 -0.168435
v -0.053048 -0.733265 -0.169094
v -0.052367 -0.698157 -0.167699
v -0.028935 -0.436624 -0.148648
v -0.013252 -0.400386 -0.143587
v 0.005259 -0.436041 -0.149422
v -0.013991 -0.436480 -0.148887
v -0.041612 -0.400802 -0.143210
v -0.043195 -0.436804 -0.148390
v -0.039459 -0.324004 -0.131601
v -0.026998 -0.362661 -0.137619
v -0.040424 -0.362986 -0.137393
v -0.012728 -0.323466 -0.132099
v 0.005020 -0.362243 -0.138375
v -0.012961 -0.362400 -0.137762
v -0.025712 -0.284041 -0.128430
v -0.011874 -0.243056 -0.126217
v 0.004610 -0.283184 -0.128937
v -0.012533 -0.283750 -0.128695
v -0.051220 -0.284757 -0.127437
v -0.037528 -0.243936 -0.125615
v -0.038517 -0.284371 -0.127974
v -0.049179 -0.204377 -0.122431
v -0.036472 -0.165113 -0.120800
v -0.024408 -0.203167 -0.123482
v -0.036979 -0.203782 -0.123051
v -0.011501 -0.163764 -0.121317
v 0.002723 -0.201817 -0.123700
v -0.011558 -0.202573 -0.123662
v -0.023433 -0.128052 -0.119219
v -0.010977 -0.092829 -0.117401
v 0.001592 -0.126735 -0.119402
v -0.011212 -0.127417 -0.119397
v -0.047333 -0.129576 -0.118219
v -0.034611 -0.094370 -0.116758
v -0.035564 -0.128850 -0.118816
v -0.044522 -0.063273 -0.114263
v -0.032212 -0.032957 -0.114847
v -0.022057 -0.061298 -0.115324
v -0.033300 -0.062237 -0.114892
v -0.010052 -0.031385 -0.115480
v 0.001477 -0.059815 -0.115429
v -0.010701 -0.060525 -0.115556
v -0.020418 -0.004970 -0.118372
v -0.009201 0.021834 -0.122936
v 0.001190 -0.003844 -0.118638
v -0.009530 -0.004221 -0.118608
v -0.041910 -0.007040 -0.117183
v -0.030307 0.020201 -0.121997
v -0.031133 -0.005844 -0.117895
v -0.040083 0.044520 -0.124934
v -0.019326 0.046424 -0.126626
v -0.029737 0.045548 -0.125990
v 0.001038 0.047275 -0.127518
v -0.009102 0.047059 -0.126998
v -0.057423 -0.096446 -0.115257
v -0.066459 -0.065785 -0.112083
v -0.053951 -0.035336 -0.113344
v -0.055552 -0.064269 -0.113354
v -0.060322 -0.166742 -0.119371
v -0.070343 -0.131318 -0.116178
v -0.058992 -0.130715 -0.117362
v -0.083109 -0.168611 -0.116763
v -0.091960 -0.133748 -0.112587
v -0.079306 -0.099086 -0.112369
v -0.081291 -0.132495 -0.114604
v -0.087278 -0.069290 -0.108243
v -0.075133 -0.038785 -0.110313
v -0.077069 -0.067477 -0.110399
v -0.063079 -0.010059 -0.114711
v -0.051353 0.017567 -0.119849
v -0.052562 -0.008355 -0.116134
v -0.083774 -0.014586 -0.110536
v -0.072300 0.013382 -0.116191
v -0.073471 -0.012132 -0.112891
v -0.081934 0.034889 -0.117173
v -0.061120 0.040804 -0.122032
v -0.071549 0.038192 -0.119855
v -0.050646 0.042850 -0.123762
v -0.099748 -0.101844 -0.107568
v -0.106591 -0.073495 -0.102452
v -0.095155 -0.043278 -0.105304
v -0.097132 -0.071274 -0.105629
v -0.111785 -0.136257 -0.107051
v -0.102057 -0.135022 -0.110119
v -0.118247 -0.105271 -0.100655
v -0.120945 -0.137553 -0.103425
v -0.113344 -0.048301 -0.098255
v -0.115485 -0.075599 -0.098731
v -0.103166 -0.020181 -0.104267
v -0.092415 0.007374 -0.110643
v -0.093664 -0.017296 -0.107677
v -0.120820 -0.025975 -0.095936
v -0.111095 0.000268 -0.103012
v -0.112231 -0.023124 -0.100377
v -0.119722 0.017664 -0.101526
v -0.101726 0.026636 -0.110386
v -0.110960 0.022150 -0.106171
v -0.092022 0.030924 -0.114109
v -0.062353 -0.245050 -0.124207
v -0.072921 -0.205990 -0.120478
v -0.061265 -0.205193 -0.121596
v -0.075784 -0.285832 -0.125676
v -0.063564 -0.285282 -0.126664
v -0.085930 -0.246350 -0.121734
v -0.087633 -0.286358 -0.124373
v -0.084402 -0.206819 -0.119040
v -0.136018 -0.030469 -0.085631
v -0.127752 -0.006420 -0.093553
v -0.128732 -0.028197 -0.091002
v -0.141950 -0.011680 -0.082259
v -0.142617 -0.032379 -0.079874
v -0.142634 0.024271 -0.086805
v -0.135265 0.010136 -0.090672
v -0.142027 0.007101 -0.084723
v -0.128154 0.032436 -0.098639
v -0.127787 0.013689 -0.096308
v -0.146489 0.054573 -0.089837
v -0.136947 0.044621 -0.094488
v -0.143977 0.039977 -0.088370
v -0.155057 0.081114 -0.094980
v -0.144464 0.074916 -0.099419
v -0.150828 0.068358 -0.092290
v -0.140507 0.097479 -0.108038
v -0.132953 0.066795 -0.102809
v -0.137235 0.082613 -0.106109
v -0.129487 0.050024 -0.100326
v -0.162506 0.103289 -0.096708
v -0.152140 0.100922 -0.102680
v -0.158737 0.092613 -0.096116
v -0.169741 0.121039 -0.095873
v -0.160231 0.122151 -0.102371
v -0.166182 0.112717 -0.096638
v -0.159271 0.141627 -0.106451
v -0.149234 0.122839 -0.108354
v -0.154139 0.133064 -0.107426
v -0.144826 0.110878 -0.108636
v -0.177796 0.133110 -0.093820
v -0.169328 0.137190 -0.100428
v -0.173816 0.127508 -0.094853
v -0.178410 0.147423 -0.097543
v -0.181802 0.137894 -0.092629
v -0.169812 0.153233 -0.103435
v -0.174641 0.157820 -0.101645
v -0.164691 0.148029 -0.105035
v -0.218305 0.134093 0.020678
v -0.220294 0.130412 0.014501
v -0.217906 0.129033 0.015476
v -0.219493 0.144782 0.031302
v -0.221375 0.140260 0.025138
v -0.218969 0.138977 0.026158
v -0.224583 0.147307 0.029178
v -0.227025 0.142729 0.023308
v -0.223309 0.136670 0.018636
v -0.224008 0.141581 0.024181
v -0.225900 0.133030 0.012523
v -0.222839 0.131869 0.013424
v -0.216539 -0.698011 -0.112891
v -0.222667 -0.716012 -0.105473
v -0.221769 -0.697350 -0.103935
v -0.211720 -0.716623 -0.122455
v -0.210827 -0.698322 -0.120958
v -0.218319 -0.733272 -0.115879
v -0.212573 -0.733454 -0.123914
v -0.223462 -0.732839 -0.106978
v -0.219719 0.159138 0.039234
v -0.222081 0.153138 0.034170
v -0.219570 0.151803 0.035309
v -0.222442 0.168084 0.041628
v -0.219655 0.167085 0.042675
v -0.228517 0.169980 0.039630
v -0.225155 0.161373 0.037107
v -0.225272 0.169124 0.040576
v -0.227818 0.155422 0.032179
v -0.224822 0.154251 0.033158
v -0.141548 0.276385 -0.060693
v -0.148887 0.270510 -0.067825
v -0.148432 0.274597 -0.061603
v -0.126482 0.280726 -0.057244
v -0.134097 0.274701 -0.065391
v -0.134149 0.278340 -0.059158
v -0.125862 0.273571 -0.069640
v -0.141751 0.267740 -0.073233
v -0.133880 0.270288 -0.071680
v -0.149115 0.265511 -0.074012
v -0.119310 0.287865 -0.038365
v -0.110623 0.288586 -0.041755
v -0.118425 0.285354 -0.049190
v -0.118868 0.286814 -0.043711
v -0.111982 0.289591 -0.031570
v -0.119916 0.288629 -0.033129
v -0.098461 0.291662 -0.028634
v -0.103850 0.290478 -0.034855
v -0.104702 0.290584 -0.030055
v -0.096460 0.291875 -0.037784
v -0.102153 0.289704 -0.044568
v -0.102994 0.290224 -0.039670
v -0.109388 0.286389 -0.052450
v -0.117713 0.280946 -0.060957
v -0.118132 0.283546 -0.055019
v -0.094390 0.291474 -0.047172
v -0.100453 0.287863 -0.054943
v -0.101321 0.289047 -0.049734
v -0.092049 0.289866 -0.056973
v -0.108163 0.282009 -0.063711
v -0.099537 0.286271 -0.060331
v -0.117210 0.277615 -0.067062
v -0.092403 0.293073 -0.031936
v -0.087239 0.294620 -0.035340
v -0.090085 0.293488 -0.040637
v -0.091262 0.293362 -0.036287
v -0.094555 0.292476 -0.023185
v -0.089548 0.293756 -0.026863
v -0.093480 0.292799 -0.027586
v -0.087982 0.294028 -0.022243
v -0.085424 0.295110 -0.026194
v -0.085724 0.294980 -0.030595
v -0.086875 0.294498 -0.026437
v -0.083002 0.296272 -0.034389
v -0.083170 0.295968 -0.038807
v -0.084502 0.295536 -0.034726
v -0.084620 0.295257 -0.043834
v -0.087540 0.293382 -0.049688
v -0.088846 0.293585 -0.045142
v -0.080216 0.297379 -0.042590
v -0.080280 0.296724 -0.047187
v -0.081772 0.296438 -0.043020
v -0.076991 0.298052 -0.050800
v -0.081599 0.295221 -0.052449
v -0.078615 0.296829 -0.051365
v -0.086102 0.292908 -0.054283
v -0.091795 0.292861 -0.018504
v -0.090235 0.292897 -0.014285
v -0.087718 0.293928 -0.018081
v -0.089133 0.293445 -0.018238
v -0.096763 0.291644 -0.014865
v -0.095670 0.292097 -0.018996
v -0.093911 0.291923 -0.010589
v -0.097740 0.291308 -0.010872
v -0.089827 0.292816 -0.010434
v -0.091252 0.292454 -0.010483
v -0.156893 0.280757 0.016929
v -0.148330 0.283640 0.012368
v -0.156077 0.283756 0.012018
v -0.149156 0.276818 0.022306
v -0.157350 0.277026 0.021848
v -0.141316 0.280382 0.017786
v -0.141117 0.276692 0.022771
v -0.140864 0.283492 0.012801
v -0.031739 0.286737 -0.085619
v -0.036762 0.292080 -0.080735
v -0.030062 0.295116 -0.079652
v -0.030597 0.292103 -0.081751
v -0.040801 0.278504 -0.090345
v -0.033743 0.278338 -0.091348
v -0.044411 0.286948 -0.083460
v -0.047549 0.278500 -0.089375
v -0.041611 0.295129 -0.077461
v -0.042572 0.292106 -0.079607
v 0.151767 0.239620 0.055024
v 0.158761 0.250245 0.046972
v 0.147610 0.257724 0.042779
v 0.138285 0.249326 0.050546
v 0.148952 0.249321 0.048912
v 0.171195 0.243237 0.050018
v 0.176043 0.252728 0.043265
v 0.165982 0.259120 0.039996
v 0.167902 0.251566 0.045093
v 0.172505 0.266729 0.033470
v 0.163410 0.271729 0.029429
v 0.155801 0.265172 0.035844
v 0.164505 0.265880 0.034719
v 0.146472 0.270936 0.031053
v 0.137858 0.265228 0.037562
v 0.146850 0.264826 0.036823
v 0.128276 0.260433 0.043852
v 0.117285 0.256832 0.048963
v 0.125852 0.243839 0.057362
v 0.127516 0.252805 0.050250
v 0.129379 0.272032 0.032052
v 0.119958 0.268274 0.037569
v 0.128882 0.266577 0.037858
v 0.113704 0.274826 0.031484
v 0.106586 0.272852 0.035796
v 0.111327 0.266112 0.042166
v 0.112543 0.270601 0.036875
v 0.104072 0.264724 0.045629
v 0.107934 0.255202 0.052998
v 0.109903 0.261059 0.047532
v 0.148135 0.225570 0.064108
v 0.163546 0.219380 0.063700
v 0.166454 0.232156 0.056771
v 0.157451 0.229372 0.059978
v 0.162386 0.204826 0.070361
v 0.175316 0.198691 0.067614
v 0.176904 0.212773 0.062935
v 0.169595 0.209244 0.066281
v 0.188420 0.205693 0.061341
v 0.190273 0.217955 0.057214
v 0.179260 0.225220 0.057511
v 0.183780 0.215728 0.059973
v 0.182553 0.236247 0.051657
v 0.174945 0.234412 0.054120
v 0.111497 0.242855 0.061379
v 0.114765 0.228182 0.071010
v 0.131256 0.228584 0.066600
v 0.120614 0.235930 0.064200
v 0.099326 0.254894 0.055599
v 0.100411 0.242963 0.064380
v 0.104789 0.249305 0.058565
v 0.090302 0.243460 0.066787
v 0.089041 0.227906 0.077969
v 0.101264 0.227866 0.074664
v 0.095189 0.235672 0.070999
v 0.101993 0.211055 0.086220
v 0.117427 0.211873 0.081471
v 0.108700 0.219931 0.078331
v 0.133900 0.211339 0.076976
v 0.148787 0.209047 0.073246
v 0.140861 0.218921 0.070270
v 0.119292 0.193715 0.091544
v 0.135219 0.193168 0.085678
v 0.126729 0.202921 0.084079
v 0.135238 0.174929 0.092836
v 0.148414 0.173752 0.086053
v 0.149065 0.191320 0.080362
v 0.142147 0.183377 0.086311
v 0.161962 0.187816 0.075614
v 0.155776 0.198581 0.075087
v 0.076354 0.174078 -0.125057
v 0.061359 0.202220 -0.121352
v 0.067868 0.227146 -0.112400
v 0.083771 0.204495 -0.117970
v 0.072518 0.202390 -0.120126
v 0.052278 0.176132 -0.127226
v 0.040119 0.202279 -0.122603
v 0.048340 0.226279 -0.114417
v 0.050527 0.202262 -0.122112
v 0.036921 0.247552 -0.105768
v 0.042766 0.265826 -0.095921
v 0.054666 0.248134 -0.104401
v 0.045772 0.248096 -0.105083
v 0.058119 0.266527 -0.094191
v 0.071254 0.250301 -0.101596
v 0.063268 0.248803 -0.103292
v 0.105667 0.150903 -0.122326
v 0.113289 0.114060 -0.121167
v 0.099824 0.101431 -0.123490
v 0.089463 0.138794 -0.125618
v 0.101991 0.126577 -0.123687
v 0.127069 0.120431 -0.117922
v 0.132913 0.091683 -0.113028
v 0.120680 0.082994 -0.115975
v 0.123489 0.102280 -0.117597
v 0.126255 0.056069 -0.107993
v 0.116021 0.042564 -0.110666
v 0.108316 0.070322 -0.117235
v 0.117623 0.063042 -0.112744
v 0.096628 0.053715 -0.118275
v 0.087427 0.083638 -0.124511
v 0.098267 0.077302 -0.121166
v 0.076757 0.115048 -0.128287
v 0.064779 0.146494 -0.128952
v 0.076900 0.143671 -0.127432
v 0.075752 0.062539 -0.123980
v 0.065196 0.091355 -0.128940
v 0.076495 0.088002 -0.127003
v 0.054037 0.067776 -0.127688
v 0.042808 0.095488 -0.131182
v 0.053794 0.120551 -0.131202
v 0.053890 0.093747 -0.130305
v 0.042219 0.149108 -0.130723
v 0.053273 0.148072 -0.130025
v 0.085696 0.235584 -0.107039
v 0.101707 0.224164 -0.109481
v 0.102314 0.191326 -0.118874
v 0.093356 0.214418 -0.114000
v 0.071671 0.270176 -0.090176
v 0.085163 0.259284 -0.095017
v 0.078680 0.254515 -0.098640
v 0.082696 0.275924 -0.083346
v 0.095263 0.268969 -0.085534
v 0.099533 0.249132 -0.098265
v 0.090658 0.264279 -0.090457
v 0.115117 0.241915 -0.098565
v 0.119288 0.216240 -0.109138
v 0.109002 0.232968 -0.104537
v 0.120650 0.184797 -0.117136
v 0.122979 0.151428 -0.119338
v 0.112915 0.169801 -0.120362
v 0.137185 0.205259 -0.108867
v 0.137119 0.177797 -0.114758
v 0.128503 0.196665 -0.112984
v 0.151562 0.169873 -0.111672
v 0.152011 0.145220 -0.111207
v 0.138369 0.149102 -0.115765
v 0.144934 0.160330 -0.114059
v 0.141005 0.122233 -0.113521
v 0.132205 0.135898 -0.117012
v 0.061879 0.170250 0.119125
v 0.044355 0.178044 0.118125
v 0.032393 0.161624 0.128422
v 0.050512 0.149330 0.133522
v 0.047428 0.164872 0.124781
v 0.053500 0.195358 0.106570
v 0.039564 0.202383 0.103999
v 0.029102 0.186776 0.114675
v 0.041844 0.190146 0.111309
v 0.014864 0.197387 0.108577
v 0.016219 0.172741 0.123680
v 0.015581 0.184718 0.116674
v 0.017749 0.146017 0.138748
v 0.016985 0.160103 0.130626
v 0.082152 0.169111 0.115311
v 0.084922 0.191259 0.102858
v 0.068241 0.192387 0.105888
v 0.074193 0.180557 0.111507
v 0.102107 0.192458 0.097708
v 0.087253 0.210968 0.089839
v 0.094040 0.201656 0.094398
v 0.077158 0.229102 0.080015
v 0.073168 0.211825 0.092447
v 0.081664 0.220041 0.085035
v 0.060004 0.214796 0.093140
v 0.063714 0.203646 0.099753
v 0.085650 0.144619 0.129744
v 0.105008 0.152036 0.119478
v 0.102362 0.172554 0.107425
v 0.093545 0.160313 0.117801
v 0.110027 0.128878 0.130170
v 0.125400 0.134549 0.119934
v 0.121720 0.155787 0.109869
v 0.115592 0.143495 0.120123
v 0.136033 0.157101 0.100732
v 0.120043 0.174582 0.099849
v 0.128080 0.166055 0.099982
v 0.111286 0.183524 0.099246
v 0.107857 0.262978 -0.086402
v 0.119441 0.260744 -0.084577
v 0.128657 0.241735 -0.095291
v 0.117993 0.251824 -0.091658
v 0.090532 0.281557 -0.074844
v 0.101083 0.277391 -0.074853
v 0.098595 0.273311 -0.080359
v 0.095427 0.286243 -0.064854
v 0.104427 0.283608 -0.063492
v 0.111662 0.274328 -0.073685
v 0.102961 0.280824 -0.069249
v 0.121775 0.273137 -0.071163
v 0.129393 0.261816 -0.080812
v 0.120714 0.267689 -0.077808
v 0.138303 0.248392 -0.089299
v 0.148982 0.233644 -0.096292
v 0.141076 0.223811 -0.102159
v 0.139261 0.236721 -0.096175
v 0.138682 0.264607 -0.076104
v 0.146828 0.254072 -0.083927
v 0.138172 0.257440 -0.082651
v 0.154746 0.259159 -0.078490
v 0.162622 0.249536 -0.084692
v 0.156071 0.242476 -0.090431
v 0.155084 0.251622 -0.084554
v 0.165284 0.230485 -0.094969
v 0.159820 0.220834 -0.100186
v 0.157671 0.231788 -0.095872
v 0.155259 0.208068 -0.104934
v 0.152456 0.191173 -0.108933
v 0.146426 0.207335 -0.106658
v 0.170134 0.208792 -0.101387
v 0.166987 0.195665 -0.104742
v 0.163162 0.208584 -0.103153
v 0.176715 0.185172 -0.102754
v 0.175053 0.169928 -0.103785
v 0.164878 0.179817 -0.107056
v 0.171040 0.182846 -0.104822
v 0.163969 0.160205 -0.107853
v 0.158392 0.175700 -0.109269
v 0.072861 0.294427 -0.067583
v 0.071792 0.289658 -0.073068
v 0.064608 0.292809 -0.072348
v 0.067303 0.295944 -0.068788
v 0.068892 0.293565 -0.070176
v 0.080617 0.285734 -0.074156
v 0.071597 0.281941 -0.080496
v 0.076338 0.283799 -0.077496
v 0.060284 0.278238 -0.085703
v 0.062434 0.287519 -0.077774
v 0.066157 0.280137 -0.083118
v 0.054954 0.291812 -0.075970
v 0.058592 0.295026 -0.072411
v 0.059987 0.292251 -0.074245
v 0.074656 0.297121 -0.063430
v 0.079319 0.295762 -0.060934
v 0.079431 0.292144 -0.066681
v 0.076347 0.295181 -0.064463
v 0.080173 0.297777 -0.056429
v 0.083996 0.296447 -0.053114
v 0.084884 0.293931 -0.058666
v 0.081849 0.296176 -0.057128
v 0.091376 0.291670 -0.056602
v 0.087060 0.289217 -0.065841
v 0.089437 0.290572 -0.061291
v 0.084155 0.287594 -0.070159
v 0.013835 0.213001 0.097577
v 0.024774 0.219243 0.093128
v 0.012909 0.219621 0.092735
v 0.013360 0.217442 0.094437
v 0.026497 0.207786 0.100912
v 0.014308 0.205832 0.102534
v 0.048067 0.215526 0.094341
v 0.036576 0.217700 0.093794
v 0.037884 0.210870 0.098331
v 0.045594 0.226757 0.086935
v 0.035118 0.224661 0.088950
v 0.035578 0.222452 0.090513
v 0.029629 -0.795161 0.184550
v 0.049094 -0.791419 0.183493
v 0.029712 -0.785201 0.185404
v 0.029526 -0.791896 0.184845
v 0.067382 -0.793933 0.181037
v 0.086056 -0.790196 0.178515
v 0.068226 -0.783932 0.181883
v 0.067878 -0.790899 0.181363
v 0.087288 -0.772423 0.179552
v 0.069326 -0.758663 0.183138
v 0.049616 -0.774068 0.184633
v 0.068861 -0.773398 0.182392
v 0.029826 -0.759864 0.186956
v 0.029872 -0.774508 0.186096
v 0.010133 0.295684 -0.080581
v 0.017139 0.292588 -0.081828
v 0.010457 0.287413 -0.086049
v 0.010268 0.292814 -0.082405
v 0.023732 0.295264 -0.079254
v 0.030884 0.291930 -0.080359
v 0.024566 0.286682 -0.084837
v 0.024041 0.292282 -0.081159
v 0.032888 0.277303 -0.089857
v 0.026716 0.265885 -0.097103
v 0.017965 0.278374 -0.090907
v 0.025417 0.277872 -0.090322
v 0.010953 0.267072 -0.097977
v 0.010642 0.278859 -0.091441
v 0.026279 -0.771668 -0.173134
v 0.044747 -0.779660 -0.172672
v 0.026375 -0.784124 -0.172931
v 0.026280 -0.780049 -0.172944
v 0.025928 -0.748161 -0.172517
v 0.044423 -0.760641 -0.172578
v 0.026129 -0.761123 -0.172962
v 0.061973 -0.747234 -0.171515
v 0.079584 -0.759705 -0.170862
v 0.062606 -0.770818 -0.172091
v 0.062419 -0.760180 -0.171911
v 0.080035 -0.778981 -0.171223
v 0.062624 -0.783460 -0.171976
v 0.062705 -0.779317 -0.172123
v 0.055647 0.228805 0.084132
v 0.062915 0.238993 0.075808
v 0.054458 0.235122 0.079908
v 0.054617 0.232960 0.081366
v 0.066077 0.229450 0.081844
v 0.057376 0.222617 0.088038
v 0.080842 0.241966 0.070136
v 0.071646 0.241078 0.072661
v 0.073899 0.235811 0.075933
v 0.076810 0.250038 0.065143
v 0.069973 0.246747 0.069013
v 0.070335 0.244704 0.070392
v 0.366593 0.213356 -0.087600
v 0.361853 0.220187 -0.086523
v 0.365561 0.226612 -0.084265
v 0.368401 0.219700 -0.085909
v 0.366131 0.219926 -0.086122
v 0.356344 0.213877 -0.088648
v 0.347904 0.220972 -0.087883
v 0.355361 0.227468 -0.085209
v 0.355961 0.220477 -0.087192
v 0.346854 0.234680 -0.083572
v 0.354255 0.240406 -0.080416
v 0.360706 0.233522 -0.082441
v 0.354859 0.233996 -0.083011
v 0.364293 0.239414 -0.079585
v 0.367203 0.232761 -0.081893
v 0.364935 0.233134 -0.082073
v 0.369190 0.206798 -0.088393
v 0.367119 0.200248 -0.089200
v 0.362617 0.207069 -0.089055
v 0.366901 0.206903 -0.088617
v 0.369529 0.193465 -0.089058
v 0.367396 0.186688 -0.088800
v 0.362907 0.193582 -0.089702
v 0.367220 0.193530 -0.089264
v 0.357206 0.186502 -0.089881
v 0.349023 0.193421 -0.091251
v 0.356888 0.200523 -0.090278
v 0.357013 0.193523 -0.090359
v 0.348665 0.207312 -0.090508
v 0.356699 0.207183 -0.089724
v 0.011090 0.227949 -0.115748
v 0.020344 0.203426 -0.123067
v 0.010975 0.178460 -0.128469
v 0.010945 0.204275 -0.123133
v 0.019535 0.248861 -0.106176
v 0.011165 0.249254 -0.106569
v 0.029219 0.227001 -0.115245
v 0.028104 0.248231 -0.105964
v 0.030856 0.177187 -0.128085
v 0.030050 0.202907 -0.122893
v 0.021076 0.150478 -0.131495
v 0.010982 0.124228 -0.132720
v 0.010959 0.150813 -0.131668
v 0.031863 0.122962 -0.132370
v 0.031447 0.149977 -0.131246
v 0.032151 0.070627 -0.129602
v 0.021483 0.097289 -0.132092
v 0.031998 0.096517 -0.131760
v 0.011092 0.072005 -0.130550
v 0.011073 0.097792 -0.132290
v 0.089064 0.264943 0.049481
v 0.086869 0.259909 0.054699
v 0.092161 0.261706 0.051696
v 0.092267 0.267328 0.046269
v 0.090150 0.263757 0.050380
v 0.081626 0.257006 0.058453
v 0.084085 0.252650 0.061350
v 0.082361 0.255340 0.059689
v 0.091580 0.254142 0.058199
v 0.086715 0.248626 0.063758
v 0.097884 0.263113 0.048907
v 0.095291 0.258790 0.053409
v 0.096164 0.269556 0.042928
v 0.094858 0.274238 0.037747
v 0.092518 0.271815 0.041388
v 0.093788 0.270965 0.041985
v 0.100784 0.271334 0.039596
v 0.099607 0.267503 0.044184
v 0.103228 0.278140 0.029968
v 0.098479 0.276304 0.034008
v 0.102009 0.274817 0.034880
v 0.097197 0.280191 0.028736
v 0.094771 0.277954 0.032909
v 0.096049 0.277282 0.033328
v 0.100565 0.281951 0.024827
v 0.098706 0.284880 0.020024
v 0.096775 0.283208 0.024090
v 0.098086 0.282703 0.024378
v 0.108787 0.279584 0.026030
v 0.104855 0.283276 0.020852
v 0.104182 0.280933 0.025372
v 0.109928 0.284514 0.016735
v 0.105491 0.287232 0.012052
v 0.101604 0.286193 0.016043
v 0.105282 0.285378 0.016416
v 0.099223 0.288530 0.011569
v 0.097726 0.287275 0.015601
v 0.099072 0.286762 0.015800
v 0.115381 0.281222 0.021764
v 0.122907 0.283001 0.017192
v 0.115899 0.285787 0.012505
v 0.115813 0.283658 0.017085
v 0.121965 0.277037 0.026941
v 0.114656 0.278298 0.026570
v 0.138463 0.275626 0.026595
v 0.130471 0.279785 0.021927
v 0.129988 0.276321 0.026899
v 0.138413 0.282477 0.016592
v 0.130527 0.284965 0.012310
v 0.130621 0.282669 0.017045
v 0.110083 0.287827 0.008123
v 0.105208 0.289642 0.004020
v 0.101747 0.289276 0.007822
v 0.105433 0.288626 0.008006
v 0.109416 0.289647 0.000028
v 0.104227 0.290902 -0.003723
v 0.101061 0.291038 0.000132
v 0.104782 0.290366 0.000169
v 0.097916 0.292093 -0.003646
v 0.097075 0.291989 0.000025
v 0.098918 0.290825 0.003846
v 0.098466 0.291557 0.000082
v 0.097779 0.290278 0.007544
v 0.099169 0.289857 0.007651
v 0.122751 0.286820 0.008125
v 0.115603 0.288346 0.003977
v 0.115878 0.287255 0.008208
v 0.137957 0.286485 0.007317
v 0.129979 0.287727 0.003411
v 0.130292 0.286627 0.007838
v 0.136586 0.288389 -0.001747
v 0.128491 0.288958 -0.005514
v 0.121869 0.288676 -0.000515
v 0.129139 0.288549 -0.001055
v 0.114612 0.289521 -0.004349
v 0.115160 0.289072 -0.000159
v 0.144835 0.287585 0.002068
v 0.151155 0.288197 -0.003231
v 0.143057 0.288591 -0.007172
v 0.143797 0.288278 -0.002516
v 0.145727 0.284846 0.011223
v 0.152492 0.286631 0.006013
v 0.145230 0.286523 0.006604
v 0.160983 0.285204 0.010087
v 0.167025 0.287127 0.004783
v 0.158981 0.287783 0.000780
v 0.160186 0.286747 0.005454
v 0.164800 0.288410 -0.004579
v 0.156893 0.288414 -0.008705
v 0.158069 0.288269 -0.003917
v 0.135053 0.288906 -0.010954
v 0.127157 0.289267 -0.014765
v 0.120587 0.289378 -0.009179
v 0.127826 0.289160 -0.010007
v 0.133687 0.288716 -0.020940
v 0.125746 0.288984 -0.024717
v 0.119145 0.289789 -0.018525
v 0.126429 0.289266 -0.019699
v 0.111675 0.290510 -0.022082
v 0.106682 0.291183 -0.016494
v 0.113225 0.290157 -0.012886
v 0.112485 0.290397 -0.017424
v 0.108241 0.290455 -0.007956
v 0.113963 0.289839 -0.008506
v 0.149142 0.288413 -0.012844
v 0.141479 0.288492 -0.016914
v 0.142303 0.288616 -0.011917
v 0.162987 0.288084 -0.014421
v 0.155488 0.287709 -0.018802
v 0.155991 0.288230 -0.013677
v 0.161570 0.286588 -0.025086
v 0.154072 0.285944 -0.029674
v 0.147715 0.287564 -0.023209
v 0.154577 0.287030 -0.024191
v 0.140008 0.287472 -0.027413
v 0.140828 0.288122 -0.022090
v 0.168964 0.287316 -0.020427
v 0.174184 0.286065 -0.026715
v 0.167479 0.284821 -0.031437
v 0.168274 0.286258 -0.025867
v 0.170517 0.288524 -0.010078
v 0.175939 0.288110 -0.015907
v 0.169734 0.288056 -0.015142
v 0.182342 0.288939 -0.011654
v 0.186454 0.288413 -0.017709
v 0.180578 0.287266 -0.022105
v 0.181341 0.288268 -0.016785
v 0.184779 0.285904 -0.028571
v 0.178968 0.284248 -0.033177
v 0.179752 0.285962 -0.027598
v 0.160636 0.283674 -0.036317
v 0.153618 0.282653 -0.041126
v 0.146703 0.285470 -0.034225
v 0.153634 0.284510 -0.035324
v 0.160438 0.279110 -0.048031
v 0.153564 0.277558 -0.053180
v 0.146368 0.281774 -0.045841
v 0.153411 0.280334 -0.047029
v 0.138933 0.280973 -0.050335
v 0.131634 0.284967 -0.042658
v 0.139228 0.285100 -0.038527
v 0.138942 0.283322 -0.044338
v 0.132530 0.287452 -0.031474
v 0.139730 0.286456 -0.032920
v 0.173365 0.282495 -0.037979
v 0.167146 0.280809 -0.042930
v 0.167302 0.283018 -0.037167
v 0.183633 0.281857 -0.039851
v 0.178451 0.279624 -0.044605
v 0.178624 0.282116 -0.038862
v 0.182936 0.276121 -0.051361
v 0.177923 0.273255 -0.056390
v 0.172894 0.277281 -0.049624
v 0.178217 0.276637 -0.050456
v 0.166986 0.274963 -0.054875
v 0.166943 0.278085 -0.048819
v 0.187724 0.278934 -0.046524
v 0.191669 0.275316 -0.053164
v 0.187054 0.272054 -0.058011
v 0.187452 0.275714 -0.052240
v 0.188539 0.284010 -0.035131
v 0.192515 0.281509 -0.041832
v 0.188052 0.281670 -0.040821
v 0.197354 0.283835 -0.037238
v 0.201504 0.281080 -0.043919
v 0.196466 0.278395 -0.048511
v 0.196870 0.281305 -0.042838
v 0.200675 0.274468 -0.055034
v 0.195705 0.271008 -0.059628
v 0.196010 0.274907 -0.054084
v 0.182778 0.268489 -0.062979
v 0.178231 0.264593 -0.068067
v 0.172849 0.270207 -0.061682
v 0.178035 0.269294 -0.062323
v 0.183365 0.258126 -0.073764
v 0.178983 0.252915 -0.078729
v 0.173587 0.260283 -0.073418
v 0.178616 0.259114 -0.073577
v 0.168365 0.255459 -0.078971
v 0.161659 0.263160 -0.072960
v 0.167447 0.266856 -0.067228
v 0.167960 0.261613 -0.073254
v 0.160897 0.272577 -0.060384
v 0.167260 0.271286 -0.061044
v 0.191268 0.267184 -0.064321
v 0.187094 0.262879 -0.068982
v 0.187025 0.267801 -0.063644
v 0.200436 0.265921 -0.065697
v 0.195748 0.261420 -0.069997
v 0.195615 0.266567 -0.064987
v 0.201028 0.254838 -0.075260
v 0.196850 0.249321 -0.079183
v 0.191852 0.256449 -0.074350
v 0.196242 0.255634 -0.074774
v 0.188065 0.251031 -0.078756
v 0.187635 0.257278 -0.074020
v 0.184374 0.244662 -0.083376
v 0.180725 0.237230 -0.088152
v 0.174577 0.246646 -0.084044
v 0.179690 0.245571 -0.083652
v 0.186548 0.227533 -0.091339
v 0.183631 0.218808 -0.095104
v 0.177124 0.228688 -0.093006
v 0.182078 0.227946 -0.092106
v 0.173488 0.219576 -0.097452
v 0.170031 0.239386 -0.089464
v 0.171584 0.229505 -0.094013
v 0.168956 0.248020 -0.084427
v 0.192988 0.242848 -0.083309
v 0.189668 0.235587 -0.087382
v 0.188774 0.243752 -0.083253
v 0.202166 0.241125 -0.083734
v 0.198169 0.233890 -0.087301
v 0.197396 0.242008 -0.083448
v 0.203733 0.224433 -0.090619
v 0.200234 0.216266 -0.093118
v 0.194854 0.226027 -0.090645
v 0.199082 0.225185 -0.090570
v 0.192154 0.217671 -0.093668
v 0.190793 0.226859 -0.090880
v 0.189692 0.208741 -0.096172
v 0.187617 0.198710 -0.098224
v 0.181002 0.208914 -0.098402
v 0.185564 0.209043 -0.097129
v 0.193369 0.188264 -0.097178
v 0.192047 0.177333 -0.097395
v 0.185816 0.187500 -0.099521
v 0.189755 0.188077 -0.098245
v 0.184409 0.175115 -0.100058
v 0.178632 0.197849 -0.101022
v 0.181515 0.186487 -0.101052
v 0.175892 0.208838 -0.099847
v 0.197369 0.207692 -0.095020
v 0.195150 0.198325 -0.096383
v 0.193578 0.208273 -0.095480
v 0.205821 0.206687 -0.094559
v 0.202678 0.197762 -0.095445
v 0.201375 0.207118 -0.094712
v 0.208295 0.188685 -0.094983
v 0.205661 0.179291 -0.094355
v 0.200321 0.188455 -0.095727
v 0.204070 0.188555 -0.095262
v 0.198708 0.178505 -0.095456
v 0.196846 0.188254 -0.096352
v 0.197653 0.168480 -0.094325
v 0.196751 0.158534 -0.092266
v 0.191008 0.166215 -0.096471
v 0.194407 0.167424 -0.095325
v 0.201988 0.151772 -0.087698
v 0.201288 0.141830 -0.084106
v 0.196110 0.148107 -0.089428
v 0.199080 0.150094 -0.088507
v 0.195606 0.137103 -0.085639
v 0.189763 0.142867 -0.091547
v 0.190309 0.154699 -0.094482
v 0.193061 0.145679 -0.090418
v 0.183411 0.162410 -0.099289
v 0.187377 0.164423 -0.097806
v 0.203911 0.170024 -0.092916
v 0.202750 0.160937 -0.090676
v 0.200705 0.169283 -0.093546
v 0.211420 0.171386 -0.092148
v 0.209253 0.162804 -0.089729
v 0.207419 0.170713 -0.092450
v 0.214914 0.156411 -0.086032
v 0.212962 0.147827 -0.082265
v 0.207783 0.154297 -0.086562
v 0.211090 0.155278 -0.086286
v 0.206820 0.145174 -0.082917
v 0.204816 0.153002 -0.087083
v 0.217662 0.164422 -0.089303
v 0.224220 0.158168 -0.085912
v 0.220949 0.150180 -0.082027
v 0.219293 0.157316 -0.085915
v 0.214470 0.180220 -0.093872
v 0.221203 0.172588 -0.091957
v 0.216016 0.171949 -0.092042
v 0.225602 0.181249 -0.093836
v 0.233113 0.173972 -0.092082
v 0.228308 0.165911 -0.089303
v 0.226913 0.173232 -0.091986
v 0.235768 0.159839 -0.086118
v 0.231142 0.152148 -0.082172
v 0.229723 0.159068 -0.085970
v 0.218198 0.143200 -0.077406
v 0.215869 0.137001 -0.072295
v 0.211350 0.140501 -0.077739
v 0.214513 0.142000 -0.077501
v 0.220725 0.132866 -0.066793
v 0.218764 0.125650 -0.060829
v 0.214179 0.129946 -0.066841
v 0.217263 0.131349 -0.066748
v 0.212972 0.122672 -0.060902
v 0.208902 0.126428 -0.067322
v 0.209964 0.133958 -0.072730
v 0.211468 0.128185 -0.067023
v 0.205783 0.137479 -0.078544
v 0.208508 0.139079 -0.078090
v 0.227083 0.145707 -0.077484
v 0.223541 0.139780 -0.072283
v 0.222363 0.144526 -0.077403
v 0.238235 0.147605 -0.077867
v 0.233432 0.141898 -0.072683
v 0.232392 0.146614 -0.077666
v 0.240049 0.137678 -0.067839
v 0.235313 0.131463 -0.061913
v 0.229248 0.135608 -0.067146
v 0.234385 0.136593 -0.067459
v 0.225971 0.128674 -0.061195
v 0.224698 0.134305 -0.066945
v 0.372938 0.143721 -0.063461
v 0.370623 0.140642 -0.059277
v 0.365892 0.142451 -0.063673
v 0.369935 0.146421 -0.067650
v 0.370257 0.143270 -0.063550
v 0.373699 0.139570 -0.054756
v 0.371418 0.136379 -0.050279
v 0.366691 0.137462 -0.054840
v 0.371012 0.138680 -0.054865
v 0.361594 0.133548 -0.049937
v 0.353562 0.134830 -0.054505
v 0.360695 0.138613 -0.059329
v 0.361115 0.136225 -0.054738
v 0.352694 0.140291 -0.063813
v 0.359932 0.144622 -0.068013
v 0.360291 0.141518 -0.063792
v 0.374345 0.136916 -0.045637
v 0.372199 0.136327 -0.040955
v 0.367547 0.134681 -0.045492
v 0.371793 0.136110 -0.045662
v 0.375120 0.138715 -0.036279
v 0.373088 0.137577 -0.031227
v 0.368438 0.135223 -0.035821
v 0.372627 0.137066 -0.036217
v 0.363468 0.134133 -0.030178
v 0.355515 0.132270 -0.034719
v 0.362460 0.133228 -0.040285
v 0.362939 0.133743 -0.035330
v 0.354546 0.131580 -0.044698
v 0.362006 0.133172 -0.045170
v 0.376020 0.141633 -0.026647
v 0.374109 0.141620 -0.021676
v 0.369491 0.137785 -0.026014
v 0.373591 0.139445 -0.026468
v 0.376918 0.145678 -0.017153
v 0.375012 0.146838 -0.012090
v 0.370557 0.142598 -0.016335
v 0.374604 0.144119 -0.016930
v 0.365452 0.143969 -0.010479
v 0.357449 0.139693 -0.014443
v 0.364531 0.138766 -0.020431
v 0.365015 0.141180 -0.015446
v 0.356575 0.134673 -0.024479
v 0.363995 0.136307 -0.025324
v 0.377751 0.152912 -0.008002
v 0.375820 0.155066 -0.003206
v 0.371377 0.149495 -0.006979
v 0.375427 0.150950 -0.007665
v 0.378467 0.161302 0.000665
v 0.376398 0.164940 0.005328
v 0.372134 0.158370 0.001981
v 0.376152 0.159732 0.001112
v 0.366806 0.162721 0.007542
v 0.358901 0.156127 0.004573
v 0.366257 0.152535 -0.001319
v 0.366577 0.157245 0.003223
v 0.358209 0.146952 -0.004752
v 0.365837 0.148278 -0.005955
v 0.378801 0.171703 0.008507
v 0.376570 0.177142 0.012584
v 0.372473 0.169871 0.010091
v 0.376508 0.170816 0.009073
v 0.378859 0.184225 0.015036
v 0.376154 0.190822 0.018339
v 0.372382 0.183283 0.016775
v 0.376514 0.183815 0.015661
v 0.366324 0.190188 0.020889
v 0.359191 0.182263 0.019701
v 0.366894 0.175699 0.014913
v 0.366770 0.182794 0.018167
v 0.359176 0.168190 0.012786
v 0.366894 0.169085 0.011428
v 0.377710 0.198285 0.019785
v 0.374122 0.205703 0.021647
v 0.371076 0.198037 0.021466
v 0.375369 0.198114 0.020336
v 0.375198 0.212984 0.021442
v 0.370993 0.220836 0.021467
v 0.368185 0.213622 0.023080
v 0.372630 0.213282 0.022004
v 0.360878 0.221539 0.023781
v 0.355005 0.213873 0.025951
v 0.364216 0.205763 0.024067
v 0.362478 0.213807 0.024447
v 0.357920 0.197677 0.024459
v 0.365422 0.197917 0.022870
v 0.372331 0.227540 0.019679
v 0.368355 0.234712 0.018278
v 0.365072 0.228544 0.021120
v 0.369664 0.227924 0.020173
v 0.369623 0.240600 0.015415
v 0.365671 0.247807 0.012658
v 0.362271 0.242295 0.016525
v 0.366901 0.241407 0.015771
v 0.355387 0.249579 0.014343
v 0.349390 0.243445 0.018913
v 0.357979 0.236080 0.020293
v 0.356553 0.242986 0.017608
v 0.351929 0.229372 0.023741
v 0.359329 0.229012 0.022369
v 0.367076 0.253024 0.008640
v 0.363390 0.259524 0.004868
v 0.359994 0.254954 0.009599
v 0.364544 0.253856 0.008990
v 0.365143 0.262785 0.000485
v 0.361696 0.268478 -0.003597
v 0.358082 0.265575 0.001179
v 0.362502 0.264335 0.000685
v 0.351917 0.270712 -0.002347
v 0.345561 0.267390 0.003111
v 0.353438 0.261504 0.006418
v 0.352657 0.266467 0.002108
v 0.347146 0.256593 0.011685
v 0.354350 0.255818 0.010557
v 0.363379 0.270747 -0.008075
v 0.360251 0.274606 -0.012152
v 0.356698 0.273054 -0.007484
v 0.360934 0.271950 -0.007899
v 0.362179 0.275114 -0.016328
v 0.359192 0.277643 -0.020353
v 0.355680 0.277654 -0.015916
v 0.359723 0.276432 -0.016261
v 0.349929 0.280135 -0.019419
v 0.343411 0.279884 -0.014469
v 0.350803 0.276799 -0.011043
v 0.350375 0.278800 -0.015268
v 0.344367 0.275105 -0.005812
v 0.351375 0.274079 -0.006717
v 0.361175 0.276569 -0.024452
v 0.358310 0.278703 -0.028438
v 0.354741 0.279693 -0.024084
v 0.358717 0.278356 -0.024399
v 0.360329 0.277884 -0.032518
v 0.357726 0.277920 -0.036607
v 0.353994 0.279721 -0.032237
v 0.357956 0.278579 -0.032498
v 0.348475 0.280172 -0.036001
v 0.341738 0.281968 -0.031249
v 0.349147 0.281089 -0.027654
v 0.348780 0.280853 -0.031801
v 0.342555 0.281991 -0.022859
v 0.349503 0.280871 -0.023536
v 0.360125 0.275797 -0.040782
v 0.357834 0.275601 -0.044956
v 0.353650 0.278052 -0.040581
v 0.357675 0.276898 -0.040776
v 0.360731 0.273212 -0.049074
v 0.358688 0.271903 -0.053024
v 0.354086 0.274950 -0.048982
v 0.358205 0.273986 -0.049041
v 0.349040 0.273734 -0.052920
v 0.341313 0.277102 -0.048573
v 0.348383 0.277710 -0.044567
v 0.348617 0.275916 -0.048797
v 0.341179 0.280197 -0.039819
v 0.348329 0.279123 -0.040254
v 0.361928 0.268511 -0.056972
v 0.360081 0.266617 -0.060728
v 0.355150 0.270247 -0.056953
v 0.359362 0.269450 -0.056929
v 0.363172 0.262717 -0.064406
v 0.361465 0.259570 -0.067915
v 0.356481 0.263935 -0.064492
v 0.360687 0.263302 -0.064378
v 0.351480 0.260882 -0.068253
v 0.343148 0.265728 -0.064781
v 0.350230 0.268156 -0.060851
v 0.350824 0.264725 -0.064644
v 0.342071 0.272244 -0.056893
v 0.349609 0.271137 -0.056932
v 0.364564 0.254608 -0.071089
v 0.362819 0.250515 -0.074111
v 0.357888 0.255869 -0.071353
v 0.362120 0.255308 -0.071138
v 0.365921 0.244742 -0.076835
v 0.359304 0.245689 -0.077218
v 0.363638 0.245163 -0.076951
v 0.345669 0.246965 -0.078109
v 0.352820 0.251687 -0.074733
v 0.353510 0.246268 -0.077672
v 0.344429 0.257452 -0.072003
v 0.352169 0.256541 -0.071653
v 0.200627 0.289749 -0.015513
v 0.197325 0.290059 -0.009527
v 0.202837 0.290268 -0.005720
v 0.206311 0.290374 -0.011593
v 0.201771 0.290238 -0.010517
v 0.191989 0.289377 -0.013479
v 0.188511 0.289511 -0.007632
v 0.194120 0.289761 -0.003776
v 0.193035 0.289789 -0.008536
v 0.190938 0.288800 0.001751
v 0.196593 0.287975 0.005384
v 0.199716 0.289506 -0.000090
v 0.195476 0.289177 0.000837
v 0.205054 0.288656 0.003431
v 0.208609 0.289960 -0.002133
v 0.203956 0.289793 -0.001098
v 0.204342 0.288899 -0.021816
v 0.198841 0.287570 -0.026078
v 0.195459 0.288713 -0.019640
v 0.199759 0.288841 -0.020703
v 0.202742 0.285872 -0.032733
v 0.193571 0.285942 -0.030575
v 0.198095 0.285923 -0.031635
v 0.190126 0.287425 -0.024005
v 0.189280 0.285926 -0.029534
v 0.190972 0.288568 -0.018636
v 0.193279 0.285578 0.010827
v 0.199099 0.283322 0.014343
v 0.202051 0.286429 0.008911
v 0.197790 0.286050 0.009868
v 0.195797 0.279317 0.019909
v 0.201405 0.275554 0.023340
v 0.204829 0.280220 0.017930
v 0.200377 0.279801 0.018912
v 0.210040 0.276385 0.021316
v 0.213241 0.280941 0.015861
v 0.207506 0.284121 0.012355
v 0.208856 0.280662 0.016849
v 0.210656 0.287038 0.006872
v 0.206479 0.286744 0.007926
v 0.186842 0.287144 0.007233
v 0.182241 0.284582 0.012675
v 0.189335 0.282324 0.016361
v 0.188034 0.285121 0.011765
v 0.174649 0.286118 0.008795
v 0.168947 0.283465 0.014095
v 0.177158 0.281097 0.018159
v 0.175992 0.283982 0.013444
v 0.170741 0.276822 0.023718
v 0.178882 0.273004 0.027634
v 0.184543 0.278179 0.021948
v 0.178096 0.277464 0.022927
v 0.191600 0.274395 0.025529
v 0.190497 0.278747 0.020981
v 0.184645 0.289069 -0.001965
v 0.180280 0.287953 0.003484
v 0.185791 0.288427 0.002679
v 0.177892 0.288902 -0.005922
v 0.183370 0.289252 -0.006767
v 0.172628 0.288335 -0.000479
v 0.171622 0.288620 -0.005196
v 0.173916 0.287500 0.004181
v 0.198070 0.269736 0.028854
v 0.204134 0.264070 0.032112
v 0.206983 0.270740 0.026715
v 0.202729 0.270255 0.027770
v 0.201273 0.256358 0.037541
v 0.207647 0.249619 0.040077
v 0.209759 0.257695 0.035154
v 0.205628 0.257150 0.036250
v 0.215629 0.250649 0.037935
v 0.218138 0.258593 0.033117
v 0.212496 0.265007 0.030044
v 0.213852 0.258113 0.034166
v 0.215575 0.271568 0.024687
v 0.211318 0.271131 0.025746
v 0.186908 0.268354 0.031240
v 0.194431 0.262688 0.034581
v 0.192937 0.269018 0.030070
v 0.181654 0.261044 0.037194
v 0.180146 0.267499 0.032433
v 0.186583 0.245989 0.046074
v 0.190408 0.254734 0.040317
v 0.183631 0.253838 0.041750
v 0.198510 0.248073 0.042791
v 0.196101 0.255667 0.038852
v 0.205583 0.240699 0.044784
v 0.211898 0.232985 0.046342
v 0.213515 0.242166 0.042315
v 0.209664 0.241434 0.043437
v 0.210305 0.223292 0.049856
v 0.216356 0.214937 0.050174
v 0.217529 0.224882 0.047498
v 0.214040 0.224208 0.048615
v 0.223037 0.216133 0.048086
v 0.224757 0.225748 0.045446
v 0.219133 0.234245 0.044176
v 0.220939 0.225404 0.046432
v 0.221329 0.242989 0.040288
v 0.217236 0.242682 0.041249
v 0.195813 0.238780 0.048022
v 0.203628 0.231245 0.049198
v 0.201046 0.239830 0.046294
v 0.192931 0.228751 0.052853
v 0.189590 0.237594 0.049773
v 0.199885 0.210067 0.056493
v 0.201625 0.221112 0.053204
v 0.196272 0.219638 0.055110
v 0.209095 0.213000 0.052902
v 0.206342 0.222308 0.051491
v 0.215097 0.204434 0.051694
v 0.220258 0.195720 0.049769
v 0.221505 0.206001 0.049409
v 0.218468 0.205282 0.050482
v 0.218663 0.185408 0.049398
v 0.222513 0.177457 0.046214
v 0.224415 0.187331 0.047385
v 0.221668 0.186396 0.048263
v 0.228023 0.179156 0.044218
v 0.230565 0.188543 0.045531
v 0.226212 0.197119 0.047937
v 0.227370 0.187931 0.046499
v 0.228132 0.207086 0.047578
v 0.224720 0.206658 0.048549
v 0.207465 0.201882 0.054643
v 0.213824 0.193620 0.052362
v 0.211508 0.203369 0.053135
v 0.197891 0.198230 0.058599
v 0.205658 0.190394 0.055556
v 0.202954 0.200272 0.056555
v 0.203528 0.178717 0.055934
v 0.209527 0.171611 0.051626
v 0.211888 0.182661 0.052288
v 0.207919 0.180762 0.053907
v 0.216618 0.174975 0.048491
v 0.215490 0.184167 0.050749
v 0.206756 0.160690 0.050569
v 0.211120 0.154607 0.045160
v 0.213990 0.164715 0.047001
v 0.210506 0.162756 0.048568
v 0.208434 0.144777 0.043280
v 0.211852 0.139929 0.037025
v 0.214471 0.149014 0.039542
v 0.211541 0.146963 0.041208
v 0.217102 0.143537 0.033797
v 0.219769 0.152259 0.036577
v 0.217267 0.158257 0.041943
v 0.217215 0.150710 0.037983
v 0.220114 0.167812 0.044306
v 0.217156 0.166360 0.045488
v 0.200746 0.166364 0.055749
v 0.197858 0.154392 0.055603
v 0.203807 0.149430 0.049619
v 0.202435 0.157729 0.052919
v 0.190465 0.159234 0.061530
v 0.188369 0.146212 0.062610
v 0.195493 0.142289 0.055600
v 0.193101 0.150505 0.058842
v 0.194252 0.130084 0.055577
v 0.199689 0.127515 0.047506
v 0.201300 0.138526 0.048595
v 0.197691 0.134623 0.051822
v 0.205814 0.134813 0.041463
v 0.204919 0.141805 0.045778
v 0.195843 0.185511 0.060117
v 0.193342 0.172277 0.060847
v 0.198678 0.175675 0.058215
v 0.186413 0.192292 0.064074
v 0.192389 0.195480 0.061076
v 0.173860 0.183618 0.070904
v 0.184333 0.178074 0.065986
v 0.180181 0.188361 0.067289
v 0.181895 0.164094 0.067317
v 0.187677 0.168406 0.063806
v 0.179905 0.149892 0.069597
v 0.179932 0.135396 0.072206
v 0.187620 0.132893 0.063709
v 0.183920 0.141195 0.067006
v 0.171187 0.137369 0.081143
v 0.172736 0.121320 0.084508
v 0.180989 0.120601 0.074597
v 0.176279 0.128813 0.078220
v 0.181980 0.105576 0.075683
v 0.188894 0.105763 0.065040
v 0.188295 0.119340 0.064991
v 0.185175 0.112856 0.070210
v 0.194461 0.117848 0.055705
v 0.191162 0.125102 0.060049
v 0.171838 0.168259 0.073333
v 0.170452 0.153004 0.076486
v 0.175937 0.158837 0.071421
v 0.160621 0.171600 0.079500
v 0.167215 0.177917 0.074847
v 0.148504 0.157017 0.091912
v 0.159975 0.155484 0.083875
v 0.154220 0.164681 0.084973
v 0.161452 0.138671 0.089930
v 0.165668 0.146379 0.082798
v 0.163400 0.121210 0.094965
v 0.165660 0.103304 0.097964
v 0.174270 0.104863 0.086728
v 0.169101 0.112843 0.091261
v 0.156354 0.100142 0.109601
v 0.158943 0.079819 0.110504
v 0.167737 0.084916 0.098800
v 0.162411 0.092349 0.104690
v 0.168748 0.066105 0.095812
v 0.176152 0.071288 0.084232
v 0.175707 0.088224 0.087035
v 0.172303 0.077882 0.091901
v 0.182849 0.090334 0.075165
v 0.178832 0.097360 0.081428
v 0.150853 0.138737 0.099606
v 0.153404 0.119813 0.105455
v 0.157476 0.129791 0.097676
v 0.138918 0.137582 0.109607
v 0.143663 0.147876 0.100708
v 0.129967 0.111700 0.127613
v 0.142354 0.116799 0.116602
v 0.134173 0.125713 0.118685
v 0.146072 0.095132 0.121153
v 0.149752 0.108243 0.113487
v 0.149284 0.072543 0.121574
v 0.152671 0.050086 0.118332
v 0.160926 0.059179 0.107252
v 0.155374 0.065693 0.114679
v 0.144166 0.038528 0.129087
v 0.150774 0.011884 0.125177
v 0.157474 0.025961 0.114285
v 0.151233 0.032207 0.122027
v 0.162277 0.000361 0.108738
v 0.167603 0.014182 0.097069
v 0.163884 0.037522 0.102751
v 0.162884 0.019985 0.105979
v 0.170441 0.046753 0.090923
v 0.165968 0.052859 0.099330
v 0.134791 0.087687 0.132195
v 0.138949 0.063315 0.131891
v 0.142538 0.079940 0.127501
v 0.116600 0.103454 0.138278
v 0.122479 0.077285 0.142137
v 0.126231 0.095574 0.135808
v 0.109440 0.063965 0.150341
v 0.117679 0.036413 0.150067
v 0.128198 0.051360 0.141199
v 0.119197 0.057685 0.146211
v 0.135774 0.024296 0.139256
v 0.136442 0.045119 0.135407
v 0.107604 0.017789 0.158316
v 0.118693 -0.015017 0.156338
v 0.127477 0.006286 0.148238
v 0.118075 0.012093 0.153690
v 0.109372 -0.038893 0.163836
v 0.120429 -0.073738 0.159856
v 0.128706 -0.048255 0.152578
v 0.119370 -0.043422 0.158447
v 0.138687 -0.082677 0.146585
v 0.145486 -0.058113 0.139074
v 0.136174 -0.025556 0.144120
v 0.137419 -0.053161 0.146142
v 0.143597 -0.005307 0.134988
v 0.135985 0.000491 0.141854
v 0.096182 0.047619 0.157573
v 0.084108 0.028120 0.164853
v 0.097515 -0.004780 0.165929
v 0.096236 0.023227 0.162068
v 0.072037 0.056889 0.162424
v 0.058384 0.035913 0.168554
v 0.072678 0.004285 0.172519
v 0.071475 0.032376 0.166954
v 0.060762 -0.022708 0.179553
v 0.074919 -0.057889 0.179358
v 0.086603 -0.029786 0.173110
v 0.074040 -0.025980 0.176640
v 0.099233 -0.065142 0.170765
v 0.098422 -0.034026 0.168906
v 0.101959 0.091642 0.148128
v 0.087033 0.075407 0.156523
v 0.098696 0.069877 0.153815
v 0.093839 0.118505 0.140816
v 0.105811 0.111313 0.140032
v 0.066039 0.129335 0.142101
v 0.077122 0.103387 0.150954
v 0.080750 0.124737 0.141362
v 0.060675 0.084230 0.159595
v 0.074249 0.080407 0.158329
v 0.045015 0.063280 0.165191
v 0.031030 0.040613 0.170943
v 0.045710 0.011064 0.175857
v 0.044916 0.038690 0.169718
v 0.016774 0.066156 0.167278
v 0.017693 0.014326 0.178045
v 0.017027 0.041729 0.171971
v 0.019145 -0.049550 0.188240
v 0.032672 -0.017816 0.183338
v 0.018506 -0.016532 0.184295
v 0.047596 -0.052426 0.185067
v 0.046871 -0.019945 0.181789
v 0.048299 0.109131 0.153299
v 0.032028 0.088288 0.161626
v 0.046493 0.086764 0.160615
v 0.033988 0.129433 0.146307
v 0.050084 0.129868 0.144325
v 0.017701 0.110267 0.155632
v 0.017972 0.129176 0.147711
v 0.017285 0.089201 0.162559
v 0.020029 -0.120165 0.191525
v 0.033995 -0.085009 0.188170
v 0.019536 -0.083841 0.189411
v 0.021243 -0.200070 0.199768
v 0.035575 -0.159691 0.194347
v 0.020486 -0.158677 0.195517
v 0.051904 -0.202230 0.196215
v 0.064535 -0.162826 0.189634
v 0.048878 -0.122516 0.188159
v 0.050204 -0.161008 0.192367
v 0.062108 -0.088752 0.183468
v 0.048145 -0.086659 0.186180
v 0.022693 -0.283705 0.199859
v 0.038041 -0.243143 0.199868
v 0.022148 -0.242265 0.201266
v 0.023900 -0.368766 0.201535
v 0.040014 -0.326478 0.199374
v 0.023277 -0.325781 0.200219
v 0.058538 -0.370279 0.198358
v 0.073194 -0.328743 0.194750
v 0.055366 -0.285688 0.197308
v 0.057046 -0.327483 0.197858
v 0.069279 -0.245497 0.194641
v 0.053660 -0.244327 0.197693
v 0.025860 -0.452577 0.196777
v 0.042667 -0.411953 0.199049
v 0.024791 -0.411216 0.200370
v 0.027633 -0.532806 0.190346
v 0.044896 -0.493470 0.191836
v 0.026992 -0.493357 0.193079
v 0.063757 -0.532441 0.186666
v 0.079950 -0.493564 0.185973
v 0.061489 -0.453295 0.193033
v 0.062849 -0.493586 0.189471
v 0.077283 -0.413154 0.192468
v 0.060145 -0.412619 0.196374
v 0.028207 -0.605465 0.189548
v 0.046552 -0.569733 0.187934
v 0.028098 -0.570147 0.189348
v 0.028651 -0.668956 0.190392
v 0.047205 -0.637679 0.188513
v 0.028130 -0.638306 0.190013
v 0.066558 -0.667104 0.185773
v 0.083410 -0.636143 0.182597
v 0.065102 -0.604329 0.185653
v 0.065592 -0.636912 0.186064
v 0.081834 -0.568795 0.182450
v 0.064512 -0.569317 0.185696
v 0.029123 -0.720412 0.188661
v 0.048601 -0.695589 0.187680
v 0.028949 -0.696437 0.189666
v 0.049657 -0.741118 0.186236
v 0.029641 -0.741979 0.187801
v 0.087565 -0.739248 0.180878
v 0.068519 -0.718837 0.184558
v 0.068976 -0.740178 0.183934
v 0.085965 -0.693520 0.181990
v 0.067817 -0.694639 0.185185
v 0.102004 -0.665020 0.178375
v 0.116581 -0.634738 0.173766
v 0.099373 -0.603229 0.178506
v 0.100426 -0.635489 0.178456
v 0.133550 -0.662976 0.168507
v 0.145632 -0.633361 0.162834
v 0.130072 -0.602431 0.168859
v 0.131554 -0.634014 0.168586
v 0.142556 -0.568500 0.163595
v 0.127246 -0.532486 0.169652
v 0.113984 -0.568327 0.174238
v 0.128732 -0.568328 0.169210
v 0.097373 -0.532212 0.179404
v 0.098378 -0.568511 0.178632
v 0.104821 -0.716628 0.177500
v 0.120217 -0.691238 0.173482
v 0.103642 -0.692484 0.178009
v 0.105872 -0.756525 0.176324
v 0.122264 -0.736752 0.172504
v 0.105591 -0.737995 0.176955
v 0.138462 -0.754006 0.166803
v 0.152294 -0.734270 0.161828
v 0.136949 -0.714320 0.167849
v 0.137978 -0.735496 0.167372
v 0.149690 -0.689097 0.162727
v 0.135464 -0.690122 0.168387
v 0.166088 -0.751308 0.155152
v 0.177337 -0.732265 0.149252
v 0.164192 -0.712266 0.156214
v 0.165442 -0.733228 0.155717
v 0.188940 -0.748932 0.141590
v 0.197703 -0.730264 0.134786
v 0.186751 -0.710263 0.142769
v 0.188088 -0.731275 0.142257
v 0.194647 -0.686031 0.135754
v 0.182814 -0.660428 0.143502
v 0.174430 -0.687357 0.150138
v 0.185062 -0.686658 0.143193
v 0.160347 -0.661456 0.156871
v 0.162625 -0.688224 0.156659
v 0.152851 -0.767971 0.160717
v 0.165993 -0.778239 0.154116
v 0.178403 -0.765510 0.148048
v 0.166215 -0.766651 0.154607
v 0.152018 -0.786701 0.159890
v 0.165204 -0.788966 0.153425
v 0.177831 -0.784742 0.147343
v 0.165613 -0.785733 0.153687
v 0.188797 -0.787214 0.140135
v 0.198793 -0.783043 0.132681
v 0.189184 -0.776062 0.140643
v 0.188888 -0.783849 0.140286
v 0.199000 -0.763153 0.133604
v 0.189327 -0.764392 0.141070
v 0.122472 -0.770144 0.171310
v 0.137896 -0.780339 0.165716
v 0.138345 -0.769037 0.166293
v 0.104884 -0.782159 0.175224
v 0.105521 -0.771261 0.175746
v 0.103696 -0.792432 0.174607
v 0.121380 -0.788300 0.170387
v 0.104168 -0.789164 0.174807
v 0.137147 -0.790591 0.165346
v 0.137296 -0.787471 0.165455
v 0.207363 -0.785895 0.124796
v 0.215012 -0.781739 0.116688
v 0.207617 -0.774402 0.125335
v 0.207425 -0.782426 0.124895
v 0.221753 -0.784615 0.107571
v 0.227552 -0.780260 0.098295
v 0.221858 -0.772923 0.108101
v 0.221708 -0.780941 0.107784
v 0.227610 -0.760750 0.098896
v 0.221336 -0.746279 0.108797
v 0.215114 -0.761895 0.117239
v 0.221772 -0.761303 0.108342
v 0.207131 -0.747275 0.126207
v 0.207574 -0.762539 0.125699
v 0.232743 -0.783352 0.087530
v 0.237178 -0.779613 0.076374
v 0.232850 -0.772001 0.087933
v 0.232736 -0.779775 0.087820
v 0.240876 -0.782877 0.064453
v 0.244031 -0.779322 0.051989
v 0.240977 -0.771507 0.064863
v 0.240911 -0.779415 0.064497
v 0.243930 -0.760062 0.052878
v 0.240432 -0.745756 0.065768
v 0.237160 -0.760402 0.077068
v 0.240848 -0.760205 0.065342
v 0.232319 -0.745859 0.088670
v 0.232780 -0.760594 0.088262
v 0.246535 -0.782657 0.039058
v 0.248379 -0.778761 0.025917
v 0.246512 -0.770968 0.039479
v 0.246522 -0.778994 0.039174
v 0.249781 -0.782680 0.011984
v 0.250665 -0.778715 -0.001575
v 0.249774 -0.770337 0.012560
v 0.249787 -0.778717 0.012174
v 0.250528 -0.758990 -0.000680
v 0.249268 -0.745000 0.014030
v 0.248234 -0.759336 0.026726
v 0.249647 -0.759142 0.013209
v 0.245968 -0.745439 0.040666
v 0.246376 -0.759754 0.039935
v 0.251020 -0.783170 -0.016099
v 0.250634 -0.779392 -0.030035
v 0.250951 -0.770389 -0.015472
v 0.250978 -0.779053 -0.015976
v 0.249801 -0.784138 -0.044095
v 0.248015 -0.780375 -0.057623
v 0.249678 -0.770998 -0.043273
v 0.249699 -0.779869 -0.043905
v 0.247753 -0.759667 -0.055667
v 0.248997 -0.745243 -0.041045
v 0.250448 -0.759161 -0.028633
v 0.249441 -0.759383 -0.042305
v 0.250458 -0.744920 -0.013657
v 0.250813 -0.759022 -0.014754
v 0.245664 -0.785254 -0.071017
v 0.242655 -0.781341 -0.083273
v 0.245635 -0.771790 -0.069780
v 0.245719 -0.780857 -0.070653
v 0.239220 -0.785958 -0.095176
v 0.235071 -0.781752 -0.105539
v 0.238901 -0.772430 -0.093870
v 0.239083 -0.781618 -0.094896
v 0.234503 -0.760993 -0.103248
v 0.238137 -0.746939 -0.091091
v 0.242265 -0.760480 -0.081043
v 0.238625 -0.760755 -0.092584
v 0.244847 -0.746046 -0.067230
v 0.245328 -0.760078 -0.068672
v 0.230820 -0.785862 -0.115518
v 0.225674 -0.781596 -0.123805
v 0.230368 -0.772477 -0.114156
v 0.230607 -0.781721 -0.115203
v 0.220388 -0.785376 -0.131792
v 0.214177 -0.781036 -0.137720
v 0.219921 -0.772192 -0.130339
v 0.220237 -0.781405 -0.131356
v 0.213407 -0.760897 -0.135813
v 0.218980 -0.747773 -0.128027
v 0.225003 -0.761141 -0.121623
v 0.219507 -0.761079 -0.129267
v 0.229585 -0.747515 -0.111461
v 0.230057 -0.761103 -0.112911
v 0.207406 -0.784633 -0.143455
v 0.200276 -0.780034 -0.147428
v 0.207195 -0.771447 -0.142227
v 0.207549 -0.780581 -0.143061
v 0.192275 -0.783727 -0.151307
v 0.183679 -0.778985 -0.154196
v 0.191964 -0.770418 -0.150573
v 0.192326 -0.779471 -0.151010
v 0.182717 -0.758960 -0.153410
v 0.190851 -0.746463 -0.149264
v 0.199466 -0.759993 -0.146022
v 0.191490 -0.759451 -0.149979
v 0.206211 -0.747452 -0.140371
v 0.206793 -0.760497 -0.141366
v 0.174225 -0.783020 -0.157163
v 0.163834 -0.778401 -0.159688
v 0.173782 -0.769633 -0.156891
v 0.174215 -0.778625 -0.157066
v 0.152620 -0.782659 -0.162342
v 0.140063 -0.778093 -0.164384
v 0.152042 -0.769239 -0.162088
v 0.152453 -0.778224 -0.162175
v 0.139068 -0.758203 -0.164047
v 0.150718 -0.745216 -0.161481
v 0.162817 -0.758362 -0.159334
v 0.151446 -0.758206 -0.161824
v 0.172555 -0.745565 -0.156057
v 0.173211 -0.758602 -0.156535
v 0.126772 -0.782496 -0.166346
v 0.112162 -0.778296 -0.168477
v 0.126282 -0.769247 -0.166312
v 0.126659 -0.778124 -0.166497
v 0.096555 -0.782858 -0.169886
v 0.096397 -0.769972 -0.169822
v 0.096555 -0.778617 -0.170003
v 0.095393 -0.746226 -0.169216
v 0.111350 -0.758749 -0.167934
v 0.095952 -0.759228 -0.169538
v 0.125019 -0.745374 -0.165725
v 0.125709 -0.758362 -0.166023
v 0.109938 -0.731052 -0.167230
v 0.123282 -0.714250 -0.164772
v 0.137458 -0.730612 -0.163297
v 0.124169 -0.730764 -0.165343
v 0.078564 -0.731930 -0.170068
v 0.093993 -0.714726 -0.168169
v 0.094699 -0.731536 -0.168800
v 0.077582 -0.697070 -0.168606
v 0.092978 -0.677558 -0.166383
v 0.108274 -0.696459 -0.165929
v 0.093402 -0.696800 -0.167420
v 0.121707 -0.677242 -0.163271
v 0.135539 -0.696259 -0.162075
v 0.122324 -0.696365 -0.164139
v 0.148776 -0.714205 -0.160504
v 0.161114 -0.730790 -0.158479
v 0.149756 -0.730613 -0.161057
v 0.146919 -0.677381 -0.158984
v 0.159139 -0.696689 -0.157167
v 0.147805 -0.696433 -0.159835
v 0.168635 -0.677865 -0.153216
v 0.179194 -0.697175 -0.150584
v 0.170567 -0.714646 -0.154896
v 0.169579 -0.696889 -0.154114
v 0.181154 -0.731513 -0.152253
v 0.171580 -0.731097 -0.155551
v 0.157303 -0.657725 -0.155325
v 0.166354 -0.636165 -0.150720
v 0.177315 -0.658151 -0.148444
v 0.167669 -0.657907 -0.152119
v 0.133868 -0.657247 -0.160254
v 0.144701 -0.635678 -0.156738
v 0.146032 -0.657507 -0.158031
v 0.130954 -0.611672 -0.157460
v 0.140956 -0.586947 -0.153531
v 0.154274 -0.612434 -0.152328
v 0.143034 -0.612139 -0.155158
v 0.162608 -0.587560 -0.147155
v 0.174301 -0.612828 -0.145114
v 0.164686 -0.612720 -0.149022
v 0.187170 -0.678360 -0.145396
v 0.196164 -0.697750 -0.141904
v 0.188987 -0.715494 -0.147663
v 0.188052 -0.697462 -0.146552
v 0.202694 -0.678546 -0.135076
v 0.210405 -0.697871 -0.130435
v 0.204550 -0.716149 -0.138051
v 0.203554 -0.697854 -0.136545
v 0.212162 -0.733096 -0.133488
v 0.198095 -0.732402 -0.144336
v 0.205434 -0.732853 -0.139339
v 0.189946 -0.732022 -0.148566
v 0.184837 -0.636585 -0.142497
v 0.194213 -0.658296 -0.139172
v 0.186128 -0.658320 -0.144117
v 0.181104 -0.587742 -0.138459
v 0.191343 -0.612960 -0.135316
v 0.183173 -0.613082 -0.140543
v 0.196790 -0.587132 -0.127053
v 0.205544 -0.612265 -0.122726
v 0.200348 -0.636423 -0.131549
v 0.198782 -0.612720 -0.129381
v 0.208357 -0.658022 -0.127008
v 0.201621 -0.658209 -0.133442
v 0.187194 -0.561027 -0.130879
v 0.192372 -0.531900 -0.122344
v 0.201679 -0.559544 -0.117795
v 0.194760 -0.560382 -0.124720
v 0.169991 -0.561509 -0.141217
v 0.176352 -0.533243 -0.134330
v 0.178925 -0.561452 -0.136345
v 0.164400 -0.503409 -0.137148
v 0.170544 -0.470742 -0.129014
v 0.182001 -0.502267 -0.126256
v 0.173516 -0.502973 -0.132041
v 0.186797 -0.469011 -0.116475
v 0.196780 -0.500259 -0.112461
v 0.189773 -0.501418 -0.119693
v 0.209902 -0.585707 -0.112763
v 0.217233 -0.610778 -0.107076
v 0.213179 -0.635480 -0.117617
v 0.211739 -0.611594 -0.115277
v 0.220494 -0.583583 -0.095665
v 0.226708 -0.608333 -0.088600
v 0.223641 -0.633959 -0.100512
v 0.222228 -0.609572 -0.098174
v 0.229324 -0.655368 -0.093091
v 0.226063 -0.677013 -0.104864
v 0.219957 -0.657127 -0.111678
v 0.224961 -0.656242 -0.102750
v 0.215523 -0.678083 -0.121749
v 0.214469 -0.657636 -0.119784
v 0.205699 -0.529829 -0.107469
v 0.213498 -0.557424 -0.101913
v 0.207872 -0.558541 -0.110212
v 0.200207 -0.466600 -0.101226
v 0.208879 -0.497776 -0.096075
v 0.203173 -0.499143 -0.104580
v 0.211094 -0.463462 -0.083576
v 0.218469 -0.494421 -0.077456
v 0.216503 -0.527024 -0.090069
v 0.213933 -0.496155 -0.087050
v 0.223128 -0.554597 -0.083467
v 0.218618 -0.556076 -0.092961
v 0.203048 -0.430633 -0.089107
v 0.204841 -0.392625 -0.076773
v 0.212605 -0.426869 -0.070693
v 0.208158 -0.428882 -0.080106
v 0.190876 -0.433571 -0.105508
v 0.193991 -0.396020 -0.093830
v 0.197300 -0.432194 -0.097588
v 0.183567 -0.360199 -0.097313
v 0.185979 -0.320164 -0.085217
v 0.195803 -0.356683 -0.081583
v 0.189989 -0.358647 -0.089782
v 0.196763 -0.316287 -0.068957
v 0.205462 -0.352719 -0.064017
v 0.200900 -0.354920 -0.073049
v 0.219560 -0.459404 -0.063984
v 0.225911 -0.489943 -0.056879
v 0.225015 -0.523314 -0.070447
v 0.222439 -0.492262 -0.067394
v 0.225962 -0.454318 -0.042570
v 0.231299 -0.484582 -0.034466
v 0.231520 -0.518625 -0.048721
v 0.228904 -0.487347 -0.045780
v 0.236223 -0.545915 -0.039950
v 0.235594 -0.576643 -0.054096
v 0.230710 -0.550663 -0.062681
v 0.233778 -0.548367 -0.051502
v 0.229006 -0.580538 -0.076006
v 0.227132 -0.552726 -0.073374
v 0.213386 -0.388186 -0.057775
v 0.220085 -0.422143 -0.050486
v 0.216617 -0.424667 -0.060769
v 0.205015 -0.311668 -0.051026
v 0.212867 -0.347620 -0.044622
v 0.209422 -0.350356 -0.054531
v 0.211207 -0.305563 -0.031171
v 0.218131 -0.341505 -0.023781
v 0.219841 -0.382578 -0.037134
v 0.215785 -0.344478 -0.034323
v 0.225476 -0.416567 -0.028889
v 0.223087 -0.419324 -0.039720
v 0.204769 -0.269553 -0.038961
v 0.203295 -0.228520 -0.028265
v 0.209704 -0.263234 -0.019288
v 0.207504 -0.266520 -0.029273
v 0.197799 -0.275118 -0.057282
v 0.197813 -0.234186 -0.046864
v 0.201559 -0.272306 -0.048279
v 0.189826 -0.200000 -0.053687
v 0.189178 -0.163886 -0.043723
v 0.196015 -0.195587 -0.036363
v 0.193211 -0.197914 -0.045183
v 0.194010 -0.159269 -0.026216
v 0.200065 -0.190049 -0.017880
v 0.198302 -0.192831 -0.027235
v 0.215139 -0.298675 -0.010305
v 0.221066 -0.334238 -0.001998
v 0.224052 -0.376260 -0.015461
v 0.219881 -0.337836 -0.013005
v 0.216815 -0.291086 0.011288
v 0.221455 -0.326427 0.020392
v 0.225926 -0.369175 0.007251
v 0.221576 -0.330490 0.009059
v 0.229267 -0.402900 0.016911
v 0.231854 -0.441989 0.003269
v 0.228576 -0.410044 -0.006335
v 0.229268 -0.406513 0.005369
v 0.230101 -0.448510 -0.020167
v 0.227328 -0.413274 -0.017592
v 0.206524 -0.222574 -0.008729
v 0.212376 -0.256273 0.001395
v 0.211336 -0.259925 -0.009135
v 0.196716 -0.153910 -0.007573
v 0.202033 -0.183739 0.001744
v 0.201330 -0.187049 -0.008089
v 0.197495 -0.147365 0.012054
v 0.201878 -0.176346 0.022316
v 0.207518 -0.215145 0.011935
v 0.202246 -0.179868 0.012089
v 0.212591 -0.248461 0.022850
v 0.212798 -0.252533 0.011944
v 0.192604 -0.120826 0.002377
v 0.189166 -0.090394 0.011727
v 0.192522 -0.113939 0.022128
v 0.192833 -0.117587 0.012083
v 0.190772 -0.126509 -0.016337
v 0.188340 -0.096139 -0.007348
v 0.191903 -0.123817 -0.007176
v 0.183985 -0.073319 -0.016622
v 0.182864 -0.048330 -0.008446
v 0.185825 -0.068314 0.001450
v 0.185093 -0.070777 -0.007666
v 0.184288 -0.043369 0.009743
v 0.186033 -0.062525 0.020676
v 0.186137 -0.065530 0.010982
v 0.196052 -0.139512 0.032775
v 0.199329 -0.167531 0.043523
v 0.206001 -0.207134 0.033137
v 0.200883 -0.172040 0.032820
v 0.192463 -0.130907 0.053944
v 0.194568 -0.157933 0.064805
v 0.202188 -0.197927 0.054403
v 0.197220 -0.162862 0.054158
v 0.204640 -0.229777 0.065771
v 0.212158 -0.273165 0.055247
v 0.209981 -0.239455 0.044395
v 0.207684 -0.234935 0.055172
v 0.215928 -0.282550 0.033331
v 0.211650 -0.244034 0.033617
v 0.188123 -0.083558 0.031904
v 0.190439 -0.106405 0.042808
v 0.191760 -0.110510 0.032365
v 0.183923 -0.037177 0.029194
v 0.184424 -0.055636 0.041115
v 0.185493 -0.059400 0.030743
v 0.181628 -0.029664 0.049741
v 0.180756 -0.047235 0.062054
v 0.185227 -0.075549 0.052830
v 0.182855 -0.051625 0.051516
v 0.186039 -0.097733 0.064100
v 0.188500 -0.102003 0.053488
v 0.182560 -0.014615 0.037359
v 0.182029 0.006275 0.045204
v 0.179771 -0.006156 0.057957
v 0.181354 -0.010495 0.047568
v 0.183594 -0.021529 0.017394
v 0.183431 -0.001282 0.025033
v 0.183292 -0.018168 0.027187
v 0.184439 0.010180 0.013263
v 0.186091 0.026213 0.020693
v 0.184182 0.016905 0.032684
v 0.184529 0.013358 0.022866
v 0.185382 0.033507 0.040323
v 0.182232 0.025269 0.053164
v 0.183472 0.020770 0.042951
v 0.177368 -0.020640 0.070534
v 0.174977 -0.037538 0.082600
v 0.180330 -0.066658 0.073902
v 0.178151 -0.042500 0.072366
v 0.171024 -0.010690 0.090545
v 0.167053 -0.027245 0.102155
v 0.173075 -0.056780 0.094202
v 0.171287 -0.032667 0.092580
v 0.170661 -0.078239 0.104510
v 0.178402 -0.111643 0.095155
v 0.179421 -0.088168 0.084920
v 0.175351 -0.083311 0.094866
v 0.186718 -0.121294 0.074918
v 0.182895 -0.092746 0.074655
v 0.178615 0.015427 0.065668
v 0.174892 0.003470 0.078203
v 0.177597 -0.001568 0.068148
v 0.182399 0.042711 0.060739
v 0.177602 0.035250 0.072932
v 0.180280 0.030015 0.063237
v 0.176529 0.053741 0.079135
v 0.172619 0.025861 0.085047
v 0.174284 0.040879 0.082100
v 0.171590 0.008770 0.087847
v 0.177393 -0.137977 0.105085
v 0.186919 -0.177777 0.095922
v 0.187254 -0.148108 0.085625
v 0.182694 -0.143001 0.095489
v 0.186183 -0.209745 0.106318
v 0.196281 -0.252754 0.097240
v 0.196675 -0.219782 0.086615
v 0.191804 -0.214694 0.096566
v 0.205510 -0.263001 0.076784
v 0.195843 -0.187856 0.075696
v 0.201031 -0.224880 0.076398
v 0.191316 -0.153247 0.075292
v 0.167488 -0.101668 0.113929
v 0.164648 -0.128015 0.122973
v 0.175503 -0.167534 0.114805
v 0.171373 -0.133046 0.114235
v 0.154351 -0.092017 0.131122
v 0.149045 -0.118307 0.139104
v 0.161204 -0.157730 0.132044
v 0.157140 -0.123089 0.131322
v 0.156761 -0.190577 0.141221
v 0.169618 -0.234227 0.133975
v 0.172784 -0.199835 0.124486
v 0.165093 -0.195142 0.133064
v 0.184313 -0.243079 0.116270
v 0.179779 -0.204585 0.115663
v 0.163423 -0.046697 0.113174
v 0.159578 -0.068475 0.122916
v 0.165477 -0.073533 0.113925
v 0.156606 -0.016458 0.119582
v 0.162116 -0.022011 0.111154
v 0.151022 -0.036004 0.129785
v 0.150445 -0.011025 0.127571
v 0.152904 -0.063320 0.131358
v 0.165213 -0.270165 0.142424
v 0.177779 -0.314050 0.133648
v 0.181342 -0.278262 0.125242
v 0.173667 -0.273890 0.133981
v 0.173744 -0.351249 0.141525
v 0.185987 -0.394692 0.131728
v 0.190328 -0.359007 0.123977
v 0.182430 -0.354931 0.132942
v 0.200857 -0.402131 0.113396
v 0.203860 -0.367691 0.104869
v 0.192902 -0.322838 0.115661
v 0.197491 -0.363286 0.114579
v 0.194724 -0.287412 0.106677
v 0.188374 -0.282742 0.116127
v 0.151852 -0.225820 0.150486
v 0.145932 -0.262445 0.158585
v 0.159907 -0.306477 0.150276
v 0.155960 -0.266059 0.150658
v 0.131086 -0.218071 0.165616
v 0.123239 -0.255714 0.173268
v 0.138730 -0.299743 0.165785
v 0.135015 -0.258974 0.166129
v 0.130335 -0.337871 0.172392
v 0.146114 -0.381877 0.164101
v 0.153803 -0.343872 0.157763
v 0.142450 -0.340684 0.165343
v 0.167903 -0.387864 0.148618
v 0.164217 -0.347433 0.149785
v 0.144092 -0.148671 0.147825
v 0.137986 -0.182281 0.156813
v 0.147753 -0.186408 0.149199
v 0.131099 -0.109778 0.153445
v 0.140377 -0.113999 0.146492
v 0.110771 -0.101592 0.165719
v 0.123926 -0.140314 0.161833
v 0.121213 -0.105610 0.159884
v 0.116189 -0.174456 0.170503
v 0.127420 -0.178266 0.163948
v 0.107426 -0.211134 0.178728
v 0.097655 -0.249726 0.185362
v 0.114007 -0.293692 0.179533
v 0.110775 -0.252672 0.179690
v 0.081034 -0.205748 0.189027
v 0.086231 -0.288701 0.190241
v 0.084005 -0.247416 0.190316
v 0.091221 -0.373055 0.189920
v 0.103258 -0.332756 0.185152
v 0.088652 -0.330781 0.190345
v 0.120488 -0.376927 0.178055
v 0.117189 -0.335049 0.179122
v 0.101348 -0.132647 0.173316
v 0.091631 -0.167713 0.181516
v 0.104224 -0.170905 0.176401
v 0.088026 -0.094389 0.175635
v 0.099697 -0.097826 0.170966
v 0.076480 -0.126498 0.181938
v 0.075539 -0.091377 0.179806
v 0.078562 -0.165000 0.185834
v 0.136277 -0.419431 0.169473
v 0.150450 -0.459877 0.160529
v 0.160047 -0.423902 0.155115
v 0.148648 -0.421501 0.162482
v 0.139343 -0.496358 0.165139
v 0.153563 -0.533627 0.157853
v 0.163210 -0.498514 0.151859
v 0.151760 -0.497303 0.158647
v 0.176130 -0.535554 0.143943
v 0.183683 -0.501659 0.136740
v 0.172178 -0.463674 0.145704
v 0.173879 -0.500068 0.144480
v 0.179949 -0.429206 0.139015
v 0.170491 -0.426529 0.147185
v 0.108551 -0.415712 0.182091
v 0.124777 -0.456842 0.173671
v 0.122878 -0.417349 0.176089
v 0.095165 -0.454613 0.184790
v 0.093528 -0.414356 0.187484
v 0.111509 -0.494655 0.176770
v 0.096292 -0.494093 0.181676
v 0.126014 -0.495394 0.171120
v 0.195044 -0.538527 0.127862
v 0.200615 -0.506088 0.119457
v 0.190379 -0.468311 0.129226
v 0.192554 -0.503822 0.128269
v 0.210373 -0.542236 0.109706
v 0.214301 -0.511090 0.100529
v 0.205375 -0.473799 0.111058
v 0.207870 -0.508532 0.110251
v 0.209375 -0.442270 0.102327
v 0.196202 -0.435435 0.121385
v 0.203175 -0.438810 0.111964
v 0.188490 -0.432324 0.130388
v 0.187801 -0.570682 0.135852
v 0.198163 -0.602983 0.127471
v 0.204773 -0.572933 0.118807
v 0.196705 -0.571625 0.127627
v 0.190755 -0.632507 0.135779
v 0.201252 -0.659963 0.127894
v 0.207533 -0.633073 0.118841
v 0.199598 -0.632606 0.127611
v 0.215942 -0.660381 0.109745
v 0.220769 -0.634563 0.099748
v 0.213229 -0.604942 0.109484
v 0.214560 -0.633780 0.109572
v 0.218395 -0.575976 0.099783
v 0.211997 -0.574504 0.109485
v 0.167143 -0.569127 0.150734
v 0.179478 -0.602088 0.143295
v 0.177930 -0.569711 0.143550
v 0.156863 -0.602039 0.156978
v 0.155353 -0.568723 0.157415
v 0.170264 -0.632642 0.150238
v 0.158459 -0.633014 0.156784
v 0.180963 -0.632354 0.143299
v 0.227441 -0.661371 0.089484
v 0.230830 -0.636682 0.078394
v 0.225097 -0.607518 0.089460
v 0.226160 -0.635532 0.089358
v 0.235977 -0.663060 0.067069
v 0.238086 -0.639221 0.055165
v 0.233858 -0.610735 0.067205
v 0.234759 -0.638007 0.066941
v 0.236199 -0.584275 0.055863
v 0.231405 -0.551749 0.067915
v 0.228780 -0.579972 0.078696
v 0.232845 -0.582001 0.067525
v 0.222426 -0.546687 0.089786
v 0.223986 -0.577969 0.089466
v 0.223718 -0.685973 0.099962
v 0.230328 -0.708544 0.089237
v 0.233441 -0.686620 0.078415
v 0.228954 -0.686205 0.089392
v 0.226373 -0.728806 0.099537
v 0.235945 -0.728837 0.077770
v 0.231526 -0.728688 0.088957
v 0.242771 -0.729058 0.053866
v 0.238519 -0.709016 0.066650
v 0.239673 -0.728865 0.066146
v 0.240504 -0.687705 0.054829
v 0.237293 -0.687096 0.066917
v 0.211000 -0.685692 0.118944
v 0.219282 -0.708528 0.109511
v 0.217797 -0.685755 0.109714
v 0.204938 -0.709029 0.127303
v 0.203324 -0.685788 0.127560
v 0.213860 -0.729352 0.118272
v 0.206251 -0.729673 0.126835
v 0.220497 -0.728993 0.109243
v 0.241905 -0.664907 0.042778
v 0.242861 -0.641874 0.030299
v 0.239833 -0.614333 0.043229
v 0.240764 -0.640506 0.042948
v 0.245485 -0.666963 0.016766
v 0.245246 -0.644454 0.004397
v 0.243346 -0.618006 0.017976
v 0.244355 -0.643158 0.017409
v 0.243198 -0.592916 0.006064
v 0.241007 -0.562242 0.019814
v 0.240961 -0.588624 0.031491
v 0.242393 -0.590763 0.018904
v 0.237513 -0.556889 0.044533
v 0.238892 -0.586396 0.043926
v 0.244228 -0.709694 0.041927
v 0.245128 -0.688816 0.029603
v 0.243103 -0.688262 0.042410
v 0.247208 -0.728981 0.028213
v 0.245255 -0.728974 0.041247
v 0.249496 -0.728999 0.001212
v 0.247660 -0.710151 0.015760
v 0.248632 -0.729026 0.014916
v 0.247513 -0.689909 0.002951
v 0.246612 -0.689317 0.016422
v 0.246686 -0.668814 -0.009866
v 0.245079 -0.647336 -0.021946
v 0.244367 -0.621461 -0.007900
v 0.245485 -0.645962 -0.008799
v 0.245264 -0.670914 -0.036427
v 0.242267 -0.650056 -0.047540
v 0.242757 -0.625013 -0.033564
v 0.243993 -0.648701 -0.034872
v 0.239720 -0.601359 -0.044378
v 0.239945 -0.572051 -0.030371
v 0.242767 -0.597233 -0.019554
v 0.241516 -0.599456 -0.032209
v 0.241852 -0.567144 -0.005281
v 0.243317 -0.595137 -0.006684
v 0.248838 -0.710816 -0.011509
v 0.247472 -0.691400 -0.024055
v 0.247809 -0.690543 -0.010615
v 0.249343 -0.729496 -0.026343
v 0.249745 -0.729133 -0.012582
v 0.246561 -0.730075 -0.053039
v 0.247397 -0.711958 -0.038689
v 0.248268 -0.729839 -0.039966
v 0.244754 -0.693000 -0.050352
v 0.246429 -0.692210 -0.037422
v 0.241239 -0.673277 -0.061489
v 0.236874 -0.653069 -0.071517
v 0.238628 -0.628379 -0.057967
v 0.239911 -0.651681 -0.059734
v 0.234607 -0.675437 -0.084625
v 0.232027 -0.631483 -0.080589
v 0.233375 -0.654280 -0.082601
v 0.234213 -0.605241 -0.067620
v 0.230759 -0.606871 -0.078342
v 0.237335 -0.603314 -0.056079
v 0.243362 -0.713361 -0.064348
v 0.239239 -0.694932 -0.075063
v 0.242376 -0.693961 -0.062934
v 0.241035 -0.731306 -0.078125
v 0.244116 -0.730756 -0.065904
v 0.233281 -0.732365 -0.100265
v 0.236553 -0.714807 -0.088056
v 0.237336 -0.731973 -0.089656
v 0.231652 -0.696514 -0.096841
v 0.235644 -0.695718 -0.086365
v 0.239329 -0.540689 -0.015886
v 0.237499 -0.507117 -0.001264
v 0.239834 -0.534895 0.008965
v 0.239907 -0.537842 -0.003563
v 0.235751 -0.513256 -0.025506
v 0.238075 -0.543326 -0.028139
v 0.234200 -0.478627 -0.011155
v 0.233046 -0.481736 -0.022954
v 0.234600 -0.471891 0.012927
v 0.234753 -0.475296 0.001048
v 0.236541 -0.500571 0.023084
v 0.237609 -0.528927 0.033544
v 0.239051 -0.532100 0.021226
v 0.231137 -0.434916 0.026698
v 0.232272 -0.464861 0.036786
v 0.233791 -0.468426 0.024922
v 0.227758 -0.427048 0.049945
v 0.227285 -0.457474 0.059870
v 0.232924 -0.493697 0.047094
v 0.230132 -0.461112 0.048484
v 0.232623 -0.522983 0.057307
v 0.235458 -0.525854 0.045663
v 0.227246 -0.394950 0.039902
v 0.221501 -0.352229 0.052782
v 0.222357 -0.386123 0.062488
v 0.225159 -0.390667 0.051343
v 0.225128 -0.361225 0.030072
v 0.228560 -0.399054 0.028373
v 0.219070 -0.317494 0.043016
v 0.220609 -0.322137 0.031660
v 0.213709 -0.307614 0.065241
v 0.216755 -0.312691 0.054198
v 0.221617 -0.418776 0.072249
v 0.219693 -0.449722 0.081712
v 0.226520 -0.486893 0.069821
v 0.223856 -0.453515 0.070993
v 0.212674 -0.410287 0.093511
v 0.217419 -0.480075 0.091245
v 0.214907 -0.446011 0.092125
v 0.224913 -0.516865 0.079775
v 0.220005 -0.513904 0.090338
v 0.229118 -0.519763 0.068757
v 0.214982 -0.342447 0.074822
v 0.214481 -0.376899 0.084268
v 0.218798 -0.381665 0.073404
v 0.205475 -0.297465 0.086650
v 0.209931 -0.302603 0.076115
v 0.205454 -0.332421 0.096010
v 0.200458 -0.292431 0.096751
v 0.209528 -0.372285 0.094685
v 0.185296 0.020607 0.002140
v 0.186384 0.030043 -0.008247
v 0.189778 0.042379 -0.001338
v 0.188063 0.034618 0.009265
v 0.187384 0.032090 0.000414
v 0.183242 0.016687 -0.015068
v 0.183732 0.027192 -0.024950
v 0.187521 0.038994 -0.018262
v 0.185206 0.028404 -0.016666
v 0.188423 0.047771 -0.027706
v 0.191718 0.057257 -0.020381
v 0.190920 0.049885 -0.011260
v 0.189691 0.048564 -0.019547
v 0.193737 0.060088 -0.003944
v 0.192738 0.054037 0.005666
v 0.191890 0.051687 -0.002884
v 0.183298 -0.007366 0.005825
v 0.183198 0.005266 -0.004963
v 0.184012 0.007546 0.003967
v 0.182976 -0.026714 -0.001304
v 0.183512 -0.024227 0.007835
v 0.180807 -0.030795 -0.018680
v 0.181599 -0.011843 -0.011935
v 0.182088 -0.028864 -0.010114
v 0.180587 0.001859 -0.021961
v 0.182023 0.003343 -0.013576
v 0.190619 0.047756 0.016363
v 0.188195 0.041001 0.027808
v 0.188321 0.037600 0.018389
v 0.194861 0.064936 0.012975
v 0.192512 0.060053 0.023617
v 0.192608 0.056759 0.014678
v 0.194970 0.071904 0.030026
v 0.191445 0.068147 0.041724
v 0.189964 0.054925 0.034845
v 0.192161 0.063869 0.032613
v 0.186892 0.048972 0.047709
v 0.187749 0.044798 0.037522
v 0.197745 0.075292 0.019046
v 0.199607 0.085177 0.024065
v 0.197071 0.083132 0.035362
v 0.197573 0.078897 0.027170
v 0.196963 0.069519 0.002740
v 0.200035 0.078660 0.008597
v 0.197498 0.072167 0.010899
v 0.201850 0.082029 -0.001260
v 0.203403 0.089453 0.003647
v 0.201669 0.087231 0.013508
v 0.201929 0.084344 0.006186
v 0.203120 0.096004 0.017711
v 0.201120 0.094993 0.028702
v 0.201416 0.090806 0.020992
v 0.193338 0.080877 0.047093
v 0.188678 0.078073 0.059752
v 0.187548 0.063763 0.054634
v 0.190380 0.072929 0.050841
v 0.188963 0.092022 0.062935
v 0.182781 0.074897 0.072465
v 0.186113 0.083776 0.068012
v 0.182441 0.059119 0.067245
v 0.179451 0.064953 0.075987
v 0.185154 0.053756 0.057843
v 0.198097 0.094134 0.039752
v 0.194212 0.093127 0.051327
v 0.195881 0.087846 0.043450
v 0.201918 0.105105 0.031920
v 0.198842 0.105291 0.043070
v 0.200225 0.099852 0.035894
v 0.199160 0.116427 0.045454
v 0.194530 0.105523 0.054113
v 0.196884 0.111321 0.049671
v 0.191826 0.099146 0.058380
v 0.202771 0.085569 -0.010782
v 0.203779 0.089229 -0.019484
v 0.206003 0.094313 -0.013912
v 0.204939 0.091752 -0.005273
v 0.204359 0.090169 -0.012411
v 0.201211 0.084096 -0.025537
v 0.202246 0.089262 -0.033602
v 0.204783 0.093200 -0.027722
v 0.202982 0.088920 -0.026707
v 0.205757 0.097451 -0.035184
v 0.207400 0.100317 -0.029149
v 0.206750 0.097127 -0.021835
v 0.206243 0.096961 -0.028538
v 0.208326 0.101259 -0.016117
v 0.207993 0.099401 -0.008398
v 0.207388 0.097957 -0.015070
v 0.198963 0.074327 -0.007033
v 0.200441 0.079122 -0.016549
v 0.201188 0.080308 -0.009001
v 0.195269 0.065982 -0.013396
v 0.196235 0.067508 -0.005336
v 0.192963 0.064663 -0.029225
v 0.197038 0.072263 -0.022636
v 0.194182 0.065049 -0.021338
v 0.198638 0.078657 -0.031492
v 0.199606 0.078591 -0.024094
v 0.206570 0.098047 -0.000388
v 0.204863 0.096942 0.008151
v 0.205093 0.094005 0.001541
v 0.208980 0.104957 -0.003320
v 0.207637 0.104556 0.004221
v 0.207734 0.101643 -0.002120
v 0.209199 0.111481 0.009132
v 0.207764 0.112174 0.017428
v 0.206030 0.104523 0.012512
v 0.207557 0.108112 0.010683
v 0.204413 0.104703 0.021918
v 0.204665 0.100526 0.014981
v 0.210980 0.110496 0.002031
v 0.213152 0.116287 0.006957
v 0.211618 0.117759 0.014421
v 0.211205 0.113984 0.008054
v 0.210751 0.105278 -0.010167
v 0.212645 0.109751 -0.004711
v 0.210664 0.107669 -0.004146
v 0.214119 0.109662 -0.011326
v 0.216426 0.113770 -0.006241
v 0.214637 0.115140 -0.000005
v 0.214448 0.111840 -0.005506
v 0.217129 0.120334 0.004846
v 0.215669 0.121710 0.012084
v 0.215091 0.118409 0.005829
v 0.209400 0.120540 0.021573
v 0.206945 0.122672 0.029884
v 0.205209 0.113723 0.025791
v 0.207259 0.117243 0.023678
v 0.209360 0.131382 0.033633
v 0.203825 0.125087 0.038635
v 0.206540 0.128459 0.035975
v 0.202494 0.115047 0.035169
v 0.201394 0.120940 0.041883
v 0.203578 0.109579 0.028529
v 0.213734 0.125198 0.018537
v 0.211760 0.128305 0.025888
v 0.211581 0.123001 0.020014
v 0.217928 0.128988 0.016101
v 0.216273 0.132313 0.022882
v 0.215897 0.126990 0.017335
v 0.219060 0.139027 0.027362
v 0.214373 0.135700 0.030026
v 0.216790 0.137426 0.028678
v 0.211918 0.133672 0.031718
v 0.215438 0.110426 -0.018009
v 0.217195 0.111324 -0.024269
v 0.220001 0.113490 -0.018803
v 0.218252 0.112965 -0.012339
v 0.217683 0.111888 -0.018311
v 0.214761 0.109464 -0.029996
v 0.216680 0.111659 -0.036199
v 0.219370 0.112562 -0.030420
v 0.216925 0.111116 -0.030203
v 0.221952 0.114425 -0.036594
v 0.225373 0.115133 -0.031202
v 0.222381 0.114125 -0.024967
v 0.222164 0.113884 -0.030754
v 0.225932 0.115871 -0.019677
v 0.223359 0.115488 -0.013130
v 0.222704 0.114852 -0.019229
v 0.211729 0.106348 -0.017039
v 0.213217 0.107569 -0.023586
v 0.213619 0.108343 -0.017470
v 0.209524 0.103253 -0.022961
v 0.210086 0.103966 -0.016560
v 0.208676 0.103586 -0.035764
v 0.210877 0.105423 -0.029580
v 0.209055 0.103107 -0.029344
v 0.212361 0.108093 -0.035998
v 0.212662 0.107591 -0.029808
v 0.220887 0.116804 -0.007290
v 0.218778 0.118711 -0.001482
v 0.218545 0.115351 -0.006791
v 0.226515 0.119534 -0.008563
v 0.223665 0.121720 -0.002737
v 0.223449 0.118314 -0.007961
v 0.227136 0.125971 0.002126
v 0.224750 0.127626 0.008654
v 0.221507 0.123543 0.003427
v 0.224102 0.124826 0.002805
v 0.219864 0.125028 0.010207
v 0.219197 0.122120 0.004088
v 0.213333 0.112020 -0.042506
v 0.214788 0.116462 -0.048873
v 0.218209 0.115265 -0.042645
v 0.215641 0.113741 -0.042556
v 0.211468 0.117804 -0.055143
v 0.216473 0.121371 -0.055056
v 0.213823 0.119786 -0.055096
v 0.222765 0.124333 -0.055319
v 0.220220 0.119842 -0.049146
v 0.219391 0.123023 -0.055160
v 0.224403 0.117948 -0.043230
v 0.221131 0.116658 -0.042902
v 0.209283 0.107644 -0.042364
v 0.210202 0.112504 -0.048827
v 0.211206 0.109943 -0.042411
v 0.205470 0.102251 -0.042397
v 0.206012 0.107565 -0.048944
v 0.207308 0.105174 -0.042379
v 0.202694 0.107537 -0.055727
v 0.203572 0.113920 -0.061850
v 0.206911 0.113256 -0.055345
v 0.204820 0.110518 -0.055481
v 0.208122 0.118792 -0.061264
v 0.209069 0.115772 -0.055261
v 0.199270 0.115828 -0.068809
v 0.199813 0.124569 -0.074618
v 0.204081 0.121768 -0.067969
v 0.201677 0.118948 -0.068348
v 0.195044 0.127350 -0.081037
v 0.200541 0.133066 -0.079636
v 0.197816 0.130578 -0.080324
v 0.204833 0.129947 -0.073551
v 0.203199 0.135249 -0.079076
v 0.206479 0.124223 -0.067635
v 0.199327 0.106954 -0.062360
v 0.194583 0.107078 -0.069442
v 0.194509 0.117023 -0.075502
v 0.196875 0.111578 -0.069027
v 0.195422 0.097811 -0.062806
v 0.189997 0.096059 -0.070136
v 0.189095 0.107024 -0.076626
v 0.192437 0.101933 -0.069897
v 0.182651 0.106511 -0.083855
v 0.181975 0.119569 -0.089181
v 0.188891 0.118309 -0.082223
v 0.185677 0.112896 -0.083017
v 0.189159 0.129885 -0.087290
v 0.192026 0.122992 -0.081559
v 0.202494 0.100796 -0.048969
v 0.199105 0.099405 -0.055882
v 0.200850 0.103614 -0.055761
v 0.202657 0.094803 -0.041821
v 0.204117 0.098721 -0.042170
v 0.198738 0.085116 -0.040414
v 0.199202 0.092046 -0.048542
v 0.200803 0.090311 -0.041181
v 0.195122 0.089067 -0.055461
v 0.197370 0.094588 -0.055806
v 0.190752 0.085495 -0.062148
v 0.184813 0.081365 -0.069206
v 0.183692 0.093702 -0.077221
v 0.187335 0.089087 -0.069780
v 0.184972 0.069653 -0.060286
v 0.178000 0.063033 -0.066938
v 0.177826 0.076571 -0.076089
v 0.181867 0.072773 -0.068142
v 0.169681 0.070755 -0.082204
v 0.168314 0.086629 -0.090562
v 0.176427 0.090599 -0.084046
v 0.173200 0.081167 -0.083608
v 0.175349 0.105423 -0.090819
v 0.179750 0.099136 -0.084220
v 0.195151 0.080686 -0.047108
v 0.190659 0.075633 -0.053877
v 0.192980 0.082707 -0.054758
v 0.194520 0.072606 -0.038107
v 0.196949 0.079289 -0.039378
v 0.188571 0.056652 -0.036212
v 0.189603 0.065869 -0.044764
v 0.191354 0.064882 -0.036944
v 0.184101 0.058476 -0.051552
v 0.187551 0.067513 -0.052588
v 0.178283 0.050150 -0.058568
v 0.172053 0.041101 -0.065116
v 0.170249 0.055347 -0.073172
v 0.174563 0.052390 -0.065970
v 0.173778 0.027386 -0.056346
v 0.168379 0.015330 -0.062049
v 0.165514 0.030777 -0.070894
v 0.170001 0.028821 -0.063797
v 0.159155 0.018798 -0.076113
v 0.155004 0.036391 -0.084619
v 0.162466 0.046526 -0.079330
v 0.160515 0.033259 -0.077914
v 0.160447 0.063389 -0.087384
v 0.165603 0.059015 -0.080418
v 0.183839 0.047793 -0.043202
v 0.179072 0.038251 -0.050093
v 0.181238 0.048705 -0.050907
v 0.184097 0.037545 -0.034449
v 0.186286 0.047488 -0.035562
v 0.179930 0.014354 -0.031575
v 0.179572 0.026352 -0.040951
v 0.181808 0.026536 -0.032980
v 0.175139 0.013858 -0.047143
v 0.176952 0.026645 -0.048771
v 0.170905 -0.000269 -0.053034
v 0.167225 -0.016057 -0.058668
v 0.163164 0.001547 -0.067347
v 0.167345 0.000482 -0.060246
v 0.171510 -0.034612 -0.049771
v 0.168801 -0.055346 -0.055798
v 0.163924 -0.034081 -0.063786
v 0.168006 -0.034487 -0.056914
v 0.160060 -0.055414 -0.069400
v 0.153925 -0.032652 -0.076829
v 0.158317 -0.014275 -0.072343
v 0.159280 -0.033597 -0.070432
v 0.152934 0.005035 -0.080716
v 0.158352 0.003029 -0.074140
v 0.176546 0.000011 -0.037896
v 0.173728 -0.016159 -0.044033
v 0.173969 -0.000318 -0.045583
v 0.178418 -0.014665 -0.028443
v 0.178690 0.000744 -0.030034
v 0.179833 -0.052066 -0.025380
v 0.176995 -0.033330 -0.034731
v 0.179126 -0.032168 -0.026767
v 0.175229 -0.054422 -0.041155
v 0.174482 -0.034084 -0.042370
v 0.175083 -0.079077 -0.048856
v 0.174542 -0.106471 -0.056687
v 0.167501 -0.079739 -0.063253
v 0.171591 -0.079653 -0.056238
v 0.181528 -0.134768 -0.050458
v 0.182215 -0.167525 -0.060052
v 0.173759 -0.136708 -0.065543
v 0.177906 -0.135682 -0.058136
v 0.172846 -0.169630 -0.074831
v 0.163476 -0.137799 -0.079359
v 0.165622 -0.107458 -0.070724
v 0.168940 -0.137625 -0.072686
v 0.157419 -0.079455 -0.076319
v 0.162761 -0.079982 -0.069983
v 0.180439 -0.076436 -0.033265
v 0.181078 -0.104187 -0.041442
v 0.177983 -0.078077 -0.041223
v 0.185645 -0.100769 -0.024972
v 0.182448 -0.074860 -0.025071
v 0.187117 -0.131013 -0.033960
v 0.189179 -0.128837 -0.025270
v 0.184555 -0.133146 -0.042416
v 0.160770 -0.170826 -0.088175
v 0.150584 -0.137558 -0.091458
v 0.154129 -0.107233 -0.083490
v 0.157369 -0.137832 -0.085646
v 0.146160 -0.170599 -0.099405
v 0.135110 -0.136671 -0.101535
v 0.140149 -0.106221 -0.094413
v 0.143169 -0.137402 -0.096827
v 0.129544 -0.075823 -0.097543
v 0.135126 -0.050842 -0.092025
v 0.144714 -0.078191 -0.087916
v 0.137451 -0.076942 -0.092945
v 0.148842 -0.053484 -0.081459
v 0.151358 -0.079123 -0.082389
v 0.170053 -0.205951 -0.084083
v 0.167001 -0.243942 -0.093134
v 0.156301 -0.206751 -0.096617
v 0.163544 -0.206403 -0.090577
v 0.176759 -0.282491 -0.088836
v 0.172630 -0.322840 -0.099178
v 0.162428 -0.284310 -0.101583
v 0.169931 -0.283311 -0.095426
v 0.156781 -0.324490 -0.110699
v 0.145776 -0.285139 -0.111663
v 0.151612 -0.245458 -0.104660
v 0.154367 -0.284898 -0.107012
v 0.140197 -0.206997 -0.106600
v 0.148584 -0.206794 -0.101921
v 0.181178 -0.203702 -0.069744
v 0.179843 -0.241802 -0.079494
v 0.175943 -0.204936 -0.077115
v 0.190090 -0.238488 -0.064000
v 0.185815 -0.201831 -0.061889
v 0.188481 -0.279343 -0.074021
v 0.193440 -0.277056 -0.065811
v 0.182912 -0.280999 -0.081678
v 0.138647 -0.324986 -0.119263
v 0.126758 -0.285528 -0.118653
v 0.133932 -0.245684 -0.113162
v 0.136518 -0.285432 -0.115537
v 0.118416 -0.324871 -0.124836
v 0.105555 -0.285152 -0.123112
v 0.113986 -0.245689 -0.118829
v 0.116374 -0.285447 -0.121136
v 0.101026 -0.205789 -0.118372
v 0.109701 -0.168721 -0.114100
v 0.121671 -0.206754 -0.113653
v 0.111657 -0.206392 -0.116264
v 0.129088 -0.169917 -0.108078
v 0.131211 -0.206813 -0.110472
v 0.151352 -0.363758 -0.120734
v 0.145449 -0.401422 -0.130014
v 0.131825 -0.364098 -0.128047
v 0.141882 -0.363884 -0.124743
v 0.158467 -0.437293 -0.130375
v 0.151709 -0.471519 -0.138606
v 0.138374 -0.437510 -0.138341
v 0.148709 -0.437453 -0.134715
v 0.130295 -0.471329 -0.145416
v 0.115980 -0.437016 -0.143663
v 0.124427 -0.401511 -0.136347
v 0.127467 -0.437398 -0.141294
v 0.110065 -0.363678 -0.132813
v 0.121232 -0.364030 -0.130682
v 0.168646 -0.362309 -0.110372
v 0.164129 -0.400560 -0.120789
v 0.160311 -0.363102 -0.115917
v 0.180372 -0.398802 -0.108714
v 0.176458 -0.361242 -0.104100
v 0.176002 -0.435768 -0.119395
v 0.183774 -0.434784 -0.112812
v 0.167531 -0.436610 -0.125241
v 0.106350 -0.470711 -0.149828
v 0.091243 -0.436590 -0.146861
v 0.101163 -0.400899 -0.140311
v 0.103849 -0.436814 -0.145462
v 0.080103 -0.470119 -0.152343
v 0.064453 -0.436242 -0.148486
v 0.076052 -0.400420 -0.142579
v 0.078088 -0.436368 -0.147809
v 0.060841 -0.362516 -0.137289
v 0.072049 -0.323703 -0.130645
v 0.086375 -0.362995 -0.135713
v 0.073886 -0.362722 -0.136646
v 0.096088 -0.324628 -0.128457
v 0.098430 -0.363299 -0.134436
v 0.121207 -0.502850 -0.150867
v 0.111355 -0.532084 -0.154905
v 0.095736 -0.501971 -0.154414
v 0.108778 -0.502346 -0.152812
v 0.126564 -0.560438 -0.154517
v 0.116217 -0.586277 -0.157995
v 0.100424 -0.559558 -0.158256
v 0.113831 -0.559910 -0.156579
v 0.088361 -0.585538 -0.160991
v 0.071511 -0.558775 -0.160498
v 0.084268 -0.531198 -0.157740
v 0.086355 -0.559165 -0.159558
v 0.067834 -0.501287 -0.156490
v 0.082091 -0.501632 -0.155567
v 0.144115 -0.503452 -0.145264
v 0.135887 -0.533019 -0.150426
v 0.132957 -0.503146 -0.148386
v 0.157584 -0.533578 -0.143664
v 0.154610 -0.503560 -0.141535
v 0.149855 -0.561296 -0.149035
v 0.160283 -0.561518 -0.145389
v 0.138615 -0.560828 -0.152079
v 0.057704 -0.585326 -0.162796
v 0.040232 -0.558662 -0.161799
v 0.054779 -0.530751 -0.159533
v 0.056194 -0.558640 -0.161277
v 0.024723 -0.585394 -0.163519
v 0.022908 -0.530776 -0.160599
v 0.023873 -0.558730 -0.162164
v 0.021125 -0.469660 -0.154388
v 0.037447 -0.501083 -0.157701
v 0.021796 -0.501077 -0.158070
v 0.051556 -0.469721 -0.153669
v 0.053029 -0.501157 -0.157196
v 0.074802 -0.611006 -0.163457
v 0.059909 -0.635283 -0.165693
v 0.042441 -0.611161 -0.164639
v 0.058933 -0.611033 -0.164177
v 0.076876 -0.657637 -0.166245
v 0.060920 -0.678177 -0.168339
v 0.043711 -0.658223 -0.167490
v 0.060654 -0.657738 -0.166991
v 0.026268 -0.678886 -0.169028
v 0.025958 -0.636037 -0.166368
v 0.026330 -0.658583 -0.167678
v 0.025467 -0.611390 -0.164908
v 0.104477 -0.611149 -0.161134
v 0.091426 -0.635069 -0.163907
v 0.089975 -0.611078 -0.162429
v 0.119679 -0.635157 -0.160939
v 0.118138 -0.611453 -0.159451
v 0.107049 -0.657101 -0.163836
v 0.120884 -0.657158 -0.162156
v 0.092349 -0.657325 -0.165200
v 0.043682 -0.697769 -0.169953
v 0.025831 -0.716093 -0.171087
v 0.025943 -0.698130 -0.170151
v 0.061205 -0.715467 -0.170289
v 0.061000 -0.697483 -0.169438
v 0.043894 -0.732690 -0.171612
v 0.061587 -0.732371 -0.171014
v 0.025824 -0.733074 -0.171897
v 0.020067 -0.400037 -0.144140
v 0.035727 -0.436010 -0.149280
v 0.020731 -0.436034 -0.149493
v 0.019165 -0.323136 -0.132332
v 0.033687 -0.362105 -0.137980
v 0.019555 -0.362093 -0.138169
v 0.046228 -0.323254 -0.131763
v 0.048800 -0.400113 -0.143656
v 0.047452 -0.362259 -0.137700
v 0.050306 -0.436058 -0.148976
v 0.017146 -0.242615 -0.126437
v 0.031859 -0.283394 -0.128603
v 0.018375 -0.283330 -0.128809
v 0.015179 -0.163341 -0.121346
v 0.029173 -0.202418 -0.123769
v 0.016031 -0.202171 -0.123802
v 0.040796 -0.164102 -0.121122
v 0.054367 -0.203286 -0.123078
v 0.043403 -0.243034 -0.126060
v 0.041945 -0.202749 -0.123508
v 0.057791 -0.283840 -0.127701
v 0.045009 -0.283546 -0.128211
v 0.013846 -0.092581 -0.117481
v 0.027059 -0.127527 -0.119441
v 0.014251 -0.127130 -0.119507
v 0.012804 -0.031255 -0.115788
v 0.025244 -0.061005 -0.115616
v 0.013316 -0.060378 -0.115652
v 0.035648 -0.032695 -0.115698
v 0.048335 -0.062717 -0.115039
v 0.038254 -0.093751 -0.117241
v 0.036871 -0.061412 -0.115343
v 0.051587 -0.128659 -0.118866
v 0.039411 -0.128082 -0.119226
v 0.011640 0.021796 -0.123335
v 0.023462 -0.004813 -0.119041
v 0.012239 -0.004086 -0.118945
v 0.021741 0.046289 -0.126955
v 0.011188 0.046854 -0.127285
v 0.043280 0.044273 -0.125565
v 0.033406 0.020157 -0.122798
v 0.032397 0.045475 -0.126398
v 0.045607 -0.006935 -0.118331
v 0.034511 -0.005726 -0.118837
v 0.057974 -0.034900 -0.114594
v 0.070841 -0.064740 -0.113428
v 0.061672 -0.095025 -0.116199
v 0.059777 -0.063429 -0.114371
v 0.079779 -0.038042 -0.111985
v 0.092213 -0.068024 -0.110259
v 0.083926 -0.097410 -0.113868
v 0.081668 -0.066225 -0.112069
v 0.096869 -0.132232 -0.114236
v 0.088272 -0.166994 -0.117933
v 0.074862 -0.129999 -0.117296
v 0.086128 -0.131115 -0.115982
v 0.065179 -0.165356 -0.120096
v 0.063365 -0.129074 -0.118202
v 0.055202 0.017420 -0.121087
v 0.067309 -0.009909 -0.116229
v 0.056457 -0.008265 -0.117461
v 0.065067 0.040472 -0.123097
v 0.054206 0.042586 -0.124584
v 0.086396 0.034490 -0.118641
v 0.076721 0.013184 -0.117780
v 0.075841 0.037788 -0.121144
v 0.088582 -0.014236 -0.112398
v 0.078010 -0.011881 -0.114573
v 0.100271 -0.042255 -0.107454
v 0.111875 -0.071930 -0.105035
v 0.104789 -0.100398 -0.109662
v 0.102293 -0.069895 -0.107928
v 0.118746 -0.047020 -0.100828
v 0.123670 -0.103661 -0.103221
v 0.121008 -0.074046 -0.101550
v 0.117108 -0.134565 -0.109093
v 0.126412 -0.135589 -0.105607
v 0.107279 -0.133444 -0.111930
v 0.097286 0.007281 -0.112454
v 0.108339 -0.019561 -0.106393
v 0.098683 -0.016811 -0.109677
v 0.106663 0.026228 -0.112132
v 0.096820 0.030491 -0.115692
v 0.124736 0.017553 -0.103502
v 0.116289 0.000387 -0.105049
v 0.116022 0.021747 -0.108122
v 0.126100 -0.024993 -0.098359
v 0.117518 -0.022345 -0.102619
v 0.078451 -0.204430 -0.121406
v 0.068445 -0.243836 -0.124887
v 0.066639 -0.203829 -0.122408
v 0.092070 -0.244818 -0.122561
v 0.090006 -0.205128 -0.120098
v 0.082464 -0.284484 -0.126016
v 0.094273 -0.284848 -0.124754
v 0.070369 -0.284138 -0.126975
v 0.132885 -0.006105 -0.095910
v 0.141392 -0.029506 -0.088409
v 0.134050 -0.027386 -0.093615
v 0.133134 0.032289 -0.100761
v 0.140184 0.010365 -0.092863
v 0.132797 0.013743 -0.098424
v 0.147394 0.024399 -0.088964
v 0.146898 -0.010879 -0.084809
v 0.146877 0.007459 -0.086947
v 0.148001 -0.031064 -0.082698
v 0.141673 0.044670 -0.096947
v 0.150921 0.054849 -0.092558
v 0.148560 0.040152 -0.090973
v 0.137298 0.066885 -0.104786
v 0.134222 0.049964 -0.102631
v 0.144330 0.097767 -0.108884
v 0.148335 0.075315 -0.101203
v 0.141134 0.082841 -0.107568
v 0.158513 0.081768 -0.096618
v 0.154682 0.068866 -0.094372
v 0.155822 0.101443 -0.103549
v 0.166118 0.103953 -0.097579
v 0.162228 0.093361 -0.097349
v 0.153167 0.122794 -0.108418
v 0.148696 0.111050 -0.109085
v 0.163553 0.141679 -0.106183
v 0.164172 0.122308 -0.102482
v 0.158289 0.132985 -0.107314
v 0.173637 0.121407 -0.096090
v 0.169857 0.113223 -0.097058
v 0.173532 0.137471 -0.100265
v 0.181955 0.133559 -0.093875
v 0.177861 0.127870 -0.094971
v 0.174158 0.153676 -0.102925
v 0.169003 0.148250 -0.104617
v 0.182666 0.147932 -0.097307
v 0.179014 0.158416 -0.101075
v 0.186051 0.138210 -0.092639
v 0.222353 0.131983 0.014293
v 0.220582 0.135583 0.020580
v 0.220114 0.130460 0.015199
v 0.227872 0.134275 0.012786
v 0.225405 0.138026 0.018888
v 0.224905 0.133139 0.013504
v 0.229040 0.144006 0.023839
v 0.226729 0.148716 0.029578
v 0.223558 0.141704 0.025256
v 0.226091 0.142946 0.024527
v 0.221884 0.146309 0.031459
v 0.221279 0.140489 0.026105
v 0.228012 -0.715848 -0.108359
v 0.222027 -0.697474 -0.115484
v 0.227101 -0.697082 -0.106601
v 0.223821 -0.733072 -0.118844
v 0.228785 -0.732786 -0.110023
v 0.217434 -0.716214 -0.125117
v 0.218297 -0.733110 -0.126693
v 0.216530 -0.697855 -0.123450
v 0.224542 0.154830 0.034622
v 0.222556 0.160967 0.039602
v 0.222232 0.153559 0.035628
v 0.230054 0.156916 0.032798
v 0.227633 0.163106 0.037649
v 0.227126 0.155858 0.033711
v 0.231029 0.171690 0.040308
v 0.225231 0.170002 0.042120
v 0.227991 0.170863 0.041218
v 0.222678 0.169032 0.043113
v 0.154284 0.270144 -0.065958
v 0.146683 0.276082 -0.058293
v 0.154019 0.274210 -0.059514
v 0.146877 0.267456 -0.071287
v 0.154493 0.265159 -0.072337
v 0.130910 0.273382 -0.067507
v 0.139054 0.274537 -0.063069
v 0.138899 0.270105 -0.069634
v 0.131429 0.280616 -0.054654
v 0.139103 0.278180 -0.056616
v 0.123521 0.285290 -0.046434
v 0.116320 0.288437 -0.038897
v 0.124441 0.287816 -0.035348
v 0.124003 0.286745 -0.040831
v 0.108367 0.289444 -0.041816
v 0.103131 0.291641 -0.034971
v 0.110044 0.290351 -0.031870
v 0.109251 0.290025 -0.036839
v 0.104943 0.291596 -0.025636
v 0.117620 0.289553 -0.028516
v 0.110828 0.290514 -0.026982
v 0.125142 0.288506 -0.030015
v 0.122788 0.280766 -0.058449
v 0.114950 0.286187 -0.049835
v 0.123207 0.283405 -0.052374
v 0.113615 0.281690 -0.061367
v 0.122359 0.277353 -0.064762
v 0.098605 0.289396 -0.054591
v 0.106560 0.287461 -0.052429
v 0.105582 0.285787 -0.057972
v 0.100999 0.291133 -0.044567
v 0.107482 0.288728 -0.047091
v 0.097020 0.293227 -0.037947
v 0.094233 0.294445 -0.032614
v 0.099212 0.292940 -0.029099
v 0.098151 0.293152 -0.033553
v 0.090264 0.295771 -0.036188
v 0.090022 0.296152 -0.031730
v 0.092643 0.294911 -0.027843
v 0.091526 0.295409 -0.032046
v 0.092180 0.295114 -0.023414
v 0.094561 0.294079 -0.019347
v 0.096306 0.293716 -0.023998
v 0.093650 0.294501 -0.023615
v 0.101051 0.292473 -0.020172
v 0.100145 0.292737 -0.024651
v 0.094468 0.293013 -0.047188
v 0.091714 0.294988 -0.041270
v 0.095771 0.293276 -0.042551
v 0.088768 0.294856 -0.050039
v 0.093042 0.292491 -0.051896
v 0.084212 0.297775 -0.048456
v 0.087459 0.296450 -0.044737
v 0.085836 0.296527 -0.048976
v 0.087326 0.297133 -0.040065
v 0.088905 0.296207 -0.040479
v 0.094084 0.294012 -0.015140
v 0.096412 0.292957 -0.011233
v 0.098148 0.292905 -0.015463
v 0.095506 0.293502 -0.015231
v 0.095836 0.292892 -0.007384
v 0.099832 0.291937 -0.007448
v 0.097251 0.292456 -0.007355
v 0.102812 0.291659 -0.011680
v 0.103573 0.291267 -0.007629
v 0.101950 0.292117 -0.015877
v 0.153904 0.282699 0.015394
v 0.162707 0.279932 0.019666
v 0.161847 0.282938 0.014815
v 0.146731 0.279298 0.020930
v 0.146206 0.282480 0.015959
v 0.154802 0.275799 0.025287
v 0.146568 0.275575 0.025920
v 0.163195 0.276192 0.024583
v 0.036985 0.294760 -0.077288
v 0.043652 0.291590 -0.078301
v 0.038506 0.286130 -0.083186
v 0.037483 0.291647 -0.079364
v 0.048515 0.294703 -0.075059
v 0.051129 0.286320 -0.081079
v 0.049473 0.291615 -0.077204
v 0.047173 0.277696 -0.087908
v 0.053892 0.277738 -0.087011
v 0.040179 0.277617 -0.088784
v -0.224685 0.224390 -0.091312
v -0.216795 0.232783 -0.087841
v -0.211220 0.224960 -0.090753
v -0.218762 0.216538 -0.093406
v -0.217681 0.224634 -0.090998
v -0.223127 0.239980 -0.084625
v -0.215427 0.247537 -0.080001
v -0.209366 0.240992 -0.083676
v -0.216002 0.240471 -0.084121
v -0.202609 0.248712 -0.078969
v -0.204185 0.233831 -0.087165
v -0.203256 0.241625 -0.083253
v -0.206531 0.217024 -0.093129
v -0.205271 0.225427 -0.090548
v -0.213566 0.208117 -0.094977
v -0.220866 0.199745 -0.095779
v -0.226521 0.208211 -0.095184
v -0.219788 0.208111 -0.095063
v -0.209130 0.199420 -0.095791
v -0.207819 0.208285 -0.094965
v -0.215982 0.190565 -0.095625
v -0.210480 0.190222 -0.095695
v -0.228512 0.191452 -0.095744
v -0.221979 0.191049 -0.095628
v -0.241808 0.154396 -0.083506
v -0.247694 0.162131 -0.087398
v -0.239151 0.168232 -0.090424
v -0.240484 0.161338 -0.087214
v -0.256380 0.156213 -0.084042
v -0.263361 0.163783 -0.087583
v -0.254117 0.169665 -0.090607
v -0.255243 0.162897 -0.087552
v -0.261316 0.177594 -0.092935
v -0.252063 0.184824 -0.094765
v -0.245229 0.176328 -0.093085
v -0.253004 0.176909 -0.093040
v -0.236714 0.183578 -0.094795
v -0.237807 0.175666 -0.093044
v -0.243676 0.143826 -0.074244
v -0.249871 0.149661 -0.079556
v -0.242808 0.148781 -0.079105
v -0.245190 0.133403 -0.063744
v -0.251360 0.139604 -0.069756
v -0.244432 0.138531 -0.069160
v -0.259420 0.135171 -0.065139
v -0.266599 0.141521 -0.070755
v -0.258001 0.145648 -0.075249
v -0.258671 0.140462 -0.070314
v -0.265252 0.151670 -0.080040
v -0.257265 0.150526 -0.079903
v -0.228747 0.127025 -0.056341
v -0.234467 0.124932 -0.051108
v -0.239456 0.129353 -0.057565
v -0.233799 0.128343 -0.056931
v -0.225151 0.122012 -0.049902
v -0.224339 0.125286 -0.055857
v -0.227059 0.116304 -0.037600
v -0.230320 0.120376 -0.044436
v -0.226096 0.118768 -0.043801
v -0.236098 0.118684 -0.039053
v -0.240676 0.122933 -0.045953
v -0.235180 0.121719 -0.045192
v -0.231381 0.117225 -0.032562
v -0.236397 0.118497 -0.027549
v -0.241652 0.119435 -0.034220
v -0.236169 0.118493 -0.033334
v -0.227450 0.116094 -0.026055
v -0.227148 0.116063 -0.031830
v -0.228392 0.117191 -0.014440
v -0.231829 0.118104 -0.021165
v -0.227716 0.116747 -0.020337
v -0.237120 0.119671 -0.016129
v -0.242043 0.120180 -0.022867
v -0.236563 0.119321 -0.021935
v -0.232430 0.121308 -0.009987
v -0.237428 0.125506 -0.005632
v -0.242670 0.123273 -0.011621
v -0.237181 0.122454 -0.010865
v -0.228482 0.123209 -0.003999
v -0.228306 0.120011 -0.009236
v -0.229433 0.128919 0.007012
v -0.233034 0.127170 0.000646
v -0.228847 0.126147 0.001332
v -0.238340 0.130978 0.005476
v -0.243355 0.128950 -0.000987
v -0.237821 0.128205 -0.000212
v -0.233674 0.135230 0.010998
v -0.238961 0.140937 0.015404
v -0.244053 0.136965 0.009371
v -0.238517 0.136195 0.010206
v -0.229899 0.139093 0.016971
v -0.229477 0.134271 0.011717
v -0.231117 0.149534 0.027290
v -0.234666 0.144929 0.021434
v -0.230530 0.143887 0.022344
v -0.240087 0.151156 0.025459
v -0.244993 0.146212 0.019753
v -0.239514 0.145667 0.020621
v -0.235595 0.157200 0.030440
v -0.240847 0.164735 0.033379
v -0.245805 0.158561 0.028425
v -0.240366 0.157909 0.029429
v -0.231843 0.163391 0.035268
v -0.231342 0.156438 0.031218
v -0.232317 0.178865 0.041799
v -0.236394 0.171620 0.037825
v -0.232208 0.170867 0.038805
v -0.241470 0.179975 0.039814
v -0.246718 0.172710 0.035826
v -0.241264 0.172097 0.036849
v -0.236078 0.187940 0.043002
v -0.240216 0.197342 0.043244
v -0.246547 0.188871 0.040899
v -0.241004 0.188474 0.041974
v -0.230769 0.196342 0.045179
v -0.231735 0.187317 0.043870
v -0.227915 0.215441 0.045257
v -0.233937 0.206165 0.044654
v -0.229366 0.205843 0.045680
v -0.237793 0.215928 0.043173
v -0.244819 0.206881 0.042603
v -0.239007 0.206670 0.043689
v -0.230923 0.224938 0.042724
v -0.234678 0.233999 0.039540
v -0.242032 0.225387 0.040605
v -0.236234 0.225174 0.041670
v -0.224320 0.233646 0.041524
v -0.226038 0.224720 0.043692
v -0.220908 0.250165 0.035505
v -0.227599 0.242299 0.037796
v -0.222530 0.242154 0.038723
v -0.231504 0.250499 0.033547
v -0.239067 0.242562 0.035795
v -0.233140 0.242425 0.036826
v -0.224418 0.257722 0.030835
v -0.228653 0.264824 0.025709
v -0.236135 0.257916 0.028821
v -0.229963 0.257960 0.029776
v -0.217707 0.264551 0.027726
v -0.219212 0.257650 0.031782
v -0.214862 0.275871 0.019032
v -0.221523 0.270746 0.022473
v -0.216258 0.270686 0.023416
v -0.225982 0.275940 0.017050
v -0.233441 0.270828 0.020400
v -0.227247 0.270892 0.021404
v -0.218955 0.280155 0.013608
v -0.223313 0.283554 0.008006
v -0.230908 0.280080 0.011536
v -0.224622 0.280165 0.012559
v -0.212397 0.283496 0.010116
v -0.213814 0.280043 0.014645
v -0.210032 0.287881 0.001107
v -0.216419 0.286134 0.004600
v -0.211181 0.286087 0.005647
v -0.220845 0.287838 -0.001030
v -0.228174 0.286025 0.002399
v -0.222077 0.286106 0.003507
v -0.214262 0.288931 -0.004483
v -0.218835 0.289191 -0.010240
v -0.226093 0.288721 -0.006785
v -0.219942 0.288825 -0.005568
v -0.207679 0.289334 -0.008002
v -0.208921 0.288925 -0.003382
v -0.205646 0.288638 -0.017626
v -0.212124 0.289151 -0.013894
v -0.206691 0.289225 -0.012736
v -0.217107 0.288344 -0.019992
v -0.224316 0.288828 -0.016265
v -0.217989 0.289001 -0.015032
v -0.210374 0.287462 -0.023881
v -0.215733 0.285804 -0.030276
v -0.222916 0.287012 -0.026266
v -0.216379 0.287245 -0.025066
v -0.204025 0.286237 -0.027945
v -0.204774 0.287614 -0.022725
v -0.202566 0.282376 -0.038611
v -0.208957 0.284282 -0.034373
v -0.203206 0.284505 -0.033257
v -0.214661 0.281772 -0.040781
v -0.221812 0.283678 -0.036693
v -0.215123 0.283981 -0.035534
v -0.207905 0.279535 -0.045022
v -0.214088 0.276159 -0.051349
v -0.221199 0.278770 -0.047137
v -0.214269 0.279163 -0.046099
v -0.201772 0.276917 -0.049333
v -0.202065 0.279859 -0.043976
v -0.201073 0.269695 -0.059877
v -0.207355 0.273118 -0.055569
v -0.201275 0.273493 -0.054644
v -0.213641 0.268785 -0.061655
v -0.220801 0.272235 -0.057424
v -0.213802 0.272666 -0.056522
v -0.207131 0.264842 -0.065832
v -0.214041 0.259333 -0.071301
v -0.220883 0.263828 -0.067373
v -0.213713 0.264362 -0.066583
v -0.201253 0.260400 -0.069914
v -0.201102 0.265354 -0.065059
v -0.208061 0.254279 -0.075121
v -0.201957 0.254872 -0.074537
v -0.221911 0.253216 -0.076394
v -0.214716 0.253745 -0.075729
v 0.221761 0.214567 -0.093367
v 0.214661 0.223053 -0.091021
v 0.220335 0.231029 -0.088428
v 0.227805 0.222492 -0.091593
v 0.220942 0.222695 -0.091279
v 0.209839 0.215104 -0.093064
v 0.208152 0.232280 -0.087730
v 0.208901 0.223695 -0.090789
v 0.206985 0.247634 -0.080053
v 0.213356 0.239535 -0.084548
v 0.207477 0.240269 -0.084127
v 0.219347 0.246286 -0.081083
v 0.226703 0.238461 -0.085486
v 0.219777 0.238940 -0.085003
v 0.229216 0.206395 -0.094823
v 0.223461 0.198064 -0.095132
v 0.216436 0.206195 -0.094556
v 0.222557 0.206227 -0.094664
v 0.230915 0.189978 -0.094980
v 0.218508 0.189219 -0.094789
v 0.224446 0.189608 -0.094832
v 0.211901 0.197756 -0.095065
v 0.213092 0.188932 -0.094847
v 0.210840 0.206367 -0.094510
v 0.241157 0.167305 -0.089454
v 0.249555 0.161317 -0.086387
v 0.243671 0.153832 -0.082534
v 0.242388 0.160568 -0.086212
v 0.238950 0.182301 -0.093905
v 0.247273 0.175203 -0.092132
v 0.239915 0.174570 -0.092096
v 0.254208 0.183542 -0.093830
v 0.263319 0.176542 -0.091915
v 0.256039 0.168719 -0.089572
v 0.255016 0.175791 -0.092047
v 0.265204 0.163022 -0.086465
v 0.258170 0.155628 -0.082978
v 0.257083 0.162178 -0.086461
v 0.251684 0.149262 -0.078544
v 0.245573 0.143640 -0.073339
v 0.244692 0.148416 -0.078154
v 0.267058 0.151304 -0.078957
v 0.259819 0.145419 -0.074229
v 0.259075 0.150279 -0.078763
v 0.268436 0.141489 -0.069764
v 0.261274 0.135236 -0.064260
v 0.253229 0.139438 -0.068864
v 0.260512 0.140415 -0.069357
v 0.247096 0.133505 -0.063013
v 0.246330 0.138530 -0.068337
v 0.241329 0.129620 -0.056968
v 0.236427 0.124976 -0.050693
v 0.230860 0.127248 -0.055947
v 0.235785 0.128490 -0.056443
v 0.242499 0.123078 -0.045515
v 0.237793 0.119107 -0.038684
v 0.232196 0.120887 -0.044230
v 0.237048 0.121907 -0.044802
v 0.228939 0.116703 -0.037396
v 0.227236 0.122591 -0.049795
v 0.228051 0.119390 -0.043721
v 0.226551 0.125802 -0.055603
v 0.243317 0.119881 -0.033846
v 0.238038 0.119065 -0.027404
v 0.233148 0.117608 -0.032427
v 0.237907 0.118773 -0.033009
v 0.243716 0.120755 -0.022591
v 0.238705 0.120353 -0.015964
v 0.233505 0.118777 -0.021172
v 0.238289 0.119725 -0.021723
v 0.229968 0.117964 -0.014465
v 0.229134 0.116763 -0.026170
v 0.229416 0.117483 -0.020452
v 0.229038 0.116315 -0.031723
v 0.244360 0.123990 -0.011359
v 0.239114 0.126406 -0.005394
v 0.234097 0.122125 -0.009985
v 0.238856 0.123220 -0.010648
v 0.245079 0.129876 -0.000522
v 0.240027 0.131972 0.005960
v 0.234716 0.128395 0.000801
v 0.239526 0.129200 0.000213
v 0.231197 0.130059 0.007255
v 0.230233 0.124221 -0.004059
v 0.230627 0.127258 0.001409
v 0.230034 0.120884 -0.009293
v 0.245859 0.138012 0.010079
v 0.240818 0.142012 0.016145
v 0.235486 0.136392 0.011547
v 0.240306 0.137280 0.010858
v 0.247006 0.147289 0.020650
v 0.242177 0.152287 0.026375
v 0.236607 0.146049 0.022207
v 0.241484 0.146729 0.021480
v 0.233183 0.150728 0.027974
v 0.231810 0.140304 0.017509
v 0.232488 0.145121 0.022991
v 0.231351 0.135482 0.012174
v 0.248058 0.159781 0.029368
v 0.243151 0.166041 0.034185
v 0.237766 0.158455 0.031245
v 0.242582 0.159115 0.030319
v 0.249175 0.174069 0.036721
v 0.243955 0.181402 0.040708
v 0.238877 0.172947 0.038663
v 0.243695 0.173471 0.037725
v 0.234848 0.180470 0.042523
v 0.234230 0.164740 0.036022
v 0.234648 0.172418 0.039548
v 0.233533 0.157811 0.031981
v 0.249179 0.190252 0.041855
v 0.242723 0.198812 0.044188
v 0.238650 0.189468 0.043819
v 0.243533 0.189947 0.042876
v 0.247260 0.208281 0.043643
v 0.240242 0.217299 0.044095
v 0.236613 0.207627 0.045660
v 0.241593 0.208061 0.044716
v 0.230575 0.216830 0.046061
v 0.233438 0.197973 0.046079
v 0.232021 0.207421 0.046587
v 0.234358 0.188982 0.044631
v 0.244527 0.226485 0.041398
v 0.237232 0.235194 0.040164
v 0.233514 0.226289 0.043502
v 0.238716 0.226451 0.042461
v 0.241541 0.243566 0.036271
v 0.234320 0.251513 0.033927
v 0.230438 0.243424 0.038354
v 0.235741 0.243482 0.037331
v 0.224144 0.251255 0.035967
v 0.227269 0.234840 0.042164
v 0.225573 0.243320 0.039286
v 0.228851 0.226014 0.044450
v 0.239013 0.258847 0.029122
v 0.231812 0.265787 0.025968
v 0.227666 0.258765 0.031221
v 0.233018 0.258931 0.030112
v 0.236702 0.271737 0.020550
v 0.229582 0.276906 0.017228
v 0.225217 0.271752 0.022751
v 0.230717 0.271856 0.021607
v 0.218971 0.276923 0.019340
v 0.221436 0.265612 0.028063
v 0.220195 0.271719 0.023742
v 0.222689 0.258714 0.032177
v 0.234394 0.281006 0.011599
v 0.227074 0.284533 0.008118
v 0.222908 0.281180 0.013834
v 0.228329 0.281136 0.012705
v 0.231754 0.286987 0.002410
v 0.224656 0.288914 -0.000962
v 0.220298 0.287222 0.004740
v 0.225869 0.287120 0.003582
v 0.214188 0.289019 0.001290
v 0.216682 0.284554 0.010352
v 0.215493 0.287151 0.005849
v 0.218043 0.281084 0.014900
v 0.229721 0.289785 -0.006841
v 0.222718 0.290361 -0.010283
v 0.218345 0.290076 -0.004387
v 0.223786 0.289933 -0.005560
v 0.228000 0.289985 -0.016453
v 0.221046 0.289574 -0.020188
v 0.216286 0.290376 -0.013951
v 0.221893 0.290202 -0.015156
v 0.210100 0.289874 -0.017754
v 0.212074 0.290541 -0.007918
v 0.211107 0.290434 -0.012746
v 0.213283 0.290064 -0.003222
v 0.226663 0.288172 -0.026662
v 0.219746 0.286994 -0.030803
v 0.214601 0.288710 -0.024179
v 0.220369 0.288465 -0.025424
v 0.225629 0.284710 -0.037435
v 0.218739 0.282750 -0.041700
v 0.213245 0.285434 -0.035076
v 0.219164 0.285069 -0.036249
v 0.207171 0.283470 -0.039448
v 0.208540 0.287488 -0.028374
v 0.207781 0.285709 -0.033895
v 0.209274 0.288868 -0.022977
v 0.225069 0.279466 -0.048187
v 0.218210 0.276714 -0.052552
v 0.212249 0.280417 -0.046075
v 0.218478 0.279933 -0.047188
v 0.224690 0.272437 -0.058671
v 0.217760 0.268801 -0.063023
v 0.211696 0.273541 -0.056900
v 0.217920 0.272969 -0.057849
v 0.205655 0.269964 -0.061263
v 0.206392 0.277672 -0.050530
v 0.205865 0.274016 -0.055965
v 0.206685 0.280801 -0.044994
v 0.224781 0.263487 -0.068670
v 0.218141 0.258698 -0.072625
v 0.211470 0.264637 -0.067252
v 0.217843 0.264071 -0.067959
v 0.225728 0.252250 -0.077533
v 0.212311 0.253394 -0.076364
v 0.218752 0.252795 -0.076964
v 0.205769 0.260000 -0.071250
v 0.206416 0.254108 -0.075771
v 0.205666 0.265298 -0.066435
v -0.257399 0.224345 -0.091570
v -0.247979 0.231939 -0.088900
v -0.240176 0.224235 -0.091654
v -0.249138 0.216635 -0.093791
v -0.248580 0.224289 -0.091684
v -0.256423 0.239263 -0.085569
v -0.246926 0.246145 -0.081765
v -0.238951 0.239450 -0.085295
v -0.247469 0.239308 -0.085545
v -0.230293 0.246648 -0.080979
v -0.231546 0.232169 -0.088491
v -0.230918 0.239687 -0.084920
v -0.232968 0.216418 -0.093718
v -0.232247 0.224224 -0.091483
v -0.241609 0.208681 -0.095220
v -0.250553 0.201092 -0.095795
v -0.258570 0.209178 -0.095013
v -0.249896 0.208853 -0.095210
v -0.234649 0.200340 -0.095866
v -0.233791 0.208451 -0.095207
v -0.243196 0.192356 -0.095719
v -0.235567 0.191920 -0.095705
v -0.259702 0.193424 -0.095422
v -0.251229 0.192882 -0.095618
v -0.252584 0.131176 -0.059131
v -0.260451 0.128729 -0.054409
v -0.267773 0.133345 -0.060510
v -0.259871 0.132149 -0.059888
v -0.246281 0.127048 -0.052692
v -0.245706 0.130268 -0.058314
v -0.247632 0.120922 -0.040890
v -0.253787 0.124552 -0.047819
v -0.246880 0.123848 -0.046896
v -0.261933 0.122522 -0.042899
v -0.268987 0.126662 -0.049631
v -0.261062 0.125640 -0.048756
v -0.254721 0.121122 -0.036300
v -0.262298 0.121940 -0.031753
v -0.270036 0.122861 -0.038337
v -0.262074 0.121953 -0.037346
v -0.248027 0.120401 -0.029562
v -0.247773 0.120498 -0.035280
v -0.248823 0.121249 -0.017984
v -0.255146 0.121796 -0.025033
v -0.248226 0.121093 -0.023910
v -0.263150 0.122538 -0.020222
v -0.270688 0.123010 -0.027169
v -0.262569 0.122479 -0.026143
v -0.255869 0.124449 -0.013719
v -0.263718 0.127751 -0.009564
v -0.271547 0.125356 -0.015963
v -0.263365 0.124973 -0.014836
v -0.249225 0.126823 -0.007380
v -0.248919 0.123888 -0.012625
v -0.250122 0.132200 0.003708
v -0.256625 0.129887 -0.002984
v -0.249638 0.129462 -0.001929
v -0.264621 0.132754 0.001629
v -0.272380 0.130523 -0.005178
v -0.264168 0.130250 -0.004071
v -0.257313 0.137593 0.007490
v -0.265156 0.142488 0.011473
v -0.272961 0.138205 0.005235
v -0.264819 0.137844 0.006407
v -0.250716 0.141977 0.013633
v -0.250345 0.137307 0.008548
v -0.251715 0.152151 0.023558
v -0.258135 0.146973 0.017692
v -0.251200 0.146639 0.018764
v -0.266023 0.152826 0.021272
v -0.273649 0.147606 0.015308
v -0.265561 0.147213 0.016530
v -0.258897 0.159264 0.026282
v -0.266782 0.166527 0.029127
v -0.274360 0.160088 0.023946
v -0.266347 0.159617 0.025254
v -0.252485 0.165790 0.031328
v -0.252004 0.158973 0.027417
v -0.253247 0.180980 0.037841
v -0.259829 0.173453 0.033637
v -0.252936 0.173050 0.034738
v -0.267404 0.181839 0.035494
v -0.275114 0.174514 0.031269
v -0.267193 0.173957 0.032625
v -0.259761 0.189615 0.038693
v -0.266381 0.198801 0.038715
v -0.274741 0.190800 0.036241
v -0.267023 0.190070 0.037471
v -0.252192 0.198030 0.041073
v -0.252846 0.189281 0.039818
v -0.250042 0.216513 0.040967
v -0.258123 0.207448 0.040339
v -0.251230 0.207172 0.041470
v -0.264363 0.217031 0.038647
v -0.272890 0.208537 0.037882
v -0.265399 0.207847 0.039161
v -0.255698 0.225637 0.038430
v -0.261801 0.234400 0.035098
v -0.270692 0.226165 0.035859
v -0.263135 0.225850 0.037192
v -0.247245 0.234230 0.037418
v -0.248690 0.225493 0.039532
v -0.244292 0.250477 0.031581
v -0.252902 0.242602 0.033703
v -0.245797 0.242585 0.034774
v -0.258917 0.250550 0.029192
v -0.268058 0.242735 0.031022
v -0.260457 0.242585 0.032489
v -0.250056 0.258041 0.026637
v -0.256483 0.264645 0.021213
v -0.265640 0.257700 0.023988
v -0.257699 0.257876 0.025391
v -0.241628 0.264746 0.023658
v -0.242946 0.257885 0.027801
v -0.238779 0.275938 0.014843
v -0.247481 0.270677 0.018201
v -0.240252 0.270786 0.019335
v -0.253699 0.275499 0.012359
v -0.263206 0.270230 0.015338
v -0.255177 0.270558 0.016819
v -0.244598 0.279897 0.009120
v -0.250406 0.282924 0.003117
v -0.260231 0.279240 0.006214
v -0.252118 0.279586 0.007778
v -0.236067 0.283397 0.005750
v -0.237528 0.280046 0.010348
v -0.233739 0.287604 -0.003430
v -0.241822 0.285709 -0.000084
v -0.234838 0.285908 0.001175
v -0.248151 0.286999 -0.006098
v -0.257490 0.284886 -0.003037
v -0.249225 0.285347 -0.001470
v -0.239876 0.288313 -0.009327
v -0.246600 0.288193 -0.015407
v -0.255742 0.287339 -0.012236
v -0.247242 0.287897 -0.010725
v -0.232005 0.288829 -0.012731
v -0.232826 0.288537 -0.008023
v -0.230618 0.287892 -0.022462
v -0.238638 0.288315 -0.018800
v -0.231357 0.288596 -0.017522
v -0.246139 0.287162 -0.025052
v -0.254821 0.287341 -0.021660
v -0.246293 0.287922 -0.020179
v -0.237736 0.286424 -0.028749
v -0.245367 0.284538 -0.035093
v -0.254342 0.285464 -0.031368
v -0.245734 0.286021 -0.030014
v -0.229677 0.285233 -0.032682
v -0.230173 0.286728 -0.027472
v -0.228736 0.281108 -0.043027
v -0.236917 0.283038 -0.038996
v -0.229135 0.283360 -0.037858
v -0.244770 0.280366 -0.045165
v -0.253644 0.282127 -0.041338
v -0.245013 0.282650 -0.040124
v -0.236480 0.278096 -0.049165
v -0.244800 0.274678 -0.055090
v -0.253463 0.277255 -0.051172
v -0.244687 0.277719 -0.050135
v -0.228650 0.275368 -0.053279
v -0.228649 0.278399 -0.048171
v -0.228373 0.267871 -0.063253
v -0.236435 0.271467 -0.059189
v -0.228422 0.271806 -0.058338
v -0.245065 0.267186 -0.064731
v -0.253709 0.270715 -0.060746
v -0.244876 0.271119 -0.059946
v -0.236770 0.263003 -0.068729
v -0.245736 0.257782 -0.073688
v -0.254326 0.262452 -0.069883
v -0.245271 0.262742 -0.069313
v -0.229068 0.258336 -0.072604
v -0.228668 0.263360 -0.068069
v -0.237822 0.252430 -0.077418
v -0.229721 0.252760 -0.076886
v -0.255316 0.252016 -0.078151
v -0.246286 0.252261 -0.077822
v 0.251809 0.214874 -0.093728
v 0.243031 0.222398 -0.091929
v 0.250967 0.230373 -0.089366
v 0.260170 0.222707 -0.091728
v 0.251407 0.222566 -0.091880
v 0.235766 0.214545 -0.093699
v 0.234718 0.230390 -0.089098
v 0.235243 0.222375 -0.091763
v 0.233837 0.245375 -0.082016
v 0.242190 0.238006 -0.086126
v 0.234317 0.238180 -0.085777
v 0.250169 0.244967 -0.082645
v 0.259458 0.237913 -0.086237
v 0.250605 0.237921 -0.086241
v 0.261079 0.207514 -0.094590
v 0.252923 0.199389 -0.095143
v 0.244170 0.206866 -0.094906
v 0.252425 0.207101 -0.094815
v 0.261948 0.191969 -0.094604
v 0.245478 0.190824 -0.094951
v 0.253496 0.191376 -0.094809
v 0.237111 0.198619 -0.095277
v 0.237905 0.190386 -0.094936
v 0.236430 0.206585 -0.094865
v 0.269604 0.133560 -0.059669
v 0.262267 0.128979 -0.053634
v 0.254404 0.131355 -0.058385
v 0.261675 0.132336 -0.059063
v 0.270811 0.126987 -0.048912
v 0.263686 0.122834 -0.042207
v 0.255552 0.124817 -0.047219
v 0.262840 0.125942 -0.048076
v 0.249452 0.120875 -0.040280
v 0.248106 0.127122 -0.052079
v 0.248684 0.123917 -0.046341
v 0.247551 0.130483 -0.057654
v 0.271924 0.123077 -0.037660
v 0.264090 0.122403 -0.031189
v 0.256448 0.121468 -0.035774
v 0.263836 0.122342 -0.036726
v 0.272551 0.123593 -0.026683
v 0.264923 0.123105 -0.019759
v 0.256883 0.122310 -0.024621
v 0.264400 0.122797 -0.025603
v 0.250465 0.121796 -0.017657
v 0.249701 0.120842 -0.029191
v 0.249922 0.121606 -0.023603
v 0.249591 0.120446 -0.034719
v 0.273436 0.126277 -0.015593
v 0.265585 0.128558 -0.009093
v 0.257642 0.125133 -0.013343
v 0.265171 0.125679 -0.014461
v 0.274310 0.131624 -0.004722
v 0.266491 0.133926 0.002188
v 0.258461 0.130774 -0.002447
v 0.266034 0.131178 -0.003544
v 0.251904 0.133145 0.004359
v 0.250967 0.127627 -0.006995
v 0.251402 0.130341 -0.001429
v 0.250619 0.124544 -0.012334
v 0.275025 0.139305 0.005899
v 0.267253 0.143625 0.012319
v 0.259259 0.138676 0.008275
v 0.266814 0.138929 0.007153
v 0.275910 0.148893 0.016162
v 0.268342 0.154166 0.022250
v 0.260271 0.148158 0.018628
v 0.267771 0.148464 0.017469
v 0.253901 0.153345 0.024506
v 0.252687 0.143038 0.014475
v 0.253270 0.147770 0.019689
v 0.252222 0.138347 0.009325
v 0.276860 0.161661 0.024888
v 0.269315 0.168081 0.030068
v 0.261257 0.160682 0.027315
v 0.268732 0.161118 0.026129
v 0.277770 0.176188 0.032129
v 0.269990 0.183430 0.036383
v 0.262359 0.174997 0.034571
v 0.269746 0.175501 0.033367
v 0.255764 0.182346 0.038609
v 0.254895 0.167207 0.032218
v 0.255439 0.174498 0.035665
v 0.254299 0.160271 0.028389
v 0.277375 0.192320 0.037045
v 0.268837 0.200320 0.039667
v 0.262290 0.191144 0.039630
v 0.269587 0.191672 0.038420
v 0.275388 0.209887 0.038720
v 0.266641 0.218441 0.039458
v 0.260510 0.208896 0.041316
v 0.267772 0.209329 0.040073
v 0.252497 0.217699 0.041838
v 0.254759 0.199451 0.042083
v 0.253699 0.208538 0.042463
v 0.255379 0.190766 0.040779
v 0.272957 0.227490 0.036541
v 0.264076 0.235581 0.035638
v 0.257984 0.226904 0.039145
v 0.265367 0.227145 0.037848
v 0.270332 0.243839 0.031417
v 0.261316 0.251552 0.029482
v 0.255263 0.243652 0.034094
v 0.262757 0.243668 0.032865
v 0.246854 0.251416 0.031919
v 0.249611 0.235347 0.038013
v 0.248228 0.243603 0.035203
v 0.251016 0.226711 0.040282
v 0.268082 0.258674 0.024213
v 0.259120 0.265581 0.021347
v 0.252690 0.258979 0.026824
v 0.260241 0.258857 0.025596
v 0.265988 0.271164 0.015471
v 0.256673 0.276435 0.012414
v 0.250447 0.271589 0.018276
v 0.257937 0.271498 0.016895
v 0.242010 0.276818 0.014912
v 0.244581 0.265640 0.023847
v 0.243368 0.271667 0.019439
v 0.245680 0.258816 0.028042
v 0.263071 0.280153 0.006238
v 0.253471 0.283849 0.003064
v 0.247760 0.280819 0.009113
v 0.255149 0.280525 0.007759
v 0.260355 0.285834 -0.003054
v 0.251233 0.287995 -0.006201
v 0.245031 0.286687 -0.000182
v 0.252290 0.286319 -0.001553
v 0.237124 0.288624 -0.003544
v 0.239434 0.284317 0.005716
v 0.238213 0.286874 0.001123
v 0.240837 0.280957 0.010337
v 0.258627 0.288364 -0.012324
v 0.249713 0.289232 -0.015580
v 0.243125 0.289350 -0.009484
v 0.250329 0.288944 -0.010854
v 0.257819 0.288335 -0.021751
v 0.249274 0.288197 -0.025338
v 0.241916 0.289425 -0.019077
v 0.249422 0.288972 -0.020393
v 0.234124 0.289029 -0.022790
v 0.235465 0.289924 -0.012886
v 0.234732 0.289757 -0.017767
v 0.236255 0.289594 -0.008159
v 0.257361 0.286382 -0.031662
v 0.248546 0.285462 -0.035554
v 0.241065 0.287506 -0.029174
v 0.248885 0.287014 -0.030412
v 0.256697 0.282873 -0.041828
v 0.248055 0.281029 -0.045895
v 0.240300 0.283955 -0.039683
v 0.248222 0.283449 -0.040729
v 0.232367 0.281911 -0.043906
v 0.233229 0.286312 -0.033272
v 0.232806 0.284325 -0.038570
v 0.233709 0.287849 -0.027941
v 0.256572 0.277665 -0.051856
v 0.248083 0.274921 -0.056038
v 0.239927 0.278646 -0.050134
v 0.247955 0.278175 -0.050963
v 0.256851 0.270729 -0.061593
v 0.248399 0.266996 -0.065783
v 0.239901 0.271577 -0.060336
v 0.248183 0.271155 -0.060946
v 0.232043 0.267762 -0.064521
v 0.232191 0.275748 -0.054418
v 0.232072 0.271961 -0.059516
v 0.232277 0.279027 -0.049216
v 0.257540 0.262013 -0.070825
v 0.249074 0.257096 -0.074694
v 0.240294 0.262591 -0.069936
v 0.248624 0.262320 -0.070370
v 0.258488 0.251091 -0.079019
v 0.241260 0.251483 -0.078505
v 0.249602 0.251297 -0.078771
v 0.232742 0.257621 -0.073840
v 0.233346 0.251768 -0.078026
v 0.232368 0.262953 -0.069337
v -0.273034 0.157984 -0.084391
v -0.281560 0.165282 -0.087816
v -0.271049 0.171201 -0.090594
v -0.271994 0.164562 -0.087705
v -0.292957 0.159660 -0.084669
v -0.303711 0.166385 -0.087680
v -0.291518 0.172371 -0.090600
v -0.292274 0.165882 -0.087814
v -0.302464 0.179561 -0.092484
v -0.290275 0.186781 -0.094269
v -0.279913 0.178782 -0.092911
v -0.290848 0.179235 -0.092772
v -0.269380 0.185978 -0.094504
v -0.270156 0.178230 -0.092899
v -0.274481 0.147547 -0.076011
v -0.283088 0.153399 -0.080732
v -0.273823 0.152551 -0.080351
v -0.275735 0.137479 -0.066291
v -0.284252 0.143420 -0.071821
v -0.275095 0.142542 -0.071269
v -0.295219 0.139414 -0.067493
v -0.305880 0.144950 -0.072499
v -0.294138 0.149232 -0.076746
v -0.294654 0.144242 -0.072264
v -0.304918 0.154835 -0.081001
v -0.293607 0.154190 -0.080949
v 0.272961 0.170318 -0.089536
v 0.283395 0.164570 -0.086709
v 0.274808 0.157532 -0.083270
v 0.273874 0.163812 -0.086542
v 0.271489 0.184804 -0.093565
v 0.281924 0.177828 -0.091889
v 0.272157 0.177217 -0.091899
v 0.292413 0.185834 -0.093263
v 0.304519 0.178755 -0.091479
v 0.293454 0.171577 -0.089517
v 0.292874 0.178390 -0.091703
v 0.305611 0.165755 -0.086617
v 0.294770 0.159144 -0.083541
v 0.294142 0.165276 -0.086690
v 0.284880 0.153065 -0.079627
v 0.276312 0.147363 -0.074948
v 0.275619 0.152210 -0.079258
v 0.306777 0.154513 -0.079908
v 0.296001 0.149096 -0.075659
v 0.295441 0.153872 -0.079816
v 0.307754 0.144975 -0.071488
v 0.297087 0.139454 -0.066578
v 0.286102 0.143438 -0.070816
v 0.296515 0.144271 -0.071246
v 0.277587 0.137603 -0.065409
v 0.276948 0.142421 -0.070289
v -0.300417 0.223963 -0.090968
v -0.287974 0.231562 -0.088811
v -0.277053 0.224406 -0.091505
v -0.288906 0.216965 -0.093187
v -0.288439 0.224230 -0.091287
v -0.299448 0.238202 -0.085729
v -0.286960 0.245213 -0.082579
v -0.276087 0.238946 -0.085916
v -0.287499 0.238616 -0.085873
v -0.265406 0.245812 -0.082229
v -0.266305 0.231899 -0.088921
v -0.265834 0.239110 -0.085772
v -0.267343 0.216959 -0.093510
v -0.266818 0.224425 -0.091537
v -0.277974 0.209538 -0.094780
v -0.289556 0.202208 -0.095086
v -0.301160 0.209475 -0.094116
v -0.289269 0.209599 -0.094514
v -0.268279 0.201820 -0.095439
v -0.267835 0.209397 -0.094881
v -0.278750 0.194167 -0.095241
v -0.268774 0.193845 -0.095294
v -0.301671 0.194552 -0.094619
v -0.289873 0.194456 -0.094986
v -0.285392 0.135146 -0.061947
v -0.296356 0.132618 -0.057474
v -0.306871 0.136799 -0.063030
v -0.295758 0.135978 -0.062582
v -0.276861 0.130782 -0.055939
v -0.276272 0.134276 -0.061230
v -0.278196 0.124538 -0.044786
v -0.286634 0.128474 -0.051383
v -0.277483 0.127570 -0.050465
v -0.297723 0.126317 -0.046627
v -0.308065 0.130404 -0.052823
v -0.296979 0.129595 -0.052210
v -0.287825 0.124781 -0.040397
v -0.298678 0.125207 -0.035931
v -0.309233 0.126516 -0.042126
v -0.298111 0.125623 -0.041332
v -0.278943 0.123566 -0.033853
v -0.278572 0.123734 -0.039350
v -0.279984 0.123915 -0.022492
v -0.288875 0.124675 -0.029425
v -0.279384 0.123759 -0.028246
v -0.299781 0.125465 -0.024750
v -0.310201 0.126415 -0.031358
v -0.299239 0.125471 -0.030447
v -0.289907 0.126863 -0.018381
v -0.300690 0.130108 -0.014203
v -0.311123 0.128592 -0.020437
v -0.300261 0.127635 -0.019497
v -0.280730 0.128768 -0.011893
v -0.280318 0.126170 -0.017224
v -0.281481 0.133742 -0.000806
v -0.290697 0.131807 -0.007612
v -0.281128 0.131218 -0.006389
v -0.301258 0.135131 -0.003207
v -0.311827 0.133385 -0.009817
v -0.301027 0.132433 -0.008740
v -0.291128 0.139246 0.002760
v -0.301490 0.144526 0.006527
v -0.312169 0.140883 0.000411
v -0.301344 0.139938 0.001567
v -0.281967 0.143178 0.009043
v -0.281670 0.138679 0.003990
v -0.282601 0.153884 0.018578
v -0.291564 0.148834 0.012629
v -0.282251 0.148229 0.013915
v -0.301731 0.155226 0.015960
v -0.312416 0.150456 0.010093
v -0.301600 0.149442 0.011412
v -0.292025 0.161282 0.021235
v -0.301895 0.169159 0.023772
v -0.312531 0.162963 0.018582
v -0.301799 0.162061 0.019935
v -0.283207 0.167690 0.026388
v -0.282880 0.160676 0.022573
v -0.283457 0.183160 0.032744
v -0.292316 0.175969 0.028522
v -0.283413 0.175264 0.029854
v -0.301637 0.184768 0.030181
v -0.312631 0.177655 0.025834
v -0.301872 0.176816 0.027275
v -0.291522 0.192368 0.033531
v -0.300224 0.201826 0.033470
v -0.311958 0.193976 0.030725
v -0.300958 0.193180 0.032282
v -0.281950 0.200254 0.036107
v -0.282856 0.191556 0.034866
v -0.279501 0.218069 0.035929
v -0.289088 0.209930 0.035209
v -0.280672 0.209207 0.036543
v -0.298083 0.219359 0.033110
v -0.310157 0.211199 0.032141
v -0.299195 0.210599 0.033737
v -0.286939 0.227200 0.033067
v -0.296086 0.235521 0.029344
v -0.308001 0.227901 0.029896
v -0.297089 0.227587 0.031570
v -0.277163 0.234956 0.032286
v -0.278425 0.226581 0.034453
v -0.274991 0.250365 0.026318
v -0.284924 0.242972 0.028153
v -0.276052 0.242844 0.029583
v -0.294150 0.250471 0.023064
v -0.305964 0.243260 0.024798
v -0.295165 0.243062 0.026544
v -0.282955 0.257517 0.020831
v -0.292585 0.263602 0.014811
v -0.304296 0.257125 0.017392
v -0.293346 0.257316 0.019129
v -0.272871 0.264057 0.018237
v -0.273888 0.257492 0.022470
v -0.270803 0.274715 0.009257
v -0.281394 0.269431 0.012151
v -0.271872 0.269816 0.013783
v -0.291204 0.273769 0.005705
v -0.302894 0.268692 0.008553
v -0.291903 0.269108 0.010305
v -0.279673 0.278168 0.002854
v -0.289830 0.280609 -0.003549
v -0.301628 0.276986 -0.000651
v -0.290576 0.277571 0.001065
v -0.268195 0.281926 -0.000065
v -0.269522 0.278707 0.004596
v -0.266349 0.285824 -0.009258
v -0.277963 0.283582 -0.006378
v -0.267236 0.284266 -0.004664
v -0.288336 0.284367 -0.012603
v -0.300276 0.282202 -0.009775
v -0.289048 0.282899 -0.008117
v -0.276353 0.285938 -0.015484
v -0.286943 0.285412 -0.021608
v -0.298903 0.284499 -0.018667
v -0.287607 0.285187 -0.017133
v -0.264857 0.286907 -0.018455
v -0.265510 0.286682 -0.013850
v -0.264050 0.285879 -0.027910
v -0.274986 0.285880 -0.024653
v -0.264412 0.286621 -0.023144
v -0.285445 0.284472 -0.030757
v -0.297553 0.284497 -0.027560
v -0.286201 0.285156 -0.026168
v -0.273738 0.284073 -0.034079
v -0.284185 0.282083 -0.040165
v -0.296215 0.282823 -0.036689
v -0.284798 0.283428 -0.035435
v -0.263156 0.283324 -0.037623
v -0.263620 0.284769 -0.032700
v -0.262528 0.279355 -0.047343
v -0.272682 0.280947 -0.043681
v -0.262713 0.281564 -0.042486
v -0.283491 0.278253 -0.049500
v -0.295271 0.279809 -0.045939
v -0.283755 0.280357 -0.044844
v -0.272497 0.276282 -0.053117
v -0.283777 0.272879 -0.058621
v -0.295238 0.275263 -0.054991
v -0.283529 0.275773 -0.054105
v -0.262750 0.273804 -0.056892
v -0.262540 0.276761 -0.052156
v -0.263139 0.266484 -0.066095
v -0.272853 0.269947 -0.062331
v -0.262829 0.270331 -0.061546
v -0.284307 0.265716 -0.067406
v -0.295824 0.269021 -0.063729
v -0.284022 0.269504 -0.063070
v -0.273656 0.261805 -0.071072
v -0.285527 0.256597 -0.075402
v -0.296878 0.260947 -0.071925
v -0.284952 0.261413 -0.071546
v -0.264031 0.257247 -0.074603
v -0.263563 0.262143 -0.070470
v -0.274950 0.251515 -0.078918
v -0.264666 0.251792 -0.078526
v -0.298263 0.250671 -0.079224
v -0.286323 0.251165 -0.079113
v 0.291525 0.215606 -0.092940
v 0.279782 0.222937 -0.091583
v 0.290792 0.230367 -0.089009
v 0.303143 0.222805 -0.090924
v 0.291165 0.222928 -0.091268
v 0.269946 0.215367 -0.093411
v 0.269155 0.230509 -0.089317
v 0.269542 0.222902 -0.091682
v 0.268451 0.244780 -0.082966
v 0.279028 0.237805 -0.086406
v 0.268804 0.237890 -0.086368
v 0.289912 0.244295 -0.083078
v 0.302319 0.237277 -0.086032
v 0.290408 0.237578 -0.086233
v 0.303688 0.208307 -0.093603
v 0.291951 0.200928 -0.094357
v 0.280463 0.208065 -0.094319
v 0.291797 0.208224 -0.093996
v 0.303946 0.193546 -0.093797
v 0.280985 0.192917 -0.094406
v 0.292136 0.193310 -0.094131
v 0.270636 0.200305 -0.094788
v 0.270997 0.192509 -0.094492
v 0.270328 0.207814 -0.094467
v 0.308802 0.137118 -0.062183
v 0.298276 0.132863 -0.056672
v 0.287259 0.135418 -0.061101
v 0.297652 0.136260 -0.061722
v 0.310047 0.130747 -0.052136
v 0.299646 0.126812 -0.045998
v 0.288509 0.128890 -0.050678
v 0.298930 0.129771 -0.051501
v 0.280109 0.124787 -0.044080
v 0.278740 0.131093 -0.055155
v 0.279340 0.127944 -0.049792
v 0.278122 0.134493 -0.060380
v 0.311273 0.126946 -0.041543
v 0.300663 0.125867 -0.035378
v 0.289789 0.125105 -0.039731
v 0.300091 0.126006 -0.040706
v 0.312277 0.127161 -0.030921
v 0.301821 0.126217 -0.024300
v 0.290846 0.125343 -0.028956
v 0.301238 0.126198 -0.029990
v 0.281903 0.124595 -0.022032
v 0.280895 0.123915 -0.033226
v 0.281302 0.124393 -0.027765
v 0.280462 0.124220 -0.038707
v 0.313256 0.129459 -0.020142
v 0.302789 0.131084 -0.013813
v 0.291944 0.127678 -0.017941
v 0.302335 0.128491 -0.019102
v 0.314013 0.134375 -0.009508
v 0.303406 0.136318 -0.002883
v 0.292763 0.132811 -0.007206
v 0.303147 0.133437 -0.008397
v 0.283555 0.134741 -0.000266
v 0.282739 0.129682 -0.011424
v 0.283135 0.132190 -0.005954
v 0.282292 0.126965 -0.016769
v 0.314450 0.142021 0.000831
v 0.303818 0.145776 0.007165
v 0.293340 0.140370 0.003311
v 0.303585 0.141171 0.002067
v 0.314928 0.151814 0.010756
v 0.304302 0.156716 0.016759
v 0.293974 0.150138 0.013369
v 0.304059 0.150817 0.012143
v 0.285073 0.155329 0.019464
v 0.284204 0.144378 0.009757
v 0.284605 0.149535 0.014744
v 0.283802 0.139794 0.004588
v 0.315230 0.164621 0.019328
v 0.304619 0.170929 0.024581
v 0.294621 0.162947 0.022065
v 0.304452 0.163761 0.020742
v 0.315458 0.179426 0.026525
v 0.304401 0.186525 0.030977
v 0.295083 0.177762 0.029347
v 0.304654 0.178594 0.028019
v 0.286144 0.184861 0.033604
v 0.285855 0.169382 0.027274
v 0.286117 0.176968 0.030694
v 0.285445 0.162270 0.023471
v 0.314683 0.195692 0.031502
v 0.302791 0.203460 0.034270
v 0.294187 0.194097 0.034400
v 0.303654 0.194894 0.033108
v 0.312652 0.212766 0.032901
v 0.300493 0.220689 0.033739
v 0.291523 0.211500 0.036029
v 0.301648 0.212161 0.034552
v 0.281816 0.219515 0.036669
v 0.284458 0.201861 0.037010
v 0.283041 0.210769 0.037352
v 0.285485 0.193226 0.035766
v 0.310314 0.229307 0.030483
v 0.298307 0.236776 0.029838
v 0.289346 0.228452 0.033679
v 0.299321 0.228970 0.032137
v 0.308223 0.244442 0.025230
v 0.296461 0.251573 0.023499
v 0.287196 0.244136 0.028587
v 0.297418 0.244259 0.026991
v 0.277332 0.251431 0.026638
v 0.279554 0.236068 0.032813
v 0.278336 0.243972 0.029966
v 0.280685 0.227957 0.035065
v 0.306705 0.258173 0.017790
v 0.295106 0.264595 0.015152
v 0.285400 0.258561 0.021166
v 0.295756 0.258362 0.019503
v 0.305466 0.269635 0.008888
v 0.293863 0.274676 0.005967
v 0.284059 0.270382 0.012392
v 0.294506 0.270065 0.010597
v 0.273573 0.275637 0.009354
v 0.275445 0.265019 0.018451
v 0.274585 0.270794 0.013951
v 0.276363 0.258513 0.022730
v 0.304268 0.277849 -0.000349
v 0.292509 0.281455 -0.003345
v 0.282357 0.279060 0.003020
v 0.293262 0.278429 0.001325
v 0.302813 0.283034 -0.009512
v 0.290934 0.285246 -0.012439
v 0.280699 0.284440 -0.006276
v 0.291699 0.283723 -0.007917
v 0.269180 0.286768 -0.009198
v 0.270967 0.282845 0.000000
v 0.270079 0.285158 -0.004620
v 0.272367 0.279613 0.004719
v 0.301476 0.285345 -0.018411
v 0.289569 0.286296 -0.021460
v 0.279071 0.286854 -0.015391
v 0.290250 0.286069 -0.016953
v 0.300136 0.285319 -0.027371
v 0.288119 0.285299 -0.030719
v 0.277724 0.286779 -0.024659
v 0.288855 0.286013 -0.026054
v 0.266935 0.286791 -0.028033
v 0.267707 0.287850 -0.018477
v 0.267286 0.287561 -0.023191
v 0.268337 0.287619 -0.013810
v 0.298825 0.283572 -0.036621
v 0.286887 0.282758 -0.040278
v 0.276486 0.284904 -0.034203
v 0.287454 0.284208 -0.035477
v 0.297959 0.280373 -0.046066
v 0.286259 0.278722 -0.049792
v 0.275537 0.281558 -0.044028
v 0.286459 0.280944 -0.045072
v 0.265497 0.279864 -0.047884
v 0.266059 0.284133 -0.037930
v 0.265664 0.282222 -0.042952
v 0.266468 0.285645 -0.032927
v 0.297941 0.275558 -0.055278
v 0.286592 0.273036 -0.059110
v 0.275397 0.276614 -0.053664
v 0.286335 0.276086 -0.054493
v 0.298571 0.269046 -0.064112
v 0.287204 0.265591 -0.067972
v 0.275798 0.269976 -0.062995
v 0.286869 0.269528 -0.063604
v 0.266208 0.266310 -0.066928
v 0.265768 0.273991 -0.057599
v 0.265855 0.270347 -0.062304
v 0.265532 0.277138 -0.052748
v 0.299728 0.260668 -0.072379
v 0.288477 0.256093 -0.075996
v 0.276682 0.261489 -0.071802
v 0.287889 0.261126 -0.072149
v 0.301155 0.250035 -0.079656
v 0.277985 0.250768 -0.079614
v 0.289286 0.250453 -0.079657
v 0.267146 0.256657 -0.075443
v 0.267750 0.250980 -0.079332
v 0.266665 0.261754 -0.071348
v -0.316205 0.160615 -0.084577
v -0.327250 0.166768 -0.087316
v -0.314927 0.172969 -0.090130
v -0.315552 0.166652 -0.087536
v -0.338931 0.161175 -0.084290
v -0.348268 0.167503 -0.086468
v -0.337808 0.173204 -0.089342
v -0.338380 0.167072 -0.086986
v -0.347275 0.179936 -0.090479
v -0.336910 0.186935 -0.092357
v -0.326133 0.179631 -0.091705
v -0.337322 0.179740 -0.091154
v -0.313968 0.187026 -0.093504
v -0.314404 0.179673 -0.092127
v -0.317137 0.150364 -0.077123
v -0.328333 0.155516 -0.081106
v -0.316688 0.155264 -0.081074
v -0.318038 0.140795 -0.068335
v -0.329197 0.145903 -0.073050
v -0.317586 0.145485 -0.072796
v -0.340578 0.142092 -0.068812
v -0.349877 0.147459 -0.073080
v -0.339805 0.151170 -0.077247
v -0.340196 0.146597 -0.073135
v -0.349197 0.156748 -0.080694
v -0.339401 0.156013 -0.080993
v 0.316936 0.172300 -0.089159
v 0.329243 0.166260 -0.086412
v 0.318106 0.160174 -0.083580
v 0.317495 0.166081 -0.086549
v 0.316154 0.186241 -0.092607
v 0.328280 0.178976 -0.090825
v 0.316488 0.178949 -0.091195
v 0.339206 0.186298 -0.091498
v 0.349518 0.179409 -0.089586
v 0.339918 0.172710 -0.088477
v 0.339518 0.179163 -0.090278
v 0.350369 0.167117 -0.085596
v 0.340944 0.160898 -0.083416
v 0.340434 0.166632 -0.086108
v 0.330302 0.155267 -0.080204
v 0.319077 0.150221 -0.076143
v 0.318589 0.154953 -0.080080
v 0.351240 0.156580 -0.079853
v 0.341853 0.151119 -0.076430
v 0.341424 0.155807 -0.080137
v 0.351958 0.147565 -0.072339
v 0.342634 0.142351 -0.068112
v 0.331184 0.145971 -0.072225
v 0.342248 0.146670 -0.072367
v 0.319980 0.140981 -0.067482
v 0.319514 0.145531 -0.071879
v -0.334791 0.229379 -0.087081
v -0.324197 0.222976 -0.089971
v -0.335759 0.215410 -0.090970
v -0.335313 0.222338 -0.089266
v -0.333715 0.242537 -0.081617
v -0.323181 0.236952 -0.085019
v -0.334248 0.236151 -0.084507
v -0.310934 0.244119 -0.082379
v -0.311997 0.230726 -0.088217
v -0.311482 0.237633 -0.085459
v -0.312902 0.216421 -0.092351
v -0.312472 0.223523 -0.090553
v -0.324964 0.208840 -0.093002
v -0.336401 0.201511 -0.092871
v -0.336157 0.208467 -0.092246
v -0.313453 0.202023 -0.094233
v -0.313238 0.209196 -0.093651
v -0.325452 0.194297 -0.093585
v -0.313685 0.194470 -0.094165
v -0.336629 0.194167 -0.092899
v -0.330072 0.138021 -0.064034
v -0.341424 0.135658 -0.059581
v -0.340987 0.138798 -0.064310
v -0.319049 0.134110 -0.058625
v -0.318518 0.137447 -0.063527
v -0.320276 0.128187 -0.048171
v -0.331077 0.131821 -0.054219
v -0.319611 0.131152 -0.053548
v -0.342468 0.130150 -0.049562
v -0.341908 0.132867 -0.054686
v -0.332131 0.128236 -0.043797
v -0.343359 0.129410 -0.039358
v -0.342910 0.129463 -0.044466
v -0.321229 0.127066 -0.037647
v -0.320751 0.127402 -0.042951
v -0.322255 0.127520 -0.026663
v -0.333073 0.128505 -0.033215
v -0.321695 0.127411 -0.032270
v -0.344295 0.130057 -0.028681
v -0.343852 0.129820 -0.034094
v -0.333966 0.130821 -0.022537
v -0.345224 0.134704 -0.018519
v -0.344781 0.132234 -0.023634
v -0.322982 0.132142 -0.016226
v -0.322593 0.129677 -0.021465
v -0.323513 0.137325 -0.005545
v -0.334692 0.135730 -0.012104
v -0.323287 0.134532 -0.010936
v -0.345913 0.139921 -0.008191
v -0.345610 0.137096 -0.013333
v -0.335124 0.143053 -0.002249
v -0.346420 0.148677 0.001073
v -0.346151 0.144352 -0.003603
v -0.323797 0.146461 0.003944
v -0.323646 0.141949 -0.000893
v -0.323989 0.157121 0.013226
v -0.335442 0.152404 0.007174
v -0.323891 0.151415 0.008645
v -0.346739 0.159076 0.010137
v -0.346610 0.153492 0.005686
v -0.335604 0.164641 0.015521
v -0.346763 0.172394 0.017667
v -0.346758 0.165558 0.013944
v -0.324094 0.170928 0.020776
v -0.324033 0.163827 0.017087
v -0.324032 0.186376 0.027014
v -0.335699 0.179153 0.022630
v -0.324140 0.178456 0.024233
v -0.346367 0.187519 0.023739
v -0.346669 0.179780 0.020972
v -0.334942 0.195199 0.027427
v -0.344709 0.203841 0.026874
v -0.345679 0.195615 0.025717
v -0.322702 0.203097 0.030230
v -0.323466 0.194638 0.029085
v -0.320381 0.220155 0.029792
v -0.332927 0.211975 0.028838
v -0.321617 0.211628 0.030481
v -0.341876 0.220395 0.026450
v -0.343221 0.212282 0.027145
v -0.330405 0.228273 0.026580
v -0.339273 0.235711 0.022756
v -0.340472 0.228270 0.024911
v -0.318307 0.235783 0.025971
v -0.319328 0.228138 0.028218
v -0.316272 0.250260 0.019643
v -0.328082 0.243164 0.021544
v -0.317195 0.243228 0.023092
v -0.336898 0.249808 0.016551
v -0.338138 0.242795 0.019988
v -0.326143 0.256644 0.014183
v -0.335028 0.262183 0.008357
v -0.335902 0.256268 0.012638
v -0.314634 0.262938 0.011364
v -0.315422 0.256881 0.015689
v -0.313327 0.272750 0.002284
v -0.324613 0.267860 0.005401
v -0.313950 0.268263 0.006872
v -0.333701 0.271648 -0.000569
v -0.334308 0.267323 0.003926
v -0.323361 0.275957 -0.003768
v -0.332655 0.278048 -0.009548
v -0.333198 0.275188 -0.005061
v -0.312015 0.279372 -0.006901
v -0.312654 0.276459 -0.002345
v -0.310824 0.282974 -0.015791
v -0.322273 0.280963 -0.012719
v -0.311373 0.281539 -0.011395
v -0.331769 0.281505 -0.018250
v -0.332245 0.280128 -0.013907
v -0.321239 0.283163 -0.021365
v -0.330914 0.282503 -0.026675
v -0.331319 0.282252 -0.022450
v -0.309633 0.284032 -0.024519
v -0.310195 0.283771 -0.020144
v -0.308394 0.283183 -0.033387
v -0.320144 0.283171 -0.030010
v -0.308999 0.283814 -0.028908
v -0.329971 0.281655 -0.035254
v -0.330440 0.282292 -0.030947
v -0.319124 0.281509 -0.038822
v -0.329421 0.279277 -0.044026
v -0.329643 0.280635 -0.039623
v -0.307351 0.280906 -0.042420
v -0.307810 0.282227 -0.037882
v -0.306985 0.277139 -0.051399
v -0.318633 0.278488 -0.047733
v -0.307090 0.279216 -0.046937
v -0.329605 0.275441 -0.052606
v -0.329425 0.277567 -0.048348
v -0.318890 0.273873 -0.056312
v -0.330420 0.270021 -0.060800
v -0.329952 0.272946 -0.056754
v -0.307580 0.271778 -0.060069
v -0.307192 0.274663 -0.055772
v -0.308463 0.264608 -0.068293
v -0.319730 0.267583 -0.064544
v -0.307897 0.268391 -0.064245
v -0.331344 0.262864 -0.068505
v -0.330861 0.266646 -0.064743
v -0.320736 0.259465 -0.072156
v -0.332524 0.253760 -0.075445
v -0.331882 0.258550 -0.072103
v -0.309649 0.255436 -0.075722
v -0.308973 0.260284 -0.072100
v -0.322031 0.249250 -0.078954
v -0.310313 0.250036 -0.079145
v -0.333131 0.248368 -0.078638
v 0.338458 0.214560 -0.090569
v 0.326922 0.222063 -0.089815
v 0.337600 0.228600 -0.086979
v 0.338068 0.221519 -0.089019
v 0.315513 0.215348 -0.092045
v 0.314781 0.229774 -0.088292
v 0.315189 0.222498 -0.090443
v 0.313788 0.243390 -0.082700
v 0.325998 0.236120 -0.085182
v 0.314319 0.236775 -0.085685
v 0.336588 0.241926 -0.081735
v 0.337104 0.235464 -0.084530
v 0.338918 0.200692 -0.092145
v 0.327553 0.207902 -0.092471
v 0.338776 0.207624 -0.091655
v 0.327798 0.193478 -0.092850
v 0.339038 0.193426 -0.092109
v 0.315877 0.201046 -0.093539
v 0.315983 0.193599 -0.093380
v 0.315778 0.208193 -0.093124
v 0.343532 0.136039 -0.058998
v 0.332095 0.138249 -0.063303
v 0.343063 0.139158 -0.063659
v 0.344665 0.130544 -0.049069
v 0.333166 0.132230 -0.053630
v 0.344055 0.133301 -0.054173
v 0.322341 0.128605 -0.047594
v 0.321055 0.134386 -0.057932
v 0.321656 0.131527 -0.052903
v 0.320480 0.137778 -0.062758
v 0.345632 0.129977 -0.038998
v 0.334289 0.128882 -0.043363
v 0.345120 0.129949 -0.044083
v 0.346610 0.130827 -0.028538
v 0.335300 0.129289 -0.032968
v 0.346139 0.130585 -0.033871
v 0.324418 0.128334 -0.026429
v 0.323352 0.127771 -0.037223
v 0.323853 0.128172 -0.031922
v 0.322841 0.127864 -0.042413
v 0.347622 0.135581 -0.018419
v 0.336272 0.131687 -0.022409
v 0.347154 0.133058 -0.023498
v 0.348410 0.140878 -0.007990
v 0.337030 0.136675 -0.011964
v 0.348020 0.138037 -0.013212
v 0.325803 0.138330 -0.005294
v 0.325212 0.133089 -0.016037
v 0.325532 0.135496 -0.010728
v 0.324813 0.130555 -0.021232
v 0.349079 0.149904 0.001480
v 0.337577 0.144194 -0.001911
v 0.348727 0.145433 -0.003332
v 0.349612 0.160545 0.010702
v 0.338119 0.153826 0.007725
v 0.349376 0.154855 0.006189
v 0.326670 0.158686 0.013760
v 0.326257 0.147750 0.004465
v 0.326495 0.152822 0.009263
v 0.326014 0.143100 -0.000486
v 0.349787 0.174170 0.018227
v 0.338464 0.166358 0.016135
v 0.349690 0.167219 0.014500
v 0.349388 0.189324 0.024309
v 0.338683 0.180964 0.023261
v 0.349742 0.181564 0.021523
v 0.326913 0.188145 0.027722
v 0.326950 0.172707 0.021470
v 0.327035 0.180244 0.024857
v 0.326798 0.165500 0.017733
v 0.347516 0.205525 0.027471
v 0.337811 0.196944 0.028093
v 0.348620 0.197369 0.026321
v 0.344446 0.221904 0.027024
v 0.335551 0.213550 0.029488
v 0.346077 0.213720 0.027755
v 0.322799 0.221650 0.030393
v 0.325365 0.204759 0.030914
v 0.324164 0.213222 0.031165
v 0.326252 0.196375 0.029777
v 0.341747 0.236974 0.023247
v 0.332861 0.229650 0.027117
v 0.343153 0.229543 0.025444
v 0.339403 0.250932 0.017054
v 0.330473 0.244346 0.021978
v 0.340595 0.244007 0.020482
v 0.318625 0.251358 0.020059
v 0.320647 0.237052 0.026441
v 0.319507 0.244405 0.023523
v 0.321694 0.229540 0.028726
v 0.337688 0.263209 0.008867
v 0.328521 0.257855 0.014536
v 0.338484 0.257354 0.013133
v 0.336418 0.272612 -0.000079
v 0.327158 0.268954 0.005743
v 0.337016 0.268322 0.004437
v 0.315952 0.273630 0.002639
v 0.317175 0.263923 0.011745
v 0.316549 0.269183 0.007235
v 0.317865 0.257919 0.016088
v 0.335325 0.278940 -0.009078
v 0.326028 0.276829 -0.003362
v 0.335836 0.276156 -0.004630
v 0.334341 0.282427 -0.017758
v 0.324877 0.281798 -0.012301
v 0.334868 0.281028 -0.013438
v 0.313373 0.283793 -0.015467
v 0.314635 0.280191 -0.006552
v 0.313958 0.282353 -0.011031
v 0.315276 0.277303 -0.001992
v 0.333466 0.283432 -0.026225
v 0.323747 0.284033 -0.020979
v 0.333877 0.283184 -0.021964
v 0.332514 0.282512 -0.034885
v 0.322684 0.284018 -0.029646
v 0.332972 0.283203 -0.030517
v 0.310934 0.283947 -0.033154
v 0.312155 0.284865 -0.024211
v 0.311535 0.284625 -0.028637
v 0.312735 0.284600 -0.019811
v 0.332019 0.280015 -0.043782
v 0.321674 0.282276 -0.038585
v 0.332190 0.281436 -0.039318
v 0.332205 0.275923 -0.052526
v 0.321218 0.279055 -0.047661
v 0.332005 0.278163 -0.048200
v 0.309625 0.277547 -0.051490
v 0.309922 0.281548 -0.042366
v 0.309679 0.279767 -0.046940
v 0.310380 0.282942 -0.037721
v 0.333036 0.270232 -0.060847
v 0.321504 0.274190 -0.056375
v 0.332563 0.273283 -0.056755
v 0.334009 0.262821 -0.068659
v 0.322373 0.267655 -0.064735
v 0.333487 0.266736 -0.064846
v 0.311177 0.264500 -0.068631
v 0.310242 0.271924 -0.060289
v 0.310573 0.268401 -0.064532
v 0.309830 0.274942 -0.055937
v 0.335324 0.253426 -0.075622
v 0.323489 0.259274 -0.072427
v 0.334616 0.258378 -0.072271
v 0.324851 0.248741 -0.079234
v 0.335970 0.247908 -0.078777
v 0.312459 0.255025 -0.076110
v 0.313161 0.249457 -0.079518
v 0.311751 0.260050 -0.072486
v -0.356609 0.162611 -0.083265
v -0.361923 0.168517 -0.085324
v -0.355636 0.174005 -0.088042
v -0.356142 0.168089 -0.085830
v -0.366671 0.163508 -0.082418
v -0.368666 0.168768 -0.084808
v -0.365778 0.174411 -0.087103
v -0.366255 0.168680 -0.084938
v -0.367757 0.180544 -0.088542
v -0.361060 0.180499 -0.089119
v -0.365382 0.180520 -0.088715
v -0.355210 0.180272 -0.089708
v -0.357264 0.152927 -0.076718
v -0.362681 0.158268 -0.079788
v -0.356976 0.157653 -0.080216
v -0.363187 0.149350 -0.072554
v -0.357546 0.148542 -0.072830
v -0.370159 0.150352 -0.072181
v -0.367293 0.154166 -0.076056
v -0.367559 0.149980 -0.072278
v -0.369541 0.158982 -0.079353
v -0.367034 0.158679 -0.079450
v 0.357814 0.173591 -0.087140
v 0.364035 0.168191 -0.084445
v 0.358674 0.162390 -0.082415
v 0.358253 0.167763 -0.084959
v 0.363310 0.180075 -0.088169
v 0.357465 0.179811 -0.088785
v 0.369993 0.180205 -0.087580
v 0.367961 0.174076 -0.086193
v 0.367633 0.180156 -0.087748
v 0.370807 0.168718 -0.083923
v 0.368749 0.163335 -0.081572
v 0.368372 0.168426 -0.084061
v 0.364726 0.158152 -0.078973
v 0.359345 0.152912 -0.075920
v 0.359021 0.157512 -0.079379
v 0.371589 0.158743 -0.078571
v 0.369382 0.154191 -0.075297
v 0.369087 0.158591 -0.078649
v 0.372277 0.150743 -0.071517
v 0.365271 0.149465 -0.071826
v 0.369638 0.150117 -0.071586
v 0.359633 0.148656 -0.072099
f 1 2389 2393 2392
f 2389 618 2390 2393
f 2393 2390 622 2391
f 2392 2393 2391 621
f 618 2394 2397 2390
f 2394 5 2395 2397
f 2397 2395 619 2396
f 2390 2397 2396 622
f 622 2396 2401 2400
f 2396 619 2398 2401
f 2401 2398 6 2399
f 2400 2401 2399 620
f 621 2391 2404 2403
f 2391 622 2400 2404
f 2404 2400 620 2402
f 2403 2404 2402 7
f 1 2405 2408 2389
f 2405 623 2406 2408
f 2408 2406 626 2407
f 2389 2408 2407 618
f 623 2409 2412 2406
f 2409 8 2410 2412
f 2412 2410 624 2411
f 2406 2412 2411 626
f 626 2411 2416 2415
f 2411 624 2413 2416
f 2416 2413 9 2414
f 2415 2416 2414 625
f 618 2407 2418 2394
f 2407 626 2415 2418
f 2418 2415 625 2417
f 2394 2418 2417 5
f 1 2392 2422 2421
f 2392 621 2419 2422
f 2422 2419 630 2420
f 2421 2422 2420 629
f 621 2403 2425 2419
f 2403 7 2423 2425
f 2425 2423 627 2424
f 2419 2425 2424 630
f 630 2424 2429 2428
f 2424 627 2426 2429
f 2429 2426 10 2427
f 2428 2429 2427 628
f 629 2420 2432 2431
f 2420 630 2428 2432
f 2432 2428 628 2430
f 2431 2432 2430 11
f 1 2433 2436 2405
f 2433 631 2434 2436
f 2436 2434 634 2435
f 2405 2436 2435 623
f 631 2437 2440 2434
f 2437 12 2438 2440
f 2440 2438 632 2439
f 2434 2440 2439 634
f 634 2439 2444 2443
f 2439 632 2441 2444
f 2444 2441 13 2442
f 2443 2444 2442 633
f 623 2435 2446 2409
f 2435 634 2443 2446
f 2446 2443 633 2445
f 2409 2446 2445 8
f 1 2421 2449 2433
f 2421 629 2447 2449
f 2449 2447 637 2448
f 2433 2449 2448 631
f 629 2431 2452 2447
f 2431 11 2450 2452
f 2452 2450 635 2451
f 2447 2452 2451 637
f 637 2451 2456 2455
f 2451 635 2453 2456
f 2456 2453 14 2454
f 2455 2456 2454 636
f 631 2448 2458 2437
f 2448 637 2455 2458
f 2458 2455 636 2457
f 2437 2458 2457 12
f 2 2459 2463 2462
f 2459 638 2460 2463
f 2463 2460 642 2461
f 2462 2463 2461 641
f 638 2464 2467 2460
f 2464 15 2465 2467
f 2467 2465 639 2466
f 2460 2467 2466 642
f 642 2466 2471 2470
f 2466 639 2468 2471
f 2471 2468 16 2469
f 2470 2471 2469 640
f 641 2461 2474 2473
f 2461 642 2470 2474
f 2474 2470 640 2472
f 2473 2474 2472 17
f 2 2475 2479 2478
f 2475 643 2476 2479
f 2479 2476 647 2477
f 2478 2479 2477 646
f 643 2480 2483 2476
f 2480 18 2481 2483
f 2483 2481 644 2482
f 2476 2483 2482 647
f 647 2482 2487 2486
f 2482 644 2484 2487
f 2487 2484 19 2485
f 2486 2487 2485 645
f 646 2477 2490 2489
f 2477 647 2486 2490
f 2490 2486 645 2488
f 2489 2490 2488 20
f 2 2462 2493 2475
f 2462 641 2491 2493
f 2493 2491 650 2492
f 2475 2493 2492 643
f 641 2473 2496 2491
f 2473 17 2494 2496
f 2496 2494 648 2495
f 2491 2496 2495 650
f 650 2495 2500 2499
f 2495 648 2497 2500
f 2500 2497 21 2498
f 2499 2500 2498 649
f 643 2492 2502 2480
f 2492 650 2499 2502
f 2502 2499 649 2501
f 2480 2502 2501 18
f 2 2503 2506 2459
f 2503 651 2504 2506
f 2506 2504 654 2505
f 2459 2506 2505 638
f 651 2507 2510 2504
f 2507 4 2508 2510
f 2510 2508 652 2509
f 2504 2510 2509 654
f 654 2509 2514 2513
f 2509 652 2511 2514
f 2514 2511 22 2512
f 2513 2514 2512 653
f 638 2505 2516 2464
f 2505 654 2513 2516
f 2516 2513 653 2515
f 2464 2516 2515 15
f 2 2478 2519 2503
f 2478 646 2517 2519
f 2519 2517 657 2518
f 2503 2519 2518 651
f 646 2489 2522 2517
f 2489 20 2520 2522
f 2522 2520 655 2521
f 2517 2522 2521 657
f 657 2521 2526 2525
f 2521 655 2523 2526
f 2526 2523 23 2524
f 2525 2526 2524 656
f 651 2518 2528 2507
f 2518 657 2525 2528
f 2528 2525 656 2527
f 2507 2528 2527 4
f 3 2529 2533 2532
f 2529 658 2530 2533
f 2533 2530 662 2531
f 2532 2533 2531 661
f 658 2534 2537 2530
f 2534 24 2535 2537
f 2537 2535 659 2536
f 2530 2537 2536 662
f 662 2536 2541 2540
f 2536 659 2538 2541
f 2541 2538 25 2539
f 2540 2541 2539 660
f 661 2531 2544 2543
f 2531 662 2540 2544
f 2544 2540 660 2542
f 2543 2544 2542 26
f 3 2532 2548 2547
f 2532 661 2545 2548
f 2548 2545 665 2546
f 2547 2548 2546 664
f 661 2543 2551 2545
f 2543 26 2549 2551
f 2551 2549 663 2550
f 2545 2551 2550 665
f 665 2550 2554 2553
f 2550 663 2552 2554
f 2554 2552 13 2441
f 2553 2554 2441 632
f 664 2546 2556 2555
f 2546 665 2553 2556
f 2556 2553 632 2438
f 2555 2556 2438 12
f 3 2547 2560 2559
f 2547 664 2557 2560
f 2560 2557 668 2558
f 2559 2560 2558 667
f 664 2555 2562 2557
f 2555 12 2457 2562
f 2562 2457 636 2561
f 2557 2562 2561 668
f 668 2561 2565 2564
f 2561 636 2454 2565
f 2565 2454 14 2563
f 2564 2565 2563 666
f 667 2558 2568 2567
f 2558 668 2564 2568
f 2568 2564 666 2566
f 2567 2568 2566 27
f 4 2569 2572 2508
f 2569 669 2570 2572
f 2572 2570 672 2571
f 2508 2572 2571 652
f 669 2573 2576 2570
f 2573 28 2574 2576
f 2576 2574 670 2575
f 2570 2576 2575 672
f 672 2575 2580 2579
f 2575 670 2577 2580
f 2580 2577 29 2578
f 2579 2580 2578 671
f 652 2571 2582 2511
f 2571 672 2579 2582
f 2582 2579 671 2581
f 2511 2582 2581 22
f 4 2583 2586 2569
f 2583 673 2584 2586
f 2586 2584 676 2585
f 2569 2586 2585 669
f 673 2587 2590 2584
f 2587 30 2588 2590
f 2590 2588 674 2589
f 2584 2590 2589 676
f 676 2589 2594 2593
f 2589 674 2591 2594
f 2594 2591 31 2592
f 2593 2594 2592 675
f 669 2585 2596 2573
f 2585 676 2593 2596
f 2596 2593 675 2595
f 2573 2596 2595 28
f 4 2527 2599 2583
f 2527 656 2597 2599
f 2599 2597 679 2598
f 2583 2599 2598 673
f 656 2524 2602 2597
f 2524 23 2600 2602
f 2602 2600 677 2601
f 2597 2602 2601 679
f 679 2601 2606 2605
f 2601 677 2603 2606
f 2606 2603 32 2604
f 2605 2606 2604 678
f 673 2598 2608 2587
f 2598 679 2605 2608
f 2608 2605 678 2607
f 2587 2608 2607 30
f 33 2609 2613 2612
f 2609 680 2610 2613
f 2613 2610 683 2611
f 2612 2613 2611 682
f 680 2614 2617 2610
f 2614 42 2615 2617
f 2617 2615 681 2616
f 2610 2617 2616 683
f 683 2616 2620 2619
f 2616 681 2618 2620
f 2620 2618 15 2515
f 2619 2620 2515 653
f 682 2611 2622 2621
f 2611 683 2619 2622
f 2622 2619 653 2512
f 2621 2622 2512 22
f 33 2612 2626 2625
f 2612 682 2623 2626
f 2626 2623 686 2624
f 2625 2626 2624 685
f 682 2621 2628 2623
f 2621 22 2581 2628
f 2628 2581 671 2627
f 2623 2628 2627 686
f 686 2627 2631 2630
f 2627 671 2578 2631
f 2631 2578 29 2629
f 2630 2631 2629 684
f 685 2624 2634 2633
f 2624 686 2630 2634
f 2634 2630 684 2632
f 2633 2634 2632 43
f 34 2635 2639 2638
f 2635 687 2636 2639
f 2639 2636 690 2637
f 2638 2639 2637 689
f 687 2640 2643 2636
f 2640 38 2641 2643
f 2643 2641 688 2642
f 2636 2643 2642 690
f 690 2642 2646 2645
f 2642 688 2644 2646
f 2646 2644 26 2542
f 2645 2646 2542 660
f 689 2637 2648 2647
f 2637 690 2645 2648
f 2648 2645 660 2539
f 2647 2648 2539 25
f 35 2649 2653 2652
f 2649 691 2650 2653
f 2653 2650 695 2651
f 2652 2653 2651 694
f 691 2654 2657 2650
f 2654 44 2655 2657
f 2657 2655 692 2656
f 2650 2657 2656 695
f 695 2656 2661 2660
f 2656 692 2658 2661
f 2661 2658 45 2659
f 2660 2661 2659 693
f 694 2651 2664 2663
f 2651 695 2660 2664
f 2664 2660 693 2662
f 2663 2664 2662 46
f 36 2665 2669 2668
f 2665 696 2666 2669
f 2669 2666 700 2667
f 2668 2669 2667 699
f 696 2670 2673 2666
f 2670 47 2671 2673
f 2673 2671 697 2672
f 2666 2673 2672 700
f 700 2672 2677 2676
f 2672 697 2674 2677
f 2677 2674 16 2675
f 2676 2677 2675 698
f 699 2667 2680 2679
f 2667 700 2676 2680
f 2680 2676 698 2678
f 2679 2680 2678 48
f 37 2681 2685 2684
f 2681 701 2682 2685
f 2685 2682 705 2683
f 2684 2685 2683 704
f 701 2686 2689 2682
f 2686 49 2687 2689
f 2689 2687 702 2688
f 2682 2689 2688 705
f 705 2688 2693 2692
f 2688 702 2690 2693
f 2693 2690 50 2691
f 2692 2693 2691 703
f 704 2683 2696 2695
f 2683 705 2692 2696
f 2696 2692 703 2694
f 2695 2696 2694 51
f 38 2697 2700 2641
f 2697 706 2698 2700
f 2700 2698 708 2699
f 2641 2700 2699 688
f 706 2701 2704 2698
f 2701 52 2702 2704
f 2704 2702 707 2703
f 2698 2704 2703 708
f 708 2703 2707 2706
f 2703 707 2705 2707
f 2707 2705 13 2552
f 2706 2707 2552 663
f 688 2699 2708 2644
f 2699 708 2706 2708
f 2708 2706 663 2549
f 2644 2708 2549 26
f 39 2709 2713 2712
f 2709 709 2710 2713
f 2713 2710 713 2711
f 2712 2713 2711 712
f 709 2714 2717 2710
f 2714 53 2715 2717
f 2717 2715 710 2716
f 2710 2717 2716 713
f 713 2716 2721 2720
f 2716 710 2718 2721
f 2721 2718 584 2719
f 2720 2721 2719 711
f 712 2711 2724 2723
f 2711 713 2720 2724
f 2724 2720 711 2722
f 2723 2724 2722 585
f 39 2712 2728 2727
f 2712 712 2725 2728
f 2728 2725 717 2726
f 2727 2728 2726 716
f 712 2723 2731 2725
f 2723 585 2729 2731
f 2731 2729 714 2730
f 2725 2731 2730 717
f 717 2730 2735 2734
f 2730 714 2732 2735
f 2735 2732 586 2733
f 2734 2735 2733 715
f 716 2726 2738 2737
f 2726 717 2734 2738
f 2738 2734 715 2736
f 2737 2738 2736 57
f 40 2739 2743 2742
f 2739 718 2740 2743
f 2743 2740 720 2741
f 2742 2743 2741 719
f 718 2744 2746 2740
f 2744 17 2472 2746
f 2746 2472 640 2745
f 2740 2746 2745 720
f 720 2745 2748 2747
f 2745 640 2469 2748
f 2748 2469 16 2674
f 2747 2748 2674 697
f 719 2741 2750 2749
f 2741 720 2747 2750
f 2750 2747 697 2671
f 2749 2750 2671 47
f 40 2751 2754 2739
f 2751 721 2752 2754
f 2754 2752 723 2753
f 2739 2754 2753 718
f 721 2755 2758 2752
f 2755 58 2756 2758
f 2758 2756 722 2757
f 2752 2758 2757 723
f 723 2757 2761 2760
f 2757 722 2759 2761
f 2761 2759 21 2497
f 2760 2761 2497 648
f 718 2753 2762 2744
f 2753 723 2760 2762
f 2762 2760 648 2494
f 2744 2762 2494 17
f 41 2763 2767 2766
f 2763 724 2764 2767
f 2767 2764 726 2765
f 2766 2767 2765 725
f 724 2768 2770 2764
f 2768 8 2445 2770
f 2770 2445 633 2769
f 2764 2770 2769 726
f 726 2769 2772 2771
f 2769 633 2442 2772
f 2772 2442 13 2705
f 2771 2772 2705 707
f 725 2765 2774 2773
f 2765 726 2771 2774
f 2774 2771 707 2702
f 2773 2774 2702 52
f 41 2775 2778 2763
f 2775 727 2776 2778
f 2778 2776 729 2777
f 2763 2778 2777 724
f 727 2779 2782 2776
f 2779 59 2780 2782
f 2782 2780 728 2781
f 2776 2782 2781 729
f 729 2781 2785 2784
f 2781 728 2783 2785
f 2785 2783 9 2413
f 2784 2785 2413 624
f 724 2777 2786 2768
f 2777 729 2784 2786
f 2786 2784 624 2410
f 2768 2786 2410 8
f 59 2787 2790 2780
f 2787 730 2788 2790
f 2790 2788 733 2789
f 2780 2790 2789 728
f 730 2791 2794 2788
f 2791 60 2792 2794
f 2794 2792 731 2793
f 2788 2794 2793 733
f 733 2793 2798 2797
f 2793 731 2795 2798
f 2798 2795 61 2796
f 2797 2798 2796 732
f 728 2789 2800 2783
f 2789 733 2797 2800
f 2800 2797 732 2799
f 2783 2800 2799 9
f 61 2801 2804 2796
f 2801 734 2802 2804
f 2804 2802 736 2803
f 2796 2804 2803 732
f 734 2805 2808 2802
f 2805 62 2806 2808
f 2808 2806 735 2807
f 2802 2808 2807 736
f 736 2807 2811 2810
f 2807 735 2809 2811
f 2811 2809 5 2417
f 2810 2811 2417 625
f 732 2803 2812 2799
f 2803 736 2810 2812
f 2812 2810 625 2414
f 2799 2812 2414 9
f 61 2795 2816 2815
f 2795 731 2813 2816
f 2816 2813 740 2814
f 2815 2816 2814 739
f 731 2792 2819 2813
f 2792 60 2817 2819
f 2819 2817 737 2818
f 2813 2819 2818 740
f 740 2818 2823 2822
f 2818 737 2820 2823
f 2823 2820 63 2821
f 2822 2823 2821 738
f 739 2814 2826 2825
f 2814 740 2822 2826
f 2826 2822 738 2824
f 2825 2826 2824 64
f 61 2815 2829 2801
f 2815 739 2827 2829
f 2829 2827 743 2828
f 2801 2829 2828 734
f 739 2825 2832 2827
f 2825 64 2830 2832
f 2832 2830 741 2831
f 2827 2832 2831 743
f 743 2831 2836 2835
f 2831 741 2833 2836
f 2836 2833 65 2834
f 2835 2836 2834 742
f 734 2828 2838 2805
f 2828 743 2835 2838
f 2838 2835 742 2837
f 2805 2838 2837 62
f 65 2839 2842 2834
f 2839 744 2840 2842
f 2842 2840 747 2841
f 2834 2842 2841 742
f 744 2843 2846 2840
f 2843 66 2844 2846
f 2846 2844 745 2845
f 2840 2846 2845 747
f 747 2845 2850 2849
f 2845 745 2847 2850
f 2850 2847 67 2848
f 2849 2850 2848 746
f 742 2841 2852 2837
f 2841 747 2849 2852
f 2852 2849 746 2851
f 2837 2852 2851 62
f 65 2833 2856 2855
f 2833 741 2853 2856
f 2856 2853 751 2854
f 2855 2856 2854 750
f 741 2830 2859 2853
f 2830 64 2857 2859
f 2859 2857 748 2858
f 2853 2859 2858 751
f 751 2858 2863 2862
f 2858 748 2860 2863
f 2863 2860 68 2861
f 2862 2863 2861 749
f 750 2854 2866 2865
f 2854 751 2862 2866
f 2866 2862 749 2864
f 2865 2866 2864 69
f 65 2855 2869 2839
f 2855 750 2867 2869
f 2869 2867 754 2868
f 2839 2869 2868 744
f 750 2865 2872 2867
f 2865 69 2870 2872
f 2872 2870 752 2871
f 2867 2872 2871 754
f 754 2871 2876 2875
f 2871 752 2873 2876
f 2876 2873 70 2874
f 2875 2876 2874 753
f 744 2868 2878 2843
f 2868 754 2875 2878
f 2878 2875 753 2877
f 2843 2878 2877 66
f 70 2879 2882 2874
f 2879 755 2880 2882
f 2882 2880 758 2881
f 2874 2882 2881 753
f 755 2883 2886 2880
f 2883 71 2884 2886
f 2886 2884 756 2885
f 2880 2886 2885 758
f 758 2885 2890 2889
f 2885 756 2887 2890
f 2890 2887 72 2888
f 2889 2890 2888 757
f 753 2881 2892 2877
f 2881 758 2889 2892
f 2892 2889 757 2891
f 2877 2892 2891 66
f 70 2873 2896 2895
f 2873 752 2893 2896
f 2896 2893 762 2894
f 2895 2896 2894 761
f 752 2870 2899 2893
f 2870 69 2897 2899
f 2899 2897 759 2898
f 2893 2899 2898 762
f 762 2898 2903 2902
f 2898 759 2900 2903
f 2903 2900 73 2901
f 2902 2903 2901 760
f 761 2894 2906 2905
f 2894 762 2902 2906
f 2906 2902 760 2904
f 2905 2906 2904 74
f 70 2895 2909 2879
f 2895 761 2907 2909
f 2909 2907 765 2908
f 2879 2909 2908 755
f 761 2905 2912 2907
f 2905 74 2910 2912
f 2912 2910 763 2911
f 2907 2912 2911 765
f 765 2911 2916 2915
f 2911 763 2913 2916
f 2916 2913 75 2914
f 2915 2916 2914 764
f 755 2908 2918 2883
f 2908 765 2915 2918
f 2918 2915 764 2917
f 2883 2918 2917 71
f 75 2919 2922 2914
f 2919 766 2920 2922
f 2922 2920 769 2921
f 2914 2922 2921 764
f 766 2923 2926 2920
f 2923 76 2924 2926
f 2926 2924 767 2925
f 2920 2926 2925 769
f 769 2925 2930 2929
f 2925 767 2927 2930
f 2930 2927 77 2928
f 2929 2930 2928 768
f 764 2921 2932 2917
f 2921 769 2929 2932
f 2932 2929 768 2931
f 2917 2932 2931 71
f 75 2913 2936 2935
f 2913 763 2933 2936
f 2936 2933 773 2934
f 2935 2936 2934 772
f 763 2910 2939 2933
f 2910 74 2937 2939
f 2939 2937 770 2938
f 2933 2939 2938 773
f 773 2938 2943 2942
f 2938 770 2940 2943
f 2943 2940 31 2941
f 2942 2943 2941 771
f 772 2934 2946 2945
f 2934 773 2942 2946
f 2946 2942 771 2944
f 2945 2946 2944 78
f 75 2935 2949 2919
f 2935 772 2947 2949
f 2949 2947 776 2948
f 2919 2949 2948 766
f 772 2945 2952 2947
f 2945 78 2950 2952
f 2952 2950 774 2951
f 2947 2952 2951 776
f 776 2951 2956 2955
f 2951 774 2953 2956
f 2956 2953 54 2954
f 2955 2956 2954 775
f 766 2948 2958 2923
f 2948 776 2955 2958
f 2958 2955 775 2957
f 2923 2958 2957 76
f 78 2944 2962 2961
f 2944 771 2959 2962
f 2962 2959 779 2960
f 2961 2962 2960 778
f 771 2941 2964 2959
f 2941 31 2591 2964
f 2964 2591 674 2963
f 2959 2964 2963 779
f 779 2963 2967 2966
f 2963 674 2588 2967
f 2967 2588 30 2965
f 2966 2967 2965 777
f 778 2960 2970 2969
f 2960 779 2966 2970
f 2970 2966 777 2968
f 2969 2970 2968 79
f 78 2961 2973 2950
f 2961 778 2971 2973
f 2973 2971 782 2972
f 2950 2973 2972 774
f 778 2969 2976 2971
f 2969 79 2974 2976
f 2976 2974 780 2975
f 2971 2976 2975 782
f 782 2975 2980 2979
f 2975 780 2977 2980
f 2980 2977 55 2978
f 2979 2980 2978 781
f 774 2972 2982 2953
f 2972 782 2979 2982
f 2982 2979 781 2981
f 2953 2982 2981 54
f 79 2968 2986 2985
f 2968 777 2983 2986
f 2986 2983 785 2984
f 2985 2986 2984 784
f 777 2965 2988 2983
f 2965 30 2607 2988
f 2988 2607 678 2987
f 2983 2988 2987 785
f 785 2987 2991 2990
f 2987 678 2604 2991
f 2991 2604 32 2989
f 2990 2991 2989 783
f 784 2984 2994 2993
f 2984 785 2990 2994
f 2994 2990 783 2992
f 2993 2994 2992 80
f 79 2985 2997 2974
f 2985 784 2995 2997
f 2997 2995 788 2996
f 2974 2997 2996 780
f 784 2993 3000 2995
f 2993 80 2998 3000
f 3000 2998 786 2999
f 2995 3000 2999 788
f 788 2999 3004 3003
f 2999 786 3001 3004
f 3004 3001 56 3002
f 3003 3004 3002 787
f 780 2996 3006 2977
f 2996 788 3003 3006
f 3006 3003 787 3005
f 2977 3006 3005 55
f 80 2992 3010 3009
f 2992 783 3007 3010
f 3010 3007 792 3008
f 3009 3010 3008 791
f 783 2989 3013 3007
f 2989 32 3011 3013
f 3013 3011 789 3012
f 3007 3013 3012 792
f 792 3012 3017 3016
f 3012 789 3014 3017
f 3017 3014 81 3015
f 3016 3017 3015 790
f 791 3008 3020 3019
f 3008 792 3016 3020
f 3020 3016 790 3018
f 3019 3020 3018 82
f 80 3009 3023 2998
f 3009 791 3021 3023
f 3023 3021 795 3022
f 2998 3023 3022 786
f 791 3019 3026 3021
f 3019 82 3024 3026
f 3026 3024 793 3025
f 3021 3026 3025 795
f 795 3025 3030 3029
f 3025 793 3027 3030
f 3030 3027 83 3028
f 3029 3030 3028 794
f 786 3022 3032 3001
f 3022 795 3029 3032
f 3032 3029 794 3031
f 3001 3032 3031 56
f 83 3033 3036 3028
f 3033 796 3034 3036
f 3036 3034 799 3035
f 3028 3036 3035 794
f 796 3037 3040 3034
f 3037 485 3038 3040
f 3040 3038 797 3039
f 3034 3040 3039 799
f 799 3039 3044 3043
f 3039 797 3041 3044
f 3044 3041 484 3042
f 3043 3044 3042 798
f 794 3035 3046 3031
f 3035 799 3043 3046
f 3046 3043 798 3045
f 3031 3046 3045 56
f 83 3027 3050 3049
f 3027 793 3047 3050
f 3050 3047 803 3048
f 3049 3050 3048 802
f 793 3024 3053 3047
f 3024 82 3051 3053
f 3053 3051 800 3052
f 3047 3053 3052 803
f 803 3052 3057 3056
f 3052 800 3054 3057
f 3057 3054 85 3055
f 3056 3057 3055 801
f 802 3048 3060 3059
f 3048 803 3056 3060
f 3060 3056 801 3058
f 3059 3060 3058 86
f 83 3049 3063 3033
f 3049 802 3061 3063
f 3063 3061 806 3062
f 3033 3063 3062 796
f 802 3059 3066 3061
f 3059 86 3064 3066
f 3066 3064 804 3065
f 3061 3066 3065 806
f 806 3065 3070 3069
f 3065 804 3067 3070
f 3070 3067 486 3068
f 3069 3070 3068 805
f 796 3062 3072 3037
f 3062 806 3069 3072
f 3072 3069 805 3071
f 3037 3072 3071 485
f 87 3073 3077 3076
f 3073 807 3074 3077
f 3077 3074 811 3075
f 3076 3077 3075 810
f 807 3078 3081 3074
f 3078 587 3079 3081
f 3081 3079 808 3080
f 3074 3081 3080 811
f 811 3080 3085 3084
f 3080 808 3082 3085
f 3085 3082 588 3083
f 3084 3085 3083 809
f 810 3075 3088 3087
f 3075 811 3084 3088
f 3088 3084 809 3086
f 3087 3088 3086 89
f 89 3086 3092 3091
f 3086 809 3089 3092
f 3092 3089 815 3090
f 3091 3092 3090 814
f 809 3083 3095 3089
f 3083 588 3093 3095
f 3095 3093 812 3094
f 3089 3095 3094 815
f 815 3094 3099 3098
f 3094 812 3096 3099
f 3099 3096 589 3097
f 3098 3099 3097 813
f 814 3090 3102 3101
f 3090 815 3098 3102
f 3102 3098 813 3100
f 3101 3102 3100 91
f 91 3100 3106 3105
f 3100 813 3103 3106
f 3106 3103 819 3104
f 3105 3106 3104 818
f 813 3097 3109 3103
f 3097 589 3107 3109
f 3109 3107 816 3108
f 3103 3109 3108 819
f 819 3108 3113 3112
f 3108 816 3110 3113
f 3113 3110 590 3111
f 3112 3113 3111 817
f 818 3104 3116 3115
f 3104 819 3112 3116
f 3116 3112 817 3114
f 3115 3116 3114 93
f 93 3114 3120 3119
f 3114 817 3117 3120
f 3120 3117 823 3118
f 3119 3120 3118 822
f 817 3111 3123 3117
f 3111 590 3121 3123
f 3123 3121 820 3122
f 3117 3123 3122 823
f 823 3122 3127 3126
f 3122 820 3124 3127
f 3127 3124 591 3125
f 3126 3127 3125 821
f 822 3118 3130 3129
f 3118 823 3126 3130
f 3130 3126 821 3128
f 3129 3130 3128 95
f 95 3128 3134 3133
f 3128 821 3131 3134
f 3134 3131 827 3132
f 3133 3134 3132 826
f 821 3125 3137 3131
f 3125 591 3135 3137
f 3137 3135 824 3136
f 3131 3137 3136 827
f 827 3136 3141 3140
f 3136 824 3138 3141
f 3141 3138 592 3139
f 3140 3141 3139 825
f 826 3132 3144 3143
f 3132 827 3140 3144
f 3144 3140 825 3142
f 3143 3144 3142 97
f 97 3142 3148 3147
f 3142 825 3145 3148
f 3148 3145 831 3146
f 3147 3148 3146 830
f 825 3139 3151 3145
f 3139 592 3149 3151
f 3151 3149 828 3150
f 3145 3151 3150 831
f 831 3150 3155 3154
f 3150 828 3152 3155
f 3155 3152 593 3153
f 3154 3155 3153 829
f 830 3146 3158 3157
f 3146 831 3154 3158
f 3158 3154 829 3156
f 3157 3158 3156 99
f 99 3156 3162 3161
f 3156 829 3159 3162
f 3162 3159 835 3160
f 3161 3162 3160 834
f 829 3153 3165 3159
f 3153 593 3163 3165
f 3165 3163 832 3164
f 3159 3165 3164 835
f 835 3164 3169 3168
f 3164 832 3166 3169
f 3169 3166 594 3167
f 3168 3169 3167 833
f 834 3160 3172 3171
f 3160 835 3168 3172
f 3172 3168 833 3170
f 3171 3172 3170 101
f 101 3170 3176 3175
f 3170 833 3173 3176
f 3176 3173 839 3174
f 3175 3176 3174 838
f 833 3167 3179 3173
f 3167 594 3177 3179
f 3179 3177 836 3178
f 3173 3179 3178 839
f 839 3178 3183 3182
f 3178 836 3180 3183
f 3183 3180 595 3181
f 3182 3183 3181 837
f 838 3174 3186 3185
f 3174 839 3182 3186
f 3186 3182 837 3184
f 3185 3186 3184 103
f 103 3184 3190 3189
f 3184 837 3187 3190
f 3190 3187 843 3188
f 3189 3190 3188 842
f 837 3181 3193 3187
f 3181 595 3191 3193
f 3193 3191 840 3192
f 3187 3193 3192 843
f 843 3192 3197 3196
f 3192 840 3194 3197
f 3197 3194 596 3195
f 3196 3197 3195 841
f 842 3188 3200 3199
f 3188 843 3196 3200
f 3200 3196 841 3198
f 3199 3200 3198 105
f 105 3198 3204 3203
f 3198 841 3201 3204
f 3204 3201 847 3202
f 3203 3204 3202 846
f 841 3195 3207 3201
f 3195 596 3205 3207
f 3207 3205 844 3206
f 3201 3207 3206 847
f 847 3206 3211 3210
f 3206 844 3208 3211
f 3211 3208 597 3209
f 3210 3211 3209 845
f 846 3202 3214 3213
f 3202 847 3210 3214
f 3214 3210 845 3212
f 3213 3214 3212 107
f 107 3212 3218 3217
f 3212 845 3215 3218
f 3218 3215 851 3216
f 3217 3218 3216 850
f 845 3209 3221 3215
f 3209 597 3219 3221
f 3221 3219 848 3220
f 3215 3221 3220 851
f 851 3220 3225 3224
f 3220 848 3222 3225
f 3225 3222 598 3223
f 3224 3225 3223 849
f 850 3216 3228 3227
f 3216 851 3224 3228
f 3228 3224 849 3226
f 3227 3228 3226 108
f 108 3226 3232 3231
f 3226 849 3229 3232
f 3232 3229 855 3230
f 3231 3232 3230 854
f 849 3223 3235 3229
f 3223 598 3233 3235
f 3235 3233 852 3234
f 3229 3235 3234 855
f 855 3234 3239 3238
f 3234 852 3236 3239
f 3239 3236 599 3237
f 3238 3239 3237 853
f 854 3230 3242 3241
f 3230 855 3238 3242
f 3242 3238 853 3240
f 3241 3242 3240 109
f 109 3240 3246 3245
f 3240 853 3243 3246
f 3246 3243 858 3244
f 3245 3246 3244 857
f 853 3237 3249 3243
f 3237 599 3247 3249
f 3249 3247 856 3248
f 3243 3249 3248 858
f 858 3248 3252 3251
f 3248 856 3250 3252
f 3252 3250 584 2718
f 3251 3252 2718 710
f 857 3244 3254 3253
f 3244 858 3251 3254
f 3254 3251 710 2715
f 3253 3254 2715 53
f 106 3255 3259 3258
f 3255 859 3256 3259
f 3259 3256 863 3257
f 3258 3259 3257 862
f 859 3260 3263 3256
f 3260 104 3261 3263
f 3263 3261 860 3262
f 3256 3263 3262 863
f 863 3262 3267 3266
f 3262 860 3264 3267
f 3267 3264 110 3265
f 3266 3267 3265 861
f 862 3257 3270 3269
f 3257 863 3266 3270
f 3270 3266 861 3268
f 3269 3270 3268 72
f 106 3258 3274 3273
f 3258 862 3271 3274
f 3274 3271 865 3272
f 3273 3274 3272 864
f 862 3269 3276 3271
f 3269 72 2887 3276
f 3276 2887 756 3275
f 3271 3276 3275 865
f 865 3275 3278 3277
f 3275 756 2884 3278
f 3278 2884 71 2931
f 3277 3278 2931 768
f 864 3272 3280 3279
f 3272 865 3277 3280
f 3280 3277 768 2928
f 3279 3280 2928 77
f 110 3264 3284 3283
f 3264 860 3281 3284
f 3284 3281 869 3282
f 3283 3284 3282 868
f 860 3261 3287 3281
f 3261 104 3285 3287
f 3287 3285 866 3286
f 3281 3287 3286 869
f 869 3286 3291 3290
f 3286 866 3288 3291
f 3291 3288 102 3289
f 3290 3291 3289 867
f 868 3282 3294 3293
f 3282 869 3290 3294
f 3294 3290 867 3292
f 3293 3294 3292 111
f 110 3283 3298 3297
f 3283 868 3295 3298
f 3298 3295 873 3296
f 3297 3298 3296 872
f 868 3293 3301 3295
f 3293 111 3299 3301
f 3301 3299 870 3300
f 3295 3301 3300 873
f 873 3300 3305 3304
f 3300 870 3302 3305
f 3305 3302 6 3303
f 3304 3305 3303 871
f 872 3296 3308 3307
f 3296 873 3304 3308
f 3308 3304 871 3306
f 3307 3308 3306 67
f 110 3297 3311 3265
f 3297 872 3309 3311
f 3311 3309 874 3310
f 3265 3311 3310 861
f 872 3307 3313 3309
f 3307 67 2847 3313
f 3313 2847 745 3312
f 3309 3313 3312 874
f 874 3312 3315 3314
f 3312 745 2844 3315
f 3315 2844 66 2891
f 3314 3315 2891 757
f 861 3310 3316 3268
f 3310 874 3314 3316
f 3316 3314 757 2888
f 3268 3316 2888 72
f 111 3292 3320 3319
f 3292 867 3317 3320
f 3320 3317 878 3318
f 3319 3320 3318 877
f 867 3289 3323 3317
f 3289 102 3321 3323
f 3323 3321 875 3322
f 3317 3323 3322 878
f 878 3322 3327 3326
f 3322 875 3324 3327
f 3327 3324 100 3325
f 3326 3327 3325 876
f 877 3318 3330 3329
f 3318 878 3326 3330
f 3330 3326 876 3328
f 3329 3330 3328 112
f 111 3319 3333 3299
f 3319 877 3331 3333
f 3333 3331 880 3332
f 3299 3333 3332 870
f 877 3329 3336 3331
f 3329 112 3334 3336
f 3336 3334 879 3335
f 3331 3336 3335 880
f 880 3335 3339 3338
f 3335 879 3337 3339
f 3339 3337 7 2402
f 3338 3339 2402 620
f 870 3332 3340 3302
f 3332 880 3338 3340
f 3340 3338 620 2399
f 3302 3340 2399 6
f 112 3328 3344 3343
f 3328 876 3341 3344
f 3344 3341 884 3342
f 3343 3344 3342 883
f 876 3325 3347 3341
f 3325 100 3345 3347
f 3347 3345 881 3346
f 3341 3347 3346 884
f 884 3346 3351 3350
f 3346 881 3348 3351
f 3351 3348 98 3349
f 3350 3351 3349 882
f 883 3342 3354 3353
f 3342 884 3350 3354
f 3354 3350 882 3352
f 3353 3354 3352 113
f 112 3343 3357 3334
f 3343 883 3355 3357
f 3357 3355 886 3356
f 3334 3357 3356 879
f 883 3353 3360 3355
f 3353 113 3358 3360
f 3360 3358 885 3359
f 3355 3360 3359 886
f 886 3359 3363 3362
f 3359 885 3361 3363
f 3363 3361 10 2426
f 3362 3363 2426 627
f 879 3356 3364 3337
f 3356 886 3362 3364
f 3364 3362 627 2423
f 3337 3364 2423 7
f 113 3352 3368 3367
f 3352 882 3365 3368
f 3368 3365 890 3366
f 3367 3368 3366 889
f 882 3349 3371 3365
f 3349 98 3369 3371
f 3371 3369 887 3370
f 3365 3371 3370 890
f 890 3370 3375 3374
f 3370 887 3372 3375
f 3375 3372 96 3373
f 3374 3375 3373 888
f 889 3366 3378 3377
f 3366 890 3374 3378
f 3378 3374 888 3376
f 3377 3378 3376 114
f 113 3367 3381 3358
f 3367 889 3379 3381
f 3381 3379 893 3380
f 3358 3381 3380 885
f 889 3377 3384 3379
f 3377 114 3382 3384
f 3384 3382 891 3383
f 3379 3384 3383 893
f 893 3383 3388 3387
f 3383 891 3385 3388
f 3388 3385 115 3386
f 3387 3388 3386 892
f 885 3380 3390 3361
f 3380 893 3387 3390
f 3390 3387 892 3389
f 3361 3390 3389 10
f 115 3385 3394 3393
f 3385 891 3391 3394
f 3394 3391 897 3392
f 3393 3394 3392 896
f 891 3382 3397 3391
f 3382 114 3395 3397
f 3397 3395 894 3396
f 3391 3397 3396 897
f 897 3396 3401 3400
f 3396 894 3398 3401
f 3401 3398 116 3399
f 3400 3401 3399 895
f 896 3392 3404 3403
f 3392 897 3400 3404
f 3404 3400 895 3402
f 3403 3404 3402 117
f 115 3393 3408 3407
f 3393 896 3405 3408
f 3408 3405 901 3406
f 3407 3408 3406 900
f 896 3403 3411 3405
f 3403 117 3409 3411
f 3411 3409 898 3410
f 3405 3411 3410 901
f 901 3410 3415 3414
f 3410 898 3412 3415
f 3415 3412 118 3413
f 3414 3415 3413 899
f 900 3406 3418 3417
f 3406 901 3414 3418
f 3418 3414 899 3416
f 3417 3418 3416 119
f 115 3407 3421 3386
f 3407 900 3419 3421
f 3421 3419 903 3420
f 3386 3421 3420 892
f 900 3417 3424 3419
f 3417 119 3422 3424
f 3424 3422 902 3423
f 3419 3424 3423 903
f 903 3423 3427 3426
f 3423 902 3425 3427
f 3427 3425 11 2430
f 3426 3427 2430 628
f 892 3420 3428 3389
f 3420 903 3426 3428
f 3428 3426 628 2427
f 3389 3428 2427 10
f 119 3416 3432 3431
f 3416 899 3429 3432
f 3432 3429 907 3430
f 3431 3432 3430 906
f 899 3413 3435 3429
f 3413 118 3433 3435
f 3435 3433 904 3434
f 3429 3435 3434 907
f 907 3434 3439 3438
f 3434 904 3436 3439
f 3439 3436 120 3437
f 3438 3439 3437 905
f 906 3430 3442 3441
f 3430 907 3438 3442
f 3442 3438 905 3440
f 3441 3442 3440 121
f 119 3431 3445 3422
f 3431 906 3443 3445
f 3445 3443 909 3444
f 3422 3445 3444 902
f 906 3441 3448 3443
f 3441 121 3446 3448
f 3448 3446 908 3447
f 3443 3448 3447 909
f 909 3447 3451 3450
f 3447 908 3449 3451
f 3451 3449 14 2453
f 3450 3451 2453 635
f 902 3444 3452 3425
f 3444 909 3450 3452
f 3452 3450 635 2450
f 3425 3452 2450 11
f 121 3440 3456 3455
f 3440 905 3453 3456
f 3456 3453 913 3454
f 3455 3456 3454 912
f 905 3437 3459 3453
f 3437 120 3457 3459
f 3459 3457 910 3458
f 3453 3459 3458 913
f 913 3458 3463 3462
f 3458 910 3460 3463
f 3463 3460 122 3461
f 3462 3463 3461 911
f 912 3454 3466 3465
f 3454 913 3462 3466
f 3466 3462 911 3464
f 3465 3466 3464 123
f 121 3455 3469 3446
f 3455 912 3467 3469
f 3469 3467 915 3468
f 3446 3469 3468 908
f 912 3465 3472 3467
f 3465 123 3470 3472
f 3472 3470 914 3471
f 3467 3472 3471 915
f 915 3471 3475 3474
f 3471 914 3473 3475
f 3475 3473 27 2566
f 3474 3475 2566 666
f 908 3468 3476 3449
f 3468 915 3474 3476
f 3476 3474 666 2563
f 3449 3476 2563 14
f 123 3464 3480 3479
f 3464 911 3477 3480
f 3480 3477 919 3478
f 3479 3480 3478 918
f 911 3461 3483 3477
f 3461 122 3481 3483
f 3483 3481 916 3482
f 3477 3483 3482 919
f 919 3482 3487 3486
f 3482 916 3484 3487
f 3487 3484 124 3485
f 3486 3487 3485 917
f 918 3478 3490 3489
f 3478 919 3486 3490
f 3490 3486 917 3488
f 3489 3490 3488 125
f 123 3479 3493 3470
f 3479 918 3491 3493
f 3493 3491 922 3492
f 3470 3493 3492 914
f 918 3489 3496 3491
f 3489 125 3494 3496
f 3496 3494 920 3495
f 3491 3496 3495 922
f 922 3495 3500 3499
f 3495 920 3497 3500
f 3500 3497 126 3498
f 3499 3500 3498 921
f 914 3492 3502 3473
f 3492 922 3499 3502
f 3502 3499 921 3501
f 3473 3502 3501 27
f 126 3497 3506 3505
f 3497 920 3503 3506
f 3506 3503 926 3504
f 3505 3506 3504 925
f 920 3494 3509 3503
f 3494 125 3507 3509
f 3509 3507 923 3508
f 3503 3509 3508 926
f 926 3508 3513 3512
f 3508 923 3510 3513
f 3513 3510 127 3511
f 3512 3513 3511 924
f 925 3504 3516 3515
f 3504 926 3512 3516
f 3516 3512 924 3514
f 3515 3516 3514 128
f 126 3505 3520 3519
f 3505 925 3517 3520
f 3520 3517 930 3518
f 3519 3520 3518 929
f 925 3515 3523 3517
f 3515 128 3521 3523
f 3523 3521 927 3522
f 3517 3523 3522 930
f 930 3522 3527 3526
f 3522 927 3524 3527
f 3527 3524 129 3525
f 3526 3527 3525 928
f 929 3518 3530 3529
f 3518 930 3526 3530
f 3530 3526 928 3528
f 3529 3530 3528 130
f 126 3519 3533 3498
f 3519 929 3531 3533
f 3533 3531 932 3532
f 3498 3533 3532 921
f 929 3529 3536 3531
f 3529 130 3534 3536
f 3536 3534 931 3535
f 3531 3536 3535 932
f 932 3535 3539 3538
f 3535 931 3537 3539
f 3539 3537 3 2559
f 3538 3539 2559 667
f 921 3532 3540 3501
f 3532 932 3538 3540
f 3540 3538 667 2567
f 3501 3540 2567 27
f 130 3528 3544 3543
f 3528 928 3541 3544
f 3544 3541 936 3542
f 3543 3544 3542 935
f 928 3525 3547 3541
f 3525 129 3545 3547
f 3547 3545 933 3546
f 3541 3547 3546 936
f 936 3546 3551 3550
f 3546 933 3548 3551
f 3551 3548 131 3549
f 3550 3551 3549 934
f 935 3542 3554 3553
f 3542 936 3550 3554
f 3554 3550 934 3552
f 3553 3554 3552 132
f 130 3543 3557 3534
f 3543 935 3555 3557
f 3557 3555 938 3556
f 3534 3557 3556 931
f 935 3553 3560 3555
f 3553 132 3558 3560
f 3560 3558 937 3559
f 3555 3560 3559 938
f 938 3559 3563 3562
f 3559 937 3561 3563
f 3563 3561 24 2534
f 3562 3563 2534 658
f 931 3556 3564 3537
f 3556 938 3562 3564
f 3564 3562 658 2529
f 3537 3564 2529 3
f 131 3548 3568 3567
f 3548 933 3565 3568
f 3568 3565 942 3566
f 3567 3568 3566 941
f 933 3545 3571 3565
f 3545 129 3569 3571
f 3571 3569 939 3570
f 3565 3571 3570 942
f 942 3570 3575 3574
f 3570 939 3572 3575
f 3575 3572 133 3573
f 3574 3575 3573 940
f 941 3566 3578 3577
f 3566 942 3574 3578
f 3578 3574 940 3576
f 3577 3578 3576 134
f 134 3576 3582 3581
f 3576 940 3579 3582
f 3582 3579 946 3580
f 3581 3582 3580 945
f 940 3573 3585 3579
f 3573 133 3583 3585
f 3585 3583 943 3584
f 3579 3585 3584 946
f 946 3584 3589 3588
f 3584 943 3586 3589
f 3589 3586 135 3587
f 3588 3589 3587 944
f 945 3580 3592 3591
f 3580 946 3588 3592
f 3592 3588 944 3590
f 3591 3592 3590 136
f 136 3590 3596 3595
f 3590 944 3593 3596
f 3596 3593 950 3594
f 3595 3596 3594 949
f 944 3587 3599 3593
f 3587 135 3597 3599
f 3599 3597 947 3598
f 3593 3599 3598 950
f 950 3598 3603 3602
f 3598 947 3600 3603
f 3603 3600 137 3601
f 3602 3603 3601 948
f 949 3594 3606 3605
f 3594 950 3602 3606
f 3606 3602 948 3604
f 3605 3606 3604 138
f 138 3604 3610 3609
f 3604 948 3607 3610
f 3610 3607 954 3608
f 3609 3610 3608 953
f 948 3601 3613 3607
f 3601 137 3611 3613
f 3613 3611 951 3612
f 3607 3613 3612 954
f 954 3612 3617 3616
f 3612 951 3614 3617
f 3617 3614 139 3615
f 3616 3617 3615 952
f 953 3608 3620 3619
f 3608 954 3616 3620
f 3620 3616 952 3618
f 3619 3620 3618 140
f 140 3618 3624 3623
f 3618 952 3621 3624
f 3624 3621 957 3622
f 3623 3624 3622 956
f 952 3615 3627 3621
f 3615 139 3625 3627
f 3627 3625 955 3626
f 3621 3627 3626 957
f 957 3626 3630 3629
f 3626 955 3628 3630
f 3630 3628 45 2658
f 3629 3630 2658 692
f 956 3622 3632 3631
f 3622 957 3629 3632
f 3632 3629 692 2655
f 3631 3632 2655 44
f 139 3614 3636 3635
f 3614 951 3633 3636
f 3636 3633 961 3634
f 3635 3636 3634 960
f 951 3611 3639 3633
f 3611 137 3637 3639
f 3639 3637 958 3638
f 3633 3639 3638 961
f 961 3638 3643 3642
f 3638 958 3640 3643
f 3643 3640 141 3641
f 3642 3643 3641 959
f 960 3634 3646 3645
f 3634 961 3642 3646
f 3646 3642 959 3644
f 3645 3646 3644 142
f 139 3635 3649 3625
f 3635 960 3647 3649
f 3649 3647 964 3648
f 3625 3649 3648 955
f 960 3645 3652 3647
f 3645 142 3650 3652
f 3652 3650 962 3651
f 3647 3652 3651 964
f 964 3651 3656 3655
f 3651 962 3653 3656
f 3656 3653 143 3654
f 3655 3656 3654 963
f 955 3648 3658 3628
f 3648 964 3655 3658
f 3658 3655 963 3657
f 3628 3658 3657 45
f 143 3653 3662 3661
f 3653 962 3659 3662
f 3662 3659 968 3660
f 3661 3662 3660 967
f 962 3650 3665 3659
f 3650 142 3663 3665
f 3665 3663 965 3664
f 3659 3665 3664 968
f 968 3664 3669 3668
f 3664 965 3666 3669
f 3669 3666 144 3667
f 3668 3669 3667 966
f 967 3660 3672 3671
f 3660 968 3668 3672
f 3672 3668 966 3670
f 3671 3672 3670 145
f 143 3661 3676 3675
f 3661 967 3673 3676
f 3676 3673 972 3674
f 3675 3676 3674 971
f 967 3671 3679 3673
f 3671 145 3677 3679
f 3679 3677 969 3678
f 3673 3679 3678 972
f 972 3678 3683 3682
f 3678 969 3680 3683
f 3683 3680 146 3681
f 3682 3683 3681 970
f 971 3674 3686 3685
f 3674 972 3682 3686
f 3686 3682 970 3684
f 3685 3686 3684 147
f 143 3675 3689 3654
f 3675 971 3687 3689
f 3689 3687 974 3688
f 3654 3689 3688 963
f 971 3685 3692 3687
f 3685 147 3690 3692
f 3692 3690 973 3691
f 3687 3692 3691 974
f 974 3691 3695 3694
f 3691 973 3693 3695
f 3695 3693 46 2662
f 3694 3695 2662 693
f 963 3688 3696 3657
f 3688 974 3694 3696
f 3696 3694 693 2659
f 3657 3696 2659 45
f 146 3680 3700 3699
f 3680 969 3697 3700
f 3700 3697 978 3698
f 3699 3700 3698 977
f 969 3677 3703 3697
f 3677 145 3701 3703
f 3703 3701 975 3702
f 3697 3703 3702 978
f 978 3702 3707 3706
f 3702 975 3704 3707
f 3707 3704 148 3705
f 3706 3707 3705 976
f 977 3698 3710 3709
f 3698 978 3706 3710
f 3710 3706 976 3708
f 3709 3710 3708 149
f 149 3708 3714 3713
f 3708 976 3711 3714
f 3714 3711 982 3712
f 3713 3714 3712 981
f 976 3705 3717 3711
f 3705 148 3715 3717
f 3717 3715 979 3716
f 3711 3717 3716 982
f 982 3716 3721 3720
f 3716 979 3718 3721
f 3721 3718 150 3719
f 3720 3721 3719 980
f 981 3712 3724 3723
f 3712 982 3720 3724
f 3724 3720 980 3722
f 3723 3724 3722 151
f 151 3722 3728 3727
f 3722 980 3725 3728
f 3728 3725 986 3726
f 3727 3728 3726 985
f 980 3719 3731 3725
f 3719 150 3729 3731
f 3731 3729 983 3730
f 3725 3731 3730 986
f 986 3730 3735 3734
f 3730 983 3732 3735
f 3735 3732 152 3733
f 3734 3735 3733 984
f 985 3726 3738 3737
f 3726 986 3734 3738
f 3738 3734 984 3736
f 3737 3738 3736 153
f 153 3736 3742 3741
f 3736 984 3739 3742
f 3742 3739 990 3740
f 3741 3742 3740 989
f 984 3733 3745 3739
f 3733 152 3743 3745
f 3745 3743 987 3744
f 3739 3745 3744 990
f 990 3744 3749 3748
f 3744 987 3746 3749
f 3749 3746 154 3747
f 3748 3749 3747 988
f 989 3740 3752 3751
f 3740 990 3748 3752
f 3752 3748 988 3750
f 3751 3752 3750 155
f 155 3750 3756 3755
f 3750 988 3753 3756
f 3756 3753 994 3754
f 3755 3756 3754 993
f 988 3747 3759 3753
f 3747 154 3757 3759
f 3759 3757 991 3758
f 3753 3759 3758 994
f 994 3758 3763 3762
f 3758 991 3760 3763
f 3763 3760 156 3761
f 3762 3763 3761 992
f 993 3754 3766 3765
f 3754 994 3762 3766
f 3766 3762 992 3764
f 3765 3766 3764 157
f 157 3764 3770 3769
f 3764 992 3767 3770
f 3770 3767 998 3768
f 3769 3770 3768 997
f 992 3761 3773 3767
f 3761 156 3771 3773
f 3773 3771 995 3772
f 3767 3773 3772 998
f 998 3772 3777 3776
f 3772 995 3774 3777
f 3777 3774 158 3775
f 3776 3777 3775 996
f 997 3768 3780 3779
f 3768 998 3776 3780
f 3780 3776 996 3778
f 3779 3780 3778 159
f 159 3778 3784 3783
f 3778 996 3781 3784
f 3784 3781 1002 3782
f 3783 3784 3782 1001
f 996 3775 3787 3781
f 3775 158 3785 3787
f 3787 3785 999 3786
f 3781 3787 3786 1002
f 1002 3786 3791 3790
f 3786 999 3788 3791
f 3791 3788 160 3789
f 3790 3791 3789 1000
f 1001 3782 3794 3793
f 3782 1002 3790 3794
f 3794 3790 1000 3792
f 3793 3794 3792 161
f 161 3792 3798 3797
f 3792 1000 3795 3798
f 3798 3795 1006 3796
f 3797 3798 3796 1005
f 1000 3789 3801 3795
f 3789 160 3799 3801
f 3801 3799 1003 3800
f 3795 3801 3800 1006
f 1006 3800 3805 3804
f 3800 1003 3802 3805
f 3805 3802 162 3803
f 3804 3805 3803 1004
f 1005 3796 3808 3807
f 3796 1006 3804 3808
f 3808 3804 1004 3806
f 3807 3808 3806 163
f 163 3806 3812 3811
f 3806 1004 3809 3812
f 3812 3809 1009 3810
f 3811 3812 3810 1008
f 1004 3803 3815 3809
f 3803 162 3813 3815
f 3815 3813 1007 3814
f 3809 3815 3814 1009
f 1009 3814 3818 3817
f 3814 1007 3816 3818
f 3818 3816 50 2690
f 3817 3818 2690 702
f 1008 3810 3820 3819
f 3810 1009 3817 3820
f 3820 3817 702 2687
f 3819 3820 2687 49
f 162 3821 3824 3813
f 3821 1010 3822 3824
f 3824 3822 1013 3823
f 3813 3824 3823 1007
f 1010 3825 3828 3822
f 3825 164 3826 3828
f 3828 3826 1011 3827
f 3822 3828 3827 1013
f 1013 3827 3832 3831
f 3827 1011 3829 3832
f 3832 3829 165 3830
f 3831 3832 3830 1012
f 1007 3823 3834 3816
f 3823 1013 3831 3834
f 3834 3831 1012 3833
f 3816 3834 3833 50
f 162 3802 3837 3821
f 3802 1003 3835 3837
f 3837 3835 1016 3836
f 3821 3837 3836 1010
f 1003 3799 3840 3835
f 3799 160 3838 3840
f 3840 3838 1014 3839
f 3835 3840 3839 1016
f 1016 3839 3844 3843
f 3839 1014 3841 3844
f 3844 3841 166 3842
f 3843 3844 3842 1015
f 1010 3836 3846 3825
f 3836 1016 3843 3846
f 3846 3843 1015 3845
f 3825 3846 3845 164
f 166 3847 3850 3842
f 3847 1017 3848 3850
f 3850 3848 1020 3849
f 3842 3850 3849 1015
f 1017 3851 3854 3848
f 3851 167 3852 3854
f 3854 3852 1018 3853
f 3848 3854 3853 1020
f 1020 3853 3858 3857
f 3853 1018 3855 3858
f 3858 3855 168 3856
f 3857 3858 3856 1019
f 1015 3849 3860 3845
f 3849 1020 3857 3860
f 3860 3857 1019 3859
f 3845 3860 3859 164
f 166 3841 3864 3863
f 3841 1014 3861 3864
f 3864 3861 1023 3862
f 3863 3864 3862 1022
f 1014 3838 3866 3861
f 3838 160 3788 3866
f 3866 3788 999 3865
f 3861 3866 3865 1023
f 1023 3865 3869 3868
f 3865 999 3785 3869
f 3869 3785 158 3867
f 3868 3869 3867 1021
f 1022 3862 3872 3871
f 3862 1023 3868 3872
f 3872 3868 1021 3870
f 3871 3872 3870 169
f 166 3863 3875 3847
f 3863 1022 3873 3875
f 3875 3873 1026 3874
f 3847 3875 3874 1017
f 1022 3871 3878 3873
f 3871 169 3876 3878
f 3878 3876 1024 3877
f 3873 3878 3877 1026
f 1026 3877 3882 3881
f 3877 1024 3879 3882
f 3882 3879 170 3880
f 3881 3882 3880 1025
f 1017 3874 3884 3851
f 3874 1026 3881 3884
f 3884 3881 1025 3883
f 3851 3884 3883 167
f 170 3885 3888 3880
f 3885 1027 3886 3888
f 3888 3886 1030 3887
f 3880 3888 3887 1025
f 1027 3889 3892 3886
f 3889 171 3890 3892
f 3892 3890 1028 3891
f 3886 3892 3891 1030
f 1030 3891 3896 3895
f 3891 1028 3893 3896
f 3896 3893 172 3894
f 3895 3896 3894 1029
f 1025 3887 3898 3883
f 3887 1030 3895 3898
f 3898 3895 1029 3897
f 3883 3898 3897 167
f 170 3879 3902 3901
f 3879 1024 3899 3902
f 3902 3899 1034 3900
f 3901 3902 3900 1033
f 1024 3876 3905 3899
f 3876 169 3903 3905
f 3905 3903 1031 3904
f 3899 3905 3904 1034
f 1034 3904 3909 3908
f 3904 1031 3906 3909
f 3909 3906 173 3907
f 3908 3909 3907 1032
f 1033 3900 3912 3911
f 3900 1034 3908 3912
f 3912 3908 1032 3910
f 3911 3912 3910 174
f 170 3901 3915 3885
f 3901 1033 3913 3915
f 3915 3913 1037 3914
f 3885 3915 3914 1027
f 1033 3911 3918 3913
f 3911 174 3916 3918
f 3918 3916 1035 3917
f 3913 3918 3917 1037
f 1037 3917 3922 3921
f 3917 1035 3919 3922
f 3922 3919 175 3920
f 3921 3922 3920 1036
f 1027 3914 3924 3889
f 3914 1037 3921 3924
f 3924 3921 1036 3923
f 3889 3924 3923 171
f 175 3925 3928 3920
f 3925 1038 3926 3928
f 3928 3926 1041 3927
f 3920 3928 3927 1036
f 1038 3929 3932 3926
f 3929 176 3930 3932
f 3932 3930 1039 3931
f 3926 3932 3931 1041
f 1041 3931 3936 3935
f 3931 1039 3933 3936
f 3936 3933 177 3934
f 3935 3936 3934 1040
f 1036 3927 3938 3923
f 3927 1041 3935 3938
f 3938 3935 1040 3937
f 3923 3938 3937 171
f 175 3919 3942 3941
f 3919 1035 3939 3942
f 3942 3939 1045 3940
f 3941 3942 3940 1044
f 1035 3916 3945 3939
f 3916 174 3943 3945
f 3945 3943 1042 3944
f 3939 3945 3944 1045
f 1045 3944 3949 3948
f 3944 1042 3946 3949
f 3949 3946 178 3947
f 3948 3949 3947 1043
f 1044 3940 3952 3951
f 3940 1045 3948 3952
f 3952 3948 1043 3950
f 3951 3952 3950 179
f 175 3941 3955 3925
f 3941 1044 3953 3955
f 3955 3953 1048 3954
f 3925 3955 3954 1038
f 1044 3951 3958 3953
f 3951 179 3956 3958
f 3958 3956 1046 3957
f 3953 3958 3957 1048
f 1048 3957 3962 3961
f 3957 1046 3959 3962
f 3962 3959 180 3960
f 3961 3962 3960 1047
f 1038 3954 3964 3929
f 3954 1048 3961 3964
f 3964 3961 1047 3963
f 3929 3964 3963 176
f 180 3965 3968 3960
f 3965 1049 3966 3968
f 3968 3966 1052 3967
f 3960 3968 3967 1047
f 1049 3969 3972 3966
f 3969 181 3970 3972
f 3972 3970 1050 3971
f 3966 3972 3971 1052
f 1052 3971 3976 3975
f 3971 1050 3973 3976
f 3976 3973 182 3974
f 3975 3976 3974 1051
f 1047 3967 3978 3963
f 3967 1052 3975 3978
f 3978 3975 1051 3977
f 3963 3978 3977 176
f 180 3959 3982 3981
f 3959 1046 3979 3982
f 3982 3979 1056 3980
f 3981 3982 3980 1055
f 1046 3956 3985 3979
f 3956 179 3983 3985
f 3985 3983 1053 3984
f 3979 3985 3984 1056
f 1056 3984 3989 3988
f 3984 1053 3986 3989
f 3989 3986 183 3987
f 3988 3989 3987 1054
f 1055 3980 3992 3991
f 3980 1056 3988 3992
f 3992 3988 1054 3990
f 3991 3992 3990 184
f 180 3981 3995 3965
f 3981 1055 3993 3995
f 3995 3993 1059 3994
f 3965 3995 3994 1049
f 1055 3991 3998 3993
f 3991 184 3996 3998
f 3998 3996 1057 3997
f 3993 3998 3997 1059
f 1059 3997 4002 4001
f 3997 1057 3999 4002
f 4002 3999 185 4000
f 4001 4002 4000 1058
f 1049 3994 4004 3969
f 3994 1059 4001 4004
f 4004 4001 1058 4003
f 3969 4004 4003 181
f 185 4005 4008 4000
f 4005 1060 4006 4008
f 4008 4006 1063 4007
f 4000 4008 4007 1058
f 1060 4009 4012 4006
f 4009 186 4010 4012
f 4012 4010 1061 4011
f 4006 4012 4011 1063
f 1063 4011 4016 4015
f 4011 1061 4013 4016
f 4016 4013 187 4014
f 4015 4016 4014 1062
f 1058 4007 4018 4003
f 4007 1063 4015 4018
f 4018 4015 1062 4017
f 4003 4018 4017 181
f 185 3999 4022 4021
f 3999 1057 4019 4022
f 4022 4019 1067 4020
f 4021 4022 4020 1066
f 1057 3996 4025 4019
f 3996 184 4023 4025
f 4025 4023 1064 4024
f 4019 4025 4024 1067
f 1067 4024 4029 4028
f 4024 1064 4026 4029
f 4029 4026 188 4027
f 4028 4029 4027 1065
f 1066 4020 4032 4031
f 4020 1067 4028 4032
f 4032 4028 1065 4030
f 4031 4032 4030 189
f 185 4021 4035 4005
f 4021 1066 4033 4035
f 4035 4033 1070 4034
f 4005 4035 4034 1060
f 1066 4031 4038 4033
f 4031 189 4036 4038
f 4038 4036 1068 4037
f 4033 4038 4037 1070
f 1070 4037 4042 4041
f 4037 1068 4039 4042
f 4042 4039 190 4040
f 4041 4042 4040 1069
f 1060 4034 4044 4009
f 4034 1070 4041 4044
f 4044 4041 1069 4043
f 4009 4044 4043 186
f 190 4045 4048 4040
f 4045 1071 4046 4048
f 4048 4046 1074 4047
f 4040 4048 4047 1069
f 1071 4049 4052 4046
f 4049 191 4050 4052
f 4052 4050 1072 4051
f 4046 4052 4051 1074
f 1074 4051 4056 4055
f 4051 1072 4053 4056
f 4056 4053 192 4054
f 4055 4056 4054 1073
f 1069 4047 4058 4043
f 4047 1074 4055 4058
f 4058 4055 1073 4057
f 4043 4058 4057 186
f 190 4039 4062 4061
f 4039 1068 4059 4062
f 4062 4059 1078 4060
f 4061 4062 4060 1077
f 1068 4036 4065 4059
f 4036 189 4063 4065
f 4065 4063 1075 4064
f 4059 4065 4064 1078
f 1078 4064 4069 4068
f 4064 1075 4066 4069
f 4069 4066 193 4067
f 4068 4069 4067 1076
f 1077 4060 4072 4071
f 4060 1078 4068 4072
f 4072 4068 1076 4070
f 4071 4072 4070 124
f 190 4061 4075 4045
f 4061 1077 4073 4075
f 4075 4073 1080 4074
f 4045 4075 4074 1071
f 1077 4071 4077 4073
f 4071 124 3484 4077
f 4077 3484 916 4076
f 4073 4077 4076 1080
f 1080 4076 4080 4079
f 4076 916 3481 4080
f 4080 3481 122 4078
f 4079 4080 4078 1079
f 1071 4074 4082 4049
f 4074 1080 4079 4082
f 4082 4079 1079 4081
f 4049 4082 4081 191
f 193 4066 4086 4085
f 4066 1075 4083 4086
f 4086 4083 1083 4084
f 4085 4086 4084 1082
f 1075 4063 4088 4083
f 4063 189 4030 4088
f 4088 4030 1065 4087
f 4083 4088 4087 1083
f 1083 4087 4091 4090
f 4087 1065 4027 4091
f 4091 4027 188 4089
f 4090 4091 4089 1081
f 1082 4084 4094 4093
f 4084 1083 4090 4094
f 4094 4090 1081 4092
f 4093 4094 4092 194
f 193 4085 4098 4097
f 4085 1082 4095 4098
f 4098 4095 1087 4096
f 4097 4098 4096 1086
f 1082 4093 4101 4095
f 4093 194 4099 4101
f 4101 4099 1084 4100
f 4095 4101 4100 1087
f 1087 4100 4105 4104
f 4100 1084 4102 4105
f 4105 4102 195 4103
f 4104 4105 4103 1085
f 1086 4096 4108 4107
f 4096 1087 4104 4108
f 4108 4104 1085 4106
f 4107 4108 4106 127
f 193 4097 4111 4067
f 4097 1086 4109 4111
f 4111 4109 1088 4110
f 4067 4111 4110 1076
f 1086 4107 4113 4109
f 4107 127 3510 4113
f 4113 3510 923 4112
f 4109 4113 4112 1088
f 1088 4112 4115 4114
f 4112 923 3507 4115
f 4115 3507 125 3488
f 4114 4115 3488 917
f 1076 4110 4116 4070
f 4110 1088 4114 4116
f 4116 4114 917 3485
f 4070 4116 3485 124
f 195 4102 4120 4119
f 4102 1084 4117 4120
f 4120 4117 1092 4118
f 4119 4120 4118 1091
f 1084 4099 4123 4117
f 4099 194 4121 4123
f 4123 4121 1089 4122
f 4117 4123 4122 1092
f 1092 4122 4127 4126
f 4122 1089 4124 4127
f 4127 4124 196 4125
f 4126 4127 4125 1090
f 1091 4118 4130 4129
f 4118 1092 4126 4130
f 4130 4126 1090 4128
f 4129 4130 4128 197
f 195 4119 4134 4133
f 4119 1091 4131 4134
f 4134 4131 1096 4132
f 4133 4134 4132 1095
f 1091 4129 4137 4131
f 4129 197 4135 4137
f 4137 4135 1093 4136
f 4131 4137 4136 1096
f 1096 4136 4141 4140
f 4136 1093 4138 4141
f 4141 4138 198 4139
f 4140 4141 4139 1094
f 1095 4132 4144 4143
f 4132 1096 4140 4144
f 4144 4140 1094 4142
f 4143 4144 4142 199
f 195 4133 4147 4103
f 4133 1095 4145 4147
f 4147 4145 1098 4146
f 4103 4147 4146 1085
f 1095 4143 4150 4145
f 4143 199 4148 4150
f 4150 4148 1097 4149
f 4145 4150 4149 1098
f 1098 4149 4153 4152
f 4149 1097 4151 4153
f 4153 4151 128 3514
f 4152 4153 3514 924
f 1085 4146 4154 4106
f 4146 1098 4152 4154
f 4154 4152 924 3511
f 4106 4154 3511 127
f 199 4142 4158 4157
f 4142 1094 4155 4158
f 4158 4155 1101 4156
f 4157 4158 4156 1100
f 1094 4139 4161 4155
f 4139 198 4159 4161
f 4161 4159 1099 4160
f 4155 4161 4160 1101
f 1101 4160 4164 4163
f 4160 1099 4162 4164
f 4164 4162 135 3586
f 4163 4164 3586 943
f 1100 4156 4166 4165
f 4156 1101 4163 4166
f 4166 4163 943 3583
f 4165 4166 3583 133
f 199 4157 4169 4148
f 4157 1100 4167 4169
f 4169 4167 1102 4168
f 4148 4169 4168 1097
f 1100 4165 4171 4167
f 4165 133 3572 4171
f 4171 3572 939 4170
f 4167 4171 4170 1102
f 1102 4170 4173 4172
f 4170 939 3569 4173
f 4173 3569 129 3524
f 4172 4173 3524 927
f 1097 4168 4174 4151
f 4168 1102 4172 4174
f 4174 4172 927 3521
f 4151 4174 3521 128
f 198 4138 4178 4177
f 4138 1093 4175 4178
f 4178 4175 1106 4176
f 4177 4178 4176 1105
f 1093 4135 4181 4175
f 4135 197 4179 4181
f 4181 4179 1103 4180
f 4175 4181 4180 1106
f 1106 4180 4185 4184
f 4180 1103 4182 4185
f 4185 4182 200 4183
f 4184 4185 4183 1104
f 1105 4176 4188 4187
f 4176 1106 4184 4188
f 4188 4184 1104 4186
f 4187 4188 4186 141
f 198 4177 4191 4159
f 4177 1105 4189 4191
f 4191 4189 1107 4190
f 4159 4191 4190 1099
f 1105 4187 4193 4189
f 4187 141 3640 4193
f 4193 3640 958 4192
f 4189 4193 4192 1107
f 1107 4192 4195 4194
f 4192 958 3637 4195
f 4195 3637 137 3600
f 4194 4195 3600 947
f 1099 4190 4196 4162
f 4190 1107 4194 4196
f 4196 4194 947 3597
f 4162 4196 3597 135
f 200 4182 4200 4199
f 4182 1103 4197 4200
f 4200 4197 1110 4198
f 4199 4200 4198 1109
f 1103 4179 4202 4197
f 4179 197 4128 4202
f 4202 4128 1090 4201
f 4197 4202 4201 1110
f 1110 4201 4205 4204
f 4201 1090 4125 4205
f 4205 4125 196 4203
f 4204 4205 4203 1108
f 1109 4198 4208 4207
f 4198 1110 4204 4208
f 4208 4204 1108 4206
f 4207 4208 4206 201
f 200 4199 4212 4211
f 4199 1109 4209 4212
f 4212 4209 1114 4210
f 4211 4212 4210 1113
f 1109 4207 4215 4209
f 4207 201 4213 4215
f 4215 4213 1111 4214
f 4209 4215 4214 1114
f 1114 4214 4219 4218
f 4214 1111 4216 4219
f 4219 4216 202 4217
f 4218 4219 4217 1112
f 1113 4210 4222 4221
f 4210 1114 4218 4222
f 4222 4218 1112 4220
f 4221 4222 4220 144
f 200 4211 4225 4183
f 4211 1113 4223 4225
f 4225 4223 1115 4224
f 4183 4225 4224 1104
f 1113 4221 4227 4223
f 4221 144 3666 4227
f 4227 3666 965 4226
f 4223 4227 4226 1115
f 1115 4226 4229 4228
f 4226 965 3663 4229
f 4229 3663 142 3644
f 4228 4229 3644 959
f 1104 4224 4230 4186
f 4224 1115 4228 4230
f 4230 4228 959 3641
f 4186 4230 3641 141
f 202 4216 4234 4233
f 4216 1111 4231 4234
f 4234 4231 1119 4232
f 4233 4234 4232 1118
f 1111 4213 4237 4231
f 4213 201 4235 4237
f 4237 4235 1116 4236
f 4231 4237 4236 1119
f 1119 4236 4241 4240
f 4236 1116 4238 4241
f 4241 4238 203 4239
f 4240 4241 4239 1117
f 1118 4232 4244 4243
f 4232 1119 4240 4244
f 4244 4240 1117 4242
f 4243 4244 4242 204
f 202 4233 4248 4247
f 4233 1118 4245 4248
f 4248 4245 1122 4246
f 4247 4248 4246 1121
f 1118 4243 4251 4245
f 4243 204 4249 4251
f 4251 4249 1120 4250
f 4245 4251 4250 1122
f 1122 4250 4254 4253
f 4250 1120 4252 4254
f 4254 4252 150 3718
f 4253 4254 3718 979
f 1121 4246 4256 4255
f 4246 1122 4253 4256
f 4256 4253 979 3715
f 4255 4256 3715 148
f 202 4247 4259 4217
f 4247 1121 4257 4259
f 4259 4257 1123 4258
f 4217 4259 4258 1112
f 1121 4255 4261 4257
f 4255 148 3704 4261
f 4261 3704 975 4260
f 4257 4261 4260 1123
f 1123 4260 4263 4262
f 4260 975 3701 4263
f 4263 3701 145 3670
f 4262 4263 3670 966
f 1112 4258 4264 4220
f 4258 1123 4262 4264
f 4264 4262 966 3667
f 4220 4264 3667 144
f 204 4242 4268 4267
f 4242 1117 4265 4268
f 4268 4265 1127 4266
f 4267 4268 4266 1126
f 1117 4239 4271 4265
f 4239 203 4269 4271
f 4271 4269 1124 4270
f 4265 4271 4270 1127
f 1127 4270 4275 4274
f 4270 1124 4272 4275
f 4275 4272 205 4273
f 4274 4275 4273 1125
f 1126 4266 4278 4277
f 4266 1127 4274 4278
f 4278 4274 1125 4276
f 4277 4278 4276 206
f 204 4267 4281 4249
f 4267 1126 4279 4281
f 4281 4279 1129 4280
f 4249 4281 4280 1120
f 1126 4277 4284 4279
f 4277 206 4282 4284
f 4284 4282 1128 4283
f 4279 4284 4283 1129
f 1129 4283 4287 4286
f 4283 1128 4285 4287
f 4287 4285 152 3732
f 4286 4287 3732 983
f 1120 4280 4288 4252
f 4280 1129 4286 4288
f 4288 4286 983 3729
f 4252 4288 3729 150
f 206 4276 4292 4291
f 4276 1125 4289 4292
f 4292 4289 1133 4290
f 4291 4292 4290 1132
f 1125 4273 4295 4289
f 4273 205 4293 4295
f 4295 4293 1130 4294
f 4289 4295 4294 1133
f 1133 4294 4299 4298
f 4294 1130 4296 4299
f 4299 4296 178 4297
f 4298 4299 4297 1131
f 1132 4290 4302 4301
f 4290 1133 4298 4302
f 4302 4298 1131 4300
f 4301 4302 4300 207
f 206 4291 4305 4282
f 4291 1132 4303 4305
f 4305 4303 1135 4304
f 4282 4305 4304 1128
f 1132 4301 4308 4303
f 4301 207 4306 4308
f 4308 4306 1134 4307
f 4303 4308 4307 1135
f 1135 4307 4311 4310
f 4307 1134 4309 4311
f 4311 4309 154 3746
f 4310 4311 3746 987
f 1128 4304 4312 4285
f 4304 1135 4310 4312
f 4312 4310 987 3743
f 4285 4312 3743 152
f 207 4300 4316 4315
f 4300 1131 4313 4316
f 4316 4313 1137 4314
f 4315 4316 4314 1136
f 1131 4297 4318 4313
f 4297 178 3946 4318
f 4318 3946 1042 4317
f 4313 4318 4317 1137
f 1137 4317 4320 4319
f 4317 1042 3943 4320
f 4320 3943 174 3910
f 4319 4320 3910 1032
f 1136 4314 4322 4321
f 4314 1137 4319 4322
f 4322 4319 1032 3907
f 4321 4322 3907 173
f 207 4315 4325 4306
f 4315 1136 4323 4325
f 4325 4323 1139 4324
f 4306 4325 4324 1134
f 1136 4321 4328 4323
f 4321 173 4326 4328
f 4328 4326 1138 4327
f 4323 4328 4327 1139
f 1139 4327 4331 4330
f 4327 1138 4329 4331
f 4331 4329 156 3760
f 4330 4331 3760 991
f 1134 4324 4332 4309
f 4324 1139 4330 4332
f 4332 4330 991 3757
f 4309 4332 3757 154
f 205 4333 4336 4293
f 4333 1140 4334 4336
f 4336 4334 1141 4335
f 4293 4336 4335 1130
f 1140 4337 4339 4334
f 4337 183 3986 4339
f 4339 3986 1053 4338
f 4334 4339 4338 1141
f 1141 4338 4341 4340
f 4338 1053 3983 4341
f 4341 3983 179 3950
f 4340 4341 3950 1043
f 1130 4335 4342 4296
f 4335 1141 4340 4342
f 4342 4340 1043 3947
f 4296 4342 3947 178
f 205 4272 4345 4333
f 4272 1124 4343 4345
f 4345 4343 1144 4344
f 4333 4345 4344 1140
f 1124 4269 4348 4343
f 4269 203 4346 4348
f 4348 4346 1142 4347
f 4343 4348 4347 1144
f 1144 4347 4352 4351
f 4347 1142 4349 4352
f 4352 4349 208 4350
f 4351 4352 4350 1143
f 1140 4344 4354 4337
f 4344 1144 4351 4354
f 4354 4351 1143 4353
f 4337 4354 4353 183
f 208 4355 4358 4350
f 4355 1145 4356 4358
f 4358 4356 1146 4357
f 4350 4358 4357 1143
f 1145 4359 4361 4356
f 4359 188 4026 4361
f 4361 4026 1064 4360
f 4356 4361 4360 1146
f 1146 4360 4363 4362
f 4360 1064 4023 4363
f 4363 4023 184 3990
f 4362 4363 3990 1054
f 1143 4357 4364 4353
f 4357 1146 4362 4364
f 4364 4362 1054 3987
f 4353 4364 3987 183
f 208 4349 4368 4367
f 4349 1142 4365 4368
f 4368 4365 1148 4366
f 4367 4368 4366 1147
f 1142 4346 4370 4365
f 4346 203 4238 4370
f 4370 4238 1116 4369
f 4365 4370 4369 1148
f 1148 4369 4372 4371
f 4369 1116 4235 4372
f 4372 4235 201 4206
f 4371 4372 4206 1108
f 1147 4366 4374 4373
f 4366 1148 4371 4374
f 4374 4371 1108 4203
f 4373 4374 4203 196
f 208 4367 4377 4355
f 4367 1147 4375 4377
f 4377 4375 1149 4376
f 4355 4377 4376 1145
f 1147 4373 4379 4375
f 4373 196 4124 4379
f 4379 4124 1089 4378
f 4375 4379 4378 1149
f 1149 4378 4381 4380
f 4378 1089 4121 4381
f 4381 4121 194 4092
f 4380 4381 4092 1081
f 1145 4376 4382 4359
f 4376 1149 4380 4382
f 4382 4380 1081 4089
f 4359 4382 4089 188
f 192 4383 4387 4386
f 4383 1150 4384 4387
f 4387 4384 1154 4385
f 4386 4387 4385 1153
f 1150 4388 4391 4384
f 4388 209 4389 4391
f 4391 4389 1151 4390
f 4384 4391 4390 1154
f 1154 4390 4395 4394
f 4390 1151 4392 4395
f 4395 4392 210 4393
f 4394 4395 4393 1152
f 1153 4385 4398 4397
f 4385 1154 4394 4398
f 4398 4394 1152 4396
f 4397 4398 4396 211
f 192 4386 4401 4054
f 4386 1153 4399 4401
f 4401 4399 1156 4400
f 4054 4401 4400 1073
f 1153 4397 4404 4399
f 4397 211 4402 4404
f 4404 4402 1155 4403
f 4399 4404 4403 1156
f 1156 4403 4407 4406
f 4403 1155 4405 4407
f 4407 4405 187 4013
f 4406 4407 4013 1061
f 1073 4400 4408 4057
f 4400 1156 4406 4408
f 4408 4406 1061 4010
f 4057 4408 4010 186
f 192 4053 4411 4383
f 4053 1072 4409 4411
f 4411 4409 1159 4410
f 4383 4411 4410 1150
f 1072 4050 4414 4409
f 4050 191 4412 4414
f 4414 4412 1157 4413
f 4409 4414 4413 1159
f 1159 4413 4418 4417
f 4413 1157 4415 4418
f 4418 4415 212 4416
f 4417 4418 4416 1158
f 1150 4410 4420 4388
f 4410 1159 4417 4420
f 4420 4417 1158 4419
f 4388 4420 4419 209
f 212 4421 4424 4416
f 4421 1160 4422 4424
f 4424 4422 1163 4423
f 4416 4424 4423 1158
f 1160 4425 4428 4422
f 4425 213 4426 4428
f 4428 4426 1161 4427
f 4422 4428 4427 1163
f 1163 4427 4432 4431
f 4427 1161 4429 4432
f 4432 4429 214 4430
f 4431 4432 4430 1162
f 1158 4423 4434 4419
f 4423 1163 4431 4434
f 4434 4431 1162 4433
f 4419 4434 4433 209
f 212 4415 4438 4437
f 4415 1157 4435 4438
f 4438 4435 1165 4436
f 4437 4438 4436 1164
f 1157 4412 4440 4435
f 4412 191 4081 4440
f 4440 4081 1079 4439
f 4435 4440 4439 1165
f 1165 4439 4442 4441
f 4439 1079 4078 4442
f 4442 4078 122 3460
f 4441 4442 3460 910
f 1164 4436 4444 4443
f 4436 1165 4441 4444
f 4444 4441 910 3457
f 4443 4444 3457 120
f 212 4437 4447 4421
f 4437 1164 4445 4447
f 4447 4445 1167 4446
f 4421 4447 4446 1160
f 1164 4443 4449 4445
f 4443 120 3436 4449
f 4449 3436 904 4448
f 4445 4449 4448 1167
f 1167 4448 4452 4451
f 4448 904 3433 4452
f 4452 3433 118 4450
f 4451 4452 4450 1166
f 1160 4446 4454 4425
f 4446 1167 4451 4454
f 4454 4451 1166 4453
f 4425 4454 4453 213
f 214 4455 4459 4458
f 4455 1168 4456 4459
f 4459 4456 1172 4457
f 4458 4459 4457 1171
f 1168 4460 4463 4456
f 4460 215 4461 4463
f 4463 4461 1169 4462
f 4456 4463 4462 1172
f 1172 4462 4467 4466
f 4462 1169 4464 4467
f 4467 4464 216 4465
f 4466 4467 4465 1170
f 1171 4457 4470 4469
f 4457 1172 4466 4470
f 4470 4466 1170 4468
f 4469 4470 4468 217
f 214 4458 4473 4430
f 4458 1171 4471 4473
f 4473 4471 1174 4472
f 4430 4473 4472 1162
f 1171 4469 4476 4471
f 4469 217 4474 4476
f 4476 4474 1173 4475
f 4471 4476 4475 1174
f 1174 4475 4479 4478
f 4475 1173 4477 4479
f 4479 4477 210 4392
f 4478 4479 4392 1151
f 1162 4472 4480 4433
f 4472 1174 4478 4480
f 4480 4478 1151 4389
f 4433 4480 4389 209
f 214 4429 4483 4455
f 4429 1161 4481 4483
f 4483 4481 1177 4482
f 4455 4483 4482 1168
f 1161 4426 4486 4481
f 4426 213 4484 4486
f 4486 4484 1175 4485
f 4481 4486 4485 1177
f 1177 4485 4490 4489
f 4485 1175 4487 4490
f 4490 4487 218 4488
f 4489 4490 4488 1176
f 1168 4482 4492 4460
f 4482 1177 4489 4492
f 4492 4489 1176 4491
f 4460 4492 4491 215
f 218 4493 4496 4488
f 4493 1178 4494 4496
f 4496 4494 1181 4495
f 4488 4496 4495 1176
f 1178 4497 4500 4494
f 4497 219 4498 4500
f 4500 4498 1179 4499
f 4494 4500 4499 1181
f 1181 4499 4504 4503
f 4499 1179 4501 4504
f 4504 4501 220 4502
f 4503 4504 4502 1180
f 1176 4495 4506 4491
f 4495 1181 4503 4506
f 4506 4503 1180 4505
f 4491 4506 4505 215
f 218 4487 4510 4509
f 4487 1175 4507 4510
f 4510 4507 1183 4508
f 4509 4510 4508 1182
f 1175 4484 4512 4507
f 4484 213 4453 4512
f 4512 4453 1166 4511
f 4507 4512 4511 1183
f 1183 4511 4514 4513
f 4511 1166 4450 4514
f 4514 4450 118 3412
f 4513 4514 3412 898
f 1182 4508 4516 4515
f 4508 1183 4513 4516
f 4516 4513 898 3409
f 4515 4516 3409 117
f 218 4509 4519 4493
f 4509 1182 4517 4519
f 4519 4517 1185 4518
f 4493 4519 4518 1178
f 1182 4515 4521 4517
f 4515 117 3402 4521
f 4521 3402 895 4520
f 4517 4521 4520 1185
f 1185 4520 4524 4523
f 4520 895 3399 4524
f 4524 3399 116 4522
f 4523 4524 4522 1184
f 1178 4518 4526 4497
f 4518 1185 4523 4526
f 4526 4523 1184 4525
f 4497 4526 4525 219
f 220 4527 4531 4530
f 4527 1186 4528 4531
f 4531 4528 1190 4529
f 4530 4531 4529 1189
f 1186 4532 4535 4528
f 4532 90 4533 4535
f 4535 4533 1187 4534
f 4528 4535 4534 1190
f 1190 4534 4539 4538
f 4534 1187 4536 4539
f 4539 4536 88 4537
f 4538 4539 4537 1188
f 1189 4529 4542 4541
f 4529 1190 4538 4542
f 4542 4538 1188 4540
f 4541 4542 4540 221
f 220 4530 4545 4502
f 4530 1189 4543 4545
f 4545 4543 1192 4544
f 4502 4545 4544 1180
f 1189 4541 4548 4543
f 4541 221 4546 4548
f 4548 4546 1191 4547
f 4543 4548 4547 1192
f 1192 4547 4551 4550
f 4547 1191 4549 4551
f 4551 4549 216 4464
f 4550 4551 4464 1169
f 1180 4544 4552 4505
f 4544 1192 4550 4552
f 4552 4550 1169 4461
f 4505 4552 4461 215
f 220 4501 4555 4527
f 4501 1179 4553 4555
f 4555 4553 1195 4554
f 4527 4555 4554 1186
f 1179 4498 4558 4553
f 4498 219 4556 4558
f 4558 4556 1193 4557
f 4553 4558 4557 1195
f 1195 4557 4562 4561
f 4557 1193 4559 4562
f 4562 4559 92 4560
f 4561 4562 4560 1194
f 1186 4554 4564 4532
f 4554 1195 4561 4564
f 4564 4561 1194 4563
f 4532 4564 4563 90
f 221 4540 4568 4567
f 4540 1188 4565 4568
f 4568 4565 1198 4566
f 4567 4568 4566 1197
f 1188 4537 4571 4565
f 4537 88 4569 4571
f 4571 4569 1196 4570
f 4565 4571 4570 1198
f 1198 4570 4574 4573
f 4570 1196 4572 4574
f 4574 4572 86 3058
f 4573 4574 3058 801
f 1197 4566 4576 4575
f 4566 1198 4573 4576
f 4576 4573 801 3055
f 4575 4576 3055 85
f 221 4567 4579 4546
f 4567 1197 4577 4579
f 4579 4577 1201 4578
f 4546 4579 4578 1191
f 1197 4575 4582 4577
f 4575 85 4580 4582
f 4582 4580 1199 4581
f 4577 4582 4581 1201
f 1201 4581 4586 4585
f 4581 1199 4583 4586
f 4586 4583 222 4584
f 4585 4586 4584 1200
f 1191 4578 4588 4549
f 4578 1201 4585 4588
f 4588 4585 1200 4587
f 4549 4588 4587 216
f 222 4583 4592 4591
f 4583 1199 4589 4592
f 4592 4589 1203 4590
f 4591 4592 4590 1202
f 1199 4580 4594 4589
f 4580 85 3054 4594
f 4594 3054 800 4593
f 4589 4594 4593 1203
f 1203 4593 4596 4595
f 4593 800 3051 4596
f 4596 3051 82 3018
f 4595 4596 3018 790
f 1202 4590 4598 4597
f 4590 1203 4595 4598
f 4598 4595 790 3015
f 4597 4598 3015 81
f 222 4591 4602 4601
f 4591 1202 4599 4602
f 4602 4599 1207 4600
f 4601 4602 4600 1206
f 1202 4597 4605 4599
f 4597 81 4603 4605
f 4605 4603 1204 4604
f 4599 4605 4604 1207
f 1207 4604 4609 4608
f 4604 1204 4606 4609
f 4609 4606 223 4607
f 4608 4609 4607 1205
f 1206 4600 4612 4611
f 4600 1207 4608 4612
f 4612 4608 1205 4610
f 4611 4612 4610 224
f 222 4601 4615 4584
f 4601 1206 4613 4615
f 4615 4613 1209 4614
f 4584 4615 4614 1200
f 1206 4611 4618 4613
f 4611 224 4616 4618
f 4618 4616 1208 4617
f 4613 4618 4617 1209
f 1209 4617 4621 4620
f 4617 1208 4619 4621
f 4621 4619 217 4468
f 4620 4621 4468 1170
f 1200 4614 4622 4587
f 4614 1209 4620 4622
f 4622 4620 1170 4465
f 4587 4622 4465 216
f 224 4610 4626 4625
f 4610 1205 4623 4626
f 4626 4623 1213 4624
f 4625 4626 4624 1212
f 1205 4607 4629 4623
f 4607 223 4627 4629
f 4629 4627 1210 4628
f 4623 4629 4628 1213
f 1213 4628 4633 4632
f 4628 1210 4630 4633
f 4633 4630 225 4631
f 4632 4633 4631 1211
f 1212 4624 4636 4635
f 4624 1213 4632 4636
f 4636 4632 1211 4634
f 4635 4636 4634 226
f 224 4625 4639 4616
f 4625 1212 4637 4639
f 4639 4637 1215 4638
f 4616 4639 4638 1208
f 1212 4635 4642 4637
f 4635 226 4640 4642
f 4642 4640 1214 4641
f 4637 4642 4641 1215
f 1215 4641 4645 4644
f 4641 1214 4643 4645
f 4645 4643 210 4477
f 4644 4645 4477 1173
f 1208 4638 4646 4619
f 4638 1215 4644 4646
f 4646 4644 1173 4474
f 4619 4646 4474 217
f 226 4634 4650 4649
f 4634 1211 4647 4650
f 4650 4647 1219 4648
f 4649 4650 4648 1218
f 1211 4631 4653 4647
f 4631 225 4651 4653
f 4653 4651 1216 4652
f 4647 4653 4652 1219
f 1219 4652 4657 4656
f 4652 1216 4654 4657
f 4657 4654 227 4655
f 4656 4657 4655 1217
f 1218 4648 4660 4659
f 4648 1219 4656 4660
f 4660 4656 1217 4658
f 4659 4660 4658 228
f 226 4649 4663 4640
f 4649 1218 4661 4663
f 4663 4661 1221 4662
f 4640 4663 4662 1214
f 1218 4659 4666 4661
f 4659 228 4664 4666
f 4666 4664 1220 4665
f 4661 4666 4665 1221
f 1221 4665 4669 4668
f 4665 1220 4667 4669
f 4669 4667 211 4396
f 4668 4669 4396 1152
f 1214 4662 4670 4643
f 4662 1221 4668 4670
f 4670 4668 1152 4393
f 4643 4670 4393 210
f 228 4658 4674 4673
f 4658 1217 4671 4674
f 4674 4671 1225 4672
f 4673 4674 4672 1224
f 1217 4655 4677 4671
f 4655 227 4675 4677
f 4677 4675 1222 4676
f 4671 4677 4676 1225
f 1225 4676 4681 4680
f 4676 1222 4678 4681
f 4681 4678 229 4679
f 4680 4681 4679 1223
f 1224 4672 4684 4683
f 4672 1225 4680 4684
f 4684 4680 1223 4682
f 4683 4684 4682 230
f 228 4673 4687 4664
f 4673 1224 4685 4687
f 4687 4685 1227 4686
f 4664 4687 4686 1220
f 1224 4683 4690 4685
f 4683 230 4688 4690
f 4690 4688 1226 4689
f 4685 4690 4689 1227
f 1227 4689 4693 4692
f 4689 1226 4691 4693
f 4693 4691 187 4405
f 4692 4693 4405 1155
f 1220 4686 4694 4667
f 4686 1227 4692 4694
f 4694 4692 1155 4402
f 4667 4694 4402 211
f 230 4682 4698 4697
f 4682 1223 4695 4698
f 4698 4695 1231 4696
f 4697 4698 4696 1230
f 1223 4679 4701 4695
f 4679 229 4699 4701
f 4701 4699 1228 4700
f 4695 4701 4700 1231
f 1231 4700 4705 4704
f 4700 1228 4702 4705
f 4705 4702 231 4703
f 4704 4705 4703 1229
f 1230 4696 4708 4707
f 4696 1231 4704 4708
f 4708 4704 1229 4706
f 4707 4708 4706 182
f 230 4697 4711 4688
f 4697 1230 4709 4711
f 4711 4709 1232 4710
f 4688 4711 4710 1226
f 1230 4707 4713 4709
f 4707 182 3973 4713
f 4713 3973 1050 4712
f 4709 4713 4712 1232
f 1232 4712 4715 4714
f 4712 1050 3970 4715
f 4715 3970 181 4017
f 4714 4715 4017 1062
f 1226 4710 4716 4691
f 4710 1232 4714 4716
f 4716 4714 1062 4014
f 4691 4716 4014 187
f 231 4702 4720 4719
f 4702 1228 4717 4720
f 4720 4717 1236 4718
f 4719 4720 4718 1235
f 1228 4699 4723 4717
f 4699 229 4721 4723
f 4723 4721 1233 4722
f 4717 4723 4722 1236
f 1236 4722 4727 4726
f 4722 1233 4724 4727
f 4727 4724 232 4725
f 4726 4727 4725 1234
f 1235 4718 4730 4729
f 4718 1236 4726 4730
f 4730 4726 1234 4728
f 4729 4730 4728 233
f 231 4719 4734 4733
f 4719 1235 4731 4734
f 4734 4731 1240 4732
f 4733 4734 4732 1239
f 1235 4729 4737 4731
f 4729 233 4735 4737
f 4737 4735 1237 4736
f 4731 4737 4736 1240
f 1240 4736 4741 4740
f 4736 1237 4738 4741
f 4741 4738 234 4739
f 4740 4741 4739 1238
f 1239 4732 4744 4743
f 4732 1240 4740 4744
f 4744 4740 1238 4742
f 4743 4744 4742 177
f 231 4733 4747 4703
f 4733 1239 4745 4747
f 4747 4745 1241 4746
f 4703 4747 4746 1229
f 1239 4743 4749 4745
f 4743 177 3933 4749
f 4749 3933 1039 4748
f 4745 4749 4748 1241
f 1241 4748 4751 4750
f 4748 1039 3930 4751
f 4751 3930 176 3977
f 4750 4751 3977 1051
f 1229 4746 4752 4706
f 4746 1241 4750 4752
f 4752 4750 1051 3974
f 4706 4752 3974 182
f 234 4738 4756 4755
f 4738 1237 4753 4756
f 4756 4753 1245 4754
f 4755 4756 4754 1244
f 1237 4735 4759 4753
f 4735 233 4757 4759
f 4759 4757 1242 4758
f 4753 4759 4758 1245
f 1245 4758 4763 4762
f 4758 1242 4760 4763
f 4763 4760 235 4761
f 4762 4763 4761 1243
f 1244 4754 4766 4765
f 4754 1245 4762 4766
f 4766 4762 1243 4764
f 4765 4766 4764 236
f 234 4755 4770 4769
f 4755 1244 4767 4770
f 4770 4767 1249 4768
f 4769 4770 4768 1248
f 1244 4765 4773 4767
f 4765 236 4771 4773
f 4773 4771 1246 4772
f 4767 4773 4772 1249
f 1249 4772 4777 4776
f 4772 1246 4774 4777
f 4777 4774 237 4775
f 4776 4777 4775 1247
f 1248 4768 4780 4779
f 4768 1249 4776 4780
f 4780 4776 1247 4778
f 4779 4780 4778 172
f 234 4769 4783 4739
f 4769 1248 4781 4783
f 4783 4781 1250 4782
f 4739 4783 4782 1238
f 1248 4779 4785 4781
f 4779 172 3893 4785
f 4785 3893 1028 4784
f 4781 4785 4784 1250
f 1250 4784 4787 4786
f 4784 1028 3890 4787
f 4787 3890 171 3937
f 4786 4787 3937 1040
f 1238 4782 4788 4742
f 4782 1250 4786 4788
f 4788 4786 1040 3934
f 4742 4788 3934 177
f 237 4774 4792 4791
f 4774 1246 4789 4792
f 4792 4789 1254 4790
f 4791 4792 4790 1253
f 1246 4771 4795 4789
f 4771 236 4793 4795
f 4795 4793 1251 4794
f 4789 4795 4794 1254
f 1254 4794 4799 4798
f 4794 1251 4796 4799
f 4799 4796 238 4797
f 4798 4799 4797 1252
f 1253 4790 4802 4801
f 4790 1254 4798 4802
f 4802 4798 1252 4800
f 4801 4802 4800 239
f 237 4791 4806 4805
f 4791 1253 4803 4806
f 4806 4803 1258 4804
f 4805 4806 4804 1257
f 1253 4801 4809 4803
f 4801 239 4807 4809
f 4809 4807 1255 4808
f 4803 4809 4808 1258
f 1258 4808 4813 4812
f 4808 1255 4810 4813
f 4813 4810 240 4811
f 4812 4813 4811 1256
f 1257 4804 4816 4815
f 4804 1258 4812 4816
f 4816 4812 1256 4814
f 4815 4816 4814 168
f 237 4805 4819 4775
f 4805 1257 4817 4819
f 4819 4817 1259 4818
f 4775 4819 4818 1247
f 1257 4815 4821 4817
f 4815 168 3855 4821
f 4821 3855 1018 4820
f 4817 4821 4820 1259
f 1259 4820 4823 4822
f 4820 1018 3852 4823
f 4823 3852 167 3897
f 4822 4823 3897 1029
f 1247 4818 4824 4778
f 4818 1259 4822 4824
f 4824 4822 1029 3894
f 4778 4824 3894 172
f 240 4810 4828 4827
f 4810 1255 4825 4828
f 4828 4825 1263 4826
f 4827 4828 4826 1262
f 1255 4807 4831 4825
f 4807 239 4829 4831
f 4831 4829 1260 4830
f 4825 4831 4830 1263
f 1263 4830 4835 4834
f 4830 1260 4832 4835
f 4835 4832 241 4833
f 4834 4835 4833 1261
f 1262 4826 4838 4837
f 4826 1263 4834 4838
f 4838 4834 1261 4836
f 4837 4838 4836 242
f 240 4827 4842 4841
f 4827 1262 4839 4842
f 4842 4839 1267 4840
f 4841 4842 4840 1266
f 1262 4837 4845 4839
f 4837 242 4843 4845
f 4845 4843 1264 4844
f 4839 4845 4844 1267
f 1267 4844 4849 4848
f 4844 1264 4846 4849
f 4849 4846 243 4847
f 4848 4849 4847 1265
f 1266 4840 4852 4851
f 4840 1267 4848 4852
f 4852 4848 1265 4850
f 4851 4852 4850 165
f 240 4841 4855 4811
f 4841 1266 4853 4855
f 4855 4853 1268 4854
f 4811 4855 4854 1256
f 1266 4851 4857 4853
f 4851 165 3829 4857
f 4857 3829 1011 4856
f 4853 4857 4856 1268
f 1268 4856 4859 4858
f 4856 1011 3826 4859
f 4859 3826 164 3859
f 4858 4859 3859 1019
f 1256 4854 4860 4814
f 4854 1268 4858 4860
f 4860 4858 1019 3856
f 4814 4860 3856 168
f 243 4861 4864 4847
f 4861 1269 4862 4864
f 4864 4862 1270 4863
f 4847 4864 4863 1265
f 1269 4865 4867 4862
f 4865 51 2694 4867
f 4867 2694 703 4866
f 4862 4867 4866 1270
f 1270 4866 4869 4868
f 4866 703 2691 4869
f 4869 2691 50 3833
f 4868 4869 3833 1012
f 1265 4863 4870 4850
f 4863 1270 4868 4870
f 4870 4868 1012 3830
f 4850 4870 3830 165
f 241 4832 4874 4873
f 4832 1260 4871 4874
f 4874 4871 1273 4872
f 4873 4874 4872 1272
f 1260 4829 4876 4871
f 4829 239 4800 4876
f 4876 4800 1252 4875
f 4871 4876 4875 1273
f 1273 4875 4879 4878
f 4875 1252 4797 4879
f 4879 4797 238 4877
f 4878 4879 4877 1271
f 1272 4872 4882 4881
f 4872 1273 4878 4882
f 4882 4878 1271 4880
f 4881 4882 4880 244
f 244 4880 4886 4885
f 4880 1271 4883 4886
f 4886 4883 1277 4884
f 4885 4886 4884 1276
f 1271 4877 4889 4883
f 4877 238 4887 4889
f 4889 4887 1274 4888
f 4883 4889 4888 1277
f 1277 4888 4893 4892
f 4888 1274 4890 4893
f 4893 4890 245 4891
f 4892 4893 4891 1275
f 1276 4884 4896 4895
f 4884 1277 4892 4896
f 4896 4892 1275 4894
f 4895 4896 4894 246
f 246 4894 4900 4899
f 4894 1275 4897 4900
f 4900 4897 1281 4898
f 4899 4900 4898 1280
f 1275 4891 4903 4897
f 4891 245 4901 4903
f 4903 4901 1278 4902
f 4897 4903 4902 1281
f 1281 4902 4907 4906
f 4902 1278 4904 4907
f 4907 4904 247 4905
f 4906 4907 4905 1279
f 1280 4898 4910 4909
f 4898 1281 4906 4910
f 4910 4906 1279 4908
f 4909 4910 4908 248
f 248 4908 4914 4913
f 4908 1279 4911 4914
f 4914 4911 1284 4912
f 4913 4914 4912 1283
f 1279 4905 4917 4911
f 4905 247 4915 4917
f 4917 4915 1282 4916
f 4911 4917 4916 1284
f 1284 4916 4920 4919
f 4916 1282 4918 4920
f 4920 4918 21 2759
f 4919 4920 2759 722
f 1283 4912 4922 4921
f 4912 1284 4919 4922
f 4922 4919 722 2756
f 4921 4922 2756 58
f 247 4904 4926 4925
f 4904 1278 4923 4926
f 4926 4923 1288 4924
f 4925 4926 4924 1287
f 1278 4901 4929 4923
f 4901 245 4927 4929
f 4929 4927 1285 4928
f 4923 4929 4928 1288
f 1288 4928 4933 4932
f 4928 1285 4930 4933
f 4933 4930 235 4931
f 4932 4933 4931 1286
f 1287 4924 4936 4935
f 4924 1288 4932 4936
f 4936 4932 1286 4934
f 4935 4936 4934 249
f 247 4925 4939 4915
f 4925 1287 4937 4939
f 4939 4937 1290 4938
f 4915 4939 4938 1282
f 1287 4935 4942 4937
f 4935 249 4940 4942
f 4942 4940 1289 4941
f 4937 4942 4941 1290
f 1290 4941 4945 4944
f 4941 1289 4943 4945
f 4945 4943 18 2501
f 4944 4945 2501 649
f 1282 4938 4946 4918
f 4938 1290 4944 4946
f 4946 4944 649 2498
f 4918 4946 2498 21
f 249 4934 4950 4949
f 4934 1286 4947 4950
f 4950 4947 1292 4948
f 4949 4950 4948 1291
f 1286 4931 4952 4947
f 4931 235 4760 4952
f 4952 4760 1242 4951
f 4947 4952 4951 1292
f 1292 4951 4954 4953
f 4951 1242 4757 4954
f 4954 4757 233 4728
f 4953 4954 4728 1234
f 1291 4948 4956 4955
f 4948 1292 4953 4956
f 4956 4953 1234 4725
f 4955 4956 4725 232
f 249 4949 4959 4940
f 4949 1291 4957 4959
f 4959 4957 1294 4958
f 4940 4959 4958 1289
f 1291 4955 4962 4957
f 4955 232 4960 4962
f 4962 4960 1293 4961
f 4957 4962 4961 1294
f 1294 4961 4965 4964
f 4961 1293 4963 4965
f 4965 4963 19 2484
f 4964 4965 2484 644
f 1289 4958 4966 4943
f 4958 1294 4964 4966
f 4966 4964 644 2481
f 4943 4966 2481 18
f 245 4890 4969 4927
f 4890 1274 4967 4969
f 4969 4967 1295 4968
f 4927 4969 4968 1285
f 1274 4887 4971 4967
f 4887 238 4796 4971
f 4971 4796 1251 4970
f 4967 4971 4970 1295
f 1295 4970 4973 4972
f 4970 1251 4793 4973
f 4973 4793 236 4764
f 4972 4973 4764 1243
f 1285 4968 4974 4930
f 4968 1295 4972 4974
f 4974 4972 1243 4761
f 4930 4974 4761 235
f 232 4724 4977 4960
f 4724 1233 4975 4977
f 4977 4975 1297 4976
f 4960 4977 4976 1293
f 1233 4721 4979 4975
f 4721 229 4678 4979
f 4979 4678 1222 4978
f 4975 4979 4978 1297
f 1297 4978 4982 4981
f 4978 1222 4675 4982
f 4982 4675 227 4980
f 4981 4982 4980 1296
f 1293 4976 4984 4963
f 4976 1297 4981 4984
f 4984 4981 1296 4983
f 4963 4984 4983 19
f 227 4654 4987 4980
f 4654 1216 4985 4987
f 4987 4985 1299 4986
f 4980 4987 4986 1296
f 1216 4651 4990 4985
f 4651 225 4988 4990
f 4990 4988 1298 4989
f 4985 4990 4989 1299
f 1299 4989 4993 4992
f 4989 1298 4991 4993
f 4993 4991 20 2488
f 4992 4993 2488 645
f 1296 4986 4994 4983
f 4986 1299 4992 4994
f 4994 4992 645 2485
f 4983 4994 2485 19
f 225 4630 4997 4988
f 4630 1210 4995 4997
f 4997 4995 1301 4996
f 4988 4997 4996 1298
f 1210 4627 5000 4995
f 4627 223 4998 5000
f 5000 4998 1300 4999
f 4995 5000 4999 1301
f 1301 4999 5003 5002
f 4999 1300 5001 5003
f 5003 5001 23 2523
f 5002 5003 2523 655
f 1298 4996 5004 4991
f 4996 1301 5002 5004
f 5004 5002 655 2520
f 4991 5004 2520 20
f 223 4606 5007 4998
f 4606 1204 5005 5007
f 5007 5005 1302 5006
f 4998 5007 5006 1300
f 1204 4603 5009 5005
f 4603 81 3014 5009
f 5009 3014 789 5008
f 5005 5009 5008 1302
f 1302 5008 5011 5010
f 5008 789 3011 5011
f 5011 3011 32 2603
f 5010 5011 2603 677
f 1300 5006 5012 5001
f 5006 1302 5010 5012
f 5012 5010 677 2600
f 5001 5012 2600 23
f 219 4525 5015 4556
f 4525 1184 5013 5015
f 5015 5013 1305 5014
f 4556 5015 5014 1193
f 1184 4522 5018 5013
f 4522 116 5016 5018
f 5018 5016 1303 5017
f 5013 5018 5017 1305
f 1305 5017 5022 5021
f 5017 1303 5019 5022
f 5022 5019 94 5020
f 5021 5022 5020 1304
f 1193 5014 5024 4559
f 5014 1305 5021 5024
f 5024 5021 1304 5023
f 4559 5024 5023 92
f 173 3906 5027 4326
f 3906 1031 5025 5027
f 5027 5025 1306 5026
f 4326 5027 5026 1138
f 1031 3903 5029 5025
f 3903 169 3870 5029
f 5029 3870 1021 5028
f 5025 5029 5028 1306
f 1306 5028 5031 5030
f 5028 1021 3867 5031
f 5031 3867 158 3774
f 5030 5031 3774 995
f 1138 5026 5032 4329
f 5026 1306 5030 5032
f 5032 5030 995 3771
f 4329 5032 3771 156
f 116 3398 5035 5016
f 3398 894 5033 5035
f 5035 5033 1308 5034
f 5016 5035 5034 1303
f 894 3395 5037 5033
f 3395 114 3376 5037
f 5037 3376 888 5036
f 5033 5037 5036 1308
f 1308 5036 5040 5039
f 5036 888 3373 5040
f 5040 3373 96 5038
f 5039 5040 5038 1307
f 1303 5034 5042 5019
f 5034 1308 5039 5042
f 5042 5039 1307 5041
f 5019 5042 5041 94
f 74 2904 5045 2937
f 2904 760 5043 5045
f 5045 5043 1310 5044
f 2937 5045 5044 770
f 760 2901 5048 5043
f 2901 73 5046 5048
f 5048 5046 1309 5047
f 5043 5048 5047 1310
f 1310 5047 5051 5050
f 5047 1309 5049 5051
f 5051 5049 28 2595
f 5050 5051 2595 675
f 770 5044 5052 2940
f 5044 1310 5050 5052
f 5052 5050 675 2592
f 2940 5052 2592 31
f 73 2900 5056 5055
f 2900 759 5053 5056
f 5056 5053 1313 5054
f 5055 5056 5054 1312
f 759 2897 5058 5053
f 2897 69 2864 5058
f 5058 2864 749 5057
f 5053 5058 5057 1313
f 1313 5057 5061 5060
f 5057 749 2861 5061
f 5061 2861 68 5059
f 5060 5061 5059 1311
f 1312 5054 5064 5063
f 5054 1313 5060 5064
f 5064 5060 1311 5062
f 5063 5064 5062 250
f 73 5055 5067 5046
f 5055 1312 5065 5067
f 5067 5065 1315 5066
f 5046 5067 5066 1309
f 1312 5063 5070 5065
f 5063 250 5068 5070
f 5070 5068 1314 5069
f 5065 5070 5069 1315
f 1315 5069 5073 5072
f 5069 1314 5071 5073
f 5073 5071 29 2577
f 5072 5073 2577 670
f 1309 5066 5074 5049
f 5066 1315 5072 5074
f 5074 5072 670 2574
f 5049 5074 2574 28
f 250 5062 5078 5077
f 5062 1311 5075 5078
f 5078 5075 1319 5076
f 5077 5078 5076 1318
f 1311 5059 5081 5075
f 5059 68 5079 5081
f 5081 5079 1316 5080
f 5075 5081 5080 1319
f 1319 5080 5085 5084
f 5080 1316 5082 5085
f 5085 5082 251 5083
f 5084 5085 5083 1317
f 1318 5076 5088 5087
f 5076 1319 5084 5088
f 5088 5084 1317 5086
f 5087 5088 5086 252
f 250 5077 5091 5068
f 5077 1318 5089 5091
f 5091 5089 1321 5090
f 5068 5091 5090 1314
f 1318 5087 5094 5089
f 5087 252 5092 5094
f 5094 5092 1320 5093
f 5089 5094 5093 1321
f 1321 5093 5097 5096
f 5093 1320 5095 5097
f 5097 5095 43 2632
f 5096 5097 2632 684
f 1314 5090 5098 5071
f 5090 1321 5096 5098
f 5098 5096 684 2629
f 5071 5098 2629 29
f 251 5082 5102 5101
f 5082 1316 5099 5102
f 5102 5099 1323 5100
f 5101 5102 5100 1322
f 1316 5079 5104 5099
f 5079 68 2860 5104
f 5104 2860 748 5103
f 5099 5104 5103 1323
f 1323 5103 5106 5105
f 5103 748 2857 5106
f 5106 2857 64 2824
f 5105 5106 2824 738
f 1322 5100 5108 5107
f 5100 1323 5105 5108
f 5108 5105 738 2821
f 5107 5108 2821 63
f 67 3306 5111 2848
f 3306 871 5109 5111
f 5111 5109 1324 5110
f 2848 5111 5110 746
f 871 3303 5113 5109
f 3303 6 2398 5113
f 5113 2398 619 5112
f 5109 5113 5112 1324
f 1324 5112 5115 5114
f 5112 619 2395 5115
f 5115 2395 5 2809
f 5114 5115 2809 735
f 746 5110 5116 2851
f 5110 1324 5114 5116
f 5116 5114 735 2806
f 2851 5116 2806 62
f 48 2678 5120 5119
f 2678 698 5117 5120
f 5120 5117 1326 5118
f 5119 5120 5118 1325
f 698 2675 5122 5117
f 2675 16 2468 5122
f 5122 2468 639 5121
f 5117 5122 5121 1326
f 1326 5121 5124 5123
f 5121 639 2465 5124
f 5124 2465 15 2618
f 5123 5124 2618 681
f 1325 5118 5126 5125
f 5118 1326 5123 5126
f 5126 5123 681 2615
f 5125 5126 2615 42
f 253 5127 5131 5130
f 5127 1327 5128 5131
f 5131 5128 1331 5129
f 5130 5131 5129 1330
f 1327 5132 5135 5128
f 5132 259 5133 5135
f 5135 5133 1328 5134
f 5128 5135 5134 1331
f 1331 5134 5139 5138
f 5134 1328 5136 5139
f 5139 5136 258 5137
f 5138 5139 5137 1329
f 1330 5129 5142 5141
f 5129 1331 5138 5142
f 5142 5138 1329 5140
f 5141 5142 5140 257
f 253 5130 5146 5145
f 5130 1330 5143 5146
f 5146 5143 1335 5144
f 5145 5146 5144 1334
f 1330 5141 5149 5143
f 5141 257 5147 5149
f 5149 5147 1332 5148
f 5143 5149 5148 1335
f 1335 5148 5153 5152
f 5148 1332 5150 5153
f 5153 5150 261 5151
f 5152 5153 5151 1333
f 1334 5144 5156 5155
f 5144 1335 5152 5156
f 5156 5152 1333 5154
f 5155 5156 5154 260
f 253 5157 5160 5127
f 5157 1336 5158 5160
f 5160 5158 1339 5159
f 5127 5160 5159 1327
f 1336 5161 5164 5158
f 5161 263 5162 5164
f 5164 5162 1337 5163
f 5158 5164 5163 1339
f 1339 5163 5168 5167
f 5163 1337 5165 5168
f 5168 5165 262 5166
f 5167 5168 5166 1338
f 1327 5159 5170 5132
f 5159 1339 5167 5170
f 5170 5167 1338 5169
f 5132 5170 5169 259
f 253 5145 5174 5173
f 5145 1334 5171 5174
f 5174 5171 1343 5172
f 5173 5174 5172 1342
f 1334 5155 5177 5171
f 5155 260 5175 5177
f 5177 5175 1340 5176
f 5171 5177 5176 1343
f 1343 5176 5181 5180
f 5176 1340 5178 5181
f 5181 5178 265 5179
f 5180 5181 5179 1341
f 1342 5172 5184 5183
f 5172 1343 5180 5184
f 5184 5180 1341 5182
f 5183 5184 5182 264
f 253 5173 5187 5157
f 5173 1342 5185 5187
f 5187 5185 1346 5186
f 5157 5187 5186 1336
f 1342 5183 5190 5185
f 5183 264 5188 5190
f 5190 5188 1344 5189
f 5185 5190 5189 1346
f 1346 5189 5194 5193
f 5189 1344 5191 5194
f 5194 5191 266 5192
f 5193 5194 5192 1345
f 1336 5186 5196 5161
f 5186 1346 5193 5196
f 5196 5193 1345 5195
f 5161 5196 5195 263
f 254 5197 5201 5200
f 5197 1347 5198 5201
f 5201 5198 1351 5199
f 5200 5201 5199 1350
f 1347 5202 5205 5198
f 5202 269 5203 5205
f 5205 5203 1348 5204
f 5198 5205 5204 1351
f 1351 5204 5209 5208
f 5204 1348 5206 5209
f 5209 5206 268 5207
f 5208 5209 5207 1349
f 1350 5199 5212 5211
f 5199 1351 5208 5212
f 5212 5208 1349 5210
f 5211 5212 5210 267
f 254 5213 5217 5216
f 5213 1352 5214 5217
f 5217 5214 1356 5215
f 5216 5217 5215 1355
f 1352 5218 5221 5214
f 5218 272 5219 5221
f 5221 5219 1353 5220
f 5214 5221 5220 1356
f 1356 5220 5225 5224
f 5220 1353 5222 5225
f 5225 5222 271 5223
f 5224 5225 5223 1354
f 1355 5215 5228 5227
f 5215 1356 5224 5228
f 5228 5224 1354 5226
f 5227 5228 5226 270
f 254 5216 5231 5197
f 5216 1355 5229 5231
f 5231 5229 1359 5230
f 5197 5231 5230 1347
f 1355 5227 5234 5229
f 5227 270 5232 5234
f 5234 5232 1357 5233
f 5229 5234 5233 1359
f 1359 5233 5238 5237
f 5233 1357 5235 5238
f 5238 5235 273 5236
f 5237 5238 5236 1358
f 1347 5230 5240 5202
f 5230 1359 5237 5240
f 5240 5237 1358 5239
f 5202 5240 5239 269
f 254 5200 5244 5243
f 5200 1350 5241 5244
f 5244 5241 1363 5242
f 5243 5244 5242 1362
f 1350 5211 5247 5241
f 5211 267 5245 5247
f 5247 5245 1360 5246
f 5241 5247 5246 1363
f 1363 5246 5251 5250
f 5246 1360 5248 5251
f 5251 5248 274 5249
f 5250 5251 5249 1361
f 1362 5242 5254 5253
f 5242 1363 5250 5254
f 5254 5250 1361 5252
f 5253 5254 5252 256
f 254 5243 5257 5213
f 5243 1362 5255 5257
f 5257 5255 1366 5256
f 5213 5257 5256 1352
f 1362 5253 5260 5255
f 5253 256 5258 5260
f 5260 5258 1364 5259
f 5255 5260 5259 1366
f 1366 5259 5264 5263
f 5259 1364 5261 5264
f 5264 5261 275 5262
f 5263 5264 5262 1365
f 1352 5256 5266 5218
f 5256 1366 5263 5266
f 5266 5263 1365 5265
f 5218 5266 5265 272
f 255 5267 5271 5270
f 5267 1367 5268 5271
f 5271 5268 1370 5269
f 5270 5271 5269 1369
f 1367 5272 5275 5268
f 5272 276 5273 5275
f 5275 5273 1368 5274
f 5268 5275 5274 1370
f 1370 5274 5278 5277
f 5274 1368 5276 5278
f 5278 5276 25 2538
f 5277 5278 2538 659
f 1369 5269 5280 5279
f 5269 1370 5277 5280
f 5280 5277 659 2535
f 5279 5280 2535 24
f 255 5281 5284 5267
f 5281 1371 5282 5284
f 5284 5282 1373 5283
f 5267 5284 5283 1367
f 1371 5285 5287 5282
f 5285 264 5182 5287
f 5287 5182 1341 5286
f 5282 5287 5286 1373
f 1373 5286 5290 5289
f 5286 1341 5179 5290
f 5290 5179 265 5288
f 5289 5290 5288 1372
f 1367 5283 5292 5272
f 5283 1373 5289 5292
f 5292 5289 1372 5291
f 5272 5292 5291 276
f 255 5293 5296 5281
f 5293 1374 5294 5296
f 5296 5294 1376 5295
f 5281 5296 5295 1371
f 1374 5297 5300 5294
f 5297 277 5298 5300
f 5300 5298 1375 5299
f 5294 5300 5299 1376
f 1376 5299 5303 5302
f 5299 1375 5301 5303
f 5303 5301 266 5191
f 5302 5303 5191 1344
f 1371 5295 5304 5285
f 5295 1376 5302 5304
f 5304 5302 1344 5188
f 5285 5304 5188 264
f 256 5252 5308 5307
f 5252 1361 5305 5308
f 5308 5305 1380 5306
f 5307 5308 5306 1379
f 1361 5249 5311 5305
f 5249 274 5309 5311
f 5311 5309 1377 5310
f 5305 5311 5310 1380
f 1380 5310 5315 5314
f 5310 1377 5312 5315
f 5315 5312 279 5313
f 5314 5315 5313 1378
f 1379 5306 5318 5317
f 5306 1380 5314 5318
f 5318 5314 1378 5316
f 5317 5318 5316 278
f 256 5307 5322 5321
f 5307 1379 5319 5322
f 5322 5319 1384 5320
f 5321 5322 5320 1383
f 1379 5317 5325 5319
f 5317 278 5323 5325
f 5325 5323 1381 5324
f 5319 5325 5324 1384
f 1384 5324 5329 5328
f 5324 1381 5326 5329
f 5329 5326 281 5327
f 5328 5329 5327 1382
f 1383 5320 5332 5331
f 5320 1384 5328 5332
f 5332 5328 1382 5330
f 5331 5332 5330 280
f 256 5321 5335 5258
f 5321 1383 5333 5335
f 5335 5333 1387 5334
f 5258 5335 5334 1364
f 1383 5331 5338 5333
f 5331 280 5336 5338
f 5338 5336 1385 5337
f 5333 5338 5337 1387
f 1387 5337 5342 5341
f 5337 1385 5339 5342
f 5342 5339 282 5340
f 5341 5342 5340 1386
f 1364 5334 5344 5261
f 5334 1387 5341 5344
f 5344 5341 1386 5343
f 5261 5344 5343 275
f 283 5345 5349 5348
f 5345 1388 5346 5349
f 5349 5346 1391 5347
f 5348 5349 5347 1390
f 1388 5350 5352 5346
f 5350 274 5248 5352
f 5352 5248 1360 5351
f 5346 5352 5351 1391
f 1391 5351 5355 5354
f 5351 1360 5245 5355
f 5355 5245 267 5353
f 5354 5355 5353 1389
f 1390 5347 5358 5357
f 5347 1391 5354 5358
f 5358 5354 1389 5356
f 5357 5358 5356 287
f 283 5359 5362 5345
f 5359 1392 5360 5362
f 5362 5360 1394 5361
f 5345 5362 5361 1388
f 1392 5363 5366 5360
f 5363 288 5364 5366
f 5366 5364 1393 5365
f 5360 5366 5365 1394
f 1394 5365 5369 5368
f 5365 1393 5367 5369
f 5369 5367 279 5312
f 5368 5369 5312 1377
f 1388 5361 5370 5350
f 5361 1394 5368 5370
f 5370 5368 1377 5309
f 5350 5370 5309 274
f 34 2638 5374 5373
f 2638 689 5371 5374
f 5374 5371 1397 5372
f 5373 5374 5372 1396
f 689 2647 5376 5371
f 2647 25 5276 5376
f 5376 5276 1368 5375
f 5371 5376 5375 1397
f 1397 5375 5379 5378
f 5375 1368 5273 5379
f 5379 5273 276 5377
f 5378 5379 5377 1395
f 1396 5372 5382 5381
f 5372 1397 5378 5382
f 5382 5378 1395 5380
f 5381 5382 5380 284
f 35 5383 5386 2649
f 5383 1398 5384 5386
f 5386 5384 1401 5385
f 2649 5386 5385 691
f 1398 5387 5390 5384
f 5387 290 5388 5390
f 5390 5388 1399 5389
f 5384 5390 5389 1401
f 1401 5389 5394 5393
f 5389 1399 5391 5394
f 5394 5391 289 5392
f 5393 5394 5392 1400
f 691 5385 5396 2654
f 5385 1401 5393 5396
f 5396 5393 1400 5395
f 2654 5396 5395 44
f 36 5397 5400 2665
f 5397 1402 5398 5400
f 5400 5398 1405 5399
f 2665 5400 5399 696
f 1402 5401 5404 5398
f 5401 291 5402 5404
f 5404 5402 1403 5403
f 5398 5404 5403 1405
f 1405 5403 5408 5407
f 5403 1403 5405 5408
f 5408 5405 268 5406
f 5407 5408 5406 1404
f 696 5399 5410 2670
f 5399 1405 5407 5410
f 5410 5407 1404 5409
f 2670 5410 5409 47
f 37 2684 5414 5413
f 2684 704 5411 5414
f 5414 5411 1409 5412
f 5413 5414 5412 1408
f 704 2695 5417 5411
f 2695 51 5415 5417
f 5417 5415 1406 5416
f 5411 5417 5416 1409
f 1409 5416 5421 5420
f 5416 1406 5418 5421
f 5421 5418 293 5419
f 5420 5421 5419 1407
f 1408 5412 5424 5423
f 5412 1409 5420 5424
f 5424 5420 1407 5422
f 5423 5424 5422 292
f 284 5380 5428 5427
f 5380 1395 5425 5428
f 5428 5425 1412 5426
f 5427 5428 5426 1411
f 1395 5377 5430 5425
f 5377 276 5291 5430
f 5430 5291 1372 5429
f 5425 5430 5429 1412
f 1412 5429 5433 5432
f 5429 1372 5288 5433
f 5433 5288 265 5431
f 5432 5433 5431 1410
f 1411 5426 5436 5435
f 5426 1412 5432 5436
f 5436 5432 1410 5434
f 5435 5436 5434 294
f 285 5437 5441 5440
f 5437 1413 5438 5441
f 5441 5438 1417 5439
f 5440 5441 5439 1416
f 1413 5442 5445 5438
f 5442 600 5443 5445
f 5445 5443 1414 5444
f 5438 5445 5444 1417
f 1417 5444 5449 5448
f 5444 1414 5446 5449
f 5449 5446 601 5447
f 5448 5449 5447 1415
f 1416 5439 5452 5451
f 5439 1417 5448 5452
f 5452 5448 1415 5450
f 5451 5452 5450 295
f 285 5453 5456 5437
f 5453 1418 5454 5456
f 5456 5454 1421 5455
f 5437 5456 5455 1413
f 1418 5457 5460 5454
f 5457 299 5458 5460
f 5460 5458 1419 5459
f 5454 5460 5459 1421
f 1421 5459 5464 5463
f 5459 1419 5461 5464
f 5464 5461 602 5462
f 5463 5464 5462 1420
f 1413 5455 5466 5442
f 5455 1421 5463 5466
f 5466 5463 1420 5465
f 5442 5466 5465 600
f 40 2742 5470 5469
f 2742 719 5467 5470
f 5470 5467 1423 5468
f 5469 5470 5468 1422
f 719 2749 5472 5467
f 2749 47 5409 5472
f 5472 5409 1404 5471
f 5467 5472 5471 1423
f 1423 5471 5474 5473
f 5471 1404 5406 5474
f 5474 5406 268 5206
f 5473 5474 5206 1348
f 1422 5468 5476 5475
f 5468 1423 5473 5476
f 5476 5473 1348 5203
f 5475 5476 5203 269
f 40 5469 5479 2751
f 5469 1422 5477 5479
f 5479 5477 1425 5478
f 2751 5479 5478 721
f 1422 5475 5481 5477
f 5475 269 5239 5481
f 5481 5239 1358 5480
f 5477 5481 5480 1425
f 1425 5480 5484 5483
f 5480 1358 5236 5484
f 5484 5236 273 5482
f 5483 5484 5482 1424
f 721 5478 5486 2755
f 5478 1425 5483 5486
f 5486 5483 1424 5485
f 2755 5486 5485 58
f 286 5487 5491 5490
f 5487 1426 5488 5491
f 5491 5488 1428 5489
f 5490 5491 5489 1427
f 1426 5492 5494 5488
f 5492 294 5434 5494
f 5494 5434 1410 5493
f 5488 5494 5493 1428
f 1428 5493 5496 5495
f 5493 1410 5431 5496
f 5496 5431 265 5178
f 5495 5496 5178 1340
f 1427 5489 5498 5497
f 5489 1428 5495 5498
f 5498 5495 1340 5175
f 5497 5498 5175 260
f 286 5490 5502 5501
f 5490 1427 5499 5502
f 5502 5499 1431 5500
f 5501 5502 5500 1430
f 1427 5497 5504 5499
f 5497 260 5154 5504
f 5504 5154 1333 5503
f 5499 5504 5503 1431
f 1431 5503 5507 5506
f 5503 1333 5151 5507
f 5507 5151 261 5505
f 5506 5507 5505 1429
f 1430 5500 5510 5509
f 5500 1431 5506 5510
f 5510 5506 1429 5508
f 5509 5510 5508 300
f 300 5508 5514 5513
f 5508 1429 5511 5514
f 5514 5511 1435 5512
f 5513 5514 5512 1434
f 1429 5505 5517 5511
f 5505 261 5515 5517
f 5517 5515 1432 5516
f 5511 5517 5516 1435
f 1435 5516 5521 5520
f 5516 1432 5518 5521
f 5521 5518 302 5519
f 5520 5521 5519 1433
f 1434 5512 5524 5523
f 5512 1435 5520 5524
f 5524 5520 1433 5522
f 5523 5524 5522 301
f 302 5518 5528 5527
f 5518 1432 5525 5528
f 5528 5525 1438 5526
f 5527 5528 5526 1437
f 1432 5515 5530 5525
f 5515 261 5150 5530
f 5530 5150 1332 5529
f 5525 5530 5529 1438
f 1438 5529 5533 5532
f 5529 1332 5147 5533
f 5533 5147 257 5531
f 5532 5533 5531 1436
f 1437 5526 5536 5535
f 5526 1438 5532 5536
f 5536 5532 1436 5534
f 5535 5536 5534 303
f 302 5537 5540 5519
f 5537 1439 5538 5540
f 5540 5538 1442 5539
f 5519 5540 5539 1433
f 1439 5541 5544 5538
f 5541 305 5542 5544
f 5544 5542 1440 5543
f 5538 5544 5543 1442
f 1442 5543 5548 5547
f 5543 1440 5545 5548
f 5548 5545 304 5546
f 5547 5548 5546 1441
f 1433 5539 5550 5522
f 5539 1442 5547 5550
f 5550 5547 1441 5549
f 5522 5550 5549 301
f 302 5527 5553 5537
f 5527 1437 5551 5553
f 5553 5551 1445 5552
f 5537 5553 5552 1439
f 1437 5535 5556 5551
f 5535 303 5554 5556
f 5556 5554 1443 5555
f 5551 5556 5555 1445
f 1445 5555 5560 5559
f 5555 1443 5557 5560
f 5560 5557 306 5558
f 5559 5560 5558 1444
f 1439 5552 5562 5541
f 5552 1445 5559 5562
f 5562 5559 1444 5561
f 5541 5562 5561 305
f 306 5557 5566 5565
f 5557 1443 5563 5566
f 5566 5563 1449 5564
f 5565 5566 5564 1448
f 1443 5554 5569 5563
f 5554 303 5567 5569
f 5569 5567 1446 5568
f 5563 5569 5568 1449
f 1449 5568 5573 5572
f 5568 1446 5570 5573
f 5573 5570 308 5571
f 5572 5573 5571 1447
f 1448 5564 5576 5575
f 5564 1449 5572 5576
f 5576 5572 1447 5574
f 5575 5576 5574 307
f 306 5577 5580 5558
f 5577 1450 5578 5580
f 5580 5578 1453 5579
f 5558 5580 5579 1444
f 1450 5581 5584 5578
f 5581 310 5582 5584
f 5584 5582 1451 5583
f 5578 5584 5583 1453
f 1453 5583 5588 5587
f 5583 1451 5585 5588
f 5588 5585 309 5586
f 5587 5588 5586 1452
f 1444 5579 5590 5561
f 5579 1453 5587 5590
f 5590 5587 1452 5589
f 5561 5590 5589 305
f 306 5565 5593 5577
f 5565 1448 5591 5593
f 5593 5591 1456 5592
f 5577 5593 5592 1450
f 1448 5575 5596 5591
f 5575 307 5594 5596
f 5596 5594 1454 5595
f 5591 5596 5595 1456
f 1456 5595 5600 5599
f 5595 1454 5597 5600
f 5600 5597 311 5598
f 5599 5600 5598 1455
f 1450 5592 5602 5581
f 5592 1456 5599 5602
f 5602 5599 1455 5601
f 5581 5602 5601 310
f 311 5597 5606 5605
f 5597 1454 5603 5606
f 5606 5603 1460 5604
f 5605 5606 5604 1459
f 1454 5594 5609 5603
f 5594 307 5607 5609
f 5609 5607 1457 5608
f 5603 5609 5608 1460
f 1460 5608 5613 5612
f 5608 1457 5610 5613
f 5613 5610 313 5611
f 5612 5613 5611 1458
f 1459 5604 5616 5615
f 5604 1460 5612 5616
f 5616 5612 1458 5614
f 5615 5616 5614 312
f 311 5617 5620 5598
f 5617 1461 5618 5620
f 5620 5618 1464 5619
f 5598 5620 5619 1455
f 1461 5621 5624 5618
f 5621 315 5622 5624
f 5624 5622 1462 5623
f 5618 5624 5623 1464
f 1464 5623 5628 5627
f 5623 1462 5625 5628
f 5628 5625 314 5626
f 5627 5628 5626 1463
f 1455 5619 5630 5601
f 5619 1464 5627 5630
f 5630 5627 1463 5629
f 5601 5630 5629 310
f 311 5605 5633 5617
f 5605 1459 5631 5633
f 5633 5631 1467 5632
f 5617 5633 5632 1461
f 1459 5615 5636 5631
f 5615 312 5634 5636
f 5636 5634 1465 5635
f 5631 5636 5635 1467
f 1467 5635 5640 5639
f 5635 1465 5637 5640
f 5640 5637 316 5638
f 5639 5640 5638 1466
f 1461 5632 5642 5621
f 5632 1467 5639 5642
f 5642 5639 1466 5641
f 5621 5642 5641 315
f 316 5637 5646 5645
f 5637 1465 5643 5646
f 5646 5643 1471 5644
f 5645 5646 5644 1470
f 1465 5634 5649 5643
f 5634 312 5647 5649
f 5649 5647 1468 5648
f 5643 5649 5648 1471
f 1471 5648 5653 5652
f 5648 1468 5650 5653
f 5653 5650 318 5651
f 5652 5653 5651 1469
f 1470 5644 5656 5655
f 5644 1471 5652 5656
f 5656 5652 1469 5654
f 5655 5656 5654 317
f 316 5657 5660 5638
f 5657 1472 5658 5660
f 5660 5658 1475 5659
f 5638 5660 5659 1466
f 1472 5661 5664 5658
f 5661 319 5662 5664
f 5664 5662 1473 5663
f 5658 5664 5663 1475
f 1475 5663 5668 5667
f 5663 1473 5665 5668
f 5668 5665 281 5666
f 5667 5668 5666 1474
f 1466 5659 5670 5641
f 5659 1475 5667 5670
f 5670 5667 1474 5669
f 5641 5670 5669 315
f 316 5645 5673 5657
f 5645 1470 5671 5673
f 5673 5671 1478 5672
f 5657 5673 5672 1472
f 1470 5655 5676 5671
f 5655 317 5674 5676
f 5676 5674 1476 5675
f 5671 5676 5675 1478
f 1478 5675 5680 5679
f 5675 1476 5677 5680
f 5680 5677 296 5678
f 5679 5680 5678 1477
f 1472 5672 5682 5661
f 5672 1478 5679 5682
f 5682 5679 1477 5681
f 5661 5682 5681 319
f 319 5683 5686 5662
f 5683 1479 5684 5686
f 5686 5684 1481 5685
f 5662 5686 5685 1473
f 1479 5687 5690 5684
f 5687 320 5688 5690
f 5690 5688 1480 5689
f 5684 5690 5689 1481
f 1481 5689 5693 5692
f 5689 1480 5691 5693
f 5693 5691 280 5330
f 5692 5693 5330 1382
f 1473 5685 5694 5665
f 5685 1481 5692 5694
f 5694 5692 1382 5327
f 5665 5694 5327 281
f 319 5681 5697 5683
f 5681 1477 5695 5697
f 5697 5695 1484 5696
f 5683 5697 5696 1479
f 1477 5678 5700 5695
f 5678 296 5698 5700
f 5700 5698 1482 5699
f 5695 5700 5699 1484
f 1484 5699 5704 5703
f 5699 1482 5701 5704
f 5704 5701 297 5702
f 5703 5704 5702 1483
f 1479 5696 5706 5687
f 5696 1484 5703 5706
f 5706 5703 1483 5705
f 5687 5706 5705 320
f 320 5707 5710 5688
f 5707 1485 5708 5710
f 5710 5708 1487 5709
f 5688 5710 5709 1480
f 1485 5711 5714 5708
f 5711 321 5712 5714
f 5714 5712 1486 5713
f 5708 5714 5713 1487
f 1487 5713 5717 5716
f 5713 1486 5715 5717
f 5717 5715 282 5339
f 5716 5717 5339 1385
f 1480 5709 5718 5691
f 5709 1487 5716 5718
f 5718 5716 1385 5336
f 5691 5718 5336 280
f 320 5705 5721 5707
f 5705 1483 5719 5721
f 5721 5719 1490 5720
f 5707 5721 5720 1485
f 1483 5702 5724 5719
f 5702 297 5722 5724
f 5724 5722 1488 5723
f 5719 5724 5723 1490
f 1490 5723 5728 5727
f 5723 1488 5725 5728
f 5728 5725 298 5726
f 5727 5728 5726 1489
f 1485 5720 5730 5711
f 5720 1490 5727 5730
f 5730 5727 1489 5729
f 5711 5730 5729 321
f 321 5731 5734 5712
f 5731 1491 5732 5734
f 5734 5732 1494 5733
f 5712 5734 5733 1486
f 1491 5735 5738 5732
f 5735 323 5736 5738
f 5738 5736 1492 5737
f 5732 5738 5737 1494
f 1494 5737 5742 5741
f 5737 1492 5739 5742
f 5742 5739 322 5740
f 5741 5742 5740 1493
f 1486 5733 5744 5715
f 5733 1494 5741 5744
f 5744 5741 1493 5743
f 5715 5744 5743 282
f 321 5729 5747 5731
f 5729 1489 5745 5747
f 5747 5745 1497 5746
f 5731 5747 5746 1491
f 1489 5726 5750 5745
f 5726 298 5748 5750
f 5750 5748 1495 5749
f 5745 5750 5749 1497
f 1497 5749 5754 5753
f 5749 1495 5751 5754
f 5754 5751 324 5752
f 5753 5754 5752 1496
f 1491 5746 5756 5735
f 5746 1497 5753 5756
f 5756 5753 1496 5755
f 5735 5756 5755 323
f 324 5751 5760 5759
f 5751 1495 5757 5760
f 5760 5757 1501 5758
f 5759 5760 5758 1500
f 1495 5748 5763 5757
f 5748 298 5761 5763
f 5763 5761 1498 5762
f 5757 5763 5762 1501
f 1501 5762 5767 5766
f 5762 1498 5764 5767
f 5767 5764 501 5765
f 5766 5767 5765 1499
f 1500 5758 5770 5769
f 5758 1501 5766 5770
f 5770 5766 1499 5768
f 5769 5770 5768 502
f 324 5771 5774 5752
f 5771 1502 5772 5774
f 5774 5772 1505 5773
f 5752 5774 5773 1496
f 1502 5775 5778 5772
f 5775 327 5776 5778
f 5778 5776 1503 5777
f 5772 5778 5777 1505
f 1505 5777 5782 5781
f 5777 1503 5779 5782
f 5782 5779 326 5780
f 5781 5782 5780 1504
f 1496 5773 5784 5755
f 5773 1505 5781 5784
f 5784 5781 1504 5783
f 5755 5784 5783 323
f 324 5759 5787 5771
f 5759 1500 5785 5787
f 5787 5785 1508 5786
f 5771 5787 5786 1502
f 1500 5769 5790 5785
f 5769 502 5788 5790
f 5790 5788 1506 5789
f 5785 5790 5789 1508
f 1508 5789 5794 5793
f 5789 1506 5791 5794
f 5794 5791 503 5792
f 5793 5794 5792 1507
f 1502 5786 5796 5775
f 5786 1508 5793 5796
f 5796 5793 1507 5795
f 5775 5796 5795 327
f 328 5797 5801 5800
f 5797 1509 5798 5801
f 5801 5798 1513 5799
f 5800 5801 5799 1512
f 1509 5802 5805 5798
f 5802 330 5803 5805
f 5805 5803 1510 5804
f 5798 5805 5804 1513
f 1513 5804 5809 5808
f 5804 1510 5806 5809
f 5809 5806 603 5807
f 5808 5809 5807 1511
f 1512 5799 5812 5811
f 5799 1513 5808 5812
f 5812 5808 1511 5810
f 5811 5812 5810 604
f 330 5813 5816 5803
f 5813 1514 5814 5816
f 5816 5814 1517 5815
f 5803 5816 5815 1510
f 1514 5817 5820 5814
f 5817 332 5818 5820
f 5820 5818 1515 5819
f 5814 5820 5819 1517
f 1517 5819 5824 5823
f 5819 1515 5821 5824
f 5824 5821 605 5822
f 5823 5824 5822 1516
f 1510 5815 5826 5806
f 5815 1517 5823 5826
f 5826 5823 1516 5825
f 5806 5826 5825 603
f 332 5827 5830 5818
f 5827 1518 5828 5830
f 5830 5828 1521 5829
f 5818 5830 5829 1515
f 1518 5831 5834 5828
f 5831 334 5832 5834
f 5834 5832 1519 5833
f 5828 5834 5833 1521
f 1521 5833 5838 5837
f 5833 1519 5835 5838
f 5838 5835 606 5836
f 5837 5838 5836 1520
f 1515 5829 5840 5821
f 5829 1521 5837 5840
f 5840 5837 1520 5839
f 5821 5840 5839 605
f 334 5841 5844 5832
f 5841 1522 5842 5844
f 5844 5842 1525 5843
f 5832 5844 5843 1519
f 1522 5845 5848 5842
f 5845 336 5846 5848
f 5848 5846 1523 5847
f 5842 5848 5847 1525
f 1525 5847 5852 5851
f 5847 1523 5849 5852
f 5852 5849 607 5850
f 5851 5852 5850 1524
f 1519 5843 5854 5835
f 5843 1525 5851 5854
f 5854 5851 1524 5853
f 5835 5854 5853 606
f 336 5855 5858 5846
f 5855 1526 5856 5858
f 5858 5856 1529 5857
f 5846 5858 5857 1523
f 1526 5859 5862 5856
f 5859 338 5860 5862
f 5862 5860 1527 5861
f 5856 5862 5861 1529
f 1529 5861 5866 5865
f 5861 1527 5863 5866
f 5866 5863 608 5864
f 5865 5866 5864 1528
f 1523 5857 5868 5849
f 5857 1529 5865 5868
f 5868 5865 1528 5867
f 5849 5868 5867 607
f 338 5869 5872 5860
f 5869 1530 5870 5872
f 5872 5870 1533 5871
f 5860 5872 5871 1527
f 1530 5873 5876 5870
f 5873 340 5874 5876
f 5876 5874 1531 5875
f 5870 5876 5875 1533
f 1533 5875 5880 5879
f 5875 1531 5877 5880
f 5880 5877 609 5878
f 5879 5880 5878 1532
f 1527 5871 5882 5863
f 5871 1533 5879 5882
f 5882 5879 1532 5881
f 5863 5882 5881 608
f 340 5883 5886 5874
f 5883 1534 5884 5886
f 5886 5884 1537 5885
f 5874 5886 5885 1531
f 1534 5887 5890 5884
f 5887 342 5888 5890
f 5890 5888 1535 5889
f 5884 5890 5889 1537
f 1537 5889 5894 5893
f 5889 1535 5891 5894
f 5894 5891 610 5892
f 5893 5894 5892 1536
f 1531 5885 5896 5877
f 5885 1537 5893 5896
f 5896 5893 1536 5895
f 5877 5896 5895 609
f 342 5897 5900 5888
f 5897 1538 5898 5900
f 5900 5898 1541 5899
f 5888 5900 5899 1535
f 1538 5901 5904 5898
f 5901 344 5902 5904
f 5904 5902 1539 5903
f 5898 5904 5903 1541
f 1541 5903 5908 5907
f 5903 1539 5905 5908
f 5908 5905 611 5906
f 5907 5908 5906 1540
f 1535 5899 5910 5891
f 5899 1541 5907 5910
f 5910 5907 1540 5909
f 5891 5910 5909 610
f 344 5911 5914 5902
f 5911 1542 5912 5914
f 5914 5912 1545 5913
f 5902 5914 5913 1539
f 1542 5915 5918 5912
f 5915 346 5916 5918
f 5918 5916 1543 5917
f 5912 5918 5917 1545
f 1545 5917 5922 5921
f 5917 1543 5919 5922
f 5922 5919 612 5920
f 5921 5922 5920 1544
f 1539 5913 5924 5905
f 5913 1545 5921 5924
f 5924 5921 1544 5923
f 5905 5924 5923 611
f 346 5925 5928 5916
f 5925 1546 5926 5928
f 5928 5926 1549 5927
f 5916 5928 5927 1543
f 1546 5929 5932 5926
f 5929 348 5930 5932
f 5932 5930 1547 5931
f 5926 5932 5931 1549
f 1549 5931 5936 5935
f 5931 1547 5933 5936
f 5936 5933 613 5934
f 5935 5936 5934 1548
f 1543 5927 5938 5919
f 5927 1549 5935 5938
f 5938 5935 1548 5937
f 5919 5938 5937 612
f 348 5939 5942 5930
f 5939 1550 5940 5942
f 5942 5940 1553 5941
f 5930 5942 5941 1547
f 1550 5943 5946 5940
f 5943 349 5944 5946
f 5946 5944 1551 5945
f 5940 5946 5945 1553
f 1553 5945 5950 5949
f 5945 1551 5947 5950
f 5950 5947 614 5948
f 5949 5950 5948 1552
f 1547 5941 5952 5933
f 5941 1553 5949 5952
f 5952 5949 1552 5951
f 5933 5952 5951 613
f 349 5953 5956 5944
f 5953 1554 5954 5956
f 5956 5954 1557 5955
f 5944 5956 5955 1551
f 1554 5957 5960 5954
f 5957 350 5958 5960
f 5960 5958 1555 5959
f 5954 5960 5959 1557
f 1557 5959 5964 5963
f 5959 1555 5961 5964
f 5964 5961 615 5962
f 5963 5964 5962 1556
f 1551 5955 5966 5947
f 5955 1557 5963 5966
f 5966 5963 1556 5965
f 5947 5966 5965 614
f 350 5967 5970 5958
f 5967 1558 5968 5970
f 5970 5968 1560 5969
f 5958 5970 5969 1555
f 1558 5971 5973 5968
f 5971 295 5450 5973
f 5973 5450 1415 5972
f 5968 5973 5972 1560
f 1560 5972 5976 5975
f 5972 1415 5447 5976
f 5976 5447 601 5974
f 5975 5976 5974 1559
f 1555 5969 5978 5961
f 5969 1560 5975 5978
f 5978 5975 1559 5977
f 5961 5978 5977 615
f 347 5979 5983 5982
f 5979 1561 5980 5983
f 5983 5980 1565 5981
f 5982 5983 5981 1564
f 1561 5984 5987 5980
f 5984 313 5985 5987
f 5987 5985 1562 5986
f 5980 5987 5986 1565
f 1565 5986 5991 5990
f 5986 1562 5988 5991
f 5991 5988 351 5989
f 5990 5991 5989 1563
f 1564 5981 5994 5993
f 5981 1565 5990 5994
f 5994 5990 1563 5992
f 5993 5994 5992 345
f 347 5995 5998 5979
f 5995 1566 5996 5998
f 5998 5996 1567 5997
f 5979 5998 5997 1561
f 1566 5999 6001 5996
f 5999 318 5650 6001
f 6001 5650 1468 6000
f 5996 6001 6000 1567
f 1567 6000 6003 6002
f 6000 1468 5647 6003
f 6003 5647 312 5614
f 6002 6003 5614 1458
f 1561 5997 6004 5984
f 5997 1567 6002 6004
f 6004 6002 1458 5611
f 5984 6004 5611 313
f 351 6005 6008 5989
f 6005 1568 6006 6008
f 6008 6006 1571 6007
f 5989 6008 6007 1563
f 1568 6009 6012 6006
f 6009 352 6010 6012
f 6012 6010 1569 6011
f 6006 6012 6011 1571
f 1571 6011 6016 6015
f 6011 1569 6013 6016
f 6016 6013 343 6014
f 6015 6016 6014 1570
f 1563 6007 6018 5992
f 6007 1571 6015 6018
f 6018 6015 1570 6017
f 5992 6018 6017 345
f 351 6019 6022 6005
f 6019 1572 6020 6022
f 6022 6020 1575 6021
f 6005 6022 6021 1568
f 1572 6023 6026 6020
f 6023 308 6024 6026
f 6026 6024 1573 6025
f 6020 6026 6025 1575
f 1575 6025 6030 6029
f 6025 1573 6027 6030
f 6030 6027 258 6028
f 6029 6030 6028 1574
f 1568 6021 6032 6009
f 6021 1575 6029 6032
f 6032 6029 1574 6031
f 6009 6032 6031 352
f 351 5988 6035 6019
f 5988 1562 6033 6035
f 6035 6033 1576 6034
f 6019 6035 6034 1572
f 1562 5985 6037 6033
f 5985 313 5610 6037
f 6037 5610 1457 6036
f 6033 6037 6036 1576
f 1576 6036 6039 6038
f 6036 1457 5607 6039
f 6039 5607 307 5574
f 6038 6039 5574 1447
f 1572 6034 6040 6023
f 6034 1576 6038 6040
f 6040 6038 1447 5571
f 6023 6040 5571 308
f 352 6041 6044 6010
f 6041 1577 6042 6044
f 6044 6042 1580 6043
f 6010 6044 6043 1569
f 1577 6045 6048 6042
f 6045 353 6046 6048
f 6048 6046 1578 6047
f 6042 6048 6047 1580
f 1580 6047 6052 6051
f 6047 1578 6049 6052
f 6052 6049 341 6050
f 6051 6052 6050 1579
f 1569 6043 6054 6013
f 6043 1580 6051 6054
f 6054 6051 1579 6053
f 6013 6054 6053 343
f 352 6031 6057 6041
f 6031 1574 6055 6057
f 6057 6055 1582 6056
f 6041 6057 6056 1577
f 1574 6028 6059 6055
f 6028 258 5136 6059
f 6059 5136 1328 6058
f 6055 6059 6058 1582
f 1582 6058 6062 6061
f 6058 1328 5133 6062
f 6062 5133 259 6060
f 6061 6062 6060 1581
f 1577 6056 6064 6045
f 6056 1582 6061 6064
f 6064 6061 1581 6063
f 6045 6064 6063 353
f 353 6065 6068 6046
f 6065 1583 6066 6068
f 6068 6066 1586 6067
f 6046 6068 6067 1578
f 1583 6069 6072 6066
f 6069 354 6070 6072
f 6072 6070 1584 6071
f 6066 6072 6071 1586
f 1586 6071 6076 6075
f 6071 1584 6073 6076
f 6076 6073 339 6074
f 6075 6076 6074 1585
f 1578 6067 6078 6049
f 6067 1586 6075 6078
f 6078 6075 1585 6077
f 6049 6078 6077 341
f 353 6063 6081 6065
f 6063 1581 6079 6081
f 6081 6079 1588 6080
f 6065 6081 6080 1583
f 1581 6060 6083 6079
f 6060 259 5169 6083
f 6083 5169 1338 6082
f 6079 6083 6082 1588
f 1588 6082 6086 6085
f 6082 1338 5166 6086
f 6086 5166 262 6084
f 6085 6086 6084 1587
f 1583 6080 6088 6069
f 6080 1588 6085 6088
f 6088 6085 1587 6087
f 6069 6088 6087 354
f 354 6089 6092 6070
f 6089 1589 6090 6092
f 6092 6090 1592 6091
f 6070 6092 6091 1584
f 1589 6093 6096 6090
f 6093 355 6094 6096
f 6096 6094 1590 6095
f 6090 6096 6095 1592
f 1592 6095 6100 6099
f 6095 1590 6097 6100
f 6100 6097 337 6098
f 6099 6100 6098 1591
f 1584 6091 6102 6073
f 6091 1592 6099 6102
f 6102 6099 1591 6101
f 6073 6102 6101 339
f 354 6087 6105 6089
f 6087 1587 6103 6105
f 6105 6103 1595 6104
f 6089 6105 6104 1589
f 1587 6084 6108 6103
f 6084 262 6106 6108
f 6108 6106 1593 6107
f 6103 6108 6107 1595
f 1595 6107 6112 6111
f 6107 1593 6109 6112
f 6112 6109 356 6110
f 6111 6112 6110 1594
f 1589 6104 6114 6093
f 6104 1595 6111 6114
f 6114 6111 1594 6113
f 6093 6114 6113 355
f 356 6115 6118 6110
f 6115 1596 6116 6118
f 6118 6116 1599 6117
f 6110 6118 6117 1594
f 1596 6119 6122 6116
f 6119 358 6120 6122
f 6122 6120 1597 6121
f 6116 6122 6121 1599
f 1599 6121 6126 6125
f 6121 1597 6123 6126
f 6126 6123 357 6124
f 6125 6126 6124 1598
f 1594 6117 6128 6113
f 6117 1599 6125 6128
f 6128 6125 1598 6127
f 6113 6128 6127 355
f 356 6129 6132 6115
f 6129 1600 6130 6132
f 6132 6130 1603 6131
f 6115 6132 6131 1596
f 1600 6133 6136 6130
f 6133 360 6134 6136
f 6136 6134 1601 6135
f 6130 6136 6135 1603
f 1603 6135 6140 6139
f 6135 1601 6137 6140
f 6140 6137 359 6138
f 6139 6140 6138 1602
f 1596 6131 6142 6119
f 6131 1603 6139 6142
f 6142 6139 1602 6141
f 6119 6142 6141 358
f 356 6109 6145 6129
f 6109 1593 6143 6145
f 6145 6143 1605 6144
f 6129 6145 6144 1600
f 1593 6106 6147 6143
f 6106 262 5165 6147
f 6147 5165 1337 6146
f 6143 6147 6146 1605
f 1605 6146 6150 6149
f 6146 1337 5162 6150
f 6150 5162 263 6148
f 6149 6150 6148 1604
f 1600 6144 6152 6133
f 6144 1605 6149 6152
f 6152 6149 1604 6151
f 6133 6152 6151 360
f 360 6153 6156 6134
f 6153 1606 6154 6156
f 6156 6154 1609 6155
f 6134 6156 6155 1601
f 1606 6157 6160 6154
f 6157 362 6158 6160
f 6160 6158 1607 6159
f 6154 6160 6159 1609
f 1609 6159 6164 6163
f 6159 1607 6161 6164
f 6164 6161 361 6162
f 6163 6164 6162 1608
f 1601 6155 6166 6137
f 6155 1609 6163 6166
f 6166 6163 1608 6165
f 6137 6166 6165 359
f 360 6151 6169 6153
f 6151 1604 6167 6169
f 6169 6167 1611 6168
f 6153 6169 6168 1606
f 1604 6148 6171 6167
f 6148 263 5195 6171
f 6171 5195 1345 6170
f 6167 6171 6170 1611
f 1611 6170 6174 6173
f 6170 1345 5192 6174
f 6174 5192 266 6172
f 6173 6174 6172 1610
f 1606 6168 6176 6157
f 6168 1611 6173 6176
f 6176 6173 1610 6175
f 6157 6176 6175 362
f 362 6177 6180 6158
f 6177 1612 6178 6180
f 6180 6178 1615 6179
f 6158 6180 6179 1607
f 1612 6181 6184 6178
f 6181 364 6182 6184
f 6184 6182 1613 6183
f 6178 6184 6183 1615
f 1615 6183 6188 6187
f 6183 1613 6185 6188
f 6188 6185 363 6186
f 6187 6188 6186 1614
f 1607 6179 6190 6161
f 6179 1615 6187 6190
f 6190 6187 1614 6189
f 6161 6190 6189 361
f 362 6175 6193 6177
f 6175 1610 6191 6193
f 6193 6191 1617 6192
f 6177 6193 6192 1612
f 1610 6172 6195 6191
f 6172 266 5301 6195
f 6195 5301 1375 6194
f 6191 6195 6194 1617
f 1617 6194 6198 6197
f 6194 1375 5298 6198
f 6198 5298 277 6196
f 6197 6198 6196 1616
f 1612 6192 6200 6181
f 6192 1617 6197 6200
f 6200 6197 1616 6199
f 6181 6200 6199 364
f 364 6201 6204 6182
f 6201 1618 6202 6204
f 6204 6202 1621 6203
f 6182 6204 6203 1613
f 1618 6205 6208 6202
f 6205 366 6206 6208
f 6208 6206 1619 6207
f 6202 6208 6207 1621
f 1621 6207 6212 6211
f 6207 1619 6209 6212
f 6212 6209 365 6210
f 6211 6212 6210 1620
f 1613 6203 6214 6185
f 6203 1621 6211 6214
f 6214 6211 1620 6213
f 6185 6214 6213 363
f 364 6199 6217 6201
f 6199 1616 6215 6217
f 6217 6215 1624 6216
f 6201 6217 6216 1618
f 1616 6196 6220 6215
f 6196 277 6218 6220
f 6220 6218 1622 6219
f 6215 6220 6219 1624
f 1624 6219 6224 6223
f 6219 1622 6221 6224
f 6224 6221 367 6222
f 6223 6224 6222 1623
f 1618 6216 6226 6205
f 6216 1624 6223 6226
f 6226 6223 1623 6225
f 6205 6226 6225 366
f 367 6227 6230 6222
f 6227 1625 6228 6230
f 6230 6228 1628 6229
f 6222 6230 6229 1623
f 1625 6231 6234 6228
f 6231 369 6232 6234
f 6234 6232 1626 6233
f 6228 6234 6233 1628
f 1628 6233 6238 6237
f 6233 1626 6235 6238
f 6238 6235 368 6236
f 6237 6238 6236 1627
f 1623 6229 6240 6225
f 6229 1628 6237 6240
f 6240 6237 1627 6239
f 6225 6240 6239 366
f 367 6241 6244 6227
f 6241 1629 6242 6244
f 6244 6242 1632 6243
f 6227 6244 6243 1625
f 1629 6245 6248 6242
f 6245 371 6246 6248
f 6248 6246 1630 6247
f 6242 6248 6247 1632
f 1632 6247 6252 6251
f 6247 1630 6249 6252
f 6252 6249 370 6250
f 6251 6252 6250 1631
f 1625 6243 6254 6231
f 6243 1632 6251 6254
f 6254 6251 1631 6253
f 6231 6254 6253 369
f 367 6221 6257 6241
f 6221 1622 6255 6257
f 6257 6255 1634 6256
f 6241 6257 6256 1629
f 1622 6218 6259 6255
f 6218 277 5297 6259
f 6259 5297 1374 6258
f 6255 6259 6258 1634
f 1634 6258 6262 6261
f 6258 1374 5293 6262
f 6262 5293 255 6260
f 6261 6262 6260 1633
f 1629 6256 6264 6245
f 6256 1634 6261 6264
f 6264 6261 1633 6263
f 6245 6264 6263 371
f 371 6265 6268 6246
f 6265 1635 6266 6268
f 6268 6266 1637 6267
f 6246 6268 6267 1630
f 1635 6269 6271 6266
f 6269 132 3552 6271
f 6271 3552 934 6270
f 6266 6271 6270 1637
f 1637 6270 6274 6273
f 6270 934 3549 6274
f 6274 3549 131 6272
f 6273 6274 6272 1636
f 1630 6267 6276 6249
f 6267 1637 6273 6276
f 6276 6273 1636 6275
f 6249 6276 6275 370
f 371 6263 6279 6265
f 6263 1633 6277 6279
f 6279 6277 1638 6278
f 6265 6279 6278 1635
f 1633 6260 6281 6277
f 6260 255 5270 6281
f 6281 5270 1369 6280
f 6277 6281 6280 1638
f 1638 6280 6283 6282
f 6280 1369 5279 6283
f 6283 5279 24 3561
f 6282 6283 3561 937
f 1635 6278 6284 6269
f 6278 1638 6282 6284
f 6284 6282 937 3558
f 6269 6284 3558 132
f 131 3567 6287 6272
f 3567 941 6285 6287
f 6287 6285 1641 6286
f 6272 6287 6286 1636
f 941 3577 6290 6285
f 3577 134 6288 6290
f 6290 6288 1639 6289
f 6285 6290 6289 1641
f 1641 6289 6294 6293
f 6289 1639 6291 6294
f 6294 6291 372 6292
f 6293 6294 6292 1640
f 1636 6286 6296 6275
f 6286 1641 6293 6296
f 6296 6293 1640 6295
f 6275 6296 6295 370
f 134 3581 6299 6288
f 3581 945 6297 6299
f 6299 6297 1644 6298
f 6288 6299 6298 1639
f 945 3591 6302 6297
f 3591 136 6300 6302
f 6302 6300 1642 6301
f 6297 6302 6301 1644
f 1644 6301 6306 6305
f 6301 1642 6303 6306
f 6306 6303 373 6304
f 6305 6306 6304 1643
f 1639 6298 6308 6291
f 6298 1644 6305 6308
f 6308 6305 1643 6307
f 6291 6308 6307 372
f 136 3595 6311 6300
f 3595 949 6309 6311
f 6311 6309 1647 6310
f 6300 6311 6310 1642
f 949 3605 6314 6309
f 3605 138 6312 6314
f 6314 6312 1645 6313
f 6309 6314 6313 1647
f 1647 6313 6318 6317
f 6313 1645 6315 6318
f 6318 6315 374 6316
f 6317 6318 6316 1646
f 1642 6310 6320 6303
f 6310 1647 6317 6320
f 6320 6317 1646 6319
f 6303 6320 6319 373
f 138 3609 6323 6312
f 3609 953 6321 6323
f 6323 6321 1650 6322
f 6312 6323 6322 1645
f 953 3619 6326 6321
f 3619 140 6324 6326
f 6326 6324 1648 6325
f 6321 6326 6325 1650
f 1650 6325 6330 6329
f 6325 1648 6327 6330
f 6330 6327 375 6328
f 6329 6330 6328 1649
f 1645 6322 6332 6315
f 6322 1650 6329 6332
f 6332 6329 1649 6331
f 6315 6332 6331 374
f 140 3623 6335 6324
f 3623 956 6333 6335
f 6335 6333 1652 6334
f 6324 6335 6334 1648
f 956 3631 6337 6333
f 3631 44 5395 6337
f 6337 5395 1400 6336
f 6333 6337 6336 1652
f 1652 6336 6340 6339
f 6336 1400 5392 6340
f 6340 5392 289 6338
f 6339 6340 6338 1651
f 1648 6334 6342 6327
f 6334 1652 6339 6342
f 6342 6339 1651 6341
f 6327 6342 6341 375
f 375 6343 6346 6328
f 6343 1653 6344 6346
f 6346 6344 1656 6345
f 6328 6346 6345 1649
f 1653 6347 6350 6344
f 6347 377 6348 6350
f 6350 6348 1654 6349
f 6344 6350 6349 1656
f 1656 6349 6354 6353
f 6349 1654 6351 6354
f 6354 6351 376 6352
f 6353 6354 6352 1655
f 1649 6345 6356 6331
f 6345 1656 6353 6356
f 6356 6353 1655 6355
f 6331 6356 6355 374
f 375 6341 6359 6343
f 6341 1651 6357 6359
f 6359 6357 1659 6358
f 6343 6359 6358 1653
f 1651 6338 6362 6357
f 6338 289 6360 6362
f 6362 6360 1657 6361
f 6357 6362 6361 1659
f 1659 6361 6366 6365
f 6361 1657 6363 6366
f 6366 6363 378 6364
f 6365 6366 6364 1658
f 1653 6358 6368 6347
f 6358 1659 6365 6368
f 6368 6365 1658 6367
f 6347 6368 6367 377
f 378 6369 6372 6364
f 6369 1660 6370 6372
f 6372 6370 1663 6371
f 6364 6372 6371 1658
f 1660 6373 6376 6370
f 6373 380 6374 6376
f 6376 6374 1661 6375
f 6370 6376 6375 1663
f 1663 6375 6380 6379
f 6375 1661 6377 6380
f 6380 6377 379 6378
f 6379 6380 6378 1662
f 1658 6371 6382 6367
f 6371 1663 6379 6382
f 6382 6379 1662 6381
f 6367 6382 6381 377
f 378 6383 6386 6369
f 6383 1664 6384 6386
f 6386 6384 1667 6385
f 6369 6386 6385 1660
f 1664 6387 6390 6384
f 6387 382 6388 6390
f 6390 6388 1665 6389
f 6384 6390 6389 1667
f 1667 6389 6394 6393
f 6389 1665 6391 6394
f 6394 6391 381 6392
f 6393 6394 6392 1666
f 1660 6385 6396 6373
f 6385 1667 6393 6396
f 6396 6393 1666 6395
f 6373 6396 6395 380
f 378 6363 6399 6383
f 6363 1657 6397 6399
f 6399 6397 1669 6398
f 6383 6399 6398 1664
f 1657 6360 6401 6397
f 6360 289 5391 6401
f 6401 5391 1399 6400
f 6397 6401 6400 1669
f 1669 6400 6404 6403
f 6400 1399 5388 6404
f 6404 5388 290 6402
f 6403 6404 6402 1668
f 1664 6398 6406 6387
f 6398 1669 6403 6406
f 6406 6403 1668 6405
f 6387 6406 6405 382
f 381 6407 6410 6392
f 6407 1670 6408 6410
f 6410 6408 1673 6409
f 6392 6410 6409 1666
f 1670 6411 6414 6408
f 6411 384 6412 6414
f 6414 6412 1671 6413
f 6408 6414 6413 1673
f 1673 6413 6418 6417
f 6413 1671 6415 6418
f 6418 6415 383 6416
f 6417 6418 6416 1672
f 1666 6409 6420 6395
f 6409 1673 6417 6420
f 6420 6417 1672 6419
f 6395 6420 6419 380
f 384 6421 6424 6412
f 6421 1674 6422 6424
f 6424 6422 1677 6423
f 6412 6424 6423 1671
f 1674 6425 6428 6422
f 6425 386 6426 6428
f 6428 6426 1675 6427
f 6422 6428 6427 1677
f 1677 6427 6432 6431
f 6427 1675 6429 6432
f 6432 6429 385 6430
f 6431 6432 6430 1676
f 1671 6423 6434 6415
f 6423 1677 6431 6434
f 6434 6431 1676 6433
f 6415 6434 6433 383
f 386 6435 6438 6426
f 6435 1678 6436 6438
f 6438 6436 1681 6437
f 6426 6438 6437 1675
f 1678 6439 6442 6436
f 6439 388 6440 6442
f 6442 6440 1679 6441
f 6436 6442 6441 1681
f 1681 6441 6446 6445
f 6441 1679 6443 6446
f 6446 6443 387 6444
f 6445 6446 6444 1680
f 1675 6437 6448 6429
f 6437 1681 6445 6448
f 6448 6445 1680 6447
f 6429 6448 6447 385
f 388 6449 6452 6440
f 6449 1682 6450 6452
f 6452 6450 1685 6451
f 6440 6452 6451 1679
f 1682 6453 6456 6450
f 6453 390 6454 6456
f 6456 6454 1683 6455
f 6450 6456 6455 1685
f 1685 6455 6460 6459
f 6455 1683 6457 6460
f 6460 6457 389 6458
f 6459 6460 6458 1684
f 1679 6451 6462 6443
f 6451 1685 6459 6462
f 6462 6459 1684 6461
f 6443 6462 6461 387
f 390 6463 6466 6454
f 6463 1686 6464 6466
f 6466 6464 1689 6465
f 6454 6466 6465 1683
f 1686 6467 6470 6464
f 6467 392 6468 6470
f 6470 6468 1687 6469
f 6464 6470 6469 1689
f 1689 6469 6474 6473
f 6469 1687 6471 6474
f 6474 6471 391 6472
f 6473 6474 6472 1688
f 1683 6465 6476 6457
f 6465 1689 6473 6476
f 6476 6473 1688 6475
f 6457 6476 6475 389
f 392 6477 6480 6468
f 6477 1690 6478 6480
f 6480 6478 1693 6479
f 6468 6480 6479 1687
f 1690 6481 6484 6478
f 6481 394 6482 6484
f 6484 6482 1691 6483
f 6478 6484 6483 1693
f 1693 6483 6488 6487
f 6483 1691 6485 6488
f 6488 6485 393 6486
f 6487 6488 6486 1692
f 1687 6479 6490 6471
f 6479 1693 6487 6490
f 6490 6487 1692 6489
f 6471 6490 6489 391
f 394 6491 6494 6482
f 6491 1694 6492 6494
f 6494 6492 1697 6493
f 6482 6494 6493 1691
f 1694 6495 6498 6492
f 6495 396 6496 6498
f 6498 6496 1695 6497
f 6492 6498 6497 1697
f 1697 6497 6502 6501
f 6497 1695 6499 6502
f 6502 6499 395 6500
f 6501 6502 6500 1696
f 1691 6493 6504 6485
f 6493 1697 6501 6504
f 6504 6501 1696 6503
f 6485 6504 6503 393
f 396 6505 6508 6496
f 6505 1698 6506 6508
f 6508 6506 1701 6507
f 6496 6508 6507 1695
f 1698 6509 6512 6506
f 6509 398 6510 6512
f 6512 6510 1699 6511
f 6506 6512 6511 1701
f 1701 6511 6516 6515
f 6511 1699 6513 6516
f 6516 6513 397 6514
f 6515 6516 6514 1700
f 1695 6507 6518 6499
f 6507 1701 6515 6518
f 6518 6515 1700 6517
f 6499 6518 6517 395
f 398 6519 6522 6510
f 6519 1702 6520 6522
f 6522 6520 1704 6521
f 6510 6522 6521 1699
f 1702 6523 6525 6520
f 6523 292 5422 6525
f 6525 5422 1407 6524
f 6520 6525 6524 1704
f 1704 6524 6528 6527
f 6524 1407 5419 6528
f 6528 5419 293 6526
f 6527 6528 6526 1703
f 1699 6521 6530 6513
f 6521 1704 6527 6530
f 6530 6527 1703 6529
f 6513 6530 6529 397
f 397 6529 6534 6533
f 6529 1703 6531 6534
f 6534 6531 1708 6532
f 6533 6534 6532 1707
f 1703 6526 6537 6531
f 6526 293 6535 6537
f 6537 6535 1705 6536
f 6531 6537 6536 1708
f 1708 6536 6541 6540
f 6536 1705 6538 6541
f 6541 6538 400 6539
f 6540 6541 6539 1706
f 1707 6532 6544 6543
f 6532 1708 6540 6544
f 6544 6540 1706 6542
f 6543 6544 6542 399
f 397 6533 6547 6514
f 6533 1707 6545 6547
f 6547 6545 1711 6546
f 6514 6547 6546 1700
f 1707 6543 6550 6545
f 6543 399 6548 6550
f 6550 6548 1709 6549
f 6545 6550 6549 1711
f 1711 6549 6554 6553
f 6549 1709 6551 6554
f 6554 6551 401 6552
f 6553 6554 6552 1710
f 1700 6546 6556 6517
f 6546 1711 6553 6556
f 6556 6553 1710 6555
f 6517 6556 6555 395
f 401 6551 6560 6559
f 6551 1709 6557 6560
f 6560 6557 1715 6558
f 6559 6560 6558 1714
f 1709 6548 6563 6557
f 6548 399 6561 6563
f 6563 6561 1712 6562
f 6557 6563 6562 1715
f 1715 6562 6567 6566
f 6562 1712 6564 6567
f 6567 6564 403 6565
f 6566 6567 6565 1713
f 1714 6558 6570 6569
f 6558 1715 6566 6570
f 6570 6566 1713 6568
f 6569 6570 6568 402
f 401 6571 6574 6552
f 6571 1716 6572 6574
f 6574 6572 1718 6573
f 6552 6574 6573 1710
f 1716 6575 6578 6572
f 6575 404 6576 6578
f 6578 6576 1717 6577
f 6572 6578 6577 1718
f 1718 6577 6581 6580
f 6577 1717 6579 6581
f 6581 6579 393 6503
f 6580 6581 6503 1696
f 1710 6573 6582 6555
f 6573 1718 6580 6582
f 6582 6580 1696 6500
f 6555 6582 6500 395
f 401 6559 6585 6571
f 6559 1714 6583 6585
f 6585 6583 1721 6584
f 6571 6585 6584 1716
f 1714 6569 6588 6583
f 6569 402 6586 6588
f 6588 6586 1719 6587
f 6583 6588 6587 1721
f 1721 6587 6592 6591
f 6587 1719 6589 6592
f 6592 6589 405 6590
f 6591 6592 6590 1720
f 1716 6584 6594 6575
f 6584 1721 6591 6594
f 6594 6591 1720 6593
f 6575 6594 6593 404
f 405 6589 6598 6597
f 6589 1719 6595 6598
f 6598 6595 1725 6596
f 6597 6598 6596 1724
f 1719 6586 6601 6595
f 6586 402 6599 6601
f 6601 6599 1722 6600
f 6595 6601 6600 1725
f 1725 6600 6605 6604
f 6600 1722 6602 6605
f 6605 6602 407 6603
f 6604 6605 6603 1723
f 1724 6596 6608 6607
f 6596 1725 6604 6608
f 6608 6604 1723 6606
f 6607 6608 6606 406
f 405 6609 6612 6590
f 6609 1726 6610 6612
f 6612 6610 1729 6611
f 6590 6612 6611 1720
f 1726 6613 6616 6610
f 6613 409 6614 6616
f 6616 6614 1727 6615
f 6610 6616 6615 1729
f 1729 6615 6620 6619
f 6615 1727 6617 6620
f 6620 6617 408 6618
f 6619 6620 6618 1728
f 1720 6611 6622 6593
f 6611 1729 6619 6622
f 6622 6619 1728 6621
f 6593 6622 6621 404
f 405 6597 6625 6609
f 6597 1724 6623 6625
f 6625 6623 1732 6624
f 6609 6625 6624 1726
f 1724 6607 6628 6623
f 6607 406 6626 6628
f 6628 6626 1730 6627
f 6623 6628 6627 1732
f 1732 6627 6632 6631
f 6627 1730 6629 6632
f 6632 6629 410 6630
f 6631 6632 6630 1731
f 1726 6624 6634 6613
f 6624 1732 6631 6634
f 6634 6631 1731 6633
f 6613 6634 6633 409
f 410 6629 6638 6637
f 6629 1730 6635 6638
f 6638 6635 1736 6636
f 6637 6638 6636 1735
f 1730 6626 6641 6635
f 6626 406 6639 6641
f 6641 6639 1733 6640
f 6635 6641 6640 1736
f 1736 6640 6645 6644
f 6640 1733 6642 6645
f 6645 6642 412 6643
f 6644 6645 6643 1734
f 1735 6636 6648 6647
f 6636 1736 6644 6648
f 6648 6644 1734 6646
f 6647 6648 6646 411
f 410 6649 6652 6630
f 6649 1737 6650 6652
f 6652 6650 1740 6651
f 6630 6652 6651 1731
f 1737 6653 6656 6650
f 6653 414 6654 6656
f 6656 6654 1738 6655
f 6650 6656 6655 1740
f 1740 6655 6660 6659
f 6655 1738 6657 6660
f 6660 6657 413 6658
f 6659 6660 6658 1739
f 1731 6651 6662 6633
f 6651 1740 6659 6662
f 6662 6659 1739 6661
f 6633 6662 6661 409
f 410 6637 6665 6649
f 6637 1735 6663 6665
f 6665 6663 1743 6664
f 6649 6665 6664 1737
f 1735 6647 6668 6663
f 6647 411 6666 6668
f 6668 6666 1741 6667
f 6663 6668 6667 1743
f 1743 6667 6672 6671
f 6667 1741 6669 6672
f 6672 6669 415 6670
f 6671 6672 6670 1742
f 1737 6664 6674 6653
f 6664 1743 6671 6674
f 6674 6671 1742 6673
f 6653 6674 6673 414
f 415 6669 6678 6677
f 6669 1741 6675 6678
f 6678 6675 1747 6676
f 6677 6678 6676 1746
f 1741 6666 6681 6675
f 6666 411 6679 6681
f 6681 6679 1744 6680
f 6675 6681 6680 1747
f 1747 6680 6685 6684
f 6680 1744 6682 6685
f 6685 6682 417 6683
f 6684 6685 6683 1745
f 1746 6676 6688 6687
f 6676 1747 6684 6688
f 6688 6684 1745 6686
f 6687 6688 6686 416
f 415 6689 6692 6670
f 6689 1748 6690 6692
f 6692 6690 1751 6691
f 6670 6692 6691 1742
f 1748 6693 6696 6690
f 6693 419 6694 6696
f 6696 6694 1749 6695
f 6690 6696 6695 1751
f 1751 6695 6700 6699
f 6695 1749 6697 6700
f 6700 6697 418 6698
f 6699 6700 6698 1750
f 1742 6691 6702 6673
f 6691 1751 6699 6702
f 6702 6699 1750 6701
f 6673 6702 6701 414
f 415 6677 6705 6689
f 6677 1746 6703 6705
f 6705 6703 1754 6704
f 6689 6705 6704 1748
f 1746 6687 6708 6703
f 6687 416 6706 6708
f 6708 6706 1752 6707
f 6703 6708 6707 1754
f 1754 6707 6712 6711
f 6707 1752 6709 6712
f 6712 6709 420 6710
f 6711 6712 6710 1753
f 1748 6704 6714 6693
f 6704 1754 6711 6714
f 6714 6711 1753 6713
f 6693 6714 6713 419
f 420 6709 6718 6717
f 6709 1752 6715 6718
f 6718 6715 1758 6716
f 6717 6718 6716 1757
f 1752 6706 6721 6715
f 6706 416 6719 6721
f 6721 6719 1755 6720
f 6715 6721 6720 1758
f 1758 6720 6725 6724
f 6720 1755 6722 6725
f 6725 6722 422 6723
f 6724 6725 6723 1756
f 1757 6716 6728 6727
f 6716 1758 6724 6728
f 6728 6724 1756 6726
f 6727 6728 6726 421
f 420 6729 6732 6710
f 6729 1759 6730 6732
f 6732 6730 1762 6731
f 6710 6732 6731 1753
f 1759 6733 6736 6730
f 6733 424 6734 6736
f 6736 6734 1760 6735
f 6730 6736 6735 1762
f 1762 6735 6740 6739
f 6735 1760 6737 6740
f 6740 6737 423 6738
f 6739 6740 6738 1761
f 1753 6731 6742 6713
f 6731 1762 6739 6742
f 6742 6739 1761 6741
f 6713 6742 6741 419
f 420 6717 6745 6729
f 6717 1757 6743 6745
f 6745 6743 1765 6744
f 6729 6745 6744 1759
f 1757 6727 6748 6743
f 6727 421 6746 6748
f 6748 6746 1763 6747
f 6743 6748 6747 1765
f 1765 6747 6752 6751
f 6747 1763 6749 6752
f 6752 6749 425 6750
f 6751 6752 6750 1764
f 1759 6744 6754 6733
f 6744 1765 6751 6754
f 6754 6751 1764 6753
f 6733 6754 6753 424
f 425 6749 6758 6757
f 6749 1763 6755 6758
f 6758 6755 1769 6756
f 6757 6758 6756 1768
f 1763 6746 6761 6755
f 6746 421 6759 6761
f 6761 6759 1766 6760
f 6755 6761 6760 1769
f 1769 6760 6765 6764
f 6760 1766 6762 6765
f 6765 6762 427 6763
f 6764 6765 6763 1767
f 1768 6756 6768 6767
f 6756 1769 6764 6768
f 6768 6764 1767 6766
f 6767 6768 6766 426
f 425 6769 6772 6750
f 6769 1770 6770 6772
f 6772 6770 1773 6771
f 6750 6772 6771 1764
f 1770 6773 6776 6770
f 6773 365 6774 6776
f 6776 6774 1771 6775
f 6770 6776 6775 1773
f 1773 6775 6780 6779
f 6775 1771 6777 6780
f 6780 6777 428 6778
f 6779 6780 6778 1772
f 1764 6771 6782 6753
f 6771 1773 6779 6782
f 6782 6779 1772 6781
f 6753 6782 6781 424
f 425 6757 6785 6769
f 6757 1768 6783 6785
f 6785 6783 1775 6784
f 6769 6785 6784 1770
f 1768 6767 6788 6783
f 6767 426 6786 6788
f 6788 6786 1774 6787
f 6783 6788 6787 1775
f 1775 6787 6791 6790
f 6787 1774 6789 6791
f 6791 6789 363 6213
f 6790 6791 6213 1620
f 1770 6784 6792 6773
f 6784 1775 6790 6792
f 6792 6790 1620 6210
f 6773 6792 6210 365
f 428 6793 6796 6778
f 6793 1776 6794 6796
f 6796 6794 1778 6795
f 6778 6796 6795 1772
f 1776 6797 6800 6794
f 6797 429 6798 6800
f 6800 6798 1777 6799
f 6794 6800 6799 1778
f 1778 6799 6803 6802
f 6799 1777 6801 6803
f 6803 6801 423 6737
f 6802 6803 6737 1760
f 1772 6795 6804 6781
f 6795 1778 6802 6804
f 6804 6802 1760 6734
f 6781 6804 6734 424
f 428 6805 6808 6793
f 6805 1779 6806 6808
f 6808 6806 1782 6807
f 6793 6808 6807 1776
f 1779 6809 6812 6806
f 6809 368 6810 6812
f 6812 6810 1780 6811
f 6806 6812 6811 1782
f 1782 6811 6816 6815
f 6811 1780 6813 6816
f 6816 6813 430 6814
f 6815 6816 6814 1781
f 1776 6807 6818 6797
f 6807 1782 6815 6818
f 6818 6815 1781 6817
f 6797 6818 6817 429
f 428 6777 6821 6805
f 6777 1771 6819 6821
f 6821 6819 1783 6820
f 6805 6821 6820 1779
f 1771 6774 6823 6819
f 6774 365 6209 6823
f 6823 6209 1619 6822
f 6819 6823 6822 1783
f 1783 6822 6825 6824
f 6822 1619 6206 6825
f 6825 6206 366 6239
f 6824 6825 6239 1627
f 1779 6820 6826 6809
f 6820 1783 6824 6826
f 6826 6824 1627 6236
f 6809 6826 6236 368
f 430 6827 6830 6814
f 6827 1784 6828 6830
f 6830 6828 1787 6829
f 6814 6830 6829 1781
f 1784 6831 6834 6828
f 6831 432 6832 6834
f 6834 6832 1785 6833
f 6828 6834 6833 1787
f 1787 6833 6838 6837
f 6833 1785 6835 6838
f 6838 6835 431 6836
f 6837 6838 6836 1786
f 1781 6829 6840 6817
f 6829 1787 6837 6840
f 6840 6837 1786 6839
f 6817 6840 6839 429
f 430 6841 6844 6827
f 6841 1788 6842 6844
f 6844 6842 1791 6843
f 6827 6844 6843 1784
f 1788 6845 6848 6842
f 6845 434 6846 6848
f 6848 6846 1789 6847
f 6842 6848 6847 1791
f 1791 6847 6852 6851
f 6847 1789 6849 6852
f 6852 6849 433 6850
f 6851 6852 6850 1790
f 1784 6843 6854 6831
f 6843 1791 6851 6854
f 6854 6851 1790 6853
f 6831 6854 6853 432
f 430 6813 6857 6841
f 6813 1780 6855 6857
f 6857 6855 1793 6856
f 6841 6857 6856 1788
f 1780 6810 6859 6855
f 6810 368 6235 6859
f 6859 6235 1626 6858
f 6855 6859 6858 1793
f 1793 6858 6862 6861
f 6858 1626 6232 6862
f 6862 6232 369 6860
f 6861 6862 6860 1792
f 1788 6856 6864 6845
f 6856 1793 6861 6864
f 6864 6861 1792 6863
f 6845 6864 6863 434
f 434 6865 6868 6846
f 6865 1794 6866 6868
f 6868 6866 1796 6867
f 6846 6868 6867 1789
f 1794 6869 6871 6866
f 6869 372 6307 6871
f 6871 6307 1643 6870
f 6866 6871 6870 1796
f 1796 6870 6874 6873
f 6870 1643 6304 6874
f 6874 6304 373 6872
f 6873 6874 6872 1795
f 1789 6867 6876 6849
f 6867 1796 6873 6876
f 6876 6873 1795 6875
f 6849 6876 6875 433
f 434 6863 6879 6865
f 6863 1792 6877 6879
f 6879 6877 1797 6878
f 6865 6879 6878 1794
f 1792 6860 6881 6877
f 6860 369 6253 6881
f 6881 6253 1631 6880
f 6877 6881 6880 1797
f 1797 6880 6883 6882
f 6880 1631 6250 6883
f 6883 6250 370 6295
f 6882 6883 6295 1640
f 1794 6878 6884 6869
f 6878 1797 6882 6884
f 6884 6882 1640 6292
f 6869 6884 6292 372
f 433 6885 6888 6850
f 6885 1798 6886 6888
f 6888 6886 1801 6887
f 6850 6888 6887 1790
f 1798 6889 6892 6886
f 6889 376 6890 6892
f 6892 6890 1799 6891
f 6886 6892 6891 1801
f 1801 6891 6896 6895
f 6891 1799 6893 6896
f 6896 6893 435 6894
f 6895 6896 6894 1800
f 1790 6887 6898 6853
f 6887 1801 6895 6898
f 6898 6895 1800 6897
f 6853 6898 6897 432
f 433 6875 6901 6885
f 6875 1795 6899 6901
f 6901 6899 1802 6900
f 6885 6901 6900 1798
f 1795 6872 6903 6899
f 6872 373 6319 6903
f 6903 6319 1646 6902
f 6899 6903 6902 1802
f 1802 6902 6905 6904
f 6902 1646 6316 6905
f 6905 6316 374 6355
f 6904 6905 6355 1655
f 1798 6900 6906 6889
f 6900 1802 6904 6906
f 6906 6904 1655 6352
f 6889 6906 6352 376
f 435 6907 6910 6894
f 6907 1803 6908 6910
f 6910 6908 1805 6909
f 6894 6910 6909 1800
f 1803 6911 6914 6908
f 6911 436 6912 6914
f 6914 6912 1804 6913
f 6908 6914 6913 1805
f 1805 6913 6917 6916
f 6913 1804 6915 6917
f 6917 6915 431 6835
f 6916 6917 6835 1785
f 1800 6909 6918 6897
f 6909 1805 6916 6918
f 6918 6916 1785 6832
f 6897 6918 6832 432
f 435 6919 6922 6907
f 6919 1806 6920 6922
f 6922 6920 1809 6921
f 6907 6922 6921 1803
f 1806 6923 6926 6920
f 6923 379 6924 6926
f 6926 6924 1807 6925
f 6920 6926 6925 1809
f 1809 6925 6930 6929
f 6925 1807 6927 6930
f 6930 6927 437 6928
f 6929 6930 6928 1808
f 1803 6921 6932 6911
f 6921 1809 6929 6932
f 6932 6929 1808 6931
f 6911 6932 6931 436
f 435 6893 6935 6919
f 6893 1799 6933 6935
f 6935 6933 1810 6934
f 6919 6935 6934 1806
f 1799 6890 6937 6933
f 6890 376 6351 6937
f 6937 6351 1654 6936
f 6933 6937 6936 1810
f 1810 6936 6939 6938
f 6936 1654 6348 6939
f 6939 6348 377 6381
f 6938 6939 6381 1662
f 1806 6934 6940 6923
f 6934 1810 6938 6940
f 6940 6938 1662 6378
f 6923 6940 6378 379
f 437 6941 6944 6928
f 6941 1811 6942 6944
f 6944 6942 1814 6943
f 6928 6944 6943 1808
f 1811 6945 6948 6942
f 6945 439 6946 6948
f 6948 6946 1812 6947
f 6942 6948 6947 1814
f 1814 6947 6952 6951
f 6947 1812 6949 6952
f 6952 6949 438 6950
f 6951 6952 6950 1813
f 1808 6943 6954 6931
f 6943 1814 6951 6954
f 6954 6951 1813 6953
f 6931 6954 6953 436
f 437 6955 6958 6941
f 6955 1815 6956 6958
f 6958 6956 1817 6957
f 6941 6958 6957 1811
f 1815 6959 6961 6956
f 6959 383 6433 6961
f 6961 6433 1676 6960
f 6956 6961 6960 1817
f 1817 6960 6964 6963
f 6960 1676 6430 6964
f 6964 6430 385 6962
f 6963 6964 6962 1816
f 1811 6957 6966 6945
f 6957 1817 6963 6966
f 6966 6963 1816 6965
f 6945 6966 6965 439
f 437 6927 6969 6955
f 6927 1807 6967 6969
f 6969 6967 1818 6968
f 6955 6969 6968 1815
f 1807 6924 6971 6967
f 6924 379 6377 6971
f 6971 6377 1661 6970
f 6967 6971 6970 1818
f 1818 6970 6973 6972
f 6970 1661 6374 6973
f 6973 6374 380 6419
f 6972 6973 6419 1672
f 1815 6968 6974 6959
f 6968 1818 6972 6974
f 6974 6972 1672 6416
f 6959 6974 6416 383
f 439 6975 6978 6946
f 6975 1819 6976 6978
f 6978 6976 1822 6977
f 6946 6978 6977 1812
f 1819 6979 6982 6976
f 6979 441 6980 6982
f 6982 6980 1820 6981
f 6976 6982 6981 1822
f 1822 6981 6986 6985
f 6981 1820 6983 6986
f 6986 6983 440 6984
f 6985 6986 6984 1821
f 1812 6977 6988 6949
f 6977 1822 6985 6988
f 6988 6985 1821 6987
f 6949 6988 6987 438
f 439 6965 6991 6975
f 6965 1816 6989 6991
f 6991 6989 1824 6990
f 6975 6991 6990 1819
f 1816 6962 6993 6989
f 6962 385 6447 6993
f 6993 6447 1680 6992
f 6989 6993 6992 1824
f 1824 6992 6996 6995
f 6992 1680 6444 6996
f 6996 6444 387 6994
f 6995 6996 6994 1823
f 1819 6990 6998 6979
f 6990 1824 6995 6998
f 6998 6995 1823 6997
f 6979 6998 6997 441
f 441 6999 7002 6980
f 6999 1825 7000 7002
f 7002 7000 1828 7001
f 6980 7002 7001 1820
f 1825 7003 7006 7000
f 7003 442 7004 7006
f 7006 7004 1826 7005
f 7000 7006 7005 1828
f 1828 7005 7010 7009
f 7005 1826 7007 7010
f 7010 7007 413 7008
f 7009 7010 7008 1827
f 1820 7001 7012 6983
f 7001 1828 7009 7012
f 7012 7009 1827 7011
f 6983 7012 7011 440
f 441 6997 7015 6999
f 6997 1823 7013 7015
f 7015 7013 1830 7014
f 6999 7015 7014 1825
f 1823 6994 7017 7013
f 6994 387 6461 7017
f 7017 6461 1684 7016
f 7013 7017 7016 1830
f 1830 7016 7020 7019
f 7016 1684 6458 7020
f 7020 6458 389 7018
f 7019 7020 7018 1829
f 1825 7014 7022 7003
f 7014 1830 7019 7022
f 7022 7019 1829 7021
f 7003 7022 7021 442
f 442 7023 7026 7004
f 7023 1831 7024 7026
f 7026 7024 1832 7025
f 7004 7026 7025 1826
f 1831 7027 7029 7024
f 7027 408 6617 7029
f 7029 6617 1727 7028
f 7024 7029 7028 1832
f 1832 7028 7031 7030
f 7028 1727 6614 7031
f 7031 6614 409 6661
f 7030 7031 6661 1739
f 1826 7025 7032 7007
f 7025 1832 7030 7032
f 7032 7030 1739 6658
f 7007 7032 6658 413
f 442 7021 7035 7023
f 7021 1829 7033 7035
f 7035 7033 1834 7034
f 7023 7035 7034 1831
f 1829 7018 7037 7033
f 7018 389 6475 7037
f 7037 6475 1688 7036
f 7033 7037 7036 1834
f 1834 7036 7040 7039
f 7036 1688 6472 7040
f 7040 6472 391 7038
f 7039 7040 7038 1833
f 1831 7034 7042 7027
f 7034 1834 7039 7042
f 7042 7039 1833 7041
f 7027 7042 7041 408
f 440 7011 7046 7045
f 7011 1827 7043 7046
f 7046 7043 1836 7044
f 7045 7046 7044 1835
f 1827 7008 7048 7043
f 7008 413 6657 7048
f 7048 6657 1738 7047
f 7043 7048 7047 1836
f 1836 7047 7050 7049
f 7047 1738 6654 7050
f 7050 6654 414 6701
f 7049 7050 6701 1750
f 1835 7044 7052 7051
f 7044 1836 7049 7052
f 7052 7049 1750 6698
f 7051 7052 6698 418
f 440 7045 7055 6984
f 7045 1835 7053 7055
f 7055 7053 1839 7054
f 6984 7055 7054 1821
f 1835 7051 7058 7053
f 7051 418 7056 7058
f 7058 7056 1837 7057
f 7053 7058 7057 1839
f 1839 7057 7062 7061
f 7057 1837 7059 7062
f 7062 7059 443 7060
f 7061 7062 7060 1838
f 1821 7054 7064 6987
f 7054 1839 7061 7064
f 7064 7061 1838 7063
f 6987 7064 7063 438
f 443 7059 7068 7067
f 7059 1837 7065 7068
f 7068 7065 1841 7066
f 7067 7068 7066 1840
f 1837 7056 7070 7065
f 7056 418 6697 7070
f 7070 6697 1749 7069
f 7065 7070 7069 1841
f 1841 7069 7072 7071
f 7069 1749 6694 7072
f 7072 6694 419 6741
f 7071 7072 6741 1761
f 1840 7066 7074 7073
f 7066 1841 7071 7074
f 7074 7071 1761 6738
f 7073 7074 6738 423
f 443 7075 7078 7060
f 7075 1842 7076 7078
f 7078 7076 1843 7077
f 7060 7078 7077 1838
f 1842 7079 7081 7076
f 7079 431 6915 7081
f 7081 6915 1804 7080
f 7076 7081 7080 1843
f 1843 7080 7083 7082
f 7080 1804 6912 7083
f 7083 6912 436 6953
f 7082 7083 6953 1813
f 1838 7077 7084 7063
f 7077 1843 7082 7084
f 7084 7082 1813 6950
f 7063 7084 6950 438
f 443 7067 7087 7075
f 7067 1840 7085 7087
f 7087 7085 1844 7086
f 7075 7087 7086 1842
f 1840 7073 7089 7085
f 7073 423 6801 7089
f 7089 6801 1777 7088
f 7085 7089 7088 1844
f 1844 7088 7091 7090
f 7088 1777 6798 7091
f 7091 6798 429 6839
f 7090 7091 6839 1786
f 1842 7086 7092 7079
f 7086 1844 7090 7092
f 7092 7090 1786 6836
f 7079 7092 6836 431
f 427 7093 7097 7096
f 7093 1845 7094 7097
f 7097 7094 1849 7095
f 7096 7097 7095 1848
f 1845 7098 7101 7094
f 7098 446 7099 7101
f 7101 7099 1846 7100
f 7094 7101 7100 1849
f 1849 7100 7105 7104
f 7100 1846 7102 7105
f 7105 7102 445 7103
f 7104 7105 7103 1847
f 1848 7095 7108 7107
f 7095 1849 7104 7108
f 7108 7104 1847 7106
f 7107 7108 7106 444
f 427 6762 7111 7093
f 6762 1766 7109 7111
f 7111 7109 1851 7110
f 7093 7111 7110 1845
f 1766 6759 7113 7109
f 6759 421 6726 7113
f 7113 6726 1756 7112
f 7109 7113 7112 1851
f 1851 7112 7116 7115
f 7112 1756 6723 7116
f 7116 6723 422 7114
f 7115 7116 7114 1850
f 1845 7110 7118 7098
f 7110 1851 7115 7118
f 7118 7115 1850 7117
f 7098 7118 7117 446
f 427 7096 7121 6763
f 7096 1848 7119 7121
f 7121 7119 1854 7120
f 6763 7121 7120 1767
f 1848 7107 7124 7119
f 7107 444 7122 7124
f 7124 7122 1852 7123
f 7119 7124 7123 1854
f 1854 7123 7128 7127
f 7123 1852 7125 7128
f 7128 7125 447 7126
f 7127 7128 7126 1853
f 1767 7120 7130 6766
f 7120 1854 7127 7130
f 7130 7127 1853 7129
f 6766 7130 7129 426
f 447 7125 7134 7133
f 7125 1852 7131 7134
f 7134 7131 1858 7132
f 7133 7134 7132 1857
f 1852 7122 7137 7131
f 7122 444 7135 7137
f 7137 7135 1855 7136
f 7131 7137 7136 1858
f 1858 7136 7141 7140
f 7136 1855 7138 7141
f 7141 7138 449 7139
f 7140 7141 7139 1856
f 1857 7132 7144 7143
f 7132 1858 7140 7144
f 7144 7140 1856 7142
f 7143 7144 7142 448
f 447 7145 7148 7126
f 7145 1859 7146 7148
f 7148 7146 1860 7147
f 7126 7148 7147 1853
f 1859 7149 7151 7146
f 7149 361 6189 7151
f 7151 6189 1614 7150
f 7146 7151 7150 1860
f 1860 7150 7153 7152
f 7150 1614 6186 7153
f 7153 6186 363 6789
f 7152 7153 6789 1774
f 1853 7147 7154 7129
f 7147 1860 7152 7154
f 7154 7152 1774 6786
f 7129 7154 6786 426
f 447 7133 7157 7145
f 7133 1857 7155 7157
f 7157 7155 1862 7156
f 7145 7157 7156 1859
f 1857 7143 7160 7155
f 7143 448 7158 7160
f 7160 7158 1861 7159
f 7155 7160 7159 1862
f 1862 7159 7163 7162
f 7159 1861 7161 7163
f 7163 7161 359 6165
f 7162 7163 6165 1608
f 1859 7156 7164 7149
f 7156 1862 7162 7164
f 7164 7162 1608 6162
f 7149 7164 6162 361
f 449 7165 7169 7168
f 7165 1863 7166 7169
f 7169 7166 1867 7167
f 7168 7169 7167 1866
f 1863 7170 7173 7166
f 7170 452 7171 7173
f 7173 7171 1864 7172
f 7166 7173 7172 1867
f 1867 7172 7177 7176
f 7172 1864 7174 7177
f 7177 7174 451 7175
f 7176 7177 7175 1865
f 1866 7167 7180 7179
f 7167 1867 7176 7180
f 7180 7176 1865 7178
f 7179 7180 7178 450
f 449 7138 7183 7165
f 7138 1855 7181 7183
f 7183 7181 1869 7182
f 7165 7183 7182 1863
f 1855 7135 7185 7181
f 7135 444 7106 7185
f 7185 7106 1847 7184
f 7181 7185 7184 1869
f 1869 7184 7188 7187
f 7184 1847 7103 7188
f 7188 7103 445 7186
f 7187 7188 7186 1868
f 1863 7182 7190 7170
f 7182 1869 7187 7190
f 7190 7187 1868 7189
f 7170 7190 7189 452
f 449 7168 7193 7139
f 7168 1866 7191 7193
f 7193 7191 1872 7192
f 7139 7193 7192 1856
f 1866 7179 7196 7191
f 7179 450 7194 7196
f 7196 7194 1870 7195
f 7191 7196 7195 1872
f 1872 7195 7200 7199
f 7195 1870 7197 7200
f 7200 7197 453 7198
f 7199 7200 7198 1871
f 1856 7192 7202 7142
f 7192 1872 7199 7202
f 7202 7199 1871 7201
f 7142 7202 7201 448
f 453 7197 7206 7205
f 7197 1870 7203 7206
f 7206 7203 1876 7204
f 7205 7206 7204 1875
f 1870 7194 7209 7203
f 7194 450 7207 7209
f 7209 7207 1873 7208
f 7203 7209 7208 1876
f 1876 7208 7213 7212
f 7208 1873 7210 7213
f 7213 7210 455 7211
f 7212 7213 7211 1874
f 1875 7204 7216 7215
f 7204 1876 7212 7216
f 7216 7212 1874 7214
f 7215 7216 7214 454
f 453 7217 7220 7198
f 7217 1877 7218 7220
f 7220 7218 1878 7219
f 7198 7220 7219 1871
f 1877 7221 7223 7218
f 7221 358 6141 7223
f 7223 6141 1602 7222
f 7218 7223 7222 1878
f 1878 7222 7225 7224
f 7222 1602 6138 7225
f 7225 6138 359 7161
f 7224 7225 7161 1861
f 1871 7219 7226 7201
f 7219 1878 7224 7226
f 7226 7224 1861 7158
f 7201 7226 7158 448
f 453 7205 7229 7217
f 7205 1875 7227 7229
f 7229 7227 1880 7228
f 7217 7229 7228 1877
f 1875 7215 7232 7227
f 7215 454 7230 7232
f 7232 7230 1879 7231
f 7227 7232 7231 1880
f 1880 7231 7235 7234
f 7231 1879 7233 7235
f 7235 7233 357 6123
f 7234 7235 6123 1597
f 1877 7228 7236 7221
f 7228 1880 7234 7236
f 7236 7234 1597 6120
f 7221 7236 6120 358
f 455 7237 7241 7240
f 7237 1881 7238 7241
f 7241 7238 1885 7239
f 7240 7241 7239 1884
f 1881 7242 7245 7238
f 7242 456 7243 7245
f 7245 7243 1882 7244
f 7238 7245 7244 1885
f 1885 7244 7249 7248
f 7244 1882 7246 7249
f 7249 7246 329 7247
f 7248 7249 7247 1883
f 1884 7239 7252 7251
f 7239 1885 7248 7252
f 7252 7248 1883 7250
f 7251 7252 7250 331
f 455 7210 7255 7237
f 7210 1873 7253 7255
f 7255 7253 1887 7254
f 7237 7255 7254 1881
f 1873 7207 7257 7253
f 7207 450 7178 7257
f 7257 7178 1865 7256
f 7253 7257 7256 1887
f 1887 7256 7260 7259
f 7256 1865 7175 7260
f 7260 7175 451 7258
f 7259 7260 7258 1886
f 1881 7254 7262 7242
f 7254 1887 7259 7262
f 7262 7259 1886 7261
f 7242 7262 7261 456
f 455 7240 7265 7211
f 7240 1884 7263 7265
f 7265 7263 1890 7264
f 7211 7265 7264 1874
f 1884 7251 7268 7263
f 7251 331 7266 7268
f 7268 7266 1888 7267
f 7263 7268 7267 1890
f 1890 7267 7272 7271
f 7267 1888 7269 7272
f 7272 7269 333 7270
f 7271 7272 7270 1889
f 1874 7264 7274 7214
f 7264 1890 7271 7274
f 7274 7271 1889 7273
f 7214 7274 7273 454
f 456 7275 7278 7243
f 7275 1891 7276 7278
f 7278 7276 1893 7277
f 7243 7278 7277 1882
f 1891 7279 7281 7276
f 7279 326 5779 7281
f 7281 5779 1503 7280
f 7276 7281 7280 1893
f 1893 7280 7284 7283
f 7280 1503 5776 7284
f 7284 5776 327 7282
f 7283 7284 7282 1892
f 1882 7277 7286 7246
f 7277 1893 7283 7286
f 7286 7283 1892 7285
f 7246 7286 7285 329
f 456 7261 7289 7275
f 7261 1886 7287 7289
f 7289 7287 1896 7288
f 7275 7289 7288 1891
f 1886 7258 7292 7287
f 7258 451 7290 7292
f 7292 7290 1894 7291
f 7287 7292 7291 1896
f 1896 7291 7296 7295
f 7291 1894 7293 7296
f 7296 7293 457 7294
f 7295 7296 7294 1895
f 1891 7288 7298 7279
f 7288 1896 7295 7298
f 7298 7295 1895 7297
f 7279 7298 7297 326
f 457 7299 7302 7294
f 7299 1897 7300 7302
f 7302 7300 1898 7301
f 7294 7302 7301 1895
f 1897 7303 7305 7300
f 7303 322 5739 7305
f 7305 5739 1492 7304
f 7300 7305 7304 1898
f 1898 7304 7307 7306
f 7304 1492 5736 7307
f 7307 5736 323 5783
f 7306 7307 5783 1504
f 1895 7301 7308 7297
f 7301 1898 7306 7308
f 7308 7306 1504 5780
f 7297 7308 5780 326
f 457 7309 7312 7299
f 7309 1899 7310 7312
f 7312 7310 1902 7311
f 7299 7312 7311 1897
f 1899 7313 7316 7310
f 7313 459 7314 7316
f 7316 7314 1900 7315
f 7310 7316 7315 1902
f 1902 7315 7320 7319
f 7315 1900 7317 7320
f 7320 7317 458 7318
f 7319 7320 7318 1901
f 1897 7311 7322 7303
f 7311 1902 7319 7322
f 7322 7319 1901 7321
f 7303 7322 7321 322
f 457 7293 7325 7309
f 7293 1894 7323 7325
f 7325 7323 1904 7324
f 7309 7325 7324 1899
f 1894 7290 7327 7323
f 7290 451 7174 7327
f 7327 7174 1864 7326
f 7323 7327 7326 1904
f 1904 7326 7330 7329
f 7326 1864 7171 7330
f 7330 7171 452 7328
f 7329 7330 7328 1903
f 1899 7324 7332 7313
f 7324 1904 7329 7332
f 7332 7329 1903 7331
f 7313 7332 7331 459
f 459 7333 7336 7314
f 7333 1905 7334 7336
f 7336 7334 1908 7335
f 7314 7336 7335 1900
f 1905 7337 7340 7334
f 7337 461 7338 7340
f 7340 7338 1906 7339
f 7334 7340 7339 1908
f 1908 7339 7344 7343
f 7339 1906 7341 7344
f 7344 7341 460 7342
f 7343 7344 7342 1907
f 1900 7335 7346 7317
f 7335 1908 7343 7346
f 7346 7343 1907 7345
f 7317 7346 7345 458
f 459 7331 7349 7333
f 7331 1903 7347 7349
f 7349 7347 1910 7348
f 7333 7349 7348 1905
f 1903 7328 7351 7347
f 7328 452 7189 7351
f 7351 7189 1868 7350
f 7347 7351 7350 1910
f 1910 7350 7354 7353
f 7350 1868 7186 7354
f 7354 7186 445 7352
f 7353 7354 7352 1909
f 1905 7348 7356 7337
f 7348 1910 7353 7356
f 7356 7353 1909 7355
f 7337 7356 7355 461
f 461 7357 7360 7338
f 7357 1911 7358 7360
f 7360 7358 1914 7359
f 7338 7360 7359 1906
f 1911 7361 7364 7358
f 7361 463 7362 7364
f 7364 7362 1912 7363
f 7358 7364 7363 1914
f 1914 7363 7368 7367
f 7363 1912 7365 7368
f 7368 7365 462 7366
f 7367 7368 7366 1913
f 1906 7359 7370 7341
f 7359 1914 7367 7370
f 7370 7367 1913 7369
f 7341 7370 7369 460
f 461 7355 7373 7357
f 7355 1909 7371 7373
f 7373 7371 1916 7372
f 7357 7373 7372 1911
f 1909 7352 7375 7371
f 7352 445 7102 7375
f 7375 7102 1846 7374
f 7371 7375 7374 1916
f 1916 7374 7378 7377
f 7374 1846 7099 7378
f 7378 7099 446 7376
f 7377 7378 7376 1915
f 1911 7372 7380 7361
f 7372 1916 7377 7380
f 7380 7377 1915 7379
f 7361 7380 7379 463
f 463 7381 7384 7362
f 7381 1917 7382 7384
f 7384 7382 1920 7383
f 7362 7384 7383 1912
f 1917 7385 7388 7382
f 7385 465 7386 7388
f 7388 7386 1918 7387
f 7382 7388 7387 1920
f 1920 7387 7392 7391
f 7387 1918 7389 7392
f 7392 7389 464 7390
f 7391 7392 7390 1919
f 1912 7383 7394 7365
f 7383 1920 7391 7394
f 7394 7391 1919 7393
f 7365 7394 7393 462
f 463 7379 7397 7381
f 7379 1915 7395 7397
f 7397 7395 1922 7396
f 7381 7397 7396 1917
f 1915 7376 7399 7395
f 7376 446 7117 7399
f 7399 7117 1850 7398
f 7395 7399 7398 1922
f 1922 7398 7402 7401
f 7398 1850 7114 7402
f 7402 7114 422 7400
f 7401 7402 7400 1921
f 1917 7396 7404 7385
f 7396 1922 7401 7404
f 7404 7401 1921 7403
f 7385 7404 7403 465
f 465 7405 7408 7386
f 7405 1923 7406 7408
f 7408 7406 1926 7407
f 7386 7408 7407 1918
f 1923 7409 7412 7406
f 7409 417 7410 7412
f 7412 7410 1924 7411
f 7406 7412 7411 1926
f 1926 7411 7416 7415
f 7411 1924 7413 7416
f 7416 7413 466 7414
f 7415 7416 7414 1925
f 1918 7407 7418 7389
f 7407 1926 7415 7418
f 7418 7415 1925 7417
f 7389 7418 7417 464
f 465 7403 7421 7405
f 7403 1921 7419 7421
f 7421 7419 1927 7420
f 7405 7421 7420 1923
f 1921 7400 7423 7419
f 7400 422 6722 7423
f 7423 6722 1755 7422
f 7419 7423 7422 1927
f 1927 7422 7425 7424
f 7422 1755 6719 7425
f 7425 6719 416 6686
f 7424 7425 6686 1745
f 1923 7420 7426 7409
f 7420 1927 7424 7426
f 7426 7424 1745 6683
f 7409 7426 6683 417
f 466 7427 7430 7414
f 7427 1928 7428 7430
f 7430 7428 1931 7429
f 7414 7430 7429 1925
f 1928 7431 7434 7428
f 7431 468 7432 7434
f 7434 7432 1929 7433
f 7428 7434 7433 1931
f 1931 7433 7438 7437
f 7433 1929 7435 7438
f 7438 7435 467 7436
f 7437 7438 7436 1930
f 1925 7429 7440 7417
f 7429 1931 7437 7440
f 7440 7437 1930 7439
f 7417 7440 7439 464
f 466 7441 7444 7427
f 7441 1932 7442 7444
f 7444 7442 1935 7443
f 7427 7444 7443 1928
f 1932 7445 7448 7442
f 7445 412 7446 7448
f 7448 7446 1933 7447
f 7442 7448 7447 1935
f 1935 7447 7452 7451
f 7447 1933 7449 7452
f 7452 7449 469 7450
f 7451 7452 7450 1934
f 1928 7443 7454 7431
f 7443 1935 7451 7454
f 7454 7451 1934 7453
f 7431 7454 7453 468
f 466 7413 7457 7441
f 7413 1924 7455 7457
f 7457 7455 1936 7456
f 7441 7457 7456 1932
f 1924 7410 7459 7455
f 7410 417 6682 7459
f 7459 6682 1744 7458
f 7455 7459 7458 1936
f 1936 7458 7461 7460
f 7458 1744 6679 7461
f 7461 6679 411 6646
f 7460 7461 6646 1734
f 1932 7456 7462 7445
f 7456 1936 7460 7462
f 7462 7460 1734 6643
f 7445 7462 6643 412
f 469 7463 7466 7450
f 7463 1937 7464 7466
f 7466 7464 1940 7465
f 7450 7466 7465 1934
f 1937 7467 7470 7464
f 7467 471 7468 7470
f 7470 7468 1938 7469
f 7464 7470 7469 1940
f 1940 7469 7474 7473
f 7469 1938 7471 7474
f 7474 7471 470 7472
f 7473 7474 7472 1939
f 1934 7465 7476 7453
f 7465 1940 7473 7476
f 7476 7473 1939 7475
f 7453 7476 7475 468
f 469 7477 7480 7463
f 7477 1941 7478 7480
f 7480 7478 1944 7479
f 7463 7480 7479 1937
f 1941 7481 7484 7478
f 7481 407 7482 7484
f 7484 7482 1942 7483
f 7478 7484 7483 1944
f 1944 7483 7488 7487
f 7483 1942 7485 7488
f 7488 7485 472 7486
f 7487 7488 7486 1943
f 1937 7479 7490 7467
f 7479 1944 7487 7490
f 7490 7487 1943 7489
f 7467 7490 7489 471
f 469 7449 7493 7477
f 7449 1933 7491 7493
f 7493 7491 1945 7492
f 7477 7493 7492 1941
f 1933 7446 7495 7491
f 7446 412 6642 7495
f 7495 6642 1733 7494
f 7491 7495 7494 1945
f 1945 7494 7497 7496
f 7494 1733 6639 7497
f 7497 6639 406 6606
f 7496 7497 6606 1723
f 1941 7492 7498 7481
f 7492 1945 7496 7498
f 7498 7496 1723 6603
f 7481 7498 6603 407
f 472 7499 7502 7486
f 7499 1946 7500 7502
f 7502 7500 1949 7501
f 7486 7502 7501 1943
f 1946 7503 7506 7500
f 7503 474 7504 7506
f 7506 7504 1947 7505
f 7500 7506 7505 1949
f 1949 7505 7510 7509
f 7505 1947 7507 7510
f 7510 7507 473 7508
f 7509 7510 7508 1948
f 1943 7501 7512 7489
f 7501 1949 7509 7512
f 7512 7509 1948 7511
f 7489 7512 7511 471
f 472 7513 7516 7499
f 7513 1950 7514 7516
f 7516 7514 1953 7515
f 7499 7516 7515 1946
f 1950 7517 7520 7514
f 7517 403 7518 7520
f 7520 7518 1951 7519
f 7514 7520 7519 1953
f 1953 7519 7524 7523
f 7519 1951 7521 7524
f 7524 7521 475 7522
f 7523 7524 7522 1952
f 1946 7515 7526 7503
f 7515 1953 7523 7526
f 7526 7523 1952 7525
f 7503 7526 7525 474
f 472 7485 7529 7513
f 7485 1942 7527 7529
f 7529 7527 1954 7528
f 7513 7529 7528 1950
f 1942 7482 7531 7527
f 7482 407 6602 7531
f 7531 6602 1722 7530
f 7527 7531 7530 1954
f 1954 7530 7533 7532
f 7530 1722 6599 7533
f 7533 6599 402 6568
f 7532 7533 6568 1713
f 1950 7528 7534 7517
f 7528 1954 7532 7534
f 7534 7532 1713 6565
f 7517 7534 6565 403
f 475 7535 7538 7522
f 7535 1955 7536 7538
f 7538 7536 1957 7537
f 7522 7538 7537 1952
f 1955 7539 7541 7536
f 7539 242 4836 7541
f 7541 4836 1261 7540
f 7536 7541 7540 1957
f 1957 7540 7544 7543
f 7540 1261 4833 7544
f 7544 4833 241 7542
f 7543 7544 7542 1956
f 1952 7537 7546 7525
f 7537 1957 7543 7546
f 7546 7543 1956 7545
f 7525 7546 7545 474
f 475 7547 7550 7535
f 7547 1958 7548 7550
f 7550 7548 1960 7549
f 7535 7550 7549 1955
f 1958 7551 7554 7548
f 7551 400 7552 7554
f 7554 7552 1959 7553
f 7548 7554 7553 1960
f 1960 7553 7557 7556
f 7553 1959 7555 7557
f 7557 7555 243 4846
f 7556 7557 4846 1264
f 1955 7549 7558 7539
f 7549 1960 7556 7558
f 7558 7556 1264 4843
f 7539 7558 4843 242
f 475 7521 7561 7547
f 7521 1951 7559 7561
f 7561 7559 1961 7560
f 7547 7561 7560 1958
f 1951 7518 7563 7559
f 7518 403 6564 7563
f 7563 6564 1712 7562
f 7559 7563 7562 1961
f 1961 7562 7565 7564
f 7562 1712 6561 7565
f 7565 6561 399 6542
f 7564 7565 6542 1706
f 1958 7560 7566 7551
f 7560 1961 7564 7566
f 7566 7564 1706 6539
f 7551 7566 6539 400
f 243 7555 7569 4861
f 7555 1959 7567 7569
f 7569 7567 1962 7568
f 4861 7569 7568 1269
f 1959 7552 7571 7567
f 7552 400 6538 7571
f 7571 6538 1705 7570
f 7567 7571 7570 1962
f 1962 7570 7573 7572
f 7570 1705 6535 7573
f 7573 6535 293 5418
f 7572 7573 5418 1406
f 1269 7568 7574 4865
f 7568 1962 7572 7574
f 7574 7572 1406 5415
f 4865 7574 5415 51
f 241 4873 7577 7542
f 4873 1272 7575 7577
f 7577 7575 1964 7576
f 7542 7577 7576 1956
f 1272 4881 7580 7575
f 4881 244 7578 7580
f 7580 7578 1963 7579
f 7575 7580 7579 1964
f 1964 7579 7583 7582
f 7579 1963 7581 7583
f 7583 7581 473 7507
f 7582 7583 7507 1947
f 1956 7576 7584 7545
f 7576 1964 7582 7584
f 7584 7582 1947 7504
f 7545 7584 7504 474
f 244 4885 7587 7578
f 4885 1276 7585 7587
f 7587 7585 1967 7586
f 7578 7587 7586 1963
f 1276 4895 7590 7585
f 4895 246 7588 7590
f 7590 7588 1965 7589
f 7585 7590 7589 1967
f 1967 7589 7594 7593
f 7589 1965 7591 7594
f 7594 7591 476 7592
f 7593 7594 7592 1966
f 1963 7586 7596 7581
f 7586 1967 7593 7596
f 7596 7593 1966 7595
f 7581 7596 7595 473
f 246 4899 7599 7588
f 4899 1280 7597 7599
f 7599 7597 1970 7598
f 7588 7599 7598 1965
f 1280 4909 7602 7597
f 4909 248 7600 7602
f 7602 7600 1968 7601
f 7597 7602 7601 1970
f 1970 7601 7606 7605
f 7601 1968 7603 7606
f 7606 7603 477 7604
f 7605 7606 7604 1969
f 1965 7598 7608 7591
f 7598 1970 7605 7608
f 7608 7605 1969 7607
f 7591 7608 7607 476
f 248 4913 7611 7600
f 4913 1283 7609 7611
f 7611 7609 1972 7610
f 7600 7611 7610 1968
f 1283 4921 7613 7609
f 4921 58 5485 7613
f 7613 5485 1424 7612
f 7609 7613 7612 1972
f 1972 7612 7616 7615
f 7612 1424 5482 7616
f 7616 5482 273 7614
f 7615 7616 7614 1971
f 1968 7610 7618 7603
f 7610 1972 7615 7618
f 7618 7615 1971 7617
f 7603 7618 7617 477
f 477 7619 7622 7604
f 7619 1973 7620 7622
f 7622 7620 1976 7621
f 7604 7622 7621 1969
f 1973 7623 7626 7620
f 7623 478 7624 7626
f 7626 7624 1974 7625
f 7620 7626 7625 1976
f 1976 7625 7630 7629
f 7625 1974 7627 7630
f 7630 7627 470 7628
f 7629 7630 7628 1975
f 1969 7621 7632 7607
f 7621 1976 7629 7632
f 7632 7629 1975 7631
f 7607 7632 7631 476
f 477 7617 7635 7619
f 7617 1971 7633 7635
f 7635 7633 1978 7634
f 7619 7635 7634 1973
f 1971 7614 7637 7633
f 7614 273 5235 7637
f 7637 5235 1357 7636
f 7633 7637 7636 1978
f 1978 7636 7640 7639
f 7636 1357 5232 7640
f 7640 5232 270 7638
f 7639 7640 7638 1977
f 1973 7634 7642 7623
f 7634 1978 7639 7642
f 7642 7639 1977 7641
f 7623 7642 7641 478
f 478 7643 7646 7624
f 7643 1979 7644 7646
f 7646 7644 1980 7645
f 7624 7646 7645 1974
f 1979 7647 7649 7644
f 7647 467 7435 7649
f 7649 7435 1929 7648
f 7644 7649 7648 1980
f 1980 7648 7651 7650
f 7648 1929 7432 7651
f 7651 7432 468 7475
f 7650 7651 7475 1939
f 1974 7645 7652 7627
f 7645 1980 7650 7652
f 7652 7650 1939 7472
f 7627 7652 7472 470
f 478 7641 7655 7643
f 7641 1977 7653 7655
f 7655 7653 1982 7654
f 7643 7655 7654 1979
f 1977 7638 7657 7653
f 7638 270 5226 7657
f 7657 5226 1354 7656
f 7653 7657 7656 1982
f 1982 7656 7660 7659
f 7656 1354 5223 7660
f 7660 5223 271 7658
f 7659 7660 7658 1981
f 1979 7654 7662 7647
f 7654 1982 7659 7662
f 7662 7659 1981 7661
f 7647 7662 7661 467
f 476 7631 7665 7592
f 7631 1975 7663 7665
f 7665 7663 1983 7664
f 7592 7665 7664 1966
f 1975 7628 7667 7663
f 7628 470 7471 7667
f 7667 7471 1938 7666
f 7663 7667 7666 1983
f 1983 7666 7669 7668
f 7666 1938 7468 7669
f 7669 7468 471 7511
f 7668 7669 7511 1948
f 1966 7664 7670 7595
f 7664 1983 7668 7670
f 7670 7668 1948 7508
f 7595 7670 7508 473
f 467 7661 7673 7436
f 7661 1981 7671 7673
f 7673 7671 1985 7672
f 7436 7673 7672 1930
f 1981 7658 7676 7671
f 7658 271 7674 7676
f 7676 7674 1984 7675
f 7671 7676 7675 1985
f 1985 7675 7679 7678
f 7675 1984 7677 7679
f 7679 7677 462 7393
f 7678 7679 7393 1919
f 1930 7672 7680 7439
f 7672 1985 7678 7680
f 7680 7678 1919 7390
f 7439 7680 7390 464
f 462 7677 7683 7366
f 7677 1984 7681 7683
f 7683 7681 1987 7682
f 7366 7683 7682 1913
f 1984 7674 7685 7681
f 7674 271 5222 7685
f 7685 5222 1353 7684
f 7681 7685 7684 1987
f 1987 7684 7688 7687
f 7684 1353 5219 7688
f 7688 5219 272 7686
f 7687 7688 7686 1986
f 1913 7682 7690 7369
f 7682 1987 7687 7690
f 7690 7687 1986 7689
f 7369 7690 7689 460
f 460 7689 7693 7342
f 7689 1986 7691 7693
f 7693 7691 1989 7692
f 7342 7693 7692 1907
f 1986 7686 7695 7691
f 7686 272 5265 7695
f 7695 5265 1365 7694
f 7691 7695 7694 1989
f 1989 7694 7698 7697
f 7694 1365 5262 7698
f 7698 5262 275 7696
f 7697 7698 7696 1988
f 1907 7692 7700 7345
f 7692 1989 7697 7700
f 7700 7697 1988 7699
f 7345 7700 7699 458
f 458 7699 7703 7318
f 7699 1988 7701 7703
f 7703 7701 1990 7702
f 7318 7703 7702 1901
f 1988 7696 7705 7701
f 7696 275 5343 7705
f 7705 5343 1386 7704
f 7701 7705 7704 1990
f 1990 7704 7707 7706
f 7704 1386 5340 7707
f 7707 5340 282 5743
f 7706 7707 5743 1493
f 1901 7702 7708 7321
f 7702 1990 7706 7708
f 7708 7706 1493 5740
f 7321 7708 5740 322
f 454 7273 7711 7230
f 7273 1889 7709 7711
f 7711 7709 1993 7710
f 7230 7711 7710 1879
f 1889 7270 7714 7709
f 7270 333 7712 7714
f 7714 7712 1991 7713
f 7709 7714 7713 1993
f 1993 7713 7718 7717
f 7713 1991 7715 7718
f 7718 7715 335 7716
f 7717 7718 7716 1992
f 1879 7710 7720 7233
f 7710 1993 7717 7720
f 7720 7717 1992 7719
f 7233 7720 7719 357
f 408 7041 7723 6618
f 7041 1833 7721 7723
f 7723 7721 1994 7722
f 6618 7723 7722 1728
f 1833 7038 7725 7721
f 7038 391 6489 7725
f 7725 6489 1692 7724
f 7721 7725 7724 1994
f 1994 7724 7727 7726
f 7724 1692 6486 7727
f 7727 6486 393 6579
f 7726 7727 6579 1717
f 1728 7722 7728 6621
f 7722 1994 7726 7728
f 7728 7726 1717 6576
f 6621 7728 6576 404
f 357 7719 7731 6124
f 7719 1992 7729 7731
f 7731 7729 1996 7730
f 6124 7731 7730 1598
f 1992 7716 7734 7729
f 7716 335 7732 7734
f 7734 7732 1995 7733
f 7729 7734 7733 1996
f 1996 7733 7737 7736
f 7733 1995 7735 7737
f 7737 7735 337 6097
f 7736 7737 6097 1590
f 1598 7730 7738 6127
f 7730 1996 7736 7738
f 7738 7736 1590 6094
f 6127 7738 6094 355
f 315 5669 7741 5622
f 5669 1474 7739 7741
f 7741 7739 1998 7740
f 5622 7741 7740 1462
f 1474 5666 7743 7739
f 5666 281 5326 7743
f 7743 5326 1381 7742
f 7739 7743 7742 1998
f 1998 7742 7746 7745
f 7742 1381 5323 7746
f 7746 5323 278 7744
f 7745 7746 7744 1997
f 1462 7740 7748 5625
f 7740 1998 7745 7748
f 7748 7745 1997 7747
f 5625 7748 7747 314
f 314 7749 7752 5626
f 7749 1999 7750 7752
f 7752 7750 2001 7751
f 5626 7752 7751 1463
f 1999 7753 7756 7750
f 7753 479 7754 7756
f 7756 7754 2000 7755
f 7750 7756 7755 2001
f 2001 7755 7759 7758
f 7755 2000 7757 7759
f 7759 7757 309 5585
f 7758 7759 5585 1451
f 1463 7751 7760 5629
f 7751 2001 7758 7760
f 7760 7758 1451 5582
f 5629 7760 5582 310
f 314 7747 7763 7749
f 7747 1997 7761 7763
f 7763 7761 2003 7762
f 7749 7763 7762 1999
f 1997 7744 7765 7761
f 7744 278 5316 7765
f 7765 5316 1378 7764
f 7761 7765 7764 2003
f 2003 7764 7768 7767
f 7764 1378 5313 7768
f 7768 5313 279 7766
f 7767 7768 7766 2002
f 1999 7762 7770 7753
f 7762 2003 7767 7770
f 7770 7767 2002 7769
f 7753 7770 7769 479
f 479 7771 7774 7754
f 7771 2004 7772 7774
f 7774 7772 2007 7773
f 7754 7774 7773 2000
f 2004 7775 7778 7772
f 7775 481 7776 7778
f 7778 7776 2005 7777
f 7772 7778 7777 2007
f 2007 7777 7782 7781
f 7777 2005 7779 7782
f 7782 7779 480 7780
f 7781 7782 7780 2006
f 2000 7773 7784 7757
f 7773 2007 7781 7784
f 7784 7781 2006 7783
f 7757 7784 7783 309
f 479 7769 7787 7771
f 7769 2002 7785 7787
f 7787 7785 2009 7786
f 7771 7787 7786 2004
f 2002 7766 7789 7785
f 7766 279 5367 7789
f 7789 5367 1393 7788
f 7785 7789 7788 2009
f 2009 7788 7792 7791
f 7788 1393 5364 7792
f 7792 5364 288 7790
f 7791 7792 7790 2008
f 2004 7786 7794 7775
f 7786 2009 7791 7794
f 7794 7791 2008 7793
f 7775 7794 7793 481
f 480 7795 7798 7780
f 7795 2010 7796 7798
f 7798 7796 2011 7797
f 7780 7798 7797 2006
f 2010 7799 7801 7796
f 7799 304 5545 7801
f 7801 5545 1440 7800
f 7796 7801 7800 2011
f 2011 7800 7803 7802
f 7800 1440 5542 7803
f 7803 5542 305 5589
f 7802 7803 5589 1452
f 2006 7797 7804 7783
f 7797 2011 7802 7804
f 7804 7802 1452 5586
f 7783 7804 5586 309
f 308 5570 7807 6024
f 5570 1446 7805 7807
f 7807 7805 2012 7806
f 6024 7807 7806 1573
f 1446 5567 7809 7805
f 5567 303 5534 7809
f 7809 5534 1436 7808
f 7805 7809 7808 2012
f 2012 7808 7811 7810
f 7808 1436 5531 7811
f 7811 5531 257 5140
f 7810 7811 5140 1329
f 1573 7806 7812 6027
f 7806 2012 7810 7812
f 7812 7810 1329 5137
f 6027 7812 5137 258
f 291 7813 7816 5402
f 7813 2013 7814 7816
f 7816 7814 2014 7815
f 5402 7816 7815 1403
f 2013 7817 7819 7814
f 7817 287 5356 7819
f 7819 5356 1389 7818
f 7814 7819 7818 2014
f 2014 7818 7821 7820
f 7818 1389 5353 7821
f 7821 5353 267 5210
f 7820 7821 5210 1349
f 1403 7815 7822 5405
f 7815 2014 7820 7822
f 7822 7820 1349 5207
f 5405 7822 5207 268
f 483 7823 7827 7826
f 7823 2015 7824 7827
f 7827 7824 2018 7825
f 7826 7827 7825 2017
f 2015 7828 7831 7824
f 7828 482 7829 7831
f 7831 7829 2016 7830
f 7824 7831 7830 2018
f 2018 7830 7834 7833
f 7830 2016 7832 7834
f 7834 7832 54 2981
f 7833 7834 2981 781
f 2017 7825 7836 7835
f 7825 2018 7833 7836
f 7836 7833 781 2978
f 7835 7836 2978 55
f 483 7826 7840 7839
f 7826 2017 7837 7840
f 7840 7837 2020 7838
f 7839 7840 7838 2019
f 2017 7835 7842 7837
f 7835 55 3005 7842
f 7842 3005 787 7841
f 7837 7842 7841 2020
f 2020 7841 7844 7843
f 7841 787 3002 7844
f 7844 3002 56 3045
f 7843 7844 3045 798
f 2019 7838 7846 7845
f 7838 2020 7843 7846
f 7846 7843 798 3042
f 7845 7846 3042 484
f 485 7847 7850 3038
f 7847 2021 7848 7850
f 7850 7848 2024 7849
f 3038 7850 7849 797
f 2021 7851 7854 7848
f 7851 548 7852 7854
f 7854 7852 2022 7853
f 7848 7854 7853 2024
f 2024 7853 7858 7857
f 7853 2022 7855 7858
f 7858 7855 518 7856
f 7857 7858 7856 2023
f 797 7849 7860 3041
f 7849 2024 7857 7860
f 7860 7857 2023 7859
f 3041 7860 7859 484
f 485 3071 7863 7847
f 3071 805 7861 7863
f 7863 7861 2027 7862
f 7847 7863 7862 2021
f 805 3068 7866 7861
f 3068 486 7864 7866
f 7866 7864 2025 7865
f 7861 7866 7865 2027
f 2027 7865 7870 7869
f 7865 2025 7867 7870
f 7870 7867 519 7868
f 7869 7870 7868 2026
f 2021 7862 7872 7851
f 7862 2027 7869 7872
f 7872 7869 2026 7871
f 7851 7872 7871 548
f 486 3067 7876 7875
f 3067 804 7873 7876
f 7876 7873 2030 7874
f 7875 7876 7874 2029
f 804 3064 7878 7873
f 3064 86 4572 7878
f 7878 4572 1196 7877
f 7873 7878 7877 2030
f 2030 7877 7881 7880
f 7877 1196 4569 7881
f 7881 4569 88 7879
f 7880 7881 7879 2028
f 2029 7874 7884 7883
f 7874 2030 7880 7884
f 7884 7880 2028 7882
f 7883 7884 7882 487
f 487 7882 7888 7887
f 7882 2028 7885 7888
f 7888 7885 2033 7886
f 7887 7888 7886 2032
f 2028 7879 7890 7885
f 7879 88 4536 7890
f 7890 4536 1187 7889
f 7885 7890 7889 2033
f 2033 7889 7893 7892
f 7889 1187 4533 7893
f 7893 4533 90 7891
f 7892 7893 7891 2031
f 2032 7886 7896 7895
f 7886 2033 7892 7896
f 7896 7892 2031 7894
f 7895 7896 7894 488
f 488 7894 7900 7899
f 7894 2031 7897 7900
f 7900 7897 2036 7898
f 7899 7900 7898 2035
f 2031 7891 7902 7897
f 7891 90 4563 7902
f 7902 4563 1194 7901
f 7897 7902 7901 2036
f 2036 7901 7905 7904
f 7901 1194 4560 7905
f 7905 4560 92 7903
f 7904 7905 7903 2034
f 2035 7898 7908 7907
f 7898 2036 7904 7908
f 7908 7904 2034 7906
f 7907 7908 7906 489
f 489 7906 7912 7911
f 7906 2034 7909 7912
f 7912 7909 2039 7910
f 7911 7912 7910 2038
f 2034 7903 7914 7909
f 7903 92 5023 7914
f 7914 5023 1304 7913
f 7909 7914 7913 2039
f 2039 7913 7917 7916
f 7913 1304 5020 7917
f 7917 5020 94 7915
f 7916 7917 7915 2037
f 2038 7910 7920 7919
f 7910 2039 7916 7920
f 7920 7916 2037 7918
f 7919 7920 7918 490
f 490 7918 7924 7923
f 7918 2037 7921 7924
f 7924 7921 2042 7922
f 7923 7924 7922 2041
f 2037 7915 7926 7921
f 7915 94 5041 7926
f 7926 5041 1307 7925
f 7921 7926 7925 2042
f 2042 7925 7929 7928
f 7925 1307 5038 7929
f 7929 5038 96 7927
f 7928 7929 7927 2040
f 2041 7922 7932 7931
f 7922 2042 7928 7932
f 7932 7928 2040 7930
f 7931 7932 7930 491
f 491 7930 7936 7935
f 7930 2040 7933 7936
f 7936 7933 2045 7934
f 7935 7936 7934 2044
f 2040 7927 7938 7933
f 7927 96 3372 7938
f 7938 3372 887 7937
f 7933 7938 7937 2045
f 2045 7937 7941 7940
f 7937 887 3369 7941
f 7941 3369 98 7939
f 7940 7941 7939 2043
f 2044 7934 7944 7943
f 7934 2045 7940 7944
f 7944 7940 2043 7942
f 7943 7944 7942 492
f 492 7942 7948 7947
f 7942 2043 7945 7948
f 7948 7945 2048 7946
f 7947 7948 7946 2047
f 2043 7939 7950 7945
f 7939 98 3348 7950
f 7950 3348 881 7949
f 7945 7950 7949 2048
f 2048 7949 7953 7952
f 7949 881 3345 7953
f 7953 3345 100 7951
f 7952 7953 7951 2046
f 2047 7946 7956 7955
f 7946 2048 7952 7956
f 7956 7952 2046 7954
f 7955 7956 7954 493
f 493 7954 7960 7959
f 7954 2046 7957 7960
f 7960 7957 2051 7958
f 7959 7960 7958 2050
f 2046 7951 7962 7957
f 7951 100 3324 7962
f 7962 3324 875 7961
f 7957 7962 7961 2051
f 2051 7961 7965 7964
f 7961 875 3321 7965
f 7965 3321 102 7963
f 7964 7965 7963 2049
f 2050 7958 7968 7967
f 7958 2051 7964 7968
f 7968 7964 2049 7966
f 7967 7968 7966 494
f 494 7966 7972 7971
f 7966 2049 7969 7972
f 7972 7969 2054 7970
f 7971 7972 7970 2053
f 2049 7963 7974 7969
f 7963 102 3288 7974
f 7974 3288 866 7973
f 7969 7974 7973 2054
f 2054 7973 7977 7976
f 7973 866 3285 7977
f 7977 3285 104 7975
f 7976 7977 7975 2052
f 2053 7970 7980 7979
f 7970 2054 7976 7980
f 7980 7976 2052 7978
f 7979 7980 7978 495
f 495 7978 7984 7983
f 7978 2052 7981 7984
f 7984 7981 2057 7982
f 7983 7984 7982 2056
f 2052 7975 7986 7981
f 7975 104 3260 7986
f 7986 3260 859 7985
f 7981 7986 7985 2057
f 2057 7985 7989 7988
f 7985 859 3255 7989
f 7989 3255 106 7987
f 7988 7989 7987 2055
f 2056 7982 7992 7991
f 7982 2057 7988 7992
f 7992 7988 2055 7990
f 7991 7992 7990 496
f 496 7990 7996 7995
f 7990 2055 7993 7996
f 7996 7993 2060 7994
f 7995 7996 7994 2059
f 2055 7987 7998 7993
f 7987 106 3273 7998
f 7998 3273 864 7997
f 7993 7998 7997 2060
f 2060 7997 8001 8000
f 7997 864 3279 8001
f 8001 3279 77 7999
f 8000 8001 7999 2058
f 2059 7994 8004 8003
f 7994 2060 8000 8004
f 8004 8000 2058 8002
f 8003 8004 8002 497
f 497 8002 8008 8007
f 8002 2058 8005 8008
f 8008 8005 2063 8006
f 8007 8008 8006 2062
f 2058 7999 8010 8005
f 7999 77 2927 8010
f 8010 2927 767 8009
f 8005 8010 8009 2063
f 2063 8009 8013 8012
f 8009 767 2924 8013
f 8013 2924 76 8011
f 8012 8013 8011 2061
f 2062 8006 8016 8015
f 8006 2063 8012 8016
f 8016 8012 2061 8014
f 8015 8016 8014 498
f 498 8014 8020 8019
f 8014 2061 8017 8020
f 8020 8017 2065 8018
f 8019 8020 8018 2064
f 2061 8011 8022 8017
f 8011 76 2957 8022
f 8022 2957 775 8021
f 8017 8022 8021 2065
f 2065 8021 8024 8023
f 8021 775 2954 8024
f 8024 2954 54 7832
f 8023 8024 7832 2016
f 2064 8018 8026 8025
f 8018 2065 8023 8026
f 8026 8023 2016 7829
f 8025 8026 7829 482
f 499 8027 8031 8030
f 8027 2066 8028 8031
f 8031 8028 2069 8029
f 8030 8031 8029 2068
f 2066 8032 8034 8028
f 8032 297 5701 8034
f 8034 5701 1482 8033
f 8028 8034 8033 2069
f 2069 8033 8037 8036
f 8033 1482 5698 8037
f 8037 5698 296 8035
f 8036 8037 8035 2067
f 2068 8029 8040 8039
f 8029 2069 8036 8040
f 8040 8036 2067 8038
f 8039 8040 8038 500
f 499 8041 8044 8027
f 8041 2070 8042 8044
f 8044 8042 2071 8043
f 8027 8044 8043 2066
f 2070 8045 8047 8042
f 8045 501 5764 8047
f 8047 5764 1498 8046
f 8042 8047 8046 2071
f 2071 8046 8049 8048
f 8046 1498 5761 8049
f 8049 5761 298 5725
f 8048 8049 5725 1488
f 2066 8043 8050 8032
f 8043 2071 8048 8050
f 8050 8048 1488 5722
f 8032 8050 5722 297
f 502 5768 8054 8053
f 5768 1499 8051 8054
f 8054 8051 2075 8052
f 8053 8054 8052 2074
f 1499 5765 8057 8051
f 5765 501 8055 8057
f 8057 8055 2072 8056
f 8051 8057 8056 2075
f 2075 8056 8061 8060
f 8056 2072 8058 8061
f 8061 8058 534 8059
f 8060 8061 8059 2073
f 2074 8052 8064 8063
f 8052 2075 8060 8064
f 8064 8060 2073 8062
f 8063 8064 8062 549
f 502 8053 8067 5788
f 8053 2074 8065 8067
f 8067 8065 2078 8066
f 5788 8067 8066 1506
f 2074 8063 8070 8065
f 8063 549 8068 8070
f 8070 8068 2076 8069
f 8065 8070 8069 2078
f 2078 8069 8074 8073
f 8069 2076 8071 8074
f 8074 8071 536 8072
f 8073 8074 8072 2077
f 1506 8066 8076 5791
f 8066 2078 8073 8076
f 8076 8073 2077 8075
f 5791 8076 8075 503
f 503 8077 8080 5792
f 8077 2079 8078 8080
f 8080 8078 2081 8079
f 5792 8080 8079 1507
f 2079 8081 8084 8078
f 8081 504 8082 8084
f 8084 8082 2080 8083
f 8078 8084 8083 2081
f 2081 8083 8087 8086
f 8083 2080 8085 8087
f 8087 8085 329 7285
f 8086 8087 7285 1892
f 1507 8079 8088 5795
f 8079 2081 8086 8088
f 8088 8086 1892 7282
f 5795 8088 7282 327
f 504 8089 8092 8082
f 8089 2082 8090 8092
f 8092 8090 2084 8091
f 8082 8092 8091 2080
f 2082 8093 8096 8090
f 8093 505 8094 8096
f 8096 8094 2083 8095
f 8090 8096 8095 2084
f 2084 8095 8099 8098
f 8095 2083 8097 8099
f 8099 8097 331 7250
f 8098 8099 7250 1883
f 2080 8091 8100 8085
f 8091 2084 8098 8100
f 8100 8098 1883 7247
f 8085 8100 7247 329
f 505 8101 8104 8094
f 8101 2085 8102 8104
f 8104 8102 2087 8103
f 8094 8104 8103 2083
f 2085 8105 8108 8102
f 8105 506 8106 8108
f 8108 8106 2086 8107
f 8102 8108 8107 2087
f 2087 8107 8111 8110
f 8107 2086 8109 8111
f 8111 8109 333 7269
f 8110 8111 7269 1888
f 2083 8103 8112 8097
f 8103 2087 8110 8112
f 8112 8110 1888 7266
f 8097 8112 7266 331
f 506 8113 8116 8106
f 8113 2088 8114 8116
f 8116 8114 2090 8115
f 8106 8116 8115 2086
f 2088 8117 8120 8114
f 8117 507 8118 8120
f 8120 8118 2089 8119
f 8114 8120 8119 2090
f 2090 8119 8123 8122
f 8119 2089 8121 8123
f 8123 8121 335 7715
f 8122 8123 7715 1991
f 2086 8115 8124 8109
f 8115 2090 8122 8124
f 8124 8122 1991 7712
f 8109 8124 7712 333
f 507 8125 8128 8118
f 8125 2091 8126 8128
f 8128 8126 2093 8127
f 8118 8128 8127 2089
f 2091 8129 8132 8126
f 8129 508 8130 8132
f 8132 8130 2092 8131
f 8126 8132 8131 2093
f 2093 8131 8135 8134
f 8131 2092 8133 8135
f 8135 8133 337 7735
f 8134 8135 7735 1995
f 2089 8127 8136 8121
f 8127 2093 8134 8136
f 8136 8134 1995 7732
f 8121 8136 7732 335
f 508 8137 8140 8130
f 8137 2094 8138 8140
f 8140 8138 2096 8139
f 8130 8140 8139 2092
f 2094 8141 8144 8138
f 8141 509 8142 8144
f 8144 8142 2095 8143
f 8138 8144 8143 2096
f 2096 8143 8147 8146
f 8143 2095 8145 8147
f 8147 8145 339 6101
f 8146 8147 6101 1591
f 2092 8139 8148 8133
f 8139 2096 8146 8148
f 8148 8146 1591 6098
f 8133 8148 6098 337
f 509 8149 8152 8142
f 8149 2097 8150 8152
f 8152 8150 2099 8151
f 8142 8152 8151 2095
f 2097 8153 8156 8150
f 8153 510 8154 8156
f 8156 8154 2098 8155
f 8150 8156 8155 2099
f 2099 8155 8159 8158
f 8155 2098 8157 8159
f 8159 8157 341 6077
f 8158 8159 6077 1585
f 2095 8151 8160 8145
f 8151 2099 8158 8160
f 8160 8158 1585 6074
f 8145 8160 6074 339
f 510 8161 8164 8154
f 8161 2100 8162 8164
f 8164 8162 2102 8163
f 8154 8164 8163 2098
f 2100 8165 8168 8162
f 8165 511 8166 8168
f 8168 8166 2101 8167
f 8162 8168 8167 2102
f 2102 8167 8171 8170
f 8167 2101 8169 8171
f 8171 8169 343 6053
f 8170 8171 6053 1579
f 2098 8163 8172 8157
f 8163 2102 8170 8172
f 8172 8170 1579 6050
f 8157 8172 6050 341
f 511 8173 8176 8166
f 8173 2103 8174 8176
f 8176 8174 2105 8175
f 8166 8176 8175 2101
f 2103 8177 8180 8174
f 8177 512 8178 8180
f 8180 8178 2104 8179
f 8174 8180 8179 2105
f 2105 8179 8183 8182
f 8179 2104 8181 8183
f 8183 8181 345 6017
f 8182 8183 6017 1570
f 2101 8175 8184 8169
f 8175 2105 8182 8184
f 8184 8182 1570 6014
f 8169 8184 6014 343
f 512 8185 8188 8178
f 8185 2106 8186 8188
f 8188 8186 2108 8187
f 8178 8188 8187 2104
f 2106 8189 8192 8186
f 8189 513 8190 8192
f 8192 8190 2107 8191
f 8186 8192 8191 2108
f 2108 8191 8195 8194
f 8191 2107 8193 8195
f 8195 8193 347 5982
f 8194 8195 5982 1564
f 2104 8187 8196 8181
f 8187 2108 8194 8196
f 8196 8194 1564 5993
f 8181 8196 5993 345
f 513 8197 8200 8190
f 8197 2109 8198 8200
f 8200 8198 2111 8199
f 8190 8200 8199 2107
f 2109 8201 8204 8198
f 8201 514 8202 8204
f 8204 8202 2110 8203
f 8198 8204 8203 2111
f 2111 8203 8207 8206
f 8203 2110 8205 8207
f 8207 8205 318 5999
f 8206 8207 5999 1566
f 2107 8199 8208 8193
f 8199 2111 8206 8208
f 8208 8206 1566 5995
f 8193 8208 5995 347
f 514 8209 8212 8202
f 8209 2112 8210 8212
f 8212 8210 2114 8211
f 8202 8212 8211 2110
f 2112 8213 8216 8210
f 8213 515 8214 8216
f 8216 8214 2113 8215
f 8210 8216 8215 2114
f 2114 8215 8219 8218
f 8215 2113 8217 8219
f 8219 8217 317 5654
f 8218 8219 5654 1469
f 2110 8211 8220 8205
f 8211 2114 8218 8220
f 8220 8218 1469 5651
f 8205 8220 5651 318
f 515 8221 8224 8214
f 8221 2115 8222 8224
f 8224 8222 2116 8223
f 8214 8224 8223 2113
f 2115 8225 8227 8222
f 8225 500 8038 8227
f 8227 8038 2067 8226
f 8222 8227 8226 2116
f 2116 8226 8229 8228
f 8226 2067 8035 8229
f 8229 8035 296 5677
f 8228 8229 5677 1476
f 2113 8223 8230 8217
f 8223 2116 8228 8230
f 8230 8228 1476 5674
f 8217 8230 5674 317
f 517 8231 8235 8234
f 8231 2117 8232 8235
f 8235 8232 2120 8233
f 8234 8235 8233 2119
f 2117 8236 8239 8232
f 8236 516 8237 8239
f 8239 8237 2118 8238
f 8232 8239 8238 2120
f 2120 8238 8242 8241
f 8238 2118 8240 8242
f 8242 8240 482 7828
f 8241 8242 7828 2015
f 2119 8233 8244 8243
f 8233 2120 8241 8244
f 8244 8241 2015 7823
f 8243 8244 7823 483
f 517 8234 8248 8247
f 8234 2119 8245 8248
f 8248 8245 2122 8246
f 8247 8248 8246 2121
f 2119 8243 8250 8245
f 8243 483 7839 8250
f 8250 7839 2019 8249
f 8245 8250 8249 2122
f 2122 8249 8252 8251
f 8249 2019 7845 8252
f 8252 7845 484 7859
f 8251 8252 7859 2023
f 2121 8246 8254 8253
f 8246 2122 8251 8254
f 8254 8251 2023 7856
f 8253 8254 7856 518
f 519 7867 8258 8257
f 7867 2025 8255 8258
f 8258 8255 2125 8256
f 8257 8258 8256 2124
f 2025 7864 8260 8255
f 7864 486 7875 8260
f 8260 7875 2029 8259
f 8255 8260 8259 2125
f 2125 8259 8263 8262
f 8259 2029 7883 8263
f 8263 7883 487 8261
f 8262 8263 8261 2123
f 2124 8256 8266 8265
f 8256 2125 8262 8266
f 8266 8262 2123 8264
f 8265 8266 8264 520
f 520 8264 8270 8269
f 8264 2123 8267 8270
f 8270 8267 2128 8268
f 8269 8270 8268 2127
f 2123 8261 8272 8267
f 8261 487 7887 8272
f 8272 7887 2032 8271
f 8267 8272 8271 2128
f 2128 8271 8275 8274
f 8271 2032 7895 8275
f 8275 7895 488 8273
f 8274 8275 8273 2126
f 2127 8268 8278 8277
f 8268 2128 8274 8278
f 8278 8274 2126 8276
f 8277 8278 8276 521
f 521 8276 8282 8281
f 8276 2126 8279 8282
f 8282 8279 2131 8280
f 8281 8282 8280 2130
f 2126 8273 8284 8279
f 8273 488 7899 8284
f 8284 7899 2035 8283
f 8279 8284 8283 2131
f 2131 8283 8287 8286
f 8283 2035 7907 8287
f 8287 7907 489 8285
f 8286 8287 8285 2129
f 2130 8280 8290 8289
f 8280 2131 8286 8290
f 8290 8286 2129 8288
f 8289 8290 8288 522
f 522 8288 8294 8293
f 8288 2129 8291 8294
f 8294 8291 2134 8292
f 8293 8294 8292 2133
f 2129 8285 8296 8291
f 8285 489 7911 8296
f 8296 7911 2038 8295
f 8291 8296 8295 2134
f 2134 8295 8299 8298
f 8295 2038 7919 8299
f 8299 7919 490 8297
f 8298 8299 8297 2132
f 2133 8292 8302 8301
f 8292 2134 8298 8302
f 8302 8298 2132 8300
f 8301 8302 8300 523
f 523 8300 8306 8305
f 8300 2132 8303 8306
f 8306 8303 2137 8304
f 8305 8306 8304 2136
f 2132 8297 8308 8303
f 8297 490 7923 8308
f 8308 7923 2041 8307
f 8303 8308 8307 2137
f 2137 8307 8311 8310
f 8307 2041 7931 8311
f 8311 7931 491 8309
f 8310 8311 8309 2135
f 2136 8304 8314 8313
f 8304 2137 8310 8314
f 8314 8310 2135 8312
f 8313 8314 8312 524
f 524 8312 8318 8317
f 8312 2135 8315 8318
f 8318 8315 2140 8316
f 8317 8318 8316 2139
f 2135 8309 8320 8315
f 8309 491 7935 8320
f 8320 7935 2044 8319
f 8315 8320 8319 2140
f 2140 8319 8323 8322
f 8319 2044 7943 8323
f 8323 7943 492 8321
f 8322 8323 8321 2138
f 2139 8316 8326 8325
f 8316 2140 8322 8326
f 8326 8322 2138 8324
f 8325 8326 8324 525
f 525 8324 8330 8329
f 8324 2138 8327 8330
f 8330 8327 2143 8328
f 8329 8330 8328 2142
f 2138 8321 8332 8327
f 8321 492 7947 8332
f 8332 7947 2047 8331
f 8327 8332 8331 2143
f 2143 8331 8335 8334
f 8331 2047 7955 8335
f 8335 7955 493 8333
f 8334 8335 8333 2141
f 2142 8328 8338 8337
f 8328 2143 8334 8338
f 8338 8334 2141 8336
f 8337 8338 8336 526
f 526 8336 8342 8341
f 8336 2141 8339 8342
f 8342 8339 2146 8340
f 8341 8342 8340 2145
f 2141 8333 8344 8339
f 8333 493 7959 8344
f 8344 7959 2050 8343
f 8339 8344 8343 2146
f 2146 8343 8347 8346
f 8343 2050 7967 8347
f 8347 7967 494 8345
f 8346 8347 8345 2144
f 2145 8340 8350 8349
f 8340 2146 8346 8350
f 8350 8346 2144 8348
f 8349 8350 8348 527
f 527 8348 8354 8353
f 8348 2144 8351 8354
f 8354 8351 2149 8352
f 8353 8354 8352 2148
f 2144 8345 8356 8351
f 8345 494 7971 8356
f 8356 7971 2053 8355
f 8351 8356 8355 2149
f 2149 8355 8359 8358
f 8355 2053 7979 8359
f 8359 7979 495 8357
f 8358 8359 8357 2147
f 2148 8352 8362 8361
f 8352 2149 8358 8362
f 8362 8358 2147 8360
f 8361 8362 8360 528
f 528 8360 8366 8365
f 8360 2147 8363 8366
f 8366 8363 2152 8364
f 8365 8366 8364 2151
f 2147 8357 8368 8363
f 8357 495 7983 8368
f 8368 7983 2056 8367
f 8363 8368 8367 2152
f 2152 8367 8371 8370
f 8367 2056 7991 8371
f 8371 7991 496 8369
f 8370 8371 8369 2150
f 2151 8364 8374 8373
f 8364 2152 8370 8374
f 8374 8370 2150 8372
f 8373 8374 8372 529
f 529 8372 8378 8377
f 8372 2150 8375 8378
f 8378 8375 2155 8376
f 8377 8378 8376 2154
f 2150 8369 8380 8375
f 8369 496 7995 8380
f 8380 7995 2059 8379
f 8375 8380 8379 2155
f 2155 8379 8383 8382
f 8379 2059 8003 8383
f 8383 8003 497 8381
f 8382 8383 8381 2153
f 2154 8376 8386 8385
f 8376 2155 8382 8386
f 8386 8382 2153 8384
f 8385 8386 8384 530
f 530 8384 8390 8389
f 8384 2153 8387 8390
f 8390 8387 2158 8388
f 8389 8390 8388 2157
f 2153 8381 8392 8387
f 8381 497 8007 8392
f 8392 8007 2062 8391
f 8387 8392 8391 2158
f 2158 8391 8395 8394
f 8391 2062 8015 8395
f 8395 8015 498 8393
f 8394 8395 8393 2156
f 2157 8388 8398 8397
f 8388 2158 8394 8398
f 8398 8394 2156 8396
f 8397 8398 8396 531
f 531 8396 8402 8401
f 8396 2156 8399 8402
f 8402 8399 2160 8400
f 8401 8402 8400 2159
f 2156 8393 8404 8399
f 8393 498 8019 8404
f 8404 8019 2064 8403
f 8399 8404 8403 2160
f 2160 8403 8406 8405
f 8403 2064 8025 8406
f 8406 8025 482 8240
f 8405 8406 8240 2118
f 2159 8400 8408 8407
f 8400 2160 8405 8408
f 8408 8405 2118 8237
f 8407 8408 8237 516
f 532 8409 8413 8412
f 8409 2161 8410 8413
f 8413 8410 2164 8411
f 8412 8413 8411 2163
f 2161 8414 8416 8410
f 8414 499 8030 8416
f 8416 8030 2068 8415
f 8410 8416 8415 2164
f 2164 8415 8419 8418
f 8415 2068 8039 8419
f 8419 8039 500 8417
f 8418 8419 8417 2162
f 2163 8411 8422 8421
f 8411 2164 8418 8422
f 8422 8418 2162 8420
f 8421 8422 8420 533
f 532 8423 8426 8409
f 8423 2165 8424 8426
f 8426 8424 2166 8425
f 8409 8426 8425 2161
f 2165 8427 8429 8424
f 8427 534 8058 8429
f 8429 8058 2072 8428
f 8424 8429 8428 2166
f 2166 8428 8431 8430
f 8428 2072 8055 8431
f 8431 8055 501 8045
f 8430 8431 8045 2070
f 2161 8425 8432 8414
f 8425 2166 8430 8432
f 8432 8430 2070 8041
f 8414 8432 8041 499
f 536 8433 8436 8072
f 8433 2167 8434 8436
f 8436 8434 2169 8435
f 8072 8436 8435 2077
f 2167 8437 8440 8434
f 8437 535 8438 8440
f 8440 8438 2168 8439
f 8434 8440 8439 2169
f 2169 8439 8443 8442
f 8439 2168 8441 8443
f 8443 8441 504 8081
f 8442 8443 8081 2079
f 2077 8435 8444 8075
f 8435 2169 8442 8444
f 8444 8442 2079 8077
f 8075 8444 8077 503
f 535 8445 8448 8438
f 8445 2170 8446 8448
f 8448 8446 2172 8447
f 8438 8448 8447 2168
f 2170 8449 8452 8446
f 8449 537 8450 8452
f 8452 8450 2171 8451
f 8446 8452 8451 2172
f 2172 8451 8455 8454
f 8451 2171 8453 8455
f 8455 8453 505 8093
f 8454 8455 8093 2082
f 2168 8447 8456 8441
f 8447 2172 8454 8456
f 8456 8454 2082 8089
f 8441 8456 8089 504
f 537 8457 8460 8450
f 8457 2173 8458 8460
f 8460 8458 2175 8459
f 8450 8460 8459 2171
f 2173 8461 8464 8458
f 8461 538 8462 8464
f 8464 8462 2174 8463
f 8458 8464 8463 2175
f 2175 8463 8467 8466
f 8463 2174 8465 8467
f 8467 8465 506 8105
f 8466 8467 8105 2085
f 2171 8459 8468 8453
f 8459 2175 8466 8468
f 8468 8466 2085 8101
f 8453 8468 8101 505
f 538 8469 8472 8462
f 8469 2176 8470 8472
f 8472 8470 2178 8471
f 8462 8472 8471 2174
f 2176 8473 8476 8470
f 8473 539 8474 8476
f 8476 8474 2177 8475
f 8470 8476 8475 2178
f 2178 8475 8479 8478
f 8475 2177 8477 8479
f 8479 8477 507 8117
f 8478 8479 8117 2088
f 2174 8471 8480 8465
f 8471 2178 8478 8480
f 8480 8478 2088 8113
f 8465 8480 8113 506
f 539 8481 8484 8474
f 8481 2179 8482 8484
f 8484 8482 2181 8483
f 8474 8484 8483 2177
f 2179 8485 8488 8482
f 8485 540 8486 8488
f 8488 8486 2180 8487
f 8482 8488 8487 2181
f 2181 8487 8491 8490
f 8487 2180 8489 8491
f 8491 8489 508 8129
f 8490 8491 8129 2091
f 2177 8483 8492 8477
f 8483 2181 8490 8492
f 8492 8490 2091 8125
f 8477 8492 8125 507
f 540 8493 8496 8486
f 8493 2182 8494 8496
f 8496 8494 2184 8495
f 8486 8496 8495 2180
f 2182 8497 8500 8494
f 8497 541 8498 8500
f 8500 8498 2183 8499
f 8494 8500 8499 2184
f 2184 8499 8503 8502
f 8499 2183 8501 8503
f 8503 8501 509 8141
f 8502 8503 8141 2094
f 2180 8495 8504 8489
f 8495 2184 8502 8504
f 8504 8502 2094 8137
f 8489 8504 8137 508
f 541 8505 8508 8498
f 8505 2185 8506 8508
f 8508 8506 2187 8507
f 8498 8508 8507 2183
f 2185 8509 8512 8506
f 8509 542 8510 8512
f 8512 8510 2186 8511
f 8506 8512 8511 2187
f 2187 8511 8515 8514
f 8511 2186 8513 8515
f 8515 8513 510 8153
f 8514 8515 8153 2097
f 2183 8507 8516 8501
f 8507 2187 8514 8516
f 8516 8514 2097 8149
f 8501 8516 8149 509
f 542 8517 8520 8510
f 8517 2188 8518 8520
f 8520 8518 2190 8519
f 8510 8520 8519 2186
f 2188 8521 8524 8518
f 8521 543 8522 8524
f 8524 8522 2189 8523
f 8518 8524 8523 2190
f 2190 8523 8527 8526
f 8523 2189 8525 8527
f 8527 8525 511 8165
f 8526 8527 8165 2100
f 2186 8519 8528 8513
f 8519 2190 8526 8528
f 8528 8526 2100 8161
f 8513 8528 8161 510
f 543 8529 8532 8522
f 8529 2191 8530 8532
f 8532 8530 2193 8531
f 8522 8532 8531 2189
f 2191 8533 8536 8530
f 8533 544 8534 8536
f 8536 8534 2192 8535
f 8530 8536 8535 2193
f 2193 8535 8539 8538
f 8535 2192 8537 8539
f 8539 8537 512 8177
f 8538 8539 8177 2103
f 2189 8531 8540 8525
f 8531 2193 8538 8540
f 8540 8538 2103 8173
f 8525 8540 8173 511
f 544 8541 8544 8534
f 8541 2194 8542 8544
f 8544 8542 2196 8543
f 8534 8544 8543 2192
f 2194 8545 8548 8542
f 8545 545 8546 8548
f 8548 8546 2195 8547
f 8542 8548 8547 2196
f 2196 8547 8551 8550
f 8547 2195 8549 8551
f 8551 8549 513 8189
f 8550 8551 8189 2106
f 2192 8543 8552 8537
f 8543 2196 8550 8552
f 8552 8550 2106 8185
f 8537 8552 8185 512
f 545 8553 8556 8546
f 8553 2197 8554 8556
f 8556 8554 2199 8555
f 8546 8556 8555 2195
f 2197 8557 8560 8554
f 8557 546 8558 8560
f 8560 8558 2198 8559
f 8554 8560 8559 2199
f 2199 8559 8563 8562
f 8559 2198 8561 8563
f 8563 8561 514 8201
f 8562 8563 8201 2109
f 2195 8555 8564 8549
f 8555 2199 8562 8564
f 8564 8562 2109 8197
f 8549 8564 8197 513
f 546 8565 8568 8558
f 8565 2200 8566 8568
f 8568 8566 2202 8567
f 8558 8568 8567 2198
f 2200 8569 8572 8566
f 8569 547 8570 8572
f 8572 8570 2201 8571
f 8566 8572 8571 2202
f 2202 8571 8575 8574
f 8571 2201 8573 8575
f 8575 8573 515 8213
f 8574 8575 8213 2112
f 2198 8567 8576 8561
f 8567 2202 8574 8576
f 8576 8574 2112 8209
f 8561 8576 8209 514
f 547 8577 8580 8570
f 8577 2203 8578 8580
f 8580 8578 2204 8579
f 8570 8580 8579 2201
f 2203 8581 8583 8578
f 8581 533 8420 8583
f 8583 8420 2162 8582
f 8578 8583 8582 2204
f 2204 8582 8585 8584
f 8582 2162 8417 8585
f 8585 8417 500 8225
f 8584 8585 8225 2115
f 2201 8579 8586 8573
f 8579 2204 8584 8586
f 8586 8584 2115 8221
f 8573 8586 8221 515
f 548 8587 8590 7852
f 8587 2205 8588 8590
f 8590 8588 2208 8589
f 7852 8590 8589 2022
f 2205 8591 8594 8588
f 8591 582 8592 8594
f 8594 8592 2206 8593
f 8588 8594 8593 2208
f 2208 8593 8598 8597
f 8593 2206 8595 8598
f 8598 8595 552 8596
f 8597 8598 8596 2207
f 2022 8589 8600 7855
f 8589 2208 8597 8600
f 8600 8597 2207 8599
f 7855 8600 8599 518
f 548 7871 8603 8587
f 7871 2026 8601 8603
f 8603 8601 2211 8602
f 8587 8603 8602 2205
f 2026 7868 8606 8601
f 7868 519 8604 8606
f 8606 8604 2209 8605
f 8601 8606 8605 2211
f 2211 8605 8610 8609
f 8605 2209 8607 8610
f 8610 8607 553 8608
f 8609 8610 8608 2210
f 2205 8602 8612 8591
f 8602 2211 8609 8612
f 8612 8609 2210 8611
f 8591 8612 8611 582
f 549 8062 8616 8615
f 8062 2073 8613 8616
f 8616 8613 2215 8614
f 8615 8616 8614 2214
f 2073 8059 8619 8613
f 8059 534 8617 8619
f 8619 8617 2212 8618
f 8613 8619 8618 2215
f 2215 8618 8623 8622
f 8618 2212 8620 8623
f 8623 8620 568 8621
f 8622 8623 8621 2213
f 2214 8614 8626 8625
f 8614 2215 8622 8626
f 8626 8622 2213 8624
f 8625 8626 8624 583
f 549 8615 8629 8068
f 8615 2214 8627 8629
f 8629 8627 2218 8628
f 8068 8629 8628 2076
f 2214 8625 8632 8627
f 8625 583 8630 8632
f 8632 8630 2216 8631
f 8627 8632 8631 2218
f 2218 8631 8636 8635
f 8631 2216 8633 8636
f 8636 8633 570 8634
f 8635 8636 8634 2217
f 2076 8628 8638 8071
f 8628 2218 8635 8638
f 8638 8635 2217 8637
f 8071 8638 8637 536
f 551 8639 8643 8642
f 8639 2219 8640 8643
f 8643 8640 2222 8641
f 8642 8643 8641 2221
f 2219 8644 8647 8640
f 8644 550 8645 8647
f 8647 8645 2220 8646
f 8640 8647 8646 2222
f 2222 8646 8650 8649
f 8646 2220 8648 8650
f 8650 8648 516 8236
f 8649 8650 8236 2117
f 2221 8641 8652 8651
f 8641 2222 8649 8652
f 8652 8649 2117 8231
f 8651 8652 8231 517
f 551 8642 8656 8655
f 8642 2221 8653 8656
f 8656 8653 2224 8654
f 8655 8656 8654 2223
f 2221 8651 8658 8653
f 8651 517 8247 8658
f 8658 8247 2121 8657
f 8653 8658 8657 2224
f 2224 8657 8660 8659
f 8657 2121 8253 8660
f 8660 8253 518 8599
f 8659 8660 8599 2207
f 2223 8654 8662 8661
f 8654 2224 8659 8662
f 8662 8659 2207 8596
f 8661 8662 8596 552
f 553 8607 8666 8665
f 8607 2209 8663 8666
f 8666 8663 2227 8664
f 8665 8666 8664 2226
f 2209 8604 8668 8663
f 8604 519 8257 8668
f 8668 8257 2124 8667
f 8663 8668 8667 2227
f 2227 8667 8671 8670
f 8667 2124 8265 8671
f 8671 8265 520 8669
f 8670 8671 8669 2225
f 2226 8664 8674 8673
f 8664 2227 8670 8674
f 8674 8670 2225 8672
f 8673 8674 8672 554
f 554 8672 8678 8677
f 8672 2225 8675 8678
f 8678 8675 2230 8676
f 8677 8678 8676 2229
f 2225 8669 8680 8675
f 8669 520 8269 8680
f 8680 8269 2127 8679
f 8675 8680 8679 2230
f 2230 8679 8683 8682
f 8679 2127 8277 8683
f 8683 8277 521 8681
f 8682 8683 8681 2228
f 2229 8676 8686 8685
f 8676 2230 8682 8686
f 8686 8682 2228 8684
f 8685 8686 8684 555
f 555 8684 8690 8689
f 8684 2228 8687 8690
f 8690 8687 2233 8688
f 8689 8690 8688 2232
f 2228 8681 8692 8687
f 8681 521 8281 8692
f 8692 8281 2130 8691
f 8687 8692 8691 2233
f 2233 8691 8695 8694
f 8691 2130 8289 8695
f 8695 8289 522 8693
f 8694 8695 8693 2231
f 2232 8688 8698 8697
f 8688 2233 8694 8698
f 8698 8694 2231 8696
f 8697 8698 8696 556
f 556 8696 8702 8701
f 8696 2231 8699 8702
f 8702 8699 2236 8700
f 8701 8702 8700 2235
f 2231 8693 8704 8699
f 8693 522 8293 8704
f 8704 8293 2133 8703
f 8699 8704 8703 2236
f 2236 8703 8707 8706
f 8703 2133 8301 8707
f 8707 8301 523 8705
f 8706 8707 8705 2234
f 2235 8700 8710 8709
f 8700 2236 8706 8710
f 8710 8706 2234 8708
f 8709 8710 8708 557
f 557 8708 8714 8713
f 8708 2234 8711 8714
f 8714 8711 2239 8712
f 8713 8714 8712 2238
f 2234 8705 8716 8711
f 8705 523 8305 8716
f 8716 8305 2136 8715
f 8711 8716 8715 2239
f 2239 8715 8719 8718
f 8715 2136 8313 8719
f 8719 8313 524 8717
f 8718 8719 8717 2237
f 2238 8712 8722 8721
f 8712 2239 8718 8722
f 8722 8718 2237 8720
f 8721 8722 8720 558
f 558 8720 8726 8725
f 8720 2237 8723 8726
f 8726 8723 2242 8724
f 8725 8726 8724 2241
f 2237 8717 8728 8723
f 8717 524 8317 8728
f 8728 8317 2139 8727
f 8723 8728 8727 2242
f 2242 8727 8731 8730
f 8727 2139 8325 8731
f 8731 8325 525 8729
f 8730 8731 8729 2240
f 2241 8724 8734 8733
f 8724 2242 8730 8734
f 8734 8730 2240 8732
f 8733 8734 8732 559
f 559 8732 8738 8737
f 8732 2240 8735 8738
f 8738 8735 2245 8736
f 8737 8738 8736 2244
f 2240 8729 8740 8735
f 8729 525 8329 8740
f 8740 8329 2142 8739
f 8735 8740 8739 2245
f 2245 8739 8743 8742
f 8739 2142 8337 8743
f 8743 8337 526 8741
f 8742 8743 8741 2243
f 2244 8736 8746 8745
f 8736 2245 8742 8746
f 8746 8742 2243 8744
f 8745 8746 8744 560
f 560 8744 8750 8749
f 8744 2243 8747 8750
f 8750 8747 2248 8748
f 8749 8750 8748 2247
f 2243 8741 8752 8747
f 8741 526 8341 8752
f 8752 8341 2145 8751
f 8747 8752 8751 2248
f 2248 8751 8755 8754
f 8751 2145 8349 8755
f 8755 8349 527 8753
f 8754 8755 8753 2246
f 2247 8748 8758 8757
f 8748 2248 8754 8758
f 8758 8754 2246 8756
f 8757 8758 8756 561
f 561 8756 8762 8761
f 8756 2246 8759 8762
f 8762 8759 2251 8760
f 8761 8762 8760 2250
f 2246 8753 8764 8759
f 8753 527 8353 8764
f 8764 8353 2148 8763
f 8759 8764 8763 2251
f 2251 8763 8767 8766
f 8763 2148 8361 8767
f 8767 8361 528 8765
f 8766 8767 8765 2249
f 2250 8760 8770 8769
f 8760 2251 8766 8770
f 8770 8766 2249 8768
f 8769 8770 8768 562
f 562 8768 8774 8773
f 8768 2249 8771 8774
f 8774 8771 2254 8772
f 8773 8774 8772 2253
f 2249 8765 8776 8771
f 8765 528 8365 8776
f 8776 8365 2151 8775
f 8771 8776 8775 2254
f 2254 8775 8779 8778
f 8775 2151 8373 8779
f 8779 8373 529 8777
f 8778 8779 8777 2252
f 2253 8772 8782 8781
f 8772 2254 8778 8782
f 8782 8778 2252 8780
f 8781 8782 8780 563
f 563 8780 8786 8785
f 8780 2252 8783 8786
f 8786 8783 2257 8784
f 8785 8786 8784 2256
f 2252 8777 8788 8783
f 8777 529 8377 8788
f 8788 8377 2154 8787
f 8783 8788 8787 2257
f 2257 8787 8791 8790
f 8787 2154 8385 8791
f 8791 8385 530 8789
f 8790 8791 8789 2255
f 2256 8784 8794 8793
f 8784 2257 8790 8794
f 8794 8790 2255 8792
f 8793 8794 8792 564
f 564 8792 8798 8797
f 8792 2255 8795 8798
f 8798 8795 2260 8796
f 8797 8798 8796 2259
f 2255 8789 8800 8795
f 8789 530 8389 8800
f 8800 8389 2157 8799
f 8795 8800 8799 2260
f 2260 8799 8803 8802
f 8799 2157 8397 8803
f 8803 8397 531 8801
f 8802 8803 8801 2258
f 2259 8796 8806 8805
f 8796 2260 8802 8806
f 8806 8802 2258 8804
f 8805 8806 8804 565
f 565 8804 8810 8809
f 8804 2258 8807 8810
f 8810 8807 2262 8808
f 8809 8810 8808 2261
f 2258 8801 8812 8807
f 8801 531 8401 8812
f 8812 8401 2159 8811
f 8807 8812 8811 2262
f 2262 8811 8814 8813
f 8811 2159 8407 8814
f 8814 8407 516 8648
f 8813 8814 8648 2220
f 2261 8808 8816 8815
f 8808 2262 8813 8816
f 8816 8813 2220 8645
f 8815 8816 8645 550
f 566 8817 8821 8820
f 8817 2263 8818 8821
f 8821 8818 2266 8819
f 8820 8821 8819 2265
f 2263 8822 8824 8818
f 8822 532 8412 8824
f 8824 8412 2163 8823
f 8818 8824 8823 2266
f 2266 8823 8827 8826
f 8823 2163 8421 8827
f 8827 8421 533 8825
f 8826 8827 8825 2264
f 2265 8819 8830 8829
f 8819 2266 8826 8830
f 8830 8826 2264 8828
f 8829 8830 8828 567
f 566 8831 8834 8817
f 8831 2267 8832 8834
f 8834 8832 2268 8833
f 8817 8834 8833 2263
f 2267 8835 8837 8832
f 8835 568 8620 8837
f 8837 8620 2212 8836
f 8832 8837 8836 2268
f 2268 8836 8839 8838
f 8836 2212 8617 8839
f 8839 8617 534 8427
f 8838 8839 8427 2165
f 2263 8833 8840 8822
f 8833 2268 8838 8840
f 8840 8838 2165 8423
f 8822 8840 8423 532
f 570 8841 8844 8634
f 8841 2269 8842 8844
f 8844 8842 2271 8843
f 8634 8844 8843 2217
f 2269 8845 8848 8842
f 8845 569 8846 8848
f 8848 8846 2270 8847
f 8842 8848 8847 2271
f 2271 8847 8851 8850
f 8847 2270 8849 8851
f 8851 8849 535 8437
f 8850 8851 8437 2167
f 2217 8843 8852 8637
f 8843 2271 8850 8852
f 8852 8850 2167 8433
f 8637 8852 8433 536
f 569 8853 8856 8846
f 8853 2272 8854 8856
f 8856 8854 2274 8855
f 8846 8856 8855 2270
f 2272 8857 8860 8854
f 8857 571 8858 8860
f 8860 8858 2273 8859
f 8854 8860 8859 2274
f 2274 8859 8863 8862
f 8859 2273 8861 8863
f 8863 8861 537 8449
f 8862 8863 8449 2170
f 2270 8855 8864 8849
f 8855 2274 8862 8864
f 8864 8862 2170 8445
f 8849 8864 8445 535
f 571 8865 8868 8858
f 8865 2275 8866 8868
f 8868 8866 2277 8867
f 8858 8868 8867 2273
f 2275 8869 8872 8866
f 8869 572 8870 8872
f 8872 8870 2276 8871
f 8866 8872 8871 2277
f 2277 8871 8875 8874
f 8871 2276 8873 8875
f 8875 8873 538 8461
f 8874 8875 8461 2173
f 2273 8867 8876 8861
f 8867 2277 8874 8876
f 8876 8874 2173 8457
f 8861 8876 8457 537
f 572 8877 8880 8870
f 8877 2278 8878 8880
f 8880 8878 2280 8879
f 8870 8880 8879 2276
f 2278 8881 8884 8878
f 8881 573 8882 8884
f 8884 8882 2279 8883
f 8878 8884 8883 2280
f 2280 8883 8887 8886
f 8883 2279 8885 8887
f 8887 8885 539 8473
f 8886 8887 8473 2176
f 2276 8879 8888 8873
f 8879 2280 8886 8888
f 8888 8886 2176 8469
f 8873 8888 8469 538
f 573 8889 8892 8882
f 8889 2281 8890 8892
f 8892 8890 2283 8891
f 8882 8892 8891 2279
f 2281 8893 8896 8890
f 8893 574 8894 8896
f 8896 8894 2282 8895
f 8890 8896 8895 2283
f 2283 8895 8899 8898
f 8895 2282 8897 8899
f 8899 8897 540 8485
f 8898 8899 8485 2179
f 2279 8891 8900 8885
f 8891 2283 8898 8900
f 8900 8898 2179 8481
f 8885 8900 8481 539
f 574 8901 8904 8894
f 8901 2284 8902 8904
f 8904 8902 2286 8903
f 8894 8904 8903 2282
f 2284 8905 8908 8902
f 8905 575 8906 8908
f 8908 8906 2285 8907
f 8902 8908 8907 2286
f 2286 8907 8911 8910
f 8907 2285 8909 8911
f 8911 8909 541 8497
f 8910 8911 8497 2182
f 2282 8903 8912 8897
f 8903 2286 8910 8912
f 8912 8910 2182 8493
f 8897 8912 8493 540
f 575 8913 8916 8906
f 8913 2287 8914 8916
f 8916 8914 2289 8915
f 8906 8916 8915 2285
f 2287 8917 8920 8914
f 8917 576 8918 8920
f 8920 8918 2288 8919
f 8914 8920 8919 2289
f 2289 8919 8923 8922
f 8919 2288 8921 8923
f 8923 8921 542 8509
f 8922 8923 8509 2185
f 2285 8915 8924 8909
f 8915 2289 8922 8924
f 8924 8922 2185 8505
f 8909 8924 8505 541
f 576 8925 8928 8918
f 8925 2290 8926 8928
f 8928 8926 2292 8927
f 8918 8928 8927 2288
f 2290 8929 8932 8926
f 8929 577 8930 8932
f 8932 8930 2291 8931
f 8926 8932 8931 2292
f 2292 8931 8935 8934
f 8931 2291 8933 8935
f 8935 8933 543 8521
f 8934 8935 8521 2188
f 2288 8927 8936 8921
f 8927 2292 8934 8936
f 8936 8934 2188 8517
f 8921 8936 8517 542
f 577 8937 8940 8930
f 8937 2293 8938 8940
f 8940 8938 2295 8939
f 8930 8940 8939 2291
f 2293 8941 8944 8938
f 8941 578 8942 8944
f 8944 8942 2294 8943
f 8938 8944 8943 2295
f 2295 8943 8947 8946
f 8943 2294 8945 8947
f 8947 8945 544 8533
f 8946 8947 8533 2191
f 2291 8939 8948 8933
f 8939 2295 8946 8948
f 8948 8946 2191 8529
f 8933 8948 8529 543
f 578 8949 8952 8942
f 8949 2296 8950 8952
f 8952 8950 2298 8951
f 8942 8952 8951 2294
f 2296 8953 8956 8950
f 8953 579 8954 8956
f 8956 8954 2297 8955
f 8950 8956 8955 2298
f 2298 8955 8959 8958
f 8955 2297 8957 8959
f 8959 8957 545 8545
f 8958 8959 8545 2194
f 2294 8951 8960 8945
f 8951 2298 8958 8960
f 8960 8958 2194 8541
f 8945 8960 8541 544
f 579 8961 8964 8954
f 8961 2299 8962 8964
f 8964 8962 2301 8963
f 8954 8964 8963 2297
f 2299 8965 8968 8962
f 8965 580 8966 8968
f 8968 8966 2300 8967
f 8962 8968 8967 2301
f 2301 8967 8971 8970
f 8967 2300 8969 8971
f 8971 8969 546 8557
f 8970 8971 8557 2197
f 2297 8963 8972 8957
f 8963 2301 8970 8972
f 8972 8970 2197 8553
f 8957 8972 8553 545
f 580 8973 8976 8966
f 8973 2302 8974 8976
f 8976 8974 2304 8975
f 8966 8976 8975 2300
f 2302 8977 8980 8974
f 8977 581 8978 8980
f 8980 8978 2303 8979
f 8974 8980 8979 2304
f 2304 8979 8983 8982
f 8979 2303 8981 8983
f 8983 8981 547 8569
f 8982 8983 8569 2200
f 2300 8975 8984 8969
f 8975 2304 8982 8984
f 8984 8982 2200 8565
f 8969 8984 8565 546
f 581 8985 8988 8978
f 8985 2305 8986 8988
f 8988 8986 2306 8987
f 8978 8988 8987 2303
f 2305 8989 8991 8986
f 8989 567 8828 8991
f 8991 8828 2264 8990
f 8986 8991 8990 2306
f 2306 8990 8993 8992
f 8990 2264 8825 8993
f 8993 8825 533 8581
f 8992 8993 8581 2203
f 2303 8987 8994 8981
f 8987 2306 8992 8994
f 8994 8992 2203 8577
f 8981 8994 8577 547
f 582 8995 8998 8592
f 8995 2307 8996 8998
f 8998 8996 2310 8997
f 8592 8998 8997 2206
f 2307 8999 9002 8996
f 8999 616 9000 9002
f 9002 9000 2308 9001
f 8996 9002 9001 2310
f 2310 9001 9006 9005
f 9001 2308 9003 9006
f 9006 9003 586 9004
f 9005 9006 9004 2309
f 2206 8997 9008 8595
f 8997 2310 9005 9008
f 9008 9005 2309 9007
f 8595 9008 9007 552
f 582 8611 9011 8995
f 8611 2210 9009 9011
f 9011 9009 2313 9010
f 8995 9011 9010 2307
f 2210 8608 9014 9009
f 8608 553 9012 9014
f 9014 9012 2311 9013
f 9009 9014 9013 2313
f 2313 9013 9018 9017
f 9013 2311 9015 9018
f 9018 9015 587 9016
f 9017 9018 9016 2312
f 2307 9010 9020 8999
f 9010 2313 9017 9020
f 9020 9017 2312 9019
f 8999 9020 9019 616
f 583 8624 9024 9023
f 8624 2213 9021 9024
f 9024 9021 2317 9022
f 9023 9024 9022 2316
f 2213 8621 9027 9021
f 8621 568 9025 9027
f 9027 9025 2314 9026
f 9021 9027 9026 2317
f 2317 9026 9031 9030
f 9026 2314 9028 9031
f 9031 9028 602 9029
f 9030 9031 9029 2315
f 2316 9022 9034 9033
f 9022 2317 9030 9034
f 9034 9030 2315 9032
f 9033 9034 9032 617
f 583 9023 9037 8630
f 9023 2316 9035 9037
f 9037 9035 2320 9036
f 8630 9037 9036 2216
f 2316 9033 9040 9035
f 9033 617 9038 9040
f 9040 9038 2318 9039
f 9035 9040 9039 2320
f 2320 9039 9044 9043
f 9039 2318 9041 9044
f 9044 9041 604 9042
f 9043 9044 9042 2319
f 2216 9036 9046 8633
f 9036 2320 9043 9046
f 9046 9043 2319 9045
f 8633 9046 9045 570
f 585 2722 9050 9049
f 2722 711 9047 9050
f 9050 9047 2323 9048
f 9049 9050 9048 2322
f 711 2719 9053 9047
f 2719 584 9051 9053
f 9053 9051 2321 9052
f 9047 9053 9052 2323
f 2323 9052 9056 9055
f 9052 2321 9054 9056
f 9056 9054 550 8644
f 9055 9056 8644 2219
f 2322 9048 9058 9057
f 9048 2323 9055 9058
f 9058 9055 2219 8639
f 9057 9058 8639 551
f 585 9049 9061 2729
f 9049 2322 9059 9061
f 9061 9059 2324 9060
f 2729 9061 9060 714
f 2322 9057 9063 9059
f 9057 551 8655 9063
f 9063 8655 2223 9062
f 9059 9063 9062 2324
f 2324 9062 9065 9064
f 9062 2223 8661 9065
f 9065 8661 552 9007
f 9064 9065 9007 2309
f 714 9060 9066 2732
f 9060 2324 9064 9066
f 9066 9064 2309 9004
f 2732 9066 9004 586
f 587 9015 9069 3079
f 9015 2311 9067 9069
f 9069 9067 2326 9068
f 3079 9069 9068 808
f 2311 9012 9071 9067
f 9012 553 8665 9071
f 9071 8665 2226 9070
f 9067 9071 9070 2326
f 2326 9070 9074 9073
f 9070 2226 8673 9074
f 9074 8673 554 9072
f 9073 9074 9072 2325
f 808 9068 9076 3082
f 9068 2326 9073 9076
f 9076 9073 2325 9075
f 3082 9076 9075 588
f 588 9075 9079 3093
f 9075 2325 9077 9079
f 9079 9077 2328 9078
f 3093 9079 9078 812
f 2325 9072 9081 9077
f 9072 554 8677 9081
f 9081 8677 2229 9080
f 9077 9081 9080 2328
f 2328 9080 9084 9083
f 9080 2229 8685 9084
f 9084 8685 555 9082
f 9083 9084 9082 2327
f 812 9078 9086 3096
f 9078 2328 9083 9086
f 9086 9083 2327 9085
f 3096 9086 9085 589
f 589 9085 9089 3107
f 9085 2327 9087 9089
f 9089 9087 2330 9088
f 3107 9089 9088 816
f 2327 9082 9091 9087
f 9082 555 8689 9091
f 9091 8689 2232 9090
f 9087 9091 9090 2330
f 2330 9090 9094 9093
f 9090 2232 8697 9094
f 9094 8697 556 9092
f 9093 9094 9092 2329
f 816 9088 9096 3110
f 9088 2330 9093 9096
f 9096 9093 2329 9095
f 3110 9096 9095 590
f 590 9095 9099 3121
f 9095 2329 9097 9099
f 9099 9097 2332 9098
f 3121 9099 9098 820
f 2329 9092 9101 9097
f 9092 556 8701 9101
f 9101 8701 2235 9100
f 9097 9101 9100 2332
f 2332 9100 9104 9103
f 9100 2235 8709 9104
f 9104 8709 557 9102
f 9103 9104 9102 2331
f 820 9098 9106 3124
f 9098 2332 9103 9106
f 9106 9103 2331 9105
f 3124 9106 9105 591
f 591 9105 9109 3135
f 9105 2331 9107 9109
f 9109 9107 2334 9108
f 3135 9109 9108 824
f 2331 9102 9111 9107
f 9102 557 8713 9111
f 9111 8713 2238 9110
f 9107 9111 9110 2334
f 2334 9110 9114 9113
f 9110 2238 8721 9114
f 9114 8721 558 9112
f 9113 9114 9112 2333
f 824 9108 9116 3138
f 9108 2334 9113 9116
f 9116 9113 2333 9115
f 3138 9116 9115 592
f 592 9115 9119 3149
f 9115 2333 9117 9119
f 9119 9117 2336 9118
f 3149 9119 9118 828
f 2333 9112 9121 9117
f 9112 558 8725 9121
f 9121 8725 2241 9120
f 9117 9121 9120 2336
f 2336 9120 9124 9123
f 9120 2241 8733 9124
f 9124 8733 559 9122
f 9123 9124 9122 2335
f 828 9118 9126 3152
f 9118 2336 9123 9126
f 9126 9123 2335 9125
f 3152 9126 9125 593
f 593 9125 9129 3163
f 9125 2335 9127 9129
f 9129 9127 2338 9128
f 3163 9129 9128 832
f 2335 9122 9131 9127
f 9122 559 8737 9131
f 9131 8737 2244 9130
f 9127 9131 9130 2338
f 2338 9130 9134 9133
f 9130 2244 8745 9134
f 9134 8745 560 9132
f 9133 9134 9132 2337
f 832 9128 9136 3166
f 9128 2338 9133 9136
f 9136 9133 2337 9135
f 3166 9136 9135 594
f 594 9135 9139 3177
f 9135 2337 9137 9139
f 9139 9137 2340 9138
f 3177 9139 9138 836
f 2337 9132 9141 9137
f 9132 560 8749 9141
f 9141 8749 2247 9140
f 9137 9141 9140 2340
f 2340 9140 9144 9143
f 9140 2247 8757 9144
f 9144 8757 561 9142
f 9143 9144 9142 2339
f 836 9138 9146 3180
f 9138 2340 9143 9146
f 9146 9143 2339 9145
f 3180 9146 9145 595
f 595 9145 9149 3191
f 9145 2339 9147 9149
f 9149 9147 2342 9148
f 3191 9149 9148 840
f 2339 9142 9151 9147
f 9142 561 8761 9151
f 9151 8761 2250 9150
f 9147 9151 9150 2342
f 2342 9150 9154 9153
f 9150 2250 8769 9154
f 9154 8769 562 9152
f 9153 9154 9152 2341
f 840 9148 9156 3194
f 9148 2342 9153 9156
f 9156 9153 2341 9155
f 3194 9156 9155 596
f 596 9155 9159 3205
f 9155 2341 9157 9159
f 9159 9157 2344 9158
f 3205 9159 9158 844
f 2341 9152 9161 9157
f 9152 562 8773 9161
f 9161 8773 2253 9160
f 9157 9161 9160 2344
f 2344 9160 9164 9163
f 9160 2253 8781 9164
f 9164 8781 563 9162
f 9163 9164 9162 2343
f 844 9158 9166 3208
f 9158 2344 9163 9166
f 9166 9163 2343 9165
f 3208 9166 9165 597
f 597 9165 9169 3219
f 9165 2343 9167 9169
f 9169 9167 2346 9168
f 3219 9169 9168 848
f 2343 9162 9171 9167
f 9162 563 8785 9171
f 9171 8785 2256 9170
f 9167 9171 9170 2346
f 2346 9170 9174 9173
f 9170 2256 8793 9174
f 9174 8793 564 9172
f 9173 9174 9172 2345
f 848 9168 9176 3222
f 9168 2346 9173 9176
f 9176 9173 2345 9175
f 3222 9176 9175 598
f 598 9175 9179 3233
f 9175 2345 9177 9179
f 9179 9177 2348 9178
f 3233 9179 9178 852
f 2345 9172 9181 9177
f 9172 564 8797 9181
f 9181 8797 2259 9180
f 9177 9181 9180 2348
f 2348 9180 9184 9183
f 9180 2259 8805 9184
f 9184 8805 565 9182
f 9183 9184 9182 2347
f 852 9178 9186 3236
f 9178 2348 9183 9186
f 9186 9183 2347 9185
f 3236 9186 9185 599
f 599 9185 9189 3247
f 9185 2347 9187 9189
f 9189 9187 2349 9188
f 3247 9189 9188 856
f 2347 9182 9191 9187
f 9182 565 8809 9191
f 9191 8809 2261 9190
f 9187 9191 9190 2349
f 2349 9190 9193 9192
f 9190 2261 8815 9193
f 9193 8815 550 9054
f 9192 9193 9054 2321
f 856 9188 9194 3250
f 9188 2349 9192 9194
f 9194 9192 2321 9051
f 3250 9194 9051 584
f 600 9195 9198 5443
f 9195 2350 9196 9198
f 9198 9196 2352 9197
f 5443 9198 9197 1414
f 2350 9199 9201 9196
f 9199 566 8820 9201
f 9201 8820 2265 9200
f 9196 9201 9200 2352
f 2352 9200 9204 9203
f 9200 2265 8829 9204
f 9204 8829 567 9202
f 9203 9204 9202 2351
f 1414 9197 9206 5446
f 9197 2352 9203 9206
f 9206 9203 2351 9205
f 5446 9206 9205 601
f 600 5465 9209 9195
f 5465 1420 9207 9209
f 9209 9207 2353 9208
f 9195 9209 9208 2350
f 1420 5462 9211 9207
f 5462 602 9028 9211
f 9211 9028 2314 9210
f 9207 9211 9210 2353
f 2353 9210 9213 9212
f 9210 2314 9025 9213
f 9213 9025 568 8835
f 9212 9213 8835 2267
f 2350 9208 9214 9199
f 9208 2353 9212 9214
f 9214 9212 2267 8831
f 9199 9214 8831 566
f 604 5810 9217 9042
f 5810 1511 9215 9217
f 9217 9215 2355 9216
f 9042 9217 9216 2319
f 1511 5807 9220 9215
f 5807 603 9218 9220
f 9220 9218 2354 9219
f 9215 9220 9219 2355
f 2355 9219 9223 9222
f 9219 2354 9221 9223
f 9223 9221 569 8845
f 9222 9223 8845 2269
f 2319 9216 9224 9045
f 9216 2355 9222 9224
f 9224 9222 2269 8841
f 9045 9224 8841 570
f 603 5825 9227 9218
f 5825 1516 9225 9227
f 9227 9225 2357 9226
f 9218 9227 9226 2354
f 1516 5822 9230 9225
f 5822 605 9228 9230
f 9230 9228 2356 9229
f 9225 9230 9229 2357
f 2357 9229 9233 9232
f 9229 2356 9231 9233
f 9233 9231 571 8857
f 9232 9233 8857 2272
f 2354 9226 9234 9221
f 9226 2357 9232 9234
f 9234 9232 2272 8853
f 9221 9234 8853 569
f 605 5839 9237 9228
f 5839 1520 9235 9237
f 9237 9235 2359 9236
f 9228 9237 9236 2356
f 1520 5836 9240 9235
f 5836 606 9238 9240
f 9240 9238 2358 9239
f 9235 9240 9239 2359
f 2359 9239 9243 9242
f 9239 2358 9241 9243
f 9243 9241 572 8869
f 9242 9243 8869 2275
f 2356 9236 9244 9231
f 9236 2359 9242 9244
f 9244 9242 2275 8865
f 9231 9244 8865 571
f 606 5853 9247 9238
f 5853 1524 9245 9247
f 9247 9245 2361 9246
f 9238 9247 9246 2358
f 1524 5850 9250 9245
f 5850 607 9248 9250
f 9250 9248 2360 9249
f 9245 9250 9249 2361
f 2361 9249 9253 9252
f 9249 2360 9251 9253
f 9253 9251 573 8881
f 9252 9253 8881 2278
f 2358 9246 9254 9241
f 9246 2361 9252 9254
f 9254 9252 2278 8877
f 9241 9254 8877 572
f 607 5867 9257 9248
f 5867 1528 9255 9257
f 9257 9255 2363 9256
f 9248 9257 9256 2360
f 1528 5864 9260 9255
f 5864 608 9258 9260
f 9260 9258 2362 9259
f 9255 9260 9259 2363
f 2363 9259 9263 9262
f 9259 2362 9261 9263
f 9263 9261 574 8893
f 9262 9263 8893 2281
f 2360 9256 9264 9251
f 9256 2363 9262 9264
f 9264 9262 2281 8889
f 9251 9264 8889 573
f 608 5881 9267 9258
f 5881 1532 9265 9267
f 9267 9265 2365 9266
f 9258 9267 9266 2362
f 1532 5878 9270 9265
f 5878 609 9268 9270
f 9270 9268 2364 9269
f 9265 9270 9269 2365
f 2365 9269 9273 9272
f 9269 2364 9271 9273
f 9273 9271 575 8905
f 9272 9273 8905 2284
f 2362 9266 9274 9261
f 9266 2365 9272 9274
f 9274 9272 2284 8901
f 9261 9274 8901 574
f 609 5895 9277 9268
f 5895 1536 9275 9277
f 9277 9275 2367 9276
f 9268 9277 9276 2364
f 1536 5892 9280 9275
f 5892 610 9278 9280
f 9280 9278 2366 9279
f 9275 9280 9279 2367
f 2367 9279 9283 9282
f 9279 2366 9281 9283
f 9283 9281 576 8917
f 9282 9283 8917 2287
f 2364 9276 9284 9271
f 9276 2367 9282 9284
f 9284 9282 2287 8913
f 9271 9284 8913 575
f 610 5909 9287 9278
f 5909 1540 9285 9287
f 9287 9285 2369 9286
f 9278 9287 9286 2366
f 1540 5906 9290 9285
f 5906 611 9288 9290
f 9290 9288 2368 9289
f 9285 9290 9289 2369
f 2369 9289 9293 9292
f 9289 2368 9291 9293
f 9293 9291 577 8929
f 9292 9293 8929 2290
f 2366 9286 9294 9281
f 9286 2369 9292 9294
f 9294 9292 2290 8925
f 9281 9294 8925 576
f 611 5923 9297 9288
f 5923 1544 9295 9297
f 9297 9295 2371 9296
f 9288 9297 9296 2368
f 1544 5920 9300 9295
f 5920 612 9298 9300
f 9300 9298 2370 9299
f 9295 9300 9299 2371
f 2371 9299 9303 9302
f 9299 2370 9301 9303
f 9303 9301 578 8941
f 9302 9303 8941 2293
f 2368 9296 9304 9291
f 9296 2371 9302 9304
f 9304 9302 2293 8937
f 9291 9304 8937 577
f 612 5937 9307 9298
f 5937 1548 9305 9307
f 9307 9305 2373 9306
f 9298 9307 9306 2370
f 1548 5934 9310 9305
f 5934 613 9308 9310
f 9310 9308 2372 9309
f 9305 9310 9309 2373
f 2373 9309 9313 9312
f 9309 2372 9311 9313
f 9313 9311 579 8953
f 9312 9313 8953 2296
f 2370 9306 9314 9301
f 9306 2373 9312 9314
f 9314 9312 2296 8949
f 9301 9314 8949 578
f 613 5951 9317 9308
f 5951 1552 9315 9317
f 9317 9315 2375 9316
f 9308 9317 9316 2372
f 1552 5948 9320 9315
f 5948 614 9318 9320
f 9320 9318 2374 9319
f 9315 9320 9319 2375
f 2375 9319 9323 9322
f 9319 2374 9321 9323
f 9323 9321 580 8965
f 9322 9323 8965 2299
f 2372 9316 9324 9311
f 9316 2375 9322 9324
f 9324 9322 2299 8961
f 9311 9324 8961 579
f 614 5965 9327 9318
f 5965 1556 9325 9327
f 9327 9325 2377 9326
f 9318 9327 9326 2374
f 1556 5962 9330 9325
f 5962 615 9328 9330
f 9330 9328 2376 9329
f 9325 9330 9329 2377
f 2377 9329 9333 9332
f 9329 2376 9331 9333
f 9333 9331 581 8977
f 9332 9333 8977 2302
f 2374 9326 9334 9321
f 9326 2377 9332 9334
f 9334 9332 2302 8973
f 9321 9334 8973 580
f 615 5977 9337 9328
f 5977 1559 9335 9337
f 9337 9335 2378 9336
f 9328 9337 9336 2376
f 1559 5974 9339 9335
f 5974 601 9205 9339
f 9339 9205 2351 9338
f 9335 9339 9338 2378
f 2378 9338 9341 9340
f 9338 2351 9202 9341
f 9341 9202 567 8989
f 9340 9341 8989 2305
f 2376 9336 9342 9331
f 9336 2378 9340 9342
f 9342 9340 2305 8985
f 9331 9342 8985 581
f 616 9343 9346 9000
f 9343 2379 9344 9346
f 9346 9344 2381 9345
f 9000 9346 9345 2308
f 2379 9347 9350 9344
f 9347 84 9348 9350
f 9350 9348 2380 9349
f 9344 9350 9349 2381
f 2381 9349 9353 9352
f 9349 2380 9351 9353
f 9353 9351 57 2736
f 9352 9353 2736 715
f 2308 9345 9354 9003
f 9345 2381 9352 9354
f 9354 9352 715 2733
f 9003 9354 2733 586
f 616 9019 9357 9343
f 9019 2312 9355 9357
f 9357 9355 2383 9356
f 9343 9357 9356 2379
f 2312 9016 9359 9355
f 9016 587 3078 9359
f 9359 3078 807 9358
f 9355 9359 9358 2383
f 2383 9358 9362 9361
f 9358 807 3073 9362
f 9362 3073 87 9360
f 9361 9362 9360 2382
f 2379 9356 9364 9347
f 9356 2383 9361 9364
f 9364 9361 2382 9363
f 9347 9364 9363 84
f 617 9032 9368 9367
f 9032 2315 9365 9368
f 9368 9365 2386 9366
f 9367 9368 9366 2385
f 2315 9029 9370 9365
f 9029 602 5461 9370
f 9370 5461 1419 9369
f 9365 9370 9369 2386
f 2386 9369 9373 9372
f 9369 1419 5458 9373
f 9373 5458 299 9371
f 9372 9373 9371 2384
f 2385 9366 9376 9375
f 9366 2386 9372 9376
f 9376 9372 2384 9374
f 9375 9376 9374 325
f 617 9367 9379 9038
f 9367 2385 9377 9379
f 9379 9377 2388 9378
f 9038 9379 9378 2318
f 2385 9375 9382 9377
f 9375 325 9380 9382
f 9382 9380 2387 9381
f 9377 9382 9381 2388
f 2388 9381 9385 9384
f 9381 2387 9383 9385
f 9385 9383 328 5800
f 9384 9385 5800 1512
f 2318 9378 9386 9041
f 9378 2388 9384 9386
f 9386 9384 1512 5811
f 9041 9386 5811 604
